rank,ticker,name,sector,industry,category,mcap_B,current_price,entry_level,fundamental,technical,visibility,corr_penalty,corr_status,leverage_penalty,lev_status,nd_ebitda,dte_pct,broken_base,composite,fwd_pe,fcf_yield_pct,rev_growth_pct,gross_margin_pct,roe_pct,rsi,ma200_dist_pct,rel_str_6m_pct,portfolio_corr,max_corr,max_corr_with,corr_null_reason,n_corr_obs,technical_precap,visibility_legacy,data_flags,in_portfolio
1,TSM,Taiwan Semiconductor Manufactu,Technology,Semiconductors,Growth,2091.8,403.31,424.79,24.0,18.4,21.0,-2.0,ok,0.0,ok,-0.8,,False,61.4,18.7,,36.0,64.2,40.0,39.0,13.5,12.7,0.579,0.663,NVDA,,126,18.4,21.0,fcf_yield_out_of_range(35.3),False
2,GEV,GE Vernova Inc.,Industrials,Specialty Industrial Machinery,Compounder,261.5,981.98,1025.25,20.0,18.0,23.0,0.0,ok,0.0,ok,-2.29,,False,61.0,39.4,6.0,21.9,20.6,82.6,39.0,17.7,30.2,0.39,0.48,AVGO,,126,18.0,23.0,,False
3,AVGO,Broadcom Inc.,Technology,Semiconductors,Growth,1845.2,387.84,395.74,20.0,18.0,22.0,0.0,ok,-0.5,ok,1.08,,False,59.5,19.9,1.5,47.9,76.3,37.3,45.0,6.2,10.8,0.429,0.534,NVDA,,126,18.0,22.0,,True
4,ANET,"Arista Networks, Inc.",Technology,Computer Hardware,Growth,215.3,171.02,165.81,21.5,15.9,20.0,0.0,ok,0.0,ok,-2.92,,False,57.4,38.3,2.0,35.1,63.5,31.5,36.9,17.4,8.7,0.485,0.597,AVGO,,126,15.9,20.0,,False
5,NVDA,NVIDIA Corporation,Technology,Semiconductors,Growth,4724.1,195.04,206.57,20.0,18.6,20.0,-2.0,ok,0.0,ok,-0.24,,False,56.6,15.2,1.0,85.2,74.1,114.3,37.4,1.0,-5.4,0.556,0.534,AVGO,,126,18.6,20.0,,True
6,GOOG,Alphabet Inc.,Communication Services,Internet Content & Information,Compounder,4080.9,333.68,357.27,19.0,16.8,20.0,0.0,ok,0.0,ok,-0.7,,False,55.8,22.6,0.6,24.2,60.9,48.7,39.9,2.7,-8.1,0.284,0.303,BMNR,,126,16.8,20.0,,True
7,NOC,Northrop Grumman Corporation,Industrials,Aerospace & Defense,Compounder,76.0,534.85,535.58,16.0,17.8,21.0,0.0,ok,-1.5,ok,2.03,,False,53.3,17.6,3.3,5.1,20.1,27.0,47.4,-11.7,-29.6,-0.077,0.227,AVGO,,126,17.8,21.0,,False
8,VRT,"Vertiv Holdings, LLC",Industrials,Electrical Equipment & Parts,Compounder,87.4,227.5,307.36,20.5,12.0,20.0,0.0,ok,0.0,ok,0.06,,True,52.5,25.2,3.1,24.1,38.0,43.9,16.9,-7.5,9.9,0.315,0.491,AVGO,,126,20.9,20.0,,False
9,POWL,"Powell Industries, Inc.",Industrials,Electrical Equipment & Parts,Speculative,7.6,209.3,265.03,13.5,20.3,18.0,0.0,ok,0.0,ok,-2.34,,False,51.8,30.4,1.9,6.5,30.1,29.9,42.2,10.1,30.8,0.307,0.418,AVGO,,126,20.3,18.0,,False
10,TLN,Talen Energy Corporation,Utilities,Utilities - Independent Power ,Growth,15.9,332.54,375.72,19.0,18.7,19.0,0.0,ok,-5.0,ok,8.86,,False,51.7,11.7,8.7,96.7,40.1,-1.9,33.4,-9.4,-14.9,0.38,0.412,AVGO,,126,18.7,19.0,,False
11,ETN,"Eaton Corporation, PLC",Industrials,Specialty Industrial Machinery,Core,150.2,386.89,402.57,16.0,19.0,19.0,0.0,ok,-2.5,ok,3.32,,False,51.5,24.5,1.8,16.8,37.1,20.8,42.4,3.8,3.1,0.358,0.495,AVGO,,126,19.0,19.0,,False
12,CEG,Constellation Energy Corporati,Utilities,Utilities - Independent Power ,Growth,94.1,263.56,263.16,14.0,16.5,21.0,0.0,ok,-1.5,ok,2.71,,False,50.0,19.7,-4.8,63.8,23.3,16.1,59.8,-14.4,-14.8,0.258,0.315,BMNR,,126,16.5,21.0,,False
13,MSFT,Microsoft Corporation,Technology,Software - Infrastructure,Core,3351.0,451.1,428.55,18.0,14.0,18.0,0.0,ok,0.0,ok,0.26,,False,50.0,19.5,1.1,18.3,68.3,34.0,73.6,4.1,-2.4,0.333,0.42,BMNR,,126,14.0,18.0,,True
14,UBER,"Uber Technologies, Inc.",Technology,Software - Application,Core,143.2,70.37,71.89,21.0,18.9,10.0,0.0,ok,0.0,ok,0.9,,False,49.9,15.9,4.6,14.5,39.6,35.3,38.8,-10.6,-20.6,0.269,0.282,GOOG,,126,18.9,15.0,,False
15,PTC,PTC Inc.,Technology,Software - Application,Core,15.7,136.3,129.49,24.0,15.8,10.0,0.0,ok,0.0,ok,0.71,,False,49.8,15.4,6.3,21.7,84.7,34.4,62.3,-11.7,-17.9,0.186,0.459,MSFT,,126,15.8,17.0,,False
16,LMT,Lockheed Martin Corporation,Industrials,Aerospace & Defense,Compounder,132.5,574.11,545.4,18.0,10.3,22.0,0.0,ok,-0.5,ok,1.73,,False,49.8,17.5,4.2,10.5,11.8,89.2,72.3,5.8,-14.0,-0.101,0.119,AVGO,,126,10.3,22.0,,False
17,CINF,Cincinnati Financial Corporati,Financial Services,Insurance - Property & Casualt,Growth,26.8,174.73,174.06,22.0,17.4,10.0,0.0,ok,0.0,financial_na,,,False,49.4,19.2,11.1,31.6,31.1,21.5,44.1,6.1,4.4,-0.213,0.327,AVGO,,126,17.4,14.0,,False
18,GD,General Dynamics Corporation,Industrials,Aerospace & Defense,Compounder,103.4,382.2,363.09,14.5,13.6,21.0,0.0,ok,0.0,ok,0.48,,False,49.1,20.7,4.6,8.1,15.1,17.8,56.3,9.9,3.0,0.049,0.125,BMNR,,126,13.6,21.0,,False
19,CRDO,Credo Technology Group Holding,Technology,Semiconductors,Growth,37.5,201.08,233.08,20.0,18.9,10.0,0.0,ok,0.0,ok,-2.96,,False,48.9,22.2,0.7,157.0,68.0,34.4,33.5,21.3,48.6,0.427,0.522,AVGO,,126,18.9,15.0,,False
20,DECK,Deckers Outdoor Corporation,Consumer Cyclical,Footwear & Accessories,Core,13.6,99.69,105.92,20.5,18.2,10.0,0.0,ok,0.0,ok,-0.85,,False,48.7,11.9,,5.7,57.8,42.6,39.7,-2.4,-6.9,0.181,0.266,GOOG,,126,18.2,12.0,,False
21,AMZN,"Amazon.com, Inc.",Consumer Cyclical,Internet Retail,Core,2533.3,235.5,246.38,16.0,17.7,17.0,-2.0,ok,0.0,ok,0.59,,False,48.7,23.7,0.4,16.6,50.6,24.3,40.6,0.3,-9.3,0.561,0.598,GOOG,,126,17.7,17.0,,False
22,AXP,American Express Company,Financial Services,Credit Services,Core,227.9,337.52,333.01,21.5,17.1,10.0,0.0,ok,0.0,financial_na,,,False,48.6,16.8,,12.8,62.3,34.4,40.4,-0.3,-12.3,0.371,0.338,BMNR,,126,17.1,18.0,,False
23,ADSK,"Autodesk, Inc.",Technology,Software - Application,Core,49.6,234.97,223.22,23.0,15.6,10.0,0.0,ok,0.0,ok,-0.09,,False,48.6,16.5,6.2,18.4,92.4,50.4,64.8,-7.6,-14.8,0.175,0.383,MSFT,,126,15.6,17.0,,False
24,ADBE,Adobe Inc.,Technology,Software - Application,Core,98.5,247.9,235.5,23.0,15.4,10.0,0.0,ok,0.0,ok,0.15,,False,48.4,9.0,9.4,12.7,89.4,63.0,59.7,-10.5,-21.7,0.174,0.414,MSFT,,126,15.4,17.0,,False
25,SPGI,S&P Global Inc.,Financial Services,Financial Data & Stock Exchang,Core,122.3,415.0,423.37,19.5,18.8,10.0,0.0,ok,0.0,financial_na,,,False,48.3,20.5,4.5,10.4,70.9,14.3,42.9,-9.1,-28.0,0.174,0.323,MSFT,,126,18.8,16.0,,False
26,RMD,ResMed Inc.,Healthcare,Medical Instruments & Supplies,Core,30.3,208.56,199.16,21.0,17.3,10.0,0.0,ok,0.0,ok,-0.39,,False,48.3,17.3,4.8,10.8,62.2,25.2,53.9,-9.9,-25.3,0.018,0.269,GOOG,,126,17.3,17.0,,False
27,FSLR,"First Solar, Inc.",Technology,Solar,Core,22.1,206.01,245.38,19.5,18.7,10.0,0.0,ok,0.0,ok,-0.81,,False,48.2,8.8,5.2,23.6,41.7,18.4,30.2,-12.1,-14.8,0.291,0.294,AVGO,,126,18.7,14.0,,False
28,GDDY,GoDaddy Inc.,Technology,Software - Infrastructure,Core,13.2,99.33,94.36,22.0,16.6,10.0,0.0,ok,-0.5,ok,1.93,,False,48.1,9.2,10.2,6.1,63.8,398.2,63.0,-1.5,-6.6,0.015,0.238,MSFT,,126,16.6,17.0,,False
29,NEM,Newmont Corporation,Basic Materials,Gold,Cyclical,100.9,95.76,99.02,22.0,16.1,10.0,0.0,ok,0.0,ok,-0.2,,False,48.1,9.0,8.7,15.1,68.0,25.9,50.9,-8.0,-31.1,0.431,0.445,BMNR,,126,16.1,13.0,,False
30,NFLX,"Netflix, Inc.",Communication Services,Entertainment,Core,304.7,73.17,77.46,23.0,15.0,10.0,0.0,ok,0.0,ok,0.51,,False,48.0,19.2,8.3,13.4,49.1,49.5,49.3,-20.1,-18.7,0.124,0.206,MSFT,,126,15.0,14.0,,False
31,META,"Meta Platforms, Inc.",Communication Services,Internet Content & Information,Growth,1368.3,539.03,603.1,19.0,12.0,17.0,0.0,ok,0.0,ok,0.05,,True,48.0,14.7,1.9,33.1,81.9,32.9,13.7,-15.1,-33.7,0.284,0.357,NVDA,,126,15.7,15.0,,False
32,TPR,"Tapestry, Inc.",Consumer Cyclical,Luxury Goods,Core,30.8,152.58,144.95,23.0,15.1,10.0,0.0,ok,-0.5,ok,1.45,,False,47.6,19.5,5.0,21.2,76.2,60.9,65.0,13.5,13.4,0.22,0.264,GOOG,,126,15.1,13.0,,False
33,BX,Blackstone Inc.,Financial Services,Asset Management,Core,159.4,128.07,121.67,22.5,15.1,10.0,0.0,ok,0.0,financial_na,,,False,47.6,17.2,,28.6,100.0,31.4,57.8,-1.8,-15.2,0.361,0.371,BMNR,,126,15.1,16.0,,False
34,BRO,"Brown & Brown, Inc.",Financial Services,Insurance Brokers,Growth,23.7,70.87,67.33,21.5,15.8,10.0,0.0,ok,0.0,financial_na,,,False,47.3,14.7,6.9,32.4,56.3,10.0,56.7,0.1,-7.9,-0.192,0.382,AVGO,,126,15.8,15.0,,False
35,SNDK,Sandisk Corporation,Technology,Computer Hardware,Growth,189.5,1279.96,1712.58,20.0,17.3,10.0,0.0,ok,0.0,ok,-0.63,,False,47.3,6.0,1.2,251.0,56.0,39.3,32.7,52.8,130.6,0.339,0.428,AVGO,,126,17.3,14.0,,False
36,CSCO,"Cisco Systems, Inc.",Technology,Communication Equipment,Core,447.6,113.56,117.66,19.5,17.8,10.0,0.0,ok,0.0,ok,0.96,,False,47.3,23.7,2.1,12.0,64.3,25.2,34.0,27.7,38.9,0.234,0.353,AVGO,,126,17.8,15.0,,False
37,ORCL,Oracle Corporation,Technology,Software - Infrastructure,Core,367.4,127.56,165.95,17.5,16.2,19.0,-2.0,ok,-3.5,ok,4.44,,False,47.2,11.7,-6.7,20.6,65.8,53.4,40.3,-30.5,-31.0,0.624,0.542,MSFT,,126,16.2,19.0,,False
38,ESTC,Elastic N.V.,Technology,Software - Application,Speculative,6.7,64.25,61.04,22.0,15.2,10.0,0.0,ok,0.0,neg_ebitda_low_debt,,,False,47.2,16.6,6.9,16.0,76.2,33.4,61.9,-0.4,-11.8,0.396,0.556,MSFT,,126,15.2,17.0,,False
39,GILD,"Gilead Sciences, Inc.",Healthcare,Drug Manufacturers - General,Core,163.0,131.28,129.74,21.0,16.2,10.0,0.0,ok,0.0,ok,0.84,,False,47.2,13.6,4.9,4.4,79.4,43.4,52.9,0.1,-12.1,0.011,0.087,GOOG,,126,16.2,17.0,,False
40,TER,"Teradyne, Inc.",Technology,Semiconductor Equipment & Mate,Growth,57.2,365.49,379.52,20.0,17.1,10.0,0.0,ok,0.0,ok,-0.17,,False,47.1,31.6,0.8,103.9,59.2,36.5,51.3,26.8,38.4,0.405,0.494,AVGO,,126,17.1,14.0,,False
41,MAS,Masco Corporation,Industrials,Building Products & Equipment,Core,14.2,72.11,74.74,20.0,17.6,10.0,0.0,ok,-0.5,ok,1.95,,False,47.1,15.4,6.3,-2.9,37.2,5862.5,38.3,5.5,2.5,0.172,0.186,GOOG,,126,17.6,14.0,,False
42,MS,Morgan Stanley,Financial Services,Capital Markets,Core,330.2,210.06,213.97,19.5,17.5,10.0,0.0,ok,0.0,financial_na,,,False,47.0,15.4,,28.0,87.6,,39.1,14.7,9.7,0.497,0.47,BMNR,,126,17.5,16.0,,False
43,TPL,Texas Pacific Land Corporation,Energy,Oil & Gas E&P,Cyclical,27.2,394.25,395.46,18.0,19.0,10.0,0.0,ok,0.0,ok,-0.33,,False,47.0,5.4,-0.2,20.8,93.2,36.5,48.4,2.6,5.0,0.003,0.11,GOOG,,126,19.0,14.0,,False
44,TXN,Texas Instruments Incorporated,Technology,Semiconductors,Core,254.6,278.76,298.68,19.0,18.0,10.0,0.0,ok,0.0,ok,0.74,,False,47.0,26.8,1.4,22.8,58.3,35.2,30.0,24.0,22.1,0.194,0.361,AVGO,,126,18.0,14.0,,False
45,INCY,Incyte Corporation,Healthcare,Biotechnology,Growth,24.9,122.99,116.84,23.0,13.9,10.0,0.0,ok,0.0,ok,-2.32,,False,46.9,14.0,4.7,37.7,55.7,30.7,60.0,21.7,15.0,0.004,0.118,AVGO,,126,13.9,16.0,,False
46,TTD,"The Trade Desk, Inc.",Communication Services,Advertising Agencies,Speculative,8.6,18.28,19.41,20.5,16.4,10.0,0.0,ok,0.0,ok,-1.38,,False,46.9,8.5,6.6,11.8,77.8,16.7,41.5,-37.9,-48.2,0.259,0.358,MSFT,,126,16.4,15.0,,False
47,NOW,"ServiceNow, Inc.",Technology,Software - Application,Core,113.8,110.07,105.44,19.5,17.9,10.0,0.0,ok,-0.5,ok,1.31,,False,46.9,22.0,4.5,24.0,74.8,14.2,52.1,-12.1,-12.4,0.297,0.558,MSFT,,126,17.9,17.0,,False
48,KEYS,Keysight Technologies Inc.,Technology,Scientific & Technical Instrum,Growth,53.4,312.69,333.72,19.0,17.9,10.0,0.0,ok,0.0,ok,0.25,,False,46.9,26.2,2.0,31.5,62.1,18.2,44.5,16.6,34.7,0.282,0.394,AVGO,,126,17.9,15.0,,False
49,RTX,RTX Corporation,Industrials,Aerospace & Defense,Compounder,288.9,214.38,203.66,15.5,10.9,21.0,0.0,ok,-0.5,ok,1.92,,False,46.9,27.4,3.4,14.5,20.3,12.3,73.6,14.5,0.9,-0.019,0.122,AVGO,,126,10.9,21.0,,False
50,KMB,Kimberly-Clark Corporation,Consumer Defensive,Household & Personal Products,Core,36.6,110.19,105.08,18.5,18.8,10.0,0.0,ok,-0.5,ok,1.96,,False,46.8,14.6,2.9,2.7,37.1,111.7,44.7,7.2,6.3,-0.127,0.242,AVGO,,126,18.8,16.0,,False
51,ALGN,"Align Technology, Inc.",Healthcare,Medical Instruments & Supplies,Core,12.4,173.41,173.47,18.5,18.3,10.0,0.0,ok,0.0,ok,-1.07,,False,46.8,13.9,4.3,6.2,69.9,10.8,43.3,4.1,-1.1,0.298,0.279,GOOG,,126,18.3,17.0,,False
52,GEN,Gen Digital Inc.,Technology,Software - Infrastructure,Core,16.3,27.29,25.93,24.0,15.3,10.0,0.0,ok,-2.5,ok,3.29,,False,46.8,8.3,8.7,27.0,78.5,39.9,61.2,13.2,8.7,0.378,0.432,MSFT,,126,15.3,17.0,,False
53,AOS,A.O. Smith Corporation,Industrials,Specialty Industrial Machinery,Speculative,8.2,59.81,59.32,19.0,17.7,10.0,0.0,ok,0.0,ok,0.57,,False,46.7,14.4,6.0,-1.9,38.8,28.3,47.8,-8.7,-19.7,-0.031,0.22,MSFT,,124,17.7,14.0,,False
54,PG,Procter & Gamble Company (The),Consumer Defensive,Household & Personal Products,Core,335.2,143.96,147.27,18.5,18.7,10.0,0.0,ok,-0.5,ok,1.06,,False,46.7,19.4,3.5,1.5,50.2,30.3,43.1,-2.0,-10.0,-0.151,0.222,AVGO,,126,18.7,17.0,,False
55,WDC,Western Digital Corporation,Technology,Computer Hardware,Growth,183.7,533.04,559.51,20.0,16.6,10.0,0.0,ok,0.0,ok,-0.39,,False,46.6,28.4,1.1,45.5,45.4,85.9,43.6,61.7,84.8,0.435,0.518,AVGO,,126,16.6,14.0,,False
56,MO,"Altria Group, Inc.",Consumer Defensive,Tobacco,Core,113.5,67.94,71.92,19.0,18.0,10.0,0.0,ok,-0.5,ok,1.33,,False,46.5,11.6,7.5,5.3,87.4,,39.8,5.0,8.9,-0.406,0.413,NVDA,,126,18.0,18.0,,False
57,TMUS,"T-Mobile US, Inc.",Communication Services,Telecom Services,Core,185.9,173.34,183.91,19.5,19.5,10.0,0.0,ok,-2.5,ok,3.42,,False,46.5,12.0,6.1,7.9,63.1,18.0,38.8,-12.8,-14.7,-0.235,0.231,NVDA,,126,19.5,17.0,,False
58,TT,Trane Technologies plc,Industrials,Building Products & Equipment,Core,97.3,440.28,469.38,18.5,18.0,10.0,0.0,ok,0.0,ok,0.84,,False,46.5,25.8,2.7,6.0,35.9,36.6,24.6,0.3,-3.1,0.163,0.364,NVDA,,126,18.0,14.0,,False
59,STZ,"Constellation Brands, Inc.",Consumer Defensive,Beverages - Brewers,Core,22.3,130.38,138.44,20.0,19.0,10.0,0.0,ok,-2.5,ok,3.02,,False,46.5,10.5,9.9,-3.3,52.7,23.7,42.8,-9.6,-21.9,-0.141,0.209,BMNR,,126,19.0,17.0,,False
60,FDS,FactSet Research Systems Inc.,Financial Services,Financial Data & Stock Exchang,Speculative,9.4,263.03,249.88,21.0,15.5,10.0,0.0,ok,0.0,financial_na,,,False,46.5,13.4,6.6,6.4,51.4,27.0,56.7,6.5,-2.1,0.089,0.403,MSFT,,126,15.5,15.0,,False
61,LRCX,Lam Research Corporation,Technology,Semiconductor Equipment & Mate,Core,372.3,297.72,337.53,19.0,17.5,10.0,0.0,ok,0.0,ok,-0.13,,False,46.5,26.2,1.2,23.8,50.0,66.8,37.3,24.0,13.4,0.467,0.565,AVGO,,126,17.5,14.0,,False
62,MU,"Micron Technology, Inc.",Technology,Semiconductors,Growth,987.8,874.66,962.36,20.0,16.5,10.0,0.0,ok,0.0,ok,-0.29,,False,46.5,5.7,0.8,345.7,72.6,66.6,43.2,69.9,94.1,0.4,0.504,AVGO,,126,16.5,15.0,,False
63,HSY,The Hershey Company,Consumer Defensive,Confectioners,Core,35.9,177.23,180.02,20.0,17.9,10.0,0.0,ok,-1.5,ok,2.13,,False,46.4,18.0,4.2,10.6,35.0,23.2,55.0,-6.8,-12.4,-0.249,0.274,AVGO,,126,17.9,16.0,,False
64,PGR,Progressive Corporation (The),Financial Services,Insurance - Property & Casualt,Core,124.0,213.28,210.5,18.0,18.4,10.0,0.0,ok,0.0,financial_na,,,False,46.4,13.1,,7.3,18.5,34.9,37.5,2.9,-4.3,-0.321,0.364,AVGO,,126,18.4,14.0,,False
65,LITE,Lumentum Holdings Inc.,Technology,Communication Equipment,Growth,53.9,693.24,829.67,18.0,18.4,10.0,0.0,ok,0.0,ok,0.28,,False,46.4,37.8,0.2,90.1,40.8,22.8,41.7,15.9,75.0,0.277,0.387,AVGO,,126,18.4,14.0,,False
66,ARES,Ares Management Corporation,Financial Services,Asset Management,Core,40.9,124.12,123.64,19.5,16.9,10.0,0.0,ok,0.0,financial_na,,,False,46.4,17.2,4.3,28.3,37.6,14.2,54.6,-6.7,-23.8,0.398,0.391,BMNR,,126,16.9,14.0,,False
67,LVS,Las Vegas Sands Corp.,Consumer Cyclical,Resorts & Casinos,Core,32.3,49.87,48.23,21.0,16.8,10.0,0.0,ok,-1.5,ok,2.57,,False,46.3,14.0,6.9,-0.7,79.3,122.9,68.1,-10.0,-11.1,0.366,0.471,MSFT,,126,16.8,13.0,,False
68,MCO,Moody's Corporation,Financial Services,Financial Data & Stock Exchang,Core,83.5,482.26,467.06,20.5,15.8,10.0,0.0,ok,0.0,financial_na,,,False,46.3,25.6,3.1,15.1,75.0,76.9,47.5,2.6,-12.7,0.215,0.325,MSFT,,126,15.8,16.0,,False
69,EBAY,eBay Inc.,Consumer Cyclical,Internet Retail,Core,50.4,113.52,111.61,20.5,16.2,10.0,0.0,ok,-0.5,ok,1.12,,False,46.2,16.8,2.4,19.5,71.8,42.9,43.2,17.9,13.9,0.233,0.333,GOOG,,126,16.2,13.0,,False
70,LLY,Eli Lilly and Company,Healthcare,Drug Manufacturers - General,Growth,1029.9,1154.97,1144.77,20.0,16.6,10.0,0.0,ok,-0.5,ok,1.05,,False,46.1,25.6,0.9,55.5,82.8,107.5,43.5,13.1,6.4,-0.014,0.187,GOOG,,126,16.6,17.0,,False
71,CL,Colgate-Palmolive Company,Consumer Defensive,Household & Personal Products,Core,73.3,91.6,90.86,21.0,15.6,10.0,0.0,ok,-0.5,ok,1.33,,False,46.1,22.6,4.5,8.4,60.1,363.6,48.2,7.2,1.4,-0.17,0.304,AVGO,,126,15.6,18.0,,False
72,KLAC,KLA Corporation,Technology,Semiconductor Equipment & Mate,Core,235.6,180.33,834.58,20.0,16.0,10.0,0.0,ok,0.0,ok,0.16,,False,46.0,27.6,,15.2,61.3,87.5,27.9,-85.9,-96.0,0.184,0.268,AVGO,,126,16.0,15.0,,False
73,JBL,Jabil Inc.,Technology,Electronic Components,Core,32.3,308.52,348.17,16.5,20.0,10.0,0.0,ok,-0.5,ok,1.08,,False,46.0,18.4,3.7,11.8,9.2,65.9,40.7,11.2,19.8,0.478,0.552,AVGO,,126,20.0,13.0,,False
74,PATH,"UiPath, Inc.",Technology,Software - Infrastructure,Speculative,6.4,12.37,11.75,20.5,15.5,10.0,0.0,ok,0.0,ok,-9.9,,False,46.0,13.6,8.0,17.3,83.0,18.2,56.8,-3.4,-13.4,0.292,0.47,MSFT,,126,15.5,17.0,,False
75,RL,Ralph Lauren Corporation,Consumer Cyclical,Apparel Manufacturing,Core,23.0,385.91,383.83,20.5,15.4,10.0,0.0,ok,0.0,ok,0.62,,False,45.9,18.9,2.9,16.6,69.9,34.7,45.7,7.4,2.3,0.311,0.308,BMNR,,126,15.4,13.0,,False
76,CIEN,Ciena Corporation,Technology,Communication Equipment,Growth,52.7,372.07,466.81,15.5,20.4,10.0,0.0,ok,0.0,ok,0.48,,False,45.9,38.6,1.3,39.5,43.0,15.5,33.2,6.2,40.0,0.341,0.508,AVGO,,126,20.4,14.0,,False
77,LULU,lululemon athletica inc.,Consumer Cyclical,Apparel Retail,Core,13.6,119.47,118.71,21.0,14.9,10.0,0.0,ok,0.0,ok,0.24,,False,45.9,10.6,8.4,4.3,55.7,32.0,50.4,-25.0,-37.5,0.358,0.385,MSFT,,126,14.9,12.0,,False
78,MKC,"McCormick & Company, Incorpora",Consumer Defensive,Packaged Foods,Core,13.7,50.96,49.5,20.0,18.4,10.0,0.0,ok,-2.5,ok,3.17,,False,45.9,15.4,5.2,16.7,38.9,24.7,44.4,-12.4,-22.9,-0.172,0.265,NVDA,,126,18.4,16.0,,False
79,GOOGL,Alphabet Inc.,Communication Services,Internet Content & Information,Core,4080.6,333.66,359.37,19.0,16.9,10.0,0.0,ok,0.0,ok,-0.7,,False,45.9,22.6,0.6,24.2,60.9,48.7,39.2,2.5,-8.0,0.49,0.995,GOOG,,126,16.9,15.0,,False
80,ALAB,"Astera Labs, Inc.",Technology,Semiconductors,Growth,51.4,299.69,353.87,19.0,16.9,10.0,0.0,ok,0.0,ok,-4.9,,False,45.9,65.7,0.5,93.4,76.0,21.1,28.8,44.8,80.0,0.485,0.548,AVGO,,126,16.9,15.0,,False
81,IDXX,"IDEXX Laboratories, Inc.",Healthcare,Diagnostics & Research,Core,44.1,558.8,556.85,18.0,17.8,10.0,0.0,ok,0.0,ok,0.59,,False,45.8,33.8,1.8,14.3,62.1,72.9,48.3,-10.0,-24.1,0.236,0.312,GOOG,,126,17.8,17.0,,False
82,HBAN,Huntington Bancshares Incorpor,Financial Services,Banks - Regional,Growth,34.5,17.08,17.17,18.0,17.8,10.0,0.0,ok,0.0,financial_na,,,False,45.8,9.1,,47.6,0.0,9.0,38.7,2.6,-6.9,0.173,0.243,GOOG,,126,17.8,14.0,,False
83,ZTS,Zoetis Inc.,Healthcare,Drug Manufacturers - Specialty,Core,31.9,76.03,77.22,21.0,15.2,10.0,0.0,ok,-0.5,ok,1.8,,False,45.7,10.3,5.6,2.9,71.8,67.7,51.9,-31.0,-44.0,0.04,0.134,GOOG,,126,15.2,17.0,,False
84,DXCM,"DexCom, Inc.",Healthcare,Medical Devices,Core,28.8,74.54,72.8,20.5,15.2,10.0,0.0,ok,0.0,ok,-0.8,,False,45.7,24.2,3.7,15.0,61.5,35.6,49.1,10.2,-6.0,0.162,0.178,BMNR,,126,15.2,17.0,,False
85,OMC,Omnicom Group Inc.,Communication Services,Advertising Agencies,Growth,22.7,79.61,77.03,19.0,17.1,10.0,0.0,ok,-0.5,ok,1.97,,False,45.6,6.5,,63.4,19.0,,46.0,4.4,-0.6,0.092,0.141,MSFT,,126,17.1,13.0,,False
86,SYF,Synchrony Financial,Financial Services,Credit Services,Core,25.1,77.17,73.5,19.5,16.1,10.0,0.0,ok,0.0,financial_na,,,False,45.6,7.4,,0.6,0.0,20.8,65.5,4.3,-0.7,0.343,0.321,BMNR,,126,16.1,16.0,,False
87,ADI,"Analog Devices, Inc.",Technology,Semiconductors,Growth,178.6,366.67,398.39,17.5,18.0,10.0,0.0,ok,0.0,ok,0.86,,False,45.5,24.3,2.2,37.2,64.5,9.6,35.2,11.1,8.7,0.299,0.468,AVGO,,126,18.0,15.0,,False
88,ARM,Arm Holdings plc,Technology,Semiconductors,Core,258.0,241.54,324.31,16.5,19.0,10.0,0.0,ok,0.0,ok,-2.92,,False,45.5,78.6,0.3,20.1,97.5,12.0,27.7,27.4,116.0,0.463,0.506,AVGO,,126,19.0,15.0,,False
89,ALL,Allstate Corporation (The),Financial Services,Insurance - Property & Casualt,Core,68.3,265.38,252.11,21.0,14.5,10.0,0.0,ok,0.0,financial_na,,,False,45.5,10.0,18.2,3.0,34.4,45.2,59.9,24.6,27.7,-0.383,0.397,NVDA,,126,14.5,14.0,,False
90,FFIV,"F5, Inc.",Technology,Software - Infrastructure,Core,22.1,388.75,400.63,18.0,17.5,10.0,0.0,ok,0.0,ok,-1.5,,False,45.5,21.5,3.4,10.9,81.9,19.8,33.0,25.1,30.9,0.352,0.318,BMNR,,126,17.5,17.0,,False
91,ODFL,"Old Dominion Freight Line, Inc",Industrials,Trucking,Core,44.2,212.47,226.19,16.5,19.0,10.0,0.0,ok,0.0,ok,-0.15,,False,45.5,32.3,,10.4,39.6,24.8,37.4,13.2,16.6,0.014,0.111,GOOG,,126,19.0,14.0,,False
92,WDAY,"Workday, Inc.",Technology,Software - Application,Core,39.0,158.11,150.2,20.5,14.9,10.0,0.0,ok,0.0,ok,-0.36,,False,45.4,12.5,8.0,13.5,75.8,10.9,60.8,-4.7,-16.2,0.164,0.482,MSFT,,126,14.9,17.0,,False
93,VST,Vistra Corp.,Utilities,Utilities - Independent Power ,Growth,50.1,148.62,155.88,18.0,18.9,10.0,0.0,ok,-1.5,ok,2.93,,False,45.4,14.4,-0.3,43.4,38.6,42.9,41.3,-9.3,-15.2,0.322,0.361,AVGO,,126,18.9,18.0,,False
94,PEP,"Pepsico, Inc.",Consumer Defensive,Beverages - Non-Alcoholic,Core,191.5,140.2,141.72,20.0,16.9,10.0,0.0,ok,-1.5,ok,2.25,,False,45.4,15.6,4.1,6.4,54.2,51.5,55.5,-5.8,-11.6,-0.198,0.29,AVGO,,126,16.9,17.0,,False
95,INTU,Intuit Inc.,Technology,Software - Application,Core,86.3,315.5,299.72,22.0,13.4,10.0,0.0,ok,0.0,ok,0.02,,False,45.4,11.5,6.1,10.4,80.8,22.5,65.8,-32.5,-43.8,0.185,0.408,MSFT,,126,13.4,17.0,,False
96,CDNS,"Cadence Design Systems, Inc.",Technology,Software - Application,Core,91.8,332.82,371.29,18.0,19.3,10.0,-2.0,ok,0.0,ok,0.48,,False,45.3,34.9,1.7,24.2,85.9,23.2,28.2,1.6,3.2,0.513,0.406,BMNR,,126,19.3,17.0,,False
97,STX,Seagate Technology Holdings PL,Technology,Computer Hardware,Growth,192.7,851.68,887.91,20.0,15.3,10.0,0.0,ok,0.0,ok,0.41,,False,45.3,15.6,0.9,48.5,45.6,371.5,45.4,65.5,84.3,0.39,0.462,AVGO,,126,15.3,14.0,,False
98,ON,ON Semiconductor Corporation,Technology,Semiconductors,Core,32.6,83.74,105.63,14.5,20.8,10.0,0.0,ok,0.0,ok,0.41,,False,45.3,19.3,3.9,4.7,42.7,7.5,36.2,11.9,27.9,0.349,0.465,AVGO,,126,20.8,14.0,,False
99,EW,Edwards Lifesciences Corporati,Healthcare,Medical Devices,Core,50.0,86.92,87.51,17.0,18.3,10.0,0.0,ok,0.0,ok,-1.49,,False,45.3,25.7,,13.6,77.8,,32.4,4.0,-0.1,0.241,0.289,GOOG,,126,18.3,17.0,,False
100,SCHW,Charles Schwab Corporation (Th,Financial Services,Capital Markets,Core,181.4,104.33,99.11,21.5,13.7,10.0,0.0,ok,0.0,financial_na,,,False,45.2,13.3,,20.9,97.5,20.3,53.7,9.7,-5.2,0.199,0.231,MSFT,,126,13.7,16.0,,False
101,UNP,Union Pacific Corporation,Industrials,Railroads,Core,172.0,289.46,276.82,20.5,16.1,10.0,0.0,ok,-1.5,ok,2.26,,False,45.1,20.5,2.7,11.5,56.3,39.7,52.1,16.0,17.8,-0.247,0.236,MSFT,,126,16.1,15.0,,False
102,EQT,EQT Corporation,Energy,Oil & Gas E&P,Cyclical,33.0,52.71,52.66,18.5,16.6,10.0,0.0,ok,0.0,ok,0.79,,False,45.1,13.2,7.5,-3.9,80.7,11.1,68.0,-6.2,-12.6,-0.038,0.13,GOOG,,126,16.6,14.0,,False
103,AIG,"American International Group, ",Financial Services,Insurance - Diversified,Core,41.8,78.89,76.95,17.0,18.0,10.0,0.0,ok,0.0,financial_na,,,False,45.0,8.9,22.8,1.4,35.5,7.7,49.1,2.2,-0.0,-0.11,0.189,AVGO,,126,18.0,14.0,,False
104,AMAT,"Applied Materials, Inc.",Technology,Semiconductor Equipment & Mate,Core,398.4,501.77,541.57,18.0,17.0,10.0,0.0,ok,0.0,ok,-0.1,,False,45.0,29.7,0.8,11.4,49.0,39.7,36.3,35.0,40.5,0.397,0.526,AVGO,,126,17.0,14.0,,False
105,CF,"CF Industries Holdings, Inc.",Basic Materials,Agricultural Inputs,Cyclical,19.3,125.77,119.48,20.0,14.9,10.0,0.0,ok,0.0,ok,0.46,,False,44.9,11.2,5.6,19.4,39.1,27.3,62.8,22.8,28.3,-0.28,0.359,GOOG,,126,14.9,11.0,,False
106,NTAP,"NetApp, Inc.",Technology,Software - Infrastructure,Core,34.1,173.98,165.28,20.5,14.4,10.0,0.0,ok,0.0,ok,-0.45,,False,44.9,17.7,3.8,12.5,70.7,106.7,54.5,44.7,71.1,0.275,0.29,AVGO,,126,14.4,17.0,,False
107,GE,GE Aerospace,Industrials,Aerospace & Defense,Core,368.4,355.04,343.67,18.0,16.9,10.0,0.0,ok,0.0,ok,0.9,,False,44.9,39.1,1.8,21.1,31.1,48.2,47.3,12.9,12.2,0.243,0.362,GOOG,,126,16.9,14.0,,False
108,GS,"Goldman Sachs Group, Inc. (The",Financial Services,Capital Markets,Growth,302.3,1024.86,1047.15,21.0,15.8,10.0,-2.0,ok,0.0,financial_na,,,False,44.8,13.9,,42.5,82.1,17.0,46.4,12.3,2.9,0.536,0.559,NVDA,,126,15.8,16.0,,False
109,HOOD,"Robinhood Markets, Inc.",Financial Services,Capital Markets,Core,78.0,86.6,96.39,19.0,17.8,10.0,-2.0,ok,0.0,financial_na,,,False,44.8,28.1,,15.1,92.2,21.5,25.8,-13.0,-21.2,0.597,0.651,BMNR,,126,17.8,16.0,,False
110,MSCI,MSCI Inc.,Financial Services,Financial Data & Stock Exchang,Core,41.9,575.74,595.57,17.5,17.3,10.0,0.0,ok,0.0,financial_na,,,False,44.8,25.6,2.9,12.2,83.0,,42.5,1.0,-11.4,0.215,0.341,MSFT,,126,17.3,16.0,,False
111,TRV,"The Travelers Companies, Inc.",Financial Services,Insurance - Property & Casualt,Core,78.4,375.99,357.19,20.0,14.7,10.0,0.0,ok,0.0,financial_na,,,False,44.7,12.5,18.8,0.3,34.7,26.5,67.6,25.7,26.0,-0.288,0.316,AVGO,,126,14.7,14.0,,False
112,TEL,TE Connectivity plc,Technology,Electronic Components,Core,59.9,206.58,205.63,18.5,16.2,10.0,0.0,ok,0.0,ok,0.92,,False,44.7,16.0,3.9,13.8,36.1,23.3,56.6,-5.9,-15.1,0.325,0.312,BMNR,,126,16.2,13.0,,False
113,AAPL,Apple Inc.,Technology,Consumer Electronics,Core,4897.2,333.43,316.76,20.5,14.2,10.0,0.0,ok,0.0,ok,0.1,,False,44.7,34.5,2.1,16.6,47.9,141.5,64.4,20.2,22.6,0.227,0.202,GOOG,,126,14.2,14.0,,False
114,ERIE,Erie Indemnity Company,Financial Services,Insurance Brokers,Core,12.2,233.67,228.9,16.0,18.7,10.0,0.0,ok,0.0,financial_na,,,False,44.7,16.7,3.7,2.3,17.9,25.9,42.9,-9.8,-23.4,-0.268,0.35,AVGO,,126,18.7,14.0,,False
115,CRM,"Salesforce, Inc.",Technology,Software - Application,Core,148.0,180.71,171.67,20.5,15.7,10.0,0.0,ok,-1.5,ok,2.38,,False,44.7,11.6,11.2,13.3,77.6,16.9,61.0,-11.8,-22.1,0.251,0.535,MSFT,,126,15.7,17.0,,False
116,AFL,AFLAC Incorporated,Financial Services,Insurance - Life,Core,64.8,127.36,120.99,20.5,14.2,10.0,0.0,ok,0.0,financial_na,,,False,44.7,16.9,7.6,27.9,50.0,16.5,66.3,12.8,9.1,-0.289,0.317,AVGO,,126,14.2,15.0,,False
117,EXPE,"Expedia Group, Inc.",Consumer Cyclical,Travel Services,Core,35.2,292.93,278.28,23.0,11.6,10.0,0.0,ok,0.0,ok,-0.42,,False,44.6,12.8,9.9,14.7,90.3,71.5,63.5,18.6,0.9,0.189,0.22,MSFT,,126,11.6,15.0,,False
118,CMCSA,Comcast Corporation,Communication Services,Telecom Services,Core,84.0,23.67,23.79,18.5,17.6,10.0,0.0,ok,-1.5,ok,2.43,,False,44.6,6.5,15.1,-1.2,69.4,11.5,50.6,-11.4,-24.8,-0.109,0.142,NVDA,,126,17.6,17.0,,False
119,APP,Applovin Corporation,Communication Services,Advertising Agencies,Growth,135.7,403.87,492.24,22.5,12.0,10.0,0.0,ok,0.0,ok,0.22,,True,44.5,18.6,2.3,59.0,88.4,266.4,23.2,-22.5,-35.8,0.444,0.388,BMNR,,126,15.5,15.0,,False
120,ADP,"Automatic Data Processing, Inc",Technology,Software - Application,Core,105.5,263.87,250.68,20.0,14.5,10.0,0.0,ok,0.0,ok,0.18,,False,44.5,19.7,4.5,7.0,48.5,71.2,64.2,12.5,1.4,-0.016,0.298,MSFT,,126,14.5,16.0,,False
121,POOL,Pool Corporation,Industrials,Industrial Distribution,Speculative,6.9,190.68,195.63,17.0,19.0,10.0,0.0,ok,-1.5,ok,2.59,,False,44.5,16.1,3.0,2.2,29.6,31.3,30.9,-14.8,-31.1,0.069,0.156,GOOG,,126,19.0,14.0,,False
122,APA,APA Corporation,Energy,Oil & Gas E&P,Cyclical,12.8,36.33,35.53,19.0,15.5,10.0,0.0,ok,0.0,ok,0.81,,False,44.5,8.8,13.2,-11.9,72.3,26.2,66.9,17.0,32.5,-0.3,0.39,GOOG,,126,15.5,14.0,,False
123,ABNB,"Airbnb, Inc.",Consumer Cyclical,Travel Services,Core,90.3,152.08,144.48,20.5,13.9,10.0,0.0,ok,0.0,ok,-3.62,,False,44.4,25.3,3.5,17.9,82.9,32.3,55.5,14.9,8.7,0.428,0.359,GOOG,,126,13.9,15.0,,False
124,CB,Chubb Limited,Financial Services,Insurance - Property & Casualt,Core,135.1,350.15,337.35,18.5,15.9,10.0,0.0,ok,0.0,financial_na,,,False,44.4,12.0,7.8,6.1,31.1,14.8,51.3,10.2,8.0,-0.409,0.431,AVGO,,126,15.9,14.0,,False
125,UHS,"Universal Health Services, Inc",Healthcare,Medical Care Facilities,Speculative,9.9,163.29,155.13,19.0,15.9,10.0,0.0,ok,-0.5,ok,1.9,,False,44.4,6.7,5.0,8.3,44.6,20.9,58.0,-14.8,-25.1,-0.08,0.108,MSFT,,126,15.9,16.0,,False
126,XYL,Xylem Inc.,Industrials,Specialty Industrial Machinery,Core,27.3,116.82,114.71,16.0,18.4,10.0,0.0,ok,0.0,ok,0.9,,False,44.4,18.8,4.3,1.5,39.2,9.2,42.8,-8.9,-21.7,0.069,0.229,GOOG,,126,18.4,14.0,,False
127,SWKS,"Skyworks Solutions, Inc.",Technology,Semiconductors,Speculative,9.4,62.48,68.73,14.5,19.9,10.0,0.0,ok,0.0,ok,-0.4,,False,44.4,12.5,13.7,-3.1,40.1,5.1,54.7,-2.6,6.6,0.206,0.303,AVGO,,126,19.9,14.0,,False
128,CBOE,"Cboe Global Markets, Inc.",Financial Services,Financial Data & Stock Exchang,Core,31.0,296.52,285.31,18.5,15.9,10.0,0.0,ok,0.0,financial_na,,,False,44.4,19.7,3.2,6.5,54.1,25.1,69.8,6.5,5.2,-0.102,0.188,AVGO,,126,15.9,15.0,,False
129,NVR,"NVR, Inc.",Consumer Cyclical,Residential Construction,Core,16.8,6288.68,6378.39,16.0,18.3,10.0,0.0,ok,0.0,ok,-0.03,,False,44.3,15.4,,-10.9,21.8,31.5,44.5,-9.5,-24.2,-0.039,0.206,GOOG,,126,18.3,11.0,,False
130,CSX,CSX Corporation,Industrials,Railroads,Core,93.0,50.19,48.04,19.5,16.2,10.0,0.0,ok,-1.5,ok,2.64,,False,44.2,22.2,2.1,10.1,47.1,24.4,54.0,22.0,26.2,-0.058,0.199,MSFT,,126,16.2,15.0,,False
131,ULTA,"Ulta Beauty, Inc.",Consumer Cyclical,Specialty Retail,Core,22.2,516.73,490.89,21.0,13.7,10.0,0.0,ok,-0.5,ok,1.1,,False,44.2,16.2,4.4,11.1,43.2,47.4,76.4,-6.9,-24.8,0.125,0.142,MSFT,,126,13.7,12.0,,False
132,ISRG,"Intuitive Surgical, Inc.",Healthcare,Medical Instruments & Supplies,Core,126.5,352.97,401.16,18.0,16.1,10.0,0.0,ok,0.0,ok,-1.25,,False,44.1,29.2,2.1,18.5,66.7,17.4,34.6,-26.8,-37.2,0.317,0.328,GOOG,,126,16.1,17.0,,False
133,FTV,Fortive Corporation,Technology,Scientific & Technical Instrum,Core,17.8,58.48,60.86,17.0,18.6,10.0,0.0,ok,-1.5,ok,2.71,,False,44.1,18.1,5.3,7.7,63.3,6.8,38.0,3.0,3.6,-0.007,0.058,AVGO,,126,18.6,15.0,,False
134,JNJ,Johnson & Johnson,Healthcare,Drug Manufacturers - General,Core,616.5,255.82,244.65,18.5,15.5,10.0,0.0,ok,0.0,ok,0.81,,False,44.0,19.9,2.7,6.6,68.1,25.7,48.9,13.5,6.4,-0.357,0.379,AVGO,,126,15.5,17.0,,False
135,VICI,VICI Properties Inc.,Real Estate,REIT - Diversified,Core,29.0,26.31,27.21,18.5,19.0,10.0,0.0,ok,-3.5,ok,4.31,,False,44.0,9.0,4.4,3.5,99.1,11.3,53.9,-6.3,-11.6,-0.177,0.284,AVGO,,126,19.0,17.0,,False
136,FDX,FedEx Corporation,Industrials,Integrated Freight & Logistics,Core,73.0,308.55,324.82,18.0,17.5,10.0,0.0,ok,-1.5,ok,2.48,,False,44.0,15.1,7.7,12.5,27.3,14.8,43.7,-4.5,-9.9,0.102,0.221,GOOG,,126,17.5,14.0,,False
137,BLK,"BlackRock, Inc.",Financial Services,Asset Management,Growth,178.6,1098.37,1043.45,19.5,14.4,10.0,0.0,ok,0.0,financial_na,,,False,43.9,17.1,,30.6,47.2,,61.5,4.5,-8.8,0.435,0.43,GOOG,,126,14.4,15.0,,False
138,PODD,Insulet Corporation,Healthcare,Medical Devices,Growth,11.5,165.68,157.4,20.5,13.4,10.0,0.0,ok,0.0,ok,0.89,,False,43.9,20.6,2.2,33.9,71.0,23.0,55.7,-28.9,-41.8,0.043,0.133,GOOG,,126,13.4,17.0,,False
139,IT,"Gartner, Inc.",Technology,Information Technology Service,Core,10.2,152.92,145.63,21.0,13.4,10.0,0.0,ok,-0.5,ok,1.26,,False,43.9,10.0,10.4,-1.5,69.0,94.9,61.6,-17.1,-34.8,0.049,0.33,MSFT,,126,13.4,17.0,,False
140,FIX,"Comfort Systems USA, Inc.",Industrials,Engineering & Construction,Core,59.8,1697.84,1819.58,17.0,16.8,10.0,0.0,ok,0.0,ok,0.12,,False,43.8,28.3,3.1,1.0,25.7,55.3,46.4,21.9,38.3,0.422,0.473,AVGO,,126,16.8,14.0,,False
141,V,Visa Inc.,Financial Services,Credit Services,Core,672.9,366.27,347.96,20.5,13.3,10.0,0.0,ok,0.0,financial_na,,,False,43.8,24.5,3.0,14.4,97.7,61.2,64.8,11.2,4.1,0.034,0.172,MSFT,,126,13.3,18.0,,False
142,VEEV,Veeva Systems Inc.,Healthcare,Health Information Services,Core,32.7,201.56,191.48,18.0,15.8,10.0,0.0,ok,0.0,ok,-7.03,,False,43.8,20.1,3.8,16.3,75.0,13.9,58.0,-1.3,-10.7,0.256,0.493,MSFT,,126,15.8,19.0,,False
143,WM,"Waste Management, Inc.",Industrials,Waste Management,Core,90.9,226.33,225.25,17.5,17.7,10.0,0.0,ok,-1.5,ok,2.93,,False,43.7,24.7,2.6,4.0,40.6,29.8,42.5,1.7,-4.9,-0.317,0.35,NVDA,,126,17.7,15.0,,False
144,TROW,"T. Rowe Price Group, Inc.",Financial Services,Asset Management,Core,25.6,119.28,113.32,19.5,14.2,10.0,0.0,ok,0.0,financial_na,,,False,43.7,11.5,7.4,5.3,52.0,18.7,51.4,17.6,8.8,0.398,0.391,BMNR,,126,14.2,15.0,,False
145,PLTR,Palantir Technologies Inc.,Technology,Software - Infrastructure,Growth,293.1,122.26,130.96,20.0,15.7,10.0,-2.0,ok,0.0,ok,-3.87,,False,43.7,58.4,0.6,84.7,84.1,32.6,44.6,-20.2,-26.2,0.519,0.48,MSFT,,126,15.7,17.0,,False
146,APH,Amphenol Corporation,Technology,Electronic Components,Growth,196.6,159.82,153.09,19.0,15.2,10.0,0.0,ok,-0.5,ok,1.42,,False,43.7,25.3,1.9,55.0,38.8,38.1,50.8,12.8,0.3,0.388,0.444,AVGO,,126,15.2,13.0,,False
147,FTNT,"Fortinet, Inc.",Technology,Software - Infrastructure,Core,113.0,154.25,148.99,19.0,14.7,10.0,0.0,ok,0.0,ok,-1.16,,False,43.7,41.6,1.6,20.1,80.3,132.4,45.2,54.0,82.5,0.297,0.323,MSFT,,126,14.7,17.0,,False
148,AON,Aon plc,Financial Services,Insurance Brokers,Core,78.3,366.57,348.24,20.0,13.6,10.0,0.0,ok,0.0,financial_na,,,False,43.6,17.2,4.6,2.2,48.1,44.7,55.0,9.1,0.4,-0.215,0.393,AVGO,,126,13.6,15.0,,False
149,DOV,Dover Corporation,Industrials,Specialty Industrial Machinery,Core,27.5,204.06,214.43,16.0,17.6,10.0,0.0,ok,0.0,ok,0.79,,False,43.6,17.5,3.3,6.9,40.1,14.9,40.6,-1.0,-5.7,0.193,0.211,GOOG,,126,17.6,15.0,,False
150,C,"Citigroup, Inc.",Financial Services,Banks - Diversified,Core,222.0,132.32,134.9,16.0,17.6,10.0,0.0,ok,0.0,financial_na,,,False,43.6,10.3,,14.5,0.0,8.5,37.1,12.1,9.3,0.425,0.389,BMNR,,126,17.6,14.0,,False
151,VLTO,Veralto Corp,Industrials,Pollution & Treatment Controls,Core,23.1,94.71,89.97,17.5,16.6,10.0,0.0,ok,-0.5,ok,1.04,,False,43.6,19.9,,7.5,60.2,,54.5,1.0,-10.6,0.019,0.101,GOOG,,126,16.6,16.0,,False
152,KR,Kroger Company (The),Consumer Defensive,Grocery Stores,Core,35.4,57.86,60.54,15.5,19.6,10.0,0.0,ok,-1.5,ok,2.64,,False,43.6,10.4,8.4,2.2,24.0,13.8,41.3,-10.7,-12.1,-0.323,0.358,AVGO,,126,19.6,16.0,,False
153,HUBB,Hubbell Inc,Industrials,Electrical Equipment & Parts,Core,25.0,473.69,487.53,18.5,17.6,10.0,0.0,ok,-2.5,ok,3.33,,False,43.6,20.7,2.1,15.3,35.3,24.4,42.9,-1.3,-11.3,0.171,0.329,NVDA,,126,17.6,14.0,,False
154,WFC,Wells Fargo & Company,Financial Services,Banks - Diversified,Core,258.3,85.43,83.2,16.5,17.0,10.0,0.0,ok,0.0,financial_na,,,False,43.5,10.8,,9.5,0.0,12.6,44.7,1.4,-11.5,0.141,0.21,BMNR,,126,17.0,14.0,,False
155,KVUE,Kenvue Inc.,Consumer Defensive,Household & Personal Products,Core,37.1,19.31,18.49,18.5,16.5,10.0,0.0,ok,-1.5,ok,2.23,,False,43.5,15.6,5.0,4.5,58.6,15.7,47.1,11.9,8.2,-0.141,0.255,AVGO,,126,16.5,17.0,,False
156,BKNG,Booking Holdings Inc. Common S,Consumer Cyclical,Travel Services,Core,149.7,193.24,183.58,19.0,14.5,10.0,0.0,ok,0.0,ok,0.3,,False,43.5,15.7,4.7,16.2,87.0,,62.1,4.3,-12.0,0.184,0.235,GOOG,,126,14.5,15.0,,False
157,DASH,"DoorDash, Inc.",Consumer Cyclical,Internet Retail,Growth,86.1,197.53,187.65,16.5,16.9,10.0,0.0,ok,0.0,ok,-1.66,,False,43.4,25.5,2.7,33.1,51.8,9.9,54.2,3.2,-11.6,0.442,0.461,MSFT,,126,16.9,12.0,,False
158,ROP,"Roper Technologies, Inc.",Technology,Software - Application,Core,38.5,389.25,369.79,18.5,17.4,10.0,0.0,ok,-2.5,ok,3.38,,False,43.4,16.0,5.9,8.5,69.5,13.1,60.8,1.5,0.2,-0.023,0.194,MSFT,,126,17.4,17.0,,False
159,COHR,Coherent Corp.,Technology,Scientific & Technical Instrum,Core,48.7,249.06,349.23,13.0,20.4,10.0,0.0,ok,0.0,ok,0.76,,False,43.4,30.0,-0.4,20.5,37.0,4.7,32.8,-2.0,8.7,0.388,0.467,AVGO,,126,20.4,13.0,,False
160,PYPL,"PayPal Holdings, Inc.",Financial Services,Credit Services,Core,49.7,57.65,54.77,20.0,13.3,10.0,0.0,ok,0.0,financial_na,,,False,43.3,10.0,8.9,4.8,40.5,24.5,84.5,10.7,2.2,0.281,0.321,MSFT,,126,13.3,17.0,,False
161,VZ,Verizon Communications Inc.,Communication Services,Telecom Services,Core,192.5,46.11,45.49,18.5,17.3,10.0,0.0,ok,-2.5,ok,3.74,,False,43.3,8.7,9.8,-0.7,59.4,15.8,69.4,4.8,10.8,-0.274,0.269,NVDA,,126,17.3,16.0,,False
162,DHI,"D.R. Horton, Inc.",Consumer Cyclical,Residential Construction,Core,40.7,145.53,150.75,15.0,18.8,10.0,0.0,ok,-0.5,ok,1.24,,False,43.3,12.4,5.9,0.0,21.3,12.6,41.4,-2.8,-9.4,0.039,0.186,GOOG,,126,18.8,11.0,,False
163,HAS,"Hasbro, Inc.",Consumer Cyclical,Leisure,Core,13.4,94.53,89.8,22.0,11.8,10.0,0.0,ok,-0.5,ok,1.67,,False,43.3,14.5,5.4,16.2,63.8,159.6,80.1,8.7,-1.5,0.094,0.192,GOOG,,126,11.8,13.0,,False
164,LHX,"L3Harris Technologies, Inc.",Industrials,Aerospace & Defense,Growth,50.7,271.9,298.55,16.5,19.3,10.0,0.0,ok,-2.5,ok,3.23,,False,43.3,20.0,,190.0,30.4,,37.7,-13.8,-30.1,-0.122,0.198,MSFT,,126,19.3,14.0,,False
165,MSI,"Motorola Solutions, Inc.",Technology,Communication Equipment,Core,71.5,430.82,411.16,18.5,16.3,10.0,0.0,ok,-1.5,ok,2.49,,False,43.3,23.2,2.5,7.4,51.5,99.3,55.1,3.8,0.4,-0.012,0.161,AVGO,,126,16.3,14.0,,False
166,HIG,"The Hartford Insurance Group, ",Financial Services,Insurance - Diversified,Core,39.2,143.05,135.9,20.0,13.3,10.0,0.0,ok,0.0,financial_na,,,False,43.3,10.4,14.0,8.1,37.9,22.1,57.5,6.5,1.8,-0.236,0.305,AVGO,,126,13.3,14.0,,False
167,JPM,JP Morgan Chase & Co.,Financial Services,Banks - Diversified,Growth,932.6,350.85,333.31,19.0,14.2,10.0,0.0,ok,0.0,financial_na,,,False,43.2,14.1,,30.4,0.0,17.8,62.1,13.1,8.4,0.219,0.29,BMNR,,126,14.2,14.0,,False
168,JKHY,"Jack Henry & Associates, Inc.",Technology,Information Technology Service,Core,11.0,154.24,146.53,17.5,15.7,10.0,0.0,ok,0.0,ok,0.16,,False,43.2,21.7,3.4,8.7,44.1,24.9,54.2,-3.0,-19.7,-0.037,0.244,MSFT,,126,15.7,16.0,,False
169,PSA,Public Storage,Real Estate,REIT - Industrial,Core,59.3,317.45,316.31,18.5,16.2,10.0,0.0,ok,-1.5,ok,2.88,,False,43.2,32.5,3.9,3.2,74.8,20.2,47.7,8.8,8.9,-0.071,0.151,MSFT,,126,16.2,17.0,,False
170,KEY,KeyCorp,Financial Services,Banks - Regional,Core,24.2,22.61,22.48,17.5,15.7,10.0,0.0,ok,0.0,financial_na,,,False,43.2,10.6,,10.1,0.0,10.3,40.5,9.4,-1.2,0.204,0.224,BMNR,,126,15.7,14.0,,False
171,GIS,"General Mills, Inc.",Consumer Defensive,Packaged Foods,Core,19.4,36.42,35.17,16.0,17.2,10.0,0.0,ok,0.0,ok,-0.12,,False,43.2,11.3,11.9,2.2,33.7,-1.0,51.0,-9.8,-23.4,-0.184,0.353,AVGO,,126,17.2,16.0,,False
172,VRTX,Vertex Pharmaceuticals Incorpo,Healthcare,Biotechnology,Core,122.3,481.7,467.45,18.5,14.6,10.0,0.0,ok,0.0,ok,-1.06,,False,43.1,22.6,2.3,7.8,54.4,24.2,47.0,6.4,-5.5,0.067,0.207,BMNR,,126,14.6,16.0,,False
173,MCD,McDonald's Corporation,Consumer Cyclical,Restaurants,Core,190.7,268.44,274.86,16.5,19.1,10.0,0.0,ok,-2.5,ok,3.61,,False,43.1,19.0,3.1,9.4,57.3,,42.9,-10.4,-21.2,-0.073,0.225,NVDA,,126,19.1,12.0,,False
174,PNC,"PNC Financial Services Group, ",Financial Services,Banks - Regional,Core,99.2,248.71,238.56,18.5,14.6,10.0,0.0,ok,0.0,financial_na,,,False,43.1,11.6,,23.6,0.0,12.6,43.4,15.8,4.9,0.084,0.194,GOOG,,126,14.6,14.0,,False
175,MNST,Monster Beverage Corporation,Consumer Defensive,Beverages - Non-Alcoholic,Core,95.5,97.65,93.28,18.0,15.1,10.0,0.0,ok,0.0,ok,-1.02,,False,43.1,37.6,1.8,26.9,55.5,26.7,50.7,21.4,15.3,0.091,0.179,GOOG,,126,15.1,17.0,,False
176,MRVL,"Marvell Technology, Inc.",Technology,Semiconductors,Core,164.5,183.3,239.23,15.5,17.6,10.0,0.0,ok,0.0,ok,0.53,,False,43.1,29.4,1.4,27.6,51.5,16.0,32.2,36.3,118.7,0.376,0.555,AVGO,,126,17.6,14.0,,False
177,CDW,CDW Corporation,Technology,Information Technology Service,Core,18.6,145.56,138.28,17.0,17.6,10.0,0.0,ok,-1.5,ok,2.81,,False,43.1,12.4,4.8,9.2,21.6,44.2,51.4,9.9,10.1,0.074,0.178,MSFT,,126,17.6,15.0,,False
178,MPWR,"Monolithic Power Systems, Inc.",Technology,Semiconductors,Core,64.7,1316.18,1446.6,16.5,16.6,10.0,0.0,ok,0.0,ok,-1.57,,False,43.1,43.0,0.8,26.1,55.2,19.6,46.6,9.0,4.7,0.458,0.586,AVGO,,126,16.6,14.0,,False
179,RSG,"Republic Services, Inc.",Industrials,Waste Management,Core,65.0,211.33,212.6,16.0,18.5,10.0,0.0,ok,-1.5,ok,2.69,,False,43.0,26.2,2.8,2.6,43.0,18.3,40.3,-1.3,-8.0,-0.355,0.362,AVGO,,126,18.5,15.0,,False
180,ELV,"Elevance Health, Inc.",Healthcare,Healthcare Plans,Core,81.6,376.4,397.15,16.0,17.0,10.0,0.0,ok,0.0,ok,-0.78,,False,43.0,12.7,5.3,1.4,26.0,11.1,33.3,7.6,2.4,0.054,0.119,GOOG,,126,17.0,15.0,,False
181,HD,"Home Depot, Inc. (The)",Consumer Cyclical,Home Improvement Retail,Core,332.4,333.35,330.38,17.0,17.5,10.0,0.0,ok,-1.5,ok,2.49,,False,43.0,20.7,3.0,4.8,33.1,128.4,43.0,-4.1,-16.5,0.094,0.277,GOOG,,126,17.5,11.0,,False
182,PAYX,"Paychex, Inc.",Technology,Software - Application,Core,41.4,116.33,110.51,18.5,16.0,10.0,0.0,ok,-1.5,ok,2.17,,False,43.0,18.2,,12.5,67.2,,63.5,13.9,8.5,-0.016,0.294,MSFT,,126,16.0,17.0,,False
183,EFX,"Equifax, Inc.",Industrials,Consulting Services,Core,20.7,176.13,167.38,18.5,15.9,10.0,0.0,ok,-1.5,ok,2.75,,False,42.9,17.3,4.6,10.6,55.5,14.3,56.5,-8.2,-20.2,0.061,0.224,MSFT,,126,15.9,17.0,,False
184,NTRS,Northern Trust Corporation,Financial Services,Asset Management,Growth,22.4,182.51,175.64,17.5,15.4,10.0,0.0,ok,0.0,financial_na,,,False,42.9,14.4,,36.4,0.0,17.1,48.7,21.4,15.1,0.356,0.332,BMNR,,126,15.4,14.0,,False
185,EME,"EMCOR Group, Inc.",Industrials,Engineering & Construction,Core,35.7,802.37,803.82,16.5,16.4,10.0,0.0,ok,0.0,ok,-0.22,,False,42.9,24.4,2.5,19.7,19.3,39.2,53.2,7.8,3.2,0.475,0.448,AVGO,,126,16.4,14.0,,False
186,AMP,"Ameriprise Financial, Inc.",Financial Services,Asset Management,Core,48.1,544.46,517.24,22.5,10.4,10.0,0.0,ok,0.0,financial_na,,,False,42.9,10.6,,11.6,54.9,63.4,73.3,14.9,-1.6,0.233,0.235,BMNR,,126,10.4,15.0,,False
187,HAL,Halliburton Company,Energy,Oil & Gas Equipment & Services,Cyclical,26.4,31.64,36.43,15.5,17.8,10.0,0.0,ok,-0.5,ok,1.49,,False,42.8,10.9,7.8,3.7,15.1,14.9,31.3,-5.8,-11.5,-0.019,0.149,GOOG,,126,17.8,14.0,,False
188,GWW,"W.W. Grainger, Inc.",Industrials,Industrial Distribution,Core,64.0,1355.49,1329.09,17.0,15.8,10.0,0.0,ok,0.0,ok,0.68,,False,42.8,26.9,1.8,10.1,39.2,46.1,45.0,20.1,19.0,0.029,0.143,GOOG,,126,15.8,14.0,,False
189,T,AT&T Inc.,Communication Services,Telecom Services,Core,159.0,23.21,22.88,19.5,15.8,10.0,0.0,ok,-2.5,ok,3.3,,False,42.8,9.1,6.4,2.3,59.7,18.3,67.3,-7.0,-13.4,-0.311,0.245,NVDA,,126,15.8,16.0,,False
190,SNA,Snap-On Incorporated,Industrials,Tools & Accessories,Core,21.2,409.05,391.76,17.5,15.3,10.0,0.0,ok,0.0,ok,-0.24,,False,42.8,19.2,5.2,4.2,51.8,17.9,54.8,11.4,5.6,0.085,0.243,GOOG,,126,15.3,15.0,,False
191,NKE,"Nike, Inc.",Consumer Cyclical,Footwear & Accessories,Core,62.7,42.29,43.51,16.5,16.3,10.0,0.0,ok,0.0,ok,0.41,,False,42.8,18.3,3.0,-1.1,43.2,22.1,39.7,-22.3,-38.7,0.167,0.174,MSFT,,126,16.3,12.0,,False
192,PFG,Principal Financial Group Inc,Financial Services,Asset Management,Core,24.5,113.95,108.57,18.0,14.7,10.0,0.0,ok,0.0,financial_na,,,False,42.7,11.0,,6.4,47.3,12.9,54.7,20.9,14.6,0.204,0.243,GOOG,,126,14.7,15.0,,False
193,CPAY,"Corpay, Inc.",Technology,Software - Infrastructure,Core,25.5,390.12,370.61,24.0,11.2,10.0,0.0,ok,-2.5,ok,3.11,,False,42.7,12.8,8.2,25.4,79.7,32.1,71.1,21.8,14.3,0.169,0.16,MSFT,,126,11.2,17.0,,False
194,EXE,Expand Energy Corporation,Energy,Oil & Gas E&P,Cyclical,22.1,92.42,90.49,16.5,16.2,10.0,0.0,ok,0.0,ok,0.46,,False,42.7,10.3,6.6,-10.6,47.1,14.9,64.6,-9.2,-21.7,-0.085,0.118,AVGO,,126,16.2,13.0,,False
195,AVY,Avery Dennison Corporation,Consumer Cyclical,Packaging & Containers,Core,13.4,174.82,166.08,19.5,14.7,10.0,0.0,ok,-1.5,ok,2.42,,False,42.7,15.7,6.1,7.0,28.8,30.9,65.5,1.8,-12.0,0.081,0.155,GOOG,,126,14.7,11.0,,False
196,KLIC,"Kulicke and Soffa Industries, ",Technology,Semiconductor Equipment & Mate,Growth,4.6,88.32,109.2,14.0,18.7,10.0,0.0,ok,0.0,ok,-5.08,,False,42.7,20.8,-0.0,49.8,49.8,6.4,31.2,21.7,43.8,0.324,0.437,AVGO,,126,18.7,14.0,,False
197,MMM,3M Company,Industrials,Conglomerates,Core,90.8,176.07,167.27,21.0,12.2,10.0,0.0,ok,-0.5,ok,1.21,,False,42.7,18.2,7.0,2.5,39.4,81.9,72.5,11.0,6.4,0.051,0.175,GOOG,,126,12.2,14.0,,False
198,BMY,Bristol-Myers Squibb Company,Healthcare,Drug Manufacturers - General,Core,132.4,64.86,61.62,22.0,11.1,10.0,0.0,ok,-0.5,ok,1.89,,False,42.6,10.4,7.4,2.6,72.0,38.7,75.0,18.0,14.0,-0.054,0.215,AVGO,,126,11.1,17.0,,False
199,FAST,Fastenal Company,Industrials,Industrial Distribution,Core,53.5,46.66,46.08,17.0,15.6,10.0,0.0,ok,0.0,ok,0.12,,False,42.6,33.4,1.7,14.7,44.7,34.3,50.8,6.1,1.6,-0.087,0.157,MSFT,,126,15.6,15.0,,False
200,TKO,"TKO Group Holdings, Inc.",Communication Services,Entertainment,Core,35.1,183.81,194.93,17.5,16.6,10.0,0.0,ok,-1.5,ok,2.9,,False,42.6,48.0,2.4,25.9,59.1,6.7,48.9,-6.3,-15.0,0.129,0.13,GOOG,,126,16.6,14.0,,False
201,HON,Honeywell International Inc.,Industrials,Conglomerates,Core,76.7,241.91,232.22,18.5,16.6,10.0,0.0,ok,-2.5,ok,3.03,,False,42.6,24.2,3.4,4.3,36.5,46.6,67.4,11.2,0.8,0.024,0.186,MSFT,,126,16.6,14.0,,False
202,CHD,"Church & Dwight Company, Inc.",Consumer Defensive,Household & Personal Products,Core,23.1,97.68,97.03,17.5,15.5,10.0,0.0,ok,-0.5,ok,1.35,,False,42.5,24.1,4.9,0.2,45.5,16.8,53.7,5.5,0.2,-0.206,0.293,AVGO,,126,15.5,17.0,,False
203,PPG,"PPG Industries, Inc.",Basic Materials,Specialty Chemicals,Cyclical,25.0,112.03,115.87,16.5,17.5,10.0,0.0,ok,-1.5,ok,2.27,,False,42.5,12.9,,7.2,41.2,,41.8,3.2,-9.4,0.188,0.264,GOOG,,126,17.5,12.0,,False
204,MRSH,Marsh,Financial Services,Insurance Brokers,Core,91.4,191.51,181.93,19.0,13.5,10.0,0.0,ok,0.0,financial_na,,,False,42.5,16.8,5.2,6.2,44.0,25.9,63.6,8.5,-4.3,-0.265,0.404,AVGO,,126,13.5,15.0,,False
205,NXPI,NXP Semiconductors N.V.,Technology,Semiconductors,Core,61.8,245.16,292.26,21.0,12.0,10.0,0.0,ok,-0.5,ok,1.53,,True,42.5,13.5,5.8,19.5,56.1,27.9,24.1,1.9,-1.2,0.249,0.371,AVGO,,126,18.7,14.0,,False
206,FITB,Fifth Third Bancorp,Financial Services,Banks - Regional,Growth,51.3,56.59,54.36,18.0,14.4,10.0,0.0,ok,0.0,financial_na,,,False,42.4,11.5,,51.8,0.0,8.4,47.0,16.1,8.0,0.114,0.173,GOOG,,126,14.4,14.0,,False
207,EG,"Everest Group, Ltd.",Financial Services,Insurance - Reinsurance,Core,14.9,375.36,356.59,16.0,16.4,10.0,0.0,ok,0.0,financial_na,,,False,42.4,6.2,26.9,-4.7,15.5,13.8,52.4,11.6,7.9,-0.233,0.309,AVGO,,126,16.4,14.0,,False
208,ESS,"Essex Property Trust, Inc.",Real Estate,REIT - Residential,Core,19.4,281.86,286.23,18.5,17.4,10.0,0.0,ok,-3.5,ok,5.33,,False,42.4,45.8,5.1,6.4,68.9,10.6,37.1,7.9,7.3,-0.113,0.241,AVGO,,126,17.4,17.0,,False
209,FICO,Fair Isaac Corporation,Technology,Software - Application,Growth,26.4,1139.54,1219.23,18.5,15.4,10.0,0.0,ok,-1.5,ok,2.96,,False,42.4,21.2,2.8,38.7,84.2,,41.0,-17.3,-30.8,-0.052,0.174,AVGO,,126,15.4,17.0,,False
210,ICE,Intercontinental Exchange Inc.,Financial Services,Financial Data & Stock Exchang,Core,88.4,156.27,148.46,20.5,11.9,10.0,0.0,ok,0.0,financial_na,,,False,42.4,18.0,4.2,20.4,100.0,13.9,83.7,1.2,-17.2,0.191,0.27,MSFT,,126,11.9,16.0,,False
211,OXY,Occidental Petroleum Corporati,Energy,Oil & Gas E&P,Cyclical,55.6,55.95,54.84,16.0,16.9,10.0,0.0,ok,-0.5,ok,1.18,,False,42.4,14.2,5.5,-8.3,69.8,4.1,61.9,11.9,17.0,-0.238,0.375,GOOG,,126,16.9,14.0,,False
212,IBKR,"Interactive Brokers Group, Inc",Financial Services,Capital Markets,Core,153.5,90.48,90.19,20.0,16.4,10.0,-4.0,ok,0.0,financial_na,,,False,42.4,28.4,,22.3,93.0,24.0,43.7,19.2,13.0,0.677,0.618,BMNR,,126,16.4,16.0,,False
213,EOG,"EOG Resources, Inc.",Energy,Oil & Gas E&P,Cyclical,77.5,145.51,138.23,18.0,14.3,10.0,0.0,ok,0.0,ok,0.35,,False,42.3,9.9,3.7,15.6,62.0,18.2,69.0,18.4,24.1,-0.316,0.419,GOOG,,126,14.3,14.0,,False
214,DIS,Walt Disney Company (The),Communication Services,Entertainment,Core,167.0,96.16,99.27,16.0,17.8,10.0,0.0,ok,-1.5,ok,2.11,,False,42.3,12.9,2.2,6.5,37.2,11.0,51.3,-8.1,-20.5,0.223,0.285,GOOG,,126,17.8,13.0,,False
215,FOX,Fox Corporation,Communication Services,Entertainment,Core,22.0,52.34,52.52,17.5,15.3,10.0,0.0,ok,-0.5,ok,1.12,,False,42.3,9.6,6.4,-8.6,36.8,15.2,66.8,-7.3,-25.4,0.008,0.123,AVGO,,126,15.3,13.0,,False
216,BBY,"Best Buy Co., Inc.",Consumer Cyclical,Specialty Retail,Core,18.5,87.82,83.43,18.0,14.3,10.0,0.0,ok,0.0,ok,0.85,,False,42.3,12.4,6.2,1.9,22.5,39.1,63.9,25.5,30.1,0.072,0.108,MSFT,,126,14.3,11.0,,False
217,URI,"United Rentals, Inc.",Industrials,Rental & Leasing Services,Core,66.5,1068.63,1058.15,18.5,16.3,10.0,0.0,ok,-2.5,ok,3.26,,False,42.3,18.9,2.6,11.8,38.5,28.9,46.3,18.7,29.6,0.052,0.111,AVGO,,126,16.3,16.0,,False
218,TYL,"Tyler Technologies, Inc.",Technology,Software - Application,Core,13.3,323.31,307.14,16.0,16.3,10.0,0.0,ok,0.0,ok,-0.66,,False,42.3,21.4,4.1,8.6,46.8,8.9,55.3,-14.2,-21.6,0.071,0.393,MSFT,,126,16.3,16.0,,False
219,ZBH,"Zimmer Biomet Holdings, Inc.",Healthcare,Medical Devices,Core,18.4,94.96,90.21,17.0,16.8,10.0,0.0,ok,-1.5,ok,2.75,,False,42.3,10.5,5.7,9.3,70.2,6.1,57.0,4.5,4.0,-0.081,0.106,AVGO,,126,16.8,17.0,,False
220,TJX,"TJX Companies, Inc. (The)",Consumer Cyclical,Apparel Retail,Core,175.9,159.26,157.43,17.0,15.3,10.0,0.0,ok,0.0,ok,0.97,,False,42.3,27.7,2.5,9.2,31.4,61.3,69.3,3.6,1.9,-0.045,0.13,AVGO,,126,15.3,11.0,,False
221,BR,Broadridge Financial Solutions,Technology,Information Technology Service,Core,17.9,154.77,147.05,19.5,13.2,10.0,0.0,ok,-0.5,ok,1.76,,False,42.2,14.9,6.6,7.8,31.3,42.3,58.2,-15.5,-27.3,0.003,0.342,MSFT,,126,13.2,15.0,,False
222,PH,Parker-Hannifin Corporation,Industrials,Specialty Industrial Machinery,Core,121.4,962.79,927.22,18.5,14.2,10.0,0.0,ok,-0.5,ok,1.66,,False,42.2,28.2,2.3,10.6,37.4,24.8,50.5,6.6,-4.8,0.066,0.296,NVDA,,126,14.2,14.0,,False
223,ECL,Ecolab Inc.,Basic Materials,Specialty Chemicals,Cyclical,78.6,279.34,267.8,17.0,16.6,10.0,0.0,ok,-1.5,ok,2.09,,False,42.1,29.6,,9.7,44.2,22.0,54.7,3.4,-7.7,-0.027,0.178,GOOG,,126,16.6,12.0,,False
224,PLAB,"Photronics, Inc.",Technology,Semiconductor Equipment & Mate,Speculative,1.7,29.58,33.03,15.0,17.1,10.0,0.0,ok,0.0,ok,-2.31,,False,42.1,14.6,2.2,-0.5,33.8,13.2,48.5,-14.4,-22.9,0.332,0.423,AVGO,,126,17.1,13.0,,False
225,WRB,W.R. Berkley Corporation,Financial Services,Insurance - Property & Casualt,Core,27.2,73.38,69.71,16.5,15.5,10.0,0.0,ok,0.0,financial_na,,,False,42.0,15.2,,1.2,43.8,,53.8,5.4,0.9,-0.342,0.337,AVGO,,126,15.5,15.0,,False
226,JCI,Johnson Controls International,Industrials,Building Products & Equipment,Core,87.8,143.88,141.91,16.0,16.5,10.0,0.0,ok,-0.5,ok,1.95,,False,42.0,24.4,3.6,9.3,36.7,14.3,52.6,10.4,13.3,0.182,0.363,AVGO,,126,16.5,14.0,,False
227,CI,The Cigna Group,Healthcare,Healthcare Plans,Core,76.1,287.66,286.73,15.5,17.0,10.0,0.0,ok,-0.5,ok,1.72,,False,42.0,8.6,9.1,4.6,9.1,16.3,46.3,3.1,-0.1,-0.13,0.189,AVGO,,126,17.0,15.0,,False
228,LOW,"Lowe's Companies, Inc.",Consumer Cyclical,Home Improvement Retail,Core,117.9,210.08,214.67,16.5,18.0,10.0,0.0,ok,-2.5,ok,3.32,,False,42.0,15.6,4.1,10.3,33.3,,48.5,-11.8,-27.6,0.045,0.261,GOOG,,126,18.0,11.0,,False
229,QCOM,QUALCOMM Incorporated,Technology,Semiconductors,Core,159.8,151.6,199.47,20.0,12.0,10.0,0.0,ok,0.0,ok,0.42,,True,42.0,14.6,6.0,-3.5,54.8,36.1,16.9,-10.0,-6.5,0.289,0.369,AVGO,,126,19.4,14.0,,False
230,ZBRA,Zebra Technologies Corporation,Technology,Communication Equipment,Core,13.7,288.57,274.14,18.5,15.0,10.0,0.0,ok,-1.5,ok,2.67,,False,42.0,13.9,4.1,14.3,48.2,11.8,60.7,17.1,14.5,0.295,0.224,NVDA,,126,15.0,14.0,,False
231,WST,"West Pharmaceutical Services, ",Healthcare,Medical Instruments & Supplies,Core,23.9,339.59,337.44,14.5,17.5,10.0,0.0,ok,0.0,ok,-0.13,,False,42.0,34.2,1.2,13.8,36.8,19.1,40.2,19.5,39.4,0.14,0.152,BMNR,,126,17.5,15.0,,False
232,UPS,"United Parcel Service, Inc.",Industrials,Integrated Freight & Logistics,Core,89.5,105.27,108.58,16.0,17.4,10.0,0.0,ok,-1.5,ok,2.16,,False,41.9,13.0,5.6,7.6,21.2,29.6,37.3,4.0,-4.3,0.044,0.132,GOOG,,126,17.4,14.0,,False
233,AMGN,Amgen Inc.,Healthcare,Drug Manufacturers - General,Core,209.2,387.64,368.26,19.5,13.9,10.0,0.0,ok,-1.5,ok,2.68,,False,41.9,16.5,3.6,5.8,71.4,101.3,68.2,13.9,8.0,-0.021,0.066,AVGO,,126,13.9,17.0,,False
234,HCA,"HCA Healthcare, Inc.",Healthcare,Medical Care Facilities,Core,87.8,395.79,387.1,17.0,17.4,10.0,0.0,ok,-2.5,ok,3.2,,False,41.9,12.3,4.3,8.7,42.6,,46.5,-13.4,-24.6,-0.063,0.161,GOOG,,126,17.4,16.0,,False
235,BF-B,Brown Forman Inc,Consumer Defensive,Beverages - Wineries & Distill,Core,13.2,28.83,27.39,18.5,13.8,10.0,0.0,ok,-0.5,ok,1.94,,False,41.8,16.9,5.6,2.0,60.5,17.8,65.1,6.6,1.4,-0.158,0.19,AVGO,,126,13.8,18.0,,False
236,MLM,"Martin Marietta Materials, Inc",Basic Materials,Building Materials,Cyclical,32.4,540.0,574.92,14.0,19.3,10.0,0.0,ok,-1.5,ok,2.57,,False,41.8,23.5,2.6,17.2,29.7,9.5,36.7,-11.7,-24.0,0.076,0.224,GOOG,,126,19.3,11.0,,False
237,CSGP,"CoStar Group, Inc.",Real Estate,Real Estate Services,Core,12.0,29.46,30.81,16.5,15.3,10.0,0.0,ok,0.0,ok,-0.16,,False,41.8,17.1,3.6,18.4,78.7,0.9,54.7,-39.9,-59.2,0.102,0.381,MSFT,,126,15.3,19.0,,False
238,CLX,Clorox Company (The),Consumer Defensive,Household & Personal Products,Core,11.7,96.73,95.38,16.0,17.2,10.0,0.0,ok,-1.5,ok,2.59,,False,41.7,16.2,0.5,0.1,43.8,546.1,50.4,-6.1,-17.4,-0.077,0.273,GOOG,,126,17.2,17.0,,False
239,GL,Globe Life Inc.,Financial Services,Insurance - Life,Core,14.2,182.98,173.83,17.5,14.2,10.0,0.0,ok,0.0,financial_na,,,False,41.7,11.1,,8.0,33.9,,55.9,23.6,24.3,0.066,0.24,GOOG,,126,14.2,14.0,,False
240,RF,Regions Financial Corporation,Financial Services,Banks - Regional,Core,26.3,30.85,29.53,16.5,15.2,10.0,0.0,ok,0.0,financial_na,,,False,41.7,10.8,,3.4,0.0,11.9,48.2,12.4,2.7,0.093,0.188,GOOG,,126,15.2,14.0,,False
241,MA,Mastercard Incorporated,Financial Services,Credit Services,Core,510.1,577.35,548.48,20.5,11.2,10.0,0.0,ok,0.0,financial_na,,,False,41.7,25.3,3.2,15.8,100.0,232.1,73.8,9.5,-0.4,0.082,0.298,MSFT,,126,11.2,18.0,,False
242,PFE,"Pfizer, Inc.",Healthcare,Drug Manufacturers - General,Core,142.0,24.91,25.1,18.0,15.2,10.0,0.0,ok,-1.5,ok,2.03,,False,41.7,8.8,8.7,5.4,74.8,8.3,59.6,-1.7,-9.7,-0.044,0.146,AVGO,,126,15.2,17.0,,False
243,A,"Agilent Technologies, Inc.",Healthcare,Diagnostics & Research,Core,39.2,138.71,131.77,17.5,14.1,10.0,0.0,ok,0.0,ok,0.86,,False,41.6,21.0,2.4,10.0,52.6,21.3,58.9,6.1,-2.4,0.178,0.154,GOOG,,126,14.1,16.0,,False
244,ACGL,Arch Capital Group Ltd.,Financial Services,Insurance - Diversified,Core,34.5,101.14,96.42,16.5,15.1,10.0,0.0,ok,0.0,financial_na,,,False,41.6,10.4,15.4,-10.5,38.8,19.9,50.2,6.8,-1.1,-0.358,0.414,AVGO,,126,15.1,14.0,,False
245,DAL,"Delta Air Lines, Inc.",Industrials,Airlines,Core,58.3,88.59,84.34,17.0,16.1,10.0,0.0,ok,-1.5,ok,2.19,,False,41.6,10.0,4.8,18.7,18.7,20.1,52.8,25.5,27.1,0.337,0.326,GOOG,,126,16.1,14.0,,False
246,VMC,Vulcan Materials Company (Hold,Basic Materials,Building Materials,Cyclical,35.2,271.24,286.47,14.5,18.6,10.0,0.0,ok,-1.5,ok,2.01,,False,41.6,25.1,2.5,2.5,27.5,13.2,30.6,-6.6,-16.0,0.05,0.199,GOOG,,126,18.6,11.0,,False
247,TDG,Transdigm Group Incorporated,Industrials,Aerospace & Defense,Core,69.9,1249.91,1262.1,17.5,17.5,10.0,0.0,ok,-3.5,ok,5.8,,False,41.5,26.6,2.2,18.3,59.7,,43.2,-2.4,-18.8,0.218,0.317,GOOG,,126,17.5,15.0,,False
248,HWM,Howmet Aerospace Inc.,Industrials,Aerospace & Defense,Core,110.9,277.28,268.75,17.0,14.5,10.0,0.0,ok,0.0,ok,0.94,,False,41.5,45.8,1.1,19.1,35.0,33.8,55.7,17.6,26.1,0.26,0.34,NVDA,,126,14.5,14.0,,False
249,ITW,Illinois Tool Works Inc.,Industrials,Specialty Industrial Machinery,Core,81.6,283.7,269.52,18.0,14.0,10.0,0.0,ok,-0.5,ok,1.84,,False,41.5,23.0,,6.1,44.2,104.6,62.0,8.9,1.9,-0.095,0.202,MSFT,,126,14.0,15.0,,False
250,FIS,Fidelity National Information ,Technology,Information Technology Service,Growth,23.8,46.0,43.7,20.5,16.0,10.0,0.0,ok,-5.0,ok,6.16,,False,41.5,6.7,10.3,30.1,36.3,17.2,64.0,-12.1,-22.7,0.119,0.363,MSFT,,126,16.0,15.0,,False
251,LDOS,"Leidos Holdings, Inc.",Technology,Information Technology Service,Core,14.1,112.41,114.2,19.5,13.4,10.0,0.0,ok,-1.5,ok,2.7,,False,41.4,8.6,8.4,3.7,17.9,30.6,60.4,-29.7,-46.5,0.068,0.15,MSFT,,126,13.4,15.0,,False
252,SYK,Stryker Corporation,Healthcare,Medical Devices,Core,133.4,348.04,330.64,17.0,14.9,10.0,0.0,ok,-0.5,ok,1.77,,False,41.4,20.8,3.3,2.6,64.7,15.2,58.2,1.6,-8.2,-0.071,0.227,AVGO,,126,14.9,17.0,,False
253,EQIX,"Equinix, Inc.",Real Estate,REIT - Specialty,Core,103.3,1047.53,1054.76,17.0,17.9,10.0,0.0,ok,-3.5,ok,5.13,,False,41.4,56.3,2.6,12.1,51.6,10.1,49.2,12.9,20.8,0.126,0.183,NVDA,,126,17.9,16.0,,False
254,JBHT,"J.B. Hunt Transport Services, ",Industrials,Integrated Freight & Logistics,Core,25.3,269.21,279.27,14.0,17.4,10.0,0.0,ok,0.0,ok,0.84,,False,41.4,26.6,3.6,19.4,18.5,18.4,41.9,20.6,25.0,0.056,0.101,GOOG,,126,17.4,14.0,,False
255,ALLE,Allegion plc,Industrials,Security & Protection Services,Core,13.4,157.06,149.21,19.5,12.4,10.0,0.0,ok,-0.5,ok,1.81,,False,41.4,16.2,3.6,12.7,44.8,33.7,76.0,3.5,-10.9,-0.007,0.06,MSFT,,126,12.4,17.0,,False
256,USB,U.S. Bancorp,Financial Services,Banks - Regional,Core,98.0,62.9,59.76,17.5,13.8,10.0,0.0,ok,0.0,financial_na,,,False,41.3,10.9,,10.4,0.0,12.6,52.7,16.2,6.1,0.152,0.202,GOOG,,126,13.8,14.0,,False
257,MRK,"Merck & Company, Inc.",Healthcare,Drug Manufacturers - General,Core,320.6,129.79,123.3,18.5,13.3,10.0,0.0,ok,-0.5,ok,1.47,,False,41.3,13.5,4.4,4.9,76.7,18.9,63.1,17.1,14.0,-0.262,0.262,AVGO,,126,13.3,17.0,,False
258,VRSN,"VeriSign, Inc.",Technology,Software - Infrastructure,Core,25.9,286.58,276.48,16.5,15.3,10.0,0.0,ok,-0.5,ok,1.1,,False,41.3,26.1,3.2,6.0,88.5,,61.7,11.8,11.1,-0.099,0.227,NVDA,,126,15.3,17.0,,False
259,BAC,Bank of America Corporation,Financial Services,Banks - Diversified,Core,433.2,61.73,58.64,18.5,12.8,10.0,0.0,ok,0.0,financial_na,,,False,41.3,11.7,,21.4,0.0,11.2,62.1,15.8,10.2,0.236,0.267,BMNR,,126,12.8,14.0,,False
260,CVNA,Carvana Co.,Consumer Cyclical,Auto & Truck Dealerships,Growth,67.4,61.44,66.72,16.0,15.8,10.0,0.0,ok,-0.5,ok,1.16,,False,41.3,31.9,0.3,52.0,20.1,60.2,42.9,-15.1,-34.9,0.347,0.395,GOOG,,126,15.8,11.0,,False
261,ABT,Abbott Laboratories,Healthcare,Medical Devices,Core,184.0,105.61,100.33,17.0,15.8,10.0,0.0,ok,-1.5,ok,2.32,,False,41.3,17.4,3.9,13.0,56.8,10.6,69.2,-2.0,-6.6,-0.073,0.229,AVGO,,126,15.8,16.0,,False
262,AKAM,"Akamai Technologies, Inc.",Technology,Software - Infrastructure,Core,16.5,113.75,129.13,16.0,18.8,10.0,0.0,ok,-3.5,ok,4.3,,False,41.3,15.7,4.2,5.8,58.3,9.2,34.2,8.4,7.8,0.216,0.231,AVGO,,126,18.8,16.0,,False
263,HPE,Hewlett Packard Enterprise Com,Technology,Communication Equipment,Growth,62.4,47.14,45.65,17.5,15.2,10.0,0.0,ok,-1.5,ok,2.84,,False,41.2,11.8,6.1,40.0,33.8,6.3,46.7,61.3,108.8,0.311,0.484,AVGO,,126,15.2,13.0,,False
264,BSX,Boston Scientific Corporation,Healthcare,Medical Devices,Core,68.4,46.0,46.81,17.5,13.7,10.0,0.0,ok,0.0,de_fallback,,42.2,False,41.2,13.2,,7.5,69.7,,56.9,-37.3,-56.9,0.07,0.093,GOOG,,126,13.7,17.0,,False
265,DLTR,"Dollar Tree, Inc.",Consumer Defensive,Discount Stores,Core,24.7,128.57,122.14,18.5,14.1,10.0,0.0,ok,-1.5,ok,2.74,,False,41.1,16.7,5.8,7.2,37.0,34.0,56.0,13.5,2.9,0.172,0.194,MSFT,,126,14.1,16.0,,False
266,WSM,"Williams-Sonoma, Inc.",Consumer Cyclical,Specialty Retail,Core,27.5,233.32,221.65,18.5,12.6,10.0,0.0,ok,0.0,ok,0.51,,False,41.1,22.7,3.2,4.4,46.1,54.0,61.6,18.1,7.2,0.205,0.232,GOOG,,126,12.6,12.0,,False
267,FOXA,Fox Corporation,Communication Services,Entertainment,Core,24.7,58.82,58.44,16.5,15.1,10.0,0.0,ok,-0.5,ok,1.12,,False,41.1,10.1,5.7,-8.6,36.8,15.2,69.2,-6.4,-24.4,0.009,0.099,AVGO,,126,15.1,13.0,,False
268,EXPD,Expeditors International of Wa,Industrials,Integrated Freight & Logistics,Core,21.8,167.01,166.13,15.5,15.6,10.0,0.0,ok,0.0,ok,-0.66,,False,41.1,23.8,3.6,4.4,13.6,36.6,41.7,10.6,-3.3,-0.028,0.056,BMNR,,126,15.6,14.0,,False
269,TGT,Target Corporation,Consumer Defensive,Discount Stores,Core,65.6,144.51,137.28,17.5,14.1,10.0,0.0,ok,-0.5,ok,1.89,,False,41.1,16.1,4.8,6.7,28.1,22.0,68.1,28.2,36.6,0.02,0.082,GOOG,,126,14.1,16.0,,False
270,WYNN,"Wynn Resorts, Limited",Consumer Cyclical,Resorts & Casinos,Core,10.5,100.7,100.3,16.5,18.1,10.0,0.0,ok,-3.5,ok,5.89,,False,41.1,19.1,3.4,9.2,68.1,,52.7,-8.3,-13.8,0.315,0.26,MSFT,,126,18.1,13.0,,False
271,CMG,"Chipotle Mexican Grill, Inc.",Consumer Cyclical,Restaurants,Core,49.4,38.52,36.59,18.5,13.0,10.0,0.0,ok,-0.5,ok,1.9,,False,41.0,28.1,2.2,7.4,39.6,49.2,61.8,10.2,-8.2,0.31,0.429,MSFT,,126,13.0,11.0,,False
272,MDT,Medtronic plc.,Healthcare,Medical Devices,Core,109.7,85.71,81.42,17.0,14.5,10.0,0.0,ok,-0.5,ok,1.97,,False,41.0,13.4,4.2,9.9,65.3,9.8,55.1,-4.3,-21.2,-0.067,0.224,AVGO,,126,14.5,17.0,,False
273,CCL,Carnival Corporation Ltd.,Consumer Cyclical,Travel Services,Core,38.0,27.77,27.54,19.0,14.5,10.0,0.0,ok,-2.5,ok,3.28,,False,41.0,10.5,5.0,5.3,55.7,26.7,57.9,-0.0,-16.6,0.311,0.416,GOOG,,126,14.5,14.0,,False
274,OTIS,Otis Worldwide Corporation,Industrials,Specialty Industrial Machinery,Core,27.3,71.69,71.98,15.5,18.0,10.0,0.0,ok,-2.5,ok,3.04,,False,41.0,15.5,5.3,7.3,30.3,,45.0,-12.4,-23.6,-0.067,0.159,NVDA,,126,18.0,14.0,,False
275,UAL,"United Airlines Holdings, Inc.",Industrials,Airlines,Core,40.1,123.56,117.67,17.0,15.5,10.0,0.0,ok,-1.5,ok,2.4,,False,41.0,8.0,2.3,16.0,31.8,23.3,46.3,17.2,12.2,0.37,0.31,GOOG,,126,15.5,14.0,,False
276,ROST,"Ross Stores, Inc.",Consumer Cyclical,Apparel Retail,Core,81.0,252.57,239.94,19.0,12.0,10.0,0.0,ok,0.0,ok,0.17,,False,41.0,29.5,2.5,20.6,32.7,39.0,80.8,25.2,29.0,0.159,0.169,BMNR,,126,12.0,11.0,,False
277,PNR,Pentair plc.,Industrials,Specialty Industrial Machinery,Core,10.7,66.17,71.59,15.5,16.0,10.0,0.0,ok,-0.5,ok,1.62,,False,41.0,12.8,5.2,-17.0,41.4,17.1,30.7,-27.4,-44.1,0.152,0.239,NVDA,,126,16.0,15.0,,False
278,WTW,Willis Towers Watson Public Li,Financial Services,Insurance Brokers,Core,31.7,336.05,319.25,20.0,11.0,10.0,0.0,ok,0.0,financial_na,,,False,41.0,15.1,6.5,8.5,42.4,20.6,77.8,12.9,-0.1,-0.049,0.301,MSFT,,126,11.0,15.0,,False
279,RJF,"Raymond James Financial, Inc.",Financial Services,Asset Management,Core,33.6,174.97,166.22,18.5,12.5,10.0,0.0,ok,0.0,financial_na,,,False,41.0,12.4,,15.2,93.2,,64.5,11.0,-1.9,0.323,0.312,BMNR,,126,12.5,16.0,,False
280,DELL,Dell Technologies Inc.,Technology,Computer Hardware,Growth,261.6,404.81,395.58,15.5,15.9,10.0,0.0,ok,-0.5,ok,1.45,,False,40.9,18.5,2.1,87.5,19.2,,44.8,90.4,236.0,0.28,0.335,AVGO,,126,15.9,13.0,,False
281,EA,Electronic Arts Inc.,Communication Services,Electronic Gaming & Multimedia,Core,52.6,209.59,204.78,19.5,11.4,10.0,0.0,ok,0.0,ok,-0.76,,False,40.9,21.8,4.2,11.9,79.0,13.5,86.3,3.5,-3.9,0.252,0.303,BMNR,,126,11.4,15.0,,False
282,HUM,Humana Inc.,Healthcare,Healthcare Plans,Core,44.0,366.66,366.58,15.0,15.9,10.0,0.0,ok,0.0,ok,-2.63,,False,40.9,22.5,4.3,26.2,13.7,6.9,38.8,38.9,80.7,0.077,0.134,NVDA,,126,15.9,15.0,,False
283,NWSA,News Corporation,Communication Services,Entertainment,Core,15.2,28.09,26.69,17.0,13.9,10.0,0.0,ok,0.0,ok,0.6,,False,40.9,21.8,11.5,8.8,57.2,6.5,55.0,9.2,-1.4,0.044,0.264,GOOG,,126,13.9,14.0,,False
284,NWS,News Corporation,Communication Services,Entertainment,Core,17.2,31.8,30.27,17.0,13.8,10.0,0.0,ok,0.0,ok,0.6,,False,40.8,24.6,10.1,8.8,57.2,6.5,55.0,8.5,-2.5,0.069,0.275,GOOG,,126,13.8,14.0,,False
285,CHRW,"C.H. Robinson Worldwide, Inc.",Industrials,Integrated Freight & Logistics,Core,17.3,146.92,186.43,14.5,16.8,10.0,0.0,ok,-0.5,ok,1.67,,False,40.8,19.6,3.7,-0.8,8.6,34.8,26.0,-14.2,-30.6,-0.082,0.207,MSFT,,126,16.8,14.0,,False
286,SBAC,SBA Communications Corporation,Real Estate,REIT - Specialty,Core,19.3,181.9,190.84,16.5,19.3,10.0,0.0,ok,-5.0,ok,8.29,,False,40.8,22.5,3.7,5.9,74.2,,39.7,-6.0,-9.2,-0.063,0.226,AVGO,,126,19.3,17.0,,False
287,SPG,"Simon Property Group, Inc.",Real Estate,REIT - Retail,Core,87.6,230.44,218.92,20.5,13.8,10.0,0.0,ok,-3.5,ok,5.79,,False,40.8,34.2,2.8,19.3,81.6,113.6,68.7,18.1,16.1,-0.112,0.177,MSFT,,126,13.8,17.0,,False
288,ONTO,Onto Innovation Inc.,Technology,Semiconductor Equipment & Mate,Core,12.5,250.52,292.71,12.0,18.8,10.0,0.0,ok,0.0,ok,-2.45,,False,40.8,25.2,1.6,9.5,54.2,5.3,32.8,13.6,10.8,0.436,0.561,AVGO,,126,18.8,14.0,,False
289,IVZ,Invesco Ltd,Financial Services,Asset Management,Core,13.0,29.42,28.14,16.0,14.7,10.0,0.0,ok,0.0,financial_na,,,False,40.7,9.1,,20.5,29.6,-0.6,52.6,13.8,1.1,0.477,0.461,BMNR,,126,14.7,14.0,,False
290,TXT,Textron Inc.,Industrials,Aerospace & Defense,Core,15.1,87.09,90.97,13.0,18.2,10.0,0.0,ok,-0.5,ok,1.65,,False,40.7,12.1,3.0,3.0,17.6,12.1,41.9,-2.7,-7.5,0.09,0.147,GOOG,,126,18.2,14.0,,False
291,L,Loews Corporation,Financial Services,Insurance - Property & Casualt,Core,23.9,116.37,111.33,15.5,15.2,10.0,0.0,ok,0.0,financial_na,,,False,40.7,40.1,8.7,1.4,36.0,9.2,54.5,8.4,4.5,-0.21,0.217,AVGO,,126,15.2,14.0,,False
292,AMT,American Tower Corporation (RE,Real Estate,REIT - Specialty,Core,81.3,174.46,176.57,19.5,16.2,10.0,0.0,ok,-5.0,ok,6.14,,False,40.7,25.0,3.6,4.7,73.8,33.9,58.8,-1.7,-9.6,-0.146,0.372,AVGO,,126,16.2,17.0,,False
293,GEHC,GE HealthCare Technologies Inc,Healthcare,Medical Devices,Core,31.8,69.94,66.44,17.5,14.7,10.0,0.0,ok,-1.5,ok,2.36,,False,40.7,12.9,4.7,7.4,39.1,19.5,59.4,-4.3,-17.9,0.067,0.24,GOOG,,126,14.7,15.0,,False
294,APO,"Apollo Global Management, Inc.",Financial Services,Asset Management,Core,69.3,120.25,125.52,14.0,16.6,10.0,0.0,ok,0.0,financial_na,,,False,40.6,11.3,,-9.2,35.2,8.5,49.8,-5.0,-16.9,0.345,0.327,BMNR,,126,16.6,14.0,,False
295,REGN,"Regeneron Pharmaceuticals, Inc",Healthcare,Biotechnology,Core,77.4,738.34,701.42,18.5,12.1,10.0,0.0,ok,0.0,ok,-1.38,,False,40.6,13.3,4.2,19.0,43.9,14.5,74.2,4.3,-8.1,0.198,0.254,BMNR,,126,12.1,16.0,,False
296,ABBV,AbbVie Inc.,Healthcare,Drug Manufacturers - General,Core,454.8,257.41,244.54,19.0,13.0,10.0,0.0,ok,-1.5,ok,2.12,,False,40.5,15.8,4.6,12.4,72.0,,61.2,15.5,11.0,-0.225,0.281,AVGO,,126,13.0,17.0,,False
297,CPRT,"Copart, Inc.",Industrials,Specialty Business Services,Core,28.5,29.57,30.04,17.0,13.5,10.0,0.0,ok,0.0,ok,-2.09,,False,40.5,17.6,3.5,2.1,47.5,17.6,63.8,-17.8,-33.3,0.008,0.173,AVGO,,126,13.5,17.0,,False
298,COP,ConocoPhillips,Energy,Oil & Gas E&P,Cyclical,145.0,119.03,113.71,15.0,15.5,10.0,0.0,ok,0.0,ok,0.73,,False,40.5,13.2,3.6,-5.3,45.6,11.3,69.9,11.7,10.8,-0.287,0.466,GOOG,,126,15.5,13.0,,False
299,YUM,"Yum! Brands, Inc.",Consumer Cyclical,Restaurants,Core,43.3,157.0,153.69,16.5,17.5,10.0,0.0,ok,-3.5,ok,4.16,,False,40.5,21.1,2.9,15.2,45.7,,38.7,2.1,-5.3,-0.042,0.134,AVGO,,126,17.5,12.0,,False
300,TAP,Molson Coors Beverage Company,Consumer Defensive,Beverages - Brewers,Speculative,7.8,41.55,40.33,16.0,16.0,10.0,0.0,ok,-1.5,ok,2.46,,False,40.5,8.4,9.9,2.0,38.6,-18.1,59.9,-6.1,-18.5,-0.251,0.294,BMNR,,126,16.0,16.0,,False
301,CTVA,"Corteva, Inc.",Basic Materials,Agricultural Inputs,Cyclical,59.8,89.34,84.87,17.0,13.4,10.0,0.0,ok,0.0,ok,0.34,,False,40.4,21.6,4.3,11.0,48.6,5.1,63.4,19.1,14.5,-0.131,0.186,MSFT,,126,13.4,12.0,,False
302,SHW,Sherwin-Williams Company (The),Basic Materials,Specialty Chemicals,Cyclical,83.7,344.84,327.6,18.5,14.4,10.0,0.0,ok,-2.5,ok,3.13,,False,40.4,25.4,3.0,7.5,49.0,65.1,55.4,3.8,-9.3,0.131,0.318,GOOG,,126,14.4,12.0,,False
303,BRK-B,Berkshire Hathaway Inc. New,Financial Services,Insurance - Diversified,Core,1099.3,509.68,490.76,16.0,14.4,10.0,0.0,ok,0.0,financial_na,,,False,40.4,23.6,5.6,4.4,27.8,10.5,66.8,4.0,0.2,-0.12,0.19,AVGO,,126,14.4,14.0,,False
304,MCHP,Microchip Technology Incorpora,Technology,Semiconductors,Growth,40.7,75.01,89.24,16.5,17.3,10.0,0.0,ok,-3.5,ok,4.43,,False,40.3,17.9,2.8,35.1,57.7,3.4,30.9,-0.2,-11.6,0.341,0.465,AVGO,,126,17.3,14.0,,False
305,PHM,"PulteGroup, Inc.",Consumer Cyclical,Residential Construction,Core,24.5,128.74,124.87,15.0,15.3,10.0,0.0,ok,0.0,ok,0.42,,False,40.3,11.4,4.4,-9.6,25.6,14.9,55.9,3.9,-5.3,0.012,0.197,GOOG,,126,15.3,11.0,,False
306,CAH,"Cardinal Health, Inc.",Healthcare,Medical Distribution,Core,53.2,227.07,221.1,15.0,15.8,10.0,0.0,ok,-0.5,ok,1.25,,False,40.3,18.8,9.1,11.0,3.8,,39.8,9.2,1.0,-0.17,0.15,MSFT,,126,15.8,15.0,,False
307,ALB,Albemarle Corporation,Basic Materials,Specialty Chemicals,Growth,13.9,117.76,144.76,15.5,14.8,10.0,0.0,ok,0.0,ok,0.86,,False,40.3,9.4,5.2,32.7,18.5,-1.8,36.0,-22.6,-41.4,0.284,0.304,BMNR,,126,14.8,11.0,,False
308,MGM,MGM Resorts International,Consumer Cyclical,Resorts & Casinos,Core,11.7,45.66,45.89,17.5,17.8,10.0,0.0,ok,-5.0,ok,12.84,,False,40.3,22.5,4.5,4.2,44.2,13.5,38.8,19.7,30.2,0.199,0.229,MSFT,,126,17.8,12.0,,False
309,COF,Capital One Financial Corporat,Financial Services,Credit Services,Core,128.9,210.14,199.63,15.0,15.3,10.0,0.0,ok,0.0,financial_na,,,False,40.3,8.7,,,0.0,9.0,60.8,1.6,-10.5,0.356,0.342,BMNR,,126,15.3,16.0,,False
310,ACMR,"ACM Research, Inc.",Technology,Semiconductor Equipment & Mate,Growth,5.4,78.65,91.04,13.0,17.3,10.0,0.0,ok,0.0,ok,-6.7,,False,40.3,34.9,-2.6,34.2,44.2,7.6,35.9,35.8,37.1,0.437,0.5,AVGO,,126,17.3,14.0,,False
311,VTR,"Ventas, Inc.",Real Estate,REIT - Healthcare Facilities,Core,44.7,91.92,88.92,16.5,17.3,10.0,0.0,ok,-3.5,ok,5.48,,False,40.3,108.6,3.3,21.9,40.5,2.1,53.2,11.7,13.6,-0.301,0.316,AVGO,,126,17.3,16.0,,False
312,NDAQ,"Nasdaq, Inc.",Financial Services,Financial Data & Stock Exchang,Core,53.2,95.16,90.4,18.0,12.2,10.0,0.0,ok,0.0,financial_na,,,False,40.2,20.4,3.2,14.9,100.0,16.5,67.3,6.9,-9.4,0.291,0.431,MSFT,,126,12.2,16.0,,False
313,BKR,Baker Hughes Company,Energy,Oil & Gas Equipment & Services,Cyclical,59.5,59.9,59.88,16.0,14.2,10.0,0.0,ok,0.0,ok,-0.16,,False,40.2,18.8,7.4,-2.4,23.7,16.5,59.1,6.6,-0.4,0.163,0.227,BMNR,,126,14.2,14.0,,False
314,GPN,Global Payments Inc.,Industrials,Specialty Business Services,Growth,23.8,86.84,82.5,20.0,13.7,10.0,0.0,ok,-3.5,ok,4.52,,False,40.2,5.4,30.0,63.1,67.4,2.9,68.0,16.9,15.4,0.248,0.286,MSFT,,126,13.7,18.0,,False
315,DRI,"Darden Restaurants, Inc.",Consumer Cyclical,Restaurants,Core,23.7,206.97,203.04,18.0,14.7,10.0,0.0,ok,-2.5,ok,3.7,,False,40.2,16.7,3.3,13.7,21.7,53.7,53.0,6.0,-2.1,-0.086,0.136,MSFT,,126,14.7,11.0,,False
316,CPB,The Campbell's Company,Consumer Defensive,Packaged Foods,Speculative,6.6,22.08,21.82,16.0,17.7,10.0,0.0,ok,-3.5,ok,4.07,,False,40.2,11.3,9.2,-4.4,29.2,15.4,50.1,-10.5,-23.5,-0.2,0.315,AVGO,,126,17.7,16.0,,False
317,MAA,Mid-America Apartment Communit,Real Estate,REIT - Residential,Core,15.9,133.32,134.86,17.0,16.7,10.0,0.0,ok,-3.5,ok,4.52,,False,40.2,40.7,5.7,0.8,58.5,6.7,45.9,2.1,-5.8,-0.153,0.33,AVGO,,126,16.7,16.0,,False
318,MTD,"Mettler-Toledo International, ",Healthcare,Diagnostics & Research,Core,27.9,1380.61,1311.58,16.5,14.2,10.0,0.0,ok,-0.5,ok,1.78,,False,40.2,26.9,2.2,7.2,59.2,,66.5,4.8,-7.6,0.126,0.134,GOOG,,126,14.2,16.0,,False
319,KKR,KKR & Co. Inc.,Financial Services,Asset Management,Core,94.2,100.98,95.93,14.5,15.7,10.0,0.0,ok,0.0,financial_na,,,False,40.2,13.7,,-6.6,55.5,7.7,57.9,-5.6,-18.6,0.427,0.37,BMNR,,126,15.7,15.0,,False
320,ORLY,"O'Reilly Automotive, Inc.",Consumer Cyclical,Auto Parts,Core,72.4,87.36,88.37,14.0,17.6,10.0,0.0,ok,-1.5,ok,2.08,,False,40.1,24.1,1.8,10.2,51.6,,52.2,-6.2,-18.3,-0.073,0.189,NVDA,,126,17.6,12.0,,False
321,FRT,Federal Realty Investment Trus,Real Estate,REIT - Retail,Core,10.8,124.09,122.5,19.5,14.1,10.0,0.0,ok,-3.5,ok,5.76,,False,40.1,40.3,4.2,10.3,68.0,14.8,63.6,15.4,18.0,-0.071,0.131,AVGO,,126,14.1,17.0,,False
322,VRSK,"Verisk Analytics, Inc.",Industrials,Consulting Services,Core,26.3,200.35,190.33,16.5,15.1,10.0,0.0,ok,-1.5,ok,2.68,,False,40.1,23.1,3.9,4.4,70.2,,61.1,0.7,-14.0,-0.089,0.278,AVGO,,126,15.1,18.0,,False
323,LIN,Linde plc,Basic Materials,Specialty Chemicals,Cyclical,235.2,508.64,515.05,13.5,17.0,10.0,0.0,ok,-0.5,ok,1.65,,False,40.0,25.9,2.0,8.2,48.8,18.2,32.9,7.5,5.4,-0.149,0.208,AVGO,,126,17.0,12.0,,False
324,SYY,Sysco Corporation,Consumer Defensive,Food Distribution,Core,40.6,84.71,80.47,17.0,14.5,10.0,0.0,ok,-1.5,ok,2.96,,False,40.0,17.1,4.6,4.7,18.5,81.9,53.7,8.6,-5.3,0.002,0.072,GOOG,,126,14.5,16.0,,False
325,ROL,"Rollins, Inc.",Consumer Cyclical,Personal Services,Core,18.5,38.35,45.26,18.5,12.0,10.0,0.0,ok,-0.5,ok,1.16,,True,40.0,29.2,2.7,7.9,52.4,37.0,23.3,-29.9,-45.5,0.012,0.196,GOOG,,126,16.0,14.0,,False
326,COST,Costco Wholesale Corporation,Consumer Defensive,Discount Stores,Core,423.2,954.17,962.68,14.0,15.9,10.0,0.0,ok,0.0,ok,-0.07,,False,39.9,42.1,1.6,21.5,12.9,29.2,63.9,-0.2,-6.3,-0.231,0.33,AVGO,,126,15.9,16.0,,False
327,UNH,UnitedHealth Group Incorporate,Healthcare,Healthcare Plans,Core,382.8,421.47,409.66,14.5,15.9,10.0,0.0,ok,-0.5,ok,1.73,,False,39.9,18.8,5.9,0.4,19.5,14.2,48.1,23.0,38.6,0.181,0.227,BMNR,,126,15.9,15.0,,False
328,AJG,Arthur J. Gallagher & Co.,Financial Services,Insurance Brokers,Growth,65.9,256.46,243.64,14.0,15.9,10.0,0.0,ok,0.0,financial_na,,,False,39.9,17.2,1.6,34.6,42.9,7.0,52.0,9.2,-2.1,-0.179,0.332,AVGO,,126,15.9,15.0,,False
329,WAB,Westinghouse Air Brake Technol,Industrials,Railroads,Core,49.4,292.46,277.84,17.0,14.4,10.0,0.0,ok,-1.5,ok,2.37,,False,39.9,23.6,2.2,17.5,35.7,11.6,69.6,20.8,19.1,0.115,0.288,AVGO,,126,14.4,14.0,,False
330,KO,Coca-Cola Company (The),Consumer Defensive,Beverages - Non-Alcoholic,Core,380.8,88.49,84.07,17.0,13.3,10.0,0.0,ok,-0.5,ok,1.6,,False,39.8,25.1,1.4,6.7,61.9,42.1,63.3,17.0,14.6,-0.25,0.275,AVGO,,126,13.3,18.0,,False
331,EL,"Estee Lauder Companies, Inc. (",Consumer Defensive,Household & Personal Products,Core,30.7,84.88,83.67,16.0,15.3,10.0,0.0,ok,-1.5,ok,2.63,,False,39.8,26.7,5.9,4.6,74.7,-5.9,56.8,-7.9,-32.8,0.266,0.29,GOOG,,126,15.3,18.0,,False
332,STE,STERIS plc (Ireland),Healthcare,Medical Devices,Core,22.5,231.21,219.65,16.0,14.2,10.0,0.0,ok,-0.5,ok,1.03,,False,39.7,18.9,3.7,7.3,44.2,11.4,62.6,-1.3,-18.1,0.102,0.161,BMNR,,126,14.2,16.0,,False
333,CME,CME Group Inc.,Financial Services,Financial Data & Stock Exchang,Core,96.1,267.22,253.86,17.0,12.7,10.0,0.0,ok,0.0,financial_na,,,False,39.7,20.7,3.0,0.8,100.0,15.8,78.2,-2.8,-12.3,-0.128,0.28,AVGO,,126,12.7,16.0,,False
334,WMT,Walmart Inc.,Consumer Defensive,Discount Stores,Core,884.1,111.1,116.09,12.0,18.2,10.0,0.0,ok,-0.5,ok,1.45,,False,39.7,33.9,0.8,7.3,25.0,24.1,43.3,-5.5,-11.7,-0.161,0.19,AVGO,,126,18.2,16.0,,False
335,HPQ,HP Inc.,Technology,Computer Hardware,Core,24.6,26.86,25.52,15.0,15.1,10.0,0.0,ok,-0.5,ok,1.52,,False,39.6,8.9,14.0,9.0,20.3,,62.9,20.8,34.0,0.04,0.076,MSFT,,126,15.1,13.0,,False
336,AME,"AMETEK, Inc.",Industrials,Specialty Industrial Machinery,Core,55.0,240.01,232.64,17.0,12.6,10.0,0.0,ok,0.0,ok,0.82,,False,39.6,27.3,2.5,11.3,36.7,14.6,59.4,9.7,-0.6,0.204,0.314,AVGO,,126,12.6,14.0,,False
337,DVN,Devon Energy Corporation,Energy,Oil & Gas E&P,Cyclical,50.9,44.17,43.98,15.0,15.1,10.0,0.0,ok,-0.5,ok,1.03,,False,39.6,8.4,3.2,-0.8,46.9,15.2,60.2,6.1,4.4,-0.271,0.38,GOOG,,126,15.1,13.0,,False
338,CCI,Crown Castle Inc.,Real Estate,REIT - Specialty,Core,33.4,76.51,83.7,15.5,19.1,10.0,0.0,ok,-5.0,ok,8.31,,False,39.6,26.3,3.1,-4.9,73.7,,41.4,-11.4,-17.6,-0.058,0.306,AVGO,,126,19.1,17.0,,False
339,CMI,Cummins Inc.,Industrials,Specialty Industrial Machinery,Core,87.3,632.98,669.24,13.5,16.6,10.0,0.0,ok,-0.5,ok,1.01,,False,39.6,18.5,1.9,2.7,25.8,22.0,37.5,9.6,2.0,0.385,0.453,AVGO,,126,16.6,14.0,,False
340,BDX,"Becton, Dickinson and Company",Healthcare,Medical Instruments & Supplies,Core,45.6,165.45,157.18,17.0,14.1,10.0,0.0,ok,-1.5,ok,2.67,,False,39.6,12.3,9.9,5.2,47.1,6.7,67.0,7.2,-1.4,-0.03,0.187,AVGO,,126,14.1,16.0,,False
341,PM,Philip Morris International In,Consumer Defensive,Tobacco,Core,299.3,192.0,183.62,17.5,13.5,10.0,0.0,ok,-1.5,ok,2.39,,False,39.5,20.9,3.2,10.4,67.5,,59.6,13.8,2.2,-0.106,0.155,AVGO,,126,13.5,18.0,,False
342,INTC,Intel Corporation,Technology,Semiconductors,Core,459.7,91.13,113.22,13.0,17.0,10.0,0.0,ok,-0.5,ok,1.24,,False,39.5,44.7,1.1,25.4,38.9,-10.7,36.1,36.5,80.6,0.401,0.459,AVGO,,126,17.0,13.0,,False
343,IBM,International Business Machine,Technology,Information Technology Service,Core,208.9,221.74,260.41,20.0,12.0,10.0,0.0,ok,-2.5,ok,3.47,,True,39.5,16.8,5.8,1.1,58.1,34.5,24.9,-17.4,-34.1,0.137,0.287,MSFT,,126,15.4,16.0,,False
344,MDB,"MongoDB, Inc.",Technology,Software - Infrastructure,Core,26.2,325.88,335.21,13.0,16.4,10.0,0.0,ok,0.0,neg_ebitda_low_debt,,,False,39.4,44.4,2.0,25.2,72.0,-1.0,42.4,-2.2,-19.6,0.397,0.435,MSFT,,126,16.4,17.0,,False
345,AIZ,"Assurant, Inc.",Financial Services,Insurance - Property & Casualt,Core,14.0,282.46,268.34,16.5,12.9,10.0,0.0,ok,0.0,financial_na,,,False,39.4,12.6,14.5,11.3,12.7,18.0,56.4,19.5,12.2,0.037,0.104,NVDA,,126,12.9,14.0,,False
346,TFC,Truist Financial Corporation,Financial Services,Banks - Regional,Core,63.5,52.01,50.11,15.0,14.4,10.0,0.0,ok,0.0,financial_na,,,False,39.4,10.4,,8.2,0.0,9.1,52.2,8.2,-3.3,0.05,0.171,GOOG,,126,14.4,14.0,,False
347,ROK,"Rockwell Automation, Inc.",Industrials,Specialty Industrial Machinery,Core,52.4,471.01,462.49,16.0,13.9,10.0,0.0,ok,-0.5,ok,1.84,,False,39.4,32.2,1.9,11.9,48.9,27.2,49.4,15.2,4.4,0.313,0.323,AVGO,,126,13.9,15.0,,False
348,HII,"Huntington Ingalls Industries,",Industrials,Aerospace & Defense,Core,12.6,319.9,303.9,15.5,15.4,10.0,0.0,ok,-1.5,ok,2.39,,False,39.4,15.9,5.0,13.4,12.4,12.2,65.5,-7.6,-31.7,0.283,0.333,BMNR,,126,15.4,14.0,,False
349,KHC,The Kraft Heinz Company,Consumer Defensive,Packaged Foods,Core,31.3,26.38,25.06,16.0,14.8,10.0,0.0,ok,-1.5,ok,2.96,,False,39.3,12.6,10.3,0.8,34.0,-12.6,62.0,11.3,9.2,-0.107,0.225,AVGO,,126,14.8,16.0,,False
350,ACN,Accenture plc,Technology,Information Technology Service,Core,99.9,163.29,155.13,18.5,10.8,10.0,0.0,ok,0.0,ok,-0.14,,False,39.3,11.1,12.1,5.6,32.0,24.4,70.1,-22.3,-43.7,0.032,0.312,MSFT,,126,10.8,15.0,,False
351,PEG,Public Service Enterprise Grou,Utilities,Utilities - Regulated Electric,Core,38.6,77.55,79.65,13.5,19.3,10.0,0.0,ok,-3.5,ok,5.0,,False,39.3,16.6,-0.4,19.4,35.4,13.4,32.2,-3.7,-11.4,-0.105,0.179,MSFT,,126,19.3,18.0,,False
352,INVH,Invitation Homes Inc.,Real Estate,REIT - Residential,Core,17.6,29.67,29.6,17.0,15.8,10.0,0.0,ok,-3.5,ok,5.84,,False,39.3,44.7,5.8,9.2,57.2,6.2,50.9,8.1,7.2,-0.16,0.283,AVGO,,126,15.8,16.0,,False
353,IP,International Paper Company,Consumer Cyclical,Packaging & Containers,Core,22.8,43.15,40.99,15.5,15.2,10.0,0.0,ok,-1.5,ok,2.13,,False,39.2,15.1,7.5,13.4,29.7,-16.0,67.9,12.3,5.0,0.129,0.201,NVDA,,126,15.2,11.0,,False
354,FISV,"Fiserv, Inc.",,,Core,28.8,54.07,52.25,15.5,13.6,10.0,0.0,ok,,unavailable,,,False,39.1,6.1,,,,,61.6,-15.1,-21.5,0.136,0.326,MSFT,,126,13.6,12.5,,False
355,MAR,Marriott International,Consumer Cyclical,Lodging,Core,99.0,375.48,378.65,15.0,16.5,10.0,0.0,ok,-2.5,ok,3.58,,False,39.0,28.6,1.8,12.6,79.0,,49.5,12.4,10.9,0.172,0.332,GOOG,,126,16.5,13.0,,False
356,CNC,Centene Corporation,Healthcare,Healthcare Plans,Core,30.1,60.84,63.55,13.0,15.9,10.0,0.0,ok,0.0,ok,-2.38,,False,38.9,11.8,,4.6,11.4,-20.4,33.0,30.9,32.8,-0.04,0.109,AVGO,,126,15.9,15.0,fcf_yield_out_of_range(32.1),False
357,NSC,Norfolk Southern Corporation,Industrials,Railroads,Core,75.0,333.93,319.29,15.5,14.9,10.0,0.0,ok,-1.5,ok,2.84,,False,38.9,23.4,1.8,11.4,45.2,17.0,55.4,11.2,9.4,-0.218,0.213,MSFT,,126,14.9,15.0,,False
358,COHU,"Cohu, Inc.",Technology,Semiconductor Equipment & Mate,Speculative,2.2,46.45,55.84,14.0,18.9,10.0,0.0,ok,-4.0,neg_ebitda_debt,,,False,38.9,31.4,3.2,29.3,43.5,-7.0,37.8,27.1,51.5,0.4,0.512,AVGO,,126,18.9,14.0,,False
359,TRMB,Trimble Inc.,Technology,Scientific & Technical Instrum,Core,13.3,57.06,54.21,16.5,12.9,10.0,0.0,ok,-0.5,ok,1.36,,False,38.9,14.0,2.8,11.8,71.5,8.3,62.0,-15.4,-23.3,0.351,0.373,MSFT,,126,12.9,15.0,,False
360,CTSH,Cognizant Technology Solutions,Technology,Information Technology Service,Core,25.5,53.9,51.2,18.5,10.4,10.0,0.0,ok,0.0,ok,0.26,,False,38.9,8.6,8.6,4.5,33.4,14.9,76.6,-15.2,-40.6,0.009,0.283,MSFT,,126,10.4,15.0,,False
361,CHTR,"Charter Communications, Inc.",Communication Services,Telecom Services,Core,19.1,142.0,136.2,19.0,13.4,10.0,0.0,ok,-3.5,ok,4.41,,False,38.9,3.2,11.5,-1.7,55.2,27.2,61.9,-26.4,-32.6,-0.069,0.217,NVDA,,126,13.4,16.0,,False
362,LYV,"Live Nation Entertainment, Inc",Communication Services,Entertainment,Core,42.7,183.56,174.38,15.5,13.9,10.0,0.0,ok,-0.5,ok,1.01,,False,38.9,85.5,5.0,12.2,25.9,14.9,57.6,17.7,17.5,0.266,0.276,GOOG,,126,13.9,13.0,,False
363,DHR,Danaher Corporation,Healthcare,Diagnostics & Research,Core,137.9,196.17,187.12,14.5,15.8,10.0,0.0,ok,-1.5,ok,2.93,,False,38.8,21.1,3.1,5.5,58.8,7.6,47.6,-3.6,-17.2,0.057,0.167,MSFT,,126,15.8,16.0,,False
364,FCX,"Freeport-McMoRan, Inc.",Basic Materials,Copper,Cyclical,91.2,63.44,63.51,15.0,13.8,10.0,0.0,ok,0.0,ok,0.66,,False,38.8,15.5,2.4,-7.3,38.3,14.8,54.3,11.5,-9.1,0.467,0.49,NVDA,,126,13.8,11.0,,False
365,RVTY,"Revvity, Inc.",Healthcare,Diagnostics & Research,Core,12.7,113.54,107.86,16.0,14.3,10.0,0.0,ok,-1.5,ok,2.91,,False,38.8,19.5,4.0,7.0,54.3,3.2,52.6,15.0,-2.0,0.281,0.212,GOOG,,126,14.3,16.0,,False
366,PANW,"Palo Alto Networks, Inc.",Technology,Software - Infrastructure,Growth,265.4,325.68,309.4,14.0,14.8,10.0,0.0,ok,0.0,ok,-0.66,,False,38.8,79.0,1.3,31.1,72.0,4.8,49.9,52.4,78.1,0.432,0.444,MSFT,,126,14.8,17.0,,False
367,MTB,M&T Bank Corporation,Financial Services,Banks - Regional,Core,35.8,247.0,234.65,16.5,12.3,10.0,0.0,ok,0.0,financial_na,,,False,38.8,11.7,,6.2,0.0,10.7,55.7,16.6,5.6,0.053,0.19,GOOG,,126,12.3,14.0,,False
368,MCK,McKesson Corporation,Healthcare,Medical Distribution,Core,101.3,865.51,822.23,13.0,15.7,10.0,0.0,ok,0.0,ok,0.7,,False,38.7,17.2,5.6,6.0,3.6,,65.3,3.7,-1.4,-0.233,0.22,BMNR,,126,15.7,15.0,,False
369,AZO,"AutoZone, Inc.",Consumer Cyclical,Auto Parts,Core,49.1,3006.57,3088.92,13.0,18.2,10.0,0.0,ok,-2.5,ok,3.01,,False,38.7,17.1,1.8,8.4,51.8,,45.5,-13.8,-25.5,0.028,0.162,GOOG,,126,18.2,12.0,,False
370,BIIB,Biogen Inc.,Healthcare,Drug Manufacturers - General,Core,30.7,207.93,200.27,15.5,14.7,10.0,0.0,ok,-1.5,ok,2.32,,False,38.7,12.5,3.3,3.4,80.1,4.6,55.6,13.6,11.3,-0.098,0.125,GOOG,,126,14.7,17.0,,False
371,CFG,"Citizens Financial Group, Inc.",Financial Services,Banks - Regional,Core,30.3,71.73,68.14,16.0,12.6,10.0,0.0,ok,0.0,financial_na,,,False,38.6,11.0,,14.7,0.0,8.3,55.2,17.8,7.9,0.175,0.218,BMNR,,126,12.6,14.0,,False
372,DVA,DaVita Inc.,Healthcare,Medical Care Facilities,Core,15.3,238.86,226.92,19.5,12.6,10.0,0.0,ok,-3.5,ok,4.5,,False,38.6,13.9,6.5,6.0,32.5,81.0,58.8,53.0,116.0,-0.206,0.195,AVGO,,126,12.6,15.0,,False
373,IR,Ingersoll Rand Inc.,Industrials,Specialty Industrial Machinery,Core,33.0,84.32,80.1,14.5,14.6,10.0,0.0,ok,-0.5,ok,1.81,,False,38.6,21.9,3.1,7.6,43.2,5.7,63.9,3.5,-11.8,0.112,0.188,GOOG,,126,14.6,15.0,,False
374,BWXT,"BWX Technologies, Inc.",Industrials,Aerospace & Defense,Core,15.2,165.59,188.79,15.5,15.6,10.0,0.0,ok,-2.5,ok,3.24,,False,38.6,31.9,1.1,26.1,22.7,29.0,33.1,-16.1,-27.8,0.452,0.532,BMNR,,126,15.6,14.0,,False
375,ETR,Entergy Corporation,Utilities,Utilities - Regulated Electric,Core,50.4,108.03,112.28,13.0,19.0,10.0,0.0,ok,-3.5,ok,5.55,,False,38.5,21.3,-7.8,12.0,47.0,10.8,30.5,4.5,7.1,-0.153,0.213,MSFT,,126,19.0,19.0,,False
376,SNPS,"Synopsys, Inc.",Technology,Software - Infrastructure,Growth,71.3,372.33,448.19,20.0,12.0,10.0,0.0,ok,-3.5,ok,4.93,,True,38.5,21.5,5.0,41.9,82.6,3.8,20.8,-17.2,-29.2,0.484,0.391,BMNR,,126,16.0,17.0,,False
377,CRWD,"CrowdStrike Holdings, Inc.",Technology,Software - Infrastructure,Core,188.6,185.22,491.77,13.0,15.5,10.0,0.0,ok,0.0,ok,-62.9,,False,38.5,118.5,1.0,25.6,75.1,-0.2,48.5,-60.7,-65.1,0.219,0.211,AVGO,,126,15.5,17.0,,False
378,PKG,Packaging Corporation of Ameri,Consumer Cyclical,Packaging & Containers,Core,22.2,248.63,236.2,16.0,14.0,10.0,0.0,ok,-1.5,ok,2.0,,False,38.5,19.6,,14.7,20.8,,69.5,14.9,6.8,0.038,0.119,NVDA,,126,14.0,11.0,,False
379,SLB,SLB Limited,Energy,Oil & Gas Equipment & Services,Cyclical,72.6,48.91,50.99,14.0,14.9,10.0,0.0,ok,-0.5,ok,1.19,,False,38.4,15.0,,5.0,17.0,12.9,54.7,5.1,-5.2,0.087,0.15,NVDA,,126,14.9,14.0,,False
380,FANG,"Diamondback Energy, Inc.",Energy,Oil & Gas E&P,Cyclical,56.2,199.77,191.88,14.5,14.4,10.0,0.0,ok,-0.5,ok,1.35,,False,38.4,11.6,2.5,4.2,72.2,0.5,66.1,16.1,17.2,-0.195,0.342,GOOG,,126,14.4,14.0,,False
381,CTAS,Cintas Corporation,Industrials,Specialty Business Services,Core,82.7,206.79,196.45,16.0,12.4,10.0,0.0,ok,0.0,ok,0.77,,False,38.4,33.9,1.8,8.9,50.7,40.7,73.3,12.2,2.9,-0.063,0.191,AVGO,,126,12.4,17.0,,False
382,PRU,"Prudential Financial, Inc.",Financial Services,Insurance - Life,Core,42.6,122.77,116.63,18.0,10.2,10.0,0.0,ok,0.0,financial_na,,,False,38.2,8.4,24.3,15.3,29.0,10.7,71.8,17.1,6.5,0.195,0.285,BMNR,,126,10.2,14.0,,False
383,CPT,Camden Property Trust,Real Estate,REIT - Residential,Core,11.2,113.29,112.11,17.0,14.7,10.0,0.0,ok,-3.5,ok,4.72,,False,38.2,144.3,6.5,-0.5,61.6,9.1,50.9,7.3,-1.7,-0.158,0.302,AVGO,,126,14.7,17.0,,False
384,WMB,"Williams Companies, Inc. (The)",Energy,Oil & Gas Midstream,Cyclical,86.7,70.91,73.79,13.5,18.2,10.0,0.0,ok,-3.5,ok,4.3,,False,38.2,27.7,-0.2,9.0,63.5,19.7,36.1,4.1,-0.5,-0.132,0.187,MSFT,,126,18.2,14.0,,False
385,APTV,Aptiv PLC,Consumer Cyclical,Auto Parts,Core,12.3,58.09,61.77,14.0,15.7,10.0,0.0,ok,-1.5,ok,2.11,,False,38.2,8.6,8.9,5.4,18.9,4.1,40.8,-18.1,-33.0,0.269,0.352,AVGO,,126,15.7,11.0,,False
386,AXON,"Axon Enterprise, Inc.",Industrials,Aerospace & Defense,Growth,42.3,525.3,499.03,14.0,19.2,10.0,0.0,ok,-5.0,ok,10.73,,False,38.2,50.0,0.1,33.7,59.5,6.8,39.3,1.9,-3.6,0.37,0.431,MSFT,,126,19.2,15.0,,False
387,STT,State Street Corporation,Financial Services,Asset Management,Core,50.2,182.82,173.68,14.0,14.2,10.0,0.0,ok,0.0,financial_na,,,False,38.2,12.0,,-2.8,0.0,12.4,53.6,31.7,33.3,0.379,0.405,NVDA,,126,14.2,14.0,,False
388,AMD,"Advanced Micro Devices, Inc.",Technology,Semiconductors,Growth,791.5,485.39,510.97,14.0,16.1,10.0,-2.0,ok,0.0,ok,-1.14,,False,38.1,35.1,0.9,37.8,53.1,8.1,38.8,56.3,85.8,0.524,0.559,AVGO,,126,16.1,14.0,,False
389,IEX,IDEX Corporation,Industrials,Specialty Industrial Machinery,Core,17.3,233.77,222.08,16.0,12.5,10.0,0.0,ok,-0.5,ok,1.27,,False,38.0,24.7,3.3,6.4,44.7,13.0,69.1,18.6,10.3,0.062,0.13,AVGO,,126,12.5,15.0,,False
390,EPAM,"EPAM Systems, Inc.",Technology,Information Technology Service,Speculative,5.4,103.66,98.48,17.0,11.0,10.0,0.0,ok,0.0,ok,-1.02,,False,38.0,7.3,12.8,7.6,29.1,10.9,77.1,-28.7,-57.1,0.089,0.306,MSFT,,126,11.0,15.0,,False
391,PWR,"Quanta Services, Inc.",Industrials,Engineering & Construction,Core,98.7,657.98,682.02,12.5,17.0,10.0,0.0,ok,-1.5,ok,2.24,,False,38.0,39.2,1.1,26.3,15.1,13.5,49.9,17.5,29.4,0.374,0.389,AVGO,,126,17.0,14.0,,False
392,COIN,"Coinbase Global, Inc.",Financial Services,Financial Data & Stock Exchang,Core,43.1,163.58,165.29,15.0,15.0,10.0,-2.0,ok,0.0,financial_na,,,False,38.0,38.8,5.6,-30.8,85.5,6.7,52.9,-23.4,-24.6,0.627,0.753,BMNR,,126,15.0,16.0,,False
393,WBD,"Warner Bros. Discovery, Inc. -",Communication Services,Entertainment,Core,63.9,25.47,26.62,15.0,15.5,10.0,0.0,ok,-2.5,ok,3.85,,False,38.0,,28.9,-1.0,45.7,-5.0,35.6,-3.6,-14.4,0.17,0.324,NVDA,,126,15.5,14.0,,False
394,AEP,American Electric Power Compan,Utilities,Utilities - Regulated Electric,Core,69.5,127.78,131.65,13.0,18.4,10.0,0.0,ok,-3.5,ok,5.61,,False,37.9,18.7,-10.0,10.2,47.2,12.6,30.3,2.1,2.1,-0.268,0.261,MSFT,,126,18.4,19.0,,False
395,KIM,Kimco Realty Corporation (HC),Real Estate,REIT - Retail,Core,17.2,25.51,25.06,17.0,15.8,10.0,0.0,ok,-5.0,ok,6.21,,False,37.8,29.5,4.9,4.0,69.0,5.9,58.6,13.5,17.8,-0.147,0.183,AVGO,,126,15.8,17.0,,False
396,DDOG,"Datadog, Inc.",Technology,Software - Application,Growth,95.6,268.56,255.13,15.0,12.8,10.0,0.0,ok,0.0,ok,-100.28,,False,37.8,93.0,1.0,32.2,79.9,3.9,57.4,61.1,102.8,0.325,0.44,MSFT,,126,12.8,17.0,,False
397,HST,"Host Hotels & Resorts, Inc.",Real Estate,REIT - Hotel & Motel,Core,17.4,25.09,23.98,17.0,12.2,10.0,0.0,ok,-1.5,ok,2.36,,False,37.7,24.7,6.8,2.8,29.0,14.9,71.9,26.0,29.2,0.153,0.248,GOOG,,126,12.2,15.0,,False
398,REG,Regency Centers Corporation,Real Estate,REIT - Retail,Core,15.0,80.36,79.56,15.5,15.6,10.0,0.0,ok,-3.5,ok,4.85,,False,37.6,31.9,3.8,10.0,71.7,8.0,54.1,7.7,6.0,-0.214,0.251,AVGO,,126,15.6,17.0,,False
399,NDSN,Nordson Corporation,Industrials,Specialty Industrial Machinery,Core,16.4,295.23,290.07,16.0,13.1,10.0,0.0,ok,-1.5,ok,2.05,,False,37.6,23.8,3.5,8.5,55.2,17.1,60.7,10.3,1.0,0.196,0.28,AVGO,,126,13.1,15.0,,False
400,LII,"Lennox International, Inc.",Industrials,Building Products & Equipment,Core,14.5,417.45,526.78,16.0,12.0,10.0,0.0,ok,-0.5,ok,1.69,,True,37.5,15.9,1.9,3.0,33.3,71.8,18.3,-17.9,-22.3,0.119,0.214,NVDA,,126,16.0,14.0,,False
401,GRMN,Garmin Ltd.,Technology,Scientific & Technical Instrum,Core,57.4,297.55,282.67,17.0,10.5,10.0,0.0,ok,0.0,ok,-1.06,,False,37.5,27.7,1.8,11.4,60.1,21.9,80.4,30.2,39.2,0.172,0.159,GOOG,,126,10.5,15.0,,False
402,EMR,Emerson Electric Company,Industrials,Specialty Industrial Machinery,Core,83.3,148.64,141.51,16.0,13.0,10.0,0.0,ok,-1.5,ok,2.09,,False,37.5,20.7,3.9,2.9,52.7,12.3,64.0,7.1,-7.3,0.327,0.322,BMNR,,126,13.0,15.0,,False
403,TTWO,"Take-Two Interactive Software,",Communication Services,Electronic Gaming & Multimedia,Core,46.3,247.43,235.06,13.5,14.5,10.0,0.0,ok,-0.5,ok,1.23,,False,37.5,24.7,3.1,6.1,57.7,-10.6,54.0,7.7,-3.3,0.395,0.372,MSFT,,126,14.5,14.0,,False
404,DG,Dollar General Corporation,Consumer Defensive,Discount Stores,Core,28.1,127.5,121.12,17.0,13.9,10.0,0.0,ok,-3.5,ok,4.26,,False,37.4,15.9,6.7,3.4,30.8,18.9,60.3,4.0,-16.4,0.201,0.248,MSFT,,126,13.9,16.0,,False
405,KMI,"Kinder Morgan, Inc.",Energy,Oil & Gas Midstream,Cyclical,70.4,31.66,32.17,14.5,16.4,10.0,0.0,ok,-3.5,ok,4.23,,False,37.4,20.6,1.5,10.8,49.4,11.0,44.2,5.1,-0.0,-0.247,0.203,AVGO,,126,16.4,13.0,,False
406,MDLZ,"Mondelez International, Inc.",Consumer Defensive,Confectioners,Core,81.0,63.08,61.01,16.0,13.8,10.0,0.0,ok,-2.5,ok,3.35,,False,37.3,18.7,2.8,4.1,31.1,13.3,64.1,8.4,4.3,-0.275,0.315,AVGO,,126,13.8,16.0,,False
407,SWK,"Stanley Black & Decker, Inc.",Industrials,Tools & Accessories,Core,14.9,95.55,90.77,15.5,13.3,10.0,0.0,ok,-1.5,ok,2.22,,False,37.3,15.1,9.9,0.4,32.2,6.9,65.1,23.6,15.4,0.189,0.248,GOOG,,126,13.3,14.0,,False
408,TSCO,Tractor Supply Company,Consumer Cyclical,Specialty Retail,Core,15.8,30.21,30.6,14.5,15.3,10.0,0.0,ok,-2.5,ok,3.27,,False,37.3,14.7,0.7,2.3,36.5,39.5,48.5,-31.9,-47.2,0.035,0.109,AVGO,,126,15.3,11.0,,False
409,IONQ,"IonQ, Inc.",Technology,Computer Hardware,Growth,13.4,35.77,50.9,13.5,15.7,10.0,-2.0,ok,0.0,neg_ebitda_low_debt,,,False,37.2,,-0.7,754.7,,11.3,35.3,-23.1,-24.0,0.53,0.54,BMNR,,126,15.7,13.0,,False
410,SJM,The J.M. Smucker Company,Consumer Defensive,Packaged Foods,Core,13.1,122.21,116.1,16.0,13.6,10.0,0.0,ok,-2.5,ok,3.67,,False,37.1,11.4,7.7,5.8,34.3,-2.4,66.0,18.6,13.9,-0.261,0.367,AVGO,,126,13.6,16.0,,False
411,VLO,Valero Energy Corporation,Energy,Oil & Gas Refining & Marketing,Cyclical,92.6,311.71,296.12,14.5,12.6,10.0,0.0,ok,0.0,ok,0.63,,False,37.1,12.4,5.2,6.6,14.6,15.8,68.2,43.5,65.1,-0.118,0.337,GOOG,,126,12.6,12.0,,False
412,HLT,Hilton Worldwide Holdings Inc.,Consumer Cyclical,Lodging,Core,72.5,322.02,333.01,14.0,16.6,10.0,0.0,ok,-3.5,ok,4.21,,False,37.1,30.9,1.9,2.5,79.0,,37.4,5.4,0.9,0.257,0.408,GOOG,,126,16.6,13.0,,False
413,VTRS,Viatris Inc.,Healthcare,Drug Manufacturers - Specialty,Core,20.7,17.76,16.87,14.5,14.1,10.0,0.0,ok,-1.5,ok,2.96,,False,37.1,6.8,10.8,8.1,39.8,-2.0,69.8,28.3,30.3,0.146,0.182,NVDA,,126,14.1,15.0,,False
414,AEE,Ameren Corporation,Utilities,Utilities - Regulated Electric,Core,30.1,108.75,110.88,12.0,18.5,10.0,0.0,ok,-3.5,ok,5.56,,False,37.0,18.7,-6.2,3.7,50.5,11.7,37.7,1.8,-1.2,-0.28,0.295,AVGO,,126,18.5,19.0,,False
415,BEN,"Franklin Resources, Inc.",Financial Services,Asset Management,Core,17.2,33.17,32.51,11.0,16.0,10.0,0.0,ok,0.0,financial_na,,,False,37.0,10.7,-1.4,8.7,37.4,6.7,47.4,24.0,23.3,0.396,0.352,GOOG,,126,16.0,14.0,,False
416,TDY,Teledyne Technologies Incorpor,Technology,Scientific & Technical Instrum,Core,30.1,649.18,629.07,14.5,13.0,10.0,0.0,ok,-0.5,ok,1.06,,False,37.0,24.3,3.0,9.8,43.3,9.2,57.0,8.5,-2.9,0.354,0.385,NVDA,,126,13.0,14.0,,False
417,CAT,"Caterpillar, Inc.",Industrials,Farm & Heavy Construction Mach,Core,372.7,809.14,920.99,16.5,12.0,10.0,0.0,ok,-1.5,ok,2.73,,True,37.0,26.6,1.0,22.2,28.6,51.3,23.3,10.0,15.1,0.274,0.447,AVGO,,126,18.7,14.0,,False
418,GNRC,Generac Holdlings Inc.,Industrials,Specialty Industrial Machinery,Core,11.3,191.91,250.78,15.5,12.0,10.0,0.0,ok,-0.5,ok,1.94,,True,37.0,17.0,2.6,10.6,39.5,9.5,7.7,-6.1,6.2,0.192,0.382,AVGO,,126,20.7,14.0,,False
419,COO,"The Cooper Companies, Inc.",Healthcare,Medical Instruments & Supplies,Core,14.2,72.65,69.02,14.5,13.9,10.0,0.0,ok,-1.5,ok,2.92,,False,36.9,14.5,3.0,7.9,65.6,2.9,56.9,-0.6,-16.3,0.001,0.173,AVGO,,126,13.9,17.0,,False
420,WELL,Welltower Inc.,Real Estate,REIT - Healthcare Facilities,Growth,169.8,235.63,223.85,14.0,16.4,10.0,0.0,ok,-3.5,ok,5.32,,False,36.9,70.1,1.6,39.1,39.6,3.8,54.5,16.1,21.1,-0.226,0.261,AVGO,,126,16.4,15.0,,False
421,ES,Eversource Energy (D/B/A),Utilities,Utilities - Regulated Electric,Core,27.8,73.84,71.68,16.0,15.9,10.0,0.0,ok,-5.0,ok,6.14,,False,36.9,15.0,2.1,9.4,53.5,10.9,44.4,6.6,2.8,-0.143,0.194,AVGO,,126,15.9,19.0,,False
422,CRH,CRH PLC,Basic Materials,Building Materials,Cyclical,64.1,96.0,104.95,12.0,16.3,10.0,0.0,ok,-1.5,ok,2.27,,False,36.8,14.3,1.2,9.1,36.1,15.8,33.2,-15.5,-28.5,0.234,0.315,GOOG,,126,16.3,11.0,,False
423,WEC,"WEC Energy Group, Inc.",Utilities,Utilities - Regulated Electric,Core,35.8,110.05,113.72,12.0,18.3,10.0,0.0,ok,-3.5,ok,5.77,,False,36.8,18.3,-6.6,2.6,42.0,12.0,36.1,-1.2,-5.3,-0.327,0.348,AVGO,,126,18.3,19.0,,False
424,LEN,Lennar Corporation,Consumer Cyclical,Residential Construction,Core,20.2,83.75,87.8,12.0,15.3,10.0,0.0,ok,-0.5,ok,1.92,,False,36.8,12.9,5.3,-5.2,16.4,7.4,48.7,-18.4,-30.7,0.08,0.194,GOOG,,126,15.3,11.0,,False
425,CARR,Carrier Global Corporation,Industrials,Building Products & Equipment,Core,51.0,61.39,68.17,10.5,18.8,10.0,0.0,ok,-2.5,ok,3.57,,False,36.8,18.6,1.7,3.9,24.7,9.0,30.3,1.2,-3.7,0.134,0.262,GOOG,,126,18.8,14.0,,False
426,GPC,Genuine Parts Company,Consumer Cyclical,Auto Parts,Core,17.2,124.83,118.59,14.5,13.7,10.0,0.0,ok,-1.5,ok,2.97,,False,36.7,15.0,5.3,6.0,37.6,0.7,48.8,5.4,-16.0,-0.016,0.109,NVDA,,126,13.7,11.0,,False
427,IFF,International Flavors & Fragra,Basic Materials,Specialty Chemicals,Cyclical,20.3,79.48,76.66,14.5,14.6,10.0,0.0,ok,-2.5,ok,3.14,,False,36.6,16.6,18.2,-3.6,36.3,6.1,55.2,11.0,8.1,0.13,0.243,GOOG,,126,14.6,11.0,,False
428,O,Realty Income Corporation,Real Estate,REIT - Retail,Core,60.1,64.43,62.68,16.5,13.6,10.0,0.0,ok,-3.5,ok,5.72,,False,36.6,37.7,3.0,12.0,92.6,2.8,57.1,6.2,1.1,-0.269,0.275,NVDA,,126,13.6,17.0,,False
429,TRGP,"Targa Resources, Inc.",Energy,Oil & Gas Midstream,Cyclical,57.6,268.34,269.74,13.0,16.1,10.0,0.0,ok,-2.5,ok,3.65,,False,36.6,22.4,-0.6,-10.2,41.8,74.1,45.5,21.5,27.8,-0.169,0.141,GOOG,,126,16.1,13.0,,False
430,ATO,Atmos Energy Corporation,Utilities,Utilities - Regulated Gas,Core,29.1,174.26,173.87,11.5,17.6,10.0,0.0,ok,-2.5,ok,3.74,,False,36.6,19.3,-7.6,0.6,61.0,9.6,46.3,-0.9,-1.2,-0.326,0.293,MSFT,,126,17.6,20.0,,False
431,EQR,Equity Residential,Real Estate,REIT - Residential,Core,25.9,67.12,67.43,13.5,16.6,10.0,0.0,ok,-3.5,ok,4.51,,False,36.6,42.8,,2.1,62.3,8.0,42.4,7.2,3.1,-0.113,0.251,AVGO,,126,16.6,17.0,,False
432,MRNA,"Moderna, Inc.",Healthcare,Biotechnology,Growth,23.0,57.92,58.22,9.0,17.5,10.0,0.0,ok,0.0,neg_ebitda_low_debt,,,False,36.5,,-0.1,260.2,-69.9,-36.6,28.0,29.5,16.9,0.331,0.34,BMNR,,126,17.5,15.0,,False
433,BLDR,"Builders FirstSource, Inc.",Industrials,Building Products & Equipment,Speculative,7.1,66.01,76.51,13.5,16.5,10.0,0.0,ok,-3.5,ok,4.3,,False,36.5,11.1,9.0,-10.1,29.9,7.0,32.8,-31.3,-49.4,0.157,0.262,NVDA,,126,16.5,14.0,,False
434,DOC,"Healthpeak Properties, Inc.",Real Estate,REIT - Healthcare Facilities,Core,15.2,22.06,20.96,17.0,14.5,10.0,0.0,ok,-5.0,ok,6.18,,False,36.5,,7.3,7.1,58.3,2.8,55.8,23.2,25.0,0.06,0.163,NVDA,,126,14.5,16.0,,False
435,AEHR,Aehr Test Systems,Technology,Semiconductor Equipment & Mate,Growth,2.5,76.87,91.11,10.5,16.0,10.0,0.0,ok,0.0,neg_ebitda_low_debt,,,False,36.5,55.6,-0.1,33.7,35.3,-4.2,52.1,45.5,179.3,0.465,0.495,AVGO,,126,16.0,13.0,,False
436,LYB,LyondellBasell Industries NV,Basic Materials,Specialty Chemicals,Cyclical,19.5,60.44,61.21,11.0,19.0,10.0,0.0,ok,-3.5,ok,5.27,,False,36.5,9.3,5.1,-6.3,9.2,-6.0,64.7,4.9,15.7,-0.16,0.268,GOOG,,126,19.0,11.0,,False
437,TECH,Bio-Techne Corp,Healthcare,Biotechnology,Core,11.2,72.03,68.43,14.5,11.9,10.0,0.0,ok,0.0,ok,0.21,,False,36.4,35.2,2.7,-1.5,66.4,5.3,65.1,21.2,6.2,0.104,0.14,GOOG,,126,11.9,17.0,,False
438,NCLH,Norwegian Cruise Line Holdings,Consumer Cyclical,Travel Services,Speculative,8.6,18.72,19.21,13.5,17.9,10.0,0.0,ok,-5.0,ok,6.07,,False,36.4,9.3,-17.5,9.6,43.0,29.5,43.2,-7.8,-25.0,0.19,0.386,GOOG,,126,17.9,14.0,,False
439,J,Jacobs Solutions Inc.,Industrials,Engineering & Construction,Core,15.7,132.75,126.11,13.5,15.4,10.0,0.0,ok,-2.5,ok,3.11,,False,36.4,16.1,3.3,27.0,23.4,9.4,62.2,-0.8,-9.1,0.104,0.109,MSFT,,126,15.4,14.0,,False
440,BA,Boeing Company (The),Industrials,Aerospace & Defense,Core,174.5,220.9,218.88,14.5,15.8,10.0,0.0,ok,-4.0,neg_ebitda_debt,,,False,36.3,52.8,3.2,8.0,4.7,173.5,48.7,1.2,-12.3,0.405,0.381,BMNR,,126,15.8,14.0,,False
441,FN,Fabrinet,Technology,Electronic Components,Growth,15.7,439.33,565.48,11.5,14.8,10.0,0.0,ok,0.0,ok,-1.96,,False,36.3,25.4,-0.5,39.3,12.0,20.0,43.8,-17.1,-18.2,0.382,0.481,AVGO,,126,14.8,13.0,,False
442,AVB,"AvalonBay Communities, Inc.",Real Estate,REIT - Residential,Core,26.8,187.78,187.82,13.5,16.3,10.0,0.0,ok,-3.5,ok,4.82,,False,36.3,38.5,,2.1,62.6,8.5,43.4,5.3,1.9,-0.026,0.233,AVGO,,126,16.3,17.0,,False
443,HSIC,"Henry Schein, Inc.",Healthcare,Medical Distribution,Speculative,9.7,85.17,81.54,13.0,15.8,10.0,0.0,ok,-2.5,ok,3.45,,False,36.3,14.4,3.0,6.3,31.2,8.8,53.4,11.8,7.8,0.115,0.158,GOOG,,126,15.8,15.0,,False
444,WULF,TeraWulf Inc.,Financial Services,Capital Markets,Speculative,8.8,17.82,23.24,7.0,21.2,10.0,-2.0,ok,0.0,financial_na,,,False,36.2,91.4,-3.2,-1.1,,-2215.9,35.7,1.7,15.8,0.542,0.55,BMNR,,126,21.2,16.0,,False
445,DGX,Quest Diagnostics Incorporated,Healthcare,Diagnostics & Research,Core,25.9,234.3,222.59,15.5,12.1,10.0,0.0,ok,-1.5,ok,2.55,,False,36.1,19.5,3.5,10.2,33.2,14.6,77.3,21.4,22.3,-0.26,0.275,AVGO,,126,12.1,15.0,,False
446,NBIS,Nebius Group N.V.,Communication Services,Internet Content & Information,Growth,47.8,188.43,223.84,15.0,17.1,10.0,-2.0,ok,-4.0,neg_ebitda_debt,,,False,36.1,,-12.9,683.9,72.1,14.1,42.9,33.7,91.8,0.504,0.479,NVDA,,126,17.1,15.0,,False
447,GLW,Corning Incorporated,Technology,Electronic Components,Core,116.2,135.22,183.21,14.5,12.0,10.0,0.0,ok,-0.5,ok,1.42,,True,36.0,31.4,0.8,16.6,36.7,16.8,24.6,0.3,24.8,0.302,0.437,AVGO,,126,22.1,13.0,,False
448,OKE,"ONEOK, Inc.",Energy,Oil & Gas Midstream,Cyclical,56.1,89.07,89.42,13.0,16.4,10.0,0.0,ok,-3.5,ok,4.46,,False,35.9,14.4,0.8,19.6,29.6,15.9,47.3,10.4,9.6,-0.315,0.31,GOOG,,126,16.4,12.0,,False
449,CRL,Charles River Laboratories Int,Healthcare,Diagnostics & Research,Core,11.3,234.62,222.89,15.0,13.4,10.0,0.0,ok,-2.5,ok,3.23,,False,35.9,19.0,4.5,1.2,34.5,-5.9,51.1,25.5,4.1,0.276,0.232,BMNR,,126,13.4,15.0,,False
450,BALL,Ball Corporation,Consumer Cyclical,Packaging & Containers,Core,17.4,65.31,62.04,14.0,14.4,10.0,0.0,ok,-2.5,ok,3.63,,False,35.9,14.4,2.3,16.3,19.2,16.8,65.5,14.5,9.1,-0.075,0.129,AVGO,,126,14.4,11.0,,False
451,SO,Southern Company (The),Utilities,Utilities - Regulated Electric,Core,106.3,94.34,94.51,12.5,16.9,10.0,0.0,ok,-3.5,ok,5.37,,False,35.9,19.2,-3.7,8.0,48.0,11.0,45.2,2.7,0.8,-0.323,0.322,AVGO,,126,16.9,19.0,,False
452,PCAR,PACCAR Inc.,Industrials,Farm & Heavy Construction Mach,Core,70.4,133.76,127.07,15.5,11.8,10.0,0.0,ok,-1.5,ok,2.34,,False,35.8,18.8,,0.5,13.7,12.8,67.5,16.3,2.4,0.174,0.244,NVDA,,126,11.8,14.0,fcf_yield_out_of_range(34.1),False
453,NI,NiSource Inc,Utilities,Utilities - Regulated Gas,Core,21.6,45.07,46.75,11.5,17.7,10.0,0.0,ok,-3.5,ok,5.61,,False,35.7,20.0,-7.2,8.2,50.7,9.1,36.1,0.4,-4.5,-0.113,0.133,AVGO,,126,17.7,19.0,,False
454,TSN,"Tyson Foods, Inc.",Consumer Defensive,Farm Products,Core,21.4,60.65,58.94,13.0,14.2,10.0,0.0,ok,-1.5,ok,2.8,,False,35.7,13.5,4.8,4.4,6.4,2.6,69.0,1.8,-13.0,-0.082,0.204,NVDA,,126,14.2,16.0,,False
455,CAG,"ConAgra Brands, Inc.",Consumer Defensive,Packaged Foods,Speculative,7.2,15.03,14.28,14.5,14.7,10.0,0.0,ok,-3.5,ok,4.17,,False,35.7,9.7,11.9,3.6,24.0,-25.1,65.2,-4.4,-20.3,-0.214,0.348,AVGO,,126,14.7,16.0,,False
456,CASY,"Caseys General Stores, Inc.",Consumer Cyclical,Specialty Retail,Core,32.1,867.5,824.15,11.5,14.6,10.0,0.0,ok,-0.5,ok,1.6,,False,35.6,36.8,1.7,14.5,24.6,19.2,61.2,25.7,35.4,-0.086,0.112,MSFT,,126,14.6,11.0,,False
457,UDR,"UDR, Inc.",Real Estate,REIT - Residential,Core,14.2,38.3,39.0,12.5,16.5,10.0,0.0,ok,-3.5,ok,5.75,,False,35.5,68.4,,-0.1,66.6,13.7,38.5,5.3,-1.7,-0.16,0.277,AVGO,,126,16.5,17.0,,False
458,LNT,Alliant Energy Corporation,Utilities,Utilities - Regulated Electric,Core,18.3,70.89,74.03,12.0,18.5,10.0,0.0,ok,-5.0,ok,6.32,,False,35.5,19.2,-6.6,5.0,45.2,11.3,27.1,1.8,1.8,-0.292,0.284,AVGO,,126,18.5,19.0,,False
459,BMNR,BitMine Immersion Technologies,Financial Services,Capital Markets,Growth,10.9,18.08,17.18,14.0,13.5,10.0,-2.0,ok,0.0,financial_na,,,False,35.5,19.2,-4.8,2167.8,84.4,-150.9,62.8,-29.2,-39.0,0.605,0.507,NVDA,,126,13.5,16.0,,True
460,DUK,Duke Energy Corporation (Holdi,Utilities,Utilities - Regulated Electric,Core,98.4,126.27,125.54,12.0,16.9,10.0,0.0,ok,-3.5,ok,5.41,,False,35.4,17.6,-2.3,11.3,51.0,9.7,52.3,2.4,-0.5,-0.417,0.389,AVGO,,126,16.9,19.0,,False
461,CVX,Chevron Corporation,Energy,Oil & Gas Integrated,Cyclical,383.0,192.31,182.76,13.0,12.9,10.0,0.0,ok,-0.5,ok,1.06,,False,35.4,15.2,3.1,2.3,42.4,6.6,75.2,10.4,6.7,-0.305,0.41,GOOG,,126,12.9,13.0,,False
462,PPL,PPL Corporation,Utilities,Utilities - Regulated Electric,Core,26.8,35.56,35.88,11.5,17.4,10.0,0.0,ok,-3.5,ok,5.22,,False,35.4,16.8,-6.0,10.8,43.3,8.3,47.6,-2.2,-8.1,-0.174,0.248,AVGO,,126,17.4,19.0,,False
463,DLR,"Digital Realty Trust, Inc.",Real Estate,REIT - Specialty,Core,72.7,193.19,185.15,14.0,14.9,10.0,0.0,ok,-3.5,ok,5.61,,False,35.4,65.9,,29.9,57.0,2.9,61.4,10.3,9.4,0.186,0.224,BMNR,,126,14.9,16.0,,False
464,NEE,"NextEra Energy, Inc.",Utilities,Utilities - Regulated Electric,Core,183.4,87.93,87.43,14.0,16.3,10.0,0.0,ok,-5.0,ok,7.35,,False,35.3,19.9,-9.7,12.4,61.0,11.7,49.8,0.7,-6.3,-0.115,0.245,MSFT,,126,16.3,20.0,,False
465,RGTI,"Rigetti Computing, Inc.",Technology,Computer Hardware,Growth,4.9,14.86,19.17,11.0,16.3,10.0,-2.0,ok,0.0,neg_ebitda_low_debt,,,False,35.3,,-0.1,198.9,,-57.1,42.9,-33.0,-31.9,0.553,0.594,BMNR,,126,16.3,13.0,,False
466,TMO,Thermo Fisher Scientific Inc,Healthcare,Diagnostics & Research,Core,214.3,576.77,547.93,17.0,10.7,10.0,0.0,ok,-2.5,ok,3.28,,False,35.2,21.0,2.9,10.5,40.9,13.5,71.7,8.8,-9.2,0.212,0.237,MSFT,,126,10.7,16.0,,False
467,ADM,Archer-Daniels-Midland Company,Consumer Defensive,Farm Products,Core,38.9,80.61,80.18,12.0,15.7,10.0,0.0,ok,-2.5,ok,3.95,,False,35.2,14.7,4.1,1.6,6.3,4.8,50.7,16.5,14.6,-0.044,0.139,GOOG,,126,15.7,16.0,,False
468,EVRG,"Evergy, Inc.",Utilities,Utilities - Regulated Electric,Core,19.2,83.25,84.53,10.5,18.2,10.0,0.0,ok,-3.5,ok,5.69,,False,35.2,18.3,-5.7,5.0,52.3,8.9,38.5,4.6,3.2,-0.291,0.336,AVGO,,126,18.2,19.0,,False
469,LH,Labcorp Holdings Inc.,Healthcare,Diagnostics & Research,Core,25.9,315.53,299.75,16.0,10.6,10.0,0.0,ok,-1.5,ok,2.8,,False,35.1,16.2,4.4,5.8,28.8,11.0,77.5,17.9,10.5,-0.025,0.171,AVGO,,126,10.6,15.0,,False
470,DPZ,Domino's Pizza Inc,Consumer Cyclical,Restaurants,Core,11.7,352.25,334.64,15.5,13.1,10.0,0.0,ok,-3.5,ok,4.84,,False,35.1,16.9,4.6,4.3,28.7,,76.0,-5.2,-19.8,-0.027,0.209,AVGO,,126,13.1,11.0,,False
471,APD,"Air Products and Chemicals, In",Basic Materials,Specialty Chemicals,Cyclical,66.8,300.2,289.37,12.0,16.5,10.0,0.0,ok,-3.5,ok,4.51,,False,35.0,21.0,-5.3,8.8,32.0,12.4,50.9,9.3,11.3,-0.042,0.083,GOOG,,126,16.5,11.0,,False
472,WAT,Waters Corporation,Healthcare,Diagnostics & Research,Growth,37.3,380.3,367.13,14.0,14.4,10.0,0.0,ok,-3.5,ok,4.53,,False,34.9,23.1,-1.3,91.4,55.2,5.2,52.3,7.4,-5.4,0.126,0.132,GOOG,,126,14.4,16.0,,False
473,LUV,Southwest Airlines Company,Industrials,Airlines,Core,22.3,45.6,46.1,10.5,14.9,10.0,0.0,ok,-0.5,ok,1.33,,False,34.9,9.2,-3.7,16.4,22.4,11.1,39.5,9.7,-12.3,0.172,0.349,GOOG,,126,14.9,14.0,,False
474,STLD,"Steel Dynamics, Inc.",Basic Materials,Steel,Growth,36.2,252.5,247.88,12.5,12.9,10.0,0.0,ok,-0.5,ok,1.43,,False,34.9,13.4,0.6,33.4,14.7,17.6,73.3,27.8,32.5,0.13,0.191,AVGO,,126,12.9,11.0,,False
475,CNP,"CenterPoint Energy, Inc (Holdi",Utilities,Utilities - Regulated Electric,Core,27.8,42.15,43.17,11.5,18.3,10.0,0.0,ok,-5.0,ok,6.28,,False,34.8,20.2,-18.7,10.7,47.0,9.8,40.9,2.2,0.3,-0.286,0.308,AVGO,,126,18.3,19.0,,False
476,PLD,"Prologis, Inc.",Real Estate,REIT - Industrial,Core,139.5,146.19,143.9,14.5,13.8,10.0,0.0,ok,-3.5,ok,5.12,,False,34.8,43.0,,12.3,75.5,7.7,60.5,8.8,6.3,0.029,0.143,GOOG,,126,13.8,17.0,,False
477,NUE,Nucor Corporation,Basic Materials,Steel,Cyclical,58.5,257.04,244.19,14.0,10.8,10.0,0.0,ok,0.0,ok,0.78,,False,34.8,14.2,1.1,23.0,15.6,14.5,73.5,35.1,36.6,0.129,0.21,NVDA,,126,10.8,11.0,,False
478,SW,Smurfit WestRock plc,Consumer Cyclical,Packaging & Containers,Core,24.9,47.52,45.14,13.0,13.2,10.0,0.0,ok,-1.5,ok,2.95,,False,34.7,14.2,5.1,1.1,17.9,2.7,59.4,16.6,8.4,0.132,0.201,NVDA,,126,13.2,11.0,,False
479,IQV,"IQVIA Holdings, Inc.",Healthcare,Diagnostics & Research,Core,39.1,237.79,225.9,17.5,10.7,10.0,0.0,ok,-3.5,ok,4.65,,False,34.7,16.5,5.5,8.7,33.0,22.8,69.7,20.5,-5.8,0.196,0.228,MSFT,,126,10.7,15.0,,False
480,ARE,Alexandria Real Estate Equitie,Real Estate,REIT - Office,Speculative,9.1,52.49,50.77,15.0,14.4,10.0,0.0,ok,-5.0,ok,6.7,,False,34.4,,15.4,-11.5,68.6,-4.1,70.8,2.6,-8.1,0.109,0.092,GOOG,,126,14.4,17.0,,False
481,HRL,Hormel Foods Corporation,Consumer Defensive,Packaged Foods,Core,14.0,25.37,24.25,10.5,13.9,10.0,0.0,ok,0.0,ok,-0.26,,False,34.4,16.3,3.4,-2.9,15.8,5.8,57.0,10.2,-1.4,-0.097,0.178,AVGO,,126,13.9,16.0,,False
482,EXC,Exelon Corporation,Utilities,Utilities - Regulated Electric,Core,46.6,45.58,46.22,10.5,18.9,10.0,0.0,ok,-5.0,ok,6.13,,False,34.4,15.0,-6.0,7.9,42.6,9.8,41.9,-0.9,-3.2,-0.3,0.301,AVGO,,126,18.9,19.0,,False
483,CBRE,CBRE Group Inc,Real Estate,Real Estate Services,Core,43.8,149.46,141.99,14.0,13.9,10.0,0.0,ok,-3.5,ok,4.05,,False,34.4,16.6,3.9,15.1,18.6,15.8,62.7,1.0,-19.6,0.197,0.244,MSFT,,126,13.9,17.0,,False
484,EIX,Edison International,Utilities,Utilities - Regulated Electric,Core,30.3,78.73,74.79,13.5,14.3,10.0,0.0,ok,-3.5,ok,4.96,,False,34.3,12.1,-3.7,7.7,58.7,18.9,65.8,18.8,21.4,-0.161,0.181,AVGO,,126,14.3,19.0,,False
485,SOLV,Solventum Corporation,Healthcare,Medical Instruments & Supplies,Core,15.0,86.82,82.48,17.5,10.3,10.0,0.0,ok,-3.5,ok,4.21,,False,34.3,12.2,2.5,-3.0,53.7,34.8,70.4,15.5,6.7,0.114,0.228,GOOG,,126,10.3,16.0,,False
486,CVS,CVS Health Corporation,Healthcare,Healthcare Plans,Core,134.3,105.22,100.9,11.5,16.0,10.0,0.0,ok,-3.5,ok,4.32,,False,34.0,12.5,3.9,6.1,13.4,3.8,52.9,25.6,35.9,-0.098,0.155,MSFT,,126,16.0,15.0,,False
487,DOW,Dow Inc.,Basic Materials,Chemicals,Cyclical,21.7,30.09,31.56,9.0,17.5,10.0,0.0,ok,-2.5,ok,3.76,,False,34.0,16.3,1.3,19.7,9.8,-5.5,55.9,-0.6,5.4,-0.126,0.225,GOOG,,126,17.5,11.0,,False
488,SOUN,"SoundHound AI, Inc.",Technology,Software - Application,Growth,2.7,6.14,7.06,11.5,16.4,10.0,-4.0,ok,0.0,neg_ebitda_low_debt,,,False,33.9,,-0.6,51.7,40.6,-39.4,41.2,-36.0,-39.1,0.679,0.586,BMNR,,126,16.4,16.0,,False
489,ED,"Consolidated Edison, Inc.",Utilities,Utilities - Regulated Electric,Core,40.4,109.66,109.2,11.0,16.4,10.0,0.0,ok,-3.5,ok,4.49,,False,33.9,16.9,-2.1,6.2,53.2,8.7,45.2,4.3,-1.5,-0.483,0.441,AVGO,,126,16.4,19.0,,False
490,IRM,Iron Mountain Incorporated (De,Real Estate,REIT - Specialty,Core,37.1,124.64,125.33,14.0,14.8,10.0,0.0,ok,-5.0,ok,7.95,,False,33.8,46.6,-1.3,21.6,55.0,,56.5,17.2,28.3,0.339,0.387,BMNR,,126,14.8,16.0,,False
491,CMS,CMS Energy Corporation,Utilities,Utilities - Regulated Electric,Core,22.3,72.26,74.15,9.5,19.2,10.0,0.0,ok,-5.0,ok,6.32,,False,33.7,17.4,-9.9,-0.5,40.3,9.2,32.9,-1.5,-3.2,-0.323,0.293,AVGO,,126,19.2,19.0,,False
492,AWK,"American Water Works Company, ",Utilities,Utilities - Regulated Water,Core,26.7,136.81,129.97,13.0,14.1,10.0,0.0,ok,-3.5,ok,5.47,,False,33.6,20.8,-7.1,5.7,60.8,10.2,64.7,5.1,0.8,-0.399,0.392,AVGO,,126,14.1,20.0,,False
493,MOS,Mosaic Company (The),Basic Materials,Agricultural Inputs,Cyclical,7.2,22.77,22.16,9.0,16.1,10.0,0.0,ok,-1.5,ok,2.75,,False,33.6,12.4,-4.0,14.4,13.3,0.6,60.7,-8.7,-24.8,0.18,0.198,AVGO,,126,16.1,11.0,,False
494,XYZ,"Block, Inc.",Technology,Software - Infrastructure,Core,49.2,82.59,78.46,9.5,14.1,10.0,0.0,ok,0.0,ok,0.52,,False,33.6,16.3,-1.6,4.9,45.1,3.7,63.3,22.1,26.0,0.451,0.35,BMNR,,126,14.1,16.0,,False
495,XEL,Xcel Energy Inc.,Utilities,Utilities - Regulated Electric,Core,48.8,78.23,79.58,10.5,18.0,10.0,0.0,ok,-5.0,ok,6.18,,False,33.5,17.3,-15.3,2.9,45.9,9.6,41.0,-0.5,-3.0,-0.199,0.204,AVGO,,126,18.0,19.0,,False
496,D,"Dominion Energy, Inc.",Utilities,Utilities - Regulated Electric,Core,61.3,69.73,68.66,12.5,16.0,10.0,0.0,ok,-5.0,ok,6.29,,False,33.5,18.3,-16.2,23.1,47.3,9.8,47.9,11.1,9.1,-0.177,0.172,MSFT,,126,16.0,19.0,,False
497,COR,"Cencora, Inc.",Healthcare,Medical Distribution,Core,60.7,312.23,296.62,11.0,14.0,10.0,0.0,ok,-1.5,ok,2.44,,False,33.5,15.8,-0.5,3.8,3.8,107.1,57.7,-3.5,-17.7,-0.12,0.139,NVDA,,126,14.0,15.0,,False
498,EXR,Extra Space Storage Inc,Real Estate,REIT - Industrial,Core,32.7,148.21,146.17,13.5,13.5,10.0,0.0,ok,-3.5,ok,5.94,,False,33.5,31.2,,3.7,74.9,7.0,58.2,6.2,1.2,-0.064,0.189,AVGO,,126,13.5,17.0,,False
499,SMCI,"Super Micro Computer, Inc.",Technology,Computer Hardware,Growth,17.9,27.73,32.43,12.0,14.9,10.0,0.0,ok,-3.5,ok,4.97,,False,33.4,8.4,-41.5,122.7,8.4,17.9,48.5,-15.7,-14.7,0.439,0.477,NVDA,,126,14.9,13.0,,False
500,NRG,"NRG Energy, Inc.",Utilities,Utilities - Independent Power ,Core,28.3,133.97,135.4,10.0,18.4,10.0,0.0,ok,-5.0,ok,10.27,,False,33.4,11.9,1.5,19.5,16.4,6.2,44.0,-12.3,-19.0,0.316,0.388,AVGO,,126,18.4,18.0,,False
501,DTE,DTE Energy Company,Utilities,Utilities - Regulated Electric,Core,29.5,141.7,147.3,9.5,18.7,10.0,0.0,ok,-5.0,ok,7.69,,False,33.2,16.9,-8.8,-1.5,29.3,11.0,31.3,0.7,-0.5,-0.246,0.237,AVGO,,126,18.7,18.0,,False
502,PNW,Pinnacle West Capital Corporat,Utilities,Utilities - Regulated Electric,Core,12.3,101.32,104.4,11.5,16.7,10.0,0.0,ok,-5.0,ok,7.09,,False,33.2,18.2,-6.8,11.4,43.0,9.6,28.1,5.1,4.2,-0.316,0.345,AVGO,,126,16.7,19.0,,False
503,BG,Bunge Limited,Consumer Defensive,Farm Products,Growth,20.4,105.07,118.15,9.5,17.1,10.0,0.0,ok,-3.5,ok,5.2,,False,33.1,9.3,-32.8,88.3,4.9,7.2,35.4,-5.7,-15.0,-0.051,0.158,GOOG,,126,17.1,16.0,,False
504,PSKY,Paramount Skydance Corporation,Communication Services,Entertainment,Speculative,8.7,7.81,9.73,14.5,12.0,10.0,0.0,ok,-3.5,ok,4.74,,True,33.0,8.7,,2.2,32.6,-0.8,20.6,-33.5,-37.0,0.084,0.107,GOOG,,126,16.0,13.0,fcf_yield_out_of_range(187.6),False
505,XOM,ExxonMobil Holdings Corporatio,Energy,Oil & Gas Integrated,Cyclical,650.6,156.97,149.12,10.5,12.5,10.0,0.0,ok,0.0,ok,0.7,,False,33.0,14.8,1.8,2.6,29.8,9.9,83.4,13.9,6.5,-0.312,0.39,GOOG,,126,12.5,12.0,,False
506,DE,Deere & Company,Industrials,Farm & Heavy Construction Mach,Core,161.9,599.47,588.19,10.0,16.4,10.0,0.0,ok,-3.5,ok,4.6,,False,32.9,26.4,0.7,-11.1,26.0,18.3,54.8,9.8,6.7,-0.041,0.253,MSFT,,126,16.4,14.0,,False
507,FE,FirstEnergy Corp.,Utilities,Utilities - Regulated Electric,Core,28.2,48.71,47.44,11.5,14.9,10.0,0.0,ok,-3.5,ok,5.33,,False,32.9,16.5,-7.1,8.8,68.6,9.5,56.1,3.9,-1.8,-0.195,0.277,AVGO,,126,14.9,20.0,,False
508,KDP,Keurig Dr Pepper Inc.,Consumer Defensive,Beverages - Non-Alcoholic,Core,43.0,31.57,30.92,10.5,17.3,10.0,0.0,ok,-5.0,ok,6.3,,False,32.8,12.5,-38.1,9.4,53.8,6.3,49.2,11.2,12.0,-0.144,0.177,AVGO,,126,17.3,17.0,,False
509,SRE,DBA Sempra,Utilities,Utilities - Diversified,Core,58.6,89.58,91.81,9.5,18.3,10.0,0.0,ok,-5.0,ok,6.34,,False,32.8,16.2,-48.2,-3.9,42.5,5.7,32.2,-2.1,-3.2,-0.149,0.194,MSFT,,126,18.3,19.0,,False
510,MPC,Marathon Petroleum Corporation,Energy,Oil & Gas Refining & Marketing,Cyclical,91.7,314.08,298.38,14.5,10.7,10.0,0.0,ok,-2.5,ok,3.14,,False,32.7,11.3,3.8,8.8,10.7,27.5,70.9,42.4,72.9,-0.118,0.262,GOOG,,126,10.7,12.0,,False
511,BXP,"BXP, Inc.",Real Estate,REIT - Office,Core,12.8,71.67,68.09,13.5,14.2,10.0,0.0,ok,-5.0,ok,9.65,,False,32.7,34.3,,3.8,56.9,5.3,66.4,13.4,5.0,0.164,0.206,BMNR,,126,14.2,16.0,,False
512,RCL,Royal Caribbean Cruises Ltd.,Consumer Cyclical,Travel Services,Core,86.1,321.94,305.84,15.0,10.2,10.0,0.0,ok,-2.5,ok,3.27,,False,32.7,15.9,-1.8,6.5,50.3,44.7,74.2,12.8,-13.2,0.232,0.376,GOOG,,126,10.2,14.0,,False
513,MET,"MetLife, Inc.",Financial Services,Insurance - Life,Core,62.5,97.07,92.22,10.5,12.0,10.0,0.0,ok,0.0,financial_na,,,False,32.5,8.8,-27.9,2.7,23.8,13.0,73.2,22.9,19.2,0.198,0.224,BMNR,,126,12.0,14.0,,False
514,SBUX,Starbucks Corporation,Consumer Cyclical,Restaurants,Core,120.6,105.85,102.37,10.5,15.5,10.0,0.0,ok,-3.5,ok,4.21,,False,32.5,34.2,-1.1,8.8,21.9,,49.5,12.5,7.4,0.2,0.173,MSFT,,126,15.5,11.0,,False
515,AMCR,Amcor plc,Consumer Cyclical,Packaging & Containers,Growth,20.9,45.15,42.89,12.0,13.9,10.0,0.0,ok,-3.5,ok,4.74,,False,32.4,10.6,0.7,77.4,19.1,8.7,58.6,8.2,-2.5,0.137,0.245,GOOG,,126,13.9,11.0,,False
516,UCTT,"Ultra Clean Holdings, Inc.",Technology,Semiconductor Equipment & Mate,Speculative,3.7,83.23,99.06,7.0,17.5,10.0,0.0,ok,-2.5,ok,3.86,,False,32.0,21.1,-1.0,2.9,15.6,-22.5,36.9,37.5,68.5,0.356,0.468,AVGO,,126,17.5,13.0,,False
517,BAX,Baxter International Inc.,Healthcare,Medical Instruments & Supplies,Core,13.8,26.75,25.41,14.5,10.9,10.0,0.0,ok,-3.5,ok,4.02,,False,31.9,13.4,6.5,2.9,34.6,-15.0,71.9,36.8,28.9,0.172,0.196,GOOG,,126,10.9,15.0,,False
518,DD,"DuPont de Nemours, Inc.",Basic Materials,Specialty Chemicals,Cyclical,18.7,138.84,131.9,9.5,12.6,10.0,0.0,ok,-0.5,ok,1.61,,False,31.6,18.3,-0.7,4.3,35.0,0.9,60.9,148.6,207.1,-0.039,0.082,BMNR,,126,12.6,11.0,,False
519,CRWV,"CoreWeave, Inc.",Technology,Software - Infrastructure,Growth,40.3,73.9,94.31,12.5,15.8,10.0,-2.0,ok,-5.0,ok,10.87,,False,31.3,,-21.2,111.6,69.4,-40.7,37.7,-22.4,-32.5,0.567,0.539,NVDA,,126,15.8,17.0,,False
520,IREN,IREN LIMITED,Financial Services,Capital Markets,Core,13.7,38.26,49.32,9.5,13.6,10.0,-2.0,ok,0.0,financial_na,,,False,31.1,,-16.9,-0.0,68.4,7.7,46.0,-20.7,-42.8,0.584,0.539,BMNR,,126,13.6,16.0,,False
521,TSLA,"Tesla, Inc.",Consumer Cyclical,Auto Manufacturers,Core,1219.8,308.85,392.62,11.0,12.0,10.0,-2.0,ok,0.0,ok,-2.55,,True,31.0,139.3,0.4,25.5,18.9,4.7,15.1,-25.1,-32.6,0.543,0.471,BMNR,,126,15.7,11.0,,False
522,PCG,Pacific Gas & Electric Co.,Utilities,Utilities - Regulated Electric,Core,39.2,17.78,16.98,10.5,15.4,10.0,0.0,ok,-5.0,ok,6.1,,False,30.9,9.8,-15.7,0.1,39.8,9.3,60.9,6.7,10.9,-0.144,0.142,MSFT,,126,15.4,18.0,,False
523,APLD,Applied Digital Corporation,Technology,Information Technology Service,Growth,8.1,27.97,37.59,9.5,17.2,10.0,-2.0,ok,-4.0,neg_ebitda_debt,,,False,30.7,,-60.0,580.7,25.8,-8.4,43.0,-14.4,-33.3,0.566,0.547,BMNR,,126,17.2,15.0,,False
524,OKLO,Oklo Inc.,Utilities,Utilities - Independent Power ,Speculative,7.1,41.09,53.86,6.0,16.3,10.0,-2.0,ok,0.0,neg_ebitda_low_debt,,,False,30.3,,-1.4,,0.0,-8.9,35.6,-46.2,-59.0,0.615,0.631,BMNR,,126,16.3,18.0,,False
525,QBTS,D-Wave Quantum Inc.,Technology,Computer Hardware,Speculative,6.7,17.98,22.52,6.0,15.7,10.0,-2.0,ok,0.0,neg_ebitda_low_debt,,,False,29.7,,-1.0,-80.9,,-55.3,43.0,-22.7,-29.3,0.575,0.603,BMNR,,126,15.7,15.0,,False
526,AES,The AES Corporation,Utilities,Utilities - Diversified,Core,10.6,14.85,14.71,9.0,15.4,10.0,0.0,ok,-5.0,ok,8.03,,False,29.4,6.2,-28.0,8.7,19.3,5.3,62.1,3.6,-5.6,-0.017,0.076,NVDA,,126,15.4,18.0,,False
527,GM,General Motors Company,Consumer Cyclical,Auto Manufacturers,Core,80.0,88.4,83.98,14.0,10.1,10.0,0.0,ok,-5.0,ok,6.32,,False,29.1,6.0,27.4,1.9,10.2,3.2,72.6,14.6,-4.0,0.302,0.37,BMNR,,126,10.1,11.0,,False
528,AI,"C3.ai, Inc.",Technology,Software - Infrastructure,Speculative,1.4,9.07,9.58,6.0,15.1,10.0,-2.0,ok,0.0,neg_ebitda_low_debt,,,False,29.1,,-1.9,-52.5,,-63.0,52.7,-21.1,-32.7,0.579,0.524,BMNR,,126,15.1,15.0,,False
529,SATS,EchoStar Corporation,Communication Services,Telecom Services,Core,30.1,97.39,122.33,7.5,16.6,10.0,0.0,ok,-5.0,ok,17.47,,False,29.1,,-1.5,-5.2,27.1,-112.3,34.2,-5.9,-15.7,0.405,0.408,BMNR,,103,16.6,15.0,,False
530,BBAI,"BigBear.ai, Inc.",Technology,Information Technology Service,Speculative,1.4,2.83,3.7,6.0,16.3,10.0,-4.0,ok,0.0,neg_ebitda_low_debt,,,False,28.3,,-4.4,-0.9,25.8,-58.4,34.3,-40.7,-55.5,0.659,0.593,BMNR,,126,16.3,15.0,,False
531,WY,Weyerhaeuser Company,Real Estate,REIT - Specialty,Core,16.9,23.5,24.08,7.0,16.1,10.0,0.0,ok,-5.0,ok,7.38,,False,28.1,35.3,-0.3,-2.0,14.7,4.2,50.6,-1.9,-15.3,-0.143,0.232,MSFT,,126,16.1,15.0,,False
532,PSX,Phillips 66,Energy,Oil & Gas Refining & Marketing,Cyclical,84.4,210.6,200.07,9.5,10.6,10.0,0.0,ok,-2.5,ok,3.12,,False,27.6,11.1,-1.3,6.9,12.5,14.5,73.3,33.1,41.7,-0.152,0.273,GOOG,,126,10.6,12.0,,False
533,CIFR,Cipher Digital Inc.,Technology,Information Technology Service,Speculative,9.3,22.66,23.11,5.5,16.8,10.0,-2.0,ok,-5.0,ok,24.31,,False,25.3,43.8,-31.8,-28.8,,-121.7,51.1,21.6,21.3,0.555,0.535,AVGO,,126,16.8,15.0,,False
534,F,Ford Motor Company,Consumer Cyclical,Auto Manufacturers,Core,59.3,14.86,14.5,4.5,14.6,10.0,0.0,ok,-5.0,ok,17.78,,False,24.1,7.9,-12.3,-3.8,7.2,-18.3,64.2,13.1,1.9,0.243,0.269,GOOG,,126,14.6,11.0,,False
