rank,ticker,name,sector,industry,category,mcap_B,current_price,entry_level,fundamental,technical,visibility,corr_penalty,corr_status,leverage_penalty,lev_status,nd_ebitda,dte_pct,broken_base,composite,fwd_pe,fcf_yield_pct,rev_growth_pct,gross_margin_pct,roe_pct,rsi,ma200_dist_pct,rel_str_6m_pct,portfolio_corr,max_corr,max_corr_with,corr_null_reason,n_corr_obs,technical_precap,visibility_legacy,data_flags,in_portfolio
1,AVGO,Broadcom Inc.,Technology,Semiconductors,Growth,1702.7,357.89,383.66,20.0,17.8,22.0,0.0,ok,0.0,ok,0.68,,False,59.8,18.5,1.8,85.5,75.5,44.2,29.2,-3.1,-9.8,0.379,0.483,NVDA,,126,17.8,22.0,,True
2,GEV,GE Vernova Inc.,Industrials,Specialty Industrial Machinery,Compounder,250.9,941.95,1015.4,20.0,16.4,23.0,0.0,ok,0.0,ok,-2.29,,False,59.4,37.3,6.3,21.9,20.6,82.6,25.4,6.3,-0.0,0.395,0.468,AVGO,,126,16.4,23.0,,False
3,TSM,Taiwan Semiconductor Manufactu,Technology,Semiconductors,Growth,2224.5,428.91,420.41,24.0,15.0,21.0,-2.0,ok,0.0,ok,-0.77,,False,58.0,19.6,,36.0,64.2,40.0,48.7,15.4,10.1,0.591,0.654,NVDA,,126,15.0,21.0,fcf_yield_out_of_range(32.9),False
4,GOOG,Alphabet Inc.,Communication Services,Internet Content & Information,Compounder,4100.8,335.31,346.53,19.0,17.8,20.0,0.0,ok,0.0,ok,-0.7,,False,56.8,22.6,0.6,24.2,60.9,48.7,43.1,0.2,-4.0,0.345,0.302,BMNR,,126,17.8,20.0,,True
5,LMT,Lockheed Martin Corporation,Industrials,Aerospace & Defense,Compounder,121.2,525.28,554.93,18.0,17.2,22.0,0.0,ok,-0.5,ok,1.73,,False,56.7,16.1,4.6,10.5,11.8,89.2,21.0,-5.5,-34.5,-0.067,0.151,AVGO,,126,17.2,22.0,,False
6,NVDA,NVIDIA Corporation,Technology,Semiconductors,Growth,5562.5,230.36,218.84,20.0,14.8,20.0,0.0,ok,0.0,ok,-0.12,,False,54.8,14.9,0.8,105.9,74.7,117.2,53.7,17.1,12.6,0.495,0.483,AVGO,,126,14.8,20.0,,True
7,ANET,"Arista Networks, Inc.",Technology,Computer Hardware,Growth,244.4,193.78,184.09,19.0,17.4,18.0,0.0,ok,0.0,ok,-2.88,,False,54.4,37.6,1.6,37.7,63.0,31.5,43.5,27.5,27.7,0.436,0.555,AVGO,,126,17.4,20.0,,False
8,NOC,Northrop Grumman Corporation,Industrials,Aerospace & Defense,Compounder,73.2,514.98,543.76,16.0,18.7,21.0,0.0,ok,-1.5,ok,2.03,,False,54.2,16.9,3.4,5.1,20.1,27.0,26.5,-14.5,-44.7,-0.016,0.236,AVGO,,126,18.7,21.0,,False
9,VRT,"Vertiv Holdings, LLC",Industrials,Electrical Equipment & Parts,Core,108.0,280.53,282.7,20.5,15.8,17.3,0.0,ok,0.0,ok,0.08,,False,53.6,30.8,2.5,24.1,38.0,43.9,44.1,9.0,-7.4,0.354,0.484,NVDA,,126,15.8,20.0,,False
10,BX,Blackstone Inc.,Financial Services,Asset Management,Core,162.7,136.15,132.59,22.5,19.5,10.0,0.0,ok,0.0,financial_na,,,False,52.0,18.2,,28.6,100.0,31.4,40.2,5.0,10.6,0.297,0.326,GOOG,,126,19.5,16.0,,False
11,NXPI,NXP Semiconductors N.V.,Technology,Semiconductors,Core,57.5,227.84,250.27,22.0,20.2,10.0,0.0,ok,-0.5,ok,1.53,,False,51.7,12.6,6.2,19.5,56.1,27.9,43.9,-6.3,-2.0,0.218,0.399,AVGO,,126,20.2,14.0,,False
12,ADSK,"Autodesk, Inc.",Technology,Software - Application,Core,45.5,217.9,230.67,23.0,18.4,10.0,0.0,ok,0.0,ok,-0.2,,False,51.4,15.3,6.9,16.1,92.5,53.9,36.6,-11.8,-30.0,0.178,0.339,MSFT,,126,18.4,17.0,,False
13,RTX,RTX Corporation,Industrials,Aerospace & Defense,Compounder,270.6,200.79,207.67,15.5,15.2,21.0,0.0,ok,-0.5,ok,1.92,,False,51.2,25.6,3.7,14.5,20.3,12.3,21.8,4.1,-17.1,-0.013,0.127,AVGO,,126,15.2,21.0,,False
14,TLN,Talen Energy Corporation,Utilities,Utilities - Independent Power ,Growth,15.2,317.0,347.58,17.5,18.7,19.0,0.0,ok,-5.0,ok,16.05,,False,50.2,10.3,8.3,111.2,42.1,-12.8,30.1,-11.5,-19.0,0.332,0.363,AVGO,,126,18.7,19.0,,False
15,AXP,American Express Company,Financial Services,Credit Services,Core,220.3,326.16,341.44,21.5,18.6,10.0,0.0,ok,0.0,financial_na,,,False,50.1,16.2,,12.8,62.3,34.4,38.0,-3.1,-6.4,0.383,0.384,GOOG,,126,18.6,18.0,,False
16,META,"Meta Platforms, Inc.",Communication Services,Internet Content & Information,Core,1571.2,616.77,595.49,18.0,14.7,17.0,0.0,ok,0.0,ok,0.2,,False,49.7,17.6,1.4,28.0,81.7,29.8,69.9,-0.8,-18.2,0.38,0.375,GOOG,,126,14.7,15.0,,False
17,EXPE,"Expedia Group, Inc.",Consumer Cyclical,Travel Services,Core,35.8,298.04,294.73,23.0,16.3,10.0,0.0,ok,0.0,ok,-0.5,,False,49.3,12.2,9.6,14.0,90.4,89.5,39.7,15.3,9.8,0.13,0.218,GOOG,,126,16.3,15.0,,False
18,NFLX,"Netflix, Inc.",Communication Services,Entertainment,Core,325.8,78.25,75.44,23.0,16.1,10.0,0.0,ok,0.0,ok,0.51,,False,49.1,20.5,7.8,13.4,49.1,49.5,55.9,-9.9,-34.0,0.13,0.257,MSFT,,126,16.1,14.0,,False
19,PTC,PTC Inc.,Technology,Software - Application,Core,15.3,141.02,136.51,21.0,18.1,10.0,0.0,ok,0.0,ok,0.98,,False,49.1,15.8,6.7,-6.8,84.5,35.1,43.8,-5.2,-27.3,0.211,0.454,MSFT,,126,18.1,17.0,,False
20,RL,Ralph Lauren Corporation,Consumer Cyclical,Apparel Manufacturing,Core,20.9,351.2,378.95,22.0,17.1,10.0,0.0,ok,0.0,ok,0.67,,False,49.1,16.8,4.2,14.0,70.3,37.5,27.3,-4.0,-11.2,0.261,0.234,BMNR,,126,17.1,13.0,,False
21,APO,"Apollo Global Management, Inc.",Financial Services,Asset Management,Growth,78.9,133.67,126.99,20.0,18.8,10.0,0.0,ok,0.0,financial_na,,,False,48.8,12.5,,63.8,36.1,11.4,47.8,4.8,10.0,0.285,0.326,GOOG,,126,18.8,14.0,,False
22,CINF,Cincinnati Financial Corporati,Financial Services,Insurance - Property & Casualt,Growth,26.3,171.1,177.32,22.0,16.7,10.0,0.0,ok,0.0,financial_na,,,False,48.7,18.9,11.4,31.6,31.1,21.5,50.1,2.6,-8.2,-0.179,0.325,AVGO,,126,16.7,14.0,,False
23,GD,General Dynamics Corporation,Industrials,Aerospace & Defense,Core,97.2,359.39,377.93,14.5,16.1,18.1,0.0,ok,0.0,ok,0.78,,False,48.7,19.4,4.5,8.1,15.4,17.8,18.8,1.7,-13.8,0.037,0.132,NVDA,,126,16.1,21.0,,False
24,PYPL,"PayPal Holdings, Inc.",Financial Services,Credit Services,Core,47.4,54.96,55.02,20.0,18.6,10.0,0.0,ok,0.0,financial_na,,,False,48.6,9.5,9.3,4.8,40.5,24.5,35.9,7.8,5.5,0.242,0.295,MSFT,,126,18.6,17.0,,False
25,WDC,Western Digital Corporation,Technology,Computer Hardware,Growth,168.5,467.46,506.98,20.0,18.6,10.0,0.0,ok,0.0,ok,-0.08,,False,48.6,14.7,1.3,43.8,48.9,130.9,33.0,25.4,64.8,0.36,0.495,AVGO,,126,18.6,14.0,,False
26,FSLR,"First Solar, Inc.",Technology,Solar,Core,22.0,204.45,219.06,18.5,19.9,10.0,0.0,ok,0.0,ok,-0.64,,False,48.4,8.8,7.3,-3.7,44.0,18.5,35.7,-11.3,-8.9,0.441,0.4,AVGO,,126,19.9,14.0,,False
27,TXN,Texas Instruments Incorporated,Technology,Semiconductors,Core,236.0,258.44,280.03,19.0,19.4,10.0,0.0,ok,0.0,ok,0.74,,False,48.4,24.3,1.5,22.8,58.3,35.2,28.3,8.4,18.8,0.241,0.413,AVGO,,126,19.4,14.0,,False
28,TPR,"Tapestry, Inc.",Consumer Cyclical,Luxury Goods,Core,24.4,122.14,140.77,21.0,17.7,10.0,0.0,ok,-0.5,ok,1.39,,False,48.2,13.8,5.7,8.9,76.6,197.1,36.1,-11.6,-29.6,0.174,0.262,GOOG,,126,17.7,13.0,,False
29,ORCL,Oracle Corporation,Technology,Software - Infrastructure,Core,457.4,158.78,150.84,17.5,17.2,19.0,-2.0,ok,-3.5,ok,4.44,,False,48.2,14.5,-5.4,20.6,65.8,53.4,61.5,-5.7,-8.4,0.621,0.52,MSFT,,126,17.2,19.0,,False
30,HSY,The Hershey Company,Consumer Defensive,Confectioners,Core,34.8,173.15,178.88,20.0,18.6,10.0,0.0,ok,-0.5,ok,1.89,,False,48.1,17.5,5.0,6.6,38.4,32.8,38.1,-9.4,-35.3,-0.203,0.336,AVGO,,126,18.6,16.0,,False
31,PATH,"UiPath, Inc.",Technology,Software - Infrastructure,Speculative,7.9,15.19,14.43,20.5,17.6,10.0,0.0,ok,0.0,ok,-9.9,,False,48.1,16.5,6.5,17.3,83.0,18.2,44.9,17.8,13.3,0.333,0.431,MSFT,,126,17.6,17.0,,False
32,AON,Aon plc,Financial Services,Insurance Brokers,Core,68.5,323.09,353.14,20.0,18.0,10.0,0.0,ok,0.0,financial_na,,,False,48.0,15.8,4.7,2.2,48.2,44.7,36.0,-4.1,-16.2,-0.175,0.341,AVGO,,126,18.0,15.0,,False
33,MPWR,"Monolithic Power Systems, Inc.",Technology,Semiconductors,Growth,60.1,1223.86,1328.53,19.0,19.0,10.0,0.0,ok,0.0,ok,-1.39,,False,48.0,35.1,0.7,47.6,55.2,22.0,20.0,-2.0,1.9,0.429,0.549,AVGO,,126,19.0,14.0,,False
34,MAS,Masco Corporation,Industrials,Building Products & Equipment,Core,14.3,72.7,76.09,20.0,18.5,10.0,0.0,ok,-0.5,ok,1.95,,False,48.0,15.6,6.3,-2.9,37.2,5862.5,44.9,4.6,-0.4,0.274,0.269,BMNR,,126,18.5,14.0,,False
35,MMM,3M Company,Industrials,Conglomerates,Core,86.9,168.56,171.61,21.0,17.4,10.0,0.0,ok,-0.5,ok,1.21,,False,47.9,17.2,7.3,2.5,39.4,81.9,16.6,4.9,-2.4,0.089,0.215,GOOG,,126,17.4,14.0,,False
36,UBER,"Uber Technologies, Inc.",Technology,Software - Application,Core,154.7,75.76,74.09,21.0,17.4,10.0,0.0,ok,-0.5,ok,1.25,,False,47.9,17.3,4.7,12.2,40.8,37.2,52.3,-0.7,-11.0,0.275,0.31,MSFT,,126,17.4,16.0,,False
37,IDXX,"IDEXX Laboratories, Inc.",Healthcare,Diagnostics & Research,Core,42.2,535.38,558.15,19.5,18.3,10.0,0.0,ok,0.0,ok,0.55,,False,47.8,32.0,2.2,9.7,62.4,74.2,45.2,-11.8,-25.9,0.251,0.36,GOOG,,126,18.3,17.0,,False
38,SNDK,Sandisk Corporation,Technology,Computer Hardware,Growth,254.8,1740.0,1653.0,22.5,15.3,10.0,0.0,ok,0.0,ok,-0.36,,False,47.8,6.6,3.0,371.6,71.5,91.6,46.7,73.3,182.0,0.352,0.449,AVGO,,126,15.3,15.0,,False
39,MS,Morgan Stanley,Financial Services,Capital Markets,Core,341.9,217.72,215.59,20.0,17.7,10.0,0.0,ok,0.0,financial_na,,,False,47.7,16.0,,28.0,87.6,18.0,49.3,14.5,22.8,0.481,0.409,BMNR,,126,17.7,16.0,,False
40,WDAY,"Workday, Inc.",Technology,Software - Application,Core,47.2,195.79,186.0,20.5,17.2,10.0,0.0,ok,0.0,ok,0.23,,False,47.7,14.8,6.5,12.8,75.8,16.0,53.6,22.2,18.6,0.156,0.42,MSFT,,126,17.2,17.0,,False
41,ON,ON Semiconductor Corporation,Technology,Semiconductors,Core,29.0,74.38,83.53,16.0,21.6,10.0,0.0,ok,0.0,ok,0.4,,False,47.6,16.4,5.7,9.2,42.8,8.3,29.3,-5.1,12.0,0.351,0.486,AVGO,,126,21.6,14.0,,False
42,CSCO,"Cisco Systems, Inc.",Technology,Communication Equipment,Core,430.5,109.2,114.28,19.5,18.1,10.0,0.0,ok,0.0,ok,0.82,,False,47.6,19.5,2.6,17.6,64.5,27.3,35.9,15.6,30.5,0.208,0.357,AVGO,,126,18.1,15.0,,False
43,TROW,"T. Rowe Price Group, Inc.",Financial Services,Asset Management,Core,23.4,109.78,114.48,20.5,17.1,10.0,0.0,ok,0.0,financial_na,,,False,47.6,10.6,8.6,10.7,51.6,19.4,46.9,6.6,9.5,0.262,0.341,BMNR,,126,17.1,15.0,,False
44,QCOM,QUALCOMM Incorporated,Technology,Semiconductors,Core,180.2,168.74,169.31,19.0,18.5,10.0,0.0,ok,0.0,ok,0.58,,False,47.5,16.5,5.7,-4.0,54.2,33.8,61.3,0.8,8.6,0.282,0.398,AVGO,,126,18.5,14.0,,False
45,GL,Globe Life Inc.,Financial Services,Insurance - Life,Core,13.4,174.27,178.51,20.0,17.5,10.0,0.0,ok,0.0,financial_na,,,False,47.5,10.6,8.7,8.0,33.9,20.9,40.1,13.3,9.4,0.174,0.25,GOOG,,126,17.5,14.0,,False
46,POWL,"Powell Industries, Inc.",Industrials,Electrical Equipment & Parts,Speculative,6.6,181.17,217.38,17.5,12.0,18.0,0.0,ok,0.0,ok,-2.67,,True,47.5,25.9,2.9,8.9,30.1,28.3,21.8,-9.6,-9.1,0.386,0.461,AVGO,,126,18.2,18.0,,False
47,LULU,lululemon athletica inc.,Consumer Cyclical,Apparel Retail,Core,11.4,100.61,118.4,21.0,16.5,10.0,0.0,ok,0.0,ok,0.24,,False,47.5,9.0,9.9,4.3,55.7,32.0,36.5,-34.1,-54.3,0.337,0.358,MSFT,,126,16.5,12.0,,False
48,EOG,"EOG Resources, Inc.",Energy,Oil & Gas E&P,Growth,77.3,145.19,141.53,23.0,14.4,10.0,0.0,ok,0.0,ok,0.23,,False,47.4,10.1,5.8,58.7,62.6,22.5,48.2,13.4,-2.5,-0.366,0.325,BMNR,,126,14.4,14.0,,False
49,LRCX,Lam Research Corporation,Technology,Semiconductor Equipment & Mate,Core,385.0,307.65,321.88,19.0,18.4,10.0,0.0,ok,0.0,ok,-0.17,,False,47.4,26.6,0.8,30.0,50.5,65.1,33.4,18.0,32.1,0.456,0.577,AVGO,,126,18.4,14.0,,False
50,ADBE,Adobe Inc.,Technology,Software - Application,Core,105.9,266.51,253.18,23.0,14.4,10.0,0.0,ok,0.0,ok,0.15,,False,47.4,9.7,8.7,12.7,89.4,63.0,57.5,-0.5,-19.2,0.205,0.406,MSFT,,126,14.4,17.0,,False
51,BLK,"BlackRock, Inc.",Financial Services,Asset Management,Growth,182.3,1122.29,1092.07,20.5,16.8,10.0,0.0,ok,0.0,financial_na,,,False,47.3,17.5,4.2,30.6,47.2,12.3,42.3,6.2,3.6,0.426,0.434,GOOG,,126,16.8,15.0,,False
52,HAS,"Hasbro, Inc.",Consumer Cyclical,Leisure,Core,13.1,92.53,89.22,22.0,15.8,10.0,0.0,ok,-0.5,ok,1.92,,False,47.3,14.2,5.3,16.2,63.8,159.6,37.5,3.5,-17.0,0.116,0.161,GOOG,,126,15.8,13.0,,False
53,MSFT,Microsoft Corporation,Technology,Software - Infrastructure,Core,3710.5,499.7,474.72,18.0,13.3,15.9,0.0,ok,0.0,ok,0.27,,False,47.2,21.2,0.4,17.7,67.9,34.0,62.1,16.0,8.5,0.308,0.306,BMNR,,126,13.3,18.0,,True
54,TER,"Teradyne, Inc.",Technology,Semiconductor Equipment & Mate,Growth,55.8,357.03,371.93,20.0,17.2,10.0,0.0,ok,0.0,ok,-0.17,,False,47.2,30.6,0.8,103.9,59.2,36.5,23.6,12.9,6.9,0.39,0.52,AVGO,,126,17.2,14.0,,False
55,ALL,Allstate Corporation (The),Financial Services,Insurance - Property & Casualt,Core,65.6,259.57,256.71,22.0,15.1,10.0,0.0,ok,0.0,financial_na,,,False,47.1,9.4,23.1,11.8,36.8,46.1,51.7,17.3,11.4,-0.255,0.366,NVDA,,126,15.1,14.0,,False
56,IT,"Gartner, Inc.",Technology,Information Technology Service,Core,11.8,186.42,177.1,21.0,16.6,10.0,0.0,ok,-0.5,ok,1.33,,False,47.1,11.4,8.9,-0.6,69.6,113.6,55.3,5.0,-1.5,0.008,0.244,MSFT,,126,16.6,17.0,,False
57,ETN,"Eaton Corporation, PLC",Industrials,Specialty Industrial Machinery,Core,159.5,410.85,415.32,15.5,17.2,16.8,0.0,ok,-2.5,ok,3.11,,False,47.0,25.6,1.9,21.4,36.0,19.7,30.5,8.1,3.2,0.398,0.479,AVGO,,126,17.2,19.0,,False
58,INCY,Incyte Corporation,Healthcare,Biotechnology,Growth,25.7,126.75,120.81,23.0,13.9,10.0,0.0,ok,0.0,ok,-2.32,,False,46.9,14.2,4.6,37.7,55.7,30.7,57.1,21.0,17.0,-0.087,0.178,AVGO,,126,13.9,16.0,,False
59,KEYS,Keysight Technologies Inc.,Technology,Scientific & Technical Instrum,Growth,55.7,327.21,326.12,20.5,16.4,10.0,0.0,ok,0.0,ok,0.09,,False,46.9,24.0,3.4,36.5,63.3,20.9,30.2,13.4,2.4,0.362,0.592,AVGO,,126,16.4,15.0,,False
60,TEL,TE Connectivity plc,Technology,Electronic Components,Core,60.5,208.65,205.58,18.5,18.4,10.0,0.0,ok,0.0,ok,0.92,,False,46.9,16.2,3.9,13.8,36.1,23.3,40.7,-3.4,-12.4,0.307,0.289,BMNR,,126,18.4,13.0,,False
61,TT,Trane Technologies plc,Industrials,Building Products & Equipment,Core,98.5,447.9,468.42,19.5,17.4,10.0,0.0,ok,0.0,ok,0.77,,False,46.9,25.6,3.2,10.6,35.4,36.6,30.6,0.9,-8.8,0.265,0.395,AVGO,,126,17.4,14.0,,False
62,CDNS,"Cadence Design Systems, Inc.",Technology,Software - Application,Core,80.7,292.7,341.64,18.0,18.8,10.0,0.0,ok,0.0,ok,0.52,,False,46.8,30.7,2.0,24.2,85.9,23.2,35.3,-10.5,-15.4,0.5,0.399,NVDA,,126,18.8,17.0,,False
63,AMZN,"Amazon.com, Inc.",Consumer Cyclical,Internet Retail,Core,2788.4,258.51,253.95,17.0,16.6,15.2,-2.0,ok,0.0,ok,0.76,,False,46.8,24.9,0.1,19.6,50.8,30.6,47.2,8.1,7.5,0.55,0.642,GOOG,,126,16.6,17.0,,False
64,GDDY,GoDaddy Inc.,Technology,Software - Infrastructure,Core,12.8,101.31,96.24,22.0,15.3,10.0,0.0,ok,-0.5,ok,1.91,,False,46.8,9.2,9.4,6.6,63.8,442.9,67.3,5.3,-3.1,0.021,0.193,MSFT,,126,15.3,17.0,,False
65,ADI,"Analog Devices, Inc.",Technology,Semiconductors,Growth,175.5,362.25,377.37,19.0,17.8,10.0,0.0,ok,0.0,ok,0.99,,False,46.8,22.2,2.4,39.6,65.8,12.2,26.8,4.1,-0.3,0.342,0.528,AVGO,,126,17.8,15.0,,False
66,STZ,"Constellation Brands, Inc.",Consumer Defensive,Beverages - Brewers,Core,21.9,128.18,133.12,20.0,19.2,10.0,0.0,ok,-2.5,ok,3.02,,False,46.7,10.3,10.1,-3.3,52.7,23.7,42.8,-11.2,-27.0,-0.071,0.174,AVGO,,126,19.2,17.0,,False
67,SCHW,Charles Schwab Corporation (Th,Financial Services,Capital Markets,Core,189.0,109.29,105.07,21.5,15.2,10.0,0.0,ok,0.0,financial_na,,,False,46.7,14.0,,20.9,97.5,20.3,46.7,12.5,2.6,0.105,0.192,GOOG,,126,15.2,16.0,,False
68,ROK,"Rockwell Automation, Inc.",Industrials,Specialty Industrial Machinery,Core,48.2,433.81,453.81,18.5,18.7,10.0,0.0,ok,-0.5,ok,1.5,,False,46.7,29.2,2.7,7.9,49.1,30.6,41.3,3.5,2.3,0.276,0.322,NVDA,,126,18.7,15.0,,False
69,DECK,Deckers Outdoor Corporation,Consumer Cyclical,Footwear & Accessories,Core,11.7,85.81,97.19,21.0,15.7,10.0,0.0,ok,0.0,ok,-0.85,,False,46.7,10.3,7.5,5.7,57.8,42.6,40.8,-16.3,-31.3,0.245,0.348,GOOG,,126,15.7,12.0,,False
70,INTU,Intuit Inc.,Technology,Software - Application,Core,91.0,332.7,316.07,22.0,14.6,10.0,0.0,ok,0.0,ok,0.17,,False,46.6,12.2,7.1,13.7,81.0,23.6,48.6,-22.0,-43.1,0.126,0.342,MSFT,,126,14.6,17.0,,False
71,WRB,W.R. Berkley Corporation,Financial Services,Insurance - Property & Casualt,Core,25.7,69.14,71.08,20.0,16.6,10.0,0.0,ok,0.0,financial_na,,,False,46.6,14.3,11.9,1.2,43.8,20.2,46.2,0.0,-12.3,-0.29,0.333,AVGO,,126,16.6,15.0,,False
72,PEP,"Pepsico, Inc.",Consumer Defensive,Beverages - Non-Alcoholic,Core,188.0,137.63,139.65,20.0,18.1,10.0,0.0,ok,-1.5,ok,2.25,,False,46.6,15.3,4.2,6.4,54.2,51.5,48.4,-7.1,-28.4,-0.141,0.315,AVGO,,126,18.1,17.0,,False
73,SNPS,"Synopsys, Inc.",Technology,Software - Infrastructure,Growth,75.5,393.84,412.61,20.0,19.0,10.0,0.0,ok,-2.5,ok,3.49,,False,46.5,22.5,4.5,42.4,82.9,3.7,44.1,-11.9,-23.5,0.436,0.432,NVDA,,126,19.0,17.0,,False
74,CL,Colgate-Palmolive Company,Consumer Defensive,Household & Personal Products,Core,70.8,88.77,91.83,21.0,16.0,10.0,0.0,ok,-0.5,ok,1.29,,False,46.5,21.6,4.9,4.9,60.4,267.4,44.0,1.6,-17.5,-0.059,0.223,AVGO,,126,16.0,18.0,,False
75,BRO,"Brown & Brown, Inc.",Financial Services,Insurance Brokers,Growth,23.9,71.42,70.03,21.5,15.0,10.0,0.0,ok,0.0,financial_na,,,False,46.5,14.8,6.9,32.4,56.3,10.0,59.2,3.1,-12.7,-0.167,0.388,AVGO,,126,15.0,15.0,,False
76,ARES,Ares Management Corporation,Financial Services,Asset Management,Core,46.2,140.15,133.14,17.5,18.9,10.0,0.0,ok,0.0,financial_na,,,False,46.4,19.5,4.7,5.8,37.4,14.9,47.5,5.9,16.9,0.362,0.368,GOOG,,126,18.9,14.0,,False
77,CBOE,"Cboe Global Markets, Inc.",Financial Services,Financial Data & Stock Exchang,Core,31.2,298.38,284.24,20.5,15.9,10.0,0.0,ok,0.0,financial_na,,,False,46.4,19.6,2.2,22.9,54.1,26.3,52.0,4.7,-13.8,-0.076,0.166,AVGO,,126,15.9,15.0,,False
78,STX,Seagate Technology Holdings PL,Technology,Computer Hardware,Growth,192.8,849.28,853.52,20.0,16.3,10.0,0.0,ok,0.0,ok,0.49,,False,46.3,15.3,1.0,48.5,45.6,371.5,31.2,43.2,113.7,0.326,0.464,AVGO,,126,16.3,14.0,,False
79,ALLE,Allegion plc,Industrials,Security & Protection Services,Core,13.4,157.12,152.71,19.5,17.3,10.0,0.0,ok,-0.5,ok,1.81,,False,46.3,16.1,3.6,12.7,44.8,33.7,39.3,4.2,-8.6,0.07,0.152,NVDA,,126,17.3,17.0,,False
80,APP,Applovin Corporation,Communication Services,Advertising Agencies,Growth,107.3,320.56,393.59,22.5,13.7,10.0,0.0,ok,0.0,ok,0.09,,False,46.2,15.3,3.0,52.8,88.5,203.7,56.1,-34.0,-51.6,0.393,0.296,BMNR,,126,13.7,15.0,,False
81,KMB,Kimberly-Clark Corporation,Consumer Defensive,Household & Personal Products,Core,34.8,104.96,109.73,18.5,18.1,10.0,0.0,ok,-0.5,ok,1.6,,False,46.1,14.0,2.7,0.6,37.6,104.9,41.3,2.2,-11.5,-0.057,0.191,GOOG,,126,18.1,16.0,,False
82,AMP,"Ameriprise Financial, Inc.",Financial Services,Asset Management,Core,49.6,560.56,535.43,22.0,14.1,10.0,0.0,ok,0.0,financial_na,,,False,46.1,10.8,5.9,11.6,54.9,63.4,49.3,15.3,8.3,0.244,0.265,MSFT,,126,14.1,15.0,,False
83,WSM,"Williams-Sonoma, Inc.",Consumer Cyclical,Specialty Retail,Core,26.8,227.42,232.78,18.5,17.6,10.0,0.0,ok,0.0,ok,0.3,,False,46.1,21.6,4.0,6.7,45.7,55.0,33.6,11.6,7.7,0.212,0.232,GOOG,,126,17.6,12.0,,False
84,SYF,Synchrony Financial,Financial Services,Credit Services,Core,26.0,79.92,76.83,19.5,16.5,10.0,0.0,ok,0.0,financial_na,,,False,46.0,7.6,,0.6,0.0,20.8,47.4,6.8,6.0,0.326,0.318,GOOG,,126,16.5,16.0,,False
85,GS,"Goldman Sachs Group, Inc. (The",Financial Services,Capital Markets,Growth,302.4,1038.61,1043.7,21.0,17.0,10.0,-2.0,ok,0.0,financial_na,,,False,46.0,14.0,,42.5,82.1,16.9,46.9,9.8,11.3,0.519,0.503,NVDA,,126,17.0,16.0,,False
86,FDS,FactSet Research Systems Inc.,Financial Services,Financial Data & Stock Exchang,Core,10.7,301.96,286.86,20.0,15.9,10.0,0.0,ok,0.0,financial_na,,,False,45.9,15.3,5.8,6.4,51.4,27.0,65.1,21.2,23.0,0.049,0.345,MSFT,,126,15.9,15.0,,False
87,LVS,Las Vegas Sands Corp.,Consumer Cyclical,Resorts & Casinos,Core,28.7,44.37,46.09,21.0,16.4,10.0,0.0,ok,-1.5,ok,2.57,,False,45.9,12.6,7.7,-0.7,79.3,122.9,44.2,-17.7,-30.8,0.26,0.338,MSFT,,126,16.4,13.0,,False
88,HBAN,Huntington Bancshares Incorpor,Financial Services,Banks - Regional,Growth,34.4,17.03,17.51,18.0,17.9,10.0,0.0,ok,0.0,financial_na,,,False,45.9,9.1,,47.6,0.0,9.0,32.0,0.8,-6.9,0.192,0.273,GOOG,,126,17.9,14.0,,False
89,FOXA,Fox Corporation,Communication Services,Entertainment,Core,27.5,65.42,62.15,18.0,17.9,10.0,0.0,ok,0.0,ok,0.87,,False,45.9,11.2,2.0,28.1,36.6,14.3,37.0,3.3,-3.2,0.005,0.134,AVGO,,126,17.9,13.0,,False
90,BKNG,Booking Holdings Inc. Common S,Consumer Cyclical,Travel Services,Core,149.8,193.29,194.25,18.0,17.9,10.0,0.0,ok,0.0,ok,0.36,,False,45.9,15.6,5.2,8.1,87.2,,38.6,4.1,-4.8,0.114,0.201,GOOG,,126,17.9,15.0,,False
91,NTAP,"NetApp, Inc.",Technology,Software - Infrastructure,Core,36.5,185.59,178.7,20.5,15.4,10.0,0.0,ok,0.0,ok,-0.45,,False,45.9,17.0,3.6,12.5,70.7,106.7,28.5,42.4,71.8,0.256,0.276,AVGO,,126,15.4,17.0,,False
92,ARM,Arm Holdings plc,Technology,Semiconductors,Core,269.2,252.09,273.58,16.5,19.3,10.0,0.0,ok,0.0,ok,-3.2,,False,45.8,82.4,0.5,22.4,97.5,13.4,39.8,24.9,100.7,0.469,0.514,AVGO,,126,19.3,15.0,,False
93,DXCM,"DexCom, Inc.",Healthcare,Medical Devices,Core,33.2,87.9,83.51,20.5,15.2,10.0,0.0,ok,0.0,ok,-0.39,,False,45.7,28.1,3.1,13.1,62.5,38.5,46.5,24.0,14.3,0.207,0.278,GOOG,,126,15.2,17.0,,False
94,MKC,"McCormick & Company, Incorpora",Consumer Defensive,Packaged Foods,Core,14.0,52.08,52.85,20.0,18.2,10.0,0.0,ok,-2.5,ok,3.17,,False,45.7,15.8,5.1,16.7,38.9,24.7,42.1,-8.3,-31.7,-0.116,0.261,NVDA,,126,18.2,16.0,,False
95,BAC,Bank of America Corporation,Financial Services,Banks - Diversified,Core,438.3,62.68,61.62,17.5,18.2,10.0,0.0,ok,0.0,financial_na,,,False,45.7,11.8,,16.8,0.0,11.2,42.3,14.5,17.3,0.17,0.246,GOOG,,126,18.2,14.0,,False
96,LLY,Eli Lilly and Company,Healthcare,Drug Manufacturers - General,Growth,1024.5,1149.36,1191.5,20.0,16.2,10.0,0.0,ok,-0.5,ok,1.1,,False,45.7,24.3,1.1,47.7,83.4,102.3,43.4,8.3,0.6,-0.047,0.194,GOOG,,126,16.2,17.0,,False
97,FANG,"Diamondback Energy, Inc.",Energy,Oil & Gas E&P,Growth,56.0,199.22,195.16,21.0,15.2,10.0,0.0,ok,-0.5,ok,1.03,,False,45.7,11.0,9.0,52.5,72.4,3.5,39.1,10.7,-4.0,-0.224,0.295,GOOG,,126,15.2,14.0,,False
98,ALGN,"Align Technology, Inc.",Healthcare,Medical Instruments & Supplies,Core,11.3,158.63,171.39,18.5,17.2,10.0,0.0,ok,0.0,ok,-1.08,,False,45.7,12.6,5.2,4.3,70.4,10.2,31.6,-7.0,-23.0,0.32,0.31,GOOG,,126,17.2,17.0,,False
99,UHS,"Universal Health Services, Inc",Healthcare,Medical Care Facilities,Speculative,10.0,169.65,163.29,19.0,17.1,10.0,0.0,ok,-0.5,ok,1.9,,False,45.6,7.1,5.0,8.3,44.6,20.9,48.4,-8.8,-24.5,-0.074,0.135,GOOG,,126,17.1,16.0,,False
100,FOX,Fox Corporation,Communication Services,Entertainment,Core,24.6,58.42,55.5,18.0,17.6,10.0,0.0,ok,0.0,ok,0.87,,False,45.6,10.2,2.3,28.1,36.6,14.3,37.6,2.8,-5.5,0.006,0.164,AVGO,,126,17.6,13.0,,False
101,CEG,Constellation Energy Corporati,Utilities,Utilities - Independent Power ,Compounder,105.9,298.96,284.01,12.5,14.6,21.0,0.0,ok,-2.5,ok,3.02,,False,45.6,22.4,-6.3,23.0,22.1,15.1,64.6,1.0,-20.9,0.165,0.224,AVGO,,126,14.6,21.0,,False
102,EBAY,eBay Inc.,Consumer Cyclical,Internet Retail,Core,46.0,103.41,109.33,20.5,15.6,10.0,0.0,ok,-0.5,ok,1.24,,False,45.6,15.4,3.4,14.8,72.1,46.6,55.2,4.9,-2.3,0.165,0.23,GOOG,,126,15.6,13.0,,False
103,AOS,A.O. Smith Corporation,Industrials,Specialty Industrial Machinery,Speculative,8.2,60.48,61.32,18.0,17.5,10.0,0.0,ok,0.0,ok,0.63,,False,45.5,14.8,5.9,-0.7,38.6,27.1,46.4,-6.9,-27.9,0.13,0.243,NVDA,,124,17.5,14.0,,False
104,OXY,Occidental Petroleum Corporati,Energy,Oil & Gas E&P,Growth,60.0,60.04,57.04,22.5,13.0,10.0,0.0,ok,0.0,ok,0.76,,False,45.5,15.6,6.3,53.4,73.3,10.6,55.4,14.8,-3.9,-0.291,0.352,GOOG,,126,13.0,14.0,,False
105,PRU,"Prudential Financial, Inc.",Financial Services,Insurance - Life,Core,42.1,122.02,119.09,18.0,17.5,10.0,0.0,ok,0.0,financial_na,,,False,45.5,8.2,17.9,14.1,29.0,12.0,43.4,13.5,13.6,0.119,0.211,GOOG,,126,17.5,14.0,,False
106,DASH,"DoorDash, Inc.",Consumer Cyclical,Internet Retail,Growth,91.7,211.73,203.63,18.0,17.5,10.0,0.0,ok,0.0,ok,-1.42,,False,45.5,26.0,5.6,35.6,52.2,8.9,49.2,12.3,6.3,0.403,0.46,MSFT,,126,17.5,12.0,,False
107,AFL,AFLAC Incorporated,Financial Services,Insurance - Life,Core,58.8,117.21,121.5,17.5,17.9,10.0,0.0,ok,0.0,financial_na,,,False,45.4,15.5,8.8,-1.0,50.9,16.9,39.0,2.5,-7.2,-0.196,0.261,AVGO,,126,17.9,15.0,,False
108,AAPL,Apple Inc.,Technology,Consumer Electronics,Core,4669.7,319.97,315.15,20.5,14.8,10.0,0.0,ok,0.0,ok,0.13,,False,45.3,33.4,2.3,16.4,48.7,148.8,63.6,12.8,9.7,0.184,0.231,BMNR,,126,14.8,14.0,,False
109,EME,"EMCOR Group, Inc.",Industrials,Engineering & Construction,Core,33.3,754.16,779.22,18.0,17.3,10.0,0.0,ok,0.0,ok,-0.19,,False,45.3,20.5,2.9,19.8,19.4,40.3,25.4,-0.6,-8.7,0.451,0.421,AVGO,,126,17.3,14.0,,False
110,ALAB,"Astera Labs, Inc.",Technology,Semiconductors,Growth,53.8,310.4,330.45,19.0,16.3,10.0,0.0,ok,0.0,ok,-4.23,,False,45.3,48.5,0.2,104.5,75.1,25.8,46.8,37.9,140.2,0.449,0.549,AVGO,,126,16.3,15.0,,False
111,GE,GE Aerospace,Industrials,Aerospace & Defense,Core,349.8,337.12,357.21,18.0,17.2,10.0,0.0,ok,0.0,ok,0.9,,False,45.2,37.1,1.9,21.1,31.1,48.2,32.3,5.0,-8.9,0.236,0.373,GOOG,,126,17.2,14.0,,False
112,UNP,Union Pacific Corporation,Industrials,Railroads,Core,172.1,289.62,293.58,20.5,16.2,10.0,0.0,ok,-1.5,ok,2.26,,False,45.2,20.5,2.7,11.5,56.3,39.7,35.5,11.5,0.6,-0.166,0.186,MSFT,,126,16.2,15.0,,False
113,VLTO,Veralto Corp,Industrials,Pollution & Treatment Controls,Core,23.5,96.31,95.15,19.5,16.2,10.0,0.0,ok,-0.5,ok,1.06,,False,45.2,20.2,3.4,7.5,60.2,34.3,48.1,3.2,-11.0,-0.019,0.138,AVGO,,126,16.2,16.0,,False
114,PNC,"PNC Financial Services Group, ",Financial Services,Banks - Regional,Core,98.0,245.6,249.46,18.5,16.7,10.0,0.0,ok,0.0,financial_na,,,False,45.2,11.5,,23.6,0.0,12.6,35.7,9.9,6.9,0.041,0.223,GOOG,,126,16.7,14.0,,False
115,MCO,Moody's Corporation,Financial Services,Financial Data & Stock Exchang,Core,85.5,493.55,489.23,20.5,14.7,10.0,0.0,ok,0.0,financial_na,,,False,45.2,26.1,3.0,15.1,75.0,76.9,58.3,4.6,-6.7,0.21,0.375,MSFT,,126,14.7,16.0,,False
116,APA,APA Corporation,Energy,Oil & Gas E&P,Cyclical,15.0,42.77,40.63,21.0,14.2,10.0,0.0,ok,0.0,ok,0.6,,False,45.2,10.2,14.3,9.2,78.3,26.7,55.2,28.0,18.5,-0.325,0.304,GOOG,,126,14.2,14.0,,False
117,CSX,CSX Corporation,Industrials,Railroads,Core,91.5,49.41,50.14,19.5,17.1,10.0,0.0,ok,-1.5,ok,2.64,,False,45.1,21.8,2.1,10.1,47.1,24.4,40.3,14.6,8.1,-0.024,0.191,MSFT,,126,17.1,15.0,,False
118,UAL,"United Airlines Holdings, Inc.",Industrials,Airlines,Core,36.2,111.38,121.6,17.0,19.6,10.0,0.0,ok,-1.5,ok,2.4,,False,45.1,7.4,2.5,16.0,31.8,23.3,34.8,2.9,4.3,0.368,0.344,GOOG,,126,19.6,14.0,,False
119,BF-B,Brown Forman Inc,Consumer Defensive,Beverages - Wineries & Distill,Core,12.3,26.73,27.23,17.5,18.1,10.0,0.0,ok,-0.5,ok,1.8,,False,45.1,15.6,5.6,-1.4,60.7,18.1,43.3,-1.5,-6.1,-0.101,0.174,AVGO,,126,18.1,18.0,,False
120,KEY,KeyCorp,Financial Services,Banks - Regional,Core,23.7,22.18,22.71,17.5,17.6,10.0,0.0,ok,0.0,financial_na,,,False,45.1,10.4,,10.1,0.0,10.3,36.9,4.0,-0.9,0.188,0.257,GOOG,,126,17.6,14.0,,False
121,DAL,"Delta Air Lines, Inc.",Industrials,Airlines,Core,52.7,80.17,86.57,17.0,19.6,10.0,0.0,ok,-1.5,ok,2.19,,False,45.1,9.2,5.3,18.7,18.7,20.1,31.6,8.3,19.1,0.342,0.357,GOOG,,126,19.6,14.0,,False
122,MRSH,Marsh,Financial Services,Insurance Brokers,Core,88.6,185.74,184.94,19.0,16.0,10.0,0.0,ok,0.0,financial_na,,,False,45.0,16.3,5.4,6.2,44.0,25.9,52.9,4.8,-9.8,-0.184,0.413,AVGO,,126,16.0,15.0,,False
123,SYK,Stryker Corporation,Healthcare,Medical Devices,Core,116.3,303.13,328.91,17.0,18.5,10.0,0.0,ok,-0.5,ok,1.62,,False,45.0,18.1,3.5,9.4,65.6,16.5,30.2,-10.3,-30.5,-0.071,0.226,AVGO,,126,18.5,17.0,,False
124,JPM,JP Morgan Chase & Co.,Financial Services,Banks - Diversified,Growth,953.3,358.64,349.78,19.0,16.0,10.0,0.0,ok,0.0,financial_na,,,False,45.0,14.3,,30.4,0.0,17.8,47.0,13.0,10.8,0.171,0.228,GOOG,,126,16.0,14.0,,False
125,ABNB,"Airbnb, Inc.",Consumer Cyclical,Travel Services,Core,108.9,181.94,172.84,20.5,14.5,10.0,0.0,ok,0.0,ok,-3.47,,False,45.0,29.6,2.9,16.5,82.9,34.5,53.5,30.5,22.2,0.32,0.272,GOOG,,126,14.5,15.0,,False
126,HIG,"The Hartford Insurance Group, ",Financial Services,Insurance - Diversified,Core,37.5,138.37,139.11,20.0,15.0,10.0,0.0,ok,0.0,financial_na,,,False,45.0,10.1,14.7,8.1,37.9,22.1,54.3,1.7,-13.3,-0.177,0.311,AVGO,,126,15.0,14.0,,False
127,COF,Capital One Financial Corporat,Financial Services,Credit Services,Growth,134.7,219.6,211.82,18.0,17.0,10.0,0.0,ok,0.0,financial_na,,,False,45.0,9.1,,1111.0,0.0,9.0,47.2,5.9,4.7,0.317,0.35,GOOG,,126,17.0,16.0,,False
128,MU,"Micron Technology, Inc.",Technology,Semiconductors,Growth,1148.1,1016.59,965.76,20.0,14.9,10.0,0.0,ok,0.0,ok,-0.29,,False,44.9,6.6,0.7,345.7,72.6,66.6,50.7,67.6,147.7,0.373,0.504,AVGO,,126,14.9,15.0,,False
129,KKR,KKR & Co. Inc.,Financial Services,Asset Management,Core,99.5,107.73,102.59,15.5,19.4,10.0,0.0,ok,0.0,financial_na,,,False,44.9,14.5,,7.8,54.8,7.3,47.6,2.1,5.1,0.329,0.3,GOOG,,126,19.4,15.0,,False
130,GOOGL,Alphabet Inc.,Communication Services,Internet Content & Information,Core,4139.3,338.46,348.57,19.0,17.9,10.0,-2.0,ok,0.0,ok,-0.7,,False,44.9,22.8,0.5,24.2,60.9,48.7,44.3,0.8,-3.1,0.567,0.995,GOOG,,126,17.9,15.0,,False
131,CPAY,"Corpay, Inc.",Technology,Software - Infrastructure,Core,27.3,416.37,395.55,23.0,13.4,10.0,0.0,ok,-1.5,ok,2.7,,False,44.9,13.2,7.1,21.5,80.5,29.2,58.6,23.6,14.3,0.209,0.239,MSFT,,126,13.4,17.0,,False
132,AVY,Avery Dennison Corporation,Consumer Cyclical,Packaging & Containers,Core,13.4,175.06,170.08,20.5,15.8,10.0,0.0,ok,-1.5,ok,2.28,,False,44.8,15.6,7.5,10.9,29.0,31.2,47.2,1.4,-14.4,0.13,0.169,MSFT,,126,15.8,11.0,,False
133,TPL,Texas Pacific Land Corporation,Energy,Oil & Gas E&P,Growth,25.0,362.42,387.92,18.0,16.8,10.0,0.0,ok,0.0,ok,-0.31,,False,44.8,5.0,-0.1,31.2,93.3,36.6,51.1,-7.4,-46.4,-0.012,0.068,MSFT,,126,16.8,14.0,,False
134,FITB,Fifth Third Bancorp,Financial Services,Banks - Regional,Growth,49.7,54.87,56.6,18.0,16.8,10.0,0.0,ok,0.0,financial_na,,,False,44.8,11.1,,51.8,0.0,8.4,32.7,8.3,4.3,0.082,0.196,GOOG,,126,16.8,14.0,,False
135,SPGI,S&P Global Inc.,Financial Services,Financial Data & Stock Exchang,Core,130.7,443.51,427.72,19.5,15.2,10.0,0.0,ok,0.0,financial_na,,,False,44.7,21.9,4.2,10.4,70.9,14.3,68.9,-1.1,-14.0,0.144,0.365,MSFT,,126,15.2,16.0,,False
136,POOL,Pool Corporation,Industrials,Industrial Distribution,Speculative,6.7,185.22,197.61,17.0,19.1,10.0,0.0,ok,-1.5,ok,2.58,,False,44.6,15.7,3.2,2.2,29.6,31.3,42.7,-13.4,-26.1,0.141,0.188,GOOG,,126,19.1,14.0,,False
137,FFIV,"F5, Inc.",Technology,Software - Infrastructure,Core,22.1,390.47,404.66,18.0,16.5,10.0,0.0,ok,0.0,ok,-1.47,,False,44.5,21.6,3.2,10.9,81.9,19.8,47.7,19.3,23.3,0.312,0.285,AVGO,,126,16.5,17.0,,False
138,MNST,Monster Beverage Corporation,Consumer Defensive,Beverages - Non-Alcoholic,Core,85.8,43.82,77.13,18.0,16.5,10.0,0.0,ok,0.0,ok,-1.13,,False,44.5,33.5,2.0,20.2,55.5,25.7,40.4,-44.6,-55.7,0.088,0.191,GOOG,,126,16.5,17.0,,False
139,SPG,"Simon Property Group, Inc.",Real Estate,REIT - Retail,Core,79.5,209.44,222.57,20.5,17.5,10.0,0.0,ok,-3.5,ok,5.54,,False,44.5,31.3,3.3,19.5,81.4,120.5,25.4,4.3,-3.7,-0.097,0.195,AVGO,,126,17.5,17.0,,False
140,KLAC,KLA Corporation,Technology,Semiconductor Equipment & Mate,Core,242.5,185.6,205.76,18.0,16.5,10.0,0.0,ok,0.0,ok,0.21,,False,44.5,27.7,1.1,15.2,61.3,87.5,31.4,-83.8,-100.6,0.176,0.27,AVGO,,126,16.5,15.0,,False
141,USB,U.S. Bancorp,Financial Services,Banks - Regional,Core,98.7,63.37,63.05,17.5,16.9,10.0,0.0,ok,0.0,financial_na,,,False,44.4,10.9,,10.4,0.0,12.6,41.0,12.4,9.2,0.116,0.251,GOOG,,126,16.9,14.0,,False
142,BR,Broadridge Financial Solutions,Technology,Information Technology Service,Core,20.0,172.88,164.24,20.0,14.9,10.0,0.0,ok,-0.5,ok,1.72,,False,44.4,14.9,6.0,7.5,31.8,40.9,57.0,-2.1,-21.6,0.123,0.389,MSFT,,126,14.9,15.0,,False
143,PSA,Public Storage,Real Estate,REIT - Industrial,Core,56.4,302.01,320.44,20.0,15.8,10.0,0.0,ok,-1.5,ok,2.89,,False,44.3,29.9,4.1,3.3,74.4,21.9,25.1,1.9,-14.0,-0.008,0.246,GOOG,,126,15.8,17.0,,False
144,ZTS,Zoetis Inc.,Healthcare,Drug Manufacturers - Specialty,Core,31.3,75.81,75.58,21.0,13.8,10.0,0.0,ok,-0.5,ok,1.86,,False,44.3,11.6,6.4,-0.2,71.7,64.9,58.9,-26.2,-51.3,0.05,0.163,NVDA,,126,13.8,17.0,,False
145,V,Visa Inc.,Financial Services,Credit Services,Core,700.3,375.07,363.19,20.5,13.8,10.0,0.0,ok,0.0,financial_na,,,False,44.3,25.0,2.9,14.4,97.7,61.2,66.1,12.5,5.4,0.037,0.229,MSFT,,126,13.8,18.0,,False
146,EFX,"Equifax, Inc.",Industrials,Consulting Services,Core,20.8,177.05,178.18,18.5,17.3,10.0,0.0,ok,-1.5,ok,2.75,,False,44.3,17.5,4.6,10.6,55.5,14.3,50.2,-5.6,-27.0,0.058,0.237,MSFT,,126,17.3,17.0,,False
147,NTRS,Northern Trust Corporation,Financial Services,Asset Management,Growth,34.1,186.63,183.82,17.5,16.8,10.0,0.0,ok,0.0,financial_na,,,False,44.3,14.7,,36.4,0.0,17.1,40.6,18.0,21.3,0.243,0.232,GOOG,,126,16.8,14.0,,False
148,A,"Agilent Technologies, Inc.",Healthcare,Diagnostics & Research,Core,42.5,150.86,143.32,17.5,17.2,10.0,0.0,ok,-0.5,ok,1.15,,False,44.2,22.3,2.5,8.1,53.6,21.0,53.8,14.8,16.1,0.18,0.147,NVDA,,126,17.2,16.0,,False
149,PODD,Insulet Corporation,Healthcare,Medical Devices,Core,10.2,147.48,154.32,20.5,13.7,10.0,0.0,ok,0.0,ok,0.67,,False,44.2,19.1,2.3,23.5,71.1,26.0,61.3,-29.8,-52.2,0.049,0.213,GOOG,,126,13.7,17.0,,False
150,IBKR,"Interactive Brokers Group, Inc",Financial Services,Capital Markets,Core,157.8,92.62,92.0,20.0,16.2,10.0,-2.0,ok,0.0,financial_na,,,False,44.2,29.1,,26.3,93.0,24.0,47.2,17.4,23.7,0.589,0.564,BMNR,,126,16.2,16.0,,False
151,JBL,Jabil Inc.,Technology,Electronic Components,Core,32.5,310.57,327.12,16.5,18.2,10.0,0.0,ok,-0.5,ok,1.08,,False,44.2,18.4,3.7,11.8,9.2,65.9,21.6,6.1,12.0,0.437,0.542,AVGO,,126,18.2,13.0,,False
152,MCHP,Microchip Technology Incorpora,Technology,Semiconductors,Growth,40.3,74.17,79.86,17.5,19.2,10.0,0.0,ok,-2.5,ok,3.4,,False,44.2,16.2,3.4,38.0,60.2,7.2,32.3,-4.0,0.5,0.404,0.518,AVGO,,126,19.2,15.0,,False
153,ESTC,Elastic N.V.,Technology,Software - Application,Speculative,9.6,91.81,87.22,21.0,13.2,10.0,0.0,ok,0.0,neg_ebitda_low_debt,,,False,44.2,23.3,5.2,15.1,75.6,33.1,57.8,43.8,58.8,0.333,0.476,MSFT,,126,13.2,17.0,,False
154,UPS,"United Parcel Service, Inc.",Industrials,Integrated Freight & Logistics,Core,87.0,102.29,107.72,18.5,16.1,10.0,0.0,ok,-0.5,ok,1.99,,False,44.1,12.7,6.4,7.6,22.4,29.6,51.3,-1.1,-9.5,0.177,0.19,NVDA,,126,16.1,14.0,,False
155,RJF,"Raymond James Financial, Inc.",Financial Services,Asset Management,Core,34.3,178.29,172.32,19.0,15.1,10.0,0.0,ok,0.0,financial_na,,,False,44.1,12.6,,15.1,93.2,18.4,48.3,11.4,4.8,0.267,0.337,GOOG,,126,15.1,16.0,,False
156,LII,"Lennox International, Inc.",Industrials,Building Products & Equipment,Core,13.5,390.53,472.92,18.5,16.1,10.0,0.0,ok,-0.5,ok,1.68,,False,44.1,14.9,2.1,3.0,33.3,71.8,35.6,-21.5,-37.8,0.216,0.273,NVDA,,126,16.1,14.0,,False
157,MDB,"MongoDB, Inc.",Technology,Software - Infrastructure,Growth,29.7,368.74,373.45,14.0,20.1,10.0,0.0,ok,0.0,ok,-170.08,,False,44.1,47.5,1.9,30.5,72.7,2.0,34.3,7.7,22.1,0.415,0.442,MSFT,,126,20.1,17.0,,False
158,ITW,Illinois Tool Works Inc.,Industrials,Specialty Industrial Machinery,Core,76.9,270.12,280.23,18.5,16.0,10.0,0.0,ok,-0.5,ok,1.84,,False,44.0,21.8,3.2,6.1,44.2,104.6,24.2,1.6,-15.3,0.031,0.138,NVDA,,126,16.0,15.0,,False
159,HD,"Home Depot, Inc. (The)",Consumer Cyclical,Home Improvement Retail,Core,320.3,321.05,339.12,17.0,18.5,10.0,0.0,ok,-1.5,ok,2.48,,False,44.0,20.0,3.4,5.7,32.8,104.3,31.8,-6.4,-22.2,0.159,0.267,GOOG,,126,18.5,11.0,,False
160,CB,Chubb Limited,Financial Services,Insurance - Property & Casualt,Core,131.8,341.59,347.93,18.5,15.4,10.0,0.0,ok,0.0,financial_na,,,False,43.9,11.7,8.0,6.1,31.1,14.8,50.8,4.8,-8.0,-0.35,0.424,AVGO,,126,15.4,14.0,,False
161,GEHC,GE HealthCare Technologies Inc,Healthcare,Medical Devices,Core,31.3,68.86,68.29,17.5,17.9,10.0,0.0,ok,-1.5,ok,2.36,,False,43.9,12.7,5.0,5.8,39.5,19.4,32.1,-5.3,-22.5,0.119,0.211,GOOG,,126,17.9,15.0,,False
162,PLTR,Palantir Technologies Inc.,Technology,Software - Infrastructure,Growth,418.9,174.33,165.61,20.0,13.8,10.0,0.0,ok,0.0,ok,-3.45,,False,43.8,75.3,0.5,92.8,84.8,38.1,51.3,15.2,-2.1,0.487,0.423,MSFT,,126,13.8,17.0,,False
163,NVR,"NVR, Inc.",Consumer Cyclical,Residential Construction,Core,16.8,6298.85,6416.59,16.5,17.3,10.0,0.0,ok,0.0,ok,-0.0,,False,43.8,15.3,5.5,-10.9,21.8,31.5,50.0,-7.5,-21.9,0.056,0.175,GOOG,,126,17.3,11.0,,False
164,FTNT,"Fortinet, Inc.",Technology,Software - Infrastructure,Core,114.7,156.29,158.78,19.0,14.8,10.0,0.0,ok,0.0,ok,-1.35,,False,43.8,41.4,2.0,25.6,80.2,117.4,50.3,42.0,72.9,0.302,0.288,MSFT,,126,14.8,17.0,,False
165,CAT,"Caterpillar, Inc.",Industrials,Farm & Heavy Construction Mach,Core,374.1,813.94,872.69,18.0,17.3,10.0,0.0,ok,-1.5,ok,2.41,,False,43.8,25.1,1.3,24.0,29.7,57.0,31.6,5.4,2.1,0.285,0.476,AVGO,,126,17.3,14.0,,False
166,TMUS,"T-Mobile US, Inc.",Communication Services,Telecom Services,Core,194.7,181.52,181.42,18.5,17.7,10.0,0.0,ok,-2.5,ok,3.42,,False,43.7,12.6,5.8,7.9,63.1,18.0,52.3,-6.5,-30.1,-0.126,0.211,NVDA,,126,17.7,17.0,,False
167,AIG,"American International Group, ",Financial Services,Insurance - Diversified,Core,39.8,76.21,77.88,17.0,16.7,10.0,0.0,ok,0.0,financial_na,,,False,43.7,8.7,18.5,0.5,35.1,7.2,52.7,-1.2,-14.8,-0.08,0.236,NVDA,,126,16.7,14.0,,False
168,EMR,Emerson Electric Company,Industrials,Specialty Industrial Machinery,Core,85.6,152.82,149.43,18.5,15.7,10.0,0.0,ok,-0.5,ok,1.92,,False,43.7,21.1,4.3,7.0,53.2,12.8,35.6,7.5,-4.8,0.364,0.356,NVDA,,126,15.7,15.0,,False
169,FIX,"Comfort Systems USA, Inc.",Industrials,Engineering & Construction,Core,56.7,1610.34,1710.93,17.0,16.7,10.0,0.0,ok,0.0,ok,0.12,,False,43.7,26.8,3.2,1.0,25.7,55.3,25.9,8.0,3.8,0.399,0.462,AVGO,,126,16.7,14.0,,False
170,URI,"United Rentals, Inc.",Industrials,Rental & Leasing Services,Core,62.9,1009.86,1087.67,18.5,17.7,10.0,0.0,ok,-2.5,ok,3.26,,False,43.7,17.7,2.7,11.8,38.5,28.9,18.7,9.1,9.7,0.001,0.143,MSFT,,126,17.7,16.0,,False
171,ACN,Accenture plc,Technology,Information Technology Service,Core,114.3,186.72,177.38,18.5,15.1,10.0,0.0,ok,0.0,ok,-0.14,,False,43.6,12.7,10.6,5.6,32.0,24.4,67.3,-7.5,-23.6,0.027,0.298,MSFT,,126,15.1,15.0,,False
172,SNA,Snap-On Incorporated,Industrials,Tools & Accessories,Core,19.8,383.0,402.67,17.5,16.1,10.0,0.0,ok,0.0,ok,-0.24,,False,43.6,17.9,5.6,4.2,51.8,17.9,25.9,1.9,-11.1,0.117,0.272,GOOG,,126,16.1,15.0,,False
173,ALB,Albemarle Corporation,Basic Materials,Specialty Chemicals,Growth,14.9,126.28,127.98,19.0,14.6,10.0,0.0,ok,0.0,ok,0.25,,False,43.6,11.2,9.0,31.1,24.0,2.6,41.0,-19.3,-38.9,0.231,0.248,AVGO,,126,14.6,11.0,,False
174,MA,Mastercard Incorporated,Financial Services,Credit Services,Core,507.4,579.21,557.71,20.5,13.1,10.0,0.0,ok,0.0,financial_na,,,False,43.6,25.2,3.3,14.1,100.0,241.2,60.5,9.3,-1.5,0.114,0.419,MSFT,,126,13.1,18.0,,False
175,ACMR,"ACM Research, Inc.",Technology,Semiconductor Equipment & Mate,Growth,5.2,74.44,85.84,14.5,19.1,10.0,0.0,ok,0.0,ok,-6.83,,False,43.6,25.7,-3.6,36.0,43.8,11.6,32.8,17.7,45.9,0.399,0.5,AVGO,,126,19.1,14.0,,False
176,ADP,"Automatic Data Processing, Inc",Technology,Software - Application,Core,110.3,277.62,263.74,20.0,13.5,10.0,0.0,ok,0.0,ok,0.2,,False,43.5,20.7,4.8,6.8,48.7,72.2,64.7,17.6,11.9,-0.061,0.287,AVGO,,126,13.5,16.0,,False
177,ONTO,Onto Innovation Inc.,Technology,Semiconductor Equipment & Mate,Growth,16.4,268.01,293.97,14.0,19.5,10.0,0.0,ok,0.0,ok,-1.33,,False,43.5,23.0,1.2,35.3,55.5,6.8,18.9,11.2,26.3,0.389,0.546,AVGO,,126,19.5,14.0,,False
178,HPE,Hewlett Packard Enterprise Com,Technology,Communication Equipment,Growth,69.0,52.0,50.01,19.0,16.0,10.0,0.0,ok,-1.5,ok,2.05,,False,43.5,11.4,6.0,33.7,36.6,10.9,35.6,56.7,126.4,0.337,0.509,AVGO,,126,16.0,13.0,,False
179,MCD,McDonald's Corporation,Consumer Cyclical,Restaurants,Core,180.9,255.69,269.47,16.5,19.5,10.0,0.0,ok,-2.5,ok,3.6,,False,43.5,18.3,3.5,3.7,57.4,,35.4,-13.4,-36.3,-0.031,0.245,NVDA,,126,19.5,12.0,,False
180,DDOG,"Datadog, Inc.",Technology,Software - Application,Growth,76.5,212.93,249.23,15.0,18.5,10.0,0.0,ok,0.0,ok,-44.73,,False,43.5,71.7,1.4,35.6,79.5,4.7,31.2,20.7,52.1,0.257,0.309,MSFT,,126,18.5,17.0,,False
181,ROL,"Rollins, Inc.",Consumer Cyclical,Personal Services,Core,17.3,35.86,39.51,18.5,15.5,10.0,0.0,ok,-0.5,ok,1.16,,False,43.5,27.6,2.9,7.9,52.4,37.0,48.4,-31.2,-51.1,0.039,0.229,GOOG,,126,15.5,14.0,,False
182,STE,STERIS plc (Ireland),Healthcare,Medical Devices,Core,21.9,224.59,225.32,16.0,17.4,10.0,0.0,ok,0.0,ok,0.95,,False,43.4,18.3,3.6,7.3,44.4,11.4,40.6,-3.5,-15.0,0.018,0.16,GOOG,,126,17.4,16.0,,False
183,TKO,"TKO Group Holdings, Inc.",Communication Services,Entertainment,Core,35.2,186.01,189.66,16.5,18.4,10.0,0.0,ok,-1.5,ok,2.69,,False,43.4,46.6,2.4,18.2,59.5,7.1,39.7,-5.5,-22.1,0.203,0.185,BMNR,,126,18.4,14.0,,False
184,ROST,"Ross Stores, Inc.",Consumer Cyclical,Apparel Retail,Core,73.7,230.69,234.51,18.0,15.4,10.0,0.0,ok,0.0,ok,0.12,,False,43.4,25.8,2.7,13.3,33.4,42.6,44.0,8.6,-4.6,0.129,0.147,GOOG,,126,15.4,11.0,,False
185,DHI,"D.R. Horton, Inc.",Consumer Cyclical,Residential Construction,Core,39.9,142.75,149.32,16.0,17.9,10.0,0.0,ok,-0.5,ok,1.24,,False,43.4,12.1,6.0,0.0,21.3,12.6,42.1,-4.5,-16.6,0.178,0.204,GOOG,,126,17.9,11.0,,False
186,WYNN,"Wynn Resorts, Limited",Consumer Cyclical,Resorts & Casinos,Speculative,9.4,91.54,97.99,18.0,18.9,10.0,0.0,ok,-3.5,ok,5.66,,False,43.4,17.7,5.1,6.9,68.3,,18.5,-14.3,-23.2,0.252,0.188,GOOG,,126,18.9,13.0,,False
187,LDOS,"Leidos Holdings, Inc.",Technology,Information Technology Service,Core,16.7,133.05,126.4,17.0,17.8,10.0,0.0,ok,-1.5,ok,2.45,,False,43.3,10.4,6.9,7.2,17.8,27.8,35.2,-13.0,-39.3,0.126,0.191,MSFT,,126,17.8,15.0,,False
188,DOV,Dover Corporation,Industrials,Specialty Industrial Machinery,Core,26.0,192.88,207.32,16.0,17.3,10.0,0.0,ok,0.0,ok,0.79,,False,43.3,16.6,3.5,6.9,40.1,14.9,30.1,-8.1,-22.2,0.242,0.273,GOOG,,126,17.3,15.0,,False
189,IBM,International Business Machine,Technology,Information Technology Service,Core,221.3,234.89,241.35,20.0,15.8,10.0,0.0,ok,-2.5,ok,3.47,,False,43.3,17.8,5.4,1.1,58.1,34.5,56.6,-9.9,-20.2,0.136,0.318,MSFT,,126,15.8,16.0,,False
190,TRV,"The Travelers Companies, Inc.",Financial Services,Insurance - Property & Casualt,Core,77.0,369.35,363.14,20.0,13.3,10.0,0.0,ok,0.0,financial_na,,,False,43.3,12.2,19.2,0.3,34.7,26.5,55.3,18.4,8.7,-0.206,0.273,AVGO,,126,13.3,14.0,,False
191,TTD,"The Trade Desk, Inc.",Communication Services,Advertising Agencies,Speculative,6.8,14.43,16.58,19.5,13.8,10.0,0.0,ok,0.0,ok,-1.51,,False,43.3,14.5,8.6,3.0,76.9,15.4,64.5,-42.4,-63.1,0.189,0.289,MSFT,,126,13.8,15.0,,False
192,HUBB,Hubbell Inc,Industrials,Electrical Equipment & Parts,Core,24.3,460.72,485.08,18.5,17.2,10.0,0.0,ok,-2.5,ok,3.41,,False,43.2,20.1,2.0,15.3,35.3,24.4,27.2,-5.0,-19.1,0.19,0.335,AVGO,,126,17.2,14.0,,False
193,C,"Citigroup, Inc.",Financial Services,Banks - Diversified,Core,231.0,137.72,135.29,16.0,17.2,10.0,0.0,ok,0.0,financial_na,,,False,43.2,10.7,,15.5,0.0,8.5,48.2,12.2,16.2,0.372,0.306,NVDA,,126,17.2,14.0,,False
194,UNH,UnitedHealth Group Incorporate,Healthcare,Healthcare Plans,Core,356.5,397.14,411.74,15.5,18.1,10.0,0.0,ok,-0.5,ok,1.57,,False,43.1,17.7,6.8,0.4,19.7,14.2,51.3,13.3,25.7,0.054,0.102,MSFT,,126,18.1,15.0,,False
195,PH,Parker-Hannifin Corporation,Industrials,Specialty Industrial Machinery,Core,121.3,962.59,991.22,17.5,16.0,10.0,0.0,ok,-0.5,ok,1.45,,False,43.0,24.6,2.4,9.8,37.5,25.1,27.2,3.0,-10.1,0.128,0.258,NVDA,,126,16.0,14.0,,False
196,CFG,"Citizens Financial Group, Inc.",Financial Services,Banks - Regional,Core,29.8,70.78,71.47,16.0,17.0,10.0,0.0,ok,0.0,financial_na,,,False,43.0,10.8,,14.7,0.0,8.3,34.3,11.2,8.7,0.148,0.23,GOOG,,126,17.0,14.0,,False
197,NEM,Newmont Corporation,Basic Materials,Gold,Cyclical,135.0,128.09,121.69,22.0,11.0,10.0,0.0,ok,0.0,ok,-0.2,,False,43.0,12.7,6.5,15.1,68.0,25.9,58.2,18.1,-4.1,0.42,0.467,BMNR,,126,11.0,13.0,,False
198,SHW,Sherwin-Williams Company (The),Basic Materials,Specialty Chemicals,Cyclical,81.0,333.71,343.01,18.5,16.9,10.0,0.0,ok,-2.5,ok,3.13,,False,42.9,24.5,3.1,7.5,49.0,65.1,33.1,-0.1,-13.5,0.239,0.313,GOOG,,126,16.9,12.0,,False
199,PG,Procter & Gamble Company (The),Consumer Defensive,Household & Personal Products,Core,340.4,146.44,146.72,18.5,14.8,10.0,0.0,ok,-0.5,ok,1.01,,False,42.8,19.8,3.9,1.5,50.9,30.3,60.7,-0.2,-18.5,-0.02,0.227,GOOG,,126,14.8,17.0,,False
200,INVH,Invitation Homes Inc.,Real Estate,REIT - Residential,Core,16.9,28.39,29.89,19.0,17.3,10.0,0.0,ok,-3.5,ok,5.65,,False,42.8,41.6,6.9,10.1,56.3,7.1,29.6,2.5,-2.9,-0.124,0.285,AVGO,,126,17.3,16.0,,False
201,MTD,"Mettler-Toledo International, ",Healthcare,Diagnostics & Research,Core,27.0,1345.26,1360.6,16.5,16.8,10.0,0.0,ok,-0.5,ok,1.64,,False,42.8,26.0,2.6,4.5,60.3,,29.0,2.0,-5.8,0.164,0.155,GOOG,,126,16.8,17.0,,False
202,FDX,FedEx Corporation,Industrials,Integrated Freight & Logistics,Core,76.3,322.52,319.44,18.0,16.2,10.0,0.0,ok,-1.5,ok,2.48,,False,42.7,15.5,7.4,12.5,27.3,14.8,40.5,-3.1,-24.3,0.195,0.241,GOOG,,126,16.2,14.0,,False
203,RMD,ResMed Inc.,Healthcare,Medical Instruments & Supplies,Core,32.9,228.35,216.93,18.5,14.2,10.0,0.0,ok,0.0,ok,-0.31,,False,42.7,17.3,2.9,8.6,61.6,24.3,60.2,0.2,-23.0,0.041,0.31,GOOG,,126,14.2,17.0,,False
204,AMD,"Advanced Micro Devices, Inc.",Technology,Semiconductors,Growth,779.6,477.57,499.27,16.5,16.2,10.0,0.0,ok,0.0,ok,-0.92,,False,42.7,30.9,1.1,50.1,55.7,10.2,40.1,40.1,122.1,0.47,0.539,AVGO,,126,16.2,14.0,,False
205,ERIE,Erie Indemnity Company,Financial Services,Insurance Brokers,Core,13.2,252.8,246.49,16.0,16.6,10.0,0.0,ok,0.0,financial_na,,,False,42.6,18.0,3.6,2.8,17.9,24.8,54.3,-0.2,-14.1,-0.252,0.357,AVGO,,126,16.6,14.0,,False
206,HST,"Host Hotels & Resorts, Inc.",Real Estate,REIT - Hotel & Motel,Core,15.3,22.05,23.5,17.0,17.1,10.0,0.0,ok,-1.5,ok,2.18,,False,42.6,21.0,11.0,3.6,29.2,15.6,36.1,6.1,2.7,0.096,0.294,GOOG,,126,17.1,15.0,,False
207,L,Loews Corporation,Financial Services,Insurance - Property & Casualt,Core,22.3,109.3,113.76,16.0,16.6,10.0,0.0,ok,0.0,financial_na,,,False,42.6,37.7,5.6,3.9,36.3,9.3,35.0,0.5,-13.4,-0.175,0.243,NVDA,,126,16.6,14.0,,False
208,GWW,"W.W. Grainger, Inc.",Industrials,Industrial Distribution,Core,62.5,1324.49,1339.44,17.0,15.6,10.0,0.0,ok,0.0,ok,0.69,,False,42.6,25.9,2.0,10.3,39.4,46.1,51.8,12.7,5.4,0.041,0.184,GOOG,,126,15.6,14.0,,False
209,EXPD,Expeditors International of Wa,Industrials,Integrated Freight & Logistics,Growth,24.5,188.8,179.36,17.5,15.1,10.0,0.0,ok,0.0,ok,-0.37,,False,42.6,23.8,3.2,32.1,13.5,42.7,51.8,19.0,16.4,-0.031,0.087,MSFT,,126,15.1,14.0,,False
210,BRK-B,Berkshire Hathaway Inc. New,Financial Services,Insurance - Diversified,Core,1083.3,506.03,503.15,18.5,14.1,10.0,0.0,ok,0.0,financial_na,,,False,42.6,22.8,6.6,10.0,30.3,12.1,61.5,2.8,-11.8,0.008,0.213,MSFT,,126,14.1,14.0,,False
211,PGR,Progressive Corporation (The),Financial Services,Insurance - Property & Casualt,Core,127.2,218.95,217.51,19.5,13.1,10.0,0.0,ok,0.0,financial_na,,,False,42.6,13.4,11.9,7.3,18.5,34.9,68.2,5.0,-7.6,-0.296,0.383,AVGO,,126,13.1,14.0,,False
212,GLW,Corning Incorporated,Technology,Electronic Components,Core,132.6,154.3,165.25,14.5,18.6,10.0,0.0,ok,-0.5,ok,1.68,,False,42.6,35.7,0.6,16.6,36.4,16.8,32.4,7.4,6.0,0.286,0.45,AVGO,,126,18.6,13.0,,False
213,MTB,M&T Bank Corporation,Financial Services,Banks - Regional,Core,34.8,239.84,244.86,16.5,16.1,10.0,0.0,ok,0.0,financial_na,,,False,42.6,11.4,,6.2,0.0,10.7,33.1,8.9,1.4,0.047,0.231,GOOG,,126,16.1,14.0,,False
214,WM,"Waste Management, Inc.",Industrials,Waste Management,Core,87.5,218.99,228.33,17.5,16.6,10.0,0.0,ok,-1.5,ok,2.93,,False,42.6,24.0,2.7,4.0,40.6,29.8,39.4,-2.6,-24.4,-0.37,0.377,AVGO,,126,16.6,15.0,,False
215,CF,"CF Industries Holdings, Inc.",Basic Materials,Agricultural Inputs,Cyclical,20.2,133.35,126.68,22.0,10.5,10.0,0.0,ok,0.0,ok,0.29,,False,42.5,12.9,6.3,17.6,42.5,29.9,71.3,23.8,7.0,-0.352,0.313,GOOG,,126,10.5,12.0,,False
216,PPG,"PPG Industries, Inc.",Basic Materials,Specialty Chemicals,Cyclical,25.0,112.53,115.79,17.5,16.5,10.0,0.0,ok,-1.5,ok,2.17,,False,42.5,13.0,4.4,7.2,41.2,19.3,47.2,1.6,-8.9,0.292,0.296,BMNR,,126,16.5,12.0,,False
217,CTSH,Cognizant Technology Solutions,Technology,Information Technology Service,Core,29.5,62.31,59.19,18.5,14.0,10.0,0.0,ok,0.0,ok,0.26,,False,42.5,9.9,7.5,4.5,33.4,14.9,69.4,-0.1,-16.5,0.026,0.307,MSFT,,126,14.0,15.0,,False
218,VLO,Valero Energy Corporation,Energy,Oil & Gas Refining & Marketing,Growth,106.7,370.72,352.18,20.0,12.5,10.0,0.0,ok,0.0,ok,0.26,,False,42.5,11.9,7.9,51.7,16.1,27.6,69.5,54.9,58.1,-0.198,0.287,GOOG,,126,12.5,12.0,,False
219,MSCI,MSCI Inc.,Financial Services,Financial Data & Stock Exchang,Core,41.7,573.01,578.54,17.5,14.9,10.0,0.0,ok,0.0,financial_na,,,False,42.4,25.5,2.9,12.2,83.0,,65.7,0.3,-11.7,0.205,0.38,MSFT,,126,14.9,16.0,,False
220,RF,Regions Financial Corporation,Financial Services,Banks - Regional,Core,25.9,30.42,30.89,16.5,15.9,10.0,0.0,ok,0.0,financial_na,,,False,42.4,10.7,,3.4,0.0,11.9,35.9,7.3,-0.7,0.106,0.262,GOOG,,126,15.9,14.0,,False
221,CPB,The Campbell's Company,Consumer Defensive,Packaged Foods,Speculative,6.4,21.38,22.72,16.0,18.9,10.0,0.0,ok,-2.5,ok,3.95,,False,42.4,11.8,9.5,-7.9,29.2,15.4,38.1,-10.2,-27.5,-0.136,0.248,AVGO,,126,18.9,16.0,,False
222,NDAQ,"Nasdaq, Inc.",Financial Services,Financial Data & Stock Exchang,Core,54.2,96.88,92.77,18.0,14.3,10.0,0.0,ok,0.0,financial_na,,,False,42.3,20.7,3.1,14.9,100.0,16.5,50.8,7.3,-3.2,0.25,0.415,MSFT,,126,14.3,16.0,,False
223,ACGL,Arch Capital Group Ltd.,Financial Services,Insurance - Diversified,Core,33.5,98.1,100.06,16.5,15.8,10.0,0.0,ok,0.0,financial_na,,,False,42.3,10.1,12.9,-10.5,38.8,19.9,51.2,2.1,-11.0,-0.265,0.414,AVGO,,126,15.8,14.0,,False
224,FTV,Fortive Corporation,Technology,Scientific & Technical Instrum,Core,17.4,56.94,60.65,17.0,16.8,10.0,0.0,ok,-1.5,ok,2.61,,False,42.3,17.5,5.4,7.9,63.2,7.3,32.0,-1.9,-12.4,0.104,0.134,NVDA,,126,16.8,15.0,,False
225,ELV,"Elevance Health, Inc.",Healthcare,Healthcare Plans,Core,88.4,407.5,396.29,16.0,16.2,10.0,0.0,ok,0.0,ok,-0.78,,False,42.2,13.8,4.9,1.4,26.0,11.1,63.6,13.7,32.5,0.042,0.15,AVGO,,126,16.2,15.0,,False
226,IR,Ingersoll Rand Inc.,Industrials,Specialty Industrial Machinery,Core,29.6,76.36,81.67,14.5,18.2,10.0,0.0,ok,-0.5,ok,1.85,,False,42.2,19.5,3.7,8.5,42.8,9.5,30.5,-6.9,-25.4,0.223,0.263,GOOG,,126,18.2,15.0,,False
227,HWM,Howmet Aerospace Inc.,Industrials,Aerospace & Defense,Core,103.4,259.27,275.35,18.0,14.7,10.0,0.0,ok,-0.5,ok,1.47,,False,42.2,40.4,1.2,24.1,36.0,34.7,32.2,5.6,-11.5,0.229,0.322,GOOG,,126,14.7,14.0,,False
228,LOW,"Lowe's Companies, Inc.",Consumer Cyclical,Home Improvement Retail,Core,114.7,204.45,213.34,15.5,19.2,10.0,0.0,ok,-2.5,ok,3.05,,False,42.2,15.7,4.0,8.3,33.0,,33.1,-13.1,-31.5,0.126,0.277,GOOG,,126,19.2,11.0,,False
229,MGM,MGM Resorts International,Consumer Cyclical,Resorts & Casinos,Core,10.4,41.22,44.95,18.5,18.7,10.0,0.0,ok,-5.0,ok,12.25,,False,42.2,19.9,8.5,1.0,44.2,18.9,26.6,4.1,2.1,0.206,0.204,MSFT,,126,18.7,12.0,,False
230,GIS,"General Mills, Inc.",Consumer Defensive,Packaged Foods,Core,20.5,38.29,37.8,16.0,16.2,10.0,0.0,ok,0.0,ok,-0.12,,False,42.2,11.9,11.3,2.2,33.7,-1.0,51.6,-2.9,-23.9,-0.118,0.315,AVGO,,126,16.2,16.0,,False
231,CVNA,Carvana Co.,Consumer Cyclical,Auto & Truck Dealerships,Growth,82.7,74.59,70.86,16.0,16.7,10.0,0.0,ok,-0.5,ok,1.02,,False,42.2,33.0,0.5,52.4,19.4,58.8,58.4,2.1,0.0,0.343,0.401,GOOG,,126,16.7,11.0,,False
232,HOOD,"Robinhood Markets, Inc.",Financial Services,Capital Markets,Growth,109.8,122.11,116.0,18.5,15.7,10.0,-2.0,ok,0.0,financial_na,,,False,42.2,37.0,,32.3,91.9,23.6,68.1,28.4,40.3,0.533,0.579,BMNR,,126,15.7,16.0,,False
233,FISV,"Fiserv, Inc.",,,Core,28.2,53.0,52.16,15.5,16.7,10.0,0.0,ok,,unavailable,,,False,42.2,6.6,,,,,55.3,-9.1,-27.1,0.107,0.306,MSFT,,126,16.7,12.5,,False
234,TFC,Truist Financial Corporation,Financial Services,Banks - Regional,Core,63.1,51.65,51.53,15.0,17.2,10.0,0.0,ok,0.0,financial_na,,,False,42.2,10.4,,8.2,0.0,9.1,44.1,4.9,-1.9,0.048,0.185,GOOG,,126,17.2,14.0,,False
235,ZBRA,Zebra Technologies Corporation,Technology,Communication Equipment,Core,17.3,362.74,344.6,18.0,15.6,10.0,0.0,ok,-1.5,ok,2.37,,False,42.1,16.3,3.3,20.4,49.6,15.3,44.5,41.0,56.1,0.292,0.313,AVGO,,126,15.6,14.0,,False
236,VMC,Vulcan Materials Company (Hold,Basic Materials,Building Materials,Cyclical,34.0,262.63,282.43,14.5,19.1,10.0,0.0,ok,-1.5,ok,2.03,,False,42.1,24.4,2.5,2.5,27.5,13.2,34.6,-8.9,-17.8,0.094,0.236,GOOG,,126,19.1,11.0,,False
237,COHU,"Cohu, Inc.",Technology,Semiconductor Equipment & Mate,Growth,2.4,50.72,53.42,14.0,18.1,10.0,0.0,ok,0.0,ok,-13.22,,False,42.1,27.5,2.8,38.4,44.0,-4.8,28.5,25.8,67.6,0.367,0.504,AVGO,,126,18.1,14.0,,False
238,IVZ,Invesco Ltd,Financial Services,Asset Management,Core,14.6,33.07,31.42,16.5,15.6,10.0,0.0,ok,0.0,financial_na,,,False,42.1,10.1,7.8,20.5,29.5,-0.6,54.1,22.2,26.0,0.488,0.415,BMNR,,126,15.6,14.0,,False
239,AME,"AMETEK, Inc.",Industrials,Specialty Industrial Machinery,Core,54.5,237.72,241.36,17.0,15.1,10.0,0.0,ok,0.0,ok,0.73,,False,42.1,24.8,2.7,15.0,36.9,14.6,30.7,5.3,-7.8,0.287,0.392,AVGO,,126,15.1,14.0,,False
240,ORLY,"O'Reilly Automotive, Inc.",Consumer Cyclical,Auto Parts,Core,71.1,87.89,89.01,15.5,18.0,10.0,0.0,ok,-1.5,ok,2.24,,False,42.0,24.1,2.2,8.1,51.6,,39.6,-4.6,-20.7,-0.082,0.197,NVDA,,126,18.0,12.0,,False
241,WST,"West Pharmaceutical Services, ",Healthcare,Medical Instruments & Supplies,Core,23.9,339.97,350.12,14.5,17.5,10.0,0.0,ok,0.0,ok,-0.13,,False,42.0,34.1,1.2,13.8,36.8,19.1,41.7,15.8,23.6,0.084,0.111,GOOG,,126,17.5,15.0,,False
242,CRDO,Credo Technology Group Holding,Technology,Semiconductors,Growth,32.1,170.57,230.22,20.0,12.0,10.0,0.0,ok,0.0,ok,-1.36,,True,42.0,17.7,0.8,114.7,67.1,30.7,15.0,-2.7,33.5,0.374,0.47,AVGO,,126,22.1,15.0,,False
243,CPRT,"Copart, Inc.",Industrials,Specialty Business Services,Core,32.5,33.72,32.03,17.0,15.0,10.0,0.0,ok,0.0,ok,-2.09,,False,42.0,20.1,3.1,2.1,47.5,17.6,63.4,-2.1,-23.8,-0.006,0.283,AVGO,,126,15.0,17.0,,False
244,BBY,"Best Buy Co., Inc.",Consumer Cyclical,Specialty Retail,Core,19.0,90.27,85.76,18.0,14.0,10.0,0.0,ok,0.0,ok,0.71,,False,42.0,12.5,6.7,3.6,22.7,43.1,57.9,27.2,25.4,0.027,0.107,NVDA,,126,14.0,11.0,,False
245,ABT,Abbott Laboratories,Healthcare,Medical Devices,Core,188.7,108.33,104.37,17.0,16.5,10.0,0.0,ok,-1.5,ok,2.32,,False,42.0,17.9,3.8,13.0,56.8,10.6,44.9,2.4,-16.8,-0.081,0.28,AVGO,,126,16.5,16.0,,False
246,AJG,Arthur J. Gallagher & Co.,Financial Services,Insurance Brokers,Growth,67.3,262.69,253.69,16.5,15.5,10.0,0.0,ok,0.0,financial_na,,,False,42.0,17.6,3.1,30.9,43.2,6.7,62.8,12.4,7.0,-0.187,0.362,AVGO,,126,15.5,15.0,,False
247,TRMB,Trimble Inc.,Technology,Scientific & Technical Instrum,Core,13.9,59.47,56.5,17.0,15.5,10.0,0.0,ok,-0.5,ok,1.41,,False,42.0,14.4,4.9,11.0,71.8,-1.9,64.9,-8.2,-29.2,0.342,0.335,MSFT,,126,15.5,15.0,,False
248,NKE,"Nike, Inc.",Consumer Cyclical,Footwear & Accessories,Core,57.0,38.4,41.51,16.5,15.5,10.0,0.0,ok,0.0,ok,0.41,,False,42.0,16.8,3.3,-1.1,43.2,22.1,46.3,-25.1,-45.6,0.189,0.214,MSFT,,126,15.5,12.0,,False
249,FAST,Fastenal Company,Industrials,Industrial Distribution,Core,56.9,49.6,48.68,17.0,15.0,10.0,0.0,ok,0.0,ok,0.12,,False,42.0,35.4,1.6,14.7,44.7,34.3,40.2,9.8,-7.0,0.018,0.165,GOOG,,126,15.0,15.0,,False
250,TDG,Transdigm Group Incorporated,Industrials,Aerospace & Defense,Core,65.0,1162.05,1241.96,18.5,18.5,10.0,0.0,ok,-5.0,ok,6.03,,False,42.0,24.0,2.2,22.5,59.8,,26.5,-8.5,-22.6,0.168,0.352,GOOG,,126,18.5,15.0,,False
251,PHM,"PulteGroup, Inc.",Consumer Cyclical,Residential Construction,Core,23.7,124.45,128.79,15.0,17.0,10.0,0.0,ok,0.0,ok,0.42,,False,42.0,11.1,4.5,-9.6,25.6,14.9,42.2,-0.5,-15.1,0.149,0.218,GOOG,,126,17.0,11.0,,False
252,SYY,Sysco Corporation,Consumer Defensive,Food Distribution,Core,38.4,80.05,83.1,17.0,16.4,10.0,0.0,ok,-1.5,ok,2.95,,False,41.9,14.9,5.0,4.7,18.5,77.7,39.2,1.3,-18.4,-0.005,0.064,GOOG,,126,16.4,16.0,,False
253,DLTR,"Dollar Tree, Inc.",Consumer Defensive,Discount Stores,Core,24.7,131.42,127.31,18.5,14.9,10.0,0.0,ok,-1.5,ok,2.64,,False,41.9,16.6,4.3,7.0,37.2,46.0,52.8,12.2,-0.1,0.159,0.198,MSFT,,126,14.9,16.0,,False
254,FIS,Fidelity National Information ,Technology,Information Technology Service,Core,21.7,41.89,41.91,22.0,13.3,10.0,0.0,ok,-3.5,ok,5.82,,False,41.8,6.3,12.3,29.1,35.8,22.3,55.9,-15.2,-31.7,0.074,0.34,MSFT,,126,13.3,15.0,,False
255,HCA,"HCA Healthcare, Inc.",Healthcare,Medical Care Facilities,Core,89.8,405.0,402.88,17.0,17.3,10.0,0.0,ok,-2.5,ok,3.2,,False,41.8,12.6,4.2,8.7,42.6,,50.0,-10.3,-39.2,0.002,0.19,GOOG,,126,17.3,16.0,,False
256,GEN,Gen Digital Inc.,Technology,Software - Infrastructure,Core,18.3,30.65,29.12,22.0,12.3,10.0,0.0,ok,-2.5,ok,3.17,,False,41.8,9.3,8.4,6.3,78.0,41.9,73.8,25.2,23.1,0.359,0.407,MSFT,,126,12.3,17.0,,False
257,MAA,Mid-America Apartment Communit,Real Estate,REIT - Residential,Core,15.3,128.32,133.77,18.0,17.2,10.0,0.0,ok,-3.5,ok,4.57,,False,41.7,39.1,6.0,1.0,58.4,7.0,39.2,-2.1,-15.3,-0.218,0.358,AVGO,,126,17.2,16.0,,False
258,VRSK,"Verisk Analytics, Inc.",Industrials,Consulting Services,Core,24.3,185.79,190.57,18.0,15.2,10.0,0.0,ok,-1.5,ok,2.68,,False,41.7,21.4,4.3,4.4,70.2,,64.2,-4.4,-25.0,-0.129,0.281,AVGO,,126,15.2,18.0,,False
259,CSGP,"CoStar Group, Inc.",Real Estate,Real Estate Services,Core,12.5,30.91,30.29,16.5,15.2,10.0,0.0,ok,0.0,ok,-0.28,,False,41.7,17.8,3.3,18.4,78.7,0.9,47.5,-29.3,-49.7,0.047,0.373,MSFT,,126,15.2,19.0,,False
260,BSX,Boston Scientific Corporation,Healthcare,Medical Devices,Core,69.3,47.8,46.89,17.0,16.1,10.0,0.0,ok,-1.5,ok,2.12,,False,41.6,13.9,3.5,7.5,69.2,15.3,38.6,-28.4,-47.1,0.086,0.156,MSFT,,126,16.1,17.0,,False
261,EW,Edwards Lifesciences Corporati,Healthcare,Medical Devices,Core,51.8,89.9,89.64,16.5,15.1,10.0,0.0,ok,0.0,ok,-1.78,,False,41.6,26.6,2.4,13.6,77.8,9.2,44.3,5.8,-6.9,0.265,0.307,GOOG,,126,15.1,17.0,,False
262,CHRW,"C.H. Robinson Worldwide, Inc.",Industrials,Integrated Freight & Logistics,Core,17.3,147.64,168.19,16.5,15.6,10.0,0.0,ok,-0.5,ok,1.95,,False,41.6,19.7,2.8,19.3,8.4,37.1,56.4,-14.4,-32.4,-0.066,0.214,MSFT,,126,15.6,14.0,,False
263,DVA,DaVita Inc.,Healthcare,Medical Care Facilities,Core,11.8,183.99,208.28,19.5,15.6,10.0,0.0,ok,-3.5,ok,4.5,,False,41.6,10.7,8.8,5.2,32.4,88.5,63.4,12.1,7.0,-0.034,0.171,GOOG,,126,15.6,15.0,,False
264,GRMN,Garmin Ltd.,Technology,Scientific & Technical Instrum,Core,53.4,277.03,272.51,17.0,14.6,10.0,0.0,ok,0.0,ok,-1.06,,False,41.6,25.2,2.0,11.4,60.1,21.9,12.7,16.4,1.0,0.203,0.178,NVDA,,126,14.6,15.0,,False
265,NWS,News Corporation,Communication Services,Entertainment,Core,18.2,33.9,32.25,17.0,14.6,10.0,0.0,ok,0.0,ok,0.61,,False,41.6,22.4,5.7,10.8,57.2,8.0,62.1,13.7,9.2,0.083,0.234,GOOG,,126,14.6,14.0,,False
266,MAR,Marriott International,Consumer Cyclical,Lodging,Core,87.8,336.51,361.91,17.5,16.6,10.0,0.0,ok,-2.5,ok,3.6,,False,41.6,25.6,2.3,11.1,79.2,,26.7,-2.3,-11.2,0.146,0.273,GOOG,,126,16.6,13.0,,False
267,COST,Costco Wholesale Corporation,Consumer Defensive,Discount Stores,Core,406.1,915.74,943.57,14.0,17.6,10.0,0.0,ok,0.0,ok,-0.07,,False,41.6,40.5,1.7,21.5,12.9,29.2,37.5,-4.5,-22.4,-0.227,0.34,AVGO,,126,17.6,16.0,,False
268,LHX,"L3Harris Technologies, Inc.",Industrials,Aerospace & Defense,Growth,47.8,256.45,282.67,18.0,16.0,10.0,0.0,ok,-2.5,ok,3.23,,False,41.5,19.1,,190.0,30.4,,19.6,-18.2,-44.5,-0.086,0.148,MSFT,,126,16.0,14.0,,False
269,LITE,Lumentum Holdings Inc.,Technology,Communication Equipment,Growth,79.0,881.26,837.19,14.0,17.5,10.0,0.0,ok,0.0,ok,-1.33,,False,41.5,26.5,0.3,109.3,44.2,-240.0,42.1,28.6,24.0,0.299,0.409,AVGO,,126,17.5,14.0,,False
270,PNR,Pentair plc.,Industrials,Specialty Industrial Machinery,Speculative,9.7,60.21,67.05,15.5,16.5,10.0,0.0,ok,-0.5,ok,1.62,,False,41.5,11.6,5.7,-17.0,41.4,17.1,31.9,-29.6,-48.1,0.146,0.184,NVDA,,126,16.5,15.0,,False
271,VEEV,Veeva Systems Inc.,Healthcare,Health Information Services,Core,44.5,275.09,261.34,18.0,13.5,10.0,0.0,ok,0.0,ok,-6.59,,False,41.5,26.9,2.8,17.6,75.0,14.4,69.9,38.5,27.1,0.268,0.416,MSFT,,126,13.5,19.0,,False
272,EXE,Expand Energy Corporation,Energy,Oil & Gas E&P,Cyclical,23.4,97.91,93.01,16.5,14.9,10.0,0.0,ok,0.0,ok,0.46,,False,41.4,11.0,6.3,-10.6,47.1,14.9,66.7,-2.6,-22.3,-0.097,0.139,AVGO,,126,14.9,13.0,,False
273,BMY,Bristol-Myers Squibb Company,Healthcare,Drug Manufacturers - General,Core,136.5,66.82,63.48,21.0,10.9,10.0,0.0,ok,-0.5,ok,1.8,,False,41.4,10.2,5.9,5.7,71.7,46.6,59.4,15.6,-2.2,-0.007,0.226,AVGO,,126,10.9,17.0,,False
274,ICE,Intercontinental Exchange Inc.,Financial Services,Financial Data & Stock Exchang,Core,90.5,161.26,153.2,18.5,12.9,10.0,0.0,ok,0.0,financial_na,,,False,41.4,18.3,4.0,4.8,100.0,14.1,63.2,4.1,-16.0,0.185,0.31,MSFT,,126,12.9,16.0,,False
275,BMNR,BitMine Immersion Technologies,Financial Services,Capital Markets,Growth,15.1,24.97,23.72,14.0,17.4,10.0,0.0,ok,0.0,financial_na,,,False,41.4,26.6,-3.4,2167.8,84.4,-150.9,67.1,11.9,7.1,0.481,0.388,NVDA,,126,17.4,16.0,,True
276,FICO,Fair Isaac Corporation,Technology,Software - Application,Core,20.1,932.26,1167.58,18.5,16.4,10.0,0.0,ok,-3.5,ok,4.23,,False,41.4,17.6,3.8,25.7,85.1,,35.6,-28.5,-48.9,-0.075,0.195,AVGO,,126,16.4,17.0,,False
277,BXP,"BXP, Inc.",Real Estate,REIT - Office,Core,12.2,67.69,68.63,18.0,18.3,10.0,0.0,ok,-5.0,ok,9.81,,False,41.3,30.5,7.2,3.7,56.5,5.3,53.7,7.3,17.2,0.12,0.171,BMNR,,126,18.3,16.0,,False
278,EQT,EQT Corporation,Energy,Oil & Gas E&P,Cyclical,34.5,55.17,52.67,18.5,12.8,10.0,0.0,ok,0.0,ok,0.79,,False,41.3,14.0,7.1,-3.9,80.7,11.1,72.1,-1.5,-24.7,-0.07,0.107,AVGO,,126,12.8,14.0,,False
279,MRVL,"Marvell Technology, Inc.",Technology,Semiconductors,Growth,200.9,223.55,220.67,15.5,15.8,10.0,0.0,ok,0.0,ok,0.47,,False,41.3,33.3,1.2,36.5,52.2,16.5,46.3,47.3,127.8,0.378,0.539,AVGO,,126,15.8,14.0,,False
280,NDSN,Nordson Corporation,Industrials,Specialty Industrial Machinery,Core,17.7,318.36,304.87,18.0,13.8,10.0,0.0,ok,-0.5,ok,1.78,,False,41.3,24.6,3.5,10.3,55.4,17.8,56.5,14.2,4.0,0.242,0.304,AVGO,,126,13.8,15.0,,False
281,CMCSA,Comcast Corporation,Communication Services,Telecom Services,Core,94.0,26.49,25.17,18.5,14.3,10.0,0.0,ok,-1.5,ok,2.43,,False,41.3,7.3,13.5,-1.2,69.4,11.5,59.2,-0.8,-27.2,-0.039,0.181,NVDA,,126,14.3,17.0,,False
282,CHD,"Church & Dwight Company, Inc.",Consumer Defensive,Household & Personal Products,Core,23.4,98.55,99.28,17.5,14.3,10.0,0.0,ok,-0.5,ok,1.6,,False,41.3,24.4,4.0,1.6,45.6,17.0,52.3,4.1,-16.9,-0.058,0.22,GOOG,,126,14.3,17.0,,False
283,KO,Coca-Cola Company (The),Consumer Defensive,Beverages - Non-Alcoholic,Core,378.9,88.07,86.07,17.0,14.8,10.0,0.0,ok,-0.5,ok,1.64,,False,41.3,25.0,1.4,6.7,61.9,42.1,54.6,12.6,0.4,-0.209,0.309,AVGO,,126,14.8,18.0,,False
284,ISRG,"Intuitive Surgical, Inc.",Healthcare,Medical Instruments & Supplies,Core,131.4,366.7,381.01,15.5,15.8,10.0,0.0,ok,0.0,ok,-1.25,,False,41.3,30.4,2.0,18.5,66.7,17.4,33.6,-20.9,-39.3,0.259,0.333,GOOG,,126,15.8,17.0,,False
285,XOM,ExxonMobil Holdings Corporatio,Energy,Oil & Gas Integrated,Growth,655.7,159.47,152.96,17.5,13.8,10.0,0.0,ok,0.0,ok,0.47,,False,41.3,14.8,3.2,44.1,29.8,12.6,46.6,10.8,-6.9,-0.36,0.349,GOOG,,126,13.8,12.0,,False
286,OMC,Omnicom Group Inc.,Communication Services,Advertising Agencies,Growth,23.5,82.62,82.7,18.5,14.3,10.0,0.0,ok,-1.5,ok,2.2,,False,41.3,6.9,18.1,63.4,19.0,6.1,41.8,6.4,-14.2,0.094,0.181,BMNR,,126,14.3,13.0,,False
287,NOW,"ServiceNow, Inc.",Technology,Software - Application,Core,146.0,141.26,134.2,18.0,13.7,10.0,0.0,ok,-0.5,ok,1.31,,False,41.2,28.2,3.5,24.0,74.8,14.2,68.8,19.1,2.3,0.318,0.515,MSFT,,126,13.7,17.0,,False
288,UDR,"UDR, Inc.",Real Estate,REIT - Residential,Core,13.5,36.38,38.7,17.5,17.2,10.0,0.0,ok,-3.5,ok,5.76,,False,41.2,65.0,5.8,-0.1,66.6,13.7,37.9,-1.2,-14.6,-0.176,0.331,AVGO,,126,17.2,17.0,,False
289,PFG,Principal Financial Group Inc,Financial Services,Asset Management,Core,25.0,116.68,112.22,17.5,13.7,10.0,0.0,ok,0.0,financial_na,,,False,41.2,11.3,4.2,6.4,47.3,12.9,59.8,18.4,16.4,0.228,0.264,GOOG,,126,13.7,15.0,,False
290,CVX,Chevron Corporation,Energy,Oil & Gas Integrated,Growth,409.2,208.6,198.17,20.5,10.7,10.0,0.0,ok,0.0,ok,0.56,,False,41.2,15.5,5.4,53.5,44.3,12.2,61.8,15.5,-3.5,-0.347,0.341,NVDA,,126,10.7,13.0,,False
291,COP,ConocoPhillips,Energy,Oil & Gas E&P,Growth,161.3,134.26,127.55,19.5,11.6,10.0,0.0,ok,0.0,ok,0.58,,False,41.1,14.1,4.8,35.5,47.6,14.2,64.4,19.8,2.0,-0.361,0.408,GOOG,,126,11.6,13.0,,False
292,ESS,"Essex Property Trust, Inc.",Real Estate,REIT - Residential,Core,19.2,278.61,289.31,17.0,17.6,10.0,0.0,ok,-3.5,ok,5.43,,False,41.1,44.6,5.4,3.1,68.8,7.7,43.6,5.0,-3.3,-0.155,0.335,AVGO,,126,17.6,17.0,,False
293,APTV,Aptiv PLC,Consumer Cyclical,Auto Parts,Core,10.1,47.95,53.28,15.5,16.1,10.0,0.0,ok,-0.5,ok,1.52,,False,41.1,7.4,15.9,2.3,19.3,5.2,41.5,-27.8,-47.8,0.189,0.231,AVGO,,126,16.1,11.0,,False
294,WAB,Westinghouse Air Brake Technol,Industrials,Railroads,Core,47.8,282.86,283.42,17.0,15.6,10.0,0.0,ok,-1.5,ok,2.37,,False,41.1,22.7,2.3,17.5,35.7,11.6,28.8,11.3,0.9,0.164,0.318,AVGO,,126,15.6,14.0,,False
295,DVN,Devon Energy Corporation,Energy,Oil & Gas E&P,Growth,52.9,48.06,45.66,17.5,14.1,10.0,0.0,ok,-0.5,ok,1.23,,False,41.1,8.9,1.5,64.2,50.3,11.5,53.3,10.7,-5.8,-0.276,0.284,GOOG,,126,14.1,13.0,,False
296,ROP,"Roper Technologies, Inc.",Technology,Software - Application,Core,40.3,407.28,386.92,18.5,15.1,10.0,0.0,ok,-2.5,ok,3.38,,False,41.1,16.8,5.6,8.5,69.5,13.1,62.0,8.5,-1.1,-0.058,0.238,NVDA,,126,15.1,17.0,,False
297,FRT,Federal Realty Investment Trus,Real Estate,REIT - Retail,Core,10.2,117.09,120.9,18.5,16.1,10.0,0.0,ok,-3.5,ok,5.65,,False,41.1,36.7,4.5,7.2,68.1,12.6,43.3,6.0,-2.5,-0.064,0.125,AVGO,,126,16.1,17.0,,False
298,OTIS,Otis Worldwide Corporation,Industrials,Specialty Industrial Machinery,Core,27.1,71.21,72.35,15.5,18.1,10.0,0.0,ok,-2.5,ok,3.04,,False,41.1,15.7,5.3,7.3,30.3,,54.0,-10.5,-31.8,0.03,0.196,GOOG,,126,18.1,14.0,,False
299,AMAT,"Applied Materials, Inc.",Technology,Semiconductor Equipment & Mate,Core,360.9,454.71,533.72,19.0,12.0,10.0,0.0,ok,0.0,ok,-0.19,,True,41.0,24.6,0.9,24.8,49.4,41.1,17.4,11.7,20.6,0.372,0.544,AVGO,,126,19.9,14.0,,False
300,NUE,Nucor Corporation,Basic Materials,Steel,Cyclical,59.2,261.07,248.56,14.0,17.0,10.0,0.0,ok,0.0,ok,0.78,,False,41.0,13.7,1.2,23.0,15.6,14.5,41.1,26.9,41.0,0.166,0.248,AVGO,,126,17.0,11.0,,False
301,MPC,Marathon Petroleum Corporation,Energy,Oil & Gas Refining & Marketing,Growth,113.5,388.9,369.45,21.0,10.5,10.0,0.0,ok,-0.5,ok,1.72,,False,41.0,12.2,8.1,53.7,12.8,42.1,74.8,61.1,66.7,-0.17,0.23,NVDA,,126,10.5,12.0,,False
302,DOC,"Healthpeak Properties, Inc.",Real Estate,REIT - Healthcare Facilities,Core,14.6,20.65,21.54,18.0,16.5,10.0,0.0,ok,-3.5,ok,5.53,,False,41.0,147.5,11.2,11.1,57.6,3.0,51.3,12.2,7.0,0.031,0.156,GOOG,,126,16.5,16.0,,False
303,BKR,Baker Hughes Company,Energy,Oil & Gas Equipment & Services,Cyclical,63.0,63.5,60.32,16.0,15.0,10.0,0.0,ok,0.0,ok,-0.16,,False,41.0,20.1,7.0,-2.4,23.7,16.5,40.1,8.9,-7.6,0.162,0.187,AVGO,,126,15.0,14.0,,False
304,IEX,IDEX Corporation,Industrials,Specialty Industrial Machinery,Core,16.5,223.74,228.76,16.0,15.5,10.0,0.0,ok,-0.5,ok,1.31,,False,41.0,23.4,3.4,6.4,44.7,13.0,24.4,8.7,-0.3,0.171,0.275,AVGO,,126,15.5,15.0,,False
305,PSX,Phillips 66,Energy,Oil & Gas Refining & Marketing,Growth,101.8,255.09,242.34,19.0,12.5,10.0,0.0,ok,-0.5,ok,1.66,,False,41.0,12.0,4.5,53.1,13.1,23.5,67.7,48.9,44.1,-0.205,0.304,NVDA,,126,12.5,12.0,,False
306,LEN,Lennar Corporation,Consumer Cyclical,Residential Construction,Core,20.1,83.58,85.72,12.0,19.4,10.0,0.0,ok,-0.5,ok,1.92,,False,40.9,12.9,5.4,-5.2,16.4,7.4,42.2,-14.7,-29.5,0.225,0.222,GOOG,,126,19.4,11.0,,False
307,INTC,Intel Corporation,Technology,Semiconductors,Core,506.4,95.8,100.61,13.0,18.4,10.0,0.0,ok,-0.5,ok,1.24,,False,40.9,46.9,1.0,25.4,38.9,-10.7,37.6,29.2,96.6,0.403,0.497,AVGO,,126,18.4,13.0,,False
308,PLD,"Prologis, Inc.",Real Estate,REIT - Industrial,Core,133.5,137.34,142.07,18.0,16.4,10.0,0.0,ok,-3.5,ok,5.24,,False,40.9,40.3,4.0,12.3,75.5,7.7,38.9,0.4,-11.1,0.071,0.195,BMNR,,126,16.4,17.0,,False
309,CRM,"Salesforce, Inc.",Technology,Software - Application,Core,213.3,259.23,246.27,20.5,11.8,10.0,0.0,ok,-1.5,ok,2.4,,False,40.8,16.2,8.3,10.8,77.3,19.4,88.2,29.3,17.2,0.238,0.41,MSFT,,126,11.8,17.0,,False
310,PAYX,"Paychex, Inc.",Technology,Software - Application,Core,43.3,121.71,116.37,18.5,13.8,10.0,0.0,ok,-1.5,ok,2.17,,False,40.8,19.0,,12.5,67.2,,58.4,18.2,11.8,-0.025,0.289,MSFT,,126,13.8,17.0,,False
311,WTW,Willis Towers Watson Public Li,Financial Services,Insurance Brokers,Core,31.1,334.74,318.0,17.5,13.3,10.0,0.0,ok,0.0,financial_na,,,False,40.8,14.6,4.6,9.1,42.5,19.8,56.8,11.7,0.4,0.027,0.452,MSFT,,126,13.3,15.0,,False
312,TECH,Bio-Techne Corp,Healthcare,Biotechnology,Core,11.4,72.43,71.85,15.5,15.3,10.0,0.0,ok,0.0,ok,0.07,,False,40.8,31.4,2.0,1.3,66.2,9.0,51.3,18.9,18.7,0.072,0.127,GOOG,,126,15.3,17.0,,False
313,SWK,"Stanley Black & Decker, Inc.",Industrials,Tools & Accessories,Core,14.7,97.36,95.18,15.5,16.8,10.0,0.0,ok,-1.5,ok,2.58,,False,40.8,15.3,9.7,0.4,32.2,6.9,43.2,19.3,16.6,0.261,0.267,GOOG,,126,16.8,14.0,,False
314,DLR,"Digital Realty Trust, Inc.",Real Estate,REIT - Specialty,Core,71.1,188.39,186.75,19.0,15.2,10.0,0.0,ok,-3.5,ok,5.66,,False,40.7,65.2,5.3,29.9,57.0,2.9,35.9,5.6,-8.0,0.174,0.199,NVDA,,126,15.2,16.0,,False
315,DD,"DuPont de Nemours, Inc.",Basic Materials,Specialty Chemicals,Cyclical,17.8,131.59,138.31,15.5,15.2,10.0,0.0,ok,0.0,ok,0.91,,False,40.7,16.5,10.3,4.0,35.1,1.8,23.1,89.7,178.4,-0.049,0.105,BMNR,,126,15.2,11.0,,False
316,EQR,Equity Residential,Real Estate,REIT - Residential,Core,24.6,63.66,67.42,17.0,17.2,10.0,0.0,ok,-3.5,ok,4.51,,False,40.7,41.4,5.8,2.1,62.3,8.0,32.1,1.2,-12.1,-0.142,0.29,AVGO,,112,17.2,17.0,,False
317,MDT,Medtronic plc.,Healthcare,Medical Devices,Core,120.5,94.17,89.46,18.5,12.6,10.0,0.0,ok,-0.5,ok,1.92,,False,40.6,14.7,,13.7,65.3,,60.6,5.5,-9.6,-0.079,0.266,AVGO,,126,12.6,17.0,,False
318,MO,"Altria Group, Inc.",Consumer Defensive,Tobacco,Core,115.0,68.88,69.83,19.0,12.1,10.0,0.0,ok,-0.5,ok,1.41,,False,40.6,11.7,7.9,1.2,87.2,,70.4,4.7,-9.1,-0.447,0.441,NVDA,,126,12.1,18.0,,False
319,DRI,"Darden Restaurants, Inc.",Consumer Cyclical,Restaurants,Core,24.6,216.88,209.62,18.0,15.1,10.0,0.0,ok,-2.5,ok,3.7,,False,40.6,17.5,3.2,13.7,21.7,53.7,41.5,8.3,-5.2,-0.097,0.138,NVDA,,126,15.1,11.0,,False
320,APH,Amphenol Corporation,Technology,Electronic Components,Growth,204.1,82.78,157.73,19.0,12.0,10.0,0.0,ok,-0.5,ok,1.42,,True,40.5,25.5,1.9,55.0,39.0,38.1,13.2,-42.8,-52.6,0.098,0.303,AVGO,,126,16.0,13.0,,False
321,ODFL,"Old Dominion Freight Line, Inc",Industrials,Trucking,Core,38.5,185.87,214.62,18.5,12.0,10.0,0.0,ok,0.0,ok,-0.15,,True,40.5,28.0,2.5,10.4,39.6,24.8,15.2,-5.4,-19.3,0.115,0.186,NVDA,,126,16.6,14.0,,False
322,PKG,Packaging Corporation of Ameri,Consumer Cyclical,Packaging & Containers,Core,21.1,237.25,242.3,15.5,15.5,10.0,0.0,ok,-0.5,ok,1.91,,False,40.5,18.3,2.0,14.7,21.4,14.9,32.1,6.6,-6.5,0.054,0.145,NVDA,,126,15.5,11.0,,False
323,DIS,Walt Disney Company (The),Communication Services,Entertainment,Core,181.8,105.31,101.21,14.5,16.5,10.0,0.0,ok,-0.5,ok,1.95,,False,40.5,14.1,2.7,6.8,37.6,8.0,54.6,1.4,-10.0,0.229,0.349,GOOG,,126,16.5,13.0,,False
324,AVB,"AvalonBay Communities, Inc.",Real Estate,REIT - Residential,Core,26.3,184.06,188.04,17.0,16.9,10.0,0.0,ok,-3.5,ok,4.9,,False,40.4,36.6,5.4,2.3,62.7,8.5,44.5,3.1,-7.9,-0.087,0.286,AVGO,,111,16.9,17.0,,False
325,LYV,"Live Nation Entertainment, Inc",Communication Services,Entertainment,Core,40.4,173.5,181.57,16.0,14.9,10.0,0.0,ok,-0.5,ok,1.43,,False,40.4,91.9,4.2,9.4,25.8,17.7,34.9,8.1,-8.9,0.239,0.256,GOOG,,126,14.9,13.0,,False
326,CME,CME Group Inc.,Financial Services,Financial Data & Stock Exchang,Core,101.1,281.29,267.23,17.0,13.4,10.0,0.0,ok,0.0,financial_na,,,False,40.4,21.8,2.9,0.8,100.0,15.8,64.6,1.9,-23.3,-0.087,0.279,AVGO,,126,13.4,16.0,,False
327,PM,Philip Morris International In,Consumer Defensive,Tobacco,Core,284.5,182.53,187.93,17.5,14.4,10.0,0.0,ok,-1.5,ok,2.39,,False,40.4,19.9,3.4,10.4,67.5,,46.9,5.1,-7.3,-0.132,0.182,NVDA,,126,14.4,18.0,,False
328,GPN,Global Payments Inc.,Industrials,Specialty Business Services,Growth,24.5,92.54,87.91,21.0,12.9,10.0,0.0,ok,-3.5,ok,4.05,,False,40.4,5.8,,68.6,64.0,2.4,58.5,22.5,10.1,0.263,0.288,MSFT,,126,12.9,18.0,fcf_yield_out_of_range(32.1),False
329,PWR,"Quanta Services, Inc.",Industrials,Engineering & Construction,Growth,93.9,624.41,652.18,16.0,15.9,10.0,0.0,ok,-1.5,ok,2.0,,False,40.4,31.8,2.1,41.1,15.5,15.3,22.6,6.2,-3.6,0.371,0.384,AVGO,,126,15.9,14.0,,False
330,WFC,Wells Fargo & Company,Financial Services,Banks - Diversified,Core,272.1,89.97,86.65,16.5,13.9,10.0,0.0,ok,0.0,financial_na,,,False,40.4,11.4,,9.5,0.0,12.6,60.7,6.4,1.2,0.044,0.114,GOOG,,126,13.9,14.0,,False
331,ULTA,"Ulta Beauty, Inc.",Consumer Cyclical,Specialty Retail,Core,24.1,564.12,535.91,18.5,12.3,10.0,0.0,ok,-0.5,ok,1.19,,False,40.3,17.6,3.8,8.9,43.1,46.1,73.5,1.4,-25.7,0.154,0.163,MSFT,,126,12.3,12.0,,False
332,MLM,"Martin Marietta Materials, Inc",Basic Materials,Building Materials,Cyclical,36.6,514.77,552.57,12.5,19.3,10.0,0.0,ok,-1.5,ok,2.93,,False,40.3,23.9,1.6,21.0,28.2,8.9,39.2,-14.3,-29.5,0.108,0.219,GOOG,,126,19.3,11.0,,False
333,PANW,"Palo Alto Networks, Inc.",Technology,Software - Infrastructure,Growth,271.6,333.26,349.3,14.0,16.2,10.0,0.0,ok,0.0,ok,-0.31,,False,40.2,68.1,1.6,34.4,70.5,1.7,38.0,43.0,88.3,0.42,0.368,MSFT,,126,16.2,17.0,,False
334,KR,Kroger Company (The),Consumer Defensive,Grocery Stores,Core,35.9,58.59,57.7,15.5,16.2,10.0,0.0,ok,-1.5,ok,2.64,,False,40.2,10.6,8.3,2.2,24.0,13.8,66.9,-8.1,-33.3,-0.338,0.418,AVGO,,126,16.2,16.0,,False
335,MDLZ,"Mondelez International, Inc.",Consumer Defensive,Confectioners,Core,78.7,61.28,61.53,16.0,16.7,10.0,0.0,ok,-2.5,ok,3.35,,False,40.2,18.2,2.9,4.1,31.1,13.3,44.2,4.2,-7.3,-0.271,0.306,AVGO,,126,16.7,16.0,,False
336,CMG,"Chipotle Mexican Grill, Inc.",Consumer Cyclical,Restaurants,Core,46.8,36.96,35.11,18.5,13.1,10.0,0.0,ok,-1.5,ok,2.08,,False,40.1,27.0,2.4,9.3,39.4,49.6,66.4,6.1,-8.8,0.175,0.332,MSFT,,126,13.1,11.0,,False
337,VST,Vistra Corp.,Utilities,Utilities - Independent Power ,Core,50.1,149.3,149.64,15.0,17.6,10.0,0.0,ok,-2.5,ok,3.02,,False,40.1,14.4,0.1,-5.5,38.3,43.0,54.6,-5.3,-22.2,0.237,0.263,NVDA,,126,17.6,18.0,,False
338,AKAM,"Akamai Technologies, Inc.",Technology,Software - Infrastructure,Core,15.1,105.22,115.97,16.0,17.6,10.0,0.0,ok,-3.5,ok,5.54,,False,40.1,14.6,4.7,5.4,57.5,8.9,24.4,-4.0,-10.5,0.264,0.296,AVGO,,126,17.6,16.0,,False
339,JBHT,"J.B. Hunt Transport Services, ",Industrials,Integrated Freight & Logistics,Core,25.7,273.77,276.33,14.0,16.1,10.0,0.0,ok,0.0,ok,0.84,,False,40.1,27.1,3.5,19.4,18.5,18.4,42.8,15.5,12.6,0.117,0.207,NVDA,,126,16.1,14.0,,False
340,SMCI,"Super Micro Computer, Inc.",Technology,Computer Hardware,Growth,25.6,39.59,37.61,13.5,16.5,10.0,0.0,ok,0.0,ok,0.61,,False,40.0,7.4,-32.2,93.2,10.8,21.5,54.4,26.2,10.2,0.42,0.515,NVDA,,126,16.5,13.0,,False
341,WMT,Walmart Inc.,Consumer Defensive,Discount Stores,Core,850.0,107.14,110.88,12.0,18.4,10.0,0.0,ok,-0.5,ok,1.44,,False,39.9,33.2,0.8,5.9,24.8,22.3,36.2,-9.5,-27.1,-0.117,0.165,AVGO,,126,18.4,16.0,,False
342,COO,"The Cooper Companies, Inc.",Healthcare,Medical Instruments & Supplies,Core,13.6,69.59,72.65,14.5,16.9,10.0,0.0,ok,-1.5,ok,2.92,,False,39.9,13.9,3.1,7.9,65.6,2.9,27.1,-5.2,-21.8,-0.028,0.219,GOOG,,126,16.9,17.0,,False
343,NSC,Norfolk Southern Corporation,Industrials,Railroads,Core,74.0,329.46,335.16,15.5,15.8,10.0,0.0,ok,-1.5,ok,2.84,,False,39.8,23.0,1.9,11.4,45.2,17.0,37.7,7.0,-4.2,-0.145,0.162,MSFT,,126,15.8,15.0,,False
344,TGT,Target Corporation,Consumer Defensive,Discount Stores,Core,74.7,164.44,156.22,17.5,12.8,10.0,0.0,ok,-0.5,ok,1.6,,False,39.8,17.3,4.6,5.3,28.4,26.4,67.4,35.2,24.6,0.017,0.138,GOOG,,126,12.8,16.0,,False
345,STLD,"Steel Dynamics, Inc.",Basic Materials,Steel,Growth,34.7,242.06,241.96,12.5,17.8,10.0,0.0,ok,-0.5,ok,1.43,,False,39.8,12.8,0.7,33.4,14.7,17.6,39.9,15.3,19.6,0.163,0.248,AVGO,,126,17.8,11.0,,False
346,TAP,Molson Coors Beverage Company,Consumer Defensive,Beverages - Brewers,Speculative,7.6,40.5,41.06,13.5,17.8,10.0,0.0,ok,-1.5,ok,2.56,,False,39.8,8.2,12.4,-3.3,37.0,-19.5,48.2,-7.7,-25.6,-0.16,0.235,AVGO,,126,17.8,16.0,,False
347,JCI,Johnson Controls International,Industrials,Building Products & Equipment,Core,87.8,144.94,144.57,16.0,15.3,10.0,0.0,ok,-1.5,ok,2.04,,False,39.8,24.0,3.4,9.3,36.7,14.3,33.6,7.7,-4.3,0.24,0.391,AVGO,,126,15.3,14.0,,False
348,AIZ,"Assurant, Inc.",Financial Services,Insurance - Property & Casualt,Core,14.1,285.74,280.67,15.5,14.3,10.0,0.0,ok,0.0,financial_na,,,False,39.8,12.2,15.3,9.4,13.3,18.3,56.5,16.4,16.5,0.016,0.075,AVGO,,126,14.3,14.0,,False
349,HRL,Hormel Foods Corporation,Consumer Defensive,Packaged Foods,Core,11.9,21.54,24.44,12.0,17.7,10.0,0.0,ok,0.0,ok,-0.26,,False,39.7,13.9,5.2,-2.9,15.7,4.3,26.2,-7.2,-22.1,-0.13,0.269,NVDA,,126,17.7,16.0,,False
350,MSI,"Motorola Solutions, Inc.",Technology,Communication Equipment,Core,77.5,468.05,444.65,19.5,11.7,10.0,0.0,ok,-1.5,ok,2.37,,False,39.7,24.5,2.6,13.3,52.1,91.6,57.2,10.9,-11.1,0.03,0.106,GOOG,,126,11.7,14.0,,False
351,AMGN,Amgen Inc.,Healthcare,Drug Manufacturers - General,Core,236.4,437.23,415.37,19.5,11.7,10.0,0.0,ok,-1.5,ok,2.51,,False,39.7,17.9,3.7,9.5,71.9,91.5,61.6,22.8,3.3,-0.025,0.092,BMNR,,126,11.7,17.0,,False
352,REG,Regency Centers Corporation,Real Estate,REIT - Retail,Core,14.1,75.26,78.74,17.0,16.2,10.0,0.0,ok,-3.5,ok,4.62,,False,39.7,29.9,5.3,8.9,71.5,8.2,40.7,-0.4,-16.4,-0.168,0.264,AVGO,,126,16.2,17.0,,False
353,ZBH,"Zimmer Biomet Holdings, Inc.",Healthcare,Medical Devices,Core,18.7,98.07,94.93,17.0,14.1,10.0,0.0,ok,-1.5,ok,2.79,,False,39.6,10.8,5.8,4.8,69.9,6.4,49.6,7.5,-8.2,-0.059,0.129,AVGO,,126,14.1,17.0,,False
354,JNJ,Johnson & Johnson,Healthcare,Drug Manufacturers - General,Core,663.3,275.23,261.77,18.5,11.1,10.0,0.0,ok,0.0,ok,0.81,,False,39.6,22.4,2.5,6.6,68.1,25.7,62.7,16.9,-0.1,-0.339,0.385,AVGO,,126,11.1,17.0,,False
355,CRH,CRH PLC,Basic Materials,Building Materials,Cyclical,62.7,94.26,99.76,16.0,15.1,10.0,0.0,ok,-1.5,ok,2.17,,False,39.6,14.3,3.2,5.6,36.2,15.8,45.7,-15.1,-24.7,0.236,0.325,GOOG,,126,15.1,11.0,,False
356,CLX,Clorox Company (The),Consumer Defensive,Household & Personal Products,Core,11.3,93.06,99.86,15.0,18.1,10.0,0.0,ok,-3.5,ok,4.79,,False,39.6,14.8,1.0,-2.0,42.3,163.8,17.6,-8.9,-30.5,0.033,0.312,GOOG,,126,18.1,17.0,,False
357,CI,The Cigna Group,Healthcare,Healthcare Plans,Core,74.7,282.52,283.45,15.5,14.6,10.0,0.0,ok,-0.5,ok,1.93,,False,39.6,8.4,10.7,6.7,9.1,16.8,59.6,1.3,-8.8,-0.183,0.297,AVGO,,126,14.6,15.0,,False
358,KVUE,Kenvue Inc.,Consumer Defensive,Household & Personal Products,Core,36.0,18.74,19.18,17.5,13.5,10.0,0.0,ok,-1.5,ok,2.16,,False,39.5,15.1,5.3,3.0,58.4,15.6,49.0,5.4,-9.1,-0.084,0.217,AVGO,,126,13.5,17.0,,False
359,T,AT&T Inc.,Communication Services,Telecom Services,Core,176.0,25.68,24.4,18.5,13.4,10.0,0.0,ok,-2.5,ok,3.3,,False,39.4,10.0,5.8,2.3,59.7,18.3,65.4,2.9,-19.3,-0.212,0.297,NVDA,,126,13.4,16.0,,False
360,TDY,Teledyne Technologies Incorpor,Technology,Scientific & Technical Instrum,Core,28.3,610.65,646.54,14.5,15.4,10.0,0.0,ok,-0.5,ok,1.06,,False,39.4,22.8,3.2,9.8,43.3,9.2,15.4,-0.5,-20.2,0.419,0.387,NVDA,,126,15.4,14.0,,False
361,EXR,Extra Space Storage Inc,Real Estate,REIT - Industrial,Core,30.7,139.25,146.45,17.0,15.8,10.0,0.0,ok,-3.5,ok,5.94,,False,39.3,29.0,4.9,3.8,74.9,7.0,18.2,-0.9,-17.3,-0.021,0.168,GOOG,,126,15.8,17.0,,False
362,IONQ,"IonQ, Inc.",Technology,Computer Hardware,Growth,16.0,39.52,41.21,11.0,20.3,10.0,-2.0,ok,0.0,neg_ebitda_low_debt,,,False,39.3,,-0.5,286.8,,-60.5,35.2,-10.6,-3.4,0.549,0.469,BMNR,,126,20.3,13.0,,False
363,ABBV,AbbVie Inc.,Healthcare,Drug Manufacturers - General,Core,453.2,256.46,254.48,17.5,13.2,10.0,0.0,ok,-1.5,ok,2.09,,False,39.2,15.8,3.7,10.2,72.8,,56.6,12.9,0.1,-0.307,0.346,AVGO,,126,13.2,17.0,,False
364,CRWD,"CrowdStrike Holdings, Inc.",Technology,Software - Infrastructure,Core,218.2,213.1,245.51,14.0,15.2,10.0,0.0,ok,0.0,ok,-39.24,,False,39.2,132.9,0.9,25.8,75.2,1.5,49.7,-50.5,-64.5,0.232,0.238,AVGO,,126,15.2,17.0,,False
365,ECL,Ecolab Inc.,Basic Materials,Specialty Chemicals,Cyclical,78.3,279.28,278.81,15.0,15.7,10.0,0.0,ok,-1.5,ok,2.12,,False,39.2,29.7,1.9,9.7,44.2,22.0,54.7,2.5,-14.2,0.012,0.193,GOOG,,126,15.7,12.0,,False
366,MRK,"Merck & Company, Inc.",Healthcare,Drug Manufacturers - General,Core,370.9,150.33,142.81,16.0,13.7,10.0,0.0,ok,-0.5,ok,1.62,,False,39.2,15.8,4.1,5.1,75.9,7.0,65.1,27.4,15.7,-0.172,0.28,AVGO,,126,13.7,17.0,,False
367,NWSA,News Corporation,Communication Services,Entertainment,Core,16.3,30.39,28.87,18.0,11.1,10.0,0.0,ok,0.0,ok,0.61,,False,39.1,20.1,6.4,10.8,57.2,8.0,71.6,16.1,10.8,0.084,0.215,GOOG,,126,11.1,14.0,,False
368,VRTX,Vertex Pharmaceuticals Incorpo,Healthcare,Biotechnology,Core,138.3,546.12,518.81,17.0,12.1,10.0,0.0,ok,0.0,ok,-1.15,,False,39.1,25.1,1.9,12.5,55.0,23.5,65.0,17.2,4.9,0.021,0.154,AVGO,,126,12.1,16.0,,False
369,VICI,VICI Properties Inc.,Real Estate,REIT - Diversified,Core,28.0,25.42,26.38,13.0,19.5,10.0,0.0,ok,-3.5,ok,4.82,,False,39.0,8.5,1.0,5.7,99.3,9.8,40.4,-8.0,-26.0,-0.13,0.282,AVGO,,126,19.5,17.0,,False
370,CASY,"Caseys General Stores, Inc.",Consumer Cyclical,Specialty Retail,Core,28.0,756.09,826.72,11.5,18.0,10.0,0.0,ok,-0.5,ok,1.6,,False,39.0,32.0,2.0,14.5,24.6,19.2,22.2,4.0,0.3,-0.105,0.154,NVDA,,126,18.0,11.0,,False
371,TJX,"TJX Companies, Inc. (The)",Consumer Cyclical,Apparel Retail,Core,145.9,132.08,150.05,17.0,12.0,10.0,0.0,ok,0.0,ok,0.93,,True,39.0,22.9,3.0,5.4,31.5,62.2,8.6,-14.4,-29.8,0.004,0.08,GOOG,,126,18.9,11.0,,False
372,BWXT,"BWX Technologies, Inc.",Industrials,Aerospace & Defense,Core,14.4,157.59,171.12,14.5,16.0,10.0,0.0,ok,-1.5,ok,2.96,,False,39.0,29.9,1.0,18.0,22.1,28.3,37.3,-18.2,-34.8,0.401,0.386,NVDA,,126,16.0,14.0,,False
373,SWKS,"Skyworks Solutions, Inc.",Technology,Semiconductors,Core,11.1,74.02,70.32,13.5,15.5,10.0,0.0,ok,0.0,ok,-0.13,,False,39.0,14.9,4.0,-3.1,40.7,5.1,69.7,16.3,20.3,0.257,0.345,AVGO,,126,15.5,14.0,,False
374,IP,International Paper Company,Consumer Cyclical,Packaging & Containers,Core,19.7,37.24,39.49,13.5,17.0,10.0,0.0,ok,-1.5,ok,2.33,,False,39.0,12.5,8.3,-2.2,29.6,-16.5,34.9,-2.7,-16.6,0.088,0.16,NVDA,,126,17.0,11.0,,False
375,JKHY,"Jack Henry & Associates, Inc.",Technology,Information Technology Service,Core,11.6,165.64,157.36,17.5,11.4,10.0,0.0,ok,0.0,ok,0.09,,False,38.9,21.1,3.0,4.7,43.9,24.0,72.5,3.7,-17.0,0.011,0.278,MSFT,,126,11.4,16.0,,False
376,WAT,Waters Corporation,Healthcare,Diagnostics & Research,Growth,40.2,409.38,391.71,14.0,17.4,10.0,0.0,ok,-2.5,ok,3.4,,False,38.9,24.7,-0.4,113.4,56.3,1.9,51.1,13.5,20.4,0.22,0.227,AVGO,,126,17.4,16.0,,False
377,DPZ,Domino's Pizza Inc,Consumer Cyclical,Restaurants,Core,11.3,341.08,333.69,15.5,16.9,10.0,0.0,ok,-3.5,ok,4.84,,False,38.9,16.3,4.7,4.3,28.7,,53.7,-6.2,-31.1,-0.002,0.274,NVDA,,126,16.9,11.0,,False
378,EQIX,"Equinix, Inc.",Real Estate,REIT - Specialty,Core,102.2,1035.98,1045.68,17.0,15.4,10.0,0.0,ok,-3.5,ok,4.93,,False,38.9,55.4,3.7,16.7,52.0,10.7,31.8,8.0,-3.9,0.153,0.226,NVDA,,126,15.4,16.0,,False
379,PCAR,PACCAR Inc.,Industrials,Farm & Heavy Construction Mach,Core,65.6,124.7,127.8,13.0,16.4,10.0,0.0,ok,-0.5,ok,1.88,,False,38.9,17.3,3.0,0.5,13.7,12.8,33.3,4.5,-9.9,0.217,0.266,BMNR,,126,16.4,14.0,,False
380,COHR,Coherent Corp.,Technology,Scientific & Technical Instrum,Growth,55.2,281.86,307.12,11.5,17.9,10.0,0.0,ok,-0.5,ok,1.1,,False,38.9,20.2,-1.2,33.7,37.5,8.0,26.8,2.0,-1.9,0.349,0.491,AVGO,,126,17.9,13.0,,False
381,EG,"Everest Group, Ltd.",Financial Services,Insurance - Reinsurance,Core,14.6,380.87,373.42,15.0,13.9,10.0,0.0,ok,0.0,financial_na,,,False,38.9,6.4,14.1,-11.3,15.3,12.6,66.7,11.4,3.3,-0.229,0.321,AVGO,,126,13.9,14.0,,False
382,AMT,American Tower Corporation (RE,Real Estate,REIT - Specialty,Core,81.9,175.85,171.12,19.5,14.4,10.0,0.0,ok,-5.0,ok,6.14,,False,38.9,25.1,3.6,4.7,73.8,33.9,57.7,-0.4,-18.4,-0.047,0.337,AVGO,,126,14.4,17.0,,False
383,REGN,"Regeneron Pharmaceuticals, Inc",Healthcare,Biotechnology,Core,85.2,827.72,786.33,17.0,11.8,10.0,0.0,ok,0.0,ok,-1.12,,False,38.8,13.7,3.6,16.7,44.5,14.0,55.8,13.1,-7.7,0.186,0.209,GOOG,,126,11.8,16.0,,False
384,AZO,"AutoZone, Inc.",Consumer Cyclical,Auto Parts,Core,48.7,2983.29,3036.33,13.0,18.3,10.0,0.0,ok,-2.5,ok,3.01,,False,38.8,17.0,1.9,8.4,51.8,,46.4,-11.8,-32.3,-0.008,0.19,GOOG,,126,18.3,12.0,,False
385,TMO,Thermo Fisher Scientific Inc,Healthcare,Diagnostics & Research,Core,226.9,613.78,583.09,17.0,14.2,10.0,0.0,ok,-2.5,ok,3.28,,False,38.7,22.3,2.7,10.5,41.0,13.5,63.3,14.6,6.9,0.143,0.168,MSFT,,126,14.2,16.0,,False
386,KIM,Kimco Realty Corporation (HC),Real Estate,REIT - Retail,Core,15.8,23.6,24.91,17.0,16.7,10.0,0.0,ok,-5.0,ok,6.12,,False,38.7,26.3,5.5,4.9,68.9,5.8,32.6,2.9,-11.9,-0.124,0.17,AVGO,,126,16.7,17.0,,False
387,PFE,"Pfizer, Inc.",Healthcare,Drug Manufacturers - General,Core,162.2,28.45,27.03,18.0,12.1,10.0,0.0,ok,-1.5,ok,2.04,,False,38.6,9.8,7.7,2.6,74.7,5.0,65.7,10.2,-5.7,-0.003,0.187,AVGO,,126,12.1,17.0,,False
388,CHTR,"Charter Communications, Inc.",Communication Services,Telecom Services,Core,20.5,151.99,144.39,19.0,13.1,10.0,0.0,ok,-3.5,ok,4.41,,False,38.6,3.4,10.7,-1.7,55.2,27.2,56.5,-16.6,-45.4,-0.012,0.205,NVDA,,126,13.1,16.0,,False
389,EA,Electronic Arts Inc.,Communication Services,Electronic Gaming & Multimedia,Core,52.9,209.7,205.27,18.0,10.6,10.0,0.0,ok,0.0,ok,-0.31,,False,38.6,21.7,3.2,18.9,79.9,16.5,80.9,3.4,-9.4,0.095,0.174,BMNR,,103,10.6,15.0,,False
390,KLIC,"Kulicke and Soffa Industries, ",Technology,Semiconductor Equipment & Mate,Growth,4.3,81.61,97.67,16.5,12.0,10.0,0.0,ok,0.0,ok,-2.49,,True,38.5,13.8,1.3,122.6,52.6,13.2,18.1,3.4,11.5,0.367,0.459,AVGO,,126,20.4,14.0,,False
391,CCL,Carnival Corporation Ltd.,Consumer Cyclical,Travel Services,Core,32.2,23.51,26.83,19.0,12.0,10.0,0.0,ok,-2.5,ok,3.28,,True,38.5,8.9,5.9,5.3,55.7,26.7,19.3,-14.9,-23.9,0.406,0.458,GOOG,,126,18.9,14.0,,False
392,LIN,Linde plc,Basic Materials,Specialty Chemicals,Cyclical,220.2,477.57,501.51,13.5,15.5,10.0,0.0,ok,-0.5,ok,1.67,,False,38.5,24.4,1.9,9.3,48.3,18.4,53.7,-0.5,-14.5,-0.174,0.162,GOOG,,126,15.5,12.0,,False
393,BAX,Baxter International Inc.,Healthcare,Medical Instruments & Supplies,Core,13.4,25.83,24.72,14.5,16.5,10.0,0.0,ok,-2.5,ok,3.99,,False,38.5,12.7,7.5,5.3,34.1,-14.4,48.9,27.0,30.6,0.254,0.316,MSFT,,126,16.5,15.0,,False
394,VRSN,"VeriSign, Inc.",Technology,Software - Infrastructure,Core,26.4,292.08,279.02,16.5,12.4,10.0,0.0,ok,-0.5,ok,1.1,,False,38.4,26.6,3.2,6.0,88.5,,72.1,11.7,6.9,0.012,0.148,GOOG,,126,12.4,17.0,,False
395,AMCR,Amcor plc,Consumer Cyclical,Packaging & Containers,Core,20.9,45.15,45.33,16.0,14.8,10.0,0.0,ok,-2.5,ok,3.97,,False,38.3,10.4,7.2,25.9,20.0,9.4,47.8,6.1,-6.8,0.189,0.291,GOOG,,126,14.8,11.0,,False
396,VTRS,Viatris Inc.,Healthcare,Drug Manufacturers - Specialty,Core,19.4,16.88,16.76,16.0,13.8,10.0,0.0,ok,-1.5,ok,2.82,,False,38.3,6.3,13.8,4.9,40.3,-2.8,62.8,15.0,5.1,0.094,0.136,GOOG,,126,13.8,16.0,,False
397,O,Realty Income Corporation,Real Estate,REIT - Retail,Core,58.0,61.25,63.25,15.5,16.3,10.0,0.0,ok,-3.5,ok,5.74,,False,38.3,39.3,2.7,9.6,92.7,3.2,39.5,-0.2,-18.4,-0.197,0.251,NVDA,,126,16.3,17.0,,False
398,PLAB,"Photronics, Inc.",Technology,Semiconductor Equipment & Mate,Speculative,1.7,29.13,30.27,13.5,14.7,10.0,0.0,ok,0.0,ok,-2.44,,False,38.2,14.0,1.7,2.7,33.7,13.8,29.2,-18.0,-28.4,0.283,0.423,AVGO,,126,14.7,13.0,,False
399,VTR,"Ventas, Inc.",Real Estate,REIT - Healthcare Facilities,Core,46.3,90.27,92.84,16.5,15.2,10.0,0.0,ok,-3.5,ok,5.34,,False,38.2,114.3,3.2,21.7,40.0,2.0,44.5,6.4,-8.2,-0.287,0.337,AVGO,,126,15.2,15.0,,False
400,PEG,Public Service Enterprise Grou,Utilities,Utilities - Regulated Electric,Core,36.7,73.7,77.26,12.5,19.1,10.0,0.0,ok,-3.5,ok,5.49,,False,38.1,15.8,0.3,-8.9,33.3,11.8,36.0,-7.5,-25.2,-0.137,0.171,MSFT,,126,19.1,18.0,,False
401,CMI,Cummins Inc.,Industrials,Specialty Industrial Machinery,Core,77.4,560.75,632.75,16.0,12.0,10.0,0.0,ok,0.0,ok,0.87,,True,38.0,16.3,2.9,9.4,25.8,21.1,17.6,-6.5,-11.7,0.313,0.474,AVGO,,126,17.2,14.0,,False
402,HPQ,HP Inc.,Technology,Computer Hardware,Core,29.4,32.64,31.01,16.0,12.5,10.0,0.0,ok,-0.5,ok,1.33,,False,38.0,10.4,11.5,12.5,19.7,,67.3,43.7,61.6,0.047,0.079,AVGO,,126,12.5,13.0,,False
403,CTAS,Cintas Corporation,Industrials,Specialty Business Services,Core,80.2,200.47,197.28,16.0,12.0,10.0,0.0,ok,0.0,ok,0.81,,False,38.0,32.8,1.8,8.9,50.7,40.7,55.4,7.5,-13.5,-0.052,0.245,AVGO,,126,12.0,17.0,,False
404,WULF,TeraWulf Inc.,Financial Services,Capital Markets,Speculative,8.2,16.51,18.43,7.0,21.0,10.0,0.0,ok,0.0,financial_na,,,False,38.0,,-2.8,-6.0,,-1211.8,44.2,-7.6,5.6,0.496,0.45,BMNR,,126,21.0,16.0,,False
405,HON,Honeywell International Inc.,Industrials,Conglomerates,Core,66.4,209.61,233.33,18.5,12.0,10.0,0.0,ok,-2.5,ok,3.03,,True,38.0,21.0,3.9,4.3,36.5,46.6,24.4,-5.5,-24.9,0.037,0.215,MSFT,,126,18.6,14.0,,False
406,XYL,Xylem Inc.,Industrials,Specialty Industrial Machinery,Core,24.7,105.69,117.53,16.0,12.0,10.0,0.0,ok,0.0,ok,0.9,,True,38.0,16.9,4.8,1.5,39.2,9.2,22.4,-14.8,-28.0,0.106,0.25,GOOG,,126,19.0,14.0,,False
407,KHC,The Kraft Heinz Company,Consumer Defensive,Packaged Foods,Core,29.5,24.85,25.43,13.5,15.9,10.0,0.0,ok,-1.5,ok,2.97,,False,37.9,11.9,11.0,-1.4,33.5,-8.8,51.0,4.1,-11.9,-0.061,0.183,AVGO,,126,15.9,16.0,,False
408,HAL,Halliburton Company,Energy,Oil & Gas Equipment & Services,Cyclical,31.0,37.07,35.22,15.5,12.9,10.0,0.0,ok,-0.5,ok,1.49,,False,37.9,12.8,6.6,3.7,15.1,14.9,65.6,6.7,-6.6,-0.034,0.093,GOOG,,126,12.9,14.0,,False
409,DHR,Danaher Corporation,Healthcare,Diagnostics & Research,Core,146.0,207.66,201.63,14.5,14.8,10.0,0.0,ok,-1.5,ok,2.93,,False,37.8,22.3,3.0,5.5,58.8,7.6,55.6,2.5,-8.9,0.043,0.174,AVGO,,126,14.8,16.0,,False
410,FCX,"Freeport-McMoRan, Inc.",Basic Materials,Copper,Cyclical,104.4,72.73,69.09,15.0,12.8,10.0,0.0,ok,0.0,ok,0.66,,False,37.8,17.6,2.1,-7.3,38.3,14.8,58.3,19.5,6.9,0.492,0.478,BMNR,,126,12.8,11.0,,False
411,CBRE,CBRE Group Inc,Real Estate,Real Estate Services,Core,42.8,147.85,144.78,14.0,17.2,10.0,0.0,ok,-3.5,ok,4.21,,False,37.7,16.3,3.8,15.5,18.6,15.8,49.9,0.5,-5.6,0.177,0.272,MSFT,,126,17.2,17.0,,False
412,HUM,Humana Inc.,Healthcare,Healthcare Plans,Core,48.2,401.54,388.35,15.0,12.7,10.0,0.0,ok,0.0,ok,-2.54,,False,37.7,24.2,4.0,26.2,13.7,6.9,63.8,43.9,112.5,0.093,0.222,NVDA,,126,12.7,15.0,,False
413,DGX,Quest Diagnostics Incorporated,Healthcare,Diagnostics & Research,Core,26.2,237.14,227.54,15.5,13.7,10.0,0.0,ok,-1.5,ok,2.55,,False,37.7,19.7,3.5,10.2,33.2,14.6,52.8,18.2,4.6,-0.205,0.248,AVGO,,126,13.7,15.0,,False
414,EPAM,"EPAM Systems, Inc.",Technology,Information Technology Service,Speculative,6.0,117.04,111.19,17.0,10.6,10.0,0.0,ok,0.0,ok,-0.85,,False,37.6,8.3,10.8,4.5,29.5,11.2,77.6,-15.4,-33.6,0.018,0.222,AVGO,,126,10.6,15.0,,False
415,COIN,"Coinbase Global, Inc.",Financial Services,Financial Data & Stock Exchang,Core,48.7,184.64,175.41,14.0,15.6,10.0,-2.0,ok,0.0,financial_na,,,False,37.6,67.4,5.5,-17.3,85.8,-7.8,62.7,-4.2,-21.2,0.548,0.747,BMNR,,126,15.6,16.0,,False
416,CIEN,Ciena Corporation,Technology,Communication Equipment,Growth,45.5,321.0,404.74,15.5,12.0,10.0,0.0,ok,0.0,ok,0.48,,True,37.5,27.7,1.5,39.5,43.0,15.5,20.5,-14.9,-12.8,0.317,0.553,AVGO,,126,17.6,14.0,,False
417,LUV,Southwest Airlines Company,Industrials,Airlines,Core,19.4,39.62,45.42,10.5,17.5,10.0,0.0,ok,-0.5,ok,1.33,,False,37.5,8.2,-4.3,16.4,22.4,11.1,30.3,-7.8,-21.1,0.401,0.421,GOOG,,126,17.5,14.0,,False
418,SW,Smurfit WestRock plc,Consumer Cyclical,Packaging & Containers,Core,24.0,45.83,46.71,13.0,15.9,10.0,0.0,ok,-1.5,ok,2.95,,False,37.4,13.5,5.1,1.1,18.2,2.7,40.2,9.0,-3.4,0.172,0.223,NVDA,,126,15.9,11.0,,False
419,AEHR,Aehr Test Systems,Technology,Semiconductor Equipment & Mate,Growth,2.8,86.26,90.82,10.5,16.9,10.0,0.0,ok,0.0,neg_ebitda_low_debt,,,False,37.4,62.4,-0.1,33.7,35.3,-4.2,15.7,37.5,97.4,0.425,0.505,AVGO,,126,16.9,13.0,,False
420,HLT,Hilton Worldwide Holdings Inc.,Consumer Cyclical,Lodging,Core,70.0,311.18,324.9,14.0,16.9,10.0,0.0,ok,-3.5,ok,4.21,,False,37.4,29.8,2.0,2.5,79.0,,35.4,-0.5,-11.0,0.213,0.329,GOOG,,126,16.9,13.0,,False
421,UCTT,"Ultra Clean Holdings, Inc.",Technology,Semiconductor Equipment & Mate,Speculative,3.2,72.43,89.52,9.0,20.9,10.0,0.0,ok,-2.5,ok,3.74,,False,37.4,12.3,-2.5,24.3,15.8,-1.6,31.3,7.9,23.3,0.377,0.502,AVGO,,126,20.9,13.0,,False
422,BLDR,"Builders FirstSource, Inc.",Industrials,Building Products & Equipment,Speculative,7.1,65.79,73.15,14.5,16.3,10.0,0.0,ok,-3.5,ok,5.06,,False,37.3,14.7,6.6,-8.8,29.2,2.5,39.6,-27.0,-44.3,0.24,0.298,NVDA,,126,16.3,14.0,,False
423,YUM,"Yum! Brands, Inc.",Consumer Cyclical,Restaurants,Core,41.1,150.71,153.23,16.5,14.3,10.0,0.0,ok,-3.5,ok,4.15,,False,37.3,20.2,2.0,12.2,45.3,,59.9,-2.5,-19.3,0.005,0.117,AVGO,,126,14.3,12.0,,False
424,RSG,"Republic Services, Inc.",Industrials,Waste Management,Core,68.2,222.71,217.55,16.0,12.8,10.0,0.0,ok,-1.5,ok,2.7,,False,37.3,27.6,2.8,4.6,43.0,18.2,62.7,3.8,-16.5,-0.409,0.429,AVGO,,126,12.8,15.0,,False
425,CVS,CVS Health Corporation,Healthcare,Healthcare Plans,Core,123.7,96.74,100.79,14.0,15.8,10.0,0.0,ok,-2.5,ok,3.74,,False,37.3,11.4,6.5,7.1,13.6,6.2,60.1,12.4,11.1,-0.116,0.166,AVGO,,126,15.8,15.0,,False
426,TYL,"Tyler Technologies, Inc.",Technology,Software - Application,Core,14.9,364.03,345.83,14.5,13.3,10.0,0.0,ok,-0.5,ok,1.06,,False,37.3,23.7,4.0,8.2,47.2,9.7,71.8,1.8,-14.5,-0.034,0.33,MSFT,,126,13.3,16.0,,False
427,EL,"Estee Lauder Companies, Inc. (",Consumer Defensive,Household & Personal Products,Core,37.6,103.86,98.67,17.0,11.8,10.0,0.0,ok,-1.5,ok,2.34,,False,37.3,26.5,4.8,6.3,75.5,4.7,76.8,12.7,-1.5,0.264,0.347,BMNR,,126,11.8,18.0,,False
428,CDW,CDW Corporation,Technology,Information Technology Service,Core,19.1,152.38,144.76,15.5,14.1,10.0,0.0,ok,-2.5,ok,3.02,,False,37.1,12.8,3.6,10.0,21.4,44.0,68.1,15.9,12.6,0.169,0.22,MSFT,,126,14.1,15.0,,False
429,SOLV,Solventum Corporation,Healthcare,Medical Instruments & Supplies,Core,15.6,91.69,87.11,18.5,12.1,10.0,0.0,ok,-3.5,ok,4.29,,False,37.1,12.7,3.1,2.2,54.8,34.0,80.2,18.5,20.1,0.078,0.282,GOOG,,126,12.1,16.0,,False
430,LH,Labcorp Holdings Inc.,Healthcare,Diagnostics & Research,Core,26.5,326.89,310.55,14.5,14.0,10.0,0.0,ok,-1.5,ok,2.88,,False,37.0,16.5,3.4,5.8,28.9,11.7,54.4,18.7,5.9,0.065,0.19,MSFT,,126,14.0,15.0,,False
431,STT,State Street Corporation,Financial Services,Asset Management,Core,53.4,194.26,184.55,13.0,14.0,10.0,0.0,ok,0.0,financial_na,,,False,37.0,12.7,,-2.8,0.0,12.4,51.9,30.8,46.8,0.315,0.327,NVDA,,126,14.0,14.0,,False
432,GNRC,Generac Holdlings Inc.,Industrials,Specialty Industrial Machinery,Core,11.1,187.35,216.54,15.5,12.0,10.0,0.0,ok,-0.5,ok,1.79,,True,37.0,15.8,2.6,10.6,39.5,9.5,21.7,-10.1,-23.1,0.191,0.407,AVGO,,126,17.4,14.0,,False
433,CCI,Crown Castle Inc.,Real Estate,REIT - Specialty,Core,32.3,75.83,76.41,15.5,16.5,10.0,0.0,ok,-5.0,ok,8.31,,False,37.0,26.3,3.2,-4.9,73.7,,57.4,-10.0,-28.0,-0.051,0.329,AVGO,,126,16.5,17.0,,False
434,BDX,"Becton, Dickinson and Company",Healthcare,Medical Instruments & Supplies,Core,50.3,184.74,175.5,17.0,11.5,10.0,0.0,ok,-1.5,ok,2.63,,False,37.0,13.9,8.9,5.4,46.9,6.6,55.4,15.9,-1.2,0.0,0.247,AVGO,,126,11.5,16.0,,False
435,CAG,"ConAgra Brands, Inc.",Consumer Defensive,Packaged Foods,Speculative,7.4,15.48,15.01,14.5,15.9,10.0,0.0,ok,-3.5,ok,4.17,,False,36.9,10.0,11.6,3.6,24.0,-25.1,48.9,-0.6,-28.5,-0.134,0.302,AVGO,,126,15.9,16.0,,False
436,NRG,"NRG Energy, Inc.",Utilities,Utilities - Independent Power ,Core,25.0,119.02,127.48,17.0,14.9,10.0,0.0,ok,-5.0,ok,7.16,,False,36.9,10.6,3.1,11.0,18.8,23.8,45.9,-18.6,-36.8,0.18,0.202,AVGO,,126,14.9,18.0,,False
437,ATO,Atmos Energy Corporation,Utilities,Utilities - Regulated Gas,Core,28.3,167.56,172.86,11.5,17.9,10.0,0.0,ok,-2.5,ok,3.74,,False,36.9,18.6,-7.8,4.8,62.2,9.8,43.1,-4.4,-23.1,-0.302,0.277,MSFT,,126,17.9,20.0,,False
438,VZ,Verizon Communications Inc.,Communication Services,Telecom Services,Core,208.3,50.14,47.63,18.5,10.8,10.0,0.0,ok,-2.5,ok,3.76,,False,36.8,9.5,8.4,-0.7,59.5,15.8,69.7,10.8,-12.7,-0.213,0.3,NVDA,,126,10.8,16.0,,False
439,SJM,The J.M. Smucker Company,Consumer Defensive,Packaged Foods,Core,13.5,126.08,119.78,17.0,12.2,10.0,0.0,ok,-2.5,ok,3.05,,False,36.7,11.6,10.9,5.0,38.0,3.9,68.6,19.1,3.4,-0.206,0.305,AVGO,,126,12.2,16.0,,False
440,BA,Boeing Company (The),Industrials,Aerospace & Defense,Core,167.6,212.25,219.41,14.5,16.2,10.0,0.0,ok,-4.0,neg_ebitda_debt,,,False,36.7,51.5,3.4,8.0,4.7,173.5,27.3,-3.6,-19.2,0.425,0.4,GOOG,,126,16.2,14.0,,False
441,TSCO,Tractor Supply Company,Consumer Cyclical,Specialty Retail,Core,18.2,34.99,33.24,14.5,14.6,10.0,0.0,ok,-2.5,ok,3.27,,False,36.6,17.1,0.6,2.3,36.5,39.5,53.4,-16.3,-44.5,0.068,0.125,BMNR,,126,14.6,11.0,,False
442,RVTY,"Revvity, Inc.",Healthcare,Diagnostics & Research,Core,14.5,130.22,123.71,16.0,12.1,10.0,0.0,ok,-1.5,ok,2.65,,False,36.6,22.1,4.2,1.3,55.0,3.2,73.4,27.3,27.9,0.205,0.175,NVDA,,126,12.1,16.0,,False
443,KMI,"Kinder Morgan, Inc.",Energy,Oil & Gas Midstream,Cyclical,69.9,31.4,31.96,14.5,15.6,10.0,0.0,ok,-3.5,ok,4.23,,False,36.6,20.4,1.5,10.8,49.4,11.0,41.7,1.8,-18.4,-0.284,0.221,BMNR,,126,15.6,13.0,,False
444,ES,Eversource Energy (D/B/A),Utilities,Utilities - Regulated Electric,Core,26.8,71.05,72.77,14.5,15.5,10.0,0.0,ok,-3.5,ok,5.67,,False,36.5,14.5,3.0,2.3,52.8,9.0,44.6,2.5,-16.2,-0.141,0.174,AVGO,,126,15.5,19.0,,False
445,DELL,Dell Technologies Inc.,Technology,Computer Hardware,Growth,338.7,524.14,497.93,14.5,12.5,10.0,0.0,ok,-0.5,ok,1.31,,False,36.5,18.3,0.1,57.7,19.9,,59.0,107.1,245.3,0.328,0.375,AVGO,,126,12.5,13.0,,False
446,KDP,Keurig Dr Pepper Inc.,Consumer Defensive,Beverages - Non-Alcoholic,Growth,44.3,32.59,31.29,20.0,11.5,10.0,0.0,ok,-5.0,ok,6.66,,False,36.5,12.9,10.4,75.6,51.0,5.1,70.9,12.4,3.1,-0.106,0.187,NVDA,,126,11.5,17.0,,False
447,TRGP,"Targa Resources, Inc.",Energy,Oil & Gas Midstream,Cyclical,62.2,290.05,277.76,16.0,13.0,10.0,0.0,ok,-2.5,ok,3.54,,False,36.5,24.0,0.1,4.2,43.2,70.8,58.8,22.3,10.6,-0.26,0.196,BMNR,,126,13.0,13.0,,False
448,GPC,Genuine Parts Company,Consumer Cyclical,Auto Parts,Core,19.0,138.08,131.18,14.5,13.4,10.0,0.0,ok,-1.5,ok,2.97,,False,36.4,16.6,4.8,6.0,37.6,0.7,63.3,15.7,9.9,0.029,0.148,GOOG,,126,13.4,11.0,,False
449,HSIC,"Henry Schein, Inc.",Healthcare,Medical Distribution,Core,10.2,89.81,87.43,14.5,14.4,10.0,0.0,ok,-2.5,ok,3.39,,False,36.4,15.0,4.4,6.7,31.3,8.9,51.6,13.6,1.4,0.128,0.175,GOOG,,126,14.4,15.0,,False
450,PSKY,Paramount Skydance Corporation,Communication Services,Entertainment,Core,12.2,10.86,10.32,14.5,15.3,10.0,0.0,ok,-3.5,ok,4.4,,False,36.3,12.8,,0.9,33.3,-0.9,62.7,-1.1,-16.0,0.235,0.232,MSFT,,126,15.3,13.0,fcf_yield_out_of_range(144.7),False
451,WEC,"WEC Energy Group, Inc.",Utilities,Utilities - Regulated Electric,Core,34.5,105.94,111.27,12.0,17.8,10.0,0.0,ok,-3.5,ok,5.79,,False,36.3,17.7,-6.8,2.6,41.9,12.0,31.8,-4.5,-21.1,-0.307,0.294,AVGO,,126,17.8,19.0,,False
452,COR,"Cencora, Inc.",Healthcare,Medical Distribution,Core,63.2,330.95,314.4,14.5,13.2,10.0,0.0,ok,-1.5,ok,2.1,,False,36.2,16.7,3.2,5.1,4.0,96.9,68.6,3.0,-21.9,-0.165,0.245,NVDA,,126,13.2,15.0,,False
453,RGTI,"Rigetti Computing, Inc.",Technology,Computer Hardware,Growth,5.1,15.2,16.43,12.0,16.2,10.0,-2.0,ok,0.0,neg_ebitda_low_debt,,,False,36.2,,0.5,185.3,,-43.8,32.8,-21.2,-27.2,0.525,0.473,BMNR,,126,16.2,13.0,,False
454,AXON,"Axon Enterprise, Inc.",Industrials,Aerospace & Defense,Growth,41.9,515.67,566.83,14.0,17.0,10.0,0.0,ok,-5.0,ok,7.01,,False,36.0,48.8,0.5,35.3,59.5,6.2,35.2,2.0,-21.3,0.302,0.341,MSFT,,126,17.0,15.0,,False
455,SBAC,SBA Communications Corporation,Real Estate,REIT - Specialty,Core,20.1,189.44,183.18,16.5,14.5,10.0,0.0,ok,-5.0,ok,8.12,,False,36.0,23.1,3.7,2.3,74.2,,62.6,-1.6,-16.2,0.01,0.179,AVGO,,126,14.5,17.0,,False
456,TSLA,"Tesla, Inc.",Consumer Cyclical,Auto Manufacturers,Core,1398.5,354.08,357.95,11.0,17.0,10.0,-2.0,ok,0.0,ok,-2.55,,False,36.0,,0.3,25.5,18.9,4.7,55.0,-11.4,-24.8,0.533,0.491,BMNR,,126,17.0,11.0,,False
457,FN,Fabrinet,Technology,Electronic Components,Growth,14.6,407.4,482.62,14.0,12.0,10.0,0.0,ok,0.0,ok,-1.64,,True,36.0,18.7,-0.4,44.6,12.0,21.3,11.7,-24.0,-36.3,0.33,0.488,AVGO,,126,15.3,13.0,,False
458,CARR,Carrier Global Corporation,Industrials,Building Products & Equipment,Core,49.6,59.71,64.73,10.5,17.9,10.0,0.0,ok,-2.5,ok,3.57,,False,35.9,18.0,1.7,3.9,24.7,9.0,33.9,-2.5,-11.5,0.24,0.297,GOOG,,126,17.9,14.0,,False
459,GILD,"Gilead Sciences, Inc.",Healthcare,Drug Manufacturers - General,Core,187.2,150.99,143.45,17.0,9.4,10.0,0.0,ok,-0.5,ok,1.46,,False,35.9,15.3,5.2,10.2,79.6,-20.7,70.7,12.7,-10.0,0.056,0.138,BMNR,,126,9.4,17.0,,False
460,MET,"MetLife, Inc.",Financial Services,Insurance - Life,Core,62.0,97.62,94.34,10.0,15.9,10.0,0.0,ok,0.0,financial_na,,,False,35.9,8.9,-33.8,10.5,24.0,13.1,52.9,19.8,25.4,0.162,0.231,MSFT,,126,15.9,14.0,,False
461,BEN,"Franklin Templeton, Inc.",Financial Services,Asset Management,Core,17.6,34.73,33.72,11.5,14.3,10.0,0.0,ok,0.0,financial_na,,,False,35.8,11.0,-16.9,14.3,37.7,7.9,55.4,22.6,23.1,0.421,0.431,GOOG,,126,14.3,14.0,,False
462,SO,Southern Company (The),Utilities,Utilities - Regulated Electric,Core,101.4,88.11,93.39,12.5,16.8,10.0,0.0,ok,-3.5,ok,5.2,,False,35.8,17.9,-3.9,0.1,48.3,11.5,24.8,-4.0,-22.2,-0.294,0.28,AVGO,,126,16.8,19.0,,False
463,LYB,LyondellBasell Industries NV,Basic Materials,Specialty Chemicals,Cyclical,20.5,63.52,60.65,14.5,13.8,10.0,0.0,ok,-2.5,ok,3.27,,False,35.8,9.8,6.0,19.8,12.9,-2.3,46.2,5.5,-18.5,-0.203,0.227,GOOG,,126,13.8,11.0,,False
464,BIIB,Biogen Inc.,Healthcare,Drug Manufacturers - General,Core,32.6,220.83,209.79,15.5,11.8,10.0,0.0,ok,-1.5,ok,2.1,,False,35.8,13.3,3.9,3.4,78.3,4.6,63.2,15.6,3.7,-0.114,0.152,NVDA,,126,11.8,17.0,,False
465,CAH,"Cardinal Health, Inc.",Healthcare,Medical Distribution,Core,57.5,247.18,234.82,14.0,12.3,10.0,0.0,ok,-0.5,ok,1.21,,False,35.8,17.6,8.3,5.8,3.8,,65.8,14.7,-2.1,-0.138,0.25,AVGO,,126,12.3,15.0,,False
466,CNC,Centene Corporation,Healthcare,Healthcare Plans,Core,33.1,67.04,65.53,13.0,12.7,10.0,0.0,ok,0.0,ok,-2.38,,False,35.7,12.6,29.1,4.6,11.4,-20.4,62.8,33.2,41.2,0.005,0.097,AVGO,,126,12.7,15.0,,False
467,SOUN,"SoundHound AI, Inc.",Technology,Software - Application,Growth,3.0,6.74,6.75,11.5,16.2,10.0,-2.0,ok,0.0,neg_ebitda_low_debt,,,False,35.7,,-1.5,45.0,42.3,-32.2,42.3,-19.2,-31.6,0.64,0.497,BMNR,,126,16.2,16.0,,False
468,CTVA,"Corteva, Inc.",Basic Materials,Agricultural Inputs,Cyclical,58.6,87.86,83.47,15.0,10.7,10.0,0.0,ok,0.0,ok,0.59,,False,35.7,21.3,4.1,-1.2,49.5,4.3,84.1,13.6,-1.4,-0.206,0.257,MSFT,,126,10.7,12.0,,False
469,CRWV,"CoreWeave, Inc.",Technology,Software - Infrastructure,Growth,49.3,89.36,85.62,12.5,20.2,10.0,-2.0,ok,-5.0,ok,12.16,,False,35.7,,-18.4,112.5,67.4,-43.6,28.3,-2.3,6.5,0.504,0.48,NVDA,,126,20.2,17.0,,False
470,OKE,"ONEOK, Inc.",Energy,Oil & Gas Midstream,Growth,60.1,95.43,91.68,15.0,14.1,10.0,0.0,ok,-3.5,ok,4.28,,False,35.6,15.3,1.5,52.8,27.2,16.3,50.4,13.4,-1.2,-0.409,0.328,AVGO,,126,14.1,12.0,,False
471,EIX,Edison International,Utilities,Utilities - Regulated Electric,Core,21.8,56.77,72.55,13.5,15.5,10.0,0.0,ok,-3.5,ok,4.85,,False,35.5,8.7,0.4,-4.1,61.0,19.7,32.3,-16.5,-32.3,-0.124,0.114,NVDA,,126,15.5,20.0,,False
472,WELL,Welltower Inc.,Real Estate,REIT - Healthcare Facilities,Growth,170.2,236.17,237.11,14.0,15.0,10.0,0.0,ok,-3.5,ok,5.32,,False,35.5,74.3,1.6,39.1,39.6,3.8,51.7,12.3,0.5,-0.23,0.313,AVGO,,126,15.0,15.0,,False
473,NEE,"NextEra Energy, Inc.",Utilities,Utilities - Regulated Electric,Core,174.0,83.43,86.55,14.0,16.5,10.0,0.0,ok,-5.0,ok,7.35,,False,35.5,19.0,-10.2,12.4,61.0,11.7,33.3,-4.8,-22.9,-0.092,0.239,MSFT,,126,16.5,20.0,,False
474,MCK,McKesson Corporation,Healthcare,Medical Distribution,Core,105.9,907.99,862.59,14.0,11.4,10.0,0.0,ok,0.0,ok,0.94,,False,35.4,18.0,6.4,7.7,3.6,,62.8,7.7,-17.2,-0.249,0.302,AVGO,,126,11.4,15.0,,False
475,J,Jacobs Solutions Inc.,Industrials,Engineering & Construction,Growth,17.3,146.23,138.92,13.5,13.3,10.0,0.0,ok,-1.5,ok,2.72,,False,35.3,17.7,3.7,34.5,22.1,8.0,56.1,10.3,-5.0,0.141,0.163,BMNR,,126,13.3,14.0,,False
476,NI,NiSource Inc,Utilities,Utilities - Regulated Gas,Core,19.8,41.39,44.19,10.5,18.2,10.0,0.0,ok,-3.5,ok,5.74,,False,35.2,18.4,-8.9,4.6,51.0,8.5,39.3,-7.7,-25.0,-0.117,0.125,AVGO,,126,18.2,19.0,,False
477,SLB,SLB Limited,Energy,Oil & Gas Equipment & Services,Cyclical,85.4,57.51,54.63,13.0,12.7,10.0,0.0,ok,-0.5,ok,1.18,,False,35.2,17.8,3.5,5.0,17.0,12.9,63.3,17.4,8.3,0.089,0.131,AVGO,,126,12.7,14.0,,False
478,TTWO,"Take-Two Interactive Software,",Communication Services,Electronic Gaming & Multimedia,Core,40.1,214.69,239.67,13.5,12.0,10.0,0.0,ok,-0.5,ok,1.46,,True,35.0,20.8,3.1,2.0,57.1,-9.0,17.7,-5.8,-13.5,0.292,0.313,MSFT,,126,17.7,14.0,,False
479,ETR,Entergy Corporation,Utilities,Utilities - Regulated Electric,Core,51.3,107.27,110.31,12.0,16.5,10.0,0.0,ok,-3.5,ok,5.56,,False,35.0,21.0,-8.6,5.9,47.0,10.2,44.4,2.1,-10.5,-0.179,0.234,MSFT,,126,16.5,19.0,,False
480,CPT,Camden Property Trust,Real Estate,REIT - Residential,Core,10.6,105.69,111.24,11.0,17.4,10.0,0.0,ok,-3.5,ok,5.4,,False,34.9,97.0,1.3,-0.8,61.6,7.9,36.7,-1.0,-11.9,-0.205,0.321,AVGO,,126,17.4,17.0,,False
481,NBIS,Nebius Group N.V.,Communication Services,Internet Content & Information,Growth,57.5,226.39,215.07,13.5,16.4,10.0,0.0,ok,-5.0,ok,8.35,,False,34.9,,-16.7,454.0,74.3,0.6,33.3,46.3,124.9,0.394,0.447,NVDA,,126,16.4,15.0,,False
482,SBUX,Starbucks Corporation,Consumer Cyclical,Restaurants,Core,119.1,104.47,105.44,13.0,14.4,10.0,0.0,ok,-2.5,ok,3.34,,False,34.9,33.5,2.6,-1.4,22.3,,40.5,7.5,-8.3,0.138,0.146,AVGO,,126,14.4,11.0,,False
483,WMB,"Williams Companies, Inc. (The)",Energy,Oil & Gas Midstream,Cyclical,90.7,74.15,73.37,15.0,13.4,10.0,0.0,ok,-3.5,ok,4.35,,False,34.9,28.5,-1.7,7.8,63.6,21.5,52.6,6.0,-11.5,-0.161,0.155,MSFT,,126,13.4,14.0,,False
484,IQV,"IQVIA Holdings, Inc.",Healthcare,Diagnostics & Research,Core,44.1,267.77,254.38,17.5,10.7,10.0,0.0,ok,-3.5,ok,4.65,,False,34.7,18.5,4.9,8.7,33.0,22.8,78.6,32.6,36.4,0.081,0.116,MSFT,,126,10.7,15.0,,False
485,TXT,Textron Inc.,Industrials,Aerospace & Defense,Core,13.7,79.07,87.87,13.0,12.0,10.0,0.0,ok,-0.5,ok,1.65,,True,34.5,10.9,3.3,3.0,17.6,12.1,17.6,-12.2,-29.6,0.154,0.192,GOOG,,126,19.0,14.0,,False
486,AEP,American Electric Power Compan,Utilities,Utilities - Regulated Electric,Core,67.8,124.5,129.28,12.0,16.0,10.0,0.0,ok,-3.5,ok,5.86,,False,34.5,18.2,-8.8,7.0,46.4,10.1,41.3,-1.3,-18.5,-0.249,0.234,MSFT,,126,16.0,19.0,,False
487,DUK,Duke Energy Corporation (Holdi,Utilities,Utilities - Regulated Electric,Core,93.7,120.22,124.74,11.0,17.0,10.0,0.0,ok,-3.5,ok,5.51,,False,34.5,16.8,-4.8,1.1,52.0,9.9,36.0,-2.5,-21.1,-0.368,0.332,AVGO,,126,17.0,19.0,,False
488,RCL,Royal Caribbean Cruises Ltd.,Consumer Cyclical,Travel Services,Core,70.9,265.19,297.3,15.0,12.0,10.0,0.0,ok,-2.5,ok,3.27,,True,34.5,13.1,-2.1,6.5,50.3,44.7,12.3,-7.7,-22.3,0.378,0.426,GOOG,,126,18.0,14.0,,False
489,PPL,PPL Corporation,Utilities,Utilities - Regulated Electric,Core,26.4,35.11,35.55,10.5,17.5,10.0,0.0,ok,-3.5,ok,5.33,,False,34.5,16.6,-7.3,4.2,44.1,8.6,40.0,-2.9,-21.2,-0.212,0.263,AVGO,,126,17.5,19.0,,False
490,HII,"Huntington Ingalls Industries,",Industrials,Aerospace & Defense,Core,11.3,285.93,297.31,10.5,15.4,10.0,0.0,ok,-1.5,ok,2.5,,False,34.4,13.7,-2.7,10.9,12.4,13.0,18.3,-17.7,-47.0,0.262,0.337,MSFT,,126,15.4,14.0,,False
491,IREN,IREN LIMITED,Financial Services,Capital Markets,Core,17.6,44.68,42.45,7.5,18.9,10.0,-2.0,ok,0.0,financial_na,,,False,34.4,,-24.0,-26.7,68.9,-23.4,49.6,-2.1,1.5,0.56,0.511,AVGO,,126,18.9,16.0,,False
492,FE,FirstEnergy Corp.,Utilities,Utilities - Regulated Electric,Core,27.1,46.77,47.75,11.5,16.4,10.0,0.0,ok,-3.5,ok,5.33,,False,34.4,15.9,-7.4,8.8,68.6,9.5,42.9,-0.8,-20.9,-0.201,0.303,AVGO,,126,16.4,20.0,,False
493,ED,"Consolidated Edison, Inc.",Utilities,Utilities - Regulated Electric,Core,39.7,107.29,109.74,12.0,15.7,10.0,0.0,ok,-3.5,ok,4.36,,False,34.2,16.5,-2.1,13.2,53.4,9.0,43.2,0.7,-16.8,-0.423,0.395,AVGO,,126,15.7,19.0,,False
494,WBD,"Warner Bros. Discovery, Inc. -",Communication Services,Entertainment,Core,70.8,28.25,27.1,14.0,12.7,10.0,0.0,ok,-2.5,ok,3.67,,False,34.2,,22.8,-11.2,47.8,-8.8,56.1,3.5,-11.8,0.106,0.245,NVDA,,126,12.7,14.0,,False
495,AEE,Ameren Corporation,Utilities,Utilities - Regulated Electric,Core,29.5,106.47,110.19,11.0,16.7,10.0,0.0,ok,-3.5,ok,5.57,,False,34.2,18.3,-6.1,-6.2,52.4,11.9,32.6,-1.0,-17.1,-0.261,0.258,AVGO,,126,16.7,19.0,,False
496,PCG,Pacific Gas & Electric Co.,Utilities,Utilities - Regulated Electric,Core,31.5,14.3,17.09,10.5,18.6,10.0,0.0,ok,-5.0,ok,6.1,,False,34.1,7.9,-19.5,0.1,39.8,9.3,33.2,-14.6,-34.6,-0.043,0.055,AVGO,,126,18.6,18.0,,False
497,DOW,Dow Inc.,Basic Materials,Chemicals,Cyclical,21.3,29.44,30.0,9.0,17.4,10.0,0.0,ok,-2.5,ok,3.84,,False,33.9,16.0,1.1,19.7,9.8,-5.5,37.6,-6.1,-27.8,-0.169,0.191,GOOG,,126,17.4,11.0,,False
498,CNP,"CenterPoint Energy, Inc (Holdi",Utilities,Utilities - Regulated Electric,Core,26.1,39.67,41.89,11.5,17.3,10.0,0.0,ok,-5.0,ok,6.28,,False,33.8,19.0,-19.9,10.7,47.0,9.8,39.7,-4.2,-22.3,-0.296,0.3,AVGO,,126,17.3,19.0,,False
499,LNT,Alliant Energy Corporation,Utilities,Utilities - Regulated Electric,Core,17.6,67.97,72.11,12.0,16.7,10.0,0.0,ok,-5.0,ok,6.61,,False,33.7,18.4,-6.5,1.0,44.5,11.1,28.4,-2.9,-17.9,-0.268,0.257,AVGO,,126,16.7,19.0,,False
500,EXC,Exelon Corporation,Utilities,Utilities - Regulated Electric,Core,45.0,43.64,45.79,10.5,18.0,10.0,0.0,ok,-5.0,ok,6.09,,False,33.5,14.4,-6.0,9.9,42.4,9.7,30.4,-4.7,-24.8,-0.308,0.292,AVGO,,126,18.0,19.0,,False
501,IRM,Iron Mountain Incorporated (De,Real Estate,REIT - Specialty,Core,34.8,116.86,122.45,13.0,15.4,10.0,0.0,ok,-5.0,ok,7.74,,False,33.4,42.8,-1.3,18.5,54.2,,27.0,7.0,-3.6,0.312,0.293,BMNR,,126,15.4,16.0,,False
502,CMS,CMS Energy Corporation,Utilities,Utilities - Regulated Electric,Core,21.1,68.46,72.36,9.5,18.8,10.0,0.0,ok,-5.0,ok,6.32,,False,33.3,16.5,-10.4,-0.5,40.3,9.2,26.0,-6.3,-24.3,-0.321,0.283,MSFT,,126,18.8,19.0,,False
503,DG,Dollar General Corporation,Consumer Defensive,Discount Stores,Core,29.4,133.21,126.55,16.0,9.8,10.0,0.0,ok,-2.5,ok,3.96,,False,33.3,16.1,5.9,5.2,31.2,19.7,73.0,6.0,-21.6,0.222,0.242,MSFT,,126,9.8,16.0,,False
504,BALL,Ball Corporation,Consumer Cyclical,Packaging & Containers,Core,16.7,62.67,62.91,14.0,11.7,10.0,0.0,ok,-2.5,ok,3.41,,False,33.2,13.9,2.3,19.7,18.6,17.2,60.8,6.2,-13.1,0.023,0.136,GOOG,,126,11.7,11.0,,False
505,ADM,Archer-Daniels-Midland Company,Consumer Defensive,Farm Products,Core,40.8,84.61,80.97,11.5,13.1,10.0,0.0,ok,-1.5,ok,2.75,,False,33.1,14.9,2.9,7.2,6.9,7.6,59.1,17.6,11.0,-0.133,0.162,BMNR,,126,13.1,16.0,,False
506,D,"Dominion Energy, Inc.",Utilities,Utilities - Regulated Electric,Core,57.9,65.84,68.74,11.5,16.6,10.0,0.0,ok,-5.0,ok,6.43,,False,33.1,17.3,-15.9,17.6,46.2,8.3,28.2,3.1,-8.9,-0.16,0.193,MSFT,,126,16.6,19.0,,False
507,EVRG,"Evergy, Inc.",Utilities,Utilities - Regulated Electric,Core,18.8,81.54,84.17,10.5,16.1,10.0,0.0,ok,-3.5,ok,5.8,,False,33.1,17.9,-7.7,4.4,52.7,9.3,37.3,1.4,-14.7,-0.244,0.274,AVGO,,126,16.1,19.0,,False
508,CRL,Charles River Laboratories Int,Healthcare,Diagnostics & Research,Core,13.8,288.5,274.08,11.0,14.3,10.0,0.0,ok,-2.5,ok,3.35,,False,32.8,22.7,3.4,-2.7,34.6,-7.5,51.5,44.1,49.4,0.172,0.169,BMNR,,126,14.3,15.0,,False
509,APD,"Air Products and Chemicals, In",Basic Materials,Specialty Chemicals,Cyclical,67.1,301.27,300.18,11.0,14.3,10.0,0.0,ok,-2.5,ok,3.71,,False,32.8,20.9,-2.2,4.6,32.1,0.0,50.5,7.0,-3.1,-0.05,0.111,GOOG,,126,14.3,11.0,,False
510,ARE,Alexandria Real Estate Equitie,Real Estate,REIT - Office,Speculative,9.1,52.65,50.76,15.0,12.7,10.0,0.0,ok,-5.0,ok,7.13,,False,32.7,,14.8,-11.9,68.2,-4.1,70.9,6.0,-9.1,0.062,0.088,BMNR,,126,12.7,17.0,,False
511,TSN,"Tyson Foods, Inc.",Consumer Defensive,Farm Products,Core,18.1,51.42,57.6,12.0,12.0,10.0,0.0,ok,-1.5,ok,2.62,,True,32.5,12.1,6.6,-0.1,6.6,3.3,14.3,-14.7,-29.7,-0.124,0.211,NVDA,,126,18.6,16.0,,False
512,MRNA,"Moderna, Inc.",Healthcare,Biotechnology,Core,58.1,145.55,138.27,9.0,13.4,10.0,0.0,ok,0.0,neg_ebitda_low_debt,,,False,32.4,,0.5,2.1,,-39.0,67.0,165.5,147.5,0.08,0.242,BMNR,,126,13.4,15.0,,False
513,GM,General Motors Company,Consumer Cyclical,Auto Manufacturers,Core,79.4,87.76,83.37,14.0,13.4,10.0,0.0,ok,-5.0,ok,6.32,,False,32.4,5.9,27.6,1.9,10.2,3.2,64.0,10.0,3.9,0.316,0.375,BMNR,,126,13.4,11.0,,False
514,OKLO,Oklo Inc.,Utilities,Utilities - Independent Power ,Speculative,7.7,41.27,44.07,8.0,16.3,10.0,-2.0,ok,0.0,neg_ebitda_low_debt,,,False,32.3,,-3.1,,,-7.7,44.6,-36.4,-46.8,0.555,0.517,BMNR,,126,16.3,19.0,,False
515,XYZ,"Block, Inc.",Technology,Software - Infrastructure,Core,49.7,82.76,80.34,11.0,13.2,10.0,-2.0,ok,0.0,ok,0.28,,False,32.2,16.1,-0.1,9.3,46.6,1.6,55.7,20.3,12.7,0.51,0.427,BMNR,,126,13.2,16.0,,False
516,DTE,DTE Energy Company,Utilities,Utilities - Regulated Electric,Core,28.3,136.08,143.51,9.5,17.3,10.0,0.0,ok,-5.0,ok,7.69,,False,31.8,16.3,-9.2,-1.5,29.3,11.0,30.4,-3.5,-21.5,-0.226,0.212,MSFT,,126,17.3,18.0,,False
517,AI,"C3.ai, Inc.",Technology,Software - Infrastructure,Speculative,1.7,10.46,9.94,6.0,17.8,10.0,-2.0,ok,0.0,neg_ebitda_low_debt,,,False,31.8,,1.3,-25.5,29.1,-59.8,59.6,-1.6,-0.7,0.575,0.507,MSFT,,126,17.8,15.0,,False
518,AES,The AES Corporation,Utilities,Utilities - Diversified,Core,10.5,14.79,14.74,10.0,16.6,10.0,0.0,ok,-5.0,ok,7.64,,False,31.6,6.2,-29.3,19.9,20.3,9.6,54.8,2.3,-8.1,0.187,0.247,AVGO,,126,16.6,18.0,,False
519,SRE,DBA Sempra,Utilities,Utilities - Diversified,Core,55.0,84.04,88.77,9.5,17.1,10.0,0.0,ok,-5.0,ok,6.23,,False,31.6,15.2,-50.3,-0.1,44.0,6.7,45.4,-7.3,-23.1,-0.183,0.174,MSFT,,126,17.1,19.0,,False
520,NCLH,Norwegian Cruise Line Holdings,Consumer Cyclical,Travel Services,Speculative,7.1,15.57,18.76,14.5,12.0,10.0,0.0,ok,-5.0,ok,6.08,,True,31.5,9.2,-23.5,4.9,42.5,36.7,17.3,-21.5,-38.4,0.304,0.44,GOOG,,126,15.7,14.0,,False
521,XEL,Xcel Energy Inc.,Utilities,Utilities - Regulated Electric,Core,47.3,75.72,78.75,9.5,16.9,10.0,0.0,ok,-5.0,ok,6.47,,False,31.4,16.7,-16.7,-5.1,46.8,9.9,30.8,-3.3,-20.7,-0.189,0.2,MSFT,,126,16.9,19.0,,False
522,PNW,Pinnacle West Capital Corporat,Utilities,Utilities - Regulated Electric,Core,11.8,97.52,102.91,10.5,15.8,10.0,0.0,ok,-5.0,ok,7.68,,False,31.3,17.5,-7.9,7.1,43.4,9.4,29.1,-0.3,-16.4,-0.271,0.278,AVGO,,126,15.8,19.0,,False
523,AWK,"American Water Works Company, ",Utilities,Utilities - Regulated Water,Core,28.0,140.7,135.11,13.0,11.3,10.0,0.0,ok,-3.5,ok,5.44,,False,30.8,21.4,-6.4,6.2,61.5,10.1,64.7,7.6,-10.7,-0.367,0.367,AVGO,,126,11.3,20.0,,False
524,QBTS,D-Wave Quantum Inc.,Technology,Computer Hardware,Speculative,6.2,16.58,19.32,7.0,15.4,10.0,-2.0,ok,0.0,neg_ebitda_low_debt,,,False,30.4,,-1.2,-0.6,,-28.0,29.9,-22.9,-26.5,0.542,0.494,BMNR,,126,15.4,15.0,,False
525,WY,Weyerhaeuser Company,Real Estate,REIT - Specialty,Core,16.6,23.02,24.14,8.0,17.3,10.0,0.0,ok,-5.0,ok,7.15,,False,30.3,34.2,0.1,-0.9,14.5,5.0,33.3,-4.8,-18.6,-0.028,0.18,GOOG,,126,17.3,15.0,,False
526,CIFR,Cipher Digital Inc.,Technology,Information Technology Service,Speculative,7.4,17.74,19.45,5.5,19.7,10.0,0.0,ok,-5.0,ok,49.49,,False,30.2,60.1,-39.4,-43.0,,-167.5,47.2,-3.5,10.4,0.464,0.436,AVGO,,126,19.7,15.0,,False
527,BBAI,"BigBear.ai, Inc.",Technology,Information Technology Service,Speculative,1.4,2.92,3.12,7.5,16.2,10.0,-4.0,ok,0.0,neg_ebitda_low_debt,,,False,29.7,,-14.9,13.2,27.9,-16.6,38.2,-32.0,-44.1,0.669,0.536,BMNR,,126,16.2,15.0,,False
528,BG,Bunge Limited,Consumer Defensive,Farm Products,Growth,22.8,118.71,113.63,9.5,13.1,10.0,0.0,ok,-3.5,ok,5.21,,False,29.1,10.5,-28.4,88.3,4.9,7.2,56.3,4.1,-13.6,-0.106,0.129,GOOG,,126,13.1,16.0,,False
529,IFF,International Flavors & Fragra,Basic Materials,Specialty Chemicals,Cyclical,22.0,86.35,82.03,8.0,12.1,10.0,0.0,ok,-1.5,ok,2.99,,False,28.6,21.8,-7.8,1.8,36.6,-5.5,68.3,16.0,5.2,0.166,0.237,GOOG,,126,12.1,11.0,,False
530,DE,Deere & Company,Industrials,Farm & Heavy Construction Mach,Core,187.0,693.53,658.85,12.5,9.5,10.0,0.0,ok,-3.5,ok,4.61,,False,28.5,30.6,2.4,-11.1,25.2,18.2,73.2,22.3,2.5,-0.005,0.268,MSFT,,126,9.5,14.0,,False
531,APLD,Applied Digital Corporation,Technology,Information Technology Service,Growth,7.5,26.37,29.27,9.5,14.9,10.0,-2.0,ok,-4.0,neg_ebitda_debt,,,False,28.4,,,406.6,25.9,-8.4,34.0,-18.1,-16.0,0.536,0.471,NVDA,,126,14.9,15.0,fcf_yield_out_of_range(-66.2),False
532,F,Ford Motor Company,Consumer Cyclical,Auto Manufacturers,Core,58.3,14.62,14.11,4.5,15.9,10.0,0.0,ok,-5.0,ok,18.47,,False,25.4,7.6,-13.6,-3.8,7.1,-18.3,58.8,9.4,7.9,0.238,0.247,NVDA,,126,15.9,11.0,,False
533,MOS,Mosaic Company (The),Basic Materials,Agricultural Inputs,Cyclical,8.2,25.85,24.56,5.5,11.1,10.0,0.0,ok,-2.5,ok,3.37,,False,24.1,16.1,-9.1,-6.0,11.2,-5.1,80.6,5.8,-17.6,0.177,0.191,BMNR,,126,11.1,11.0,,False
