rank,ticker,name,sector,industry,category,mcap_B,current_price,entry_level,fundamental,technical,visibility,corr_penalty,corr_status,leverage_penalty,lev_status,nd_ebitda,dte_pct,broken_base,composite,fwd_pe,fcf_yield_pct,rev_growth_pct,gross_margin_pct,roe_pct,rsi,ma200_dist_pct,rel_str_6m_pct,portfolio_corr,max_corr,max_corr_with,corr_null_reason,n_corr_obs,technical_precap,visibility_legacy,data_flags,in_portfolio
1,VRT,"Vertiv Holdings, LLC",Industrials,Electrical Equipment & Parts,Compounder,108.5,281.81,299.15,20.5,19.9,20.0,0.0,ok,0.0,ok,0.08,,False,60.4,31.0,2.5,24.1,38.0,43.9,43.9,12.9,29.9,0.302,0.455,AVGO,,126,19.9,20.0,,False
2,GEV,GE Vernova Inc.,Industrials,Specialty Industrial Machinery,Compounder,269.5,1011.88,1022.07,19.0,16.3,23.0,0.0,ok,0.0,ok,-2.29,,False,58.3,40.6,5.8,21.9,20.6,82.6,53.9,19.0,16.7,0.388,0.46,AVGO,,126,16.3,23.0,,False
3,TSM,Taiwan Semiconductor Manufactu,Technology,Semiconductors,Growth,2189.0,422.06,425.66,24.0,14.5,21.0,-2.0,ok,0.0,ok,-0.8,,False,57.5,19.4,,36.0,64.2,40.0,50.4,17.1,5.9,0.581,0.651,NVDA,,126,14.5,21.0,fcf_yield_out_of_range(33.8),False
4,AVGO,Broadcom Inc.,Technology,Semiconductors,Growth,1979.5,416.08,395.28,20.0,15.9,22.0,0.0,ok,-0.5,ok,1.08,,False,57.4,21.3,1.4,47.9,76.3,37.3,59.8,13.1,11.1,0.411,0.495,NVDA,,126,15.9,22.0,,True
5,GOOG,Alphabet Inc.,Communication Services,Internet Content & Information,Compounder,4194.9,343.0,353.44,19.0,16.4,20.0,0.0,ok,0.0,ok,-0.7,,False,55.4,23.3,0.5,24.2,60.9,48.7,50.4,4.2,-3.6,0.346,0.318,BMNR,,126,16.4,20.0,,True
6,NVDA,NVIDIA Corporation,Technology,Semiconductors,Growth,5268.1,217.5,206.62,20.0,15.9,20.0,-2.0,ok,0.0,ok,-0.24,,False,53.9,16.9,0.9,85.2,74.1,114.3,54.3,11.9,4.0,0.535,0.495,AVGO,,126,15.9,20.0,,True
7,META,"Meta Platforms, Inc.",Communication Services,Internet Content & Information,Core,1526.3,599.12,598.28,18.0,17.6,17.0,0.0,ok,0.0,ok,0.2,,False,52.6,17.2,1.4,28.0,81.7,29.8,40.8,-4.8,-21.9,0.402,0.39,NVDA,,126,17.6,15.0,,False
8,POWL,"Powell Industries, Inc.",Industrials,Electrical Equipment & Parts,Speculative,7.6,208.38,253.8,17.5,17.1,18.0,0.0,ok,0.0,ok,-2.67,,False,52.6,30.7,2.5,8.9,30.1,28.3,35.9,7.4,-1.7,0.39,0.462,AVGO,,126,17.1,18.0,,False
9,ANET,"Arista Networks, Inc.",Technology,Computer Hardware,Growth,249.5,197.85,187.96,19.0,12.5,20.0,0.0,ok,0.0,ok,-2.88,,False,51.5,38.3,1.6,37.7,63.0,31.5,64.8,34.1,26.6,0.454,0.564,AVGO,,126,12.5,20.0,,False
10,SNDK,Sandisk Corporation,Technology,Computer Hardware,Growth,185.6,1271.05,1671.54,24.0,17.3,10.0,0.0,ok,0.0,ok,-0.38,,False,51.3,4.8,4.2,371.6,71.5,91.6,38.5,43.9,123.3,0.371,0.442,AVGO,,126,17.3,15.0,,False
11,CF,"CF Industries Holdings, Inc.",Basic Materials,Agricultural Inputs,Cyclical,17.8,117.8,114.71,22.0,18.4,10.0,0.0,ok,0.0,ok,0.29,,False,50.4,10.8,7.2,17.6,42.5,29.9,37.8,13.5,12.1,-0.34,0.322,GOOG,,126,18.4,12.0,,False
12,CINF,Cincinnati Financial Corporati,Financial Services,Insurance - Property & Casualt,Growth,26.6,173.21,175.97,22.0,17.9,10.0,0.0,ok,0.0,financial_na,,,False,49.9,19.2,11.2,31.6,31.1,21.5,39.2,4.6,-4.5,-0.146,0.297,AVGO,,126,17.9,14.0,,False
13,MCO,Moody's Corporation,Financial Services,Financial Data & Stock Exchang,Core,82.5,476.48,472.16,20.5,19.3,10.0,0.0,ok,0.0,financial_na,,,False,49.8,25.2,3.1,15.1,75.0,76.9,39.6,1.3,2.9,0.191,0.327,MSFT,,126,19.3,16.0,,False
14,QCOM,QUALCOMM Incorporated,Technology,Semiconductors,Core,170.8,162.68,188.39,19.0,20.8,10.0,0.0,ok,0.0,ok,0.58,,False,49.8,15.9,6.0,-4.0,54.2,33.8,40.9,-3.3,5.5,0.288,0.405,AVGO,,126,20.8,14.0,,False
15,SPGI,S&P Global Inc.,Financial Services,Financial Data & Stock Exchang,Core,120.5,408.69,422.51,19.5,20.1,10.0,0.0,ok,0.0,financial_na,,,False,49.6,20.2,4.5,10.4,70.9,14.3,37.3,-9.9,-9.2,0.142,0.322,MSFT,,126,20.1,16.0,,False
16,CEG,Constellation Energy Corporati,Utilities,Utilities - Independent Power ,Compounder,98.6,278.36,264.44,12.5,18.5,21.0,0.0,ok,-2.5,ok,3.02,,False,49.5,20.9,-6.7,23.0,22.1,15.1,52.6,-8.3,-8.4,0.186,0.241,AVGO,,126,18.5,21.0,,False
17,TLN,Talen Energy Corporation,Utilities,Utilities - Independent Power ,Growth,17.1,357.88,371.85,17.5,17.9,19.0,0.0,ok,-5.0,ok,16.05,,False,49.4,12.3,7.4,111.2,42.1,-12.8,43.3,-1.7,-11.3,0.352,0.36,AVGO,,126,17.9,19.0,,False
18,LMT,Lockheed Martin Corporation,Industrials,Aerospace & Defense,Compounder,138.0,597.77,567.88,18.0,9.6,22.0,0.0,ok,-0.5,ok,1.73,,False,49.1,18.3,4.0,10.5,11.8,89.2,78.4,9.4,-15.9,-0.1,0.178,AVGO,,126,9.6,22.0,,False
19,DECK,Deckers Outdoor Corporation,Consumer Cyclical,Footwear & Accessories,Core,12.8,93.84,104.45,21.0,17.9,10.0,0.0,ok,0.0,ok,-0.85,,False,48.9,11.2,6.8,5.7,57.8,42.6,35.8,-8.1,-30.1,0.248,0.335,GOOG,,126,17.9,12.0,,False
20,GDDY,GoDaddy Inc.,Technology,Software - Infrastructure,Core,11.5,90.74,87.18,22.0,17.4,10.0,0.0,ok,-0.5,ok,1.91,,False,48.9,8.2,10.5,6.6,63.8,442.9,51.2,-8.5,-16.9,-0.049,0.172,AVGO,,126,17.4,17.0,,False
21,WDC,Western Digital Corporation,Technology,Computer Hardware,Growth,150.9,437.93,557.48,20.0,18.8,10.0,0.0,ok,0.0,ok,-0.11,,False,48.8,13.8,1.5,43.8,48.9,130.9,32.5,27.2,55.5,0.415,0.507,AVGO,,126,18.8,14.0,,False
22,OXY,Occidental Petroleum Corporati,Energy,Oil & Gas E&P,Growth,59.0,59.06,56.11,22.5,16.3,10.0,0.0,ok,0.0,ok,0.76,,False,48.8,15.0,6.4,53.4,73.3,10.6,54.9,16.7,16.9,-0.28,0.312,GOOG,,126,16.3,14.0,,False
23,EOG,"EOG Resources, Inc.",Energy,Oil & Gas E&P,Growth,75.2,143.4,137.72,23.0,15.6,10.0,0.0,ok,0.0,ok,0.23,,False,48.6,9.8,6.0,58.7,62.6,22.5,49.3,15.4,16.9,-0.326,0.301,NVDA,,126,15.6,14.0,,False
24,NOC,Northrop Grumman Corporation,Industrials,Aerospace & Defense,Compounder,81.8,575.69,546.91,16.0,13.0,21.0,0.0,ok,-1.5,ok,2.03,,False,48.5,18.9,3.0,5.1,20.1,27.0,80.2,-4.7,-27.0,-0.046,0.235,AVGO,,126,13.0,21.0,,False
25,APP,Applovin Corporation,Communication Services,Advertising Agencies,Growth,107.1,318.68,467.4,22.5,16.0,10.0,0.0,ok,0.0,ok,0.09,,False,48.5,15.0,3.0,52.8,88.5,203.7,29.2,-37.9,-43.9,0.399,0.334,BMNR,,126,16.0,15.0,,False
26,AMZN,"Amazon.com, Inc.",Consumer Cyclical,Internet Retail,Core,2936.8,272.27,258.66,17.0,16.2,17.0,-2.0,ok,0.0,ok,0.76,,False,48.2,26.4,0.1,19.6,50.8,30.6,63.9,14.8,20.2,0.587,0.637,GOOG,,126,16.2,17.0,,False
27,EBAY,eBay Inc.,Consumer Cyclical,Internet Retail,Core,47.2,106.01,110.93,20.5,18.2,10.0,0.0,ok,-0.5,ok,1.24,,False,48.2,15.8,3.3,14.8,72.1,46.6,42.7,9.3,10.3,0.178,0.237,GOOG,,126,18.2,13.0,,False
28,NXPI,NXP Semiconductors N.V.,Technology,Semiconductors,Core,59.6,236.38,278.85,21.0,17.6,10.0,0.0,ok,-0.5,ok,1.53,,False,48.1,13.1,6.0,19.5,56.1,27.9,28.9,-2.0,-10.9,0.215,0.39,AVGO,,126,17.6,14.0,,False
29,GD,General Dynamics Corporation,Industrials,Aerospace & Defense,Compounder,106.0,391.89,372.3,14.5,12.5,21.0,0.0,ok,0.0,ok,0.78,,False,48.0,21.2,4.1,8.1,15.4,17.8,66.5,12.0,-1.6,0.017,0.147,NVDA,,126,12.5,21.0,,False
30,CBOE,"Cboe Global Markets, Inc.",Financial Services,Financial Data & Stock Exchang,Core,29.5,282.73,275.61,20.5,17.4,10.0,0.0,ok,0.0,financial_na,,,False,47.9,18.5,2.3,22.9,54.1,26.3,50.5,0.8,-7.9,-0.104,0.202,AVGO,,126,17.4,15.0,,False
31,AXP,American Express Company,Financial Services,Credit Services,Core,230.2,340.81,337.89,21.5,16.3,10.0,0.0,ok,0.0,financial_na,,,False,47.8,16.9,,12.8,62.3,34.4,44.4,0.6,-17.2,0.395,0.374,BMNR,,126,16.3,18.0,,False
32,BRO,"Brown & Brown, Inc.",Financial Services,Insurance Brokers,Growth,23.9,71.44,67.87,21.5,16.2,10.0,0.0,ok,0.0,financial_na,,,False,47.7,14.8,6.9,32.4,56.3,10.0,67.8,2.0,-5.4,-0.18,0.38,AVGO,,126,16.2,15.0,,False
33,HOOD,"Robinhood Markets, Inc.",Financial Services,Capital Markets,Growth,84.9,94.38,98.53,20.0,19.7,10.0,-2.0,ok,0.0,financial_na,,,False,47.7,29.6,,32.3,91.9,23.6,34.7,-3.6,-1.1,0.549,0.577,BMNR,,126,19.7,16.0,,False
34,MSFT,Microsoft Corporation,Technology,Software - Infrastructure,Core,3741.1,503.81,478.62,18.0,11.6,18.0,0.0,ok,0.0,ok,0.27,,False,47.6,21.4,0.4,17.7,67.9,34.0,87.4,16.5,10.9,0.319,0.335,BMNR,,126,11.6,18.0,,True
35,WRB,W.R. Berkley Corporation,Financial Services,Insurance - Property & Casualt,Core,26.0,70.09,70.5,20.0,17.4,10.0,0.0,ok,0.0,financial_na,,,False,47.4,14.5,11.7,1.2,43.8,20.2,40.0,0.8,-11.0,-0.307,0.308,AVGO,,126,17.4,15.0,,False
36,CDNS,"Cadence Design Systems, Inc.",Technology,Software - Application,Core,90.2,327.53,366.6,18.0,19.2,10.0,0.0,ok,0.0,ok,0.52,,False,47.2,34.3,1.8,24.2,85.9,23.2,43.6,-0.1,-1.8,0.465,0.363,BMNR,,126,19.2,17.0,,False
37,FDS,FactSet Research Systems Inc.,Financial Services,Financial Data & Stock Exchang,Core,10.1,282.95,268.8,21.0,16.1,10.0,0.0,ok,0.0,financial_na,,,False,47.1,14.4,6.2,6.4,51.4,27.0,70.1,14.7,27.5,0.023,0.338,MSFT,,126,16.1,15.0,,False
38,AAPL,Apple Inc.,Technology,Consumer Electronics,Core,4449.9,304.91,309.56,20.5,16.5,10.0,0.0,ok,0.0,ok,0.13,,False,47.0,32.1,2.4,16.4,48.7,148.8,36.5,9.1,0.2,0.217,0.241,BMNR,,126,16.5,14.0,,False
39,UBER,"Uber Technologies, Inc.",Technology,Software - Application,Core,160.4,78.54,74.61,21.0,16.5,10.0,0.0,ok,-0.5,ok,1.25,,False,47.0,17.8,4.5,12.2,40.8,37.2,65.6,0.8,-4.5,0.3,0.325,MSFT,,126,16.5,16.0,,False
40,TROW,"T. Rowe Price Group, Inc.",Financial Services,Asset Management,Core,24.3,113.75,112.84,20.5,16.3,10.0,0.0,ok,0.0,financial_na,,,False,46.8,11.1,8.3,10.7,51.6,19.4,45.6,11.6,8.1,0.262,0.308,BMNR,,126,16.3,15.0,,False
41,VRSK,"Verisk Analytics, Inc.",Industrials,Consulting Services,Core,23.6,180.97,187.73,18.0,20.3,10.0,0.0,ok,-1.5,ok,2.68,,False,46.8,20.8,4.5,4.4,70.2,,40.4,-8.2,-4.3,-0.162,0.308,AVGO,,126,20.3,18.0,,False
42,MSCI,MSCI Inc.,Financial Services,Financial Data & Stock Exchang,Core,40.8,561.71,590.86,17.5,19.3,10.0,0.0,ok,0.0,financial_na,,,False,46.8,25.0,2.9,12.2,83.0,,44.1,-1.6,-1.6,0.191,0.337,MSFT,,126,19.3,16.0,,False
43,PODD,Insulet Corporation,Healthcare,Medical Devices,Core,10.0,144.7,154.97,20.5,16.2,10.0,0.0,ok,0.0,ok,0.67,,False,46.7,18.7,2.4,23.5,71.1,26.0,39.9,-36.0,-54.0,0.041,0.185,GOOG,,126,16.2,17.0,,False
44,ALL,Allstate Corporation (The),Financial Services,Insurance - Property & Casualt,Core,66.3,262.23,249.12,22.0,14.7,10.0,0.0,ok,0.0,financial_na,,,False,46.7,9.6,22.9,11.8,36.8,46.1,58.0,21.5,19.7,-0.288,0.335,AVGO,,126,14.7,14.0,,False
45,MU,"Micron Technology, Inc.",Technology,Semiconductors,Growth,980.9,868.52,967.65,20.0,16.6,10.0,0.0,ok,0.0,ok,-0.29,,False,46.6,5.6,0.8,345.7,72.6,66.6,42.1,60.4,121.5,0.398,0.51,AVGO,,126,16.6,15.0,,False
46,TXN,Texas Instruments Incorporated,Technology,Semiconductors,Core,256.8,281.24,293.75,19.0,17.4,10.0,0.0,ok,0.0,ok,0.74,,False,46.4,27.0,1.4,22.8,58.3,35.2,41.4,22.8,16.6,0.234,0.405,AVGO,,126,17.4,14.0,,False
47,STX,Seagate Technology Holdings PL,Technology,Computer Hardware,Growth,186.0,820.52,889.37,20.0,16.4,10.0,0.0,ok,0.0,ok,0.49,,False,46.4,14.8,1.0,48.5,45.6,371.5,39.4,52.2,96.1,0.372,0.455,AVGO,,126,16.4,14.0,,False
48,MPWR,"Monolithic Power Systems, Inc.",Technology,Semiconductors,Growth,68.9,1402.11,1413.4,19.0,17.4,10.0,0.0,ok,0.0,ok,-1.39,,False,46.4,40.3,0.6,47.6,55.2,22.0,50.3,14.8,11.7,0.461,0.558,AVGO,,126,17.4,14.0,,False
49,LRCX,Lam Research Corporation,Technology,Semiconductor Equipment & Mate,Core,389.7,311.41,337.47,19.0,17.3,10.0,0.0,ok,0.0,ok,-0.17,,False,46.3,26.9,0.8,30.0,50.5,65.1,47.7,26.2,26.3,0.475,0.561,AVGO,,126,17.3,14.0,,False
50,INCY,Incyte Corporation,Healthcare,Biotechnology,Growth,24.5,121.07,115.02,23.0,13.3,10.0,0.0,ok,0.0,ok,-2.32,,False,46.3,13.6,4.8,37.7,55.7,30.7,57.8,18.2,9.7,-0.053,0.156,AVGO,,126,13.3,16.0,,False
51,ADBE,Adobe Inc.,Technology,Software - Application,Core,104.8,263.71,250.52,23.0,13.2,10.0,0.0,ok,0.0,ok,0.15,,False,46.2,9.6,8.8,12.7,89.4,63.0,71.1,-3.6,-11.7,0.162,0.394,MSFT,,126,13.2,17.0,,False
52,IT,"Gartner, Inc.",Technology,Information Technology Service,Core,11.8,187.27,177.91,21.0,15.6,10.0,0.0,ok,-0.5,ok,1.33,,False,46.1,11.3,8.9,-0.6,69.6,113.6,77.7,2.9,5.8,-0.019,0.234,MSFT,,126,15.6,17.0,,False
53,TTD,"The Trade Desk, Inc.",Communication Services,Advertising Agencies,Speculative,6.4,13.56,18.61,19.5,16.5,10.0,0.0,ok,0.0,ok,-1.51,,False,46.0,13.6,9.1,3.0,76.9,15.4,32.6,-51.7,-63.1,0.184,0.285,MSFT,,126,16.5,15.0,,False
54,TER,"Teradyne, Inc.",Technology,Semiconductor Equipment & Mate,Growth,59.3,379.56,382.23,20.0,15.9,10.0,0.0,ok,0.0,ok,-0.17,,False,45.9,32.9,0.7,103.9,59.2,36.5,52.5,27.5,13.2,0.431,0.517,AVGO,,126,15.9,14.0,,False
55,AON,Aon plc,Financial Services,Insurance Brokers,Core,75.6,356.46,345.89,20.0,15.9,10.0,0.0,ok,0.0,financial_na,,,False,45.9,16.7,4.2,2.2,48.2,44.7,53.3,6.0,1.1,-0.191,0.398,AVGO,,126,15.9,15.0,,False
56,ZTS,Zoetis Inc.,Healthcare,Drug Manufacturers - Specialty,Core,31.1,75.35,76.6,21.0,15.3,10.0,0.0,ok,-0.5,ok,1.86,,False,45.8,11.2,6.5,-0.2,71.7,64.9,52.9,-29.9,-52.3,0.051,0.158,GOOG,,126,15.3,17.0,,False
57,PYPL,"PayPal Holdings, Inc.",Financial Services,Credit Services,Core,50.5,59.0,56.05,20.0,15.8,10.0,0.0,ok,0.0,financial_na,,,False,45.8,10.2,8.8,4.8,40.5,24.5,70.0,14.1,31.3,0.226,0.304,MSFT,,126,15.8,17.0,,False
58,APA,APA Corporation,Energy,Oil & Gas E&P,Cyclical,14.2,40.62,38.59,21.0,14.7,10.0,0.0,ok,0.0,ok,0.6,,False,45.7,9.6,15.1,9.2,78.3,26.7,65.1,28.2,37.6,-0.328,0.305,NVDA,,126,14.7,14.0,,False
59,EQT,EQT Corporation,Energy,Oil & Gas E&P,Cyclical,34.0,54.37,52.01,18.5,17.1,10.0,0.0,ok,0.0,ok,0.79,,False,45.6,13.7,7.2,-3.9,80.7,11.1,51.9,-3.2,-12.6,-0.06,0.094,AVGO,,126,17.1,14.0,,False
60,RTX,RTX Corporation,Industrials,Aerospace & Defense,Compounder,301.7,223.86,212.67,15.5,9.6,21.0,0.0,ok,-0.5,ok,1.92,,False,45.6,28.5,3.3,14.5,20.3,12.3,87.8,18.1,3.7,-0.036,0.143,AVGO,,126,9.6,21.0,,False
61,ADSK,"Autodesk, Inc.",Technology,Software - Application,Core,53.1,251.59,239.01,22.0,13.5,10.0,0.0,ok,0.0,ok,-0.09,,False,45.5,17.7,5.8,18.4,92.4,50.4,80.4,-0.0,-8.0,0.121,0.328,MSFT,,126,13.5,17.0,,False
62,MO,"Altria Group, Inc.",Consumer Defensive,Tobacco,Core,108.6,65.03,71.09,19.0,17.0,10.0,0.0,ok,-0.5,ok,1.41,,False,45.5,11.1,8.3,1.2,87.2,,27.3,0.2,-8.7,-0.448,0.45,MSFT,,126,17.0,18.0,,False
63,TRV,"The Travelers Companies, Inc.",Financial Services,Insurance - Property & Casualt,Core,78.3,375.61,356.83,20.0,15.5,10.0,0.0,ok,0.0,financial_na,,,False,45.5,12.4,18.9,0.3,34.7,26.5,52.5,23.8,14.9,-0.243,0.279,AVGO,,126,15.5,14.0,,False
64,PG,Procter & Gamble Company (The),Consumer Defensive,Household & Personal Products,Core,337.5,145.21,147.61,18.5,17.5,10.0,0.0,ok,-0.5,ok,1.01,,False,45.5,19.6,3.9,1.5,50.9,30.3,38.8,-1.1,-19.4,-0.066,0.224,GOOG,,126,17.5,17.0,,False
65,FANG,"Diamondback Energy, Inc.",Energy,Oil & Gas E&P,Growth,56.5,201.71,191.62,21.0,15.0,10.0,0.0,ok,-0.5,ok,1.03,,False,45.5,11.2,8.9,52.5,72.4,3.5,49.0,15.7,12.4,-0.221,0.271,GOOG,,126,15.0,14.0,,False
66,GL,Globe Life Inc.,Financial Services,Insurance - Life,Core,14.1,181.04,174.67,20.0,15.4,10.0,0.0,ok,0.0,financial_na,,,False,45.4,11.0,8.3,8.0,33.9,20.9,45.7,20.7,16.5,0.158,0.239,GOOG,,126,15.4,14.0,,False
67,AIG,"American International Group, ",Financial Services,Insurance - Diversified,Core,40.4,77.31,77.31,17.0,18.4,10.0,0.0,ok,0.0,financial_na,,,False,45.4,8.8,18.2,0.5,35.1,7.2,45.0,0.1,-7.6,-0.079,0.162,AVGO,,126,18.4,14.0,,False
68,ON,ON Semiconductor Corporation,Technology,Semiconductors,Core,31.6,81.11,99.67,16.0,19.3,10.0,0.0,ok,0.0,ok,0.4,,False,45.3,18.0,5.2,9.2,42.8,8.3,35.0,6.8,9.0,0.339,0.467,AVGO,,126,19.3,14.0,,False
69,TPL,Texas Pacific Land Corporation,Energy,Oil & Gas E&P,Growth,25.2,364.97,391.55,18.0,17.3,10.0,0.0,ok,0.0,ok,-0.31,,False,45.3,5.0,-0.1,31.2,93.3,36.6,27.3,-5.7,-20.3,-0.057,0.1,MSFT,,126,17.3,14.0,,False
70,GWW,"W.W. Grainger, Inc.",Industrials,Industrial Distribution,Core,61.3,1301.94,1340.01,19.5,15.8,10.0,0.0,ok,0.0,ok,0.69,,False,45.3,25.5,2.0,10.3,39.4,46.1,39.3,13.9,-1.5,0.053,0.188,GOOG,,126,15.8,14.0,,False
71,ALAB,"Astera Labs, Inc.",Technology,Semiconductors,Growth,54.1,311.99,356.56,19.0,16.2,10.0,0.0,ok,0.0,ok,-4.23,,False,45.2,48.8,0.2,104.5,75.1,25.8,46.6,46.1,59.3,0.463,0.531,AVGO,,126,16.2,15.0,,False
72,CVX,Chevron Corporation,Energy,Oil & Gas Integrated,Growth,385.8,196.66,186.83,20.5,14.7,10.0,0.0,ok,0.0,ok,0.56,,False,45.2,15.0,5.7,53.5,44.3,12.2,54.2,11.8,-2.4,-0.322,0.324,NVDA,,126,14.7,13.0,,False
73,PGR,Progressive Corporation (The),Financial Services,Insurance - Property & Casualt,Core,123.5,212.35,212.86,19.5,15.7,10.0,0.0,ok,0.0,financial_na,,,False,45.2,13.1,12.2,7.3,18.5,34.9,61.9,2.5,-6.5,-0.34,0.343,AVGO,,126,15.7,14.0,,False
74,GS,"Goldman Sachs Group, Inc. (The",Financial Services,Capital Markets,Growth,301.2,1034.41,1055.18,21.0,16.1,10.0,-2.0,ok,0.0,financial_na,,,False,45.1,14.0,,42.5,82.1,16.9,37.2,12.0,-1.8,0.512,0.532,NVDA,,126,16.1,16.0,,False
75,BX,Blackstone Inc.,Financial Services,Asset Management,Core,183.2,147.17,139.81,22.5,12.6,10.0,0.0,ok,0.0,financial_na,,,False,45.1,19.7,,28.6,100.0,31.4,77.6,13.5,-0.3,0.305,0.313,BMNR,,126,12.6,16.0,,False
76,PEP,"Pepsico, Inc.",Consumer Defensive,Beverages - Non-Alcoholic,Core,189.1,138.41,140.28,20.0,16.5,10.0,0.0,ok,-1.5,ok,2.25,,False,45.0,15.4,4.1,6.4,54.2,51.5,58.1,-6.8,-27.7,-0.154,0.288,AVGO,,126,16.5,17.0,,False
77,EXPE,"Expedia Group, Inc.",Consumer Cyclical,Travel Services,Core,38.5,321.07,305.02,23.0,12.0,10.0,0.0,ok,0.0,ok,-0.5,,False,45.0,13.4,8.9,14.0,90.4,89.5,75.9,28.1,21.9,0.173,0.219,MSFT,,126,12.0,15.0,,False
78,FIX,"Comfort Systems USA, Inc.",Industrials,Engineering & Construction,Core,59.4,1688.05,1800.1,17.0,17.9,10.0,0.0,ok,0.0,ok,0.12,,False,44.9,28.1,3.1,1.0,25.7,55.3,42.9,18.1,21.7,0.42,0.438,AVGO,,126,17.9,14.0,,False
79,TMUS,"T-Mobile US, Inc.",Communication Services,Telecom Services,Core,191.6,178.58,181.79,18.5,18.9,10.0,0.0,ok,-2.5,ok,3.42,,False,44.9,12.4,5.9,7.9,63.1,18.0,40.8,-9.2,-21.4,-0.173,0.208,NVDA,,126,18.9,17.0,,False
80,HIG,"The Hartford Insurance Group, ",Financial Services,Insurance - Diversified,Core,38.1,139.08,135.95,20.0,14.9,10.0,0.0,ok,0.0,financial_na,,,False,44.9,10.2,14.4,8.1,37.9,22.1,46.1,3.0,-12.7,-0.17,0.283,AVGO,,126,14.9,14.0,,False
81,MS,Morgan Stanley,Financial Services,Capital Markets,Core,338.1,215.07,216.24,20.0,14.8,10.0,0.0,ok,0.0,financial_na,,,False,44.8,15.8,,28.0,87.6,18.0,45.6,16.0,10.2,0.484,0.475,BMNR,,126,14.8,16.0,,False
82,LVS,Las Vegas Sands Corp.,Consumer Cyclical,Resorts & Casinos,Core,29.6,45.72,47.63,21.0,15.3,10.0,0.0,ok,-1.5,ok,2.57,,False,44.8,12.9,7.5,-0.7,79.3,122.9,52.4,-17.4,-30.7,0.298,0.343,MSFT,,126,15.3,13.0,,False
83,BR,Broadridge Financial Solutions,Technology,Information Technology Service,Core,19.5,170.73,162.19,21.0,14.3,10.0,0.0,ok,-0.5,ok,1.72,,False,44.8,14.7,6.1,7.5,31.8,40.9,75.4,-5.5,-11.8,0.075,0.354,MSFT,,126,14.3,15.0,,False
84,ETN,"Eaton Corporation, PLC",Industrials,Specialty Industrial Machinery,Core,178.4,459.29,436.33,15.5,12.7,19.0,0.0,ok,-2.5,ok,3.11,,False,44.7,28.7,1.7,21.4,36.0,19.7,65.7,22.3,11.1,0.388,0.471,AVGO,,126,12.7,19.0,,False
85,FSLR,"First Solar, Inc.",Technology,Solar,Core,25.9,240.91,240.96,18.5,16.1,10.0,0.0,ok,0.0,ok,-0.64,,False,44.6,10.4,6.2,-3.7,44.0,18.5,67.3,2.7,-4.8,0.362,0.369,AVGO,,126,16.1,14.0,,False
86,HSY,The Hershey Company,Consumer Defensive,Confectioners,Core,36.6,181.98,177.88,20.0,15.0,10.0,0.0,ok,-0.5,ok,1.89,,False,44.5,18.4,4.8,6.6,38.4,32.8,65.8,-4.2,-30.7,-0.208,0.323,AVGO,,126,15.0,16.0,,False
87,CIEN,Ciena Corporation,Technology,Communication Equipment,Growth,54.9,387.53,438.34,15.5,19.0,10.0,0.0,ok,0.0,ok,0.48,,False,44.5,40.2,1.3,39.5,43.0,15.5,47.7,7.8,18.4,0.337,0.502,AVGO,,126,19.0,14.0,,False
88,WDAY,"Workday, Inc.",Technology,Software - Application,Core,44.8,181.27,172.21,20.5,14.0,10.0,0.0,ok,0.0,ok,-0.36,,False,44.5,14.3,7.0,13.5,75.8,10.9,78.5,11.0,7.0,0.141,0.45,MSFT,,126,14.0,17.0,,False
89,KLAC,KLA Corporation,Technology,Semiconductor Equipment & Mate,Core,261.9,200.47,562.97,18.0,16.4,10.0,0.0,ok,0.0,ok,0.21,,False,44.4,30.6,1.0,15.2,61.3,87.5,42.8,-83.8,-97.3,0.185,0.266,AVGO,,126,16.4,15.0,,False
90,NFLX,"Netflix, Inc.",Communication Services,Entertainment,Core,311.4,74.79,75.24,23.0,11.4,10.0,0.0,ok,0.0,ok,0.51,,False,44.4,19.6,8.2,13.4,49.1,49.5,72.2,-16.6,-20.4,0.105,0.199,MSFT,,126,11.4,14.0,,False
91,BBY,"Best Buy Co., Inc.",Consumer Cyclical,Specialty Retail,Core,17.6,83.28,80.16,18.0,16.4,10.0,0.0,ok,0.0,ok,0.85,,False,44.4,11.8,6.5,1.9,22.5,39.1,42.0,18.6,12.9,0.068,0.082,BMNR,,126,16.4,11.0,,False
92,ORCL,Oracle Corporation,Technology,Software - Infrastructure,Core,419.1,145.48,157.63,17.5,13.3,19.0,-2.0,ok,-3.5,ok,4.44,,False,44.3,13.3,-5.9,20.6,65.8,53.4,66.0,-18.1,-20.0,0.607,0.554,MSFT,,126,13.3,19.0,,False
93,CMG,"Chipotle Mexican Grill, Inc.",Consumer Cyclical,Restaurants,Core,40.5,32.0,32.97,18.5,17.3,10.0,0.0,ok,-1.5,ok,2.08,,False,44.3,23.4,2.8,9.3,39.4,49.6,49.4,-7.7,-28.1,0.227,0.377,MSFT,,126,17.3,11.0,,False
94,VLTO,Veralto Corp,Industrials,Pollution & Treatment Controls,Core,23.9,97.97,93.07,19.5,15.3,10.0,0.0,ok,-0.5,ok,1.06,,False,44.3,20.5,3.4,7.5,60.2,34.3,68.3,4.8,-5.6,-0.047,0.091,AVGO,,126,15.3,16.0,,False
95,PLTR,Palantir Technologies Inc.,Technology,Software - Infrastructure,Growth,420.4,174.94,166.19,20.0,14.2,10.0,0.0,ok,0.0,ok,-3.45,,False,44.2,75.6,0.5,92.8,84.8,38.1,79.2,14.9,14.1,0.465,0.411,MSFT,,126,14.2,17.0,,False
96,LII,"Lennox International, Inc.",Industrials,Building Products & Equipment,Core,14.9,430.83,517.34,16.0,18.6,10.0,0.0,ok,-0.5,ok,1.68,,False,44.1,16.4,1.9,3.0,33.3,71.8,26.4,-14.7,-32.6,0.164,0.259,NVDA,,126,18.6,14.0,,False
97,ODFL,"Old Dominion Freight Line, Inc",Industrials,Trucking,Core,43.6,209.44,226.07,18.5,15.6,10.0,0.0,ok,0.0,ok,-0.15,,False,44.1,31.6,2.2,10.4,39.6,24.8,28.1,9.8,-3.5,0.103,0.144,NVDA,,126,15.6,14.0,,False
98,ADI,"Analog Devices, Inc.",Technology,Semiconductors,Growth,187.7,385.3,393.71,17.5,16.5,10.0,0.0,ok,0.0,ok,0.86,,False,44.0,25.6,2.1,37.2,64.5,9.6,49.2,14.8,7.5,0.339,0.517,AVGO,,126,16.5,15.0,,False
99,CL,Colgate-Palmolive Company,Consumer Defensive,Household & Personal Products,Core,73.6,92.31,91.14,21.0,13.4,10.0,0.0,ok,-0.5,ok,1.29,,False,43.9,22.5,4.7,4.9,60.4,267.4,52.5,7.3,-12.4,-0.12,0.263,AVGO,,126,13.4,18.0,,False
100,KMB,Kimberly-Clark Corporation,Consumer Defensive,Household & Personal Products,Core,36.1,108.57,106.83,18.5,15.8,10.0,0.0,ok,-0.5,ok,1.6,,False,43.8,14.5,2.6,0.6,37.6,104.9,49.4,5.9,-7.5,-0.109,0.183,AVGO,,126,15.8,16.0,,False
101,CRDO,Credo Technology Group Holding,Technology,Semiconductors,Growth,46.2,247.69,236.9,20.0,13.8,10.0,0.0,ok,0.0,ok,-2.96,,False,43.8,27.3,0.5,157.0,68.0,34.4,55.3,46.2,72.5,0.397,0.492,AVGO,,126,13.8,15.0,,False
102,KLIC,"Kulicke and Soffa Industries, ",Technology,Semiconductor Equipment & Mate,Growth,4.8,91.02,107.23,16.5,17.3,10.0,0.0,ok,0.0,ok,-2.49,,False,43.8,15.4,1.2,122.6,52.6,13.2,34.8,22.0,10.7,0.401,0.452,NVDA,,126,17.3,14.0,,False
103,NOW,"ServiceNow, Inc.",Technology,Software - Application,Core,131.9,127.54,121.16,18.0,16.2,10.0,0.0,ok,-0.5,ok,1.31,,False,43.7,25.5,3.9,24.0,74.8,14.2,80.6,3.9,8.5,0.262,0.506,MSFT,,126,16.2,17.0,,False
104,PTC,PTC Inc.,Technology,Software - Application,Core,16.3,150.44,142.92,21.0,12.7,10.0,0.0,ok,0.0,ok,0.98,,False,43.7,16.9,6.3,-6.8,84.5,35.1,93.3,-1.1,-18.9,0.164,0.454,MSFT,,126,12.7,17.0,,False
105,RL,Ralph Lauren Corporation,Consumer Cyclical,Apparel Manufacturing,Core,23.7,397.72,388.23,20.5,13.2,10.0,0.0,ok,0.0,ok,0.67,,False,43.7,19.0,3.7,14.0,70.3,37.5,56.2,9.8,0.6,0.283,0.286,BMNR,,126,13.2,13.0,,False
106,AMAT,"Applied Materials, Inc.",Technology,Semiconductor Equipment & Mate,Core,417.3,525.61,556.07,18.0,15.7,10.0,0.0,ok,0.0,ok,-0.1,,False,43.7,30.5,0.7,11.4,49.0,39.7,45.2,36.9,48.6,0.4,0.517,AVGO,,126,15.7,14.0,,False
107,CAT,"Caterpillar, Inc.",Industrials,Farm & Heavy Construction Mach,Core,387.7,843.37,915.23,18.0,17.1,10.0,0.0,ok,-1.5,ok,2.41,,False,43.6,26.3,1.3,24.0,29.7,57.0,41.0,12.7,2.5,0.291,0.45,AVGO,,126,17.1,14.0,,False
108,BMY,Bristol-Myers Squibb Company,Healthcare,Drug Manufacturers - General,Core,129.9,63.61,60.43,22.0,12.1,10.0,0.0,ok,-0.5,ok,1.8,,False,43.6,9.7,6.2,5.7,71.7,46.6,63.2,13.9,-5.7,-0.019,0.232,AVGO,,126,12.1,17.0,,False
109,NVR,"NVR, Inc.",Consumer Cyclical,Residential Construction,Core,17.2,6429.96,6421.52,16.5,17.0,10.0,0.0,ok,0.0,ok,-0.0,,False,43.5,15.6,5.3,-10.9,21.8,31.5,52.5,-6.7,-31.9,-0.002,0.157,GOOG,,126,17.0,11.0,,False
110,STZ,"Constellation Brands, Inc.",Consumer Defensive,Beverages - Brewers,Core,22.9,133.98,136.22,20.0,16.0,10.0,0.0,ok,-2.5,ok,3.02,,False,43.5,10.8,9.7,-3.3,52.7,23.7,55.2,-7.0,-29.9,-0.103,0.196,BMNR,,126,16.0,17.0,,False
111,SPG,"Simon Property Group, Inc.",Real Estate,REIT - Retail,Core,83.4,219.53,220.9,20.5,16.4,10.0,0.0,ok,-3.5,ok,5.54,,False,43.4,32.6,3.1,19.5,81.4,124.3,39.5,11.4,1.8,-0.069,0.175,GOOG,,126,16.4,17.0,,False
112,NWSA,News Corporation,Communication Services,Entertainment,Core,15.5,28.63,27.2,18.0,15.4,10.0,0.0,ok,0.0,ok,0.61,,False,43.4,19.1,6.8,10.8,57.2,8.0,57.9,10.9,10.6,0.064,0.182,MSFT,,126,15.4,14.0,,False
113,GOOGL,Alphabet Inc.,Communication Services,Internet Content & Information,Core,4204.7,343.8,355.12,19.0,16.4,10.0,-2.0,ok,0.0,ok,-0.7,,False,43.4,23.3,0.5,24.2,60.9,48.7,50.7,4.2,-3.3,0.568,0.995,GOOG,,126,16.4,15.0,,False
114,V,Visa Inc.,Financial Services,Credit Services,Core,677.4,362.82,345.74,20.5,12.9,10.0,0.0,ok,0.0,financial_na,,,False,43.4,24.2,3.0,14.4,97.7,61.2,61.9,9.8,-0.5,0.056,0.229,MSFT,,126,12.9,18.0,,False
115,KR,Kroger Company (The),Consumer Defensive,Grocery Stores,Core,34.5,56.25,59.11,15.5,19.3,10.0,0.0,ok,-1.5,ok,2.64,,False,43.3,10.2,8.7,2.2,24.0,13.8,44.5,-12.6,-27.8,-0.343,0.379,AVGO,,126,19.3,16.0,,False
116,MA,Mastercard Incorporated,Financial Services,Credit Services,Core,491.8,561.44,533.37,20.5,12.8,10.0,0.0,ok,0.0,financial_na,,,False,43.3,24.4,3.4,14.1,100.0,241.2,69.3,6.5,-7.3,0.163,0.443,MSFT,,126,12.8,18.0,,False
117,HON,Honeywell International Inc.,Industrials,Conglomerates,Core,72.9,230.12,234.75,18.5,17.3,10.0,0.0,ok,-2.5,ok,3.03,,False,43.3,23.0,3.6,4.3,36.5,46.6,47.7,4.8,-15.8,0.037,0.211,MSFT,,126,17.3,14.0,,False
118,IBKR,"Interactive Brokers Group, Inc",Financial Services,Capital Markets,Core,153.0,89.78,91.02,20.0,15.3,10.0,-2.0,ok,0.0,financial_na,,,False,43.3,28.2,,26.3,93.0,24.0,42.4,17.0,5.1,0.614,0.569,BMNR,,126,15.3,16.0,,False
119,TT,Trane Technologies plc,Industrials,Building Products & Equipment,Core,106.5,483.96,472.84,19.5,13.8,10.0,0.0,ok,0.0,ok,0.77,,False,43.3,27.7,2.9,10.6,35.4,36.6,54.4,9.6,-6.2,0.259,0.408,NVDA,,126,13.8,14.0,,False
120,ALGN,"Align Technology, Inc.",Healthcare,Medical Instruments & Supplies,Core,12.3,172.96,174.71,18.5,14.7,10.0,0.0,ok,0.0,ok,-1.08,,False,43.2,13.8,4.8,4.3,70.4,10.2,50.5,2.9,-23.2,0.318,0.304,GOOG,,126,14.7,17.0,,False
121,LITE,Lumentum Holdings Inc.,Technology,Communication Equipment,Growth,63.8,820.59,816.34,18.0,15.2,10.0,0.0,ok,0.0,ok,0.28,,False,43.2,43.8,0.1,90.1,40.8,22.8,49.3,31.4,34.9,0.342,0.408,AVGO,,126,15.2,14.0,,False
122,ULTA,"Ulta Beauty, Inc.",Consumer Cyclical,Specialty Retail,Core,23.3,541.35,514.28,21.0,12.7,10.0,0.0,ok,-0.5,ok,1.1,,False,43.2,17.0,4.2,11.1,43.2,47.4,70.7,-2.5,-31.6,0.169,0.169,MSFT,,126,12.7,12.0,,False
123,TEL,TE Connectivity plc,Technology,Electronic Components,Core,63.3,218.69,207.76,18.5,14.7,10.0,0.0,ok,0.0,ok,0.92,,False,43.2,16.9,3.7,13.8,36.1,23.3,68.4,-0.2,-14.2,0.296,0.282,BMNR,,126,14.7,13.0,,False
124,SYF,Synchrony Financial,Financial Services,Credit Services,Core,25.5,78.47,74.57,19.5,13.7,10.0,0.0,ok,0.0,financial_na,,,False,43.2,7.5,,0.6,0.0,20.8,66.7,5.6,-4.7,0.367,0.352,BMNR,,126,13.7,16.0,,False
125,UPS,"United Parcel Service, Inc.",Industrials,Integrated Freight & Logistics,Core,88.8,104.43,109.18,18.5,15.2,10.0,0.0,ok,-0.5,ok,2.0,,False,43.2,12.9,6.3,7.6,22.4,29.6,28.9,2.2,-20.6,0.123,0.158,NVDA,,126,15.2,14.0,,False
126,AFL,AFLAC Incorporated,Financial Services,Insurance - Life,Core,60.7,121.07,120.88,17.5,15.6,10.0,0.0,ok,0.0,financial_na,,,False,43.1,16.0,8.5,-1.0,50.9,16.9,42.9,6.6,-6.3,-0.206,0.311,AVGO,,126,15.6,15.0,,False
127,ROK,"Rockwell Automation, Inc.",Industrials,Specialty Industrial Machinery,Core,49.7,447.0,463.53,18.5,15.1,10.0,0.0,ok,-0.5,ok,1.5,,False,43.1,30.1,2.6,7.9,49.1,30.6,45.1,8.1,-2.3,0.265,0.283,NVDA,,126,15.1,15.0,,False
128,MKC,"McCormick & Company, Incorpora",Consumer Defensive,Packaged Foods,Core,14.2,52.89,50.32,20.0,15.6,10.0,0.0,ok,-2.5,ok,3.17,,False,43.1,16.0,5.0,16.7,38.9,24.7,55.3,-8.2,-33.9,-0.138,0.231,NVDA,,126,15.6,16.0,,False
129,ROST,"Ross Stores, Inc.",Consumer Cyclical,Apparel Retail,Core,80.8,251.81,239.22,19.0,14.1,10.0,0.0,ok,0.0,ok,0.17,,False,43.1,29.4,2.5,20.6,32.7,39.0,67.5,22.5,19.9,0.145,0.173,BMNR,,126,14.1,11.0,,False
130,POOL,Pool Corporation,Industrials,Industrial Distribution,Speculative,7.3,201.5,198.44,17.0,17.6,10.0,0.0,ok,-1.5,ok,2.58,,False,43.1,17.0,2.9,2.2,29.6,31.3,53.8,-8.5,-34.9,0.086,0.16,GOOG,,126,17.6,14.0,,False
131,ESTC,Elastic N.V.,Technology,Software - Application,Speculative,8.0,76.35,72.53,21.0,12.1,10.0,0.0,ok,0.0,neg_ebitda_low_debt,,,False,43.1,19.7,5.8,16.0,76.2,33.4,87.7,19.3,9.1,0.349,0.507,MSFT,,126,12.1,17.0,,False
132,ARM,Arm Holdings plc,Technology,Semiconductors,Core,287.2,268.93,319.17,16.5,16.5,10.0,0.0,ok,0.0,ok,-3.2,,False,43.0,87.6,0.5,22.4,97.5,13.4,45.7,39.0,102.2,0.472,0.514,AVGO,,126,16.5,15.0,,False
133,MPC,Marathon Petroleum Corporation,Energy,Oil & Gas Refining & Marketing,Growth,94.5,336.42,319.6,21.0,12.5,10.0,0.0,ok,-0.5,ok,1.72,,False,43.0,11.0,9.8,53.7,12.8,42.1,60.6,49.0,54.3,-0.117,0.207,GOOG,,126,12.5,12.0,,False
134,AOS,A.O. Smith Corporation,Industrials,Specialty Industrial Machinery,Speculative,8.7,63.67,60.49,18.0,14.9,10.0,0.0,ok,0.0,ok,0.63,,False,42.9,15.5,5.6,-0.7,38.6,27.1,63.0,-2.5,-30.4,0.087,0.226,NVDA,,124,14.9,14.0,,False
135,VST,Vistra Corp.,Utilities,Utilities - Independent Power ,Core,48.6,144.92,154.45,15.5,18.9,10.0,0.0,ok,-1.5,ok,3.0,,False,42.9,14.0,,-5.5,38.3,,32.9,-10.4,-20.4,0.243,0.253,AVGO,,126,18.9,18.0,,False
136,MRSH,Marsh,Financial Services,Insurance Brokers,Core,91.3,191.25,181.69,19.0,13.9,10.0,0.0,ok,0.0,financial_na,,,False,42.9,16.8,5.2,6.2,44.0,25.9,69.6,8.4,-1.7,-0.187,0.4,AVGO,,126,13.9,15.0,,False
137,KDP,Keurig Dr Pepper Inc.,Consumer Defensive,Beverages - Non-Alcoholic,Growth,39.7,29.18,31.08,20.0,17.9,10.0,0.0,ok,-5.0,ok,6.87,,False,42.9,11.5,12.3,75.6,51.0,5.1,40.2,2.3,-8.8,-0.161,0.169,NVDA,,126,17.9,17.0,,False
138,CSX,CSX Corporation,Industrials,Railroads,Core,92.5,49.94,48.75,19.5,14.9,10.0,0.0,ok,-1.5,ok,2.64,,False,42.9,22.0,2.1,10.1,47.1,24.4,50.1,19.7,11.2,-0.036,0.2,MSFT,,126,14.9,15.0,,False
139,PATH,"UiPath, Inc.",Technology,Software - Infrastructure,Speculative,8.1,15.72,14.93,20.5,12.3,10.0,0.0,ok,0.0,ok,-9.9,,False,42.8,17.3,6.3,17.3,83.0,18.2,85.8,23.4,10.1,0.263,0.442,MSFT,,126,12.3,17.0,,False
140,TJX,"TJX Companies, Inc. (The)",Consumer Cyclical,Apparel Retail,Core,172.0,155.74,157.81,17.0,15.8,10.0,0.0,ok,0.0,ok,0.97,,False,42.8,27.1,2.5,9.2,31.4,61.3,50.6,0.8,-9.1,-0.022,0.111,AVGO,,126,15.8,11.0,,False
141,IDXX,"IDEXX Laboratories, Inc.",Healthcare,Diagnostics & Research,Core,46.2,586.64,560.98,17.0,15.7,10.0,0.0,ok,0.0,ok,0.55,,False,42.7,35.0,2.0,9.7,62.4,74.2,69.6,-5.2,-20.6,0.263,0.348,GOOG,,126,15.7,17.0,,False
142,HAS,"Hasbro, Inc.",Consumer Cyclical,Leisure,Core,13.7,97.04,92.19,22.0,11.2,10.0,0.0,ok,-0.5,ok,1.92,,False,42.7,14.9,5.0,16.2,63.8,159.6,68.3,10.6,-17.4,0.099,0.126,GOOG,,126,11.2,13.0,,False
143,SNPS,"Synopsys, Inc.",Technology,Software - Infrastructure,Growth,78.7,410.91,432.03,20.0,16.2,10.0,0.0,ok,-3.5,ok,4.93,,False,42.7,23.8,4.5,41.9,82.6,3.8,68.3,-8.3,-17.4,0.442,0.361,AVGO,,126,16.2,17.0,,False
144,CB,Chubb Limited,Financial Services,Insurance - Property & Casualt,Core,133.9,347.07,341.53,18.5,14.2,10.0,0.0,ok,0.0,financial_na,,,False,42.7,11.9,7.8,6.1,31.1,14.8,53.8,8.2,-4.6,-0.382,0.408,AVGO,,126,14.2,14.0,,False
145,ICE,Intercontinental Exchange Inc.,Financial Services,Financial Data & Stock Exchang,Core,84.9,151.25,143.69,18.5,14.2,10.0,0.0,ok,0.0,financial_na,,,False,42.7,17.2,4.3,4.8,100.0,14.1,68.9,-1.9,-19.3,0.176,0.294,MSFT,,126,14.2,16.0,,False
146,FOXA,Fox Corporation,Communication Services,Entertainment,Core,26.1,62.14,59.03,18.0,14.6,10.0,0.0,ok,0.0,ok,0.87,,False,42.6,10.8,2.1,28.1,36.6,14.3,69.7,-1.3,-12.8,0.021,0.125,MSFT,,126,14.6,13.0,,False
147,GNRC,Generac Holdlings Inc.,Industrials,Specialty Industrial Machinery,Core,12.7,215.86,241.98,15.5,17.6,10.0,0.0,ok,-0.5,ok,1.79,,False,42.6,18.3,2.3,10.6,39.5,9.5,51.7,5.1,7.1,0.184,0.394,AVGO,,126,17.6,14.0,,False
148,VRSN,"VeriSign, Inc.",Technology,Software - Infrastructure,Core,26.0,287.63,275.36,16.5,16.6,10.0,0.0,ok,-0.5,ok,1.1,,False,42.6,26.2,3.2,6.0,88.5,,67.1,11.7,19.9,-0.041,0.172,AVGO,,126,16.6,17.0,,False
149,CRM,"Salesforce, Inc.",Technology,Software - Application,Core,161.7,197.47,187.6,20.5,13.6,10.0,0.0,ok,-1.5,ok,2.38,,False,42.6,12.7,10.2,13.3,77.6,16.9,73.1,-2.6,-9.0,0.196,0.472,MSFT,,126,13.6,17.0,,False
150,ELV,"Elevance Health, Inc.",Healthcare,Healthcare Plans,Core,84.7,390.37,396.22,16.0,16.6,10.0,0.0,ok,0.0,ok,-0.78,,False,42.6,13.2,5.1,1.4,26.0,11.1,50.9,11.1,9.3,0.048,0.117,GOOG,,126,16.6,15.0,,False
151,AJG,Arthur J. Gallagher & Co.,Financial Services,Insurance Brokers,Growth,65.0,253.51,240.83,16.5,16.1,10.0,0.0,ok,0.0,financial_na,,,False,42.6,17.0,3.2,30.9,43.2,6.7,59.0,8.6,8.3,-0.174,0.32,AVGO,,126,16.1,15.0,,False
152,HWM,Howmet Aerospace Inc.,Industrials,Aerospace & Defense,Core,112.2,281.34,273.07,18.0,15.0,10.0,0.0,ok,-0.5,ok,1.47,,False,42.5,44.2,1.1,24.1,36.0,34.7,50.6,17.5,14.1,0.229,0.309,GOOG,,126,15.0,14.0,,False
153,VLO,Valero Energy Corporation,Energy,Oil & Gas Refining & Marketing,Growth,93.3,323.92,307.72,20.0,12.5,10.0,0.0,ok,0.0,ok,0.26,,False,42.5,11.7,9.0,51.7,16.1,27.6,58.7,45.1,51.0,-0.16,0.288,GOOG,,126,12.5,12.0,,False
154,UNP,Union Pacific Corporation,Industrials,Railroads,Core,174.0,292.87,280.94,20.5,13.5,10.0,0.0,ok,-1.5,ok,2.26,,False,42.5,20.7,2.7,11.5,56.3,39.7,50.3,16.1,1.3,-0.188,0.194,MSFT,,126,13.5,15.0,,False
155,L,Loews Corporation,Financial Services,Insurance - Property & Casualt,Core,23.1,113.15,112.6,16.0,16.5,10.0,0.0,ok,0.0,financial_na,,,False,42.5,39.0,5.5,3.9,36.3,9.3,43.5,4.8,-8.4,-0.145,0.195,AVGO,,126,16.5,14.0,,False
156,UNH,UnitedHealth Group Incorporate,Healthcare,Healthcare Plans,Core,365.2,402.19,413.76,15.5,17.4,10.0,0.0,ok,-0.5,ok,1.73,,False,42.4,17.9,6.2,0.4,19.5,14.2,30.6,16.6,37.0,0.084,0.136,BMNR,,126,17.4,15.0,,False
157,HBAN,Huntington Bancshares Incorpor,Financial Services,Banks - Regional,Growth,35.9,17.77,17.41,18.0,14.4,10.0,0.0,ok,0.0,financial_na,,,False,42.4,9.4,,47.6,0.0,9.0,42.2,6.2,-14.7,0.267,0.263,GOOG,,126,14.4,14.0,,False
158,WM,"Waste Management, Inc.",Industrials,Waste Management,Core,90.7,226.85,226.81,17.5,16.4,10.0,0.0,ok,-1.5,ok,2.93,,False,42.4,24.8,2.6,4.0,40.6,29.8,32.8,1.7,-13.0,-0.394,0.371,NVDA,,126,16.4,15.0,,False
159,FOX,Fox Corporation,Communication Services,Entertainment,Core,23.2,55.34,52.57,18.0,14.4,10.0,0.0,ok,0.0,ok,0.87,,False,42.4,10.1,2.4,28.1,36.6,14.3,67.1,-2.2,-14.5,0.014,0.134,MSFT,,126,14.4,13.0,,False
160,DOC,"Healthpeak Properties, Inc.",Real Estate,REIT - Healthcare Facilities,Core,14.5,20.51,21.2,18.0,17.9,10.0,0.0,ok,-3.5,ok,5.53,,False,42.4,,11.3,11.1,57.6,3.0,29.6,13.6,12.2,0.028,0.153,NVDA,,126,17.9,16.0,,False
161,COP,ConocoPhillips,Energy,Oil & Gas E&P,Growth,151.3,125.92,119.62,19.5,12.8,10.0,0.0,ok,0.0,ok,0.58,,False,42.3,13.5,5.1,35.5,47.6,14.2,61.8,16.6,7.6,-0.327,0.398,GOOG,,126,12.8,13.0,,False
162,HST,"Host Hotels & Resorts, Inc.",Real Estate,REIT - Hotel & Motel,Core,15.5,22.29,24.18,17.0,16.8,10.0,0.0,ok,-1.5,ok,2.18,,False,42.3,21.2,10.9,3.6,29.2,15.6,30.8,10.2,1.7,0.131,0.247,GOOG,,126,16.8,15.0,,False
163,ACGL,Arch Capital Group Ltd.,Financial Services,Insurance - Diversified,Core,33.5,98.26,97.26,16.5,15.8,10.0,0.0,ok,0.0,financial_na,,,False,42.3,10.1,12.8,-10.5,38.8,19.9,49.0,3.3,-10.9,-0.292,0.403,AVGO,,126,15.8,14.0,,False
164,NDAQ,"Nasdaq, Inc.",Financial Services,Financial Data & Stock Exchang,Core,53.1,95.02,90.27,18.0,14.3,10.0,0.0,ok,0.0,financial_na,,,False,42.3,20.3,3.2,14.9,100.0,16.5,68.4,6.5,4.2,0.241,0.406,MSFT,,126,14.3,16.0,,False
165,UHS,"Universal Health Services, Inc",Healthcare,Medical Care Facilities,Speculative,9.9,168.72,160.28,19.0,13.7,10.0,0.0,ok,-0.5,ok,1.9,,False,42.2,7.0,5.0,8.3,44.6,20.9,71.5,-11.4,-32.0,-0.027,0.121,GOOG,,126,13.7,16.0,,False
166,FISV,"Fiserv, Inc.",,,Core,28.0,52.72,51.86,15.5,16.7,10.0,0.0,ok,,unavailable,,,False,42.2,6.4,,,,,59.3,-13.4,-27.1,0.09,0.29,MSFT,,126,16.7,12.5,,False
167,MMM,3M Company,Industrials,Conglomerates,Core,94.4,183.13,173.97,21.0,11.7,10.0,0.0,ok,-0.5,ok,1.21,,False,42.2,18.8,6.7,2.5,39.4,81.9,69.3,14.7,-5.3,0.08,0.228,GOOG,,126,11.7,14.0,,False
168,LULU,lululemon athletica inc.,Consumer Cyclical,Apparel Retail,Core,14.3,125.61,119.33,21.0,11.1,10.0,0.0,ok,0.0,ok,0.24,,False,42.1,11.2,8.0,4.3,55.7,32.0,71.3,-20.2,-41.8,0.351,0.354,MSFT,,126,11.1,12.0,,False
169,NWS,News Corporation,Communication Services,Entertainment,Core,17.7,32.67,31.04,17.0,15.1,10.0,0.0,ok,0.0,ok,0.61,,False,42.1,21.8,5.9,10.8,57.2,8.0,58.9,11.0,9.2,0.064,0.201,GOOG,,126,15.1,14.0,,False
170,INTU,Intuit Inc.,Technology,Software - Application,Core,92.0,336.44,319.62,21.0,11.1,10.0,0.0,ok,0.0,ok,0.02,,False,42.1,12.3,5.7,10.4,80.8,22.5,74.7,-25.9,-31.2,0.131,0.359,MSFT,,126,11.1,17.0,,False
171,CTVA,"Corteva, Inc.",Basic Materials,Agricultural Inputs,Cyclical,50.9,76.22,81.68,15.0,17.1,10.0,0.0,ok,0.0,ok,0.59,,False,42.1,18.5,4.8,-1.2,49.5,4.3,25.3,0.7,-8.4,-0.207,0.276,MSFT,,126,17.1,12.0,,False
172,EFX,"Equifax, Inc.",Industrials,Consulting Services,Core,21.4,181.96,172.86,18.5,15.1,10.0,0.0,ok,-1.5,ok,2.75,,False,42.1,17.9,4.4,10.6,55.5,14.3,60.7,-4.1,-21.3,0.036,0.223,MSFT,,126,15.1,17.0,,False
173,CRH,CRH PLC,Basic Materials,Building Materials,Cyclical,67.4,101.29,104.3,16.0,17.6,10.0,0.0,ok,-1.5,ok,2.17,,False,42.1,15.3,3.0,5.6,36.2,15.8,52.3,-10.2,-32.3,0.23,0.308,GOOG,,126,17.6,11.0,,False
174,CME,CME Group Inc.,Financial Services,Financial Data & Stock Exchang,Core,93.2,259.32,250.04,17.0,15.0,10.0,0.0,ok,0.0,financial_na,,,False,42.0,20.0,3.1,0.8,100.0,15.8,66.1,-5.7,-24.8,-0.138,0.313,AVGO,,126,15.0,16.0,,False
175,ADP,"Automatic Data Processing, Inc",Technology,Software - Application,Core,107.7,271.09,257.54,20.0,11.9,10.0,0.0,ok,0.0,ok,0.2,,False,41.9,20.2,4.9,6.8,48.7,72.2,74.1,15.7,9.9,-0.029,0.304,MSFT,,126,11.9,16.0,,False
176,NKE,"Nike, Inc.",Consumer Cyclical,Footwear & Accessories,Core,61.3,41.32,43.06,16.5,15.4,10.0,0.0,ok,0.0,ok,0.41,,False,41.9,18.0,3.1,-1.1,43.2,22.1,45.5,-22.6,-45.3,0.181,0.186,MSFT,,126,15.4,12.0,,False
177,MAS,Masco Corporation,Industrials,Building Products & Equipment,Core,15.0,76.14,75.92,19.0,13.4,10.0,0.0,ok,-0.5,ok,1.95,,False,41.9,16.3,6.0,-2.9,37.2,5862.5,46.8,10.9,-13.1,0.226,0.219,BMNR,,126,13.4,14.0,,False
178,CMI,Cummins Inc.,Industrials,Specialty Industrial Machinery,Core,87.1,632.95,666.56,16.0,15.9,10.0,0.0,ok,0.0,ok,0.87,,False,41.9,18.3,2.6,9.4,25.8,21.1,40.8,7.9,-3.3,0.337,0.449,AVGO,,126,15.9,14.0,,False
179,ACN,Accenture plc,Technology,Information Technology Service,Core,110.0,179.82,170.83,18.5,13.3,10.0,0.0,ok,0.0,ok,-0.14,,False,41.8,12.2,11.0,5.6,32.0,24.4,81.8,-13.3,-36.0,-0.02,0.283,MSFT,,126,13.3,15.0,,False
180,AMT,American Tower Corporation (RE,Real Estate,REIT - Specialty,Core,79.0,169.55,174.45,19.5,17.3,10.0,0.0,ok,-5.0,ok,6.14,,False,41.8,24.2,3.7,4.7,73.8,33.9,54.4,-4.1,-15.4,-0.151,0.353,AVGO,,126,17.3,17.0,,False
181,SCHW,Charles Schwab Corporation (Th,Financial Services,Capital Markets,Core,186.2,107.7,102.31,21.5,10.3,10.0,0.0,ok,0.0,financial_na,,,False,41.8,13.8,,20.9,97.5,20.3,79.7,12.6,-2.1,0.161,0.217,MSFT,,126,10.3,16.0,,False
182,AKAM,"Akamai Technologies, Inc.",Technology,Software - Infrastructure,Core,16.8,116.67,124.69,16.0,19.3,10.0,0.0,ok,-3.5,ok,5.54,,False,41.8,16.3,4.2,5.4,57.5,8.9,42.9,9.4,12.3,0.192,0.212,AVGO,,126,19.3,16.0,,False
183,JKHY,"Jack Henry & Associates, Inc.",Technology,Information Technology Service,Core,10.9,153.63,145.95,17.5,14.3,10.0,0.0,ok,0.0,ok,0.16,,False,41.8,21.6,3.4,8.7,44.1,24.9,61.4,-3.4,-21.0,-0.005,0.278,MSFT,,126,14.3,16.0,,False
184,LLY,Eli Lilly and Company,Healthcare,Drug Manufacturers - General,Growth,1083.5,1215.02,1161.85,20.0,12.3,10.0,0.0,ok,-0.5,ok,1.1,,False,41.8,26.1,1.0,47.7,83.4,102.3,58.4,17.3,7.6,-0.086,0.182,MSFT,,126,12.3,17.0,,False
185,EXE,Expand Energy Corporation,Energy,Oil & Gas E&P,Cyclical,22.7,98.24,93.33,16.5,15.3,10.0,0.0,ok,0.0,ok,0.46,,False,41.8,10.9,6.4,-10.6,47.1,14.9,61.5,-3.2,-14.1,-0.054,0.119,AVGO,,126,15.3,13.0,,False
186,FTNT,"Fortinet, Inc.",Technology,Software - Infrastructure,Core,118.8,161.89,154.04,19.0,12.8,10.0,0.0,ok,0.0,ok,-1.35,,False,41.8,43.1,1.9,25.6,80.2,117.4,58.4,56.7,78.0,0.271,0.301,MSFT,,126,12.8,17.0,,False
187,BWXT,"BWX Technologies, Inc.",Industrials,Aerospace & Defense,Core,15.5,169.71,183.88,14.5,18.7,10.0,0.0,ok,-1.5,ok,2.96,,False,41.7,32.3,0.9,18.0,22.1,28.3,44.9,-13.5,-26.3,0.427,0.491,BMNR,,126,18.7,14.0,,False
188,TYL,"Tyler Technologies, Inc.",Technology,Software - Application,Core,13.2,322.93,306.78,16.0,16.2,10.0,0.0,ok,-0.5,ok,1.06,,False,41.7,21.0,4.5,8.2,47.2,9.7,67.8,-12.4,-21.8,-0.043,0.279,MSFT,,126,16.2,16.0,,False
189,CMCSA,Comcast Corporation,Communication Services,Telecom Services,Core,91.0,25.65,24.37,18.5,14.7,10.0,0.0,ok,-1.5,ok,2.43,,False,41.7,7.1,13.9,-1.2,69.4,11.5,63.5,-3.7,-31.0,-0.052,0.13,NVDA,,126,14.7,17.0,,False
190,CI,The Cigna Group,Healthcare,Healthcare Plans,Core,72.4,273.87,285.62,15.5,16.7,10.0,0.0,ok,-0.5,ok,1.93,,False,41.7,8.2,11.0,6.7,9.1,16.8,42.5,-1.5,-15.6,-0.148,0.243,AVGO,,126,16.7,15.0,,False
191,DVN,Devon Energy Corporation,Energy,Oil & Gas E&P,Growth,49.9,45.4,43.63,17.5,14.7,10.0,0.0,ok,-0.5,ok,1.23,,False,41.7,8.3,1.6,64.2,50.3,11.5,52.0,7.8,-6.4,-0.254,0.278,GOOG,,126,14.7,13.0,,False
192,DOV,Dover Corporation,Industrials,Specialty Industrial Machinery,Core,28.1,208.45,214.12,16.0,15.7,10.0,0.0,ok,0.0,ok,0.79,,False,41.7,17.9,3.2,6.9,40.1,14.9,43.7,0.2,-20.3,0.221,0.246,GOOG,,126,15.7,15.0,,False
193,FDX,FedEx Corporation,Industrials,Integrated Freight & Logistics,Core,76.3,322.43,319.55,18.0,15.2,10.0,0.0,ok,-1.5,ok,2.48,,False,41.7,15.5,7.4,12.5,27.3,14.8,51.6,-1.1,-23.3,0.179,0.233,GOOG,,126,15.2,14.0,,False
194,FIS,Fidelity National Information ,Technology,Information Technology Service,Core,22.1,42.76,41.25,22.0,13.2,10.0,0.0,ok,-3.5,ok,5.82,,False,41.7,6.4,12.0,29.1,35.8,22.3,59.4,-16.8,-26.0,0.057,0.341,MSFT,,126,13.2,15.0,,False
195,SNA,Snap-On Incorporated,Industrials,Tools & Accessories,Core,21.3,411.78,399.19,17.5,14.1,10.0,0.0,ok,0.0,ok,-0.24,,False,41.6,19.3,5.2,4.2,51.8,17.9,54.1,11.1,-1.5,0.098,0.234,GOOG,,126,14.1,15.0,,False
196,LHX,"L3Harris Technologies, Inc.",Industrials,Aerospace & Defense,Growth,53.3,286.02,294.36,16.5,17.6,10.0,0.0,ok,-2.5,ok,3.23,,False,41.6,21.3,,190.0,30.4,,50.5,-9.3,-28.2,-0.136,0.194,MSFT,,126,17.6,14.0,,False
197,KEY,KeyCorp,Financial Services,Banks - Regional,Core,24.3,22.69,22.72,17.5,14.1,10.0,0.0,ok,0.0,financial_na,,,False,41.6,10.6,,10.1,0.0,10.3,42.2,8.6,-11.4,0.262,0.282,BMNR,,126,14.1,14.0,,False
198,DASH,"DoorDash, Inc.",Consumer Cyclical,Internet Retail,Growth,92.4,212.0,201.4,18.0,13.5,10.0,0.0,ok,0.0,ok,-1.42,,False,41.5,26.7,5.6,35.6,52.2,8.9,74.6,12.1,2.9,0.436,0.473,MSFT,,126,13.5,12.0,,False
199,BKNG,Booking Holdings Inc. Common S,Consumer Cyclical,Travel Services,Core,159.9,212.87,202.23,18.0,13.5,10.0,0.0,ok,0.0,ok,0.36,,False,41.5,17.2,4.8,8.1,87.2,,76.8,15.0,13.3,0.162,0.182,MSFT,,126,13.5,15.0,,False
200,WST,"West Pharmaceutical Services, ",Healthcare,Medical Instruments & Supplies,Core,24.7,351.37,343.03,14.5,17.0,10.0,0.0,ok,0.0,ok,-0.13,,False,41.5,35.3,1.1,13.8,36.8,19.1,44.5,22.2,33.0,0.075,0.122,GOOG,,126,17.0,15.0,,False
201,WFC,Wells Fargo & Company,Financial Services,Banks - Diversified,Core,264.4,87.45,85.02,16.5,15.0,10.0,0.0,ok,0.0,financial_na,,,False,41.5,11.1,,9.5,0.0,12.6,54.2,3.6,-15.6,0.173,0.227,BMNR,,126,15.0,14.0,,False
202,VEEV,Veeva Systems Inc.,Healthcare,Health Information Services,Core,38.4,236.58,224.75,18.0,13.5,10.0,0.0,ok,0.0,ok,-7.03,,False,41.5,23.6,3.3,16.3,75.0,13.9,84.8,17.4,15.2,0.221,0.462,MSFT,,126,13.5,19.0,,False
203,MRVL,"Marvell Technology, Inc.",Technology,Semiconductors,Core,190.6,212.31,241.11,15.5,16.0,10.0,0.0,ok,0.0,ok,0.53,,False,41.5,34.0,1.2,27.6,51.5,16.0,50.5,52.3,147.7,0.371,0.559,AVGO,,126,16.0,14.0,,False
204,CTSH,Cognizant Technology Solutions,Technology,Information Technology Service,Core,26.4,58.6,55.67,18.5,12.9,10.0,0.0,ok,0.0,ok,0.26,,False,41.4,9.3,8.4,4.5,33.4,14.9,86.8,-7.2,-31.8,0.01,0.305,MSFT,,126,12.9,15.0,,False
205,NEM,Newmont Corporation,Basic Materials,Gold,Cyclical,123.5,117.21,111.35,22.0,9.4,10.0,0.0,ok,0.0,ok,-0.2,,False,41.4,11.2,7.1,15.1,68.0,25.9,80.6,12.0,-14.7,0.375,0.377,BMNR,,126,9.4,13.0,,False
206,EME,"EMCOR Group, Inc.",Industrials,Engineering & Construction,Core,36.0,816.86,798.04,18.0,13.3,10.0,0.0,ok,0.0,ok,-0.19,,False,41.3,22.2,2.7,19.8,19.4,40.3,60.0,9.0,-6.4,0.473,0.414,AVGO,,126,13.3,14.0,,False
207,ABBV,AbbVie Inc.,Healthcare,Drug Manufacturers - General,Core,441.9,250.09,242.39,17.5,15.3,10.0,0.0,ok,-1.5,ok,2.09,,False,41.3,15.4,3.8,10.2,72.8,,46.5,11.8,2.0,-0.309,0.343,AVGO,,126,15.3,17.0,,False
208,GIS,"General Mills, Inc.",Consumer Defensive,Packaged Foods,Core,20.2,37.93,36.03,16.0,15.3,10.0,0.0,ok,0.0,ok,-0.12,,False,41.3,11.8,11.4,2.2,33.7,-1.0,55.9,-5.1,-32.1,-0.151,0.324,AVGO,,126,15.3,16.0,,False
209,KEYS,Keysight Technologies Inc.,Technology,Scientific & Technical Instrum,Growth,58.7,343.7,332.21,16.5,14.7,10.0,0.0,ok,0.0,ok,0.25,,False,41.2,28.8,1.8,31.5,62.1,18.2,58.1,25.0,34.9,0.288,0.399,AVGO,,126,14.7,15.0,,False
210,MAR,Marriott International,Consumer Cyclical,Lodging,Core,91.1,349.49,375.62,17.5,16.2,10.0,0.0,ok,-2.5,ok,3.6,,False,41.2,26.6,2.3,11.1,79.2,,39.0,3.5,-13.9,0.12,0.197,GOOG,,126,16.2,13.0,,False
211,MGM,MGM Resorts International,Consumer Cyclical,Resorts & Casinos,Core,11.1,44.13,46.7,18.5,17.7,10.0,0.0,ok,-5.0,ok,12.25,,False,41.2,21.6,7.9,1.0,44.2,18.9,41.8,14.2,6.8,0.228,0.24,MSFT,,126,17.7,12.0,,False
212,IBM,International Business Machine,Technology,Information Technology Service,Core,224.6,238.42,257.3,20.0,13.7,10.0,0.0,ok,-2.5,ok,3.47,,False,41.2,18.1,5.4,1.1,58.1,34.5,81.9,-10.6,-29.0,0.159,0.354,MSFT,,126,13.7,16.0,,False
213,RMD,ResMed Inc.,Healthcare,Medical Instruments & Supplies,Core,32.6,224.84,213.6,18.5,12.6,10.0,0.0,ok,0.0,ok,-0.3,,False,41.1,17.0,2.9,8.6,61.6,24.3,72.9,-2.0,-25.6,0.042,0.301,GOOG,,126,12.6,17.0,,False
214,ACMR,"ACM Research, Inc.",Technology,Semiconductor Equipment & Mate,Growth,5.6,79.92,91.12,14.5,16.6,10.0,0.0,ok,0.0,ok,-6.83,,False,41.1,29.5,-3.4,36.0,43.8,11.6,41.3,34.2,15.7,0.418,0.485,AVGO,,126,16.6,14.0,,False
215,APTV,Aptiv PLC,Consumer Cyclical,Auto Parts,Core,10.3,49.62,60.39,15.5,16.1,10.0,0.0,ok,-0.5,ok,1.52,,False,41.1,7.6,15.7,2.3,19.3,5.2,32.1,-28.7,-53.1,0.194,0.233,AVGO,,126,16.1,11.0,,False
216,T,AT&T Inc.,Communication Services,Telecom Services,Core,167.9,24.5,23.28,19.5,14.1,10.0,0.0,ok,-2.5,ok,3.3,,False,41.1,9.6,6.0,2.3,59.7,18.3,63.1,-1.5,-21.0,-0.24,0.235,NVDA,,126,14.1,16.0,,False
217,BF-B,Brown Forman Inc,Consumer Defensive,Beverages - Wineries & Distill,Core,12.9,28.03,26.77,18.5,13.1,10.0,0.0,ok,-0.5,ok,1.94,,False,41.1,16.5,5.8,2.0,60.5,17.8,60.3,3.5,-16.7,-0.145,0.161,AVGO,,126,13.1,18.0,,False
218,JNJ,Johnson & Johnson,Healthcare,Drug Manufacturers - General,Core,626.1,259.8,249.04,18.5,12.6,10.0,0.0,ok,0.0,ok,0.81,,False,41.1,21.1,2.7,6.6,68.1,25.7,55.9,13.9,-1.7,-0.362,0.384,AVGO,,126,12.6,17.0,,False
219,AMP,"Ameriprise Financial, Inc.",Financial Services,Asset Management,Core,49.7,562.98,534.83,22.0,9.1,10.0,0.0,ok,0.0,financial_na,,,False,41.1,10.9,5.8,11.6,54.9,63.4,72.5,18.0,0.4,0.295,0.299,BMNR,,126,9.1,15.0,,False
220,ALB,Albemarle Corporation,Basic Materials,Specialty Chemicals,Growth,15.3,129.36,136.91,19.0,12.0,10.0,0.0,ok,0.0,ok,0.25,,False,41.0,11.2,8.7,31.1,24.0,2.6,69.2,-15.6,-34.4,0.256,0.277,AVGO,,126,12.0,11.0,,False
221,GLW,Corning Incorporated,Technology,Electronic Components,Core,137.1,159.19,178.19,14.5,17.0,10.0,0.0,ok,-0.5,ok,1.68,,False,41.0,36.8,0.5,16.6,36.4,16.8,52.8,15.6,13.2,0.325,0.439,AVGO,,126,17.0,13.0,,False
222,ABNB,"Airbnb, Inc.",Consumer Cyclical,Travel Services,Core,110.8,184.98,175.73,20.5,10.5,10.0,0.0,ok,0.0,ok,-3.47,,False,41.0,30.2,2.9,16.5,82.9,34.5,88.8,38.1,42.4,0.343,0.3,BMNR,,126,10.5,15.0,,False
223,NTAP,"NetApp, Inc.",Technology,Software - Infrastructure,Core,38.9,198.47,188.55,20.5,10.5,10.0,0.0,ok,0.0,ok,-0.45,,False,41.0,20.0,3.3,12.5,70.7,106.7,81.6,61.2,77.5,0.289,0.3,AVGO,,126,10.5,17.0,,False
224,DXCM,"DexCom, Inc.",Healthcare,Medical Devices,Core,33.8,89.53,85.05,20.5,10.5,10.0,0.0,ok,0.0,ok,-0.39,,False,41.0,28.7,3.0,13.1,62.5,38.5,79.7,30.9,20.0,0.201,0.257,GOOG,,126,10.5,17.0,,False
225,PSX,Phillips 66,Energy,Oil & Gas Refining & Marketing,Growth,90.0,224.36,213.14,19.0,12.5,10.0,0.0,ok,-0.5,ok,1.66,,False,41.0,11.2,5.1,53.1,13.1,23.5,63.6,38.9,33.5,-0.164,0.254,NVDA,,126,12.5,12.0,,False
226,CCL,Carnival Corporation Ltd.,Consumer Cyclical,Travel Services,Core,38.0,27.73,27.86,19.0,14.5,10.0,0.0,ok,-2.5,ok,3.28,,False,41.0,10.5,5.0,5.3,55.7,26.7,59.6,-0.2,-27.3,0.389,0.432,GOOG,,126,14.5,14.0,,False
227,BLK,"BlackRock, Inc.",Financial Services,Asset Management,Growth,186.7,1148.84,1091.4,20.5,10.5,10.0,0.0,ok,0.0,financial_na,,,False,41.0,17.9,4.1,30.6,47.2,12.3,72.8,9.4,-5.1,0.434,0.401,GOOG,,126,10.5,15.0,,False
228,PM,Philip Morris International In,Consumer Defensive,Tobacco,Core,290.2,186.22,184.15,17.5,14.9,10.0,0.0,ok,-1.5,ok,2.39,,False,40.9,20.3,3.3,10.4,67.5,,38.0,9.5,-8.5,-0.124,0.157,AVGO,,126,14.9,18.0,,False
229,CPAY,"Corpay, Inc.",Technology,Software - Infrastructure,Core,26.7,406.16,385.85,23.0,9.4,10.0,0.0,ok,-1.5,ok,2.7,,False,40.9,13.0,7.3,21.5,80.5,29.2,78.3,25.1,2.6,0.215,0.251,MSFT,,126,9.4,17.0,,False
230,TPR,"Tapestry, Inc.",Consumer Cyclical,Luxury Goods,Core,32.4,160.54,152.51,23.0,8.4,10.0,0.0,ok,-0.5,ok,1.45,,False,40.9,20.5,4.7,21.2,76.2,60.9,73.0,17.9,-6.2,0.287,0.314,BMNR,,126,8.4,13.0,,False
231,APH,Amphenol Corporation,Technology,Electronic Components,Growth,206.2,167.23,158.87,19.0,12.4,10.0,0.0,ok,-0.5,ok,1.42,,False,40.9,25.9,1.9,55.0,39.0,38.1,60.3,16.6,4.9,0.371,0.429,AVGO,,126,12.4,13.0,,False
232,APO,"Apollo Global Management, Inc.",Financial Services,Asset Management,Growth,80.8,140.28,133.27,20.0,10.9,10.0,0.0,ok,0.0,financial_na,,,False,40.9,13.0,,63.8,36.1,11.4,74.9,10.6,-5.0,0.327,0.297,GOOG,,126,10.9,14.0,,False
233,FFIV,"F5, Inc.",Technology,Software - Infrastructure,Core,23.4,414.0,404.12,18.0,12.9,10.0,0.0,ok,0.0,ok,-1.47,,False,40.9,22.9,3.1,10.9,81.9,19.8,56.2,31.6,35.3,0.316,0.262,BMNR,,126,12.9,17.0,,False
234,FICO,Fair Isaac Corporation,Technology,Software - Application,Core,22.4,1038.23,1189.2,18.5,15.9,10.0,0.0,ok,-3.5,ok,4.23,,False,40.9,19.6,3.5,25.7,85.1,,35.8,-23.4,-36.1,-0.128,0.197,AVGO,,126,15.9,17.0,,False
235,JBL,Jabil Inc.,Technology,Electronic Components,Core,37.4,356.61,344.42,16.5,14.8,10.0,0.0,ok,-0.5,ok,1.08,,False,40.8,21.2,3.2,11.8,9.2,65.9,65.1,26.1,26.5,0.477,0.532,AVGO,,126,14.8,13.0,,False
236,HAL,Halliburton Company,Energy,Oil & Gas Equipment & Services,Cyclical,28.2,33.8,35.08,15.5,15.8,10.0,0.0,ok,-0.5,ok,1.49,,False,40.8,11.6,7.3,3.7,15.1,14.9,54.4,-0.5,-11.5,-0.034,0.099,BMNR,,126,15.8,14.0,,False
237,XYL,Xylem Inc.,Industrials,Specialty Industrial Machinery,Core,28.8,123.18,117.02,16.0,14.8,10.0,0.0,ok,0.0,ok,0.9,,False,40.8,19.9,4.1,1.5,39.2,9.2,62.9,-3.2,-15.5,0.106,0.232,GOOG,,126,14.8,14.0,,False
238,HUM,Humana Inc.,Healthcare,Healthcare Plans,Core,44.8,372.82,377.12,15.0,15.7,10.0,0.0,ok,0.0,ok,-2.54,,False,40.7,22.5,4.3,26.2,13.7,6.9,38.8,39.2,95.4,0.099,0.14,NVDA,,126,15.7,15.0,,False
239,OMC,Omnicom Group Inc.,Communication Services,Advertising Agencies,Growth,23.6,85.95,81.65,18.5,13.7,10.0,0.0,ok,-1.5,ok,2.2,,False,40.7,7.1,18.1,63.4,19.0,6.1,62.7,12.4,7.5,0.052,0.109,GOOG,,126,13.7,13.0,,False
240,AMD,"Advanced Micro Devices, Inc.",Technology,Semiconductors,Growth,774.3,474.32,512.28,16.5,16.2,10.0,-2.0,ok,0.0,ok,-0.92,,False,40.7,30.7,1.1,50.1,55.7,10.2,36.9,47.9,110.8,0.5,0.548,AVGO,,126,16.2,14.0,,False
241,AVB,"AvalonBay Communities, Inc.",Real Estate,REIT - Residential,Core,26.0,181.76,188.07,17.0,17.2,10.0,0.0,ok,-3.5,ok,4.9,,False,40.7,37.3,5.4,2.3,62.7,8.5,35.5,1.8,-7.7,-0.073,0.249,AVGO,,126,17.2,17.0,,False
242,EG,"Everest Group, Ltd.",Financial Services,Insurance - Reinsurance,Core,14.0,365.7,359.28,15.0,15.7,10.0,0.0,ok,0.0,financial_na,,,False,40.7,6.1,14.7,-11.3,15.3,12.6,45.2,8.4,0.0,-0.255,0.308,AVGO,,126,15.7,14.0,,False
243,KVUE,Kenvue Inc.,Consumer Defensive,Household & Personal Products,Core,36.6,19.05,18.77,17.5,14.6,10.0,0.0,ok,-1.5,ok,2.16,,False,40.6,15.4,5.2,3.0,58.4,15.6,48.8,9.3,-4.9,-0.129,0.203,AVGO,,126,14.6,17.0,,False
244,PRU,"Prudential Financial, Inc.",Financial Services,Insurance - Life,Core,42.2,122.32,116.2,18.0,12.6,10.0,0.0,ok,0.0,financial_na,,,False,40.6,8.3,17.8,14.1,29.0,12.0,60.4,15.7,8.7,0.137,0.223,BMNR,,126,12.6,14.0,,False
245,LIN,Linde plc,Basic Materials,Specialty Chemicals,Cyclical,226.1,490.53,511.66,13.5,17.6,10.0,0.0,ok,-0.5,ok,1.67,,False,40.6,25.0,1.8,9.3,48.3,18.4,36.8,3.4,-4.5,-0.166,0.157,MSFT,,126,17.6,12.0,,False
246,FRT,Federal Realty Investment Trus,Real Estate,REIT - Retail,Core,10.2,116.74,122.73,18.5,15.6,10.0,0.0,ok,-3.5,ok,5.65,,False,40.6,37.8,4.5,7.2,68.1,12.6,21.3,7.6,-1.7,-0.053,0.124,AVGO,,126,15.6,17.0,,False
247,CPRT,"Copart, Inc.",Industrials,Specialty Business Services,Core,27.2,29.4,29.4,17.0,13.5,10.0,0.0,ok,0.0,ok,-2.09,,False,40.5,17.5,3.7,2.1,47.5,17.6,65.6,-16.8,-38.5,0.0,0.174,NVDA,,126,13.5,17.0,,False
248,JPM,JP Morgan Chase & Co.,Financial Services,Banks - Diversified,Growth,962.4,362.04,343.94,19.0,11.5,10.0,0.0,ok,0.0,financial_na,,,False,40.5,14.5,,30.4,0.0,17.8,65.4,15.8,3.0,0.222,0.267,BMNR,,126,11.5,14.0,,False
249,RSG,"Republic Services, Inc.",Industrials,Waste Management,Core,65.9,215.08,213.16,16.0,16.0,10.0,0.0,ok,-1.5,ok,2.7,,False,40.5,26.7,2.9,4.6,43.0,18.2,47.0,0.7,-14.6,-0.41,0.386,AVGO,,126,16.0,15.0,,False
250,PNC,"PNC Financial Services Group, ",Financial Services,Banks - Regional,Core,101.4,254.23,244.0,18.5,11.9,10.0,0.0,ok,0.0,financial_na,,,False,40.4,11.9,,23.6,0.0,12.6,53.5,16.8,-4.7,0.146,0.208,GOOG,,126,11.9,14.0,,False
251,AVY,Avery Dennison Corporation,Consumer Cyclical,Packaging & Containers,Core,13.6,179.73,170.74,20.5,11.4,10.0,0.0,ok,-1.5,ok,2.28,,False,40.4,16.0,7.4,10.9,29.0,31.2,74.9,4.3,-16.6,0.121,0.137,MSFT,,126,11.4,11.0,,False
252,PFG,Principal Financial Group Inc,Financial Services,Asset Management,Core,24.2,113.03,110.39,17.5,12.9,10.0,0.0,ok,0.0,financial_na,,,False,40.4,10.9,4.4,6.4,47.3,12.9,65.6,18.2,10.5,0.216,0.258,GOOG,,126,12.9,15.0,,False
253,VTR,"Ventas, Inc.",Real Estate,REIT - Healthcare Facilities,Core,44.6,86.96,89.57,16.5,17.4,10.0,0.0,ok,-3.5,ok,5.34,,False,40.4,106.5,3.3,21.7,40.0,2.0,30.1,4.5,-7.0,-0.298,0.328,AVGO,,126,17.4,15.0,,False
254,EQR,Equity Residential,Real Estate,REIT - Residential,Core,25.2,65.09,67.54,17.0,16.8,10.0,0.0,ok,-3.5,ok,4.51,,False,40.3,42.3,5.7,2.1,62.3,8.0,33.6,3.6,-10.9,-0.15,0.285,AVGO,,126,16.8,17.0,,False
255,SYK,Stryker Corporation,Healthcare,Medical Devices,Core,133.5,348.15,330.74,17.0,13.8,10.0,0.0,ok,-0.5,ok,1.62,,False,40.3,20.8,3.1,9.4,65.6,16.5,69.0,2.0,-14.6,-0.08,0.234,AVGO,,126,13.8,17.0,,False
256,MCD,McDonald's Corporation,Consumer Cyclical,Restaurants,Core,194.0,274.15,273.69,16.5,16.3,10.0,0.0,ok,-2.5,ok,3.6,,False,40.3,19.6,3.2,3.7,57.4,,64.2,-8.1,-26.8,-0.061,0.21,NVDA,,126,16.3,12.0,,False
257,GE,GE Aerospace,Industrials,Aerospace & Defense,Core,381.9,368.06,353.68,18.0,12.3,10.0,0.0,ok,0.0,ok,0.9,,False,40.3,40.6,1.7,21.1,31.1,48.2,66.4,16.0,5.2,0.27,0.384,GOOG,,126,12.3,14.0,,False
258,IONQ,"IonQ, Inc.",Technology,Computer Hardware,Growth,17.6,43.44,47.55,11.0,19.3,10.0,0.0,ok,0.0,neg_ebitda_low_debt,,,False,40.3,,-0.5,286.8,,-60.5,65.6,-4.5,12.1,0.49,0.464,BMNR,,126,19.3,13.0,,False
259,CSGP,"CoStar Group, Inc.",Real Estate,Real Estate Services,Core,12.6,31.12,30.33,16.5,13.7,10.0,0.0,ok,0.0,ok,-0.28,,False,40.2,18.0,3.3,18.4,78.7,0.9,67.0,-34.1,-50.1,0.034,0.342,MSFT,,126,13.7,19.0,,False
260,GEN,Gen Digital Inc.,Technology,Software - Infrastructure,Core,17.4,29.01,27.56,22.0,10.7,10.0,0.0,ok,-2.5,ok,3.17,,False,40.2,8.8,8.9,6.3,78.0,41.9,77.1,20.0,5.2,0.322,0.399,MSFT,,126,10.7,17.0,,False
261,URI,"United Rentals, Inc.",Industrials,Rental & Leasing Services,Core,71.2,1143.59,1087.03,18.5,14.2,10.0,0.0,ok,-2.5,ok,3.26,,False,40.2,20.0,2.4,11.8,38.5,28.9,66.3,26.2,19.7,0.004,0.137,MSFT,,126,14.2,16.0,,False
262,CSCO,"Cisco Systems, Inc.",Technology,Communication Equipment,Core,474.7,120.43,117.96,17.0,13.2,10.0,0.0,ok,0.0,ok,0.96,,False,40.2,25.1,2.0,12.0,64.3,25.2,69.9,32.4,29.0,0.255,0.366,AVGO,,126,13.2,15.0,,False
263,MCHP,Microchip Technology Incorpora,Technology,Semiconductors,Growth,44.0,81.02,86.71,17.5,15.2,10.0,0.0,ok,-2.5,ok,3.4,,False,40.2,17.8,3.1,38.0,60.2,7.2,45.5,7.0,-5.3,0.383,0.51,AVGO,,126,15.2,15.0,,False
264,FITB,Fifth Third Bancorp,Financial Services,Banks - Regional,Growth,52.2,57.6,55.61,18.0,12.2,10.0,0.0,ok,0.0,financial_na,,,False,40.2,11.7,,51.8,0.0,8.4,49.4,16.6,-4.7,0.153,0.201,BMNR,,126,12.2,14.0,,False
265,YUM,"Yum! Brands, Inc.",Consumer Cyclical,Restaurants,Core,39.5,144.75,153.25,16.5,17.2,10.0,0.0,ok,-3.5,ok,4.15,,False,40.2,19.4,2.1,12.2,45.3,,45.8,-6.0,-19.8,-0.047,0.121,AVGO,,126,17.2,12.0,,False
266,EPAM,"EPAM Systems, Inc.",Technology,Information Technology Service,Speculative,5.2,99.9,94.91,17.0,13.2,10.0,0.0,ok,0.0,ok,-0.85,,False,40.2,7.1,12.6,4.5,29.5,11.2,61.3,-30.4,-59.2,0.011,0.212,MSFT,,126,13.2,15.0,,False
267,PLAB,"Photronics, Inc.",Technology,Semiconductor Equipment & Mate,Speculative,1.9,32.99,31.34,15.0,15.1,10.0,0.0,ok,0.0,ok,-2.31,,False,40.1,16.3,2.0,-0.5,33.8,13.2,58.0,-5.4,-23.5,0.332,0.406,AVGO,,126,15.1,13.0,,False
268,DDOG,"Datadog, Inc.",Technology,Software - Application,Growth,88.6,246.78,249.78,15.0,15.1,10.0,0.0,ok,0.0,ok,-44.73,,False,40.1,83.2,1.2,35.6,79.5,4.7,50.3,44.4,79.0,0.223,0.318,MSFT,,126,15.1,17.0,,False
269,EXPD,Expeditors International of Wa,Industrials,Integrated Freight & Logistics,Growth,23.0,177.21,169.09,17.5,12.6,10.0,0.0,ok,0.0,ok,-0.37,,False,40.1,22.4,3.5,32.1,13.5,42.7,49.6,15.5,-1.7,0.025,0.075,GOOG,,126,12.6,14.0,,False
270,XOM,ExxonMobil Holdings Corporatio,Energy,Oil & Gas Integrated,Growth,657.1,159.8,151.81,17.5,12.6,10.0,0.0,ok,0.0,ok,0.47,,False,40.1,15.0,3.1,44.1,29.8,12.6,59.8,14.5,-4.5,-0.332,0.337,GOOG,,126,12.6,12.0,,False
271,HCA,"HCA Healthcare, Inc.",Healthcare,Medical Care Facilities,Core,89.1,411.44,390.87,17.0,15.6,10.0,0.0,ok,-2.5,ok,3.2,,False,40.1,12.8,4.2,8.7,42.6,,69.2,-9.8,-29.3,-0.015,0.155,GOOG,,126,15.6,16.0,,False
272,GPN,Global Payments Inc.,Industrials,Specialty Business Services,Growth,22.7,85.86,81.57,21.0,12.6,10.0,0.0,ok,-3.5,ok,4.05,,False,40.1,5.4,,68.6,64.0,2.4,65.2,15.5,6.2,0.258,0.286,MSFT,,126,12.6,18.0,fcf_yield_out_of_range(34.6),False
273,ROP,"Roper Technologies, Inc.",Technology,Software - Application,Core,39.5,399.5,379.52,18.5,14.1,10.0,0.0,ok,-2.5,ok,3.38,,False,40.1,16.5,5.7,8.5,69.5,13.1,78.7,5.4,3.5,-0.054,0.233,NVDA,,126,14.1,17.0,,False
274,GILD,"Gilead Sciences, Inc.",Healthcare,Drug Manufacturers - General,Core,168.3,135.77,129.69,17.0,13.6,10.0,0.0,ok,-0.5,ok,1.46,,False,40.1,13.8,5.8,10.2,79.6,-20.7,60.5,3.1,-18.6,0.053,0.122,BMNR,,126,13.6,17.0,,False
275,UDR,"UDR, Inc.",Real Estate,REIT - Residential,Core,13.7,37.3,39.08,17.5,16.0,10.0,0.0,ok,-3.5,ok,5.76,,False,40.0,66.6,5.7,-0.1,66.6,13.7,29.6,2.2,-15.4,-0.157,0.274,AVGO,,126,16.0,17.0,,False
276,RJF,"Raymond James Financial, Inc.",Financial Services,Asset Management,Core,34.6,180.02,171.02,19.0,11.0,10.0,0.0,ok,0.0,financial_na,,,False,40.0,12.7,,15.1,93.2,18.4,70.2,13.7,2.7,0.305,0.293,BMNR,,126,11.0,16.0,,False
277,CCI,Crown Castle Inc.,Real Estate,REIT - Specialty,Core,32.2,73.64,81.09,15.5,19.5,10.0,0.0,ok,-5.0,ok,8.31,,False,40.0,25.3,3.2,-4.9,73.7,,40.7,-13.9,-23.1,-0.125,0.336,AVGO,,126,19.5,17.0,,False
278,PSA,Public Storage,Real Estate,REIT - Industrial,Core,60.7,325.1,319.82,18.5,13.0,10.0,0.0,ok,-1.5,ok,2.89,,False,40.0,35.4,3.8,3.3,74.4,21.9,64.3,11.1,1.0,-0.051,0.198,GOOG,,126,13.0,17.0,,False
279,CVNA,Carvana Co.,Consumer Cyclical,Auto & Truck Dealerships,Growth,107.1,72.0,68.4,16.0,14.5,10.0,0.0,ok,-0.5,ok,1.02,,False,40.0,32.0,0.4,52.4,19.4,58.8,65.1,-0.5,-19.4,0.371,0.406,GOOG,,126,14.5,11.0,,False
280,ROL,"Rollins, Inc.",Consumer Cyclical,Personal Services,Core,17.8,37.01,42.99,18.5,12.0,10.0,0.0,ok,-0.5,ok,1.16,,True,40.0,28.4,2.8,7.9,52.4,37.0,16.8,-31.4,-54.0,0.039,0.19,GOOG,,126,16.0,14.0,,False
281,MNST,Monster Beverage Corporation,Consumer Defensive,Beverages - Non-Alcoholic,Core,89.2,45.53,93.3,18.0,12.0,10.0,0.0,ok,0.0,ok,-1.13,,True,40.0,34.8,1.9,20.2,55.5,25.7,10.5,-43.9,-54.5,0.085,0.186,GOOG,,126,16.0,17.0,,False
282,EQIX,"Equinix, Inc.",Real Estate,REIT - Specialty,Core,101.9,1032.4,1050.31,17.0,16.5,10.0,0.0,ok,-3.5,ok,4.93,,False,40.0,54.7,3.7,16.7,52.0,10.7,50.7,10.2,9.8,0.076,0.116,BMNR,,126,16.5,16.0,,False
283,INVH,Invitation Homes Inc.,Real Estate,REIT - Residential,Core,17.7,29.79,29.76,19.0,14.4,10.0,0.0,ok,-3.5,ok,5.65,,False,39.9,43.9,6.6,10.1,56.3,7.1,54.8,8.2,-1.2,-0.135,0.271,AVGO,,126,14.4,16.0,,False
284,COHR,Coherent Corp.,Technology,Scientific & Technical Instrum,Core,64.3,328.57,341.28,13.0,16.9,10.0,0.0,ok,0.0,ok,0.76,,False,39.9,39.3,-0.3,20.5,37.0,4.7,52.7,25.2,32.5,0.397,0.483,NVDA,,126,16.9,13.0,,False
285,COHU,"Cohu, Inc.",Technology,Semiconductor Equipment & Mate,Growth,2.5,52.82,56.18,14.0,15.9,10.0,0.0,ok,0.0,ok,-13.22,,False,39.9,28.6,2.7,38.4,44.0,-4.8,47.1,40.1,51.0,0.409,0.509,AVGO,,126,15.9,14.0,,False
286,CVS,CVS Health Corporation,Healthcare,Healthcare Plans,Core,119.6,93.5,101.97,14.0,18.3,10.0,0.0,ok,-2.5,ok,3.74,,False,39.8,11.0,6.8,7.1,13.6,6.2,17.9,10.6,13.3,-0.089,0.159,AVGO,,126,18.3,15.0,,False
287,KO,Coca-Cola Company (The),Consumer Defensive,Beverages - Non-Alcoholic,Core,372.1,86.48,82.85,17.0,13.3,10.0,0.0,ok,-0.5,ok,1.64,,False,39.8,24.5,1.4,6.7,61.9,42.1,67.1,13.2,2.0,-0.235,0.272,AVGO,,126,13.3,18.0,,False
288,DLTR,"Dollar Tree, Inc.",Consumer Defensive,Discount Stores,Core,24.6,128.06,121.66,18.5,12.7,10.0,0.0,ok,-1.5,ok,2.74,,False,39.7,16.7,5.9,7.2,37.0,34.0,60.6,11.7,-6.3,0.169,0.189,MSFT,,126,12.7,16.0,,False
289,TRMB,Trimble Inc.,Technology,Scientific & Technical Instrum,Core,13.5,57.98,55.08,16.5,13.7,10.0,0.0,ok,-0.5,ok,1.36,,False,39.7,14.2,2.7,11.8,71.5,8.3,73.1,-13.0,-27.2,0.324,0.34,MSFT,,126,13.7,15.0,,False
290,REG,Regency Centers Corporation,Real Estate,REIT - Retail,Core,14.2,75.82,79.54,17.0,16.2,10.0,0.0,ok,-3.5,ok,4.62,,False,39.7,30.0,5.2,8.9,71.5,8.2,15.7,1.2,-12.0,-0.158,0.244,AVGO,,126,16.2,17.0,,False
291,ARES,Ares Management Corporation,Financial Services,Asset Management,Core,47.2,143.11,135.95,17.5,12.1,10.0,0.0,ok,0.0,financial_na,,,False,39.6,19.9,4.6,5.8,37.4,14.9,77.2,7.7,-5.4,0.372,0.318,GOOG,,126,12.1,14.0,,False
292,FN,Fabrinet,Technology,Electronic Components,Growth,18.8,525.88,538.82,11.5,18.1,10.0,0.0,ok,0.0,ok,-1.96,,False,39.6,30.4,-0.4,39.3,12.0,20.0,51.9,-1.6,1.5,0.383,0.472,AVGO,,126,18.1,13.0,,False
293,HD,"Home Depot, Inc. (The)",Consumer Cyclical,Home Improvement Retail,Core,353.5,354.48,336.76,17.0,14.1,10.0,0.0,ok,-1.5,ok,2.49,,False,39.6,22.0,2.9,4.8,33.1,128.4,64.7,2.4,-19.8,0.128,0.262,GOOG,,126,14.1,11.0,,False
294,A,"Agilent Technologies, Inc.",Healthcare,Diagnostics & Research,Core,42.2,149.49,142.02,17.5,12.0,10.0,0.0,ok,0.0,ok,0.86,,False,39.5,22.6,2.2,10.0,52.6,21.3,81.7,14.3,4.8,0.171,0.137,NVDA,,126,12.0,16.0,,False
295,C,"Citigroup, Inc.",Financial Services,Banks - Diversified,Core,227.7,135.77,136.55,16.0,13.5,10.0,0.0,ok,0.0,financial_na,,,False,39.5,10.5,,15.5,0.0,8.5,57.4,13.6,0.3,0.417,0.367,BMNR,,126,13.5,14.0,,False
296,TKO,"TKO Group Holdings, Inc.",Communication Services,Entertainment,Core,36.9,194.73,193.71,16.5,14.5,10.0,0.0,ok,-1.5,ok,2.69,,False,39.5,48.8,2.3,18.2,59.5,7.1,69.9,-0.8,-20.0,0.172,0.161,BMNR,,126,14.5,14.0,,False
297,ESS,"Essex Property Trust, Inc.",Real Estate,REIT - Residential,Core,19.5,282.46,287.88,17.0,15.9,10.0,0.0,ok,-3.5,ok,5.43,,False,39.4,45.7,5.4,3.1,68.8,7.7,37.4,7.6,-2.6,-0.112,0.256,AVGO,,126,15.9,17.0,,False
298,DG,Dollar General Corporation,Consumer Defensive,Discount Stores,Core,26.5,120.07,117.91,17.0,15.9,10.0,0.0,ok,-3.5,ok,4.26,,False,39.4,15.0,7.1,3.4,30.8,18.9,49.7,-2.8,-28.8,0.197,0.227,MSFT,,126,15.9,16.0,,False
299,USB,U.S. Bancorp,Financial Services,Banks - Regional,Core,100.2,64.29,61.08,17.5,11.9,10.0,0.0,ok,0.0,financial_na,,,False,39.4,11.1,,10.4,0.0,12.6,48.7,17.2,-4.1,0.191,0.23,GOOG,,126,11.9,14.0,,False
300,PAYX,"Paychex, Inc.",Technology,Software - Application,Core,43.1,121.3,115.24,18.5,12.4,10.0,0.0,ok,-1.5,ok,2.17,,False,39.4,19.0,,12.5,67.2,,72.7,18.9,12.7,-0.037,0.303,MSFT,,126,12.4,17.0,,False
301,PPG,"PPG Industries, Inc.",Basic Materials,Specialty Chemicals,Cyclical,25.8,116.16,117.09,17.5,13.4,10.0,0.0,ok,-1.5,ok,2.17,,False,39.4,13.4,4.3,7.2,41.2,19.3,48.3,6.3,-20.3,0.262,0.301,BMNR,,126,13.4,12.0,,False
302,TRGP,"Targa Resources, Inc.",Energy,Oil & Gas Midstream,Cyclical,56.9,265.45,269.15,16.0,15.9,10.0,0.0,ok,-2.5,ok,3.54,,False,39.4,22.1,0.1,4.2,43.2,70.8,37.1,17.7,11.6,-0.229,0.188,BMNR,,126,15.9,13.0,,False
303,IR,Ingersoll Rand Inc.,Industrials,Specialty Industrial Machinery,Core,33.0,85.02,80.77,14.5,15.3,10.0,0.0,ok,-0.5,ok,1.85,,False,39.3,21.7,3.4,8.5,42.8,9.5,54.2,3.9,-24.4,0.216,0.239,GOOG,,126,15.3,15.0,,False
304,WTW,Willis Towers Watson Public Li,Financial Services,Insurance Brokers,Core,31.8,342.39,325.27,17.5,11.8,10.0,0.0,ok,0.0,financial_na,,,False,39.3,15.0,4.5,9.1,42.5,19.8,90.7,14.9,7.2,0.025,0.45,MSFT,,126,11.8,15.0,,False
305,COIN,"Coinbase Global, Inc.",Financial Services,Financial Data & Stock Exchang,Core,39.2,148.58,159.32,15.0,16.3,10.0,-2.0,ok,0.0,financial_na,,,False,39.3,48.9,6.8,-17.3,85.8,-7.8,37.3,-27.8,-19.9,0.53,0.713,BMNR,,126,16.3,16.0,,False
306,MSI,"Motorola Solutions, Inc.",Technology,Communication Equipment,Core,77.3,466.86,443.52,19.5,11.3,10.0,0.0,ok,-1.5,ok,2.37,,False,39.3,24.5,2.6,13.3,52.1,91.6,77.2,12.3,0.2,0.014,0.136,AVGO,,126,11.3,14.0,,False
307,KKR,KKR & Co. Inc.,Financial Services,Asset Management,Core,102.5,110.97,105.42,15.5,13.8,10.0,0.0,ok,0.0,financial_na,,,False,39.3,15.0,,7.8,54.8,7.3,73.4,4.3,-7.4,0.36,0.309,BMNR,,126,13.8,15.0,,False
308,ORLY,"O'Reilly Automotive, Inc.",Consumer Cyclical,Auto Parts,Core,74.9,92.57,88.63,15.5,15.2,10.0,0.0,ok,-1.5,ok,2.24,,False,39.2,25.3,2.1,8.1,51.6,,67.5,-0.2,-12.3,-0.12,0.187,NVDA,,126,15.2,12.0,,False
309,MAA,Mid-America Apartment Communit,Real Estate,REIT - Residential,Core,15.7,131.74,135.36,17.0,15.7,10.0,0.0,ok,-3.5,ok,4.57,,False,39.2,40.2,5.9,1.0,58.4,7.0,50.4,0.7,-13.6,-0.198,0.339,AVGO,,126,15.7,16.0,,False
310,TXT,Textron Inc.,Industrials,Aerospace & Defense,Core,15.3,88.21,90.48,13.0,16.7,10.0,0.0,ok,-0.5,ok,1.65,,False,39.2,12.2,3.0,3.0,17.6,12.1,43.3,-1.7,-19.3,0.143,0.202,BMNR,,126,16.7,14.0,,False
311,DLR,"Digital Realty Trust, Inc.",Real Estate,REIT - Specialty,Core,71.9,190.81,185.29,19.0,13.7,10.0,0.0,ok,-3.5,ok,5.66,,False,39.2,65.1,5.2,29.9,57.0,2.9,61.4,8.4,0.0,0.174,0.215,BMNR,,126,13.7,16.0,,False
312,ITW,Illinois Tool Works Inc.,Industrials,Specialty Industrial Machinery,Core,83.5,293.15,278.49,18.5,11.2,10.0,0.0,ok,-0.5,ok,1.84,,False,39.2,23.7,2.9,6.1,44.2,104.6,67.7,11.7,-11.1,0.005,0.177,NVDA,,126,11.2,15.0,,False
313,KHC,The Kraft Heinz Company,Consumer Defensive,Packaged Foods,Core,29.2,24.65,24.68,13.5,17.2,10.0,0.0,ok,-1.5,ok,2.97,,False,39.2,11.8,11.1,-1.4,33.5,-8.8,41.9,3.8,-10.7,-0.076,0.192,AVGO,,126,17.2,16.0,,False
314,OTIS,Otis Worldwide Corporation,Industrials,Specialty Industrial Machinery,Core,27.8,73.04,72.2,15.5,16.2,10.0,0.0,ok,-2.5,ok,3.04,,False,39.2,15.9,5.2,7.3,30.3,,63.4,-10.0,-29.4,0.004,0.162,GOOG,,126,16.2,14.0,,False
315,NTRS,Northern Trust Corporation,Financial Services,Asset Management,Growth,34.4,187.78,178.42,17.5,11.6,10.0,0.0,ok,0.0,financial_na,,,False,39.1,14.8,,36.4,0.0,17.1,71.2,23.0,15.5,0.311,0.299,BMNR,,126,11.6,14.0,,False
316,DHI,"D.R. Horton, Inc.",Consumer Cyclical,Residential Construction,Core,42.2,150.79,151.44,15.0,14.6,10.0,0.0,ok,-0.5,ok,1.24,,False,39.1,12.8,5.7,0.0,21.3,12.6,59.2,0.9,-18.1,0.103,0.158,GOOG,,126,14.6,11.0,,False
317,ONTO,Onto Innovation Inc.,Technology,Semiconductor Equipment & Mate,Growth,15.7,319.79,303.8,14.0,15.1,10.0,0.0,ok,0.0,ok,-1.36,,False,39.1,27.6,1.3,35.3,54.9,6.8,54.9,41.1,35.6,0.407,0.524,AVGO,,126,15.1,14.0,,False
318,EXR,Extra Space Storage Inc,Real Estate,REIT - Industrial,Core,32.3,146.55,147.0,17.0,15.6,10.0,0.0,ok,-3.5,ok,5.94,,False,39.1,30.8,4.6,3.8,74.9,7.0,54.1,5.0,-6.5,-0.057,0.171,AVGO,,126,15.6,17.0,,False
319,ZBH,"Zimmer Biomet Holdings, Inc.",Healthcare,Medical Devices,Core,18.5,97.23,92.37,17.0,13.6,10.0,0.0,ok,-1.5,ok,2.79,,False,39.1,10.7,5.9,4.8,69.9,6.4,69.7,7.1,-4.7,-0.076,0.118,AVGO,,126,13.6,17.0,,False
320,COF,Capital One Financial Corporat,Financial Services,Credit Services,Growth,134.4,219.15,208.19,18.0,11.1,10.0,0.0,ok,0.0,financial_na,,,False,39.1,9.1,,1111.0,0.0,9.0,73.1,5.8,-11.3,0.372,0.339,BMNR,,126,11.1,16.0,,False
321,EA,Electronic Arts Inc.,Communication Services,Electronic Gaming & Multimedia,Core,52.9,209.7,205.27,18.0,11.0,10.0,0.0,ok,0.0,ok,-0.31,,False,39.0,21.8,3.2,18.9,79.9,16.5,80.9,3.4,-7.1,0.161,0.234,BMNR,,121,11.0,15.0,,False
322,VICI,VICI Properties Inc.,Real Estate,REIT - Diversified,Core,28.6,25.98,26.88,13.0,19.5,10.0,0.0,ok,-3.5,ok,4.82,,False,39.0,8.7,0.9,5.7,99.3,9.8,41.3,-7.0,-21.1,-0.143,0.255,AVGO,,126,19.5,17.0,,False
323,EL,"Estee Lauder Companies, Inc. (",Consumer Defensive,Household & Personal Products,Core,31.8,87.78,83.94,16.0,14.5,10.0,0.0,ok,-1.5,ok,2.63,,False,39.0,27.6,5.7,4.6,74.7,-5.9,63.5,-4.3,-24.4,0.24,0.299,GOOG,,126,14.5,18.0,,False
324,EW,Edwards Lifesciences Corporati,Healthcare,Medical Devices,Core,53.9,93.66,88.98,16.5,12.4,10.0,0.0,ok,0.0,ok,-1.78,,False,38.9,27.7,2.3,13.6,77.8,9.2,79.5,11.2,10.2,0.237,0.263,GOOG,,126,12.4,17.0,,False
325,SBAC,SBA Communications Corporation,Real Estate,REIT - Specialty,Core,19.3,181.97,187.2,16.5,17.4,10.0,0.0,ok,-5.0,ok,8.12,,False,38.9,22.2,3.9,2.3,74.2,,53.7,-5.8,-14.4,-0.051,0.19,AVGO,,126,17.4,17.0,,False
326,PLD,"Prologis, Inc.",Real Estate,REIT - Industrial,Core,135.6,139.5,143.21,16.5,15.9,10.0,0.0,ok,-3.5,ok,5.24,,False,38.9,41.0,4.0,12.3,75.5,7.7,36.6,3.2,-11.2,0.046,0.138,BMNR,,126,15.9,17.0,,False
327,ERIE,Erie Indemnity Company,Financial Services,Insurance Brokers,Core,13.4,256.64,243.81,16.0,12.9,10.0,0.0,ok,0.0,financial_na,,,False,38.9,18.3,3.6,2.8,17.9,24.8,75.6,0.1,-18.7,-0.225,0.319,AVGO,,126,12.9,14.0,,False
328,COST,Costco Wholesale Corporation,Consumer Defensive,Discount Stores,Core,418.8,944.32,950.37,14.0,14.9,10.0,0.0,ok,0.0,ok,-0.07,,False,38.9,41.7,1.7,21.5,12.9,29.2,57.9,-1.3,-14.0,-0.243,0.361,AVGO,,126,14.9,16.0,,False
329,PWR,"Quanta Services, Inc.",Industrials,Engineering & Construction,Growth,100.8,670.58,674.28,13.5,16.9,10.0,0.0,ok,-1.5,ok,2.0,,False,38.9,34.4,1.9,41.1,15.5,15.3,54.8,17.7,20.0,0.379,0.364,AVGO,,126,16.9,14.0,,False
330,CTAS,Cintas Corporation,Industrials,Specialty Business Services,Core,82.1,205.28,195.02,16.0,12.8,10.0,0.0,ok,0.0,ok,0.81,,False,38.8,33.6,1.8,8.9,50.7,40.7,55.6,11.1,-7.8,-0.069,0.2,AVGO,,126,12.8,17.0,,False
331,BRK-B,Berkshire Hathaway Inc. New,Financial Services,Insurance - Diversified,Core,1105.4,516.38,496.95,18.5,10.3,10.0,0.0,ok,0.0,financial_na,,,False,38.8,23.7,6.5,10.0,30.3,12.1,70.7,5.1,-8.1,-0.031,0.159,BMNR,,126,10.3,14.0,,False
332,AIZ,"Assurant, Inc.",Financial Services,Insurance - Property & Casualt,Core,13.9,281.41,271.18,15.5,13.3,10.0,0.0,ok,0.0,financial_na,,,False,38.8,12.2,15.5,9.4,13.3,18.3,56.7,17.5,8.2,0.052,0.111,BMNR,,126,13.3,14.0,,False
333,MLM,"Martin Marietta Materials, Inc",Basic Materials,Building Materials,Cyclical,33.3,553.67,573.52,12.5,17.7,10.0,0.0,ok,-1.5,ok,2.93,,False,38.7,25.8,1.8,21.0,28.2,8.9,50.9,-9.0,-33.0,0.09,0.22,GOOG,,126,17.7,11.0,,False
334,JBHT,"J.B. Hunt Transport Services, ",Industrials,Integrated Freight & Logistics,Core,24.9,265.38,279.84,14.0,14.7,10.0,0.0,ok,0.0,ok,0.84,,False,38.7,26.2,3.6,19.4,18.5,18.4,22.9,16.5,4.7,0.097,0.116,GOOG,,126,14.7,14.0,,False
335,IVZ,Invesco Ltd,Financial Services,Asset Management,Core,13.8,31.36,29.79,16.5,12.1,10.0,0.0,ok,0.0,financial_na,,,False,38.6,9.8,8.2,20.5,29.5,-0.6,55.4,19.7,5.4,0.486,0.442,BMNR,,126,12.1,14.0,,False
336,DAL,"Delta Air Lines, Inc.",Industrials,Airlines,Core,59.5,90.41,86.5,17.0,13.0,10.0,0.0,ok,-1.5,ok,2.19,,False,38.5,10.2,4.7,18.7,18.7,20.1,63.1,25.9,10.7,0.347,0.339,GOOG,,126,13.0,14.0,,False
337,MTB,M&T Bank Corporation,Financial Services,Banks - Regional,Core,36.4,252.16,239.55,16.5,12.0,10.0,0.0,ok,0.0,financial_na,,,False,38.5,12.0,,6.2,0.0,10.7,52.2,17.5,-3.8,0.123,0.209,GOOG,,126,12.0,14.0,,False
338,SWKS,"Skyworks Solutions, Inc.",Technology,Semiconductors,Core,10.3,68.33,66.95,13.5,14.9,10.0,0.0,ok,0.0,ok,-0.13,,False,38.4,13.7,4.4,-3.1,40.7,5.1,60.2,7.0,-0.3,0.267,0.36,AVGO,,126,14.9,14.0,,False
339,SJM,The J.M. Smucker Company,Consumer Defensive,Packaged Foods,Core,12.5,117.34,113.62,16.0,14.9,10.0,0.0,ok,-2.5,ok,3.67,,False,38.4,10.9,8.0,5.8,34.3,-2.4,48.7,13.1,-1.8,-0.252,0.333,AVGO,,126,14.9,16.0,,False
340,CFG,"Citizens Financial Group, Inc.",Financial Services,Banks - Regional,Core,30.7,72.99,69.61,16.0,12.4,10.0,0.0,ok,0.0,financial_na,,,False,38.4,11.2,,14.7,0.0,8.3,53.0,18.1,-2.5,0.223,0.268,BMNR,,126,12.4,14.0,,False
341,LDOS,"Leidos Holdings, Inc.",Technology,Information Technology Service,Core,17.7,140.89,133.85,17.0,12.9,10.0,0.0,ok,-1.5,ok,2.45,,False,38.4,10.9,6.5,7.2,17.8,27.8,81.7,-10.6,-38.8,0.112,0.201,MSFT,,126,12.9,15.0,,False
342,LYB,LyondellBasell Industries NV,Basic Materials,Specialty Chemicals,Cyclical,20.7,63.98,60.78,14.5,16.4,10.0,0.0,ok,-2.5,ok,3.27,,False,38.4,9.9,5.9,19.8,12.9,-2.3,54.0,9.7,1.0,-0.179,0.213,GOOG,,126,16.4,11.0,,False
343,PNR,Pentair plc.,Industrials,Specialty Industrial Machinery,Core,10.7,67.19,70.77,15.5,13.4,10.0,0.0,ok,-0.5,ok,1.62,,False,38.4,13.0,5.2,-17.0,41.4,17.1,63.8,-24.9,-43.0,0.132,0.231,NVDA,,126,13.4,15.0,,False
344,CPB,The Campbell's Company,Consumer Defensive,Packaged Foods,Speculative,6.8,22.72,22.17,16.0,15.9,10.0,0.0,ok,-3.5,ok,4.07,,False,38.4,11.7,8.9,-4.4,29.2,15.4,57.0,-6.9,-32.0,-0.174,0.295,AVGO,,126,15.9,16.0,,False
345,LOW,"Lowe's Companies, Inc.",Consumer Cyclical,Home Improvement Retail,Core,124.1,221.25,214.8,15.0,15.9,10.0,0.0,ok,-2.5,ok,3.32,,False,38.4,16.5,3.9,10.3,33.3,,65.5,-6.8,-33.2,0.073,0.24,GOOG,,126,15.9,11.0,,False
346,INTC,Intel Corporation,Technology,Semiconductors,Core,492.8,97.71,109.84,13.0,15.8,10.0,0.0,ok,-0.5,ok,1.24,,False,38.3,47.2,1.0,25.4,38.9,-10.7,45.0,41.2,96.0,0.419,0.484,AVGO,,126,15.8,13.0,,False
347,DIS,Walt Disney Company (The),Communication Services,Entertainment,Core,178.8,103.53,98.97,14.5,14.3,10.0,0.0,ok,-0.5,ok,1.95,,False,38.3,13.9,2.7,6.8,37.6,8.0,66.9,-0.7,-17.2,0.234,0.318,GOOG,,126,14.3,13.0,,False
348,NRG,"NRG Energy, Inc.",Utilities,Utilities - Independent Power ,Core,25.2,119.79,133.49,17.0,16.3,10.0,0.0,ok,-5.0,ok,7.16,,False,38.3,10.8,3.1,11.0,18.8,23.8,34.6,-20.7,-34.5,0.208,0.237,AVGO,,126,16.3,18.0,,False
349,NSC,Norfolk Southern Corporation,Industrials,Railroads,Core,75.2,334.6,323.0,15.5,14.3,10.0,0.0,ok,-1.5,ok,2.84,,False,38.3,23.4,1.8,11.4,45.2,17.0,53.4,10.7,-4.8,-0.162,0.17,MSFT,,126,14.3,15.0,,False
350,WSM,"Williams-Sonoma, Inc.",Consumer Cyclical,Specialty Retail,Core,29.5,250.59,238.06,18.5,9.8,10.0,0.0,ok,0.0,ok,0.51,,False,38.3,24.4,3.0,4.4,46.1,54.0,74.6,25.4,4.7,0.235,0.234,GOOG,,126,9.8,12.0,,False
351,TDG,Transdigm Group Incorporated,Industrials,Aerospace & Defense,Core,68.7,1242.04,1266.75,18.5,14.8,10.0,0.0,ok,-5.0,ok,6.03,,False,38.3,25.7,2.1,22.5,59.8,,57.8,-2.9,-16.7,0.173,0.322,GOOG,,126,14.8,15.0,,False
352,WAB,Westinghouse Air Brake Technol,Industrials,Railroads,Core,50.3,298.04,283.14,17.0,12.8,10.0,0.0,ok,-1.5,ok,2.37,,False,38.3,24.1,2.2,17.5,35.7,11.6,57.1,21.1,9.8,0.138,0.292,AVGO,,126,12.8,14.0,,False
353,BIIB,Biogen Inc.,Healthcare,Drug Manufacturers - General,Core,30.1,203.89,202.29,17.0,12.7,10.0,0.0,ok,-1.5,ok,2.1,,False,38.2,12.3,4.2,3.4,78.3,4.6,58.2,9.9,-3.4,-0.133,0.176,NVDA,,126,12.7,17.0,,False
354,VZ,Verizon Communications Inc.,Communication Services,Telecom Services,Core,196.4,47.27,45.31,18.5,12.2,10.0,0.0,ok,-2.5,ok,3.76,,False,38.2,9.0,8.9,-0.7,59.5,15.8,65.0,6.7,-10.1,-0.247,0.263,NVDA,,126,12.2,16.0,,False
355,RF,Regions Financial Corporation,Financial Services,Banks - Regional,Core,26.9,31.6,30.16,16.5,11.7,10.0,0.0,ok,0.0,financial_na,,,False,38.2,11.1,,3.4,0.0,11.9,61.1,13.9,-7.8,0.179,0.218,GOOG,,126,11.7,14.0,,False
356,RGTI,"Rigetti Computing, Inc.",Technology,Computer Hardware,Growth,6.0,18.09,18.21,12.0,18.2,10.0,-2.0,ok,0.0,neg_ebitda_low_debt,,,False,38.2,,0.4,185.3,,-43.8,61.6,-13.6,-4.7,0.52,0.53,BMNR,,126,18.2,13.0,,False
357,GEHC,GE HealthCare Technologies Inc,Healthcare,Medical Devices,Core,32.9,72.75,69.11,17.5,12.2,10.0,0.0,ok,-1.5,ok,2.36,,False,38.2,13.4,4.8,5.8,39.5,19.4,75.4,-0.3,-19.5,0.114,0.22,GOOG,,126,12.2,15.0,,False
358,BAC,Bank of America Corporation,Financial Services,Banks - Diversified,Core,447.5,64.0,60.8,16.5,11.7,10.0,0.0,ok,0.0,financial_na,,,False,38.2,12.1,,16.8,0.0,11.2,67.9,18.9,4.9,0.278,0.3,BMNR,,126,11.7,14.0,,False
359,NBIS,Nebius Group N.V.,Communication Services,Internet Content & Information,Growth,49.1,193.23,221.93,15.0,17.1,10.0,0.0,ok,-4.0,neg_ebitda_debt,,,False,38.1,,-12.5,683.9,72.1,14.1,43.9,34.0,99.2,0.459,0.442,NVDA,,126,17.1,15.0,,False
360,STE,STERIS plc (Ireland),Healthcare,Medical Devices,Core,23.2,238.23,226.32,16.0,12.1,10.0,0.0,ok,0.0,ok,0.95,,False,38.1,19.5,3.4,7.3,44.4,11.4,81.4,1.8,-13.7,0.05,0.161,GOOG,,126,12.1,16.0,,False
361,O,Realty Income Corporation,Real Estate,REIT - Retail,Core,58.6,61.89,62.81,15.5,16.1,10.0,0.0,ok,-3.5,ok,5.74,,False,38.1,36.3,2.7,9.6,92.7,3.2,22.3,1.7,-13.2,-0.241,0.269,NVDA,,126,16.1,17.0,,False
362,DD,"DuPont de Nemours, Inc.",Basic Materials,Specialty Chemicals,Cyclical,19.5,144.49,137.27,15.5,12.6,10.0,0.0,ok,0.0,ok,0.91,,False,38.1,18.2,9.4,4.0,35.1,1.8,58.1,139.8,183.3,-0.049,0.099,BMNR,,126,12.6,11.0,,False
363,CHRW,"C.H. Robinson Worldwide, Inc.",Industrials,Integrated Freight & Logistics,Core,17.0,145.1,181.99,16.5,12.0,10.0,0.0,ok,-0.5,ok,1.95,,True,38.0,19.4,2.8,19.3,8.4,37.1,16.7,-15.8,-37.3,-0.037,0.168,MSFT,,126,14.4,14.0,,False
364,ALLE,Allegion plc,Industrials,Security & Protection Services,Core,14.3,168.44,160.02,19.5,9.0,10.0,0.0,ok,-0.5,ok,1.81,,False,38.0,17.3,3.4,12.7,44.8,33.7,80.9,11.3,-16.8,0.038,0.093,NVDA,,126,9.0,17.0,,False
365,DVA,DaVita Inc.,Healthcare,Medical Care Facilities,Core,11.4,178.34,216.88,19.5,12.0,10.0,0.0,ok,-3.5,ok,4.5,,True,38.0,10.5,9.1,5.2,32.4,88.5,16.5,12.1,16.7,-0.061,0.155,GOOG,,126,19.3,15.0,,False
366,LEN,Lennar Corporation,Consumer Cyclical,Residential Construction,Core,21.1,87.55,87.41,12.0,16.5,10.0,0.0,ok,-0.5,ok,1.92,,False,38.0,13.5,5.1,-5.2,16.4,7.4,59.9,-13.5,-37.6,0.144,0.204,NVDA,,126,16.5,11.0,,False
367,CASY,"Caseys General Stores, Inc.",Consumer Cyclical,Specialty Retail,Core,30.7,829.91,829.94,11.5,16.9,10.0,0.0,ok,-0.5,ok,1.6,,False,37.9,35.1,1.8,14.5,24.6,19.2,40.9,18.3,15.7,-0.091,0.128,MSFT,,126,16.9,11.0,,False
368,KIM,Kimco Realty Corporation (HC),Real Estate,REIT - Retail,Core,16.1,23.97,25.16,17.0,15.9,10.0,0.0,ok,-5.0,ok,6.12,,False,37.9,26.8,5.4,4.9,68.9,5.8,19.1,6.0,-2.1,-0.129,0.185,AVGO,,126,15.9,17.0,,False
369,ES,Eversource Energy (D/B/A),Utilities,Utilities - Regulated Electric,Core,26.8,71.13,72.1,14.5,16.9,10.0,0.0,ok,-3.5,ok,5.67,,False,37.9,14.5,3.0,2.3,52.8,9.0,30.2,2.6,-6.4,-0.184,0.184,MSFT,,126,16.9,19.0,,False
370,ABT,Abbott Laboratories,Healthcare,Medical Devices,Core,189.9,109.72,104.23,17.0,12.4,10.0,0.0,ok,-1.5,ok,2.32,,False,37.9,18.1,3.8,13.0,56.8,10.6,76.1,2.6,-13.0,-0.089,0.273,AVGO,,126,12.4,16.0,,False
371,PFE,"Pfizer, Inc.",Healthcare,Drug Manufacturers - General,Core,151.7,26.62,25.29,18.0,11.3,10.0,0.0,ok,-1.5,ok,2.04,,False,37.8,9.2,8.2,2.6,74.7,5.0,71.0,4.6,-13.3,-0.042,0.15,AVGO,,126,11.3,17.0,,False
372,AMGN,Amgen Inc.,Healthcare,Drug Manufacturers - General,Core,223.6,414.3,393.58,19.5,9.7,10.0,0.0,ok,-1.5,ok,2.51,,False,37.7,17.1,3.9,9.5,71.9,91.5,77.3,20.2,3.9,-0.018,0.104,MSFT,,126,9.7,17.0,,False
373,PEG,Public Service Enterprise Grou,Utilities,Utilities - Regulated Electric,Core,37.5,75.21,79.14,12.5,18.7,10.0,0.0,ok,-3.5,ok,5.49,,False,37.7,16.1,0.3,-8.9,33.3,11.8,20.4,-6.3,-20.2,-0.155,0.206,MSFT,,126,18.7,18.0,,False
374,VTRS,Viatris Inc.,Healthcare,Drug Manufacturers - Specialty,Core,18.7,16.28,16.55,16.0,13.2,10.0,0.0,ok,-1.5,ok,2.82,,False,37.7,6.1,14.3,4.9,40.3,-2.8,38.1,15.3,-8.4,0.139,0.197,NVDA,,126,13.2,16.0,,False
375,KMI,"Kinder Morgan, Inc.",Energy,Oil & Gas Midstream,Cyclical,70.1,31.48,31.93,14.5,16.7,10.0,0.0,ok,-3.5,ok,4.23,,False,37.7,20.5,1.5,10.8,49.4,11.0,39.6,3.8,-8.9,-0.278,0.23,AVGO,,126,16.7,13.0,,False
376,HPE,Hewlett Packard Enterprise Com,Technology,Communication Equipment,Growth,72.0,54.38,51.66,16.5,12.7,10.0,0.0,ok,-1.5,ok,2.84,,False,37.7,13.5,5.3,40.0,33.8,6.3,68.5,79.0,117.0,0.342,0.51,AVGO,,126,12.7,13.0,,False
377,TFC,Truist Financial Corporation,Financial Services,Banks - Regional,Core,63.9,52.31,50.79,15.0,12.6,10.0,0.0,ok,0.0,financial_na,,,False,37.6,10.5,,8.2,0.0,9.1,54.9,7.8,-14.4,0.121,0.176,BMNR,,126,12.6,14.0,,False
378,BXP,"BXP, Inc.",Real Estate,REIT - Office,Core,12.2,67.49,67.08,18.0,14.6,10.0,0.0,ok,-5.0,ok,9.81,,False,37.6,32.3,7.2,3.7,56.5,5.3,50.3,6.8,-7.8,0.146,0.201,BMNR,,126,14.6,16.0,,False
379,GRMN,Garmin Ltd.,Technology,Scientific & Technical Instrum,Core,59.7,309.65,294.17,17.0,10.6,10.0,0.0,ok,0.0,ok,-1.06,,False,37.6,28.2,1.7,11.4,60.1,21.9,85.8,34.1,37.8,0.16,0.167,GOOG,,126,10.6,15.0,,False
380,WYNN,"Wynn Resorts, Limited",Consumer Cyclical,Resorts & Casinos,Core,10.8,104.79,100.64,18.0,13.1,10.0,0.0,ok,-3.5,ok,5.66,,False,37.6,20.2,4.4,6.9,68.3,,78.8,-4.0,-21.2,0.27,0.195,BMNR,,126,13.1,13.0,,False
381,TGT,Target Corporation,Consumer Defensive,Discount Stores,Core,69.2,152.29,144.68,17.5,10.5,10.0,0.0,ok,-0.5,ok,1.89,,False,37.5,16.9,4.5,6.7,28.1,22.0,75.1,32.2,25.8,0.021,0.118,GOOG,,126,10.5,16.0,,False
382,MDLZ,"Mondelez International, Inc.",Consumer Defensive,Confectioners,Core,78.9,61.78,61.09,16.0,13.9,10.0,0.0,ok,-2.5,ok,3.35,,False,37.4,18.4,2.9,4.1,31.1,13.3,54.0,6.1,-8.6,-0.289,0.312,AVGO,,126,13.9,16.0,,False
383,CNC,Centene Corporation,Healthcare,Healthcare Plans,Core,32.1,64.88,64.55,13.0,14.4,10.0,0.0,ok,0.0,ok,-2.38,,False,37.4,12.2,,4.6,11.4,-20.4,47.4,36.2,52.5,-0.012,0.09,AVGO,,126,14.4,15.0,fcf_yield_out_of_range(30.1),False
384,TTWO,"Take-Two Interactive Software,",Communication Services,Electronic Gaming & Multimedia,Core,46.8,250.5,237.98,13.5,14.4,10.0,0.0,ok,-0.5,ok,1.46,,False,37.4,24.3,2.7,2.0,57.1,-9.0,62.7,9.3,7.6,0.304,0.325,MSFT,,126,14.4,14.0,,False
385,HPQ,HP Inc.,Technology,Computer Hardware,Core,26.6,29.07,27.62,15.0,12.9,10.0,0.0,ok,-0.5,ok,1.52,,False,37.4,9.7,13.0,9.0,20.3,,66.8,30.4,37.8,0.06,0.066,AVGO,,126,12.9,13.0,,False
386,SHW,Sherwin-Williams Company (The),Basic Materials,Specialty Chemicals,Cyclical,88.5,364.42,346.2,18.5,11.4,10.0,0.0,ok,-2.5,ok,3.13,,False,37.4,26.8,2.8,7.5,49.0,65.1,68.8,9.4,-11.2,0.183,0.296,GOOG,,126,11.4,12.0,,False
387,VMC,Vulcan Materials Company (Hold,Basic Materials,Building Materials,Cyclical,37.3,287.79,288.75,14.5,14.4,10.0,0.0,ok,-1.5,ok,2.03,,False,37.4,26.7,2.3,2.5,27.5,13.2,57.6,-0.6,-24.1,0.054,0.224,GOOG,,126,14.4,11.0,,False
388,XYZ,"Block, Inc.",Technology,Software - Infrastructure,Core,47.5,79.07,76.8,11.0,16.3,10.0,0.0,ok,0.0,ok,0.28,,False,37.3,15.3,-0.1,9.3,46.6,1.6,54.1,16.6,26.7,0.383,0.288,BMNR,,126,16.3,16.0,,False
389,SOLV,Solventum Corporation,Healthcare,Medical Instruments & Supplies,Core,14.3,84.1,79.89,18.5,12.3,10.0,0.0,ok,-3.5,ok,4.29,,False,37.3,11.6,3.4,2.2,54.8,34.0,62.5,11.1,-6.8,0.108,0.239,GOOG,,126,12.3,16.0,,False
390,CAG,"ConAgra Brands, Inc.",Consumer Defensive,Packaged Foods,Speculative,7.1,14.93,14.18,14.5,16.3,10.0,0.0,ok,-3.5,ok,4.17,,False,37.3,9.6,12.0,3.6,24.0,-25.1,51.3,-4.5,-32.1,-0.164,0.3,AVGO,,126,16.3,16.0,,False
391,TAP,Molson Coors Beverage Company,Consumer Defensive,Beverages - Brewers,Speculative,7.8,41.98,40.46,13.5,15.3,10.0,0.0,ok,-1.5,ok,2.56,,False,37.3,8.5,11.9,-3.3,37.0,-19.5,55.2,-4.8,-29.8,-0.209,0.292,BMNR,,126,15.3,16.0,,False
392,TSN,"Tyson Foods, Inc.",Consumer Defensive,Farm Products,Core,19.9,56.43,57.92,12.0,16.8,10.0,0.0,ok,-1.5,ok,2.62,,False,37.3,12.6,6.0,-0.1,6.6,3.3,47.7,-5.7,-23.8,-0.081,0.221,NVDA,,126,16.8,16.0,,False
393,EIX,Edison International,Utilities,Utilities - Regulated Electric,Core,26.9,69.89,73.98,13.5,17.3,10.0,0.0,ok,-3.5,ok,4.85,,False,37.3,10.7,0.3,-4.1,61.0,19.7,23.9,4.5,-3.3,-0.212,0.254,MSFT,,126,17.3,20.0,,False
394,SYY,Sysco Corporation,Consumer Defensive,Food Distribution,Core,40.3,84.26,81.4,17.0,11.8,10.0,0.0,ok,-1.5,ok,2.89,,False,37.3,15.7,4.8,4.7,18.5,77.7,60.7,7.7,-14.4,-0.024,0.071,GOOG,,126,11.8,16.0,,False
395,BKR,Baker Hughes Company,Energy,Oil & Gas Equipment & Services,Cyclical,64.3,64.81,61.57,16.0,11.2,10.0,0.0,ok,0.0,ok,-0.16,,False,37.2,20.5,6.9,-2.4,23.7,16.5,75.6,13.9,-1.0,0.154,0.186,BMNR,,126,11.2,14.0,,False
396,ARE,Alexandria Real Estate Equitie,Real Estate,REIT - Office,Speculative,8.3,48.12,50.97,15.0,17.1,10.0,0.0,ok,-5.0,ok,7.13,,False,37.1,,16.2,-11.9,68.2,-4.1,45.9,-4.2,-25.4,0.075,0.077,GOOG,,126,17.1,17.0,,False
397,WMB,"Williams Companies, Inc. (The)",Energy,Oil & Gas Midstream,Cyclical,88.4,72.31,73.05,15.0,15.6,10.0,0.0,ok,-3.5,ok,4.35,,False,37.1,27.5,-1.7,7.8,63.6,21.5,41.7,5.5,-5.5,-0.137,0.171,MSFT,,126,15.6,14.0,,False
398,AZO,"AutoZone, Inc.",Consumer Cyclical,Auto Parts,Core,49.7,3042.65,3063.46,13.0,16.6,10.0,0.0,ok,-2.5,ok,3.01,,False,37.1,17.4,1.8,8.4,51.8,,55.3,-11.8,-28.3,-0.01,0.154,GOOG,,126,16.6,12.0,,False
399,BMNR,BitMine Immersion Technologies,Financial Services,Capital Markets,Growth,10.9,18.09,17.19,14.0,15.0,10.0,-2.0,ok,0.0,financial_na,,,False,37.0,19.2,-4.7,2167.8,84.4,-150.9,51.7,-25.1,-20.7,0.535,0.447,NVDA,,126,15.0,16.0,,True
400,CDW,CDW Corporation,Technology,Information Technology Service,Core,16.9,135.37,136.19,15.5,14.0,10.0,0.0,ok,-2.5,ok,3.02,,False,37.0,11.3,4.0,10.0,21.4,44.0,55.3,2.5,-16.1,0.135,0.213,MSFT,,126,14.0,15.0,,False
401,ZBRA,Zebra Technologies Corporation,Technology,Communication Equipment,Core,18.1,383.06,363.91,18.0,10.5,10.0,0.0,ok,-1.5,ok,2.37,,False,37.0,17.3,3.2,20.4,49.6,15.3,90.5,54.0,38.0,0.301,0.267,AVGO,,126,10.5,14.0,,False
402,LYV,"Live Nation Entertainment, Inc",Communication Services,Entertainment,Core,42.7,183.33,176.77,14.5,13.0,10.0,0.0,ok,-0.5,ok,1.43,,False,37.0,95.1,4.0,9.4,25.8,17.7,57.0,16.7,11.4,0.2,0.24,GOOG,,126,13.0,13.0,,False
403,UAL,"United Airlines Holdings, Inc.",Industrials,Airlines,Core,41.0,126.31,121.44,17.0,11.5,10.0,0.0,ok,-1.5,ok,2.4,,False,37.0,8.2,2.2,16.0,31.8,23.3,60.1,18.5,-2.8,0.364,0.316,GOOG,,126,11.5,14.0,,False
404,STT,State Street Corporation,Financial Services,Asset Management,Core,51.4,187.22,177.86,13.0,14.0,10.0,0.0,ok,0.0,financial_na,,,False,37.0,12.2,,-2.8,0.0,12.4,53.5,32.1,31.2,0.371,0.38,NVDA,,126,14.0,14.0,,False
405,DELL,Dell Technologies Inc.,Technology,Computer Hardware,Growth,284.9,440.97,419.19,13.0,14.4,10.0,0.0,ok,-0.5,ok,1.45,,False,36.9,20.0,1.9,87.5,19.2,,49.8,96.5,239.7,0.295,0.361,AVGO,,126,14.4,13.0,,False
406,REGN,"Regeneron Pharmaceuticals, Inc",Healthcare,Biotechnology,Core,82.1,797.0,757.15,17.0,9.9,10.0,0.0,ok,0.0,ok,-1.12,,False,36.9,13.3,3.7,16.7,44.5,14.0,91.7,11.3,-5.6,0.212,0.246,BMNR,,126,9.9,16.0,,False
407,FTV,Fortive Corporation,Technology,Scientific & Technical Instrum,Core,18.6,61.68,61.13,17.0,11.4,10.0,0.0,ok,-1.5,ok,2.61,,False,36.9,19.0,5.0,7.9,63.2,7.3,55.2,7.8,-11.6,0.094,0.125,NVDA,,126,11.4,15.0,,False
408,PHM,"PulteGroup, Inc.",Consumer Cyclical,Residential Construction,Core,25.2,132.42,127.11,15.0,11.8,10.0,0.0,ok,0.0,ok,0.42,,False,36.8,11.8,4.3,-9.6,25.6,14.9,57.3,6.5,-14.7,0.084,0.176,GOOG,,126,11.8,11.0,,False
409,BSX,Boston Scientific Corporation,Healthcare,Medical Devices,Core,74.2,51.19,48.63,17.0,11.3,10.0,0.0,ok,-1.5,ok,2.12,,False,36.8,14.9,3.3,7.5,69.2,15.3,87.2,-28.3,-42.4,0.08,0.168,MSFT,,126,11.3,17.0,,False
410,HLT,Hilton Worldwide Holdings Inc.,Consumer Cyclical,Lodging,Core,70.8,314.66,331.56,14.0,16.3,10.0,0.0,ok,-3.5,ok,4.21,,False,36.8,30.0,2.0,2.5,79.0,,42.5,2.3,-14.1,0.232,0.308,GOOG,,126,16.3,13.0,,False
411,MDT,Medtronic plc.,Healthcare,Medical Devices,Core,116.1,90.68,86.15,15.5,11.7,10.0,0.0,ok,-0.5,ok,1.97,,False,36.7,14.1,4.0,9.9,65.3,9.8,80.1,1.6,-21.2,-0.047,0.236,AVGO,,126,11.7,17.0,,False
412,MRK,"Merck & Company, Inc.",Healthcare,Drug Manufacturers - General,Core,321.8,130.42,124.31,16.0,11.2,10.0,0.0,ok,-0.5,ok,1.62,,False,36.7,13.7,4.7,5.1,75.9,7.0,60.9,15.8,0.8,-0.234,0.257,AVGO,,126,11.2,17.0,,False
413,WELL,Welltower Inc.,Real Estate,REIT - Healthcare Facilities,Growth,162.9,226.01,226.72,14.0,16.2,10.0,0.0,ok,-3.5,ok,5.32,,False,36.7,69.0,1.7,39.1,39.6,3.8,29.4,10.0,2.0,-0.247,0.3,AVGO,,126,16.2,15.0,,False
414,ATO,Atmos Energy Corporation,Utilities,Utilities - Regulated Gas,Core,28.6,169.21,173.18,11.5,17.6,10.0,0.0,ok,-2.5,ok,3.74,,False,36.6,18.8,-7.8,4.8,62.2,9.8,22.3,-3.7,-13.6,-0.326,0.324,MSFT,,126,17.6,20.0,,False
415,DPZ,Domino's Pizza Inc,Consumer Cyclical,Restaurants,Core,11.8,357.34,339.47,15.5,14.4,10.0,0.0,ok,-3.5,ok,4.84,,False,36.4,17.1,4.5,4.3,28.7,,68.4,-3.2,-19.2,-0.026,0.211,AVGO,,126,14.4,11.0,,False
416,NCLH,Norwegian Cruise Line Holdings,Consumer Cyclical,Travel Services,Speculative,8.6,18.7,19.59,14.5,16.9,10.0,0.0,ok,-5.0,ok,6.08,,False,36.4,10.9,-19.6,4.9,42.5,36.7,46.7,-7.2,-32.0,0.236,0.387,GOOG,,126,16.9,14.0,,False
417,CHTR,"Charter Communications, Inc.",Communication Services,Telecom Services,Core,21.3,157.69,149.81,19.0,10.9,10.0,0.0,ok,-3.5,ok,4.41,,False,36.4,3.6,10.3,-1.7,55.2,27.2,74.5,-16.4,-47.8,-0.027,0.219,NVDA,,126,10.9,16.0,,False
418,VRTX,Vertex Pharmaceuticals Incorpo,Healthcare,Biotechnology,Core,134.2,529.65,503.17,17.0,9.4,10.0,0.0,ok,0.0,ok,-1.15,,False,36.4,24.3,2.0,12.5,55.0,23.5,79.1,16.2,2.9,-0.005,0.176,AVGO,,126,9.4,16.0,,False
419,HRL,Hormel Foods Corporation,Consumer Defensive,Packaged Foods,Core,13.4,24.3,24.8,10.5,15.8,10.0,0.0,ok,0.0,ok,-0.26,,False,36.3,15.6,3.5,-2.9,15.8,5.8,38.9,5.2,-9.9,-0.072,0.14,AVGO,,126,15.8,16.0,,False
420,ISRG,"Intuitive Surgical, Inc.",Healthcare,Medical Instruments & Supplies,Core,143.8,401.23,392.11,15.5,10.7,10.0,0.0,ok,0.0,ok,-1.25,,False,36.2,33.2,1.8,18.5,66.7,17.4,76.8,-16.3,-30.3,0.278,0.326,GOOG,,126,10.7,17.0,,False
421,FAST,Fastenal Company,Industrials,Industrial Distribution,Core,60.1,52.38,49.76,17.0,9.2,10.0,0.0,ok,0.0,ok,0.12,,False,36.2,37.5,1.5,14.7,44.7,34.3,85.5,18.2,1.5,0.001,0.148,GOOG,,126,9.2,15.0,,False
422,IQV,"IQVIA Holdings, Inc.",Healthcare,Diagnostics & Research,Core,40.1,243.84,231.65,17.5,12.2,10.0,0.0,ok,-3.5,ok,4.65,,False,36.2,16.9,5.4,8.7,33.0,22.8,74.8,22.9,22.3,0.056,0.123,GOOG,,126,12.2,15.0,,False
423,PCAR,PACCAR Inc.,Industrials,Farm & Heavy Construction Mach,Core,69.8,132.53,125.9,13.0,13.6,10.0,0.0,ok,-0.5,ok,1.88,,False,36.1,18.6,2.8,0.5,13.7,12.8,52.7,13.7,-6.4,0.21,0.278,NVDA,,126,13.6,14.0,,False
424,FCX,"Freeport-McMoRan, Inc.",Basic Materials,Copper,Cyclical,96.4,68.87,65.43,15.0,11.1,10.0,0.0,ok,0.0,ok,0.66,,False,36.1,16.8,2.2,-7.3,38.3,14.8,59.0,18.9,-2.2,0.497,0.516,NVDA,,126,11.1,11.0,,False
425,HUBB,Hubbell Inc,Industrials,Electrical Equipment & Parts,Core,27.5,519.62,493.64,16.0,12.6,10.0,0.0,ok,-2.5,ok,3.41,,False,36.1,22.7,1.8,15.3,35.3,24.4,63.9,7.6,-7.8,0.185,0.335,NVDA,,126,12.6,14.0,,False
426,OKE,"ONEOK, Inc.",Energy,Oil & Gas Midstream,Growth,57.7,91.52,89.14,15.0,14.5,10.0,0.0,ok,-3.5,ok,4.28,,False,36.0,14.6,1.6,52.8,27.2,16.3,49.4,12.2,-0.4,-0.369,0.294,AVGO,,126,14.5,12.0,,False
427,TMO,Thermo Fisher Scientific Inc,Healthcare,Diagnostics & Research,Core,223.7,605.0,574.75,17.0,11.5,10.0,0.0,ok,-2.5,ok,3.28,,False,36.0,22.0,2.8,10.5,41.0,13.5,80.6,13.8,0.9,0.138,0.163,MSFT,,126,11.5,16.0,,False
428,MTD,"Mettler-Toledo International, ",Healthcare,Diagnostics & Research,Core,28.8,1437.18,1365.32,16.5,9.9,10.0,0.0,ok,-0.5,ok,1.64,,False,35.9,27.8,2.4,4.5,60.3,,83.2,8.8,-8.7,0.148,0.163,GOOG,,126,9.9,17.0,,False
429,AME,"AMETEK, Inc.",Industrials,Specialty Industrial Machinery,Core,58.8,256.3,243.48,17.0,8.8,10.0,0.0,ok,0.0,ok,0.73,,False,35.8,28.5,2.5,15.0,36.9,14.6,72.2,15.8,-1.2,0.263,0.346,AVGO,,126,8.8,14.0,,False
430,SO,Southern Company (The),Utilities,Utilities - Regulated Electric,Core,105.7,91.92,94.39,12.5,16.8,10.0,0.0,ok,-3.5,ok,5.2,,False,35.8,18.7,-3.7,0.1,48.3,11.5,29.7,0.2,-8.4,-0.298,0.287,AVGO,,126,16.8,19.0,,False
431,WEC,"WEC Energy Group, Inc.",Utilities,Utilities - Regulated Electric,Core,34.8,106.68,113.08,12.0,17.3,10.0,0.0,ok,-3.5,ok,5.79,,False,35.8,17.8,-6.8,2.6,41.9,12.0,22.9,-4.0,-15.2,-0.329,0.321,AVGO,,126,17.3,19.0,,False
432,WAT,Waters Corporation,Healthcare,Diagnostics & Research,Growth,40.7,415.0,394.25,17.0,11.3,10.0,0.0,ok,-2.5,ok,3.15,,False,35.8,25.1,,113.3,56.3,1.9,75.3,16.4,15.6,0.196,0.228,AVGO,,126,11.3,16.0,,False
433,RVTY,"Revvity, Inc.",Healthcare,Diagnostics & Research,Core,12.9,115.73,109.94,16.0,11.2,10.0,0.0,ok,-1.5,ok,2.67,,False,35.7,19.6,4.6,1.3,55.0,3.2,59.5,16.2,-0.8,0.212,0.197,GOOG,,126,11.2,16.0,,False
434,EMR,Emerson Electric Company,Industrials,Specialty Industrial Machinery,Core,91.7,164.38,156.16,18.5,7.7,10.0,0.0,ok,-0.5,ok,1.92,,False,35.7,22.7,4.0,7.0,53.2,12.8,75.8,17.5,-8.9,0.339,0.339,NVDA,,126,7.7,15.0,,False
435,MCK,McKesson Corporation,Healthcare,Medical Distribution,Core,105.1,901.77,856.68,14.0,11.7,10.0,0.0,ok,0.0,ok,0.94,,False,35.7,17.8,6.5,7.7,3.6,,69.3,7.6,-14.8,-0.238,0.303,AVGO,,126,11.7,15.0,,False
436,WMT,Walmart Inc.,Consumer Defensive,Discount Stores,Core,901.3,113.26,114.44,12.0,14.2,10.0,0.0,ok,-0.5,ok,1.45,,False,35.7,34.5,0.8,7.3,25.0,24.1,64.0,-3.9,-21.6,-0.165,0.21,AVGO,,126,14.2,16.0,,False
437,PH,Parker-Hannifin Corporation,Industrials,Specialty Industrial Machinery,Core,133.8,1061.33,1008.26,17.5,8.6,10.0,0.0,ok,-0.5,ok,1.44,,False,35.6,27.7,2.2,9.8,37.7,25.1,71.8,16.0,-4.1,0.133,0.311,NVDA,,126,8.6,14.0,,False
438,TECH,Bio-Techne Corp,Healthcare,Biotechnology,Core,11.2,72.15,68.54,14.5,11.1,10.0,0.0,ok,0.0,ok,0.21,,False,35.6,35.3,2.7,-1.5,66.4,5.3,61.3,20.5,0.4,0.099,0.146,GOOG,,126,11.1,17.0,,False
439,ADM,Archer-Daniels-Midland Company,Consumer Defensive,Farm Products,Core,38.8,80.46,80.21,11.5,15.6,10.0,0.0,ok,-1.5,ok,2.75,,False,35.6,14.2,3.0,7.2,6.9,7.6,31.7,15.1,6.8,-0.118,0.131,GOOG,,126,15.6,16.0,,False
440,ETR,Entergy Corporation,Utilities,Utilities - Regulated Electric,Core,49.7,106.57,111.64,12.0,17.1,10.0,0.0,ok,-3.5,ok,5.56,,False,35.6,20.9,-8.8,5.9,47.0,10.2,25.0,2.6,-3.9,-0.173,0.241,MSFT,,126,17.1,19.0,,False
441,TDY,Teledyne Technologies Incorpor,Technology,Scientific & Technical Instrum,Core,31.6,681.74,647.65,14.5,11.5,10.0,0.0,ok,-0.5,ok,1.06,,False,35.5,25.6,2.9,9.8,43.3,9.2,65.6,13.1,-8.0,0.406,0.393,NVDA,,126,11.5,14.0,,False
442,AEP,American Electric Power Compan,Utilities,Utilities - Regulated Electric,Core,67.3,123.58,131.14,12.0,16.9,10.0,0.0,ok,-3.5,ok,5.86,,False,35.4,18.0,-8.9,7.0,46.4,10.1,23.6,-1.6,-8.6,-0.264,0.268,MSFT,,126,16.9,19.0,,False
443,CHD,"Church & Dwight Company, Inc.",Consumer Defensive,Household & Personal Products,Core,24.4,102.78,97.95,16.0,9.9,10.0,0.0,ok,-0.5,ok,1.6,,False,35.4,25.4,3.9,1.6,45.6,17.0,70.4,10.2,-6.8,-0.116,0.234,AVGO,,126,9.9,17.0,,False
444,SLB,SLB Limited,Energy,Oil & Gas Equipment & Services,Cyclical,79.7,53.68,51.0,13.0,12.7,10.0,0.0,ok,-0.5,ok,1.18,,False,35.2,16.5,3.7,5.0,17.0,12.9,66.4,13.6,-4.0,0.085,0.152,AVGO,,126,12.7,14.0,,False
445,SMCI,"Super Micro Computer, Inc.",Technology,Computer Hardware,Growth,20.4,31.6,31.37,12.0,16.6,10.0,0.0,ok,-3.5,ok,4.97,,False,35.1,9.5,-36.4,122.7,8.4,17.9,53.1,-1.2,-16.5,0.462,0.497,NVDA,,126,16.6,13.0,,False
446,AEE,Ameren Corporation,Utilities,Utilities - Regulated Electric,Core,29.8,107.82,110.71,11.0,17.6,10.0,0.0,ok,-3.5,ok,5.57,,False,35.1,18.6,-6.0,-6.2,52.4,11.9,33.9,0.7,-8.7,-0.271,0.278,AVGO,,126,17.6,19.0,,False
447,ED,"Consolidated Edison, Inc.",Utilities,Utilities - Regulated Electric,Core,39.8,107.5,109.33,12.0,16.6,10.0,0.0,ok,-3.5,ok,4.36,,False,35.1,16.6,-2.1,13.2,53.4,9.0,31.7,1.9,-10.6,-0.461,0.399,AVGO,,126,16.6,19.0,,False
448,DRI,"Darden Restaurants, Inc.",Consumer Cyclical,Restaurants,Core,25.0,218.9,207.95,18.0,9.5,10.0,0.0,ok,-2.5,ok,3.7,,False,35.0,17.7,3.2,13.7,21.7,53.7,77.4,11.5,-6.4,-0.061,0.107,MSFT,,126,9.5,11.0,,False
449,WULF,TeraWulf Inc.,Financial Services,Capital Markets,Speculative,8.4,16.75,22.21,7.0,18.0,10.0,0.0,ok,0.0,financial_na,,,False,35.0,,-2.8,-6.0,,-1211.8,39.3,-5.2,-10.6,0.499,0.468,BMNR,,126,18.0,16.0,,False
450,IRM,Iron Mountain Incorporated (De,Real Estate,REIT - Specialty,Core,36.4,122.39,124.78,13.0,16.9,10.0,0.0,ok,-5.0,ok,7.74,,False,34.9,44.8,-1.2,18.5,54.2,,46.4,14.2,12.9,0.276,0.326,BMNR,,126,16.9,16.0,,False
451,AWK,"American Water Works Company, ",Utilities,Utilities - Regulated Water,Core,27.0,136.06,130.73,13.0,15.4,10.0,0.0,ok,-3.5,ok,5.44,,False,34.9,20.7,-6.6,6.2,61.5,10.1,57.0,4.7,-1.7,-0.411,0.371,AVGO,,126,15.4,20.0,,False
452,AXON,"Axon Enterprise, Inc.",Industrials,Aerospace & Defense,Growth,51.7,636.31,604.49,14.0,15.9,10.0,0.0,ok,-5.0,ok,7.01,,False,34.9,60.3,0.4,35.3,59.5,6.2,69.9,24.4,31.0,0.287,0.339,MSFT,,126,15.9,15.0,,False
453,PPL,PPL Corporation,Utilities,Utilities - Regulated Electric,Core,26.5,35.28,35.78,10.5,17.9,10.0,0.0,ok,-3.5,ok,5.33,,False,34.9,16.7,-7.3,4.2,44.1,8.6,39.8,-2.7,-12.8,-0.214,0.27,AVGO,,126,17.9,19.0,,False
454,RCL,Royal Caribbean Cruises Ltd.,Consumer Cyclical,Travel Services,Core,82.1,307.15,300.76,15.0,12.3,10.0,0.0,ok,-2.5,ok,3.27,,False,34.8,15.1,-1.8,6.5,50.3,44.7,63.8,7.5,-22.4,0.361,0.41,GOOG,,126,12.3,14.0,,False
455,MRNA,"Moderna, Inc.",Healthcare,Biotechnology,Core,24.2,60.57,59.81,9.0,15.8,10.0,0.0,ok,0.0,neg_ebitda_low_debt,,,False,34.8,,1.2,2.1,,-39.0,54.9,31.9,32.9,0.323,0.359,BMNR,,126,15.8,15.0,,False
456,DUK,Duke Energy Corporation (Holdi,Utilities,Utilities - Regulated Electric,Core,96.1,123.19,125.43,11.0,17.3,10.0,0.0,ok,-3.5,ok,5.51,,False,34.8,17.2,-4.7,1.1,52.0,9.9,36.6,-0.1,-10.0,-0.39,0.345,AVGO,,126,17.3,19.0,,False
457,CAH,"Cardinal Health, Inc.",Healthcare,Medical Distribution,Core,56.3,240.26,228.25,15.0,10.2,10.0,0.0,ok,-0.5,ok,1.25,,False,34.7,17.7,8.6,11.0,3.8,,74.4,13.8,-2.0,-0.125,0.205,AVGO,,126,10.2,15.0,,False
458,CARR,Carrier Global Corporation,Industrials,Building Products & Equipment,Core,52.4,63.62,68.25,10.5,16.7,10.0,0.0,ok,-2.5,ok,3.57,,False,34.7,19.2,1.6,3.9,24.7,9.0,38.5,4.4,-14.3,0.195,0.281,GOOG,,126,16.7,14.0,,False
459,TSLA,"Tesla, Inc.",Consumer Cyclical,Auto Manufacturers,Core,1314.4,332.81,376.16,11.0,15.6,10.0,-2.0,ok,0.0,ok,-2.55,,False,34.6,150.0,0.4,25.5,18.9,4.7,33.6,-18.4,-33.1,0.537,0.453,BMNR,,126,15.6,11.0,,False
460,BEN,"Franklin Resources, Inc.",Financial Services,Asset Management,Core,16.9,33.36,33.01,11.5,13.1,10.0,0.0,ok,0.0,financial_na,,,False,34.6,10.6,-17.6,14.3,37.7,7.9,56.2,22.5,8.9,0.45,0.416,GOOG,,126,13.1,14.0,,False
461,NEE,"NextEra Energy, Inc.",Utilities,Utilities - Regulated Electric,Core,178.9,85.74,87.04,14.0,15.6,10.0,0.0,ok,-5.0,ok,7.35,,False,34.6,19.4,-9.9,12.4,61.0,11.7,29.4,-1.9,-16.3,-0.113,0.268,MSFT,,126,15.6,20.0,,False
462,NUE,Nucor Corporation,Basic Materials,Steel,Cyclical,61.9,271.95,258.35,14.0,10.6,10.0,0.0,ok,0.0,ok,0.78,,False,34.6,14.4,1.1,23.0,15.6,14.5,77.3,39.0,30.8,0.188,0.223,NVDA,,126,10.6,11.0,,False
463,CRWD,"CrowdStrike Holdings, Inc.",Technology,Software - Infrastructure,Core,226.0,221.9,419.49,13.0,11.6,10.0,0.0,ok,0.0,ok,-62.9,,False,34.6,141.9,0.9,25.6,75.1,-0.2,74.2,-51.8,-57.7,0.198,0.205,AVGO,,126,11.6,17.0,,False
464,DHR,Danaher Corporation,Healthcare,Diagnostics & Research,Core,145.8,207.44,197.07,14.5,11.6,10.0,0.0,ok,-1.5,ok,2.93,,False,34.6,22.3,3.0,5.5,58.8,7.6,79.6,2.2,-16.7,0.021,0.159,AVGO,,126,11.6,16.0,,False
465,CBRE,CBRE Group Inc,Real Estate,Real Estate Services,Core,42.7,147.46,140.09,14.0,14.1,10.0,0.0,ok,-3.5,ok,4.21,,False,34.6,16.3,3.8,15.5,18.6,15.8,65.0,-0.1,-24.8,0.189,0.244,MSFT,,126,14.1,17.0,,False
466,PANW,"Palo Alto Networks, Inc.",Technology,Software - Infrastructure,Growth,312.8,383.8,364.61,14.0,10.5,10.0,0.0,ok,0.0,ok,-0.66,,False,34.5,93.0,1.1,31.1,72.0,4.8,72.0,74.6,120.6,0.387,0.394,MSFT,,126,10.5,17.0,,False
467,FE,FirstEnergy Corp.,Utilities,Utilities - Regulated Electric,Core,27.1,46.84,47.7,11.5,16.5,10.0,0.0,ok,-3.5,ok,5.33,,False,34.5,15.8,-7.4,8.8,68.6,9.5,24.7,-0.3,-12.0,-0.22,0.301,AVGO,,126,16.5,20.0,,False
468,LNT,Alliant Energy Corporation,Utilities,Utilities - Regulated Electric,Core,17.8,68.58,73.52,12.0,17.5,10.0,0.0,ok,-5.0,ok,6.61,,False,34.5,18.6,-6.4,1.0,44.5,11.1,19.8,-1.7,-9.7,-0.291,0.279,AVGO,,126,17.5,19.0,,False
469,NI,NiSource Inc,Utilities,Utilities - Regulated Gas,Core,20.1,42.01,46.11,10.5,17.4,10.0,0.0,ok,-3.5,ok,5.74,,False,34.4,18.6,-8.8,4.6,51.0,8.5,17.6,-6.5,-16.8,-0.118,0.132,AVGO,,126,17.4,19.0,,False
470,IEX,IDEX Corporation,Industrials,Specialty Industrial Machinery,Core,17.5,237.31,225.44,16.0,8.9,10.0,0.0,ok,-0.5,ok,1.31,,False,34.4,24.9,3.2,6.4,44.7,13.0,71.2,18.7,-0.7,0.158,0.222,AVGO,,126,8.9,15.0,,False
471,CPT,Camden Property Trust,Real Estate,REIT - Residential,Core,10.9,108.29,112.69,11.0,16.8,10.0,0.0,ok,-3.5,ok,5.4,,False,34.3,99.3,1.3,-0.8,61.6,7.9,40.2,2.2,-12.2,-0.183,0.284,AVGO,,126,16.8,17.0,,False
472,PSKY,Paramount Skydance Corporation,Communication Services,Entertainment,Core,10.5,9.38,9.47,14.5,13.3,10.0,0.0,ok,-3.5,ok,4.4,,False,34.3,10.9,,0.9,33.3,-0.9,61.5,-17.9,-24.3,0.08,0.106,MSFT,,126,13.3,13.0,fcf_yield_out_of_range(167.2),False
473,LUV,Southwest Airlines Company,Industrials,Airlines,Core,22.3,45.52,46.96,10.5,14.2,10.0,0.0,ok,-0.5,ok,1.33,,False,34.2,9.2,-3.7,16.4,22.4,11.1,43.7,8.1,-26.8,0.375,0.383,GOOG,,126,14.2,14.0,,False
474,WBD,"Warner Bros. Discovery, Inc. -",Communication Services,Entertainment,Core,67.9,27.07,26.51,14.0,12.7,10.0,0.0,ok,-2.5,ok,3.67,,False,34.2,,23.8,-11.2,47.8,-8.8,65.6,1.3,-14.0,0.092,0.279,NVDA,,126,12.7,14.0,,False
475,COR,"Cencora, Inc.",Healthcare,Medical Distribution,Core,63.7,333.87,317.18,14.5,11.1,10.0,0.0,ok,-1.5,ok,2.1,,False,34.1,16.8,3.2,5.1,4.0,96.9,74.1,3.2,-18.2,-0.172,0.21,NVDA,,126,11.1,15.0,,False
476,NDSN,Nordson Corporation,Industrials,Specialty Industrial Machinery,Core,17.3,311.36,295.79,16.0,9.6,10.0,0.0,ok,-1.5,ok,2.05,,False,34.1,24.8,3.3,8.5,55.2,17.1,73.9,15.0,-5.7,0.235,0.308,AVGO,,126,9.6,15.0,,False
477,BALL,Ball Corporation,Consumer Cyclical,Packaging & Containers,Core,16.7,62.9,60.53,14.0,12.6,10.0,0.0,ok,-2.5,ok,3.41,,False,34.1,13.9,2.3,19.7,18.6,17.2,52.6,9.1,-18.2,0.005,0.129,GOOG,,126,12.6,11.0,,False
478,COO,"The Cooper Companies, Inc.",Healthcare,Medical Instruments & Supplies,Core,15.0,76.82,72.98,14.5,11.0,10.0,0.0,ok,-1.5,ok,2.92,,False,34.0,15.4,2.8,7.9,65.6,2.9,77.7,5.0,-17.2,-0.012,0.193,GOOG,,126,11.0,17.0,,False
479,BDX,"Becton, Dickinson and Company",Healthcare,Medical Instruments & Supplies,Core,49.4,181.41,172.34,17.0,8.5,10.0,0.0,ok,-1.5,ok,2.63,,False,34.0,13.6,9.1,5.4,46.9,6.6,90.2,16.7,-5.0,-0.015,0.187,AVGO,,126,8.5,16.0,,False
480,IP,International Paper Company,Consumer Cyclical,Packaging & Containers,Core,22.1,41.8,39.71,13.5,11.8,10.0,0.0,ok,-1.5,ok,2.33,,False,33.8,14.2,7.4,-2.2,29.6,-16.5,61.9,9.3,-23.4,0.095,0.21,NVDA,,126,11.8,11.0,,False
481,UCTT,"Ultra Clean Holdings, Inc.",Technology,Semiconductor Equipment & Mate,Speculative,3.9,86.07,99.1,9.0,17.3,10.0,0.0,ok,-2.5,ok,3.74,,False,33.8,14.7,-2.1,24.3,15.8,-1.6,39.9,37.2,47.1,0.35,0.426,AVGO,,126,17.3,13.0,,False
482,DGX,Quest Diagnostics Incorporated,Healthcare,Diagnostics & Research,Core,26.2,237.5,225.62,15.5,9.8,10.0,0.0,ok,-1.5,ok,2.55,,False,33.8,19.7,3.5,10.2,33.2,14.6,86.7,21.7,4.8,-0.251,0.257,AVGO,,126,9.8,15.0,,False
483,EXC,Exelon Corporation,Utilities,Utilities - Regulated Electric,Core,46.2,44.87,46.2,10.5,18.3,10.0,0.0,ok,-5.0,ok,6.09,,False,33.8,14.8,-5.8,9.9,42.4,9.7,34.8,-2.3,-10.0,-0.327,0.313,AVGO,,126,18.3,19.0,,False
484,EVRG,"Evergy, Inc.",Utilities,Utilities - Regulated Electric,Core,18.9,82.03,84.47,10.5,16.7,10.0,0.0,ok,-3.5,ok,5.8,,False,33.7,18.0,-7.6,4.4,52.7,9.3,22.2,2.8,-6.3,-0.276,0.304,AVGO,,126,16.7,19.0,,False
485,CNP,"CenterPoint Energy, Inc (Holdi",Utilities,Utilities - Regulated Electric,Core,26.5,40.18,42.92,11.5,17.1,10.0,0.0,ok,-5.0,ok,6.28,,False,33.6,19.2,-19.6,10.7,47.0,9.8,19.8,-2.7,-12.7,-0.297,0.297,AVGO,,126,17.1,19.0,,False
486,MET,"MetLife, Inc.",Financial Services,Insurance - Life,Core,61.5,96.8,91.96,10.0,13.6,10.0,0.0,ok,0.0,financial_na,,,False,33.6,8.9,-34.1,10.5,24.0,13.1,62.2,21.4,13.9,0.181,0.231,MSFT,,126,13.6,14.0,,False
487,JCI,Johnson Controls International,Industrials,Building Products & Equipment,Core,93.7,154.76,147.02,16.0,9.1,10.0,0.0,ok,-1.5,ok,2.04,,False,33.6,25.7,3.2,9.3,36.7,14.3,71.6,17.2,0.6,0.26,0.401,AVGO,,126,9.1,14.0,,False
488,BLDR,"Builders FirstSource, Inc.",Industrials,Building Products & Equipment,Speculative,8.1,75.1,76.39,13.5,13.5,10.0,0.0,ok,-3.5,ok,5.06,,False,33.5,16.8,5.7,-8.8,29.2,2.5,56.2,-20.1,-52.8,0.197,0.315,NVDA,,126,13.5,14.0,,False
489,ECL,Ecolab Inc.,Basic Materials,Specialty Chemicals,Cyclical,79.8,284.63,272.44,15.0,9.9,10.0,0.0,ok,-1.5,ok,2.12,,False,33.4,30.2,1.8,9.7,44.2,22.0,70.7,5.2,-16.1,-0.011,0.17,GOOG,,126,9.9,12.0,,False
490,SBUX,Starbucks Corporation,Consumer Cyclical,Restaurants,Core,121.6,106.66,102.73,13.0,12.7,10.0,0.0,ok,-2.5,ok,3.34,,False,33.2,34.3,2.5,-1.4,22.3,,59.7,12.3,-0.6,0.171,0.17,AVGO,,126,12.7,11.0,,False
491,TSCO,Tractor Supply Company,Consumer Cyclical,Specialty Retail,Core,18.4,35.29,33.53,14.5,11.1,10.0,0.0,ok,-2.5,ok,3.27,,False,33.1,17.2,0.6,2.3,36.5,39.5,82.5,-18.9,-45.7,0.055,0.107,BMNR,,126,11.1,11.0,,False
492,STLD,"Steel Dynamics, Inc.",Basic Materials,Steel,Growth,37.8,263.69,250.75,12.5,11.1,10.0,0.0,ok,-0.5,ok,1.43,,False,33.1,13.9,0.6,33.4,14.7,17.6,70.5,30.4,20.2,0.178,0.217,AVGO,,126,11.1,11.0,,False
493,CMS,CMS Energy Corporation,Utilities,Utilities - Regulated Electric,Core,21.8,69.62,73.73,9.5,18.5,10.0,0.0,ok,-5.0,ok,6.32,,False,33.0,16.8,-10.1,-0.5,40.3,9.2,19.4,-5.0,-15.5,-0.337,0.307,MSFT,,126,18.5,19.0,,False
494,SOUN,"SoundHound AI, Inc.",Technology,Software - Application,Growth,3.2,7.41,7.04,11.5,13.5,10.0,-2.0,ok,0.0,neg_ebitda_low_debt,,,False,33.0,,-1.4,45.0,42.3,-32.2,60.7,-18.5,-21.5,0.617,0.502,BMNR,,126,13.5,16.0,,False
495,AEHR,Aehr Test Systems,Technology,Semiconductor Equipment & Mate,Growth,3.8,117.18,111.32,10.5,12.5,10.0,0.0,ok,0.0,neg_ebitda_low_debt,,,False,33.0,84.7,-0.1,33.7,35.3,-4.2,61.3,110.0,325.4,0.462,0.486,AVGO,,126,12.5,13.0,,False
496,HSIC,"Henry Schein, Inc.",Healthcare,Medical Distribution,Speculative,9.9,89.18,84.72,14.5,10.9,10.0,0.0,ok,-2.5,ok,3.39,,False,32.9,14.9,4.5,6.7,31.3,8.9,69.9,15.6,-1.3,0.113,0.196,GOOG,,126,10.9,15.0,,False
497,SW,Smurfit WestRock plc,Consumer Cyclical,Packaging & Containers,Core,26.0,49.62,47.14,13.0,11.3,10.0,0.0,ok,-1.5,ok,2.95,,False,32.8,14.7,4.7,1.1,18.2,2.7,62.2,21.0,-0.7,0.132,0.228,NVDA,,126,11.3,11.0,,False
498,PCG,Pacific Gas & Electric Co.,Utilities,Utilities - Regulated Electric,Core,38.1,17.3,17.12,10.5,17.2,10.0,0.0,ok,-5.0,ok,6.1,,False,32.7,9.6,-16.1,0.1,39.8,9.3,38.5,3.6,-7.7,-0.108,0.151,MSFT,,126,17.2,18.0,,False
499,PNW,Pinnacle West Capital Corporat,Utilities,Utilities - Regulated Electric,Core,12.1,100.04,104.23,10.5,17.0,10.0,0.0,ok,-5.0,ok,7.68,,False,32.5,17.9,-7.7,7.1,43.4,9.4,21.4,3.3,-5.3,-0.301,0.304,AVGO,,126,17.0,19.0,,False
500,HII,"Huntington Ingalls Industries,",Industrials,Aerospace & Defense,Core,12.9,327.85,311.46,10.5,13.3,10.0,0.0,ok,-1.5,ok,2.5,,False,32.3,15.8,-2.3,10.9,12.4,13.0,72.4,-5.8,-29.0,0.209,0.284,MSFT,,126,13.3,14.0,,False
501,LH,Labcorp Holdings Inc.,Healthcare,Diagnostics & Research,Core,26.1,322.42,306.3,14.5,9.3,10.0,0.0,ok,-1.5,ok,2.88,,False,32.3,16.3,3.4,5.8,28.9,11.7,78.7,19.9,2.3,0.004,0.152,MSFT,,126,9.3,15.0,,False
502,D,"Dominion Energy, Inc.",Utilities,Utilities - Regulated Electric,Core,59.9,68.1,68.8,11.5,15.7,10.0,0.0,ok,-5.0,ok,6.43,,False,32.2,17.8,-15.3,17.6,46.2,8.3,32.3,7.9,-3.4,-0.167,0.193,MSFT,,126,15.7,19.0,,False
503,GPC,Genuine Parts Company,Consumer Cyclical,Auto Parts,Core,18.6,135.09,128.34,14.5,9.2,10.0,0.0,ok,-1.5,ok,2.97,,False,32.2,16.3,4.9,6.0,37.6,0.7,73.6,14.1,-18.4,0.026,0.129,GOOG,,126,9.2,11.0,,False
504,BA,Boeing Company (The),Industrials,Aerospace & Defense,Core,184.3,233.24,221.58,14.5,11.5,10.0,0.0,ok,-4.0,neg_ebitda_debt,,,False,32.0,56.4,3.1,8.0,4.7,173.5,68.0,6.5,-15.2,0.404,0.384,BMNR,,126,11.5,14.0,,False
505,BAX,Baxter International Inc.,Healthcare,Medical Instruments & Supplies,Core,14.3,27.61,26.23,14.5,10.0,10.0,0.0,ok,-2.5,ok,3.99,,False,32.0,13.6,7.0,5.3,34.1,-14.4,78.7,39.9,14.6,0.249,0.243,MSFT,,126,10.0,15.0,,False
506,SWK,"Stanley Black & Decker, Inc.",Industrials,Tools & Accessories,Core,15.7,104.0,98.8,15.5,8.0,10.0,0.0,ok,-1.5,ok,2.58,,False,32.0,16.3,9.0,0.4,32.2,6.9,74.9,32.1,3.3,0.227,0.266,GOOG,,126,8.0,14.0,,False
507,SRE,DBA Sempra,Utilities,Utilities - Diversified,Core,55.9,85.48,90.94,9.5,17.4,10.0,0.0,ok,-5.0,ok,6.23,,False,31.9,15.4,-49.5,-0.1,44.0,6.7,21.0,-6.3,-15.4,-0.197,0.216,MSFT,,126,17.4,19.0,,False
508,J,Jacobs Solutions Inc.,Industrials,Engineering & Construction,Growth,17.3,147.62,140.24,13.5,9.9,10.0,0.0,ok,-1.5,ok,2.72,,False,31.9,17.9,3.7,34.5,22.1,8.0,75.1,10.8,-13.4,0.138,0.116,MSFT,,126,9.9,14.0,,False
509,DTE,DTE Energy Company,Utilities,Utilities - Regulated Electric,Core,28.6,137.64,146.66,9.5,17.4,10.0,0.0,ok,-5.0,ok,7.69,,False,31.9,16.5,-9.1,-1.5,29.3,11.0,16.4,-2.2,-10.7,-0.251,0.238,MSFT,,126,17.4,18.0,,False
510,DOW,Dow Inc.,Basic Materials,Chemicals,Cyclical,22.6,31.26,30.74,9.0,15.4,10.0,0.0,ok,-2.5,ok,3.84,,False,31.9,17.0,1.1,19.7,9.8,-5.5,50.1,2.1,-17.2,-0.16,0.192,GOOG,,126,15.4,11.0,,False
511,GM,General Motors Company,Consumer Cyclical,Auto Manufacturers,Core,80.8,89.35,84.88,14.0,12.7,10.0,0.0,ok,-5.0,ok,6.32,,False,31.7,6.1,27.1,1.9,10.2,3.2,67.4,14.2,0.2,0.326,0.401,BMNR,,126,12.7,11.0,,False
512,CLX,Clorox Company (The),Consumer Defensive,Household & Personal Products,Core,13.1,108.25,102.84,15.0,10.2,10.0,0.0,ok,-3.5,ok,4.79,,False,31.7,17.0,0.8,-2.0,42.3,163.8,72.8,5.6,-21.1,-0.021,0.269,GOOG,,126,10.2,17.0,,False
513,XEL,Xcel Energy Inc.,Utilities,Utilities - Regulated Electric,Core,48.5,77.66,79.16,9.5,17.1,10.0,0.0,ok,-5.0,ok,6.47,,False,31.6,17.1,-16.3,-5.1,46.8,9.9,36.5,-1.1,-10.4,-0.211,0.234,MSFT,,126,17.1,19.0,,False
514,QBTS,D-Wave Quantum Inc.,Technology,Computer Hardware,Speculative,7.5,20.23,21.6,7.0,16.5,10.0,-2.0,ok,0.0,neg_ebitda_low_debt,,,False,31.5,,-1.0,-0.6,,-28.0,58.1,-10.3,-12.4,0.543,0.539,BMNR,,126,16.5,15.0,,False
515,AES,The AES Corporation,Utilities,Utilities - Diversified,Core,10.5,14.7,14.71,10.0,16.4,10.0,0.0,ok,-5.0,ok,7.64,,False,31.4,6.2,-29.5,19.9,20.3,9.6,30.0,2.4,-19.8,-0.033,0.123,BMNR,,126,16.4,18.0,,False
516,BG,Bunge Limited,Consumer Defensive,Farm Products,Growth,21.4,111.6,116.05,9.5,15.3,10.0,0.0,ok,-3.5,ok,5.21,,False,31.3,9.8,-30.2,88.3,4.9,7.2,29.9,-0.5,-16.5,-0.083,0.12,GOOG,,126,15.3,16.0,,False
517,MDB,"MongoDB, Inc.",Technology,Software - Infrastructure,Core,35.3,439.16,417.2,13.0,8.3,10.0,0.0,ok,0.0,neg_ebitda_low_debt,,,False,31.3,59.9,1.5,25.2,72.0,-1.0,90.0,30.8,5.1,0.352,0.391,MSFT,,126,8.3,17.0,,False
518,OKLO,Oklo Inc.,Utilities,Utilities - Independent Power ,Speculative,8.7,47.01,50.41,8.0,15.1,10.0,-2.0,ok,0.0,neg_ebitda_low_debt,,,False,31.1,,-2.7,,,-7.7,53.5,-34.5,-43.7,0.554,0.566,BMNR,,126,15.1,19.0,,False
519,IREN,IREN LIMITED,Financial Services,Capital Markets,Core,14.2,39.75,46.19,9.5,13.6,10.0,-2.0,ok,0.0,financial_na,,,False,31.1,,-16.3,-0.0,68.4,7.7,47.9,-16.0,-18.7,0.559,0.511,BMNR,,126,13.6,16.0,,False
520,PKG,Packaging Corporation of Ameri,Consumer Cyclical,Packaging & Containers,Core,22.9,257.43,244.56,13.0,8.4,10.0,0.0,ok,-0.5,ok,1.91,,False,30.9,20.1,1.9,14.7,21.4,14.9,75.6,17.9,-4.2,0.06,0.13,NVDA,,126,8.4,11.0,,False
521,CRWV,"CoreWeave, Inc.",Technology,Software - Infrastructure,Growth,49.3,90.32,91.37,12.5,14.9,10.0,-2.0,ok,-5.0,ok,10.87,,False,30.4,,-17.4,111.6,69.4,-40.7,55.2,-3.2,-16.4,0.521,0.487,NVDA,,126,14.9,17.0,,False
522,MOS,Mosaic Company (The),Basic Materials,Agricultural Inputs,Cyclical,7.3,23.1,22.18,5.5,17.4,10.0,0.0,ok,-2.5,ok,3.37,,False,30.4,13.7,-10.2,-6.0,11.2,-5.1,52.8,-6.5,-34.0,0.155,0.214,AVGO,,126,17.4,11.0,,False
523,DE,Deere & Company,Industrials,Farm & Heavy Construction Mach,Core,166.9,617.95,599.61,10.0,13.9,10.0,0.0,ok,-3.5,ok,4.6,,False,30.4,27.3,0.7,-11.1,26.0,18.3,53.7,11.9,-6.9,-0.016,0.256,MSFT,,126,13.9,14.0,,False
524,AMCR,Amcor plc,Consumer Cyclical,Packaging & Containers,Growth,21.9,47.4,45.03,12.0,11.6,10.0,0.0,ok,-3.5,ok,4.74,,False,30.1,11.1,0.7,77.4,19.1,8.7,67.7,12.8,-12.4,0.169,0.288,GOOG,,126,11.6,11.0,,False
525,APLD,Applied Digital Corporation,Technology,Information Technology Service,Growth,8.5,29.69,35.06,9.5,16.3,10.0,-2.0,ok,-4.0,neg_ebitda_debt,,,False,29.8,,-58.0,406.6,25.9,-8.4,49.0,-8.6,-32.1,0.528,0.461,BMNR,,126,16.3,15.0,,False
526,CRL,Charles River Laboratories Int,Healthcare,Diagnostics & Research,Core,13.6,282.0,267.9,11.0,10.5,10.0,0.0,ok,-2.5,ok,3.35,,False,29.0,22.2,3.5,-2.7,34.6,-7.5,84.3,48.4,44.3,0.187,0.168,BMNR,,126,10.5,15.0,,False
527,SATS,EchoStar Corporation,Communication Services,Telecom Services,Core,30.1,97.39,122.33,7.5,16.4,10.0,0.0,ok,-5.0,ok,17.47,,False,28.9,,-1.5,-5.2,27.1,-112.3,34.2,-5.9,-20.3,0.329,0.361,BMNR,,95,16.4,15.0,,False
528,BBAI,"BigBear.ai, Inc.",Technology,Information Technology Service,Speculative,1.6,3.33,3.5,7.5,13.4,10.0,-2.0,ok,0.0,neg_ebitda_low_debt,,,False,28.9,,-13.1,13.2,27.9,-16.6,64.0,-27.4,-38.3,0.615,0.495,BMNR,,126,13.4,15.0,,False
529,CIFR,Cipher Digital Inc.,Technology,Information Technology Service,Speculative,7.1,17.21,22.64,5.5,17.8,10.0,0.0,ok,-5.0,ok,49.49,,False,28.3,74.8,-40.6,-43.0,,-167.5,35.7,-7.7,-10.7,0.458,0.446,AVGO,,126,17.8,15.0,,False
530,IFF,International Flavors & Fragra,Basic Materials,Specialty Chemicals,Cyclical,21.7,85.0,80.75,8.0,11.5,10.0,0.0,ok,-1.5,ok,2.99,,False,28.0,21.5,-7.9,1.8,36.6,-5.5,66.0,17.3,0.1,0.108,0.209,GOOG,,126,11.5,11.0,,False
531,APD,"Air Products and Chemicals, In",Basic Materials,Specialty Chemicals,Cyclical,68.9,309.31,293.84,10.5,12.1,10.0,0.0,ok,-5.0,ok,16.79,,False,27.6,21.4,-5.5,4.6,32.1,0.0,64.4,11.9,-4.3,-0.024,0.104,GOOG,,126,12.1,11.0,,False
532,AI,"C3.ai, Inc.",Technology,Software - Infrastructure,Speculative,1.7,10.63,10.1,6.0,13.3,10.0,-2.0,ok,0.0,neg_ebitda_low_debt,,,False,27.3,,-1.6,-52.5,,-63.0,90.7,-4.8,-18.7,0.558,0.471,MSFT,,126,13.3,15.0,,False
533,F,Ford Motor Company,Consumer Cyclical,Auto Manufacturers,Core,55.7,13.98,14.36,4.5,16.7,10.0,0.0,ok,-5.0,ok,18.47,,False,26.2,7.3,-14.2,-3.8,7.1,-18.3,42.9,5.6,-5.9,0.239,0.237,GOOG,,126,16.7,11.0,,False
534,WY,Weyerhaeuser Company,Real Estate,REIT - Specialty,Core,18.0,25.02,24.33,8.0,13.1,10.0,0.0,ok,-5.0,ok,7.15,,False,26.1,36.8,0.1,-0.9,14.5,5.0,60.5,4.0,-17.7,-0.056,0.183,MSFT,,126,13.1,15.0,,False
