rank,ticker,name,sector,industry,category,mcap_B,current_price,entry_level,fundamental,technical,visibility,corr_penalty,corr_status,leverage_penalty,lev_status,nd_ebitda,dte_pct,broken_base,composite,fwd_pe,fcf_yield_pct,rev_growth_pct,gross_margin_pct,roe_pct,rsi,ma200_dist_pct,rel_str_6m_pct,portfolio_corr,max_corr,max_corr_with,corr_null_reason,n_corr_obs,technical_precap,visibility_legacy,data_flags,in_portfolio
1,LMT,Lockheed Martin Corporation,Industrials,Aerospace & Defense,Compounder,116.9,506.63,555.8,18.0,17.5,22.0,0.0,ok,-0.5,ok,1.73,,False,57.0,15.5,4.8,10.5,11.8,89.2,21.6,-9.8,-38.1,-0.153,0.178,AVGO,,124,17.5,22.0,,False
2,AVGO,Broadcom Inc.,Technology,Semiconductors,Growth,1730.5,362.51,373.18,20.0,16.8,19.5,0.0,ok,0.0,ok,0.68,,False,56.3,18.7,1.8,85.5,75.5,44.2,64.6,-1.3,-2.2,0.494,0.428,NVDA,,124,16.8,22.0,,True
3,GOOG,Alphabet Inc.,Communication Services,Internet Content & Information,Compounder,4205.0,343.83,341.94,19.0,16.9,20.0,0.0,ok,0.0,ok,-0.7,,False,55.9,22.8,0.5,24.2,60.9,48.7,52.1,1.9,-2.0,0.231,0.257,BMNR,,124,16.9,20.0,,True
4,GEV,GE Vernova Inc.,Industrials,Specialty Industrial Machinery,Compounder,263.7,990.0,965.7,19.0,10.9,23.0,0.0,ok,0.0,ok,-2.29,,False,52.9,39.3,6.0,21.9,20.6,82.6,86.4,7.9,-7.2,0.415,0.407,AVGO,,124,10.9,23.0,,True
5,PATH,"UiPath, Inc.",Technology,Software - Infrastructure,Speculative,6.9,13.16,14.58,22.0,19.7,10.0,0.0,ok,0.0,ok,-6.52,,False,51.7,14.3,6.9,13.4,82.6,20.0,36.9,3.8,0.5,0.039,0.24,BMNR,,124,19.7,17.0,,False
6,AMP,"Ameriprise Financial, Inc.",Financial Services,Asset Management,Core,43.7,494.94,542.22,23.0,18.4,10.0,0.0,ok,0.0,financial_na,,,False,51.4,9.6,6.6,11.6,54.9,63.4,21.1,0.7,-2.1,0.135,0.242,GOOG,,124,18.4,15.0,,False
7,ADSK,"Autodesk, Inc.",Technology,Software - Application,Core,46.3,221.56,233.59,23.0,18.3,10.0,0.0,ok,0.0,ok,-0.2,,False,51.3,15.6,6.8,16.1,92.5,53.9,44.7,-7.3,-24.3,-0.133,0.308,GEV,,124,18.3,17.0,,False
8,ADBE,Adobe Inc.,Technology,Software - Application,Core,92.9,238.79,258.22,23.0,18.1,10.0,0.0,ok,0.0,ok,0.12,,False,51.1,8.6,10.1,12.9,89.3,61.9,31.8,-8.1,-19.8,-0.189,0.364,GEV,,124,18.1,17.0,,False
9,ORCL,Oracle Corporation,Technology,Software - Infrastructure,Core,431.9,142.48,143.44,17.5,17.8,17.7,0.0,ok,-2.5,ok,3.84,,False,50.5,13.0,-10.6,29.6,64.0,41.2,52.5,-12.4,-19.2,0.421,0.387,AVGO,,124,17.8,19.0,,False
10,INCY,Incyte Corporation,Healthcare,Biotechnology,Growth,23.1,114.13,123.48,23.0,17.1,10.0,0.0,ok,0.0,ok,-2.32,,False,50.1,13.0,5.1,37.7,55.7,30.7,35.2,6.8,2.8,-0.183,0.247,AVGO,,124,17.1,16.0,,False
11,TSM,Taiwan Semiconductor Manufactu,Technology,Semiconductors,Growth,2519.6,485.8,461.51,24.0,12.0,21.0,-7.0,ok,0.0,ok,-0.77,,False,50.0,22.2,29.0,36.0,64.2,40.0,92.2,25.7,25.0,0.76,0.626,NVDA,,124,12.0,21.0,,False
12,AXP,American Express Company,Financial Services,Credit Services,Core,205.3,304.02,327.04,21.5,18.3,10.0,0.0,ok,0.0,financial_na,,,False,49.8,15.1,,12.8,62.3,34.4,26.3,-8.3,-18.0,0.266,0.383,GOOG,,124,18.3,18.0,,False
13,DASH,"DoorDash, Inc.",Consumer Cyclical,Internet Retail,Growth,83.1,191.77,205.62,19.0,20.8,10.0,0.0,ok,0.0,ok,-1.42,,False,49.8,23.2,6.2,35.6,52.2,8.9,44.3,2.7,6.2,0.118,0.272,GOOG,,124,20.8,12.0,,False
14,APO,"Apollo Global Management, Inc.",Financial Services,Asset Management,Growth,68.1,115.35,128.41,21.0,18.7,10.0,0.0,ok,0.0,financial_na,,,False,49.7,10.8,,63.8,36.1,11.4,25.4,-8.8,-8.8,0.309,0.348,GOOG,,124,18.7,14.0,,False
15,UBER,"Uber Technologies, Inc.",Technology,Software - Application,Core,141.9,69.48,72.99,21.0,19.0,10.0,0.0,ok,-0.5,ok,1.25,,False,49.5,15.7,5.1,12.2,40.8,37.2,39.2,-7.0,-21.2,0.005,0.219,GOOG,,124,19.0,16.0,,False
16,CINF,Cincinnati Financial Corporati,Financial Services,Insurance - Property & Casualt,Growth,24.9,162.14,170.98,22.0,17.1,10.0,0.0,ok,0.0,financial_na,,,False,49.1,17.9,12.0,31.6,31.1,21.5,21.3,-2.9,-16.2,-0.22,0.376,AVGO,,124,17.1,14.0,,False
17,GDDY,GoDaddy Inc.,Technology,Software - Infrastructure,Core,12.6,99.74,96.7,22.0,17.5,10.0,0.0,ok,-0.5,ok,1.91,,False,49.0,9.0,9.5,6.6,63.8,442.9,46.5,6.8,2.9,-0.202,0.295,GEV,,124,17.5,17.0,,False
18,ABNB,"Airbnb, Inc.",Consumer Cyclical,Travel Services,Core,98.2,164.07,169.55,20.5,18.5,10.0,0.0,ok,0.0,ok,-3.47,,False,49.0,26.5,3.3,16.5,82.9,34.5,44.4,14.4,11.9,0.114,0.265,GOOG,,124,18.5,15.0,,False
19,QCOM,QUALCOMM Incorporated,Technology,Semiconductors,Core,193.1,180.79,171.75,19.0,19.8,10.0,0.0,ok,0.0,ok,0.58,,False,48.8,17.7,5.3,-4.0,54.2,33.8,45.4,7.0,26.3,0.376,0.381,AVGO,,124,19.8,14.0,,False
20,IT,"Gartner, Inc.",Technology,Information Technology Service,Core,11.9,187.76,182.41,21.0,18.1,10.0,0.0,ok,-0.5,ok,1.33,,False,48.6,11.5,8.9,-0.6,69.6,113.6,41.6,8.5,3.0,-0.275,0.382,GEV,,124,18.1,17.0,,False
21,META,"Meta Platforms, Inc.",Communication Services,Internet Content & Information,Core,1890.0,741.9,704.81,18.0,13.5,17.0,0.0,ok,0.0,ok,0.2,,False,48.5,21.3,1.1,28.0,81.7,29.8,63.6,18.0,12.0,0.165,0.263,GOOG,,124,13.5,15.0,,False
22,SCHW,Charles Schwab Corporation (Th,Financial Services,Capital Markets,Core,169.4,97.96,106.14,21.5,17.0,10.0,0.0,ok,0.0,financial_na,,,False,48.5,12.4,,20.9,97.5,20.3,25.1,-0.1,-11.8,-0.038,0.204,GOOG,,124,17.0,16.0,,False
23,NVDA,NVIDIA Corporation,Technology,Semiconductors,Growth,5768.7,238.9,226.95,20.0,11.5,17.0,0.0,ok,0.0,ok,-0.12,,False,48.5,15.1,0.7,105.9,74.7,117.2,84.6,19.0,17.0,0.471,0.428,AVGO,,124,11.5,20.0,,True
24,APP,Applovin Corporation,Communication Services,Advertising Agencies,Growth,94.7,281.97,329.87,22.5,15.9,10.0,0.0,ok,0.0,ok,0.09,,False,48.4,13.4,3.4,52.8,88.5,203.7,29.6,-38.2,-49.2,0.209,0.246,BMNR,,124,15.9,15.0,,False
25,SPGI,S&P Global Inc.,Financial Services,Financial Data & Stock Exchang,Core,115.2,390.92,416.76,19.5,18.9,10.0,0.0,ok,0.0,financial_na,,,False,48.4,19.3,4.7,10.4,70.9,14.3,26.3,-11.1,-27.4,-0.133,0.26,AVGO,,124,18.9,16.0,,False
26,RJF,"Raymond James Financial, Inc.",Financial Services,Asset Management,Core,30.9,160.8,172.24,20.0,18.4,10.0,0.0,ok,0.0,financial_na,,,False,48.4,11.3,,15.1,93.2,18.4,34.3,0.1,-4.0,0.162,0.316,GOOG,,124,18.4,16.0,,False
27,BR,Broadridge Financial Solutions,Technology,Information Technology Service,Core,18.0,159.08,168.29,21.0,17.8,10.0,0.0,ok,-0.5,ok,1.72,,False,48.3,13.7,6.7,7.5,31.8,40.9,24.5,-6.8,-19.6,-0.238,0.37,GEV,,124,17.8,15.0,,False
28,TROW,"T. Rowe Price Group, Inc.",Financial Services,Asset Management,Core,22.2,103.93,110.05,20.5,17.8,10.0,0.0,ok,0.0,financial_na,,,False,48.3,10.1,9.1,10.7,51.6,19.4,48.8,0.5,-1.1,0.239,0.377,BMNR,,124,17.8,15.0,,False
29,NXPI,NXP Semiconductors N.V.,Technology,Semiconductors,Core,61.0,241.97,232.73,21.0,17.8,10.0,0.0,ok,-0.5,ok,1.53,,False,48.3,13.3,5.8,19.5,56.1,27.9,66.3,-1.4,5.3,0.359,0.377,AVGO,,124,17.8,14.0,,False
30,CPAY,"Corpay, Inc.",Technology,Software - Infrastructure,Core,26.4,401.72,401.56,23.0,16.8,10.0,0.0,ok,-1.5,ok,2.7,,False,48.3,12.8,7.4,21.5,80.5,29.2,44.1,15.9,17.2,0.005,0.108,GEV,,124,16.8,17.0,,False
31,GE,GE Aerospace,Industrials,Aerospace & Defense,Core,317.8,306.34,341.37,20.5,17.8,10.0,0.0,ok,0.0,ok,0.9,,False,48.3,33.8,2.1,21.1,31.1,48.2,49.1,-5.3,-11.4,0.264,0.324,GOOG,,124,17.8,14.0,,False
32,ARES,Ares Management Corporation,Financial Services,Asset Management,Core,38.9,117.13,132.91,18.5,19.6,10.0,0.0,ok,0.0,financial_na,,,False,48.1,16.4,5.6,9.6,100.0,14.9,29.9,-9.3,-3.6,0.363,0.417,GOOG,,124,19.6,16.0,,False
33,MCO,Moody's Corporation,Financial Services,Financial Data & Stock Exchang,Core,77.6,448.15,480.44,20.5,17.6,10.0,0.0,ok,0.0,financial_na,,,False,48.1,23.7,3.3,15.1,75.0,76.9,34.7,-4.7,-16.3,-0.069,0.223,BMNR,,124,17.6,16.0,,False
34,WDAY,"Workday, Inc.",Technology,Software - Application,Core,45.5,188.96,185.95,20.5,17.6,10.0,0.0,ok,0.0,ok,0.23,,False,48.1,14.3,6.7,12.8,75.8,16.0,48.0,20.2,28.2,-0.244,0.409,GEV,,124,17.6,17.0,,False
35,NEM,Newmont Corporation,Basic Materials,Gold,Cyclical,122.0,115.82,117.62,22.0,16.0,10.0,0.0,ok,0.0,ok,-0.2,,False,48.0,11.3,7.2,15.1,68.0,25.9,34.3,4.0,-14.8,0.456,0.473,BMNR,,124,16.0,13.0,,False
36,HIG,"The Hartford Insurance Group, ",Financial Services,Insurance - Diversified,Core,34.2,126.21,136.11,20.0,18.0,10.0,0.0,ok,0.0,financial_na,,,False,48.0,9.2,16.1,8.1,37.9,22.1,26.8,-7.0,-25.0,-0.295,0.362,AVGO,,124,18.0,14.0,,False
37,RTX,RTX Corporation,Industrials,Aerospace & Defense,Compounder,248.4,184.33,206.26,15.5,12.0,21.0,0.0,ok,-0.5,ok,1.92,,True,48.0,23.5,4.0,14.5,20.3,12.3,21.2,-5.3,-24.6,-0.071,0.18,AVGO,,124,17.0,21.0,,False
38,MS,Morgan Stanley,Financial Services,Capital Markets,Core,298.7,190.19,208.96,20.0,18.0,10.0,0.0,ok,0.0,financial_na,,,False,48.0,14.0,,28.0,87.6,18.0,23.2,-1.5,-2.7,0.49,0.396,BMNR,,124,18.0,16.0,,False
39,BKNG,Booking Holdings Inc. Common S,Consumer Cyclical,Travel Services,Core,119.0,158.33,189.28,19.0,18.7,10.0,0.0,ok,0.0,ok,0.36,,False,47.7,12.8,6.5,8.1,87.2,,29.5,-13.2,-27.6,-0.114,0.273,GEV,,124,18.7,15.0,,False
40,MMM,3M Company,Industrials,Conglomerates,Core,84.2,163.19,173.34,21.0,17.2,10.0,0.0,ok,-0.5,ok,1.21,,False,47.7,16.6,7.5,2.5,39.4,81.9,47.1,1.7,-4.6,0.069,0.157,GOOG,,124,17.2,14.0,,False
41,MAS,Masco Corporation,Industrials,Building Products & Equipment,Core,13.5,68.46,72.18,20.0,18.0,10.0,0.0,ok,-0.5,ok,1.95,,False,47.5,14.7,6.6,-2.9,37.2,5862.5,47.9,-2.3,-2.8,0.358,0.338,GEV,,124,18.0,14.0,,False
42,NOC,Northrop Grumman Corporation,Industrials,Aerospace & Defense,Compounder,67.6,476.11,537.27,16.0,12.0,21.0,0.0,ok,-1.5,ok,2.03,,True,47.5,15.6,3.7,5.1,20.1,27.0,12.8,-20.3,-49.1,-0.159,0.247,AVGO,,124,16.0,21.0,,False
43,PEP,"Pepsico, Inc.",Consumer Defensive,Beverages - Non-Alcoholic,Core,171.6,125.65,136.77,20.0,19.0,10.0,0.0,ok,-1.5,ok,2.25,,False,47.5,14.1,4.6,6.4,54.2,51.5,17.1,-14.4,-37.3,-0.341,0.375,GEV,,124,19.0,17.0,,False
44,CTAS,Cintas Corporation,Industrials,Specialty Business Services,Core,78.1,195.4,201.56,19.5,18.0,10.0,0.0,ok,0.0,ok,0.79,,False,47.5,31.7,2.1,10.9,51.0,41.4,44.4,4.1,-3.4,-0.29,0.316,AVGO,,124,18.0,17.0,,False
45,ADP,"Automatic Data Processing, Inc",Technology,Software - Application,Core,103.1,260.26,271.19,20.0,17.4,10.0,0.0,ok,0.0,ok,0.2,,False,47.4,19.4,5.1,6.8,48.7,72.2,26.3,9.6,9.9,-0.424,0.498,GEV,,124,17.4,16.0,,False
46,BLK,"BlackRock, Inc.",Financial Services,Asset Management,Growth,173.3,1066.45,1109.38,20.5,16.9,10.0,0.0,ok,0.0,financial_na,,,False,47.4,16.6,4.4,30.6,47.2,12.3,52.2,0.7,-6.3,0.328,0.413,GOOG,,124,16.9,15.0,,False
47,WRB,W.R. Berkley Corporation,Financial Services,Insurance - Property & Casualt,Core,25.9,69.77,70.08,20.0,17.4,10.0,0.0,ok,0.0,financial_na,,,False,47.4,14.4,11.8,1.2,43.8,20.2,42.1,1.3,-12.0,-0.303,0.316,AVGO,,124,17.4,15.0,,False
48,CF,"CF Industries Holdings, Inc.",Basic Materials,Agricultural Inputs,Cyclical,17.6,116.02,124.08,22.0,15.3,10.0,0.0,ok,0.0,ok,0.29,,False,47.3,10.5,7.3,17.6,42.5,29.9,15.5,3.5,-28.5,-0.27,0.263,GOOG,,124,15.3,12.0,,False
49,SYF,Synchrony Financial,Financial Services,Credit Services,Core,23.4,71.88,76.63,19.5,17.8,10.0,0.0,ok,0.0,financial_na,,,False,47.3,6.9,,0.6,0.0,20.8,32.9,-3.4,-13.3,0.301,0.308,GOOG,,124,17.8,16.0,,False
50,AMZN,"Amazon.com, Inc.",Consumer Cyclical,Internet Retail,Core,2711.7,251.4,256.44,17.0,17.5,12.8,0.0,ok,0.0,ok,0.76,,False,47.3,24.0,0.1,19.6,50.8,30.6,54.2,4.2,0.7,0.352,0.636,GOOG,,124,17.5,17.0,,False
51,AOS,A.O. Smith Corporation,Industrials,Specialty Industrial Machinery,Speculative,7.7,56.97,60.14,19.0,18.3,10.0,0.0,ok,0.0,ok,0.63,,False,47.3,13.9,6.3,-0.7,38.6,27.1,47.9,-11.2,-28.5,0.199,0.213,NVDA,,122,18.3,14.0,,False
52,EQT,EQT Corporation,Energy,Oil & Gas E&P,Cyclical,32.0,51.12,52.76,18.5,18.8,10.0,0.0,ok,0.0,ok,0.79,,False,47.3,13.6,7.7,-3.9,80.7,11.1,40.8,-7.7,-32.6,-0.128,0.142,AVGO,,124,18.8,14.0,,False
53,PYPL,"PayPal Holdings, Inc.",Financial Services,Credit Services,Core,46.5,54.41,56.52,20.0,17.2,10.0,0.0,ok,0.0,financial_na,,,False,47.2,9.4,9.5,4.8,40.5,24.5,53.0,8.3,2.1,0.066,0.162,NVDA,,124,17.2,17.0,,False
54,CEG,Constellation Energy Corporati,Utilities,Utilities - Independent Power ,Compounder,94.8,267.62,271.13,12.5,16.1,21.0,0.0,ok,-2.5,ok,3.02,,False,47.1,20.1,-7.0,23.0,22.1,15.1,56.6,-6.9,-20.1,0.379,0.348,GEV,,124,16.1,21.0,,False
55,KMB,Kimberly-Clark Corporation,Consumer Defensive,Household & Personal Products,Core,31.7,95.41,105.15,18.5,19.1,10.0,0.0,ok,-0.5,ok,1.6,,False,47.1,12.8,3.0,0.6,37.6,104.9,35.7,-6.7,-19.1,-0.117,0.209,GOOG,,124,19.1,16.0,,False
56,PGR,Progressive Corporation (The),Financial Services,Insurance - Property & Casualt,Core,123.4,212.62,214.26,19.5,17.6,10.0,0.0,ok,0.0,financial_na,,,False,47.1,13.0,12.2,7.3,18.5,34.9,38.4,2.0,-9.2,-0.394,0.377,AVGO,,124,17.6,14.0,,False
57,V,Visa Inc.,Financial Services,Credit Services,Core,694.1,369.71,368.65,20.5,16.5,10.0,0.0,ok,0.0,financial_na,,,False,47.0,24.6,2.9,14.4,97.7,61.2,43.2,9.7,4.6,-0.194,0.27,AVGO,,124,16.5,18.0,,False
58,PODD,Insulet Corporation,Healthcare,Medical Devices,Speculative,9.4,135.62,145.31,20.5,16.4,10.0,0.0,ok,0.0,ok,0.67,,False,46.9,17.6,2.5,23.5,71.1,26.0,40.6,-29.9,-50.8,-0.1,0.209,GOOG,,124,16.4,17.0,,False
59,BMY,Bristol-Myers Squibb Company,Healthcare,Drug Manufacturers - General,Core,120.1,58.81,64.41,22.0,15.3,10.0,0.0,ok,-0.5,ok,1.8,,False,46.8,9.0,6.8,5.7,71.7,46.6,27.3,-0.5,-18.4,-0.16,0.267,AVGO,,124,15.3,17.0,,False
60,ZTS,Zoetis Inc.,Healthcare,Drug Manufacturers - Specialty,Core,29.5,71.41,74.37,21.0,16.3,10.0,0.0,ok,-0.5,ok,1.86,,False,46.8,10.9,6.8,-0.2,71.7,64.9,41.6,-27.2,-56.8,-0.009,0.178,NVDA,,124,16.3,17.0,,False
61,DXCM,"DexCom, Inc.",Healthcare,Medical Devices,Core,32.8,86.9,86.45,20.5,16.2,10.0,0.0,ok,0.0,ok,-0.39,,False,46.7,27.8,3.1,13.1,62.5,38.5,52.4,18.9,20.0,0.001,0.255,GOOG,,124,16.2,17.0,,False
62,EL,"Estee Lauder Companies, Inc. (",Consumer Defensive,Household & Personal Products,Core,33.8,93.3,93.68,17.0,21.1,10.0,0.0,ok,-1.5,ok,2.34,,False,46.6,23.8,5.4,6.3,75.5,4.7,44.1,1.4,14.1,0.125,0.32,BMNR,,124,21.1,18.0,,False
63,COF,Capital One Financial Corporat,Financial Services,Credit Services,Growth,119.7,195.14,210.83,18.0,18.6,10.0,0.0,ok,0.0,financial_na,,,False,46.6,8.2,,1111.0,0.0,9.0,30.4,-5.0,-11.6,0.263,0.335,GOOG,,124,18.6,16.0,,False
64,VRT,"Vertiv Holdings, LLC",Industrials,Electrical Equipment & Parts,Core,97.6,253.62,260.7,20.5,14.2,13.9,-2.0,ok,0.0,ok,0.08,,False,46.6,27.6,2.8,24.1,38.0,43.9,64.0,-4.1,-19.5,0.62,0.607,GEV,,124,14.2,20.0,,False
65,LULU,lululemon athletica inc.,Consumer Cyclical,Apparel Retail,Core,10.3,93.14,111.82,20.0,16.5,10.0,0.0,ok,0.0,ok,0.32,,False,46.5,10.8,11.1,-4.3,54.9,30.9,38.8,-35.7,-57.9,0.067,0.218,BMNR,,124,16.5,12.0,,False
66,EOG,"EOG Resources, Inc.",Energy,Oil & Gas E&P,Growth,75.6,144.08,144.28,23.0,13.5,10.0,0.0,ok,0.0,ok,0.23,,False,46.5,9.4,5.9,58.7,62.6,22.5,34.2,9.6,-16.0,-0.371,0.312,BMNR,,124,13.5,14.0,,False
67,HBAN,Huntington Bancshares Incorpor,Financial Services,Banks - Regional,Growth,30.9,15.29,16.71,18.0,18.5,10.0,0.0,ok,0.0,financial_na,,,False,46.5,8.6,,47.6,0.0,9.0,28.3,-9.3,-21.6,0.104,0.259,GOOG,,124,18.5,14.0,,False
68,UNP,Union Pacific Corporation,Industrials,Railroads,Core,164.6,277.06,290.41,20.5,17.5,10.0,0.0,ok,-1.5,ok,2.26,,False,46.5,19.5,2.9,11.5,56.3,39.7,40.1,4.8,-4.7,-0.105,0.216,BMNR,,124,17.5,15.0,,False
69,POWL,"Powell Industries, Inc.",Industrials,Electrical Equipment & Parts,Speculative,7.2,197.84,194.3,17.5,13.0,18.0,-2.0,ok,0.0,ok,-2.67,,False,46.5,28.3,2.6,8.9,30.1,28.3,78.1,-4.8,-11.5,0.609,0.6,GEV,,124,13.0,18.0,,False
70,GS,"Goldman Sachs Group, Inc. (The",Financial Services,Capital Markets,Growth,260.2,893.46,1001.07,21.0,17.5,10.0,-2.0,ok,0.0,financial_na,,,False,46.5,12.3,,42.5,82.1,16.9,27.0,-6.7,-14.3,0.537,0.479,BMNR,,124,17.5,16.0,,False
71,TRV,"The Travelers Companies, Inc.",Financial Services,Insurance - Property & Casualt,Core,75.2,360.7,371.33,20.0,16.5,10.0,0.0,ok,0.0,financial_na,,,False,46.5,11.9,19.6,0.3,34.7,26.5,26.6,12.8,4.6,-0.235,0.299,AVGO,,124,16.5,14.0,,False
72,OXY,Occidental Petroleum Corporati,Energy,Oil & Gas E&P,Growth,58.3,58.31,58.32,22.5,13.9,10.0,0.0,ok,0.0,ok,0.76,,False,46.4,14.3,6.5,53.4,73.3,10.6,33.1,8.1,-24.9,-0.309,0.31,GOOG,,124,13.9,14.0,,False
73,CL,Colgate-Palmolive Company,Consumer Defensive,Household & Personal Products,Core,68.7,86.19,89.62,21.0,15.8,10.0,0.0,ok,-0.5,ok,1.29,,False,46.3,21.0,5.0,4.9,60.4,267.4,46.0,-2.3,-14.9,-0.214,0.254,GEV,,124,15.8,18.0,,False
74,PSA,Public Storage,Real Estate,REIT - Industrial,Core,52.6,281.66,309.23,20.0,17.8,10.0,0.0,ok,-1.5,ok,2.89,,False,46.3,28.6,4.4,3.3,74.4,21.9,30.6,-5.7,-17.2,-0.078,0.22,GOOG,,124,17.8,17.0,,False
75,HOOD,"Robinhood Markets, Inc.",Financial Services,Capital Markets,Growth,102.6,114.11,108.4,18.5,17.7,10.0,0.0,ok,0.0,financial_na,,,False,46.2,33.2,,32.3,91.9,23.6,54.4,21.0,46.0,0.422,0.591,BMNR,,124,17.7,16.0,,False
76,MA,Mastercard Incorporated,Financial Services,Credit Services,Core,494.6,564.59,570.61,20.5,15.7,10.0,0.0,ok,0.0,financial_na,,,False,46.2,24.5,3.4,14.1,100.0,241.2,43.6,6.2,-4.7,-0.221,0.332,AVGO,,124,15.7,18.0,,False
77,JPM,JP Morgan Chase & Co.,Financial Services,Banks - Diversified,Growth,883.5,332.38,351.76,19.0,17.2,10.0,0.0,ok,0.0,financial_na,,,False,46.2,13.3,,30.4,0.0,17.8,26.1,3.6,-5.0,0.141,0.163,GOOG,,124,17.2,14.0,,False
78,TPL,Texas Pacific Land Corporation,Energy,Oil & Gas E&P,Growth,23.8,344.67,364.73,18.0,18.2,10.0,0.0,ok,0.0,ok,-0.31,,False,46.2,4.7,-0.1,31.2,93.3,36.6,38.2,-13.1,-40.7,0.062,0.082,GEV,,124,18.2,14.0,,False
79,MRSH,Marsh,Financial Services,Insurance Brokers,Core,81.3,170.43,183.73,19.0,17.1,10.0,0.0,ok,0.0,financial_na,,,False,46.1,14.9,5.9,6.2,44.0,25.9,26.3,-3.5,-19.5,-0.475,0.433,GEV,,124,17.1,15.0,,False
80,CRM,"Salesforce, Inc.",Technology,Software - Application,Core,189.1,229.79,219.69,20.5,17.1,10.0,0.0,ok,-1.5,ok,2.4,,False,46.1,14.3,9.4,10.8,77.3,19.4,28.1,14.8,7.0,-0.124,0.292,GEV,,124,17.1,17.0,,False
81,IDXX,"IDEXX Laboratories, Inc.",Healthcare,Diagnostics & Research,Core,41.5,527.07,544.24,19.5,16.6,10.0,0.0,ok,0.0,ok,0.55,,False,46.1,31.5,2.2,9.7,62.4,74.2,60.3,-10.4,-26.2,0.021,0.307,GOOG,,124,16.6,17.0,,False
82,GL,Globe Life Inc.,Financial Services,Insurance - Life,Core,12.8,165.92,174.46,20.0,16.0,10.0,0.0,ok,0.0,financial_na,,,False,46.0,10.0,9.1,8.0,33.9,20.9,17.1,5.5,-1.8,0.018,0.221,GOOG,,124,16.0,14.0,,False
83,VRTX,Vertex Pharmaceuticals Incorpo,Healthcare,Biotechnology,Core,127.6,503.5,517.97,19.5,16.5,10.0,0.0,ok,0.0,ok,-1.15,,False,46.0,25.0,2.1,12.5,55.0,23.5,40.1,6.3,-1.6,-0.03,0.233,AVGO,,124,16.5,16.0,,False
84,ERIE,Erie Indemnity Company,Financial Services,Insurance Brokers,Core,11.6,221.46,244.92,17.5,18.4,10.0,0.0,ok,0.0,financial_na,,,False,45.9,15.8,4.2,2.8,17.9,24.8,19.4,-10.8,-29.9,-0.316,0.368,AVGO,,124,18.4,14.0,,False
85,WDC,Western Digital Corporation,Technology,Computer Hardware,Growth,159.2,441.64,466.05,20.0,17.9,10.0,-2.0,ok,0.0,ok,-0.08,,False,45.9,13.9,1.4,43.8,48.9,130.9,58.3,10.4,27.7,0.574,0.542,GEV,,124,17.9,14.0,,False
86,IBM,International Business Machine,Technology,Information Technology Service,Core,208.8,221.58,231.43,20.0,18.4,10.0,0.0,ok,-2.5,ok,3.47,,False,45.9,16.9,5.8,1.1,58.1,34.5,21.0,-12.8,-27.0,-0.156,0.22,GEV,,124,18.4,16.0,,False
87,FDS,FactSet Research Systems Inc.,Financial Services,Financial Data & Stock Exchang,Speculative,9.8,276.44,282.94,20.0,15.8,10.0,0.0,ok,0.0,financial_na,,,False,45.8,12.7,6.5,6.3,50.6,25.5,49.6,11.1,2.2,-0.327,0.416,GEV,,124,15.8,15.0,,False
88,LLY,Eli Lilly and Company,Healthcare,Drug Manufacturers - General,Growth,1019.4,1143.12,1177.34,20.0,16.3,10.0,0.0,ok,-0.5,ok,1.1,,False,45.8,24.0,1.1,47.7,83.4,102.3,52.7,6.6,6.0,-0.114,0.241,NVDA,,124,16.3,17.0,,False
89,STT,State Street Corporation,Financial Services,Asset Management,Core,48.4,176.37,185.85,17.5,18.3,10.0,0.0,ok,0.0,financial_na,,,False,45.8,11.4,,18.4,0.0,12.4,26.3,14.2,18.0,0.315,0.285,NVDA,,124,18.3,14.0,,False
90,NOW,"ServiceNow, Inc.",Technology,Software - Application,Core,140.7,136.08,129.28,18.0,18.3,10.0,0.0,ok,-0.5,ok,1.31,,False,45.8,27.2,3.7,24.0,74.8,14.2,42.1,17.5,15.4,-0.099,0.316,GEV,,124,18.3,17.0,,False
91,GPN,Global Payments Inc.,Industrials,Specialty Business Services,Growth,21.7,82.18,87.91,21.0,18.3,10.0,0.0,ok,-3.5,ok,4.05,,False,45.8,5.1,,68.6,64.0,2.4,32.9,7.6,8.9,0.078,0.226,GOOG,,124,18.3,18.0,fcf_yield_out_of_range(36.2),False
92,TMUS,"T-Mobile US, Inc.",Communication Services,Telecom Services,Core,176.6,164.64,176.02,19.5,18.8,10.0,0.0,ok,-2.5,ok,3.42,,False,45.8,11.4,6.4,7.9,63.1,18.0,26.7,-13.8,-34.6,-0.283,0.368,GEV,,124,18.8,17.0,,False
93,FANG,"Diamondback Energy, Inc.",Energy,Oil & Gas E&P,Growth,51.5,184.08,197.22,21.0,15.3,10.0,0.0,ok,-0.5,ok,1.03,,False,45.8,9.8,9.8,52.5,72.4,3.5,19.3,0.2,-22.2,-0.215,0.249,GOOG,,124,15.3,14.0,,False
94,ALLE,Allegion plc,Industrials,Security & Protection Services,Core,13.1,153.67,158.29,19.5,16.7,10.0,0.0,ok,-0.5,ok,1.81,,False,45.7,15.7,3.7,12.7,44.8,33.7,46.9,2.4,-7.9,0.148,0.185,GEV,,124,16.7,17.0,,False
95,TPR,"Tapestry, Inc.",Consumer Cyclical,Luxury Goods,Core,23.2,116.95,130.51,22.0,14.1,10.0,0.0,ok,-0.5,ok,1.39,,False,45.6,13.1,6.0,8.9,76.6,197.1,49.6,-15.6,-36.1,0.083,0.211,GOOG,,124,14.1,13.0,,False
96,RMD,ResMed Inc.,Healthcare,Medical Instruments & Supplies,Core,31.3,222.86,223.36,18.5,17.0,10.0,0.0,ok,0.0,ok,-0.31,,False,45.5,16.8,3.0,8.6,61.6,24.3,31.2,-1.1,-18.1,-0.083,0.27,AVGO,,124,17.0,17.0,,False
97,PRU,"Prudential Financial, Inc.",Financial Services,Insurance - Life,Core,39.2,113.48,119.99,18.0,17.5,10.0,0.0,ok,0.0,financial_na,,,False,45.5,7.6,19.2,14.1,29.0,12.0,29.6,4.7,-1.5,-0.03,0.181,GOOG,,124,17.5,14.0,,False
98,MSFT,Microsoft Corporation,Technology,Software - Infrastructure,Core,3899.7,525.18,498.92,18.0,14.4,13.1,0.0,ok,0.0,ok,0.27,,False,45.5,22.2,0.4,17.7,67.9,34.0,68.3,21.4,23.4,0.164,0.277,BMNR,,124,14.4,18.0,,False
99,CTSH,Cognizant Technology Solutions,Technology,Information Technology Service,Core,26.2,58.17,58.84,18.5,16.9,10.0,0.0,ok,0.0,ok,0.26,,False,45.4,9.2,8.5,4.5,33.4,14.9,32.6,-4.1,-23.5,-0.352,0.456,GEV,,124,16.9,15.0,,False
100,JKHY,"Jack Henry & Associates, Inc.",Technology,Information Technology Service,Core,10.2,145.12,157.06,17.5,17.9,10.0,0.0,ok,0.0,ok,0.09,,False,45.4,18.4,3.5,4.7,43.9,24.0,32.3,-7.8,-25.7,-0.272,0.324,GEV,,124,17.9,16.0,,False
101,CBOE,"Cboe Global Markets, Inc.",Financial Services,Financial Data & Stock Exchang,Core,29.0,277.47,287.62,20.5,14.8,10.0,0.0,ok,0.0,financial_na,,,False,45.3,18.3,2.3,22.9,54.1,26.3,55.0,-3.3,-23.8,-0.179,0.232,GEV,,124,14.8,15.0,,False
102,HSY,The Hershey Company,Consumer Defensive,Confectioners,Core,32.4,161.01,175.97,20.0,15.8,10.0,0.0,ok,-0.5,ok,1.89,,False,45.3,16.3,5.4,6.6,38.4,32.8,27.6,-15.2,-39.5,-0.324,0.349,AVGO,,124,15.8,16.0,,False
103,MDT,Medtronic plc.,Healthcare,Medical Devices,Core,112.5,87.97,89.74,19.5,16.3,10.0,0.0,ok,-0.5,ok,1.86,,False,45.3,13.7,4.8,13.7,65.3,10.6,29.5,-0.4,-15.5,-0.179,0.318,AVGO,,124,16.3,17.0,,False
104,BRK-B,Berkshire Hathaway Inc. New,Financial Services,Insurance - Diversified,Core,1079.5,504.26,507.26,18.5,16.7,10.0,0.0,ok,0.0,financial_na,,,False,45.2,23.3,6.7,10.0,30.3,12.1,35.6,2.3,-11.6,-0.248,0.269,AVGO,,124,16.7,14.0,,False
105,BBY,"Best Buy Co., Inc.",Consumer Cyclical,Specialty Retail,Core,18.3,87.39,87.51,18.0,17.2,10.0,0.0,ok,0.0,ok,0.66,,False,45.2,12.1,7.7,3.6,22.6,43.1,34.7,20.4,18.6,-0.049,0.193,GEV,,124,17.2,11.0,,False
106,UPS,"United Parcel Service, Inc.",Industrials,Integrated Freight & Logistics,Core,79.2,93.14,101.8,18.5,17.2,10.0,0.0,ok,-0.5,ok,1.99,,False,45.2,11.6,7.1,7.6,22.4,29.6,26.7,-10.2,-20.0,0.1,0.13,NVDA,,124,17.2,14.0,,False
107,EXE,Expand Energy Corporation,Energy,Oil & Gas E&P,Cyclical,20.0,86.43,92.86,16.5,18.7,10.0,0.0,ok,0.0,ok,0.46,,False,45.2,10.1,7.3,-10.6,47.1,14.9,26.9,-11.7,-33.5,-0.174,0.182,AVGO,,124,18.7,13.0,,False
108,NVR,"NVR, Inc.",Consumer Cyclical,Residential Construction,Core,16.0,5970.21,6280.03,16.5,18.7,10.0,0.0,ok,0.0,ok,-0.0,,False,45.2,15.1,5.7,-10.9,21.8,31.5,34.0,-10.7,-28.6,-0.019,0.139,GOOG,,124,18.7,11.0,,False
109,IBKR,"Interactive Brokers Group, Inc",Financial Services,Capital Markets,Core,151.7,89.05,90.6,20.0,17.1,10.0,-2.0,ok,0.0,financial_na,,,False,45.1,27.7,,26.3,93.0,24.0,50.6,9.6,12.3,0.503,0.549,BMNR,,124,17.1,16.0,,False
110,AAPL,Apple Inc.,Technology,Consumer Electronics,Core,4858.3,332.89,322.43,20.5,14.6,10.0,0.0,ok,0.0,ok,0.13,,False,45.1,34.7,2.2,16.4,48.7,148.8,51.9,15.2,11.2,0.026,0.176,BMNR,,124,14.6,14.0,,False
111,AVY,Avery Dennison Corporation,Consumer Cyclical,Packaging & Containers,Core,12.9,170.0,173.84,20.5,16.0,10.0,0.0,ok,-1.5,ok,2.28,,False,45.0,15.2,7.8,10.9,29.0,31.2,46.4,-1.5,-17.1,-0.014,0.086,AVGO,,124,16.0,11.0,,False
112,HAS,"Hasbro, Inc.",Consumer Cyclical,Leisure,Core,13.0,92.38,92.01,22.0,13.5,10.0,0.0,ok,-0.5,ok,1.92,,False,45.0,14.2,5.3,16.2,63.8,159.6,57.6,2.4,-15.3,0.044,0.131,GOOG,,124,13.5,13.0,,False
113,EXPE,"Expedia Group, Inc.",Consumer Cyclical,Travel Services,Core,31.2,260.17,297.61,23.0,12.0,10.0,0.0,ok,0.0,ok,-0.5,,True,45.0,10.6,11.0,14.0,90.4,89.5,20.3,0.1,-3.9,-0.069,0.226,GOOG,,124,18.0,15.0,,False
114,ITW,Illinois Tool Works Inc.,Industrials,Specialty Industrial Machinery,Core,75.2,264.19,278.68,18.5,17.0,10.0,0.0,ok,-0.5,ok,1.84,,False,45.0,21.3,3.2,6.1,44.2,104.6,44.3,-1.4,-15.3,0.045,0.1,GEV,,124,17.0,15.0,,False
115,NFLX,"Netflix, Inc.",Communication Services,Entertainment,Core,281.1,67.5,75.37,23.0,12.0,10.0,0.0,ok,0.0,ok,0.51,,True,45.0,17.7,9.0,13.4,49.1,49.5,19.9,-19.7,-49.3,-0.131,0.265,GEV,,124,16.0,14.0,,False
116,DHI,"D.R. Horton, Inc.",Consumer Cyclical,Residential Construction,Core,37.3,133.23,144.06,16.0,19.4,10.0,0.0,ok,-0.5,ok,1.24,,False,44.9,11.5,6.5,0.0,21.3,12.6,37.0,-10.1,-23.2,0.15,0.146,GOOG,,124,19.4,11.0,,False
117,CSCO,"Cisco Systems, Inc.",Technology,Communication Equipment,Core,444.8,112.82,112.11,19.5,15.4,10.0,0.0,ok,0.0,ok,0.82,,False,44.9,20.1,2.5,17.6,64.5,27.3,57.1,15.7,22.8,0.31,0.368,AVGO,,124,15.4,15.0,,False
118,FSLR,"First Solar, Inc.",Technology,Solar,Core,18.9,176.16,206.86,18.5,16.4,10.0,0.0,ok,0.0,ok,-0.64,,False,44.9,7.6,8.4,-3.7,44.0,18.5,34.3,-21.4,-27.4,0.419,0.39,AVGO,,124,16.4,14.0,,False
119,ROP,"Roper Technologies, Inc.",Technology,Software - Application,Core,35.9,363.38,390.36,19.5,17.8,10.0,0.0,ok,-2.5,ok,3.38,,False,44.8,14.9,6.3,8.5,69.5,13.1,35.3,-1.4,-16.6,-0.286,0.268,GEV,,124,17.8,17.0,,False
120,ODFL,"Old Dominion Freight Line, Inc",Industrials,Trucking,Core,37.3,179.37,196.57,18.5,16.3,10.0,0.0,ok,0.0,ok,-0.15,,False,44.8,26.8,2.6,10.4,39.6,24.8,47.7,-10.2,-28.8,0.085,0.169,NVDA,,124,16.3,14.0,,False
121,ALB,Albemarle Corporation,Basic Materials,Specialty Chemicals,Growth,12.3,104.37,122.58,19.0,15.8,10.0,0.0,ok,0.0,ok,0.25,,False,44.8,9.2,10.8,31.1,24.0,2.6,37.2,-32.7,-57.2,0.227,0.232,AVGO,,124,15.8,11.0,,False
122,UHS,"Universal Health Services, Inc",Healthcare,Medical Care Facilities,Core,10.4,176.05,172.63,19.0,16.3,10.0,0.0,ok,-0.5,ok,1.9,,False,44.8,7.3,4.8,8.3,44.6,20.9,48.7,-2.6,-20.4,-0.13,0.188,BMNR,,124,16.3,16.0,,False
123,PNC,"PNC Financial Services Group, ",Financial Services,Banks - Regional,Core,87.9,220.28,241.57,18.5,16.3,10.0,0.0,ok,0.0,financial_na,,,False,44.8,10.3,,23.6,0.0,12.6,16.3,-3.0,-13.3,0.011,0.21,GOOG,,124,16.3,14.0,,False
124,MDB,"MongoDB, Inc.",Technology,Software - Infrastructure,Growth,28.9,359.23,389.61,14.0,20.8,10.0,0.0,ok,0.0,ok,-170.08,,False,44.8,45.7,1.9,30.5,72.7,2.0,45.2,4.8,23.4,0.083,0.215,NVDA,,124,20.8,17.0,,False
125,PG,Procter & Gamble Company (The),Consumer Defensive,Household & Personal Products,Core,339.0,145.94,145.75,18.5,16.7,10.0,0.0,ok,-0.5,ok,1.01,,False,44.7,19.7,3.9,1.5,50.9,30.3,47.9,-0.7,-14.5,-0.155,0.213,GOOG,,124,16.7,17.0,,False
126,DECK,Deckers Outdoor Corporation,Consumer Cyclical,Footwear & Accessories,Core,10.9,80.21,87.77,21.0,13.7,10.0,0.0,ok,0.0,ok,-0.85,,False,44.7,9.6,8.0,5.7,57.8,42.6,61.8,-20.8,-38.6,0.069,0.301,GOOG,,124,13.7,12.0,,False
127,FOXA,Fox Corporation,Communication Services,Entertainment,Core,26.7,63.33,64.27,18.0,16.7,10.0,0.0,ok,0.0,ok,0.87,,False,44.7,10.8,2.1,28.1,36.6,14.3,27.4,0.4,-10.7,-0.064,0.125,GOOG,,124,16.7,13.0,,False
128,ICE,Intercontinental Exchange Inc.,Financial Services,Financial Data & Stock Exchang,Core,85.4,152.15,155.2,18.5,16.2,10.0,0.0,ok,0.0,financial_na,,,False,44.7,17.3,4.3,4.8,100.0,14.1,39.7,-1.7,-26.0,-0.116,0.301,BMNR,,124,16.2,16.0,,False
129,REGN,"Regeneron Pharmaceuticals, Inc",Healthcare,Biotechnology,Core,74.8,726.47,783.76,18.5,16.1,10.0,0.0,ok,0.0,ok,-1.12,,False,44.6,11.8,4.1,16.7,44.5,14.0,32.1,-1.2,-22.3,0.109,0.178,GOOG,,124,16.1,16.0,,False
130,FITB,Fifth Third Bancorp,Financial Services,Banks - Regional,Growth,46.1,50.8,54.77,18.0,16.6,10.0,0.0,ok,0.0,financial_na,,,False,44.6,10.3,,51.8,0.0,8.4,27.5,-1.3,-10.7,0.044,0.179,GOOG,,124,16.6,14.0,,False
131,AFL,AFLAC Incorporated,Financial Services,Insurance - Life,Core,56.3,112.38,118.74,17.5,17.1,10.0,0.0,ok,0.0,financial_na,,,False,44.6,14.9,9.1,-1.0,50.9,16.9,21.4,-2.2,-15.6,-0.372,0.306,AVGO,,124,17.1,15.0,,False
132,BX,Blackstone Inc.,Financial Services,Asset Management,Core,133.5,111.65,132.11,22.5,12.0,10.0,0.0,ok,0.0,financial_na,,,True,44.5,15.0,,28.6,100.0,31.4,19.4,-12.4,-17.1,0.281,0.351,BMNR,,124,18.2,16.0,,False
133,SPG,"Simon Property Group, Inc.",Real Estate,REIT - Retail,Core,76.5,201.4,214.91,20.5,17.4,10.0,0.0,ok,-3.5,ok,5.54,,False,44.4,29.7,3.4,19.5,81.4,120.5,38.7,-0.9,-11.6,-0.088,0.221,AVGO,,124,17.4,17.0,,False
134,AZO,"AutoZone, Inc.",Consumer Cyclical,Auto Parts,Core,45.4,2807.73,2962.27,16.5,19.4,10.0,0.0,ok,-1.5,ok,2.89,,False,44.4,14.6,,5.6,52.3,,43.9,-14.8,-35.8,-0.146,0.216,GEV,,124,19.4,12.0,,False
135,NWSA,News Corporation,Communication Services,Entertainment,Core,15.6,28.95,29.33,18.0,16.4,10.0,0.0,ok,0.0,ok,0.61,,False,44.4,19.2,6.7,10.8,57.2,8.0,32.8,9.1,0.8,-0.186,0.345,GEV,,124,16.4,14.0,,False
136,SNDK,Sandisk Corporation,Technology,Computer Hardware,Growth,249.5,1704.16,1618.95,22.5,13.9,10.0,-2.0,ok,0.0,ok,-0.36,,False,44.4,6.5,3.1,371.6,71.5,91.6,60.7,48.7,117.7,0.515,0.493,GEV,,124,13.9,15.0,,False
137,FIS,Fidelity National Information ,Technology,Information Technology Service,Core,17.3,33.58,39.82,22.0,15.8,10.0,0.0,ok,-3.5,ok,5.82,,False,44.3,5.0,15.3,29.1,35.8,22.3,26.3,-28.0,-45.6,-0.196,0.254,GEV,,124,15.8,15.0,,False
138,EBAY,eBay Inc.,Consumer Cyclical,Internet Retail,Core,47.7,107.14,107.31,20.5,14.3,10.0,0.0,ok,-0.5,ok,1.24,,False,44.3,16.0,3.3,14.8,72.1,46.6,47.4,6.1,-7.8,0.004,0.164,GOOG,,124,14.3,13.0,,False
139,SYK,Stryker Corporation,Healthcare,Medical Devices,Core,109.4,285.22,311.41,17.0,17.8,10.0,0.0,ok,-0.5,ok,1.62,,False,44.3,17.1,3.8,9.4,65.6,16.5,53.9,-13.5,-31.7,-0.236,0.262,AVGO,,124,17.8,17.0,,False
140,MNST,Monster Beverage Corporation,Consumer Defensive,Beverages - Non-Alcoholic,Core,85.2,43.51,56.85,18.0,16.3,10.0,0.0,ok,0.0,ok,-1.13,,False,44.3,33.2,2.0,20.2,55.5,25.7,41.7,-42.9,-58.8,0.009,0.175,GOOG,,124,16.3,17.0,,False
141,IVZ,Invesco Ltd,Financial Services,Asset Management,Core,13.5,30.5,31.36,16.5,17.8,10.0,0.0,ok,0.0,financial_na,,,False,44.3,9.3,8.5,20.5,29.5,-0.6,46.8,10.2,16.9,0.467,0.46,BMNR,,124,17.8,14.0,,False
142,MO,"Altria Group, Inc.",Consumer Defensive,Tobacco,Core,113.3,67.88,68.41,19.0,15.8,10.0,0.0,ok,-0.5,ok,1.41,,False,44.3,11.6,8.0,1.2,87.0,,33.4,1.4,-15.5,-0.393,0.444,NVDA,,124,15.8,18.0,,False
143,ACN,Accenture plc,Technology,Information Technology Service,Core,119.4,195.05,185.3,18.5,15.8,10.0,0.0,ok,0.0,ok,0.04,,False,44.3,12.2,9.4,6.2,32.0,26.0,51.0,-0.1,-18.6,-0.322,0.403,GEV,,124,15.8,15.0,,False
144,SNA,Snap-On Incorporated,Industrials,Tools & Accessories,Core,19.0,367.4,390.02,17.5,16.7,10.0,0.0,ok,0.0,ok,-0.24,,False,44.2,17.1,5.8,4.2,51.8,17.9,36.1,-3.0,-17.2,0.199,0.215,GOOG,,124,16.7,15.0,,False
145,NTRS,Northern Trust Corporation,Financial Services,Asset Management,Growth,31.2,170.67,182.03,17.5,16.7,10.0,0.0,ok,0.0,financial_na,,,False,44.2,13.3,,36.4,0.0,17.1,31.4,5.0,1.6,0.226,0.208,GOOG,,124,16.7,14.0,,False
146,ABT,Abbott Laboratories,Healthcare,Medical Devices,Core,173.2,100.1,106.8,18.5,17.2,10.0,0.0,ok,-1.5,ok,2.32,,False,44.2,16.5,4.2,13.0,56.8,10.6,42.4,-3.4,-19.0,-0.272,0.315,AVGO,,124,17.2,16.0,,False
147,FDX,FedEx Corporation,Industrials,Integrated Freight & Logistics,Core,68.4,289.13,312.89,18.0,17.7,10.0,0.0,ok,-1.5,ok,2.48,,False,44.2,13.9,8.3,12.5,27.3,14.8,33.7,-13.8,-36.9,0.161,0.203,GOOG,,124,17.7,14.0,,False
148,ULTA,"Ulta Beauty, Inc.",Consumer Cyclical,Specialty Retail,Core,23.2,542.72,534.47,18.5,16.2,10.0,0.0,ok,-0.5,ok,1.19,,False,44.2,16.9,3.9,8.9,43.1,46.1,49.1,-2.3,-17.5,0.015,0.187,BMNR,,124,16.2,12.0,,False
149,MKC,"McCormick & Company, Incorpora",Consumer Defensive,Packaged Foods,Core,12.3,45.54,51.57,21.0,15.7,10.0,0.0,ok,-2.5,ok,3.12,,False,44.2,14.2,6.1,17.4,38.9,22.6,28.8,-17.5,-27.0,-0.251,0.296,GEV,,124,15.7,16.0,,False
150,OMC,Omnicom Group Inc.,Communication Services,Advertising Agencies,Growth,20.6,75.25,81.71,18.5,17.1,10.0,0.0,ok,-1.5,ok,2.2,,False,44.1,6.5,20.6,63.4,19.0,6.1,33.3,-3.6,-18.4,-0.114,0.217,GEV,,124,17.1,13.0,,False
151,CVNA,Carvana Co.,Consumer Cyclical,Auto & Truck Dealerships,Growth,70.6,63.72,68.64,16.0,18.6,10.0,0.0,ok,-0.5,ok,1.02,,False,44.1,28.1,0.6,52.4,19.4,58.8,41.7,-11.4,-16.9,0.275,0.375,GOOG,,124,18.6,11.0,,False
152,RL,Ralph Lauren Corporation,Consumer Cyclical,Apparel Manufacturing,Core,21.8,365.54,363.39,22.0,12.0,10.0,0.0,ok,0.0,ok,0.67,,False,44.0,17.4,4.0,14.0,70.3,37.5,74.8,0.2,-15.5,0.203,0.173,BMNR,,124,12.0,13.0,,False
153,KEY,KeyCorp,Financial Services,Banks - Regional,Core,21.5,20.18,21.78,17.5,16.5,10.0,0.0,ok,0.0,financial_na,,,False,44.0,9.4,,10.1,0.0,10.3,25.5,-6.3,-19.8,0.181,0.232,GOOG,,124,16.5,14.0,,False
154,KKR,KKR & Co. Inc.,Financial Services,Asset Management,Core,83.1,89.96,103.1,15.5,18.5,10.0,0.0,ok,0.0,financial_na,,,False,44.0,12.2,,7.8,54.8,7.3,25.0,-12.5,-18.5,0.321,0.337,BMNR,,124,18.5,15.0,,False
155,JNJ,Johnson & Johnson,Healthcare,Drug Manufacturers - General,Core,609.5,252.93,265.75,18.5,15.5,10.0,0.0,ok,0.0,ok,0.81,,False,44.0,20.9,2.8,6.6,68.1,25.7,22.4,4.8,-12.5,-0.395,0.432,AVGO,,124,15.5,17.0,,False
156,MSCI,MSCI Inc.,Financial Services,Financial Data & Stock Exchang,Core,40.2,552.35,560.51,17.5,16.5,10.0,0.0,ok,0.0,financial_na,,,False,44.0,24.6,3.0,12.2,83.0,,54.3,-3.3,-16.1,-0.098,0.248,GEV,,124,16.5,16.0,,False
157,CSX,CSX Corporation,Industrials,Railroads,Core,87.9,47.43,49.41,19.5,16.0,10.0,0.0,ok,-1.5,ok,2.64,,False,44.0,20.9,2.2,10.1,47.1,24.4,39.4,7.2,-3.1,0.026,0.138,GEV,,124,16.0,15.0,,False
158,INTU,Intuit Inc.,Technology,Software - Application,Core,76.1,284.68,322.64,22.0,12.0,10.0,0.0,ok,0.0,ok,0.18,,True,44.0,10.5,8.4,13.7,81.0,23.6,23.2,-27.5,-49.1,-0.223,0.365,GEV,,124,15.7,17.0,,False
159,ALGN,"Align Technology, Inc.",Healthcare,Medical Instruments & Supplies,Speculative,10.0,140.65,159.96,18.5,15.5,10.0,0.0,ok,0.0,ok,-1.06,,False,44.0,11.3,5.9,4.3,70.7,10.2,39.8,-17.4,-35.7,0.16,0.247,GOOG,,124,15.5,17.0,,False
160,ALL,Allstate Corporation (The),Financial Services,Insurance - Property & Casualt,Core,56.8,224.71,253.08,22.0,12.0,10.0,0.0,ok,0.0,financial_na,,,True,44.0,8.1,26.7,11.8,36.8,46.1,12.6,0.2,-9.6,-0.365,0.347,NVDA,,124,17.5,14.0,,False
161,WM,"Waste Management, Inc.",Industrials,Waste Management,Core,82.6,206.66,219.69,17.5,17.9,10.0,0.0,ok,-1.5,ok,2.93,,False,43.9,22.7,2.8,4.0,40.6,29.8,27.2,-8.0,-29.1,-0.479,0.392,AVGO,,124,17.9,15.0,,False
162,USB,U.S. Bancorp,Financial Services,Banks - Regional,Core,89.2,57.27,62.02,17.5,16.4,10.0,0.0,ok,0.0,financial_na,,,False,43.9,9.9,,10.4,0.0,12.6,22.2,-0.2,-10.3,0.042,0.231,GOOG,,124,16.4,14.0,,False
163,PHM,"PulteGroup, Inc.",Consumer Cyclical,Residential Construction,Core,21.7,113.98,124.9,15.0,18.9,10.0,0.0,ok,0.0,ok,0.42,,False,43.9,10.4,5.0,-9.6,25.6,14.9,37.6,-8.5,-22.4,0.116,0.173,GOOG,,124,18.9,11.0,,False
164,AJG,Arthur J. Gallagher & Co.,Financial Services,Insurance Brokers,Growth,58.3,227.24,249.46,16.5,17.4,10.0,0.0,ok,0.0,financial_na,,,False,43.9,15.3,3.6,30.9,43.2,6.7,23.4,-2.3,-13.9,-0.4,0.377,AVGO,,124,17.4,15.0,,False
165,UDR,"UDR, Inc.",Real Estate,REIT - Residential,Core,12.4,33.84,36.49,18.5,18.9,10.0,0.0,ok,-3.5,ok,5.76,,False,43.9,60.4,6.3,-0.1,66.6,13.7,35.6,-8.0,-19.0,-0.272,0.399,AVGO,,124,18.9,17.0,,False
166,JBL,Jabil Inc.,Technology,Electronic Components,Core,31.5,300.94,316.51,19.0,16.9,10.0,-2.0,ok,0.0,ok,0.91,,False,43.9,13.6,4.0,28.6,9.2,66.4,53.1,-0.2,-4.9,0.589,0.556,GEV,,124,16.9,13.0,,False
167,WSM,"Williams-Sonoma, Inc.",Consumer Cyclical,Specialty Retail,Core,28.1,238.7,233.91,18.5,15.3,10.0,0.0,ok,0.0,ok,0.3,,False,43.8,22.7,3.8,6.7,45.7,55.0,69.8,14.5,13.7,0.21,0.189,GOOG,,124,15.3,12.0,,False
168,CB,Chubb Limited,Financial Services,Insurance - Property & Casualt,Core,127.5,330.49,342.64,18.5,15.3,10.0,0.0,ok,0.0,financial_na,,,False,43.8,11.3,8.2,6.1,31.1,14.8,27.8,0.3,-16.4,-0.415,0.455,AVGO,,124,15.3,14.0,,False
169,VLTO,Veralto Corp,Industrials,Pollution & Treatment Controls,Core,23.5,96.57,96.61,19.5,14.8,10.0,0.0,ok,-0.5,ok,1.06,,False,43.8,20.2,3.4,7.5,60.2,34.3,55.4,3.9,-8.7,-0.206,0.219,GEV,,124,14.8,16.0,,False
170,TKO,"TKO Group Holdings, Inc.",Communication Services,Entertainment,Core,33.5,177.04,187.89,16.5,18.8,10.0,0.0,ok,-1.5,ok,2.69,,False,43.8,37.8,2.6,18.2,59.5,7.1,27.5,-9.8,-27.6,0.007,0.143,BMNR,,124,18.8,14.0,,False
171,AIG,"American International Group, ",Financial Services,Insurance - Diversified,Core,39.3,75.12,76.57,17.0,16.8,10.0,0.0,ok,0.0,financial_na,,,False,43.8,8.5,18.8,0.5,35.1,7.2,48.4,-2.4,-19.2,-0.221,0.316,NVDA,,124,16.8,14.0,,False
172,CVX,Chevron Corporation,Energy,Oil & Gas Integrated,Growth,405.0,206.47,202.4,20.5,13.2,10.0,0.0,ok,0.0,ok,0.56,,False,43.7,14.2,5.4,53.5,44.3,12.2,29.4,10.8,-13.7,-0.443,0.325,NVDA,,124,13.2,13.0,,False
173,SOLV,Solventum Corporation,Healthcare,Medical Instruments & Supplies,Core,15.0,88.03,88.14,18.5,18.7,10.0,0.0,ok,-3.5,ok,4.29,,False,43.7,12.2,3.3,2.2,54.8,34.0,36.5,12.9,21.7,-0.07,0.232,GOOG,,124,18.7,16.0,,False
174,TRMB,Trimble Inc.,Technology,Scientific & Technical Instrum,Core,13.7,58.81,58.27,17.0,17.1,10.0,0.0,ok,-0.5,ok,1.41,,False,43.6,14.2,5.0,11.0,71.8,-1.9,50.1,-6.2,-27.1,0.083,0.242,BMNR,,124,17.1,15.0,,False
175,PFG,Principal Financial Group Inc,Financial Services,Asset Management,Core,23.8,111.03,113.63,17.5,16.1,10.0,0.0,ok,0.0,financial_na,,,False,43.6,10.7,4.4,6.4,47.3,12.9,23.3,9.6,4.4,0.057,0.231,GOOG,,124,16.1,15.0,,False
176,STE,STERIS plc (Ireland),Healthcare,Medical Devices,Core,20.6,211.07,223.99,16.0,17.6,10.0,0.0,ok,0.0,ok,0.95,,False,43.6,17.2,3.9,7.3,44.4,11.4,52.1,-7.4,-21.5,-0.126,0.178,AVGO,,124,17.6,16.0,,False
177,ELV,"Elevance Health, Inc.",Healthcare,Healthcare Plans,Core,85.6,394.51,396.73,16.0,17.5,10.0,0.0,ok,0.0,ok,-0.78,,False,43.5,13.4,5.0,1.4,26.0,11.1,27.9,8.1,12.9,-0.07,0.148,AVGO,,124,17.5,15.0,,False
178,BRO,"Brown & Brown, Inc.",Financial Services,Insurance Brokers,Growth,20.4,60.93,68.54,21.5,12.0,10.0,0.0,ok,0.0,financial_na,,,True,43.5,12.7,8.1,32.4,56.3,10.0,24.6,-10.1,-25.6,-0.385,0.395,AVGO,,124,18.2,15.0,,False
179,DVA,DaVita Inc.,Healthcare,Medical Care Facilities,Core,11.4,178.72,189.41,19.5,17.5,10.0,0.0,ok,-3.5,ok,4.5,,False,43.5,10.4,9.1,5.2,32.4,88.5,33.8,5.1,1.6,-0.023,0.145,GOOG,,124,17.5,15.0,,False
180,LII,"Lennox International, Inc.",Industrials,Building Products & Equipment,Core,12.5,361.15,401.98,18.5,15.4,10.0,0.0,ok,-0.5,ok,1.68,,False,43.4,13.9,2.2,3.0,33.3,71.8,49.1,-25.7,-37.9,0.309,0.281,GEV,,124,15.4,14.0,,False
181,CME,CME Group Inc.,Financial Services,Financial Data & Stock Exchang,Core,97.1,270.03,270.4,17.0,16.4,10.0,0.0,ok,0.0,financial_na,,,False,43.4,20.9,3.0,0.8,100.0,15.8,44.0,-2.3,-30.0,-0.263,0.289,GEV,,124,16.4,16.0,,False
182,SHW,Sherwin-Williams Company (The),Basic Materials,Specialty Chemicals,Cyclical,77.3,318.46,338.91,18.5,17.4,10.0,0.0,ok,-2.5,ok,3.13,,False,43.4,23.5,3.2,7.5,49.0,65.1,44.7,-4.4,-16.8,0.169,0.279,GOOG,,124,17.4,12.0,,False
183,RF,Regions Financial Corporation,Financial Services,Banks - Regional,Core,23.1,27.07,29.9,16.5,16.9,10.0,0.0,ok,0.0,financial_na,,,False,43.4,9.5,,3.4,0.0,11.9,16.8,-5.4,-16.3,0.014,0.238,GOOG,,124,16.9,14.0,,False
184,TYL,"Tyler Technologies, Inc.",Technology,Software - Application,Core,13.4,328.32,335.96,16.0,17.9,10.0,0.0,ok,-0.5,ok,1.06,,False,43.4,21.4,4.4,8.2,47.2,9.7,31.4,-5.0,-20.1,-0.324,0.315,GEV,,124,17.9,16.0,,False
185,AMT,American Tower Corporation (RE,Real Estate,REIT - Specialty,Core,75.6,162.26,172.58,19.5,18.8,10.0,0.0,ok,-5.0,ok,6.14,,False,43.3,23.1,3.9,4.7,73.8,33.9,17.7,-7.8,-24.4,-0.283,0.349,GEV,,124,18.8,17.0,,False
186,MAA,Mid-America Apartment Communit,Real Estate,REIT - Residential,Core,13.9,116.47,127.62,18.0,18.8,10.0,0.0,ok,-3.5,ok,4.57,,False,43.3,35.5,6.6,1.0,58.4,7.0,20.0,-10.6,-23.0,-0.326,0.401,AVGO,,124,18.8,16.0,,False
187,ACGL,Arch Capital Group Ltd.,Financial Services,Insurance - Diversified,Core,32.2,94.36,98.17,16.5,16.8,10.0,0.0,ok,0.0,financial_na,,,False,43.3,9.7,13.4,-10.5,38.8,19.9,36.2,-2.1,-20.0,-0.344,0.443,AVGO,,124,16.8,14.0,,False
188,TLN,Talen Energy Corporation,Utilities,Utilities - Independent Power ,Growth,15.7,331.87,319.42,17.5,13.7,19.0,-2.0,ok,-5.0,ok,16.05,,False,43.2,10.8,8.0,111.2,42.1,-12.8,83.6,-5.7,-15.1,0.517,0.488,GEV,,124,13.7,19.0,,False
189,INVH,Invitation Homes Inc.,Real Estate,REIT - Residential,Core,15.4,26.06,28.69,19.0,17.7,10.0,0.0,ok,-3.5,ok,5.65,,False,43.2,36.7,7.6,10.1,56.3,7.1,21.2,-6.0,-15.2,-0.24,0.343,AVGO,,124,17.7,16.0,,False
190,UNH,UnitedHealth Group Incorporate,Healthcare,Healthcare Plans,Core,339.8,378.58,393.73,15.5,18.2,10.0,0.0,ok,-0.5,ok,1.57,,False,43.2,16.7,7.1,0.4,19.7,14.2,53.2,6.4,17.1,-0.056,0.092,AVGO,,124,18.2,15.0,,False
191,WFC,Wells Fargo & Company,Financial Services,Banks - Diversified,Core,246.3,81.44,86.0,16.5,16.7,10.0,0.0,ok,0.0,financial_na,,,False,43.2,10.2,,9.5,0.0,12.6,20.5,-3.5,-17.4,-0.041,0.131,AVGO,,124,16.7,14.0,,False
192,ORLY,"O'Reilly Automotive, Inc.",Consumer Cyclical,Auto Parts,Core,67.9,83.9,88.34,15.5,19.2,10.0,0.0,ok,-1.5,ok,2.24,,False,43.2,23.0,2.3,8.1,51.6,,44.4,-7.7,-26.4,-0.179,0.228,NVDA,,124,19.2,12.0,,False
193,T,AT&T Inc.,Communication Services,Telecom Services,Core,166.1,24.24,24.93,19.5,16.2,10.0,0.0,ok,-2.5,ok,3.3,,False,43.2,9.4,6.1,2.3,59.7,18.3,12.4,-3.1,-31.0,-0.346,0.365,GEV,,124,16.2,16.0,,False
194,L,Loews Corporation,Financial Services,Insurance - Property & Casualt,Core,21.6,105.67,110.72,16.0,17.2,10.0,0.0,ok,0.0,financial_na,,,False,43.2,36.4,5.8,3.9,36.3,9.3,30.4,-3.0,-19.4,-0.275,0.298,NVDA,,124,17.2,14.0,,False
195,APA,APA Corporation,Energy,Oil & Gas E&P,Cyclical,15.4,43.85,41.66,21.0,12.0,10.0,0.0,ok,0.0,ok,0.6,,False,43.0,9.6,14.0,9.2,78.3,26.7,35.6,24.5,-14.9,-0.311,0.272,GOOG,,124,12.0,14.0,,False
196,ZBH,"Zimmer Biomet Holdings, Inc.",Healthcare,Medical Devices,Core,17.5,91.57,96.04,18.0,16.5,10.0,0.0,ok,-1.5,ok,2.83,,False,43.0,10.1,6.1,4.8,69.5,6.4,32.8,0.4,-16.9,-0.155,0.15,AVGO,,124,16.5,17.0,,False
197,PPG,"PPG Industries, Inc.",Basic Materials,Specialty Chemicals,Cyclical,23.4,105.27,111.11,17.5,17.0,10.0,0.0,ok,-1.5,ok,2.17,,False,43.0,12.2,4.7,7.2,41.2,19.3,51.6,-5.6,-15.5,0.288,0.239,GOOG,,124,17.0,12.0,,False
198,C,"Citigroup, Inc.",Financial Services,Banks - Diversified,Core,215.6,128.55,133.73,16.0,17.0,10.0,0.0,ok,0.0,financial_na,,,False,43.0,9.9,,15.5,0.0,8.5,32.7,2.5,-7.4,0.311,0.226,GEV,,124,17.0,14.0,,False
199,NKE,"Nike, Inc.",Consumer Cyclical,Footwear & Accessories,Core,50.4,33.96,38.89,16.5,16.5,10.0,0.0,ok,0.0,ok,0.56,,False,43.0,19.3,3.5,-4.3,43.4,21.6,31.4,-30.1,-40.4,-0.014,0.293,GOOG,,124,16.5,12.0,,False
200,MPC,Marathon Petroleum Corporation,Energy,Oil & Gas Refining & Marketing,Growth,121.7,433.47,411.8,21.0,12.5,10.0,0.0,ok,-0.5,ok,1.72,,False,43.0,8.6,7.6,53.7,12.8,42.1,60.9,65.6,62.1,-0.152,0.212,NVDA,,124,12.5,12.0,,False
201,GWW,"W.W. Grainger, Inc.",Industrials,Industrial Distribution,Core,60.6,1286.84,1302.67,19.5,13.4,10.0,0.0,ok,0.0,ok,0.69,,False,42.9,25.2,2.1,10.3,39.4,46.1,55.6,6.8,-2.1,0.069,0.124,GEV,,124,13.4,14.0,,False
202,BF-B,Brown Forman Inc,Consumer Defensive,Beverages - Wineries & Distill,Core,12.1,26.27,27.27,17.5,15.8,10.0,0.0,ok,-0.5,ok,1.8,,False,42.8,15.3,5.7,-1.4,60.7,18.1,51.1,-2.2,-19.2,-0.056,0.159,GOOG,,124,15.8,18.0,,False
203,SYY,Sysco Corporation,Consumer Defensive,Food Distribution,Core,37.6,76.38,81.67,17.0,17.3,10.0,0.0,ok,-1.5,ok,2.95,,False,42.8,14.2,5.1,4.7,18.5,77.7,28.1,-4.0,-13.2,-0.114,0.196,NVDA,,124,17.3,16.0,,False
204,KR,Kroger Company (The),Consumer Defensive,Grocery Stores,Core,34.7,58.78,58.18,15.5,18.7,10.0,0.0,ok,-1.5,ok,2.8,,False,42.7,10.7,7.3,2.0,23.9,14.4,35.4,-7.1,-36.6,-0.42,0.403,AVGO,,124,18.7,16.0,,False
205,DOC,"Healthpeak Properties, Inc.",Real Estate,REIT - Healthcare Facilities,Core,13.4,18.84,20.89,18.0,18.2,10.0,0.0,ok,-3.5,ok,5.53,,False,42.7,134.6,12.3,11.1,57.6,3.0,28.1,0.6,-3.2,0.005,0.134,GOOG,,124,18.2,16.0,,False
206,DLTR,"Dollar Tree, Inc.",Consumer Defensive,Discount Stores,Core,21.2,113.19,123.96,18.5,15.7,10.0,0.0,ok,-1.5,ok,2.64,,False,42.7,14.3,4.9,7.0,37.2,46.0,51.0,-3.5,-15.6,-0.055,0.148,GEV,,124,15.7,16.0,,False
207,MTB,M&T Bank Corporation,Financial Services,Banks - Regional,Core,31.5,218.26,238.21,16.5,16.1,10.0,0.0,ok,0.0,financial_na,,,False,42.6,10.4,,6.2,0.0,10.7,20.0,-2.3,-14.5,0.019,0.23,GOOG,,124,16.1,14.0,,False
208,COP,ConocoPhillips,Energy,Oil & Gas E&P,Growth,154.3,128.4,127.82,19.5,13.1,10.0,0.0,ok,0.0,ok,0.58,,False,42.6,13.3,5.0,35.5,47.6,14.2,28.2,10.8,-19.2,-0.397,0.376,GOOG,,124,13.1,13.0,,False
209,ROST,"Ross Stores, Inc.",Consumer Cyclical,Apparel Retail,Core,72.6,226.37,237.68,18.0,14.6,10.0,0.0,ok,0.0,ok,0.12,,False,42.6,25.2,2.8,13.3,33.4,42.6,50.2,4.0,-15.2,0.023,0.102,GOOG,,124,14.6,11.0,,False
210,UAL,"United Airlines Holdings, Inc.",Industrials,Airlines,Core,35.7,110.0,115.86,17.0,17.1,10.0,0.0,ok,-1.5,ok,2.4,,False,42.6,8.0,2.5,16.0,31.8,23.3,55.8,0.8,3.4,0.318,0.296,GOOG,,124,17.1,14.0,,False
211,PSX,Phillips 66,Energy,Oil & Gas Refining & Marketing,Growth,108.1,269.72,256.23,19.0,14.1,10.0,0.0,ok,-0.5,ok,1.66,,False,42.6,10.1,4.2,53.1,13.1,23.5,54.9,47.2,35.7,-0.239,0.279,NVDA,,124,14.1,12.0,,False
212,VLO,Valero Energy Corporation,Energy,Oil & Gas Refining & Marketing,Growth,120.7,419.33,398.36,20.0,12.5,10.0,0.0,ok,0.0,ok,0.26,,False,42.5,10.2,7.0,51.7,16.1,27.6,60.6,61.1,53.3,-0.164,0.25,GOOG,,124,12.5,12.0,,False
213,AIZ,"Assurant, Inc.",Financial Services,Insurance - Property & Casualt,Core,13.1,266.41,279.93,15.5,17.0,10.0,0.0,ok,0.0,financial_na,,,False,42.5,11.4,16.4,9.4,13.3,18.3,21.3,6.5,4.7,-0.048,0.111,AVGO,,124,17.0,14.0,,False
214,PAYX,"Paychex, Inc.",Technology,Software - Application,Core,35.5,99.78,116.73,21.0,12.0,10.0,0.0,ok,-0.5,ok,1.2,,True,42.5,15.6,5.3,5.9,74.4,47.1,12.8,-3.1,-7.5,-0.327,0.436,GEV,,124,18.1,17.0,,False
215,URI,"United Rentals, Inc.",Industrials,Rental & Leasing Services,Core,66.9,1074.28,1066.58,18.5,16.5,10.0,0.0,ok,-2.5,ok,3.26,,False,42.5,18.7,2.6,11.8,38.5,28.9,67.6,13.4,28.7,0.179,0.307,GEV,,124,16.5,16.0,,False
216,EXPD,Expeditors International of Wa,Industrials,Integrated Freight & Logistics,Growth,25.2,194.12,184.91,17.5,14.9,10.0,0.0,ok,0.0,ok,-0.37,,False,42.4,24.2,3.2,32.1,13.5,42.7,50.3,19.3,16.0,-0.01,0.059,GEV,,124,14.9,14.0,,False
217,HWM,Howmet Aerospace Inc.,Industrials,Aerospace & Defense,Core,91.6,229.57,258.18,18.0,14.9,10.0,0.0,ok,-0.5,ok,1.47,,False,42.4,35.5,1.3,24.1,36.0,34.7,56.3,-7.6,-20.4,0.219,0.221,GOOG,,124,14.9,14.0,,False
218,CSGP,"CoStar Group, Inc.",Real Estate,Real Estate Services,Core,11.2,27.66,30.22,16.5,15.9,10.0,0.0,ok,0.0,ok,-0.28,,False,42.4,15.6,3.7,18.4,78.7,0.9,19.8,-30.9,-50.3,-0.329,0.384,GEV,,124,15.9,19.0,,False
219,EW,Edwards Lifesciences Corporati,Healthcare,Medical Devices,Core,50.3,87.23,88.54,16.5,15.8,10.0,0.0,ok,0.0,ok,-1.78,,False,42.3,25.8,2.5,13.6,77.8,9.2,54.8,2.5,-10.0,0.073,0.247,GOOG,,124,15.8,17.0,,False
220,ANET,"Arista Networks, Inc.",Technology,Computer Hardware,Growth,260.9,206.9,196.55,19.0,10.7,14.6,-2.0,ok,0.0,ok,-2.88,,False,42.3,39.8,1.5,37.7,63.0,31.5,76.5,30.2,46.4,0.526,0.514,AVGO,,124,10.7,20.0,,False
221,YUM,"Yum! Brands, Inc.",Consumer Cyclical,Restaurants,Core,37.4,136.97,146.59,16.5,19.3,10.0,0.0,ok,-3.5,ok,4.15,,False,42.3,19.6,2.2,12.2,45.3,,39.8,-10.9,-30.4,-0.072,0.11,AVGO,,124,19.3,12.0,,False
222,SJM,The J.M. Smucker Company,Consumer Defensive,Packaged Foods,Core,12.4,116.23,122.42,17.0,17.7,10.0,0.0,ok,-2.5,ok,3.05,,False,42.2,10.6,11.8,5.0,38.0,3.9,34.1,7.8,5.9,-0.419,0.427,GEV,,124,17.7,16.0,,False
223,VMC,Vulcan Materials Company (Hold,Basic Materials,Building Materials,Cyclical,31.8,245.57,265.03,14.5,19.2,10.0,0.0,ok,-1.5,ok,2.03,,False,42.2,23.4,2.7,2.5,27.5,13.2,44.9,-13.5,-30.3,0.133,0.238,GOOG,,124,19.2,11.0,,False
224,BXP,"BXP, Inc.",Real Estate,REIT - Office,Core,10.7,59.37,66.68,18.0,19.2,10.0,0.0,ok,-5.0,ok,9.81,,False,42.2,25.7,8.2,3.7,56.5,5.3,27.3,-5.0,-3.1,0.039,0.188,GOOG,,124,19.2,16.0,,False
225,MSI,"Motorola Solutions, Inc.",Technology,Communication Equipment,Core,75.4,455.37,460.99,19.5,14.2,10.0,0.0,ok,-1.5,ok,2.37,,False,42.2,23.4,2.6,13.3,52.1,91.6,37.3,5.8,-14.3,-0.089,0.132,AVGO,,124,14.2,14.0,,False
226,CFG,"Citizens Financial Group, Inc.",Financial Services,Banks - Regional,Core,27.1,64.31,69.69,16.0,16.1,10.0,0.0,ok,0.0,financial_na,,,False,42.1,9.8,,14.7,0.0,8.3,22.5,-0.8,-12.0,0.105,0.195,GOOG,,124,16.1,14.0,,False
227,NTAP,"NetApp, Inc.",Technology,Software - Infrastructure,Core,44.0,223.77,212.58,21.5,10.6,10.0,0.0,ok,0.0,ok,-0.5,,False,42.1,20.1,2.7,29.9,70.6,114.8,84.3,61.4,104.3,0.142,0.277,AVGO,,124,10.6,17.0,,False
228,KVUE,Kenvue Inc.,Consumer Defensive,Household & Personal Products,Core,33.4,17.39,18.62,17.5,16.1,10.0,0.0,ok,-1.5,ok,2.16,,False,42.1,14.0,5.7,3.0,58.4,15.6,41.6,-2.8,-15.8,-0.147,0.214,AVGO,,124,16.1,17.0,,False
229,FRT,Federal Realty Investment Trus,Real Estate,REIT - Retail,Speculative,9.3,105.97,116.31,18.5,17.1,10.0,0.0,ok,-3.5,ok,5.65,,False,42.1,33.7,4.9,7.2,68.1,12.6,11.1,-5.4,-18.2,-0.148,0.207,AVGO,,124,17.1,17.0,,False
230,CRDO,Credo Technology Group Holding,Technology,Semiconductors,Growth,39.9,212.48,209.05,20.0,14.1,10.0,-2.0,ok,0.0,ok,-1.36,,False,42.1,21.9,0.6,114.7,67.1,30.7,77.8,19.6,89.9,0.506,0.45,GEV,,124,14.1,15.0,,False
231,TXN,Texas Instruments Incorporated,Technology,Semiconductors,Core,269.3,294.9,280.15,19.0,13.0,10.0,0.0,ok,0.0,ok,0.74,,False,42.0,27.7,1.3,22.8,58.3,35.2,82.0,18.8,31.1,0.499,0.449,GEV,,124,13.0,14.0,,False
232,DG,Dollar General Corporation,Consumer Defensive,Discount Stores,Core,26.3,119.32,124.18,17.0,17.5,10.0,0.0,ok,-2.5,ok,3.96,,False,42.0,14.4,6.6,5.2,31.2,19.7,36.5,-5.7,-21.6,-0.032,0.196,GEV,,124,17.5,16.0,,False
233,AON,Aon plc,Financial Services,Insurance Brokers,Core,57.7,272.05,328.51,20.0,12.0,10.0,0.0,ok,0.0,financial_na,,,True,42.0,13.4,5.5,2.2,48.2,44.7,18.0,-17.9,-33.9,-0.381,0.338,GEV,,124,15.9,15.0,,False
234,POOL,Pool Corporation,Industrials,Industrial Distribution,Speculative,5.8,159.35,182.45,17.0,16.5,10.0,0.0,ok,-1.5,ok,2.58,,False,42.0,13.5,3.7,2.2,29.6,31.3,30.4,-23.1,-39.1,0.029,0.164,GOOG,,124,16.5,14.0,,False
235,PM,Philip Morris International In,Consumer Defensive,Tobacco,Core,295.4,189.53,189.95,17.5,16.0,10.0,0.0,ok,-1.5,ok,2.39,,False,42.0,20.6,3.3,10.4,67.5,,40.3,6.9,0.7,-0.17,0.237,NVDA,,124,16.0,18.0,,False
236,BSX,Boston Scientific Corporation,Healthcare,Medical Devices,Core,61.4,42.4,46.86,17.0,16.5,10.0,0.0,ok,-1.5,ok,2.12,,False,42.0,12.5,4.0,7.5,69.2,15.3,35.9,-31.3,-49.7,0.027,0.091,GOOG,,124,16.5,17.0,,False
237,TTWO,"Take-Two Interactive Software,",Communication Services,Electronic Gaming & Multimedia,Core,38.0,203.46,225.97,13.5,18.9,10.0,0.0,ok,-0.5,ok,1.46,,False,41.9,19.8,3.3,2.0,57.1,-9.0,37.0,-9.4,-14.0,0.099,0.232,GOOG,,124,18.9,14.0,,False
238,ESTC,Elastic N.V.,Technology,Software - Application,Speculative,10.0,94.91,90.16,21.0,10.9,10.0,0.0,ok,0.0,neg_ebitda_low_debt,,,False,41.9,24.0,5.1,15.1,75.6,33.1,72.5,45.7,70.2,-0.023,0.23,GEV,,124,10.9,17.0,,False
239,GEHC,GE HealthCare Technologies Inc,Healthcare,Medical Devices,Core,29.7,65.74,68.75,17.5,15.9,10.0,0.0,ok,-1.5,ok,2.36,,False,41.9,12.2,5.3,5.8,39.5,19.4,58.9,-7.8,-24.1,-0.068,0.166,GOOG,,124,15.9,15.0,,False
240,CDNS,"Cadence Design Systems, Inc.",Technology,Software - Application,Core,97.3,353.48,335.81,18.0,13.9,10.0,0.0,ok,0.0,ok,0.52,,False,41.9,36.9,1.7,24.2,85.9,23.2,97.0,8.4,9.0,0.316,0.377,NVDA,,124,13.9,17.0,,False
241,NDAQ,"Nasdaq, Inc.",Financial Services,Financial Data & Stock Exchang,Core,51.5,92.19,94.94,18.0,13.9,10.0,0.0,ok,0.0,financial_na,,,False,41.9,19.7,3.3,14.9,100.0,16.5,60.0,1.8,-12.6,-0.069,0.259,GEV,,124,13.9,16.0,,False
242,AMGN,Amgen Inc.,Healthcare,Drug Manufacturers - General,Core,217.9,402.98,409.99,19.5,13.9,10.0,0.0,ok,-1.5,ok,2.51,,False,41.9,16.5,4.0,9.5,71.9,91.5,67.7,11.1,1.0,-0.028,0.12,AVGO,,124,13.9,17.0,,False
243,CPRT,"Copart, Inc.",Industrials,Specialty Business Services,Core,25.6,27.65,30.45,16.0,15.9,10.0,0.0,ok,0.0,ok,-2.36,,False,41.9,15.8,3.5,2.4,45.3,16.2,13.9,-17.4,-33.3,-0.233,0.339,AVGO,,124,15.9,17.0,,False
244,CI,The Cigna Group,Healthcare,Healthcare Plans,Core,71.7,271.29,278.78,15.5,16.8,10.0,0.0,ok,-0.5,ok,1.93,,False,41.8,8.1,11.1,6.7,9.1,16.8,30.1,-2.9,-19.1,-0.295,0.344,AVGO,,124,16.8,15.0,,False
245,SWK,"Stanley Black & Decker, Inc.",Industrials,Tools & Accessories,Core,13.5,89.68,95.36,15.5,17.8,10.0,0.0,ok,-1.5,ok,2.58,,False,41.8,14.1,10.5,0.4,32.2,6.9,53.5,7.3,14.4,0.31,0.275,GEV,,124,17.8,14.0,,False
246,TGT,Target Corporation,Consumer Defensive,Discount Stores,Core,69.5,152.99,155.62,17.5,14.8,10.0,0.0,ok,-0.5,ok,1.6,,False,41.8,16.0,4.9,5.3,28.4,26.4,46.5,19.5,8.9,-0.062,0.167,GEV,,124,14.8,16.0,,False
247,EPAM,"EPAM Systems, Inc.",Technology,Information Technology Service,Speculative,5.7,109.95,108.74,17.0,14.8,10.0,0.0,ok,0.0,ok,-0.85,,False,41.8,7.8,11.5,4.5,29.5,11.2,29.9,-15.7,-37.2,-0.236,0.314,GEV,,124,14.8,15.0,,False
248,XYL,Xylem Inc.,Industrials,Specialty Industrial Machinery,Core,23.9,102.42,112.11,16.0,15.8,10.0,0.0,ok,0.0,ok,0.9,,False,41.8,16.4,5.0,1.5,39.2,9.2,29.4,-15.3,-34.8,0.189,0.221,GEV,,124,15.8,14.0,,False
249,TDG,Transdigm Group Incorporated,Industrials,Aerospace & Defense,Core,60.4,1092.66,1178.22,18.5,18.3,10.0,0.0,ok,-5.0,ok,6.03,,False,41.8,22.6,2.4,22.5,59.8,,53.2,-12.4,-25.6,0.186,0.342,GOOG,,124,18.3,15.0,,False
250,TFC,Truist Financial Corporation,Financial Services,Banks - Regional,Core,56.6,46.33,50.31,15.0,16.8,10.0,0.0,ok,0.0,financial_na,,,False,41.8,9.3,,8.2,0.0,9.1,20.1,-6.3,-19.2,-0.012,0.165,GOOG,,124,16.8,14.0,,False
251,NSC,Norfolk Southern Corporation,Industrials,Railroads,Core,71.0,316.23,331.17,15.5,17.8,10.0,0.0,ok,-1.5,ok,2.84,,False,41.8,22.1,1.9,11.4,45.2,17.0,44.6,1.8,-7.2,-0.066,0.174,BMNR,,124,17.8,15.0,,False
252,STX,Seagate Technology Holdings PL,Technology,Computer Hardware,Growth,201.7,887.09,855.76,20.0,13.7,10.0,-2.0,ok,0.0,ok,0.49,,False,41.7,16.0,1.0,48.5,45.6,371.5,66.1,36.3,78.2,0.522,0.491,GEV,,124,13.7,14.0,,False
253,MU,"Micron Technology, Inc.",Technology,Semiconductors,Growth,1201.6,1063.96,1010.76,22.5,11.2,10.0,-2.0,ok,0.0,ok,-0.35,,False,41.7,5.1,2.4,379.3,80.7,88.3,72.0,56.0,164.2,0.581,0.527,GEV,,124,11.2,15.0,,False
254,KO,Coca-Cola Company (The),Consumer Defensive,Beverages - Non-Alcoholic,Core,372.2,86.51,87.9,17.0,15.2,10.0,0.0,ok,-0.5,ok,1.64,,False,41.7,24.5,1.4,6.7,61.9,42.1,35.8,8.3,-5.5,-0.39,0.365,GEV,,124,15.2,18.0,,False
255,PKG,Packaging Corporation of Ameri,Consumer Cyclical,Packaging & Containers,Core,20.4,229.31,242.86,15.5,16.7,10.0,0.0,ok,-0.5,ok,1.91,,False,41.7,17.5,2.1,14.7,21.4,14.9,46.8,1.4,-5.8,0.099,0.138,GEV,,124,16.7,11.0,,False
256,CMI,Cummins Inc.,Industrials,Specialty Industrial Machinery,Core,72.0,523.37,580.07,16.0,17.7,10.0,-2.0,ok,0.0,ok,0.87,,False,41.7,15.1,3.1,9.4,25.8,21.1,40.2,-13.2,-22.7,0.587,0.58,GEV,,124,17.7,14.0,,False
257,DIS,Walt Disney Company (The),Communication Services,Entertainment,Core,178.9,103.61,104.24,14.5,17.6,10.0,0.0,ok,-0.5,ok,1.95,,False,41.6,13.8,2.7,6.8,37.6,8.0,41.7,-0.2,-9.9,0.044,0.33,GOOG,,124,17.6,13.0,,False
258,LVS,Las Vegas Sands Corp.,Consumer Cyclical,Resorts & Casinos,Core,23.7,36.61,43.74,21.0,12.0,10.0,0.0,ok,-1.5,ok,2.57,,True,41.5,10.4,9.3,-0.7,79.3,122.9,15.0,-28.9,-49.8,-0.032,0.146,GEV,,124,15.9,13.0,,False
259,HPQ,HP Inc.,Technology,Computer Hardware,Core,28.4,31.47,30.5,16.0,16.0,10.0,0.0,ok,-0.5,ok,1.33,,False,41.5,10.0,11.9,12.5,19.7,,37.9,33.8,48.7,-0.126,0.272,GEV,,124,16.0,13.0,,False
260,PLTR,Palantir Technologies Inc.,Technology,Software - Infrastructure,Growth,455.1,189.4,179.93,20.0,11.5,10.0,0.0,ok,0.0,ok,-3.45,,False,41.5,80.8,0.5,92.8,84.8,38.1,77.5,24.4,10.5,0.227,0.383,BMNR,,124,11.5,17.0,,False
261,TTD,"The Trade Desk, Inc.",Communication Services,Advertising Agencies,Speculative,5.7,11.98,14.47,19.5,12.0,10.0,0.0,ok,0.0,ok,-1.51,,True,41.5,11.9,10.3,3.0,76.9,15.4,4.5,-47.0,-63.5,-0.025,0.18,GOOG,,124,16.0,15.0,,False
262,CHRW,"C.H. Robinson Worldwide, Inc.",Industrials,Integrated Freight & Logistics,Core,16.4,140.61,151.11,16.5,15.5,10.0,0.0,ok,-0.5,ok,1.95,,False,41.5,18.7,2.9,19.3,8.4,37.1,30.9,-18.3,-34.3,-0.071,0.097,BMNR,,124,15.5,14.0,,False
263,VZ,Verizon Communications Inc.,Communication Services,Telecom Services,Core,190.5,45.85,48.22,18.5,15.5,10.0,0.0,ok,-2.5,ok,3.76,,False,41.5,8.7,9.2,-0.7,59.5,15.8,13.0,-0.5,-22.8,-0.354,0.367,GEV,,124,15.5,16.0,,False
264,GEN,Gen Digital Inc.,Technology,Software - Infrastructure,Core,13.3,22.28,27.84,22.0,12.0,10.0,0.0,ok,-2.5,ok,3.17,,True,41.5,6.7,11.6,6.3,78.0,41.9,14.5,-9.0,-1.8,-0.01,0.215,GEV,,124,19.6,17.0,,False
265,FTNT,"Fortinet, Inc.",Technology,Software - Infrastructure,Core,135.1,184.13,174.92,19.0,12.5,10.0,0.0,ok,0.0,ok,-1.35,,False,41.5,48.7,1.7,25.6,80.2,117.4,68.5,55.1,106.3,0.083,0.233,NVDA,,124,12.5,17.0,,False
266,EXR,Extra Space Storage Inc,Real Estate,REIT - Industrial,Core,29.3,132.91,142.19,17.0,17.9,10.0,0.0,ok,-3.5,ok,5.94,,False,41.4,27.4,5.1,3.8,74.9,7.0,39.3,-5.9,-18.3,-0.12,0.211,AVGO,,124,17.9,17.0,,False
267,BKR,Baker Hughes Company,Energy,Oil & Gas Equipment & Services,Cyclical,57.0,57.38,60.59,16.0,15.4,10.0,0.0,ok,0.0,ok,-0.16,,False,41.4,19.1,7.8,-2.4,23.7,16.5,53.3,-3.1,-22.6,0.219,0.178,BMNR,,124,15.4,14.0,,False
268,FISV,"Fiserv, Inc.",,,Core,24.5,46.14,50.87,15.5,15.9,10.0,0.0,ok,,unavailable,,,False,41.4,5.8,,,,,28.2,-18.7,-35.6,-0.203,0.266,GEV,,124,15.9,12.5,,False
269,BDX,"Becton, Dickinson and Company",Healthcare,Medical Instruments & Supplies,Core,49.2,180.67,180.15,17.0,15.9,10.0,0.0,ok,-1.5,ok,2.63,,False,41.4,13.6,9.1,5.4,46.9,6.6,40.2,11.4,-1.2,-0.246,0.299,AVGO,,124,15.9,16.0,,False
270,HAL,Halliburton Company,Energy,Oil & Gas Equipment & Services,Cyclical,27.3,32.78,33.92,15.5,16.4,10.0,0.0,ok,-0.5,ok,1.49,,False,41.4,11.3,7.5,3.7,15.1,14.9,24.9,-7.3,-30.8,-0.035,0.104,BMNR,,124,16.4,14.0,,False
271,TEL,TE Connectivity plc,Technology,Electronic Components,Core,63.4,218.93,209.41,18.5,12.8,10.0,0.0,ok,0.0,ok,0.92,,False,41.3,16.9,3.7,13.8,36.1,23.3,72.3,2.2,-13.1,0.321,0.231,BMNR,,124,12.8,13.0,,False
272,NUE,Nucor Corporation,Basic Materials,Steel,Cyclical,57.0,251.41,255.64,14.0,17.3,10.0,0.0,ok,0.0,ok,0.78,,False,41.3,12.6,1.2,23.0,15.6,14.5,44.4,17.3,30.8,0.153,0.165,AVGO,,124,17.3,11.0,,False
273,MRK,"Merck & Company, Inc.",Healthcare,Drug Manufacturers - General,Core,344.3,139.54,142.2,16.0,15.8,10.0,0.0,ok,-0.5,ok,1.62,,False,41.3,14.7,4.4,5.1,75.9,7.0,40.7,13.8,-2.0,-0.173,0.302,AVGO,,124,15.8,17.0,,False
274,AMCR,Amcor plc,Consumer Cyclical,Packaging & Containers,Core,19.3,41.8,44.97,16.0,17.7,10.0,0.0,ok,-2.5,ok,3.97,,False,41.2,9.6,7.8,25.9,20.0,9.4,44.1,-2.0,-12.5,0.146,0.241,GOOG,,124,17.7,11.0,,False
275,CVS,CVS Health Corporation,Healthcare,Healthcare Plans,Core,111.3,87.01,94.75,14.0,19.7,10.0,0.0,ok,-2.5,ok,3.74,,False,41.2,10.2,7.3,7.1,13.6,6.2,30.6,-0.3,2.3,-0.132,0.197,AVGO,,124,19.7,15.0,,False
276,PLD,"Prologis, Inc.",Real Estate,REIT - Industrial,Core,124.5,128.08,138.52,18.0,16.7,10.0,0.0,ok,-3.5,ok,5.24,,False,41.2,38.4,4.3,12.3,75.5,7.7,25.1,-6.9,-20.7,0.001,0.156,BMNR,,124,16.7,17.0,,False
277,CDW,CDW Corporation,Technology,Information Technology Service,Core,16.7,133.92,142.02,17.0,16.7,10.0,0.0,ok,-2.5,ok,3.02,,False,41.2,11.1,4.0,10.0,21.4,44.0,24.5,1.9,-9.0,-0.031,0.148,GEV,,124,16.7,15.0,,False
278,VEEV,Veeva Systems Inc.,Healthcare,Health Information Services,Core,45.9,283.45,269.28,18.0,13.2,10.0,0.0,ok,0.0,ok,-6.59,,False,41.2,27.7,2.7,17.6,75.0,14.4,64.3,40.8,44.8,-0.137,0.334,GEV,,124,13.2,19.0,,False
279,ISRG,"Intuitive Surgical, Inc.",Healthcare,Medical Instruments & Supplies,Core,143.6,406.48,386.16,15.5,15.6,10.0,0.0,ok,0.0,ok,-1.25,,False,41.1,33.6,1.8,18.5,66.7,17.4,67.8,-9.1,-27.7,0.09,0.297,GOOG,,124,15.6,17.0,,False
280,DRI,"Darden Restaurants, Inc.",Consumer Cyclical,Restaurants,Core,22.6,199.72,211.6,17.0,16.5,10.0,0.0,ok,-2.5,ok,3.91,,False,41.0,16.1,3.5,5.1,21.7,55.4,37.5,-1.8,-15.1,-0.013,0.148,NVDA,,124,16.5,11.0,,False
281,ESS,"Essex Property Trust, Inc.",Real Estate,REIT - Residential,Core,18.7,271.93,280.8,17.0,17.5,10.0,0.0,ok,-3.5,ok,5.43,,False,41.0,43.2,5.6,3.1,68.8,7.7,41.8,1.7,-7.7,-0.274,0.387,AVGO,,124,17.5,17.0,,False
282,KDP,Keurig Dr Pepper Inc.,Consumer Defensive,Beverages - Non-Alcoholic,Growth,42.0,30.89,31.2,20.0,15.9,10.0,0.0,ok,-5.0,ok,6.66,,False,40.9,12.2,11.0,75.6,51.0,5.1,47.4,5.4,2.7,-0.163,0.191,NVDA,,124,15.9,17.0,,False
283,DOV,Dover Corporation,Industrials,Specialty Industrial Machinery,Core,25.8,191.3,197.66,16.0,14.9,10.0,0.0,ok,0.0,ok,0.79,,False,40.9,16.4,3.5,6.9,40.1,14.9,55.3,-8.9,-25.3,0.292,0.255,GEV,,124,14.9,15.0,,False
284,CRH,CRH PLC,Basic Materials,Building Materials,Cyclical,55.0,82.65,92.7,16.0,16.4,10.0,0.0,ok,-1.5,ok,2.17,,False,40.9,12.9,3.7,5.6,36.2,15.8,32.5,-23.5,-39.5,0.248,0.308,GOOG,,124,16.4,11.0,,False
285,REG,Regency Centers Corporation,Real Estate,REIT - Retail,Core,13.3,71.33,75.88,17.0,17.4,10.0,0.0,ok,-3.5,ok,4.62,,False,40.9,28.4,5.6,8.9,71.5,8.2,23.5,-6.3,-24.4,-0.272,0.304,AVGO,,124,17.4,17.0,,False
286,CCL,Carnival Corporation Ltd.,Consumer Cyclical,Travel Services,Core,34.4,25.56,25.33,20.0,13.4,10.0,0.0,ok,-2.5,ok,3.28,,False,40.9,10.0,5.3,3.5,55.4,24.0,73.7,-6.6,-18.5,0.327,0.369,GOOG,,124,13.4,14.0,,False
287,GD,General Dynamics Corporation,Industrials,Aerospace & Defense,Core,89.7,331.72,369.03,14.5,12.0,14.3,0.0,ok,0.0,ok,0.78,,True,40.8,17.8,4.9,8.1,15.4,17.8,13.9,-6.4,-22.6,-0.089,0.183,NVDA,,124,17.9,21.0,,False
288,LYV,"Live Nation Entertainment, Inc",Communication Services,Entertainment,Core,39.8,170.67,177.25,16.0,15.3,10.0,0.0,ok,-0.5,ok,1.43,,False,40.8,87.5,4.3,9.4,25.8,17.7,51.0,4.2,-10.9,0.059,0.187,GOOG,,124,15.3,13.0,,False
289,CHD,"Church & Dwight Company, Inc.",Consumer Defensive,Household & Personal Products,Core,22.7,95.66,98.47,17.5,13.8,10.0,0.0,ok,-0.5,ok,1.6,,False,40.8,23.7,4.1,1.6,45.6,17.0,56.5,-0.1,-14.4,-0.222,0.262,GEV,,124,13.8,17.0,,False
290,AMAT,"Applied Materials, Inc.",Technology,Semiconductor Equipment & Mate,Core,430.4,542.28,515.17,19.0,13.8,10.0,-2.0,ok,0.0,ok,-0.19,,False,40.8,29.4,0.7,24.8,49.4,41.1,95.1,26.7,36.3,0.645,0.623,GEV,,124,13.8,14.0,,False
291,PFE,"Pfizer, Inc.",Healthcare,Drug Manufacturers - General,Core,156.2,27.41,27.32,18.0,14.3,10.0,0.0,ok,-1.5,ok,2.04,,False,40.8,9.5,8.0,2.6,74.7,5.0,47.4,4.9,-17.4,-0.175,0.233,GEV,,124,14.3,17.0,,False
292,HRL,Hormel Foods Corporation,Consumer Defensive,Packaged Foods,Core,11.1,20.08,22.66,12.0,19.2,10.0,0.0,ok,-0.5,ok,1.57,,False,40.7,12.8,5.6,-2.4,15.7,4.3,33.6,-12.7,-24.3,-0.21,0.265,NVDA,,124,19.2,16.0,,False
293,TJX,"TJX Companies, Inc. (The)",Consumer Cyclical,Apparel Retail,Core,147.8,134.41,141.17,17.0,13.7,10.0,0.0,ok,0.0,ok,0.93,,False,40.7,23.3,3.0,5.4,31.5,62.2,72.7,-11.7,-34.2,-0.124,0.187,GEV,,124,13.7,11.0,,False
294,ROK,"Rockwell Automation, Inc.",Industrials,Specialty Industrial Machinery,Core,50.6,455.18,438.33,18.5,12.7,10.0,0.0,ok,-0.5,ok,1.5,,False,40.7,30.5,2.6,7.9,49.1,30.6,82.9,7.6,6.9,0.453,0.45,GEV,,124,12.7,15.0,,False
295,DLR,"Digital Realty Trust, Inc.",Real Estate,REIT - Specialty,Core,67.9,179.87,187.99,19.0,15.1,10.0,0.0,ok,-3.5,ok,5.66,,False,40.6,65.1,5.5,29.9,57.0,2.9,51.1,-0.4,-18.7,0.211,0.212,GEV,,124,15.1,16.0,,False
296,ACMR,"ACM Research, Inc.",Technology,Semiconductor Equipment & Mate,Growth,5.3,76.17,76.63,14.5,18.1,10.0,-2.0,ok,0.0,ok,-6.83,,False,40.6,26.3,-3.5,36.0,43.8,11.6,65.5,13.6,65.3,0.575,0.531,GEV,,124,18.1,14.0,,False
297,COIN,"Coinbase Global, Inc.",Financial Services,Financial Data & Stock Exchang,Core,49.7,188.22,178.81,14.0,16.6,10.0,0.0,ok,0.0,financial_na,,,False,40.6,66.3,5.4,-17.3,85.8,-7.8,60.7,1.5,-9.8,0.425,0.778,BMNR,,124,16.6,16.0,,False
298,PTC,PTC Inc.,Technology,Software - Application,Core,20.9,192.26,182.65,20.0,10.6,10.0,0.0,ok,0.0,ok,0.98,,False,40.6,21.5,4.9,-6.8,84.5,35.1,87.7,32.2,15.7,-0.05,0.128,GEV,,124,10.6,17.0,,False
299,BMNR,BitMine Immersion Technologies,Financial Services,Capital Markets,Growth,16.2,26.79,25.45,14.0,16.5,10.0,0.0,ok,0.0,financial_na,,,False,40.5,28.5,-3.2,2167.8,84.4,-150.9,63.9,23.6,12.6,0.397,0.337,NVDA,,124,16.5,16.0,,True
300,DVN,Devon Energy Corporation,Energy,Oil & Gas E&P,Growth,52.8,47.98,46.88,17.5,13.5,10.0,0.0,ok,-0.5,ok,1.23,,False,40.5,8.8,1.5,64.2,50.3,11.5,35.7,7.8,-20.9,-0.296,0.249,GOOG,,124,13.5,13.0,,False
301,XOM,ExxonMobil Holdings Corporatio,Energy,Oil & Gas Integrated,Growth,674.4,164.0,160.5,17.5,13.0,10.0,0.0,ok,0.0,ok,0.47,,False,40.5,14.5,3.1,44.1,29.8,12.6,38.3,10.5,-16.4,-0.43,0.321,GOOG,,124,13.0,12.0,,False
302,FFIV,"F5, Inc.",Technology,Software - Infrastructure,Core,26.0,458.53,435.6,18.0,12.5,10.0,0.0,ok,0.0,ok,-1.47,,False,40.5,25.4,2.8,10.9,81.9,19.8,65.1,32.8,31.6,0.221,0.242,AVGO,,124,12.5,17.0,,False
303,DAL,"Delta Air Lines, Inc.",Industrials,Airlines,Core,54.6,83.08,84.15,17.0,15.0,10.0,0.0,ok,-1.5,ok,2.19,,False,40.5,10.2,5.2,18.7,18.7,20.1,62.1,9.8,7.3,0.316,0.32,GOOG,,124,15.0,14.0,,False
304,CBRE,CBRE Group Inc,Real Estate,Real Estate Services,Core,37.5,129.4,143.77,15.5,18.5,10.0,0.0,ok,-3.5,ok,4.21,,False,40.5,14.2,4.4,15.5,18.6,15.8,28.9,-10.8,-22.5,0.013,0.225,GOOG,,124,18.5,17.0,,False
305,LDOS,"Leidos Holdings, Inc.",Technology,Information Technology Service,Core,15.0,119.45,130.29,17.0,15.0,10.0,0.0,ok,-1.5,ok,2.45,,False,40.5,9.4,7.6,7.2,17.8,27.8,28.5,-18.8,-42.6,-0.067,0.173,GEV,,124,15.0,15.0,,False
306,WYNN,"Wynn Resorts, Limited",Consumer Cyclical,Resorts & Casinos,Speculative,7.9,77.17,92.54,18.0,15.9,10.0,0.0,ok,-3.5,ok,5.66,,False,40.4,15.0,6.0,6.9,68.3,,25.7,-25.0,-42.2,0.094,0.138,GOOG,,124,15.9,13.0,,False
307,APTV,Aptiv PLC,Consumer Cyclical,Auto Parts,Speculative,9.1,43.89,47.64,15.5,15.4,10.0,0.0,ok,-0.5,ok,1.52,,False,40.4,6.7,17.7,2.3,19.3,5.2,50.8,-30.7,-44.8,0.17,0.198,AVGO,,124,15.4,11.0,,False
308,WMT,Walmart Inc.,Consumer Defensive,Discount Stores,Core,836.2,105.07,108.81,12.0,18.8,10.0,0.0,ok,-0.5,ok,1.44,,False,40.3,32.6,0.9,5.9,24.8,22.3,40.1,-11.0,-34.5,-0.148,0.179,AVGO,,124,18.8,16.0,,False
309,EG,"Everest Group, Ltd.",Financial Services,Insurance - Reinsurance,Core,14.1,366.81,373.92,15.0,15.3,10.0,0.0,ok,0.0,financial_na,,,False,40.3,6.1,14.7,-11.3,15.3,12.6,29.1,5.5,-5.8,-0.289,0.386,AVGO,,124,15.3,14.0,,False
310,GPC,Genuine Parts Company,Consumer Cyclical,Auto Parts,Core,17.4,126.24,131.85,14.5,17.3,10.0,0.0,ok,-1.5,ok,2.97,,False,40.3,15.2,5.3,6.0,37.6,0.7,36.5,5.6,2.6,-0.039,0.158,GOOG,,124,17.3,11.0,,False
311,STLD,"Steel Dynamics, Inc.",Basic Materials,Steel,Growth,34.5,241.04,242.9,12.5,18.3,10.0,0.0,ok,-0.5,ok,1.43,,False,40.3,12.3,0.7,33.4,14.7,17.6,51.5,11.3,19.1,0.146,0.17,AVGO,,124,18.3,11.0,,False
312,CNC,Centene Corporation,Healthcare,Healthcare Plans,Core,31.8,64.3,64.67,13.0,17.2,10.0,0.0,ok,0.0,ok,-2.38,,False,40.2,12.0,,4.6,11.4,-20.4,37.6,21.8,64.2,-0.091,0.144,AVGO,,124,17.2,15.0,fcf_yield_out_of_range(30.3),False
313,EQR,Equity Residential,Real Estate,REIT - Residential,Core,24.6,63.66,67.42,17.0,16.6,10.0,0.0,ok,-3.5,ok,4.51,,False,40.1,41.4,5.8,2.1,62.3,8.0,32.1,1.2,-16.0,-0.284,0.367,AVGO,,92,16.6,17.0,,False
314,EME,"EMCOR Group, Inc.",Industrials,Engineering & Construction,Core,34.4,779.2,771.89,18.0,14.1,10.0,-2.0,ok,0.0,ok,-0.19,,False,40.1,21.2,2.8,19.8,19.4,40.3,69.4,0.9,-14.6,0.634,0.654,GEV,,124,14.1,14.0,,False
315,APH,Amphenol Corporation,Technology,Electronic Components,Growth,215.2,87.27,127.95,19.0,11.5,10.0,0.0,ok,-0.5,ok,1.42,,False,40.0,26.5,1.8,55.0,39.0,38.1,84.5,-37.5,-48.5,0.139,0.267,AVGO,,124,11.5,13.0,,False
316,HON,Honeywell International Inc.,Industrials,Conglomerates,Core,67.9,214.14,221.77,18.5,14.0,10.0,0.0,ok,-2.5,ok,3.03,,False,40.0,21.7,3.8,4.3,36.5,46.6,77.4,-4.2,-23.1,-0.119,0.158,GOOG,,124,14.0,14.0,,False
317,ROL,"Rollins, Inc.",Consumer Cyclical,Personal Services,Core,14.3,29.69,35.18,18.5,12.0,10.0,0.0,ok,-0.5,ok,1.16,,True,40.0,23.0,3.5,7.9,52.4,37.0,21.3,-40.0,-62.5,-0.131,0.205,AVGO,,124,16.0,14.0,,False
318,KLAC,KLA Corporation,Technology,Semiconductor Equipment & Mate,Core,269.9,206.85,196.51,18.0,11.9,10.0,0.0,ok,0.0,ok,0.21,,False,39.9,30.8,1.0,15.2,61.3,87.5,92.3,-80.4,-104.0,0.258,0.265,AVGO,,124,11.9,15.0,,False
319,ON,ON Semiconductor Corporation,Technology,Semiconductors,Core,33.5,85.93,81.63,16.0,15.9,10.0,-2.0,ok,0.0,ok,0.4,,False,39.9,19.0,5.0,9.2,42.8,8.3,70.6,6.7,17.9,0.519,0.448,AVGO,,124,15.9,14.0,,False
320,MCD,McDonald's Corporation,Consumer Cyclical,Restaurants,Core,164.9,233.04,258.86,16.5,15.9,10.0,0.0,ok,-2.5,ok,3.6,,False,39.9,16.9,3.8,3.7,57.4,,16.7,-19.4,-42.3,-0.166,0.27,NVDA,,124,15.9,12.0,,False
321,IQV,"IQVIA Holdings, Inc.",Healthcare,Diagnostics & Research,Core,43.8,266.09,253.88,17.5,15.9,10.0,0.0,ok,-3.5,ok,4.65,,False,39.9,18.4,4.9,8.7,33.0,22.8,45.9,29.3,38.4,-0.129,0.249,GEV,,124,15.9,15.0,,False
322,AVB,"AvalonBay Communities, Inc.",Real Estate,REIT - Residential,Core,26.3,184.06,188.04,17.0,16.3,10.0,0.0,ok,-3.5,ok,4.9,,False,39.8,36.6,5.4,2.3,62.7,8.5,44.5,3.1,-11.9,-0.306,0.424,AVGO,,91,16.3,17.0,,False
323,KEYS,Keysight Technologies Inc.,Technology,Scientific & Technical Instrum,Growth,65.4,384.17,364.96,20.5,11.1,10.0,-2.0,ok,0.0,ok,0.09,,False,39.6,27.7,2.9,36.5,63.3,20.9,96.2,26.9,13.7,0.632,0.611,GEV,,124,11.1,15.0,,False
324,PSKY,Paramount Skydance Corporation,Communication Services,Entertainment,Core,11.0,9.78,9.88,14.5,18.6,10.0,0.0,ok,-3.5,ok,4.4,,False,39.6,11.6,,0.9,33.3,-0.9,36.4,-7.2,-18.2,0.067,0.186,NVDA,,124,18.6,13.0,fcf_yield_out_of_range(160.4),False
325,EMR,Emerson Electric Company,Industrials,Specialty Industrial Machinery,Core,90.5,162.33,154.85,18.5,11.6,10.0,0.0,ok,-0.5,ok,1.92,,False,39.6,22.3,4.1,7.0,53.2,12.8,79.2,12.5,5.4,0.488,0.455,GEV,,124,11.6,15.0,,False
326,SWKS,"Skyworks Solutions, Inc.",Technology,Semiconductors,Core,12.6,83.91,79.71,12.0,17.5,10.0,0.0,ok,0.0,ok,-0.13,,False,39.5,16.8,3.6,-3.1,40.7,5.1,40.1,27.9,32.4,0.263,0.284,AVGO,,124,17.5,14.0,,False
327,BEN,"Franklin Templeton, Inc.",Financial Services,Asset Management,Core,16.7,32.88,33.64,11.5,18.0,10.0,0.0,ok,0.0,financial_na,,,False,39.5,10.3,-17.9,14.3,37.7,7.9,45.8,11.9,23.0,0.354,0.412,GOOG,,124,18.0,14.0,,False
328,BAC,Bank of America Corporation,Financial Services,Banks - Diversified,Core,377.6,54.0,60.7,17.5,12.0,10.0,0.0,ok,0.0,financial_na,,,True,39.5,10.3,,16.8,0.0,11.2,17.5,-2.1,-9.6,0.05,0.208,GOOG,,124,17.5,14.0,,False
329,GILD,"Gilead Sciences, Inc.",Healthcare,Drug Manufacturers - General,Core,179.3,144.63,143.21,17.0,13.0,10.0,0.0,ok,-0.5,ok,1.46,,False,39.5,14.6,5.4,10.2,79.6,-20.7,46.0,6.0,-14.3,-0.11,0.186,AVGO,,124,13.0,17.0,,False
330,WTW,Willis Towers Watson Public Li,Financial Services,Insurance Brokers,Core,26.8,288.11,322.96,17.5,12.0,10.0,0.0,ok,0.0,financial_na,,,True,39.5,12.6,5.3,9.1,42.5,19.8,9.0,-3.4,-18.5,-0.287,0.295,AVGO,,124,16.4,15.0,,False
331,TSN,"Tyson Foods, Inc.",Consumer Defensive,Farm Products,Core,18.2,51.71,55.26,12.0,19.0,10.0,0.0,ok,-1.5,ok,2.62,,False,39.5,12.5,6.5,-0.1,6.6,3.3,41.8,-13.6,-37.3,-0.127,0.242,NVDA,,124,19.0,16.0,,False
332,STZ,"Constellation Brands, Inc.",Consumer Defensive,Beverages - Brewers,Core,19.4,113.31,126.85,20.0,12.0,10.0,0.0,ok,-2.5,ok,3.02,,True,39.5,9.2,11.4,-3.3,52.7,23.7,6.2,-20.5,-44.0,-0.178,0.219,AVGO,,124,15.9,17.0,,False
333,HST,"Host Hotels & Resorts, Inc.",Real Estate,REIT - Hotel & Motel,Core,15.6,22.44,22.93,17.0,13.9,10.0,0.0,ok,-1.5,ok,2.18,,False,39.4,21.3,10.9,3.6,29.2,15.6,56.8,5.4,-0.8,0.08,0.268,GOOG,,124,13.9,15.0,,False
334,DGX,Quest Diagnostics Incorporated,Healthcare,Diagnostics & Research,Core,25.6,232.22,237.73,15.5,15.4,10.0,0.0,ok,-1.5,ok,2.55,,False,39.4,19.3,3.5,10.2,33.2,14.6,26.8,12.9,-0.8,-0.232,0.271,AVGO,,124,15.4,15.0,,False
335,ECL,Ecolab Inc.,Basic Materials,Specialty Chemicals,Cyclical,77.7,277.07,278.92,15.0,15.9,10.0,0.0,ok,-1.5,ok,2.12,,False,39.4,29.4,1.9,9.7,44.2,22.0,53.7,1.3,-13.7,-0.029,0.167,GOOG,,124,15.9,12.0,,False
336,COR,"Cencora, Inc.",Healthcare,Medical Distribution,Core,60.1,314.93,317.56,14.5,16.4,10.0,0.0,ok,-1.5,ok,2.1,,False,39.4,15.9,3.4,5.1,4.0,96.9,43.3,-0.9,-19.1,-0.286,0.285,NVDA,,124,16.4,15.0,,False
337,A,"Agilent Technologies, Inc.",Healthcare,Diagnostics & Research,Core,48.3,171.29,162.73,17.5,12.3,10.0,0.0,ok,-0.5,ok,1.15,,False,39.3,25.3,2.2,8.1,53.6,21.0,75.0,29.0,31.7,0.069,0.152,NVDA,,124,12.3,16.0,,False
338,MDLZ,"Mondelez International, Inc.",Consumer Defensive,Confectioners,Core,74.7,58.49,61.84,16.0,15.8,10.0,0.0,ok,-2.5,ok,3.35,,False,39.3,17.4,3.0,4.1,31.1,13.3,27.8,-1.5,-17.3,-0.465,0.442,GEV,,124,15.8,16.0,,False
339,LYB,LyondellBasell Industries NV,Basic Materials,Specialty Chemicals,Cyclical,19.1,59.22,62.23,15.5,16.3,10.0,0.0,ok,-2.5,ok,3.27,,False,39.3,9.5,6.4,19.8,12.9,-2.3,23.8,-4.2,-42.2,-0.227,0.182,GEV,,124,16.3,11.0,,False
340,ES,Eversource Energy (D/B/A),Utilities,Utilities - Regulated Electric,Core,24.4,64.69,69.83,14.5,18.3,10.0,0.0,ok,-3.5,ok,5.67,,False,39.3,13.2,3.3,2.3,52.8,9.0,39.2,-6.9,-23.2,-0.093,0.176,AVGO,,124,18.3,19.0,,False
341,J,Jacobs Solutions Inc.,Industrials,Engineering & Construction,Growth,16.2,138.67,143.15,13.5,17.3,10.0,0.0,ok,-1.5,ok,2.72,,False,39.3,16.8,4.0,34.5,22.1,8.0,37.3,4.2,-9.2,0.023,0.129,BMNR,,124,17.3,14.0,,False
342,VRSN,"VeriSign, Inc.",Technology,Software - Infrastructure,Core,26.4,292.26,289.27,16.5,13.2,10.0,0.0,ok,-0.5,ok,1.1,,False,39.2,26.4,3.2,6.0,88.5,,45.2,10.0,-11.0,-0.182,0.26,GEV,,124,13.2,17.0,,False
343,OTIS,Otis Worldwide Corporation,Industrials,Specialty Industrial Machinery,Core,25.1,65.88,70.35,15.5,16.2,10.0,0.0,ok,-2.5,ok,3.04,,False,39.2,14.5,5.7,7.3,30.3,,39.3,-15.2,-32.6,0.001,0.124,AVGO,,124,16.2,14.0,,False
344,TECH,Bio-Techne Corp,Healthcare,Biotechnology,Core,11.4,72.58,72.28,15.5,13.7,10.0,0.0,ok,0.0,ok,0.07,,False,39.2,31.4,2.0,1.3,66.2,9.0,62.0,17.1,17.7,0.044,0.102,GOOG,,124,13.7,17.0,,False
345,FAST,Fastenal Company,Industrials,Industrial Distribution,Core,58.2,50.69,49.91,17.0,12.2,10.0,0.0,ok,0.0,ok,0.12,,False,39.2,36.1,1.6,14.7,44.7,34.3,61.6,10.0,-6.4,0.038,0.102,GOOG,,124,12.2,15.0,,False
346,ARE,Alexandria Real Estate Equitie,Real Estate,REIT - Office,Speculative,7.9,45.88,50.86,15.0,19.2,10.0,0.0,ok,-5.0,ok,7.13,,False,39.2,,17.0,-11.9,68.2,-4.1,27.5,-8.1,-10.9,-0.031,0.081,GEV,,124,19.2,17.0,,False
347,BA,Boeing Company (The),Industrials,Aerospace & Defense,Core,152.3,192.72,211.97,14.5,18.6,10.0,0.0,ok,-4.0,neg_ebitda_debt,,,False,39.1,46.7,3.7,8.0,4.7,173.5,34.2,-12.7,-26.7,0.367,0.323,GOOG,,124,18.6,14.0,,False
348,TER,"Teradyne, Inc.",Technology,Semiconductor Equipment & Mate,Growth,69.5,444.53,422.3,20.0,11.1,10.0,-2.0,ok,0.0,ok,-0.17,,False,39.1,38.1,0.6,103.9,59.2,36.5,88.0,32.6,23.4,0.65,0.618,GEV,,124,11.1,14.0,,False
349,GRMN,Garmin Ltd.,Technology,Scientific & Technical Instrum,Core,55.1,285.52,287.95,17.0,12.1,10.0,0.0,ok,0.0,ok,-1.06,,False,39.1,25.6,1.9,11.4,60.1,21.9,57.4,16.0,0.1,0.107,0.133,GOOG,,124,12.1,15.0,,False
350,HUM,Humana Inc.,Healthcare,Healthcare Plans,Core,48.5,404.07,385.25,15.0,14.1,10.0,0.0,ok,0.0,ok,-2.54,,False,39.1,24.4,4.0,26.2,13.7,6.9,53.9,38.0,103.7,0.01,0.177,NVDA,,124,14.1,15.0,,False
351,ALAB,"Astera Labs, Inc.",Technology,Semiconductors,Growth,62.9,362.34,344.22,19.0,12.1,10.0,-2.0,ok,0.0,ok,-4.23,,False,39.1,56.7,0.1,104.5,75.1,25.8,84.7,50.1,189.6,0.573,0.516,AVGO,,124,12.1,15.0,,False
352,FTV,Fortive Corporation,Technology,Scientific & Technical Instrum,Core,17.3,57.38,58.46,17.0,13.6,10.0,0.0,ok,-1.5,ok,2.61,,False,39.1,17.7,5.4,7.9,63.2,7.3,55.7,-1.5,-16.3,0.105,0.161,GEV,,124,13.6,15.0,,False
353,KIM,Kimco Realty Corporation (HC),Real Estate,REIT - Retail,Core,14.8,22.03,23.83,17.0,17.1,10.0,0.0,ok,-5.0,ok,6.12,,False,39.1,24.5,5.9,4.9,68.9,5.8,20.4,-5.0,-19.4,-0.182,0.228,AVGO,,124,17.1,17.0,,False
354,CMG,"Chipotle Mexican Grill, Inc.",Consumer Cyclical,Restaurants,Core,39.0,30.85,34.58,18.5,12.0,10.0,0.0,ok,-1.5,ok,2.08,,True,39.0,22.5,2.9,9.3,39.4,49.6,17.9,-11.5,-25.4,-0.039,0.161,NVDA,,124,18.1,11.0,,False
355,ARM,Arm Holdings plc,Technology,Semiconductors,Core,323.5,302.9,287.75,16.5,14.5,10.0,-2.0,ok,0.0,ok,-3.2,,False,39.0,98.9,0.4,22.4,97.5,13.4,66.4,40.2,86.1,0.598,0.519,AVGO,,124,14.5,15.0,,False
356,CMCSA,Comcast Corporation,Communication Services,Telecom Services,Core,76.5,21.57,24.62,18.5,12.0,10.0,0.0,ok,-1.5,ok,2.43,,True,39.0,6.0,16.6,-1.2,69.4,11.5,12.6,-18.7,-39.5,-0.115,0.202,GOOG,,124,16.0,17.0,,False
357,EFX,"Equifax, Inc.",Industrials,Consulting Services,Core,16.8,142.6,172.84,18.5,12.0,10.0,0.0,ok,-1.5,ok,2.75,,True,39.0,14.1,5.7,10.6,55.5,14.3,17.4,-21.8,-39.2,-0.267,0.405,GEV,,124,15.7,17.0,,False
358,ABBV,AbbVie Inc.,Healthcare,Drug Manufacturers - General,Core,469.6,265.76,258.02,17.5,12.9,10.0,0.0,ok,-1.5,ok,2.09,,False,38.9,16.3,3.6,10.2,72.8,,57.4,15.2,12.2,-0.398,0.428,AVGO,,124,12.9,17.0,,False
359,HSIC,"Henry Schein, Inc.",Healthcare,Medical Distribution,Speculative,9.4,84.23,87.63,14.5,16.9,10.0,0.0,ok,-2.5,ok,3.39,,False,38.9,14.1,4.8,6.7,31.3,8.9,37.4,5.0,-5.0,0.044,0.147,GOOG,,124,16.9,15.0,,False
360,COO,"The Cooper Companies, Inc.",Healthcare,Medical Instruments & Supplies,Core,10.8,56.77,67.02,17.0,13.4,10.0,0.0,ok,-1.5,ok,2.84,,False,38.9,12.1,5.0,0.6,65.9,6.8,66.9,-20.5,-36.7,-0.08,0.2,AVGO,,124,13.4,17.0,,False
361,RSG,"Republic Services, Inc.",Industrials,Waste Management,Core,65.2,212.83,216.6,16.0,16.3,10.0,-2.0,ok,-1.5,ok,2.7,,False,38.8,26.4,3.0,4.6,43.0,18.2,28.3,-0.9,-21.1,-0.502,0.427,AVGO,,124,16.3,15.0,,False
362,PH,Parker-Hannifin Corporation,Industrials,Specialty Industrial Machinery,Core,123.0,975.68,988.72,17.5,11.8,10.0,0.0,ok,-0.5,ok,1.45,,False,38.8,24.8,2.4,9.8,37.5,25.1,72.9,3.4,-10.3,0.257,0.333,GEV,,124,11.8,14.0,,False
363,VST,Vistra Corp.,Utilities,Utilities - Independent Power ,Core,48.6,144.89,143.22,15.0,16.3,10.0,0.0,ok,-2.5,ok,3.02,,False,38.8,13.9,0.1,-5.5,38.3,43.0,57.8,-6.4,-21.9,0.413,0.44,GEV,,124,16.3,18.0,,False
364,SW,Smurfit WestRock plc,Consumer Cyclical,Packaging & Containers,Core,22.2,42.41,46.67,13.0,17.2,10.0,0.0,ok,-1.5,ok,2.95,,False,38.7,12.4,5.5,1.1,18.2,2.7,43.5,-1.2,-10.5,0.164,0.182,NVDA,,124,17.2,11.0,,False
365,SBAC,SBA Communications Corporation,Real Estate,REIT - Specialty,Core,17.2,161.82,179.48,18.0,15.7,10.0,0.0,ok,-5.0,ok,8.12,,False,38.7,19.8,4.4,2.3,74.2,,15.8,-15.2,-41.3,-0.162,0.255,GEV,,124,15.7,17.0,,False
366,SNPS,"Synopsys, Inc.",Technology,Software - Infrastructure,Growth,93.6,488.47,464.05,18.5,12.7,10.0,0.0,ok,-2.5,ok,3.49,,False,38.7,26.3,3.7,42.4,82.9,3.7,91.3,9.7,5.5,0.327,0.371,NVDA,,124,12.7,17.0,,False
367,DD,"DuPont de Nemours, Inc.",Basic Materials,Specialty Chemicals,Cyclical,17.6,130.69,135.55,15.5,13.2,10.0,0.0,ok,0.0,ok,0.91,,False,38.7,16.4,10.4,4.0,35.1,1.8,61.3,67.7,170.4,0.028,0.119,BMNR,,124,13.2,11.0,,False
368,CASY,"Caseys General Stores, Inc.",Consumer Cyclical,Specialty Retail,Core,22.8,617.33,745.52,16.5,12.7,10.0,0.0,ok,-0.5,ok,1.51,,False,38.7,26.3,2.2,24.3,23.8,20.0,66.2,-15.7,-34.9,-0.089,0.171,NVDA,,124,12.7,11.0,,False
369,TMO,Thermo Fisher Scientific Inc,Healthcare,Diagnostics & Research,Core,250.2,676.76,642.92,17.0,14.1,10.0,0.0,ok,-2.5,ok,3.28,,False,38.6,24.6,2.5,10.5,41.0,13.5,66.0,24.7,21.1,-0.054,0.11,GEV,,124,14.1,16.0,,False
370,BIIB,Biogen Inc.,Healthcare,Drug Manufacturers - General,Core,33.0,223.59,215.42,15.5,14.6,10.0,0.0,ok,-1.5,ok,2.1,,False,38.6,13.5,3.8,3.4,78.3,4.6,60.7,14.5,12.3,-0.202,0.201,AVGO,,124,14.6,17.0,,False
371,WST,"West Pharmaceutical Services, ",Healthcare,Medical Instruments & Supplies,Core,26.5,376.76,357.92,14.5,14.0,10.0,0.0,ok,0.0,ok,-0.13,,False,38.5,37.8,1.0,13.8,36.8,19.1,59.6,24.6,29.3,-0.001,0.067,GOOG,,124,14.0,15.0,,False
372,VRSK,"Verisk Analytics, Inc.",Industrials,Consulting Services,Core,21.3,163.28,183.87,18.0,12.0,10.0,0.0,ok,-1.5,ok,2.68,,True,38.5,18.8,5.0,4.4,70.2,,17.9,-14.0,-29.1,-0.448,0.473,GEV,,124,18.6,18.0,,False
373,TXT,Textron Inc.,Industrials,Aerospace & Defense,Core,13.0,75.75,83.05,13.0,16.0,10.0,0.0,ok,-0.5,ok,1.65,,False,38.5,10.4,3.5,3.0,17.6,12.1,26.8,-15.4,-31.9,0.206,0.226,GEV,,124,16.0,14.0,,False
374,AKAM,"Akamai Technologies, Inc.",Technology,Software - Infrastructure,Core,15.5,107.99,111.89,16.0,16.0,10.0,0.0,ok,-3.5,ok,5.54,,False,38.5,15.8,4.6,5.4,57.5,8.9,53.0,-3.3,-23.3,0.251,0.285,AVGO,,124,16.0,16.0,,False
375,CPB,The Campbell's Company,Consumer Defensive,Packaged Foods,Speculative,5.8,19.3,22.0,16.0,16.0,10.0,0.0,ok,-3.5,ok,4.36,,False,38.5,10.5,11.0,-7.9,28.5,10.1,29.1,-16.1,-29.8,-0.304,0.314,GEV,,124,16.0,16.0,,False
376,FICO,Fair Isaac Corporation,Technology,Software - Application,Core,14.9,689.61,1022.51,20.0,12.0,10.0,0.0,ok,-3.5,ok,4.23,,True,38.5,13.5,5.2,25.7,85.1,,21.3,-43.3,-54.5,-0.218,0.282,GEV,,124,15.6,17.0,,False
377,LH,Labcorp Holdings Inc.,Healthcare,Diagnostics & Research,Core,25.0,308.65,319.29,14.5,15.4,10.0,0.0,ok,-1.5,ok,2.88,,False,38.4,15.6,3.6,5.8,28.9,11.7,28.9,10.2,-5.0,-0.09,0.158,AVGO,,124,15.4,15.0,,False
378,MPWR,"Monolithic Power Systems, Inc.",Technology,Semiconductors,Growth,72.7,1479.89,1405.9,19.0,11.4,10.0,-2.0,ok,0.0,ok,-1.39,,False,38.4,42.3,0.6,47.6,55.2,22.0,85.3,15.3,7.9,0.639,0.541,AVGO,,124,11.4,14.0,,False
379,NRG,"NRG Energy, Inc.",Utilities,Utilities - Independent Power ,Core,20.3,96.8,113.88,17.0,16.4,10.0,0.0,ok,-5.0,ok,7.16,,False,38.4,8.7,3.8,11.0,18.8,23.8,30.1,-31.1,-52.7,0.331,0.393,GEV,,124,16.4,18.0,,False
380,DELL,Dell Technologies Inc.,Technology,Computer Hardware,Growth,351.2,552.29,524.68,14.5,14.4,10.0,0.0,ok,-0.5,ok,1.34,,False,38.4,19.0,1.7,57.7,19.9,,52.2,88.6,202.4,0.304,0.37,AVGO,,124,14.4,13.0,,False
381,XYZ,"Block, Inc.",Technology,Software - Infrastructure,Core,45.8,76.23,79.6,11.0,17.4,10.0,0.0,ok,0.0,ok,0.28,,False,38.4,14.7,-0.1,9.3,46.6,1.6,43.6,8.7,8.1,0.348,0.436,BMNR,,124,17.4,16.0,,False
382,LRCX,Lam Research Corporation,Technology,Semiconductor Equipment & Mate,Core,432.7,345.8,328.51,19.0,13.4,10.0,-4.0,ok,0.0,ok,-0.17,,False,38.4,29.4,0.7,30.0,50.5,65.1,91.7,25.6,39.2,0.695,0.639,GEV,,124,13.4,14.0,,False
383,GNRC,Generac Holdlings Inc.,Industrials,Specialty Industrial Machinery,Core,12.7,215.2,204.44,15.5,13.4,10.0,0.0,ok,-0.5,ok,1.79,,False,38.4,16.7,2.3,10.6,39.5,9.5,74.8,1.2,-7.4,0.433,0.394,GEV,,124,13.4,14.0,,False
384,KLIC,"Kulicke and Soffa Industries, ",Technology,Semiconductor Equipment & Mate,Growth,5.2,98.73,93.79,16.5,13.8,10.0,-2.0,ok,0.0,ok,-2.49,,False,38.3,16.7,1.1,122.6,52.6,13.2,84.7,18.9,30.7,0.55,0.509,GEV,,124,13.8,14.0,,False
385,WAB,Westinghouse Air Brake Technol,Industrials,Railroads,Core,49.3,291.86,290.76,17.0,12.7,10.0,0.0,ok,-1.5,ok,2.37,,False,38.2,23.4,2.2,17.5,35.7,11.6,68.7,11.6,-2.6,0.3,0.27,GEV,,124,12.7,14.0,,False
386,ATO,Atmos Energy Corporation,Utilities,Utilities - Regulated Gas,Core,26.7,158.05,166.64,11.5,19.2,10.0,0.0,ok,-2.5,ok,3.74,,False,38.2,17.5,-8.3,4.8,62.2,9.8,31.0,-9.3,-33.3,-0.201,0.243,NVDA,,124,19.2,20.0,,False
387,ADI,"Analog Devices, Inc.",Technology,Semiconductors,Growth,203.1,419.1,398.15,19.0,11.2,10.0,-2.0,ok,0.0,ok,0.99,,False,38.2,25.6,2.0,39.6,65.8,12.2,87.8,16.6,10.5,0.599,0.518,AVGO,,124,11.2,15.0,,False
388,FIX,"Comfort Systems USA, Inc.",Industrials,Engineering & Construction,Growth,60.3,1713.07,1657.32,20.0,12.2,10.0,-4.0,ok,0.0,ok,-0.77,,False,38.2,28.5,3.1,50.3,25.7,55.3,75.4,10.1,2.0,0.669,0.704,GEV,,124,12.2,14.0,,False
389,TSCO,Tractor Supply Company,Consumer Cyclical,Specialty Retail,Core,16.4,31.42,33.49,14.5,16.1,10.0,0.0,ok,-2.5,ok,3.27,,False,38.1,15.3,0.6,2.3,36.5,39.5,36.9,-21.1,-48.3,-0.031,0.104,AVGO,,124,16.1,11.0,,False
390,DPZ,Domino's Pizza Inc,Consumer Cyclical,Restaurants,Speculative,9.8,297.27,330.76,15.5,16.0,10.0,0.0,ok,-3.5,ok,4.84,,False,38.0,14.2,5.4,4.3,28.7,,34.6,-15.8,-39.4,-0.195,0.313,NVDA,,124,16.0,11.0,,False
391,COST,Costco Wholesale Corporation,Consumer Defensive,Discount Stores,Core,409.4,923.52,933.5,13.0,15.0,10.0,0.0,ok,0.0,ok,-0.89,,False,38.0,36.9,1.7,11.1,12.8,28.4,63.5,-3.9,-26.7,-0.286,0.313,AVGO,,124,15.0,16.0,,False
392,LEN,Lennar Corporation,Consumer Cyclical,Residential Construction,Core,17.9,74.44,83.62,13.0,16.5,10.0,0.0,ok,-1.5,ok,2.48,,False,38.0,14.2,6.8,-8.7,16.0,6.0,39.1,-20.7,-33.0,0.177,0.154,BMNR,,124,16.5,11.0,,False
393,TT,Trane Technologies plc,Industrials,Building Products & Equipment,Core,103.6,470.76,454.99,19.5,10.5,10.0,-2.0,ok,0.0,ok,0.77,,False,38.0,26.7,3.0,10.6,35.4,36.6,87.8,5.2,-8.2,0.53,0.518,GEV,,124,10.5,14.0,,False
394,VTRS,Viatris Inc.,Healthcare,Drug Manufacturers - Specialty,Core,20.2,17.62,16.97,16.0,13.5,10.0,0.0,ok,-1.5,ok,2.82,,False,38.0,6.6,13.2,4.9,40.3,-2.8,65.8,15.2,13.9,-0.061,0.167,AVGO,,124,13.5,16.0,,False
395,SO,Southern Company (The),Utilities,Utilities - Regulated Electric,Core,96.4,83.79,89.26,12.5,19.0,10.0,0.0,ok,-3.5,ok,5.2,,False,38.0,17.0,-4.1,0.1,48.3,11.5,36.1,-8.5,-30.3,-0.224,0.269,AVGO,,124,19.0,19.0,,False
396,EA,Electronic Arts Inc.,Communication Services,Electronic Gaming & Multimedia,Core,52.9,209.7,205.27,18.0,10.0,10.0,0.0,ok,0.0,ok,-0.31,,False,38.0,21.7,3.2,18.9,79.9,16.5,80.9,3.4,-13.3,-0.184,0.177,GOOG,,83,10.0,15.0,,False
397,PEG,Public Service Enterprise Grou,Utilities,Utilities - Regulated Electric,Core,34.2,68.68,73.06,12.5,19.0,10.0,0.0,ok,-3.5,ok,5.49,,False,38.0,14.7,0.3,-8.9,33.3,11.8,39.7,-12.7,-32.7,-0.044,0.118,AVGO,,124,19.0,18.0,,False
398,PNR,Pentair plc.,Industrials,Specialty Industrial Machinery,Speculative,8.4,52.78,60.94,16.5,12.0,10.0,0.0,ok,-0.5,ok,1.62,,True,38.0,10.2,6.6,-17.0,41.4,17.1,21.4,-34.7,-56.3,0.113,0.141,NVDA,,124,16.0,15.0,,False
399,WEC,"WEC Energy Group, Inc.",Utilities,Utilities - Regulated Electric,Core,33.0,101.3,106.54,12.0,19.4,10.0,0.0,ok,-3.5,ok,5.79,,False,37.9,16.9,-7.1,2.6,41.9,12.0,39.8,-8.4,-30.0,-0.18,0.268,AVGO,,124,19.4,19.0,,False
400,NDSN,Nordson Corporation,Industrials,Specialty Industrial Machinery,Core,18.6,334.43,317.71,18.0,10.4,10.0,0.0,ok,-0.5,ok,1.78,,False,37.9,25.8,3.3,10.3,55.4,17.8,88.2,16.5,9.6,0.317,0.256,GEV,,124,10.4,15.0,,False
401,SOUN,"SoundHound AI, Inc.",Technology,Software - Application,Growth,2.6,5.88,6.58,11.5,16.4,10.0,0.0,ok,0.0,neg_ebitda_low_debt,,,False,37.9,,-1.7,45.0,42.3,-32.2,41.5,-24.5,-29.7,0.414,0.479,BMNR,,124,16.4,16.0,,False
402,WELL,Welltower Inc.,Real Estate,REIT - Healthcare Facilities,Growth,161.5,224.16,235.43,14.0,17.3,10.0,0.0,ok,-3.5,ok,5.32,,False,37.8,70.5,1.7,39.1,39.6,3.8,36.6,5.0,-5.5,-0.281,0.387,AVGO,,124,17.3,15.0,,False
403,NEE,"NextEra Energy, Inc.",Utilities,Utilities - Regulated Electric,Core,159.1,76.28,82.94,14.0,18.8,10.0,0.0,ok,-5.0,ok,7.35,,False,37.8,17.4,-11.2,12.4,61.0,11.7,27.2,-12.6,-35.2,0.07,0.128,GEV,,124,18.8,20.0,,False
404,CLX,Clorox Company (The),Consumer Defensive,Household & Personal Products,Speculative,9.9,82.01,95.51,15.0,16.3,10.0,0.0,ok,-3.5,ok,4.79,,False,37.8,13.2,1.1,-2.0,42.3,163.8,37.8,-18.5,-38.3,-0.036,0.311,GOOG,,124,16.3,17.0,,False
405,TAP,Molson Coors Beverage Company,Consumer Defensive,Beverages - Brewers,Speculative,6.8,36.52,40.14,13.5,15.8,10.0,0.0,ok,-1.5,ok,2.56,,False,37.8,7.5,13.7,-3.3,37.0,-19.5,25.7,-15.3,-35.3,-0.339,0.33,GEV,,124,15.8,16.0,,False
406,IP,International Paper Company,Consumer Cyclical,Packaging & Containers,Core,17.0,32.05,38.22,13.5,15.8,10.0,0.0,ok,-1.5,ok,2.33,,False,37.8,10.6,9.7,-2.2,29.6,-16.5,37.7,-15.5,-25.7,0.059,0.149,NVDA,,124,15.8,11.0,,False
407,SLB,SLB Limited,Energy,Oil & Gas Equipment & Services,Cyclical,74.6,50.28,52.8,13.0,15.2,10.0,0.0,ok,-0.5,ok,1.18,,False,37.7,15.6,4.0,5.0,17.0,12.9,29.1,-0.3,-16.5,0.099,0.101,NVDA,,124,15.2,14.0,,False
408,BAX,Baxter International Inc.,Healthcare,Medical Instruments & Supplies,Core,12.5,24.22,25.26,14.5,15.6,10.0,0.0,ok,-2.5,ok,3.99,,False,37.6,11.9,8.0,5.3,34.1,-14.4,56.4,16.3,28.0,-0.01,0.204,GOOG,,124,15.6,15.0,,False
409,BLDR,"Builders FirstSource, Inc.",Industrials,Building Products & Equipment,Speculative,6.0,55.63,65.78,14.5,16.5,10.0,0.0,ok,-3.5,ok,5.06,,False,37.5,12.8,7.8,-8.8,29.2,2.5,33.0,-35.0,-49.7,0.234,0.262,NVDA,,124,16.5,14.0,,False
410,JBHT,"J.B. Hunt Transport Services, ",Industrials,Integrated Freight & Logistics,Core,21.6,229.74,259.9,15.5,12.0,10.0,0.0,ok,0.0,ok,0.84,,True,37.5,23.0,4.2,19.4,18.5,18.4,22.1,-5.4,-11.6,0.074,0.122,NVDA,,124,16.8,14.0,,False
411,IONQ,"IonQ, Inc.",Technology,Computer Hardware,Growth,17.4,42.97,40.82,11.0,18.5,10.0,-2.0,ok,0.0,neg_ebitda_low_debt,,,False,37.5,,-0.5,286.8,,-60.5,71.1,-1.2,29.5,0.519,0.451,BMNR,,124,18.5,13.0,,False
412,HCA,"HCA Healthcare, Inc.",Healthcare,Medical Care Facilities,Core,94.2,434.92,416.69,15.5,14.5,10.0,0.0,ok,-2.5,ok,3.2,,False,37.5,13.6,4.0,8.7,42.6,,58.0,-2.4,-27.6,-0.126,0.151,GEV,,124,14.5,16.0,,False
413,HD,"Home Depot, Inc. (The)",Consumer Cyclical,Home Improvement Retail,Core,280.5,281.15,322.03,17.0,12.0,10.0,0.0,ok,-1.5,ok,2.48,,True,37.5,17.5,3.8,5.7,32.8,104.3,22.1,-16.9,-31.4,0.097,0.24,GOOG,,124,16.0,11.0,,False
414,MCHP,Microchip Technology Incorpora,Technology,Semiconductors,Growth,44.2,81.49,77.42,17.5,14.5,10.0,-2.0,ok,-2.5,ok,3.4,,False,37.5,17.8,3.1,38.0,60.2,7.2,75.6,3.4,3.7,0.587,0.506,AVGO,,124,14.5,15.0,,False
415,CHTR,"Charter Communications, Inc.",Communication Services,Telecom Services,Core,14.0,107.77,139.5,19.0,12.0,10.0,0.0,ok,-3.5,ok,4.41,,True,37.5,,15.7,-1.7,55.2,27.2,4.5,-38.3,-68.5,-0.121,0.209,NVDA,,124,16.0,16.0,,False
416,MLM,"Martin Marietta Materials, Inc",Basic Materials,Building Materials,Cyclical,34.5,485.5,521.28,12.5,16.4,10.0,0.0,ok,-1.5,ok,2.93,,False,37.4,22.0,1.7,21.0,28.2,8.9,35.8,-17.6,-36.4,0.132,0.186,GOOG,,124,16.4,11.0,,False
417,BALL,Ball Corporation,Consumer Cyclical,Packaging & Containers,Core,15.1,57.11,61.69,14.0,15.9,10.0,0.0,ok,-2.5,ok,3.41,,False,37.4,12.6,2.5,19.7,18.6,17.2,26.4,-4.8,-21.9,-0.079,0.172,AVGO,,124,15.9,11.0,,False
418,ZBRA,Zebra Technologies Corporation,Technology,Communication Equipment,Core,17.8,375.66,356.88,18.0,10.7,10.0,0.0,ok,-1.5,ok,2.37,,False,37.2,16.9,3.2,20.4,49.6,15.3,79.4,40.5,60.4,0.256,0.294,AVGO,,124,10.7,14.0,,False
419,TDY,Teledyne Technologies Incorpor,Technology,Scientific & Technical Instrum,Core,28.7,619.64,634.13,14.5,13.2,10.0,0.0,ok,-0.5,ok,1.06,,False,37.2,23.1,3.2,9.8,43.3,9.2,68.8,-0.6,-19.4,0.483,0.46,GEV,,124,13.2,14.0,,False
420,IEX,IDEX Corporation,Industrials,Specialty Industrial Machinery,Core,17.3,235.29,230.04,16.0,11.7,10.0,0.0,ok,-0.5,ok,1.31,,False,37.2,24.4,3.2,6.4,44.7,13.0,73.8,11.6,5.9,0.246,0.275,GEV,,124,11.7,15.0,,False
421,HPE,Hewlett Packard Enterprise Com,Technology,Communication Equipment,Growth,90.7,68.36,64.94,18.0,10.6,10.0,0.0,ok,-1.5,ok,2.05,,False,37.1,14.5,5.2,33.7,36.6,10.9,80.6,85.3,160.6,0.362,0.484,AVGO,,124,10.6,13.0,,False
422,CAH,"Cardinal Health, Inc.",Healthcare,Medical Distribution,Core,54.0,233.12,232.64,14.0,13.6,10.0,0.0,ok,-0.5,ok,1.21,,False,37.1,16.6,8.8,5.8,3.8,,50.7,7.0,-7.8,-0.212,0.35,AVGO,,124,13.6,15.0,,False
423,RCL,Royal Caribbean Cruises Ltd.,Consumer Cyclical,Travel Services,Core,73.6,275.03,282.33,15.0,14.6,10.0,0.0,ok,-2.5,ok,3.27,,False,37.1,13.5,-2.1,6.5,50.3,44.7,65.8,-4.0,-17.7,0.286,0.366,GOOG,,124,14.6,14.0,,False
424,FE,FirstEnergy Corp.,Utilities,Utilities - Regulated Electric,Core,25.3,43.64,46.3,11.5,19.1,10.0,0.0,ok,-3.5,ok,5.33,,False,37.1,14.8,-8.0,8.8,68.6,9.5,31.9,-7.4,-31.1,-0.233,0.303,AVGO,,124,19.1,20.0,,False
425,CIEN,Ciena Corporation,Technology,Communication Equipment,Growth,55.3,389.69,374.77,17.0,12.0,10.0,-2.0,ok,0.0,ok,0.64,,False,37.0,32.9,1.1,37.0,44.1,22.4,73.3,-0.5,-27.8,0.508,0.546,AVGO,,124,12.0,14.0,,False
426,BWXT,"BWX Technologies, Inc.",Industrials,Aerospace & Defense,Core,12.4,135.35,156.21,14.5,16.0,10.0,-2.0,ok,-1.5,ok,2.96,,False,37.0,25.9,1.2,18.0,22.1,28.3,25.7,-28.6,-54.8,0.523,0.494,GEV,,124,16.0,14.0,,False
427,MET,"MetLife, Inc.",Financial Services,Insurance - Life,Core,61.6,96.88,96.43,10.0,17.0,10.0,0.0,ok,0.0,financial_na,,,False,37.0,8.7,-34.0,10.5,24.0,13.1,43.7,16.2,19.9,-0.098,0.196,AVGO,,124,17.0,14.0,,False
428,OKE,"ONEOK, Inc.",Energy,Oil & Gas Midstream,Growth,55.8,88.58,92.04,15.0,15.4,10.0,0.0,ok,-3.5,ok,4.28,,False,36.9,14.2,1.6,52.8,27.2,16.3,31.3,2.9,-16.2,-0.284,0.288,AVGO,,124,15.4,12.0,,False
429,CAT,"Caterpillar, Inc.",Industrials,Farm & Heavy Construction Mach,Core,389.9,848.14,824.04,18.0,12.4,10.0,-2.0,ok,-1.5,ok,2.41,,False,36.9,26.2,1.3,24.0,29.7,57.0,74.5,6.7,0.3,0.628,0.644,GEV,,124,12.4,14.0,,False
430,IR,Ingersoll Rand Inc.,Industrials,Specialty Industrial Machinery,Core,30.5,78.55,79.32,14.5,12.8,10.0,0.0,ok,-0.5,ok,1.85,,False,36.8,20.0,3.6,8.5,42.8,9.5,72.4,-3.7,-17.6,0.24,0.229,GEV,,124,12.8,15.0,,False
431,MAR,Marriott International,Consumer Cyclical,Lodging,Core,92.8,355.89,352.32,17.5,11.8,10.0,0.0,ok,-2.5,ok,3.6,,False,36.8,27.0,2.2,11.1,79.2,,70.6,1.9,-12.2,0.081,0.172,GOOG,,124,11.8,13.0,,False
432,SBUX,Starbucks Corporation,Consumer Cyclical,Restaurants,Core,107.7,94.43,102.21,13.0,16.2,10.0,0.0,ok,-2.5,ok,3.34,,False,36.7,30.3,2.8,-1.4,22.3,,38.7,-4.0,-17.3,-0.03,0.134,NVDA,,124,16.2,11.0,,False
433,FCX,"Freeport-McMoRan, Inc.",Basic Materials,Copper,Cyclical,104.3,72.6,70.57,15.0,13.6,10.0,-2.0,ok,0.0,ok,0.66,,False,36.6,17.4,2.1,-7.3,38.3,14.8,61.4,14.2,1.7,0.542,0.447,AVGO,,124,13.6,11.0,,False
434,TRGP,"Targa Resources, Inc.",Energy,Oil & Gas Midstream,Cyclical,61.6,287.4,281.21,16.0,13.0,10.0,0.0,ok,-2.5,ok,3.54,,False,36.5,23.8,0.1,4.2,43.2,70.8,51.7,16.1,0.1,-0.197,0.19,AVGO,,124,13.0,13.0,,False
435,PANW,"Palo Alto Networks, Inc.",Technology,Software - Infrastructure,Growth,332.7,406.76,386.42,14.0,12.5,10.0,0.0,ok,0.0,ok,-0.32,,False,36.5,83.4,1.3,34.5,70.4,1.7,65.5,62.2,133.7,0.241,0.267,NVDA,,124,12.5,17.0,,False
436,AWK,"American Water Works Company, ",Utilities,Utilities - Regulated Water,Core,25.4,127.84,135.61,13.0,16.9,10.0,0.0,ok,-3.5,ok,5.44,,False,36.4,19.5,-7.0,6.2,61.5,10.1,21.2,-2.6,-24.1,-0.415,0.351,AVGO,,124,16.9,20.0,,False
437,DHR,Danaher Corporation,Healthcare,Diagnostics & Research,Core,155.5,221.21,210.15,14.5,13.4,10.0,0.0,ok,-1.5,ok,2.93,,False,36.4,23.8,2.8,5.5,58.8,7.6,62.8,9.8,-2.3,-0.145,0.208,AVGO,,124,13.4,16.0,,False
438,MCK,McKesson Corporation,Healthcare,Medical Distribution,Core,106.7,915.45,878.76,14.0,12.4,10.0,0.0,ok,0.0,ok,0.94,,False,36.4,18.1,6.4,7.7,3.6,,55.0,8.0,-10.6,-0.39,0.349,AVGO,,124,12.4,15.0,,False
439,CCI,Crown Castle Inc.,Real Estate,REIT - Specialty,Core,29.5,67.58,73.74,15.5,15.8,10.0,0.0,ok,-5.0,ok,8.31,,False,36.3,23.3,3.5,-4.9,73.7,,22.7,-18.2,-39.4,-0.268,0.355,GEV,,124,15.8,17.0,,False
440,WMB,"Williams Companies, Inc. (The)",Energy,Oil & Gas Midstream,Cyclical,86.6,70.81,72.07,15.0,14.8,10.0,0.0,ok,-3.5,ok,4.35,,False,36.3,26.8,-1.8,7.8,63.6,21.5,45.5,-0.3,-19.9,-0.029,0.15,BMNR,,124,14.8,14.0,,False
441,NI,NiSource Inc,Utilities,Utilities - Regulated Gas,Core,19.0,39.55,41.65,10.5,19.2,10.0,0.0,ok,-3.5,ok,5.74,,False,36.2,17.6,-9.3,4.6,51.0,8.5,36.9,-11.4,-33.1,-0.049,0.141,AVGO,,124,19.2,19.0,,False
442,EQIX,"Equinix, Inc.",Real Estate,REIT - Specialty,Core,101.0,1023.44,1043.54,17.0,12.7,10.0,0.0,ok,-3.5,ok,4.93,,False,36.2,55.0,3.7,16.7,52.0,10.7,55.9,3.8,-16.8,0.221,0.272,GEV,,124,12.7,16.0,,False
443,RGTI,"Rigetti Computing, Inc.",Technology,Computer Hardware,Growth,5.1,15.15,16.14,12.0,16.1,10.0,-2.0,ok,0.0,neg_ebitda_low_debt,,,False,36.1,,0.5,185.3,,-43.8,50.6,-17.3,-10.8,0.517,0.472,BMNR,,124,16.1,13.0,,False
444,LNT,Alliant Energy Corporation,Utilities,Utilities - Regulated Electric,Core,16.7,64.29,68.06,12.0,19.1,10.0,0.0,ok,-5.0,ok,6.61,,False,36.1,17.4,-6.8,1.0,44.5,11.1,39.2,-8.1,-28.1,-0.16,0.241,AVGO,,124,19.1,19.0,,False
445,CPT,Camden Property Trust,Real Estate,REIT - Residential,Core,11.3,97.37,105.69,11.0,18.6,10.0,0.0,ok,-3.5,ok,5.4,,False,36.1,89.3,1.2,-0.8,61.6,7.9,25.9,-8.5,-21.2,-0.301,0.366,AVGO,,124,18.6,17.0,,False
446,SMCI,"Super Micro Computer, Inc.",Technology,Computer Hardware,Growth,28.4,43.19,41.03,13.5,12.5,10.0,0.0,ok,0.0,ok,0.61,,False,36.0,8.1,-29.1,93.2,10.8,21.5,74.0,34.9,78.4,0.432,0.49,NVDA,,124,12.5,13.0,,False
447,GLW,Corning Incorporated,Technology,Electronic Components,Core,137.3,159.37,152.81,14.5,13.9,10.0,-2.0,ok,-0.5,ok,1.68,,False,35.9,36.5,0.5,16.6,36.4,16.8,63.9,6.0,-8.7,0.585,0.59,GEV,,124,13.9,13.0,,False
448,AEE,Ameren Corporation,Utilities,Utilities - Regulated Electric,Core,27.6,99.7,106.22,11.0,18.3,10.0,0.0,ok,-3.5,ok,5.57,,False,35.8,17.2,-6.5,-6.2,52.4,11.9,26.9,-7.4,-28.2,-0.224,0.258,AVGO,,122,18.3,19.0,,False
449,FN,Fabrinet,Technology,Electronic Components,Growth,16.3,453.84,448.76,14.0,13.8,10.0,-2.0,ok,0.0,ok,-1.64,,False,35.8,20.8,-0.4,44.6,12.0,21.3,76.7,-14.7,-35.6,0.518,0.483,GEV,,124,13.8,13.0,,False
450,DDOG,"Datadog, Inc.",Technology,Software - Application,Growth,99.3,276.42,262.59,15.0,10.8,10.0,0.0,ok,0.0,ok,-44.73,,False,35.8,92.9,1.1,35.6,79.5,4.7,88.3,49.3,119.8,0.005,0.14,NVDA,,124,10.8,17.0,,False
451,HUBB,Hubbell Inc,Industrials,Electrical Equipment & Parts,Core,25.4,475.52,472.49,16.0,12.2,10.0,0.0,ok,-2.5,ok,3.41,,False,35.7,20.9,2.0,15.3,35.3,24.4,74.8,-2.4,-22.2,0.413,0.532,GEV,,123,12.2,14.0,,False
452,GM,General Motors Company,Consumer Cyclical,Auto Manufacturers,Core,70.4,80.23,85.31,14.0,16.7,10.0,0.0,ok,-5.0,ok,6.32,,False,35.7,5.3,,1.9,10.2,3.2,40.3,-0.5,-8.2,0.231,0.327,BMNR,,124,16.7,11.0,fcf_yield_out_of_range(31.2),False
453,MTD,"Mettler-Toledo International, ",Healthcare,Diagnostics & Research,Core,30.9,1541.63,1464.55,16.5,9.7,10.0,0.0,ok,-0.5,ok,1.64,,False,35.7,29.8,2.2,4.5,60.3,,77.0,16.8,4.2,0.084,0.129,GOOG,,124,9.7,17.0,,False
454,WAT,Waters Corporation,Healthcare,Diagnostics & Research,Growth,43.2,440.12,418.11,14.0,14.1,10.0,0.0,ok,-2.5,ok,3.4,,False,35.6,26.6,-0.3,113.4,56.3,1.9,63.4,21.0,27.2,0.151,0.201,AVGO,,124,14.1,16.0,,False
455,AME,"AMETEK, Inc.",Industrials,Specialty Industrial Machinery,Core,57.8,251.92,244.04,17.0,10.6,10.0,-2.0,ok,0.0,ok,0.73,,False,35.6,26.2,2.6,15.0,36.9,14.6,79.2,9.4,-2.1,0.527,0.536,GEV,,124,10.6,14.0,,False
456,DUK,Duke Energy Corporation (Holdi,Utilities,Utilities - Regulated Electric,Core,88.8,113.84,120.76,10.5,18.6,10.0,0.0,ok,-3.5,ok,5.51,,False,35.6,15.9,-5.0,1.1,52.0,9.9,26.1,-7.6,-30.1,-0.288,0.295,AVGO,,124,18.6,19.0,,False
457,ETR,Entergy Corporation,Utilities,Utilities - Regulated Electric,Core,48.2,100.82,105.49,12.0,17.0,10.0,0.0,ok,-3.5,ok,5.56,,False,35.5,19.8,-9.1,5.9,47.0,10.2,40.9,-4.8,-29.0,-0.002,0.104,NVDA,,124,17.0,19.0,,False
458,CTVA,"Corteva, Inc.",Basic Materials,Agricultural Inputs,Cyclical,8.3,12.39,77.43,13.5,12.0,10.0,0.0,ok,,unavailable,,,True,35.5,3.0,,,0.0,,3.2,-84.1,-102.8,-0.05,0.114,GEV,,124,16.0,11.0,,False
459,MGM,MGM Resorts International,Consumer Cyclical,Resorts & Casinos,Speculative,7.7,30.17,40.79,18.5,12.0,10.0,0.0,ok,-5.0,ok,12.25,,True,35.5,15.3,11.4,1.0,44.2,18.9,9.8,-24.0,-37.2,-0.007,0.143,GEV,,124,16.0,12.0,,False
460,AEP,American Electric Power Compan,Utilities,Utilities - Regulated Electric,Core,65.2,119.73,123.78,12.0,16.9,10.0,0.0,ok,-3.5,ok,5.86,,False,35.4,17.5,-9.2,7.0,46.4,10.1,45.5,-5.3,-26.4,-0.127,0.171,AVGO,,124,16.9,19.0,,False
461,CARR,Carrier Global Corporation,Industrials,Building Products & Equipment,Core,45.9,55.73,59.46,10.5,17.4,10.0,0.0,ok,-2.5,ok,3.57,,False,35.4,16.8,1.9,3.9,24.7,9.0,51.2,-9.4,-16.9,0.371,0.315,GEV,,124,17.4,14.0,,False
462,LUV,Southwest Airlines Company,Industrials,Airlines,Core,20.5,41.85,42.27,10.5,15.3,10.0,0.0,ok,-0.5,ok,1.33,,False,35.3,9.1,-4.1,16.4,22.4,11.1,65.6,-3.7,-7.9,0.314,0.374,GOOG,,124,15.3,14.0,,False
463,HII,"Huntington Ingalls Industries,",Industrials,Aerospace & Defense,Core,10.5,266.48,294.04,10.5,16.3,10.0,0.0,ok,-1.5,ok,2.5,,False,35.3,12.8,-2.9,10.9,12.4,13.0,38.0,-22.5,-52.1,0.114,0.123,BMNR,,124,16.3,14.0,,False
464,ED,"Consolidated Edison, Inc.",Utilities,Utilities - Regulated Electric,Core,38.2,103.38,107.0,12.0,16.7,10.0,0.0,ok,-3.5,ok,4.36,,False,35.2,15.9,-2.2,13.2,53.4,9.0,40.8,-3.6,-26.5,-0.349,0.371,AVGO,,124,16.7,19.0,,False
465,CRWD,"CrowdStrike Holdings, Inc.",Technology,Software - Infrastructure,Core,279.2,272.67,259.04,14.0,11.2,10.0,0.0,ok,0.0,ok,-39.24,,False,35.2,,0.7,25.8,75.2,1.5,71.8,-32.8,-49.1,0.19,0.227,NVDA,,124,11.2,17.0,,False
466,ADM,Archer-Daniels-Midland Company,Consumer Defensive,Farm Products,Core,39.7,82.47,81.8,11.5,15.1,10.0,0.0,ok,-1.5,ok,2.75,,False,35.1,14.5,2.9,7.2,6.9,7.6,37.5,11.0,-5.1,-0.195,0.19,BMNR,,124,15.1,16.0,,False
467,LOW,"Lowe's Companies, Inc.",Consumer Cyclical,Home Improvement Retail,Core,100.7,179.5,204.72,15.5,12.0,10.0,0.0,ok,-2.5,ok,3.05,,True,35.0,13.8,4.6,8.3,33.0,,22.1,-22.2,-40.8,0.034,0.256,GOOG,,124,16.0,11.0,,False
468,ONTO,Onto Innovation Inc.,Technology,Semiconductor Equipment & Mate,Growth,16.0,325.41,309.14,14.0,13.0,10.0,-2.0,ok,0.0,ok,-1.33,,False,35.0,27.8,1.3,35.3,55.5,6.8,92.7,28.2,29.6,0.646,0.605,GEV,,124,13.0,14.0,,False
469,AMD,"Advanced Micro Devices, Inc.",Technology,Semiconductors,Growth,1031.3,631.75,600.16,16.5,10.5,10.0,-2.0,ok,0.0,ok,-0.92,,False,35.0,40.2,0.9,50.1,55.7,10.2,82.5,68.3,169.4,0.621,0.525,AVGO,,124,10.5,14.0,,False
470,IREN,IREN LIMITED,Financial Services,Capital Markets,Core,16.0,40.48,41.33,7.5,19.5,10.0,-2.0,ok,0.0,financial_na,,,False,35.0,,-26.5,-26.7,68.9,-23.4,46.8,-11.1,-2.3,0.623,0.502,AVGO,,124,19.5,16.0,,False
471,VTR,"Ventas, Inc.",Real Estate,REIT - Healthcare Facilities,Core,41.7,81.36,90.53,16.5,12.0,10.0,0.0,ok,-3.5,ok,5.34,,True,35.0,103.0,3.6,21.7,40.0,2.0,13.0,-5.0,-19.4,-0.346,0.393,AVGO,,124,16.8,15.0,,False
472,PLAB,"Photronics, Inc.",Technology,Semiconductor Equipment & Mate,Speculative,1.8,31.07,30.21,13.5,13.4,10.0,-2.0,ok,0.0,ok,-2.44,,False,34.9,15.0,1.6,2.7,33.7,13.8,79.5,-13.4,-40.8,0.535,0.522,GEV,,124,13.4,13.0,,False
473,EIX,Edison International,Utilities,Utilities - Regulated Electric,Core,20.9,54.24,64.33,13.5,14.9,10.0,0.0,ok,-3.5,ok,4.85,,False,34.9,8.3,0.4,-4.1,61.0,19.7,48.0,-20.0,-42.9,-0.062,0.144,NVDA,,124,14.9,20.0,,False
474,PPL,PPL Corporation,Utilities,Utilities - Regulated Electric,Core,24.8,32.95,34.42,10.5,17.9,10.0,0.0,ok,-3.5,ok,5.33,,False,34.9,15.5,-7.8,4.2,44.1,8.6,45.7,-8.5,-32.4,-0.195,0.246,AVGO,,124,17.9,19.0,,False
475,MRVL,"Marvell Technology, Inc.",Technology,Semiconductors,Growth,243.8,271.25,257.69,15.5,11.4,10.0,-2.0,ok,0.0,ok,0.47,,False,34.9,40.2,1.0,36.5,52.2,16.5,81.5,62.4,130.3,0.58,0.515,AVGO,,124,11.4,14.0,,False
476,EXC,Exelon Corporation,Utilities,Utilities - Regulated Electric,Core,42.1,40.82,43.84,10.5,19.2,10.0,0.0,ok,-5.0,ok,6.09,,False,34.7,13.4,-6.4,9.9,42.4,9.7,32.9,-10.4,-34.1,-0.301,0.28,AVGO,,124,19.2,19.0,,False
477,AXON,"Axon Enterprise, Inc.",Industrials,Aerospace & Defense,Growth,33.5,411.81,528.44,14.0,15.7,10.0,0.0,ok,-5.0,ok,7.01,,False,34.7,39.1,0.7,35.3,59.5,6.2,36.5,-17.1,-17.8,0.095,0.221,GOOG,,124,15.7,15.0,,False
478,LITE,Lumentum Holdings Inc.,Technology,Communication Equipment,Growth,97.9,1091.67,1037.09,14.0,10.5,10.0,0.0,ok,0.0,ok,-1.33,,False,34.5,30.7,0.2,109.3,44.2,-240.0,81.6,46.3,23.9,0.487,0.485,GEV,,124,10.5,14.0,,False
479,QBTS,D-Wave Quantum Inc.,Technology,Computer Hardware,Speculative,5.9,15.64,18.11,7.0,17.5,10.0,0.0,ok,0.0,neg_ebitda_low_debt,,,False,34.5,,-1.2,-0.6,,-28.0,44.0,-24.8,-6.9,0.48,0.481,BMNR,,124,17.5,15.0,,False
480,APD,"Air Products and Chemicals, In",Basic Materials,Specialty Chemicals,Cyclical,62.2,279.45,295.53,11.0,16.0,10.0,0.0,ok,-2.5,ok,3.71,,False,34.5,19.3,-2.4,4.6,32.1,0.0,36.5,-1.9,-22.5,0.001,0.117,GEV,,124,16.0,11.0,,False
481,PCAR,PACCAR Inc.,Industrials,Farm & Heavy Construction Mach,Core,57.6,109.36,124.41,13.0,12.0,10.0,0.0,ok,-0.5,ok,1.88,,True,34.5,15.1,3.4,0.5,13.7,12.8,8.1,-9.2,-24.8,0.276,0.227,BMNR,,124,17.1,14.0,,False
482,LIN,Linde plc,Basic Materials,Specialty Chemicals,Cyclical,222.4,482.38,480.88,13.5,11.5,10.0,0.0,ok,-0.5,ok,1.67,,False,34.5,24.7,1.9,9.3,48.3,18.4,70.3,-0.7,-20.9,-0.112,0.148,GOOG,,124,11.5,12.0,,False
483,ETN,"Eaton Corporation, PLC",Industrials,Specialty Industrial Machinery,Core,168.0,432.6,422.07,15.5,11.7,13.7,-4.0,ok,-2.5,ok,3.11,,False,34.4,26.7,1.8,21.4,36.0,19.7,74.7,11.4,1.7,0.698,0.675,GEV,,124,11.7,19.0,,False
484,TSLA,"Tesla, Inc.",Consumer Cyclical,Auto Manufacturers,Core,1495.8,378.73,359.79,11.0,15.4,10.0,-2.0,ok,0.0,ok,-2.55,,False,34.4,,0.3,25.5,18.9,4.7,63.5,-3.7,-10.1,0.503,0.474,BMNR,,124,15.4,11.0,,False
485,CNP,"CenterPoint Energy, Inc (Holdi",Utilities,Utilities - Regulated Electric,Core,24.9,37.75,39.66,11.5,17.8,10.0,0.0,ok,-5.0,ok,6.28,,False,34.3,18.1,-20.9,10.7,47.0,9.8,47.2,-8.7,-30.9,-0.191,0.26,AVGO,,124,17.8,19.0,,False
486,HLT,Hilton Worldwide Holdings Inc.,Consumer Cyclical,Lodging,Core,71.1,316.12,317.81,14.0,13.7,10.0,0.0,ok,-3.5,ok,4.21,,False,34.2,30.2,2.0,2.5,79.0,,59.5,0.0,-14.5,0.172,0.255,GOOG,,124,13.7,13.0,,False
487,INTC,Intel Corporation,Technology,Semiconductors,Core,614.2,116.19,110.38,13.0,13.7,10.0,-2.0,ok,-0.5,ok,1.24,,False,34.2,56.3,0.8,25.4,38.9,-10.7,68.0,43.0,111.3,0.538,0.468,AVGO,,124,13.7,13.0,,False
488,DOW,Dow Inc.,Basic Materials,Chemicals,Cyclical,20.6,28.51,29.81,9.0,17.6,10.0,0.0,ok,-2.5,ok,3.84,,False,34.1,16.6,1.2,19.7,9.8,-5.5,35.6,-10.7,-47.2,-0.212,0.174,GOOG,,124,17.6,11.0,,False
489,KMI,"Kinder Morgan, Inc.",Energy,Oil & Gas Midstream,Cyclical,69.9,31.41,31.48,14.5,13.1,10.0,0.0,ok,-3.5,ok,4.23,,False,34.1,20.3,1.5,10.8,49.4,11.0,57.4,0.4,-22.0,-0.177,0.202,BMNR,,124,13.1,13.0,,False
490,D,"Dominion Energy, Inc.",Utilities,Utilities - Regulated Electric,Core,53.7,61.02,65.88,11.5,17.5,10.0,0.0,ok,-5.0,ok,6.43,,False,34.0,16.0,-17.1,17.6,46.2,8.3,30.4,-4.9,-19.4,-0.083,0.108,NVDA,,124,17.5,19.0,,False
491,KHC,The Kraft Heinz Company,Consumer Defensive,Packaged Foods,Core,25.9,21.84,24.94,13.5,12.0,10.0,0.0,ok,-1.5,ok,2.97,,True,34.0,10.5,12.6,-1.4,33.5,-8.8,2.3,-8.3,-24.8,-0.257,0.365,GEV,,124,18.5,16.0,,False
492,O,Realty Income Corporation,Real Estate,REIT - Retail,Core,50.9,53.77,60.5,15.5,12.0,10.0,0.0,ok,-3.5,ok,5.74,,True,34.0,34.6,3.1,9.6,92.7,3.2,13.4,-12.5,-30.1,-0.237,0.284,NVDA,,124,18.9,17.0,,False
493,IRM,Iron Mountain Incorporated (De,Real Estate,REIT - Specialty,Core,33.4,112.33,118.96,13.0,15.9,10.0,0.0,ok,-5.0,ok,7.74,,False,33.9,41.2,-1.3,18.5,54.2,,50.8,0.3,-9.9,0.365,0.297,GEV,,124,15.9,16.0,,False
494,EVRG,"Evergy, Inc.",Utilities,Utilities - Regulated Electric,Core,18.2,79.09,81.62,10.5,16.8,10.0,0.0,ok,-3.5,ok,5.8,,False,33.8,17.3,-7.9,4.4,52.7,9.3,41.1,-2.2,-21.8,-0.198,0.283,AVGO,,124,16.8,19.0,,False
495,SRE,DBA Sempra,Utilities,Utilities - Diversified,Core,51.1,78.16,83.83,9.5,19.2,10.0,0.0,ok,-5.0,ok,6.23,,False,33.7,14.1,-54.1,-0.1,44.0,6.7,35.4,-13.0,-37.7,-0.075,0.168,NVDA,,124,19.2,19.0,,False
496,CMS,CMS Energy Corporation,Utilities,Utilities - Regulated Electric,Core,20.1,64.03,68.36,9.5,19.1,10.0,0.0,ok,-5.0,ok,6.32,,False,33.6,15.4,-11.0,-0.5,40.3,9.2,35.3,-11.6,-35.1,-0.256,0.286,AVGO,,124,19.1,19.0,,False
497,COHR,Coherent Corp.,Technology,Scientific & Technical Instrum,Growth,65.3,333.64,316.96,11.5,14.6,10.0,-2.0,ok,-0.5,ok,1.1,,False,33.6,23.8,-1.0,33.7,37.5,8.0,68.7,15.4,14.3,0.569,0.535,GEV,,124,14.6,13.0,,False
498,LHX,"L3Harris Technologies, Inc.",Industrials,Aerospace & Defense,Core,44.1,236.88,264.97,13.0,12.0,10.0,0.0,ok,-1.5,ok,2.29,,True,33.5,17.5,3.6,8.4,25.5,9.3,17.0,-23.6,-51.5,-0.18,0.191,GEV,,124,16.0,14.0,,False
499,RVTY,"Revvity, Inc.",Healthcare,Diagnostics & Research,Core,17.6,157.36,149.49,14.5,10.5,10.0,0.0,ok,-1.5,ok,2.65,,False,33.5,26.7,3.4,1.3,55.0,3.2,74.9,47.9,60.8,0.132,0.142,NVDA,,124,10.5,16.0,,False
500,DTE,DTE Energy Company,Utilities,Utilities - Regulated Electric,Core,26.0,125.04,134.63,9.5,18.9,10.0,0.0,ok,-5.0,ok,7.69,,False,33.4,14.9,-10.0,-1.5,29.3,11.0,36.0,-11.0,-32.8,-0.119,0.184,AVGO,,124,18.9,18.0,,False
501,AI,"C3.ai, Inc.",Technology,Software - Infrastructure,Speculative,1.8,11.09,10.54,6.0,17.4,10.0,0.0,ok,0.0,neg_ebitda_low_debt,,,False,33.4,,0.9,-25.5,29.1,-59.8,55.8,8.1,9.0,0.243,0.419,BMNR,,124,17.4,15.0,,False
502,NCLH,Norwegian Cruise Line Holdings,Consumer Cyclical,Travel Services,Speculative,6.8,14.87,16.78,14.5,13.7,10.0,0.0,ok,-5.0,ok,6.08,,False,33.2,9.0,-24.6,4.9,42.5,36.7,59.9,-23.5,-40.7,0.214,0.376,GOOG,,124,13.7,14.0,,False
503,XEL,Xcel Energy Inc.,Utilities,Utilities - Regulated Electric,Core,44.7,71.49,75.73,9.5,18.7,10.0,0.0,ok,-5.0,ok,6.47,,False,33.2,15.8,-17.7,-5.1,46.8,9.9,44.3,-8.2,-28.6,-0.073,0.167,NVDA,,124,18.7,19.0,,False
504,JCI,Johnson Controls International,Industrials,Building Products & Equipment,Core,95.0,156.85,149.01,16.0,10.5,10.0,-2.0,ok,-1.5,ok,2.04,,False,33.0,25.7,3.1,9.3,36.7,14.3,87.5,14.0,-0.2,0.503,0.542,GEV,,124,10.5,14.0,,False
505,GIS,"General Mills, Inc.",Consumer Defensive,Packaged Foods,Core,16.9,31.68,37.11,13.5,12.0,10.0,0.0,ok,-2.5,ok,3.86,,True,33.0,10.0,7.7,-2.8,33.7,-10.5,16.4,-17.6,-32.0,-0.327,0.336,GEV,,124,16.0,16.0,,False
506,DE,Deere & Company,Industrials,Farm & Heavy Construction Mach,Core,183.9,682.2,649.15,14.5,13.2,10.0,0.0,ok,-5.0,ok,6.7,,False,32.7,30.0,2.5,4.9,25.2,18.2,49.3,16.2,1.1,0.145,0.149,AVGO,,124,13.2,14.0,,False
507,PWR,"Quanta Services, Inc.",Industrials,Engineering & Construction,Growth,102.7,683.42,649.25,13.5,12.7,10.0,-2.0,ok,-1.5,ok,2.0,,False,32.7,34.6,1.9,41.1,15.5,15.3,79.4,12.8,5.8,0.591,0.608,GEV,,124,12.7,14.0,,False
508,BG,Bunge Limited,Consumer Defensive,Farm Products,Growth,20.6,107.32,113.46,9.5,16.3,10.0,0.0,ok,-3.5,ok,5.21,,False,32.3,9.5,-31.4,88.3,4.9,7.2,19.0,-7.4,-34.0,-0.177,0.18,GEV,,124,16.3,16.0,,False
509,NBIS,Nebius Group N.V.,Communication Services,Internet Content & Information,Growth,63.2,232.57,220.94,13.5,13.8,10.0,0.0,ok,-5.0,ok,8.35,,False,32.3,,-15.2,454.0,74.3,0.6,62.9,38.6,89.2,0.47,0.419,GEV,,124,13.8,15.0,,False
510,BBAI,"BigBear.ai, Inc.",Technology,Information Technology Service,Speculative,1.3,2.61,2.95,7.5,16.5,10.0,-2.0,ok,0.0,neg_ebitda_low_debt,,,False,32.0,,-16.7,13.2,27.9,-16.6,37.0,-34.2,-43.1,0.504,0.539,BMNR,,124,16.5,15.0,,False
511,CRWV,"CoreWeave, Inc.",Technology,Software - Infrastructure,Growth,48.2,87.39,86.67,12.5,16.5,10.0,-2.0,ok,-5.0,ok,12.16,,False,32.0,,-18.9,112.5,67.4,-43.6,61.6,-5.3,-9.5,0.516,0.427,GEV,,124,16.5,17.0,,False
512,CAG,"ConAgra Brands, Inc.",Consumer Defensive,Packaged Foods,Speculative,6.3,13.19,15.14,13.5,12.0,10.0,0.0,ok,-3.5,ok,4.26,,True,32.0,8.7,7.4,-1.4,23.8,-24.9,13.0,-14.1,-31.8,-0.311,0.341,GEV,,124,18.6,16.0,,False
513,PCG,Pacific Gas & Electric Co.,Utilities,Utilities - Regulated Electric,Core,37.1,12.35,15.44,10.5,16.2,10.0,0.0,ok,-5.0,ok,6.1,,False,31.7,6.9,-16.6,0.1,39.8,9.3,32.3,-25.2,-47.6,-0.029,0.079,NVDA,,124,16.2,18.0,,False
514,MOS,Mosaic Company (The),Basic Materials,Agricultural Inputs,Cyclical,6.8,21.29,23.48,5.5,18.5,10.0,0.0,ok,-2.5,ok,3.37,,False,31.5,13.6,-11.0,-6.0,11.2,-5.1,22.1,-12.8,-37.2,0.169,0.203,BMNR,,124,18.5,11.0,,False
515,VICI,VICI Properties Inc.,Real Estate,REIT - Diversified,Core,24.8,22.53,25.32,13.0,12.0,10.0,0.0,ok,-3.5,ok,4.82,,True,31.5,7.5,1.1,5.7,99.3,9.8,20.6,-17.4,-36.0,-0.325,0.348,GEV,,124,16.0,17.0,,False
516,OKLO,Oklo Inc.,Utilities,Utilities - Independent Power ,Speculative,6.7,35.97,40.6,8.0,15.5,10.0,-2.0,ok,0.0,neg_ebitda_low_debt,,,False,31.5,,-3.6,,,-7.7,50.0,-39.5,-43.7,0.621,0.478,BMNR,,124,15.5,19.0,,False
517,UCTT,"Ultra Clean Holdings, Inc.",Technology,Semiconductor Equipment & Mate,Speculative,3.4,74.02,77.09,9.0,16.8,10.0,-2.0,ok,-2.5,ok,3.74,,False,31.3,11.6,-2.4,24.3,15.8,-1.6,65.7,3.1,-0.6,0.592,0.559,GEV,,124,16.8,13.0,,False
518,WBD,"Warner Bros. Discovery, Inc. -",Communication Services,Entertainment,Core,77.6,30.95,29.4,14.0,9.8,10.0,0.0,ok,-2.5,ok,3.67,,False,31.3,,20.8,-11.2,47.8,-8.8,86.0,11.8,-4.6,0.076,0.2,NVDA,,124,9.8,14.0,,False
519,PNW,Pinnacle West Capital Corporat,Utilities,Utilities - Regulated Electric,Core,11.6,95.96,97.92,10.5,15.7,10.0,0.0,ok,-5.0,ok,7.68,,False,31.2,17.2,-8.0,7.1,43.4,9.4,54.6,-2.6,-23.0,-0.17,0.248,AVGO,,124,15.7,19.0,,False
520,IFF,International Flavors & Fragra,Basic Materials,Specialty Chemicals,Cyclical,21.2,83.26,83.91,8.0,14.6,10.0,0.0,ok,-1.5,ok,2.99,,False,31.1,21.0,-8.1,1.8,36.6,-5.5,47.0,9.3,-1.6,0.149,0.237,GOOG,,124,14.6,11.0,,False
521,AEHR,Aehr Test Systems,Technology,Semiconductor Equipment & Mate,Growth,3.4,104.4,99.18,10.5,12.1,10.0,-2.0,ok,0.0,neg_ebitda_low_debt,,,False,30.6,75.5,-0.1,33.7,35.3,-4.2,73.3,49.8,82.7,0.551,0.484,GEV,,124,12.1,13.0,,False
522,COHU,"Cohu, Inc.",Technology,Semiconductor Equipment & Mate,Growth,3.5,73.73,70.04,11.5,10.5,10.0,-2.0,ok,0.0,ok,-13.22,,False,30.0,39.9,1.9,38.4,44.0,-4.8,93.2,68.0,109.5,0.616,0.593,GEV,,124,10.5,14.0,,False
523,MRNA,"Moderna, Inc.",Healthcare,Biotechnology,Core,81.1,203.21,193.05,9.0,10.5,10.0,0.0,ok,0.0,neg_ebitda_low_debt,,,False,29.5,,0.4,2.1,,-39.0,79.5,195.9,299.2,0.044,0.251,BMNR,,124,10.5,15.0,,False
524,WULF,TeraWulf Inc.,Financial Services,Capital Markets,Speculative,7.4,14.79,16.39,7.0,14.4,10.0,-2.0,ok,0.0,financial_na,,,False,29.4,,-3.2,-6.0,,-1211.8,52.1,-18.1,-22.4,0.619,0.508,GEV,,124,14.4,16.0,,False
525,CRL,Charles River Laboratories Int,Healthcare,Diagnostics & Research,Core,15.0,310.77,295.23,11.0,10.5,10.0,0.0,ok,-2.5,ok,3.35,,False,29.0,24.4,3.1,-2.7,34.6,-7.5,73.1,47.9,67.3,0.126,0.175,BMNR,,124,10.5,15.0,,False
526,APLD,Applied Digital Corporation,Technology,Information Technology Service,Growth,7.4,24.7,27.18,9.5,14.8,10.0,-2.0,ok,-4.0,neg_ebitda_debt,,,False,28.3,,,406.6,25.9,-8.4,54.9,-23.1,-19.4,0.579,0.437,GEV,,124,14.8,15.0,fcf_yield_out_of_range(-67.1),False
527,AES,The AES Corporation,Utilities,Utilities - Diversified,Core,10.6,14.9,14.79,10.0,12.9,10.0,0.0,ok,-5.0,ok,7.64,,False,27.9,6.3,-29.1,19.9,20.3,9.6,70.8,2.2,-12.2,0.118,0.206,AVGO,,124,12.9,18.0,,False
528,CIFR,Cipher Digital Inc.,Technology,Information Technology Service,Speculative,6.4,15.48,17.56,5.5,16.8,10.0,-2.0,ok,-5.0,ok,49.49,,False,25.3,117.4,-45.1,-43.0,,-167.5,52.4,-15.5,-1.5,0.58,0.501,GEV,,124,16.8,15.0,,False
529,WY,Weyerhaeuser Company,Real Estate,REIT - Specialty,Core,13.3,18.49,22.99,8.0,12.0,10.0,0.0,ok,-5.0,ok,7.15,,True,25.0,28.3,0.1,-0.9,14.5,5.0,11.2,-23.2,-41.1,0.008,0.181,GOOG,,124,16.0,15.0,,False
530,F,Ford Motor Company,Consumer Cyclical,Auto Manufacturers,Core,48.4,12.15,13.75,4.5,12.0,10.0,0.0,ok,-5.0,ok,18.47,,True,21.5,6.2,-16.4,-3.8,7.1,-18.3,24.1,-9.2,-11.5,0.184,0.209,NVDA,,124,18.9,11.0,,False
