rank,ticker,name,sector,industry,category,mcap_B,current_price,entry_level,fundamental,technical,visibility,corr_penalty,corr_status,leverage_penalty,lev_status,nd_ebitda,dte_pct,broken_base,composite,fwd_pe,fcf_yield_pct,rev_growth_pct,gross_margin_pct,roe_pct,rsi,ma200_dist_pct,rel_str_6m_pct,portfolio_corr,max_corr,max_corr_with,corr_null_reason,n_corr_obs,technical_precap,visibility_legacy,data_flags,in_portfolio
1,GEV,GE Vernova Inc.,Industrials,Specialty Industrial Machinery,Compounder,277.0,1039.9,1023.86,19.0,15.8,23.0,0.0,ok,0.0,ok,-2.29,,False,57.8,41.8,5.7,21.9,20.6,82.6,51.3,22.0,14.7,0.382,0.458,AVGO,,126,15.8,23.0,,False
2,AVGO,Broadcom Inc.,Technology,Semiconductors,Growth,1979.4,416.05,395.25,20.0,15.7,22.0,0.0,ok,-0.5,ok,1.08,,False,57.2,21.3,1.4,47.9,76.3,37.3,62.6,13.0,10.0,0.41,0.491,NVDA,,126,15.7,22.0,,True
3,TSM,Taiwan Semiconductor Manufactu,Technology,Semiconductors,Growth,2225.8,429.15,425.55,24.0,12.5,21.0,-2.0,ok,0.0,ok,-0.8,,False,55.5,19.7,,36.0,64.2,40.0,56.5,18.9,3.7,0.585,0.654,NVDA,,126,12.5,21.0,fcf_yield_out_of_range(33.2),False
4,VRT,"Vertiv Holdings, LLC",Industrials,Electrical Equipment & Parts,Compounder,111.0,288.36,298.45,20.5,14.9,20.0,0.0,ok,0.0,ok,0.08,,False,55.4,31.7,2.4,24.1,38.0,43.9,45.2,15.2,4.4,0.299,0.454,AVGO,,126,14.9,20.0,,False
5,GOOG,Alphabet Inc.,Communication Services,Internet Content & Information,Compounder,4187.2,342.37,352.84,19.0,15.2,20.0,0.0,ok,0.0,ok,-0.7,,False,54.2,23.2,0.5,24.2,60.9,48.7,62.1,3.9,-1.6,0.343,0.312,BMNR,,126,15.2,20.0,,True
6,META,"Meta Platforms, Inc.",Communication Services,Internet Content & Information,Core,1474.6,578.85,597.85,18.0,18.5,17.0,0.0,ok,0.0,ok,0.2,,False,53.5,16.6,1.5,28.0,81.7,29.8,41.0,-7.9,-25.0,0.402,0.379,GOOG,,126,18.5,15.0,,False
7,POWL,"Powell Industries, Inc.",Industrials,Electrical Equipment & Parts,Speculative,7.6,207.98,252.2,17.5,16.4,18.0,0.0,ok,0.0,ok,-2.67,,False,51.9,30.6,2.5,8.9,30.1,28.3,34.8,6.9,-6.2,0.393,0.464,AVGO,,126,16.4,18.0,,False
8,ANET,"Arista Networks, Inc.",Technology,Computer Hardware,Growth,265.5,210.5,199.98,19.0,12.5,20.0,0.0,ok,0.0,ok,-2.88,,False,51.5,40.8,1.5,37.7,63.0,31.5,69.2,42.4,38.0,0.447,0.559,AVGO,,126,12.5,20.0,,False
9,NVDA,NVIDIA Corporation,Technology,Semiconductors,Growth,5427.7,224.09,212.89,20.0,12.8,20.0,-2.0,ok,0.0,ok,-0.24,,False,50.8,17.5,0.9,85.2,74.1,114.3,61.4,15.2,6.3,0.524,0.491,AVGO,,126,12.8,20.0,,True
10,CINF,Cincinnati Financial Corporati,Financial Services,Insurance - Property & Casualt,Growth,26.5,172.47,176.29,22.0,17.9,10.0,0.0,ok,0.0,financial_na,,,False,49.9,19.1,11.3,31.6,31.1,21.5,37.9,4.1,-5.5,-0.165,0.311,AVGO,,126,17.9,14.0,,False
11,SPGI,S&P Global Inc.,Financial Services,Financial Data & Stock Exchang,Core,120.9,410.1,422.14,19.5,20.4,10.0,0.0,ok,0.0,financial_na,,,False,49.9,20.3,4.5,10.4,70.9,14.3,43.2,-9.6,-6.4,0.12,0.35,MSFT,,126,20.4,16.0,,False
12,GDDY,GoDaddy Inc.,Technology,Software - Infrastructure,Core,11.6,91.82,87.23,22.0,18.3,10.0,0.0,ok,-0.5,ok,1.91,,False,49.8,8.3,10.4,6.6,63.8,442.9,53.9,-7.2,-10.4,-0.054,0.174,AVGO,,126,18.3,17.0,,False
13,SNDK,Sandisk Corporation,Technology,Computer Hardware,Growth,196.3,1344.29,1663.2,22.5,17.2,10.0,0.0,ok,0.0,ok,-0.38,,False,49.7,5.1,3.9,371.6,71.5,91.6,41.0,51.2,112.7,0.363,0.44,AVGO,,126,17.2,15.0,,False
14,LMT,Lockheed Martin Corporation,Industrials,Aerospace & Defense,Compounder,140.0,606.72,576.38,16.5,11.7,22.0,0.0,ok,-0.5,ok,1.73,,False,49.7,18.5,4.0,10.5,11.8,89.2,68.7,10.9,-14.6,-0.108,0.181,AVGO,,126,11.7,22.0,,False
15,QCOM,QUALCOMM Incorporated,Technology,Semiconductors,Core,171.2,163.07,187.08,19.0,20.7,10.0,0.0,ok,0.0,ok,0.58,,False,49.7,16.0,6.0,-4.0,54.2,33.8,44.0,-3.1,4.7,0.289,0.406,AVGO,,126,20.7,14.0,,False
16,HOOD,"Robinhood Markets, Inc.",Financial Services,Capital Markets,Growth,85.3,94.91,98.62,20.0,21.3,10.0,-2.0,ok,0.0,financial_na,,,False,49.3,29.8,,32.3,91.9,23.6,39.1,-2.9,10.1,0.548,0.578,BMNR,,126,21.3,16.0,,False
17,MSFT,Microsoft Corporation,Technology,Software - Infrastructure,Core,3656.6,492.43,467.81,18.0,13.3,18.0,0.0,ok,0.0,ok,0.27,,False,49.3,20.9,0.5,17.7,67.9,34.0,85.9,13.9,10.4,0.317,0.337,BMNR,,126,13.3,18.0,,True
18,DECK,Deckers Outdoor Corporation,Consumer Cyclical,Footwear & Accessories,Core,12.4,91.2,104.06,21.0,18.2,10.0,0.0,ok,0.0,ok,-0.85,,False,49.2,10.9,7.0,5.7,57.8,42.6,40.6,-10.6,-32.6,0.253,0.338,GOOG,,126,18.2,12.0,,False
19,FDS,FactSet Research Systems Inc.,Financial Services,Financial Data & Stock Exchang,Speculative,9.9,277.99,264.09,21.0,18.2,10.0,0.0,ok,0.0,financial_na,,,False,49.2,14.1,6.3,6.4,51.4,27.0,67.4,12.7,32.6,0.026,0.341,MSFT,,126,18.2,15.0,,False
20,CEG,Constellation Energy Corporati,Utilities,Utilities - Independent Power ,Compounder,98.7,278.68,264.75,12.5,18.1,21.0,0.0,ok,-2.5,ok,3.02,,False,49.1,20.9,-6.7,23.0,22.1,15.1,52.4,-8.1,-10.7,0.185,0.24,AVGO,,126,18.1,21.0,,False
21,EOG,"EOG Resources, Inc.",Energy,Oil & Gas E&P,Growth,75.1,143.14,137.85,23.0,16.1,10.0,0.0,ok,0.0,ok,0.23,,False,49.1,9.8,6.0,58.7,62.6,22.5,47.4,15.0,10.4,-0.331,0.303,NVDA,,126,16.1,14.0,,False
22,EBAY,eBay Inc.,Consumer Cyclical,Internet Retail,Core,45.5,102.31,110.77,20.5,18.9,10.0,0.0,ok,-0.5,ok,1.24,,False,48.9,15.2,3.5,14.8,72.1,46.6,40.3,5.4,12.2,0.181,0.236,GOOG,,126,18.9,13.0,,False
23,CF,"CF Industries Holdings, Inc.",Basic Materials,Agricultural Inputs,Cyclical,18.2,120.01,114.85,22.0,16.9,10.0,0.0,ok,0.0,ok,0.29,,False,48.9,11.3,7.0,17.6,42.5,29.9,41.7,15.5,13.4,-0.339,0.321,GOOG,,126,16.9,12.0,,False
24,NOC,Northrop Grumman Corporation,Industrials,Aerospace & Defense,Compounder,82.0,577.32,548.45,16.0,13.0,21.0,0.0,ok,-1.5,ok,2.03,,False,48.5,19.0,3.0,5.1,20.1,27.0,78.5,-4.4,-26.3,-0.054,0.24,AVGO,,126,13.0,21.0,,False
25,GD,General Dynamics Corporation,Industrials,Aerospace & Defense,Compounder,106.7,394.21,374.5,14.5,13.0,21.0,0.0,ok,0.0,ok,0.78,,False,48.5,21.3,4.1,8.1,15.4,17.8,62.3,12.5,2.7,0.015,0.144,NVDA,,126,13.0,21.0,,False
26,TLN,Talen Energy Corporation,Utilities,Utilities - Independent Power ,Growth,17.5,365.07,371.6,17.5,17.0,19.0,0.0,ok,-5.0,ok,16.05,,False,48.5,12.5,7.2,111.2,42.1,-12.8,45.3,0.3,-8.7,0.353,0.361,AVGO,,126,17.0,19.0,,False
27,APP,Applovin Corporation,Communication Services,Advertising Agencies,Growth,102.0,303.76,461.2,22.5,16.0,10.0,0.0,ok,0.0,ok,0.09,,False,48.5,14.3,3.1,52.8,88.5,203.7,29.0,-40.6,-45.1,0.406,0.345,BMNR,,126,16.0,15.0,,False
28,AMZN,"Amazon.com, Inc.",Consumer Cyclical,Internet Retail,Core,2883.0,267.28,253.92,17.0,16.4,17.0,-2.0,ok,0.0,ok,0.76,,False,48.4,25.9,0.1,19.6,50.8,30.6,68.1,12.6,19.3,0.586,0.635,GOOG,,126,16.4,17.0,,False
29,TROW,"T. Rowe Price Group, Inc.",Financial Services,Asset Management,Core,23.8,111.42,112.99,20.5,17.8,10.0,0.0,ok,0.0,financial_na,,,False,48.3,10.8,8.5,10.7,51.6,19.4,43.4,9.2,8.9,0.268,0.317,BMNR,,126,17.8,15.0,,False
30,NXPI,NXP Semiconductors N.V.,Technology,Semiconductors,Core,58.9,233.41,277.29,22.0,16.8,10.0,0.0,ok,-0.5,ok,1.53,,False,48.3,12.9,6.0,19.5,56.1,27.9,28.5,-3.3,-17.7,0.223,0.394,AVGO,,126,16.8,14.0,,False
31,OXY,Occidental Petroleum Corporati,Energy,Oil & Gas E&P,Growth,58.5,58.55,55.62,22.5,15.8,10.0,0.0,ok,0.0,ok,0.76,,False,48.3,14.8,6.5,53.4,73.3,10.6,52.9,15.5,12.9,-0.283,0.315,GOOG,,126,15.8,14.0,,False
32,CBOE,"Cboe Global Markets, Inc.",Financial Services,Financial Data & Stock Exchang,Core,30.4,290.98,276.43,20.5,17.8,10.0,0.0,ok,0.0,financial_na,,,False,48.3,19.1,2.2,22.9,54.1,26.3,53.3,3.7,-3.0,-0.115,0.206,AVGO,,126,17.8,15.0,,False
33,AON,Aon plc,Financial Services,Insurance Brokers,Core,74.7,352.36,346.53,20.0,17.8,10.0,0.0,ok,0.0,financial_na,,,False,47.8,16.5,4.3,2.2,48.2,44.7,47.3,4.7,2.3,-0.181,0.396,AVGO,,126,17.8,15.0,,False
34,ALL,Allstate Corporation (The),Financial Services,Insurance - Property & Casualt,Core,64.7,255.84,243.72,22.0,15.7,10.0,0.0,ok,0.0,financial_na,,,False,47.7,9.3,23.4,11.8,36.8,46.1,51.0,18.4,14.0,-0.279,0.343,NVDA,,126,15.7,14.0,,False
35,BRO,"Brown & Brown, Inc.",Financial Services,Insurance Brokers,Growth,23.8,71.06,67.51,21.5,16.2,10.0,0.0,ok,0.0,financial_na,,,False,47.7,14.7,6.9,32.4,56.3,10.0,65.6,1.6,-5.3,-0.185,0.383,AVGO,,126,16.2,15.0,,False
36,PYPL,"PayPal Holdings, Inc.",Financial Services,Credit Services,Core,50.6,59.2,56.24,20.0,17.7,10.0,0.0,ok,0.0,financial_na,,,False,47.7,10.2,8.7,4.8,40.5,24.5,69.0,14.6,35.1,0.228,0.303,MSFT,,126,17.7,17.0,,False
37,MCO,Moody's Corporation,Financial Services,Financial Data & Stock Exchang,Core,82.8,477.84,472.44,20.5,17.1,10.0,0.0,ok,0.0,financial_na,,,False,47.6,25.3,3.1,15.1,75.0,76.9,55.9,1.6,4.8,0.175,0.34,MSFT,,126,17.1,16.0,,False
38,UBER,"Uber Technologies, Inc.",Technology,Software - Application,Core,153.9,75.36,72.08,21.0,16.8,10.0,0.0,ok,-0.5,ok,1.25,,False,47.3,17.1,4.7,12.2,40.8,37.2,61.5,-3.1,-5.5,0.3,0.334,MSFT,,126,16.8,16.0,,False
39,WDC,Western Digital Corporation,Technology,Computer Hardware,Growth,156.5,454.1,555.63,20.0,17.2,10.0,0.0,ok,0.0,ok,-0.11,,False,47.2,14.3,1.5,43.8,48.9,130.9,35.2,31.3,54.3,0.406,0.506,AVGO,,126,17.2,14.0,,False
40,WRB,W.R. Berkley Corporation,Financial Services,Insurance - Property & Casualt,Core,25.9,69.73,70.61,20.0,17.1,10.0,0.0,ok,0.0,financial_na,,,False,47.1,14.4,11.8,1.2,43.8,20.2,32.6,0.4,-14.0,-0.302,0.306,AVGO,,126,17.1,15.0,,False
41,CDNS,"Cadence Design Systems, Inc.",Technology,Software - Application,Core,89.0,323.13,364.78,18.0,19.0,10.0,0.0,ok,0.0,ok,0.52,,False,47.0,33.9,1.8,24.2,85.9,23.2,44.9,-1.4,-3.8,0.475,0.379,BMNR,,126,19.0,17.0,,False
42,AXP,American Express Company,Financial Services,Credit Services,Core,232.4,344.08,338.5,21.5,15.5,10.0,0.0,ok,0.0,financial_na,,,False,47.0,17.1,,12.8,62.3,34.4,52.5,1.6,-14.1,0.398,0.382,BMNR,,126,15.5,18.0,,False
43,ADBE,Adobe Inc.,Technology,Software - Application,Core,102.9,258.75,245.81,23.0,14.0,10.0,0.0,ok,0.0,ok,0.15,,False,47.0,9.4,9.0,12.7,89.4,63.0,72.0,-5.3,-11.0,0.162,0.397,MSFT,,126,14.0,17.0,,False
44,AAPL,Apple Inc.,Technology,Consumer Electronics,Core,4411.1,302.25,309.48,20.5,16.4,10.0,0.0,ok,0.0,ok,0.13,,False,46.9,31.8,2.4,16.4,48.7,148.8,37.2,8.0,-1.8,0.217,0.241,BMNR,,126,16.4,14.0,,False
45,PODD,Insulet Corporation,Healthcare,Medical Devices,Core,10.1,145.06,154.9,20.5,16.2,10.0,0.0,ok,0.0,ok,0.67,,False,46.7,18.8,2.4,23.5,71.1,26.0,40.5,-35.6,-53.8,0.047,0.192,GOOG,,126,16.2,17.0,,False
46,FANG,"Diamondback Energy, Inc.",Energy,Oil & Gas E&P,Growth,56.2,200.84,191.33,21.0,16.0,10.0,0.0,ok,-0.5,ok,1.03,,False,46.5,11.2,9.0,52.5,72.4,3.5,46.4,15.0,8.6,-0.224,0.274,GOOG,,126,16.0,14.0,,False
47,INCY,Incyte Corporation,Healthcare,Biotechnology,Growth,24.5,120.77,114.73,23.0,13.5,10.0,0.0,ok,0.0,ok,-2.32,,False,46.5,13.6,4.8,37.7,55.7,30.7,56.2,17.8,10.6,-0.085,0.179,AVGO,,126,13.5,16.0,,False
48,MU,"Micron Technology, Inc.",Technology,Semiconductors,Growth,1029.2,911.29,965.16,20.0,16.4,10.0,0.0,ok,0.0,ok,-0.29,,False,46.4,5.9,0.7,345.7,72.6,66.6,43.3,67.2,110.5,0.393,0.508,AVGO,,126,16.4,15.0,,False
49,NFLX,"Netflix, Inc.",Communication Services,Entertainment,Core,309.0,74.21,75.01,23.0,13.4,10.0,0.0,ok,0.0,ok,0.51,,False,46.4,19.4,8.2,13.4,49.1,49.5,68.5,-17.1,-18.4,0.109,0.201,MSFT,,126,13.4,14.0,,False
50,PGR,Progressive Corporation (The),Financial Services,Insurance - Property & Casualt,Core,120.6,207.37,213.15,19.5,16.9,10.0,0.0,ok,0.0,financial_na,,,False,46.4,12.7,12.5,7.3,18.5,34.9,50.4,0.1,-12.1,-0.332,0.342,NVDA,,126,16.9,14.0,,False
51,VRSK,"Verisk Analytics, Inc.",Industrials,Consulting Services,Core,23.5,180.38,187.66,18.0,19.8,10.0,0.0,ok,-1.5,ok,2.68,,False,46.3,20.7,4.5,4.4,70.2,,39.1,-8.4,-7.6,-0.179,0.32,AVGO,,126,19.8,18.0,,False
52,ADSK,"Autodesk, Inc.",Technology,Software - Application,Core,52.7,249.51,237.03,22.0,14.1,10.0,0.0,ok,0.0,ok,-0.09,,False,46.1,17.5,5.8,18.4,92.4,50.4,77.8,-0.7,-4.4,0.123,0.329,MSFT,,126,14.1,17.0,,False
53,HIG,"The Hartford Insurance Group, ",Financial Services,Insurance - Diversified,Core,37.7,137.44,136.16,20.0,16.0,10.0,0.0,ok,0.0,financial_na,,,False,46.0,10.0,14.6,8.1,37.9,22.1,39.6,1.8,-14.4,-0.16,0.28,AVGO,,126,16.0,14.0,,False
54,TTD,"The Trade Desk, Inc.",Communication Services,Advertising Agencies,Speculative,6.3,13.49,18.41,19.5,16.5,10.0,0.0,ok,0.0,ok,-1.51,,False,46.0,13.6,9.2,3.0,76.9,15.4,34.8,-51.5,-62.1,0.193,0.286,MSFT,,126,16.5,15.0,,False
55,ZTS,Zoetis Inc.,Healthcare,Drug Manufacturers - Specialty,Core,30.4,73.54,76.52,21.0,15.4,10.0,0.0,ok,-0.5,ok,1.86,,False,45.9,10.9,6.6,-0.2,71.7,64.9,47.6,-31.4,-54.2,0.056,0.161,GOOG,,126,15.4,17.0,,False
56,APA,APA Corporation,Energy,Oil & Gas E&P,Cyclical,14.0,39.97,37.97,21.0,14.8,10.0,0.0,ok,0.0,ok,0.6,,False,45.8,9.7,15.3,9.2,78.3,26.7,61.8,25.9,30.8,-0.327,0.31,NVDA,,126,14.8,14.0,,False
57,TXN,Texas Instruments Incorporated,Technology,Semiconductors,Core,252.6,276.59,293.42,19.0,16.7,10.0,0.0,ok,0.0,ok,0.74,,False,45.7,26.6,1.4,22.8,58.3,35.2,44.1,20.5,11.1,0.238,0.406,AVGO,,126,16.7,14.0,,False
58,PG,Procter & Gamble Company (The),Consumer Defensive,Household & Personal Products,Core,334.9,144.08,147.69,18.5,17.7,10.0,0.0,ok,-0.5,ok,1.01,,False,45.7,19.5,4.0,1.5,50.9,30.3,41.2,-1.9,-20.9,-0.058,0.231,GOOG,,126,17.7,17.0,,False
59,IDXX,"IDEXX Laboratories, Inc.",Healthcare,Diagnostics & Research,Core,45.0,570.58,561.06,19.5,16.1,10.0,0.0,ok,0.0,ok,0.55,,False,45.6,34.1,2.0,9.7,62.4,74.2,63.4,-7.7,-23.7,0.27,0.352,GOOG,,126,16.1,17.0,,False
60,IT,"Gartner, Inc.",Technology,Information Technology Service,Core,11.3,179.46,170.49,21.0,15.0,10.0,0.0,ok,-0.5,ok,1.33,,False,45.5,10.9,9.3,-0.6,69.6,113.6,71.7,-1.2,-0.5,-0.016,0.241,MSFT,,126,15.0,17.0,,False
61,ORCL,Oracle Corporation,Technology,Software - Infrastructure,Core,441.5,153.28,155.73,17.5,14.5,19.0,-2.0,ok,-3.5,ok,4.44,,False,45.5,14.1,-5.6,20.6,65.8,53.4,76.2,-13.4,-13.8,0.604,0.537,MSFT,,126,14.5,19.0,,False
62,TRV,"The Travelers Companies, Inc.",Financial Services,Insurance - Property & Casualt,Core,77.2,370.16,351.65,20.0,15.4,10.0,0.0,ok,0.0,financial_na,,,False,45.4,12.3,19.1,0.3,34.7,26.5,45.7,21.7,12.6,-0.231,0.274,AVGO,,126,15.4,14.0,,False
63,ULTA,"Ulta Beauty, Inc.",Consumer Cyclical,Specialty Retail,Core,22.9,531.89,505.3,21.0,14.9,10.0,0.0,ok,-0.5,ok,1.1,,False,45.4,16.7,4.3,11.1,43.2,47.4,68.8,-4.2,-33.8,0.165,0.173,MSFT,,126,14.9,12.0,,False
64,RTX,RTX Corporation,Industrials,Aerospace & Defense,Compounder,300.2,222.76,211.62,15.5,9.4,21.0,0.0,ok,-0.5,ok,1.92,,False,45.4,28.4,3.3,14.5,20.3,12.3,77.0,17.4,2.1,-0.037,0.145,AVGO,,126,9.4,21.0,,False
65,EQT,EQT Corporation,Energy,Oil & Gas E&P,Cyclical,33.8,54.06,51.99,18.5,16.7,10.0,0.0,ok,0.0,ok,0.79,,False,45.2,13.6,7.3,-3.9,80.7,11.1,53.6,-3.7,-16.1,-0.065,0.097,NVDA,,126,16.7,14.0,,False
66,GWW,"W.W. Grainger, Inc.",Industrials,Industrial Distribution,Core,61.5,1304.88,1341.25,19.5,15.6,10.0,0.0,ok,0.0,ok,0.69,,False,45.1,25.6,2.0,10.3,39.4,46.1,36.6,14.0,-2.9,0.051,0.187,GOOG,,126,15.6,14.0,,False
67,MO,"Altria Group, Inc.",Consumer Defensive,Tobacco,Core,107.5,64.38,71.01,19.0,16.6,10.0,0.0,ok,-0.5,ok,1.41,,False,45.1,11.0,8.4,1.2,87.2,,26.4,-0.8,-12.3,-0.447,0.443,MSFT,,126,16.6,18.0,,False
68,STX,Seagate Technology Holdings PL,Technology,Computer Hardware,Growth,199.0,878.21,888.51,20.0,15.1,10.0,0.0,ok,0.0,ok,0.49,,False,45.1,15.9,1.0,48.5,45.6,371.5,46.2,61.9,104.4,0.359,0.45,AVGO,,126,15.1,14.0,,False
69,BX,Blackstone Inc.,Financial Services,Asset Management,Core,175.0,146.41,139.09,22.5,12.6,10.0,0.0,ok,0.0,financial_na,,,False,45.1,19.6,,28.6,100.0,31.4,75.3,12.9,-0.9,0.312,0.325,BMNR,,126,12.6,16.0,,False
70,WDAY,"Workday, Inc.",Technology,Software - Application,Core,43.3,175.29,166.53,20.5,14.6,10.0,0.0,ok,0.0,ok,-0.36,,False,45.1,13.9,7.2,13.5,75.8,10.9,77.2,7.5,9.6,0.142,0.454,MSFT,,126,14.6,17.0,,False
71,ALAB,"Astera Labs, Inc.",Technology,Semiconductors,Growth,55.3,318.8,356.54,19.0,16.1,10.0,0.0,ok,0.0,ok,-4.23,,False,45.1,49.9,0.2,104.5,75.1,25.8,48.5,48.8,110.2,0.46,0.531,AVGO,,126,16.1,15.0,,False
72,BR,Broadridge Financial Solutions,Technology,Information Technology Service,Core,19.3,169.27,160.81,21.0,14.6,10.0,0.0,ok,-0.5,ok,1.72,,False,45.1,14.6,6.2,7.5,31.8,40.9,73.2,-6.1,-10.0,0.062,0.361,MSFT,,126,14.6,15.0,,False
73,GS,"Goldman Sachs Group, Inc. (The",Financial Services,Capital Markets,Growth,302.0,1037.21,1054.95,21.0,16.1,10.0,-2.0,ok,0.0,financial_na,,,False,45.1,14.0,,42.5,82.1,16.9,41.8,12.1,-1.2,0.515,0.531,NVDA,,126,16.1,16.0,,False
74,EXPE,"Expedia Group, Inc.",Consumer Cyclical,Travel Services,Core,39.1,325.57,309.29,23.0,12.0,10.0,0.0,ok,0.0,ok,-0.5,,False,45.0,13.5,8.8,14.0,90.4,89.5,79.1,29.6,28.0,0.176,0.216,MSFT,,126,12.0,15.0,,False
75,MS,Morgan Stanley,Financial Services,Capital Markets,Core,342.1,217.64,216.37,20.0,15.0,10.0,0.0,ok,0.0,financial_na,,,False,45.0,16.0,,28.0,87.6,18.0,53.2,17.2,12.2,0.477,0.466,BMNR,,126,15.0,16.0,,False
76,PEP,"Pepsico, Inc.",Consumer Defensive,Beverages - Non-Alcoholic,Core,189.5,138.7,140.22,20.0,16.4,10.0,0.0,ok,-1.5,ok,2.25,,False,44.9,15.4,4.1,6.4,54.2,51.5,61.3,-6.5,-28.9,-0.153,0.288,AVGO,,126,16.4,17.0,,False
77,CVX,Chevron Corporation,Energy,Oil & Gas Integrated,Growth,385.7,196.6,186.77,20.5,14.4,10.0,0.0,ok,0.0,ok,0.56,,False,44.9,15.0,5.7,53.5,44.3,12.2,52.5,11.6,-4.8,-0.324,0.324,NVDA,,126,14.4,13.0,,False
78,LVS,Las Vegas Sands Corp.,Consumer Cyclical,Resorts & Casinos,Core,29.6,45.68,47.48,21.0,15.3,10.0,0.0,ok,-1.5,ok,2.57,,False,44.8,12.9,7.5,-0.7,79.3,122.9,48.1,-17.4,-32.0,0.298,0.341,MSFT,,126,15.3,13.0,,False
79,AIG,"American International Group, ",Financial Services,Insurance - Diversified,Core,39.8,76.14,77.37,17.0,17.8,10.0,0.0,ok,0.0,financial_na,,,False,44.8,8.7,18.5,0.5,35.1,7.2,40.3,-1.4,-14.0,-0.076,0.167,NVDA,,126,17.8,14.0,,False
80,ON,ON Semiconductor Corporation,Technology,Semiconductors,Core,32.4,83.32,98.92,16.0,18.7,10.0,0.0,ok,0.0,ok,0.4,,False,44.7,18.4,5.1,9.2,42.8,8.3,40.9,9.4,5.4,0.343,0.47,AVGO,,126,18.7,14.0,,False
81,ODFL,"Old Dominion Freight Line, Inc",Industrials,Trucking,Core,44.2,212.55,225.75,18.5,16.1,10.0,0.0,ok,0.0,ok,-0.15,,False,44.6,32.1,2.2,10.4,39.6,24.8,33.3,11.3,-2.2,0.099,0.148,NVDA,,126,16.1,14.0,,False
82,LRCX,Lam Research Corporation,Technology,Semiconductor Equipment & Mate,Core,408.1,326.11,337.65,19.0,15.6,10.0,0.0,ok,0.0,ok,-0.17,,False,44.6,28.2,0.8,30.0,50.5,65.1,51.7,31.7,27.2,0.47,0.558,AVGO,,126,15.6,14.0,,False
83,NOW,"ServiceNow, Inc.",Technology,Software - Application,Core,129.2,124.94,118.69,18.0,17.0,10.0,0.0,ok,-0.5,ok,1.31,,False,44.5,25.0,4.0,24.0,74.8,14.2,82.1,2.0,12.6,0.268,0.509,MSFT,,126,17.0,17.0,,False
84,PLTR,Palantir Technologies Inc.,Technology,Software - Infrastructure,Growth,411.0,171.04,162.49,20.0,14.5,10.0,0.0,ok,0.0,ok,-3.45,,False,44.5,73.9,0.5,92.8,84.8,38.1,76.8,12.4,14.4,0.464,0.414,MSFT,,126,14.5,17.0,,False
85,PATH,"UiPath, Inc.",Technology,Software - Infrastructure,Speculative,7.9,15.26,14.5,20.5,13.9,10.0,0.0,ok,0.0,ok,-9.9,,False,44.4,16.8,6.5,17.3,83.0,18.2,86.2,19.8,18.9,0.265,0.446,MSFT,,126,13.9,17.0,,False
86,FIX,"Comfort Systems USA, Inc.",Industrials,Engineering & Construction,Core,61.2,1738.82,1799.12,17.0,17.4,10.0,0.0,ok,0.0,ok,0.12,,False,44.4,29.0,3.0,1.0,25.7,55.3,43.7,21.3,18.4,0.416,0.436,AVGO,,126,17.4,14.0,,False
87,KLAC,KLA Corporation,Technology,Semiconductor Equipment & Mate,Core,272.1,208.25,528.34,18.0,16.4,10.0,0.0,ok,0.0,ok,0.21,,False,44.4,31.7,1.0,15.2,61.3,87.5,44.9,-83.1,-97.5,0.184,0.265,AVGO,,126,16.4,15.0,,False
88,MSCI,MSCI Inc.,Financial Services,Financial Data & Stock Exchang,Core,40.9,563.01,589.25,17.5,16.9,10.0,0.0,ok,0.0,financial_na,,,False,44.4,25.0,2.9,12.2,83.0,,58.5,-1.4,-0.8,0.174,0.352,MSFT,,126,16.9,16.0,,False
89,KLIC,"Kulicke and Soffa Industries, ",Technology,Semiconductor Equipment & Mate,Growth,5.0,95.15,107.07,16.5,17.8,10.0,0.0,ok,0.0,ok,-2.49,,False,44.3,16.1,1.1,122.6,52.6,13.2,39.4,27.0,15.9,0.402,0.46,NVDA,,126,17.8,14.0,,False
90,HSY,The Hershey Company,Consumer Defensive,Confectioners,Core,37.0,184.23,177.83,20.0,14.8,10.0,0.0,ok,-0.5,ok,1.89,,False,44.3,18.7,4.7,6.6,38.4,32.8,68.5,-3.1,-30.7,-0.213,0.324,AVGO,,126,14.8,16.0,,False
91,LULU,lululemon athletica inc.,Consumer Cyclical,Apparel Retail,Core,13.7,120.87,118.02,21.0,13.3,10.0,0.0,ok,0.0,ok,0.24,,False,44.3,10.7,8.3,4.3,55.7,32.0,66.7,-23.1,-42.9,0.363,0.363,MSFT,,126,13.3,12.0,,False
92,MPWR,"Monolithic Power Systems, Inc.",Technology,Semiconductors,Growth,70.0,1425.01,1411.05,19.0,15.2,10.0,0.0,ok,0.0,ok,-1.39,,False,44.2,41.0,0.6,47.6,55.2,22.0,52.5,16.5,7.7,0.454,0.557,AVGO,,126,15.2,14.0,,False
93,CMG,"Chipotle Mexican Grill, Inc.",Consumer Cyclical,Restaurants,Core,41.3,32.64,33.01,18.5,17.1,10.0,0.0,ok,-1.5,ok,2.08,,False,44.1,23.9,2.7,9.3,39.4,49.6,52.0,-5.7,-23.9,0.219,0.369,MSFT,,126,17.1,11.0,,False
94,TPR,"Tapestry, Inc.",Consumer Cyclical,Luxury Goods,Core,31.1,153.74,146.76,23.0,11.5,10.0,0.0,ok,-0.5,ok,1.45,,False,44.0,19.6,4.9,21.2,76.2,60.9,68.9,12.7,-12.0,0.287,0.311,BMNR,,126,11.5,13.0,,False
95,ROL,"Rollins, Inc.",Consumer Cyclical,Personal Services,Core,17.6,36.52,42.79,18.5,16.0,10.0,0.0,ok,-0.5,ok,1.16,,False,44.0,28.0,2.9,7.9,52.4,37.0,26.5,-32.2,-55.6,0.046,0.196,GOOG,,126,16.0,14.0,,False
96,FSLR,"First Solar, Inc.",Technology,Solar,Core,24.4,226.77,239.43,18.5,15.5,10.0,0.0,ok,0.0,ok,-0.64,,False,44.0,9.8,6.6,-3.7,44.0,18.5,60.1,-3.3,-12.1,0.368,0.367,AVGO,,126,15.5,14.0,,False
97,VLTO,Veralto Corp,Industrials,Pollution & Treatment Controls,Core,23.6,96.67,91.84,19.5,14.9,10.0,0.0,ok,-0.5,ok,1.06,,False,43.9,20.2,3.4,7.5,60.2,34.3,63.2,3.4,-9.7,-0.044,0.09,AVGO,,126,14.9,16.0,,False
98,UPS,"United Parcel Service, Inc.",Industrials,Integrated Freight & Logistics,Core,88.4,103.91,109.08,18.5,15.8,10.0,0.0,ok,-0.5,ok,2.0,,False,43.8,12.9,6.3,7.6,22.4,29.6,30.3,1.6,-22.3,0.126,0.161,GOOG,,126,15.8,14.0,,False
99,BMY,Bristol-Myers Squibb Company,Healthcare,Drug Manufacturers - General,Core,130.1,63.7,60.52,22.0,12.3,10.0,0.0,ok,-0.5,ok,1.8,,False,43.8,9.7,6.2,5.7,71.7,46.6,60.8,13.8,-4.2,-0.019,0.232,AVGO,,126,12.3,17.0,,False
100,NVR,"NVR, Inc.",Consumer Cyclical,Residential Construction,Core,16.9,6293.95,6424.97,16.5,17.3,10.0,0.0,ok,0.0,ok,-0.0,,False,43.8,15.3,5.4,-10.9,21.8,31.5,54.4,-8.6,-33.9,0.011,0.169,GOOG,,126,17.3,11.0,,False
101,PTC,PTC Inc.,Technology,Software - Application,Core,16.1,147.99,140.59,21.0,12.8,10.0,0.0,ok,0.0,ok,0.98,,False,43.8,16.7,6.4,-6.8,84.5,35.1,88.4,-2.5,-16.5,0.172,0.458,MSFT,,126,12.8,17.0,,False
102,ETN,"Eaton Corporation, PLC",Industrials,Specialty Industrial Machinery,Core,178.6,459.96,436.96,15.5,11.8,19.0,0.0,ok,-2.5,ok,3.11,,False,43.8,28.7,1.7,21.4,36.0,19.7,64.1,22.3,5.2,0.389,0.472,AVGO,,126,11.8,19.0,,False
103,ESTC,Elastic N.V.,Technology,Software - Application,Speculative,8.0,77.16,73.3,21.0,12.7,10.0,0.0,ok,0.0,neg_ebitda_low_debt,,,False,43.7,19.9,5.8,16.0,76.2,33.4,93.3,20.6,13.1,0.356,0.505,MSFT,,126,12.7,17.0,,False
104,CSX,CSX Corporation,Industrials,Railroads,Core,92.8,50.08,48.83,19.5,15.7,10.0,0.0,ok,-1.5,ok,2.64,,False,43.7,22.0,2.1,10.1,47.1,24.4,30.1,19.8,9.9,-0.035,0.2,MSFT,,126,15.7,15.0,,False
105,NWSA,News Corporation,Communication Services,Entertainment,Core,15.5,28.67,27.24,18.0,15.7,10.0,0.0,ok,0.0,ok,0.61,,False,43.7,19.1,6.7,10.8,57.2,8.0,66.2,11.0,12.4,0.08,0.2,GOOG,,126,15.7,14.0,,False
106,GL,Globe Life Inc.,Financial Services,Insurance - Life,Core,13.8,177.91,175.19,20.0,13.6,10.0,0.0,ok,0.0,financial_na,,,False,43.6,10.8,8.4,8.0,33.9,20.9,63.7,18.5,12.3,0.162,0.24,GOOG,,126,13.6,14.0,,False
107,BBY,"Best Buy Co., Inc.",Consumer Cyclical,Specialty Retail,Core,17.5,83.0,80.32,18.0,15.6,10.0,0.0,ok,0.0,ok,0.85,,False,43.6,11.8,6.5,1.9,22.5,39.1,46.7,18.1,14.0,0.072,0.088,BMNR,,126,15.6,11.0,,False
108,RL,Ralph Lauren Corporation,Consumer Cyclical,Apparel Manufacturing,Core,23.6,396.35,388.83,20.5,13.0,10.0,0.0,ok,0.0,ok,0.67,,False,43.5,19.0,3.7,14.0,70.3,37.5,67.4,9.4,-1.1,0.291,0.3,BMNR,,126,13.0,13.0,,False
109,KMB,Kimberly-Clark Corporation,Consumer Defensive,Household & Personal Products,Core,36.2,108.93,107.05,18.5,15.5,10.0,0.0,ok,-0.5,ok,1.6,,False,43.5,14.6,2.6,0.6,37.6,104.9,53.4,6.3,-9.1,-0.106,0.181,AVGO,,126,15.5,16.0,,False
110,SPG,"Simon Property Group, Inc.",Real Estate,REIT - Retail,Core,83.7,220.56,221.25,20.5,16.5,10.0,0.0,ok,-3.5,ok,5.54,,False,43.5,32.9,3.1,19.5,81.4,124.3,42.7,11.8,2.9,-0.071,0.174,GOOG,,126,16.5,17.0,,False
111,AMAT,"Applied Materials, Inc.",Technology,Semiconductor Equipment & Mate,Core,435.2,548.15,557.87,18.0,15.5,10.0,0.0,ok,0.0,ok,-0.1,,False,43.5,31.8,0.7,11.4,49.0,39.7,47.6,42.2,49.9,0.395,0.515,AVGO,,126,15.5,14.0,,False
112,CB,Chubb Limited,Financial Services,Insurance - Property & Casualt,Core,132.5,343.33,342.2,18.5,15.0,10.0,0.0,ok,0.0,financial_na,,,False,43.5,11.8,7.9,6.1,31.1,14.8,38.9,6.9,-7.0,-0.379,0.406,AVGO,,126,15.0,14.0,,False
113,STZ,"Constellation Brands, Inc.",Consumer Defensive,Beverages - Brewers,Core,22.9,133.96,136.18,20.0,16.0,10.0,0.0,ok,-2.5,ok,3.02,,False,43.5,10.8,9.7,-3.3,52.7,23.7,65.1,-7.0,-29.0,-0.099,0.19,BMNR,,126,16.0,17.0,,False
114,MA,Mastercard Incorporated,Financial Services,Credit Services,Core,490.3,559.73,531.74,20.5,12.9,10.0,0.0,ok,0.0,financial_na,,,False,43.4,24.3,3.5,14.1,100.0,241.2,69.3,6.2,-7.3,0.168,0.444,MSFT,,126,12.9,18.0,,False
115,V,Visa Inc.,Financial Services,Credit Services,Core,671.1,359.42,346.47,20.5,12.9,10.0,0.0,ok,0.0,financial_na,,,False,43.4,24.0,3.0,14.4,97.7,61.2,59.5,8.8,-2.2,0.062,0.234,MSFT,,126,12.9,18.0,,False
116,ICE,Intercontinental Exchange Inc.,Financial Services,Financial Data & Stock Exchang,Core,85.0,151.33,143.76,18.5,14.8,10.0,0.0,ok,0.0,financial_na,,,False,43.3,17.2,4.3,4.8,100.0,14.1,68.1,-1.8,-11.7,0.167,0.294,MSFT,,126,14.8,16.0,,False
117,ADI,"Analog Devices, Inc.",Technology,Semiconductors,Growth,187.3,384.43,393.37,17.5,15.8,10.0,0.0,ok,0.0,ok,0.86,,False,43.3,25.5,2.1,37.2,64.5,9.6,52.4,14.3,2.8,0.342,0.518,AVGO,,126,15.8,15.0,,False
118,CRDO,Credo Technology Group Holding,Technology,Semiconductors,Growth,50.0,268.16,254.75,20.0,13.3,10.0,0.0,ok,0.0,ok,-2.96,,False,43.3,29.5,0.5,157.0,68.0,34.4,58.1,57.7,97.2,0.405,0.496,AVGO,,126,13.3,15.0,,False
119,ROK,"Rockwell Automation, Inc.",Industrials,Specialty Industrial Machinery,Core,50.2,451.39,463.42,18.5,15.3,10.0,0.0,ok,-0.5,ok,1.5,,False,43.3,30.4,2.6,7.9,49.1,30.6,46.0,9.1,0.1,0.265,0.286,NVDA,,126,15.3,15.0,,False
120,AJG,Arthur J. Gallagher & Co.,Financial Services,Insurance Brokers,Growth,65.5,255.46,242.69,16.5,16.8,10.0,0.0,ok,0.0,financial_na,,,False,43.3,17.2,3.2,30.9,43.2,6.7,60.6,9.5,13.2,-0.186,0.327,AVGO,,126,16.8,15.0,,False
121,UNP,Union Pacific Corporation,Industrials,Railroads,Core,174.5,293.73,281.54,20.5,14.3,10.0,0.0,ok,-1.5,ok,2.26,,False,43.3,20.8,2.7,11.5,56.3,39.7,34.9,16.2,0.7,-0.179,0.195,MSFT,,126,14.3,15.0,,False
122,TEL,TE Connectivity plc,Technology,Electronic Components,Core,62.0,214.2,207.01,18.5,14.7,10.0,0.0,ok,0.0,ok,0.92,,False,43.2,16.6,3.8,13.8,36.1,23.3,64.5,-2.2,-17.6,0.298,0.284,BMNR,,126,14.7,13.0,,False
123,ACGL,Arch Capital Group Ltd.,Financial Services,Insurance - Diversified,Core,33.2,97.29,97.43,16.5,16.7,10.0,0.0,ok,0.0,financial_na,,,False,43.2,10.0,13.0,-10.5,38.8,19.9,41.8,2.2,-13.0,-0.282,0.401,AVGO,,126,16.7,14.0,,False
124,TJX,"TJX Companies, Inc. (The)",Consumer Cyclical,Apparel Retail,Core,168.6,152.61,157.81,17.0,16.2,10.0,0.0,ok,0.0,ok,0.97,,False,43.2,26.5,2.6,9.2,31.4,61.3,48.4,-1.2,-9.8,-0.027,0.114,AVGO,,126,16.2,11.0,,False
125,AOS,A.O. Smith Corporation,Industrials,Specialty Industrial Machinery,Speculative,8.5,62.59,60.29,18.0,15.1,10.0,0.0,ok,0.0,ok,0.63,,False,43.1,15.3,5.7,-0.7,38.6,27.1,58.8,-4.1,-33.4,0.098,0.221,NVDA,,124,15.1,14.0,,False
126,MAS,Masco Corporation,Industrials,Building Products & Equipment,Core,14.7,74.64,76.03,20.0,13.6,10.0,0.0,ok,-0.5,ok,1.95,,False,43.1,16.0,6.1,-2.9,37.2,5862.5,45.5,8.7,-13.6,0.262,0.272,BMNR,,126,13.6,14.0,,False
127,HON,Honeywell International Inc.,Industrials,Conglomerates,Core,74.6,235.34,234.72,18.5,17.1,10.0,0.0,ok,-2.5,ok,3.03,,False,43.1,23.6,3.5,4.3,36.5,46.6,40.1,7.1,-13.6,0.037,0.209,MSFT,,126,17.1,14.0,,False
128,CRM,"Salesforce, Inc.",Technology,Software - Application,Core,158.3,193.32,183.65,20.5,14.1,10.0,0.0,ok,-1.5,ok,2.38,,False,43.1,12.5,10.5,13.3,77.6,16.9,75.1,-4.5,-6.9,0.198,0.475,MSFT,,126,14.1,17.0,,False
129,MRSH,Marsh,Financial Services,Insurance Brokers,Core,90.1,188.86,179.42,19.0,14.1,10.0,0.0,ok,0.0,financial_na,,,False,43.1,16.6,5.3,6.2,44.0,25.9,65.3,7.1,-1.9,-0.177,0.397,AVGO,,126,14.1,15.0,,False
130,HWM,Howmet Aerospace Inc.,Industrials,Aerospace & Defense,Core,112.3,281.63,273.59,18.0,15.5,10.0,0.0,ok,-0.5,ok,1.47,,False,43.0,44.2,1.1,24.1,36.0,34.7,44.7,17.4,10.4,0.228,0.308,GOOG,,126,15.5,14.0,,False
131,TT,Trane Technologies plc,Industrials,Building Products & Equipment,Core,105.3,478.55,473.44,19.5,13.5,10.0,0.0,ok,0.0,ok,0.77,,False,43.0,27.4,3.0,10.6,35.4,36.6,49.5,8.3,-10.1,0.262,0.4,NVDA,,126,13.5,14.0,,False
132,HAS,"Hasbro, Inc.",Consumer Cyclical,Leisure,Core,13.4,94.89,90.15,22.0,11.5,10.0,0.0,ok,-0.5,ok,1.92,,False,43.0,14.5,5.1,16.2,63.8,159.6,66.9,8.0,-21.4,0.131,0.155,GOOG,,126,11.5,13.0,,False
133,ARM,Arm Holdings plc,Technology,Semiconductors,Core,290.4,271.87,316.43,16.5,16.5,10.0,0.0,ok,0.0,ok,-3.2,,False,43.0,88.9,0.5,22.4,97.5,13.4,46.8,40.1,105.4,0.474,0.514,AVGO,,126,16.5,15.0,,False
134,AFL,AFLAC Incorporated,Financial Services,Insurance - Life,Core,60.5,120.73,121.06,17.5,15.5,10.0,0.0,ok,0.0,financial_na,,,False,43.0,15.9,8.5,-1.0,50.9,16.9,39.6,6.2,-7.2,-0.194,0.31,AVGO,,126,15.5,15.0,,False
135,MPC,Marathon Petroleum Corporation,Energy,Oil & Gas Refining & Marketing,Growth,97.8,348.25,330.84,21.0,12.5,10.0,0.0,ok,-0.5,ok,1.72,,False,43.0,11.4,9.5,53.7,12.8,42.1,67.1,53.7,56.1,-0.121,0.209,GOOG,,126,12.5,12.0,,False
136,CAT,"Caterpillar, Inc.",Industrials,Farm & Heavy Construction Mach,Core,393.3,855.6,915.03,18.0,16.4,10.0,0.0,ok,-1.5,ok,2.41,,False,42.9,26.7,1.3,24.0,29.7,57.0,42.6,14.1,-1.0,0.29,0.45,AVGO,,126,16.4,14.0,,False
137,DOC,"Healthpeak Properties, Inc.",Real Estate,REIT - Healthcare Facilities,Core,14.6,20.66,21.23,18.0,18.4,10.0,0.0,ok,-3.5,ok,5.53,,False,42.9,,11.2,11.1,57.6,3.0,32.9,14.3,13.1,0.03,0.156,NVDA,,126,18.4,16.0,,False
138,VRSN,"VeriSign, Inc.",Technology,Software - Infrastructure,Core,25.6,282.94,275.09,16.5,16.9,10.0,0.0,ok,-0.5,ok,1.1,,False,42.9,25.8,3.3,6.0,88.5,,63.9,9.8,20.0,-0.038,0.171,AVGO,,126,16.9,17.0,,False
139,CRH,CRH PLC,Basic Materials,Building Materials,Cyclical,65.2,97.99,104.12,16.0,18.1,10.0,0.0,ok,-1.5,ok,2.17,,False,42.6,14.8,3.1,5.6,36.2,15.8,49.9,-13.1,-34.4,0.24,0.315,GOOG,,126,18.1,11.0,,False
140,IBKR,"Interactive Brokers Group, Inc",Financial Services,Capital Markets,Core,156.2,91.66,91.08,20.0,14.6,10.0,-2.0,ok,0.0,financial_na,,,False,42.6,28.8,,26.3,93.0,24.0,49.8,19.3,8.6,0.608,0.564,BMNR,,126,14.6,16.0,,False
141,AMD,"Advanced Micro Devices, Inc.",Technology,Semiconductors,Growth,788.4,482.93,511.73,16.5,16.1,10.0,0.0,ok,0.0,ok,-0.92,,False,42.6,31.2,1.1,50.1,55.7,10.2,40.4,50.0,114.5,0.498,0.548,AVGO,,126,16.1,14.0,,False
142,SCHW,Charles Schwab Corporation (Th,Financial Services,Capital Markets,Core,189.1,109.34,103.87,21.5,11.1,10.0,0.0,ok,0.0,financial_na,,,False,42.6,14.0,,20.9,97.5,20.3,81.1,14.2,3.7,0.139,0.221,MSFT,,126,11.1,16.0,,False
143,TER,"Teradyne, Inc.",Technology,Semiconductor Equipment & Mate,Growth,63.0,402.74,382.9,20.0,12.6,10.0,0.0,ok,0.0,ok,-0.17,,False,42.6,34.9,0.7,103.9,59.2,36.5,56.6,34.7,13.7,0.425,0.513,AVGO,,126,12.6,14.0,,False
144,BRK-B,Berkshire Hathaway Inc. New,Financial Services,Insurance - Diversified,Core,1091.8,510.0,497.75,18.5,14.1,10.0,0.0,ok,0.0,financial_na,,,False,42.6,23.4,7.0,10.0,30.3,12.1,63.7,3.8,-9.6,-0.024,0.156,NVDA,,126,14.1,14.0,,False
145,ADP,"Automatic Data Processing, Inc",Technology,Software - Application,Core,107.0,269.33,255.86,20.0,12.5,10.0,0.0,ok,0.0,ok,0.2,,False,42.5,20.1,4.9,6.8,48.7,72.2,72.2,15.0,13.2,-0.03,0.306,MSFT,,126,12.5,16.0,,False
146,VLO,Valero Energy Corporation,Energy,Oil & Gas Refining & Marketing,Growth,95.1,330.21,313.7,20.0,12.5,10.0,0.0,ok,0.0,ok,0.26,,False,42.5,11.7,8.9,51.7,16.1,27.6,66.6,47.4,50.3,-0.166,0.293,GOOG,,126,12.5,12.0,,False
147,TMUS,"T-Mobile US, Inc.",Communication Services,Telecom Services,Core,190.0,177.13,181.6,18.5,16.5,10.0,0.0,ok,-2.5,ok,3.42,,False,42.5,12.3,6.0,7.9,63.1,18.0,57.0,-9.9,-26.7,-0.169,0.208,NVDA,,126,16.5,17.0,,False
148,DASH,"DoorDash, Inc.",Consumer Cyclical,Internet Retail,Growth,92.6,212.49,201.87,18.0,14.5,10.0,0.0,ok,0.0,ok,-1.42,,False,42.5,26.8,5.6,35.6,52.2,8.9,84.3,12.5,9.5,0.436,0.471,MSFT,,126,14.5,12.0,,False
149,LHX,"L3Harris Technologies, Inc.",Industrials,Aerospace & Defense,Growth,54.1,290.74,293.98,16.5,18.4,10.0,0.0,ok,-2.5,ok,3.23,,False,42.4,21.7,,190.0,30.4,,43.7,-7.8,-25.9,-0.144,0.201,MSFT,,126,18.4,14.0,,False
150,HST,"Host Hotels & Resorts, Inc.",Real Estate,REIT - Hotel & Motel,Core,15.8,22.8,24.17,17.0,16.9,10.0,0.0,ok,-1.5,ok,2.18,,False,42.4,21.7,10.7,3.6,29.2,15.6,39.9,12.5,3.8,0.135,0.254,GOOG,,126,16.9,15.0,,False
151,L,Loews Corporation,Financial Services,Insurance - Property & Casualt,Core,23.1,113.13,112.79,16.0,16.4,10.0,0.0,ok,0.0,financial_na,,,False,42.4,39.0,5.5,3.9,36.3,9.3,38.6,4.7,-8.9,-0.151,0.198,AVGO,,126,16.4,14.0,,False
152,JNJ,Johnson & Johnson,Healthcare,Drug Manufacturers - General,Core,628.6,260.86,249.78,18.5,13.9,10.0,0.0,ok,0.0,ok,0.81,,False,42.4,21.2,2.7,6.6,68.1,25.7,52.4,14.2,-2.7,-0.365,0.385,AVGO,,126,13.9,17.0,,False
153,KR,Kroger Company (The),Consumer Defensive,Grocery Stores,Core,34.3,56.06,59.0,15.5,18.4,10.0,0.0,ok,-1.5,ok,2.64,,False,42.4,10.1,8.7,2.2,24.0,13.8,51.5,-12.8,-29.1,-0.357,0.387,AVGO,,126,18.4,16.0,,False
154,UNH,UnitedHealth Group Incorporate,Healthcare,Healthcare Plans,Core,364.1,405.59,414.27,15.5,17.4,10.0,0.0,ok,-0.5,ok,1.73,,False,42.4,18.1,6.3,0.4,19.5,14.2,37.3,17.5,34.9,0.079,0.13,BMNR,,126,17.4,15.0,,False
155,ABBV,AbbVie Inc.,Healthcare,Drug Manufacturers - General,Core,439.6,248.76,243.1,17.5,16.3,10.0,0.0,ok,-1.5,ok,2.09,,False,42.3,15.3,3.8,10.2,72.8,,40.5,11.2,1.9,-0.311,0.344,AVGO,,126,16.3,17.0,,False
156,NWS,News Corporation,Communication Services,Entertainment,Core,17.7,32.68,31.05,17.0,15.3,10.0,0.0,ok,0.0,ok,0.61,,False,42.3,21.8,5.9,10.8,57.2,8.0,67.2,11.0,10.9,0.079,0.218,GOOG,,126,15.3,14.0,,False
157,FISV,"Fiserv, Inc.",,,Core,27.4,51.56,51.71,15.5,16.8,10.0,0.0,ok,,unavailable,,,False,42.3,6.3,,,,,55.5,-14.8,-28.6,0.105,0.299,MSFT,,126,16.8,12.5,,False
158,GOOGL,Alphabet Inc.,Communication Services,Internet Content & Information,Core,4201.5,343.54,354.47,19.0,15.3,10.0,-2.0,ok,0.0,ok,-0.7,,False,42.3,23.3,0.5,24.2,60.9,48.7,62.1,4.0,-1.1,0.565,0.995,GOOG,,126,15.3,15.0,,False
159,ROP,"Roper Technologies, Inc.",Technology,Software - Application,Core,39.1,395.23,375.47,18.5,16.3,10.0,0.0,ok,-2.5,ok,3.38,,False,42.3,16.3,5.8,8.5,69.5,13.1,71.1,4.4,7.1,-0.055,0.239,NVDA,,126,16.3,17.0,,False
160,EFX,"Equifax, Inc.",Industrials,Consulting Services,Core,21.2,180.46,171.44,18.5,15.2,10.0,0.0,ok,-1.5,ok,2.75,,False,42.2,17.8,4.5,10.6,55.5,14.3,63.3,-4.8,-20.1,0.042,0.225,MSFT,,126,15.2,17.0,,False
161,VEEV,Veeva Systems Inc.,Healthcare,Health Information Services,Core,39.2,241.51,229.43,18.0,14.1,10.0,0.0,ok,0.0,ok,-7.03,,False,42.1,24.1,3.2,16.3,75.0,13.9,91.5,20.0,24.8,0.222,0.454,MSFT,,126,14.1,19.0,,False
162,INTU,Intuit Inc.,Technology,Software - Application,Core,91.6,334.71,317.97,21.0,11.1,10.0,0.0,ok,0.0,ok,0.02,,False,42.1,12.2,5.7,10.4,80.8,22.5,75.6,-26.0,-27.6,0.125,0.359,MSFT,,126,11.1,17.0,,False
163,CL,Colgate-Palmolive Company,Consumer Defensive,Household & Personal Products,Core,73.6,92.32,91.22,21.0,11.6,10.0,0.0,ok,-0.5,ok,1.29,,False,42.1,22.5,4.7,4.9,60.4,267.4,59.4,7.2,-14.2,-0.121,0.264,AVGO,,126,11.6,18.0,,False
164,EXE,Expand Energy Corporation,Energy,Oil & Gas E&P,Cyclical,22.3,96.28,91.47,16.5,15.6,10.0,0.0,ok,0.0,ok,0.46,,False,42.1,10.7,6.6,-10.6,47.1,14.9,60.0,-5.1,-17.5,-0.054,0.119,AVGO,,126,15.6,13.0,,False
165,NKE,"Nike, Inc.",Consumer Cyclical,Footwear & Accessories,Core,60.1,40.51,42.95,16.5,15.5,10.0,0.0,ok,0.0,ok,0.41,,False,42.0,17.6,3.1,-1.1,43.2,22.1,47.5,-23.9,-46.2,0.187,0.192,MSFT,,126,15.5,12.0,,False
166,UHS,"Universal Health Services, Inc",Healthcare,Medical Care Facilities,Core,10.2,172.45,163.83,19.0,13.5,10.0,0.0,ok,-0.5,ok,1.9,,False,42.0,7.1,4.9,8.3,44.6,20.9,72.6,-9.3,-37.0,-0.03,0.12,GOOG,,126,13.5,16.0,,False
167,LLY,Eli Lilly and Company,Healthcare,Drug Manufacturers - General,Growth,1088.2,1220.28,1164.62,20.0,12.5,10.0,0.0,ok,-0.5,ok,1.1,,False,42.0,26.2,1.0,47.7,83.4,102.3,55.9,17.6,9.0,-0.093,0.183,MSFT,,126,12.5,17.0,,False
168,FTNT,"Fortinet, Inc.",Technology,Software - Infrastructure,Core,118.0,160.84,154.32,19.0,12.9,10.0,0.0,ok,0.0,ok,-1.35,,False,41.9,42.8,1.9,25.6,80.2,117.4,62.2,55.1,71.5,0.271,0.303,MSFT,,126,12.9,17.0,,False
169,JKHY,"Jack Henry & Associates, Inc.",Technology,Information Technology Service,Core,10.8,152.31,144.69,17.5,14.4,10.0,0.0,ok,0.0,ok,0.16,,False,41.9,21.4,3.5,8.7,44.1,24.9,56.4,-4.2,-19.3,-0.006,0.28,MSFT,,126,14.4,16.0,,False
170,FIS,Fidelity National Information ,Technology,Information Technology Service,Core,21.6,41.92,41.22,22.0,13.4,10.0,0.0,ok,-3.5,ok,5.82,,False,41.9,6.3,12.3,29.1,35.8,22.3,57.7,-18.2,-24.1,0.06,0.345,MSFT,,126,13.4,15.0,,False
171,CTVA,"Corteva, Inc.",Basic Materials,Agricultural Inputs,Cyclical,50.4,75.53,81.64,15.0,16.8,10.0,0.0,ok,0.0,ok,0.59,,False,41.8,18.3,4.8,-1.2,49.5,4.3,23.8,-0.2,-11.1,-0.202,0.27,MSFT,,126,16.8,12.0,,False
172,AMP,"Ameriprise Financial, Inc.",Financial Services,Asset Management,Core,49.9,565.07,536.82,22.0,9.8,10.0,0.0,ok,0.0,financial_na,,,False,41.8,11.0,5.8,11.6,54.9,63.4,79.7,18.3,5.1,0.285,0.297,MSFT,,126,9.8,15.0,,False
173,TYL,"Tyler Technologies, Inc.",Technology,Software - Application,Core,13.0,317.64,305.15,16.0,16.3,10.0,0.0,ok,-0.5,ok,1.06,,False,41.8,20.7,4.6,8.2,47.2,9.7,63.4,-13.7,-18.0,-0.038,0.282,MSFT,,126,16.3,16.0,,False
174,ACN,Accenture plc,Technology,Information Technology Service,Core,110.2,180.14,171.13,18.5,13.3,10.0,0.0,ok,0.0,ok,-0.14,,False,41.8,12.3,11.0,5.6,32.0,24.4,83.7,-13.0,-32.8,-0.017,0.282,MSFT,,126,13.3,15.0,,False
175,POOL,Pool Corporation,Industrials,Industrial Distribution,Speculative,7.2,199.41,198.79,17.0,16.2,10.0,0.0,ok,-1.5,ok,2.58,,False,41.7,16.9,2.9,2.2,29.6,31.3,63.5,-9.3,-37.2,0.093,0.166,GOOG,,126,16.2,14.0,,False
176,WM,"Waste Management, Inc.",Industrials,Waste Management,Core,90.5,226.32,227.09,17.5,15.7,10.0,0.0,ok,-1.5,ok,2.93,,False,41.7,24.8,2.6,4.0,40.6,29.8,29.9,1.4,-14.8,-0.392,0.37,NVDA,,126,15.7,15.0,,False
177,COP,ConocoPhillips,Energy,Oil & Gas E&P,Growth,152.9,127.3,120.94,19.5,12.2,10.0,0.0,ok,0.0,ok,0.58,,False,41.7,13.6,5.0,35.5,47.6,14.2,61.7,17.7,4.6,-0.334,0.403,GOOG,,126,12.2,13.0,,False
178,ALGN,"Align Technology, Inc.",Healthcare,Medical Instruments & Supplies,Core,12.4,174.01,174.8,18.5,13.1,10.0,0.0,ok,0.0,ok,-1.08,,False,41.6,13.9,4.7,4.3,70.4,10.2,56.0,3.4,-23.5,0.324,0.311,BMNR,,126,13.1,17.0,,False
179,CMI,Cummins Inc.,Industrials,Specialty Industrial Machinery,Core,87.8,637.85,666.44,16.0,15.6,10.0,0.0,ok,0.0,ok,0.87,,False,41.6,18.5,2.5,9.4,25.8,21.1,41.0,8.5,-4.8,0.332,0.447,AVGO,,126,15.6,14.0,,False
180,URI,"United Rentals, Inc.",Industrials,Rental & Leasing Services,Core,70.3,1129.3,1089.66,18.5,15.6,10.0,0.0,ok,-2.5,ok,3.26,,False,41.6,19.8,2.4,11.8,38.5,28.9,47.8,24.4,17.9,0.005,0.134,AVGO,,126,15.6,16.0,,False
181,OMC,Omnicom Group Inc.,Communication Services,Advertising Agencies,Growth,23.5,85.51,81.23,18.5,14.6,10.0,0.0,ok,-1.5,ok,2.2,,False,41.6,7.1,18.2,63.4,19.0,6.1,65.3,11.8,13.0,0.063,0.126,BMNR,,126,14.6,13.0,,False
182,MGM,MGM Resorts International,Consumer Cyclical,Resorts & Casinos,Core,11.3,43.98,46.57,18.5,18.1,10.0,0.0,ok,-5.0,ok,12.25,,False,41.6,21.2,7.8,1.0,44.2,18.9,43.7,13.7,9.3,0.224,0.24,MSFT,,126,18.1,12.0,,False
183,EG,"Everest Group, Ltd.",Financial Services,Insurance - Reinsurance,Core,13.9,363.67,360.06,15.0,16.6,10.0,0.0,ok,0.0,financial_na,,,False,41.6,6.1,14.8,-11.3,15.3,12.6,42.1,7.8,-1.5,-0.245,0.305,AVGO,,126,16.6,14.0,,False
184,MRVL,"Marvell Technology, Inc.",Technology,Semiconductors,Core,194.8,217.08,241.07,15.5,16.0,10.0,0.0,ok,0.0,ok,0.53,,False,41.5,34.8,1.2,27.6,51.5,16.0,52.9,55.0,155.4,0.369,0.559,AVGO,,126,16.0,14.0,,False
185,APO,"Apollo Global Management, Inc.",Financial Services,Asset Management,Growth,81.9,138.61,131.68,20.0,11.5,10.0,0.0,ok,0.0,financial_na,,,False,41.5,12.9,,63.8,36.1,11.4,72.1,9.2,-2.0,0.326,0.295,GOOG,,126,11.5,14.0,,False
186,CPAY,"Corpay, Inc.",Technology,Software - Infrastructure,Core,26.9,409.68,389.2,23.0,10.0,10.0,0.0,ok,-1.5,ok,2.7,,False,41.5,13.1,7.2,21.5,80.5,29.2,77.7,25.9,6.6,0.215,0.248,MSFT,,126,10.0,17.0,,False
187,SYF,Synchrony Financial,Financial Services,Credit Services,Core,25.8,79.41,75.44,19.5,11.9,10.0,0.0,ok,0.0,financial_na,,,False,41.4,7.6,,0.6,0.0,20.8,72.7,6.9,-2.3,0.366,0.353,BMNR,,126,11.9,16.0,,False
188,CTSH,Cognizant Technology Solutions,Technology,Information Technology Service,Core,26.2,58.2,55.29,18.5,12.9,10.0,0.0,ok,0.0,ok,0.26,,False,41.4,9.2,8.5,4.5,33.4,14.9,85.8,-7.8,-28.6,0.011,0.305,MSFT,,126,12.9,15.0,,False
189,CIEN,Ciena Corporation,Technology,Communication Equipment,Growth,61.2,432.05,435.59,15.5,15.8,10.0,0.0,ok,0.0,ok,0.48,,False,41.3,44.8,1.1,39.5,43.0,15.5,55.0,19.8,33.7,0.329,0.493,AVGO,,126,15.8,14.0,,False
190,CI,The Cigna Group,Healthcare,Healthcare Plans,Core,73.3,277.41,285.69,15.5,16.3,10.0,0.0,ok,-0.5,ok,1.93,,False,41.3,8.3,10.9,6.7,9.1,16.8,44.1,-0.2,-17.0,-0.16,0.249,AVGO,,126,16.3,15.0,,False
191,CME,CME Group Inc.,Financial Services,Financial Data & Stock Exchang,Core,94.3,262.17,250.13,17.0,14.3,10.0,0.0,ok,0.0,financial_na,,,False,41.3,20.3,3.1,0.8,100.0,15.8,63.5,-4.7,-22.9,-0.141,0.313,AVGO,,126,14.3,16.0,,False
192,BKNG,Booking Holdings Inc. Common S,Consumer Cyclical,Travel Services,Core,159.5,212.26,201.65,18.0,13.3,10.0,0.0,ok,0.0,ok,0.36,,False,41.3,17.2,4.8,8.1,87.2,,82.4,14.6,11.7,0.165,0.184,MSFT,,126,13.3,15.0,,False
193,MAR,Marriott International,Consumer Cyclical,Lodging,Core,92.5,354.58,375.17,17.5,16.3,10.0,0.0,ok,-2.5,ok,3.6,,False,41.3,27.0,2.2,11.1,79.2,,44.7,4.8,-12.6,0.162,0.245,GOOG,,126,16.3,13.0,,False
194,IBM,International Business Machine,Technology,Information Technology Service,Core,222.3,235.98,255.61,20.0,13.8,10.0,0.0,ok,-2.5,ok,3.47,,False,41.3,17.9,5.4,1.1,58.1,34.5,77.8,-11.5,-24.5,0.159,0.354,MSFT,,126,13.8,16.0,,False
195,ABNB,"Airbnb, Inc.",Consumer Cyclical,Travel Services,Core,107.8,180.1,171.09,20.5,10.8,10.0,0.0,ok,0.0,ok,-3.47,,False,41.3,29.4,3.0,16.5,82.9,34.5,85.2,34.2,39.0,0.343,0.298,BMNR,,126,10.8,15.0,,False
196,IONQ,"IonQ, Inc.",Technology,Computer Hardware,Growth,18.3,45.2,47.07,11.0,20.3,10.0,0.0,ok,0.0,neg_ebitda_low_debt,,,False,41.3,,-0.5,286.8,,-60.5,69.0,-0.5,22.9,0.487,0.464,BMNR,,126,20.3,13.0,,False
197,VST,Vistra Corp.,Utilities,Utilities - Independent Power ,Core,49.2,146.68,154.29,15.0,18.8,10.0,0.0,ok,-2.5,ok,3.02,,False,41.3,14.2,0.1,-5.5,38.3,43.0,32.4,-9.2,-19.9,0.255,0.26,AVGO,,126,18.8,18.0,,False
198,FOXA,Fox Corporation,Communication Services,Entertainment,Core,26.5,63.05,59.9,18.0,13.2,10.0,0.0,ok,0.0,ok,0.87,,False,41.2,10.9,2.1,28.1,36.6,14.3,78.5,0.1,-7.9,0.021,0.12,MSFT,,126,13.2,13.0,,False
199,RSG,"Republic Services, Inc.",Industrials,Waste Management,Core,65.6,214.26,213.43,16.0,16.7,10.0,0.0,ok,-1.5,ok,2.7,,False,41.2,26.6,3.0,4.6,43.0,18.2,43.4,0.3,-16.5,-0.413,0.388,AVGO,,126,16.7,15.0,,False
200,T,AT&T Inc.,Communication Services,Telecom Services,Core,166.2,24.25,23.04,19.5,14.2,10.0,0.0,ok,-2.5,ok,3.3,,False,41.2,9.5,6.1,2.3,59.7,18.3,61.2,-2.5,-25.6,-0.234,0.237,NVDA,,126,14.2,16.0,,False
201,APTV,Aptiv PLC,Consumer Cyclical,Auto Parts,Core,10.1,48.48,59.98,15.5,16.2,10.0,0.0,ok,-0.5,ok,1.52,,False,41.2,7.4,16.1,2.3,19.3,5.2,33.4,-30.1,-53.7,0.202,0.236,AVGO,,126,16.2,11.0,,False
202,BF-B,Brown Forman Inc,Consumer Defensive,Beverages - Wineries & Distill,Core,12.8,27.92,26.83,18.5,13.2,10.0,0.0,ok,-0.5,ok,1.94,,False,41.2,16.4,5.8,2.0,60.5,17.8,65.3,3.1,-18.6,-0.142,0.159,AVGO,,126,13.2,18.0,,False
203,KDP,Keurig Dr Pepper Inc.,Consumer Defensive,Beverages - Non-Alcoholic,Growth,40.2,29.56,31.06,20.0,16.2,10.0,0.0,ok,-5.0,ok,6.66,,False,41.2,11.7,11.5,75.6,51.0,5.1,48.9,3.5,-11.9,-0.161,0.166,AVGO,,126,16.2,17.0,,False
204,NEM,Newmont Corporation,Basic Materials,Gold,Cyclical,124.2,117.84,111.95,22.0,9.1,10.0,0.0,ok,0.0,ok,-0.2,,False,41.1,11.2,7.1,15.1,68.0,25.9,83.4,12.4,-16.9,0.377,0.382,BMNR,,126,9.1,13.0,,False
205,LITE,Lumentum Holdings Inc.,Technology,Communication Equipment,Growth,72.5,932.47,885.85,18.0,13.1,10.0,0.0,ok,0.0,ok,0.28,,False,41.1,30.1,0.1,90.1,40.8,22.8,56.5,48.4,50.8,0.327,0.403,NVDA,,126,13.1,14.0,,False
206,DHI,"D.R. Horton, Inc.",Consumer Cyclical,Residential Construction,Core,40.8,145.82,151.42,15.0,16.6,10.0,0.0,ok,-0.5,ok,1.24,,False,41.1,12.4,5.9,0.0,21.3,12.6,53.7,-2.4,-22.4,0.127,0.179,GOOG,,126,16.6,11.0,,False
207,MKC,"McCormick & Company, Incorpora",Consumer Defensive,Packaged Foods,Core,14.2,52.97,50.45,20.0,13.6,10.0,0.0,ok,-2.5,ok,3.17,,False,41.1,16.1,5.0,16.7,38.9,24.7,71.7,-8.0,-35.9,-0.133,0.227,NVDA,,126,13.6,16.0,,False
208,PPG,"PPG Industries, Inc.",Basic Materials,Specialty Chemicals,Cyclical,25.5,114.6,117.14,17.5,15.1,10.0,0.0,ok,-1.5,ok,2.17,,False,41.1,13.2,4.3,7.2,41.2,19.3,51.3,4.8,-23.1,0.268,0.311,BMNR,,126,15.1,12.0,,False
209,BLK,"BlackRock, Inc.",Financial Services,Asset Management,Growth,188.6,1160.91,1102.86,20.5,10.5,10.0,0.0,ok,0.0,financial_na,,,False,41.0,18.1,4.0,30.6,47.2,12.3,81.7,10.6,-3.8,0.435,0.404,GOOG,,126,10.5,15.0,,False
210,ALB,Albemarle Corporation,Basic Materials,Specialty Chemicals,Growth,15.1,128.34,136.05,19.0,12.0,10.0,0.0,ok,0.0,ok,0.25,,False,41.0,11.1,8.8,31.1,24.0,2.6,68.1,-16.4,-38.3,0.261,0.28,AVGO,,126,12.0,11.0,,False
211,FOX,Fox Corporation,Communication Services,Entertainment,Core,23.5,55.97,53.17,18.0,13.0,10.0,0.0,ok,0.0,ok,0.87,,False,41.0,10.2,2.4,28.1,36.6,14.3,76.1,-1.1,-10.1,0.016,0.13,MSFT,,126,13.0,13.0,,False
212,XYL,Xylem Inc.,Industrials,Specialty Industrial Machinery,Core,28.5,121.93,116.86,16.0,15.0,10.0,0.0,ok,0.0,ok,0.9,,False,41.0,19.7,4.2,1.5,39.2,9.2,59.1,-4.1,-15.1,0.083,0.222,GOOG,,126,15.0,14.0,,False
213,JPM,JP Morgan Chase & Co.,Financial Services,Banks - Diversified,Growth,970.7,365.18,346.92,19.0,12.0,10.0,0.0,ok,0.0,financial_na,,,False,41.0,14.6,,30.4,0.0,17.8,66.5,16.7,6.5,0.215,0.258,BMNR,,126,12.0,14.0,,False
214,NTAP,"NetApp, Inc.",Technology,Software - Infrastructure,Core,39.6,202.05,191.95,20.5,10.5,10.0,0.0,ok,0.0,ok,-0.45,,False,41.0,20.3,3.3,12.5,70.7,106.7,85.9,63.6,80.1,0.292,0.301,AVGO,,126,10.5,17.0,,False
215,DVN,Devon Energy Corporation,Energy,Oil & Gas E&P,Growth,49.3,44.86,43.6,17.5,14.0,10.0,0.0,ok,-0.5,ok,1.23,,False,41.0,8.2,1.6,64.2,50.3,11.5,48.3,6.4,-11.3,-0.253,0.278,GOOG,,126,14.0,13.0,,False
216,DXCM,"DexCom, Inc.",Healthcare,Medical Devices,Core,34.3,90.8,86.26,20.5,10.5,10.0,0.0,ok,0.0,ok,-0.39,,False,41.0,29.1,3.0,13.1,62.5,38.5,83.0,32.6,21.6,0.193,0.252,GOOG,,126,10.5,17.0,,False
217,APH,Amphenol Corporation,Technology,Electronic Components,Growth,209.6,169.96,161.46,19.0,12.5,10.0,0.0,ok,-0.5,ok,1.42,,False,41.0,26.4,1.8,55.0,39.0,38.1,62.6,18.3,6.6,0.369,0.429,AVGO,,126,12.5,13.0,,False
218,ROST,"Ross Stores, Inc.",Consumer Cyclical,Apparel Retail,Core,79.6,248.25,235.84,19.0,12.0,10.0,0.0,ok,0.0,ok,0.17,,False,41.0,29.0,2.6,20.6,32.7,39.0,71.7,20.5,17.6,0.143,0.167,BMNR,,126,12.0,11.0,,False
219,CCL,Carnival Corporation Ltd.,Consumer Cyclical,Travel Services,Core,37.9,27.67,27.87,19.0,14.5,10.0,0.0,ok,-2.5,ok,3.28,,False,41.0,10.5,5.0,5.3,55.7,26.7,65.5,-0.4,-27.1,0.395,0.437,GOOG,,126,14.5,14.0,,False
220,RMD,ResMed Inc.,Healthcare,Medical Instruments & Supplies,Core,32.8,226.0,214.7,18.5,12.5,10.0,0.0,ok,0.0,ok,-0.3,,False,41.0,17.1,2.9,8.6,61.6,24.3,74.5,-1.5,-24.1,0.027,0.293,GOOG,,126,12.5,17.0,,False
221,ELV,"Elevance Health, Inc.",Healthcare,Healthcare Plans,Core,86.6,399.14,396.14,16.0,14.9,10.0,0.0,ok,0.0,ok,-0.78,,False,40.9,13.5,5.0,1.4,26.0,11.1,64.6,13.5,10.0,0.043,0.114,GOOG,,126,14.9,15.0,,False
222,KEYS,Keysight Technologies Inc.,Technology,Scientific & Technical Instrum,Growth,60.6,354.5,336.78,16.5,14.4,10.0,0.0,ok,0.0,ok,0.25,,False,40.9,29.7,1.8,31.5,62.1,18.2,63.6,28.5,37.3,0.284,0.397,AVGO,,126,14.4,15.0,,False
223,KEY,KeyCorp,Financial Services,Banks - Regional,Core,24.5,22.89,22.76,17.5,13.4,10.0,0.0,ok,0.0,financial_na,,,False,40.9,10.7,,10.1,0.0,10.3,53.4,9.4,-9.1,0.259,0.28,BMNR,,126,13.4,14.0,,False
224,FICO,Fair Isaac Corporation,Technology,Software - Application,Core,22.6,1044.21,1184.39,18.5,15.9,10.0,0.0,ok,-3.5,ok,4.23,,False,40.9,19.7,3.4,25.7,85.1,,37.3,-22.8,-35.0,-0.127,0.197,AVGO,,126,15.9,17.0,,False
225,FFIV,"F5, Inc.",Technology,Software - Infrastructure,Core,24.0,422.95,404.67,18.0,12.7,10.0,0.0,ok,0.0,ok,-1.47,,False,40.7,23.4,3.0,10.9,81.9,19.8,66.7,34.2,38.0,0.317,0.267,BMNR,,126,12.7,17.0,,False
226,MCHP,Microchip Technology Incorpora,Technology,Semiconductors,Growth,43.1,79.44,86.47,17.5,15.7,10.0,0.0,ok,-2.5,ok,3.4,,False,40.7,17.5,3.2,38.0,60.2,7.2,47.8,4.8,-12.7,0.393,0.514,AVGO,,126,15.7,15.0,,False
227,EME,"EMCOR Group, Inc.",Industrials,Engineering & Construction,Core,36.8,833.4,798.09,18.0,12.7,10.0,0.0,ok,0.0,ok,-0.19,,False,40.7,22.7,2.7,19.8,19.4,40.3,60.4,11.1,-8.5,0.472,0.415,NVDA,,126,12.7,14.0,,False
228,FRT,Federal Realty Investment Trus,Real Estate,REIT - Retail,Core,10.2,117.21,122.7,18.5,15.7,10.0,0.0,ok,-3.5,ok,5.65,,False,40.7,37.9,4.5,7.2,68.1,12.6,24.1,7.9,-0.9,-0.046,0.121,AVGO,,126,15.7,17.0,,False
229,NDAQ,"Nasdaq, Inc.",Financial Services,Financial Data & Stock Exchang,Core,53.5,95.66,90.88,18.0,12.7,10.0,0.0,ok,0.0,financial_na,,,False,40.7,20.5,3.2,14.9,100.0,16.5,73.1,7.1,7.7,0.229,0.409,MSFT,,126,12.7,16.0,,False
230,GIS,"General Mills, Inc.",Consumer Defensive,Packaged Foods,Core,20.4,38.18,36.27,16.0,14.7,10.0,0.0,ok,0.0,ok,-0.12,,False,40.7,11.9,11.3,2.2,33.7,-1.0,67.6,-4.4,-32.4,-0.148,0.323,AVGO,,126,14.7,16.0,,False
231,SNPS,"Synopsys, Inc.",Technology,Software - Infrastructure,Growth,79.0,412.32,430.43,20.0,14.2,10.0,0.0,ok,-3.5,ok,4.93,,False,40.7,23.9,4.5,41.9,82.6,3.8,71.9,-7.9,-17.5,0.442,0.36,AVGO,,126,14.2,17.0,,False
232,PM,Philip Morris International In,Consumer Defensive,Tobacco,Core,290.2,186.19,184.42,17.5,14.6,10.0,0.0,ok,-1.5,ok,2.39,,False,40.6,20.3,3.3,10.4,67.5,,41.9,9.4,-10.8,-0.123,0.157,AVGO,,126,14.6,18.0,,False
233,BWXT,"BWX Technologies, Inc.",Industrials,Aerospace & Defense,Core,15.8,172.56,183.56,14.5,17.6,10.0,0.0,ok,-1.5,ok,2.96,,False,40.6,32.9,0.9,18.0,22.1,28.3,46.2,-12.0,-24.6,0.422,0.488,BMNR,,126,17.6,14.0,,False
234,AVB,"AvalonBay Communities, Inc.",Real Estate,REIT - Residential,Core,25.7,179.79,188.01,17.0,17.1,10.0,0.0,ok,-3.5,ok,4.9,,False,40.6,36.9,5.5,2.3,62.7,8.5,32.1,0.7,-10.5,-0.059,0.245,AVGO,,126,17.1,17.0,,False
235,EQR,Equity Residential,Real Estate,REIT - Residential,Core,24.9,64.42,67.51,17.0,17.1,10.0,0.0,ok,-3.5,ok,4.51,,False,40.6,41.9,5.7,2.1,62.3,8.0,31.4,2.5,-10.8,-0.141,0.281,AVGO,,126,17.1,17.0,,False
236,CPRT,"Copart, Inc.",Industrials,Specialty Business Services,Core,26.8,28.99,29.33,17.0,13.6,10.0,0.0,ok,0.0,ok,-2.09,,False,40.6,17.2,3.7,2.1,47.5,17.6,61.9,-17.8,-38.3,0.003,0.178,NVDA,,126,13.6,17.0,,False
237,JBL,Jabil Inc.,Technology,Electronic Components,Core,38.4,366.16,347.85,16.5,14.5,10.0,0.0,ok,-0.5,ok,1.08,,False,40.5,21.7,3.2,11.8,9.2,65.9,66.6,29.1,28.7,0.47,0.529,AVGO,,126,14.5,13.0,,False
238,WST,"West Pharmaceutical Services, ",Healthcare,Medical Instruments & Supplies,Core,24.8,352.29,343.75,14.5,16.0,10.0,0.0,ok,0.0,ok,-0.13,,False,40.5,35.4,1.1,13.8,36.8,19.1,47.4,22.4,31.6,0.067,0.115,GOOG,,126,16.0,15.0,,False
239,WYNN,"Wynn Resorts, Limited",Consumer Cyclical,Resorts & Casinos,Core,10.6,102.97,100.57,18.0,15.9,10.0,0.0,ok,-3.5,ok,5.66,,False,40.4,19.8,4.5,6.9,68.3,,67.7,-5.5,-22.1,0.272,0.198,MSFT,,126,15.9,13.0,,False
240,GE,GE Aerospace,Industrials,Aerospace & Defense,Core,379.1,365.33,354.49,18.0,12.4,10.0,0.0,ok,0.0,ok,0.9,,False,40.4,40.3,1.7,21.1,31.1,48.2,60.6,15.0,5.0,0.271,0.384,GOOG,,126,12.4,14.0,,False
241,GEN,Gen Digital Inc.,Technology,Software - Infrastructure,Core,17.1,28.64,27.21,22.0,10.9,10.0,0.0,ok,-2.5,ok,3.17,,False,40.4,8.7,9.0,6.3,78.0,41.9,78.8,18.4,5.7,0.331,0.403,MSFT,,126,10.9,17.0,,False
242,AIZ,"Assurant, Inc.",Financial Services,Insurance - Property & Casualt,Core,13.9,281.12,271.82,15.5,14.9,10.0,0.0,ok,0.0,financial_na,,,False,40.4,12.1,15.5,9.4,13.3,18.3,56.0,17.2,19.0,0.054,0.115,BMNR,,126,14.9,14.0,,False
243,DDOG,"Datadog, Inc.",Technology,Software - Application,Growth,86.5,240.91,249.04,15.0,15.3,10.0,0.0,ok,0.0,ok,-44.73,,False,40.3,81.2,1.2,35.6,79.5,4.7,48.9,40.6,77.6,0.251,0.332,MSFT,,126,15.3,17.0,,False
244,HBAN,Huntington Bancshares Incorpor,Financial Services,Banks - Regional,Growth,36.1,17.86,17.45,18.0,12.3,10.0,0.0,ok,0.0,financial_na,,,False,40.3,9.5,,47.6,0.0,9.0,59.5,6.7,-11.0,0.26,0.256,GOOG,,126,12.3,14.0,,False
245,LIN,Linde plc,Basic Materials,Specialty Chemicals,Cyclical,221.0,479.43,511.3,13.5,17.3,10.0,0.0,ok,-0.5,ok,1.67,,False,40.3,24.5,1.9,9.3,48.3,18.4,32.6,1.0,-8.7,-0.154,0.143,GOOG,,126,17.3,12.0,,False
246,CSGP,"CoStar Group, Inc.",Real Estate,Real Estate Services,Core,12.4,30.5,30.26,16.5,13.7,10.0,0.0,ok,0.0,ok,-0.28,,False,40.2,17.7,3.3,18.4,78.7,0.9,66.6,-35.1,-47.9,0.036,0.345,MSFT,,126,13.7,19.0,,False
247,CTAS,Cintas Corporation,Industrials,Specialty Business Services,Core,81.4,203.51,193.33,16.0,14.2,10.0,0.0,ok,0.0,ok,0.81,,False,40.2,33.3,1.8,8.9,50.7,40.7,50.4,10.1,-9.5,-0.059,0.196,AVGO,,126,14.2,17.0,,False
248,PRU,"Prudential Financial, Inc.",Financial Services,Insurance - Life,Core,42.3,122.74,116.6,18.0,12.2,10.0,0.0,ok,0.0,financial_na,,,False,40.2,8.3,17.8,14.1,29.0,12.0,65.2,15.9,6.6,0.142,0.233,BMNR,,126,12.2,14.0,,False
249,C,"Citigroup, Inc.",Financial Services,Banks - Diversified,Core,230.8,137.58,136.72,16.0,14.2,10.0,0.0,ok,0.0,financial_na,,,False,40.2,10.7,,15.5,0.0,8.5,61.3,14.9,6.1,0.411,0.361,BMNR,,126,14.2,14.0,,False
250,ALLE,Allegion plc,Industrials,Security & Protection Services,Core,14.1,166.11,157.8,19.5,11.2,10.0,0.0,ok,-0.5,ok,1.81,,False,40.2,17.0,3.4,12.7,44.8,33.7,67.1,9.8,-18.7,0.042,0.087,NVDA,,126,11.2,17.0,,False
251,EPAM,"EPAM Systems, Inc.",Technology,Information Technology Service,Speculative,5.2,100.29,95.28,17.0,13.2,10.0,0.0,ok,0.0,ok,-0.85,,False,40.2,7.1,12.6,4.5,29.5,11.2,62.1,-30.0,-55.3,0.012,0.21,MSFT,,126,13.2,15.0,,False
252,MCD,McDonald's Corporation,Consumer Cyclical,Restaurants,Core,195.1,275.7,273.72,16.5,16.2,10.0,0.0,ok,-2.5,ok,3.6,,False,40.2,19.7,3.2,3.7,57.4,,67.0,-7.5,-25.8,-0.062,0.203,NVDA,,126,16.2,12.0,,False
253,HAL,Halliburton Company,Energy,Oil & Gas Equipment & Services,Cyclical,27.7,33.29,34.96,15.5,15.2,10.0,0.0,ok,-0.5,ok,1.49,,False,40.2,11.4,7.4,3.7,15.1,14.9,53.2,-2.1,-16.1,-0.041,0.113,BMNR,,126,15.2,14.0,,False
254,AMT,American Tower Corporation (RE,Real Estate,REIT - Specialty,Core,79.4,170.43,174.1,19.5,15.6,10.0,0.0,ok,-5.0,ok,6.14,,False,40.1,24.3,3.7,4.7,73.8,33.9,57.3,-3.6,-16.3,-0.144,0.351,AVGO,,126,15.6,17.0,,False
255,GILD,"Gilead Sciences, Inc.",Healthcare,Drug Manufacturers - General,Core,168.5,135.87,129.78,17.0,13.6,10.0,0.0,ok,-0.5,ok,1.46,,False,40.1,13.8,5.8,10.2,79.6,-20.7,59.9,3.1,-23.9,0.042,0.104,BMNR,,126,13.6,17.0,,False
256,HD,"Home Depot, Inc. (The)",Consumer Cyclical,Home Improvement Retail,Core,342.4,343.43,336.57,17.0,14.6,10.0,0.0,ok,-1.5,ok,2.49,,False,40.1,21.3,3.0,4.8,33.1,128.4,61.3,-0.8,-23.1,0.142,0.271,GOOG,,126,14.6,11.0,,False
257,SYK,Stryker Corporation,Healthcare,Medical Devices,Core,133.2,347.21,329.85,17.0,13.6,10.0,0.0,ok,-0.5,ok,1.62,,False,40.1,20.7,3.1,9.4,65.6,16.5,65.1,1.8,-15.9,-0.075,0.233,AVGO,,126,13.6,17.0,,False
258,FDX,FedEx Corporation,Industrials,Integrated Freight & Logistics,Core,77.3,326.77,319.32,18.0,13.6,10.0,0.0,ok,-1.5,ok,2.48,,False,40.1,15.7,7.3,12.5,27.3,14.8,63.3,0.0,-22.3,0.18,0.235,GOOG,,126,13.6,14.0,,False
259,PAYX,"Paychex, Inc.",Technology,Software - Application,Core,42.8,120.37,114.35,18.5,13.1,10.0,0.0,ok,-1.5,ok,2.17,,False,40.1,18.9,,12.5,67.2,,70.1,18.0,16.9,-0.033,0.306,MSFT,,126,13.1,17.0,,False
260,KVUE,Kenvue Inc.,Consumer Defensive,Household & Personal Products,Core,36.5,18.98,18.81,17.5,14.1,10.0,0.0,ok,-1.5,ok,2.16,,False,40.1,15.4,5.2,3.0,58.4,15.6,51.3,8.7,-8.0,-0.125,0.201,AVGO,,126,14.1,17.0,,False
261,RJF,"Raymond James Financial, Inc.",Financial Services,Asset Management,Core,34.8,181.18,172.12,19.0,11.0,10.0,0.0,ok,0.0,financial_na,,,False,40.0,12.8,,15.1,93.2,18.4,75.9,14.4,3.0,0.302,0.282,GOOG,,126,11.0,16.0,,False
262,HCA,"HCA Healthcare, Inc.",Healthcare,Medical Care Facilities,Core,89.8,414.59,393.86,17.0,15.5,10.0,0.0,ok,-2.5,ok,3.2,,False,40.0,12.9,4.2,8.7,42.6,,68.8,-9.1,-33.5,-0.013,0.159,GOOG,,126,15.5,16.0,,False
263,MNST,Monster Beverage Corporation,Consumer Defensive,Beverages - Non-Alcoholic,Core,90.1,45.98,92.43,18.0,12.0,10.0,0.0,ok,0.0,ok,-1.13,,True,40.0,35.1,1.9,20.2,55.5,25.7,11.5,-43.3,-54.7,0.084,0.185,GOOG,,126,16.0,17.0,,False
264,TPL,Texas Pacific Land Corporation,Energy,Oil & Gas E&P,Growth,23.6,342.77,391.04,18.0,12.0,10.0,0.0,ok,0.0,ok,-0.31,,True,40.0,4.7,-0.1,31.2,93.3,36.6,24.9,-11.5,-28.6,-0.037,0.084,MSFT,,126,17.7,14.0,,False
265,WTW,Willis Towers Watson Public Li,Financial Services,Insurance Brokers,Core,31.6,340.29,323.28,17.5,12.4,10.0,0.0,ok,0.0,financial_na,,,False,39.9,14.9,4.5,9.1,42.5,19.8,87.7,14.2,10.3,0.025,0.451,MSFT,,126,12.4,15.0,,False
266,PSA,Public Storage,Real Estate,REIT - Industrial,Core,60.4,323.58,320.37,18.5,12.9,10.0,0.0,ok,-1.5,ok,2.89,,False,39.9,35.2,3.9,3.3,74.4,21.9,59.5,10.5,-0.4,-0.045,0.204,GOOG,,126,12.9,17.0,,False
267,UDR,"UDR, Inc.",Real Estate,REIT - Residential,Core,13.7,37.23,39.09,17.5,15.9,10.0,0.0,ok,-3.5,ok,5.76,,False,39.9,66.5,5.7,-0.1,66.6,13.7,29.6,2.0,-16.8,-0.141,0.275,AVGO,,126,15.9,17.0,,False
268,TDG,Transdigm Group Incorporated,Industrials,Aerospace & Defense,Core,68.3,1235.48,1266.69,18.5,16.4,10.0,0.0,ok,-5.0,ok,6.03,,False,39.9,25.6,2.1,22.5,59.8,,53.7,-3.4,-18.5,0.178,0.326,GOOG,,126,16.4,15.0,,False
269,SNA,Snap-On Incorporated,Industrials,Tools & Accessories,Core,21.1,408.44,400.03,17.5,12.4,10.0,0.0,ok,0.0,ok,-0.24,,False,39.9,19.1,5.3,4.2,51.8,17.9,60.7,10.1,-4.2,0.114,0.249,GOOG,,126,12.4,15.0,,False
270,AKAM,"Akamai Technologies, Inc.",Technology,Software - Infrastructure,Core,17.6,122.78,124.07,16.0,17.3,10.0,0.0,ok,-3.5,ok,5.54,,False,39.8,17.1,4.0,5.4,57.5,8.9,55.1,14.9,17.9,0.187,0.211,AVGO,,126,17.3,16.0,,False
271,PFE,"Pfizer, Inc.",Healthcare,Drug Manufacturers - General,Core,150.0,26.31,25.12,18.0,13.3,10.0,0.0,ok,-1.5,ok,2.04,,False,39.8,9.1,8.3,2.6,74.7,5.0,64.8,3.3,-15.2,-0.029,0.145,AVGO,,126,13.3,17.0,,False
272,CMCSA,Comcast Corporation,Communication Services,Telecom Services,Core,90.4,25.47,24.2,18.5,12.8,10.0,0.0,ok,-1.5,ok,2.43,,False,39.8,7.0,14.0,-1.2,69.4,11.5,77.4,-4.3,-32.3,-0.044,0.135,GOOG,,126,12.8,17.0,,False
273,REG,Regency Centers Corporation,Real Estate,REIT - Retail,Core,14.2,75.74,79.53,17.0,16.3,10.0,0.0,ok,-3.5,ok,4.62,,False,39.8,30.0,5.2,8.9,71.5,8.2,17.5,1.0,-11.6,-0.151,0.241,AVGO,,126,16.3,17.0,,False
274,XOM,ExxonMobil Holdings Corporatio,Energy,Oil & Gas Integrated,Growth,656.9,159.75,151.76,17.5,12.2,10.0,0.0,ok,0.0,ok,0.47,,False,39.7,15.0,3.1,44.1,29.8,12.6,55.7,14.2,-7.5,-0.332,0.337,GOOG,,126,12.2,12.0,,False
275,COIN,"Coinbase Global, Inc.",Financial Services,Financial Data & Stock Exchang,Core,39.3,149.04,158.65,15.0,16.7,10.0,-2.0,ok,0.0,financial_na,,,False,39.7,49.3,6.8,-17.3,85.8,-7.8,40.6,-27.3,-14.3,0.528,0.713,BMNR,,126,16.7,16.0,,False
276,CVS,CVS Health Corporation,Healthcare,Healthcare Plans,Core,121.1,94.72,102.06,14.0,18.1,10.0,0.0,ok,-2.5,ok,3.74,,False,39.6,11.1,6.7,7.1,13.6,6.2,23.2,11.9,12.4,-0.092,0.159,AVGO,,126,18.1,15.0,,False
277,COHU,"Cohu, Inc.",Technology,Semiconductor Equipment & Mate,Growth,2.7,56.14,56.21,14.0,15.6,10.0,0.0,ok,0.0,ok,-13.22,,False,39.6,30.4,2.5,38.4,44.0,-4.8,52.0,48.3,52.7,0.408,0.507,AVGO,,126,15.6,14.0,,False
278,KKR,KKR & Co. Inc.,Financial Services,Asset Management,Core,102.4,110.9,105.36,15.5,14.1,10.0,0.0,ok,0.0,financial_na,,,False,39.6,15.0,,7.8,54.8,7.3,72.9,4.3,-5.7,0.36,0.312,BMNR,,126,14.1,15.0,,False
279,ARES,Ares Management Corporation,Financial Services,Asset Management,Core,47.0,142.35,135.23,17.5,12.0,10.0,0.0,ok,0.0,financial_na,,,False,39.5,19.8,4.6,5.8,37.4,14.9,74.9,7.2,-6.6,0.373,0.318,GOOG,,126,12.0,14.0,,False
280,GLW,Corning Incorporated,Technology,Electronic Components,Core,144.2,167.44,178.0,14.5,15.5,10.0,0.0,ok,-0.5,ok,1.68,,False,39.5,38.8,0.5,16.6,36.4,16.8,55.8,21.3,14.6,0.318,0.436,AVGO,,126,15.5,13.0,,False
281,ESS,"Essex Property Trust, Inc.",Real Estate,REIT - Residential,Core,19.4,281.27,287.97,17.0,16.0,10.0,0.0,ok,-3.5,ok,5.43,,False,39.5,45.5,5.4,3.1,68.8,7.7,36.1,7.1,-2.9,-0.102,0.253,AVGO,,126,16.0,17.0,,False
282,COF,Capital One Financial Corporat,Financial Services,Credit Services,Growth,136.5,222.44,211.32,18.0,11.5,10.0,0.0,ok,0.0,financial_na,,,False,39.5,9.2,,1111.0,0.0,9.0,77.8,7.4,-7.5,0.367,0.333,BMNR,,126,11.5,16.0,,False
283,NTRS,Northern Trust Corporation,Financial Services,Asset Management,Growth,35.0,191.33,181.76,17.5,12.0,10.0,0.0,ok,0.0,financial_na,,,False,39.5,15.1,,36.4,0.0,17.1,77.4,25.0,19.7,0.298,0.276,BMNR,,126,12.0,14.0,,False
284,A,"Agilent Technologies, Inc.",Healthcare,Diagnostics & Research,Core,41.9,148.24,140.83,17.5,11.9,10.0,0.0,ok,0.0,ok,0.86,,False,39.4,22.4,2.2,10.0,52.6,21.3,71.0,13.3,3.6,0.176,0.134,NVDA,,126,11.9,16.0,,False
285,VMC,Vulcan Materials Company (Hold,Basic Materials,Building Materials,Cyclical,36.3,280.38,288.72,14.5,16.4,10.0,0.0,ok,-1.5,ok,2.03,,False,39.4,26.0,2.3,2.5,27.5,13.2,53.9,-3.2,-23.8,0.062,0.228,GOOG,,126,16.4,11.0,,False
286,JBHT,"J.B. Hunt Transport Services, ",Industrials,Integrated Freight & Logistics,Core,25.9,275.96,279.77,14.0,15.4,10.0,0.0,ok,0.0,ok,0.84,,False,39.4,27.3,3.5,19.4,18.5,18.4,38.3,20.8,8.4,0.094,0.124,NVDA,,126,15.4,14.0,,False
287,HUM,Humana Inc.,Healthcare,Healthcare Plans,Core,46.7,388.83,378.33,15.0,14.4,10.0,0.0,ok,0.0,ok,-2.54,,False,39.4,23.5,4.2,26.2,13.7,6.9,47.7,44.9,111.2,0.083,0.147,NVDA,,126,14.4,15.0,,False
288,IR,Ingersoll Rand Inc.,Industrials,Specialty Industrial Machinery,Core,32.9,84.76,80.52,14.5,15.3,10.0,0.0,ok,-0.5,ok,1.85,,False,39.3,21.6,3.4,8.5,42.8,9.5,51.3,3.5,-24.0,0.215,0.239,GOOG,,126,15.3,15.0,,False
289,ACMR,"ACM Research, Inc.",Technology,Semiconductor Equipment & Mate,Growth,5.7,81.26,91.11,14.5,14.7,10.0,0.0,ok,0.0,ok,-6.83,,False,39.2,30.0,-3.3,36.0,43.8,11.6,43.5,36.0,3.3,0.419,0.485,AVGO,,126,14.7,14.0,,False
290,PNC,"PNC Financial Services Group, ",Financial Services,Banks - Regional,Core,101.9,255.46,244.79,18.5,10.7,10.0,0.0,ok,0.0,financial_na,,,False,39.2,12.0,,23.6,0.0,12.6,63.9,17.2,-2.3,0.143,0.207,GOOG,,126,10.7,14.0,,False
291,DOV,Dover Corporation,Industrials,Specialty Industrial Machinery,Core,28.0,208.07,214.13,16.0,13.2,10.0,0.0,ok,0.0,ok,0.79,,False,39.2,17.9,3.2,6.9,40.1,14.9,66.0,-0.0,-22.1,0.231,0.256,GOOG,,126,13.2,15.0,,False
292,FTV,Fortive Corporation,Technology,Scientific & Technical Instrum,Core,18.6,61.54,61.18,17.0,13.7,10.0,0.0,ok,-1.5,ok,2.61,,False,39.2,18.9,5.1,7.9,63.2,7.3,53.4,7.4,-6.7,0.103,0.128,NVDA,,126,13.7,15.0,,False
293,TXT,Textron Inc.,Industrials,Aerospace & Defense,Core,15.3,88.89,90.47,13.0,16.7,10.0,0.0,ok,-0.5,ok,1.65,,False,39.2,12.3,3.0,3.0,17.6,12.1,41.5,-1.0,-20.2,0.144,0.206,BMNR,,126,16.7,14.0,,False
294,MAA,Mid-America Apartment Communit,Real Estate,REIT - Residential,Core,15.7,132.33,135.45,17.0,15.7,10.0,0.0,ok,-3.5,ok,4.57,,False,39.2,40.3,5.9,1.0,58.4,7.0,48.9,1.2,-13.2,-0.19,0.338,AVGO,,126,15.7,16.0,,False
295,DAL,"Delta Air Lines, Inc.",Industrials,Airlines,Core,59.1,89.93,86.67,17.0,13.7,10.0,0.0,ok,-1.5,ok,2.19,,False,39.2,10.2,4.8,18.7,18.7,20.1,65.7,25.0,15.0,0.347,0.338,GOOG,,126,13.7,14.0,,False
296,MSI,"Motorola Solutions, Inc.",Technology,Communication Equipment,Core,77.7,469.74,446.25,19.5,11.2,10.0,0.0,ok,-1.5,ok,2.37,,False,39.2,24.6,2.5,13.3,52.1,91.6,77.2,13.0,0.2,0.01,0.137,AVGO,,126,11.2,14.0,,False
297,TRGP,"Targa Resources, Inc.",Energy,Oil & Gas Midstream,Cyclical,57.6,268.67,269.34,16.0,15.6,10.0,0.0,ok,-2.5,ok,3.54,,False,39.1,22.3,0.1,4.2,43.2,70.8,38.8,18.8,10.1,-0.233,0.194,BMNR,,126,15.6,13.0,,False
298,NSC,Norfolk Southern Corporation,Industrials,Railroads,Core,75.3,335.41,323.61,15.5,15.1,10.0,0.0,ok,-1.5,ok,2.84,,False,39.1,23.5,1.8,11.4,45.2,17.0,32.4,10.9,-5.5,-0.151,0.171,MSFT,,126,15.1,15.0,,False
299,IVZ,Invesco Ltd,Financial Services,Asset Management,Core,13.9,31.54,29.96,16.5,12.6,10.0,0.0,ok,0.0,financial_na,,,False,39.1,9.8,8.2,20.5,29.5,-0.6,61.7,20.1,9.6,0.491,0.453,BMNR,,126,12.6,14.0,,False
300,KHC,The Kraft Heinz Company,Consumer Defensive,Packaged Foods,Core,29.1,24.53,24.7,13.5,17.1,10.0,0.0,ok,-1.5,ok,2.97,,False,39.1,11.7,11.2,-1.4,33.5,-8.8,44.6,3.3,-11.8,-0.071,0.19,AVGO,,126,17.1,16.0,,False
301,WAB,Westinghouse Air Brake Technol,Industrials,Railroads,Core,49.9,295.54,280.76,17.0,13.6,10.0,0.0,ok,-1.5,ok,2.37,,False,39.1,23.9,2.2,17.5,35.7,11.6,47.6,19.8,4.7,0.142,0.294,AVGO,,126,13.6,14.0,,False
302,ORLY,"O'Reilly Automotive, Inc.",Consumer Cyclical,Auto Parts,Core,74.5,92.05,88.74,15.5,15.1,10.0,0.0,ok,-1.5,ok,2.24,,False,39.1,25.2,2.1,8.1,51.6,,67.1,-0.8,-13.8,-0.117,0.188,NVDA,,126,15.1,12.0,,False
303,OTIS,Otis Worldwide Corporation,Industrials,Specialty Industrial Machinery,Core,28.2,73.97,72.3,15.5,16.0,10.0,0.0,ok,-2.5,ok,3.04,,False,39.0,16.1,5.1,7.3,30.3,,65.4,-8.8,-28.0,0.005,0.166,GOOG,,126,16.0,14.0,,False
304,PSX,Phillips 66,Energy,Oil & Gas Refining & Marketing,Growth,90.4,225.58,214.3,19.0,10.5,10.0,0.0,ok,-0.5,ok,1.66,,False,39.0,10.8,5.0,53.1,13.1,23.5,70.9,39.2,30.2,-0.166,0.253,NVDA,,126,10.5,12.0,,False
305,ITW,Illinois Tool Works Inc.,Industrials,Specialty Industrial Machinery,Core,83.3,292.51,277.88,18.5,11.0,10.0,0.0,ok,-0.5,ok,1.84,,False,39.0,23.6,2.9,6.1,44.2,104.6,65.0,11.4,-12.9,0.012,0.178,NVDA,,126,11.0,15.0,,False
306,MLM,"Martin Marietta Materials, Inc",Basic Materials,Building Materials,Cyclical,32.7,543.9,572.97,12.5,18.0,10.0,0.0,ok,-1.5,ok,2.93,,False,39.0,25.2,1.8,21.0,28.2,8.9,49.1,-10.5,-29.3,0.099,0.227,GOOG,,126,18.0,11.0,,False
307,YUM,"Yum! Brands, Inc.",Consumer Cyclical,Restaurants,Core,41.0,150.34,153.31,16.5,15.9,10.0,0.0,ok,-3.5,ok,4.15,,False,38.9,20.1,2.0,12.2,45.3,,53.8,-2.4,-16.7,-0.054,0.119,AVGO,,126,15.9,12.0,,False
308,EA,Electronic Arts Inc.,Communication Services,Electronic Gaming & Multimedia,Core,52.9,209.7,205.27,18.0,10.9,10.0,0.0,ok,0.0,ok,-0.31,,False,38.9,21.8,3.2,18.9,79.9,16.5,80.9,3.4,-7.4,0.186,0.276,BMNR,,120,10.9,15.0,,False
309,DLR,"Digital Realty Trust, Inc.",Real Estate,REIT - Specialty,Core,74.2,197.06,187.21,19.0,13.4,10.0,0.0,ok,-3.5,ok,5.66,,False,38.9,67.2,5.1,29.9,57.0,2.9,64.9,11.9,2.0,0.168,0.212,BMNR,,126,13.4,16.0,,False
310,CCI,Crown Castle Inc.,Real Estate,REIT - Specialty,Core,32.3,73.97,80.75,15.5,18.4,10.0,0.0,ok,-5.0,ok,8.31,,False,38.9,25.4,3.2,-4.9,73.7,,48.3,-13.4,-24.6,-0.12,0.334,AVGO,,126,18.4,17.0,,False
311,TRMB,Trimble Inc.,Technology,Scientific & Technical Instrum,Core,13.1,56.35,53.53,16.5,12.9,10.0,0.0,ok,-0.5,ok,1.36,,False,38.9,13.8,2.8,11.8,71.5,8.3,66.3,-15.3,-25.1,0.339,0.35,MSFT,,126,12.9,15.0,,False
312,RGTI,"Rigetti Computing, Inc.",Technology,Computer Hardware,Growth,6.1,18.42,18.07,12.0,18.9,10.0,-2.0,ok,0.0,neg_ebitda_low_debt,,,False,38.9,,0.4,185.3,,-43.8,64.6,-11.6,0.5,0.516,0.528,BMNR,,126,18.9,13.0,,False
313,PLD,"Prologis, Inc.",Real Estate,REIT - Industrial,Core,136.8,140.73,143.25,16.5,15.9,10.0,0.0,ok,-3.5,ok,5.24,,False,38.9,41.3,4.0,12.3,75.5,7.7,39.2,4.0,-10.2,0.056,0.158,BMNR,,126,15.9,17.0,,False
314,VTRS,Viatris Inc.,Healthcare,Drug Manufacturers - Specialty,Core,18.5,16.1,16.56,16.0,14.4,10.0,0.0,ok,-1.5,ok,2.82,,False,38.9,6.0,14.5,4.9,40.3,-2.8,30.2,13.8,-11.0,0.15,0.195,NVDA,,126,14.4,16.0,,False
315,ERIE,Erie Indemnity Company,Financial Services,Insurance Brokers,Core,13.5,258.17,245.26,16.0,12.9,10.0,0.0,ok,0.0,financial_na,,,False,38.9,18.4,3.6,2.8,17.9,24.8,75.0,0.8,-19.1,-0.219,0.317,AVGO,,126,12.9,14.0,,False
316,COST,Costco Wholesale Corporation,Consumer Defensive,Discount Stores,Core,421.1,949.58,950.44,14.0,14.8,10.0,0.0,ok,0.0,ok,-0.07,,False,38.8,41.9,1.7,21.5,12.9,29.2,60.5,-0.8,-14.4,-0.263,0.374,AVGO,,126,14.8,16.0,,False
317,AVY,Avery Dennison Corporation,Consumer Cyclical,Packaging & Containers,Core,13.7,181.03,171.98,20.5,9.8,10.0,0.0,ok,-1.5,ok,2.28,,False,38.8,16.1,7.3,10.9,29.0,31.2,79.9,5.1,-17.3,0.123,0.133,MSFT,,126,9.8,11.0,,False
318,FITB,Fifth Third Bancorp,Financial Services,Banks - Regional,Growth,52.6,58.01,55.8,18.0,10.8,10.0,0.0,ok,0.0,financial_na,,,False,38.8,11.7,,51.8,0.0,8.4,57.2,17.2,-3.9,0.154,0.203,BMNR,,126,10.8,14.0,,False
319,EXPD,Expeditors International of Wa,Industrials,Integrated Freight & Logistics,Growth,24.0,184.47,175.25,17.5,11.3,10.0,0.0,ok,0.0,ok,-0.37,,False,38.8,23.3,3.3,32.1,13.5,42.7,61.4,20.0,2.3,0.015,0.069,GOOG,,126,11.3,14.0,,False
320,MMM,3M Company,Industrials,Conglomerates,Core,94.8,183.78,174.59,21.0,8.3,10.0,0.0,ok,-0.5,ok,1.21,,False,38.8,18.8,6.7,2.5,39.4,81.9,72.5,15.1,-4.8,0.088,0.236,GOOG,,126,8.3,14.0,,False
321,WFC,Wells Fargo & Company,Financial Services,Banks - Diversified,Core,268.9,88.93,85.26,16.5,12.3,10.0,0.0,ok,0.0,financial_na,,,False,38.8,11.3,,9.5,0.0,12.6,60.1,5.3,-11.1,0.161,0.21,BMNR,,126,12.3,14.0,,False
322,LOW,"Lowe's Companies, Inc.",Consumer Cyclical,Home Improvement Retail,Core,121.1,215.97,214.97,15.0,16.2,10.0,0.0,ok,-2.5,ok,3.32,,False,38.7,16.1,4.0,10.3,33.3,,62.2,-9.0,-36.0,0.088,0.253,GOOG,,126,16.2,11.0,,False
323,CHTR,"Charter Communications, Inc.",Communication Services,Telecom Services,Core,20.2,150.22,142.71,19.0,13.2,10.0,0.0,ok,-3.5,ok,4.41,,False,38.7,3.4,10.9,-1.7,55.2,27.2,68.8,-20.2,-49.3,-0.015,0.226,NVDA,,126,13.2,16.0,,False
324,CVNA,Carvana Co.,Consumer Cyclical,Auto & Truck Dealerships,Growth,107.9,72.48,68.86,16.0,13.1,10.0,0.0,ok,-0.5,ok,1.02,,False,38.6,32.2,0.4,52.4,19.4,58.8,71.4,0.1,-12.1,0.365,0.401,GOOG,,126,13.1,11.0,,False
325,LYB,LyondellBasell Industries NV,Basic Materials,Specialty Chemicals,Cyclical,20.3,62.8,59.89,15.5,15.6,10.0,0.0,ok,-2.5,ok,3.27,,False,38.6,9.7,6.1,19.8,12.9,-2.3,52.5,7.5,-4.7,-0.169,0.205,GOOG,,126,15.6,11.0,,False
326,VTR,"Ventas, Inc.",Real Estate,REIT - Healthcare Facilities,Core,45.7,89.01,89.71,16.5,15.6,10.0,0.0,ok,-3.5,ok,5.34,,False,38.6,110.3,3.3,21.7,40.0,2.0,33.5,6.8,-7.1,-0.296,0.324,AVGO,,126,15.6,15.0,,False
327,PNR,Pentair plc.,Industrials,Specialty Industrial Machinery,Core,10.5,65.77,70.67,15.5,13.6,10.0,0.0,ok,-0.5,ok,1.62,,False,38.6,12.7,5.3,-17.0,41.4,17.1,61.9,-26.3,-46.0,0.139,0.224,NVDA,,126,13.6,15.0,,False
328,GNRC,Generac Holdlings Inc.,Industrials,Specialty Industrial Machinery,Core,13.1,221.9,241.03,15.5,13.6,10.0,0.0,ok,-0.5,ok,1.79,,False,38.6,18.8,2.2,10.6,39.5,9.5,57.5,8.0,-8.4,0.178,0.392,AVGO,,126,13.6,14.0,,False
329,BXP,"BXP, Inc.",Real Estate,REIT - Office,Core,12.3,67.95,67.26,18.0,15.6,10.0,0.0,ok,-5.0,ok,9.81,,False,38.6,32.5,7.2,3.7,56.5,5.3,50.4,7.5,-0.1,0.151,0.212,BMNR,,126,15.6,16.0,,False
330,PHM,"PulteGroup, Inc.",Consumer Cyclical,Residential Construction,Core,24.6,129.16,127.34,15.0,13.5,10.0,0.0,ok,0.0,ok,0.42,,False,38.5,11.5,4.4,-9.6,25.6,14.9,55.6,3.9,-18.7,0.1,0.19,GOOG,,126,13.5,11.0,,False
331,PWR,"Quanta Services, Inc.",Industrials,Engineering & Construction,Growth,101.9,678.02,674.09,13.5,16.5,10.0,0.0,ok,-1.5,ok,2.0,,False,38.5,34.8,1.9,41.1,15.5,15.3,54.3,18.7,17.8,0.377,0.363,AVGO,,126,16.5,14.0,,False
332,CPB,The Campbell's Company,Consumer Defensive,Packaged Foods,Speculative,6.7,22.6,22.2,16.0,16.0,10.0,0.0,ok,-3.5,ok,4.07,,False,38.5,11.6,9.0,-4.4,29.2,15.4,60.6,-7.2,-33.2,-0.171,0.294,AVGO,,126,16.0,16.0,,False
333,USB,U.S. Bancorp,Financial Services,Banks - Regional,Core,101.3,65.02,61.77,17.5,11.0,10.0,0.0,ok,0.0,financial_na,,,False,38.5,11.2,,10.4,0.0,12.6,62.6,18.3,-0.2,0.19,0.23,GOOG,,126,11.0,14.0,,False
334,INVH,Invitation Homes Inc.,Real Estate,REIT - Residential,Core,17.7,29.78,29.77,19.0,13.0,10.0,0.0,ok,-3.5,ok,5.65,,False,38.5,43.9,6.6,10.1,56.3,7.1,55.7,8.1,-0.8,-0.12,0.27,AVGO,,126,13.0,16.0,,False
335,PFG,Principal Financial Group Inc,Financial Services,Asset Management,Core,24.4,113.77,110.6,17.5,11.0,10.0,0.0,ok,0.0,financial_na,,,False,38.5,11.0,4.3,6.4,47.3,12.9,71.3,18.7,12.1,0.206,0.249,GOOG,,126,11.0,15.0,,False
336,LDOS,"Leidos Holdings, Inc.",Technology,Information Technology Service,Core,17.6,140.38,133.36,17.0,13.0,10.0,0.0,ok,-1.5,ok,2.45,,False,38.5,11.0,6.5,7.2,17.8,27.8,79.8,-10.8,-30.3,0.113,0.201,MSFT,,126,13.0,15.0,,False
337,WSM,"Williams-Sonoma, Inc.",Consumer Cyclical,Specialty Retail,Core,28.9,245.15,232.89,18.5,10.0,10.0,0.0,ok,0.0,ok,0.51,,False,38.5,23.9,3.1,4.4,46.1,54.0,72.5,22.5,3.8,0.236,0.233,GOOG,,126,10.0,12.0,,False
338,EQIX,"Equinix, Inc.",Real Estate,REIT - Specialty,Core,105.5,1069.17,1050.68,17.0,14.9,10.0,0.0,ok,-3.5,ok,4.93,,False,38.4,56.6,3.6,16.7,52.0,10.7,56.1,14.0,12.3,0.068,0.11,NVDA,,126,14.9,16.0,,False
339,GPN,Global Payments Inc.,Industrials,Specialty Business Services,Growth,23.4,88.53,84.1,21.0,10.8,10.0,0.0,ok,-3.5,ok,4.05,,False,38.3,5.6,,68.6,64.0,2.4,72.0,19.1,11.4,0.259,0.277,MSFT,,126,10.8,18.0,fcf_yield_out_of_range(33.6),False
340,EW,Edwards Lifesciences Corporati,Healthcare,Medical Devices,Core,53.6,93.05,88.4,16.5,11.8,10.0,0.0,ok,0.0,ok,-1.78,,False,38.3,27.6,2.3,13.6,77.8,9.2,79.2,10.4,5.7,0.24,0.265,GOOG,,126,11.8,17.0,,False
341,GEHC,GE HealthCare Technologies Inc,Healthcare,Medical Devices,Core,32.6,72.28,68.67,17.5,12.3,10.0,0.0,ok,-1.5,ok,2.36,,False,38.3,13.4,4.8,5.8,39.5,19.4,73.1,-0.9,-20.3,0.116,0.221,GOOG,,126,12.3,15.0,,False
342,O,Realty Income Corporation,Real Estate,REIT - Retail,Core,59.2,62.59,62.87,15.5,16.3,10.0,0.0,ok,-3.5,ok,5.74,,False,38.3,36.7,2.7,9.6,92.7,3.2,32.4,2.8,-13.3,-0.237,0.255,NVDA,,126,16.3,17.0,,False
343,ZBH,"Zimmer Biomet Holdings, Inc.",Healthcare,Medical Devices,Core,18.7,97.89,93.0,17.0,12.8,10.0,0.0,ok,-1.5,ok,2.79,,False,38.3,10.8,5.8,4.8,69.9,6.4,69.3,7.9,-9.0,-0.071,0.116,AVGO,,126,12.8,17.0,,False
344,TMO,Thermo Fisher Scientific Inc,Healthcare,Diagnostics & Research,Core,223.0,603.01,572.86,17.0,13.8,10.0,0.0,ok,-2.5,ok,3.28,,False,38.3,21.9,2.8,10.5,41.0,13.5,68.2,13.3,2.9,0.135,0.163,MSFT,,126,13.8,16.0,,False
345,STE,STERIS plc (Ireland),Healthcare,Medical Devices,Core,23.1,236.6,224.77,16.0,12.2,10.0,0.0,ok,0.0,ok,0.95,,False,38.2,19.3,3.5,7.3,44.4,11.4,78.5,1.1,-14.2,0.05,0.16,GOOG,,126,12.2,16.0,,False
346,INTC,Intel Corporation,Technology,Semiconductors,Core,509.2,100.95,109.67,13.0,15.7,10.0,0.0,ok,-0.5,ok,1.24,,False,38.2,48.8,1.0,25.4,38.9,-10.7,50.7,45.3,97.4,0.412,0.482,AVGO,,126,15.7,13.0,,False
347,NRG,"NRG Energy, Inc.",Utilities,Utilities - Independent Power ,Core,25.4,120.66,133.31,17.0,16.2,10.0,0.0,ok,-5.0,ok,7.16,,False,38.2,11.0,3.0,11.0,18.8,23.8,32.3,-20.0,-36.3,0.209,0.237,AVGO,,126,16.2,18.0,,False
348,ARE,Alexandria Real Estate Equitie,Real Estate,REIT - Office,Speculative,8.3,48.06,50.96,15.0,18.1,10.0,0.0,ok,-5.0,ok,7.13,,False,38.1,,16.3,-11.9,68.2,-4.1,44.3,-4.0,-20.8,0.079,0.08,GOOG,,126,18.1,17.0,,False
349,CASY,"Caseys General Stores, Inc.",Consumer Cyclical,Specialty Retail,Core,31.0,839.03,831.81,11.5,17.1,10.0,0.0,ok,-0.5,ok,1.6,,False,38.1,35.5,1.8,14.5,24.6,19.2,36.9,19.3,17.8,-0.095,0.131,MSFT,,126,17.1,11.0,,False
350,SWKS,"Skyworks Solutions, Inc.",Technology,Semiconductors,Core,10.5,69.68,66.83,13.5,14.6,10.0,0.0,ok,0.0,ok,-0.13,,False,38.1,14.0,4.3,-3.1,40.7,5.1,69.2,9.1,-0.9,0.268,0.361,AVGO,,126,14.6,14.0,,False
351,RF,Regions Financial Corporation,Financial Services,Banks - Regional,Core,26.9,31.6,30.24,16.5,11.6,10.0,0.0,ok,0.0,financial_na,,,False,38.1,11.1,,3.4,0.0,11.9,65.0,13.7,-8.5,0.181,0.219,GOOG,,126,11.6,14.0,,False
352,DD,"DuPont de Nemours, Inc.",Basic Materials,Specialty Chemicals,Cyclical,19.5,144.37,137.15,15.5,12.6,10.0,0.0,ok,0.0,ok,0.91,,False,38.1,18.1,9.4,4.0,35.1,1.8,62.5,137.4,170.8,-0.047,0.098,BMNR,,126,12.6,11.0,,False
353,BIIB,Biogen Inc.,Healthcare,Drug Manufacturers - General,Core,30.9,208.87,202.63,17.0,12.6,10.0,0.0,ok,-1.5,ok,2.1,,False,38.1,12.6,4.1,3.4,78.3,4.6,60.4,12.4,-2.4,-0.144,0.169,NVDA,,126,12.6,17.0,,False
354,CHRW,"C.H. Robinson Worldwide, Inc.",Industrials,Integrated Freight & Logistics,Core,17.1,146.7,181.33,16.5,12.0,10.0,0.0,ok,-0.5,ok,1.95,,True,38.0,19.6,2.8,19.3,8.4,37.1,18.5,-14.9,-36.6,-0.042,0.171,MSFT,,126,17.4,14.0,,False
355,TAP,Molson Coors Beverage Company,Consumer Defensive,Beverages - Brewers,Speculative,7.8,41.57,40.52,13.5,16.0,10.0,0.0,ok,-1.5,ok,2.56,,False,38.0,8.4,12.1,-3.3,37.0,-19.5,59.1,-5.7,-32.8,-0.2,0.28,BMNR,,126,16.0,16.0,,False
356,TTWO,"Take-Two Interactive Software,",Communication Services,Electronic Gaming & Multimedia,Core,45.4,243.0,236.85,13.5,15.0,10.0,0.0,ok,-0.5,ok,1.46,,False,38.0,23.6,2.8,2.0,57.1,-9.0,59.0,6.0,7.6,0.317,0.336,MSFT,,126,15.0,14.0,,False
357,DVA,DaVita Inc.,Healthcare,Medical Care Facilities,Core,11.6,181.5,216.71,19.5,12.0,10.0,0.0,ok,-3.5,ok,4.5,,True,38.0,10.7,9.0,5.2,32.4,88.5,17.5,13.9,14.2,-0.061,0.157,GOOG,,126,18.8,15.0,,False
358,KIM,Kimco Realty Corporation (HC),Real Estate,REIT - Retail,Core,16.2,24.18,25.17,17.0,16.0,10.0,0.0,ok,-5.0,ok,6.12,,False,38.0,27.0,5.4,4.9,68.9,5.8,26.5,6.9,-0.4,-0.121,0.182,AVGO,,126,16.0,17.0,,False
359,CSCO,"Cisco Systems, Inc.",Technology,Communication Equipment,Core,488.3,123.88,118.01,17.0,11.0,10.0,0.0,ok,0.0,ok,0.96,,False,38.0,25.8,1.9,12.0,64.3,25.2,73.6,35.8,34.0,0.249,0.363,AVGO,,126,11.0,15.0,,False
360,DG,Dollar General Corporation,Consumer Defensive,Discount Stores,Core,26.4,119.6,118.11,17.0,14.5,10.0,0.0,ok,-3.5,ok,4.26,,False,38.0,14.9,7.1,3.4,30.8,18.9,58.9,-3.2,-30.0,0.196,0.227,MSFT,,126,14.5,16.0,,False
361,VICI,VICI Properties Inc.,Real Estate,REIT - Diversified,Core,28.7,26.07,26.85,13.0,18.4,10.0,0.0,ok,-3.5,ok,4.82,,False,37.9,8.7,0.9,5.7,99.3,9.8,46.2,-6.6,-20.8,-0.141,0.254,AVGO,,126,18.4,17.0,,False
362,CDW,CDW Corporation,Technology,Information Technology Service,Core,17.1,136.67,136.1,15.5,14.8,10.0,0.0,ok,-2.5,ok,3.02,,False,37.8,11.4,4.0,10.0,21.4,44.0,56.0,3.6,-9.9,0.133,0.21,MSFT,,126,14.8,15.0,,False
363,ABT,Abbott Laboratories,Healthcare,Medical Devices,Core,191.9,110.91,105.36,17.0,12.3,10.0,0.0,ok,-1.5,ok,2.32,,False,37.8,18.3,3.8,13.0,56.8,10.6,77.4,3.7,-13.4,-0.087,0.272,AVGO,,126,12.3,16.0,,False
364,VZ,Verizon Communications Inc.,Communication Services,Telecom Services,Core,195.2,46.98,45.29,18.5,11.7,10.0,0.0,ok,-2.5,ok,3.76,,False,37.7,8.9,8.9,-0.7,59.5,15.8,66.2,5.9,-14.2,-0.243,0.264,NVDA,,126,11.7,16.0,,False
365,ES,Eversource Energy (D/B/A),Utilities,Utilities - Regulated Electric,Core,26.9,71.55,72.2,14.5,16.6,10.0,0.0,ok,-3.5,ok,5.67,,False,37.6,14.6,3.0,2.3,52.8,9.0,32.3,3.2,-7.4,-0.175,0.187,MSFT,,126,16.6,19.0,,False
366,GRMN,Garmin Ltd.,Technology,Scientific & Technical Instrum,Core,59.8,309.98,294.48,17.0,10.6,10.0,0.0,ok,0.0,ok,-1.06,,False,37.6,28.2,1.7,11.4,60.1,21.9,86.2,34.1,39.0,0.163,0.17,GOOG,,126,10.6,15.0,,False
367,AMGN,Amgen Inc.,Healthcare,Drug Manufacturers - General,Core,225.2,416.18,395.37,19.5,9.6,10.0,0.0,ok,-1.5,ok,2.51,,False,37.6,17.2,3.8,9.5,71.9,91.5,76.3,20.5,3.6,-0.033,0.109,MSFT,,126,9.6,17.0,,False
368,LII,"Lennox International, Inc.",Industrials,Building Products & Equipment,Core,14.5,420.91,515.82,16.0,12.0,10.0,0.0,ok,-0.5,ok,1.68,,True,37.5,16.0,1.9,3.0,33.3,71.8,23.5,-16.6,-35.9,0.176,0.256,NVDA,,126,15.9,14.0,,False
369,TGT,Target Corporation,Consumer Defensive,Discount Stores,Core,69.9,154.0,146.3,17.5,10.5,10.0,0.0,ok,-0.5,ok,1.89,,False,37.5,17.1,4.5,6.7,28.1,22.0,86.3,33.3,24.0,0.012,0.111,GOOG,,126,10.5,16.0,,False
370,TKO,"TKO Group Holdings, Inc.",Communication Services,Entertainment,Core,36.9,195.14,193.45,16.5,12.5,10.0,0.0,ok,-1.5,ok,2.69,,False,37.5,48.9,2.3,18.2,59.5,7.1,75.2,-0.6,-18.5,0.181,0.175,BMNR,,126,12.5,14.0,,False
371,FN,Fabrinet,Technology,Electronic Components,Growth,20.5,571.88,543.29,11.5,16.0,10.0,0.0,ok,0.0,ok,-1.96,,False,37.5,33.0,-0.4,39.3,12.0,20.0,57.5,6.9,11.2,0.368,0.465,AVGO,,126,16.0,13.0,,False
372,KMI,"Kinder Morgan, Inc.",Energy,Oil & Gas Midstream,Cyclical,70.7,31.73,31.94,14.5,16.4,10.0,0.0,ok,-3.5,ok,4.23,,False,37.4,20.7,1.5,10.8,49.4,11.0,39.2,4.6,-9.8,-0.28,0.23,AVGO,,126,16.4,13.0,,False
373,EXR,Extra Space Storage Inc,Real Estate,REIT - Industrial,Core,32.4,146.76,147.13,17.0,13.9,10.0,0.0,ok,-3.5,ok,5.94,,False,37.4,30.8,4.6,3.8,74.9,7.0,53.7,5.1,-7.4,-0.054,0.17,AVGO,,126,13.9,17.0,,False
374,KO,Coca-Cola Company (The),Consumer Defensive,Beverages - Non-Alcoholic,Core,373.1,86.71,83.01,17.0,10.9,10.0,0.0,ok,-0.5,ok,1.64,,False,37.4,24.6,1.4,6.7,61.9,42.1,73.6,13.3,-0.5,-0.246,0.278,AVGO,,126,10.9,18.0,,False
375,TSN,"Tyson Foods, Inc.",Consumer Defensive,Farm Products,Core,19.6,55.81,57.83,12.0,16.9,10.0,0.0,ok,-1.5,ok,2.62,,False,37.4,12.5,6.1,-0.1,6.6,3.3,46.6,-6.8,-24.2,-0.081,0.226,NVDA,,126,16.9,16.0,,False
376,ECL,Ecolab Inc.,Basic Materials,Specialty Chemicals,Cyclical,78.1,278.43,273.0,15.0,13.9,10.0,0.0,ok,-1.5,ok,2.12,,False,37.4,29.5,1.9,9.7,44.2,22.0,66.8,2.9,-19.7,0.012,0.193,GOOG,,126,13.9,12.0,,False
377,PEG,Public Service Enterprise Grou,Utilities,Utilities - Regulated Electric,Core,37.8,75.87,79.13,12.5,18.4,10.0,0.0,ok,-3.5,ok,5.49,,False,37.4,16.2,0.3,-8.9,33.3,11.8,25.1,-5.4,-20.7,-0.146,0.213,MSFT,,126,18.4,18.0,,False
378,XYZ,"Block, Inc.",Technology,Software - Infrastructure,Core,47.0,78.28,76.84,11.0,16.4,10.0,0.0,ok,0.0,ok,0.28,,False,37.4,15.1,-0.1,9.3,46.6,1.6,54.7,15.4,33.8,0.387,0.293,BMNR,,126,16.4,16.0,,False
379,UAL,"United Airlines Holdings, Inc.",Industrials,Airlines,Core,40.6,125.12,121.71,17.0,11.8,10.0,0.0,ok,-1.5,ok,2.4,,False,37.3,8.1,2.2,16.0,31.8,23.3,61.1,17.3,-1.8,0.366,0.317,GOOG,,126,11.8,14.0,,False
380,DLTR,"Dollar Tree, Inc.",Consumer Defensive,Discount Stores,Core,24.7,128.61,122.18,18.5,10.3,10.0,0.0,ok,-1.5,ok,2.74,,False,37.3,16.7,5.8,7.2,37.0,34.0,72.8,12.1,-8.7,0.167,0.187,MSFT,,126,10.3,16.0,,False
381,ONTO,Onto Innovation Inc.,Technology,Semiconductor Equipment & Mate,Growth,20.6,337.35,320.48,14.0,13.2,10.0,0.0,ok,0.0,ok,-1.36,,False,37.2,29.2,1.0,35.3,54.9,6.8,58.7,48.2,40.0,0.405,0.523,AVGO,,126,13.2,14.0,,False
382,MCK,McKesson Corporation,Healthcare,Medical Distribution,Core,102.5,878.73,834.79,14.0,13.2,10.0,0.0,ok,0.0,ok,0.94,,False,37.2,17.4,6.6,7.7,3.6,,61.3,4.8,-19.4,-0.246,0.308,AVGO,,126,13.2,15.0,,False
383,CHD,"Church & Dwight Company, Inc.",Consumer Defensive,Household & Personal Products,Core,24.0,101.24,98.07,16.0,11.7,10.0,0.0,ok,-0.5,ok,1.6,,False,37.2,25.1,3.9,1.6,45.6,17.0,67.4,8.5,-10.2,-0.11,0.231,AVGO,,126,11.7,17.0,,False
384,SBAC,SBA Communications Corporation,Real Estate,REIT - Specialty,Core,19.4,183.08,186.78,16.5,15.7,10.0,0.0,ok,-5.0,ok,8.12,,False,37.2,22.3,3.9,2.3,74.2,,58.0,-5.2,-15.1,-0.046,0.188,AVGO,,126,15.7,17.0,,False
385,PLAB,"Photronics, Inc.",Technology,Semiconductor Equipment & Mate,Speculative,2.0,33.49,31.82,12.5,14.6,10.0,0.0,ok,0.0,ok,-2.31,,False,37.1,16.6,2.0,-0.5,33.8,13.2,61.5,-4.1,-23.7,0.332,0.406,AVGO,,126,14.6,13.0,,False
386,SOLV,Solventum Corporation,Healthcare,Medical Instruments & Supplies,Core,14.5,85.29,81.03,18.5,12.1,10.0,0.0,ok,-3.5,ok,4.29,,False,37.1,11.8,3.4,2.2,54.8,34.0,65.1,12.5,-7.0,0.117,0.25,GOOG,,126,12.1,16.0,,False
387,ZBRA,Zebra Technologies Corporation,Technology,Communication Equipment,Core,17.9,378.37,359.45,18.0,10.6,10.0,0.0,ok,-1.5,ok,2.37,,False,37.1,17.1,3.2,20.4,49.6,15.3,91.2,52.0,38.2,0.301,0.266,AVGO,,126,10.6,14.0,,False
388,AZO,"AutoZone, Inc.",Consumer Cyclical,Auto Parts,Core,49.7,3045.87,3063.96,13.0,16.6,10.0,0.0,ok,-2.5,ok,3.01,,False,37.1,17.4,1.8,8.4,51.8,,60.0,-11.6,-30.1,-0.007,0.157,GOOG,,126,16.6,12.0,,False
389,SYY,Sysco Corporation,Consumer Defensive,Food Distribution,Core,40.5,84.69,81.62,17.0,11.6,10.0,0.0,ok,-1.5,ok,2.89,,False,37.1,15.8,4.8,4.7,18.5,77.7,64.7,8.1,-14.7,-0.02,0.075,GOOG,,126,11.6,16.0,,False
390,EL,"Estee Lauder Companies, Inc. (",Consumer Defensive,Household & Personal Products,Core,31.7,87.68,83.98,16.0,12.5,10.0,0.0,ok,-1.5,ok,2.63,,False,37.0,27.6,5.7,4.6,74.7,-5.9,73.6,-4.3,-28.2,0.248,0.306,GOOG,,126,12.5,18.0,,False
391,CFG,"Citizens Financial Group, Inc.",Financial Services,Banks - Regional,Core,31.1,73.91,70.21,16.0,11.0,10.0,0.0,ok,0.0,financial_na,,,False,37.0,11.3,,14.7,0.0,8.3,61.0,19.3,-0.3,0.219,0.267,BMNR,,126,11.0,14.0,,False
392,BAC,Bank of America Corporation,Financial Services,Banks - Diversified,Core,453.2,64.81,61.57,16.5,10.4,10.0,0.0,ok,0.0,financial_na,,,False,36.9,12.2,,16.8,0.0,11.2,74.8,20.3,9.4,0.268,0.286,BMNR,,126,10.4,14.0,,False
393,COR,"Cencora, Inc.",Healthcare,Medical Distribution,Core,60.0,314.17,298.46,14.5,13.9,10.0,0.0,ok,-1.5,ok,2.1,,False,36.9,15.8,3.4,5.1,4.0,96.9,55.4,-2.9,-25.4,-0.163,0.229,NVDA,,126,13.9,15.0,,False
394,EIX,Edison International,Utilities,Utilities - Regulated Electric,Core,26.7,69.4,73.99,13.5,16.8,10.0,0.0,ok,-3.5,ok,4.85,,False,36.8,10.7,0.3,-4.1,61.0,19.7,24.2,3.7,-6.9,-0.202,0.25,MSFT,,126,16.8,20.0,,False
395,LYV,"Live Nation Entertainment, Inc",Communication Services,Entertainment,Core,43.2,185.33,177.07,14.5,12.8,10.0,0.0,ok,-0.5,ok,1.43,,False,36.8,98.2,3.9,9.4,25.8,17.7,62.0,17.9,11.0,0.202,0.243,GOOG,,126,12.8,13.0,,False
396,BSX,Boston Scientific Corporation,Healthcare,Medical Devices,Core,74.5,51.42,48.85,17.0,11.3,10.0,0.0,ok,-1.5,ok,2.12,,False,36.8,15.0,3.3,7.5,69.2,15.3,86.8,-27.7,-41.6,0.081,0.166,MSFT,,126,11.3,17.0,,False
397,ADM,Archer-Daniels-Midland Company,Consumer Defensive,Farm Products,Core,38.4,79.73,80.15,11.5,16.8,10.0,0.0,ok,-1.5,ok,2.75,,False,36.8,14.0,3.0,7.2,6.9,7.6,32.1,13.9,4.3,-0.11,0.125,GOOG,,126,16.8,16.0,,False
398,WELL,Welltower Inc.,Real Estate,REIT - Healthcare Facilities,Growth,165.9,230.27,227.38,14.0,16.2,10.0,0.0,ok,-3.5,ok,5.32,,False,36.7,70.3,1.7,39.1,39.6,3.8,32.7,11.9,-0.1,-0.244,0.297,AVGO,,126,16.2,15.0,,False
399,MDT,Medtronic plc.,Healthcare,Medical Devices,Core,116.2,90.76,86.22,15.5,11.7,10.0,0.0,ok,-0.5,ok,1.97,,False,36.7,14.2,4.0,9.9,65.3,9.8,80.0,1.7,-21.1,-0.048,0.237,AVGO,,126,11.7,17.0,,False
400,DHR,Danaher Corporation,Healthcare,Diagnostics & Research,Core,144.7,205.79,195.5,14.5,13.7,10.0,0.0,ok,-1.5,ok,2.93,,False,36.7,22.1,3.0,5.5,58.8,7.6,68.4,1.4,-17.9,0.027,0.157,AVGO,,126,13.7,16.0,,False
401,WMB,"Williams Companies, Inc. (The)",Energy,Oil & Gas Midstream,Cyclical,90.1,73.7,73.13,15.0,15.1,10.0,0.0,ok,-3.5,ok,4.35,,False,36.6,28.8,-1.7,7.8,63.6,21.5,44.4,7.5,-7.3,-0.134,0.18,MSFT,,126,15.1,14.0,,False
402,MRK,"Merck & Company, Inc.",Healthcare,Drug Manufacturers - General,Core,327.9,132.92,126.27,16.0,11.1,10.0,0.0,ok,-0.5,ok,1.62,,False,36.6,13.9,4.6,5.1,75.9,7.0,59.4,17.8,0.6,-0.239,0.257,AVGO,,126,11.1,17.0,,False
403,BKR,Baker Hughes Company,Energy,Oil & Gas Equipment & Services,Cyclical,63.8,64.28,61.07,16.0,10.6,10.0,0.0,ok,0.0,ok,-0.16,,False,36.6,20.3,6.9,-2.4,23.7,16.5,75.5,12.8,-5.9,0.154,0.184,BMNR,,126,10.6,14.0,,False
404,SJM,The J.M. Smucker Company,Consumer Defensive,Packaged Foods,Core,12.7,118.79,113.98,16.0,13.1,10.0,0.0,ok,-2.5,ok,3.67,,False,36.6,11.1,7.9,5.8,34.3,-2.4,55.7,14.4,-2.4,-0.249,0.331,AVGO,,126,13.1,16.0,,False
405,AWK,"American Water Works Company, ",Utilities,Utilities - Regulated Water,Core,26.8,134.92,131.01,13.0,17.1,10.0,0.0,ok,-3.5,ok,5.44,,False,36.6,20.5,-6.7,6.2,61.5,10.1,51.5,3.8,-1.8,-0.402,0.369,AVGO,,126,17.1,20.0,,False
406,DIS,Walt Disney Company (The),Communication Services,Entertainment,Core,178.2,103.22,98.97,14.5,12.5,10.0,0.0,ok,-0.5,ok,1.95,,False,36.5,13.9,2.7,6.8,37.6,8.0,76.1,-0.9,-16.2,0.249,0.333,GOOG,,126,12.5,13.0,,False
407,DPZ,Domino's Pizza Inc,Consumer Cyclical,Restaurants,Core,11.7,353.72,336.03,15.5,14.5,10.0,0.0,ok,-3.5,ok,4.84,,False,36.5,17.0,4.5,4.3,28.7,,64.9,-4.1,-19.0,-0.027,0.211,AVGO,,126,14.5,11.0,,False
408,COHR,Coherent Corp.,Technology,Scientific & Technical Instrum,Core,69.6,355.64,341.14,13.0,13.5,10.0,0.0,ok,0.0,ok,0.76,,False,36.5,42.5,-0.3,20.5,37.0,4.7,56.4,34.9,47.4,0.386,0.489,NVDA,,126,13.5,13.0,,False
409,HRL,Hormel Foods Corporation,Consumer Defensive,Packaged Foods,Core,13.4,24.39,24.82,10.5,16.0,10.0,0.0,ok,0.0,ok,-0.26,,False,36.5,15.6,3.5,-2.9,15.8,5.8,42.1,5.6,-8.3,-0.075,0.141,AVGO,,126,16.0,16.0,,False
410,VRTX,Vertex Pharmaceuticals Incorpo,Healthcare,Biotechnology,Core,133.3,525.73,499.44,17.0,9.5,10.0,0.0,ok,0.0,ok,-1.15,,False,36.5,24.1,2.0,12.5,55.0,23.5,76.0,15.2,2.4,-0.009,0.18,AVGO,,126,9.5,16.0,,False
411,REGN,"Regeneron Pharmaceuticals, Inc",Healthcare,Biotechnology,Core,82.2,797.99,758.09,17.0,9.4,10.0,0.0,ok,0.0,ok,-1.12,,False,36.4,13.3,3.7,16.7,44.5,14.0,91.7,11.2,-9.1,0.203,0.232,BMNR,,126,9.4,16.0,,False
412,TFC,Truist Financial Corporation,Financial Services,Banks - Regional,Core,64.3,52.67,50.91,15.0,11.4,10.0,0.0,ok,0.0,financial_na,,,False,36.4,10.6,,8.2,0.0,9.1,62.8,8.5,-12.1,0.123,0.181,BMNR,,126,11.4,14.0,,False
413,ATO,Atmos Energy Corporation,Utilities,Utilities - Regulated Gas,Core,28.7,169.59,173.23,11.5,17.4,10.0,0.0,ok,-2.5,ok,3.74,,False,36.4,18.8,-7.7,4.8,62.2,9.8,24.7,-3.4,-14.7,-0.32,0.326,MSFT,,126,17.4,20.0,,False
414,NCLH,Norwegian Cruise Line Holdings,Consumer Cyclical,Travel Services,Speculative,8.7,18.92,19.61,14.5,16.8,10.0,0.0,ok,-5.0,ok,6.08,,False,36.3,11.1,-19.3,4.9,42.5,36.7,51.2,-6.0,-29.2,0.242,0.394,GOOG,,126,16.8,14.0,,False
415,IQV,"IQVIA Holdings, Inc.",Healthcare,Diagnostics & Research,Core,39.8,241.71,229.62,17.5,12.3,10.0,0.0,ok,-3.5,ok,4.65,,False,36.3,16.7,5.4,8.7,33.0,22.8,70.3,21.8,24.8,0.045,0.114,MSFT,,126,12.3,15.0,,False
416,EMR,Emerson Electric Company,Industrials,Specialty Industrial Machinery,Core,91.4,163.8,155.61,18.5,8.3,10.0,0.0,ok,-0.5,ok,1.92,,False,36.3,22.6,4.1,7.0,53.2,12.8,71.8,16.9,-4.9,0.343,0.337,NVDA,,126,8.3,15.0,,False
417,RVTY,"Revvity, Inc.",Healthcare,Diagnostics & Research,Core,13.2,117.88,111.99,16.0,11.8,10.0,0.0,ok,-1.5,ok,2.67,,False,36.3,20.0,4.6,1.3,55.0,3.2,58.8,18.3,5.1,0.215,0.201,GOOG,,126,11.8,16.0,,False
418,ISRG,"Intuitive Surgical, Inc.",Healthcare,Medical Instruments & Supplies,Core,143.8,401.27,391.89,15.5,10.7,10.0,0.0,ok,0.0,ok,-1.25,,False,36.2,33.2,1.8,18.5,66.7,17.4,83.2,-16.1,-30.7,0.281,0.328,GOOG,,126,10.7,17.0,,False
419,MTB,M&T Bank Corporation,Financial Services,Banks - Regional,Core,36.6,253.55,240.87,15.5,10.6,10.0,0.0,ok,0.0,financial_na,,,False,36.1,12.0,,6.2,0.0,10.7,63.2,17.9,-2.9,0.122,0.209,GOOG,,126,10.6,14.0,,False
420,STLD,"Steel Dynamics, Inc.",Basic Materials,Steel,Growth,37.7,263.18,250.78,12.5,14.1,10.0,0.0,ok,-0.5,ok,1.43,,False,36.1,13.8,0.6,33.4,14.7,17.6,68.9,29.8,16.7,0.176,0.216,AVGO,,126,14.1,11.0,,False
421,FAST,Fastenal Company,Industrials,Industrial Distribution,Core,59.9,52.22,49.61,17.0,9.1,10.0,0.0,ok,0.0,ok,0.12,,False,36.1,37.4,1.5,14.7,44.7,34.3,82.7,17.7,0.0,0.002,0.149,GOOG,,126,9.1,15.0,,False
422,MTD,"Mettler-Toledo International, ",Healthcare,Diagnostics & Research,Core,28.8,1438.53,1366.6,16.5,10.0,10.0,0.0,ok,-0.5,ok,1.64,,False,36.0,27.8,2.4,4.5,60.3,,79.1,8.9,-8.3,0.153,0.167,GOOG,,126,10.0,17.0,,False
423,TECH,Bio-Techne Corp,Healthcare,Biotechnology,Core,11.3,72.23,68.62,14.5,11.4,10.0,0.0,ok,0.0,ok,0.21,,False,35.9,31.3,2.7,-1.5,66.4,5.3,63.5,20.6,2.6,0.097,0.144,GOOG,,126,11.4,17.0,,False
424,CAG,"ConAgra Brands, Inc.",Consumer Defensive,Packaged Foods,Speculative,7.2,14.96,14.21,14.5,14.8,10.0,0.0,ok,-3.5,ok,4.17,,False,35.8,9.6,12.0,3.6,24.0,-25.1,58.3,-4.2,-35.0,-0.162,0.299,AVGO,,126,14.8,16.0,,False
425,AME,"AMETEK, Inc.",Industrials,Specialty Industrial Machinery,Core,59.3,258.52,245.59,17.0,8.8,10.0,0.0,ok,0.0,ok,0.73,,False,35.8,28.8,2.5,15.0,36.9,14.6,71.0,16.6,-1.6,0.26,0.345,AVGO,,126,8.8,14.0,,False
426,CAH,"Cardinal Health, Inc.",Healthcare,Medical Distribution,Core,54.5,234.16,227.72,14.0,11.8,10.0,0.0,ok,0.0,ok,0.98,,False,35.8,16.8,8.3,5.8,3.8,,60.0,10.7,-7.0,-0.131,0.209,AVGO,,126,11.8,15.0,,False
427,WAT,Waters Corporation,Healthcare,Diagnostics & Research,Growth,40.9,416.15,395.34,17.0,11.2,10.0,0.0,ok,-2.5,ok,3.15,,False,35.7,25.1,,113.3,56.3,1.9,72.0,16.6,14.8,0.195,0.228,AVGO,,126,11.2,16.0,,False
428,PCAR,PACCAR Inc.,Industrials,Farm & Heavy Construction Mach,Core,69.0,131.06,124.56,13.0,13.2,10.0,0.0,ok,-0.5,ok,1.88,,False,35.7,18.4,2.8,0.5,13.7,12.8,50.6,12.3,-10.1,0.211,0.27,NVDA,,126,13.2,14.0,,False
429,HUBB,Hubbell Inc,Industrials,Electrical Equipment & Parts,Core,27.1,512.9,493.45,16.0,12.2,10.0,0.0,ok,-2.5,ok,3.41,,False,35.7,22.4,1.8,15.3,35.3,24.4,58.2,6.1,-12.0,0.185,0.326,NVDA,,126,12.2,14.0,,False
430,CNC,Centene Corporation,Healthcare,Healthcare Plans,Core,33.1,67.07,64.65,13.0,12.7,10.0,0.0,ok,0.0,ok,-2.38,,False,35.7,12.7,29.1,4.6,11.4,-20.4,58.6,40.3,54.3,-0.007,0.087,AVGO,,126,12.7,15.0,,False
431,OKE,"ONEOK, Inc.",Energy,Oil & Gas Midstream,Growth,58.3,92.47,89.3,15.0,14.2,10.0,0.0,ok,-3.5,ok,4.28,,False,35.7,14.7,1.5,52.8,27.2,16.3,48.1,13.2,-1.4,-0.37,0.294,AVGO,,126,14.2,12.0,,False
432,HLT,Hilton Worldwide Holdings Inc.,Consumer Cyclical,Lodging,Core,72.6,322.53,331.36,14.0,15.1,10.0,0.0,ok,-3.5,ok,4.21,,False,35.6,30.8,1.9,2.5,79.0,,51.7,4.8,-12.4,0.242,0.321,GOOG,,126,15.1,13.0,,False
433,MDLZ,"Mondelez International, Inc.",Consumer Defensive,Confectioners,Core,79.4,62.18,61.12,16.0,12.1,10.0,0.0,ok,-2.5,ok,3.35,,False,35.6,18.5,2.8,4.1,31.1,13.3,59.6,6.7,-9.6,-0.291,0.312,AVGO,,126,12.1,16.0,,False
434,SO,Southern Company (The),Utilities,Utilities - Regulated Electric,Core,106.4,92.52,94.46,12.5,16.6,10.0,0.0,ok,-3.5,ok,5.2,,False,35.6,18.8,-3.7,0.1,48.3,11.5,28.2,0.8,-8.1,-0.293,0.285,AVGO,,126,16.6,19.0,,False
435,PH,Parker-Hannifin Corporation,Industrials,Specialty Industrial Machinery,Core,134.9,1069.52,1016.04,17.5,8.5,10.0,0.0,ok,-0.5,ok,1.44,,False,35.5,27.9,2.2,9.8,37.7,25.1,70.9,16.7,-4.0,0.137,0.315,NVDA,,126,8.5,14.0,,False
436,BMNR,BitMine Immersion Technologies,Financial Services,Capital Markets,Growth,10.8,17.89,17.0,14.0,13.5,10.0,-2.0,ok,0.0,financial_na,,,False,35.5,19.0,-4.8,2167.8,84.4,-150.9,57.0,-25.5,-19.7,0.534,0.442,NVDA,,126,13.5,16.0,,True
437,STT,State Street Corporation,Financial Services,Asset Management,Core,52.2,190.11,180.6,13.0,12.5,10.0,0.0,ok,0.0,financial_na,,,False,35.5,12.4,,-2.8,0.0,12.4,59.7,33.8,33.8,0.363,0.383,NVDA,,126,12.5,14.0,,False
438,HPE,Hewlett Packard Enterprise Com,Technology,Communication Equipment,Growth,77.8,58.79,55.85,16.5,10.5,10.0,0.0,ok,-1.5,ok,2.84,,False,35.5,14.6,4.9,40.0,33.8,6.3,76.8,92.4,136.9,0.332,0.502,AVGO,,126,10.5,13.0,,False
439,FCX,"Freeport-McMoRan, Inc.",Basic Materials,Copper,Cyclical,96.9,69.22,65.76,15.0,10.5,10.0,0.0,ok,0.0,ok,0.66,,False,35.5,16.8,2.2,-7.3,38.3,14.8,64.1,19.2,-5.6,0.496,0.513,NVDA,,126,10.5,11.0,,False
440,ETR,Entergy Corporation,Utilities,Utilities - Regulated Electric,Core,50.3,107.85,111.7,12.0,17.0,10.0,0.0,ok,-3.5,ok,5.56,,False,35.5,21.2,-8.7,5.9,47.0,10.2,26.6,3.7,-3.4,-0.169,0.245,MSFT,,126,17.0,19.0,,False
441,TDY,Teledyne Technologies Incorpor,Technology,Scientific & Technical Instrum,Core,31.8,686.49,652.17,14.5,11.4,10.0,0.0,ok,-0.5,ok,1.06,,False,35.4,25.7,2.9,9.8,43.3,9.2,66.9,13.7,-7.8,0.408,0.396,NVDA,,126,11.4,14.0,,False
442,HPQ,HP Inc.,Technology,Computer Hardware,Core,26.8,29.28,27.82,15.0,10.8,10.0,0.0,ok,-0.5,ok,1.52,,False,35.3,9.7,12.9,9.0,20.3,,70.9,31.3,39.0,0.063,0.067,AVGO,,126,10.8,13.0,,False
443,JCI,Johnson Controls International,Industrials,Building Products & Equipment,Core,92.6,152.79,145.15,16.0,10.8,10.0,0.0,ok,-1.5,ok,2.04,,False,35.3,25.4,3.2,9.3,36.7,14.3,66.0,15.6,-2.9,0.261,0.4,AVGO,,126,10.8,14.0,,False
444,SHW,Sherwin-Williams Company (The),Basic Materials,Specialty Chemicals,Cyclical,87.4,360.2,342.19,18.5,9.3,10.0,0.0,ok,-2.5,ok,3.13,,False,35.3,26.5,2.9,7.5,49.0,65.1,71.9,8.0,-13.3,0.189,0.301,GOOG,,126,9.3,12.0,,False
445,WEC,"WEC Energy Group, Inc.",Utilities,Utilities - Regulated Electric,Core,35.6,109.11,113.09,12.0,16.8,10.0,0.0,ok,-3.5,ok,5.79,,False,35.3,18.2,-6.6,2.6,41.9,12.0,29.5,-1.8,-13.5,-0.324,0.315,AVGO,,126,16.8,19.0,,False
446,WULF,TeraWulf Inc.,Financial Services,Capital Markets,Speculative,8.6,17.19,22.04,7.0,18.3,10.0,0.0,ok,0.0,financial_na,,,False,35.3,,-2.7,-6.0,,-1211.8,38.8,-2.8,-4.4,0.498,0.47,BMNR,,126,18.3,16.0,,False
447,AXON,"Axon Enterprise, Inc.",Industrials,Aerospace & Defense,Growth,48.7,599.78,569.79,14.0,16.2,10.0,0.0,ok,-5.0,ok,7.01,,False,35.2,56.8,0.5,35.3,59.5,6.2,63.5,17.4,26.4,0.294,0.348,MSFT,,126,16.2,15.0,,False
448,AEP,American Electric Power Compan,Utilities,Utilities - Regulated Electric,Core,67.9,124.65,131.16,12.0,16.7,10.0,0.0,ok,-3.5,ok,5.86,,False,35.2,18.2,-8.8,7.0,46.4,10.1,20.2,-0.8,-8.9,-0.262,0.272,MSFT,,126,16.7,19.0,,False
449,LEN,Lennar Corporation,Consumer Cyclical,Residential Construction,Core,20.5,85.2,87.32,12.0,13.7,10.0,0.0,ok,-0.5,ok,1.92,,False,35.2,13.1,5.3,-5.2,16.4,7.4,55.2,-15.6,-40.8,0.164,0.202,NVDA,,126,13.7,11.0,,False
450,CBRE,CBRE Group Inc,Real Estate,Real Estate Services,Core,42.7,147.4,140.03,14.0,14.6,10.0,0.0,ok,-3.5,ok,4.21,,False,35.1,16.2,3.8,15.5,18.6,15.8,67.9,-0.1,-13.0,0.189,0.243,MSFT,,126,14.6,17.0,,False
451,BLDR,"Builders FirstSource, Inc.",Industrials,Building Products & Equipment,Speculative,7.8,72.41,76.32,13.5,15.1,10.0,0.0,ok,-3.5,ok,5.06,,False,35.1,16.2,6.0,-8.8,29.2,2.5,52.7,-22.8,-54.6,0.209,0.308,NVDA,,126,15.1,14.0,,False
452,DELL,Dell Technologies Inc.,Technology,Computer Hardware,Growth,313.1,484.5,460.28,13.0,12.5,10.0,0.0,ok,-0.5,ok,1.45,,False,35.0,22.0,1.7,87.5,19.2,,58.1,114.3,279.8,0.292,0.359,AVGO,,126,12.5,13.0,,False
453,BEN,"Franklin Resources, Inc.",Financial Services,Asset Management,Core,17.1,33.59,33.06,11.5,13.5,10.0,0.0,ok,0.0,financial_na,,,False,35.0,10.6,-17.5,14.3,37.7,7.9,58.1,23.0,12.1,0.457,0.423,GOOG,,126,13.5,14.0,,False
454,AEE,Ameren Corporation,Utilities,Utilities - Regulated Electric,Core,30.1,108.82,110.78,11.0,17.4,10.0,0.0,ok,-3.5,ok,5.57,,False,34.9,18.7,-5.9,-6.2,52.4,11.9,32.6,1.7,-8.3,-0.267,0.276,AVGO,,126,17.4,19.0,,False
455,IREN,IREN LIMITED,Financial Services,Capital Markets,Core,15.6,43.67,45.76,9.5,17.4,10.0,-2.0,ok,0.0,financial_na,,,False,34.9,,-14.8,-0.0,68.4,7.7,53.9,-7.6,-9.3,0.547,0.499,BMNR,,126,17.4,16.0,,False
456,PPL,PPL Corporation,Utilities,Utilities - Regulated Electric,Core,26.7,35.46,35.8,10.5,17.8,10.0,0.0,ok,-3.5,ok,5.33,,False,34.8,16.8,-7.3,4.2,44.1,8.6,40.3,-2.2,-12.4,-0.21,0.268,AVGO,,126,17.8,19.0,,False
457,RCL,Royal Caribbean Cruises Ltd.,Consumer Cyclical,Travel Services,Core,82.4,308.0,301.14,15.0,12.3,10.0,0.0,ok,-2.5,ok,3.27,,False,34.8,15.2,-1.8,6.5,50.3,44.7,66.2,7.8,-18.8,0.361,0.41,GOOG,,126,12.3,14.0,,False
458,IEX,IDEX Corporation,Industrials,Specialty Industrial Machinery,Core,17.7,240.52,228.49,16.0,9.3,10.0,0.0,ok,-0.5,ok,1.31,,False,34.8,25.1,3.1,6.4,44.7,13.0,75.6,20.1,2.1,0.165,0.226,AVGO,,126,9.3,15.0,,False
459,J,Jacobs Solutions Inc.,Industrials,Engineering & Construction,Growth,17.0,145.37,138.1,13.5,12.7,10.0,0.0,ok,-1.5,ok,2.72,,False,34.7,17.6,3.8,34.5,22.1,8.0,69.2,9.2,-9.2,0.141,0.121,MSFT,,126,12.7,14.0,,False
460,NEE,"NextEra Energy, Inc.",Utilities,Utilities - Regulated Electric,Core,178.9,85.78,87.08,14.0,15.6,10.0,0.0,ok,-5.0,ok,7.35,,False,34.6,19.4,-9.9,12.4,61.0,11.7,26.6,-1.9,-17.1,-0.107,0.267,MSFT,,126,15.6,20.0,,False
461,CRWD,"CrowdStrike Holdings, Inc.",Technology,Software - Infrastructure,Core,225.8,221.78,408.28,13.0,11.6,10.0,0.0,ok,0.0,ok,-62.9,,False,34.6,141.6,0.9,25.6,75.1,-0.2,79.9,-51.7,-58.3,0.2,0.205,AVGO,,126,11.6,17.0,,False
462,NUE,Nucor Corporation,Basic Materials,Steel,Cyclical,61.9,271.81,258.22,14.0,10.6,10.0,0.0,ok,0.0,ok,0.78,,False,34.6,14.4,1.1,23.0,15.6,14.5,75.2,38.5,28.7,0.186,0.222,AVGO,,126,10.6,11.0,,False
463,SLB,SLB Limited,Energy,Oil & Gas Equipment & Services,Cyclical,78.1,52.61,50.07,13.0,12.1,10.0,0.0,ok,-0.5,ok,1.18,,False,34.6,16.2,3.8,5.0,17.0,12.9,64.2,11.1,-9.6,0.086,0.152,AVGO,,126,12.1,14.0,,False
464,CARR,Carrier Global Corporation,Industrials,Building Products & Equipment,Core,52.0,63.08,68.21,10.5,16.5,10.0,0.0,ok,-2.5,ok,3.57,,False,34.5,19.1,1.7,3.9,24.7,9.0,34.0,3.5,-17.3,0.198,0.284,GOOG,,126,16.5,14.0,,False
465,DUK,Duke Energy Corporation (Holdi,Utilities,Utilities - Regulated Electric,Core,96.3,123.49,125.51,11.0,17.0,10.0,0.0,ok,-3.5,ok,5.51,,False,34.5,17.2,-4.7,1.1,52.0,9.9,32.8,0.2,-11.3,-0.385,0.343,AVGO,,126,17.0,19.0,,False
466,PANW,"Palo Alto Networks, Inc.",Technology,Software - Infrastructure,Growth,315.4,387.01,367.66,14.0,10.5,10.0,0.0,ok,0.0,ok,-0.66,,False,34.5,94.0,1.1,31.1,72.0,4.8,79.5,75.4,122.5,0.386,0.392,MSFT,,126,10.5,17.0,,False
467,NI,NiSource Inc,Utilities,Utilities - Regulated Gas,Core,20.1,41.99,46.05,10.5,17.4,10.0,0.0,ok,-3.5,ok,5.74,,False,34.4,18.6,-8.8,4.6,51.0,8.5,15.4,-6.5,-17.0,-0.115,0.131,AVGO,,126,17.4,19.0,,False
468,FE,FirstEnergy Corp.,Utilities,Utilities - Regulated Electric,Core,27.2,47.01,47.73,11.5,16.4,10.0,0.0,ok,-3.5,ok,5.33,,False,34.4,15.9,-7.4,8.8,68.6,9.5,24.9,0.0,-12.5,-0.213,0.299,AVGO,,126,16.4,20.0,,False
469,HII,"Huntington Ingalls Industries,",Industrials,Aerospace & Defense,Core,12.9,326.8,310.46,10.5,15.3,10.0,0.0,ok,-1.5,ok,2.5,,False,34.3,15.7,-2.3,10.9,12.4,13.0,69.0,-6.1,-28.1,0.206,0.283,MSFT,,126,15.3,14.0,,False
470,ED,"Consolidated Edison, Inc.",Utilities,Utilities - Regulated Electric,Core,39.9,107.78,109.41,12.0,15.8,10.0,0.0,ok,-3.5,ok,4.36,,False,34.3,16.6,-2.1,13.2,53.4,9.0,29.3,2.1,-11.9,-0.456,0.398,AVGO,,126,15.8,19.0,,False
471,LNT,Alliant Energy Corporation,Utilities,Utilities - Regulated Electric,Core,18.2,70.24,73.54,12.0,17.3,10.0,0.0,ok,-5.0,ok,6.61,,False,34.3,19.1,-6.3,1.0,44.5,11.1,29.6,0.6,-7.9,-0.286,0.273,AVGO,,126,17.3,19.0,,False
472,BALL,Ball Corporation,Consumer Cyclical,Packaging & Containers,Core,16.4,62.14,60.7,14.0,12.8,10.0,0.0,ok,-2.5,ok,3.41,,False,34.3,13.7,2.3,19.7,18.6,17.2,49.6,7.6,-19.1,0.015,0.137,GOOG,,126,12.8,11.0,,False
473,NDSN,Nordson Corporation,Industrials,Specialty Industrial Machinery,Core,17.3,311.26,295.7,16.0,9.7,10.0,0.0,ok,-1.5,ok,2.05,,False,34.2,24.8,3.3,8.5,55.2,17.1,73.4,14.8,-5.6,0.245,0.313,AVGO,,126,9.7,15.0,,False
474,CPT,Camden Property Trust,Real Estate,REIT - Residential,Core,10.9,108.38,112.74,11.0,16.7,10.0,0.0,ok,-3.5,ok,5.4,,False,34.2,99.4,1.3,-0.8,61.6,7.9,37.8,2.2,-12.7,-0.173,0.282,AVGO,,126,16.7,17.0,,False
475,WBD,"Warner Bros. Discovery, Inc. -",Communication Services,Entertainment,Core,69.3,27.65,26.52,14.0,12.7,10.0,0.0,ok,-2.5,ok,3.67,,False,34.2,,23.3,-11.2,47.8,-8.8,69.3,3.3,-12.8,0.101,0.303,NVDA,,126,12.7,14.0,,False
476,NBIS,Nebius Group N.V.,Communication Services,Internet Content & Information,Growth,65.8,259.2,246.24,15.0,13.1,10.0,0.0,ok,-4.0,neg_ebitda_debt,,,False,34.1,,-9.3,683.9,72.1,14.1,57.2,78.8,180.9,0.413,0.447,NVDA,,126,13.1,15.0,,False
477,IP,International Paper Company,Consumer Cyclical,Packaging & Containers,Core,21.8,41.14,39.08,13.5,12.0,10.0,0.0,ok,-1.5,ok,2.33,,False,34.0,13.8,7.6,-2.2,29.6,-16.5,60.0,7.7,-27.2,0.099,0.205,NVDA,,126,12.0,11.0,,False
478,COO,"The Cooper Companies, Inc.",Healthcare,Medical Instruments & Supplies,Core,15.0,76.73,72.89,14.5,11.0,10.0,0.0,ok,-1.5,ok,2.92,,False,34.0,15.4,2.8,7.9,65.6,2.9,78.9,4.9,-19.2,-0.012,0.194,GOOG,,126,11.0,17.0,,False
479,DRI,"Darden Restaurants, Inc.",Consumer Cyclical,Restaurants,Core,25.9,227.68,216.3,18.0,8.4,10.0,0.0,ok,-2.5,ok,3.7,,False,33.9,18.4,3.1,13.7,21.7,53.7,81.0,15.8,-3.8,-0.083,0.127,MSFT,,126,8.4,11.0,,False
480,EVRG,"Evergy, Inc.",Utilities,Utilities - Regulated Electric,Core,19.2,83.32,84.53,10.5,16.9,10.0,0.0,ok,-3.5,ok,5.8,,False,33.9,18.3,-7.5,4.4,52.7,9.3,32.2,4.4,-5.7,-0.27,0.301,AVGO,,126,16.9,19.0,,False
481,EXC,Exelon Corporation,Utilities,Utilities - Regulated Electric,Core,46.6,45.22,46.21,10.5,18.2,10.0,0.0,ok,-5.0,ok,6.09,,False,33.7,14.9,-5.8,9.9,42.4,9.7,32.2,-1.5,-9.0,-0.323,0.311,AVGO,,126,18.2,19.0,,False
482,UCTT,"Ultra Clean Holdings, Inc.",Technology,Semiconductor Equipment & Mate,Speculative,4.1,90.65,99.22,9.0,17.1,10.0,0.0,ok,-2.5,ok,3.74,,False,33.6,15.4,-2.0,24.3,15.8,-1.6,43.8,43.8,50.5,0.356,0.43,AVGO,,126,17.1,13.0,,False
483,CLX,Clorox Company (The),Consumer Defensive,Household & Personal Products,Core,12.8,105.76,100.47,15.0,12.0,10.0,0.0,ok,-3.5,ok,4.79,,False,33.5,16.6,0.9,-2.0,42.3,163.8,71.4,3.2,-26.6,-0.013,0.275,GOOG,,126,12.0,17.0,,False
484,LUV,Southwest Airlines Company,Industrials,Airlines,Core,22.0,44.98,47.0,10.5,13.4,10.0,0.0,ok,-0.5,ok,1.33,,False,33.4,9.1,-3.8,16.4,22.4,11.1,50.9,6.6,-23.8,0.38,0.387,GOOG,,126,13.4,14.0,,False
485,DGX,Quest Diagnostics Incorporated,Healthcare,Diagnostics & Research,Core,26.2,237.77,225.88,15.5,9.4,10.0,0.0,ok,-1.5,ok,2.55,,False,33.4,19.7,3.5,10.2,33.2,14.6,74.8,21.7,2.5,-0.239,0.264,AVGO,,126,9.4,15.0,,False
486,CNP,"CenterPoint Energy, Inc (Holdi",Utilities,Utilities - Regulated Electric,Core,26.7,40.53,42.9,11.5,16.9,10.0,0.0,ok,-5.0,ok,6.28,,False,33.4,19.4,-19.4,10.7,47.0,9.8,17.0,-1.9,-12.3,-0.291,0.295,AVGO,,126,16.9,19.0,,False
487,IRM,Iron Mountain Incorporated (De,Real Estate,REIT - Specialty,Core,37.0,124.36,124.74,13.0,15.3,10.0,0.0,ok,-5.0,ok,7.74,,False,33.3,45.5,-1.2,18.5,54.2,,49.7,15.9,13.5,0.282,0.34,BMNR,,126,15.3,16.0,,False
488,MET,"MetLife, Inc.",Financial Services,Insurance - Life,Core,61.4,96.66,91.83,10.0,13.3,10.0,0.0,ok,0.0,financial_na,,,False,33.3,8.9,-34.1,10.5,24.0,13.1,64.8,21.1,11.8,0.192,0.241,BMNR,,126,13.3,14.0,,False
489,WMT,Walmart Inc.,Consumer Defensive,Discount Stores,Core,923.2,116.01,114.47,12.0,11.8,10.0,0.0,ok,-0.5,ok,1.45,,False,33.3,35.4,0.7,7.3,25.0,24.1,74.1,-1.6,-21.2,-0.176,0.213,AVGO,,126,11.8,16.0,,False
490,BDX,"Becton, Dickinson and Company",Healthcare,Medical Instruments & Supplies,Core,50.0,183.58,174.4,17.0,7.7,10.0,0.0,ok,-1.5,ok,2.63,,False,33.2,13.8,9.0,5.4,46.9,6.6,91.2,18.0,-9.3,0.003,0.184,AVGO,,126,7.7,16.0,,False
491,SMCI,"Super Micro Computer, Inc.",Technology,Computer Hardware,Growth,24.3,37.61,35.73,12.0,14.6,10.0,0.0,ok,-3.5,ok,4.97,,False,33.1,9.2,-30.6,122.7,8.4,17.9,64.5,17.8,5.8,0.441,0.505,NVDA,,126,14.6,13.0,,False
492,AEHR,Aehr Test Systems,Technology,Semiconductor Equipment & Mate,Growth,4.2,129.23,122.77,10.5,12.5,10.0,0.0,ok,0.0,neg_ebitda_low_debt,,,False,33.0,93.4,-0.0,33.7,35.3,-4.2,68.3,129.5,270.1,0.456,0.483,AVGO,,126,12.5,13.0,,False
493,MRNA,"Moderna, Inc.",Healthcare,Biotechnology,Core,25.4,63.67,60.49,9.0,14.0,10.0,0.0,ok,0.0,neg_ebitda_low_debt,,,False,33.0,,1.2,2.1,,-39.0,62.0,38.1,45.5,0.319,0.357,BMNR,,126,14.0,15.0,,False
494,SOUN,"SoundHound AI, Inc.",Technology,Software - Application,Growth,3.3,7.4,7.03,11.5,13.5,10.0,-2.0,ok,0.0,neg_ebitda_low_debt,,,False,33.0,,-1.4,45.0,42.3,-32.2,64.0,-18.1,-18.7,0.614,0.494,BMNR,,126,13.5,16.0,,False
495,SBUX,Starbucks Corporation,Consumer Cyclical,Restaurants,Core,123.7,108.49,103.07,13.0,12.4,10.0,0.0,ok,-2.5,ok,3.34,,False,32.9,34.9,2.5,-1.4,22.3,,67.7,14.1,-0.8,0.162,0.167,AVGO,,126,12.4,11.0,,False
496,TSCO,Tractor Supply Company,Consumer Cyclical,Specialty Retail,Core,19.0,36.43,34.61,14.5,10.9,10.0,0.0,ok,-2.5,ok,3.27,,False,32.9,17.8,0.5,2.3,36.5,39.5,82.9,-16.1,-44.5,0.052,0.108,BMNR,,126,10.9,11.0,,False
497,BA,Boeing Company (The),Industrials,Aerospace & Defense,Core,182.7,231.2,220.63,14.5,11.9,10.0,0.0,ok,-4.0,neg_ebitda_debt,,,False,32.4,56.1,3.1,8.0,4.7,173.5,65.7,5.5,-13.8,0.404,0.384,BMNR,,126,11.9,14.0,,False
498,QBTS,D-Wave Quantum Inc.,Technology,Computer Hardware,Speculative,7.7,20.74,21.43,7.0,17.4,10.0,-2.0,ok,0.0,neg_ebitda_low_debt,,,False,32.4,,-0.9,-0.6,,-28.0,60.1,-7.9,-6.0,0.54,0.537,BMNR,,126,17.4,15.0,,False
499,PSKY,Paramount Skydance Corporation,Communication Services,Entertainment,Core,10.7,9.5,9.44,14.5,11.3,10.0,0.0,ok,-3.5,ok,4.4,,False,32.3,11.0,,0.9,33.3,-0.9,70.6,-16.6,-24.9,0.082,0.103,MSFT,,126,11.3,13.0,fcf_yield_out_of_range(165.1),False
500,GPC,Genuine Parts Company,Consumer Cyclical,Auto Parts,Core,18.5,134.01,127.31,14.5,9.3,10.0,0.0,ok,-1.5,ok,2.97,,False,32.3,16.1,5.0,6.0,37.6,0.7,71.8,13.1,-21.0,0.029,0.131,GOOG,,126,9.3,11.0,,False
501,PNW,Pinnacle West Capital Corporat,Utilities,Utilities - Regulated Electric,Core,12.2,100.4,104.29,10.5,16.8,10.0,0.0,ok,-5.0,ok,7.68,,False,32.3,18.0,-7.6,7.1,43.4,9.4,25.9,3.7,-6.1,-0.293,0.303,AVGO,,126,16.8,19.0,,False
502,CMS,CMS Energy Corporation,Utilities,Utilities - Regulated Electric,Core,22.0,70.02,73.72,9.5,17.7,10.0,0.0,ok,-5.0,ok,6.32,,False,32.2,16.9,-10.0,-0.5,40.3,9.2,21.9,-4.5,-16.2,-0.333,0.31,MSFT,,126,17.7,19.0,,False
503,TSLA,"Tesla, Inc.",Consumer Cyclical,Auto Manufacturers,Core,1293.5,327.51,374.39,11.0,13.2,10.0,-2.0,ok,0.0,ok,-2.55,,False,32.2,,0.4,25.5,18.9,4.7,55.1,-19.6,-35.2,0.545,0.466,BMNR,,126,13.2,11.0,,False
504,SWK,"Stanley Black & Decker, Inc.",Industrials,Tools & Accessories,Core,15.5,102.9,97.76,15.5,8.1,10.0,0.0,ok,-1.5,ok,2.58,,False,32.1,16.2,9.1,0.4,32.2,6.9,76.8,30.4,3.3,0.234,0.272,GOOG,,126,8.1,14.0,,False
505,DOW,Dow Inc.,Basic Materials,Chemicals,Cyclical,22.1,30.57,30.65,9.0,15.6,10.0,0.0,ok,-2.5,ok,3.84,,False,32.1,16.6,1.1,19.7,9.8,-5.5,48.4,-0.3,-20.6,-0.147,0.182,GOOG,,126,15.6,11.0,,False
506,LH,Labcorp Holdings Inc.,Healthcare,Diagnostics & Research,Core,26.2,323.48,307.31,14.5,9.0,10.0,0.0,ok,-1.5,ok,2.88,,False,32.0,16.4,3.4,5.8,28.9,11.7,75.8,20.2,0.2,0.021,0.156,MSFT,,126,9.0,15.0,,False
507,MDB,"MongoDB, Inc.",Technology,Software - Infrastructure,Core,35.2,437.83,415.94,13.0,8.8,10.0,0.0,ok,0.0,neg_ebitda_low_debt,,,False,31.8,59.7,1.5,25.2,72.0,-1.0,92.5,30.2,8.5,0.362,0.393,MSFT,,126,8.8,17.0,,False
508,BG,Bunge Limited,Consumer Defensive,Farm Products,Growth,21.5,111.75,115.69,9.5,15.8,10.0,0.0,ok,-3.5,ok,5.21,,False,31.8,9.9,-30.2,88.3,4.9,7.2,31.9,-0.4,-19.5,-0.084,0.121,GOOG,,126,15.8,16.0,,False
509,GM,General Motors Company,Consumer Cyclical,Auto Manufacturers,Core,78.5,86.76,82.42,14.0,12.6,10.0,0.0,ok,-5.0,ok,6.32,,False,31.6,5.9,28.0,1.9,10.2,3.2,63.9,10.7,-2.7,0.326,0.4,BMNR,,126,12.6,11.0,,False
510,SRE,DBA Sempra,Utilities,Utilities - Diversified,Core,56.2,85.92,90.91,9.5,17.1,10.0,0.0,ok,-5.0,ok,6.23,,False,31.6,15.5,-49.2,-0.1,44.0,6.7,21.3,-5.8,-16.7,-0.187,0.22,MSFT,,126,17.1,19.0,,False
511,DTE,DTE Energy Company,Utilities,Utilities - Regulated Electric,Core,28.9,138.68,146.64,9.5,17.1,10.0,0.0,ok,-5.0,ok,7.69,,False,31.6,16.6,-9.0,-1.5,29.3,11.0,22.0,-1.5,-11.6,-0.244,0.243,MSFT,,126,17.1,18.0,,False
512,BAX,Baxter International Inc.,Healthcare,Medical Instruments & Supplies,Core,13.9,26.95,25.6,14.5,9.5,10.0,0.0,ok,-2.5,ok,3.99,,False,31.5,13.3,7.2,5.3,34.1,-14.4,74.4,36.4,9.4,0.253,0.248,MSFT,,126,9.5,15.0,,False
513,AES,The AES Corporation,Utilities,Utilities - Diversified,Core,10.5,14.71,14.71,10.0,16.4,10.0,0.0,ok,-5.0,ok,7.64,,False,31.4,6.2,-29.4,19.9,20.3,9.6,34.2,2.4,-21.0,-0.028,0.116,BMNR,,126,16.4,18.0,,False
514,D,"Dominion Energy, Inc.",Utilities,Utilities - Regulated Electric,Core,59.8,68.04,68.87,11.5,14.9,10.0,0.0,ok,-5.0,ok,6.43,,False,31.4,17.8,-15.3,17.6,46.2,8.3,29.0,7.7,-5.3,-0.158,0.191,MSFT,,126,14.9,19.0,,False
515,SW,Smurfit WestRock plc,Consumer Cyclical,Packaging & Containers,Core,25.8,49.25,46.79,13.0,9.8,10.0,0.0,ok,-1.5,ok,2.95,,False,31.3,14.6,4.7,1.1,18.2,2.7,63.5,20.0,-11.7,0.143,0.229,NVDA,,126,9.8,11.0,,False
516,XEL,Xcel Energy Inc.,Utilities,Utilities - Regulated Electric,Core,49.1,78.6,79.21,9.5,16.8,10.0,0.0,ok,-5.0,ok,6.47,,False,31.3,17.3,-16.1,-5.1,46.8,9.9,38.9,0.1,-10.0,-0.207,0.24,MSFT,,126,16.8,19.0,,False
517,PCG,Pacific Gas & Electric Co.,Utilities,Utilities - Regulated Electric,Core,38.3,17.38,17.15,10.5,15.8,10.0,0.0,ok,-5.0,ok,6.1,,False,31.3,9.6,-16.1,0.1,39.8,9.3,47.4,4.0,-9.7,-0.099,0.153,MSFT,,126,15.8,18.0,,False
518,OKLO,Oklo Inc.,Utilities,Utilities - Independent Power ,Speculative,8.4,45.13,49.97,8.0,15.2,10.0,-2.0,ok,0.0,neg_ebitda_low_debt,,,False,31.2,,-2.9,,,-7.7,51.5,-36.8,-43.5,0.551,0.56,BMNR,,126,15.2,19.0,,False
519,CRWV,"CoreWeave, Inc.",Technology,Software - Infrastructure,Growth,58.8,107.73,102.34,12.5,13.6,10.0,0.0,ok,-5.0,ok,10.87,,False,31.1,,-14.6,111.6,69.4,-40.7,64.9,15.6,1.6,0.491,0.494,NVDA,,126,13.6,17.0,,False
520,HSIC,"Henry Schein, Inc.",Healthcare,Medical Distribution,Core,10.1,90.74,86.2,14.5,8.9,10.0,0.0,ok,-2.5,ok,3.39,,False,30.9,15.1,4.4,6.7,31.3,8.9,75.3,17.4,-0.5,0.115,0.2,GOOG,,126,8.9,15.0,,False
521,PKG,Packaging Corporation of Ameri,Consumer Cyclical,Packaging & Containers,Core,22.8,256.31,243.49,13.0,8.2,10.0,0.0,ok,-0.5,ok,1.91,,False,30.7,20.0,1.9,14.7,21.4,14.9,71.3,17.3,-6.2,0.066,0.129,NVDA,,126,8.2,11.0,,False
522,MOS,Mosaic Company (The),Basic Materials,Agricultural Inputs,Cyclical,7.2,22.6,22.17,5.5,17.6,10.0,0.0,ok,-2.5,ok,3.37,,False,30.6,13.4,-10.4,-6.0,11.2,-5.1,52.8,-8.4,-38.4,0.162,0.216,AVGO,,126,17.6,11.0,,False
523,DE,Deere & Company,Industrials,Farm & Heavy Construction Mach,Core,167.3,619.77,601.16,10.0,13.4,10.0,0.0,ok,-3.5,ok,4.6,,False,29.9,27.4,0.7,-11.1,26.0,18.3,53.4,12.1,-10.2,-0.013,0.256,MSFT,,126,13.4,14.0,,False
524,AMCR,Amcor plc,Consumer Cyclical,Packaging & Containers,Growth,21.5,46.56,44.23,12.0,11.3,10.0,0.0,ok,-3.5,ok,4.74,,False,29.8,10.9,0.7,77.4,19.1,8.7,66.2,10.8,-17.5,0.172,0.289,GOOG,,126,11.3,11.0,,False
525,APLD,Applied Digital Corporation,Technology,Information Technology Service,Growth,9.0,31.15,34.73,9.5,15.6,10.0,-2.0,ok,-4.0,neg_ebitda_debt,,,False,29.1,,-55.3,406.6,25.9,-8.4,52.9,-4.0,-26.5,0.523,0.459,BMNR,,126,15.6,15.0,,False
526,CIFR,Cipher Digital Inc.,Technology,Information Technology Service,Speculative,7.4,17.87,22.52,5.5,18.5,10.0,0.0,ok,-5.0,ok,49.49,,False,29.0,77.7,-39.1,-43.0,,-167.5,33.9,-4.1,-1.9,0.459,0.447,AVGO,,126,18.5,15.0,,False
527,CRL,Charles River Laboratories Int,Healthcare,Diagnostics & Research,Core,13.7,284.37,270.15,11.0,10.5,10.0,0.0,ok,-2.5,ok,3.35,,False,29.0,22.4,3.4,-2.7,34.6,-7.5,82.7,49.3,59.7,0.182,0.16,BMNR,,126,10.5,15.0,,False
528,BBAI,"BigBear.ai, Inc.",Technology,Information Technology Service,Speculative,1.6,3.26,3.46,7.5,13.5,10.0,-2.0,ok,0.0,neg_ebitda_low_debt,,,False,29.0,,-13.3,13.2,27.9,-16.6,62.4,-28.7,-38.0,0.612,0.488,BMNR,,126,13.5,15.0,,False
529,SATS,EchoStar Corporation,Communication Services,Telecom Services,Core,30.1,97.39,122.33,7.5,16.4,10.0,0.0,ok,-5.0,ok,17.47,,False,28.9,,-1.5,-5.2,27.1,-112.3,34.2,-5.9,-20.6,0.332,0.368,BMNR,,94,16.4,15.0,,False
530,AI,"C3.ai, Inc.",Technology,Software - Infrastructure,Speculative,1.6,10.08,9.6,6.0,14.0,10.0,-2.0,ok,0.0,neg_ebitda_low_debt,,,False,28.0,,-1.7,-52.5,,-63.0,77.5,-9.4,-18.6,0.557,0.476,MSFT,,126,14.0,15.0,,False
531,APD,"Air Products and Chemicals, In",Basic Materials,Specialty Chemicals,Cyclical,67.7,304.07,291.88,10.5,12.0,10.0,0.0,ok,-5.0,ok,16.79,,False,27.5,21.1,-5.6,4.6,32.1,0.0,60.8,9.9,-7.2,-0.014,0.097,GOOG,,126,12.0,11.0,,False
532,F,Ford Motor Company,Consumer Cyclical,Auto Manufacturers,Core,55.1,13.83,14.3,4.5,17.8,10.0,0.0,ok,-5.0,ok,18.47,,False,27.3,7.3,-14.4,-3.8,7.1,-18.3,44.7,4.4,-9.4,0.241,0.237,GOOG,,126,17.8,11.0,,False
533,WY,Weyerhaeuser Company,Real Estate,REIT - Specialty,Core,17.8,24.76,24.36,8.0,13.3,10.0,0.0,ok,-5.0,ok,7.15,,False,26.3,36.4,0.1,-0.9,14.5,5.0,59.6,2.9,-19.5,-0.05,0.177,MSFT,,126,13.3,15.0,,False
534,IFF,International Flavors & Fragra,Basic Materials,Specialty Chemicals,Cyclical,21.4,83.85,79.66,8.0,9.4,10.0,0.0,ok,-1.5,ok,2.99,,False,25.9,21.2,-8.0,1.8,36.6,-5.5,72.9,15.5,-2.0,0.115,0.215,GOOG,,126,9.4,11.0,,False
