rank,ticker,name,sector,industry,category,mcap_B,current_price,entry_level,fundamental,technical,visibility,corr_penalty,corr_status,leverage_penalty,lev_status,nd_ebitda,dte_pct,broken_base,composite,fwd_pe,fcf_yield_pct,rev_growth_pct,gross_margin_pct,roe_pct,rsi,ma200_dist_pct,rel_str_6m_pct,portfolio_corr,max_corr,max_corr_with,corr_null_reason,n_corr_obs,technical_precap,visibility_legacy,data_flags,in_portfolio
1,GEV,GE Vernova Inc.,Industrials,Specialty Industrial Machinery,Compounder,246.1,923.91,1005.87,20.0,18.1,23.0,-2.0,ok,0.0,ok,-2.29,,False,59.1,36.6,6.4,21.9,20.6,82.6,41.3,3.6,-2.7,0.592,0.688,ETN,,126,18.1,23.0,,False
2,AVGO,Broadcom Inc.,Technology,Semiconductors,Growth,1716.7,360.83,383.23,20.0,17.8,22.0,-2.0,ok,0.0,ok,0.68,,False,57.8,18.6,1.8,85.5,75.5,44.2,47.7,-2.4,-6.1,0.551,0.58,TSM,,126,17.8,22.0,,True
3,GOOG,Alphabet Inc.,Communication Services,Internet Content & Information,Compounder,4040.6,330.39,345.63,19.0,17.9,20.0,0.0,ok,0.0,ok,-0.7,,False,56.9,22.2,0.6,24.2,60.9,48.7,42.1,-1.5,-4.8,0.332,0.292,TSM,,126,17.9,20.0,,True
4,TSM,Taiwan Semiconductor Manufactu,Technology,Semiconductors,Growth,2220.0,428.03,419.15,24.0,15.7,21.0,-4.0,ok,0.0,ok,-0.77,,False,56.7,19.5,,36.0,64.2,40.0,57.7,14.4,14.0,0.713,0.654,ETN,,126,15.7,21.0,fcf_yield_out_of_range(32.9),True
5,LMT,Lockheed Martin Corporation,Industrials,Aerospace & Defense,Compounder,122.3,530.12,556.36,18.0,16.6,22.0,0.0,ok,-0.5,ok,1.73,,False,56.1,16.2,4.5,10.5,11.8,89.2,28.7,-4.8,-32.6,-0.074,0.184,TSM,,126,16.6,22.0,,False
6,NOC,Northrop Grumman Corporation,Industrials,Aerospace & Defense,Compounder,73.7,518.95,544.71,16.0,18.6,21.0,0.0,ok,-1.5,ok,2.03,,False,54.1,17.0,3.4,5.1,20.1,27.0,23.1,-13.7,-43.3,-0.074,0.246,TSM,,126,18.6,21.0,,False
7,NVDA,NVIDIA Corporation,Technology,Semiconductors,Growth,5272.7,218.36,212.17,20.0,16.0,19.8,-2.0,ok,0.0,ok,-0.12,,False,53.8,14.0,0.8,105.9,74.7,117.2,51.0,10.7,5.5,0.598,0.646,TSM,,126,16.0,20.0,,True
8,BX,Blackstone Inc.,Financial Services,Asset Management,Core,149.9,125.41,133.4,22.5,21.0,10.0,0.0,ok,0.0,financial_na,,,False,53.5,16.7,,28.6,100.0,31.4,18.3,-3.2,10.2,0.282,0.334,GOOG,,126,21.0,16.0,,False
9,POWL,"Powell Industries, Inc.",Industrials,Electrical Equipment & Parts,Speculative,6.4,176.89,211.23,17.5,18.6,18.0,-2.0,ok,0.0,ok,-2.67,,False,52.1,25.3,3.0,8.9,30.1,28.3,30.3,-12.2,-10.4,0.612,0.753,ETN,,126,18.6,18.0,,False
10,VRT,"Vertiv Holdings, LLC",Industrials,Electrical Equipment & Parts,Core,95.5,248.13,279.82,20.5,16.7,16.7,-2.0,ok,0.0,ok,0.08,,False,51.9,27.2,2.8,24.1,38.0,43.9,43.0,-4.2,-20.3,0.502,0.792,ETN,,126,16.7,20.0,,True
11,NXPI,NXP Semiconductors N.V.,Technology,Semiconductors,Core,57.1,226.46,247.02,22.0,20.3,10.0,0.0,ok,-0.5,ok,1.53,,False,51.8,12.5,6.2,19.5,56.1,27.9,54.6,-7.1,5.3,0.345,0.441,ETN,,126,20.3,14.0,,False
12,NFLX,"Netflix, Inc.",Communication Services,Entertainment,Core,316.5,76.01,75.64,23.0,18.8,10.0,0.0,ok,0.0,ok,0.51,,False,51.8,19.9,8.0,13.4,49.1,49.5,37.9,-12.0,-33.2,-0.032,0.347,ETN,,126,18.8,14.0,,False
13,RTX,RTX Corporation,Industrials,Aerospace & Defense,Compounder,267.0,198.12,208.26,15.5,15.5,21.0,0.0,ok,-0.5,ok,1.92,,False,51.5,25.2,3.7,14.5,20.3,12.3,20.1,2.5,-16.2,0.002,0.127,AVGO,,126,15.5,21.0,,False
14,GDDY,GoDaddy Inc.,Technology,Software - Infrastructure,Core,12.2,96.37,94.01,22.0,19.9,10.0,0.0,ok,-0.5,ok,1.91,,False,51.4,8.7,9.9,6.6,63.8,442.9,47.1,0.7,5.6,-0.164,0.471,ETN,,126,19.9,17.0,,False
15,EXPE,"Expedia Group, Inc.",Consumer Cyclical,Travel Services,Core,33.2,276.88,295.53,23.0,18.2,10.0,0.0,ok,0.0,ok,-0.5,,False,51.2,11.4,10.3,14.0,90.4,89.5,30.2,6.9,7.9,0.03,0.231,GOOG,,126,18.2,15.0,,False
16,FDS,FactSet Research Systems Inc.,Financial Services,Financial Data & Stock Exchang,Speculative,9.4,262.93,275.49,21.0,20.2,10.0,0.0,ok,0.0,financial_na,,,False,51.2,13.3,6.6,6.4,51.4,27.0,31.3,5.5,15.4,-0.138,0.432,ETN,,126,20.2,15.0,,False
17,ADSK,"Autodesk, Inc.",Technology,Software - Application,Core,44.2,211.61,231.56,23.0,18.1,10.0,0.0,ok,0.0,ok,-0.2,,False,51.1,14.9,7.1,16.1,92.5,53.9,29.2,-13.9,-29.1,-0.048,0.421,ETN,,126,18.1,17.0,,False
18,PATH,"UiPath, Inc.",Technology,Software - Infrastructure,Speculative,7.2,13.87,14.08,22.0,19.0,10.0,0.0,ok,0.0,ok,-6.52,,False,51.0,15.1,6.6,13.4,82.6,20.0,38.6,7.5,8.2,0.141,0.438,MSFT,,126,19.0,17.0,,False
19,APO,"Apollo Global Management, Inc.",Financial Services,Asset Management,Growth,75.5,127.91,127.77,21.0,19.9,10.0,0.0,ok,0.0,financial_na,,,False,50.9,11.9,,63.8,36.1,11.4,45.1,0.2,13.8,0.319,0.33,GOOG,,126,19.9,14.0,,False
20,ADBE,Adobe Inc.,Technology,Software - Application,Core,98.9,248.83,251.78,23.0,17.9,10.0,0.0,ok,0.0,ok,0.15,,False,50.9,9.0,9.3,12.7,89.4,63.0,35.7,-6.8,-21.5,-0.035,0.435,ETN,,126,17.9,17.0,,False
21,AXP,American Express Company,Financial Services,Credit Services,Core,216.6,320.71,340.42,21.5,18.8,10.0,0.0,ok,0.0,financial_na,,,False,50.3,15.9,,12.8,62.3,34.4,35.0,-4.6,-7.2,0.329,0.383,GOOG,,126,18.8,18.0,,False
22,INCY,Incyte Corporation,Healthcare,Biotechnology,Growth,25.0,123.28,121.45,23.0,17.2,10.0,0.0,ok,0.0,ok,-2.32,,False,50.2,13.9,4.7,37.7,55.7,30.7,41.6,17.3,20.2,-0.136,0.192,AVGO,,126,17.2,16.0,,False
23,TROW,"T. Rowe Price Group, Inc.",Financial Services,Asset Management,Core,22.9,107.55,114.2,20.5,19.5,10.0,0.0,ok,0.0,financial_na,,,False,50.0,10.4,8.8,10.7,51.6,19.4,29.4,4.3,10.4,0.204,0.257,GOOG,,126,19.5,15.0,,False
24,RL,Ralph Lauren Corporation,Consumer Cyclical,Apparel Manufacturing,Core,20.1,336.67,375.14,22.0,18.0,10.0,0.0,ok,0.0,ok,0.67,,False,50.0,16.1,4.4,14.0,70.3,37.5,25.0,-8.0,-13.0,0.313,0.348,TSM,,126,18.0,13.0,,False
25,PYPL,"PayPal Holdings, Inc.",Financial Services,Credit Services,Core,45.6,53.31,55.56,20.0,20.0,10.0,0.0,ok,0.0,financial_na,,,False,50.0,9.2,9.7,4.8,40.5,24.5,29.1,4.8,6.4,0.156,0.297,MSFT,,126,20.0,17.0,,False
26,ARES,Ares Management Corporation,Financial Services,Asset Management,Core,43.1,130.63,132.55,17.5,22.4,10.0,0.0,ok,0.0,financial_na,,,False,49.9,18.2,5.0,5.8,37.4,14.9,31.8,-1.2,23.4,0.376,0.384,GOOG,,126,22.4,14.0,,False
27,CDNS,"Cadence Design Systems, Inc.",Technology,Software - Application,Core,78.5,284.95,336.21,20.5,19.0,10.0,0.0,ok,0.0,ok,0.52,,False,49.5,29.9,2.1,24.2,85.9,23.2,36.3,-12.8,-15.6,0.462,0.404,NVDA,,126,19.0,17.0,,False
28,ANET,"Arista Networks, Inc.",Technology,Computer Hardware,Growth,238.4,188.99,184.64,19.0,15.1,17.3,-2.0,ok,0.0,ok,-2.88,,False,49.4,36.6,1.6,37.7,63.0,31.5,55.1,23.5,27.2,0.568,0.553,AVGO,,126,15.1,20.0,,False
29,WDAY,"Workday, Inc.",Technology,Software - Application,Core,44.6,185.09,175.84,20.5,18.8,10.0,0.0,ok,0.0,ok,0.23,,False,49.3,14.0,6.8,12.8,75.8,16.0,40.5,15.9,24.2,-0.068,0.451,ETN,,126,18.8,17.0,,False
30,MCO,Moody's Corporation,Financial Services,Financial Data & Stock Exchang,Core,80.9,467.36,490.58,20.5,18.7,10.0,0.0,ok,0.0,financial_na,,,False,49.2,24.7,3.2,15.1,75.0,76.9,34.8,-1.0,-3.9,0.038,0.377,MSFT,,126,18.7,16.0,,False
31,IT,"Gartner, Inc.",Technology,Information Technology Service,Core,10.8,170.62,166.22,21.0,18.7,10.0,0.0,ok,-0.5,ok,1.33,,False,49.2,10.4,9.8,-0.6,69.6,113.6,33.9,-3.5,-7.5,-0.184,0.433,ETN,,126,18.7,17.0,,False
32,BRO,"Brown & Brown, Inc.",Financial Services,Insurance Brokers,Growth,22.2,66.33,70.21,21.5,17.7,10.0,0.0,ok,0.0,financial_na,,,False,49.2,13.7,7.4,32.4,56.3,10.0,31.7,-4.0,-15.4,-0.336,0.501,ETN,,126,17.7,15.0,,False
33,CSCO,"Cisco Systems, Inc.",Technology,Communication Equipment,Core,423.6,107.44,113.83,19.5,19.7,10.0,0.0,ok,0.0,ok,0.82,,False,49.2,19.2,2.6,17.6,64.5,27.3,41.1,13.1,25.2,0.322,0.382,AVGO,,126,19.7,15.0,,False
34,PTC,PTC Inc.,Technology,Software - Application,Core,14.0,128.71,137.46,21.0,18.1,10.0,0.0,ok,0.0,ok,0.98,,False,49.1,14.4,7.4,-6.8,84.5,35.1,22.2,-13.1,-32.0,0.019,0.453,MSFT,,126,18.1,17.0,,False
35,BLK,"BlackRock, Inc.",Financial Services,Asset Management,Growth,172.6,1062.4,1099.14,20.5,18.6,10.0,0.0,ok,0.0,financial_na,,,False,49.1,16.5,4.4,30.6,47.2,12.3,29.5,0.4,1.3,0.433,0.44,GOOG,,126,18.6,15.0,,False
36,TXN,Texas Instruments Incorporated,Technology,Semiconductors,Core,236.4,258.82,278.24,19.0,20.0,10.0,0.0,ok,0.0,ok,0.74,,False,49.0,24.3,1.5,22.8,58.3,35.2,42.5,7.8,23.1,0.416,0.608,ETN,,126,20.0,14.0,,False
37,UBER,"Uber Technologies, Inc.",Technology,Software - Application,Core,148.2,72.56,73.95,21.0,18.4,10.0,0.0,ok,-0.5,ok,1.25,,False,48.9,16.5,4.9,12.2,40.8,37.2,34.0,-4.6,-14.3,0.22,0.317,MSFT,,126,18.4,16.0,,False
38,AON,Aon plc,Financial Services,Insurance Brokers,Core,65.3,307.77,351.95,20.0,18.9,10.0,0.0,ok,0.0,financial_na,,,False,48.9,15.1,4.9,2.2,48.2,44.7,26.8,-8.5,-16.1,-0.297,0.45,ETN,,126,18.9,15.0,,False
39,ALL,Allstate Corporation (The),Financial Services,Insurance - Property & Casualt,Core,63.7,251.79,257.51,22.0,16.7,10.0,0.0,ok,0.0,financial_na,,,False,48.7,9.1,23.8,11.8,36.8,46.1,46.6,13.4,9.0,-0.367,0.434,TSM,,126,16.7,14.0,,False
40,CINF,Cincinnati Financial Corporati,Financial Services,Insurance - Property & Casualt,Growth,26.0,169.59,176.37,22.0,16.7,10.0,0.0,ok,0.0,financial_na,,,False,48.7,18.8,11.5,31.6,31.1,21.5,53.9,1.6,-9.9,-0.251,0.322,AVGO,,126,16.7,14.0,,False
41,ADP,"Automatic Data Processing, Inc",Technology,Software - Application,Core,106.2,267.33,264.56,20.0,18.6,10.0,0.0,ok,0.0,ok,0.2,,False,48.6,20.0,4.9,6.8,48.7,72.2,35.4,13.1,16.2,-0.262,0.535,ETN,,126,18.6,16.0,,False
42,AMP,"Ameriprise Financial, Inc.",Financial Services,Asset Management,Core,48.9,553.53,541.5,22.0,16.5,10.0,0.0,ok,0.0,financial_na,,,False,48.5,10.7,5.9,11.6,54.9,63.4,54.2,13.5,12.4,0.205,0.266,MSFT,,126,16.5,15.0,,False
43,SPGI,S&P Global Inc.,Financial Services,Financial Data & Stock Exchang,Core,121.0,410.42,428.41,19.5,19.0,10.0,0.0,ok,0.0,financial_na,,,False,48.5,20.3,4.5,10.4,70.9,14.3,39.0,-8.3,-16.0,-0.013,0.366,MSFT,,126,19.0,16.0,,False
44,MSFT,Microsoft Corporation,Technology,Software - Infrastructure,Core,3656.6,492.44,467.82,18.0,15.1,15.3,0.0,ok,0.0,ok,0.27,,False,48.4,20.9,0.5,17.7,67.9,34.0,56.9,14.3,8.8,0.153,0.222,NVDA,,126,15.1,18.0,,True
45,WSM,"Williams-Sonoma, Inc.",Consumer Cyclical,Specialty Retail,Core,26.4,223.74,232.11,20.0,18.4,10.0,0.0,ok,0.0,ok,0.3,,False,48.4,21.3,4.1,6.7,45.7,55.0,33.2,9.3,11.5,0.243,0.246,TSM,,126,18.4,12.0,,False
46,GD,General Dynamics Corporation,Industrials,Aerospace & Defense,Core,95.8,354.25,378.22,14.5,16.5,17.3,0.0,ok,0.0,ok,0.78,,False,48.3,19.1,4.6,8.1,15.4,17.8,17.8,0.2,-13.6,-0.003,0.135,GOOG,,126,16.5,21.0,,False
47,MMM,3M Company,Industrials,Conglomerates,Core,84.0,162.86,171.74,21.0,17.8,10.0,0.0,ok,-0.5,ok,1.21,,False,48.3,16.7,7.6,2.5,39.4,81.9,11.0,1.4,-4.5,0.205,0.257,TSM,,126,17.8,14.0,,False
48,MAS,Masco Corporation,Industrials,Building Products & Equipment,Core,13.3,67.64,75.41,20.0,18.8,10.0,0.0,ok,-0.5,ok,1.95,,False,48.3,14.5,6.7,-2.9,37.2,5862.5,27.9,-2.9,-2.3,0.331,0.339,ETN,,126,18.8,14.0,,False
49,SCHW,Charles Schwab Corporation (Th,Financial Services,Capital Markets,Core,185.6,107.33,106.02,21.5,16.8,10.0,0.0,ok,0.0,financial_na,,,False,48.3,13.8,,20.9,97.5,20.3,43.9,10.2,4.3,0.021,0.201,GOOG,,126,16.8,16.0,,False
50,SYF,Synchrony Financial,Financial Services,Credit Services,Core,24.5,75.44,76.8,19.5,18.7,10.0,0.0,ok,0.0,financial_na,,,False,48.2,7.2,,0.6,0.0,20.8,46.1,0.7,4.6,0.329,0.32,GOOG,,126,18.7,16.0,,False
51,EOG,"EOG Resources, Inc.",Energy,Oil & Gas E&P,Growth,77.3,147.46,142.44,23.0,15.2,10.0,0.0,ok,0.0,ok,0.23,,False,48.2,10.3,5.8,58.7,62.6,22.5,39.4,14.6,-2.1,-0.394,0.345,TSM,,126,15.2,14.0,,False
52,BR,Broadridge Financial Solutions,Technology,Information Technology Service,Core,19.2,168.24,162.93,21.0,17.6,10.0,0.0,ok,-0.5,ok,1.72,,False,48.1,14.5,6.2,7.5,31.8,40.9,33.0,-4.3,-18.4,-0.043,0.396,MSFT,,126,17.6,15.0,,False
53,ABNB,"Airbnb, Inc.",Consumer Cyclical,Travel Services,Core,100.4,167.65,164.48,20.5,17.6,10.0,0.0,ok,0.0,ok,-3.47,,False,48.1,27.3,3.2,16.5,82.9,34.5,30.2,19.5,17.5,0.206,0.276,GOOG,,126,17.6,15.0,,False
54,COF,Capital One Financial Corporat,Financial Services,Credit Services,Growth,127.1,207.11,212.32,18.0,20.0,10.0,0.0,ok,0.0,financial_na,,,False,48.0,8.6,,1111.0,0.0,9.0,42.6,-0.2,2.9,0.335,0.359,GOOG,,126,20.0,16.0,,False
55,TLN,Talen Energy Corporation,Utilities,Utilities - Independent Power ,Growth,14.9,311.54,342.97,17.5,18.4,19.0,-2.0,ok,-5.0,ok,16.05,,False,47.9,10.1,8.5,111.2,42.1,-12.8,46.3,-12.8,-13.7,0.518,0.78,CEG,,126,18.4,19.0,,False
56,APP,Applovin Corporation,Communication Services,Advertising Agencies,Growth,105.6,314.49,382.4,22.5,15.3,10.0,0.0,ok,0.0,ok,0.09,,False,47.8,15.0,3.0,52.8,88.5,203.7,53.4,-34.9,-43.8,0.31,0.289,MSFT,,126,15.3,15.0,,False
57,AOS,A.O. Smith Corporation,Industrials,Specialty Industrial Machinery,Speculative,7.7,56.71,61.07,19.0,18.8,10.0,0.0,ok,0.0,ok,0.63,,False,47.8,13.9,6.3,-0.7,38.6,27.1,25.7,-12.6,-30.0,0.206,0.307,ETN,,124,18.8,14.0,,False
58,PEP,"Pepsico, Inc.",Consumer Defensive,Beverages - Non-Alcoholic,Core,186.7,136.65,139.57,20.0,19.3,10.0,0.0,ok,-1.5,ok,2.25,,False,47.8,15.2,4.2,6.4,54.2,51.5,33.5,-7.7,-27.8,-0.276,0.356,ETN,,126,19.3,17.0,,False
59,META,"Meta Platforms, Inc.",Communication Services,Internet Content & Information,Core,1641.6,644.38,612.16,18.0,12.7,17.0,0.0,ok,0.0,ok,0.2,,False,47.7,18.4,1.3,28.0,81.7,29.8,83.9,3.5,-12.7,0.314,0.347,GOOG,,126,12.7,15.0,,False
60,HAS,"Hasbro, Inc.",Consumer Cyclical,Leisure,Core,12.7,90.16,89.56,22.0,16.1,10.0,0.0,ok,-0.5,ok,1.92,,False,47.6,13.8,5.4,16.2,63.8,159.6,36.8,0.6,-19.0,0.112,0.162,GOOG,,126,16.1,13.0,,False
61,AMZN,"Amazon.com, Inc.",Consumer Cyclical,Internet Retail,Core,2717.0,251.89,254.95,17.0,17.9,14.7,-2.0,ok,0.0,ok,0.76,,False,47.6,24.2,0.1,19.6,50.8,30.6,40.5,5.1,6.4,0.532,0.648,GOOG,,126,17.9,17.0,,False
62,DASH,"DoorDash, Inc.",Consumer Cyclical,Internet Retail,Growth,87.1,201.03,204.56,18.0,19.6,10.0,0.0,ok,0.0,ok,-1.42,,False,47.6,24.7,5.9,35.6,52.2,8.9,34.5,6.7,10.5,0.273,0.461,MSFT,,126,19.6,12.0,,False
63,DECK,Deckers Outdoor Corporation,Consumer Cyclical,Footwear & Accessories,Core,10.9,79.88,95.94,21.0,16.5,10.0,0.0,ok,0.0,ok,-0.85,,False,47.5,9.6,8.0,5.7,57.8,42.6,31.2,-22.1,-34.4,0.212,0.354,GOOG,,126,16.5,12.0,,False
64,NTAP,"NetApp, Inc.",Technology,Software - Infrastructure,Core,36.1,183.6,180.6,21.5,16.0,10.0,0.0,ok,0.0,ok,-0.5,,False,47.5,16.7,3.2,29.9,70.6,114.8,38.5,39.6,76.6,0.267,0.286,AVGO,,126,16.0,17.0,,False
65,HSY,The Hershey Company,Consumer Defensive,Confectioners,Core,35.0,174.34,178.55,20.0,18.0,10.0,0.0,ok,-0.5,ok,1.89,,False,47.5,17.7,5.0,6.6,38.4,32.8,25.3,-8.7,-32.3,-0.301,0.335,AVGO,,126,18.0,16.0,,False
66,DXCM,"DexCom, Inc.",Healthcare,Medical Devices,Core,31.9,84.51,82.13,20.5,16.9,10.0,0.0,ok,0.0,ok,-0.39,,False,47.4,27.1,3.2,13.1,62.5,38.5,31.5,18.6,15.7,0.143,0.28,GOOG,,126,16.9,17.0,,False
67,ROK,"Rockwell Automation, Inc.",Industrials,Specialty Industrial Machinery,Core,46.9,421.37,450.25,18.5,19.4,10.0,0.0,ok,-0.5,ok,1.5,,False,47.4,28.4,2.8,7.9,49.1,30.6,41.8,0.3,4.2,0.443,0.565,ETN,,126,19.4,15.0,,False
68,AMAT,"Applied Materials, Inc.",Technology,Semiconductor Equipment & Mate,Core,360.3,454.01,520.74,19.0,20.4,10.0,-2.0,ok,0.0,ok,-0.19,,False,47.4,24.6,0.9,24.8,49.4,41.1,32.6,10.6,20.8,0.597,0.73,ETN,,126,20.4,14.0,,False
69,INTU,Intuit Inc.,Technology,Software - Application,Core,85.6,312.77,318.69,22.0,15.3,10.0,0.0,ok,0.0,ok,0.17,,False,47.3,11.4,7.5,13.7,81.0,23.6,24.1,-25.8,-41.7,-0.079,0.394,ETN,,126,15.3,17.0,,False
70,CL,Colgate-Palmolive Company,Consumer Defensive,Household & Personal Products,Core,70.1,87.9,91.59,21.0,16.7,10.0,0.0,ok,-0.5,ok,1.29,,False,47.2,21.4,4.9,4.9,60.4,267.4,40.9,0.5,-13.2,-0.169,0.308,ETN,,126,16.7,18.0,,False
71,ORCL,Oracle Corporation,Technology,Software - Infrastructure,Core,440.5,152.94,145.29,17.5,16.1,19.0,-2.0,ok,-3.5,ok,4.44,,False,47.1,13.9,-5.6,20.6,65.8,53.4,59.2,-8.7,-17.3,0.61,0.526,MSFT,,126,16.1,19.0,,False
72,PODD,Insulet Corporation,Healthcare,Medical Devices,Speculative,9.3,134.68,153.26,20.5,16.5,10.0,0.0,ok,0.0,ok,0.67,,False,47.0,17.5,2.5,23.5,71.1,26.0,30.3,-35.0,-56.7,-0.073,0.25,VRT,,126,16.5,17.0,,False
73,ZTS,Zoetis Inc.,Healthcare,Drug Manufacturers - Specialty,Core,30.1,72.86,75.55,21.0,16.4,10.0,0.0,ok,-0.5,ok,1.86,,False,46.9,11.2,6.7,-0.2,71.7,64.9,42.0,-28.6,-50.4,0.001,0.157,NVDA,,126,16.4,17.0,,False
74,MA,Mastercard Incorporated,Financial Services,Credit Services,Core,495.3,565.37,561.34,20.5,16.4,10.0,0.0,ok,0.0,financial_na,,,False,46.9,24.6,3.4,14.1,100.0,241.2,44.8,6.6,0.1,-0.067,0.423,MSFT,,126,16.4,18.0,,False
75,GL,Globe Life Inc.,Financial Services,Insurance - Life,Core,13.1,170.8,177.99,20.0,16.8,10.0,0.0,ok,0.0,financial_na,,,False,46.8,10.3,8.9,8.0,33.9,20.9,50.7,10.6,9.6,0.114,0.257,GOOG,,126,16.8,14.0,,False
76,PGR,Progressive Corporation (The),Financial Services,Insurance - Property & Casualt,Core,125.6,216.19,217.19,19.5,17.3,10.0,0.0,ok,0.0,financial_na,,,False,46.8,13.3,12.0,7.3,18.5,34.9,43.2,3.6,-8.4,-0.422,0.45,TSM,,126,17.3,14.0,,False
77,ON,ON Semiconductor Corporation,Technology,Semiconductors,Core,27.3,70.17,82.3,17.0,21.8,10.0,-2.0,ok,0.0,ok,0.4,,False,46.8,15.5,6.1,9.2,42.8,8.3,36.9,-10.9,7.9,0.509,0.639,ETN,,126,21.8,14.0,,False
78,CBOE,"Cboe Global Markets, Inc.",Financial Services,Financial Data & Stock Exchang,Core,30.0,287.49,287.37,20.5,16.2,10.0,0.0,ok,0.0,financial_na,,,False,46.7,18.9,2.3,22.9,54.1,26.3,45.3,0.7,-14.7,-0.16,0.256,TSM,,126,16.2,15.0,,False
79,KKR,KKR & Co. Inc.,Financial Services,Asset Management,Core,93.2,100.87,103.39,15.5,21.2,10.0,0.0,ok,0.0,financial_na,,,False,46.7,13.6,,7.8,54.8,7.3,35.9,-4.2,6.7,0.342,0.307,GOOG,,126,21.2,15.0,,False
80,HBAN,Huntington Bancshares Incorpor,Financial Services,Banks - Regional,Growth,33.8,16.73,17.45,18.0,18.6,10.0,0.0,ok,0.0,financial_na,,,False,46.6,8.9,,47.6,0.0,9.0,43.4,-1.2,-4.6,0.234,0.291,GOOG,,126,18.6,14.0,,False
81,BMY,Bristol-Myers Squibb Company,Healthcare,Drug Manufacturers - General,Core,130.2,63.75,63.28,22.0,15.1,10.0,0.0,ok,-0.5,ok,1.8,,False,46.6,9.7,6.2,5.7,71.7,46.6,41.1,9.8,-4.5,-0.054,0.24,AVGO,,126,15.1,17.0,,False
82,AJG,Arthur J. Gallagher & Co.,Financial Services,Insurance Brokers,Growth,62.4,243.31,254.82,16.5,20.1,10.0,0.0,ok,0.0,financial_na,,,False,46.6,16.3,3.3,30.9,43.2,6.7,37.5,4.2,5.4,-0.341,0.5,ETN,,126,20.1,15.0,,False
83,MRSH,Marsh,Financial Services,Insurance Brokers,Core,84.6,177.29,185.58,19.0,17.5,10.0,0.0,ok,0.0,financial_na,,,False,46.5,15.5,5.7,6.2,44.0,25.9,28.3,-0.0,-9.5,-0.373,0.542,ETN,,126,17.5,15.0,,False
84,CPAY,"Corpay, Inc.",Technology,Software - Infrastructure,Core,26.8,408.47,388.84,23.0,15.0,10.0,0.0,ok,-1.5,ok,2.7,,False,46.5,13.0,7.3,21.5,80.5,29.2,46.9,20.5,13.3,0.073,0.247,MSFT,,126,15.0,17.0,,False
85,VLTO,Veralto Corp,Industrials,Pollution & Treatment Controls,Core,22.8,93.45,95.49,19.5,17.5,10.0,0.0,ok,-0.5,ok,1.06,,False,46.5,19.6,3.5,7.5,60.2,34.3,17.6,0.2,-9.5,-0.116,0.208,ETN,,126,17.5,16.0,,False
86,LULU,lululemon athletica inc.,Consumer Cyclical,Apparel Retail,Core,10.7,96.88,117.48,20.0,16.5,10.0,0.0,ok,0.0,ok,0.32,,False,46.5,10.7,10.7,-4.3,54.9,30.9,33.6,-36.2,-52.5,0.21,0.35,MSFT,,126,16.5,12.0,,False
87,ESTC,Elastic N.V.,Technology,Software - Application,Speculative,8.8,83.48,79.31,21.0,15.5,10.0,0.0,ok,0.0,neg_ebitda_low_debt,,,False,46.5,21.2,5.8,15.1,75.6,33.1,47.9,30.8,47.7,0.17,0.476,MSFT,,126,15.5,17.0,,False
88,FANG,"Diamondback Energy, Inc.",Energy,Oil & Gas E&P,Growth,57.5,205.39,196.59,21.0,15.9,10.0,0.0,ok,-0.5,ok,1.03,,False,46.4,11.2,8.8,52.5,72.4,3.5,40.9,13.6,2.9,-0.228,0.304,GOOG,,126,15.9,14.0,,False
89,V,Visa Inc.,Financial Services,Credit Services,Core,685.6,367.21,364.84,20.5,15.9,10.0,0.0,ok,0.0,financial_na,,,False,46.4,24.5,3.0,14.4,97.7,61.2,51.4,9.9,6.3,-0.103,0.261,ETN,,126,15.9,18.0,,False
90,GWW,"W.W. Grainger, Inc.",Industrials,Industrial Distribution,Core,59.9,1271.49,1334.88,19.5,16.9,10.0,0.0,ok,0.0,ok,0.69,,False,46.4,24.9,2.1,10.3,39.4,46.1,43.6,7.6,4.0,0.168,0.269,VRT,,126,16.9,14.0,,False
91,BF-B,Brown Forman Inc,Consumer Defensive,Beverages - Wineries & Distill,Core,12.2,26.59,27.17,17.5,19.3,10.0,0.0,ok,-0.5,ok,1.8,,False,46.3,15.5,5.6,-1.4,60.7,18.1,34.0,-2.0,1.5,-0.137,0.178,AVGO,,126,19.3,18.0,,False
92,FOXA,Fox Corporation,Communication Services,Entertainment,Core,27.4,65.18,61.92,18.0,18.3,10.0,0.0,ok,0.0,ok,0.87,,False,46.3,11.2,2.0,28.1,36.6,14.3,41.4,2.9,-0.9,-0.064,0.227,CEG,,126,18.3,13.0,,False
93,FSLR,"First Solar, Inc.",Technology,Solar,Core,22.3,207.17,217.37,18.5,19.8,10.0,-2.0,ok,0.0,ok,-0.64,,False,46.3,8.9,7.2,-3.7,44.0,18.5,44.0,-9.9,-8.9,0.54,0.561,ETN,,126,19.8,14.0,,False
94,UAL,"United Airlines Holdings, Inc.",Industrials,Airlines,Core,34.6,106.49,119.89,17.0,20.8,10.0,0.0,ok,-1.5,ok,2.4,,False,46.3,7.1,2.6,16.0,31.8,23.3,41.3,-1.9,9.3,0.44,0.408,TSM,,126,20.8,14.0,,False
95,HON,Honeywell International Inc.,Industrials,Conglomerates,Core,64.1,202.18,227.31,20.0,18.7,10.0,0.0,ok,-2.5,ok,3.03,,False,46.2,20.3,4.1,4.3,36.5,46.6,27.0,-8.9,-26.7,-0.008,0.216,MSFT,,126,18.7,14.0,,False
96,ALGN,"Align Technology, Inc.",Healthcare,Medical Instruments & Supplies,Core,10.7,150.72,170.12,18.5,17.7,10.0,0.0,ok,0.0,ok,-1.08,,False,46.2,12.0,5.5,4.3,70.4,10.2,36.1,-11.8,-23.5,0.253,0.309,GOOG,,126,17.7,17.0,,False
97,ALLE,Allegion plc,Industrials,Security & Protection Services,Core,12.9,151.27,153.5,19.5,17.2,10.0,0.0,ok,-0.5,ok,1.81,,False,46.2,15.5,3.8,12.7,44.8,33.7,27.2,0.3,-9.7,0.164,0.253,ETN,,126,17.2,17.0,,False
98,EBAY,eBay Inc.,Consumer Cyclical,Internet Retail,Core,46.7,105.03,108.98,20.5,16.2,10.0,0.0,ok,-0.5,ok,1.24,,False,46.2,15.6,3.4,14.8,72.1,46.6,50.9,6.2,2.9,0.075,0.236,GOOG,,126,16.2,13.0,,False
99,KMB,Kimberly-Clark Corporation,Consumer Defensive,Household & Personal Products,Core,32.8,98.48,109.15,18.5,18.2,10.0,0.0,ok,-0.5,ok,1.6,,False,46.2,13.1,2.9,0.6,37.6,104.9,24.5,-4.1,-13.1,-0.095,0.218,GOOG,,126,18.2,16.0,,False
100,TPR,"Tapestry, Inc.",Consumer Cyclical,Luxury Goods,Core,23.1,115.87,138.93,22.0,14.7,10.0,0.0,ok,-0.5,ok,1.39,,False,46.2,13.1,6.1,8.9,76.6,197.1,26.5,-16.3,-32.6,0.201,0.267,GOOG,,126,14.7,13.0,,False
101,PRU,"Prudential Financial, Inc.",Financial Services,Insurance - Life,Core,40.9,118.48,119.69,18.0,18.2,10.0,0.0,ok,0.0,financial_na,,,False,46.2,8.0,18.4,14.1,29.0,12.0,44.9,9.9,14.5,0.053,0.229,GOOG,,126,18.2,14.0,,False
102,PLTR,Palantir Technologies Inc.,Technology,Software - Infrastructure,Growth,398.6,165.86,157.57,20.0,16.2,10.0,0.0,ok,0.0,ok,-3.45,,False,46.2,71.3,0.5,92.8,84.8,38.1,44.5,9.5,-5.7,0.336,0.423,MSFT,,126,16.2,17.0,,False
103,STZ,"Constellation Brands, Inc.",Consumer Defensive,Beverages - Brewers,Core,21.1,123.81,131.94,20.0,18.7,10.0,0.0,ok,-2.5,ok,3.02,,False,46.2,10.0,10.5,-3.3,52.7,23.7,27.5,-14.2,-29.7,-0.114,0.205,AVGO,,126,18.7,17.0,,False
104,IBKR,"Interactive Brokers Group, Inc",Financial Services,Capital Markets,Core,152.4,89.42,92.11,20.0,18.2,10.0,-2.0,ok,0.0,financial_na,,,False,46.2,28.1,,26.3,93.0,24.0,49.3,12.8,19.8,0.569,0.422,TSM,,126,18.2,16.0,,False
105,KLIC,"Kulicke and Soffa Industries, ",Technology,Semiconductor Equipment & Mate,Growth,4.3,82.97,94.91,16.5,21.7,10.0,-2.0,ok,0.0,ok,-2.49,,False,46.2,14.1,1.3,122.6,52.6,13.2,44.0,4.2,17.5,0.54,0.656,ETN,,126,21.7,14.0,,False
106,FOX,Fox Corporation,Communication Services,Entertainment,Core,24.4,58.06,55.16,18.0,18.1,10.0,0.0,ok,0.0,ok,0.87,,False,46.1,10.1,2.3,28.1,36.6,14.3,41.2,2.1,-3.1,-0.081,0.225,CEG,,126,18.1,13.0,,False
107,CEG,Constellation Energy Corporati,Utilities,Utilities - Independent Power ,Compounder,101.3,285.97,271.67,12.5,15.0,21.0,0.0,ok,-2.5,ok,3.02,,False,46.0,21.4,-6.5,23.0,22.1,15.1,60.1,-3.1,-18.8,0.259,0.36,ETN,,126,15.0,21.0,,True
108,LVS,Las Vegas Sands Corp.,Consumer Cyclical,Resorts & Casinos,Core,27.6,42.6,45.9,21.0,16.5,10.0,0.0,ok,-1.5,ok,2.57,,False,46.0,12.1,8.0,-0.7,79.3,122.9,31.6,-20.6,-34.0,0.191,0.343,MSFT,,126,16.5,13.0,,False
109,IDXX,"IDEXX Laboratories, Inc.",Healthcare,Diagnostics & Research,Core,39.9,506.53,556.71,19.5,16.5,10.0,0.0,ok,0.0,ok,0.55,,False,46.0,30.3,2.3,9.7,62.4,74.2,31.9,-16.2,-25.1,0.167,0.358,GOOG,,126,16.5,17.0,,False
110,ADI,"Analog Devices, Inc.",Technology,Semiconductors,Growth,175.0,361.25,375.64,19.0,19.0,10.0,-2.0,ok,0.0,ok,0.99,,False,46.0,22.1,2.4,39.6,65.8,12.2,40.4,3.2,3.8,0.528,0.688,ETN,,126,19.0,15.0,,False
111,GE,GE Aerospace,Industrials,Aerospace & Defense,Core,336.3,324.15,354.58,18.0,17.9,10.0,0.0,ok,0.0,ok,0.9,,False,45.9,35.7,2.0,21.1,31.1,48.2,35.0,0.8,-8.1,0.358,0.419,ETN,,126,17.9,14.0,,False
112,AVY,Avery Dennison Corporation,Consumer Cyclical,Packaging & Containers,Core,12.8,168.77,170.44,20.5,16.9,10.0,0.0,ok,-1.5,ok,2.28,,False,45.9,15.1,7.9,10.9,29.0,31.2,24.7,-2.3,-15.1,0.139,0.172,MSFT,,126,16.9,11.0,,False
113,CTSH,Cognizant Technology Solutions,Technology,Information Technology Service,Core,26.3,58.32,55.4,18.5,17.4,10.0,0.0,ok,0.0,ok,0.26,,False,45.9,9.2,8.4,4.5,33.4,14.9,41.1,-6.2,-17.8,-0.195,0.5,VRT,,126,17.4,15.0,,False
114,MSCI,MSCI Inc.,Financial Services,Financial Data & Stock Exchang,Core,39.8,547.6,578.15,17.5,18.3,10.0,0.0,ok,0.0,financial_na,,,False,45.8,24.3,3.0,12.2,83.0,,37.5,-4.1,-11.3,0.008,0.379,MSFT,,126,18.3,16.0,,False
115,WDC,Western Digital Corporation,Technology,Computer Hardware,Growth,166.2,460.93,497.85,20.0,17.7,10.0,-2.0,ok,0.0,ok,-0.08,,False,45.7,14.5,1.4,43.8,48.9,130.9,47.4,22.1,62.7,0.543,0.632,ETN,,126,17.7,14.0,,False
116,NDAQ,"Nasdaq, Inc.",Financial Services,Financial Data & Stock Exchang,Core,51.4,92.01,93.71,18.0,17.7,10.0,0.0,ok,0.0,financial_na,,,False,45.7,19.7,3.3,14.9,100.0,16.5,32.1,1.8,-4.0,0.092,0.416,MSFT,,126,17.7,16.0,,False
117,PAYX,"Paychex, Inc.",Technology,Software - Application,Core,41.0,115.18,117.35,18.5,18.7,10.0,0.0,ok,-1.5,ok,2.17,,False,45.7,18.0,,12.5,67.2,,32.3,11.7,13.5,-0.238,0.518,ETN,,126,18.7,17.0,,False
118,AAPL,Apple Inc.,Technology,Consumer Electronics,Core,4766.0,326.57,317.22,20.5,15.2,10.0,0.0,ok,0.0,ok,0.13,,False,45.7,34.1,2.3,16.4,48.7,148.8,64.7,14.8,14.0,0.066,0.163,ETN,,126,15.2,14.0,,False
119,CSX,CSX Corporation,Industrials,Railroads,Core,90.8,49.04,50.2,19.5,17.7,10.0,0.0,ok,-1.5,ok,2.64,,False,45.7,21.6,2.2,10.1,47.1,24.4,35.5,13.2,11.3,0.047,0.254,ETN,,126,17.7,15.0,,False
120,LLY,Eli Lilly and Company,Healthcare,Drug Manufacturers - General,Growth,1001.4,1123.0,1186.18,20.0,16.1,10.0,0.0,ok,-0.5,ok,1.1,,False,45.6,23.8,1.1,47.7,83.4,102.3,9.7,5.6,1.3,-0.096,0.188,GOOG,,126,16.1,17.0,,False
121,TEL,TE Connectivity plc,Technology,Electronic Components,Core,59.2,204.63,205.91,18.5,17.1,10.0,0.0,ok,0.0,ok,0.92,,False,45.6,15.9,3.9,13.8,36.1,23.3,56.0,-5.1,-10.3,0.406,0.454,ETN,,126,17.1,13.0,,False
122,AFL,AFLAC Incorporated,Financial Services,Insurance - Life,Core,57.4,114.47,121.24,17.5,18.1,10.0,0.0,ok,0.0,financial_na,,,False,45.6,15.2,9.0,-1.0,50.9,16.9,43.7,0.0,-9.4,-0.268,0.382,TSM,,126,18.1,15.0,,False
123,RMD,ResMed Inc.,Healthcare,Medical Instruments & Supplies,Core,31.7,219.58,216.62,18.5,17.1,10.0,0.0,ok,0.0,ok,-0.31,,False,45.6,16.6,3.0,8.6,61.6,24.3,37.1,-3.5,-19.0,-0.03,0.315,GOOG,,126,17.1,17.0,,False
124,UHS,"Universal Health Services, Inc",Healthcare,Medical Care Facilities,Core,10.2,172.72,164.87,19.0,17.0,10.0,0.0,ok,-0.5,ok,1.9,,False,45.5,7.2,4.9,8.3,44.6,20.9,49.8,-6.7,-23.1,-0.096,0.13,ETN,,126,17.0,16.0,,False
125,DAL,"Delta Air Lines, Inc.",Industrials,Airlines,Core,51.5,78.24,85.7,17.0,20.0,10.0,0.0,ok,-1.5,ok,2.19,,False,45.5,9.1,5.5,18.7,18.7,20.1,40.9,5.2,21.6,0.425,0.418,TSM,,126,20.0,14.0,,False
126,ROP,"Roper Technologies, Inc.",Technology,Software - Application,Core,38.4,388.58,387.33,18.5,19.5,10.0,0.0,ok,-2.5,ok,3.38,,False,45.5,16.0,5.9,8.5,69.5,13.1,34.6,3.7,-1.4,-0.233,0.431,ETN,,126,19.5,17.0,,False
127,GS,"Goldman Sachs Group, Inc. (The",Financial Services,Capital Markets,Growth,296.9,1019.77,1044.38,21.0,16.5,10.0,-2.0,ok,0.0,financial_na,,,False,45.5,13.8,,42.5,82.1,16.9,55.1,7.3,15.7,0.563,0.511,TSM,,126,16.5,16.0,,False
128,HIG,"The Hartford Insurance Group, ",Financial Services,Insurance - Diversified,Core,37.1,136.8,139.29,20.0,15.5,10.0,0.0,ok,0.0,financial_na,,,False,45.5,10.0,14.9,8.1,37.9,22.1,49.2,0.5,-12.0,-0.288,0.339,TSM,,126,15.5,14.0,,False
129,JPM,JP Morgan Chase & Co.,Financial Services,Banks - Diversified,Growth,939.8,353.56,351.3,19.0,16.5,10.0,0.0,ok,0.0,financial_na,,,False,45.5,14.1,,30.4,0.0,17.8,53.2,11.1,11.8,0.204,0.267,ETN,,126,16.5,14.0,,False
130,XYL,Xylem Inc.,Industrials,Specialty Industrial Machinery,Core,24.9,106.55,116.96,16.0,19.4,10.0,0.0,ok,0.0,ok,0.9,,False,45.4,17.1,4.8,1.5,39.2,9.2,31.0,-13.8,-25.0,0.199,0.309,ETN,,126,19.4,14.0,,False
131,URI,"United Rentals, Inc.",Industrials,Rental & Leasing Services,Core,61.6,989.08,1080.79,18.5,19.4,10.0,0.0,ok,-2.5,ok,3.26,,False,45.4,17.3,2.8,11.8,38.5,28.9,27.4,6.4,21.3,0.178,0.442,ETN,,126,19.4,16.0,,False
132,MKC,"McCormick & Company, Incorpora",Consumer Defensive,Packaged Foods,Core,13.7,51.1,52.87,20.0,17.9,10.0,0.0,ok,-2.5,ok,3.17,,False,45.4,15.5,5.2,16.7,38.9,24.7,27.1,-9.6,-23.8,-0.234,0.339,VRT,,126,17.9,16.0,,False
133,QCOM,QUALCOMM Incorporated,Technology,Semiconductors,Core,188.9,176.88,168.6,19.0,16.4,10.0,0.0,ok,0.0,ok,0.58,,False,45.4,17.3,5.4,-4.0,54.2,33.8,75.0,5.5,21.1,0.376,0.41,ETN,,126,16.4,14.0,,False
134,MDT,Medtronic plc.,Healthcare,Medical Devices,Core,117.2,91.62,87.45,19.5,16.3,10.0,0.0,ok,-0.5,ok,1.86,,False,45.3,14.3,4.6,13.7,65.3,10.6,47.6,2.7,-8.1,-0.125,0.281,AVGO,,126,16.3,17.0,,False
135,EFX,"Equifax, Inc.",Industrials,Consulting Services,Core,19.7,168.04,178.82,18.5,18.3,10.0,0.0,ok,-1.5,ok,2.75,,False,45.3,16.5,4.8,10.6,55.5,14.3,22.3,-10.2,-21.7,-0.093,0.343,ETN,,126,18.3,17.0,,False
136,UPS,"United Parcel Service, Inc.",Industrials,Integrated Freight & Logistics,Core,85.1,99.97,107.24,18.5,17.3,10.0,0.0,ok,-0.5,ok,1.99,,False,45.3,12.4,6.6,7.6,22.4,29.6,40.1,-3.5,-9.9,0.247,0.258,ETN,,126,17.3,14.0,,False
137,ACN,Accenture plc,Technology,Information Technology Service,Core,108.9,177.91,169.01,18.5,16.8,10.0,0.0,ok,0.0,ok,-0.14,,False,45.3,12.1,11.1,5.6,32.0,24.4,46.3,-11.5,-22.3,-0.187,0.465,ETN,,126,16.8,15.0,,False
138,UNP,Union Pacific Corporation,Industrials,Railroads,Core,169.8,285.78,294.5,20.5,16.3,10.0,0.0,ok,-1.5,ok,2.26,,False,45.3,20.2,2.8,11.5,56.3,39.7,24.1,9.6,3.3,-0.078,0.186,MSFT,,126,16.3,15.0,,False
139,A,"Agilent Technologies, Inc.",Healthcare,Diagnostics & Research,Core,40.4,143.12,142.99,17.5,18.3,10.0,0.0,ok,-0.5,ok,1.15,,False,45.3,21.2,2.6,8.1,53.6,21.0,29.3,8.9,14.7,0.17,0.159,NVDA,,126,18.3,16.0,,False
140,SNPS,"Synopsys, Inc.",Technology,Software - Infrastructure,Growth,76.1,397.17,409.31,20.0,17.7,10.0,0.0,ok,-2.5,ok,3.49,,False,45.2,22.7,4.5,42.4,82.9,3.7,49.8,-11.2,-18.9,0.434,0.429,NVDA,,126,17.7,17.0,,False
141,CPRT,"Copart, Inc.",Industrials,Specialty Business Services,Core,28.5,30.75,30.25,17.0,18.2,10.0,0.0,ok,0.0,ok,-2.09,,False,45.2,18.3,3.5,2.1,47.5,17.6,26.1,-10.4,-23.3,-0.145,0.292,ETN,,126,18.2,17.0,,False
142,CVNA,Carvana Co.,Consumer Cyclical,Auto & Truck Dealerships,Growth,77.9,70.28,69.3,16.0,19.7,10.0,0.0,ok,-0.5,ok,1.02,,False,45.2,31.1,0.5,52.4,19.4,58.8,46.9,-3.9,6.3,0.333,0.398,GOOG,,126,19.7,11.0,,False
143,ALAB,"Astera Labs, Inc.",Technology,Semiconductors,Growth,49.4,284.53,321.31,19.0,18.1,10.0,-2.0,ok,0.0,ok,-4.23,,False,45.1,44.5,0.2,104.5,75.1,25.8,48.2,25.1,123.5,0.588,0.627,TSM,,126,18.1,15.0,,False
144,LRCX,Lam Research Corporation,Technology,Semiconductor Equipment & Mate,Core,372.9,298.01,316.1,19.0,20.1,10.0,-4.0,ok,0.0,ok,-0.17,,False,45.1,25.6,0.8,30.0,50.5,65.1,44.0,13.2,28.5,0.66,0.762,TSM,,126,20.1,14.0,,False
145,FITB,Fifth Third Bancorp,Financial Services,Banks - Regional,Growth,49.4,54.43,56.48,18.0,17.1,10.0,0.0,ok,0.0,financial_na,,,False,45.1,11.0,,51.8,0.0,8.4,49.4,7.0,12.2,0.136,0.213,GOOG,,126,17.1,14.0,,False
146,PPG,"PPG Industries, Inc.",Basic Materials,Specialty Chemicals,Cyclical,23.4,105.05,114.92,17.5,19.1,10.0,0.0,ok,-1.5,ok,2.17,,False,45.1,12.1,4.7,7.2,41.2,19.3,31.9,-5.3,-8.8,0.345,0.335,ETN,,126,19.1,12.0,,False
147,TT,Trane Technologies plc,Industrials,Building Products & Equipment,Core,96.8,439.83,466.03,19.5,17.6,10.0,-2.0,ok,0.0,ok,0.77,,False,45.1,25.1,3.2,10.6,35.4,36.6,39.7,-1.1,-9.5,0.513,0.781,ETN,,126,17.6,14.0,,False
148,VRSK,"Verisk Analytics, Inc.",Industrials,Consulting Services,Core,22.9,175.86,190.34,18.0,18.6,10.0,0.0,ok,-1.5,ok,2.68,,False,45.1,20.2,4.6,4.4,70.2,,34.8,-9.2,-24.7,-0.327,0.53,ETN,,126,18.6,18.0,,False
149,NVR,"NVR, Inc.",Consumer Cyclical,Residential Construction,Core,16.3,6088.28,6375.18,16.5,18.6,10.0,0.0,ok,0.0,ok,-0.0,,False,45.1,14.8,5.6,-10.9,21.8,31.5,37.9,-10.4,-19.2,0.066,0.177,GOOG,,126,18.6,11.0,,False
150,GOOGL,Alphabet Inc.,Communication Services,Internet Content & Information,Core,4067.7,332.6,347.63,19.0,18.0,10.0,-2.0,ok,0.0,ok,-0.7,,False,45.0,22.4,0.6,24.2,60.9,48.7,42.5,-1.2,-4.2,0.517,0.995,GOOG,,126,18.0,15.0,,False
151,APA,APA Corporation,Energy,Oil & Gas E&P,Cyclical,15.6,44.53,42.3,21.0,14.0,10.0,0.0,ok,0.0,ok,0.6,,False,45.0,10.2,13.8,9.2,78.3,26.7,50.6,32.0,19.6,-0.352,0.313,GOOG,,126,14.0,14.0,,False
152,RJF,"Raymond James Financial, Inc.",Financial Services,Asset Management,Core,33.3,173.53,173.81,19.0,15.9,10.0,0.0,ok,0.0,financial_na,,,False,44.9,12.2,,15.1,93.2,18.4,51.8,8.2,6.7,0.234,0.346,GOOG,,126,15.9,16.0,,False
153,FIS,Fidelity National Information ,Technology,Information Technology Service,Core,19.9,38.52,41.9,22.0,16.4,10.0,0.0,ok,-3.5,ok,5.82,,False,44.9,5.7,13.4,29.1,35.8,22.3,39.4,-21.4,-35.6,-0.103,0.411,ETN,,126,16.4,15.0,,False
154,IBM,International Business Machine,Technology,Information Technology Service,Core,220.5,234.02,238.85,20.0,17.4,10.0,0.0,ok,-2.5,ok,3.47,,False,44.9,17.8,5.5,1.1,58.1,34.5,50.3,-10.0,-18.6,0.088,0.315,MSFT,,126,17.4,16.0,,False
155,CMCSA,Comcast Corporation,Communication Services,Telecom Services,Core,89.3,25.17,24.93,18.5,17.9,10.0,0.0,ok,-1.5,ok,2.43,,False,44.9,6.9,14.2,-1.2,69.4,11.5,40.1,-5.8,-29.3,-0.065,0.191,GOOG,,126,17.9,17.0,,False
156,TRMB,Trimble Inc.,Technology,Scientific & Technical Instrum,Core,13.3,56.84,56.47,17.0,18.3,10.0,0.0,ok,-0.5,ok,1.41,,False,44.8,13.8,5.2,11.0,71.8,-1.9,37.5,-11.9,-27.9,0.209,0.335,MSFT,,126,18.3,15.0,,False
157,TRV,"The Travelers Companies, Inc.",Financial Services,Insurance - Property & Casualt,Core,76.7,367.56,365.36,20.0,14.8,10.0,0.0,ok,0.0,financial_na,,,False,44.8,12.2,19.3,0.3,34.7,26.5,53.9,17.4,7.9,-0.284,0.31,TSM,,126,14.8,14.0,,False
158,TMUS,"T-Mobile US, Inc.",Communication Services,Telecom Services,Core,190.0,177.16,181.65,18.5,18.8,10.0,0.0,ok,-2.5,ok,3.42,,False,44.8,12.3,6.0,7.9,63.1,18.0,43.3,-8.6,-31.1,-0.231,0.354,TSM,,126,18.8,17.0,,False
159,PG,Procter & Gamble Company (The),Consumer Defensive,Household & Personal Products,Core,332.1,142.97,146.46,18.5,16.8,10.0,0.0,ok,-0.5,ok,1.01,,False,44.8,19.3,4.0,1.5,50.9,30.3,50.0,-2.6,-18.1,-0.07,0.234,GOOG,,126,16.8,17.0,,False
160,PSA,Public Storage,Real Estate,REIT - Industrial,Core,55.0,294.6,318.91,20.0,16.3,10.0,0.0,ok,-1.5,ok,2.89,,False,44.8,29.1,4.2,3.3,74.4,21.9,19.8,-0.8,-13.8,0.01,0.262,GOOG,,126,16.3,17.0,,False
161,VRTX,Vertex Pharmaceuticals Incorpo,Healthcare,Biotechnology,Core,130.4,514.56,510.3,19.5,15.3,10.0,0.0,ok,0.0,ok,-1.15,,False,44.8,25.4,2.0,12.5,55.0,23.5,34.9,10.0,-6.2,-0.022,0.168,AVGO,,126,15.3,16.0,,False
162,WRB,W.R. Berkley Corporation,Financial Services,Insurance - Property & Casualt,Core,26.0,70.05,71.02,20.0,14.8,10.0,0.0,ok,0.0,financial_na,,,False,44.8,14.5,11.7,1.2,43.8,20.2,55.7,1.5,-11.8,-0.374,0.398,TSM,,126,14.8,15.0,,False
163,TPL,Texas Pacific Land Corporation,Energy,Oil & Gas E&P,Growth,25.3,366.1,385.29,18.0,16.8,10.0,0.0,ok,0.0,ok,-0.31,,False,44.8,5.0,-0.1,31.2,93.3,36.6,48.1,-6.7,-44.6,0.053,0.186,CEG,,126,16.8,14.0,,False
164,HOOD,"Robinhood Markets, Inc.",Financial Services,Capital Markets,Growth,101.9,113.33,107.66,18.5,16.2,10.0,0.0,ok,0.0,financial_na,,,False,44.7,33.5,,32.3,91.9,23.6,62.9,19.1,35.1,0.447,0.364,NVDA,,126,16.2,16.0,,False
165,DHI,"D.R. Horton, Inc.",Consumer Cyclical,Residential Construction,Core,37.9,135.57,147.71,16.0,19.2,10.0,0.0,ok,-0.5,ok,1.24,,False,44.7,11.6,6.4,0.0,21.3,12.6,30.3,-9.3,-16.0,0.216,0.233,TSM,,126,19.2,11.0,,False
166,NEM,Newmont Corporation,Basic Materials,Gold,Cyclical,132.9,126.14,119.83,22.0,12.7,10.0,0.0,ok,0.0,ok,-0.2,,False,44.7,12.5,6.6,15.1,68.0,25.9,48.0,15.7,-3.6,0.449,0.43,CEG,,126,12.7,13.0,,False
167,ITW,Illinois Tool Works Inc.,Industrials,Specialty Industrial Machinery,Core,75.5,265.2,280.07,18.5,16.7,10.0,0.0,ok,-0.5,ok,1.84,,False,44.7,21.4,3.2,6.1,44.2,104.6,25.7,-0.4,-13.3,0.129,0.269,ETN,,126,16.7,15.0,,False
168,NWS,News Corporation,Communication Services,Entertainment,Core,17.6,32.78,32.53,17.0,17.7,10.0,0.0,ok,0.0,ok,0.61,,False,44.7,21.7,5.9,10.8,57.2,8.0,40.1,9.7,9.2,-0.102,0.313,ETN,,126,17.7,14.0,,False
169,SPG,"Simon Property Group, Inc.",Real Estate,REIT - Retail,Core,77.7,204.67,221.43,20.5,17.7,10.0,0.0,ok,-3.5,ok,5.54,,False,44.7,30.6,3.3,19.5,81.4,120.5,22.7,1.7,-4.7,-0.073,0.216,GOOG,,126,17.7,17.0,,False
170,CB,Chubb Limited,Financial Services,Insurance - Property & Casualt,Core,130.7,338.67,347.68,18.5,16.2,10.0,0.0,ok,0.0,financial_na,,,False,44.7,11.6,8.0,6.1,31.1,14.8,45.0,3.7,-10.7,-0.449,0.47,TSM,,126,16.2,14.0,,False
171,NOW,"ServiceNow, Inc.",Technology,Software - Application,Core,135.6,131.17,124.61,18.0,17.1,10.0,0.0,ok,-0.5,ok,1.31,,False,44.6,26.2,3.8,24.0,74.8,14.2,51.2,11.0,2.3,0.096,0.516,MSFT,,126,17.1,17.0,,False
172,OXY,Occidental Petroleum Corporati,Energy,Oil & Gas E&P,Growth,61.1,61.16,58.1,22.5,12.1,10.0,0.0,ok,0.0,ok,0.76,,False,44.6,15.5,6.2,53.4,73.3,10.6,47.8,16.3,-9.1,-0.346,0.372,GOOG,,126,12.1,14.0,,False
173,NWSA,News Corporation,Communication Services,Entertainment,Core,15.8,29.38,28.73,18.0,16.6,10.0,0.0,ok,0.0,ok,0.61,,False,44.6,19.4,6.6,10.8,57.2,8.0,46.6,12.0,10.8,-0.105,0.345,ETN,,126,16.6,14.0,,False
174,HWM,Howmet Aerospace Inc.,Industrials,Aerospace & Defense,Core,90.9,227.91,273.06,18.0,17.0,10.0,0.0,ok,-0.5,ok,1.47,,False,44.5,35.5,1.3,24.1,36.0,34.7,25.9,-7.3,-20.3,0.311,0.338,ETN,,126,17.0,14.0,,False
175,ICE,Intercontinental Exchange Inc.,Financial Services,Financial Data & Stock Exchang,Core,87.5,155.81,149.95,18.5,16.0,10.0,0.0,ok,0.0,financial_na,,,False,44.5,17.7,4.2,4.8,100.0,14.1,44.9,0.5,-15.2,-0.042,0.312,MSFT,,126,16.0,16.0,,False
176,MS,Morgan Stanley,Financial Services,Capital Markets,Core,334.0,212.66,215.81,20.0,16.5,10.0,-2.0,ok,0.0,financial_na,,,False,44.5,15.6,,28.0,87.6,18.0,59.1,11.3,24.7,0.523,0.452,ETN,,126,16.5,16.0,,False
177,STE,STERIS plc (Ireland),Healthcare,Medical Devices,Core,20.7,212.45,225.45,16.0,18.5,10.0,0.0,ok,0.0,ok,0.95,,False,44.5,17.3,3.9,7.3,44.4,11.4,12.9,-8.5,-13.7,-0.049,0.202,VRT,,126,18.5,16.0,,False
178,ROL,"Rollins, Inc.",Consumer Cyclical,Personal Services,Core,16.6,34.56,39.05,18.5,16.5,10.0,0.0,ok,-0.5,ok,1.16,,False,44.5,26.6,3.0,7.9,52.4,37.0,34.1,-33.2,-51.4,-0.053,0.239,GOOG,,126,16.5,14.0,,False
179,KLAC,KLA Corporation,Technology,Semiconductor Equipment & Mate,Core,231.5,177.18,200.17,18.0,16.5,10.0,0.0,ok,0.0,ok,0.21,,False,44.5,26.4,1.1,15.2,61.3,87.5,41.2,-84.4,-101.2,0.263,0.349,ETN,,126,16.5,15.0,,False
180,SNDK,Sandisk Corporation,Technology,Computer Hardware,Growth,247.8,1692.59,1607.96,22.5,13.9,10.0,-2.0,ok,0.0,ok,-0.36,,False,44.4,6.4,3.1,371.6,71.5,91.6,58.1,64.9,159.7,0.514,0.563,TSM,,126,13.9,15.0,,False
181,KEY,KeyCorp,Financial Services,Banks - Regional,Core,23.2,21.73,22.63,17.5,16.9,10.0,0.0,ok,0.0,financial_na,,,False,44.4,10.2,,10.1,0.0,10.3,47.6,1.5,-0.7,0.255,0.29,ETN,,126,16.9,14.0,,False
182,DLTR,"Dollar Tree, Inc.",Consumer Defensive,Discount Stores,Core,22.3,118.66,127.18,18.5,17.4,10.0,0.0,ok,-1.5,ok,2.64,,False,44.4,15.0,4.7,7.0,37.2,46.0,38.0,1.1,-7.5,0.089,0.206,MSFT,,126,17.4,16.0,,False
183,PNC,"PNC Financial Services Group, ",Financial Services,Banks - Regional,Core,96.9,242.98,249.23,18.5,15.9,10.0,0.0,ok,0.0,financial_na,,,False,44.4,11.4,,23.6,0.0,12.6,52.7,8.2,7.0,0.1,0.234,GOOG,,126,15.9,14.0,,False
184,AMGN,Amgen Inc.,Healthcare,Drug Manufacturers - General,Core,206.8,382.47,398.78,21.0,14.9,10.0,0.0,ok,-1.5,ok,2.51,,False,44.4,15.7,4.2,9.5,71.9,91.5,24.4,7.1,-9.0,-0.054,0.114,AVGO,,126,14.9,17.0,,False
185,GIS,"General Mills, Inc.",Consumer Defensive,Packaged Foods,Core,19.2,35.96,37.87,16.0,18.4,10.0,0.0,ok,0.0,ok,-0.12,,False,44.4,11.2,12.0,2.2,33.7,-1.0,31.4,-8.5,-21.0,-0.26,0.402,ETN,,126,18.4,16.0,,False
186,TER,"Teradyne, Inc.",Technology,Semiconductor Equipment & Mate,Growth,57.9,370.19,366.77,20.0,16.3,10.0,-2.0,ok,0.0,ok,-0.17,,False,44.3,31.8,0.8,103.9,59.2,36.5,45.3,15.9,15.4,0.586,0.706,ETN,,126,16.3,14.0,,False
187,EMR,Emerson Electric Company,Industrials,Specialty Industrial Machinery,Core,82.8,148.37,149.86,18.5,18.3,10.0,-2.0,ok,-0.5,ok,1.92,,False,44.3,20.5,4.5,7.0,53.2,12.8,39.1,4.1,-1.1,0.525,0.64,ETN,,126,18.3,15.0,,False
188,CMG,"Chipotle Mexican Grill, Inc.",Consumer Cyclical,Restaurants,Core,45.7,36.13,35.05,18.5,17.3,10.0,0.0,ok,-1.5,ok,2.08,,False,44.3,26.4,2.4,9.3,39.4,49.6,55.0,3.4,-2.8,0.083,0.331,MSFT,,126,17.3,11.0,,False
189,GEHC,GE HealthCare Technologies Inc,Healthcare,Medical Devices,Core,29.0,64.24,68.32,17.5,18.2,10.0,0.0,ok,-1.5,ok,2.36,,False,44.2,11.9,5.4,5.8,39.5,19.4,7.7,-11.5,-22.4,0.023,0.212,GOOG,,126,18.2,15.0,,False
190,HD,"Home Depot, Inc. (The)",Consumer Cyclical,Home Improvement Retail,Core,305.0,305.69,336.67,17.0,18.7,10.0,0.0,ok,-1.5,ok,2.48,,False,44.2,19.1,3.5,5.7,32.8,104.3,17.8,-10.8,-23.6,0.19,0.276,GOOG,,126,18.7,11.0,,False
191,SNA,Snap-On Incorporated,Industrials,Tools & Accessories,Core,19.4,374.83,401.36,17.5,16.6,10.0,0.0,ok,0.0,ok,-0.24,,False,44.1,17.6,5.7,4.2,51.8,17.9,27.2,-0.4,-10.9,0.199,0.35,ETN,,126,16.6,15.0,,False
192,LII,"Lennox International, Inc.",Industrials,Building Products & Equipment,Core,12.9,372.62,461.48,18.5,16.0,10.0,0.0,ok,-0.5,ok,1.68,,False,44.0,14.2,2.2,3.0,33.3,71.8,29.2,-24.9,-36.3,0.381,0.518,VRT,,126,16.0,14.0,,False
193,MDB,"MongoDB, Inc.",Technology,Software - Infrastructure,Growth,30.1,373.87,375.45,14.0,20.0,10.0,0.0,ok,0.0,ok,-170.08,,False,44.0,48.0,1.9,30.5,72.7,2.0,39.6,9.0,29.6,0.263,0.442,MSFT,,126,20.0,17.0,,False
194,ISRG,"Intuitive Surgical, Inc.",Healthcare,Medical Instruments & Supplies,Core,129.1,360.46,378.12,18.0,16.0,10.0,0.0,ok,0.0,ok,-1.25,,False,44.0,29.9,2.0,18.5,66.7,17.4,39.7,-21.8,-38.6,0.171,0.325,GOOG,,126,16.0,17.0,,False
195,GEN,Gen Digital Inc.,Technology,Software - Infrastructure,Core,17.9,29.97,28.47,22.0,14.5,10.0,0.0,ok,-2.5,ok,3.17,,False,44.0,9.1,8.6,6.3,78.0,41.9,62.9,22.1,29.7,0.156,0.408,MSFT,,126,14.5,17.0,,False
196,AIG,"American International Group, ",Financial Services,Insurance - Diversified,Core,39.2,75.03,77.87,17.0,17.0,10.0,0.0,ok,0.0,financial_na,,,False,44.0,8.5,18.8,0.5,35.1,7.2,45.7,-2.7,-15.1,-0.171,0.234,TSM,,126,17.0,14.0,,False
197,HUBB,Hubbell Inc,Industrials,Electrical Equipment & Parts,Core,23.9,452.41,481.42,18.5,17.9,10.0,0.0,ok,-2.5,ok,3.41,,False,43.9,19.7,2.1,15.3,35.3,24.4,38.8,-6.9,-17.2,0.402,0.624,ETN,,126,17.9,14.0,,False
198,TYL,"Tyler Technologies, Inc.",Technology,Software - Application,Core,13.7,335.48,328.23,16.0,18.4,10.0,0.0,ok,-0.5,ok,1.06,,False,43.9,21.9,4.3,8.2,47.2,9.7,43.7,-5.7,-16.7,-0.236,0.544,ETN,,126,18.4,16.0,,False
199,OMC,Omnicom Group Inc.,Communication Services,Advertising Agencies,Growth,21.8,79.45,83.08,18.5,16.9,10.0,0.0,ok,-1.5,ok,2.2,,False,43.9,6.6,19.5,63.4,19.0,6.1,31.3,2.1,-11.8,-0.034,0.182,ETN,,126,16.9,13.0,,False
200,PH,Parker-Hannifin Corporation,Industrials,Specialty Industrial Machinery,Core,117.8,934.34,989.8,17.5,16.9,10.0,0.0,ok,-0.5,ok,1.45,,False,43.9,23.9,2.5,9.8,37.5,25.1,31.2,-0.2,-10.0,0.297,0.505,ETN,,126,16.9,14.0,,False
201,EME,"EMCOR Group, Inc.",Industrials,Engineering & Construction,Core,33.0,748.33,775.88,18.0,17.9,10.0,-2.0,ok,0.0,ok,-0.19,,False,43.9,20.4,3.0,19.8,19.4,40.3,39.6,-1.7,-8.4,0.638,0.715,ETN,,126,17.9,14.0,,False
202,BBY,"Best Buy Co., Inc.",Consumer Cyclical,Specialty Retail,Core,18.5,88.09,84.71,18.0,15.8,10.0,0.0,ok,0.0,ok,0.66,,False,43.8,12.2,7.6,3.6,22.6,43.1,54.6,23.7,29.1,-0.042,0.163,VRT,,126,15.8,11.0,,False
203,ALB,Albemarle Corporation,Basic Materials,Specialty Chemicals,Growth,14.4,122.11,127.56,19.0,14.8,10.0,0.0,ok,0.0,ok,0.25,,False,43.8,10.8,9.3,31.1,24.0,2.6,38.1,-22.0,-39.1,0.266,0.255,CEG,,126,14.8,11.0,,False
204,GPN,Global Payments Inc.,Industrials,Specialty Business Services,Growth,23.4,88.55,85.67,21.0,16.3,10.0,0.0,ok,-3.5,ok,4.05,,False,43.8,5.5,,68.6,64.0,2.4,39.6,16.8,12.1,0.181,0.29,MSFT,,126,16.3,18.0,fcf_yield_out_of_range(33.6),False
205,MTD,"Mettler-Toledo International, ",Healthcare,Diagnostics & Research,Core,25.7,1280.58,1362.53,16.5,17.7,10.0,0.0,ok,-0.5,ok,1.64,,False,43.7,24.8,2.7,4.5,60.3,,15.2,-2.8,-4.1,0.177,0.181,TSM,,126,17.7,17.0,,False
206,JKHY,"Jack Henry & Associates, Inc.",Technology,Information Technology Service,Core,11.3,161.42,156.56,17.5,16.2,10.0,0.0,ok,0.0,ok,0.09,,False,43.7,20.6,3.1,4.7,43.9,24.0,43.9,1.1,-16.7,-0.186,0.44,ETN,,126,16.2,16.0,,False
207,WTW,Willis Towers Watson Public Li,Financial Services,Insurance Brokers,Core,29.3,315.41,319.28,17.5,16.1,10.0,0.0,ok,0.0,financial_na,,,False,43.6,13.8,4.8,9.1,42.5,19.8,32.1,5.3,-3.4,-0.133,0.454,MSFT,,126,16.1,15.0,,False
208,ACGL,Arch Capital Group Ltd.,Financial Services,Insurance - Diversified,Core,32.8,96.2,99.97,16.5,17.1,10.0,0.0,ok,0.0,financial_na,,,False,43.6,9.9,13.1,-10.5,38.8,19.9,37.6,0.0,-11.7,-0.357,0.422,TSM,,126,17.1,14.0,,False
209,DOV,Dover Corporation,Industrials,Specialty Industrial Machinery,Core,25.2,187.37,205.3,16.0,17.6,10.0,0.0,ok,0.0,ok,0.79,,False,43.6,16.1,3.6,6.9,40.1,14.9,33.0,-10.8,-21.8,0.381,0.525,ETN,,126,17.6,15.0,,False
210,JBL,Jabil Inc.,Technology,Electronic Components,Core,31.7,302.8,323.29,16.5,19.6,10.0,-2.0,ok,-0.5,ok,1.08,,False,43.6,18.0,3.8,11.8,9.2,65.9,38.9,2.8,6.3,0.639,0.731,ETN,,126,19.6,13.0,,False
211,BAC,Bank of America Corporation,Financial Services,Banks - Diversified,Core,437.5,62.56,61.92,17.5,16.0,10.0,0.0,ok,0.0,financial_na,,,False,43.5,11.8,,16.8,0.0,11.2,56.0,13.9,19.0,0.193,0.259,GOOG,,126,16.0,14.0,,False
212,ABT,Abbott Laboratories,Healthcare,Medical Devices,Core,178.9,103.36,105.1,18.5,16.5,10.0,0.0,ok,-1.5,ok,2.32,,False,43.5,17.0,4.0,13.0,56.8,10.6,23.9,-2.0,-17.6,-0.182,0.309,AVGO,,126,16.5,16.0,,False
213,ETN,"Eaton Corporation, PLC",Industrials,Specialty Industrial Machinery,Core,158.9,409.15,415.51,15.5,16.3,16.2,-2.0,ok,-2.5,ok,3.11,,False,43.5,25.4,2.0,21.4,36.0,19.7,46.9,7.3,3.9,0.606,0.792,VRT,,126,16.3,19.0,,True
214,ERIE,Erie Indemnity Company,Financial Services,Insurance Brokers,Core,12.6,240.4,246.73,16.0,17.5,10.0,0.0,ok,0.0,financial_na,,,False,43.5,17.2,3.8,2.8,17.9,24.8,27.0,-4.8,-14.3,-0.388,0.397,TSM,,126,17.5,14.0,,False
215,FDX,FedEx Corporation,Industrials,Integrated Freight & Logistics,Core,73.8,311.8,319.0,18.0,17.0,10.0,0.0,ok,-1.5,ok,2.48,,False,43.5,14.9,7.7,12.5,27.3,14.8,37.6,-6.6,-25.5,0.199,0.242,GOOG,,126,17.0,14.0,,False
216,USB,U.S. Bancorp,Financial Services,Banks - Regional,Core,97.2,62.41,63.14,17.5,16.0,10.0,0.0,ok,0.0,financial_na,,,False,43.5,10.8,,10.4,0.0,12.6,54.6,10.2,8.7,0.137,0.259,GOOG,,126,16.0,14.0,,False
217,UNH,UnitedHealth Group Incorporate,Healthcare,Healthcare Plans,Core,348.5,388.28,410.12,15.5,18.4,10.0,0.0,ok,-0.5,ok,1.57,,False,43.4,17.3,7.0,0.4,19.7,14.2,52.7,10.4,26.4,0.043,0.153,CEG,,126,18.4,15.0,,False
218,SHW,Sherwin-Williams Company (The),Basic Materials,Specialty Chemicals,Cyclical,77.1,317.44,341.64,18.5,17.4,10.0,0.0,ok,-2.5,ok,3.13,,False,43.4,23.3,3.3,7.5,49.0,65.1,17.0,-4.9,-13.9,0.239,0.316,GOOG,,126,17.4,12.0,,False
219,EQT,EQT Corporation,Energy,Oil & Gas E&P,Cyclical,34.4,54.96,52.8,18.5,14.9,10.0,0.0,ok,0.0,ok,0.79,,False,43.4,14.0,7.2,-3.9,80.7,11.1,61.0,-1.8,-28.5,-0.067,0.15,CEG,,126,14.9,14.0,,False
220,INVH,Invitation Homes Inc.,Real Estate,REIT - Residential,Core,16.3,27.56,29.75,19.0,17.9,10.0,0.0,ok,-3.5,ok,5.65,,False,43.4,40.3,7.2,10.1,56.3,7.1,10.5,-0.6,-2.7,-0.15,0.28,AVGO,,126,17.9,16.0,,False
221,NDSN,Nordson Corporation,Industrials,Specialty Industrial Machinery,Core,17.1,307.45,305.52,18.0,15.9,10.0,0.0,ok,-0.5,ok,1.78,,False,43.4,23.8,3.6,10.3,55.4,17.8,16.4,9.8,1.4,0.39,0.464,ETN,,126,15.9,15.0,,False
222,GRMN,Garmin Ltd.,Technology,Scientific & Technical Instrum,Core,52.5,272.2,274.83,17.0,16.4,10.0,0.0,ok,0.0,ok,-1.06,,False,43.4,24.7,2.0,11.4,60.1,21.9,16.6,13.8,2.1,0.19,0.193,TSM,,126,16.4,15.0,,False
223,BKR,Baker Hughes Company,Energy,Oil & Gas Equipment & Services,Cyclical,59.0,59.4,60.33,16.0,17.4,10.0,0.0,ok,0.0,ok,-0.16,,False,43.4,19.1,7.5,-2.4,23.7,16.5,32.8,1.4,-7.2,0.233,0.302,CEG,,126,17.4,14.0,,False
224,TTD,"The Trade Desk, Inc.",Communication Services,Advertising Agencies,Speculative,6.6,13.97,16.31,19.5,13.9,10.0,0.0,ok,0.0,ok,-1.51,,False,43.4,13.9,8.9,3.0,76.9,15.4,58.5,-43.3,-61.1,0.058,0.289,MSFT,,126,13.9,15.0,,False
225,STX,Seagate Technology Holdings PL,Technology,Computer Hardware,Growth,196.1,862.33,849.91,20.0,15.3,10.0,-2.0,ok,0.0,ok,0.49,,False,43.3,15.6,1.0,48.5,45.6,371.5,52.0,43.1,117.2,0.509,0.598,ETN,,126,15.3,14.0,,False
226,CHD,"Church & Dwight Company, Inc.",Consumer Defensive,Household & Personal Products,Core,22.3,93.94,99.1,17.5,16.3,10.0,0.0,ok,-0.5,ok,1.6,,False,43.3,23.3,4.2,1.6,45.6,17.0,37.9,-1.0,-18.7,-0.126,0.23,AVGO,,126,16.3,17.0,,False
227,ACMR,"ACM Research, Inc.",Technology,Semiconductor Equipment & Mate,Growth,5.0,72.39,83.3,14.5,20.8,10.0,-2.0,ok,0.0,ok,-6.83,,False,43.3,25.0,-3.7,36.0,43.8,11.6,40.0,13.3,46.1,0.574,0.682,TSM,,126,20.8,14.0,,False
228,ZBH,"Zimmer Biomet Holdings, Inc.",Healthcare,Medical Devices,Core,17.6,92.44,95.15,18.0,16.8,10.0,0.0,ok,-1.5,ok,2.79,,False,43.3,10.2,6.2,4.8,69.9,6.4,30.4,1.3,-13.7,-0.076,0.196,ETN,,126,16.8,17.0,,False
229,BXP,"BXP, Inc.",Real Estate,REIT - Office,Core,11.5,63.72,68.49,18.0,20.3,10.0,0.0,ok,-5.0,ok,9.81,,False,43.3,28.7,7.6,3.7,56.5,5.3,36.7,1.1,8.7,0.059,0.185,GOOG,,126,20.3,16.0,,False
230,EL,"Estee Lauder Companies, Inc. (",Consumer Defensive,Household & Personal Products,Core,34.9,96.47,91.65,17.0,17.8,10.0,0.0,ok,-1.5,ok,2.34,,False,43.3,24.7,5.2,6.3,75.5,4.7,50.6,4.5,0.7,0.193,0.287,GOOG,,126,17.8,18.0,,False
231,TGT,Target Corporation,Consumer Defensive,Discount Stores,Core,70.7,155.73,148.46,17.5,16.3,10.0,0.0,ok,-0.5,ok,1.6,,False,43.3,16.3,4.9,5.3,28.4,26.4,46.7,26.9,22.0,-0.008,0.154,GOOG,,126,16.3,16.0,,False
232,DDOG,"Datadog, Inc.",Technology,Software - Application,Growth,79.6,221.72,247.41,15.0,18.3,10.0,0.0,ok,0.0,ok,-44.73,,False,43.3,74.7,1.3,35.6,79.5,4.7,44.5,25.2,60.6,0.141,0.304,MSFT,,126,18.3,17.0,,False
233,EW,Edwards Lifesciences Corporati,Healthcare,Medical Devices,Core,50.0,86.77,89.38,16.5,16.7,10.0,0.0,ok,0.0,ok,-1.78,,False,43.2,25.7,2.5,13.6,77.8,9.2,31.8,2.1,-11.2,0.181,0.294,GOOG,,126,16.7,17.0,,False
234,MU,"Micron Technology, Inc.",Technology,Semiconductors,Growth,1103.9,977.41,929.75,20.0,15.1,10.0,-2.0,ok,0.0,ok,-0.29,,False,43.1,6.3,0.7,345.7,72.6,66.6,50.5,58.1,127.5,0.528,0.619,TSM,,126,15.1,15.0,,False
235,EXE,Expand Energy Corporation,Energy,Oil & Gas E&P,Cyclical,22.4,96.87,93.33,16.5,16.6,10.0,0.0,ok,0.0,ok,0.46,,False,43.1,11.1,6.5,-10.6,47.1,14.9,53.5,-3.3,-23.4,-0.101,0.15,AVGO,,126,16.6,13.0,,False
236,WM,"Waste Management, Inc.",Industrials,Waste Management,Core,85.8,214.77,227.88,17.5,17.1,10.0,0.0,ok,-1.5,ok,2.93,,False,43.1,23.6,2.7,4.0,40.6,29.8,30.3,-4.5,-23.4,-0.45,0.472,TSM,,126,17.1,15.0,,False
237,AIZ,"Assurant, Inc.",Financial Services,Insurance - Property & Casualt,Core,13.9,280.97,281.5,15.5,17.6,10.0,0.0,ok,0.0,financial_na,,,False,43.1,12.0,15.5,9.4,13.3,18.3,48.5,14.0,16.7,-0.046,0.152,TSM,,126,17.6,14.0,,False
238,HST,"Host Hotels & Resorts, Inc.",Real Estate,REIT - Hotel & Motel,Core,15.4,22.14,23.35,17.0,17.6,10.0,0.0,ok,-1.5,ok,2.18,,False,43.1,21.0,11.0,3.6,29.2,15.6,30.9,6.1,5.9,0.107,0.299,GOOG,,126,17.6,15.0,,False
239,LDOS,"Leidos Holdings, Inc.",Technology,Information Technology Service,Core,16.3,129.55,124.61,17.0,17.5,10.0,0.0,ok,-1.5,ok,2.45,,False,43.0,10.2,7.1,7.2,17.8,27.8,29.1,-14.8,-39.1,0.064,0.193,MSFT,,126,17.5,15.0,,False
240,TDG,Transdigm Group Incorporated,Industrials,Aerospace & Defense,Core,62.3,1126.88,1230.31,18.5,19.5,10.0,0.0,ok,-5.0,ok,6.03,,False,43.0,23.3,2.3,22.5,59.8,,31.1,-11.0,-21.9,0.234,0.365,GOOG,,126,19.5,15.0,,False
241,MCD,McDonald's Corporation,Consumer Cyclical,Restaurants,Core,179.1,253.05,268.57,16.5,19.0,10.0,0.0,ok,-2.5,ok,3.6,,False,43.0,18.1,3.5,3.7,57.4,,25.7,-14.1,-35.7,-0.143,0.249,NVDA,,126,19.0,12.0,,False
242,PHM,"PulteGroup, Inc.",Consumer Cyclical,Residential Construction,Core,22.2,116.41,127.64,15.0,18.0,10.0,0.0,ok,0.0,ok,0.42,,False,43.0,10.4,4.9,-9.6,25.6,14.9,26.4,-7.0,-16.9,0.183,0.223,GOOG,,126,18.0,11.0,,False
243,JBHT,"J.B. Hunt Transport Services, ",Industrials,Integrated Freight & Logistics,Core,25.2,267.83,275.38,14.0,18.9,10.0,0.0,ok,0.0,ok,0.84,,False,42.9,26.5,3.6,19.4,18.5,18.4,44.6,12.2,19.6,0.186,0.221,TSM,,126,18.9,14.0,,False
244,ORLY,"O'Reilly Automotive, Inc.",Consumer Cyclical,Auto Parts,Core,69.2,85.51,88.72,15.5,18.9,10.0,0.0,ok,-1.5,ok,2.24,,False,42.9,23.4,2.3,8.1,51.6,,33.7,-7.0,-21.8,-0.138,0.185,NVDA,,126,18.9,12.0,,False
245,MCHP,Microchip Technology Incorpora,Technology,Semiconductors,Growth,38.9,71.58,78.86,17.5,19.9,10.0,-2.0,ok,-2.5,ok,3.4,,False,42.9,15.7,3.5,38.0,60.2,7.2,36.2,-7.7,0.3,0.559,0.611,ETN,,126,19.9,15.0,,False
246,FRT,Federal Realty Investment Trus,Real Estate,REIT - Retail,Core,10.0,114.84,120.36,18.5,17.8,10.0,0.0,ok,-3.5,ok,5.65,,False,42.8,36.0,4.5,7.2,68.1,12.6,35.9,3.6,-3.6,-0.038,0.146,CEG,,126,17.8,17.0,,False
247,ARM,Arm Holdings plc,Technology,Semiconductors,Core,271.5,254.18,268.53,16.5,18.3,10.0,-2.0,ok,0.0,ok,-3.2,,False,42.8,83.0,0.5,22.4,97.5,13.4,51.8,24.8,107.0,0.581,0.611,TSM,,126,18.3,15.0,,False
248,ULTA,"Ulta Beauty, Inc.",Consumer Cyclical,Specialty Retail,Core,22.9,535.63,510.23,18.5,14.8,10.0,0.0,ok,-0.5,ok,1.19,,False,42.8,16.7,4.0,8.9,43.1,46.1,57.8,-3.8,-28.0,0.124,0.169,MSFT,,126,14.8,12.0,,False
249,CIEN,Ciena Corporation,Technology,Communication Equipment,Growth,47.4,334.56,396.04,17.0,17.8,10.0,-2.0,ok,0.0,ok,0.64,,False,42.8,28.8,1.3,37.0,44.1,22.4,34.4,-11.8,-14.4,0.512,0.599,ETN,,126,17.8,14.0,,False
250,FFIV,"F5, Inc.",Technology,Software - Infrastructure,Core,22.6,398.48,404.09,18.0,14.8,10.0,0.0,ok,0.0,ok,-1.47,,False,42.8,22.0,3.2,10.9,81.9,19.8,59.1,20.8,27.2,0.307,0.282,AVGO,,126,14.8,17.0,,False
251,PKG,Packaging Corporation of Ameri,Consumer Cyclical,Packaging & Containers,Core,20.7,232.41,241.78,15.5,17.7,10.0,0.0,ok,-0.5,ok,1.91,,False,42.7,18.0,2.1,14.7,21.4,14.9,33.0,4.1,-4.6,0.139,0.263,ETN,,126,17.7,11.0,,False
252,L,Loews Corporation,Financial Services,Insurance - Property & Casualt,Core,22.3,109.08,113.47,16.0,16.7,10.0,0.0,ok,0.0,financial_na,,,False,42.7,37.6,5.7,3.9,36.3,9.3,42.2,0.2,-13.2,-0.232,0.278,TSM,,126,16.7,14.0,,False
253,FTV,Fortive Corporation,Technology,Scientific & Technical Instrum,Core,16.5,54.51,60.32,17.0,17.2,10.0,0.0,ok,-1.5,ok,2.61,,False,42.7,16.8,5.7,7.9,63.2,7.3,26.6,-6.2,-14.4,0.2,0.278,VRT,,126,17.2,15.0,,False
254,MAA,Mid-America Apartment Communit,Real Estate,REIT - Residential,Core,14.8,124.48,132.96,18.0,18.1,10.0,0.0,ok,-3.5,ok,4.57,,False,42.6,38.0,6.2,1.0,58.4,7.0,22.8,-5.1,-15.1,-0.266,0.356,AVGO,,126,18.1,16.0,,False
255,ZBRA,Zebra Technologies Corporation,Technology,Communication Equipment,Core,16.3,344.01,326.81,18.0,16.1,10.0,0.0,ok,-1.5,ok,2.37,,False,42.6,15.5,3.5,20.4,49.6,15.3,38.7,32.8,54.8,0.343,0.32,AVGO,,126,16.1,14.0,,False
256,SOLV,Solventum Corporation,Healthcare,Medical Instruments & Supplies,Core,14.9,87.65,84.67,18.5,17.6,10.0,0.0,ok,-3.5,ok,4.29,,False,42.6,12.1,3.3,2.2,54.8,34.0,45.3,13.0,18.8,0.028,0.287,GOOG,,126,17.6,16.0,,False
257,KVUE,Kenvue Inc.,Consumer Defensive,Household & Personal Products,Core,34.2,17.79,19.11,17.5,16.6,10.0,0.0,ok,-1.5,ok,2.16,,False,42.6,14.3,5.6,3.0,58.4,15.6,30.9,-0.1,-10.2,-0.118,0.225,ETN,,126,16.6,17.0,,False
258,GNRC,Generac Holdlings Inc.,Industrials,Specialty Industrial Machinery,Core,10.7,181.67,210.6,15.5,17.6,10.0,0.0,ok,-0.5,ok,1.79,,False,42.6,15.4,2.7,10.6,39.5,9.5,27.9,-13.1,-24.8,0.427,0.638,ETN,,126,17.6,14.0,,False
259,NKE,"Nike, Inc.",Consumer Cyclical,Footwear & Accessories,Core,54.3,36.62,41.28,16.5,16.0,10.0,0.0,ok,0.0,ok,0.41,,False,42.5,16.0,3.5,-1.1,43.2,22.1,28.4,-28.0,-46.1,0.081,0.214,MSFT,,126,16.0,12.0,,False
260,RF,Regions Financial Corporation,Financial Services,Banks - Regional,Core,25.5,29.95,30.87,16.5,16.0,10.0,0.0,ok,0.0,financial_na,,,False,42.5,10.5,,3.4,0.0,11.9,46.3,5.3,4.5,0.121,0.273,GOOG,,126,16.0,14.0,,False
261,MTB,M&T Bank Corporation,Financial Services,Banks - Regional,Core,34.5,239.02,244.88,16.5,16.0,10.0,0.0,ok,0.0,financial_na,,,False,42.5,11.3,,6.2,0.0,10.7,51.4,8.1,6.8,0.082,0.246,GOOG,,126,16.0,14.0,,False
262,DOC,"Healthpeak Properties, Inc.",Real Estate,REIT - Healthcare Facilities,Core,14.4,20.37,21.47,18.0,18.0,10.0,0.0,ok,-3.5,ok,5.53,,False,42.5,145.5,11.4,11.1,57.6,3.0,30.9,10.4,8.8,0.028,0.158,GOOG,,126,18.0,16.0,,False
263,JNJ,Johnson & Johnson,Healthcare,Drug Manufacturers - General,Core,641.9,266.35,262.48,18.5,14.0,10.0,0.0,ok,0.0,ok,0.81,,False,42.5,21.6,2.6,6.6,68.1,25.7,48.8,12.7,-3.7,-0.403,0.399,AVGO,,126,14.0,17.0,,False
264,FAST,Fastenal Company,Industrials,Industrial Distribution,Core,56.2,49.01,48.77,17.0,15.5,10.0,0.0,ok,0.0,ok,0.12,,False,42.5,35.0,1.6,14.7,44.7,34.3,40.1,8.1,-4.9,0.11,0.277,ETN,,126,15.5,15.0,,False
265,TKO,"TKO Group Holdings, Inc.",Communication Services,Entertainment,Core,35.9,189.64,188.61,16.5,17.5,10.0,0.0,ok,-1.5,ok,2.69,,False,42.5,40.4,2.4,18.2,59.5,7.1,42.9,-3.8,-19.2,0.123,0.17,GOOG,,126,17.5,14.0,,False
266,DRI,"Darden Restaurants, Inc.",Consumer Cyclical,Restaurants,Core,23.6,207.53,209.71,18.0,16.9,10.0,0.0,ok,-2.5,ok,3.7,,False,42.4,16.8,3.4,13.7,21.7,53.7,38.7,3.3,-8.4,-0.065,0.12,MSFT,,126,16.9,11.0,,False
267,COST,Costco Wholesale Corporation,Consumer Defensive,Discount Stores,Core,400.2,902.38,941.18,14.0,18.4,10.0,0.0,ok,0.0,ok,-0.07,,False,42.4,39.9,1.7,21.5,12.9,29.2,37.9,-5.9,-23.7,-0.336,0.352,AVGO,,126,18.4,16.0,,False
268,ROST,"Ross Stores, Inc.",Consumer Cyclical,Apparel Retail,Core,72.3,225.48,235.42,18.0,14.4,10.0,0.0,ok,0.0,ok,0.12,,False,42.4,25.2,2.8,13.3,33.4,42.6,45.0,5.6,-6.1,0.143,0.154,GOOG,,126,14.4,11.0,,False
269,TMO,Thermo Fisher Scientific Inc,Healthcare,Diagnostics & Research,Core,223.0,603.18,576.56,17.0,17.9,10.0,0.0,ok,-2.5,ok,3.28,,False,42.4,21.9,2.8,10.5,41.0,13.5,34.8,12.5,13.1,0.07,0.168,MSFT,,126,17.9,16.0,,False
270,MO,"Altria Group, Inc.",Consumer Defensive,Tobacco,Core,114.9,68.79,69.53,19.0,13.9,10.0,0.0,ok,-0.5,ok,1.41,,False,42.4,11.7,7.8,1.2,87.0,,58.4,4.2,-10.5,-0.494,0.474,TSM,,126,13.9,18.0,,False
271,AME,"AMETEK, Inc.",Industrials,Specialty Industrial Machinery,Core,53.7,234.24,241.18,17.0,17.3,10.0,-2.0,ok,0.0,ok,0.73,,False,42.3,24.4,2.8,15.0,36.9,14.6,42.2,3.4,-4.9,0.509,0.706,ETN,,126,17.3,14.0,,False
272,KEYS,Keysight Technologies Inc.,Technology,Scientific & Technical Instrum,Growth,55.4,325.65,325.54,20.5,13.8,10.0,-2.0,ok,0.0,ok,0.09,,False,42.3,23.9,3.4,36.5,63.3,20.9,58.3,12.0,1.4,0.607,0.75,ETN,,126,13.8,15.0,,False
273,KO,Coca-Cola Company (The),Consumer Defensive,Beverages - Non-Alcoholic,Core,377.9,87.83,86.41,17.0,15.8,10.0,0.0,ok,-0.5,ok,1.64,,False,42.3,24.9,1.4,6.7,61.9,42.1,36.1,11.9,0.2,-0.328,0.396,ETN,,126,15.8,18.0,,False
274,CFG,"Citizens Financial Group, Inc.",Financial Services,Banks - Regional,Core,29.3,69.63,71.44,16.0,16.3,10.0,0.0,ok,0.0,financial_na,,,False,42.3,10.7,,14.7,0.0,8.3,49.5,8.9,9.4,0.206,0.234,GOOG,,126,16.3,14.0,,False
275,CSGP,"CoStar Group, Inc.",Real Estate,Real Estate Services,Core,11.9,29.49,30.32,16.5,15.8,10.0,0.0,ok,0.0,ok,-0.28,,False,42.3,17.0,3.5,18.4,78.7,0.9,28.8,-31.7,-45.8,-0.164,0.445,ETN,,126,15.8,19.0,,False
276,UDR,"UDR, Inc.",Real Estate,REIT - Residential,Core,12.9,35.14,38.43,18.5,17.3,10.0,0.0,ok,-3.5,ok,5.76,,False,42.3,62.8,6.0,-0.1,66.6,13.7,18.5,-4.6,-15.0,-0.216,0.333,AVGO,,126,17.3,17.0,,False
277,IR,Ingersoll Rand Inc.,Industrials,Specialty Industrial Machinery,Core,28.4,73.09,81.22,14.5,18.2,10.0,0.0,ok,-0.5,ok,1.85,,False,42.2,18.7,3.9,8.5,42.8,9.5,29.0,-10.9,-23.7,0.343,0.449,ETN,,126,18.2,15.0,,False
278,CME,CME Group Inc.,Financial Services,Financial Data & Stock Exchang,Core,98.5,274.07,261.77,17.0,15.2,10.0,0.0,ok,0.0,financial_na,,,False,42.2,21.2,3.0,0.8,100.0,15.8,53.9,-0.8,-25.7,-0.235,0.399,TSM,,126,15.2,16.0,,False
279,IEX,IDEX Corporation,Industrials,Specialty Industrial Machinery,Core,16.3,221.46,228.6,16.0,16.7,10.0,0.0,ok,-0.5,ok,1.31,,False,42.2,23.0,3.4,6.4,44.7,13.0,30.4,7.1,4.0,0.309,0.445,ETN,,126,16.7,15.0,,False
280,CAT,"Caterpillar, Inc.",Industrials,Farm & Heavy Construction Mach,Core,370.0,805.0,859.64,18.0,17.7,10.0,-2.0,ok,-1.5,ok,2.41,,False,42.2,24.9,1.4,24.0,29.7,57.0,46.4,3.7,1.3,0.545,0.796,ETN,,126,17.7,14.0,,False
281,FTNT,"Fortinet, Inc.",Technology,Software - Infrastructure,Core,116.6,158.85,159.04,19.0,13.2,10.0,0.0,ok,0.0,ok,-1.35,,False,42.2,42.1,1.9,25.6,80.2,117.4,56.9,42.8,74.4,0.209,0.288,MSFT,,126,13.2,17.0,,False
282,FIX,"Comfort Systems USA, Inc.",Industrials,Engineering & Construction,Core,56.0,1590.81,1692.32,17.0,17.1,10.0,-2.0,ok,0.0,ok,0.12,,False,42.1,26.4,3.3,1.0,25.7,55.3,40.9,5.9,2.1,0.625,0.788,ETN,,126,17.1,14.0,,False
283,MSI,"Motorola Solutions, Inc.",Technology,Communication Equipment,Core,76.8,463.88,447.74,19.5,14.1,10.0,0.0,ok,-1.5,ok,2.37,,False,42.1,24.3,2.6,13.3,52.1,91.6,41.4,9.5,-13.2,0.015,0.113,GOOG,,126,14.1,14.0,,False
284,TFC,Truist Financial Corporation,Financial Services,Banks - Regional,Core,61.5,50.33,51.53,15.0,17.1,10.0,0.0,ok,0.0,financial_na,,,False,42.1,10.1,,8.2,0.0,9.1,50.7,2.0,0.9,0.065,0.19,GOOG,,126,17.1,14.0,,False
285,KR,Kroger Company (The),Consumer Defensive,Grocery Stores,Core,34.9,56.95,57.73,15.5,18.1,10.0,0.0,ok,-1.5,ok,2.64,,False,42.1,10.3,8.6,2.2,24.0,13.8,53.2,-10.5,-37.4,-0.467,0.52,TSM,,126,18.1,16.0,,False
286,DLR,"Digital Realty Trust, Inc.",Real Estate,REIT - Specialty,Core,70.0,185.37,186.77,19.0,16.6,10.0,0.0,ok,-3.5,ok,5.66,,False,42.1,64.1,5.4,29.9,57.0,2.9,35.8,3.7,-10.3,0.238,0.367,CEG,,126,16.6,16.0,,False
287,HPE,Hewlett Packard Enterprise Com,Technology,Communication Equipment,Growth,73.3,55.22,52.46,19.0,14.6,10.0,0.0,ok,-1.5,ok,2.05,,False,42.1,12.0,6.5,33.7,36.6,10.9,54.6,63.7,143.8,0.431,0.505,AVGO,,126,14.6,13.0,,False
288,MAR,Marriott International,Consumer Cyclical,Lodging,Core,85.8,329.07,359.24,17.5,17.1,10.0,0.0,ok,-2.5,ok,3.6,,False,42.1,25.0,2.4,11.1,79.2,,22.0,-4.7,-9.7,0.099,0.26,GOOG,,126,17.1,13.0,,False
289,TECH,Bio-Techne Corp,Healthcare,Biotechnology,Core,11.3,72.08,71.93,15.5,16.6,10.0,0.0,ok,0.0,ok,0.07,,False,42.1,31.3,2.0,1.3,66.2,9.0,41.9,17.9,26.5,0.054,0.127,CEG,,126,16.6,17.0,,False
290,SWK,"Stanley Black & Decker, Inc.",Industrials,Tools & Accessories,Core,13.5,89.23,95.08,15.5,18.0,10.0,0.0,ok,-1.5,ok,2.58,,False,42.0,14.0,10.5,0.4,32.2,6.9,27.1,8.7,11.7,0.384,0.417,TSM,,126,18.0,14.0,,False
291,VEEV,Veeva Systems Inc.,Healthcare,Health Information Services,Core,42.3,260.98,247.93,18.0,14.0,10.0,0.0,ok,0.0,ok,-6.59,,False,42.0,25.5,3.0,17.6,75.0,14.4,55.6,31.5,30.6,0.067,0.417,MSFT,,126,14.0,19.0,,False
292,ONTO,Onto Innovation Inc.,Technology,Semiconductor Equipment & Mate,Growth,16.4,268.92,289.46,14.0,20.0,10.0,-2.0,ok,0.0,ok,-1.33,,False,42.0,23.0,1.2,35.3,55.5,6.8,36.0,10.5,31.9,0.605,0.737,ETN,,126,20.0,14.0,,False
293,WAB,Westinghouse Air Brake Technol,Industrials,Railroads,Core,47.3,280.27,284.18,17.0,16.5,10.0,0.0,ok,-1.5,ok,2.37,,False,42.0,22.5,2.3,17.5,35.7,11.6,34.6,9.7,2.8,0.347,0.549,ETN,,126,16.5,14.0,,False
294,OTIS,Otis Worldwide Corporation,Industrials,Specialty Industrial Machinery,Core,25.8,67.89,72.14,15.5,19.0,10.0,0.0,ok,-2.5,ok,3.04,,False,42.0,14.9,5.6,7.3,30.3,,29.3,-14.4,-31.1,0.056,0.212,GOOG,,126,19.0,14.0,,False
295,RVTY,"Revvity, Inc.",Healthcare,Diagnostics & Research,Core,13.5,120.94,117.12,16.0,17.5,10.0,0.0,ok,-1.5,ok,2.65,,False,42.0,20.5,4.5,1.3,55.0,3.2,44.0,17.7,29.0,0.224,0.223,TSM,,126,17.5,16.0,,False
296,VMC,Vulcan Materials Company (Hold,Basic Materials,Building Materials,Cyclical,32.5,250.6,279.4,14.5,19.0,10.0,0.0,ok,-1.5,ok,2.03,,False,42.0,23.5,2.6,2.5,27.5,13.2,28.7,-12.9,-18.8,0.169,0.258,ETN,,126,19.0,11.0,,False
297,PFG,Principal Financial Group Inc,Financial Services,Asset Management,Core,24.6,114.96,112.62,17.5,14.4,10.0,0.0,ok,0.0,financial_na,,,False,41.9,11.1,4.3,6.4,47.3,12.9,61.2,16.1,19.6,0.15,0.288,GOOG,,126,14.4,15.0,,False
298,COIN,"Coinbase Global, Inc.",Financial Services,Financial Data & Stock Exchang,Core,45.5,172.28,164.73,14.0,17.9,10.0,0.0,ok,0.0,financial_na,,,False,41.9,62.9,5.9,-17.3,85.8,-7.8,50.0,-10.1,-24.6,0.378,0.345,NVDA,,126,17.9,16.0,,False
299,FISV,"Fiserv, Inc.",,,Core,26.0,48.93,52.18,15.5,16.4,10.0,0.0,ok,,unavailable,,,False,41.9,6.1,,,,,38.4,-15.8,-26.5,0.002,0.308,MSFT,,126,16.4,12.5,,False
300,REGN,"Regeneron Pharmaceuticals, Inc",Healthcare,Biotechnology,Core,81.7,793.26,753.6,17.0,14.9,10.0,0.0,ok,0.0,ok,-1.12,,False,41.9,13.1,3.8,16.7,44.5,14.0,40.4,8.2,-7.5,0.153,0.197,GOOG,,126,14.9,16.0,,False
301,NTRS,Northern Trust Corporation,Financial Services,Asset Management,Growth,34.2,187.19,184.51,17.5,14.3,10.0,0.0,ok,0.0,financial_na,,,False,41.8,14.8,,36.4,0.0,17.1,61.0,17.7,22.6,0.299,0.299,ETN,,126,14.3,14.0,,False
302,WST,"West Pharmaceutical Services, ",Healthcare,Medical Instruments & Supplies,Core,24.2,344.25,349.21,14.5,17.3,10.0,0.0,ok,0.0,ok,-0.13,,False,41.8,34.5,1.1,13.8,36.8,19.1,38.9,16.8,35.3,0.102,0.12,CEG,,126,17.3,15.0,,False
303,AMT,American Tower Corporation (RE,Real Estate,REIT - Specialty,Core,80.6,172.98,171.44,19.5,17.3,10.0,0.0,ok,-5.0,ok,6.14,,False,41.8,24.7,3.6,4.7,73.8,33.9,44.0,-2.0,-16.6,-0.208,0.366,VRT,,126,17.3,17.0,,False
304,ABBV,AbbVie Inc.,Healthcare,Drug Manufacturers - General,Core,450.6,255.0,254.39,17.5,15.8,10.0,0.0,ok,-1.5,ok,2.09,,False,41.8,15.7,3.7,10.2,72.8,,41.6,12.1,0.3,-0.337,0.352,AVGO,,126,15.8,17.0,,False
305,MGM,MGM Resorts International,Consumer Cyclical,Resorts & Casinos,Core,10.4,40.73,44.46,18.5,18.3,10.0,0.0,ok,-5.0,ok,12.25,,False,41.8,19.7,8.4,1.0,44.2,18.9,27.7,2.5,-1.6,0.179,0.207,MSFT,,126,18.3,12.0,,False
306,EXPD,Expeditors International of Wa,Industrials,Integrated Freight & Logistics,Growth,24.6,189.32,179.86,17.5,14.0,10.0,0.0,ok,0.0,ok,-0.37,,False,41.5,23.9,3.2,32.1,13.5,42.7,58.0,18.8,19.3,-0.026,0.166,CEG,,126,14.0,14.0,,False
307,CMI,Cummins Inc.,Industrials,Specialty Industrial Machinery,Core,75.7,550.03,624.27,16.0,17.5,10.0,-2.0,ok,0.0,ok,0.87,,False,41.5,15.9,2.9,9.4,25.8,21.1,25.5,-8.5,-11.7,0.563,0.787,ETN,,126,17.5,14.0,,False
308,MRK,"Merck & Company, Inc.",Healthcare,Drug Manufacturers - General,Core,357.0,144.71,137.47,16.0,16.0,10.0,0.0,ok,-0.5,ok,1.62,,False,41.5,15.2,4.2,5.1,75.9,7.0,43.3,21.8,12.0,-0.174,0.287,AVGO,,126,16.0,17.0,,False
309,BSX,Boston Scientific Corporation,Healthcare,Medical Devices,Core,62.5,43.1,46.94,17.0,16.0,10.0,0.0,ok,-1.5,ok,2.12,,False,41.5,12.6,3.9,7.5,69.2,15.3,29.8,-34.7,-50.9,0.036,0.181,CEG,,126,16.0,17.0,,False
310,TXT,Textron Inc.,Industrials,Aerospace & Defense,Core,13.6,79.2,87.18,13.0,19.0,10.0,0.0,ok,-0.5,ok,1.65,,False,41.5,10.9,3.3,3.0,17.6,12.1,27.5,-12.0,-27.2,0.255,0.411,ETN,,126,19.0,14.0,,False
311,YUM,"Yum! Brands, Inc.",Consumer Cyclical,Restaurants,Core,39.3,143.89,152.51,16.5,18.4,10.0,0.0,ok,-3.5,ok,4.15,,False,41.4,20.5,2.1,12.2,45.3,,34.5,-6.9,-23.0,-0.048,0.138,ETN,,126,18.4,12.0,,False
312,APTV,Aptiv PLC,Consumer Cyclical,Auto Parts,Speculative,9.5,45.69,52.38,15.5,16.4,10.0,0.0,ok,-0.5,ok,1.52,,False,41.4,7.0,17.0,2.3,19.3,5.2,44.9,-30.7,-48.6,0.248,0.28,TSM,,126,16.4,11.0,,False
313,POOL,Pool Corporation,Industrials,Industrial Distribution,Speculative,6.4,175.76,195.47,17.0,15.9,10.0,0.0,ok,-1.5,ok,2.58,,False,41.4,14.9,3.3,2.2,29.6,31.3,25.1,-17.5,-27.0,0.1,0.183,GOOG,,126,15.9,14.0,,False
314,DVA,DaVita Inc.,Healthcare,Medical Care Facilities,Core,11.6,181.33,205.99,19.5,15.4,10.0,0.0,ok,-3.5,ok,4.5,,False,41.4,10.5,9.0,5.2,32.4,88.5,59.6,9.9,4.7,0.003,0.163,GOOG,,126,15.4,15.0,,False
315,NSC,Norfolk Southern Corporation,Industrials,Railroads,Core,72.6,323.3,335.77,15.5,17.4,10.0,0.0,ok,-1.5,ok,2.84,,False,41.4,22.6,1.9,11.4,45.2,17.0,23.3,4.8,-2.3,-0.061,0.162,MSFT,,126,17.4,15.0,,False
316,CHRW,"C.H. Robinson Worldwide, Inc.",Industrials,Integrated Freight & Logistics,Core,17.8,152.42,166.2,16.5,15.3,10.0,0.0,ok,-0.5,ok,1.95,,False,41.3,20.3,2.7,19.3,8.4,37.1,66.5,-11.6,-25.1,-0.048,0.222,MSFT,,126,15.3,14.0,,False
317,CPB,The Campbell's Company,Consumer Defensive,Packaged Foods,Speculative,6.2,20.94,22.65,16.0,18.8,10.0,0.0,ok,-3.5,ok,4.15,,False,41.3,11.4,12.0,-7.9,28.6,10.1,25.2,-11.6,-15.3,-0.246,0.332,ETN,,126,18.8,16.0,,False
318,PLD,"Prologis, Inc.",Real Estate,REIT - Industrial,Core,130.7,134.41,141.96,18.0,16.7,10.0,0.0,ok,-3.5,ok,5.24,,False,41.2,39.5,4.1,12.3,75.5,7.7,32.0,-1.9,-11.1,0.056,0.175,CEG,,126,16.7,17.0,,False
319,CBRE,CBRE Group Inc,Real Estate,Real Estate Services,Core,40.0,137.99,145.02,15.5,19.2,10.0,0.0,ok,-3.5,ok,4.21,,False,41.2,15.2,4.1,15.5,18.6,15.8,30.3,-6.1,-9.1,0.071,0.274,MSFT,,126,19.2,17.0,,False
320,CF,"CF Industries Holdings, Inc.",Basic Materials,Agricultural Inputs,Cyclical,20.4,135.11,128.35,22.0,9.2,10.0,0.0,ok,0.0,ok,0.29,,False,41.2,13.0,6.2,17.6,42.5,29.9,63.4,24.5,-14.0,-0.365,0.35,TSM,,126,9.2,12.0,,False
321,MPC,Marathon Petroleum Corporation,Energy,Oil & Gas Refining & Marketing,Growth,110.2,392.42,372.8,21.0,10.6,10.0,0.0,ok,-0.5,ok,1.72,,False,41.1,11.6,8.4,53.7,12.8,42.1,76.9,60.5,56.8,-0.168,0.223,NVDA,,126,10.6,12.0,,False
322,CTAS,Cintas Corporation,Industrials,Specialty Business Services,Core,79.4,198.44,199.04,16.0,15.1,10.0,0.0,ok,0.0,ok,0.81,,False,41.1,32.4,1.8,8.9,50.7,40.7,37.9,6.3,-10.8,-0.137,0.24,AVGO,,126,15.1,17.0,,False
323,XOM,ExxonMobil Holdings Corporatio,Energy,Oil & Gas Integrated,Growth,679.4,165.23,156.97,17.5,13.6,10.0,0.0,ok,0.0,ok,0.47,,False,41.1,15.3,3.0,44.1,29.8,12.6,48.4,14.2,-5.4,-0.422,0.376,TSM,,126,13.6,12.0,,False
324,TAP,Molson Coors Beverage Company,Consumer Defensive,Beverages - Brewers,Speculative,7.2,38.44,40.97,13.5,19.0,10.0,0.0,ok,-1.5,ok,2.56,,False,41.0,7.8,13.0,-3.3,37.0,-19.5,18.9,-12.2,-25.8,-0.209,0.313,ETN,,126,19.0,16.0,,False
325,AMCR,Amcor plc,Consumer Cyclical,Packaging & Containers,Core,19.9,43.0,45.36,16.0,17.5,10.0,0.0,ok,-2.5,ok,3.97,,False,41.0,9.9,7.6,25.9,20.0,9.4,21.3,1.0,-7.2,0.231,0.309,GOOG,,126,17.5,11.0,,False
326,BMNR,BitMine Immersion Technologies,Financial Services,Capital Markets,Growth,14.6,24.2,22.99,14.0,17.0,10.0,0.0,ok,0.0,financial_na,,,False,41.0,25.7,-3.5,2167.8,84.4,-150.9,58.6,8.8,4.0,0.497,0.404,TSM,,126,17.0,16.0,,False
327,CRH,CRH PLC,Basic Materials,Building Materials,Cyclical,58.3,87.66,98.55,16.0,16.5,10.0,0.0,ok,-1.5,ok,2.17,,False,41.0,13.5,3.5,5.6,36.2,15.8,37.2,-20.9,-25.6,0.308,0.364,ETN,,126,16.5,11.0,,False
328,ESS,"Essex Property Trust, Inc.",Real Estate,REIT - Residential,Core,18.7,271.37,288.11,17.0,17.5,10.0,0.0,ok,-3.5,ok,5.43,,False,41.0,43.1,5.6,3.1,68.8,7.7,28.2,2.1,-4.7,-0.212,0.336,AVGO,,126,17.5,17.0,,False
329,VRSN,"VeriSign, Inc.",Technology,Software - Infrastructure,Core,26.1,288.85,280.98,16.5,14.9,10.0,0.0,ok,-0.5,ok,1.1,,False,40.9,26.3,3.2,6.0,88.5,,62.3,10.2,9.1,-0.121,0.307,TSM,,126,14.9,17.0,,False
330,BDX,"Becton, Dickinson and Company",Healthcare,Medical Instruments & Supplies,Core,48.1,176.42,171.46,17.0,15.4,10.0,0.0,ok,-1.5,ok,2.63,,False,40.9,13.3,9.3,5.4,46.9,6.6,28.5,10.4,-3.3,-0.088,0.26,VRT,,126,15.4,16.0,,False
331,DD,"DuPont de Nemours, Inc.",Basic Materials,Specialty Chemicals,Cyclical,17.2,127.32,137.87,15.5,15.4,10.0,0.0,ok,0.0,ok,0.91,,False,40.9,16.0,10.7,4.0,35.1,1.8,21.0,80.0,168.2,0.009,0.089,MSFT,,126,15.4,11.0,,False
332,EG,"Everest Group, Ltd.",Financial Services,Insurance - Reinsurance,Core,14.2,371.03,374.12,15.0,15.8,10.0,0.0,ok,0.0,financial_na,,,False,40.8,6.2,14.5,-11.3,15.3,12.6,52.5,8.2,2.0,-0.287,0.323,AVGO,,126,15.8,14.0,,False
333,DVN,Devon Energy Corporation,Energy,Oil & Gas E&P,Growth,55.0,50.02,47.52,17.5,13.8,10.0,0.0,ok,-0.5,ok,1.23,,False,40.8,9.4,1.4,64.2,50.3,11.5,54.7,14.7,-4.9,-0.314,0.299,TSM,,126,13.8,13.0,,False
334,FICO,Fair Isaac Corporation,Technology,Software - Application,Core,20.7,960.67,1154.02,18.5,15.8,10.0,0.0,ok,-3.5,ok,4.23,,False,40.8,18.1,3.7,25.7,85.1,,27.6,-25.7,-25.9,-0.232,0.358,ETN,,126,15.8,17.0,,False
335,KDP,Keurig Dr Pepper Inc.,Consumer Defensive,Beverages - Non-Alcoholic,Growth,42.8,31.46,31.22,20.0,15.8,10.0,0.0,ok,-5.0,ok,6.66,,False,40.8,12.4,10.8,75.6,51.0,5.1,48.1,8.2,4.1,-0.132,0.168,NVDA,,126,15.8,17.0,,False
336,EQR,Equity Residential,Real Estate,REIT - Residential,Core,24.6,63.66,67.42,17.0,17.2,10.0,0.0,ok,-3.5,ok,4.51,,False,40.7,41.4,5.8,2.1,62.3,8.0,32.1,1.2,-12.3,-0.195,0.295,AVGO,,109,17.2,17.0,,False
337,COP,ConocoPhillips,Energy,Oil & Gas E&P,Growth,164.6,137.04,130.19,19.5,11.2,10.0,0.0,ok,0.0,ok,0.58,,False,40.7,14.2,4.7,35.5,47.6,14.2,55.7,21.5,1.0,-0.401,0.417,GOOG,,126,11.2,13.0,,False
338,CVX,Chevron Corporation,Energy,Oil & Gas Integrated,Growth,417.4,212.76,202.12,20.5,10.2,10.0,0.0,ok,0.0,ok,0.56,,False,40.7,15.8,5.3,53.5,44.3,12.2,62.4,17.2,-5.8,-0.411,0.447,TSM,,126,10.2,13.0,,False
339,DHR,Danaher Corporation,Healthcare,Diagnostics & Research,Core,141.0,200.53,202.25,14.5,17.7,10.0,0.0,ok,-1.5,ok,2.93,,False,40.7,21.6,3.1,5.5,58.8,7.6,26.4,-0.9,-5.9,-0.036,0.187,AVGO,,126,17.7,16.0,,False
340,VLO,Valero Energy Corporation,Energy,Oil & Gas Refining & Marketing,Growth,111.0,385.43,366.16,20.0,10.6,10.0,0.0,ok,0.0,ok,0.26,,False,40.6,11.5,7.6,51.7,16.1,27.6,81.0,58.9,49.7,-0.219,0.289,GOOG,,126,10.6,12.0,,False
341,IVZ,Invesco Ltd,Financial Services,Asset Management,Core,14.1,31.93,30.78,16.5,16.1,10.0,-2.0,ok,0.0,financial_na,,,False,40.6,9.8,8.1,20.5,29.5,-0.6,54.7,17.4,26.7,0.523,0.409,ETN,,126,16.1,14.0,,False
342,BRK-B,Berkshire Hathaway Inc. New,Financial Services,Insurance - Diversified,Core,1085.3,507.0,503.64,18.5,12.1,10.0,0.0,ok,0.0,financial_na,,,False,40.6,22.8,6.6,10.0,30.3,12.1,70.6,2.9,-10.7,-0.067,0.21,MSFT,,126,12.1,14.0,,False
343,TTWO,"Take-Two Interactive Software,",Communication Services,Electronic Gaming & Multimedia,Core,40.6,216.96,237.78,13.5,17.6,10.0,0.0,ok,-0.5,ok,1.46,,False,40.6,21.1,3.1,2.0,57.1,-9.0,22.2,-4.6,-10.1,0.208,0.311,MSFT,,126,17.6,14.0,,False
344,HAL,Halliburton Company,Energy,Oil & Gas Equipment & Services,Cyclical,30.1,36.07,34.27,15.5,15.6,10.0,0.0,ok,-0.5,ok,1.49,,False,40.6,12.4,6.8,3.7,15.1,14.9,52.4,3.4,-10.2,-0.001,0.107,GOOG,,126,15.6,14.0,,False
345,DIS,Walt Disney Company (The),Communication Services,Entertainment,Core,182.7,105.82,101.64,14.5,16.6,10.0,0.0,ok,-0.5,ok,1.95,,False,40.6,14.2,2.7,6.8,37.6,8.0,46.0,1.8,-7.3,0.148,0.354,GOOG,,126,16.6,13.0,,False
346,ECL,Ecolab Inc.,Basic Materials,Specialty Chemicals,Cyclical,76.1,271.6,278.43,15.0,17.1,10.0,0.0,ok,-1.5,ok,2.12,,False,40.6,28.8,1.9,9.7,44.2,22.0,33.8,-0.4,-15.1,0.046,0.207,GOOG,,126,17.1,12.0,,False
347,APH,Amphenol Corporation,Technology,Electronic Components,Growth,197.9,80.25,152.46,19.0,12.0,10.0,0.0,ok,-0.5,ok,1.42,,True,40.5,24.5,1.9,55.0,39.0,38.1,15.2,-44.3,-52.6,0.225,0.31,TSM,,126,16.0,13.0,,False
348,WYNN,"Wynn Resorts, Limited",Consumer Cyclical,Resorts & Casinos,Speculative,9.1,88.42,97.47,18.0,16.0,10.0,0.0,ok,-3.5,ok,5.66,,False,40.5,17.1,5.2,6.9,68.3,,20.8,-16.9,-24.0,0.282,0.286,TSM,,126,16.0,13.0,,False
349,CHTR,"Charter Communications, Inc.",Communication Services,Telecom Services,Core,18.9,140.56,143.23,19.0,15.0,10.0,0.0,ok,-3.5,ok,4.41,,False,40.5,3.2,11.6,-1.7,55.2,27.2,45.0,-22.5,-48.4,-0.09,0.19,VRT,,126,15.0,16.0,,False
350,SYY,Sysco Corporation,Consumer Defensive,Food Distribution,Core,39.4,82.31,82.98,17.0,15.0,10.0,0.0,ok,-1.5,ok,2.95,,False,40.5,15.1,4.9,4.7,18.5,77.7,46.2,4.0,-16.1,0.006,0.058,GOOG,,126,15.0,16.0,,False
351,DPZ,Domino's Pizza Inc,Consumer Cyclical,Restaurants,Core,10.5,317.3,335.41,15.5,18.5,10.0,0.0,ok,-3.5,ok,4.84,,False,40.5,15.2,5.1,4.3,28.7,,41.2,-12.5,-33.2,-0.11,0.259,NVDA,,126,18.5,11.0,,False
352,ODFL,"Old Dominion Freight Line, Inc",Industrials,Trucking,Core,37.5,180.55,212.51,18.5,12.0,10.0,0.0,ok,0.0,ok,-0.15,,True,40.5,27.1,2.6,10.4,39.6,24.8,18.2,-8.5,-11.3,0.155,0.204,ETN,,126,17.6,14.0,,False
353,PM,Philip Morris International In,Consumer Defensive,Tobacco,Core,295.8,189.77,188.24,17.5,14.5,10.0,0.0,ok,-1.5,ok,2.39,,False,40.5,20.7,3.3,10.4,67.5,,47.3,9.0,-2.5,-0.229,0.237,TSM,,126,14.5,18.0,,False
354,AVB,"AvalonBay Communities, Inc.",Real Estate,REIT - Residential,Core,26.3,184.06,188.04,17.0,16.8,10.0,0.0,ok,-3.5,ok,4.9,,False,40.3,36.6,5.4,2.3,62.7,8.5,44.5,3.1,-8.1,-0.154,0.29,AVGO,,108,16.8,17.0,,False
355,PWR,"Quanta Services, Inc.",Industrials,Engineering & Construction,Growth,93.0,618.73,647.42,16.0,17.8,10.0,-2.0,ok,-1.5,ok,2.0,,False,40.3,31.6,2.1,41.1,15.5,15.3,35.8,4.8,-4.6,0.555,0.721,ETN,,126,17.8,14.0,,False
356,ELV,"Elevance Health, Inc.",Healthcare,Healthcare Plans,Core,90.3,416.54,397.2,16.0,14.3,10.0,0.0,ok,0.0,ok,-0.78,,False,40.3,14.1,4.8,1.4,26.0,11.1,62.1,15.8,30.9,0.006,0.187,CEG,,126,14.3,15.0,,False
357,LYV,"Live Nation Entertainment, Inc",Communication Services,Entertainment,Core,39.6,170.08,180.88,16.0,14.8,10.0,0.0,ok,-0.5,ok,1.43,,False,40.3,90.1,4.3,9.4,25.8,17.7,29.3,5.6,-7.7,0.202,0.238,GOOG,,126,14.8,13.0,,False
358,KHC,The Kraft Heinz Company,Consumer Defensive,Packaged Foods,Core,28.9,24.39,25.48,13.5,18.3,10.0,0.0,ok,-1.5,ok,2.97,,False,40.3,11.7,11.2,-1.4,33.5,-8.8,36.8,2.1,-4.5,-0.215,0.373,VRT,,126,18.3,16.0,,False
359,MRVL,"Marvell Technology, Inc.",Technology,Semiconductors,Growth,204.0,226.96,217.56,15.5,16.8,10.0,-2.0,ok,0.0,ok,0.47,,False,40.3,33.8,1.2,36.5,52.2,16.5,39.3,47.4,145.2,0.54,0.644,ETN,,126,16.8,14.0,,False
360,CRM,"Salesforce, Inc.",Technology,Software - Application,Core,200.0,243.0,230.85,20.5,11.2,10.0,0.0,ok,-1.5,ok,2.4,,False,40.2,15.2,8.9,10.8,77.3,19.4,70.9,21.1,8.5,0.035,0.412,MSFT,,126,11.2,17.0,,False
361,DG,Dollar General Corporation,Consumer Defensive,Discount Stores,Core,27.1,122.99,123.28,17.0,15.7,10.0,0.0,ok,-2.5,ok,3.96,,False,40.2,14.9,6.4,5.2,31.2,19.7,53.5,-2.5,-22.9,0.082,0.248,MSFT,,126,15.7,16.0,,False
362,DGX,Quest Diagnostics Incorporated,Healthcare,Diagnostics & Research,Core,25.5,231.14,228.89,15.5,16.2,10.0,0.0,ok,-1.5,ok,2.55,,False,40.2,19.2,3.6,10.2,33.2,14.6,31.7,14.8,1.8,-0.252,0.258,AVGO,,126,16.2,15.0,,False
363,PFE,"Pfizer, Inc.",Healthcare,Drug Manufacturers - General,Core,157.6,27.65,26.27,18.0,13.7,10.0,0.0,ok,-1.5,ok,2.04,,False,40.2,9.5,7.9,2.6,74.7,5.0,48.3,6.8,-9.1,-0.059,0.188,AVGO,,126,13.7,17.0,,False
364,IQV,"IQVIA Holdings, Inc.",Healthcare,Diagnostics & Research,Core,42.4,257.3,244.43,17.5,16.1,10.0,0.0,ok,-3.5,ok,4.65,,False,40.1,17.8,5.1,8.7,33.0,22.8,51.6,27.1,44.1,-0.066,0.274,ETN,,126,16.1,15.0,,False
365,VTRS,Viatris Inc.,Healthcare,Drug Manufacturers - Specialty,Core,18.8,16.38,16.79,16.0,15.6,10.0,0.0,ok,-1.5,ok,2.82,,False,40.1,6.2,14.2,4.9,40.3,-2.8,54.7,10.9,4.9,0.051,0.135,GOOG,,126,15.6,16.0,,False
366,SJM,The J.M. Smucker Company,Consumer Defensive,Packaged Foods,Core,12.9,121.07,119.98,17.0,15.5,10.0,0.0,ok,-2.5,ok,3.05,,False,40.0,11.1,11.3,5.0,38.0,3.9,45.5,14.1,1.7,-0.32,0.447,ETN,,126,15.5,16.0,,False
367,CRDO,Credo Technology Group Holding,Technology,Semiconductors,Growth,30.1,160.31,225.02,20.0,12.0,10.0,-2.0,ok,0.0,ok,-1.36,,True,40.0,16.7,0.8,114.7,67.1,30.7,20.3,-8.8,29.9,0.515,0.539,VRT,,126,22.8,15.0,,False
368,EXR,Extra Space Storage Inc,Real Estate,REIT - Industrial,Core,30.1,136.45,145.82,17.0,16.5,10.0,0.0,ok,-3.5,ok,5.94,,False,40.0,28.4,5.0,3.8,74.9,7.0,13.5,-3.0,-15.3,-0.052,0.19,GOOG,,126,16.5,17.0,,False
369,MNST,Monster Beverage Corporation,Consumer Defensive,Beverages - Non-Alcoholic,Core,84.4,43.09,73.91,18.0,12.0,10.0,0.0,ok,0.0,ok,-1.13,,True,40.0,32.9,2.0,20.2,55.5,25.7,22.8,-45.3,-57.8,0.018,0.191,GOOG,,126,16.0,17.0,,False
370,BKNG,Booking Holdings Inc. Common S,Consumer Cyclical,Travel Services,Core,131.0,174.33,193.97,18.0,12.0,10.0,0.0,ok,0.0,ok,0.36,,True,40.0,14.1,5.9,8.1,87.2,,20.2,-6.0,-10.4,0.024,0.218,GOOG,,126,18.4,15.0,,False
371,AZO,"AutoZone, Inc.",Consumer Cyclical,Auto Parts,Core,47.0,2881.47,3021.65,13.0,19.5,10.0,0.0,ok,-2.5,ok,3.01,,False,40.0,16.5,1.9,8.4,51.8,,40.7,-14.4,-34.0,-0.079,0.195,ETN,,126,19.5,12.0,,False
372,GPC,Genuine Parts Company,Consumer Cyclical,Auto Parts,Core,18.5,134.16,130.33,14.5,17.0,10.0,0.0,ok,-1.5,ok,2.97,,False,40.0,16.2,5.0,6.0,37.6,0.7,52.8,12.2,11.6,0.027,0.176,CEG,,126,17.0,11.0,,False
373,HCA,"HCA Healthcare, Inc.",Healthcare,Medical Care Facilities,Core,91.2,421.21,404.31,17.0,15.4,10.0,0.0,ok,-2.5,ok,3.2,,False,39.9,13.1,4.1,8.7,42.6,,58.8,-6.5,-34.6,-0.072,0.159,GOOG,,126,15.4,16.0,,False
374,REG,Regency Centers Corporation,Real Estate,REIT - Retail,Core,14.1,75.31,78.41,17.0,16.4,10.0,0.0,ok,-3.5,ok,4.62,,False,39.9,29.9,5.3,8.9,71.5,8.2,41.2,-0.5,-15.4,-0.204,0.248,AVGO,,126,16.4,17.0,,False
375,C,"Citigroup, Inc.",Financial Services,Banks - Diversified,Core,232.3,138.5,135.06,16.0,13.9,10.0,0.0,ok,0.0,financial_na,,,False,39.9,10.8,,15.5,0.0,8.5,77.7,12.3,18.1,0.461,0.435,TSM,,126,13.9,14.0,,False
376,CCI,Crown Castle Inc.,Real Estate,REIT - Specialty,Core,32.3,73.87,76.17,15.5,19.4,10.0,0.0,ok,-5.0,ok,8.31,,False,39.9,25.6,3.2,-4.9,73.7,,42.2,-12.1,-26.9,-0.204,0.324,AVGO,,126,19.4,17.0,,False
377,HLT,Hilton Worldwide Holdings Inc.,Consumer Cyclical,Lodging,Core,68.9,306.24,323.33,16.5,16.9,10.0,0.0,ok,-3.5,ok,4.21,,False,39.9,29.3,2.0,2.5,79.0,,25.4,-2.3,-9.7,0.205,0.318,GOOG,,126,16.9,13.0,,False
378,CI,The Cigna Group,Healthcare,Healthcare Plans,Core,74.2,280.91,283.41,15.5,14.8,10.0,0.0,ok,-0.5,ok,1.93,,False,39.8,8.4,10.8,6.7,9.1,16.8,57.7,0.7,-8.1,-0.227,0.312,AVGO,,126,14.8,15.0,,False
379,BAX,Baxter International Inc.,Healthcare,Medical Instruments & Supplies,Core,12.5,24.18,24.88,14.5,17.7,10.0,0.0,ok,-2.5,ok,3.99,,False,39.7,11.9,8.0,5.3,34.1,-14.4,24.1,18.3,20.5,0.2,0.321,MSFT,,126,17.7,15.0,,False
380,MDLZ,"Mondelez International, Inc.",Consumer Defensive,Confectioners,Core,79.7,62.47,61.68,16.0,16.2,10.0,0.0,ok,-2.5,ok,3.35,,False,39.7,18.6,2.8,4.1,31.1,13.3,37.9,6.0,2.2,-0.398,0.405,VRT,,126,16.2,16.0,,False
381,LIN,Linde plc,Basic Materials,Specialty Chemicals,Cyclical,212.8,461.62,498.45,13.5,16.7,10.0,0.0,ok,-0.5,ok,1.67,,False,39.7,23.6,2.0,9.3,48.3,18.4,31.5,-4.0,-19.6,-0.201,0.215,TSM,,126,16.7,12.0,,False
382,LH,Labcorp Holdings Inc.,Healthcare,Diagnostics & Research,Core,24.9,306.96,308.97,14.5,16.7,10.0,0.0,ok,-1.5,ok,2.88,,False,39.7,15.5,3.6,5.8,28.9,11.7,23.4,11.1,3.0,-0.012,0.184,MSFT,,126,16.7,15.0,,False
383,EPAM,"EPAM Systems, Inc.",Technology,Information Technology Service,Speculative,5.9,114.52,108.79,17.0,12.7,10.0,0.0,ok,0.0,ok,-0.85,,False,39.7,8.1,11.0,4.5,29.5,11.2,64.7,-16.6,-29.5,-0.166,0.346,VRT,,126,12.7,15.0,,False
384,GILD,"Gilead Sciences, Inc.",Healthcare,Drug Manufacturers - General,Core,179.6,144.81,137.74,17.0,13.1,10.0,0.0,ok,-0.5,ok,1.46,,False,39.6,14.6,5.4,10.2,79.6,-20.7,53.0,7.8,-13.5,-0.009,0.14,AVGO,,126,13.1,17.0,,False
385,T,AT&T Inc.,Communication Services,Telecom Services,Core,175.1,25.55,24.27,18.5,13.5,10.0,0.0,ok,-2.5,ok,3.3,,False,39.5,10.0,5.8,2.3,59.7,18.3,55.4,2.3,-19.5,-0.278,0.347,TSM,,126,13.5,16.0,,False
386,CCL,Carnival Corporation Ltd.,Consumer Cyclical,Travel Services,Core,30.8,22.47,26.46,20.0,12.0,10.0,0.0,ok,-2.5,ok,3.28,,True,39.5,8.5,6.2,5.3,55.7,26.7,23.9,-18.6,-19.3,0.452,0.457,GOOG,,126,16.0,14.0,,False
387,PCAR,PACCAR Inc.,Industrials,Farm & Heavy Construction Mach,Core,64.5,122.57,127.93,13.0,16.9,10.0,0.0,ok,-0.5,ok,1.88,,False,39.4,17.0,3.0,0.5,13.7,12.8,31.4,2.3,-8.5,0.313,0.44,ETN,,126,16.9,14.0,,False
388,PSKY,Paramount Skydance Corporation,Communication Services,Entertainment,Core,11.6,10.38,9.86,14.5,18.3,10.0,0.0,ok,-3.5,ok,4.4,,False,39.3,12.2,,0.9,33.3,-0.9,51.8,-4.8,-7.3,0.227,0.238,NVDA,,126,18.3,13.0,fcf_yield_out_of_range(151.1),False
389,WFC,Wells Fargo & Company,Financial Services,Banks - Diversified,Core,270.5,89.45,86.99,16.5,12.7,10.0,0.0,ok,0.0,financial_na,,,False,39.2,11.3,,9.5,0.0,12.6,75.0,5.6,5.8,0.091,0.15,ETN,,126,12.7,14.0,,False
390,CDW,CDW Corporation,Technology,Information Technology Service,Core,17.8,142.6,140.27,15.5,16.2,10.0,0.0,ok,-2.5,ok,3.02,,False,39.2,11.8,3.8,10.0,21.4,44.0,58.8,8.3,11.9,0.081,0.224,MSFT,,126,16.2,15.0,,False
391,AKAM,"Akamai Technologies, Inc.",Technology,Software - Infrastructure,Core,15.4,107.13,115.53,16.0,16.7,10.0,0.0,ok,-3.5,ok,5.54,,False,39.2,14.9,4.6,5.4,57.5,8.9,45.2,-2.5,-12.2,0.29,0.292,AVGO,,126,16.7,16.0,,False
392,WAT,Waters Corporation,Healthcare,Diagnostics & Research,Growth,39.4,401.64,393.53,14.0,17.7,10.0,0.0,ok,-2.5,ok,3.4,,False,39.2,24.3,-0.4,113.4,56.3,1.9,47.3,11.2,28.0,0.204,0.216,AVGO,,126,17.7,16.0,,False
393,JCI,Johnson Controls International,Industrials,Building Products & Equipment,Core,86.5,142.81,144.75,16.0,14.6,10.0,0.0,ok,-1.5,ok,2.04,,False,39.1,23.6,3.4,9.3,36.7,14.3,49.2,5.8,-4.4,0.487,0.759,ETN,,126,14.6,14.0,,False
394,PSX,Phillips 66,Energy,Oil & Gas Refining & Marketing,Growth,103.6,258.51,245.58,19.0,10.6,10.0,0.0,ok,-0.5,ok,1.66,,False,39.1,11.9,4.4,53.1,13.1,23.5,71.7,49.2,35.8,-0.234,0.301,NVDA,,126,10.6,12.0,,False
395,PANW,"Palo Alto Networks, Inc.",Technology,Software - Infrastructure,Growth,275.9,338.49,349.97,14.0,15.1,10.0,0.0,ok,0.0,ok,-0.31,,False,39.1,69.4,1.6,34.4,70.5,1.7,46.5,43.9,87.6,0.369,0.367,MSFT,,126,15.1,17.0,,False
396,TJX,"TJX Companies, Inc. (The)",Consumer Cyclical,Apparel Retail,Core,139.1,126.42,148.52,17.0,12.0,10.0,0.0,ok,0.0,ok,0.93,,True,39.0,21.9,3.2,5.4,31.5,62.2,12.0,-17.9,-32.4,-0.036,0.131,ETN,,126,16.0,11.0,,False
397,LOW,"Lowe's Companies, Inc.",Consumer Cyclical,Home Improvement Retail,Core,110.3,196.59,212.0,15.5,16.0,10.0,0.0,ok,-2.5,ok,3.05,,False,39.0,15.1,4.2,8.3,33.0,,19.8,-16.3,-31.3,0.119,0.283,GOOG,,126,16.0,11.0,,False
398,MPWR,"Monolithic Power Systems, Inc.",Technology,Semiconductors,Growth,58.3,1186.08,1320.53,19.0,12.0,10.0,-2.0,ok,0.0,ok,-1.39,,True,39.0,34.0,0.8,47.6,55.2,22.0,23.2,-5.5,1.2,0.601,0.739,ETN,,126,19.6,14.0,,False
399,STLD,"Steel Dynamics, Inc.",Basic Materials,Steel,Growth,34.0,237.08,242.14,12.5,17.0,10.0,0.0,ok,-0.5,ok,1.43,,False,39.0,12.4,0.7,33.4,14.7,17.6,69.4,12.2,22.0,0.25,0.322,ETN,,126,17.0,11.0,,False
400,KIM,Kimco Realty Corporation (HC),Real Estate,REIT - Retail,Core,15.6,23.29,24.78,17.0,16.9,10.0,0.0,ok,-5.0,ok,6.12,,False,38.9,26.5,5.6,4.9,68.9,5.8,32.0,1.3,-12.3,-0.125,0.198,CEG,,126,16.9,17.0,,False
401,SW,Smurfit WestRock plc,Consumer Cyclical,Packaging & Containers,Core,22.1,42.21,46.49,13.0,17.4,10.0,0.0,ok,-1.5,ok,2.95,,False,38.9,12.4,5.5,1.1,18.2,2.7,23.5,0.1,-6.3,0.259,0.297,TSM,,126,17.4,11.0,,False
402,SBAC,SBA Communications Corporation,Real Estate,REIT - Specialty,Core,19.2,181.42,183.52,16.5,17.4,10.0,0.0,ok,-5.0,ok,8.12,,False,38.9,22.2,3.9,2.3,74.2,,51.3,-5.7,-14.9,-0.09,0.197,ETN,,126,17.4,17.0,,False
403,BIIB,Biogen Inc.,Healthcare,Drug Manufacturers - General,Core,31.8,215.43,209.33,15.5,14.9,10.0,0.0,ok,-1.5,ok,2.1,,False,38.9,13.0,4.0,3.4,78.3,4.6,51.4,12.4,2.7,-0.13,0.172,AVGO,,126,14.9,17.0,,False
404,CNC,Centene Corporation,Healthcare,Healthcare Plans,Core,32.3,65.4,65.52,13.0,15.9,10.0,0.0,ok,0.0,ok,-2.38,,False,38.9,12.3,29.8,4.6,11.4,-20.4,54.9,28.8,75.4,-0.006,0.137,CEG,,126,15.9,15.0,,False
405,VST,Vistra Corp.,Utilities,Utilities - Independent Power ,Core,49.4,147.05,148.95,15.0,16.3,10.0,0.0,ok,-2.5,ok,3.02,,False,38.8,14.2,0.1,-5.5,38.3,43.0,63.6,-6.5,-21.5,0.421,0.78,CEG,,126,16.3,18.0,,False
406,GLW,Corning Incorporated,Technology,Electronic Components,Core,140.5,163.12,160.55,14.5,16.8,10.0,-2.0,ok,-0.5,ok,1.68,,False,38.8,37.5,0.5,16.6,36.4,16.8,61.3,12.5,11.9,0.528,0.691,ETN,,126,16.8,13.0,,False
407,PLAB,"Photronics, Inc.",Technology,Semiconductor Equipment & Mate,Speculative,1.7,28.38,30.12,13.5,15.3,10.0,0.0,ok,0.0,ok,-2.44,,False,38.8,13.7,1.8,2.7,33.7,13.8,38.0,-20.4,-27.9,0.468,0.593,ETN,,126,15.3,13.0,,False
408,TSN,"Tyson Foods, Inc.",Consumer Defensive,Farm Products,Core,18.5,52.46,57.24,12.0,18.3,10.0,0.0,ok,-1.5,ok,2.62,,False,38.8,12.6,6.5,-0.1,6.6,3.3,22.7,-13.0,-27.8,-0.179,0.218,NVDA,,126,18.3,16.0,,False
409,NUE,Nucor Corporation,Basic Materials,Steel,Cyclical,58.0,255.46,250.14,14.0,14.7,10.0,0.0,ok,0.0,ok,0.78,,False,38.7,13.2,1.2,23.0,15.6,14.5,68.1,23.2,41.0,0.247,0.31,ETN,,126,14.7,11.0,,False
410,BA,Boeing Company (The),Industrials,Aerospace & Defense,Core,161.9,204.8,218.88,14.5,18.2,10.0,0.0,ok,-4.0,neg_ebitda_debt,,,False,38.7,50.1,3.5,8.0,4.7,173.5,30.7,-7.2,-13.8,0.462,0.425,GOOG,,126,18.2,14.0,,False
411,TRGP,"Targa Resources, Inc.",Energy,Oil & Gas Midstream,Cyclical,62.6,291.91,279.07,16.0,15.2,10.0,0.0,ok,-2.5,ok,3.54,,False,38.7,24.2,0.1,4.2,43.2,70.8,39.8,22.1,9.4,-0.218,0.191,NVDA,,126,15.2,13.0,,False
412,EA,Electronic Arts Inc.,Communication Services,Electronic Gaming & Multimedia,Core,52.9,209.7,205.27,18.0,10.6,10.0,0.0,ok,0.0,ok,-0.31,,False,38.6,21.7,3.2,18.9,79.9,16.5,80.9,3.4,-9.5,0.001,0.18,MSFT,,100,10.6,15.0,,False
413,VICI,VICI Properties Inc.,Real Estate,REIT - Diversified,Core,27.2,24.73,26.27,13.0,19.0,10.0,0.0,ok,-3.5,ok,4.82,,False,38.5,8.3,1.0,5.7,99.3,9.8,17.1,-10.3,-26.1,-0.219,0.34,TSM,,126,19.0,17.0,,False
414,XYZ,"Block, Inc.",Technology,Software - Infrastructure,Core,47.5,79.07,80.47,11.0,17.5,10.0,0.0,ok,0.0,ok,0.28,,False,38.5,15.3,-0.1,9.3,46.6,1.6,47.8,14.5,18.2,0.411,0.345,MSFT,,126,17.5,16.0,,False
415,SYK,Stryker Corporation,Healthcare,Medical Devices,Core,103.6,270.01,325.78,17.0,12.0,10.0,0.0,ok,-0.5,ok,1.62,,True,38.5,16.1,4.0,9.4,65.6,16.5,15.6,-19.8,-33.5,-0.148,0.285,ETN,,126,16.0,17.0,,False
416,O,Realty Income Corporation,Real Estate,REIT - Retail,Core,56.4,59.57,63.1,15.5,16.5,10.0,0.0,ok,-3.5,ok,5.74,,False,38.5,38.2,2.8,9.6,92.7,3.2,20.1,-3.1,-21.4,-0.241,0.283,TSM,,126,16.5,17.0,,False
417,PEG,Public Service Enterprise Grou,Utilities,Utilities - Regulated Electric,Core,36.1,72.48,76.71,12.5,19.5,10.0,0.0,ok,-3.5,ok,5.49,,False,38.5,15.5,0.3,-8.9,33.3,11.8,36.8,-8.9,-25.9,-0.055,0.463,CEG,,126,19.5,18.0,,False
418,CAG,"ConAgra Brands, Inc.",Consumer Defensive,Packaged Foods,Speculative,7.0,14.7,15.08,14.5,17.5,10.0,0.0,ok,-3.5,ok,4.17,,False,38.5,9.5,12.2,3.6,24.0,-25.1,22.3,-5.4,-20.6,-0.265,0.336,ETN,,126,17.5,16.0,,False
419,NRG,"NRG Energy, Inc.",Utilities,Utilities - Independent Power ,Core,23.5,111.65,125.53,17.0,16.4,10.0,0.0,ok,-5.0,ok,7.16,,False,38.4,10.0,3.3,11.0,18.8,23.8,44.3,-23.3,-40.1,0.362,0.674,CEG,,126,16.4,18.0,,False
420,ARE,Alexandria Real Estate Equitie,Real Estate,REIT - Office,Speculative,8.5,49.56,50.5,15.0,18.4,10.0,0.0,ok,-5.0,ok,7.13,,False,38.4,,15.8,-11.9,68.2,-4.1,30.3,-0.3,-13.6,0.031,0.175,CEG,,126,18.4,17.0,,False
421,EQIX,"Equinix, Inc.",Real Estate,REIT - Specialty,Core,101.0,1023.81,1043.47,17.0,14.9,10.0,0.0,ok,-3.5,ok,4.93,,False,38.4,54.8,3.7,16.7,52.0,10.7,32.7,6.2,-8.4,0.23,0.285,CEG,,126,14.9,16.0,,False
422,J,Jacobs Solutions Inc.,Industrials,Engineering & Construction,Growth,16.4,140.53,139.47,13.5,16.3,10.0,0.0,ok,-1.5,ok,2.72,,False,38.3,17.0,3.9,34.5,22.1,8.0,32.5,6.0,-5.3,0.11,0.15,GOOG,,126,16.3,14.0,,False
423,VTR,"Ventas, Inc.",Real Estate,REIT - Healthcare Facilities,Core,46.4,90.44,92.89,16.5,15.2,10.0,0.0,ok,-3.5,ok,5.34,,False,38.2,114.5,3.2,21.7,40.0,2.0,36.9,6.4,-8.2,-0.343,0.354,AVGO,,126,15.2,15.0,,False
424,LUV,Southwest Airlines Company,Industrials,Airlines,Core,18.9,38.69,44.64,10.5,18.1,10.0,0.0,ok,-0.5,ok,1.33,,False,38.1,8.1,-4.4,16.4,22.4,11.1,41.4,-10.2,-13.6,0.451,0.424,TSM,,126,18.1,14.0,,False
425,HSIC,"Henry Schein, Inc.",Healthcare,Medical Distribution,Speculative,9.7,87.3,87.66,14.5,16.0,10.0,0.0,ok,-2.5,ok,3.39,,False,38.0,14.6,4.6,6.7,31.3,8.9,44.3,10.0,2.7,0.077,0.179,GOOG,,126,16.0,15.0,,False
426,CASY,"Caseys General Stores, Inc.",Consumer Cyclical,Specialty Retail,Core,23.2,627.64,819.45,16.5,12.0,10.0,0.0,ok,-0.5,ok,1.51,,True,38.0,26.9,2.2,24.3,23.8,20.0,15.6,-13.8,-20.6,-0.05,0.117,NVDA,,126,17.6,11.0,,False
427,HPQ,HP Inc.,Technology,Computer Hardware,Core,29.5,32.73,31.09,16.0,12.5,10.0,0.0,ok,-0.5,ok,1.33,,False,38.0,10.4,11.5,12.5,19.7,,64.3,43.1,58.9,0.019,0.083,ETN,,126,12.5,13.0,,False
428,LEN,Lennar Corporation,Consumer Cyclical,Residential Construction,Core,18.8,77.9,85.0,12.0,16.5,10.0,0.0,ok,-0.5,ok,1.92,,False,38.0,12.1,5.7,-5.2,16.4,7.4,30.8,-20.0,-29.1,0.268,0.289,TSM,,126,16.5,11.0,,False
429,PNR,Pentair plc.,Industrials,Specialty Industrial Machinery,Speculative,9.1,56.73,65.92,16.5,12.0,10.0,0.0,ok,-0.5,ok,1.62,,True,38.0,11.0,6.2,-17.0,41.4,17.1,14.1,-33.1,-49.3,0.193,0.24,TSM,,126,16.0,15.0,,False
430,AMD,"Advanced Micro Devices, Inc.",Technology,Semiconductors,Growth,822.1,503.6,497.04,16.5,13.4,10.0,-2.0,ok,0.0,ok,-0.92,,False,37.9,32.2,1.1,50.1,55.7,10.2,60.5,45.8,140.9,0.631,0.684,TSM,,126,13.4,14.0,,False
431,SMCI,"Super Micro Computer, Inc.",Technology,Computer Hardware,Growth,24.6,37.38,35.51,13.5,16.4,10.0,-2.0,ok,0.0,ok,0.61,,False,37.9,7.0,-33.6,93.2,10.8,21.5,52.6,18.9,7.2,0.557,0.549,TSM,,126,16.4,13.0,,False
432,FN,Fabrinet,Technology,Electronic Components,Growth,14.5,403.95,475.09,14.0,15.9,10.0,-2.0,ok,0.0,ok,-1.64,,False,37.9,18.5,-0.4,44.6,12.0,21.3,33.1,-24.7,-35.0,0.524,0.636,VRT,,126,15.9,13.0,,False
433,TSCO,Tractor Supply Company,Consumer Cyclical,Specialty Retail,Core,17.5,33.52,32.93,14.5,15.8,10.0,0.0,ok,-2.5,ok,3.27,,False,37.8,16.3,0.6,2.3,36.5,39.5,36.1,-19.3,-44.1,0.019,0.092,MSFT,,126,15.8,11.0,,False
434,ATO,Atmos Energy Corporation,Utilities,Utilities - Regulated Gas,Core,27.9,164.81,172.41,11.5,18.8,10.0,0.0,ok,-2.5,ok,3.74,,False,37.8,18.3,-8.0,4.8,62.2,9.8,34.6,-5.9,-25.5,-0.299,0.314,TSM,,126,18.8,20.0,,False
435,CRWD,"CrowdStrike Holdings, Inc.",Technology,Software - Infrastructure,Core,213.9,208.86,213.9,14.0,13.8,10.0,0.0,ok,0.0,ok,-39.24,,False,37.8,130.2,0.9,25.8,75.2,1.5,57.7,-51.0,-66.5,0.231,0.237,AVGO,,126,13.8,17.0,,False
436,TDY,Teledyne Technologies Incorpor,Technology,Scientific & Technical Instrum,Core,27.7,596.5,643.83,14.5,15.8,10.0,-2.0,ok,-0.5,ok,1.06,,False,37.8,22.3,3.3,9.8,43.3,9.2,23.1,-3.1,-21.5,0.559,0.582,ETN,,126,15.8,14.0,,False
437,BEN,"Franklin Templeton, Inc.",Financial Services,Asset Management,Core,17.1,33.66,33.77,11.5,16.2,10.0,0.0,ok,0.0,financial_na,,,False,37.7,10.6,-17.5,14.3,37.7,7.9,47.4,18.0,29.9,0.452,0.452,GOOG,,126,16.2,14.0,,False
438,CVS,CVS Health Corporation,Healthcare,Healthcare Plans,Core,121.9,95.29,100.3,14.0,16.2,10.0,0.0,ok,-2.5,ok,3.74,,False,37.7,11.2,6.6,7.1,13.6,6.2,56.4,10.3,12.6,-0.059,0.195,CEG,,126,16.2,15.0,,False
439,COHU,"Cohu, Inc.",Technology,Semiconductor Equipment & Mate,Growth,2.6,54.73,52.59,14.0,15.7,10.0,-2.0,ok,0.0,ok,-13.22,,False,37.7,29.6,2.6,38.4,44.0,-4.8,51.1,34.1,85.4,0.587,0.722,ETN,,126,15.7,14.0,,False
440,HUM,Humana Inc.,Healthcare,Healthcare Plans,Core,48.1,400.73,389.03,15.0,12.7,10.0,0.0,ok,0.0,ok,-2.54,,False,37.7,24.2,4.0,26.2,13.7,6.9,67.1,42.2,132.3,0.113,0.269,CEG,,126,12.7,15.0,,False
441,WMT,Walmart Inc.,Consumer Defensive,Discount Stores,Core,841.4,105.73,110.36,12.0,16.1,10.0,0.0,ok,-0.5,ok,1.44,,False,37.6,32.7,0.8,5.9,24.8,22.3,56.2,-10.8,-29.1,-0.155,0.174,AVGO,,126,16.1,16.0,,False
442,LHX,"L3Harris Technologies, Inc.",Industrials,Aerospace & Defense,Growth,46.3,248.37,280.34,18.0,12.0,10.0,0.0,ok,-2.5,ok,3.23,,True,37.5,18.5,,190.0,30.4,,17.4,-20.7,-44.4,-0.109,0.202,TSM,,126,16.0,14.0,,False
443,SLB,SLB Limited,Energy,Oil & Gas Equipment & Services,Cyclical,83.1,56.01,53.21,13.0,15.0,10.0,0.0,ok,-0.5,ok,1.18,,False,37.5,17.3,3.6,5.0,17.0,12.9,58.6,13.6,11.9,0.143,0.189,ETN,,126,15.0,14.0,,False
444,FCX,"Freeport-McMoRan, Inc.",Basic Materials,Copper,Cyclical,102.3,71.21,67.65,15.0,14.5,10.0,-2.0,ok,0.0,ok,0.66,,False,37.5,17.2,2.1,-7.3,38.3,14.8,50.0,16.0,6.8,0.552,0.558,TSM,,126,14.5,11.0,,False
445,MLM,"Martin Marietta Materials, Inc",Basic Materials,Building Materials,Cyclical,35.7,502.47,547.44,12.5,16.5,10.0,0.0,ok,-1.5,ok,2.93,,False,37.5,22.8,1.7,21.0,28.2,8.9,36.4,-16.2,-28.2,0.174,0.265,CEG,,126,16.5,11.0,,False
446,MCK,McKesson Corporation,Healthcare,Medical Distribution,Core,102.7,880.86,855.15,14.0,13.4,10.0,0.0,ok,0.0,ok,0.94,,False,37.4,17.5,6.6,7.7,3.6,,61.7,4.4,-20.5,-0.352,0.357,TSM,,126,13.4,15.0,,False
447,BALL,Ball Corporation,Consumer Cyclical,Packaging & Containers,Core,15.8,59.74,62.81,14.0,15.8,10.0,0.0,ok,-2.5,ok,3.41,,False,37.3,13.2,2.4,19.7,18.6,17.2,32.8,0.9,-16.9,0.047,0.18,CEG,,126,15.8,11.0,,False
448,CTVA,"Corteva, Inc.",Basic Materials,Agricultural Inputs,Cyclical,56.4,84.49,83.44,15.0,12.3,10.0,0.0,ok,0.0,ok,0.59,,False,37.3,20.5,4.3,-1.2,49.5,4.3,64.5,8.8,-7.8,-0.227,0.255,MSFT,,126,12.3,12.0,,False
449,STT,State Street Corporation,Financial Services,Asset Management,Core,52.6,191.3,185.81,13.0,14.2,10.0,0.0,ok,0.0,financial_na,,,False,37.2,12.5,,-2.8,0.0,12.4,65.9,27.8,42.5,0.384,0.395,ETN,,126,14.2,14.0,,False
450,RSG,"Republic Services, Inc.",Industrials,Waste Management,Core,67.7,221.08,217.97,16.0,14.7,10.0,-2.0,ok,-1.5,ok,2.7,,False,37.2,27.4,2.9,4.6,43.0,18.2,53.1,3.0,-15.6,-0.514,0.507,TSM,,126,14.7,15.0,,False
451,ES,Eversource Energy (D/B/A),Utilities,Utilities - Regulated Electric,Core,26.0,68.99,72.6,14.5,16.2,10.0,0.0,ok,-3.5,ok,5.67,,False,37.2,14.0,3.1,2.3,52.8,9.0,34.5,-0.6,-18.4,-0.127,0.2,CEG,,126,16.2,19.0,,False
452,LITE,Lumentum Holdings Inc.,Technology,Communication Equipment,Growth,83.9,935.7,888.92,14.0,13.1,10.0,0.0,ok,0.0,ok,-1.33,,False,37.1,28.1,0.3,109.3,44.2,-240.0,55.4,34.4,38.1,0.464,0.592,VRT,,126,13.1,14.0,,False
453,KMI,"Kinder Morgan, Inc.",Energy,Oil & Gas Midstream,Cyclical,68.9,30.95,31.9,14.5,15.8,10.0,0.0,ok,-3.5,ok,4.23,,False,36.8,20.1,1.6,10.8,49.4,11.0,43.9,0.1,-20.1,-0.214,0.199,TSM,,126,15.8,13.0,,False
454,DELL,Dell Technologies Inc.,Technology,Computer Hardware,Growth,322.1,506.62,481.29,14.5,12.8,10.0,0.0,ok,-0.5,ok,1.34,,False,36.8,17.7,1.9,57.7,19.9,,64.9,95.4,225.2,0.4,0.381,AVGO,,126,12.8,13.0,,False
455,IONQ,"IonQ, Inc.",Technology,Computer Hardware,Growth,14.9,36.84,40.39,11.0,17.7,10.0,-2.0,ok,0.0,neg_ebitda_low_debt,,,False,36.7,,-0.6,286.8,,-60.5,40.3,-16.5,-2.2,0.58,0.466,TSM,,126,17.7,13.0,,False
456,LYB,LyondellBasell Industries NV,Basic Materials,Specialty Chemicals,Cyclical,20.8,64.3,61.27,14.5,14.7,10.0,0.0,ok,-2.5,ok,3.27,,False,36.7,10.0,5.9,19.8,12.9,-2.3,36.4,6.2,-27.3,-0.239,0.32,TSM,,126,14.7,11.0,,False
457,COR,"Cencora, Inc.",Healthcare,Medical Distribution,Core,61.2,320.95,314.47,14.5,13.7,10.0,0.0,ok,-1.5,ok,2.1,,False,36.7,16.2,3.3,5.1,4.0,96.9,56.0,0.1,-22.6,-0.258,0.337,TSM,,126,13.7,15.0,,False
458,VZ,Verizon Communications Inc.,Communication Services,Telecom Services,Core,207.6,49.97,47.47,18.5,10.7,10.0,0.0,ok,-2.5,ok,3.76,,False,36.7,9.5,8.4,-0.7,59.5,15.8,57.8,10.0,-13.6,-0.279,0.392,TSM,,126,10.7,16.0,,False
459,CARR,Carrier Global Corporation,Industrials,Building Products & Equipment,Core,46.7,56.64,63.8,10.5,18.7,10.0,0.0,ok,-2.5,ok,3.57,,False,36.7,17.1,1.8,3.9,24.7,9.0,31.5,-7.6,-13.2,0.422,0.574,ETN,,126,18.7,14.0,,False
460,COO,"The Cooper Companies, Inc.",Healthcare,Medical Instruments & Supplies,Core,10.6,54.17,72.07,16.0,12.0,10.0,0.0,ok,-1.5,ok,2.92,,True,36.5,11.3,4.0,7.9,65.6,2.9,6.5,-26.0,-38.0,0.015,0.186,GOOG,,126,16.0,17.0,,False
461,SO,Southern Company (The),Utilities,Utilities - Regulated Electric,Core,100.9,87.75,92.9,12.5,17.4,10.0,0.0,ok,-3.5,ok,5.2,,False,36.4,17.8,-3.9,0.1,48.3,11.5,30.2,-4.4,-23.3,-0.295,0.287,TSM,,126,17.4,19.0,,False
462,SBUX,Starbucks Corporation,Consumer Cyclical,Restaurants,Core,113.1,99.22,105.25,13.0,15.9,10.0,0.0,ok,-2.5,ok,3.34,,False,36.4,31.8,2.7,-1.4,22.3,,37.8,1.9,-14.2,0.114,0.137,AVGO,,126,15.9,11.0,,False
463,WEC,"WEC Energy Group, Inc.",Utilities,Utilities - Regulated Electric,Core,34.3,105.35,110.56,12.0,17.9,10.0,0.0,ok,-3.5,ok,5.79,,False,36.4,17.6,-6.9,2.6,41.9,12.0,37.1,-5.0,-21.4,-0.251,0.285,AVGO,,126,17.9,19.0,,False
464,WMB,"Williams Companies, Inc. (The)",Energy,Oil & Gas Midstream,Cyclical,89.1,72.82,73.3,15.0,14.8,10.0,0.0,ok,-3.5,ok,4.35,,False,36.3,28.0,-1.7,7.8,63.6,21.5,54.3,3.8,-14.0,-0.037,0.16,VRT,,126,14.8,14.0,,False
465,BWXT,"BWX Technologies, Inc.",Industrials,Aerospace & Defense,Core,14.0,152.49,168.88,14.5,15.3,10.0,-2.0,ok,-1.5,ok,2.96,,False,36.3,29.0,1.0,18.0,22.1,28.3,46.1,-20.7,-36.7,0.551,0.603,VRT,,126,15.3,14.0,,False
466,NEE,"NextEra Energy, Inc.",Utilities,Utilities - Regulated Electric,Core,172.0,82.44,86.23,14.0,17.2,10.0,0.0,ok,-5.0,ok,7.35,,False,36.2,18.8,-10.3,12.4,61.0,11.7,35.6,-5.9,-23.9,-0.028,0.239,MSFT,,126,17.2,20.0,,False
467,RGTI,"Rigetti Computing, Inc.",Technology,Computer Hardware,Growth,5.1,15.16,16.21,12.0,16.2,10.0,-2.0,ok,0.0,neg_ebitda_low_debt,,,False,36.2,,0.5,185.3,,-43.8,44.8,-20.8,-19.4,0.564,0.491,TSM,,126,16.2,13.0,,False
468,COHR,Coherent Corp.,Technology,Scientific & Technical Instrum,Growth,57.4,293.17,301.76,11.5,17.2,10.0,-2.0,ok,-0.5,ok,1.1,,False,36.2,21.0,-1.1,33.7,37.5,8.0,51.4,5.1,7.7,0.557,0.686,ETN,,126,17.2,13.0,,False
469,AI,"C3.ai, Inc.",Technology,Software - Infrastructure,Speculative,1.7,10.47,9.95,6.0,20.0,10.0,0.0,ok,0.0,neg_ebitda_low_debt,,,False,36.0,,0.9,-25.5,29.1,-59.8,52.3,-1.1,4.3,0.402,0.508,MSFT,,126,20.0,15.0,,False
470,WBD,"Warner Bros. Discovery, Inc. -",Communication Services,Entertainment,Core,70.7,28.2,27.17,14.0,14.4,10.0,0.0,ok,-2.5,ok,3.67,,False,35.9,,22.9,-11.2,47.8,-8.8,49.4,3.0,-11.0,0.136,0.246,NVDA,,126,14.4,14.0,,False
471,OKE,"ONEOK, Inc.",Energy,Oil & Gas Midstream,Growth,60.3,95.72,92.17,15.0,14.3,10.0,0.0,ok,-3.5,ok,4.28,,False,35.8,15.4,1.5,52.8,27.2,16.3,54.4,13.2,0.3,-0.373,0.315,TSM,,126,14.3,12.0,,False
472,SOUN,"SoundHound AI, Inc.",Technology,Software - Application,Growth,2.8,6.28,6.75,11.5,16.3,10.0,-2.0,ok,0.0,neg_ebitda_low_debt,,,False,35.8,,-1.6,45.0,42.3,-32.2,32.8,-24.0,-29.7,0.566,0.456,MSFT,,126,16.3,16.0,,False
473,CAH,"Cardinal Health, Inc.",Healthcare,Medical Distribution,Core,54.9,236.02,234.32,14.0,12.2,10.0,0.0,ok,-0.5,ok,1.21,,False,35.7,16.8,8.7,5.8,3.8,,59.3,9.3,-5.8,-0.149,0.281,AVGO,,126,12.2,15.0,,False
474,WELL,Welltower Inc.,Real Estate,REIT - Healthcare Facilities,Growth,169.8,235.71,237.64,14.0,15.1,10.0,0.0,ok,-3.5,ok,5.32,,False,35.6,74.1,1.6,39.1,39.6,3.8,46.7,11.8,0.9,-0.243,0.326,AVGO,,126,15.1,15.0,,False
475,PPL,PPL Corporation,Utilities,Utilities - Regulated Electric,Core,25.7,34.21,35.42,10.5,18.6,10.0,0.0,ok,-3.5,ok,5.33,,False,35.6,16.2,-7.5,4.2,44.1,8.6,38.6,-5.4,-23.9,-0.179,0.26,CEG,,126,18.6,19.0,,False
476,AEHR,Aehr Test Systems,Technology,Semiconductor Equipment & Mate,Growth,3.1,93.81,90.77,10.5,17.1,10.0,-2.0,ok,0.0,neg_ebitda_low_debt,,,False,35.6,67.8,-0.1,33.7,35.3,-4.2,39.5,46.9,135.4,0.59,0.61,ETN,,126,17.1,13.0,,False
477,ETR,Entergy Corporation,Utilities,Utilities - Regulated Electric,Core,50.5,105.73,109.8,12.0,16.6,10.0,0.0,ok,-3.5,ok,5.56,,False,35.1,20.7,-8.7,5.9,47.0,10.2,44.2,0.5,-12.1,-0.065,0.327,CEG,,126,16.6,19.0,,False
478,CPT,Camden Property Trust,Real Estate,REIT - Residential,Core,11.9,102.5,110.51,11.0,17.6,10.0,0.0,ok,-3.5,ok,5.4,,False,35.1,94.0,1.2,-0.8,61.6,7.9,23.6,-4.0,-11.9,-0.259,0.317,AVGO,,126,17.6,17.0,,False
479,EIX,Edison International,Utilities,Utilities - Regulated Electric,Core,21.8,56.75,71.51,13.5,15.0,10.0,0.0,ok,-3.5,ok,4.85,,False,35.0,8.7,0.4,-4.1,61.0,19.7,28.8,-16.6,-32.8,-0.072,0.114,NVDA,,126,15.0,20.0,,False
480,UCTT,"Ultra Clean Holdings, Inc.",Technology,Semiconductor Equipment & Mate,Speculative,3.2,71.13,86.11,9.0,20.4,10.0,-2.0,ok,-2.5,ok,3.74,,False,34.9,12.1,-2.5,24.3,15.8,-1.6,47.2,4.7,13.1,0.594,0.678,ETN,,126,20.4,13.0,,False
481,AEP,American Electric Power Compan,Utilities,Utilities - Regulated Electric,Core,67.2,123.47,128.48,12.0,16.2,10.0,0.0,ok,-3.5,ok,5.86,,False,34.7,18.0,-8.9,7.0,46.4,10.1,41.9,-2.1,-19.7,-0.183,0.236,CEG,,126,16.2,19.0,,False
482,IRM,Iron Mountain Incorporated (De,Real Estate,REIT - Specialty,Core,33.6,112.9,121.56,13.0,16.7,10.0,0.0,ok,-5.0,ok,7.74,,False,34.7,41.4,-1.3,18.5,54.2,,28.8,3.0,-7.8,0.394,0.408,ETN,,126,16.7,16.0,,False
483,DUK,Duke Energy Corporation (Holdi,Utilities,Utilities - Regulated Electric,Core,93.1,119.37,124.3,11.0,17.2,10.0,0.0,ok,-3.5,ok,5.51,,False,34.7,16.6,-4.8,1.1,52.0,9.9,37.4,-3.2,-22.4,-0.372,0.333,TSM,,126,17.2,19.0,,False
484,CNP,"CenterPoint Energy, Inc (Holdi",Utilities,Utilities - Regulated Electric,Core,25.8,39.12,41.59,11.5,18.2,10.0,0.0,ok,-5.0,ok,6.28,,False,34.7,18.7,-20.1,10.7,47.0,9.8,40.5,-5.5,-23.6,-0.26,0.284,AVGO,,126,18.2,19.0,,False
485,HII,"Huntington Ingalls Industries,",Industrials,Aerospace & Defense,Core,11.1,281.67,297.53,10.5,15.7,10.0,0.0,ok,-1.5,ok,2.5,,False,34.7,13.5,-2.7,10.9,12.4,13.0,27.4,-18.9,-45.8,0.286,0.333,MSFT,,126,15.7,14.0,,False
486,INTC,Intel Corporation,Technology,Semiconductors,Core,530.3,100.32,98.83,13.0,14.2,10.0,-2.0,ok,-0.5,ok,1.24,,False,34.7,49.1,0.9,25.4,38.9,-10.7,61.3,33.4,107.9,0.539,0.599,TSM,,126,14.2,13.0,,False
487,FE,FirstEnergy Corp.,Utilities,Utilities - Regulated Electric,Core,26.8,46.25,47.65,11.5,16.7,10.0,0.0,ok,-3.5,ok,5.33,,False,34.7,15.7,-7.5,8.8,68.6,9.5,40.5,-1.9,-21.8,-0.232,0.311,AVGO,,126,16.7,20.0,,False
488,MET,"MetLife, Inc.",Financial Services,Insurance - Life,Core,61.5,96.78,94.96,10.0,14.5,10.0,0.0,ok,0.0,financial_na,,,False,34.5,8.9,-34.1,10.5,24.0,13.1,60.3,18.3,28.0,0.079,0.235,MSFT,,126,14.5,14.0,,False
489,RCL,Royal Caribbean Cruises Ltd.,Consumer Cyclical,Travel Services,Core,69.3,259.01,293.83,15.0,12.0,10.0,0.0,ok,-2.5,ok,3.27,,True,34.5,12.8,-2.2,6.5,50.3,44.7,13.7,-9.9,-16.6,0.417,0.439,TSM,,126,18.3,14.0,,False
490,APD,"Air Products and Chemicals, In",Basic Materials,Specialty Chemicals,Cyclical,65.4,293.65,301.06,11.0,15.9,10.0,0.0,ok,-2.5,ok,3.71,,False,34.4,20.3,-2.3,4.6,32.1,0.0,41.7,4.1,-12.0,-0.036,0.115,TSM,,126,15.9,11.0,,False
491,LNT,Alliant Energy Corporation,Utilities,Utilities - Regulated Electric,Core,17.4,67.25,71.57,12.0,17.4,10.0,0.0,ok,-5.0,ok,6.61,,False,34.4,18.2,-6.5,1.0,44.5,11.1,32.4,-4.0,-19.1,-0.21,0.248,AVGO,,126,17.4,19.0,,False
492,TSLA,"Tesla, Inc.",Consumer Cyclical,Auto Manufacturers,Core,1435.9,363.56,355.7,11.0,15.3,10.0,-2.0,ok,0.0,ok,-2.55,,False,34.3,,0.3,25.5,18.9,4.7,56.4,-8.9,-21.7,0.531,0.465,TSM,,126,15.3,11.0,,False
493,ED,"Consolidated Edison, Inc.",Utilities,Utilities - Regulated Electric,Core,39.5,106.73,109.49,12.0,15.8,10.0,0.0,ok,-3.5,ok,4.36,,False,34.3,16.4,-2.1,13.2,53.4,9.0,44.1,0.1,-18.6,-0.448,0.406,TSM,,126,15.8,19.0,,False
494,CRL,Charles River Laboratories Int,Healthcare,Diagnostics & Research,Core,13.1,273.0,259.35,11.0,15.8,10.0,0.0,ok,-2.5,ok,3.35,,False,34.3,21.5,3.6,-2.7,34.6,-7.5,33.9,35.2,65.1,0.154,0.223,TSM,,126,15.8,15.0,,False
495,EXC,Exelon Corporation,Utilities,Utilities - Regulated Electric,Core,44.7,43.39,45.58,10.5,18.7,10.0,0.0,ok,-5.0,ok,6.09,,False,34.2,14.3,-6.0,9.9,42.4,9.7,34.2,-5.2,-26.1,-0.322,0.283,AVGO,,126,18.7,19.0,,False
496,MRNA,"Moderna, Inc.",Healthcare,Biotechnology,Core,54.5,136.62,129.79,9.0,15.2,10.0,0.0,ok,0.0,neg_ebitda_low_debt,,,False,34.2,,0.5,2.1,,-39.0,51.7,141.7,142.1,0.009,0.12,CEG,,126,15.2,15.0,,False
497,NI,NiSource Inc,Utilities,Utilities - Regulated Gas,Core,19.9,41.42,43.8,10.5,17.2,10.0,0.0,ok,-3.5,ok,5.74,,False,34.2,18.4,-8.9,4.6,51.0,8.5,47.7,-7.6,-24.5,-0.066,0.242,CEG,,126,17.2,19.0,,False
498,AEE,Ameren Corporation,Utilities,Utilities - Regulated Electric,Core,29.1,104.95,109.63,11.0,16.6,10.0,0.0,ok,-3.5,ok,5.57,,False,34.1,18.1,-6.1,-6.2,52.4,11.9,30.0,-2.4,-18.4,-0.213,0.251,AVGO,,126,16.6,19.0,,False
499,GM,General Motors Company,Consumer Cyclical,Auto Manufacturers,Core,77.9,86.12,83.78,14.0,15.1,10.0,0.0,ok,-5.0,ok,6.32,,False,34.1,5.8,28.2,1.9,10.2,3.2,49.9,7.6,3.5,0.332,0.387,TSM,,126,15.1,11.0,,False
500,CMS,CMS Energy Corporation,Utilities,Utilities - Regulated Electric,Core,21.2,67.68,71.79,9.5,19.5,10.0,0.0,ok,-5.0,ok,6.32,,False,34.0,16.3,-10.4,-0.5,40.3,9.2,32.1,-7.3,-24.9,-0.29,0.287,MSFT,,126,19.5,19.0,,False
501,IP,International Paper Company,Consumer Cyclical,Packaging & Containers,Core,18.2,34.29,39.3,13.5,12.0,10.0,0.0,ok,-1.5,ok,2.33,,True,34.0,11.5,9.1,-2.2,29.6,-16.5,22.4,-10.3,-17.6,0.138,0.204,TSM,,126,17.7,11.0,,False
502,HRL,Hormel Foods Corporation,Consumer Defensive,Packaged Foods,Core,11.5,20.84,24.15,12.0,12.0,10.0,0.0,ok,0.0,ok,-0.26,,True,34.0,13.4,5.4,-2.9,15.7,4.3,18.8,-10.2,-20.7,-0.187,0.248,NVDA,,126,18.2,16.0,,False
503,CRWV,"CoreWeave, Inc.",Technology,Software - Infrastructure,Growth,49.2,89.12,85.46,12.5,18.5,10.0,-2.0,ok,-5.0,ok,12.16,,False,34.0,,-18.5,112.5,67.4,-43.6,49.3,-2.9,-2.2,0.619,0.567,TSM,,126,18.5,17.0,,False
504,WULF,TeraWulf Inc.,Financial Services,Capital Markets,Speculative,8.1,16.14,17.93,7.0,18.9,10.0,-2.0,ok,0.0,financial_na,,,False,33.9,,-2.9,-6.0,,-1211.8,48.4,-10.1,-3.8,0.631,0.631,TSM,,126,18.9,16.0,,False
505,D,"Dominion Energy, Inc.",Utilities,Utilities - Regulated Electric,Core,57.2,65.05,68.53,11.5,17.1,10.0,0.0,ok,-5.0,ok,6.43,,False,33.6,17.0,-16.0,17.6,46.2,8.3,32.7,1.7,-10.3,-0.147,0.192,MSFT,,126,17.1,19.0,,False
506,CLX,Clorox Company (The),Consumer Defensive,Household & Personal Products,Core,10.7,88.77,99.45,15.0,12.0,10.0,0.0,ok,-3.5,ok,4.79,,True,33.5,14.1,1.0,-2.0,42.3,163.8,5.9,-13.0,-31.1,-0.012,0.326,GOOG,,126,18.7,17.0,,False
507,DOW,Dow Inc.,Basic Materials,Chemicals,Cyclical,21.4,29.64,30.09,9.0,16.8,10.0,0.0,ok,-2.5,ok,3.84,,False,33.3,16.4,1.1,19.7,9.8,-5.5,24.4,-5.9,-34.9,-0.21,0.278,TSM,,126,16.8,11.0,,False
508,EVRG,"Evergy, Inc.",Utilities,Utilities - Regulated Electric,Core,18.8,81.36,83.85,10.5,16.2,10.0,0.0,ok,-3.5,ok,5.8,,False,33.2,17.8,-7.7,4.4,52.7,9.3,41.1,1.1,-14.2,-0.204,0.265,AVGO,,126,16.2,19.0,,False
509,IREN,IREN LIMITED,Financial Services,Capital Markets,Core,17.2,43.64,41.46,7.5,17.7,10.0,-2.0,ok,0.0,financial_na,,,False,33.2,,-24.5,-26.7,68.9,-23.4,51.8,-4.4,-8.3,0.636,0.592,TSM,,126,17.7,16.0,,False
510,BLDR,"Builders FirstSource, Inc.",Industrials,Building Products & Equipment,Speculative,6.3,58.97,71.42,14.5,12.0,10.0,0.0,ok,-3.5,ok,5.06,,True,33.0,13.2,7.3,-8.8,29.2,2.5,19.1,-34.2,-45.7,0.319,0.359,TSM,,126,16.0,14.0,,False
511,SRE,DBA Sempra,Utilities,Utilities - Diversified,Core,54.9,84.0,88.24,9.5,18.5,10.0,0.0,ok,-5.0,ok,6.23,,False,33.0,15.2,-50.4,-0.1,44.0,6.7,41.0,-7.3,-23.0,-0.086,0.261,CEG,,126,18.5,19.0,,False
512,SWKS,"Skyworks Solutions, Inc.",Technology,Semiconductors,Core,12.6,84.03,79.83,12.0,10.5,10.0,0.0,ok,0.0,ok,-0.13,,False,32.5,16.9,3.5,-3.1,40.7,5.1,83.5,31.5,38.5,0.288,0.327,AVGO,,126,10.5,14.0,,False
513,IFF,International Flavors & Fragra,Basic Materials,Specialty Chemicals,Cyclical,21.4,84.05,81.93,8.0,15.7,10.0,0.0,ok,-1.5,ok,2.99,,False,32.2,21.2,-8.0,1.8,36.6,-5.5,52.9,12.5,7.0,0.193,0.253,GOOG,,126,15.7,11.0,,False
514,DTE,DTE Energy Company,Utilities,Utilities - Regulated Electric,Core,28.0,134.34,142.45,9.5,17.6,10.0,0.0,ok,-5.0,ok,7.69,,False,32.1,16.1,-9.3,-1.5,29.3,11.0,36.4,-4.7,-22.1,-0.145,0.223,CEG,,126,17.6,18.0,,False
515,ADM,Archer-Daniels-Midland Company,Consumer Defensive,Farm Products,Core,41.9,86.91,82.56,11.5,12.0,10.0,0.0,ok,-1.5,ok,2.75,,False,32.0,15.2,2.8,7.2,6.9,7.6,65.3,20.1,6.1,-0.086,0.147,GOOG,,126,12.0,16.0,,False
516,PNW,Pinnacle West Capital Corporat,Utilities,Utilities - Regulated Electric,Core,11.7,96.59,102.29,10.5,16.5,10.0,0.0,ok,-5.0,ok,7.68,,False,32.0,17.3,-7.9,7.1,43.4,9.4,32.2,-1.4,-17.7,-0.224,0.26,AVGO,,126,16.5,19.0,,False
517,NBIS,Nebius Group N.V.,Communication Services,Internet Content & Information,Growth,62.0,228.11,216.7,13.5,15.4,10.0,-2.0,ok,-5.0,ok,8.35,,False,31.9,,-15.5,454.0,74.3,0.6,53.6,45.3,97.4,0.54,0.545,TSM,,126,15.4,15.0,,False
518,BBAI,"BigBear.ai, Inc.",Technology,Information Technology Service,Speculative,1.4,2.82,3.07,7.5,16.3,10.0,-2.0,ok,0.0,neg_ebitda_low_debt,,,False,31.8,,-15.4,13.2,27.9,-16.6,38.5,-33.6,-43.8,0.631,0.515,TSM,,126,16.3,15.0,,False
519,XEL,Xcel Energy Inc.,Utilities,Utilities - Regulated Electric,Core,47.1,75.41,78.43,9.5,17.1,10.0,0.0,ok,-5.0,ok,6.47,,False,31.6,16.6,-16.8,-5.1,46.8,9.9,34.6,-3.7,-19.8,-0.125,0.265,CEG,,126,17.1,19.0,,False
520,NCLH,Norwegian Cruise Line Holdings,Consumer Cyclical,Travel Services,Speculative,6.7,14.57,18.37,14.5,12.0,10.0,0.0,ok,-5.0,ok,6.08,,True,31.5,8.6,-25.1,4.9,42.5,36.7,19.4,-26.4,-38.9,0.33,0.438,GOOG,,126,16.0,14.0,,False
521,OKLO,Oklo Inc.,Utilities,Utilities - Independent Power ,Speculative,7.4,39.88,43.49,8.0,15.4,10.0,-2.0,ok,0.0,neg_ebitda_low_debt,,,False,31.4,,-3.2,,,-7.7,46.3,-37.7,-46.8,0.61,0.565,TSM,,126,15.4,19.0,,False
522,PCG,Pacific Gas & Electric Co.,Utilities,Utilities - Regulated Electric,Core,30.9,14.03,16.92,10.5,15.8,10.0,0.0,ok,-5.0,ok,6.1,,False,31.3,7.8,-19.9,0.1,39.8,9.3,30.4,-16.1,-35.9,-0.001,0.153,CEG,,126,15.8,18.0,,False
523,WY,Weyerhaeuser Company,Real Estate,REIT - Specialty,Core,15.8,21.99,24.0,8.0,18.1,10.0,0.0,ok,-5.0,ok,7.15,,False,31.1,32.7,0.1,-0.9,14.5,5.0,1.8,-9.1,-18.3,0.027,0.236,CEG,,126,18.1,15.0,,False
524,AXON,"Axon Enterprise, Inc.",Industrials,Aerospace & Defense,Growth,38.9,478.85,565.59,14.0,12.0,10.0,0.0,ok,-5.0,ok,7.01,,True,31.0,45.3,0.6,35.3,59.5,6.2,24.3,-5.2,-17.9,0.236,0.341,MSFT,,126,17.5,15.0,,False
525,QBTS,D-Wave Quantum Inc.,Technology,Computer Hardware,Speculative,6.2,16.66,18.93,7.0,15.9,10.0,-2.0,ok,0.0,neg_ebitda_low_debt,,,False,30.9,,-1.2,-0.6,,-28.0,40.0,-22.3,-20.3,0.546,0.445,TSM,,126,15.9,15.0,,False
526,AWK,"American Water Works Company, ",Utilities,Utilities - Regulated Water,Core,27.8,139.84,135.58,13.0,11.3,10.0,0.0,ok,-3.5,ok,5.44,,False,30.8,21.3,-6.4,6.2,61.5,10.1,57.9,6.8,-11.9,-0.462,0.431,TSM,,126,11.3,20.0,,False
527,DE,Deere & Company,Industrials,Farm & Heavy Construction Mach,Core,182.8,677.94,644.04,12.5,11.7,10.0,0.0,ok,-3.5,ok,4.61,,False,30.7,29.9,2.5,-11.1,25.2,18.2,67.9,18.9,2.3,0.138,0.356,ETN,,126,11.7,14.0,,False
528,AES,The AES Corporation,Utilities,Utilities - Diversified,Core,10.6,14.8,14.75,10.0,15.0,10.0,0.0,ok,-5.0,ok,7.64,,False,30.0,6.2,-29.3,19.9,20.3,9.6,56.0,2.2,-8.4,0.167,0.249,AVGO,,126,15.0,18.0,,False
529,APLD,Applied Digital Corporation,Technology,Information Technology Service,Growth,7.3,25.78,28.61,9.5,15.2,10.0,-2.0,ok,-4.0,neg_ebitda_debt,,,False,28.7,,,406.6,25.9,-8.4,41.1,-20.1,-20.0,0.643,0.606,TSM,,126,15.2,15.0,fcf_yield_out_of_range(-67.7),False
530,CIFR,Cipher Digital Inc.,Technology,Information Technology Service,Speculative,6.6,15.94,18.97,5.5,19.8,10.0,-2.0,ok,-5.0,ok,49.49,,False,28.3,73.6,-43.8,-43.0,,-167.5,45.2,-13.4,2.5,0.578,0.558,TSM,,126,19.8,15.0,,False
531,F,Ford Motor Company,Consumer Cyclical,Auto Manufacturers,Core,55.3,13.88,14.1,4.5,18.7,10.0,0.0,ok,-5.0,ok,18.47,,False,28.2,7.2,-14.3,-3.8,7.1,-18.3,48.5,3.7,3.0,0.249,0.248,NVDA,,126,18.7,11.0,,False
532,MOS,Mosaic Company (The),Basic Materials,Agricultural Inputs,Cyclical,8.1,25.4,24.13,5.5,14.7,10.0,0.0,ok,-2.5,ok,3.37,,False,27.7,16.3,-9.2,-6.0,11.2,-5.1,64.5,3.9,-32.8,0.192,0.29,CEG,,126,14.7,11.0,,False
533,BG,Bunge Limited,Consumer Defensive,Farm Products,Growth,23.9,124.59,118.36,9.5,10.9,10.0,0.0,ok,-3.5,ok,5.21,,False,26.9,11.0,-27.1,88.3,4.9,7.2,62.0,8.8,-14.8,-0.046,0.137,GOOG,,126,10.9,16.0,,False
