rank,ticker,name,sector,industry,category,mcap_B,current_price,entry_level,fundamental,technical,visibility,corr_penalty,corr_status,leverage_penalty,lev_status,nd_ebitda,dte_pct,broken_base,composite,fwd_pe,fcf_yield_pct,rev_growth_pct,gross_margin_pct,roe_pct,rsi,ma200_dist_pct,rel_str_6m_pct,portfolio_corr,max_corr,max_corr_with,corr_null_reason,n_corr_obs,technical_precap,visibility_legacy,data_flags,in_portfolio
1,AVGO,Broadcom Inc.,Technology,Semiconductors,Growth,1753.5,368.56,383.73,20.0,18.7,22.0,-2.0,ok,0.0,ok,0.68,,False,58.7,19.0,1.7,85.5,75.5,44.2,43.0,-0.3,-5.3,0.55,0.577,TSM,,126,18.7,22.0,,True
2,GEV,GE Vernova Inc.,Industrials,Specialty Industrial Machinery,Compounder,258.7,971.31,1013.92,20.0,17.0,23.0,-2.0,ok,0.0,ok,-2.29,,False,58.0,38.4,6.1,21.9,20.6,82.6,42.9,9.4,2.7,0.587,0.684,ETN,,126,17.0,23.0,,False
3,GOOG,Alphabet Inc.,Communication Services,Internet Content & Information,Compounder,4101.7,335.38,346.54,19.0,17.8,20.0,0.0,ok,0.0,ok,-0.7,,False,56.8,22.6,0.6,24.2,60.9,48.7,43.3,0.1,-3.9,0.329,0.292,TSM,,126,17.8,20.0,,True
4,LMT,Lockheed Martin Corporation,Industrials,Aerospace & Defense,Compounder,123.7,536.15,555.5,18.0,16.4,22.0,0.0,ok,-0.5,ok,1.73,,False,55.9,16.4,4.5,10.5,11.8,89.2,19.2,-3.6,-30.8,-0.08,0.182,TSM,,126,16.4,22.0,,False
5,TSM,Taiwan Semiconductor Manufactu,Technology,Semiconductors,Growth,2276.9,439.0,420.54,24.0,13.9,21.0,-4.0,ok,0.0,ok,-0.77,,False,54.9,20.0,,36.0,64.2,40.0,67.7,17.8,14.0,0.71,0.644,ETN,,126,13.9,21.0,fcf_yield_out_of_range(32.1),True
6,NOC,Northrop Grumman Corporation,Industrials,Aerospace & Defense,Compounder,73.7,518.58,544.13,16.0,18.6,21.0,0.0,ok,-1.5,ok,2.03,,False,54.1,17.0,3.4,5.1,20.1,27.0,15.5,-13.8,-42.6,-0.072,0.242,TSM,,126,18.6,21.0,,False
7,NVDA,NVIDIA Corporation,Technology,Semiconductors,Growth,5450.7,225.73,214.44,20.0,16.1,20.0,-2.0,ok,0.0,ok,-0.12,,False,54.1,14.5,0.8,105.9,74.7,117.2,54.2,14.6,9.0,0.595,0.643,TSM,,126,16.1,20.0,,True
8,BX,Blackstone Inc.,Financial Services,Asset Management,Core,160.1,133.97,132.96,22.5,21.0,10.0,0.0,ok,0.0,financial_na,,,False,53.5,17.9,,28.6,100.0,31.4,36.7,3.3,9.8,0.266,0.327,GOOG,,126,21.0,16.0,,False
9,POWL,"Powell Industries, Inc.",Industrials,Electrical Equipment & Parts,Speculative,6.6,182.49,215.44,17.5,18.6,18.0,-2.0,ok,0.0,ok,-2.67,,False,52.1,26.1,2.9,8.9,30.1,28.3,30.0,-9.1,-9.8,0.611,0.753,ETN,,126,18.6,18.0,,False
10,NXPI,NXP Semiconductors N.V.,Technology,Semiconductors,Core,56.5,223.87,249.21,22.0,20.3,10.0,0.0,ok,-0.5,ok,1.53,,False,51.8,12.4,6.3,19.5,56.1,27.9,44.1,-8.0,-2.3,0.349,0.441,ETN,,126,20.3,14.0,,False
11,ADSK,"Autodesk, Inc.",Technology,Software - Application,Core,44.4,212.21,230.99,23.0,18.6,10.0,0.0,ok,0.0,ok,-0.2,,False,51.6,14.9,7.1,16.1,92.5,53.9,30.6,-13.9,-29.6,-0.051,0.427,ETN,,126,18.6,17.0,,False
12,RTX,RTX Corporation,Industrials,Aerospace & Defense,Compounder,267.9,198.81,207.89,15.5,15.3,21.0,0.0,ok,-0.5,ok,1.92,,False,51.3,25.3,3.7,14.5,20.3,12.3,12.0,3.0,-17.1,0.0,0.127,AVGO,,126,15.3,21.0,,False
13,EXPE,"Expedia Group, Inc.",Consumer Cyclical,Travel Services,Core,33.0,274.55,294.96,23.0,17.9,10.0,0.0,ok,0.0,ok,-0.5,,False,50.9,11.3,10.4,14.0,90.4,89.5,30.5,6.1,5.4,0.031,0.225,GOOG,,126,17.9,15.0,,False
14,ANET,"Arista Networks, Inc.",Technology,Computer Hardware,Growth,245.9,194.96,185.21,19.0,16.3,17.6,-2.0,ok,0.0,ok,-2.88,,False,50.9,37.8,1.6,37.7,63.0,31.5,51.6,28.0,26.5,0.566,0.55,AVGO,,126,16.3,20.0,,False
15,VRT,"Vertiv Holdings, LLC",Industrials,Electrical Equipment & Parts,Core,112.0,290.83,282.44,20.5,13.4,16.9,0.0,ok,0.0,ok,0.08,,False,50.8,31.9,2.4,24.1,38.0,43.9,60.1,12.7,-5.4,0.497,0.799,ETN,,126,13.4,20.0,,True
16,PATH,"UiPath, Inc.",Technology,Software - Infrastructure,Speculative,7.3,14.01,13.96,22.0,18.8,10.0,0.0,ok,0.0,ok,-6.57,,False,50.8,15.2,6.7,13.4,82.6,20.0,40.8,8.7,7.7,0.135,0.432,MSFT,,126,18.8,17.0,,False
17,NFLX,"Netflix, Inc.",Communication Services,Entertainment,Core,319.7,76.77,75.5,23.0,17.7,10.0,0.0,ok,0.0,ok,0.51,,False,50.7,20.1,7.9,13.4,49.1,49.5,47.3,-11.5,-34.0,-0.034,0.347,ETN,,126,17.7,14.0,,False
18,PYPL,"PayPal Holdings, Inc.",Financial Services,Credit Services,Core,45.8,53.18,55.2,20.0,20.3,10.0,0.0,ok,0.0,financial_na,,,False,50.3,9.2,9.6,4.8,40.5,24.5,33.0,4.4,5.0,0.155,0.298,MSFT,,126,20.3,17.0,,False
19,AXP,American Express Company,Financial Services,Credit Services,Core,220.2,326.1,341.16,21.5,18.8,10.0,0.0,ok,0.0,financial_na,,,False,50.3,16.2,,12.8,62.3,34.4,34.3,-3.1,-5.2,0.321,0.378,GOOG,,126,18.8,18.0,,False
20,CINF,Cincinnati Financial Corporati,Financial Services,Insurance - Property & Casualt,Growth,26.0,169.14,177.02,22.0,17.7,10.0,0.0,ok,0.0,financial_na,,,False,49.7,18.7,11.5,31.6,31.1,21.5,44.6,1.4,-9.9,-0.252,0.322,AVGO,,126,17.7,14.0,,False
21,RL,Ralph Lauren Corporation,Consumer Cyclical,Apparel Manufacturing,Core,20.7,347.23,377.67,22.0,17.6,10.0,0.0,ok,0.0,ok,0.67,,False,49.6,16.6,4.3,14.0,70.3,37.5,26.1,-5.1,-12.6,0.306,0.341,TSM,,126,17.6,13.0,,False
22,ALL,Allstate Corporation (The),Financial Services,Insurance - Property & Casualt,Core,64.1,253.46,256.99,22.0,17.6,10.0,0.0,ok,0.0,financial_na,,,False,49.6,9.2,23.7,11.8,36.8,46.1,41.5,14.4,9.0,-0.372,0.44,TSM,,126,17.6,14.0,,False
23,IT,"Gartner, Inc.",Technology,Information Technology Service,Core,10.9,172.59,164.66,21.0,19.1,10.0,0.0,ok,-0.5,ok,1.33,,False,49.6,10.6,9.7,-0.6,69.6,113.6,44.0,-2.7,-4.6,-0.187,0.44,ETN,,126,19.1,17.0,,False
24,PTC,PTC Inc.,Technology,Software - Application,Core,14.5,133.26,136.86,21.0,18.5,10.0,0.0,ok,0.0,ok,0.98,,False,49.5,15.0,7.1,-6.8,84.5,35.1,36.0,-10.3,-29.6,0.009,0.455,MSFT,,126,18.5,17.0,,False
25,CDNS,"Cadence Design Systems, Inc.",Technology,Software - Application,Core,78.4,284.11,339.78,20.5,18.9,10.0,0.0,ok,0.0,ok,0.52,,False,49.4,29.8,2.1,24.2,85.9,23.2,34.8,-13.1,-16.3,0.466,0.404,NVDA,,126,18.9,17.0,,False
26,AON,Aon plc,Financial Services,Insurance Brokers,Core,67.0,315.79,352.89,20.0,19.3,10.0,0.0,ok,0.0,financial_na,,,False,49.3,15.5,4.8,2.2,48.2,44.7,34.7,-6.2,-14.5,-0.311,0.465,ETN,,126,19.3,15.0,,False
27,GDDY,GoDaddy Inc.,Technology,Software - Infrastructure,Core,11.8,92.88,93.62,22.0,17.8,10.0,0.0,ok,-0.5,ok,1.91,,False,49.3,8.4,10.2,6.6,63.8,442.9,45.3,-3.3,-10.2,-0.156,0.462,ETN,,126,17.8,17.0,,False
28,ADBE,Adobe Inc.,Technology,Software - Application,Core,102.3,257.26,249.94,23.0,16.2,10.0,0.0,ok,0.0,ok,0.15,,False,49.2,9.4,9.0,12.7,89.4,63.0,46.5,-3.9,-19.6,-0.041,0.444,ETN,,126,16.2,17.0,,False
29,IDXX,"IDEXX Laboratories, Inc.",Healthcare,Diagnostics & Research,Core,41.0,520.21,557.52,19.5,19.5,10.0,0.0,ok,0.0,ok,0.55,,False,49.0,31.1,2.2,9.7,62.4,74.2,36.3,-14.2,-26.3,0.159,0.357,GOOG,,126,19.5,17.0,,False
30,SYF,Synchrony Financial,Financial Services,Credit Services,Core,25.6,78.62,76.83,19.5,19.5,10.0,0.0,ok,0.0,financial_na,,,False,49.0,7.5,,0.6,0.0,20.8,44.2,5.0,7.4,0.318,0.317,GOOG,,126,19.5,16.0,,False
31,EOG,"EOG Resources, Inc.",Energy,Oil & Gas E&P,Growth,77.4,145.36,141.79,23.0,15.9,10.0,0.0,ok,0.0,ok,0.23,,False,48.9,10.1,5.8,58.7,62.6,22.5,42.9,13.4,1.4,-0.385,0.323,TSM,,126,15.9,14.0,,False
32,BLK,"BlackRock, Inc.",Financial Services,Asset Management,Growth,178.0,1095.37,1094.69,20.5,18.3,10.0,0.0,ok,0.0,financial_na,,,False,48.8,17.0,4.3,30.6,47.2,12.3,33.6,3.6,0.1,0.423,0.432,GOOG,,126,18.3,15.0,,False
33,TXN,Texas Instruments Incorporated,Technology,Semiconductors,Core,236.5,258.92,279.5,19.0,19.8,10.0,0.0,ok,0.0,ok,0.74,,False,48.8,24.3,1.5,22.8,58.3,35.2,35.6,8.3,18.6,0.419,0.608,ETN,,126,19.8,14.0,,False
34,APO,"Apollo Global Management, Inc.",Financial Services,Asset Management,Growth,77.8,131.81,127.25,20.0,18.8,10.0,0.0,ok,0.0,financial_na,,,False,48.8,12.3,,63.8,36.1,11.4,45.2,3.3,8.7,0.313,0.33,GOOG,,126,18.8,14.0,,False
35,FDS,FactSet Research Systems Inc.,Financial Services,Financial Data & Stock Exchang,Core,10.3,289.0,274.55,21.0,17.8,10.0,0.0,ok,0.0,financial_na,,,False,48.8,14.7,6.0,6.4,51.4,27.0,52.0,15.9,23.2,-0.16,0.454,ETN,,126,17.8,15.0,,False
36,GD,General Dynamics Corporation,Industrials,Aerospace & Defense,Core,96.5,356.58,378.12,14.5,16.5,17.6,0.0,ok,0.0,ok,0.78,,False,48.6,19.2,4.6,8.1,15.4,17.8,14.1,0.9,-12.4,-0.007,0.128,GOOG,,126,16.5,21.0,,False
37,INCY,Incyte Corporation,Healthcare,Biotechnology,Growth,25.2,124.4,121.02,23.0,15.5,10.0,0.0,ok,0.0,ok,-2.32,,False,48.5,14.0,4.7,37.7,55.7,30.7,51.8,18.7,16.4,-0.138,0.192,AVGO,,126,15.5,16.0,,False
38,MSFT,Microsoft Corporation,Technology,Software - Infrastructure,Core,3667.8,493.95,469.25,18.0,15.0,15.5,0.0,ok,0.0,ok,0.27,,False,48.5,21.0,0.5,17.7,67.9,34.0,57.3,14.7,8.6,0.151,0.22,NVDA,,126,15.0,18.0,,True
39,ORCL,Oracle Corporation,Technology,Software - Infrastructure,Core,468.1,162.52,154.39,17.5,17.3,19.0,-2.0,ok,-3.5,ok,4.44,,False,48.3,14.8,-5.2,20.6,65.8,53.4,68.8,-3.3,-4.0,0.593,0.516,MSFT,,126,17.3,19.0,,False
40,BRO,"Brown & Brown, Inc.",Financial Services,Insurance Brokers,Growth,22.8,68.18,70.11,21.5,16.8,10.0,0.0,ok,0.0,financial_na,,,False,48.3,14.1,7.2,32.4,56.3,10.0,46.4,-1.5,-13.4,-0.346,0.514,ETN,,126,16.8,15.0,,False
41,MAS,Masco Corporation,Industrials,Building Products & Equipment,Core,14.0,70.93,75.91,20.0,18.7,10.0,0.0,ok,-0.5,ok,1.95,,False,48.2,15.2,6.4,-2.9,37.2,5862.5,40.8,2.0,-1.4,0.321,0.33,ETN,,126,18.7,14.0,,False
42,UBER,"Uber Technologies, Inc.",Technology,Software - Application,Core,149.4,73.13,74.03,21.0,17.6,10.0,0.0,ok,-0.5,ok,1.25,,False,48.1,16.7,4.9,12.2,40.8,37.2,46.0,-4.1,-12.1,0.214,0.314,MSFT,,126,17.6,16.0,,False
43,SCHW,Charles Schwab Corporation (Th,Financial Services,Capital Markets,Core,184.8,106.87,105.4,21.5,16.5,10.0,0.0,ok,0.0,financial_na,,,False,48.0,13.7,,20.9,97.5,20.3,38.6,9.9,2.0,0.022,0.198,GOOG,,126,16.5,16.0,,False
44,HSY,The Hershey Company,Consumer Defensive,Confectioners,Core,34.8,173.27,178.76,20.0,18.5,10.0,0.0,ok,-0.5,ok,1.89,,False,48.0,17.6,5.0,6.6,38.4,32.8,33.5,-9.3,-33.4,-0.3,0.331,AVGO,,126,18.5,16.0,,False
45,ARES,Ares Management Corporation,Financial Services,Asset Management,Core,45.7,138.62,131.69,17.5,20.4,10.0,0.0,ok,0.0,financial_na,,,False,47.9,19.3,4.7,5.8,37.4,14.9,46.5,4.8,16.1,0.362,0.374,GOOG,,126,20.4,14.0,,False
46,AOS,A.O. Smith Corporation,Industrials,Specialty Industrial Machinery,Speculative,8.0,58.82,61.27,19.0,18.9,10.0,0.0,ok,0.0,ok,0.63,,False,47.9,14.4,6.1,-0.7,38.6,27.1,42.7,-9.4,-29.2,0.195,0.301,ETN,,124,18.9,14.0,,False
47,TROW,"T. Rowe Price Group, Inc.",Financial Services,Asset Management,Core,23.3,109.42,114.46,20.5,17.4,10.0,0.0,ok,0.0,financial_na,,,False,47.9,10.6,8.7,10.7,51.6,19.4,46.0,6.2,11.4,0.194,0.249,GOOG,,126,17.4,15.0,,False
48,AMP,"Ameriprise Financial, Inc.",Financial Services,Asset Management,Core,49.2,556.67,537.5,22.0,15.9,10.0,0.0,ok,0.0,financial_na,,,False,47.9,10.8,5.9,11.6,54.9,63.4,46.8,14.4,9.3,0.201,0.267,MSFT,,126,15.9,15.0,,False
49,WDAY,"Workday, Inc.",Technology,Software - Application,Core,44.9,186.28,176.97,20.5,17.4,10.0,0.0,ok,0.0,ok,0.23,,False,47.9,14.1,6.8,12.8,75.8,16.0,47.0,16.4,17.6,-0.068,0.451,ETN,,126,17.4,17.0,,False
50,INTU,Intuit Inc.,Technology,Software - Application,Core,87.2,318.93,316.71,22.0,15.8,10.0,0.0,ok,0.0,ok,0.17,,False,47.8,11.7,7.4,13.7,81.0,23.6,34.5,-24.9,-42.7,-0.081,0.397,ETN,,126,15.8,17.0,,False
51,META,"Meta Platforms, Inc.",Communication Services,Internet Content & Information,Core,1562.8,613.48,596.76,18.0,12.8,17.0,0.0,ok,0.0,ok,0.2,,False,47.8,17.5,1.4,28.0,81.7,29.8,85.5,-1.4,-19.3,0.342,0.376,GOOG,,126,12.8,15.0,,False
52,APP,Applovin Corporation,Communication Services,Advertising Agencies,Growth,104.4,312.01,390.29,22.5,15.3,10.0,0.0,ok,0.0,ok,0.09,,False,47.8,14.9,3.0,52.8,88.5,203.7,53.2,-35.7,-47.8,0.312,0.292,MSFT,,126,15.3,15.0,,False
53,ABNB,"Airbnb, Inc.",Consumer Cyclical,Travel Services,Core,104.5,174.54,165.81,20.5,17.3,10.0,0.0,ok,0.0,ok,-3.47,,False,47.8,28.4,3.1,16.5,82.9,34.5,39.5,24.9,18.6,0.194,0.27,GOOG,,126,17.3,15.0,,False
54,CSCO,"Cisco Systems, Inc.",Technology,Communication Equipment,Core,430.4,109.17,114.19,19.5,18.1,10.0,0.0,ok,0.0,ok,0.82,,False,47.6,19.5,2.6,17.6,64.5,27.3,39.7,15.3,28.1,0.319,0.378,AVGO,,126,18.1,15.0,,False
55,MMM,3M Company,Industrials,Conglomerates,Core,86.4,167.52,171.68,21.0,17.1,10.0,0.0,ok,-0.5,ok,1.21,,False,47.6,17.1,7.4,2.5,39.4,81.9,12.2,4.3,-5.3,0.19,0.246,TSM,,126,17.1,14.0,,False
56,HAS,"Hasbro, Inc.",Consumer Cyclical,Leisure,Core,12.7,90.31,89.32,22.0,16.1,10.0,0.0,ok,-0.5,ok,1.92,,False,47.6,13.8,5.4,16.2,63.8,159.6,33.6,0.9,-18.2,0.111,0.156,GOOG,,126,16.1,13.0,,False
57,COF,Capital One Financial Corporat,Financial Services,Credit Services,Growth,131.3,213.96,212.02,18.0,19.5,10.0,0.0,ok,0.0,financial_na,,,False,47.5,8.9,,1111.0,0.0,9.0,40.3,3.2,2.6,0.326,0.356,GOOG,,126,19.5,16.0,,False
58,GL,Globe Life Inc.,Financial Services,Insurance - Life,Core,13.1,170.68,178.33,20.0,17.3,10.0,0.0,ok,0.0,financial_na,,,False,47.3,10.3,8.9,8.0,33.9,20.9,36.9,10.8,6.6,0.113,0.251,GOOG,,126,17.3,14.0,,False
59,NTAP,"NetApp, Inc.",Technology,Software - Infrastructure,Core,37.1,189.13,179.67,21.5,15.8,10.0,0.0,ok,0.0,ok,-0.5,,False,47.3,17.2,3.2,29.9,70.6,114.8,33.2,44.7,83.0,0.259,0.284,AVGO,,126,15.8,17.0,,False
60,CBOE,"Cboe Global Markets, Inc.",Financial Services,Financial Data & Stock Exchang,Core,30.6,293.33,285.26,20.5,16.7,10.0,0.0,ok,0.0,financial_na,,,False,47.2,19.3,2.2,22.9,54.1,26.3,51.3,2.8,-10.4,-0.163,0.254,TSM,,126,16.7,15.0,,False
61,MCO,Moody's Corporation,Financial Services,Financial Data & Stock Exchang,Core,83.3,481.25,489.86,20.5,16.7,10.0,0.0,ok,0.0,financial_na,,,False,47.2,25.4,3.1,15.1,75.0,76.9,47.8,1.9,-6.5,0.027,0.379,MSFT,,126,16.7,16.0,,False
62,DECK,Deckers Outdoor Corporation,Consumer Cyclical,Footwear & Accessories,Core,11.2,82.6,96.75,21.0,16.1,10.0,0.0,ok,0.0,ok,-0.85,,False,47.1,9.9,7.7,5.7,57.8,42.6,36.7,-19.5,-34.7,0.204,0.347,GOOG,,126,16.1,12.0,,False
63,BR,Broadridge Financial Solutions,Technology,Information Technology Service,Core,19.5,168.62,161.65,21.0,16.6,10.0,0.0,ok,-0.5,ok,1.72,,False,47.1,14.6,6.1,7.5,31.8,40.9,48.4,-4.4,-22.3,-0.043,0.397,MSFT,,126,16.6,15.0,,False
64,ADP,"Automatic Data Processing, Inc",Technology,Software - Application,Core,106.5,267.96,262.88,20.0,16.9,10.0,0.0,ok,0.0,ok,0.2,,False,46.9,20.0,4.9,6.8,48.7,72.2,48.5,13.4,11.1,-0.262,0.534,ETN,,126,16.9,16.0,,False
65,TEL,TE Connectivity plc,Technology,Electronic Components,Core,59.4,204.99,205.73,18.5,18.3,10.0,0.0,ok,0.0,ok,0.92,,False,46.8,15.9,3.9,13.8,36.1,23.3,50.0,-5.0,-12.1,0.407,0.452,VRT,,126,18.3,13.0,,False
66,DXCM,"DexCom, Inc.",Healthcare,Medical Devices,Core,31.9,84.53,81.51,20.5,16.3,10.0,0.0,ok,0.0,ok,-0.39,,False,46.8,27.1,3.2,13.1,62.5,38.5,32.9,19.0,11.5,0.143,0.275,GOOG,,126,16.3,17.0,,False
67,PODD,Insulet Corporation,Healthcare,Medical Devices,Speculative,9.9,142.28,154.0,20.5,16.3,10.0,0.0,ok,0.0,ok,0.67,,False,46.8,18.5,2.4,23.5,71.1,26.0,40.8,-32.0,-53.4,-0.085,0.28,VRT,,126,16.3,17.0,,False
68,MRSH,Marsh,Financial Services,Insurance Brokers,Core,86.1,180.52,185.17,19.0,17.7,10.0,0.0,ok,0.0,financial_na,,,False,46.7,15.8,5.6,6.2,44.0,25.9,40.1,1.8,-8.9,-0.382,0.554,ETN,,126,17.7,15.0,,False
69,DASH,"DoorDash, Inc.",Consumer Cyclical,Internet Retail,Growth,86.9,200.44,203.98,18.0,18.7,10.0,0.0,ok,0.0,ok,-1.42,,False,46.7,24.6,5.9,35.6,52.2,8.9,38.3,6.4,4.8,0.273,0.462,MSFT,,126,18.7,12.0,,False
70,WRB,W.R. Berkley Corporation,Financial Services,Insurance - Property & Casualt,Core,25.9,69.77,71.05,20.0,16.7,10.0,0.0,ok,0.0,financial_na,,,False,46.7,14.4,11.8,1.2,43.8,20.2,47.6,1.0,-10.3,-0.374,0.397,TSM,,126,16.7,15.0,,False
71,ALLE,Allegion plc,Industrials,Security & Protection Services,Core,13.3,156.05,153.04,19.5,17.6,10.0,0.0,ok,-0.5,ok,1.81,,False,46.6,16.0,3.7,12.7,44.8,33.7,41.4,3.5,-7.0,0.152,0.241,ETN,,126,17.6,17.0,,False
72,FSLR,"First Solar, Inc.",Technology,Solar,Core,22.9,213.25,218.54,18.5,20.1,10.0,-2.0,ok,0.0,ok,-0.64,,False,46.6,9.2,7.0,-3.7,44.0,18.5,43.7,-7.4,-5.3,0.538,0.561,ETN,,126,20.1,14.0,,False
73,CL,Colgate-Palmolive Company,Consumer Defensive,Household & Personal Products,Core,70.5,88.41,91.76,21.0,16.1,10.0,0.0,ok,-0.5,ok,1.29,,False,46.6,21.5,4.9,4.9,60.4,267.4,36.3,1.2,-17.0,-0.168,0.297,ETN,,126,16.1,18.0,,False
74,WDC,Western Digital Corporation,Technology,Computer Hardware,Growth,172.1,477.3,504.8,20.0,18.6,10.0,-2.0,ok,0.0,ok,-0.08,,False,46.6,15.0,1.3,43.8,48.9,130.9,44.5,27.5,66.1,0.544,0.631,ETN,,126,18.6,14.0,,False
75,PEP,"Pepsico, Inc.",Consumer Defensive,Beverages - Non-Alcoholic,Core,189.1,138.45,139.59,20.0,18.0,10.0,0.0,ok,-1.5,ok,2.25,,False,46.5,15.4,4.1,6.4,54.2,51.5,45.2,-6.6,-27.0,-0.286,0.362,ETN,,126,18.0,17.0,,False
76,BMY,Bristol-Myers Squibb Company,Healthcare,Drug Manufacturers - General,Core,132.1,64.69,63.04,22.0,15.0,10.0,0.0,ok,-0.5,ok,1.8,,False,46.5,9.9,6.1,5.7,71.7,46.6,44.5,11.8,-4.5,-0.06,0.242,AVGO,,126,15.0,17.0,,False
77,AMZN,"Amazon.com, Inc.",Consumer Cyclical,Internet Retail,Core,2771.8,256.97,254.43,17.0,16.6,14.9,-2.0,ok,0.0,ok,0.76,,False,46.5,24.7,0.1,19.6,50.8,30.6,47.5,7.4,6.7,0.529,0.645,GOOG,,126,16.6,17.0,,False
78,HIG,"The Hartford Insurance Group, ",Financial Services,Insurance - Diversified,Core,36.7,135.66,139.14,20.0,16.4,10.0,0.0,ok,0.0,financial_na,,,False,46.4,9.9,15.0,8.1,37.9,22.1,41.6,-0.3,-14.3,-0.281,0.341,TSM,,126,16.4,14.0,,False
79,QCOM,QUALCOMM Incorporated,Technology,Semiconductors,Core,185.9,174.09,169.01,19.0,17.4,10.0,0.0,ok,0.0,ok,0.58,,False,46.4,17.0,5.5,-4.0,54.2,33.8,71.5,4.0,15.6,0.381,0.408,ETN,,126,17.4,14.0,,False
80,LULU,lululemon athletica inc.,Consumer Cyclical,Apparel Retail,Core,11.4,103.19,118.11,20.0,16.4,10.0,0.0,ok,0.0,ok,0.32,,False,46.4,11.1,10.1,-4.3,54.9,30.9,35.7,-32.3,-51.2,0.2,0.352,MSFT,,126,16.4,12.0,,False
81,KMB,Kimberly-Clark Corporation,Consumer Defensive,Household & Personal Products,Core,34.2,102.93,109.6,18.5,18.3,10.0,0.0,ok,-0.5,ok,1.6,,False,46.3,13.7,2.8,0.6,37.6,104.9,37.3,0.2,-12.0,-0.12,0.226,ETN,,126,18.3,16.0,,False
82,FOXA,Fox Corporation,Communication Services,Entertainment,Core,27.4,65.23,61.97,18.0,18.3,10.0,0.0,ok,0.0,ok,0.87,,False,46.3,11.2,2.0,28.1,36.6,14.3,36.9,3.0,-1.0,-0.068,0.214,CEG,,126,18.3,13.0,,False
83,AVY,Avery Dennison Corporation,Consumer Cyclical,Packaging & Containers,Core,13.1,170.7,170.18,20.5,17.2,10.0,0.0,ok,-1.5,ok,2.28,,False,46.2,15.3,7.7,10.9,29.0,31.2,38.9,-1.2,-15.2,0.135,0.174,MSFT,,126,17.2,11.0,,False
84,WSM,"Williams-Sonoma, Inc.",Consumer Cyclical,Specialty Retail,Core,26.8,227.83,232.55,18.5,17.7,10.0,0.0,ok,0.0,ok,0.3,,False,46.2,21.7,4.0,6.7,45.7,55.0,32.7,11.6,8.3,0.24,0.237,TSM,,126,17.7,12.0,,False
85,FANG,"Diamondback Energy, Inc.",Energy,Oil & Gas E&P,Growth,56.2,199.65,195.55,21.0,15.7,10.0,0.0,ok,-0.5,ok,1.03,,False,46.2,11.0,9.0,52.5,72.4,3.5,32.1,10.8,-0.6,-0.218,0.302,GOOG,,126,15.7,14.0,,False
86,GWW,"W.W. Grainger, Inc.",Industrials,Industrial Distribution,Core,60.9,1289.17,1338.15,19.5,16.7,10.0,0.0,ok,0.0,ok,0.69,,False,46.2,25.3,2.1,10.3,39.4,46.1,44.4,9.5,3.6,0.161,0.257,VRT,,126,16.7,14.0,,False
87,OXY,Occidental Petroleum Corporati,Energy,Oil & Gas E&P,Growth,60.6,60.65,57.62,22.5,13.7,10.0,0.0,ok,0.0,ok,0.76,,False,46.2,15.8,6.2,53.4,73.3,10.6,54.7,15.7,1.0,-0.34,0.36,GOOG,,126,13.7,14.0,,False
88,JPM,JP Morgan Chase & Co.,Financial Services,Banks - Diversified,Growth,939.7,353.51,350.26,19.0,17.2,10.0,0.0,ok,0.0,financial_na,,,False,46.2,14.1,,30.4,0.0,17.8,38.1,11.3,9.9,0.205,0.264,ETN,,126,17.2,14.0,,False
89,HBAN,Huntington Bancshares Incorpor,Financial Services,Banks - Regional,Growth,33.9,16.76,17.49,18.0,18.2,10.0,0.0,ok,0.0,financial_na,,,False,46.2,8.9,,47.6,0.0,9.0,32.3,-0.9,-7.3,0.233,0.282,GOOG,,126,18.2,14.0,,False
90,EBAY,eBay Inc.,Consumer Cyclical,Internet Retail,Core,46.5,104.59,109.26,20.5,16.1,10.0,0.0,ok,-0.5,ok,1.24,,False,46.1,15.5,3.4,14.8,72.1,46.6,54.9,6.0,2.0,0.074,0.23,GOOG,,126,16.1,13.0,,False
91,GS,"Goldman Sachs Group, Inc. (The",Financial Services,Capital Markets,Growth,301.8,1036.53,1044.04,21.0,17.1,10.0,-2.0,ok,0.0,financial_na,,,False,46.1,14.0,,42.5,82.1,16.9,49.0,9.4,11.2,0.561,0.504,TSM,,126,17.1,16.0,,False
92,CPAY,"Corpay, Inc.",Technology,Software - Infrastructure,Core,26.7,407.05,386.7,23.0,14.6,10.0,0.0,ok,-1.5,ok,2.7,,False,46.1,12.9,7.3,21.5,80.5,29.2,50.2,20.6,10.5,0.072,0.245,MSFT,,126,14.6,17.0,,False
93,MPWR,"Monolithic Power Systems, Inc.",Technology,Semiconductors,Growth,59.9,1218.5,1326.64,19.0,19.1,10.0,-2.0,ok,0.0,ok,-1.39,,False,46.1,34.9,0.7,47.6,55.2,22.0,26.4,-2.6,2.5,0.6,0.733,ETN,,126,19.1,14.0,,False
94,V,Visa Inc.,Financial Services,Credit Services,Core,688.3,368.64,363.84,20.5,15.5,10.0,0.0,ok,0.0,financial_na,,,False,46.0,24.6,3.0,14.4,97.7,61.2,54.3,10.5,4.3,-0.105,0.269,VRT,,126,15.5,18.0,,False
95,LVS,Las Vegas Sands Corp.,Consumer Cyclical,Resorts & Casinos,Core,28.5,43.98,46.03,21.0,16.5,10.0,0.0,ok,-1.5,ok,2.57,,False,46.0,12.5,7.8,-0.7,79.3,122.9,42.1,-18.3,-31.7,0.18,0.339,MSFT,,126,16.5,13.0,,False
96,ESTC,Elastic N.V.,Technology,Software - Application,Speculative,9.3,88.42,84.0,21.0,15.0,10.0,0.0,ok,0.0,neg_ebitda_low_debt,,,False,46.0,22.5,5.4,15.1,75.6,33.1,53.1,38.5,57.4,0.159,0.478,MSFT,,126,15.0,17.0,,False
97,FOX,Fox Corporation,Communication Services,Entertainment,Core,24.5,58.24,55.33,18.0,18.0,10.0,0.0,ok,0.0,ok,0.87,,False,46.0,10.1,2.3,28.1,36.6,14.3,37.9,2.5,-3.4,-0.085,0.214,CEG,,126,18.0,13.0,,False
98,ZTS,Zoetis Inc.,Healthcare,Drug Manufacturers - Specialty,Core,30.4,73.56,75.53,21.0,15.4,10.0,0.0,ok,-0.5,ok,1.86,,False,45.9,11.3,6.6,-0.2,71.7,64.9,48.8,-28.2,-51.8,0.001,0.16,NVDA,,126,15.4,17.0,,False
99,MKC,"McCormick & Company, Incorpora",Consumer Defensive,Packaged Foods,Core,14.0,51.9,52.87,20.0,18.3,10.0,0.0,ok,-2.5,ok,3.17,,False,45.8,15.7,5.1,16.7,38.9,24.7,34.1,-8.5,-30.6,-0.23,0.347,VRT,,126,18.3,16.0,,False
100,PLTR,Palantir Technologies Inc.,Technology,Software - Infrastructure,Growth,409.2,170.3,161.79,20.0,15.8,10.0,0.0,ok,0.0,ok,-3.45,,False,45.8,73.2,0.5,92.8,84.8,38.1,49.2,12.5,-0.5,0.334,0.425,MSFT,,126,15.8,17.0,,False
101,ROK,"Rockwell Automation, Inc.",Industrials,Specialty Industrial Machinery,Core,47.7,429.13,452.85,18.5,17.8,10.0,0.0,ok,-0.5,ok,1.5,,False,45.8,28.9,2.7,7.9,49.1,30.6,45.9,2.3,1.9,0.44,0.56,ETN,,126,17.8,15.0,,False
102,KLIC,"Kulicke and Soffa Industries, ",Technology,Semiconductor Equipment & Mate,Growth,4.3,83.07,96.83,16.5,21.2,10.0,-2.0,ok,0.0,ok,-2.49,,False,45.7,14.1,1.3,122.6,52.6,13.2,30.7,4.9,14.1,0.544,0.654,ETN,,126,21.2,14.0,,False
103,TLN,Talen Energy Corporation,Utilities,Utilities - Independent Power ,Growth,15.6,325.77,346.01,17.5,16.2,19.0,-2.0,ok,-5.0,ok,16.05,,False,45.7,10.6,8.1,111.2,42.1,-12.8,55.8,-9.0,-14.9,0.512,0.782,CEG,,126,16.2,19.0,,False
104,MS,Morgan Stanley,Financial Services,Capital Markets,Core,339.6,216.24,215.67,20.0,17.7,10.0,-2.0,ok,0.0,financial_na,,,False,45.7,15.9,,28.0,87.6,18.0,48.1,13.5,22.1,0.52,0.448,ETN,,126,17.7,16.0,,False
105,PRU,"Prudential Financial, Inc.",Financial Services,Insurance - Life,Core,41.2,119.38,119.31,18.0,17.7,10.0,0.0,ok,0.0,financial_na,,,False,45.7,8.0,18.3,14.1,29.0,12.0,38.2,10.9,11.9,0.046,0.22,GOOG,,126,17.7,14.0,,False
106,AMAT,"Applied Materials, Inc.",Technology,Semiconductor Equipment & Mate,Core,375.2,472.79,530.64,19.0,18.7,10.0,-2.0,ok,0.0,ok,-0.19,,False,45.7,25.6,0.8,24.8,49.4,41.1,32.8,15.8,23.5,0.595,0.727,ETN,,126,18.7,14.0,,False
107,EFX,"Equifax, Inc.",Industrials,Consulting Services,Core,20.2,171.62,178.44,18.5,18.6,10.0,0.0,ok,-1.5,ok,2.75,,False,45.6,16.9,4.7,10.6,55.5,14.3,40.0,-8.4,-25.6,-0.098,0.349,ETN,,126,18.6,17.0,,False
108,MDB,"MongoDB, Inc.",Technology,Software - Infrastructure,Growth,28.7,356.0,374.28,14.0,21.6,10.0,0.0,ok,0.0,ok,-170.08,,False,45.6,45.8,2.0,30.5,72.7,2.0,33.0,3.9,18.4,0.272,0.444,MSFT,,126,21.6,17.0,,False
109,SNPS,"Synopsys, Inc.",Technology,Software - Infrastructure,Growth,75.1,392.03,411.36,20.0,18.1,10.0,0.0,ok,-2.5,ok,3.49,,False,45.6,22.4,4.6,42.4,82.9,3.7,46.0,-12.3,-22.5,0.44,0.433,NVDA,,126,18.1,17.0,,False
110,AFL,AFLAC Incorporated,Financial Services,Insurance - Life,Core,57.7,115.16,121.4,17.5,18.1,10.0,0.0,ok,0.0,financial_na,,,False,45.6,15.3,8.9,-1.0,50.9,16.9,32.1,0.7,-8.7,-0.273,0.388,TSM,,126,18.1,15.0,,False
111,UAL,"United Airlines Holdings, Inc.",Industrials,Airlines,Core,35.1,108.24,121.04,17.0,20.1,10.0,0.0,ok,-1.5,ok,2.4,,False,45.6,7.2,2.6,16.0,31.8,23.3,35.2,-0.1,5.7,0.437,0.404,TSM,,126,20.1,14.0,,False
112,VLTO,Veralto Corp,Industrials,Pollution & Treatment Controls,Core,23.3,95.53,95.27,19.5,16.6,10.0,0.0,ok,-0.5,ok,1.06,,False,45.6,20.0,3.5,7.5,60.2,34.3,47.7,2.4,-8.9,-0.125,0.222,ETN,,126,16.6,16.0,,False
113,BKNG,Booking Holdings Inc. Common S,Consumer Cyclical,Travel Services,Core,139.7,180.3,194.23,18.0,17.6,10.0,0.0,ok,0.0,ok,0.36,,False,45.6,14.6,5.5,8.1,87.2,,26.6,-2.9,-10.0,0.012,0.222,VRT,,126,17.6,15.0,,False
114,ALGN,"Align Technology, Inc.",Healthcare,Medical Instruments & Supplies,Core,10.9,153.49,170.89,18.5,17.0,10.0,0.0,ok,0.0,ok,-1.08,,False,45.5,12.2,5.4,4.3,70.4,10.2,29.9,-10.1,-22.6,0.247,0.308,GOOG,,126,17.0,17.0,,False
115,BAC,Bank of America Corporation,Financial Services,Banks - Diversified,Core,436.3,62.39,61.71,17.5,18.0,10.0,0.0,ok,0.0,financial_na,,,False,45.5,11.8,,16.8,0.0,11.2,38.2,13.8,15.3,0.194,0.262,GOOG,,126,18.0,14.0,,False
116,ADI,"Analog Devices, Inc.",Technology,Semiconductors,Growth,176.0,363.2,376.89,19.0,18.5,10.0,-2.0,ok,0.0,ok,0.99,,False,45.5,22.2,2.4,39.6,65.8,12.2,35.9,4.2,0.8,0.531,0.686,ETN,,126,18.5,15.0,,False
117,MSCI,MSCI Inc.,Financial Services,Financial Data & Stock Exchang,Core,40.1,551.39,578.47,17.5,18.0,10.0,0.0,ok,0.0,financial_na,,,False,45.5,24.5,3.0,12.2,83.0,,42.9,-3.5,-12.6,0.008,0.383,MSFT,,126,18.0,16.0,,False
118,UHS,"Universal Health Services, Inc",Healthcare,Medical Care Facilities,Core,10.1,171.89,163.81,19.0,17.0,10.0,0.0,ok,-0.5,ok,1.9,,False,45.5,7.2,4.9,8.3,44.6,20.9,47.7,-7.4,-21.0,-0.091,0.14,GOOG,,126,17.0,16.0,,False
119,DAL,"Delta Air Lines, Inc.",Industrials,Airlines,Core,51.9,78.96,86.3,17.0,19.9,10.0,0.0,ok,-1.5,ok,2.19,,False,45.4,9.1,5.4,18.7,18.7,20.1,32.7,6.5,20.4,0.424,0.415,TSM,,126,19.9,14.0,,False
120,ON,ON Semiconductor Corporation,Technology,Semiconductors,Core,27.7,71.08,83.14,16.0,21.4,10.0,-2.0,ok,0.0,ok,0.4,,False,45.4,15.7,6.0,9.2,42.8,8.3,30.3,-9.4,6.1,0.511,0.638,ETN,,126,21.4,14.0,,False
121,UNP,Union Pacific Corporation,Industrials,Railroads,Core,171.4,288.45,293.98,20.5,16.4,10.0,0.0,ok,-1.5,ok,2.26,,False,45.4,20.4,2.8,11.5,56.3,39.7,35.5,10.9,2.1,-0.086,0.185,MSFT,,126,16.4,15.0,,False
122,MA,Mastercard Incorporated,Financial Services,Credit Services,Core,500.1,570.89,559.15,20.5,14.8,10.0,0.0,ok,0.0,financial_na,,,False,45.3,24.8,3.4,14.1,100.0,241.2,47.8,7.7,-2.1,-0.071,0.422,MSFT,,126,14.8,18.0,,False
123,LLY,Eli Lilly and Company,Healthcare,Drug Manufacturers - General,Growth,1001.8,1123.91,1189.82,20.0,15.8,10.0,0.0,ok,-0.5,ok,1.1,,False,45.3,23.8,1.1,47.7,83.4,102.3,28.8,5.8,-0.7,-0.097,0.188,GOOG,,126,15.8,17.0,,False
124,AAPL,Apple Inc.,Technology,Consumer Electronics,Core,4615.0,316.22,315.8,20.5,14.8,10.0,0.0,ok,0.0,ok,0.13,,False,45.3,33.0,2.3,16.4,48.7,148.8,55.9,11.4,8.2,0.077,0.157,ETN,,126,14.8,14.0,,False
125,APA,APA Corporation,Energy,Oil & Gas E&P,Cyclical,15.3,43.55,41.37,21.0,14.2,10.0,0.0,ok,0.0,ok,0.6,,False,45.2,10.0,14.1,9.2,78.3,26.7,55.2,29.9,24.6,-0.347,0.304,GOOG,,126,14.2,14.0,,False
126,XYL,Xylem Inc.,Industrials,Specialty Industrial Machinery,Core,25.4,108.81,117.37,16.0,19.2,10.0,0.0,ok,0.0,ok,0.9,,False,45.2,17.4,4.7,1.5,39.2,9.2,37.8,-12.2,-24.5,0.192,0.302,ETN,,126,19.2,14.0,,False
127,PAYX,"Paychex, Inc.",Technology,Software - Application,Core,41.6,116.93,116.71,18.5,18.2,10.0,0.0,ok,-1.5,ok,2.17,,False,45.2,18.3,,12.5,67.2,,43.3,13.5,11.4,-0.244,0.525,ETN,,126,18.2,17.0,,False
128,PNC,"PNC Financial Services Group, ",Financial Services,Banks - Regional,Core,96.9,242.91,249.42,18.5,16.7,10.0,0.0,ok,0.0,financial_na,,,False,45.2,11.4,,23.6,0.0,12.6,33.1,8.5,5.4,0.097,0.227,GOOG,,126,16.7,14.0,,False
129,SPGI,S&P Global Inc.,Financial Services,Financial Data & Stock Exchang,Core,126.6,429.31,428.15,19.5,15.6,10.0,0.0,ok,0.0,financial_na,,,False,45.1,21.2,4.3,10.4,70.9,14.3,56.0,-4.2,-14.6,-0.031,0.369,MSFT,,126,15.6,16.0,,False
130,NVR,"NVR, Inc.",Consumer Cyclical,Residential Construction,Core,16.3,6116.86,6402.36,16.5,18.6,10.0,0.0,ok,0.0,ok,-0.0,,False,45.1,14.9,5.6,-10.9,21.8,31.5,43.4,-10.1,-23.0,0.069,0.181,GOOG,,126,18.6,11.0,,False
131,CB,Chubb Limited,Financial Services,Insurance - Property & Casualt,Core,129.9,336.64,347.84,18.5,16.5,10.0,0.0,ok,0.0,financial_na,,,False,45.0,11.6,8.1,6.1,31.1,14.8,40.6,3.2,-9.3,-0.448,0.471,TSM,,126,16.5,14.0,,False
132,MDT,Medtronic plc.,Healthcare,Medical Devices,Core,118.2,92.39,87.77,19.5,16.0,10.0,0.0,ok,-0.5,ok,1.86,,False,45.0,14.4,4.6,13.7,65.3,10.6,50.9,3.5,-9.5,-0.128,0.278,AVGO,,126,16.0,17.0,,False
133,FITB,Fifth Third Bancorp,Financial Services,Banks - Regional,Growth,49.4,54.51,56.57,18.0,17.0,10.0,0.0,ok,0.0,financial_na,,,False,45.0,11.0,,51.8,0.0,8.4,32.4,7.5,4.9,0.134,0.202,GOOG,,126,17.0,14.0,,False
134,GOOGL,Alphabet Inc.,Communication Services,Internet Content & Information,Core,4138.1,338.36,348.59,19.0,18.0,10.0,-2.0,ok,0.0,ok,-0.7,,False,45.0,22.8,0.5,24.2,60.9,48.7,44.0,0.7,-3.0,0.515,0.995,GOOG,,126,18.0,15.0,,False
135,KEY,KeyCorp,Financial Services,Banks - Regional,Core,23.3,21.79,22.69,17.5,17.5,10.0,0.0,ok,0.0,financial_na,,,False,45.0,10.2,,10.1,0.0,10.3,35.4,2.0,-2.9,0.254,0.291,ETN,,126,17.5,14.0,,False
136,CSX,CSX Corporation,Industrials,Railroads,Core,90.8,49.0,50.17,19.5,17.0,10.0,0.0,ok,-1.5,ok,2.64,,False,45.0,21.6,2.2,10.1,47.1,24.4,39.8,13.5,6.6,0.044,0.26,ETN,,126,17.0,15.0,,False
137,KKR,KKR & Co. Inc.,Financial Services,Asset Management,Core,97.7,105.73,102.9,15.5,19.5,10.0,0.0,ok,0.0,financial_na,,,False,45.0,14.3,,7.8,54.8,7.3,46.9,0.3,4.6,0.332,0.303,GOOG,,126,19.5,15.0,,False
138,ALAB,"Astera Labs, Inc.",Technology,Semiconductors,Growth,50.1,288.85,328.39,19.0,18.0,10.0,-2.0,ok,0.0,ok,-4.23,,False,45.0,45.2,0.2,104.5,75.1,25.8,45.4,27.9,134.8,0.589,0.629,TSM,,126,18.0,15.0,,False
139,UPS,"United Parcel Service, Inc.",Industrials,Integrated Freight & Logistics,Core,85.5,100.48,107.57,18.5,16.9,10.0,0.0,ok,-0.5,ok,1.99,,False,44.9,12.4,6.5,7.6,22.4,29.6,44.1,-2.9,-11.9,0.245,0.259,ETN,,126,16.9,14.0,,False
140,AIG,"American International Group, ",Financial Services,Insurance - Diversified,Core,39.0,74.68,77.87,17.0,17.9,10.0,0.0,ok,0.0,financial_na,,,False,44.9,8.5,18.9,0.5,35.1,7.2,41.6,-3.2,-16.9,-0.169,0.234,TSM,,126,17.9,14.0,,False
141,IBM,International Business Machine,Technology,Information Technology Service,Core,218.7,232.09,240.56,20.0,17.4,10.0,0.0,ok,-2.5,ok,3.47,,False,44.9,17.6,5.5,1.1,58.1,34.5,49.4,-10.9,-19.7,0.094,0.32,MSFT,,126,17.4,16.0,,False
142,BF-B,Brown Forman Inc,Consumer Defensive,Beverages - Wineries & Distill,Core,12.1,26.39,27.2,17.5,17.8,10.0,0.0,ok,-0.5,ok,1.8,,False,44.8,15.4,5.7,-1.4,60.7,18.1,44.0,-2.7,-9.3,-0.135,0.175,AVGO,,126,17.8,18.0,,False
143,AMGN,Amgen Inc.,Healthcare,Drug Manufacturers - General,Core,212.6,393.17,397.76,21.0,15.3,10.0,0.0,ok,-1.5,ok,2.51,,False,44.8,16.1,4.1,9.5,71.9,91.5,36.0,10.3,-7.6,-0.065,0.119,AVGO,,126,15.3,17.0,,False
144,TRV,"The Travelers Companies, Inc.",Financial Services,Insurance - Property & Casualt,Core,76.3,365.66,363.91,20.0,14.8,10.0,0.0,ok,0.0,financial_na,,,False,44.8,12.1,19.4,0.3,34.7,26.5,47.5,17.1,7.7,-0.283,0.313,TSM,,126,14.8,14.0,,False
145,URI,"United Rentals, Inc.",Industrials,Rental & Leasing Services,Core,63.2,1015.17,1085.54,18.5,18.8,10.0,0.0,ok,-2.5,ok,3.26,,False,44.8,17.8,2.7,11.8,38.5,28.9,25.2,9.5,18.0,0.175,0.422,ETN,,126,18.8,16.0,,False
146,TT,Trane Technologies plc,Industrials,Building Products & Equipment,Core,98.1,446.0,467.78,19.5,17.2,10.0,-2.0,ok,0.0,ok,0.77,,False,44.7,25.4,3.2,10.6,35.4,36.6,35.7,0.4,-10.3,0.511,0.781,ETN,,126,17.2,14.0,,False
147,FIS,Fidelity National Information ,Technology,Information Technology Service,Core,20.4,39.42,41.92,22.0,16.2,10.0,0.0,ok,-3.5,ok,5.82,,False,44.7,5.9,13.0,29.1,35.8,22.3,40.8,-20.0,-35.1,-0.114,0.42,ETN,,126,16.2,15.0,,False
148,TER,"Teradyne, Inc.",Technology,Semiconductor Equipment & Mate,Growth,58.2,372.06,370.64,20.0,16.6,10.0,-2.0,ok,0.0,ok,-0.17,,False,44.6,31.9,0.8,103.9,59.2,36.5,38.4,17.3,10.5,0.592,0.708,ETN,,126,16.6,14.0,,False
149,RMD,ResMed Inc.,Healthcare,Medical Instruments & Supplies,Core,31.9,221.05,215.7,18.5,16.1,10.0,0.0,ok,0.0,ok,-0.31,,False,44.6,16.7,2.9,8.6,61.6,24.3,51.2,-2.9,-23.4,-0.03,0.308,GOOG,,126,16.1,17.0,,False
150,GE,GE Aerospace,Industrials,Aerospace & Defense,Core,347.5,334.91,356.53,18.0,16.6,10.0,0.0,ok,0.0,ok,0.9,,False,44.6,36.9,1.9,21.1,31.1,48.2,27.2,4.2,-10.6,0.35,0.418,ETN,,126,16.6,14.0,,False
151,HON,Honeywell International Inc.,Industrials,Conglomerates,Core,66.0,208.24,228.21,18.5,18.6,10.0,0.0,ok,-2.5,ok,3.03,,False,44.6,20.9,4.0,4.3,36.5,46.6,24.6,-6.1,-26.1,-0.011,0.216,MSFT,,126,18.6,14.0,,False
152,USB,U.S. Bancorp,Financial Services,Banks - Regional,Core,97.4,62.49,63.09,17.5,17.0,10.0,0.0,ok,0.0,financial_na,,,False,44.5,10.8,,10.4,0.0,12.6,37.4,10.6,8.4,0.134,0.255,GOOG,,126,17.0,14.0,,False
153,FFIV,"F5, Inc.",Technology,Software - Infrastructure,Core,22.1,389.62,404.56,18.0,16.5,10.0,0.0,ok,0.0,ok,-1.47,,False,44.5,21.6,3.3,10.9,81.9,19.8,48.1,18.8,23.0,0.323,0.288,AVGO,,126,16.5,17.0,,False
154,ROL,"Rollins, Inc.",Consumer Cyclical,Personal Services,Core,16.8,34.95,39.34,18.5,16.5,10.0,0.0,ok,-0.5,ok,1.16,,False,44.5,26.9,3.0,7.9,52.4,37.0,37.5,-32.8,-50.8,-0.055,0.234,GOOG,,126,16.5,14.0,,False
155,HOOD,"Robinhood Markets, Inc.",Financial Services,Capital Markets,Growth,105.5,117.34,111.47,18.5,16.0,10.0,0.0,ok,0.0,financial_na,,,False,44.5,35.5,,32.3,91.9,23.6,68.0,23.4,36.3,0.444,0.36,NVDA,,126,16.0,16.0,,False
156,NTRS,Northern Trust Corporation,Financial Services,Asset Management,Growth,33.8,184.88,184.04,17.5,17.0,10.0,0.0,ok,0.0,financial_na,,,False,44.5,14.6,,36.4,0.0,17.1,39.3,16.7,20.8,0.301,0.291,ETN,,126,17.0,14.0,,False
157,RJF,"Raymond James Financial, Inc.",Financial Services,Asset Management,Core,34.0,176.55,172.85,19.0,15.5,10.0,0.0,ok,0.0,financial_na,,,False,44.5,12.4,,15.1,93.2,18.4,46.3,10.3,6.1,0.227,0.343,GOOG,,126,15.5,16.0,,False
158,KLAC,KLA Corporation,Technology,Semiconductor Equipment & Mate,Core,246.9,188.98,204.57,18.0,16.5,10.0,0.0,ok,0.0,ok,0.21,,False,44.5,28.3,1.1,15.2,61.3,87.5,43.8,-83.5,-100.1,0.26,0.347,ETN,,126,16.5,15.0,,False
159,A,"Agilent Technologies, Inc.",Healthcare,Diagnostics & Research,Core,41.4,146.85,142.55,17.5,17.4,10.0,0.0,ok,-0.5,ok,1.15,,False,44.4,21.7,2.6,8.1,53.6,21.0,47.8,11.7,14.4,0.163,0.151,NVDA,,126,17.4,16.0,,False
160,PSA,Public Storage,Real Estate,REIT - Industrial,Core,56.3,301.6,319.98,20.0,15.9,10.0,0.0,ok,-1.5,ok,2.89,,False,44.4,29.8,4.1,3.3,74.4,21.9,25.5,1.7,-13.6,-0.003,0.25,GOOG,,126,15.9,17.0,,False
161,IBKR,"Interactive Brokers Group, Inc",Financial Services,Capital Markets,Core,155.0,90.97,92.02,20.0,16.4,10.0,-2.0,ok,0.0,financial_na,,,False,44.4,28.6,,26.3,93.0,24.0,50.7,15.1,19.6,0.567,0.417,TSM,,126,16.4,16.0,,False
162,DHI,"D.R. Horton, Inc.",Consumer Cyclical,Residential Construction,Core,38.7,138.49,148.76,16.0,18.9,10.0,0.0,ok,-0.5,ok,1.24,,False,44.4,11.8,6.2,0.0,21.3,12.6,40.2,-7.3,-17.5,0.214,0.225,TSM,,126,18.9,11.0,,False
163,PGR,Progressive Corporation (The),Financial Services,Insurance - Property & Casualt,Core,124.9,214.9,217.32,19.5,14.8,10.0,0.0,ok,0.0,financial_na,,,False,44.3,13.2,12.1,7.3,18.5,34.9,59.1,3.1,-9.3,-0.417,0.453,TSM,,126,14.8,14.0,,False
164,ITW,Illinois Tool Works Inc.,Industrials,Specialty Industrial Machinery,Core,76.5,268.69,280.25,18.5,16.3,10.0,0.0,ok,-0.5,ok,1.84,,False,44.3,21.7,3.2,6.1,44.2,104.6,25.1,1.0,-14.2,0.122,0.261,ETN,,126,16.3,15.0,,False
165,SNDK,Sandisk Corporation,Technology,Computer Hardware,Growth,254.5,1737.99,1651.09,22.5,13.8,10.0,-2.0,ok,0.0,ok,-0.36,,False,44.3,6.6,3.0,371.6,71.5,91.6,60.1,71.8,167.7,0.513,0.561,TSM,,126,13.8,15.0,,False
166,BRK-B,Berkshire Hathaway Inc. New,Financial Services,Insurance - Diversified,Core,1082.8,505.83,503.29,18.5,15.7,10.0,0.0,ok,0.0,financial_na,,,False,44.2,22.8,6.6,10.0,30.3,12.1,54.9,2.7,-10.8,-0.065,0.213,MSFT,,126,15.7,14.0,,False
167,VRSK,"Verisk Analytics, Inc.",Industrials,Consulting Services,Core,23.0,175.49,190.43,18.0,17.7,10.0,0.0,ok,-1.5,ok,2.68,,False,44.2,20.2,4.6,4.4,70.2,,46.1,-9.6,-26.3,-0.323,0.535,ETN,,126,17.7,18.0,,False
168,LII,"Lennox International, Inc.",Industrials,Building Products & Equipment,Core,13.3,385.18,469.35,18.5,16.2,10.0,0.0,ok,-0.5,ok,1.68,,False,44.2,14.7,2.1,3.0,33.3,71.8,35.5,-22.5,-37.7,0.376,0.517,VRT,,126,16.2,14.0,,False
169,ERIE,Erie Indemnity Company,Financial Services,Insurance Brokers,Core,12.7,243.35,246.59,16.0,18.1,10.0,0.0,ok,0.0,financial_na,,,False,44.1,17.4,3.8,2.8,17.9,24.8,38.5,-3.8,-12.8,-0.388,0.393,TSM,,126,18.1,14.0,,False
170,GEN,Gen Digital Inc.,Technology,Software - Infrastructure,Core,17.8,29.81,28.32,22.0,14.6,10.0,0.0,ok,-2.5,ok,3.17,,False,44.1,9.0,8.7,6.3,78.0,41.9,64.6,21.6,24.4,0.156,0.409,MSFT,,126,14.6,17.0,,False
171,SNA,Snap-On Incorporated,Industrials,Tools & Accessories,Core,19.7,379.88,402.33,17.5,16.4,10.0,0.0,ok,0.0,ok,-0.24,,False,43.9,17.8,5.6,4.2,51.8,17.9,27.7,1.0,-10.5,0.193,0.34,ETN,,126,16.4,15.0,,False
172,EME,"EMCOR Group, Inc.",Industrials,Engineering & Construction,Core,34.1,773.16,778.72,18.0,17.9,10.0,-2.0,ok,0.0,ok,-0.19,,False,43.9,21.0,2.9,19.8,19.4,40.3,37.2,1.8,-6.2,0.635,0.713,ETN,,126,17.9,14.0,,False
173,STE,STERIS plc (Ireland),Healthcare,Medical Devices,Core,21.3,218.44,225.38,16.0,17.9,10.0,0.0,ok,0.0,ok,0.95,,False,43.9,17.8,3.8,7.3,44.4,11.4,27.5,-6.0,-14.8,-0.061,0.238,VRT,,126,17.9,16.0,,False
174,PPG,"PPG Industries, Inc.",Basic Materials,Specialty Chemicals,Cyclical,24.4,109.72,115.52,17.5,17.9,10.0,0.0,ok,-1.5,ok,2.17,,False,43.9,12.7,4.5,7.2,41.2,19.3,41.6,-1.0,-8.8,0.334,0.322,ETN,,126,17.9,12.0,,False
175,HD,"Home Depot, Inc. (The)",Consumer Cyclical,Home Improvement Retail,Core,313.0,313.7,338.42,17.0,18.3,10.0,0.0,ok,-1.5,ok,2.48,,False,43.8,19.6,3.4,5.7,32.8,104.3,27.7,-8.5,-24.7,0.182,0.274,GOOG,,126,18.3,11.0,,False
176,ACN,Accenture plc,Technology,Information Technology Service,Core,109.6,179.03,170.08,18.5,15.3,10.0,0.0,ok,0.0,ok,-0.14,,False,43.8,12.2,11.0,5.6,32.0,24.4,55.7,-11.2,-23.6,-0.19,0.471,ETN,,126,15.3,15.0,,False
177,FTNT,"Fortinet, Inc.",Technology,Software - Infrastructure,Core,115.5,157.47,158.9,19.0,14.8,10.0,0.0,ok,0.0,ok,-1.35,,False,43.8,41.8,2.0,25.6,80.2,117.4,49.6,42.6,73.9,0.21,0.287,MSFT,,126,14.8,17.0,,False
178,AJG,Arthur J. Gallagher & Co.,Financial Services,Insurance Brokers,Growth,64.5,251.45,254.2,16.5,17.3,10.0,0.0,ok,0.0,financial_na,,,False,43.8,16.9,3.2,30.9,43.2,6.7,52.3,7.6,5.6,-0.357,0.515,ETN,,126,17.3,15.0,,False
179,ELV,"Elevance Health, Inc.",Healthcare,Healthcare Plans,Core,87.2,401.94,396.42,16.0,17.8,10.0,0.0,ok,0.0,ok,-0.78,,False,43.8,13.6,4.9,1.4,26.0,11.1,53.0,12.0,29.0,0.01,0.194,CEG,,126,17.8,15.0,,False
180,FISV,"Fiserv, Inc.",,,Core,27.0,50.86,52.19,15.5,18.3,10.0,0.0,ok,,unavailable,,,False,43.8,6.3,,,,,45.3,-12.7,-27.6,-0.01,0.311,MSFT,,126,18.3,12.5,,False
181,WFC,Wells Fargo & Company,Financial Services,Banks - Diversified,Core,266.0,87.96,86.73,16.5,17.2,10.0,0.0,ok,0.0,financial_na,,,False,43.7,11.1,,9.5,0.0,12.6,52.1,4.0,-0.2,0.103,0.157,ETN,,126,17.2,14.0,,False
182,ISRG,"Intuitive Surgical, Inc.",Healthcare,Medical Instruments & Supplies,Core,125.5,350.16,379.92,18.0,15.7,10.0,0.0,ok,0.0,ok,-1.25,,False,43.7,29.0,2.1,18.5,66.7,17.4,26.6,-24.3,-41.1,0.181,0.329,GOOG,,126,15.7,17.0,,False
183,GEHC,GE HealthCare Technologies Inc,Healthcare,Medical Devices,Core,30.4,66.78,68.31,17.5,17.7,10.0,0.0,ok,-1.5,ok,2.36,,False,43.7,12.3,5.2,5.8,39.5,19.4,24.8,-8.1,-21.3,0.012,0.239,VRT,,126,17.7,15.0,,False
184,BBY,"Best Buy Co., Inc.",Consumer Cyclical,Specialty Retail,Core,18.7,89.33,84.86,18.0,15.6,10.0,0.0,ok,0.0,ok,0.66,,False,43.6,12.4,7.5,3.6,22.6,43.1,53.4,25.8,26.8,-0.047,0.182,VRT,,126,15.6,11.0,,False
185,CEG,Constellation Energy Corporati,Utilities,Utilities - Independent Power ,Compounder,106.0,299.05,284.1,12.5,12.6,21.0,0.0,ok,-2.5,ok,3.02,,False,43.6,22.4,-6.3,23.0,22.1,15.1,76.8,1.1,-18.7,0.248,0.353,ETN,,126,12.6,21.0,,True
186,DDOG,"Datadog, Inc.",Technology,Software - Application,Growth,75.5,210.23,248.64,15.0,18.6,10.0,0.0,ok,0.0,ok,-44.73,,False,43.6,70.8,1.4,35.6,79.5,4.7,30.8,19.1,57.7,0.153,0.31,MSFT,,126,18.6,17.0,,False
187,WST,"West Pharmaceutical Services, ",Healthcare,Medical Instruments & Supplies,Core,23.8,337.75,349.86,14.5,19.0,10.0,0.0,ok,0.0,ok,-0.13,,False,43.5,33.9,1.2,13.8,36.8,19.1,39.5,14.9,31.4,0.103,0.124,CEG,,126,19.0,15.0,,False
188,NWS,News Corporation,Communication Services,Entertainment,Core,17.9,33.34,32.34,17.0,16.5,10.0,0.0,ok,0.0,ok,0.61,,False,43.5,22.1,5.8,10.8,57.2,8.0,48.4,11.7,9.8,-0.111,0.341,VRT,,126,16.5,14.0,,False
189,NDAQ,"Nasdaq, Inc.",Financial Services,Financial Data & Stock Exchang,Core,53.1,95.04,93.1,18.0,15.5,10.0,0.0,ok,0.0,financial_na,,,False,43.5,20.3,3.2,14.9,100.0,16.5,44.0,5.2,-4.3,0.082,0.418,MSFT,,126,15.5,16.0,,False
190,ICE,Intercontinental Exchange Inc.,Financial Services,Financial Data & Stock Exchang,Core,88.6,157.76,149.87,18.5,15.0,10.0,0.0,ok,0.0,financial_na,,,False,43.5,17.9,4.1,4.8,100.0,14.1,52.8,1.8,-14.3,-0.044,0.313,MSFT,,126,15.0,16.0,,False
191,STZ,"Constellation Brands, Inc.",Consumer Defensive,Beverages - Brewers,Core,20.7,120.98,132.61,20.0,16.0,10.0,0.0,ok,-2.5,ok,3.02,,False,43.5,9.8,10.7,-3.3,52.7,23.7,28.4,-16.2,-32.0,-0.106,0.203,AVGO,,126,16.0,17.0,,False
192,ZBH,"Zimmer Biomet Holdings, Inc.",Healthcare,Medical Devices,Core,18.0,94.22,94.95,18.0,17.0,10.0,0.0,ok,-1.5,ok,2.79,,False,43.5,10.4,6.1,4.8,69.9,6.4,35.9,3.3,-10.1,-0.082,0.21,ETN,,126,17.0,17.0,,False
193,FDX,FedEx Corporation,Industrials,Integrated Freight & Logistics,Core,74.3,314.13,319.35,18.0,17.0,10.0,0.0,ok,-1.5,ok,2.48,,False,43.5,15.1,7.6,12.5,27.3,14.8,36.4,-5.7,-25.8,0.198,0.238,GOOG,,126,17.0,14.0,,False
194,TMUS,"T-Mobile US, Inc.",Communication Services,Telecom Services,Core,194.9,181.69,181.4,18.5,17.5,10.0,0.0,ok,-2.5,ok,3.42,,False,43.5,12.6,5.8,7.9,63.1,18.0,48.1,-6.4,-30.1,-0.241,0.363,TSM,,126,17.5,17.0,,False
195,OMC,Omnicom Group Inc.,Communication Services,Advertising Agencies,Growth,23.1,81.13,82.86,18.5,16.5,10.0,0.0,ok,-1.5,ok,2.2,,False,43.5,6.7,18.4,63.4,19.0,6.1,35.5,4.4,-12.0,-0.045,0.199,ETN,,126,16.5,13.0,,False
196,MCD,McDonald's Corporation,Consumer Cyclical,Restaurants,Core,181.0,255.81,269.19,16.5,19.5,10.0,0.0,ok,-2.5,ok,3.6,,False,43.5,18.3,3.5,3.7,57.4,,32.7,-13.3,-35.1,-0.148,0.254,NVDA,,126,19.5,12.0,,False
197,KEYS,Keysight Technologies Inc.,Technology,Scientific & Technical Instrum,Growth,56.8,333.42,326.21,20.5,15.0,10.0,-2.0,ok,0.0,ok,0.09,,False,43.5,24.4,3.3,36.5,63.3,20.9,44.7,15.2,3.6,0.605,0.75,ETN,,126,15.0,15.0,,False
198,ACGL,Arch Capital Group Ltd.,Financial Services,Insurance - Diversified,Core,32.6,95.71,100.03,16.5,16.9,10.0,0.0,ok,0.0,financial_na,,,False,43.4,9.8,13.2,-10.5,38.8,19.9,37.9,-0.4,-13.7,-0.354,0.426,TSM,,126,16.9,14.0,,False
199,SPG,"Simon Property Group, Inc.",Real Estate,REIT - Retail,Core,80.4,211.88,222.27,20.5,16.4,10.0,0.0,ok,-3.5,ok,5.54,,False,43.4,31.7,3.2,19.5,81.4,120.5,33.4,5.4,-2.8,-0.101,0.199,GOOG,,126,16.4,17.0,,False
200,ROST,"Ross Stores, Inc.",Consumer Cyclical,Apparel Retail,Core,73.3,229.31,234.83,18.0,15.4,10.0,0.0,ok,0.0,ok,0.12,,False,43.4,25.6,2.7,13.3,33.4,42.6,40.8,7.8,-5.2,0.135,0.147,GOOG,,126,15.4,11.0,,False
201,TTD,"The Trade Desk, Inc.",Communication Services,Advertising Agencies,Speculative,6.6,14.02,16.49,19.5,13.9,10.0,0.0,ok,0.0,ok,-1.51,,False,43.4,14.1,8.8,3.0,76.9,15.4,57.6,-43.7,-62.5,0.059,0.291,MSFT,,126,13.9,15.0,,False
202,ETN,"Eaton Corporation, PLC",Industrials,Specialty Industrial Machinery,Core,163.9,422.13,415.71,15.5,15.9,16.4,-2.0,ok,-2.5,ok,3.11,,False,43.3,26.2,1.9,21.4,36.0,19.7,45.5,10.9,4.1,0.6,0.799,VRT,,126,15.9,19.0,,True
203,WYNN,"Wynn Resorts, Limited",Consumer Cyclical,Resorts & Casinos,Speculative,9.5,92.22,97.83,18.0,18.8,10.0,0.0,ok,-3.5,ok,5.66,,False,43.3,17.8,5.0,6.9,68.3,,23.3,-13.6,-23.1,0.268,0.268,TSM,,126,18.8,13.0,,False
204,SHW,Sherwin-Williams Company (The),Basic Materials,Specialty Chemicals,Cyclical,79.2,326.09,342.65,18.5,17.3,10.0,0.0,ok,-2.5,ok,3.13,,False,43.3,24.0,3.2,7.5,49.0,65.1,31.2,-2.3,-14.4,0.232,0.309,GOOG,,126,17.3,12.0,,False
205,HUBB,Hubbell Inc,Industrials,Electrical Equipment & Parts,Core,24.6,464.75,484.03,18.5,17.2,10.0,0.0,ok,-2.5,ok,3.41,,False,43.2,20.3,2.0,15.3,35.3,24.4,37.9,-4.2,-15.9,0.396,0.613,ETN,,126,17.2,14.0,,False
206,EXPD,Expeditors International of Wa,Industrials,Integrated Freight & Logistics,Growth,24.2,185.96,178.8,17.5,15.6,10.0,0.0,ok,0.0,ok,-0.37,,False,43.1,23.5,3.3,32.1,13.5,42.7,50.0,17.0,18.4,-0.017,0.144,CEG,,126,15.6,14.0,,False
207,DOV,Dover Corporation,Industrials,Specialty Industrial Machinery,Core,26.2,194.74,206.69,16.0,17.1,10.0,0.0,ok,0.0,ok,0.79,,False,43.1,16.7,3.5,6.9,40.1,14.9,37.3,-7.2,-20.5,0.371,0.517,ETN,,126,17.1,15.0,,False
208,MTB,M&T Bank Corporation,Financial Services,Banks - Regional,Core,34.6,238.44,244.88,16.5,16.6,10.0,0.0,ok,0.0,financial_na,,,False,43.1,11.3,,6.2,0.0,10.7,33.0,8.2,3.7,0.083,0.24,GOOG,,126,16.6,14.0,,False
209,EW,Edwards Lifesciences Corporati,Healthcare,Medical Devices,Core,49.9,86.72,89.56,16.5,16.6,10.0,0.0,ok,0.0,ok,-1.78,,False,43.1,25.7,2.5,13.6,77.8,9.2,30.7,2.1,-12.1,0.18,0.29,GOOG,,126,16.6,17.0,,False
210,DVA,DaVita Inc.,Healthcare,Medical Care Facilities,Core,11.6,180.06,207.54,19.5,17.1,10.0,0.0,ok,-3.5,ok,4.5,,False,43.1,10.4,9.0,5.2,32.4,88.5,53.6,9.5,5.7,0.005,0.169,GOOG,,126,17.1,15.0,,False
211,NKE,"Nike, Inc.",Consumer Cyclical,Footwear & Accessories,Core,56.5,38.1,41.45,16.5,16.5,10.0,0.0,ok,0.0,ok,0.41,,False,43.0,16.6,3.3,-1.1,43.2,22.1,38.7,-25.5,-45.2,0.071,0.214,MSFT,,126,16.5,12.0,,False
212,MTD,"Mettler-Toledo International, ",Healthcare,Diagnostics & Research,Core,26.6,1325.52,1361.83,16.5,17.0,10.0,0.0,ok,-0.5,ok,1.64,,False,43.0,25.6,2.6,4.5,60.3,,28.7,0.5,-5.5,0.166,0.177,TSM,,126,17.0,17.0,,False
213,CIEN,Ciena Corporation,Technology,Communication Equipment,Growth,48.4,341.29,401.98,17.0,18.0,10.0,-2.0,ok,0.0,ok,0.64,,False,43.0,29.5,1.3,37.0,44.1,22.4,33.2,-9.7,-12.0,0.508,0.609,VRT,,126,18.0,14.0,,False
214,INVH,Invitation Homes Inc.,Real Estate,REIT - Residential,Core,16.8,28.22,29.85,19.0,17.5,10.0,0.0,ok,-3.5,ok,5.65,,False,43.0,41.3,7.0,10.1,56.3,7.1,27.4,1.8,-2.2,-0.161,0.282,AVGO,,126,17.5,16.0,,False
215,STX,Seagate Technology Holdings PL,Technology,Computer Hardware,Growth,205.3,904.38,859.16,20.0,15.0,10.0,-2.0,ok,0.0,ok,0.49,,False,43.0,16.3,0.9,48.5,45.6,371.5,50.1,51.7,122.6,0.504,0.596,ETN,,126,15.0,14.0,,False
216,NWSA,News Corporation,Communication Services,Entertainment,Core,16.0,29.82,28.55,18.0,15.0,10.0,0.0,ok,0.0,ok,0.61,,False,43.0,19.7,6.5,10.8,57.2,8.0,55.7,13.9,11.5,-0.114,0.36,ETN,,126,15.0,14.0,,False
217,NOW,"ServiceNow, Inc.",Technology,Software - Application,Core,138.8,134.21,127.5,18.0,15.4,10.0,0.0,ok,-0.5,ok,1.31,,False,42.9,26.8,3.7,24.0,74.8,14.2,60.8,13.3,1.9,0.092,0.517,MSFT,,126,15.4,17.0,,False
218,ROP,"Roper Technologies, Inc.",Technology,Software - Application,Core,39.1,395.65,385.22,18.5,16.9,10.0,0.0,ok,-2.5,ok,3.38,,False,42.9,16.3,5.8,8.5,69.5,13.1,50.9,5.4,-1.1,-0.24,0.441,ETN,,126,16.9,17.0,,False
219,HCA,"HCA Healthcare, Inc.",Healthcare,Medical Care Facilities,Core,89.2,402.02,403.09,17.0,18.4,10.0,0.0,ok,-2.5,ok,3.2,,False,42.9,12.5,4.2,8.7,42.6,,43.1,-10.9,-38.3,-0.05,0.182,GOOG,,126,18.4,16.0,,False
220,PG,Procter & Gamble Company (The),Consumer Defensive,Household & Personal Products,Core,338.4,145.58,146.65,18.5,14.9,10.0,0.0,ok,-0.5,ok,1.01,,False,42.9,19.7,3.9,1.5,50.9,30.3,56.7,-0.8,-19.1,-0.082,0.221,GOOG,,126,14.9,17.0,,False
221,ORLY,"O'Reilly Automotive, Inc.",Consumer Cyclical,Auto Parts,Core,69.5,85.89,88.93,15.5,18.9,10.0,0.0,ok,-1.5,ok,2.24,,False,42.9,23.5,2.3,8.1,51.6,,30.9,-6.8,-22.5,-0.139,0.188,NVDA,,126,18.9,12.0,,False
222,CMCSA,Comcast Corporation,Communication Services,Telecom Services,Core,93.4,26.33,25.01,18.5,15.8,10.0,0.0,ok,-1.5,ok,2.43,,False,42.8,7.3,13.6,-1.2,69.4,11.5,51.4,-1.4,-27.4,-0.088,0.173,GOOG,,126,15.8,17.0,,False
223,CPRT,"Copart, Inc.",Industrials,Specialty Business Services,Core,31.4,32.6,30.97,17.0,15.8,10.0,0.0,ok,0.0,ok,-2.09,,False,42.8,19.4,3.2,2.1,47.5,17.6,56.4,-5.2,-23.4,-0.162,0.31,ETN,,126,15.8,17.0,,False
224,WM,"Waste Management, Inc.",Industrials,Waste Management,Core,87.0,217.78,228.18,17.5,16.8,10.0,0.0,ok,-1.5,ok,2.93,,False,42.8,23.9,2.7,4.0,40.6,29.8,38.1,-3.1,-20.3,-0.44,0.449,TSM,,126,16.8,15.0,,False
225,CHD,"Church & Dwight Company, Inc.",Consumer Defensive,Household & Personal Products,Core,22.9,96.54,99.22,17.5,15.8,10.0,0.0,ok,-0.5,ok,1.6,,False,42.8,23.9,4.1,1.6,45.6,17.0,40.4,1.9,-17.4,-0.139,0.237,VRT,,126,15.8,17.0,,False
226,PFG,Principal Financial Group Inc,Financial Services,Asset Management,Core,24.6,115.04,112.37,17.5,15.3,10.0,0.0,ok,0.0,financial_na,,,False,42.8,11.1,4.3,6.4,47.3,12.9,54.7,16.6,16.2,0.147,0.279,GOOG,,126,15.3,15.0,,False
227,CF,"CF Industries Holdings, Inc.",Basic Materials,Agricultural Inputs,Cyclical,20.3,134.33,127.61,22.0,10.8,10.0,0.0,ok,0.0,ok,0.29,,False,42.8,13.0,6.3,17.6,42.5,29.9,70.5,24.4,9.4,-0.358,0.325,TSM,,126,10.8,12.0,,False
228,C,"Citigroup, Inc.",Financial Services,Banks - Diversified,Core,229.4,136.74,135.19,16.0,16.8,10.0,0.0,ok,0.0,financial_na,,,False,42.8,10.6,,15.5,0.0,8.5,47.9,11.2,12.9,0.465,0.432,TSM,,126,16.8,14.0,,False
229,AIZ,"Assurant, Inc.",Financial Services,Insurance - Property & Casualt,Core,13.9,281.01,281.0,15.5,17.3,10.0,0.0,ok,0.0,financial_na,,,False,42.8,12.0,15.5,9.4,13.3,18.3,51.2,14.3,14.8,-0.047,0.159,TSM,,126,17.3,14.0,,False
230,CFG,"Citizens Financial Group, Inc.",Financial Services,Banks - Regional,Core,29.5,69.99,71.47,16.0,16.8,10.0,0.0,ok,0.0,financial_na,,,False,42.8,10.7,,14.7,0.0,8.3,34.5,9.8,6.5,0.202,0.231,ETN,,126,16.8,14.0,,False
231,L,Loews Corporation,Financial Services,Insurance - Property & Casualt,Core,22.1,108.25,113.66,16.0,16.8,10.0,0.0,ok,0.0,financial_na,,,False,42.8,37.3,5.7,3.9,36.3,9.3,31.3,-0.5,-14.0,-0.228,0.277,TSM,,126,16.8,14.0,,False
232,PH,Parker-Hannifin Corporation,Industrials,Specialty Industrial Machinery,Core,120.5,955.87,990.96,17.5,15.8,10.0,0.0,ok,-0.5,ok,1.45,,False,42.8,24.4,2.5,9.8,37.5,25.1,28.0,2.2,-12.4,0.29,0.506,ETN,,126,15.8,14.0,,False
233,CTSH,Cognizant Technology Solutions,Technology,Information Technology Service,Core,28.3,59.92,56.92,18.5,14.2,10.0,0.0,ok,0.0,ok,0.26,,False,42.7,9.5,7.8,4.5,33.4,14.9,56.7,-3.8,-17.3,-0.204,0.534,VRT,,126,14.2,15.0,,False
234,ARM,Arm Holdings plc,Technology,Semiconductors,Core,279.3,261.53,272.12,16.5,18.2,10.0,-2.0,ok,0.0,ok,-3.2,,False,42.7,85.4,0.5,22.4,97.5,13.4,54.7,29.2,103.8,0.582,0.606,TSM,,126,18.2,15.0,,False
235,XOM,ExxonMobil Holdings Corporatio,Energy,Oil & Gas Integrated,Growth,660.6,160.66,153.44,17.5,15.2,10.0,0.0,ok,0.0,ok,0.47,,False,42.7,14.9,3.1,44.1,29.8,12.6,40.7,11.5,-4.0,-0.411,0.361,TSM,,126,15.2,12.0,,False
236,NEM,Newmont Corporation,Basic Materials,Gold,Cyclical,133.9,127.09,120.74,22.0,10.7,10.0,0.0,ok,0.0,ok,-0.2,,False,42.7,12.6,6.6,15.1,68.0,25.9,62.6,17.0,-6.3,0.452,0.43,CEG,,126,10.7,13.0,,False
237,CSGP,"CoStar Group, Inc.",Real Estate,Real Estate Services,Core,12.3,30.34,30.3,16.5,16.2,10.0,0.0,ok,0.0,ok,-0.28,,False,42.7,17.5,3.4,18.4,78.7,0.9,44.5,-30.3,-47.7,-0.169,0.451,ETN,,126,16.2,19.0,,False
238,RF,Regions Financial Corporation,Financial Services,Banks - Regional,Core,25.6,30.07,30.89,16.5,16.1,10.0,0.0,ok,0.0,financial_na,,,False,42.6,10.6,,3.4,0.0,11.9,33.3,6.0,-0.8,0.119,0.265,GOOG,,126,16.1,14.0,,False
239,ULTA,"Ulta Beauty, Inc.",Consumer Cyclical,Specialty Retail,Core,23.5,549.23,521.77,18.5,14.6,10.0,0.0,ok,-0.5,ok,1.19,,False,42.6,17.1,3.9,8.9,43.1,46.1,61.4,-1.3,-28.3,0.117,0.166,MSFT,,126,14.6,12.0,,False
240,MCHP,Microchip Technology Incorpora,Technology,Semiconductors,Growth,39.8,73.38,79.57,17.5,19.6,10.0,-2.0,ok,-2.5,ok,3.4,,False,42.6,16.1,3.4,38.0,60.2,7.2,34.9,-5.1,-0.8,0.558,0.607,ETN,,126,19.6,15.0,,False
241,MO,"Altria Group, Inc.",Consumer Defensive,Tobacco,Core,113.8,68.17,69.72,19.0,14.1,10.0,0.0,ok,-0.5,ok,1.41,,False,42.6,11.6,7.9,1.2,87.2,,62.9,3.5,-9.9,-0.495,0.475,TSM,,126,14.1,18.0,,False
242,JBL,Jabil Inc.,Technology,Electronic Components,Core,32.7,312.33,326.19,16.5,18.6,10.0,-2.0,ok,-0.5,ok,1.08,,False,42.6,18.6,3.7,11.8,9.2,65.9,32.5,6.5,11.2,0.637,0.727,ETN,,126,18.6,13.0,,False
243,WTW,Willis Towers Watson Public Li,Financial Services,Insurance Brokers,Core,30.2,325.34,317.22,17.5,15.1,10.0,0.0,ok,0.0,financial_na,,,False,42.6,14.2,4.7,9.1,42.5,19.8,48.2,8.6,-0.3,-0.15,0.457,MSFT,,126,15.1,15.0,,False
244,HST,"Host Hotels & Resorts, Inc.",Real Estate,REIT - Hotel & Motel,Core,15.3,22.07,23.44,17.0,17.1,10.0,0.0,ok,-1.5,ok,2.18,,False,42.6,21.0,11.0,3.6,29.2,15.6,34.0,6.0,2.7,0.107,0.298,GOOG,,126,17.1,15.0,,False
245,ALB,Albemarle Corporation,Basic Materials,Specialty Chemicals,Growth,15.3,129.57,127.89,19.0,13.5,10.0,0.0,ok,0.0,ok,0.25,,False,42.5,11.5,8.7,31.1,24.0,2.6,46.5,-17.2,-35.2,0.257,0.242,CEG,,126,13.5,11.0,,False
246,PHM,"PulteGroup, Inc.",Consumer Cyclical,Residential Construction,Core,22.9,120.07,128.44,15.0,17.5,10.0,0.0,ok,0.0,ok,0.42,,False,42.5,10.7,4.7,-9.6,25.6,14.9,39.3,-4.0,-16.4,0.176,0.221,GOOG,,126,17.5,11.0,,False
247,FTV,Fortive Corporation,Technology,Scientific & Technical Instrum,Core,17.2,56.51,60.55,17.0,17.0,10.0,0.0,ok,-1.5,ok,2.61,,False,42.5,17.4,5.5,7.9,63.2,7.3,34.5,-2.7,-11.8,0.187,0.254,VRT,,126,17.0,15.0,,False
248,DLTR,"Dollar Tree, Inc.",Consumer Defensive,Discount Stores,Core,23.3,124.04,127.31,18.5,15.5,10.0,0.0,ok,-1.5,ok,2.64,,False,42.5,15.7,4.5,7.0,37.2,46.0,41.9,5.8,-7.0,0.076,0.204,MSFT,,126,15.5,16.0,,False
249,MGM,MGM Resorts International,Consumer Cyclical,Resorts & Casinos,Core,10.2,40.74,44.78,18.5,19.0,10.0,0.0,ok,-5.0,ok,12.25,,False,42.5,19.7,8.6,1.0,44.2,18.9,26.5,2.8,3.2,0.176,0.206,MSFT,,126,19.0,12.0,,False
250,JNJ,Johnson & Johnson,Healthcare,Drug Manufacturers - General,Core,648.6,269.12,262.06,18.5,14.0,10.0,0.0,ok,0.0,ok,0.81,,False,42.5,21.9,2.6,6.6,68.1,25.7,47.9,14.1,-2.7,-0.413,0.403,AVGO,,126,14.0,17.0,,False
251,TPL,Texas Pacific Land Corporation,Energy,Oil & Gas E&P,Growth,26.3,381.9,387.64,18.0,14.5,10.0,0.0,ok,0.0,ok,-0.31,,False,42.5,5.2,-0.1,31.2,93.3,36.6,59.5,-2.5,-39.8,0.045,0.177,CEG,,126,14.5,14.0,,False
252,TPR,"Tapestry, Inc.",Consumer Cyclical,Luxury Goods,Core,23.4,117.58,140.2,21.0,12.0,10.0,0.0,ok,-0.5,ok,1.39,,True,42.5,13.3,6.0,8.9,76.6,197.1,21.9,-15.0,-33.9,0.197,0.259,GOOG,,126,17.5,13.0,,False
253,IR,Ingersoll Rand Inc.,Industrials,Specialty Industrial Machinery,Core,29.1,75.11,81.54,14.5,18.4,10.0,0.0,ok,-0.5,ok,1.85,,False,42.4,19.2,3.8,8.5,42.8,9.5,31.1,-8.4,-26.2,0.337,0.446,ETN,,126,18.4,15.0,,False
254,VMC,Vulcan Materials Company (Hold,Basic Materials,Building Materials,Cyclical,33.5,258.3,281.37,14.5,19.4,10.0,0.0,ok,-1.5,ok,2.03,,False,42.4,24.0,2.5,2.5,27.5,13.2,36.2,-10.3,-18.2,0.157,0.254,ETN,,126,19.4,11.0,,False
255,LOW,"Lowe's Companies, Inc.",Consumer Cyclical,Home Improvement Retail,Core,112.7,200.8,212.9,15.5,19.4,10.0,0.0,ok,-2.5,ok,3.05,,False,42.4,15.4,4.1,8.3,33.0,,30.0,-14.7,-32.8,0.113,0.28,GOOG,,126,19.4,11.0,,False
256,GIS,"General Mills, Inc.",Consumer Defensive,Packaged Foods,Core,20.2,37.69,37.83,16.0,16.4,10.0,0.0,ok,0.0,ok,-0.12,,False,42.4,11.7,11.5,2.2,33.7,-1.0,48.1,-4.3,-22.5,-0.272,0.421,VRT,,126,16.4,16.0,,False
257,FIX,"Comfort Systems USA, Inc.",Industrials,Engineering & Construction,Core,58.0,1648.47,1706.81,17.0,17.4,10.0,-2.0,ok,0.0,ok,0.12,,False,42.4,27.4,3.2,1.0,25.7,55.3,40.1,10.3,6.0,0.621,0.783,ETN,,126,17.4,14.0,,False
258,ABT,Abbott Laboratories,Healthcare,Medical Devices,Core,183.8,105.52,104.6,17.0,16.8,10.0,0.0,ok,-1.5,ok,2.32,,False,42.3,17.4,3.9,13.0,56.8,10.6,32.6,-0.2,-17.1,-0.189,0.31,AVGO,,126,16.8,16.0,,False
259,ZBRA,Zebra Technologies Corporation,Technology,Communication Equipment,Core,16.8,352.54,334.91,18.0,15.8,10.0,0.0,ok,-1.5,ok,2.37,,False,42.3,15.9,3.4,20.4,49.6,15.3,41.6,36.7,52.8,0.338,0.318,AVGO,,126,15.8,14.0,,False
260,TFC,Truist Financial Corporation,Financial Services,Banks - Regional,Core,61.8,50.55,51.53,15.0,17.3,10.0,0.0,ok,0.0,financial_na,,,False,42.3,10.2,,8.2,0.0,9.1,39.0,2.6,-3.6,0.063,0.182,GOOG,,126,17.3,14.0,,False
261,TDG,Transdigm Group Incorporated,Industrials,Aerospace & Defense,Core,64.1,1145.14,1238.37,18.5,18.8,10.0,0.0,ok,-5.0,ok,6.03,,False,42.3,23.7,2.3,22.5,59.8,,24.5,-9.7,-22.9,0.23,0.36,GOOG,,126,18.8,15.0,,False
262,GNRC,Generac Holdlings Inc.,Industrials,Specialty Industrial Machinery,Core,11.2,190.21,214.77,15.5,17.3,10.0,0.0,ok,-0.5,ok,1.79,,False,42.3,16.1,2.6,10.6,39.5,9.5,29.9,-8.9,-22.9,0.421,0.634,ETN,,126,17.3,14.0,,False
263,BXP,"BXP, Inc.",Real Estate,REIT - Office,Core,11.9,65.74,68.6,18.0,19.3,10.0,0.0,ok,-5.0,ok,9.81,,False,42.3,29.6,7.4,3.7,56.5,5.3,48.5,4.2,11.5,0.043,0.173,GOOG,,126,19.3,16.0,,False
264,FAST,Fastenal Company,Industrials,Industrial Distribution,Core,56.7,49.38,48.73,17.0,15.2,10.0,0.0,ok,0.0,ok,0.12,,False,42.2,35.2,1.6,14.7,44.7,34.3,38.9,9.2,-5.9,0.105,0.268,ETN,,126,15.2,15.0,,False
265,LRCX,Lam Research Corporation,Technology,Semiconductor Equipment & Mate,Core,400.9,320.42,320.71,19.0,17.2,10.0,-4.0,ok,0.0,ok,-0.17,,False,42.2,27.7,0.8,30.0,50.5,65.1,46.5,22.4,35.7,0.657,0.76,TSM,,126,17.2,14.0,,False
266,PKG,Packaging Corporation of Ameri,Consumer Cyclical,Packaging & Containers,Core,20.7,231.99,242.11,15.5,17.2,10.0,0.0,ok,-0.5,ok,1.91,,False,42.2,17.9,2.1,14.7,21.4,14.9,30.3,4.1,-7.7,0.138,0.262,ETN,,126,17.2,11.0,,False
267,SWK,"Stanley Black & Decker, Inc.",Industrials,Tools & Accessories,Core,14.2,93.81,95.22,15.5,18.2,10.0,0.0,ok,-1.5,ok,2.58,,False,42.2,14.7,10.0,0.4,32.2,6.9,37.8,14.7,13.4,0.375,0.41,TSM,,126,18.2,14.0,,False
268,KVUE,Kenvue Inc.,Consumer Defensive,Household & Personal Products,Core,35.3,18.39,19.16,17.5,16.2,10.0,0.0,ok,-1.5,ok,2.16,,False,42.2,14.8,5.4,3.0,58.4,15.6,42.8,3.4,-9.5,-0.142,0.241,ETN,,126,16.2,17.0,,False
269,COST,Costco Wholesale Corporation,Consumer Defensive,Discount Stores,Core,403.6,910.18,942.73,14.0,18.2,10.0,0.0,ok,0.0,ok,-0.07,,False,42.2,40.2,1.7,21.5,12.9,29.2,32.8,-5.1,-21.8,-0.343,0.353,ETN,,126,18.2,16.0,,False
270,GPN,Global Payments Inc.,Industrials,Specialty Business Services,Growth,23.7,89.42,85.03,21.0,14.6,10.0,0.0,ok,-3.5,ok,4.05,,False,42.1,5.6,,68.6,64.0,2.4,47.0,18.2,8.4,0.177,0.292,MSFT,,126,14.6,18.0,fcf_yield_out_of_range(33.3),False
271,TRMB,Trimble Inc.,Technology,Scientific & Technical Instrum,Core,13.7,58.78,56.22,17.0,15.6,10.0,0.0,ok,-0.5,ok,1.41,,False,42.1,14.3,5.0,11.0,71.8,-1.9,57.4,-9.2,-28.0,0.2,0.337,MSFT,,126,15.6,15.0,,False
272,HPE,Hewlett Packard Enterprise Com,Technology,Communication Equipment,Growth,74.4,56.03,53.23,19.0,14.5,10.0,0.0,ok,-1.5,ok,2.05,,False,42.0,12.2,6.4,33.7,36.6,10.9,50.8,68.0,154.1,0.44,0.513,AVGO,,126,14.5,13.0,,False
273,SYY,Sysco Corporation,Consumer Defensive,Food Distribution,Core,38.3,79.84,83.04,17.0,16.5,10.0,0.0,ok,-1.5,ok,2.95,,False,42.0,14.8,5.0,4.7,18.5,77.7,37.5,1.0,-17.7,0.02,0.067,GOOG,,126,16.5,16.0,,False
274,MAA,Mid-America Apartment Communit,Real Estate,REIT - Residential,Core,15.3,127.89,133.51,18.0,17.5,10.0,0.0,ok,-3.5,ok,4.57,,False,42.0,39.0,6.0,1.0,58.4,7.0,40.8,-2.5,-13.7,-0.279,0.358,AVGO,,126,17.5,16.0,,False
275,ABBV,AbbVie Inc.,Healthcare,Drug Manufacturers - General,Core,439.6,248.78,254.39,17.5,15.9,10.0,0.0,ok,-1.5,ok,2.09,,False,41.9,15.3,3.8,10.2,72.8,,38.9,9.5,-2.7,-0.331,0.349,AVGO,,126,15.9,17.0,,False
276,EMR,Emerson Electric Company,Industrials,Specialty Industrial Machinery,Core,85.2,152.15,149.6,18.5,15.9,10.0,-2.0,ok,-0.5,ok,1.92,,False,41.9,21.0,4.3,7.0,53.2,12.8,40.1,6.9,-4.1,0.522,0.634,ETN,,126,15.9,15.0,,False
277,POOL,Pool Corporation,Industrials,Industrial Distribution,Speculative,6.4,177.34,196.93,17.0,16.4,10.0,0.0,ok,-1.5,ok,2.58,,False,41.9,15.0,3.3,2.2,29.6,31.3,37.5,-17.0,-27.1,0.099,0.186,GOOG,,126,16.4,14.0,,False
278,BSX,Boston Scientific Corporation,Healthcare,Medical Devices,Core,65.2,44.98,46.9,17.0,16.3,10.0,0.0,ok,-1.5,ok,2.12,,False,41.8,13.1,3.8,7.5,69.2,15.3,34.6,-32.4,-48.9,0.03,0.175,CEG,,126,16.3,17.0,,False
279,VEEV,Veeva Systems Inc.,Healthcare,Health Information Services,Core,42.9,264.84,251.6,18.0,13.8,10.0,0.0,ok,0.0,ok,-6.59,,False,41.8,25.8,2.9,17.6,75.0,14.4,61.2,33.4,26.5,0.063,0.418,MSFT,,126,13.8,19.0,,False
280,MAR,Marriott International,Consumer Cyclical,Lodging,Core,85.7,328.79,360.94,17.5,16.7,10.0,0.0,ok,-2.5,ok,3.6,,False,41.7,25.0,2.4,11.1,79.2,,21.4,-4.6,-12.3,0.102,0.265,GOOG,,126,16.7,13.0,,False
281,CI,The Cigna Group,Healthcare,Healthcare Plans,Core,72.9,275.83,283.31,15.5,16.7,10.0,0.0,ok,-0.5,ok,1.93,,False,41.7,8.2,10.9,6.7,9.1,16.8,46.7,-1.1,-8.1,-0.218,0.302,AVGO,,126,16.7,15.0,,False
282,IEX,IDEX Corporation,Industrials,Specialty Industrial Machinery,Core,16.6,225.66,228.73,16.0,16.2,10.0,0.0,ok,-0.5,ok,1.31,,False,41.7,23.5,3.3,6.4,44.7,13.0,34.9,9.5,2.1,0.304,0.437,ETN,,126,16.2,15.0,,False
283,WAB,Westinghouse Air Brake Technol,Industrials,Railroads,Core,48.0,284.45,283.72,17.0,16.2,10.0,0.0,ok,-1.5,ok,2.37,,False,41.7,22.9,2.3,17.5,35.7,11.6,36.3,11.7,2.1,0.343,0.546,ETN,,126,16.2,14.0,,False
284,GRMN,Garmin Ltd.,Technology,Scientific & Technical Instrum,Core,53.2,275.68,273.37,17.0,14.7,10.0,0.0,ok,0.0,ok,-1.06,,False,41.7,25.1,2.0,11.4,60.1,21.9,16.1,15.6,1.5,0.186,0.185,TSM,,126,14.7,15.0,,False
285,CVX,Chevron Corporation,Energy,Oil & Gas Integrated,Growth,411.5,209.8,199.31,20.5,11.1,10.0,0.0,ok,0.0,ok,0.56,,False,41.6,15.6,5.3,53.5,44.3,12.2,58.8,16.0,-0.5,-0.403,0.429,TSM,,126,11.1,13.0,,False
286,DVN,Devon Energy Corporation,Energy,Oil & Gas E&P,Growth,53.2,48.4,45.98,17.5,14.6,10.0,0.0,ok,-0.5,ok,1.23,,False,41.6,8.9,1.5,64.2,50.3,11.5,53.8,11.3,-1.8,-0.304,0.289,GOOG,,126,14.6,13.0,,False
287,COP,ConocoPhillips,Energy,Oil & Gas E&P,Growth,162.2,135.04,128.29,19.5,12.1,10.0,0.0,ok,0.0,ok,0.58,,False,41.6,14.2,4.7,35.5,47.6,14.2,62.1,20.3,6.0,-0.395,0.409,GOOG,,126,12.1,13.0,,False
288,CAT,"Caterpillar, Inc.",Industrials,Farm & Heavy Construction Mach,Core,378.1,822.48,869.19,18.0,17.1,10.0,-2.0,ok,-1.5,ok,2.41,,False,41.6,25.4,1.3,24.0,29.7,57.0,43.9,6.3,1.8,0.543,0.797,ETN,,126,17.1,14.0,,False
289,UNH,UnitedHealth Group Incorporate,Healthcare,Healthcare Plans,Core,359.8,400.84,411.2,15.5,16.5,10.0,0.0,ok,-0.5,ok,1.57,,False,41.5,17.9,6.7,0.4,19.7,14.2,55.7,14.2,28.8,0.028,0.167,CEG,,126,16.5,15.0,,False
290,UDR,"UDR, Inc.",Real Estate,REIT - Residential,Core,13.4,36.11,38.62,17.5,17.5,10.0,0.0,ok,-3.5,ok,5.76,,False,41.5,64.5,5.8,-0.1,66.6,13.7,36.7,-1.9,-13.7,-0.232,0.335,AVGO,,126,17.5,17.0,,False
291,CHRW,"C.H. Robinson Worldwide, Inc.",Industrials,Integrated Freight & Logistics,Core,17.5,150.1,167.61,16.5,15.5,10.0,0.0,ok,-0.5,ok,1.95,,False,41.5,20.0,2.7,19.3,8.4,37.1,61.1,-13.0,-27.8,-0.043,0.216,MSFT,,126,15.5,14.0,,False
292,MU,"Micron Technology, Inc.",Technology,Semiconductors,Growth,1129.7,1000.26,950.25,20.0,13.5,10.0,-2.0,ok,0.0,ok,-0.29,,False,41.5,6.5,0.7,345.7,72.6,66.6,60.3,63.9,135.1,0.53,0.618,TSM,,126,13.5,15.0,,False
293,ACMR,"ACM Research, Inc.",Technology,Semiconductor Equipment & Mate,Growth,5.4,76.91,85.29,14.5,19.0,10.0,-2.0,ok,0.0,ok,-6.83,,False,41.5,26.6,-3.5,36.0,43.8,11.6,38.9,21.2,46.9,0.57,0.677,TSM,,126,19.0,14.0,,False
294,LHX,"L3Harris Technologies, Inc.",Industrials,Aerospace & Defense,Growth,47.6,255.74,281.96,18.0,16.0,10.0,0.0,ok,-2.5,ok,3.23,,False,41.5,19.0,,190.0,30.4,,16.6,-18.4,-42.5,-0.12,0.201,TSM,,126,16.0,14.0,,False
295,EXE,Expand Energy Corporation,Energy,Oil & Gas E&P,Cyclical,23.5,98.19,93.28,16.5,14.9,10.0,0.0,ok,0.0,ok,0.46,,False,41.4,11.3,6.2,-10.6,47.1,14.9,63.4,-2.2,-18.8,-0.107,0.146,AVGO,,126,14.9,13.0,,False
296,APTV,Aptiv PLC,Consumer Cyclical,Auto Parts,Speculative,9.7,45.73,52.99,15.5,16.4,10.0,0.0,ok,-0.5,ok,1.52,,False,41.4,7.0,16.7,2.3,19.3,5.2,39.0,-30.9,-49.7,0.25,0.281,TSM,,126,16.4,11.0,,False
297,TXT,Textron Inc.,Industrials,Aerospace & Defense,Core,13.8,79.54,87.63,13.0,18.9,10.0,0.0,ok,-0.5,ok,1.65,,False,41.4,11.0,3.3,3.0,17.6,12.1,21.2,-11.7,-27.2,0.256,0.401,ETN,,126,18.9,14.0,,False
298,TAP,Molson Coors Beverage Company,Consumer Defensive,Beverages - Brewers,Speculative,7.2,38.84,41.01,13.5,19.4,10.0,0.0,ok,-1.5,ok,2.56,,False,41.4,7.9,12.9,-3.3,37.0,-19.5,35.3,-11.4,-28.5,-0.213,0.31,ETN,,126,19.4,16.0,,False
299,FICO,Fair Isaac Corporation,Technology,Software - Application,Core,20.2,933.3,1162.59,18.5,16.4,10.0,0.0,ok,-3.5,ok,4.23,,False,41.4,17.6,3.8,25.7,85.1,,33.7,-28.2,-40.5,-0.211,0.344,ETN,,126,16.4,17.0,,False
300,CPB,The Campbell's Company,Consumer Defensive,Packaged Foods,Speculative,6.5,21.76,22.7,16.0,18.8,10.0,0.0,ok,-3.5,ok,4.15,,False,41.3,11.9,11.5,-7.9,28.6,10.1,40.2,-8.5,-23.4,-0.244,0.329,VRT,,126,18.8,16.0,,False
301,KO,Coca-Cola Company (The),Consumer Defensive,Beverages - Non-Alcoholic,Core,380.2,88.36,86.18,17.0,14.8,10.0,0.0,ok,-0.5,ok,1.64,,False,41.3,25.1,1.4,6.7,61.9,42.1,47.7,12.8,1.1,-0.337,0.399,ETN,,126,14.8,18.0,,False
302,EQT,EQT Corporation,Energy,Oil & Gas E&P,Cyclical,34.5,55.12,52.71,18.5,12.8,10.0,0.0,ok,0.0,ok,0.79,,False,41.3,14.0,7.1,-3.9,80.7,11.1,70.6,-1.6,-23.8,-0.07,0.121,CEG,,126,12.8,14.0,,False
303,STLD,"Steel Dynamics, Inc.",Basic Materials,Steel,Growth,34.4,240.31,241.86,12.5,19.3,10.0,0.0,ok,-0.5,ok,1.43,,False,41.3,12.7,0.7,33.4,14.7,17.6,43.5,14.2,19.2,0.247,0.316,ETN,,126,19.3,11.0,,False
304,BMNR,BitMine Immersion Technologies,Financial Services,Capital Markets,Growth,14.9,24.77,23.53,14.0,17.3,10.0,0.0,ok,0.0,financial_na,,,False,41.3,26.4,-3.5,2167.8,84.4,-150.9,68.0,11.2,6.3,0.495,0.404,TSM,,126,17.3,16.0,,False
305,JKHY,"Jack Henry & Associates, Inc.",Technology,Information Technology Service,Core,11.2,159.83,155.65,17.5,13.8,10.0,0.0,ok,0.0,ok,0.09,,False,41.3,20.4,3.1,4.7,43.9,24.0,58.9,0.1,-19.7,-0.184,0.432,ETN,,126,13.8,16.0,,False
306,NDSN,Nordson Corporation,Industrials,Specialty Industrial Machinery,Core,17.7,316.8,305.17,18.0,13.8,10.0,0.0,ok,-0.5,ok,1.78,,False,41.3,24.5,3.5,10.3,55.4,17.8,60.2,13.5,3.5,0.382,0.458,ETN,,126,13.8,15.0,,False
307,OTIS,Otis Worldwide Corporation,Industrials,Specialty Industrial Machinery,Core,26.7,70.06,72.29,15.5,18.3,10.0,0.0,ok,-2.5,ok,3.04,,False,41.3,15.4,5.4,7.3,30.3,,48.4,-11.8,-31.3,0.046,0.208,GOOG,,126,18.3,14.0,,False
308,ESS,"Essex Property Trust, Inc.",Real Estate,REIT - Residential,Core,19.1,277.41,288.95,17.0,17.8,10.0,0.0,ok,-3.5,ok,5.43,,False,41.3,44.5,5.5,3.1,68.8,7.7,41.1,4.5,-2.9,-0.226,0.34,AVGO,,126,17.8,17.0,,False
309,MSI,"Motorola Solutions, Inc.",Technology,Communication Equipment,Core,76.6,462.98,445.83,19.5,13.1,10.0,0.0,ok,-1.5,ok,2.37,,False,41.1,24.2,2.6,13.3,52.1,91.6,45.2,9.6,-13.1,0.014,0.11,GOOG,,126,13.1,14.0,,False
310,DOC,"Healthpeak Properties, Inc.",Real Estate,REIT - Healthcare Facilities,Core,14.5,20.51,21.52,18.0,16.6,10.0,0.0,ok,-3.5,ok,5.53,,False,41.1,146.5,11.3,11.1,57.6,3.0,51.3,11.3,6.8,0.025,0.154,GOOG,,126,16.6,16.0,,False
311,NUE,Nucor Corporation,Basic Materials,Steel,Cyclical,58.2,256.4,248.9,14.0,17.1,10.0,0.0,ok,0.0,ok,0.78,,False,41.1,13.5,1.2,23.0,15.6,14.5,43.6,24.3,37.8,0.246,0.308,ETN,,126,17.1,11.0,,False
312,CRM,"Salesforce, Inc.",Technology,Software - Application,Core,205.0,249.12,236.66,20.5,12.0,10.0,0.0,ok,-1.5,ok,2.4,,False,41.0,15.6,8.6,10.8,77.3,19.4,78.1,24.2,15.0,0.029,0.413,MSFT,,126,12.0,17.0,,False
313,CRH,CRH PLC,Basic Materials,Building Materials,Cyclical,60.3,90.61,99.32,16.0,16.5,10.0,0.0,ok,-1.5,ok,2.17,,False,41.0,13.7,3.3,5.6,36.2,15.8,43.9,-18.3,-27.6,0.302,0.361,ETN,,126,16.5,11.0,,False
314,TECH,Bio-Techne Corp,Healthcare,Biotechnology,Core,11.3,72.31,71.87,15.5,15.5,10.0,0.0,ok,0.0,ok,0.07,,False,41.0,31.4,2.0,1.3,66.2,9.0,53.1,18.6,24.0,0.053,0.124,CEG,,126,15.5,17.0,,False
315,TYL,"Tyler Technologies, Inc.",Technology,Software - Application,Core,14.2,347.82,330.43,16.0,15.5,10.0,0.0,ok,-0.5,ok,1.06,,False,41.0,22.7,4.2,8.2,47.2,9.7,57.5,-2.6,-15.0,-0.245,0.553,ETN,,126,15.5,16.0,,False
316,PSX,Phillips 66,Energy,Oil & Gas Refining & Marketing,Growth,103.4,259.14,246.18,19.0,12.5,10.0,0.0,ok,-0.5,ok,1.66,,False,41.0,12.2,4.4,53.1,13.1,23.5,68.5,50.7,47.5,-0.237,0.301,NVDA,,126,12.5,12.0,,False
317,PNR,Pentair plc.,Industrials,Specialty Industrial Machinery,Speculative,9.5,58.62,66.69,15.5,16.0,10.0,0.0,ok,-0.5,ok,1.62,,False,41.0,11.3,5.9,-17.0,41.4,17.1,29.1,-31.3,-47.9,0.185,0.24,TSM,,126,16.0,15.0,,False
318,MPC,Marathon Petroleum Corporation,Energy,Oil & Gas Refining & Marketing,Growth,116.1,397.77,377.88,21.0,10.5,10.0,0.0,ok,-0.5,ok,1.72,,False,41.0,12.5,8.0,53.7,12.8,42.1,75.1,64.1,71.7,-0.176,0.227,NVDA,,126,10.5,12.0,,False
319,TKO,"TKO Group Holdings, Inc.",Communication Services,Entertainment,Core,37.0,195.32,189.25,16.5,15.9,10.0,0.0,ok,-1.5,ok,2.69,,False,40.9,49.0,2.3,18.2,59.5,7.1,53.2,-0.8,-17.8,0.113,0.163,GOOG,,126,15.9,14.0,,False
320,AMCR,Amcor plc,Consumer Cyclical,Packaging & Containers,Core,20.5,44.34,45.36,16.0,17.4,10.0,0.0,ok,-2.5,ok,3.97,,False,40.9,10.2,7.3,25.9,20.0,9.4,41.6,4.2,-7.8,0.221,0.303,GOOG,,126,17.4,11.0,,False
321,PLD,"Prologis, Inc.",Real Estate,REIT - Industrial,Core,134.6,138.48,142.04,18.0,16.3,10.0,0.0,ok,-3.5,ok,5.24,,False,40.8,40.7,4.0,12.3,75.5,7.7,45.0,1.2,-10.6,0.04,0.173,CEG,,126,16.3,17.0,,False
322,EQR,Equity Residential,Real Estate,REIT - Residential,Core,24.6,63.66,67.42,17.0,17.3,10.0,0.0,ok,-3.5,ok,4.51,,False,40.8,41.4,5.8,2.1,62.3,8.0,32.1,1.2,-11.7,-0.188,0.285,AVGO,,111,17.3,17.0,,False
323,CVNA,Carvana Co.,Consumer Cyclical,Auto & Truck Dealerships,Growth,82.8,74.72,70.98,16.0,15.3,10.0,0.0,ok,-0.5,ok,1.02,,False,40.8,33.0,0.5,52.4,19.4,58.8,72.2,2.2,4.0,0.326,0.397,GOOG,,126,15.3,11.0,,False
324,DD,"DuPont de Nemours, Inc.",Basic Materials,Specialty Chemicals,Cyclical,17.7,131.32,138.19,15.5,15.2,10.0,0.0,ok,0.0,ok,0.91,,False,40.7,16.5,10.4,4.0,35.1,1.8,28.4,88.1,173.6,0.006,0.09,MSFT,,126,15.2,11.0,,False
325,MDLZ,"Mondelez International, Inc.",Consumer Defensive,Confectioners,Core,79.1,61.63,61.54,16.0,17.2,10.0,0.0,ok,-2.5,ok,3.35,,False,40.7,18.3,2.8,4.1,31.1,13.3,43.2,4.7,-3.3,-0.383,0.399,VRT,,126,17.2,16.0,,False
326,VRSN,"VeriSign, Inc.",Technology,Software - Infrastructure,Core,25.5,282.2,279.55,16.5,14.7,10.0,0.0,ok,-0.5,ok,1.1,,False,40.7,25.7,3.3,6.0,88.5,,55.5,7.9,5.1,-0.112,0.305,TSM,,126,14.7,17.0,,False
327,VRTX,Vertex Pharmaceuticals Incorpo,Healthcare,Biotechnology,Core,134.0,528.9,509.52,17.0,13.7,10.0,0.0,ok,0.0,ok,-1.15,,False,40.7,26.1,2.0,12.5,55.0,23.5,50.3,13.3,-7.2,-0.035,0.171,AVGO,,126,13.7,16.0,,False
328,DIS,Walt Disney Company (The),Communication Services,Entertainment,Core,181.4,105.06,101.34,14.5,16.6,10.0,0.0,ok,-0.5,ok,1.95,,False,40.6,14.1,2.7,6.8,37.6,8.0,52.8,1.1,-9.5,0.151,0.35,GOOG,,126,16.6,13.0,,False
329,EG,"Everest Group, Ltd.",Financial Services,Insurance - Reinsurance,Core,14.2,369.83,373.7,15.0,15.6,10.0,0.0,ok,0.0,financial_na,,,False,40.6,6.2,14.6,-11.3,15.3,12.6,52.2,8.0,0.5,-0.286,0.319,AVGO,,126,15.6,14.0,,False
330,DLR,"Digital Realty Trust, Inc.",Real Estate,REIT - Specialty,Core,71.6,189.5,186.68,19.0,15.1,10.0,0.0,ok,-3.5,ok,5.66,,False,40.6,65.5,5.3,29.9,57.0,2.9,41.0,6.2,-7.7,0.233,0.356,CEG,,126,15.1,16.0,,False
331,DRI,"Darden Restaurants, Inc.",Consumer Cyclical,Restaurants,Core,24.2,212.92,209.61,18.0,15.1,10.0,0.0,ok,-2.5,ok,3.7,,False,40.6,17.2,3.3,13.7,21.7,53.7,43.8,6.2,-7.7,-0.078,0.126,NVDA,,126,15.1,11.0,,False
332,KR,Kroger Company (The),Consumer Defensive,Grocery Stores,Core,35.0,57.2,57.69,15.5,16.6,10.0,0.0,ok,-1.5,ok,2.64,,False,40.6,10.3,8.5,2.2,24.0,13.8,55.0,-10.2,-33.6,-0.473,0.517,TSM,,126,16.6,16.0,,False
333,REGN,"Regeneron Pharmaceuticals, Inc",Healthcare,Biotechnology,Core,83.4,810.31,769.79,17.0,13.5,10.0,0.0,ok,0.0,ok,-1.12,,False,40.5,13.4,3.7,16.7,44.5,14.0,50.0,10.7,-8.2,0.148,0.198,GOOG,,126,13.5,16.0,,False
334,ODFL,"Old Dominion Freight Line, Inc",Industrials,Trucking,Core,38.8,187.01,213.99,18.5,12.0,10.0,0.0,ok,0.0,ok,-0.15,,True,40.5,28.1,2.5,10.4,39.6,24.8,19.8,-4.9,-17.3,0.145,0.199,ETN,,126,16.0,14.0,,False
335,APH,Amphenol Corporation,Technology,Electronic Components,Growth,201.6,81.76,156.09,19.0,12.0,10.0,0.0,ok,-0.5,ok,1.42,,True,40.5,25.2,1.9,55.0,39.0,38.1,14.5,-43.4,-53.2,0.225,0.307,TSM,,126,16.0,13.0,,False
336,PM,Philip Morris International In,Consumer Defensive,Tobacco,Core,287.9,184.73,188.01,17.5,14.5,10.0,0.0,ok,-1.5,ok,2.39,,False,40.5,20.1,3.4,10.4,67.5,,45.4,6.3,-5.3,-0.218,0.238,TSM,,126,14.5,18.0,,False
337,CME,CME Group Inc.,Financial Services,Financial Data & Stock Exchang,Core,100.0,278.23,264.32,17.0,13.5,10.0,0.0,ok,0.0,financial_na,,,False,40.5,21.5,2.9,0.8,100.0,15.8,57.4,0.7,-22.3,-0.242,0.402,TSM,,126,13.5,16.0,,False
338,VLO,Valero Energy Corporation,Energy,Oil & Gas Refining & Marketing,Growth,110.2,382.85,363.71,20.0,10.5,10.0,0.0,ok,0.0,ok,0.26,,False,40.5,12.3,7.6,51.7,16.1,27.6,73.5,59.3,63.3,-0.217,0.275,GOOG,,126,10.5,12.0,,False
339,IVZ,Invesco Ltd,Financial Services,Asset Management,Core,14.3,32.34,30.72,16.5,15.9,10.0,-2.0,ok,0.0,financial_na,,,False,40.4,9.9,8.0,20.5,29.5,-0.6,49.7,19.3,22.8,0.521,0.406,ETN,,126,15.9,14.0,,False
340,CMG,"Chipotle Mexican Grill, Inc.",Consumer Cyclical,Restaurants,Core,46.8,36.96,35.11,18.5,13.4,10.0,0.0,ok,-1.5,ok,2.08,,False,40.4,27.0,2.4,9.3,39.4,49.6,69.2,6.0,-6.7,0.076,0.332,MSFT,,126,13.4,11.0,,False
341,LYV,"Live Nation Entertainment, Inc",Communication Services,Entertainment,Core,39.7,170.45,181.39,16.0,14.9,10.0,0.0,ok,-0.5,ok,1.43,,False,40.4,90.3,4.3,9.4,25.8,17.7,36.5,6.1,-10.2,0.202,0.238,GOOG,,126,14.9,13.0,,False
342,AVB,"AvalonBay Communities, Inc.",Real Estate,REIT - Residential,Core,26.3,184.06,188.04,17.0,16.9,10.0,0.0,ok,-3.5,ok,4.9,,False,40.4,36.6,5.4,2.3,62.7,8.5,44.5,3.1,-7.5,-0.149,0.282,AVGO,,110,16.9,17.0,,False
343,COO,"The Cooper Companies, Inc.",Healthcare,Medical Instruments & Supplies,Core,13.2,67.69,72.58,14.5,17.3,10.0,0.0,ok,-1.5,ok,2.92,,False,40.3,13.5,3.2,7.9,65.6,2.9,19.6,-7.7,-22.2,-0.058,0.223,GOOG,,126,17.3,17.0,,False
344,AKAM,"Akamai Technologies, Inc.",Technology,Software - Infrastructure,Core,15.2,105.61,115.82,16.0,17.8,10.0,0.0,ok,-3.5,ok,5.54,,False,40.3,14.7,4.7,5.4,57.5,8.9,32.4,-3.7,-12.1,0.299,0.293,AVGO,,126,17.8,16.0,,False
345,BKR,Baker Hughes Company,Energy,Oil & Gas Equipment & Services,Cyclical,63.5,63.92,60.72,16.0,14.3,10.0,0.0,ok,0.0,ok,-0.16,,False,40.3,20.2,7.0,-2.4,23.7,16.5,46.3,9.4,-5.1,0.224,0.293,CEG,,126,14.3,14.0,,False
346,CHTR,"Charter Communications, Inc.",Communication Services,Telecom Services,Core,19.6,145.74,143.51,19.0,14.8,10.0,0.0,ok,-3.5,ok,4.41,,False,40.3,3.3,11.2,-1.7,55.2,27.2,47.9,-19.9,-46.7,-0.104,0.225,VRT,,126,14.8,16.0,,False
347,ONTO,Onto Innovation Inc.,Technology,Semiconductor Equipment & Mate,Growth,17.2,281.11,293.11,14.0,18.3,10.0,-2.0,ok,0.0,ok,-1.33,,False,40.3,24.1,1.2,35.3,55.5,6.8,34.5,16.2,31.9,0.604,0.735,ETN,,126,18.3,14.0,,False
348,MLM,"Martin Marietta Materials, Inc",Basic Materials,Building Materials,Cyclical,36.4,511.98,550.49,12.5,19.3,10.0,0.0,ok,-1.5,ok,2.93,,False,40.3,23.6,1.6,21.0,28.2,8.9,44.4,-14.7,-28.9,0.168,0.272,CEG,,126,19.3,11.0,,False
349,PANW,"Palo Alto Networks, Inc.",Technology,Software - Infrastructure,Growth,274.6,336.98,349.96,14.0,16.2,10.0,0.0,ok,0.0,ok,-0.31,,False,40.2,69.0,1.6,34.4,70.5,1.7,39.6,44.2,90.4,0.37,0.367,MSFT,,126,16.2,17.0,,False
350,COIN,"Coinbase Global, Inc.",Financial Services,Financial Data & Stock Exchang,Core,47.2,178.94,169.99,14.0,16.2,10.0,0.0,ok,0.0,financial_na,,,False,40.2,65.4,5.7,-17.3,85.8,-7.8,62.1,-7.0,-22.1,0.374,0.341,NVDA,,126,16.2,16.0,,False
351,BIIB,Biogen Inc.,Healthcare,Drug Manufacturers - General,Core,31.4,212.5,209.46,17.0,14.6,10.0,0.0,ok,-1.5,ok,2.1,,False,40.1,12.8,4.0,3.4,78.3,4.6,49.9,11.1,-0.4,-0.13,0.172,AVGO,,126,14.6,17.0,,False
352,WMT,Walmart Inc.,Consumer Defensive,Discount Stores,Core,841.4,106.05,110.69,12.0,18.6,10.0,0.0,ok,-0.5,ok,1.44,,False,40.1,32.8,0.8,5.9,24.8,22.3,32.6,-10.5,-28.1,-0.155,0.174,AVGO,,126,18.6,16.0,,False
353,IONQ,"IonQ, Inc.",Technology,Computer Hardware,Growth,16.4,40.47,41.04,11.0,21.1,10.0,-2.0,ok,0.0,neg_ebitda_low_debt,,,False,40.1,,-0.5,286.8,,-60.5,42.1,-8.4,2.1,0.575,0.46,TSM,,126,21.1,13.0,,False
354,NSC,Norfolk Southern Corporation,Industrials,Railroads,Core,73.7,327.92,335.47,15.5,16.1,10.0,0.0,ok,-1.5,ok,2.84,,False,40.1,22.9,1.9,11.4,45.2,17.0,38.3,6.4,-2.8,-0.07,0.16,MSFT,,126,16.1,15.0,,False
355,BDX,"Becton, Dickinson and Company",Healthcare,Medical Instruments & Supplies,Core,48.8,179.1,170.47,17.0,14.6,10.0,0.0,ok,-1.5,ok,2.63,,False,40.1,13.5,9.2,5.4,46.9,6.6,47.1,12.3,-3.9,-0.093,0.278,VRT,,126,14.6,16.0,,False
356,AME,"AMETEK, Inc.",Industrials,Specialty Industrial Machinery,Core,54.5,237.76,241.36,17.0,15.1,10.0,-2.0,ok,0.0,ok,0.73,,False,40.1,24.8,2.7,15.0,36.9,14.6,34.1,5.2,-7.9,0.506,0.706,ETN,,126,15.1,14.0,,False
357,FRT,Federal Realty Investment Trus,Real Estate,REIT - Retail,Core,10.2,117.25,120.74,18.5,15.1,10.0,0.0,ok,-3.5,ok,5.65,,False,40.1,36.7,4.5,7.2,68.1,12.6,48.2,6.0,-2.2,-0.057,0.133,CEG,,126,15.1,17.0,,False
358,CRDO,Credo Technology Group Holding,Technology,Semiconductors,Growth,31.5,167.75,228.81,20.0,12.0,10.0,-2.0,ok,0.0,ok,-1.36,,True,40.0,17.4,0.8,114.7,67.1,30.7,19.0,-4.4,36.2,0.514,0.541,VRT,,126,22.1,15.0,,False
359,MNST,Monster Beverage Corporation,Consumer Defensive,Beverages - Non-Alcoholic,Core,84.5,43.15,76.07,18.0,12.0,10.0,0.0,ok,0.0,ok,-1.13,,True,40.0,33.0,2.0,20.2,55.5,25.7,22.3,-45.4,-56.9,0.018,0.191,GOOG,,126,16.0,17.0,,False
360,LDOS,"Leidos Holdings, Inc.",Technology,Information Technology Service,Core,16.3,129.24,123.53,17.0,14.5,10.0,0.0,ok,-1.5,ok,2.45,,False,40.0,10.1,7.1,7.2,17.8,27.8,28.8,-15.3,-38.1,0.066,0.196,MSFT,,126,14.5,15.0,,False
361,CTAS,Cintas Corporation,Industrials,Specialty Business Services,Core,80.2,200.5,197.85,16.0,13.9,10.0,0.0,ok,0.0,ok,0.81,,False,39.9,32.8,1.8,8.9,50.7,40.7,52.3,7.5,-10.7,-0.141,0.245,ETN,,126,13.9,17.0,,False
362,AZO,"AutoZone, Inc.",Consumer Cyclical,Auto Parts,Core,48.2,2951.61,3032.79,13.0,19.4,10.0,0.0,ok,-2.5,ok,3.01,,False,39.9,16.9,1.9,8.4,51.8,,37.4,-12.6,-33.9,-0.088,0.194,ETN,,126,19.4,12.0,,False
363,TGT,Target Corporation,Consumer Defensive,Discount Stores,Core,73.9,162.71,154.57,17.5,12.9,10.0,0.0,ok,-0.5,ok,1.6,,False,39.9,17.1,4.6,5.3,28.4,26.4,63.1,33.4,22.9,-0.028,0.143,GOOG,,126,12.9,16.0,,False
364,BAX,Baxter International Inc.,Healthcare,Medical Instruments & Supplies,Core,12.9,24.86,24.77,14.5,17.9,10.0,0.0,ok,-2.5,ok,3.99,,False,39.9,12.2,7.8,5.3,34.1,-14.4,38.2,22.0,29.2,0.189,0.319,MSFT,,126,17.9,15.0,,False
365,HLT,Hilton Worldwide Holdings Inc.,Consumer Cyclical,Lodging,Core,68.5,304.47,324.33,16.5,16.8,10.0,0.0,ok,-3.5,ok,4.21,,False,39.8,29.1,2.0,2.5,79.0,,29.3,-2.7,-11.1,0.211,0.321,GOOG,,126,16.8,13.0,,False
366,CLX,Clorox Company (The),Consumer Defensive,Household & Personal Products,Core,11.1,91.6,99.74,15.0,18.3,10.0,0.0,ok,-3.5,ok,4.79,,False,39.8,14.6,1.0,-2.0,42.3,163.8,16.7,-10.3,-33.1,-0.022,0.318,GOOG,,126,18.3,17.0,,False
367,JCI,Johnson Controls International,Industrials,Building Products & Equipment,Core,88.7,146.37,144.73,16.0,15.3,10.0,0.0,ok,-1.5,ok,2.04,,False,39.8,24.2,3.4,9.3,36.7,14.3,43.3,8.6,-3.5,0.482,0.754,ETN,,126,15.3,14.0,,False
368,LIN,Linde plc,Basic Materials,Specialty Chemicals,Cyclical,215.9,468.38,500.49,13.5,16.7,10.0,0.0,ok,-0.5,ok,1.67,,False,39.7,24.0,1.9,9.3,48.3,18.4,39.5,-2.4,-14.8,-0.21,0.213,TSM,,126,16.7,12.0,,False
369,GPC,Genuine Parts Company,Consumer Cyclical,Auto Parts,Core,18.5,134.06,129.65,14.5,16.7,10.0,0.0,ok,-1.5,ok,2.97,,False,39.7,16.1,5.0,6.0,37.6,0.7,54.5,12.3,9.9,0.028,0.178,CEG,,126,16.7,11.0,,False
370,HWM,Howmet Aerospace Inc.,Industrials,Aerospace & Defense,Core,92.3,231.53,274.6,18.0,12.0,10.0,0.0,ok,-0.5,ok,1.47,,True,39.5,36.1,1.3,24.1,36.0,34.7,21.7,-5.7,-21.9,0.312,0.341,VRT,,126,16.7,14.0,,False
371,SOLV,Solventum Corporation,Healthcare,Medical Instruments & Supplies,Core,15.3,90.11,85.6,18.5,14.4,10.0,0.0,ok,-3.5,ok,4.29,,False,39.4,12.5,3.2,2.2,54.8,34.0,64.7,16.3,20.1,0.019,0.29,GOOG,,126,14.4,16.0,,False
372,T,AT&T Inc.,Communication Services,Telecom Services,Core,175.4,25.6,24.32,18.5,13.4,10.0,0.0,ok,-2.5,ok,3.3,,False,39.4,10.0,5.8,2.3,59.7,18.3,61.3,2.5,-19.8,-0.283,0.353,TSM,,126,13.4,16.0,,False
373,EXR,Extra Space Storage Inc,Real Estate,REIT - Industrial,Core,30.7,139.16,146.25,17.0,15.9,10.0,0.0,ok,-3.5,ok,5.94,,False,39.4,29.0,4.9,3.8,74.9,7.0,17.9,-1.1,-17.2,-0.063,0.17,GOOG,,126,15.9,17.0,,False
374,JBHT,"J.B. Hunt Transport Services, ",Industrials,Integrated Freight & Logistics,Core,25.8,274.78,276.22,14.0,15.4,10.0,0.0,ok,0.0,ok,0.84,,False,39.4,27.2,3.5,19.4,18.5,18.4,50.5,15.6,14.4,0.176,0.215,ETN,,126,15.4,14.0,,False
375,ECL,Ecolab Inc.,Basic Materials,Specialty Chemicals,Cyclical,78.0,278.11,278.69,15.0,15.8,10.0,0.0,ok,-1.5,ok,2.12,,False,39.3,29.5,1.9,9.7,44.2,22.0,47.2,2.0,-14.1,0.033,0.196,GOOG,,126,15.8,12.0,,False
376,PWR,"Quanta Services, Inc.",Industrials,Engineering & Construction,Growth,96.1,639.05,651.2,16.0,16.8,10.0,-2.0,ok,-1.5,ok,2.0,,False,39.3,32.5,2.0,41.1,15.5,15.3,32.9,8.5,0.2,0.552,0.714,ETN,,126,16.8,14.0,,False
377,CVS,CVS Health Corporation,Healthcare,Healthcare Plans,Core,122.9,96.07,100.63,14.0,17.8,10.0,0.0,ok,-2.5,ok,3.74,,False,39.3,11.3,6.6,7.1,13.6,6.2,54.4,11.5,13.8,-0.063,0.181,CEG,,126,17.8,15.0,,False
378,MRVL,"Marvell Technology, Inc.",Technology,Semiconductors,Growth,202.6,225.41,219.84,15.5,15.8,10.0,-2.0,ok,0.0,ok,0.47,,False,39.3,33.5,1.2,36.5,52.2,16.5,53.6,47.8,128.6,0.547,0.646,ETN,,126,15.8,14.0,,False
379,IP,International Paper Company,Consumer Cyclical,Packaging & Containers,Core,19.3,36.49,39.44,13.5,17.2,10.0,0.0,ok,-1.5,ok,2.33,,False,39.2,12.2,8.5,-2.2,29.6,-16.5,33.1,-4.6,-19.8,0.123,0.196,TSM,,126,17.2,11.0,,False
380,CRWD,"CrowdStrike Holdings, Inc.",Technology,Software - Infrastructure,Core,215.0,210.02,235.69,14.0,15.2,10.0,0.0,ok,0.0,ok,-39.24,,False,39.2,130.9,0.9,25.8,75.2,1.5,49.0,-51.0,-65.0,0.232,0.236,AVGO,,126,15.2,17.0,,False
381,MRK,"Merck & Company, Inc.",Healthcare,Drug Manufacturers - General,Core,366.3,148.46,141.04,16.0,13.7,10.0,0.0,ok,-0.5,ok,1.62,,False,39.2,15.6,4.1,5.1,75.9,7.0,63.7,25.5,14.6,-0.185,0.292,AVGO,,126,13.7,17.0,,False
382,WAT,Waters Corporation,Healthcare,Diagnostics & Research,Growth,39.6,402.91,392.28,14.0,17.7,10.0,0.0,ok,-2.5,ok,3.4,,False,39.2,24.4,-0.4,113.4,56.3,1.9,51.1,11.6,21.3,0.204,0.218,AVGO,,126,17.7,16.0,,False
383,PCAR,PACCAR Inc.,Industrials,Farm & Heavy Construction Mach,Core,64.5,122.5,127.84,13.0,16.7,10.0,0.0,ok,-0.5,ok,1.88,,False,39.2,17.0,3.0,0.5,13.7,12.8,34.5,2.5,-9.9,0.315,0.436,ETN,,126,16.7,14.0,,False
384,TMO,Thermo Fisher Scientific Inc,Healthcare,Diagnostics & Research,Core,223.0,603.02,572.87,17.0,14.5,10.0,0.0,ok,-2.5,ok,3.28,,False,39.0,21.9,2.8,10.5,41.0,13.5,56.2,12.5,7.5,0.071,0.172,MSFT,,126,14.5,16.0,,False
385,TJX,"TJX Companies, Inc. (The)",Consumer Cyclical,Apparel Retail,Core,142.4,128.92,149.52,17.0,12.0,10.0,0.0,ok,0.0,ok,0.93,,True,39.0,22.3,3.1,5.4,31.5,62.2,7.6,-16.4,-32.1,-0.047,0.152,VRT,,126,16.0,11.0,,False
386,VICI,VICI Properties Inc.,Real Estate,REIT - Diversified,Core,27.8,25.27,26.34,13.0,19.5,10.0,0.0,ok,-3.5,ok,4.82,,False,39.0,8.5,1.0,5.7,99.3,9.8,39.0,-8.5,-25.5,-0.224,0.354,TSM,,126,19.5,17.0,,False
387,CNC,Centene Corporation,Healthcare,Healthcare Plans,Core,31.9,64.58,65.51,13.0,16.0,10.0,0.0,ok,0.0,ok,-2.38,,False,39.0,12.2,,4.6,11.4,-20.4,47.3,27.9,64.3,-0.001,0.102,AVGO,,126,16.0,15.0,fcf_yield_out_of_range(30.2),False
388,DPZ,Domino's Pizza Inc,Consumer Cyclical,Restaurants,Core,11.1,335.41,334.44,15.5,17.0,10.0,0.0,ok,-3.5,ok,4.84,,False,39.0,16.1,4.8,4.3,28.7,,49.5,-7.7,-29.0,-0.129,0.277,NVDA,,126,17.0,11.0,,False
389,CBRE,CBRE Group Inc,Real Estate,Real Estate Services,Core,41.2,142.26,144.88,14.0,18.5,10.0,0.0,ok,-3.5,ok,4.21,,False,39.0,15.6,4.0,15.5,18.6,15.8,44.0,-3.3,-7.5,0.06,0.276,MSFT,,126,18.5,17.0,,False
390,COHU,"Cohu, Inc.",Technology,Semiconductor Equipment & Mate,Growth,2.5,53.17,53.2,14.0,16.9,10.0,-2.0,ok,0.0,ok,-13.22,,False,38.9,28.8,2.6,38.4,44.0,-4.8,38.7,31.3,72.6,0.602,0.732,ETN,,126,16.9,14.0,,False
391,TSN,"Tyson Foods, Inc.",Consumer Defensive,Farm Products,Core,18.4,52.28,57.48,12.0,18.4,10.0,0.0,ok,-1.5,ok,2.62,,False,38.9,12.3,6.5,-0.1,6.6,3.3,22.3,-13.3,-26.4,-0.179,0.217,NVDA,,126,18.4,16.0,,False
392,AMT,American Tower Corporation (RE,Real Estate,REIT - Specialty,Core,81.9,175.73,171.12,19.5,14.4,10.0,0.0,ok,-5.0,ok,6.14,,False,38.9,25.1,3.6,4.7,73.8,33.9,57.2,-0.5,-17.8,-0.214,0.385,VRT,,126,14.4,17.0,,False
393,KIM,Kimco Realty Corporation (HC),Real Estate,REIT - Retail,Core,15.9,23.76,24.87,17.0,16.8,10.0,0.0,ok,-5.0,ok,6.12,,False,38.8,26.5,5.5,4.9,68.9,5.8,39.5,3.5,-10.6,-0.14,0.186,CEG,,126,16.8,17.0,,False
394,EQIX,"Equinix, Inc.",Real Estate,REIT - Specialty,Core,102.7,1041.21,1044.68,17.0,15.3,10.0,0.0,ok,-3.5,ok,4.93,,False,38.8,55.7,3.7,16.7,52.0,10.7,36.5,8.4,-4.2,0.222,0.273,ETN,,126,15.3,16.0,,False
395,EA,Electronic Arts Inc.,Communication Services,Electronic Gaming & Multimedia,Core,52.9,209.7,205.27,18.0,10.7,10.0,0.0,ok,0.0,ok,-0.31,,False,38.7,21.7,3.2,18.9,79.9,16.5,80.9,3.4,-8.9,0.0,0.172,MSFT,,102,10.7,15.0,,False
396,REG,Regency Centers Corporation,Real Estate,REIT - Retail,Core,14.2,75.93,78.62,17.0,15.2,10.0,0.0,ok,-3.5,ok,4.62,,False,38.7,30.2,5.2,8.9,71.5,8.2,48.0,0.4,-15.1,-0.214,0.252,AVGO,,126,15.2,17.0,,False
397,PLAB,"Photronics, Inc.",Technology,Semiconductor Equipment & Mate,Speculative,1.7,29.36,30.25,13.5,15.2,10.0,0.0,ok,0.0,ok,-2.44,,False,38.7,14.1,1.7,2.7,33.7,13.8,36.4,-17.5,-27.1,0.467,0.588,ETN,,126,15.2,13.0,,False
398,STT,State Street Corporation,Financial Services,Asset Management,Core,52.7,191.88,184.94,13.0,15.6,10.0,0.0,ok,0.0,financial_na,,,False,38.6,12.5,,-2.8,0.0,12.4,50.0,28.9,44.5,0.376,0.381,ETN,,126,15.6,14.0,,False
399,KDP,Keurig Dr Pepper Inc.,Consumer Defensive,Beverages - Non-Alcoholic,Growth,44.3,32.55,31.27,20.0,13.6,10.0,0.0,ok,-5.0,ok,6.66,,False,38.6,12.8,10.4,75.6,51.0,5.1,67.4,12.2,4.0,-0.148,0.186,VRT,,126,13.6,17.0,,False
400,PFE,"Pfizer, Inc.",Healthcare,Drug Manufacturers - General,Core,158.4,27.79,26.4,18.0,12.1,10.0,0.0,ok,-1.5,ok,2.04,,False,38.6,9.6,7.9,2.6,74.7,5.0,55.1,7.5,-9.1,-0.063,0.191,AVGO,,126,12.1,17.0,,False
401,CDW,CDW Corporation,Technology,Information Technology Service,Core,18.1,144.48,140.18,15.5,15.6,10.0,0.0,ok,-2.5,ok,3.02,,False,38.6,12.0,3.7,10.0,21.4,44.0,58.7,9.8,8.6,0.078,0.225,MSFT,,126,15.6,15.0,,False
402,VTRS,Viatris Inc.,Healthcare,Drug Manufacturers - Specialty,Core,19.1,16.61,16.77,16.0,14.0,10.0,0.0,ok,-1.5,ok,2.82,,False,38.5,6.2,14.0,4.9,40.3,-2.8,58.0,12.9,4.8,0.046,0.132,GOOG,,126,14.0,16.0,,False
403,HPQ,HP Inc.,Technology,Computer Hardware,Core,28.1,31.17,29.61,16.0,13.0,10.0,0.0,ok,-0.5,ok,1.33,,False,38.5,9.9,12.1,12.5,19.7,,55.9,37.0,55.4,0.031,0.079,AVGO,,126,13.0,13.0,,False
404,SYK,Stryker Corporation,Healthcare,Medical Devices,Core,106.0,276.43,327.78,17.0,12.0,10.0,0.0,ok,-0.5,ok,1.62,,True,38.5,16.5,3.9,9.4,65.6,16.5,22.1,-18.1,-35.9,-0.15,0.284,ETN,,126,16.0,17.0,,False
405,IQV,"IQVIA Holdings, Inc.",Healthcare,Diagnostics & Research,Core,42.7,259.21,246.25,17.5,14.5,10.0,0.0,ok,-3.5,ok,4.65,,False,38.5,17.9,5.0,8.7,33.0,22.8,67.9,28.3,38.5,-0.069,0.284,ETN,,126,14.5,15.0,,False
406,CCL,Carnival Corporation Ltd.,Consumer Cyclical,Travel Services,Core,31.8,23.2,26.71,19.0,12.0,10.0,0.0,ok,-2.5,ok,3.28,,True,38.5,8.8,6.0,5.3,55.7,26.7,19.8,-16.0,-24.1,0.449,0.454,GOOG,,126,16.0,14.0,,False
407,O,Realty Income Corporation,Real Estate,REIT - Retail,Core,57.7,61.02,63.21,15.5,16.4,10.0,0.0,ok,-3.5,ok,5.74,,False,38.4,39.2,2.7,9.6,92.7,3.2,39.2,-0.6,-18.3,-0.262,0.295,TSM,,126,16.4,17.0,,False
408,KHC,The Kraft Heinz Company,Consumer Defensive,Packaged Foods,Core,29.5,24.9,25.45,13.5,16.4,10.0,0.0,ok,-1.5,ok,2.97,,False,38.4,11.9,11.0,-1.4,33.5,-8.8,50.8,4.3,-7.9,-0.22,0.4,VRT,,126,16.4,16.0,,False
409,TRGP,"Targa Resources, Inc.",Energy,Oil & Gas Midstream,Cyclical,63.1,294.29,279.58,16.0,14.9,10.0,0.0,ok,-2.5,ok,3.54,,False,38.4,24.4,0.1,4.2,43.2,70.8,46.7,23.8,14.1,-0.226,0.194,NVDA,,126,14.9,13.0,,False
410,DG,Dollar General Corporation,Consumer Defensive,Discount Stores,Core,28.2,127.87,122.98,17.0,13.8,10.0,0.0,ok,-2.5,ok,3.96,,False,38.3,15.5,6.2,5.2,31.2,19.7,60.6,1.6,-25.2,0.07,0.246,MSFT,,126,13.8,16.0,,False
411,VTR,"Ventas, Inc.",Real Estate,REIT - Healthcare Facilities,Core,46.1,89.87,92.85,16.5,15.3,10.0,0.0,ok,-3.5,ok,5.34,,False,38.3,113.8,3.2,21.7,40.0,2.0,42.2,5.8,-8.1,-0.346,0.354,AVGO,,126,15.3,15.0,,False
412,EIX,Edison International,Utilities,Utilities - Regulated Electric,Core,22.8,59.33,72.22,13.5,18.1,10.0,0.0,ok,-3.5,ok,4.85,,False,38.1,9.1,0.4,-4.1,61.0,19.7,32.5,-12.7,-28.7,-0.086,0.121,NVDA,,126,18.1,20.0,,False
413,DHR,Danaher Corporation,Healthcare,Diagnostics & Research,Core,144.3,205.23,201.81,14.5,15.1,10.0,0.0,ok,-1.5,ok,2.93,,False,38.1,22.1,3.0,5.5,58.8,7.6,56.4,1.4,-7.8,-0.042,0.188,AVGO,,126,15.1,16.0,,False
414,VST,Vistra Corp.,Utilities,Utilities - Independent Power ,Core,50.9,151.72,149.41,15.0,15.5,10.0,0.0,ok,-2.5,ok,3.02,,False,38.0,14.6,0.1,-5.5,38.3,43.0,68.0,-3.7,-20.7,0.418,0.778,CEG,,126,15.5,18.0,,False
415,LEN,Lennar Corporation,Consumer Cyclical,Residential Construction,Core,19.4,80.37,85.45,12.0,16.5,10.0,0.0,ok,-0.5,ok,1.92,,False,38.0,12.4,5.6,-5.2,16.4,7.4,38.9,-17.8,-31.3,0.267,0.28,TSM,,126,16.5,11.0,,False
416,PEG,Public Service Enterprise Grou,Utilities,Utilities - Regulated Electric,Core,37.0,74.24,77.08,12.5,18.9,10.0,0.0,ok,-3.5,ok,5.49,,False,37.9,15.9,0.3,-8.9,33.3,11.8,40.7,-6.8,-24.0,-0.073,0.467,CEG,,126,18.9,18.0,,False
417,AMD,"Advanced Micro Devices, Inc.",Technology,Semiconductors,Growth,825.6,505.74,498.96,16.5,13.4,10.0,-2.0,ok,0.0,ok,-0.92,,False,37.9,32.6,1.1,50.1,55.7,10.2,57.1,47.7,135.7,0.638,0.684,TSM,,126,13.4,14.0,,False
418,DGX,Quest Diagnostics Incorporated,Healthcare,Diagnostics & Research,Core,26.0,235.5,228.05,15.5,13.8,10.0,0.0,ok,-1.5,ok,2.55,,False,37.8,19.5,3.5,10.2,33.2,14.6,48.7,17.3,4.6,-0.264,0.263,AVGO,,126,13.8,15.0,,False
419,GILD,"Gilead Sciences, Inc.",Healthcare,Drug Manufacturers - General,Core,181.8,146.64,139.31,17.0,11.3,10.0,0.0,ok,-0.5,ok,1.46,,False,37.8,14.8,5.4,10.2,79.6,-20.7,55.5,9.4,-13.9,-0.014,0.143,AVGO,,126,11.3,17.0,,False
420,LUV,Southwest Airlines Company,Industrials,Airlines,Core,18.9,38.67,45.15,10.5,17.7,10.0,0.0,ok,-0.5,ok,1.33,,False,37.7,8.0,-4.4,16.4,22.4,11.1,30.0,-10.1,-22.5,0.455,0.418,TSM,,126,17.7,14.0,,False
421,TDY,Teledyne Technologies Incorpor,Technology,Scientific & Technical Instrum,Core,28.0,605.08,646.16,14.5,15.6,10.0,-2.0,ok,-0.5,ok,1.06,,False,37.6,22.6,3.3,9.8,43.3,9.2,16.6,-1.5,-20.8,0.557,0.58,ETN,,126,15.6,14.0,,False
422,HUM,Humana Inc.,Healthcare,Healthcare Plans,Core,48.4,403.09,388.73,15.0,12.6,10.0,0.0,ok,0.0,ok,-2.54,,False,37.6,24.3,4.0,26.2,13.7,6.9,67.1,44.0,120.2,0.109,0.249,CEG,,126,12.6,15.0,,False
423,HAL,Halliburton Company,Energy,Oil & Gas Equipment & Services,Cyclical,30.7,36.8,34.96,15.5,12.6,10.0,0.0,ok,-0.5,ok,1.49,,False,37.6,12.7,6.7,3.7,15.1,14.9,63.9,5.8,-9.0,-0.006,0.101,GOOG,,126,12.6,14.0,,False
424,EPAM,"EPAM Systems, Inc.",Technology,Information Technology Service,Speculative,5.9,115.31,109.54,17.0,10.6,10.0,0.0,ok,0.0,ok,-0.85,,False,37.6,8.2,10.9,4.5,29.5,11.2,72.6,-16.4,-32.1,-0.168,0.361,VRT,,126,10.6,15.0,,False
425,BLDR,"Builders FirstSource, Inc.",Industrials,Building Products & Equipment,Speculative,6.7,62.58,72.61,14.5,16.5,10.0,0.0,ok,-3.5,ok,5.06,,False,37.5,14.0,6.9,-8.8,29.2,2.5,38.5,-30.4,-46.4,0.312,0.35,TSM,,126,16.5,14.0,,False
426,PSKY,Paramount Skydance Corporation,Communication Services,Entertainment,Core,12.1,10.8,10.26,14.5,16.5,10.0,0.0,ok,-3.5,ok,4.4,,False,37.5,12.7,,0.9,33.3,-0.9,58.4,-1.4,-8.1,0.212,0.238,MSFT,,126,16.5,13.0,fcf_yield_out_of_range(145.6),False
427,YUM,"Yum! Brands, Inc.",Consumer Cyclical,Restaurants,Core,40.8,149.51,153.09,16.5,14.5,10.0,0.0,ok,-3.5,ok,4.15,,False,37.5,20.0,2.0,12.2,45.3,,58.0,-3.3,-19.2,-0.067,0.159,VRT,,126,14.5,12.0,,False
428,LH,Labcorp Holdings Inc.,Healthcare,Diagnostics & Research,Core,26.3,324.86,308.62,14.5,14.4,10.0,0.0,ok,-1.5,ok,2.88,,False,37.4,16.4,3.4,5.8,28.9,11.7,53.2,17.9,7.7,-0.039,0.193,MSFT,,126,14.4,15.0,,False
429,FN,Fabrinet,Technology,Electronic Components,Growth,14.9,416.31,480.45,14.0,15.2,10.0,-2.0,ok,0.0,ok,-1.64,,False,37.2,19.1,-0.4,44.6,12.0,21.3,26.7,-22.4,-36.5,0.524,0.651,VRT,,126,15.2,13.0,,False
430,J,Jacobs Solutions Inc.,Industrials,Engineering & Construction,Growth,17.0,144.27,138.82,13.5,15.2,10.0,0.0,ok,-1.5,ok,2.72,,False,37.2,17.5,3.8,34.5,22.1,8.0,53.1,8.8,-3.7,0.1,0.144,GOOG,,126,15.2,14.0,,False
431,SW,Smurfit WestRock plc,Consumer Cyclical,Packaging & Containers,Core,23.2,44.26,46.65,13.0,15.6,10.0,0.0,ok,-1.5,ok,2.95,,False,37.1,13.0,5.2,1.1,18.2,2.7,36.4,5.2,-8.4,0.248,0.291,TSM,,126,15.6,11.0,,False
432,CAG,"ConAgra Brands, Inc.",Consumer Defensive,Packaged Foods,Speculative,7.3,15.26,15.04,14.5,16.1,10.0,0.0,ok,-3.5,ok,4.17,,False,37.1,9.8,11.8,3.6,24.0,-25.1,45.7,-1.9,-26.6,-0.265,0.352,VRT,,126,16.1,16.0,,False
433,CCI,Crown Castle Inc.,Real Estate,REIT - Specialty,Core,32.3,75.97,76.28,15.5,16.5,10.0,0.0,ok,-5.0,ok,8.31,,False,37.0,26.3,3.2,-4.9,73.7,,60.7,-9.8,-26.3,-0.214,0.352,VRT,,126,16.5,17.0,,False
434,BA,Boeing Company (The),Industrials,Aerospace & Defense,Core,166.4,210.73,219.28,14.5,16.4,10.0,0.0,ok,-4.0,neg_ebitda_debt,,,False,36.9,51.1,3.4,8.0,4.7,173.5,28.6,-4.4,-16.4,0.454,0.415,GOOG,,126,16.4,14.0,,False
435,EL,"Estee Lauder Companies, Inc. (",Consumer Defensive,Household & Personal Products,Core,36.8,101.69,96.61,17.0,11.4,10.0,0.0,ok,-1.5,ok,2.34,,False,36.9,26.0,4.9,6.3,75.5,4.7,72.6,10.3,-5.3,0.182,0.281,GOOG,,126,11.4,18.0,,False
436,SMCI,"Super Micro Computer, Inc.",Technology,Computer Hardware,Growth,26.0,40.26,38.25,13.5,15.4,10.0,-2.0,ok,0.0,ok,0.61,,False,36.9,7.6,-31.7,93.2,10.8,21.5,59.6,28.2,13.5,0.554,0.546,TSM,,126,15.4,13.0,,False
437,RVTY,"Revvity, Inc.",Healthcare,Diagnostics & Research,Core,14.2,127.08,120.73,16.0,12.4,10.0,0.0,ok,-1.5,ok,2.65,,False,36.9,21.6,4.3,1.3,55.0,3.2,71.6,24.0,27.7,0.211,0.214,TSM,,126,12.4,16.0,,False
438,LITE,Lumentum Holdings Inc.,Technology,Communication Equipment,Growth,87.8,978.53,929.61,14.0,12.9,10.0,0.0,ok,0.0,ok,-1.33,,False,36.9,29.4,0.3,109.3,44.2,-240.0,59.5,42.0,32.5,0.463,0.603,VRT,,126,12.9,14.0,,False
439,HSIC,"Henry Schein, Inc.",Healthcare,Medical Distribution,Core,10.1,88.86,87.51,14.5,14.8,10.0,0.0,ok,-2.5,ok,3.39,,False,36.8,14.8,4.4,6.7,31.3,8.9,48.1,12.2,3.3,0.067,0.172,GOOG,,126,14.8,15.0,,False
440,SJM,The J.M. Smucker Company,Consumer Defensive,Packaged Foods,Core,13.3,124.66,119.66,17.0,12.3,10.0,0.0,ok,-2.5,ok,3.05,,False,36.8,11.5,11.0,5.0,38.0,3.9,63.4,17.7,3.0,-0.335,0.457,ETN,,126,12.3,16.0,,False
441,ATO,Atmos Energy Corporation,Utilities,Utilities - Regulated Gas,Core,28.4,168.07,172.72,11.5,17.8,10.0,0.0,ok,-2.5,ok,3.74,,False,36.8,18.6,-7.8,4.8,62.2,9.8,42.7,-4.1,-21.5,-0.314,0.318,TSM,,126,17.8,20.0,,False
442,VZ,Verizon Communications Inc.,Communication Services,Telecom Services,Core,209.4,50.41,47.89,18.5,10.7,10.0,0.0,ok,-2.5,ok,3.76,,False,36.7,9.5,8.3,-0.7,59.5,15.8,68.4,11.2,-12.3,-0.289,0.395,TSM,,126,10.7,16.0,,False
443,GLW,Corning Incorporated,Technology,Electronic Components,Core,142.7,165.96,164.14,14.5,14.7,10.0,-2.0,ok,-0.5,ok,1.68,,False,36.7,38.2,0.5,16.6,36.4,16.8,55.8,15.1,8.7,0.528,0.695,ETN,,126,14.7,13.0,,False
444,WBD,"Warner Bros. Discovery, Inc. -",Communication Services,Entertainment,Core,70.5,28.12,27.13,14.0,15.2,10.0,0.0,ok,-2.5,ok,3.67,,False,36.7,,22.9,-11.2,47.8,-8.8,41.8,2.9,-11.9,0.136,0.254,NVDA,,126,15.2,14.0,,False
445,DELL,Dell Technologies Inc.,Technology,Computer Hardware,Growth,345.0,533.88,507.19,14.5,12.5,10.0,0.0,ok,-0.5,ok,1.31,,False,36.5,18.7,0.1,57.7,19.9,,63.3,109.2,259.3,0.397,0.38,AVGO,,126,12.5,13.0,,False
446,KMI,"Kinder Morgan, Inc.",Energy,Oil & Gas Midstream,Cyclical,71.1,31.98,31.94,14.5,15.5,10.0,0.0,ok,-3.5,ok,4.23,,False,36.5,20.8,1.5,10.8,49.4,11.0,42.1,3.6,-15.2,-0.235,0.207,TSM,,126,15.5,13.0,,False
447,COR,"Cencora, Inc.",Healthcare,Medical Distribution,Core,62.0,324.69,312.88,14.5,13.5,10.0,0.0,ok,-1.5,ok,2.1,,False,36.5,16.4,3.3,5.1,4.0,96.9,58.2,1.1,-20.8,-0.261,0.337,TSM,,126,13.5,15.0,,False
448,SBUX,Starbucks Corporation,Consumer Cyclical,Restaurants,Core,116.3,102.01,105.39,13.0,15.8,10.0,0.0,ok,-2.5,ok,3.34,,False,36.3,32.7,2.6,-1.4,22.3,,39.4,4.9,-11.3,0.102,0.131,AVGO,,126,15.8,11.0,,False
449,BALL,Ball Corporation,Consumer Cyclical,Packaging & Containers,Core,16.2,61.02,62.9,14.0,14.8,10.0,0.0,ok,-2.5,ok,3.41,,False,36.3,13.5,2.3,19.7,18.6,17.2,46.0,3.3,-14.8,0.038,0.18,CEG,,126,14.8,11.0,,False
450,MET,"MetLife, Inc.",Financial Services,Insurance - Life,Core,60.7,95.5,94.53,10.0,16.2,10.0,0.0,ok,0.0,financial_na,,,False,36.2,8.7,-34.5,10.5,24.0,13.1,46.6,17.1,23.2,0.083,0.236,MSFT,,126,16.2,14.0,,False
451,SBAC,SBA Communications Corporation,Real Estate,REIT - Specialty,Core,20.0,188.69,183.28,16.5,14.7,10.0,0.0,ok,-5.0,ok,8.12,,False,36.2,23.1,3.8,2.3,74.2,,62.5,-1.9,-15.1,-0.099,0.21,VRT,,126,14.7,17.0,,False
452,RGTI,"Rigetti Computing, Inc.",Technology,Computer Hardware,Growth,5.3,15.81,16.38,12.0,16.2,10.0,-2.0,ok,0.0,neg_ebitda_low_debt,,,False,36.2,,0.5,185.3,,-43.8,40.3,-17.8,-20.1,0.562,0.49,TSM,,126,16.2,13.0,,False
453,CTVA,"Corteva, Inc.",Basic Materials,Agricultural Inputs,Cyclical,57.3,85.9,83.42,15.0,11.2,10.0,0.0,ok,0.0,ok,0.59,,False,36.2,20.8,4.2,-1.2,49.5,4.3,72.9,11.0,-0.6,-0.235,0.249,MSFT,,126,11.2,12.0,,False
454,AXON,"Axon Enterprise, Inc.",Industrials,Aerospace & Defense,Growth,41.1,505.43,567.64,14.0,17.2,10.0,0.0,ok,-5.0,ok,7.01,,False,36.2,47.8,0.5,35.3,59.5,6.2,30.6,0.0,-17.8,0.228,0.343,MSFT,,126,17.2,15.0,,False
455,CAH,"Cardinal Health, Inc.",Healthcare,Medical Distribution,Core,55.9,240.49,234.28,14.0,12.6,10.0,0.0,ok,-0.5,ok,1.21,,False,36.1,17.1,8.5,5.8,3.8,,56.5,11.5,-2.1,-0.156,0.278,AVGO,,126,12.6,15.0,,False
456,CARR,Carrier Global Corporation,Industrials,Building Products & Equipment,Core,49.1,59.11,64.44,10.5,18.0,10.0,0.0,ok,-2.5,ok,3.57,,False,36.0,17.9,1.8,3.9,24.7,9.0,36.1,-3.5,-11.6,0.414,0.567,ETN,,126,18.0,14.0,,False
457,SO,Southern Company (The),Utilities,Utilities - Regulated Electric,Core,102.4,88.99,93.22,12.5,17.0,10.0,0.0,ok,-3.5,ok,5.2,,False,36.0,18.1,-3.8,0.1,48.3,11.5,32.8,-3.0,-20.0,-0.305,0.29,TSM,,126,17.0,19.0,,False
458,ARE,Alexandria Real Estate Equitie,Real Estate,REIT - Office,Speculative,8.7,50.77,50.67,15.0,16.0,10.0,0.0,ok,-5.0,ok,7.13,,False,36.0,,15.4,-11.9,68.2,-4.1,67.0,2.2,-12.1,0.026,0.177,CEG,,126,16.0,17.0,,False
459,CMI,Cummins Inc.,Industrials,Specialty Industrial Machinery,Core,77.5,561.55,630.26,16.0,12.0,10.0,-2.0,ok,0.0,ok,0.87,,True,36.0,16.3,2.9,9.4,25.8,21.1,21.6,-6.4,-12.6,0.561,0.787,ETN,,126,17.1,14.0,,False
460,WEC,"WEC Energy Group, Inc.",Utilities,Utilities - Regulated Electric,Core,34.9,107.06,111.03,12.0,17.4,10.0,0.0,ok,-3.5,ok,5.79,,False,35.9,17.8,-6.7,2.6,41.9,12.0,34.7,-3.4,-18.9,-0.261,0.286,AVGO,,126,17.4,19.0,,False
461,LYB,LyondellBasell Industries NV,Basic Materials,Specialty Chemicals,Cyclical,20.9,64.59,61.36,14.5,13.9,10.0,0.0,ok,-2.5,ok,3.27,,False,35.9,10.0,5.9,19.8,12.9,-2.3,47.8,7.1,-14.7,-0.241,0.313,TSM,,126,13.9,11.0,,False
462,RSG,"Republic Services, Inc.",Industrials,Waste Management,Core,67.9,221.63,217.65,16.0,13.4,10.0,-2.0,ok,-1.5,ok,2.7,,False,35.9,27.5,2.9,4.6,43.0,18.2,58.1,3.2,-13.7,-0.508,0.495,TSM,,126,13.4,15.0,,False
463,BEN,"Franklin Templeton, Inc.",Financial Services,Asset Management,Core,17.6,34.65,33.75,11.5,14.4,10.0,0.0,ok,0.0,financial_na,,,False,35.9,10.9,-17.0,14.3,37.7,7.9,56.7,22.0,26.2,0.442,0.445,GOOG,,126,14.4,14.0,,False
464,BWXT,"BWX Technologies, Inc.",Industrials,Aerospace & Defense,Core,14.7,160.41,170.37,14.5,14.9,10.0,-2.0,ok,-1.5,ok,2.96,,False,35.9,30.5,1.0,18.0,22.1,28.3,45.5,-16.7,-31.2,0.545,0.595,VRT,,126,14.9,14.0,,False
465,SOUN,"SoundHound AI, Inc.",Technology,Software - Application,Growth,2.9,6.57,6.75,11.5,16.2,10.0,-2.0,ok,0.0,neg_ebitda_low_debt,,,False,35.7,,-1.6,45.0,42.3,-32.2,39.9,-21.0,-30.0,0.564,0.458,MSFT,,126,16.2,16.0,,False
466,MCK,McKesson Corporation,Healthcare,Medical Distribution,Core,103.7,889.12,849.76,14.0,11.7,10.0,0.0,ok,0.0,ok,0.94,,False,35.7,17.6,6.6,7.7,3.6,,55.0,5.5,-17.4,-0.356,0.36,ETN,,126,11.7,15.0,,False
467,WELL,Welltower Inc.,Real Estate,REIT - Healthcare Facilities,Growth,171.0,237.25,237.3,14.0,15.1,10.0,0.0,ok,-3.5,ok,5.32,,False,35.6,74.6,1.6,39.1,39.6,3.8,53.5,12.7,1.5,-0.248,0.326,AVGO,,126,15.1,15.0,,False
468,ES,Eversource Energy (D/B/A),Utilities,Utilities - Regulated Electric,Core,26.9,71.49,72.73,14.5,14.5,10.0,0.0,ok,-3.5,ok,5.67,,False,35.5,14.5,3.0,2.3,52.8,9.0,45.5,3.1,-14.9,-0.149,0.18,CEG,,126,14.5,19.0,,False
469,CASY,"Caseys General Stores, Inc.",Consumer Cyclical,Specialty Retail,Core,27.1,733.49,825.82,14.0,12.0,10.0,0.0,ok,-0.5,ok,1.6,,True,35.5,31.0,2.0,14.5,24.6,19.2,21.4,0.8,-6.8,-0.107,0.145,NVDA,,126,17.2,11.0,,False
470,XYZ,"Block, Inc.",Technology,Software - Infrastructure,Core,48.1,80.1,80.38,11.0,14.5,10.0,0.0,ok,0.0,ok,0.28,,False,35.5,15.5,-0.1,9.3,46.6,1.6,51.4,16.3,8.9,0.41,0.345,MSFT,,126,14.5,16.0,,False
471,NEE,"NextEra Energy, Inc.",Utilities,Utilities - Regulated Electric,Core,174.8,83.83,86.46,14.0,16.4,10.0,0.0,ok,-5.0,ok,7.35,,False,35.4,19.1,-10.2,12.4,61.0,11.7,36.4,-4.3,-21.6,-0.038,0.241,MSFT,,126,16.4,20.0,,False
472,CPT,Camden Property Trust,Real Estate,REIT - Residential,Core,10.5,104.71,111.0,11.0,17.8,10.0,0.0,ok,-3.5,ok,5.4,,False,35.3,96.1,1.3,-0.8,61.6,7.9,36.7,-1.9,-11.0,-0.269,0.316,AVGO,,126,17.8,17.0,,False
473,NRG,"NRG Energy, Inc.",Utilities,Utilities - Independent Power ,Core,25.1,119.64,126.89,17.0,13.3,10.0,0.0,ok,-5.0,ok,7.16,,False,35.3,10.7,3.1,11.0,18.8,23.8,55.8,-18.1,-35.8,0.352,0.675,CEG,,126,13.3,18.0,,False
474,UCTT,"Ultra Clean Holdings, Inc.",Technology,Semiconductor Equipment & Mate,Speculative,3.4,75.62,88.66,9.0,20.8,10.0,-2.0,ok,-2.5,ok,3.74,,False,35.3,12.9,-2.4,24.3,15.8,-1.6,41.9,12.2,21.3,0.59,0.676,ETN,,126,20.8,13.0,,False
475,SWKS,"Skyworks Solutions, Inc.",Technology,Semiconductors,Core,11.3,75.38,71.61,12.0,13.3,10.0,0.0,ok,0.0,ok,-0.13,,False,35.3,15.2,4.0,-3.1,40.7,5.1,73.4,18.3,24.1,0.319,0.348,AVGO,,126,13.3,14.0,,False
476,COHR,Coherent Corp.,Technology,Scientific & Technical Instrum,Growth,59.1,301.88,305.55,11.5,16.3,10.0,-2.0,ok,-0.5,ok,1.1,,False,35.3,21.6,-1.1,33.7,37.5,8.0,48.2,8.9,2.7,0.557,0.688,ETN,,126,16.3,13.0,,False
477,AEHR,Aehr Test Systems,Technology,Semiconductor Equipment & Mate,Growth,3.0,90.79,90.8,10.5,16.7,10.0,-2.0,ok,0.0,neg_ebitda_low_debt,,,False,35.2,65.6,-0.1,33.7,35.3,-4.2,26.4,43.9,103.2,0.597,0.612,ETN,,126,16.7,13.0,,False
478,TSCO,Tractor Supply Company,Consumer Cyclical,Specialty Retail,Core,18.4,35.29,33.53,14.5,13.0,10.0,0.0,ok,-2.5,ok,3.27,,False,35.0,17.2,0.6,2.3,36.5,39.5,55.9,-15.4,-43.1,0.004,0.091,MSFT,,126,13.0,11.0,,False
479,TTWO,"Take-Two Interactive Software,",Communication Services,Electronic Gaming & Multimedia,Core,39.9,213.29,239.16,13.5,12.0,10.0,0.0,ok,-0.5,ok,1.46,,True,35.0,20.7,3.1,2.0,57.1,-9.0,15.6,-6.4,-11.1,0.213,0.314,MSFT,,126,18.2,14.0,,False
480,SLB,SLB Limited,Energy,Oil & Gas Equipment & Services,Cyclical,84.7,57.1,54.24,13.0,12.4,10.0,0.0,ok,-0.5,ok,1.18,,False,34.9,17.7,3.5,5.0,17.0,12.9,64.4,16.3,5.5,0.138,0.189,ETN,,126,12.4,14.0,,False
481,WMB,"Williams Companies, Inc. (The)",Energy,Oil & Gas Midstream,Cyclical,92.8,75.83,73.33,15.0,13.3,10.0,0.0,ok,-3.5,ok,4.35,,False,34.8,29.2,-1.6,7.8,63.6,21.5,52.6,8.3,-9.7,-0.056,0.161,MSFT,,126,13.3,14.0,,False
482,INTC,Intel Corporation,Technology,Semiconductors,Core,552.2,104.47,100.13,13.0,14.1,10.0,-2.0,ok,-0.5,ok,1.24,,False,34.6,51.2,0.9,25.4,38.9,-10.7,61.8,40.2,110.2,0.539,0.597,TSM,,126,14.1,13.0,,False
483,FE,FirstEnergy Corp.,Utilities,Utilities - Regulated Electric,Core,26.9,46.45,47.71,11.5,16.6,10.0,0.0,ok,-3.5,ok,5.33,,False,34.6,15.7,-7.5,8.8,68.6,9.5,41.4,-1.5,-20.5,-0.237,0.311,AVGO,,126,16.6,20.0,,False
484,PPL,PPL Corporation,Utilities,Utilities - Regulated Electric,Core,26.4,35.08,35.51,10.5,17.5,10.0,0.0,ok,-3.5,ok,5.33,,False,34.5,16.6,-7.3,4.2,44.1,8.6,43.0,-3.0,-20.4,-0.197,0.259,AVGO,,126,17.5,19.0,,False
485,RCL,Royal Caribbean Cruises Ltd.,Consumer Cyclical,Travel Services,Core,70.7,264.5,296.23,15.0,12.0,10.0,0.0,ok,-2.5,ok,3.27,,True,34.5,13.0,-2.1,6.5,50.3,44.7,12.5,-7.9,-20.4,0.413,0.439,TSM,,126,18.0,14.0,,False
486,OKE,"ONEOK, Inc.",Energy,Oil & Gas Midstream,Growth,61.4,97.51,92.63,15.0,13.0,10.0,0.0,ok,-3.5,ok,4.28,,False,34.5,15.7,1.5,52.8,27.2,16.3,51.6,15.7,3.4,-0.386,0.313,TSM,,126,13.0,12.0,,False
487,AI,"C3.ai, Inc.",Technology,Software - Infrastructure,Speculative,1.7,10.51,9.98,6.0,18.5,10.0,0.0,ok,0.0,neg_ebitda_low_debt,,,False,34.5,,1.3,-25.5,29.1,-59.8,58.3,-0.9,4.1,0.399,0.506,MSFT,,126,18.5,15.0,,False
488,HII,"Huntington Ingalls Industries,",Industrials,Aerospace & Defense,Core,11.3,287.67,297.42,10.5,15.4,10.0,0.0,ok,-1.5,ok,2.5,,False,34.4,13.8,-2.6,10.9,12.4,13.0,21.3,-17.2,-44.3,0.282,0.334,MSFT,,126,15.4,14.0,,False
489,AEE,Ameren Corporation,Utilities,Utilities - Regulated Electric,Core,29.5,106.73,109.96,11.0,16.7,10.0,0.0,ok,-3.5,ok,5.57,,False,34.2,18.4,-6.0,-6.2,52.4,11.9,33.1,-0.7,-16.5,-0.224,0.255,AVGO,,126,16.7,19.0,,False
490,TSLA,"Tesla, Inc.",Consumer Cyclical,Auto Manufacturers,Core,1454.1,368.16,357.72,11.0,15.2,10.0,-2.0,ok,0.0,ok,-2.55,,False,34.2,,0.3,25.5,18.9,4.7,59.8,-7.8,-20.9,0.531,0.466,TSM,,126,15.2,11.0,,False
491,DUK,Duke Energy Corporation (Holdi,Utilities,Utilities - Regulated Electric,Core,94.5,121.24,124.6,11.0,16.7,10.0,0.0,ok,-3.5,ok,5.51,,False,34.2,16.9,-4.7,1.1,52.0,9.9,39.1,-1.7,-18.9,-0.384,0.336,TSM,,126,16.7,19.0,,False
492,LNT,Alliant Energy Corporation,Utilities,Utilities - Regulated Electric,Core,17.8,68.61,71.93,12.0,17.1,10.0,0.0,ok,-5.0,ok,6.61,,False,34.1,18.6,-6.4,1.0,44.5,11.1,38.2,-2.0,-15.9,-0.225,0.252,AVGO,,126,17.1,19.0,,False
493,HRL,Hormel Foods Corporation,Consumer Defensive,Packaged Foods,Core,11.7,21.21,24.33,12.0,12.0,10.0,0.0,ok,0.0,ok,-0.26,,True,34.0,13.7,5.3,-2.9,15.7,4.3,20.1,-8.7,-21.0,-0.192,0.256,NVDA,,126,17.9,16.0,,False
494,ETR,Entergy Corporation,Utilities,Utilities - Regulated Electric,Core,51.9,108.53,110.17,12.0,15.5,10.0,0.0,ok,-3.5,ok,5.56,,False,34.0,21.3,-8.5,5.9,47.0,10.2,51.9,3.3,-9.0,-0.079,0.323,CEG,,126,15.5,19.0,,False
495,IREN,IREN LIMITED,Financial Services,Capital Markets,Core,18.5,46.93,44.58,7.5,18.4,10.0,-2.0,ok,0.0,financial_na,,,False,33.9,,-22.8,-26.7,68.9,-23.4,59.1,2.8,10.0,0.627,0.592,TSM,,126,18.4,16.0,,False
496,NI,NiSource Inc,Utilities,Utilities - Regulated Gas,Core,20.1,41.9,44.05,10.5,16.9,10.0,0.0,ok,-3.5,ok,5.74,,False,33.9,18.6,-8.8,4.6,51.0,8.5,47.7,-6.5,-22.6,-0.071,0.245,CEG,,126,16.9,19.0,,False
497,DOW,Dow Inc.,Basic Materials,Chemicals,Cyclical,21.4,29.57,30.01,9.0,17.3,10.0,0.0,ok,-2.5,ok,3.84,,False,33.8,16.1,1.1,19.7,9.8,-5.5,39.4,-5.8,-25.9,-0.211,0.273,TSM,,126,17.3,11.0,,False
498,APD,"Air Products and Chemicals, In",Basic Materials,Specialty Chemicals,Cyclical,66.3,297.71,300.57,11.0,15.3,10.0,0.0,ok,-2.5,ok,3.71,,False,33.8,20.6,-2.3,4.6,32.1,0.0,43.0,5.7,-4.3,-0.045,0.116,TSM,,126,15.3,11.0,,False
499,D,"Dominion Energy, Inc.",Utilities,Utilities - Regulated Electric,Core,58.2,66.22,68.68,11.5,17.2,10.0,0.0,ok,-5.0,ok,6.43,,False,33.7,17.4,-15.8,17.6,46.2,8.3,32.8,3.7,-7.6,-0.16,0.194,MSFT,,126,17.2,19.0,,False
500,PCG,Pacific Gas & Electric Co.,Utilities,Utilities - Regulated Electric,Core,32.6,14.82,17.04,10.5,18.2,10.0,0.0,ok,-5.0,ok,6.1,,False,33.7,8.2,-18.8,0.1,39.8,9.3,34.5,-11.4,-31.6,-0.018,0.143,CEG,,126,18.2,18.0,,False
501,CMS,CMS Energy Corporation,Utilities,Utilities - Regulated Electric,Core,21.3,68.79,72.16,9.5,19.1,10.0,0.0,ok,-5.0,ok,6.32,,False,33.6,16.6,-10.3,-0.5,40.3,9.2,31.4,-5.8,-22.5,-0.3,0.285,MSFT,,126,19.1,19.0,,False
502,CRWV,"CoreWeave, Inc.",Technology,Software - Infrastructure,Growth,55.1,99.83,94.84,12.5,18.1,10.0,-2.0,ok,-5.0,ok,12.16,,False,33.6,,-16.5,112.5,67.4,-43.6,59.2,9.0,20.1,0.606,0.566,TSM,,126,18.1,17.0,,False
503,WULF,TeraWulf Inc.,Financial Services,Capital Markets,Speculative,8.9,17.86,18.27,7.0,18.5,10.0,-2.0,ok,0.0,financial_na,,,False,33.5,,-2.6,-6.0,,-1211.8,62.7,-0.2,11.3,0.621,0.629,TSM,,126,18.5,16.0,,False
504,FCX,"Freeport-McMoRan, Inc.",Basic Materials,Copper,Cyclical,110.0,76.62,72.79,12.5,12.9,10.0,-2.0,ok,0.0,ok,0.66,,False,33.4,18.5,2.0,-7.3,38.3,14.8,68.4,25.5,9.9,0.549,0.549,TSM,,126,12.9,11.0,,False
505,IRM,Iron Mountain Incorporated (De,Real Estate,REIT - Specialty,Core,34.6,116.08,122.13,13.0,15.4,10.0,0.0,ok,-5.0,ok,7.74,,False,33.4,42.5,-1.3,18.5,54.2,,29.6,6.2,-4.6,0.39,0.405,ETN,,126,15.4,16.0,,False
506,AEP,American Electric Power Compan,Utilities,Utilities - Regulated Electric,Core,68.3,125.42,129.02,12.0,14.9,10.0,0.0,ok,-3.5,ok,5.86,,False,33.4,18.3,-8.8,7.0,46.4,10.1,46.3,-0.6,-17.7,-0.193,0.236,MSFT,,126,14.9,19.0,,False
507,EXC,Exelon Corporation,Utilities,Utilities - Regulated Electric,Core,45.3,43.95,45.72,10.5,17.8,10.0,0.0,ok,-5.0,ok,6.09,,False,33.3,14.5,-5.9,9.9,42.4,9.7,36.3,-4.0,-23.5,-0.331,0.285,AVGO,,126,17.8,19.0,,False
508,ED,"Consolidated Edison, Inc.",Utilities,Utilities - Regulated Electric,Core,40.0,108.27,109.66,12.0,14.7,10.0,0.0,ok,-3.5,ok,4.36,,False,33.2,16.7,-2.1,13.2,53.4,9.0,46.6,1.6,-15.1,-0.462,0.409,TSM,,126,14.7,19.0,,False
509,EVRG,"Evergy, Inc.",Utilities,Utilities - Regulated Electric,Core,19.0,82.24,84.07,10.5,16.2,10.0,0.0,ok,-3.5,ok,5.8,,False,33.2,18.0,-7.6,4.4,52.7,9.3,43.8,2.3,-12.8,-0.214,0.266,AVGO,,126,16.2,19.0,,False
510,CRL,Charles River Laboratories Int,Healthcare,Diagnostics & Research,Core,13.4,280.76,266.72,11.0,14.6,10.0,0.0,ok,-2.5,ok,3.35,,False,33.1,22.1,3.5,-2.7,34.6,-7.5,51.3,39.9,54.6,0.147,0.22,TSM,,126,14.6,15.0,,False
511,ADM,Archer-Daniels-Midland Company,Consumer Defensive,Farm Products,Core,40.7,84.5,81.12,11.5,12.7,10.0,0.0,ok,-1.5,ok,2.75,,False,32.7,14.9,2.9,7.2,6.9,7.6,56.0,17.2,8.6,-0.076,0.136,GOOG,,126,12.7,16.0,,False
512,MRNA,"Moderna, Inc.",Healthcare,Biotechnology,Core,56.0,140.33,133.31,9.0,13.6,10.0,0.0,ok,0.0,neg_ebitda_low_debt,,,False,32.6,,0.5,2.1,,-39.0,66.0,153.3,142.1,0.006,0.118,CEG,,126,13.6,15.0,,False
513,CNP,"CenterPoint Energy, Inc (Holdi",Utilities,Utilities - Regulated Electric,Core,26.4,40.12,41.79,11.5,16.0,10.0,0.0,ok,-5.0,ok,6.28,,False,32.5,19.2,-19.6,10.7,47.0,9.8,45.8,-3.1,-20.2,-0.277,0.29,AVGO,,126,16.0,19.0,,False
514,GM,General Motors Company,Consumer Cyclical,Auto Manufacturers,Core,77.6,85.79,83.47,14.0,13.3,10.0,0.0,ok,-5.0,ok,6.32,,False,32.3,5.8,28.3,1.9,10.2,3.2,57.7,7.4,1.3,0.335,0.395,TSM,,126,13.3,11.0,,False
515,PNW,Pinnacle West Capital Corporat,Utilities,Utilities - Regulated Electric,Core,11.9,98.04,102.71,10.5,16.4,10.0,0.0,ok,-5.0,ok,7.68,,False,31.9,17.6,-7.8,7.1,43.4,9.4,35.3,0.2,-15.2,-0.236,0.264,AVGO,,126,16.4,19.0,,False
516,BBAI,"BigBear.ai, Inc.",Technology,Information Technology Service,Speculative,1.4,2.92,3.11,7.5,16.2,10.0,-2.0,ok,0.0,neg_ebitda_low_debt,,,False,31.7,,-14.9,13.2,27.9,-16.6,41.2,-31.7,-41.4,0.629,0.517,TSM,,126,16.2,15.0,,False
517,DTE,DTE Energy Company,Utilities,Utilities - Regulated Electric,Core,28.6,137.26,143.17,9.5,17.1,10.0,0.0,ok,-5.0,ok,7.69,,False,31.6,16.4,-9.1,-1.5,29.3,11.0,38.8,-2.6,-19.5,-0.158,0.223,CEG,,126,17.1,18.0,,False
518,NCLH,Norwegian Cruise Line Holdings,Consumer Cyclical,Travel Services,Speculative,7.1,15.39,18.64,14.5,12.0,10.0,0.0,ok,-5.0,ok,6.08,,True,31.5,9.1,-23.8,4.9,42.5,36.7,19.2,-22.4,-37.5,0.321,0.435,GOOG,,126,15.8,14.0,,False
519,NBIS,Nebius Group N.V.,Communication Services,Internet Content & Information,Growth,61.9,243.88,231.69,13.5,15.0,10.0,-2.0,ok,-5.0,ok,8.35,,False,31.5,,-15.5,454.0,74.3,0.6,48.2,56.8,139.8,0.528,0.544,TSM,,126,15.0,15.0,,False
520,AWK,"American Water Works Company, ",Utilities,Utilities - Regulated Water,Core,27.9,140.38,135.26,13.0,12.0,10.0,0.0,ok,-3.5,ok,5.44,,False,31.5,21.4,-6.4,6.2,61.5,10.1,60.3,7.3,-6.7,-0.454,0.412,TSM,,126,12.0,20.0,,False
521,OKLO,Oklo Inc.,Utilities,Utilities - Independent Power ,Speculative,8.1,43.31,43.94,8.0,15.3,10.0,-2.0,ok,0.0,neg_ebitda_low_debt,,,False,31.3,,-3.0,,,-7.7,54.1,-32.9,-42.6,0.608,0.564,TSM,,126,15.3,19.0,,False
522,SRE,DBA Sempra,Utilities,Utilities - Diversified,Core,55.9,85.47,88.6,9.5,16.7,10.0,0.0,ok,-5.0,ok,6.23,,False,31.2,15.4,-49.5,-0.1,44.0,6.7,45.9,-5.7,-20.6,-0.095,0.255,CEG,,126,16.7,19.0,,False
523,APLD,Applied Digital Corporation,Technology,Information Technology Service,Growth,8.0,28.31,29.05,9.5,17.5,10.0,-2.0,ok,-4.0,neg_ebitda_debt,,,False,31.0,,,406.6,25.9,-8.4,49.3,-12.2,-9.8,0.638,0.605,TSM,,126,17.5,15.0,fcf_yield_out_of_range(-61.6),False
524,WY,Weyerhaeuser Company,Real Estate,REIT - Specialty,Core,16.4,22.69,24.08,8.0,18.0,10.0,0.0,ok,-5.0,ok,7.15,,False,31.0,33.7,0.1,-0.9,14.5,5.0,34.9,-6.2,-19.3,0.019,0.252,CEG,,126,18.0,15.0,,False
525,XEL,Xcel Energy Inc.,Utilities,Utilities - Regulated Electric,Core,48.0,76.88,78.64,9.5,16.4,10.0,0.0,ok,-5.0,ok,6.47,,False,30.9,16.9,-16.5,-5.1,46.8,9.9,38.8,-1.8,-18.6,-0.136,0.266,CEG,,126,16.4,19.0,,False
526,QBTS,D-Wave Quantum Inc.,Technology,Computer Hardware,Speculative,6.6,17.67,19.21,7.0,15.8,10.0,-2.0,ok,0.0,neg_ebitda_low_debt,,,False,30.8,,-1.1,-0.6,,-28.0,41.1,-17.8,-19.0,0.545,0.443,TSM,,126,15.8,15.0,,False
527,IFF,International Flavors & Fragra,Basic Materials,Specialty Chemicals,Cyclical,21.9,85.62,81.68,8.0,13.7,10.0,0.0,ok,-1.5,ok,2.99,,False,30.2,21.6,-7.9,1.8,36.6,-5.5,68.9,14.9,5.1,0.187,0.242,GOOG,,126,13.7,11.0,,False
528,AES,The AES Corporation,Utilities,Utilities - Diversified,Core,10.6,14.83,14.74,10.0,15.1,10.0,0.0,ok,-5.0,ok,7.64,,False,30.1,6.3,-29.2,19.9,20.3,9.6,63.6,2.6,-7.5,0.16,0.245,AVGO,,126,15.1,18.0,,False
529,DE,Deere & Company,Industrials,Farm & Heavy Construction Mach,Core,183.5,680.73,646.69,12.5,9.6,10.0,0.0,ok,-3.5,ok,4.61,,False,28.6,30.0,2.5,-11.1,25.2,18.2,72.6,19.8,2.0,0.136,0.355,VRT,,126,9.6,14.0,,False
530,F,Ford Motor Company,Consumer Cyclical,Auto Manufacturers,Core,55.8,14.0,14.11,4.5,18.6,10.0,0.0,ok,-5.0,ok,18.47,,False,28.1,7.3,-14.2,-3.8,7.1,-18.3,50.9,4.7,2.7,0.247,0.256,NVDA,,126,18.6,11.0,,False
531,CIFR,Cipher Digital Inc.,Technology,Information Technology Service,Speculative,7.7,18.51,19.3,5.5,19.4,10.0,-2.0,ok,-5.0,ok,49.49,,False,27.9,85.4,-37.7,-43.0,,-167.5,60.0,0.6,19.4,0.571,0.556,TSM,,126,19.4,15.0,,False
532,BG,Bunge Limited,Consumer Defensive,Farm Products,Growth,23.8,123.89,117.7,9.5,11.7,10.0,0.0,ok,-3.5,ok,5.21,,False,27.7,10.9,-27.2,88.3,4.9,7.2,63.7,8.5,-9.7,-0.047,0.14,VRT,,126,11.7,16.0,,False
533,MOS,Mosaic Company (The),Basic Materials,Agricultural Inputs,Cyclical,8.4,26.53,25.2,5.5,11.4,10.0,0.0,ok,-2.5,ok,3.37,,False,24.4,16.5,-8.8,-6.0,11.2,-5.1,83.1,8.6,-13.0,0.173,0.222,CEG,,126,11.4,11.0,,False
