rank,ticker,name,sector,industry,category,mcap_B,current_price,entry_level,fundamental,technical,visibility,corr_penalty,corr_status,leverage_penalty,lev_status,nd_ebitda,dte_pct,broken_base,composite,fwd_pe,fcf_yield_pct,rev_growth_pct,gross_margin_pct,roe_pct,rsi,ma200_dist_pct,rel_str_6m_pct,portfolio_corr,max_corr,max_corr_with,corr_null_reason,n_corr_obs,technical_precap,visibility_legacy,data_flags,in_portfolio
1,AVGO,Broadcom Inc.,Technology,Semiconductors,Growth,1752.9,368.45,388.5,20.0,19.4,22.0,0.0,ok,-0.5,ok,1.08,,False,60.9,18.9,1.6,47.9,76.3,37.3,39.2,-0.1,-0.5,0.404,0.483,NVDA,,126,19.4,22.0,,True
2,GEV,GE Vernova Inc.,Industrials,Specialty Industrial Machinery,Compounder,254.8,956.85,1035.05,20.0,17.2,23.0,0.0,ok,0.0,ok,-2.29,,False,60.2,38.1,6.2,21.9,20.6,82.6,40.1,10.3,2.9,0.389,0.45,AVGO,,126,17.2,23.0,,False
3,TSM,Taiwan Semiconductor Manufactu,Technology,Semiconductors,Growth,2172.9,418.95,424.52,24.0,13.9,21.0,-2.0,ok,0.0,ok,-0.77,,False,56.9,19.2,,36.0,64.2,40.0,59.4,14.7,1.6,0.595,0.66,NVDA,,126,13.9,21.0,fcf_yield_out_of_range(33.6),False
4,VRT,"Vertiv Holdings, LLC",Industrials,Electrical Equipment & Parts,Core,100.8,261.95,293.89,20.5,16.9,19.0,0.0,ok,0.0,ok,0.08,,False,56.4,28.8,2.7,24.1,38.0,43.9,49.4,3.5,-5.5,0.367,0.496,NVDA,,126,16.9,20.0,,False
5,GOOG,Alphabet Inc.,Communication Services,Internet Content & Information,Compounder,4179.6,341.75,350.16,19.0,17.1,20.0,0.0,ok,0.0,ok,-0.7,,False,56.1,23.1,0.5,24.2,60.9,48.7,20.6,3.0,-2.5,0.343,0.304,BMNR,,126,17.1,20.0,,True
6,LMT,Lockheed Martin Corporation,Industrials,Aerospace & Defense,Compounder,130.1,563.57,548.55,18.0,16.4,22.0,0.0,ok,-0.5,ok,1.73,,False,55.9,17.2,4.3,10.5,11.8,89.2,42.2,2.3,-26.5,-0.112,0.169,AVGO,,126,16.4,22.0,,False
7,ANET,"Arista Networks, Inc.",Technology,Computer Hardware,Growth,237.9,188.65,179.22,19.0,16.7,19.7,0.0,ok,0.0,ok,-2.88,,False,55.4,36.6,1.6,37.7,63.0,31.5,52.3,26.6,35.8,0.452,0.577,AVGO,,126,16.7,20.0,,False
8,POWL,"Powell Industries, Inc.",Industrials,Electrical Equipment & Parts,Speculative,7.2,197.67,240.4,17.5,18.6,18.0,0.0,ok,0.0,ok,-2.67,,False,54.1,27.8,2.6,8.9,30.1,28.3,32.4,0.2,-3.3,0.388,0.458,AVGO,,126,18.6,18.0,,False
9,META,"Meta Platforms, Inc.",Communication Services,Internet Content & Information,Core,1400.9,549.9,592.99,18.0,19.0,17.0,0.0,ok,0.0,ok,0.2,,False,54.0,15.8,1.5,28.0,81.7,29.8,31.3,-11.8,-25.9,0.407,0.372,GOOG,,126,19.0,15.0,,False
10,NOC,Northrop Grumman Corporation,Industrials,Aerospace & Defense,Compounder,78.3,551.03,542.18,16.0,17.5,21.0,0.0,ok,-1.5,ok,2.03,,False,53.0,18.1,3.2,5.1,20.1,27.0,51.1,-8.7,-36.3,-0.065,0.248,AVGO,,126,17.5,21.0,,False
11,MSFT,Microsoft Corporation,Technology,Software - Infrastructure,Core,3588.3,483.24,459.08,18.0,17.5,17.2,0.0,ok,0.0,ok,0.27,,False,52.7,20.5,0.5,17.7,67.9,34.0,47.0,12.2,13.5,0.31,0.317,BMNR,,126,17.5,18.0,,True
12,NVDA,NVIDIA Corporation,Technology,Semiconductors,Growth,5200.7,214.72,207.58,20.0,14.0,20.0,-2.0,ok,0.0,ok,-0.24,,False,52.0,16.5,0.9,85.2,74.1,114.3,59.5,10.0,-0.1,0.525,0.483,AVGO,,126,14.0,20.0,,True
13,RTX,RTX Corporation,Industrials,Aerospace & Defense,Compounder,282.9,209.91,203.36,15.5,14.8,21.0,0.0,ok,-0.5,ok,1.92,,False,50.8,26.7,3.5,14.5,20.3,12.3,40.3,9.7,-8.3,-0.041,0.138,AVGO,,126,14.8,21.0,,False
14,TLN,Talen Energy Corporation,Utilities,Utilities - Independent Power ,Growth,15.1,314.46,367.23,17.5,19.1,19.0,0.0,ok,-5.0,ok,16.05,,False,50.6,10.2,8.4,111.2,42.1,-12.8,38.2,-13.1,-26.7,0.363,0.366,AVGO,,126,19.1,19.0,,False
15,NFLX,"Netflix, Inc.",Communication Services,Entertainment,Core,331.4,79.59,75.61,23.0,17.3,10.0,0.0,ok,0.0,ok,0.51,,False,50.3,20.8,7.7,13.4,49.1,49.5,68.3,-10.0,-7.5,0.093,0.204,MSFT,,126,17.3,14.0,,False
16,CINF,Cincinnati Financial Corporati,Financial Services,Insurance - Property & Casualt,Growth,25.8,168.29,177.46,22.0,17.8,10.0,0.0,ok,0.0,financial_na,,,False,49.8,18.6,11.6,31.6,31.1,21.5,21.7,1.2,-7.0,-0.159,0.301,AVGO,,126,17.8,14.0,,False
17,BX,Blackstone Inc.,Financial Services,Asset Management,Core,171.4,143.38,136.21,22.5,17.2,10.0,0.0,ok,0.0,financial_na,,,False,49.7,19.1,,28.6,100.0,31.4,60.2,10.6,15.0,0.329,0.343,BMNR,,126,17.2,16.0,,False
18,ADBE,Adobe Inc.,Technology,Software - Application,Core,109.4,275.3,261.53,23.0,16.6,10.0,0.0,ok,0.0,ok,0.15,,False,49.6,10.0,8.4,12.7,89.4,63.0,64.0,1.8,-0.6,0.166,0.4,MSFT,,126,16.6,17.0,,False
19,AMZN,"Amazon.com, Inc.",Consumer Cyclical,Internet Retail,Core,2789.7,258.63,249.73,17.0,18.1,16.4,-2.0,ok,0.0,ok,0.76,,False,49.5,24.9,0.1,19.6,50.8,30.6,24.5,8.5,13.8,0.577,0.628,GOOG,,126,18.1,17.0,,False
20,AXP,American Express Company,Financial Services,Credit Services,Core,226.9,336.0,342.29,21.5,18.0,10.0,0.0,ok,0.0,financial_na,,,False,49.5,16.7,,12.8,62.3,34.4,40.3,-0.6,-7.3,0.389,0.383,BMNR,,126,18.0,18.0,,False
21,ADSK,"Autodesk, Inc.",Technology,Software - Application,Core,53.6,253.82,241.13,22.0,17.2,10.0,0.0,ok,0.0,ok,-0.09,,False,49.2,17.8,5.7,18.4,92.4,50.4,64.6,1.8,3.9,0.12,0.332,MSFT,,126,17.2,17.0,,False
22,DECK,Deckers Outdoor Corporation,Consumer Cyclical,Footwear & Accessories,Core,12.5,91.68,101.45,21.0,18.1,10.0,0.0,ok,0.0,ok,-0.85,,False,49.1,11.0,7.0,5.7,57.8,42.6,32.6,-10.4,-34.7,0.263,0.348,GOOG,,126,18.1,12.0,,False
23,GD,General Dynamics Corporation,Industrials,Aerospace & Defense,Core,104.0,384.29,374.06,14.5,14.5,19.9,0.0,ok,0.0,ok,0.78,,False,48.9,20.7,4.2,8.1,15.4,17.8,52.1,9.2,-1.6,-0.01,0.141,NVDA,,126,14.5,21.0,,False
24,NXPI,NXP Semiconductors N.V.,Technology,Semiconductors,Core,56.9,225.56,266.38,22.0,17.4,10.0,0.0,ok,-0.5,ok,1.53,,False,48.9,12.5,6.3,19.5,56.1,27.9,51.2,-6.8,-14.2,0.233,0.386,AVGO,,126,17.4,14.0,,False
25,GDDY,GoDaddy Inc.,Technology,Software - Infrastructure,Core,12.3,97.07,92.22,22.0,17.3,10.0,0.0,ok,-0.5,ok,1.91,,False,48.8,8.8,9.8,6.6,63.8,442.9,63.7,-0.7,-1.6,-0.051,0.158,AVGO,,126,17.3,17.0,,False
26,WDC,Western Digital Corporation,Technology,Computer Hardware,Growth,165.6,459.44,548.43,20.0,18.6,10.0,0.0,ok,0.0,ok,-0.08,,False,48.6,14.5,1.4,43.8,48.9,130.9,39.7,28.3,51.7,0.403,0.505,AVGO,,126,18.6,14.0,,False
27,EBAY,eBay Inc.,Consumer Cyclical,Internet Retail,Core,46.3,104.13,110.02,20.5,18.6,10.0,0.0,ok,-0.5,ok,1.24,,False,48.6,15.5,3.4,14.8,72.1,46.6,44.4,6.9,11.7,0.169,0.207,GOOG,,126,18.6,13.0,,False
28,ALL,Allstate Corporation (The),Financial Services,Insurance - Property & Casualt,Core,64.2,253.83,249.76,22.0,16.5,10.0,0.0,ok,0.0,financial_na,,,False,48.5,9.2,23.6,11.8,36.8,46.1,42.2,16.2,11.5,-0.273,0.349,NVDA,,126,16.5,14.0,,False
29,CEG,Constellation Energy Corporati,Utilities,Utilities - Independent Power ,Compounder,96.7,272.88,263.12,12.5,17.4,21.0,0.0,ok,-2.5,ok,3.02,,False,48.4,20.5,-6.9,23.0,22.1,15.1,49.3,-8.8,-19.1,0.205,0.236,BMNR,,126,17.4,21.0,,False
30,KEYS,Keysight Technologies Inc.,Technology,Scientific & Technical Instrum,Growth,53.8,316.13,332.87,20.5,17.9,10.0,0.0,ok,0.0,ok,0.08,,False,48.4,23.2,3.6,36.5,64.7,20.9,47.3,12.3,16.8,0.277,0.407,AVGO,,126,17.9,15.0,,False
31,TROW,"T. Rowe Price Group, Inc.",Financial Services,Asset Management,Core,23.8,111.51,113.78,20.5,17.8,10.0,0.0,ok,0.0,financial_na,,,False,48.3,10.8,8.5,10.7,51.6,19.4,41.1,8.9,9.4,0.257,0.317,BMNR,,126,17.8,15.0,,False
32,ETN,"Eaton Corporation, PLC",Industrials,Specialty Industrial Machinery,Core,162.8,419.2,416.31,15.5,17.0,18.3,0.0,ok,-2.5,ok,3.11,,False,48.3,26.1,1.9,21.4,36.0,19.7,38.9,10.9,4.2,0.407,0.478,AVGO,,126,17.0,19.0,,False
33,QCOM,QUALCOMM Incorporated,Technology,Semiconductors,Core,168.8,160.75,178.53,20.0,18.0,10.0,0.0,ok,0.0,ok,0.58,,False,48.0,15.8,6.1,-4.0,54.2,33.8,60.3,-4.1,3.0,0.291,0.392,AVGO,,126,18.0,14.0,,False
34,CDNS,"Cadence Design Systems, Inc.",Technology,Software - Application,Core,88.0,319.02,353.85,18.0,20.0,10.0,0.0,ok,0.0,ok,0.52,,False,48.0,33.5,1.8,24.2,85.9,23.2,30.8,-2.5,1.8,0.498,0.38,BMNR,,126,20.0,17.0,,False
35,APO,"Apollo Global Management, Inc.",Financial Services,Asset Management,Growth,78.4,132.69,126.82,20.0,18.0,10.0,0.0,ok,0.0,financial_na,,,False,48.0,12.4,,63.8,36.1,11.4,53.6,4.2,4.4,0.331,0.29,GOOG,,126,18.0,14.0,,False
36,ULTA,"Ulta Beauty, Inc.",Consumer Cyclical,Specialty Retail,Core,22.4,521.46,495.39,21.0,17.1,10.0,0.0,ok,-0.5,ok,1.1,,False,47.6,16.4,4.3,11.1,43.2,47.4,46.1,-6.1,-34.4,0.162,0.196,MSFT,,126,17.1,12.0,,False
37,AMAT,"Applied Materials, Inc.",Technology,Semiconductor Equipment & Mate,Core,390.9,492.32,560.71,19.0,18.5,10.0,0.0,ok,0.0,ok,-0.26,,False,47.5,26.8,0.8,24.8,49.4,41.1,44.0,24.5,19.6,0.401,0.539,AVGO,,126,18.5,14.0,,False
38,UBER,"Uber Technologies, Inc.",Technology,Software - Application,Core,161.0,78.8,74.86,21.0,17.0,10.0,0.0,ok,-0.5,ok,1.25,,False,47.5,18.0,4.5,12.2,40.8,37.2,65.1,2.2,-0.8,0.294,0.33,MSFT,,126,17.0,16.0,,False
39,CSCO,"Cisco Systems, Inc.",Technology,Communication Equipment,Core,437.7,111.04,116.24,19.5,18.0,10.0,0.0,ok,0.0,ok,0.73,,False,47.5,20.0,2.6,17.6,64.6,27.3,42.5,19.9,31.4,0.229,0.354,AVGO,,126,18.0,15.0,,False
40,LVS,Las Vegas Sands Corp.,Consumer Cyclical,Resorts & Casinos,Core,30.5,47.03,46.8,21.0,18.0,10.0,0.0,ok,-1.5,ok,2.57,,False,47.5,13.3,7.3,-0.7,79.3,122.9,48.2,-14.3,-27.3,0.3,0.355,MSFT,,126,18.0,13.0,,False
41,IDXX,"IDEXX Laboratories, Inc.",Healthcare,Diagnostics & Research,Core,43.9,556.93,560.0,19.5,17.9,10.0,0.0,ok,0.0,ok,0.55,,False,47.4,33.3,2.1,9.7,62.4,74.2,45.9,-9.5,-22.9,0.268,0.362,GOOG,,126,17.9,17.0,,False
42,EXPE,"Expedia Group, Inc.",Consumer Cyclical,Travel Services,Core,38.6,321.63,305.55,23.0,14.4,10.0,0.0,ok,0.0,ok,-0.5,,False,47.4,13.3,8.9,14.0,90.4,89.5,63.5,26.2,58.8,0.16,0.218,MSFT,,126,14.4,15.0,,False
43,MS,Morgan Stanley,Financial Services,Capital Markets,Core,336.4,214.2,216.83,20.0,17.4,10.0,0.0,ok,0.0,financial_na,,,False,47.4,15.7,,28.0,87.6,18.0,53.9,14.2,16.9,0.474,0.445,BMNR,,126,17.4,16.0,,False
44,BRO,"Brown & Brown, Inc.",Financial Services,Insurance Brokers,Growth,24.4,72.92,69.27,21.5,15.8,10.0,0.0,ok,0.0,financial_na,,,False,47.3,15.1,6.7,32.4,56.3,10.0,56.1,4.8,-6.5,-0.166,0.368,AVGO,,126,15.8,15.0,,False
45,FTNT,"Fortinet, Inc.",Technology,Software - Infrastructure,Core,112.6,153.51,156.05,21.5,15.8,10.0,0.0,ok,0.0,ok,-1.35,,False,47.3,40.8,2.0,25.6,80.2,117.4,39.9,44.6,90.8,0.283,0.313,MSFT,,126,15.8,17.0,,False
46,TPR,"Tapestry, Inc.",Consumer Cyclical,Luxury Goods,Core,26.0,130.17,145.24,21.0,16.6,10.0,0.0,ok,-0.5,ok,1.39,,False,47.1,14.7,5.4,8.9,76.6,197.1,25.6,-5.0,-26.9,0.218,0.247,GOOG,,126,16.6,13.0,,False
47,RL,Ralph Lauren Corporation,Consumer Cyclical,Apparel Manufacturing,Core,22.2,372.59,390.04,20.5,16.6,10.0,0.0,ok,0.0,ok,0.67,,False,47.1,17.8,4.0,14.0,70.3,37.5,44.5,2.3,-9.9,0.293,0.273,BMNR,,126,16.6,13.0,,False
48,GL,Globe Life Inc.,Financial Services,Insurance - Life,Core,13.1,171.08,177.94,20.0,17.0,10.0,0.0,ok,0.0,financial_na,,,False,47.0,10.4,8.8,8.0,33.9,20.9,23.7,12.8,8.0,0.174,0.253,GOOG,,126,17.0,14.0,,False
49,ORCL,Oracle Corporation,Technology,Software - Infrastructure,Core,421.9,146.47,145.43,17.5,16.0,19.0,-2.0,ok,-3.5,ok,4.44,,False,47.0,13.4,-5.8,20.6,65.8,53.4,54.6,-15.1,-8.2,0.622,0.539,MSFT,,126,16.0,19.0,,False
50,FSLR,"First Solar, Inc.",Technology,Solar,Core,23.0,214.28,229.99,18.5,18.4,10.0,0.0,ok,0.0,ok,-0.64,,False,46.9,9.3,6.9,-3.7,44.0,18.5,38.9,-8.3,-23.7,0.362,0.349,AVGO,,126,18.4,14.0,,False
51,WRB,W.R. Berkley Corporation,Financial Services,Insurance - Property & Casualt,Core,25.5,68.6,71.02,20.0,16.8,10.0,0.0,ok,0.0,financial_na,,,False,46.8,14.2,12.0,1.2,43.8,20.2,26.3,-1.2,-15.6,-0.302,0.324,AVGO,,126,16.8,15.0,,False
52,PODD,Insulet Corporation,Healthcare,Medical Devices,Core,10.3,148.16,154.44,20.5,16.2,10.0,0.0,ok,0.0,ok,0.67,,False,46.7,19.2,2.3,23.5,71.1,26.0,35.5,-32.4,-52.8,0.041,0.209,GOOG,,126,16.2,17.0,,False
53,AMP,"Ameriprise Financial, Inc.",Financial Services,Asset Management,Core,49.1,555.59,527.81,22.0,14.6,10.0,0.0,ok,0.0,financial_na,,,False,46.6,10.8,5.9,11.6,54.9,63.4,52.5,15.5,10.6,0.276,0.294,MSFT,,126,14.6,15.0,,False
54,SNDK,Sandisk Corporation,Technology,Computer Hardware,Growth,233.7,1596.08,1654.17,22.5,14.1,10.0,0.0,ok,0.0,ok,-0.36,,False,46.6,6.0,3.3,371.6,71.5,91.6,63.0,69.9,127.2,0.365,0.437,AVGO,,126,14.1,15.0,,False
55,CF,"CF Industries Holdings, Inc.",Basic Materials,Agricultural Inputs,Cyclical,19.6,129.6,123.12,22.0,14.6,10.0,0.0,ok,0.0,ok,0.29,,False,46.6,12.4,6.5,17.6,42.5,29.9,66.2,23.1,24.1,-0.341,0.32,GOOG,,126,14.6,12.0,,False
56,ALAB,"Astera Labs, Inc.",Technology,Semiconductors,Growth,49.4,284.97,350.92,19.0,17.6,10.0,0.0,ok,0.0,ok,-4.23,,False,46.6,44.6,0.2,104.5,75.1,25.8,39.6,30.2,110.0,0.459,0.561,AVGO,,126,17.6,15.0,,False
57,IT,"Gartner, Inc.",Technology,Information Technology Service,Core,12.4,195.9,186.1,21.0,16.0,10.0,0.0,ok,-0.5,ok,1.33,,False,46.5,11.9,8.5,-0.6,69.6,113.6,76.7,9.2,22.9,-0.016,0.244,MSFT,,126,16.0,17.0,,False
58,PTC,PTC Inc.,Technology,Software - Application,Core,16.8,154.68,146.95,21.0,15.5,10.0,0.0,ok,0.0,ok,0.98,,False,46.5,17.4,6.1,-6.8,84.5,35.1,68.0,3.1,-9.7,0.172,0.456,MSFT,,126,15.5,17.0,,False
59,SPGI,S&P Global Inc.,Financial Services,Financial Data & Stock Exchang,Core,127.1,431.29,422.49,19.5,16.9,10.0,0.0,ok,0.0,financial_na,,,False,46.4,21.3,4.3,10.4,70.9,14.3,61.1,-4.4,-5.4,0.126,0.357,MSFT,,126,16.9,16.0,,False
60,TEL,TE Connectivity plc,Technology,Electronic Components,Core,59.0,203.52,206.53,18.5,17.8,10.0,0.0,ok,0.0,ok,0.92,,False,46.3,15.8,4.0,13.8,36.1,23.3,48.6,-6.6,-24.2,0.31,0.292,AVGO,,126,17.8,13.0,,False
61,CRM,"Salesforce, Inc.",Technology,Software - Application,Core,171.3,209.17,198.71,20.5,17.3,10.0,0.0,ok,-1.5,ok,2.38,,False,46.3,13.5,9.7,13.3,77.6,16.9,67.6,4.3,5.5,0.197,0.47,MSFT,,126,17.3,17.0,,False
62,WDAY,"Workday, Inc.",Technology,Software - Application,Core,49.4,200.01,190.01,20.5,15.8,10.0,0.0,ok,0.0,ok,-0.36,,False,46.3,15.8,6.3,13.5,75.8,10.9,69.7,23.7,42.6,0.147,0.428,MSFT,,126,15.8,17.0,,False
63,GWW,"W.W. Grainger, Inc.",Industrials,Industrial Distribution,Core,62.0,1312.24,1343.28,19.5,16.7,10.0,0.0,ok,0.0,ok,0.69,,False,46.2,25.7,2.0,10.3,39.4,46.1,32.9,13.4,5.5,0.041,0.212,GOOG,,126,16.7,14.0,,False
64,TXN,Texas Instruments Incorporated,Technology,Semiconductors,Core,241.4,264.36,290.16,19.0,17.2,10.0,0.0,ok,0.0,ok,0.74,,False,46.2,25.1,1.5,22.8,58.3,35.2,46.7,13.2,8.6,0.236,0.4,AVGO,,126,17.2,14.0,,False
65,HIG,"The Hartford Insurance Group, ",Financial Services,Insurance - Diversified,Core,36.9,136.1,137.44,20.0,16.2,10.0,0.0,ok,0.0,financial_na,,,False,46.2,9.9,14.9,8.1,37.9,22.1,30.4,0.4,-15.0,-0.166,0.287,AVGO,,126,16.2,14.0,,False
66,EOG,"EOG Resources, Inc.",Energy,Oil & Gas E&P,Growth,81.5,153.05,145.4,23.0,13.1,10.0,0.0,ok,0.0,ok,0.23,,False,46.1,10.5,5.5,58.7,62.6,22.5,59.9,21.5,13.9,-0.335,0.321,NVDA,,126,13.1,14.0,,False
67,ROK,"Rockwell Automation, Inc.",Industrials,Specialty Industrial Machinery,Core,48.5,437.08,461.19,18.5,17.9,10.0,0.0,ok,-0.5,ok,1.5,,False,45.9,29.5,2.7,7.9,49.1,30.6,29.1,4.9,0.9,0.26,0.297,NVDA,,126,17.9,15.0,,False
68,MSCI,MSCI Inc.,Financial Services,Financial Data & Stock Exchang,Core,41.0,563.49,582.41,17.5,18.4,10.0,0.0,ok,0.0,financial_na,,,False,45.9,25.0,2.9,12.2,83.0,,42.7,-1.4,-7.2,0.181,0.369,MSFT,,126,18.4,16.0,,False
69,PYPL,"PayPal Holdings, Inc.",Financial Services,Credit Services,Core,53.1,61.55,58.47,20.0,15.9,10.0,0.0,ok,0.0,financial_na,,,False,45.9,10.6,8.3,4.8,40.5,24.5,67.7,19.8,27.9,0.218,0.303,MSFT,,126,15.9,17.0,,False
70,AON,Aon plc,Financial Services,Insurance Brokers,Core,75.3,355.11,350.14,20.0,15.9,10.0,0.0,ok,0.0,financial_na,,,False,45.9,16.6,4.2,2.2,48.2,44.7,47.1,5.4,0.7,-0.164,0.373,AVGO,,126,15.9,15.0,,False
71,TRV,"The Travelers Companies, Inc.",Financial Services,Insurance - Property & Casualt,Core,75.8,363.58,351.39,20.0,15.8,10.0,0.0,ok,0.0,financial_na,,,False,45.8,12.0,19.5,0.3,34.7,26.5,39.0,18.2,7.3,-0.235,0.27,AVGO,,126,15.8,14.0,,False
72,BRK-B,Berkshire Hathaway Inc. New,Financial Services,Insurance - Diversified,Core,1061.4,495.82,500.39,18.5,17.3,10.0,0.0,ok,0.0,financial_na,,,False,45.8,22.3,6.8,10.0,30.3,12.1,36.7,0.8,-11.9,-0.022,0.169,BMNR,,126,17.3,14.0,,False
73,LULU,lululemon athletica inc.,Consumer Cyclical,Apparel Retail,Core,13.7,121.07,117.63,21.0,14.8,10.0,0.0,ok,0.0,ok,0.24,,False,45.8,10.8,8.2,4.3,55.7,32.0,45.9,-22.0,-44.3,0.354,0.371,MSFT,,126,14.8,12.0,,False
74,CRDO,Credo Technology Group Holding,Technology,Semiconductors,Growth,43.0,230.57,241.52,20.0,15.7,10.0,0.0,ok,0.0,ok,-2.96,,False,45.7,25.3,0.6,157.0,68.0,34.4,53.4,33.4,73.6,0.397,0.499,AVGO,,126,15.7,15.0,,False
75,CBOE,"Cboe Global Markets, Inc.",Financial Services,Financial Data & Stock Exchang,Core,31.4,300.74,285.7,20.5,15.2,10.0,0.0,ok,0.0,financial_na,,,False,45.7,19.8,2.2,22.9,54.1,26.3,52.0,6.4,-8.3,-0.107,0.179,AVGO,,126,15.2,15.0,,False
76,ARES,Ares Management Corporation,Financial Services,Asset Management,Core,46.6,141.25,134.19,17.5,18.2,10.0,0.0,ok,0.0,financial_na,,,False,45.7,19.6,4.6,5.8,37.4,14.9,53.3,6.5,12.7,0.39,0.349,GOOG,,126,18.2,14.0,,False
77,ROST,"Ross Stores, Inc.",Consumer Cyclical,Apparel Retail,Core,76.7,239.04,234.47,19.0,16.7,10.0,0.0,ok,0.0,ok,0.17,,False,45.7,26.8,2.7,20.6,32.7,39.0,34.7,14.5,6.4,0.154,0.137,GOOG,,126,16.7,11.0,,False
78,ZTS,Zoetis Inc.,Healthcare,Drug Manufacturers - Specialty,Core,32.1,77.73,75.94,21.0,15.1,10.0,0.0,ok,-0.5,ok,1.86,,False,45.6,11.7,6.3,-0.2,71.7,64.9,51.1,-25.8,-50.2,0.063,0.164,GOOG,,126,15.1,17.0,,False
79,FFIV,"F5, Inc.",Technology,Software - Infrastructure,Core,21.8,384.63,403.76,18.0,17.6,10.0,0.0,ok,0.0,ok,-1.47,,False,45.6,21.3,3.3,10.9,81.9,19.8,38.7,20.4,30.5,0.328,0.272,AVGO,,126,17.6,17.0,,False
80,VRSN,"VeriSign, Inc.",Technology,Software - Infrastructure,Core,25.5,281.8,273.37,16.5,19.4,10.0,0.0,ok,-0.5,ok,1.1,,False,45.4,25.7,3.3,6.0,88.5,,34.7,8.7,21.0,-0.028,0.178,BMNR,,126,19.4,17.0,,False
81,VRSK,"Verisk Analytics, Inc.",Industrials,Consulting Services,Core,24.6,187.5,188.06,18.0,18.9,10.0,0.0,ok,-1.5,ok,2.68,,False,45.4,21.6,4.3,4.4,70.2,,44.0,-4.1,-8.7,-0.153,0.305,AVGO,,126,18.9,18.0,,False
82,STX,Seagate Technology Holdings PL,Technology,Computer Hardware,Growth,192.9,850.0,891.44,20.0,15.3,10.0,0.0,ok,0.0,ok,0.49,,False,45.3,15.4,1.0,48.5,45.6,371.5,52.0,50.3,96.8,0.358,0.463,AVGO,,126,15.3,14.0,,False
83,HBAN,Huntington Bancshares Incorpor,Financial Services,Banks - Regional,Growth,34.4,17.03,17.6,18.0,17.2,10.0,0.0,ok,0.0,financial_na,,,False,45.2,9.1,,47.6,0.0,9.0,42.5,1.2,-11.5,0.24,0.239,GOOG,,126,17.2,14.0,,False
84,NOW,"ServiceNow, Inc.",Technology,Software - Application,Core,132.8,128.48,122.06,18.0,17.7,10.0,0.0,ok,-0.5,ok,1.31,,False,45.2,25.7,3.9,24.0,74.8,14.2,66.6,6.8,15.2,0.273,0.51,MSFT,,126,17.7,17.0,,False
85,EQT,EQT Corporation,Energy,Oil & Gas E&P,Cyclical,33.6,53.72,51.98,18.5,16.7,10.0,0.0,ok,0.0,ok,0.79,,False,45.2,13.6,7.3,-3.9,80.7,11.1,50.9,-4.4,-21.0,-0.054,0.096,AVGO,,126,16.7,14.0,,False
86,TJX,"TJX Companies, Inc. (The)",Consumer Cyclical,Apparel Retail,Core,155.2,140.53,156.01,17.0,18.1,10.0,0.0,ok,0.0,ok,0.93,,False,45.1,24.4,2.8,5.4,31.5,62.2,20.2,-9.2,-22.8,-0.016,0.063,GOOG,,126,18.1,11.0,,False
87,RJF,"Raymond James Financial, Inc.",Financial Services,Asset Management,Core,33.7,175.2,167.95,19.0,16.1,10.0,0.0,ok,0.0,financial_na,,,False,45.1,12.4,,15.1,93.2,18.4,44.6,10.1,2.6,0.3,0.293,GOOG,,126,16.1,16.0,,False
88,GS,"Goldman Sachs Group, Inc. (The",Financial Services,Capital Markets,Growth,302.6,1039.28,1053.38,21.0,16.0,10.0,-2.0,ok,0.0,financial_na,,,False,45.0,14.0,,42.5,82.1,16.9,53.3,11.3,4.8,0.511,0.519,NVDA,,126,16.0,16.0,,False
89,ON,ON Semiconductor Corporation,Technology,Semiconductors,Core,28.9,74.21,92.77,16.0,19.0,10.0,0.0,ok,0.0,ok,0.4,,False,45.0,16.4,5.7,9.2,42.8,8.3,38.2,-3.7,-5.4,0.349,0.473,AVGO,,126,19.0,14.0,,False
90,TT,Trane Technologies plc,Industrials,Building Products & Equipment,Core,99.8,453.43,474.09,19.5,15.4,10.0,0.0,ok,0.0,ok,0.77,,False,44.9,25.9,3.1,10.6,35.4,36.6,45.3,2.4,-13.4,0.274,0.416,NVDA,,126,15.4,14.0,,False
91,TPL,Texas Pacific Land Corporation,Energy,Oil & Gas E&P,Growth,26.5,383.64,387.65,18.0,16.9,10.0,0.0,ok,0.0,ok,-0.31,,False,44.9,5.2,-0.1,31.2,93.3,36.6,43.0,-1.4,-35.9,-0.039,0.079,MSFT,,126,16.9,14.0,,False
92,AAPL,Apple Inc.,Technology,Consumer Electronics,Core,4514.7,309.35,310.21,20.5,14.4,10.0,0.0,ok,0.0,ok,0.13,,False,44.9,32.4,2.4,16.4,48.7,148.8,56.8,10.0,4.1,0.205,0.282,BMNR,,126,14.4,14.0,,False
93,ARM,Arm Holdings plc,Technology,Semiconductors,Core,259.9,243.32,302.36,16.5,18.4,10.0,0.0,ok,0.0,ok,-3.2,,False,44.9,79.5,0.5,22.4,97.5,13.4,51.7,23.4,84.3,0.474,0.511,AVGO,,126,18.4,15.0,,False
94,ALGN,"Align Technology, Inc.",Healthcare,Medical Instruments & Supplies,Core,11.5,162.55,174.72,18.5,16.4,10.0,0.0,ok,0.0,ok,-1.08,,False,44.9,13.0,5.1,4.3,70.4,10.2,40.1,-4.1,-22.6,0.317,0.321,GOOG,,126,16.4,17.0,,False
95,AFL,AFLAC Incorporated,Financial Services,Insurance - Life,Core,58.2,116.07,121.54,17.5,17.4,10.0,0.0,ok,0.0,financial_na,,,False,44.9,15.3,8.9,-1.0,50.9,16.9,18.0,1.7,-8.9,-0.191,0.255,AVGO,,126,17.4,15.0,,False
96,MPWR,"Monolithic Power Systems, Inc.",Technology,Semiconductors,Growth,64.7,1316.28,1379.61,19.0,15.9,10.0,0.0,ok,0.0,ok,-1.39,,False,44.9,37.8,0.7,47.6,55.2,22.0,46.4,6.7,-1.4,0.449,0.543,AVGO,,126,15.9,14.0,,False
97,ADP,"Automatic Data Processing, Inc",Technology,Software - Application,Core,111.6,280.81,266.77,20.0,14.9,10.0,0.0,ok,0.0,ok,0.2,,False,44.9,21.0,4.7,6.8,48.7,72.2,62.1,19.7,25.4,-0.038,0.307,MSFT,,126,14.9,16.0,,False
98,KKR,KKR & Co. Inc.,Financial Services,Asset Management,Core,100.2,108.48,103.06,15.5,19.4,10.0,0.0,ok,0.0,financial_na,,,False,44.9,14.7,,7.8,54.8,7.3,52.7,2.3,5.7,0.36,0.309,BMNR,,126,19.4,15.0,,False
99,MO,"Altria Group, Inc.",Consumer Defensive,Tobacco,Core,110.4,66.09,70.22,19.0,16.4,10.0,0.0,ok,-0.5,ok,1.41,,False,44.9,11.3,8.2,1.2,87.2,,41.5,1.4,-14.8,-0.434,0.414,MSFT,,126,16.4,18.0,,False
100,IBM,International Business Machine,Technology,Information Technology Service,Core,222.0,235.68,247.36,20.0,17.4,10.0,0.0,ok,-2.5,ok,3.47,,False,44.9,17.9,5.4,1.1,58.1,34.5,60.5,-10.8,-5.9,0.146,0.349,MSFT,,126,17.4,16.0,,False
101,COF,Capital One Financial Corporat,Financial Services,Credit Services,Growth,133.7,217.91,207.89,18.0,16.8,10.0,0.0,ok,0.0,financial_na,,,False,44.8,9.1,,1111.0,0.0,9.0,50.3,5.1,2.5,0.349,0.304,BMNR,,126,16.8,16.0,,False
102,KLIC,"Kulicke and Soffa Industries, ",Technology,Semiconductor Equipment & Mate,Growth,4.5,85.75,105.39,16.5,18.3,10.0,0.0,ok,0.0,ok,-2.49,,False,44.8,14.5,1.3,122.6,52.6,13.2,45.1,11.7,12.3,0.387,0.469,NVDA,,126,18.3,14.0,,False
103,PRU,"Prudential Financial, Inc.",Financial Services,Insurance - Life,Core,41.8,121.15,116.56,18.0,16.8,10.0,0.0,ok,0.0,financial_na,,,False,44.8,8.2,18.0,14.1,29.0,12.0,43.7,13.6,7.9,0.146,0.202,BMNR,,126,16.8,14.0,,False
104,TER,"Teradyne, Inc.",Technology,Semiconductor Equipment & Mate,Growth,58.7,375.74,386.03,20.0,14.8,10.0,0.0,ok,0.0,ok,-0.17,,False,44.8,32.5,0.7,103.9,59.2,36.5,52.2,22.2,5.7,0.418,0.515,AVGO,,126,14.8,14.0,,False
105,MCO,Moody's Corporation,Financial Services,Financial Data & Stock Exchang,Core,87.2,503.32,478.21,20.5,14.3,10.0,0.0,ok,0.0,financial_na,,,False,44.8,26.6,3.0,15.1,75.0,76.9,64.8,6.9,3.4,0.186,0.357,MSFT,,126,14.3,16.0,,False
106,JPM,JP Morgan Chase & Co.,Financial Services,Banks - Diversified,Growth,934.6,351.58,343.94,19.0,15.8,10.0,0.0,ok,0.0,financial_na,,,False,44.8,14.1,,30.4,0.0,17.8,48.6,11.6,6.5,0.195,0.22,BMNR,,126,15.8,14.0,,False
107,XYL,Xylem Inc.,Industrials,Specialty Industrial Machinery,Core,26.5,113.42,117.79,16.0,18.7,10.0,0.0,ok,0.0,ok,0.9,,False,44.7,18.3,4.5,1.5,39.2,9.2,37.3,-9.9,-22.8,0.09,0.226,GOOG,,126,18.7,14.0,,False
108,BKNG,Booking Holdings Inc. Common S,Consumer Cyclical,Travel Services,Core,162.4,209.62,199.14,18.0,16.7,10.0,0.0,ok,0.0,ok,0.36,,False,44.7,16.9,4.8,8.1,87.2,,68.7,13.0,23.5,0.162,0.201,MSFT,,126,16.7,15.0,,False
109,BAC,Bank of America Corporation,Financial Services,Banks - Diversified,Core,431.4,61.69,60.52,17.5,17.2,10.0,0.0,ok,0.0,financial_na,,,False,44.7,11.6,,16.8,0.0,11.2,44.7,13.7,9.2,0.239,0.231,BMNR,,126,17.2,14.0,,False
110,CPAY,"Corpay, Inc.",Technology,Software - Infrastructure,Core,27.4,417.13,396.27,23.0,13.2,10.0,0.0,ok,-1.5,ok,2.7,,False,44.7,13.4,7.1,21.5,80.5,29.2,68.9,26.3,13.2,0.22,0.261,MSFT,,126,13.2,17.0,,False
111,FISV,"Fiserv, Inc.",,,Core,28.0,52.58,51.46,15.5,19.2,10.0,0.0,ok,,unavailable,,,False,44.7,6.4,,,,,44.7,-10.7,-22.2,0.124,0.329,MSFT,,126,19.2,12.5,,False
112,PG,Procter & Gamble Company (The),Consumer Defensive,Household & Personal Products,Core,336.9,144.68,147.61,18.5,16.6,10.0,0.0,ok,-0.5,ok,1.01,,False,44.6,19.6,3.9,1.5,50.9,30.3,49.0,-1.4,-24.0,-0.051,0.235,GOOG,,126,16.6,17.0,,False
113,APP,Applovin Corporation,Communication Services,Advertising Agencies,Growth,102.3,305.77,427.25,22.5,12.0,10.0,0.0,ok,0.0,ok,0.09,,True,44.5,14.6,3.1,52.8,88.5,203.7,22.1,-38.9,-31.9,0.414,0.362,BMNR,,126,16.0,15.0,,False
114,POOL,Pool Corporation,Industrials,Industrial Distribution,Speculative,6.8,187.98,199.9,17.0,19.0,10.0,0.0,ok,-1.5,ok,2.58,,False,44.5,15.9,3.1,2.2,29.6,31.3,43.9,-13.3,-25.0,0.113,0.181,GOOG,,126,19.0,14.0,,False
115,CCL,Carnival Corporation Ltd.,Consumer Cyclical,Travel Services,Core,35.2,25.73,27.84,19.0,18.0,10.0,0.0,ok,-2.5,ok,3.28,,False,44.5,9.8,5.4,5.3,55.7,26.7,29.9,-7.2,-27.1,0.397,0.442,GOOG,,126,18.0,14.0,,False
116,SNPS,"Synopsys, Inc.",Technology,Software - Infrastructure,Growth,76.2,397.87,420.09,20.0,18.0,10.0,0.0,ok,-3.5,ok,4.93,,False,44.5,23.0,4.6,41.9,82.6,3.8,54.1,-10.8,-17.7,0.443,0.369,NVDA,,126,18.0,17.0,,False
117,ODFL,"Old Dominion Freight Line, Inc",Industrials,Trucking,Core,42.8,206.47,221.3,18.5,15.9,10.0,0.0,ok,0.0,ok,-0.15,,False,44.4,31.1,2.3,10.4,39.6,24.8,44.8,6.7,-5.6,0.103,0.159,NVDA,,126,15.9,14.0,,False
118,INCY,Incyte Corporation,Healthcare,Biotechnology,Growth,25.9,127.81,121.42,23.0,11.4,10.0,0.0,ok,0.0,ok,-2.32,,False,44.4,14.3,4.6,37.7,55.7,30.7,74.5,23.3,14.5,-0.087,0.184,AVGO,,126,11.4,16.0,,False
119,LRCX,Lam Research Corporation,Technology,Semiconductor Equipment & Mate,Core,392.9,314.0,337.28,19.0,15.4,10.0,0.0,ok,0.0,ok,-0.17,,False,44.4,27.2,0.8,30.0,50.5,65.1,57.1,23.9,17.5,0.472,0.571,AVGO,,126,15.4,14.0,,False
120,MMM,3M Company,Industrials,Conglomerates,Core,92.3,178.96,170.01,21.0,13.9,10.0,0.0,ok,-0.5,ok,1.21,,False,44.4,18.3,6.9,2.5,39.4,81.9,54.5,11.7,-4.6,0.087,0.232,GOOG,,126,13.9,14.0,,False
121,MA,Mastercard Incorporated,Financial Services,Credit Services,Core,508.6,580.63,551.6,20.5,13.9,10.0,0.0,ok,0.0,financial_na,,,False,44.4,25.2,3.3,14.1,100.0,241.2,58.2,10.0,5.0,0.154,0.45,MSFT,,126,13.9,18.0,,False
122,EME,"EMCOR Group, Inc.",Industrials,Engineering & Construction,Core,34.3,776.62,797.42,18.0,16.4,10.0,0.0,ok,0.0,ok,-0.19,,False,44.4,21.1,2.9,19.8,19.4,40.3,38.5,3.1,-15.9,0.473,0.433,NVDA,,126,16.4,14.0,,False
123,FIS,Fidelity National Information ,Technology,Information Technology Service,Core,21.4,41.34,41.37,22.0,15.9,10.0,0.0,ok,-3.5,ok,5.82,,False,44.4,6.2,12.4,29.1,35.8,22.3,32.6,-18.2,-24.4,0.068,0.35,MSFT,,126,15.9,15.0,,False
124,V,Visa Inc.,Financial Services,Credit Services,Core,692.7,371.04,352.75,20.5,13.9,10.0,0.0,ok,0.0,financial_na,,,False,44.4,24.8,2.9,14.4,97.7,61.2,55.9,12.0,9.1,0.063,0.254,MSFT,,126,13.9,18.0,,False
125,AIG,"American International Group, ",Financial Services,Insurance - Diversified,Core,39.8,76.12,77.65,17.0,17.4,10.0,0.0,ok,0.0,financial_na,,,False,44.4,8.7,18.5,0.5,35.1,7.2,33.3,-1.3,-16.5,-0.06,0.193,NVDA,,126,17.4,14.0,,False
126,SYF,Synchrony Financial,Financial Services,Credit Services,Core,25.9,79.47,76.03,19.5,14.8,10.0,0.0,ok,0.0,financial_na,,,False,44.3,7.6,,0.6,0.0,20.8,56.6,6.6,3.6,0.352,0.328,BMNR,,126,14.8,16.0,,False
127,ROL,"Rollins, Inc.",Consumer Cyclical,Personal Services,Core,17.8,36.91,41.35,18.5,16.3,10.0,0.0,ok,-0.5,ok,1.16,,False,44.3,28.4,2.8,7.9,52.4,37.0,37.2,-30.6,-50.7,0.026,0.221,GOOG,,126,16.3,14.0,,False
128,GEN,Gen Digital Inc.,Technology,Software - Infrastructure,Core,17.3,28.93,27.48,22.0,14.8,10.0,0.0,ok,-2.5,ok,3.17,,False,44.3,8.8,8.9,6.3,78.0,41.9,55.3,19.2,22.1,0.336,0.404,MSFT,,126,14.8,17.0,,False
129,UNH,UnitedHealth Group Incorporate,Healthcare,Healthcare Plans,Core,350.2,390.11,413.79,15.5,19.3,10.0,0.0,ok,-0.5,ok,1.57,,False,44.3,17.4,6.9,0.4,19.7,14.2,31.4,12.5,27.0,0.095,0.115,MSFT,,126,19.3,15.0,,False
130,KEY,KeyCorp,Financial Services,Banks - Regional,Core,23.3,21.87,22.9,17.5,16.8,10.0,0.0,ok,0.0,financial_na,,,False,44.3,10.2,,10.1,0.0,10.3,34.1,3.6,-7.1,0.236,0.233,BMNR,,126,16.8,14.0,,False
131,PFG,Principal Financial Group Inc,Financial Services,Asset Management,Core,23.7,110.75,111.68,17.5,16.8,10.0,0.0,ok,0.0,financial_na,,,False,44.3,10.7,4.5,6.4,47.3,12.9,30.3,14.2,8.3,0.201,0.257,MSFT,,126,16.8,15.0,,False
132,HSY,The Hershey Company,Consumer Defensive,Confectioners,Core,37.5,186.46,178.54,20.0,14.7,10.0,0.0,ok,-0.5,ok,1.89,,False,44.2,18.9,4.7,6.6,38.4,32.8,66.6,-2.2,-29.1,-0.215,0.348,AVGO,,126,14.7,16.0,,False
133,PNC,"PNC Financial Services Group, ",Financial Services,Banks - Regional,Core,97.0,243.13,248.1,18.5,15.7,10.0,0.0,ok,0.0,financial_na,,,False,44.2,11.4,,23.6,0.0,12.6,35.6,10.3,-1.3,0.122,0.191,GOOG,,126,15.7,14.0,,False
134,GOOGL,Alphabet Inc.,Communication Services,Internet Content & Information,Core,4217.1,344.82,351.77,19.0,17.2,10.0,-2.0,ok,0.0,ok,-0.7,,False,44.2,23.3,0.5,24.2,60.9,48.7,25.6,3.6,-1.5,0.561,0.995,GOOG,,126,17.2,15.0,,False
135,FIX,"Comfort Systems USA, Inc.",Industrials,Engineering & Construction,Core,58.3,1655.61,1784.15,17.0,17.2,10.0,0.0,ok,0.0,ok,0.12,,False,44.2,27.5,3.2,1.0,25.7,55.3,39.7,13.4,5.0,0.411,0.436,AVGO,,126,17.2,14.0,,False
136,FDS,FactSet Research Systems Inc.,Financial Services,Financial Data & Stock Exchang,Core,10.7,299.91,284.91,20.0,14.1,10.0,0.0,ok,0.0,financial_na,,,False,44.1,15.2,5.8,6.4,51.4,27.0,70.6,21.3,46.2,0.024,0.342,MSFT,,126,14.1,15.0,,False
137,MRSH,Marsh,Financial Services,Insurance Brokers,Core,91.6,192.01,182.41,19.0,15.1,10.0,0.0,ok,0.0,financial_na,,,False,44.1,16.8,5.2,6.2,44.0,25.9,48.0,8.7,-3.2,-0.173,0.395,AVGO,,126,15.1,15.0,,False
138,BBY,"Best Buy Co., Inc.",Consumer Cyclical,Specialty Retail,Core,18.1,85.89,82.19,18.0,16.1,10.0,0.0,ok,0.0,ok,0.85,,False,44.1,12.1,6.3,1.9,22.5,39.1,51.4,21.9,26.8,0.061,0.081,MSFT,,126,16.1,11.0,,False
139,UPS,"United Parcel Service, Inc.",Industrials,Integrated Freight & Logistics,Core,86.8,102.01,108.4,18.5,16.0,10.0,0.0,ok,-0.5,ok,2.0,,False,44.0,12.6,6.4,7.6,22.4,29.6,36.1,-0.7,-22.1,0.131,0.161,GOOG,,126,16.0,14.0,,False
140,PATH,"UiPath, Inc.",Technology,Software - Infrastructure,Speculative,8.5,16.39,15.57,20.5,13.5,10.0,0.0,ok,0.0,ok,-9.9,,False,44.0,18.1,6.0,17.3,83.0,18.2,73.8,28.8,48.9,0.268,0.428,MSFT,,126,13.5,17.0,,False
141,APH,Amphenol Corporation,Technology,Electronic Components,Growth,193.6,157.01,160.92,19.0,15.5,10.0,0.0,ok,-0.5,ok,1.42,,False,44.0,24.2,2.0,55.0,39.0,38.1,43.4,8.7,-5.8,0.368,0.434,AVGO,,126,15.5,13.0,,False
142,HON,Honeywell International Inc.,Industrials,Conglomerates,Core,68.4,215.9,235.88,18.5,18.0,10.0,0.0,ok,-2.5,ok,3.03,,False,44.0,21.6,3.8,4.3,36.5,46.6,22.6,-2.2,-22.5,0.036,0.21,MSFT,,126,18.0,14.0,,False
143,FITB,Fifth Third Bancorp,Financial Services,Banks - Regional,Growth,49.7,54.82,56.49,18.0,15.7,10.0,0.0,ok,0.0,financial_na,,,False,43.7,11.1,,51.8,0.0,8.4,34.7,9.6,-3.2,0.143,0.174,GOOG,,126,15.7,14.0,,False
144,EXE,Expand Energy Corporation,Energy,Oil & Gas E&P,Cyclical,23.0,96.09,91.29,16.5,17.2,10.0,0.0,ok,0.0,ok,0.46,,False,43.7,10.8,6.4,-10.6,47.1,14.9,54.1,-5.1,-18.0,-0.063,0.127,AVGO,,126,17.2,13.0,,False
145,NTAP,"NetApp, Inc.",Technology,Software - Infrastructure,Core,37.7,192.27,182.66,20.5,13.2,10.0,0.0,ok,0.0,ok,-0.45,,False,43.7,19.2,3.4,12.5,70.7,106.7,59.0,52.0,80.0,0.283,0.306,AVGO,,126,13.2,17.0,,False
146,UHS,"Universal Health Services, Inc",Healthcare,Medical Care Facilities,Core,10.4,177.26,168.4,19.0,15.2,10.0,0.0,ok,-0.5,ok,1.9,,False,43.7,7.4,4.8,8.3,44.6,20.9,63.5,-6.0,-36.0,-0.003,0.165,GOOG,,126,15.2,16.0,,False
147,WFC,Wells Fargo & Company,Financial Services,Banks - Diversified,Core,253.5,83.84,86.03,16.5,17.1,10.0,0.0,ok,0.0,financial_na,,,False,43.6,10.6,,9.5,0.0,12.6,32.9,-0.8,-13.2,0.138,0.165,BMNR,,126,17.1,14.0,,False
148,MU,"Micron Technology, Inc.",Technology,Semiconductors,Growth,1091.9,966.78,964.59,20.0,13.6,10.0,0.0,ok,0.0,ok,-0.29,,False,43.6,6.2,0.7,345.7,72.6,66.6,68.8,69.3,117.5,0.403,0.508,AVGO,,126,13.6,15.0,,False
149,MAS,Masco Corporation,Industrials,Building Products & Equipment,Core,14.5,73.29,76.59,20.0,14.0,10.0,0.0,ok,-0.5,ok,1.95,,False,43.5,15.7,6.2,-2.9,37.2,5862.5,45.8,6.3,-13.0,0.261,0.276,BMNR,,126,14.0,14.0,,False
150,NTRS,Northern Trust Corporation,Financial Services,Asset Management,Growth,33.6,183.9,181.44,17.5,16.0,10.0,0.0,ok,0.0,financial_na,,,False,43.5,14.5,,36.4,0.0,17.1,53.9,18.5,19.5,0.286,0.255,NVDA,,126,16.0,14.0,,False
151,CL,Colgate-Palmolive Company,Consumer Defensive,Household & Personal Products,Core,72.6,91.08,91.77,21.0,13.0,10.0,0.0,ok,-0.5,ok,1.29,,False,43.5,22.2,4.8,4.9,60.4,267.4,54.7,5.1,-17.9,-0.105,0.234,AVGO,,126,13.0,18.0,,False
152,KLAC,KLA Corporation,Technology,Semiconductor Equipment & Mate,Core,240.4,183.99,263.48,18.0,15.5,10.0,0.0,ok,0.0,ok,0.21,,False,43.5,27.9,1.1,15.2,61.3,87.5,50.9,-84.7,-99.9,0.188,0.271,AVGO,,126,15.5,15.0,,False
153,BR,Broadridge Financial Solutions,Technology,Information Technology Service,Core,21.1,182.18,173.07,20.0,13.9,10.0,0.0,ok,-0.5,ok,1.72,,False,43.4,15.7,5.7,7.5,31.8,40.9,73.9,2.0,-8.0,0.069,0.363,MSFT,,126,13.9,15.0,,False
154,PLTR,Palantir Technologies Inc.,Technology,Software - Infrastructure,Growth,432.4,179.94,170.94,20.0,13.4,10.0,0.0,ok,0.0,ok,-3.45,,False,43.4,77.8,0.5,92.8,84.8,38.1,79.0,18.8,25.5,0.466,0.413,MSFT,,126,13.4,17.0,,False
155,STZ,"Constellation Brands, Inc.",Consumer Defensive,Beverages - Brewers,Core,23.2,135.66,135.5,20.0,15.8,10.0,0.0,ok,-2.5,ok,3.02,,False,43.3,10.9,9.5,-3.3,52.7,23.7,57.7,-5.9,-26.6,-0.105,0.189,AVGO,,126,15.8,17.0,,False
156,SYK,Stryker Corporation,Healthcare,Medical Devices,Core,126.4,329.45,326.6,17.0,16.8,10.0,0.0,ok,-0.5,ok,1.62,,False,43.3,19.7,3.3,9.4,65.6,16.5,39.7,-3.1,-26.4,-0.069,0.235,AVGO,,126,16.8,17.0,,False
157,USB,U.S. Bancorp,Financial Services,Banks - Regional,Core,96.7,62.05,62.34,17.5,15.8,10.0,0.0,ok,0.0,financial_na,,,False,43.3,10.7,,10.4,0.0,12.6,34.8,11.6,0.1,0.171,0.212,GOOG,,126,15.8,14.0,,False
158,OXY,Occidental Petroleum Corporati,Energy,Oil & Gas E&P,Growth,61.3,61.3,58.23,22.5,10.7,10.0,0.0,ok,0.0,ok,0.76,,False,43.2,16.1,6.2,53.4,73.3,10.6,73.2,19.4,5.2,-0.315,0.346,GOOG,,126,10.7,14.0,,False
159,FANG,"Diamondback Energy, Inc.",Energy,Oil & Gas E&P,Growth,59.3,210.72,200.18,21.0,12.7,10.0,0.0,ok,-0.5,ok,1.03,,False,43.2,11.7,8.5,52.5,72.4,3.5,62.4,19.1,10.4,-0.236,0.282,GOOG,,126,12.7,14.0,,False
160,CB,Chubb Limited,Financial Services,Insurance - Property & Casualt,Core,131.6,340.99,345.31,18.5,14.7,10.0,0.0,ok,0.0,financial_na,,,False,43.2,11.7,8.0,6.1,31.1,14.8,39.3,5.4,-9.7,-0.38,0.408,AVGO,,126,14.7,14.0,,False
161,DAL,"Delta Air Lines, Inc.",Industrials,Airlines,Core,54.2,82.41,87.62,17.0,17.7,10.0,0.0,ok,-1.5,ok,2.19,,False,43.2,9.4,5.2,18.7,18.7,20.1,27.2,13.0,11.6,0.352,0.33,GOOG,,126,17.7,14.0,,False
162,HAS,"Hasbro, Inc.",Consumer Cyclical,Leisure,Core,13.2,93.54,88.86,22.0,11.6,10.0,0.0,ok,-0.5,ok,1.92,,False,43.1,14.3,5.2,16.2,63.8,159.6,57.5,5.7,-17.0,0.135,0.163,GOOG,,126,11.6,13.0,,False
163,ALLE,Allegion plc,Industrials,Security & Protection Services,Core,13.8,162.31,154.19,19.5,14.1,10.0,0.0,ok,-0.5,ok,1.81,,False,43.1,16.6,3.5,12.7,44.8,33.7,51.9,7.3,-9.6,0.045,0.113,NVDA,,126,14.1,17.0,,False
164,BLK,"BlackRock, Inc.",Financial Services,Asset Management,Growth,187.9,1156.55,1098.72,20.5,12.6,10.0,0.0,ok,0.0,financial_na,,,False,43.1,18.0,4.0,30.6,47.2,12.3,59.5,9.9,-3.6,0.435,0.409,GOOG,,126,12.6,15.0,,False
165,PLAB,"Photronics, Inc.",Technology,Semiconductor Equipment & Mate,Speculative,1.8,30.51,30.93,15.0,18.0,10.0,0.0,ok,0.0,ok,-2.31,,False,43.0,15.1,2.2,-0.5,33.8,13.2,44.8,-13.3,-29.8,0.335,0.416,AVGO,,126,18.0,13.0,,False
166,AOS,A.O. Smith Corporation,Industrials,Specialty Industrial Machinery,Speculative,8.6,63.08,61.0,18.0,15.0,10.0,0.0,ok,0.0,ok,0.63,,False,43.0,15.4,5.7,-0.7,38.6,27.1,58.0,-3.2,-30.7,0.101,0.213,NVDA,,124,15.0,14.0,,False
167,GE,GE Aerospace,Industrials,Aerospace & Defense,Core,361.5,348.37,359.77,18.0,15.0,10.0,0.0,ok,0.0,ok,0.9,,False,43.0,38.4,1.8,21.1,31.1,48.2,37.8,9.1,-9.3,0.251,0.378,GOOG,,126,15.0,14.0,,False
168,PGR,Progressive Corporation (The),Financial Services,Insurance - Property & Casualt,Core,127.5,219.28,214.99,19.5,13.5,10.0,0.0,ok,0.0,financial_na,,,False,43.0,13.5,11.9,7.3,18.5,34.9,61.5,5.6,-4.5,-0.318,0.381,AVGO,,126,13.5,14.0,,False
169,JBL,Jabil Inc.,Technology,Electronic Components,Core,32.8,313.21,341.28,16.5,17.0,10.0,0.0,ok,-0.5,ok,1.08,,False,43.0,18.6,3.7,11.8,9.2,65.9,48.2,8.8,7.7,0.461,0.542,AVGO,,126,17.0,13.0,,False
170,ROP,"Roper Technologies, Inc.",Technology,Software - Application,Core,40.7,411.79,391.2,18.5,16.9,10.0,0.0,ok,-2.5,ok,3.38,,False,42.9,17.0,5.6,8.5,69.5,13.1,67.2,9.3,10.7,-0.088,0.276,NVDA,,126,16.9,17.0,,False
171,KMB,Kimberly-Clark Corporation,Consumer Defensive,Household & Personal Products,Core,36.3,109.31,108.63,18.5,14.9,10.0,0.0,ok,-0.5,ok,1.6,,False,42.9,14.6,2.6,0.6,37.6,104.9,54.2,6.9,-12.1,-0.089,0.176,GOOG,,126,14.9,16.0,,False
172,ACGL,Arch Capital Group Ltd.,Financial Services,Insurance - Diversified,Core,33.9,99.39,98.72,16.5,16.4,10.0,0.0,ok,0.0,financial_na,,,False,42.9,10.2,12.7,-10.5,38.8,19.9,40.3,3.9,-11.5,-0.278,0.403,AVGO,,126,16.4,14.0,,False
173,NKE,"Nike, Inc.",Consumer Cyclical,Footwear & Accessories,Core,60.5,40.76,42.49,16.5,16.3,10.0,0.0,ok,0.0,ok,0.41,,False,42.8,17.8,3.1,-1.1,43.2,22.1,41.5,-22.2,-47.2,0.193,0.215,MSFT,,126,16.3,12.0,,False
174,RMD,ResMed Inc.,Healthcare,Medical Instruments & Supplies,Core,33.4,231.52,219.94,18.5,14.3,10.0,0.0,ok,0.0,ok,-0.31,,False,42.8,17.5,2.8,8.6,61.6,24.3,64.0,1.3,-23.2,0.022,0.296,GOOG,,126,14.3,17.0,,False
175,INTU,Intuit Inc.,Technology,Software - Application,Core,100.4,367.0,348.65,21.0,11.8,10.0,0.0,ok,0.0,ok,0.02,,False,42.8,13.4,5.2,10.4,80.8,22.5,72.0,-16.8,-9.8,0.121,0.352,MSFT,,126,11.8,17.0,,False
176,WSM,"Williams-Sonoma, Inc.",Consumer Cyclical,Specialty Retail,Core,28.0,237.58,232.04,18.5,14.2,10.0,0.0,ok,0.0,ok,0.51,,False,42.7,23.0,3.2,4.4,46.1,54.0,47.1,17.7,5.9,0.227,0.23,GOOG,,126,14.2,12.0,,False
177,WTW,Willis Towers Watson Public Li,Financial Services,Insurance Brokers,Core,31.8,341.99,324.89,17.5,15.1,10.0,0.0,ok,0.0,financial_na,,,False,42.6,14.9,4.5,9.1,42.5,19.8,50.4,14.5,5.5,0.025,0.454,MSFT,,126,15.1,15.0,,False
178,VLTO,Veralto Corp,Industrials,Pollution & Treatment Controls,Core,24.1,98.77,93.83,19.5,13.6,10.0,0.0,ok,-0.5,ok,1.06,,False,42.6,20.6,3.4,7.5,60.2,34.3,63.3,5.8,-5.4,-0.041,0.139,AVGO,,126,13.6,16.0,,False
179,MGM,MGM Resorts International,Consumer Cyclical,Resorts & Casinos,Core,11.0,43.74,46.0,18.5,19.1,10.0,0.0,ok,-5.0,ok,12.25,,False,42.6,21.1,8.0,1.0,44.2,18.9,44.2,11.9,15.5,0.22,0.24,MSFT,,126,19.1,12.0,,False
180,SPG,"Simon Property Group, Inc.",Real Estate,REIT - Retail,Core,82.9,218.29,223.03,20.5,15.5,10.0,0.0,ok,-3.5,ok,5.54,,False,42.5,32.6,3.1,19.5,81.4,120.5,29.3,9.7,-1.9,-0.075,0.184,GOOG,,126,15.5,17.0,,False
181,HOOD,"Robinhood Markets, Inc.",Financial Services,Capital Markets,Growth,97.2,108.13,102.72,18.5,16.0,10.0,-2.0,ok,0.0,financial_na,,,False,42.5,33.3,,32.3,91.9,23.6,71.1,12.5,38.4,0.548,0.591,BMNR,,126,16.0,16.0,,False
182,WM,"Waste Management, Inc.",Industrials,Waste Management,Core,89.6,224.06,227.87,17.5,16.4,10.0,0.0,ok,-1.5,ok,2.93,,False,42.4,24.6,2.6,4.0,40.6,29.8,42.6,0.1,-14.7,-0.394,0.373,NVDA,,126,16.4,15.0,,False
183,HWM,Howmet Aerospace Inc.,Industrials,Aerospace & Defense,Core,108.3,271.68,278.17,18.0,14.9,10.0,0.0,ok,-0.5,ok,1.47,,False,42.4,42.4,1.1,24.1,36.0,34.7,35.7,11.9,-6.5,0.243,0.334,GOOG,,126,14.9,14.0,,False
184,C,"Citigroup, Inc.",Financial Services,Banks - Diversified,Core,220.8,131.65,137.08,16.0,16.4,10.0,0.0,ok,0.0,financial_na,,,False,42.4,10.2,,15.5,0.0,8.5,46.2,8.8,7.2,0.403,0.339,NVDA,,126,16.4,14.0,,False
185,IBKR,"Interactive Brokers Group, Inc",Financial Services,Capital Markets,Core,159.9,93.87,91.8,20.0,14.3,10.0,-2.0,ok,0.0,financial_na,,,False,42.3,29.5,,26.3,93.0,24.0,63.4,20.9,19.1,0.6,0.56,BMNR,,126,14.3,16.0,,False
186,L,Loews Corporation,Financial Services,Insurance - Property & Casualt,Core,22.5,109.83,113.57,16.0,16.3,10.0,0.0,ok,0.0,financial_na,,,False,42.3,37.9,5.6,3.9,36.3,9.3,8.1,1.3,-11.1,-0.158,0.202,AVGO,,126,16.3,14.0,,False
187,SNA,Snap-On Incorporated,Industrials,Tools & Accessories,Core,20.3,393.39,402.61,17.5,14.8,10.0,0.0,ok,0.0,ok,-0.24,,False,42.3,18.4,5.5,4.2,51.8,17.9,31.7,5.5,-9.5,0.123,0.262,GOOG,,126,14.8,15.0,,False
188,ESTC,Elastic N.V.,Technology,Software - Application,Speculative,9.0,85.94,81.64,21.0,11.3,10.0,0.0,ok,0.0,neg_ebitda_low_debt,,,False,42.3,22.2,5.1,16.0,76.2,33.4,79.4,34.5,48.9,0.352,0.5,MSFT,,126,11.3,17.0,,False
189,EMR,Emerson Electric Company,Industrials,Specialty Industrial Machinery,Core,88.1,157.26,149.4,18.5,14.3,10.0,0.0,ok,-0.5,ok,1.92,,False,42.3,21.7,4.2,7.0,53.2,12.8,53.6,11.5,-3.7,0.348,0.358,NVDA,,126,14.3,15.0,,False
190,GRMN,Garmin Ltd.,Technology,Scientific & Technical Instrum,Core,56.9,294.85,280.11,17.0,15.3,10.0,0.0,ok,0.0,ok,-1.06,,False,42.3,26.8,1.8,11.4,60.1,21.9,39.2,26.2,7.5,0.18,0.173,GOOG,,126,15.3,15.0,,False
191,DASH,"DoorDash, Inc.",Consumer Cyclical,Internet Retail,Growth,96.8,223.49,212.32,18.0,14.2,10.0,0.0,ok,0.0,ok,-1.42,,False,42.2,28.2,5.3,35.6,52.2,8.9,75.9,19.2,23.5,0.433,0.482,MSFT,,126,14.2,12.0,,False
192,PEP,"Pepsico, Inc.",Consumer Defensive,Beverages - Non-Alcoholic,Core,196.0,143.48,140.05,18.5,15.2,10.0,0.0,ok,-1.5,ok,2.25,,False,42.2,16.0,4.0,6.4,54.2,51.5,62.9,-3.2,-26.2,-0.152,0.308,AVGO,,126,15.2,17.0,,False
193,NVR,"NVR, Inc.",Consumer Cyclical,Residential Construction,Core,16.9,6358.51,6439.86,16.5,15.7,10.0,0.0,ok,0.0,ok,-0.0,,False,42.2,15.4,5.4,-10.9,21.8,31.5,56.3,-7.2,-27.0,0.011,0.162,GOOG,,126,15.7,11.0,,False
194,DXCM,"DexCom, Inc.",Healthcare,Medical Devices,Core,34.8,92.34,87.72,20.5,11.6,10.0,0.0,ok,0.0,ok,-0.39,,False,42.1,29.6,2.9,13.1,62.5,38.5,62.7,33.2,13.8,0.204,0.272,GOOG,,126,11.6,17.0,,False
195,CVNA,Carvana Co.,Consumer Cyclical,Auto & Truck Dealerships,Growth,104.0,69.91,67.33,16.0,16.6,10.0,0.0,ok,-0.5,ok,1.02,,False,42.1,31.0,0.4,52.4,19.4,58.8,55.4,-3.6,-4.7,0.353,0.383,GOOG,,126,16.6,11.0,,False
196,TMUS,"T-Mobile US, Inc.",Communication Services,Telecom Services,Core,196.3,183.04,181.73,18.5,16.1,10.0,0.0,ok,-2.5,ok,3.42,,False,42.1,12.7,5.8,7.9,63.1,18.0,59.4,-6.4,-28.6,-0.142,0.202,NVDA,,126,16.1,17.0,,False
197,JKHY,"Jack Henry & Associates, Inc.",Technology,Information Technology Service,Core,11.8,166.2,157.89,17.0,15.1,10.0,0.0,ok,0.0,ok,0.14,,False,42.1,21.2,,4.7,43.9,23.6,63.6,4.4,-5.1,-0.015,0.275,MSFT,,126,15.1,16.0,,False
198,DOV,Dover Corporation,Industrials,Specialty Industrial Machinery,Core,27.2,201.92,212.59,16.0,16.1,10.0,0.0,ok,0.0,ok,0.79,,False,42.1,17.3,3.3,6.9,40.1,14.9,40.3,-3.4,-24.5,0.24,0.271,GOOG,,126,16.1,15.0,,False
199,ADI,"Analog Devices, Inc.",Technology,Semiconductors,Growth,181.7,373.09,388.61,19.0,13.1,10.0,0.0,ok,0.0,ok,0.99,,False,42.1,22.8,2.3,39.6,65.8,12.2,57.2,9.3,-6.9,0.346,0.511,AVGO,,126,13.1,15.0,,False
200,HST,"Host Hotels & Resorts, Inc.",Real Estate,REIT - Hotel & Motel,Core,16.1,23.21,24.0,17.0,16.6,10.0,0.0,ok,-1.5,ok,2.18,,False,42.1,22.1,10.5,3.6,29.2,15.6,28.7,13.1,6.5,0.127,0.252,GOOG,,126,16.6,15.0,,False
201,PAYX,"Paychex, Inc.",Technology,Software - Application,Core,44.3,124.47,118.25,18.5,15.1,10.0,0.0,ok,-1.5,ok,2.17,,False,42.1,19.5,,12.5,67.2,,64.6,21.8,32.0,-0.03,0.305,MSFT,,126,15.1,17.0,,False
202,CIEN,Ciena Corporation,Technology,Communication Equipment,Growth,56.0,395.79,421.55,15.5,16.5,10.0,0.0,ok,0.0,ok,0.48,,False,42.0,40.9,1.3,39.5,43.0,15.5,51.2,7.4,2.5,0.333,0.511,AVGO,,126,16.5,14.0,,False
203,LII,"Lennox International, Inc.",Industrials,Building Products & Equipment,Core,13.9,402.87,501.63,16.0,16.5,10.0,0.0,ok,-0.5,ok,1.68,,False,42.0,15.3,2.0,3.0,33.3,71.8,34.4,-19.7,-39.4,0.178,0.263,NVDA,,126,16.5,14.0,,False
204,LHX,"L3Harris Technologies, Inc.",Industrials,Aerospace & Defense,Growth,49.7,266.73,290.18,18.0,16.5,10.0,0.0,ok,-2.5,ok,3.23,,False,42.0,19.8,,190.0,30.4,,40.6,-15.3,-36.9,-0.144,0.177,MSFT,,126,16.5,14.0,,False
205,ITW,Illinois Tool Works Inc.,Industrials,Specialty Industrial Machinery,Core,80.4,282.29,277.4,18.5,14.0,10.0,0.0,ok,-0.5,ok,1.84,,False,42.0,22.8,3.0,6.1,44.2,104.6,38.8,6.9,-15.4,0.023,0.188,NVDA,,126,14.0,15.0,,False
206,KR,Kroger Company (The),Consumer Defensive,Grocery Stores,Core,35.5,57.9,58.16,15.5,17.9,10.0,0.0,ok,-1.5,ok,2.64,,False,41.9,10.4,8.4,2.2,24.0,13.8,47.9,-9.6,-27.0,-0.333,0.351,AVGO,,126,17.9,16.0,,False
207,INVH,Invitation Homes Inc.,Real Estate,REIT - Residential,Core,17.9,30.11,29.86,19.0,16.4,10.0,0.0,ok,-3.5,ok,5.65,,False,41.9,44.1,6.5,10.1,56.3,7.1,42.8,9.0,6.5,-0.12,0.299,AVGO,,126,16.4,16.0,,False
208,TRMB,Trimble Inc.,Technology,Scientific & Technical Instrum,Core,14.0,60.25,57.24,17.0,15.4,10.0,0.0,ok,-0.5,ok,1.41,,False,41.9,14.6,4.9,11.0,71.8,-1.9,58.1,-8.4,-20.1,0.329,0.349,MSFT,,126,15.4,15.0,,False
209,TDG,Transdigm Group Incorporated,Industrials,Aerospace & Defense,Core,67.1,1200.35,1266.24,18.5,18.4,10.0,0.0,ok,-5.0,ok,6.03,,False,41.9,24.8,2.2,22.5,59.8,,30.6,-5.9,-19.6,0.177,0.339,GOOG,,126,18.4,15.0,,False
210,MTB,M&T Bank Corporation,Financial Services,Banks - Regional,Core,34.8,240.34,243.11,16.5,15.4,10.0,0.0,ok,0.0,financial_na,,,False,41.9,11.4,,6.2,0.0,10.7,34.2,10.6,-3.3,0.108,0.193,GOOG,,126,15.4,14.0,,False
211,VEEV,Veeva Systems Inc.,Healthcare,Health Information Services,Core,40.3,247.9,235.5,18.0,13.9,10.0,0.0,ok,0.0,ok,-7.03,,False,41.9,24.7,3.1,16.3,75.0,13.9,77.2,24.1,31.8,0.218,0.451,MSFT,,126,13.9,19.0,,False
212,CFG,"Citizens Financial Group, Inc.",Financial Services,Banks - Regional,Core,29.4,69.86,71.08,16.0,15.9,10.0,0.0,ok,0.0,financial_na,,,False,41.9,10.7,,14.7,0.0,8.3,35.4,11.4,0.4,0.201,0.207,BMNR,,126,15.9,14.0,,False
213,HD,"Home Depot, Inc. (The)",Consumer Cyclical,Home Improvement Retail,Core,334.6,335.61,340.08,17.0,16.4,10.0,0.0,ok,-1.5,ok,2.39,,False,41.9,20.9,3.3,5.7,33.2,104.3,46.7,-2.6,-22.6,0.141,0.27,GOOG,,126,16.4,11.0,,False
214,PWR,"Quanta Services, Inc.",Industrials,Engineering & Construction,Growth,96.1,639.34,671.76,16.0,17.4,10.0,0.0,ok,-1.5,ok,2.0,,False,41.9,32.6,2.0,41.1,15.5,15.3,40.2,10.4,4.2,0.366,0.356,AVGO,,126,17.4,14.0,,False
215,SCHW,Charles Schwab Corporation (Th,Financial Services,Capital Markets,Core,194.2,112.3,106.69,21.5,10.4,10.0,0.0,ok,0.0,financial_na,,,False,41.9,14.4,,20.9,97.5,20.3,75.4,16.6,9.3,0.122,0.207,MSFT,,126,10.4,16.0,,False
216,CAT,"Caterpillar, Inc.",Industrials,Farm & Heavy Construction Mach,Core,380.6,827.9,905.55,18.0,15.4,10.0,0.0,ok,-1.5,ok,2.41,,False,41.9,25.6,1.3,24.0,29.7,57.0,49.5,8.9,-2.6,0.3,0.463,AVGO,,126,15.4,14.0,,False
217,CVX,Chevron Corporation,Energy,Oil & Gas Integrated,Growth,402.7,205.27,195.01,20.5,11.3,10.0,0.0,ok,0.0,ok,0.56,,False,41.8,15.5,5.4,53.5,44.3,12.2,68.8,15.4,-1.2,-0.34,0.343,NVDA,,126,11.3,13.0,,False
218,CDW,CDW Corporation,Technology,Information Technology Service,Core,17.2,137.25,136.36,15.5,18.8,10.0,0.0,ok,-2.5,ok,3.02,,False,41.8,11.5,3.9,10.0,21.4,44.0,40.2,4.5,-0.2,0.128,0.209,MSFT,,126,18.8,15.0,,False
219,RF,Regions Financial Corporation,Financial Services,Banks - Regional,Core,25.9,30.41,30.64,16.5,15.3,10.0,0.0,ok,0.0,financial_na,,,False,41.8,10.7,,3.4,0.0,11.9,34.3,8.4,-5.3,0.164,0.214,GOOG,,126,15.3,14.0,,False
220,AMD,"Advanced Micro Devices, Inc.",Technology,Semiconductors,Growth,772.6,473.25,510.23,16.5,15.3,10.0,0.0,ok,0.0,ok,-0.92,,False,41.8,30.6,1.1,50.1,55.7,10.2,47.1,43.5,128.5,0.486,0.528,AVGO,,126,15.3,14.0,,False
221,AKAM,"Akamai Technologies, Inc.",Technology,Software - Infrastructure,Core,15.9,110.42,119.73,16.0,19.3,10.0,0.0,ok,-3.5,ok,5.54,,False,41.8,15.4,4.5,5.4,57.5,8.9,42.6,1.9,-0.4,0.234,0.269,AVGO,,126,19.3,16.0,,False
222,LLY,Eli Lilly and Company,Healthcare,Drug Manufacturers - General,Growth,1119.0,1255.4,1192.63,20.0,12.2,10.0,0.0,ok,-0.5,ok,1.1,,False,41.7,26.6,1.0,47.7,83.4,102.3,69.5,19.4,6.6,-0.087,0.187,GOOG,,126,12.2,17.0,,False
223,APA,APA Corporation,Energy,Oil & Gas E&P,Cyclical,15.2,43.39,41.22,21.0,10.7,10.0,0.0,ok,0.0,ok,0.6,,False,41.7,10.3,14.1,9.2,78.3,26.7,71.7,33.7,39.9,-0.35,0.329,NVDA,,126,10.7,14.0,,False
224,SHW,Sherwin-Williams Company (The),Basic Materials,Specialty Chemicals,Cyclical,84.1,346.59,339.44,18.5,15.7,10.0,0.0,ok,-2.5,ok,3.13,,False,41.7,25.5,3.0,7.5,49.0,65.1,44.8,3.9,-16.9,0.202,0.307,GOOG,,126,15.7,12.0,,False
225,PSA,Public Storage,Real Estate,REIT - Industrial,Core,60.2,322.49,322.32,18.5,14.7,10.0,0.0,ok,-1.5,ok,2.89,,False,41.7,31.6,3.9,3.3,74.4,21.9,42.7,9.6,-5.5,-0.036,0.207,GOOG,,126,14.7,17.0,,False
226,TTWO,"Take-Two Interactive Software,",Communication Services,Electronic Gaming & Multimedia,Core,44.8,239.62,240.56,13.5,18.6,10.0,0.0,ok,-0.5,ok,1.46,,False,41.6,23.3,2.8,2.0,57.1,-9.0,45.8,4.8,10.3,0.3,0.334,MSFT,,126,18.6,14.0,,False
227,NUE,Nucor Corporation,Basic Materials,Steel,Cyclical,55.3,243.63,248.15,14.0,17.6,10.0,0.0,ok,0.0,ok,0.78,,False,41.6,12.7,1.2,23.0,15.6,14.5,36.3,21.7,24.4,0.183,0.248,AVGO,,126,17.6,11.0,,False
228,ACN,Accenture plc,Technology,Information Technology Service,Core,113.4,185.28,176.02,18.5,13.1,10.0,0.0,ok,0.0,ok,-0.14,,False,41.6,12.6,10.7,5.6,32.0,24.4,72.4,-9.5,-19.4,-0.026,0.28,MSFT,,126,13.1,15.0,,False
229,AIZ,"Assurant, Inc.",Financial Services,Insurance - Property & Casualt,Core,14.0,284.04,275.87,15.5,16.1,10.0,0.0,ok,0.0,financial_na,,,False,41.6,12.2,15.3,9.4,13.3,18.3,51.5,17.2,17.8,0.029,0.102,BMNR,,126,16.1,14.0,,False
230,TTD,"The Trade Desk, Inc.",Communication Services,Advertising Agencies,Speculative,6.2,13.18,17.5,19.5,12.0,10.0,0.0,ok,0.0,ok,-1.51,,True,41.5,13.2,9.4,3.0,76.9,15.4,24.3,-50.3,-57.7,0.192,0.289,MSFT,,126,16.0,15.0,,False
231,ALB,Albemarle Corporation,Basic Materials,Specialty Chemicals,Growth,16.9,143.25,136.09,19.0,12.5,10.0,0.0,ok,0.0,ok,0.25,,False,41.5,12.5,7.9,31.1,24.0,2.6,79.7,-7.5,-31.3,0.264,0.263,BMNR,,126,12.5,11.0,,False
232,CMG,"Chipotle Mexican Grill, Inc.",Consumer Cyclical,Restaurants,Core,46.7,36.9,35.06,18.5,14.5,10.0,0.0,ok,-1.5,ok,2.08,,False,41.5,27.0,2.4,9.3,39.4,49.6,47.8,6.9,-11.4,0.21,0.357,MSFT,,126,14.5,11.0,,False
233,CTSH,Cognizant Technology Solutions,Technology,Information Technology Service,Core,29.3,61.87,58.78,18.5,13.0,10.0,0.0,ok,0.0,ok,0.26,,False,41.5,9.8,7.6,4.5,33.4,14.9,74.7,-1.5,-10.3,-0.007,0.304,MSFT,,126,13.0,15.0,,False
234,DDOG,"Datadog, Inc.",Technology,Software - Application,Growth,84.6,235.62,249.42,15.0,16.4,10.0,0.0,ok,0.0,ok,-44.73,,False,41.4,79.4,1.2,35.6,79.5,4.7,38.5,35.2,117.4,0.252,0.331,MSFT,,126,16.4,17.0,,False
235,IONQ,"IonQ, Inc.",Technology,Computer Hardware,Growth,18.2,44.86,44.54,11.0,20.4,10.0,0.0,ok,0.0,neg_ebitda_low_debt,,,False,41.4,,-0.5,286.8,,-60.5,62.1,-0.0,33.5,0.488,0.439,BMNR,,126,20.4,13.0,,False
236,TFC,Truist Financial Corporation,Financial Services,Banks - Regional,Core,61.6,50.42,51.33,15.0,16.4,10.0,0.0,ok,0.0,financial_na,,,False,41.4,10.1,,8.2,0.0,9.1,37.9,3.2,-10.5,0.107,0.158,GOOG,,126,16.4,14.0,,False
237,WMT,Walmart Inc.,Consumer Defensive,Discount Stores,Core,825.3,103.7,113.6,13.5,18.4,10.0,0.0,ok,-0.5,ok,1.31,,False,41.4,31.7,1.1,5.9,25.2,22.3,32.8,-12.3,-29.5,-0.152,0.165,AVGO,,126,18.4,16.0,,False
238,VST,Vistra Corp.,Utilities,Utilities - Independent Power ,Core,45.7,136.21,153.35,15.0,18.9,10.0,0.0,ok,-2.5,ok,3.02,,False,41.4,13.1,0.1,-5.5,38.3,43.0,26.1,-14.7,-31.0,0.268,0.263,AVGO,,126,18.9,18.0,,False
239,BMY,Bristol-Myers Squibb Company,Healthcare,Drug Manufacturers - General,Core,136.9,67.01,63.66,21.0,10.9,10.0,0.0,ok,-0.5,ok,1.8,,False,41.4,10.2,5.9,5.7,71.7,46.6,55.3,18.1,-1.7,-0.021,0.225,AVGO,,126,10.9,17.0,,False
240,CHRW,"C.H. Robinson Worldwide, Inc.",Industrials,Integrated Freight & Logistics,Core,16.5,141.63,175.82,16.5,15.3,10.0,0.0,ok,-0.5,ok,1.95,,False,41.3,18.9,2.9,19.3,8.4,37.1,42.3,-17.9,-32.0,-0.071,0.191,MSFT,,126,15.3,14.0,,False
241,EPAM,"EPAM Systems, Inc.",Technology,Information Technology Service,Speculative,5.7,110.34,104.82,17.0,14.3,10.0,0.0,ok,0.0,ok,-0.85,,False,41.3,7.8,11.4,4.5,29.5,11.2,53.2,-21.9,-27.3,-0.009,0.232,NVDA,,126,14.3,15.0,,False
242,UAL,"United Airlines Holdings, Inc.",Industrials,Airlines,Core,36.7,113.17,123.53,17.0,15.8,10.0,0.0,ok,-1.5,ok,2.4,,False,41.3,7.3,2.5,16.0,31.8,23.3,28.5,5.3,-6.6,0.371,0.32,GOOG,,126,15.8,14.0,,False
243,TXT,Textron Inc.,Industrials,Aerospace & Defense,Core,14.4,82.95,89.76,13.0,18.7,10.0,0.0,ok,-0.5,ok,1.65,,False,41.2,11.4,3.1,3.0,17.6,12.1,38.7,-7.9,-28.3,0.145,0.177,BMNR,,126,18.7,14.0,,False
244,PPG,"PPG Industries, Inc.",Basic Materials,Specialty Chemicals,Cyclical,25.3,113.63,117.18,17.5,15.2,10.0,0.0,ok,-1.5,ok,2.17,,False,41.2,13.1,4.4,7.2,41.2,19.3,49.1,3.4,-21.0,0.277,0.312,BMNR,,126,15.2,12.0,,False
245,PNR,Pentair plc.,Industrials,Specialty Industrial Machinery,Core,10.4,64.4,69.61,15.5,16.2,10.0,0.0,ok,-0.5,ok,1.62,,False,41.2,12.4,5.4,-17.0,41.4,17.1,42.0,-26.6,-48.7,0.152,0.218,NVDA,,126,16.2,15.0,,False
246,EW,Edwards Lifesciences Corporati,Healthcare,Medical Devices,Core,51.7,89.79,88.99,16.5,14.7,10.0,0.0,ok,0.0,ok,-1.78,,False,41.2,26.6,2.4,13.6,77.8,9.2,53.8,6.1,-3.3,0.25,0.291,GOOG,,126,14.7,17.0,,False
247,UDR,"UDR, Inc.",Real Estate,REIT - Residential,Core,14.0,37.77,38.96,17.5,17.1,10.0,0.0,ok,-3.5,ok,5.76,,False,41.1,67.4,5.6,-0.1,66.6,13.7,39.2,3.1,-9.9,-0.142,0.314,AVGO,,126,17.1,17.0,,False
248,FOX,Fox Corporation,Communication Services,Entertainment,Core,25.6,61.05,58.0,18.0,13.1,10.0,0.0,ok,0.0,ok,0.87,,False,41.1,10.6,2.2,28.1,36.6,14.3,77.6,7.6,8.5,-0.022,0.163,AVGO,,126,13.1,13.0,,False
249,FTV,Fortive Corporation,Technology,Scientific & Technical Instrum,Core,18.3,60.08,61.07,17.0,15.6,10.0,0.0,ok,-1.5,ok,2.61,,False,41.1,18.5,5.1,7.9,63.2,7.3,54.0,4.2,-7.0,0.09,0.136,NVDA,,126,15.6,15.0,,False
250,URI,"United Rentals, Inc.",Industrials,Rental & Leasing Services,Core,68.4,1098.51,1098.22,18.5,15.1,10.0,0.0,ok,-2.5,ok,3.26,,False,41.1,19.2,2.5,11.8,38.5,28.9,46.0,19.9,12.5,-0.001,0.136,MSFT,,126,15.1,16.0,,False
251,MPC,Marathon Petroleum Corporation,Energy,Oil & Gas Refining & Marketing,Growth,105.3,360.72,342.68,21.0,10.6,10.0,0.0,ok,-0.5,ok,1.72,,False,41.1,11.2,8.8,53.7,12.8,42.1,76.0,55.3,74.8,-0.133,0.212,GOOG,,126,10.6,12.0,,False
252,MCHP,Microchip Technology Incorpora,Technology,Semiconductors,Growth,41.3,76.08,84.37,17.5,16.0,10.0,0.0,ok,-2.5,ok,3.4,,False,41.0,16.7,3.3,38.0,60.2,7.2,51.2,-0.3,-12.9,0.395,0.499,AVGO,,126,16.0,15.0,,False
253,OTIS,Otis Worldwide Corporation,Industrials,Specialty Industrial Machinery,Core,27.2,71.49,72.51,15.5,18.0,10.0,0.0,ok,-2.5,ok,3.04,,False,41.0,15.6,5.3,7.3,30.3,,46.8,-11.1,-32.8,0.024,0.181,GOOG,,126,18.0,14.0,,False
254,ICE,Intercontinental Exchange Inc.,Financial Services,Financial Data & Stock Exchang,Core,90.5,161.25,153.19,18.5,12.5,10.0,0.0,ok,0.0,financial_na,,,False,41.0,18.3,4.0,4.8,100.0,14.1,78.3,4.5,-7.3,0.156,0.285,MSFT,,126,12.5,16.0,,False
255,ABNB,"Airbnb, Inc.",Consumer Cyclical,Travel Services,Core,112.2,187.3,177.94,20.5,10.5,10.0,0.0,ok,0.0,ok,-3.47,,False,41.0,30.5,2.9,16.5,82.9,34.5,78.6,37.5,40.1,0.347,0.284,BMNR,,126,10.5,15.0,,False
256,CSX,CSX Corporation,Industrials,Railroads,Core,95.6,51.59,49.39,19.5,13.0,10.0,0.0,ok,-1.5,ok,2.64,,False,41.0,22.7,2.0,10.1,47.1,24.4,68.3,21.9,11.1,-0.035,0.201,MSFT,,126,13.0,15.0,,False
257,AME,"AMETEK, Inc.",Industrials,Specialty Industrial Machinery,Core,54.9,239.55,240.47,17.0,13.9,10.0,0.0,ok,0.0,ok,0.73,,False,40.9,26.6,2.7,15.0,36.9,14.6,45.1,7.1,-8.6,0.261,0.351,AVGO,,126,13.9,14.0,,False
258,TYL,"Tyler Technologies, Inc.",Technology,Software - Application,Core,14.4,350.73,333.19,16.0,15.4,10.0,0.0,ok,-0.5,ok,1.06,,False,40.9,22.8,4.1,8.2,47.2,9.7,76.1,-3.2,-1.7,-0.082,0.312,MSFT,,126,15.4,16.0,,False
259,DHI,"D.R. Horton, Inc.",Consumer Cyclical,Residential Construction,Core,41.5,148.35,151.69,15.0,16.4,10.0,0.0,ok,-0.5,ok,1.24,,False,40.9,12.6,5.8,0.0,21.3,12.6,51.7,-0.7,-21.6,0.139,0.191,GOOG,,126,16.4,11.0,,False
260,EQR,Equity Residential,Real Estate,REIT - Residential,Core,24.6,63.66,67.42,17.0,17.4,10.0,0.0,ok,-3.5,ok,4.51,,False,40.9,41.1,5.8,2.1,62.3,8.0,32.1,1.2,-10.7,-0.137,0.281,AVGO,,122,17.4,17.0,,False
261,DD,"DuPont de Nemours, Inc.",Basic Materials,Specialty Chemicals,Cyclical,18.7,138.33,131.41,15.5,15.4,10.0,0.0,ok,0.0,ok,0.91,,False,40.9,17.4,9.8,4.0,35.1,1.8,44.6,114.3,166.2,-0.046,0.098,BMNR,,126,15.4,11.0,,False
262,BF-B,Brown Forman Inc,Consumer Defensive,Beverages - Wineries & Distill,Core,13.1,28.44,27.14,18.5,12.9,10.0,0.0,ok,-0.5,ok,1.94,,False,40.9,16.7,5.7,2.0,60.5,17.8,56.5,4.9,-17.2,-0.136,0.172,AVGO,,126,12.9,18.0,,False
263,AMT,American Tower Corporation (RE,Real Estate,REIT - Specialty,Core,81.9,175.8,171.95,19.5,16.4,10.0,0.0,ok,-5.0,ok,6.14,,False,40.9,25.1,3.6,4.7,73.8,33.9,54.6,-0.5,-18.8,-0.124,0.342,AVGO,,126,16.4,17.0,,False
264,ACMR,"ACM Research, Inc.",Technology,Semiconductor Equipment & Mate,Growth,5.5,79.41,90.67,14.5,16.3,10.0,0.0,ok,0.0,ok,-6.83,,False,40.8,29.3,-3.4,36.0,43.8,11.6,51.1,29.9,9.7,0.425,0.487,AVGO,,126,16.3,14.0,,False
265,APTV,Aptiv PLC,Consumer Cyclical,Auto Parts,Core,10.2,48.28,56.91,15.5,15.8,10.0,0.0,ok,-0.5,ok,1.52,,False,40.8,7.4,15.8,2.3,19.3,5.2,29.9,-29.1,-49.4,0.202,0.237,AVGO,,126,15.8,11.0,,False
266,GNRC,Generac Holdlings Inc.,Industrials,Specialty Industrial Machinery,Core,12.2,205.98,233.36,15.5,15.8,10.0,0.0,ok,-0.5,ok,1.79,,False,40.8,17.4,2.4,10.6,39.5,9.5,53.3,-0.3,-21.7,0.231,0.421,AVGO,,126,15.8,14.0,,False
267,NDAQ,"Nasdaq, Inc.",Financial Services,Financial Data & Stock Exchang,Core,54.9,98.22,93.31,18.0,12.7,10.0,0.0,ok,0.0,financial_na,,,False,40.7,21.0,3.1,14.9,100.0,16.5,72.5,9.5,11.1,0.225,0.404,MSFT,,126,12.7,16.0,,False
268,CME,CME Group Inc.,Financial Services,Financial Data & Stock Exchang,Core,98.9,274.98,261.23,17.0,13.7,10.0,0.0,ok,0.0,financial_na,,,False,40.7,21.3,2.9,0.8,100.0,15.8,61.1,-0.2,-22.6,-0.145,0.301,AVGO,,126,13.7,16.0,,False
269,CRH,CRH PLC,Basic Materials,Building Materials,Cyclical,63.2,95.07,102.88,16.0,16.2,10.0,0.0,ok,-1.5,ok,2.17,,False,40.7,14.4,3.2,5.6,36.2,15.8,41.4,-15.1,-33.4,0.245,0.33,GOOG,,126,16.2,11.0,,False
270,VMC,Vulcan Materials Company (Hold,Basic Materials,Building Materials,Cyclical,35.8,276.04,288.31,14.5,17.7,10.0,0.0,ok,-1.5,ok,2.03,,False,40.7,25.6,2.4,2.5,27.5,13.2,43.2,-4.5,-23.2,0.055,0.224,GOOG,,126,17.7,11.0,,False
271,CI,The Cigna Group,Healthcare,Healthcare Plans,Core,73.3,277.51,284.68,15.5,15.7,10.0,0.0,ok,-0.5,ok,1.93,,False,40.7,8.3,10.9,6.7,9.1,16.8,46.1,-0.2,-13.7,-0.157,0.272,AVGO,,126,15.7,15.0,,False
272,ORLY,"O'Reilly Automotive, Inc.",Consumer Cyclical,Auto Parts,Core,72.1,89.11,88.99,15.5,16.7,10.0,0.0,ok,-1.5,ok,2.24,,False,40.7,24.4,2.2,8.1,51.6,,47.3,-3.8,-18.8,-0.108,0.174,NVDA,,126,16.7,12.0,,False
273,EFX,"Equifax, Inc.",Industrials,Consulting Services,Core,22.6,192.62,182.99,18.5,13.7,10.0,0.0,ok,-1.5,ok,2.75,,False,40.7,19.0,4.2,10.6,55.5,14.3,70.4,2.2,-9.7,0.034,0.228,MSFT,,126,13.7,17.0,,False
274,FICO,Fair Isaac Corporation,Technology,Software - Application,Core,25.3,1172.67,1173.19,18.5,15.7,10.0,0.0,ok,-3.5,ok,4.23,,False,40.7,22.1,3.1,25.7,85.1,,66.5,-12.2,-20.7,-0.116,0.207,AVGO,,126,15.7,17.0,,False
275,WYNN,"Wynn Resorts, Limited",Consumer Cyclical,Resorts & Casinos,Core,10.3,100.28,100.05,18.0,16.2,10.0,0.0,ok,-3.5,ok,5.66,,False,40.7,19.4,4.6,6.9,68.3,,56.5,-7.4,-18.5,0.278,0.199,MSFT,,126,16.2,13.0,,False
276,AVB,"AvalonBay Communities, Inc.",Real Estate,REIT - Residential,Core,26.3,184.06,188.04,17.0,17.1,10.0,0.0,ok,-3.5,ok,4.9,,False,40.6,36.8,5.4,2.3,62.7,8.5,44.5,3.1,-6.6,-0.058,0.267,AVGO,,121,17.1,17.0,,False
277,AJG,Arthur J. Gallagher & Co.,Financial Services,Insurance Brokers,Growth,67.6,263.81,250.62,16.5,14.1,10.0,0.0,ok,0.0,financial_na,,,False,40.6,17.7,3.1,30.9,43.2,6.7,70.9,13.2,11.2,-0.183,0.335,AVGO,,126,14.1,15.0,,False
278,ELV,"Elevance Health, Inc.",Healthcare,Healthcare Plans,Core,86.9,400.54,394.74,16.0,14.6,10.0,0.0,ok,0.0,ok,-0.78,,False,40.6,13.5,5.0,1.4,26.0,11.1,63.0,13.1,7.8,0.055,0.142,GOOG,,126,14.6,15.0,,False
279,VLO,Valero Energy Corporation,Energy,Oil & Gas Refining & Marketing,Growth,100.4,348.86,331.42,20.0,10.5,10.0,0.0,ok,0.0,ok,0.26,,False,40.5,11.4,8.4,51.7,16.1,27.6,74.9,51.5,64.5,-0.166,0.293,GOOG,,126,10.5,12.0,,False
280,MAA,Mid-America Apartment Communit,Real Estate,REIT - Residential,Core,15.7,131.31,134.89,17.0,17.0,10.0,0.0,ok,-3.5,ok,4.57,,False,40.5,40.0,5.9,1.0,58.4,7.0,43.3,0.3,-12.5,-0.183,0.334,AVGO,,126,17.0,16.0,,False
281,MCD,McDonald's Corporation,Consumer Cyclical,Restaurants,Core,191.7,270.95,272.53,16.5,16.5,10.0,0.0,ok,-2.5,ok,3.6,,False,40.5,19.4,3.3,3.7,57.4,,58.9,-8.8,-30.8,-0.052,0.209,NVDA,,126,16.5,12.0,,False
282,IR,Ingersoll Rand Inc.,Industrials,Specialty Industrial Machinery,Core,31.2,80.51,81.62,14.5,16.5,10.0,0.0,ok,-0.5,ok,1.85,,False,40.5,20.6,3.5,8.5,42.8,9.5,25.5,-1.8,-26.5,0.226,0.26,GOOG,,126,16.5,15.0,,False
283,FRT,Federal Realty Investment Trus,Real Estate,REIT - Retail,Core,10.1,116.74,122.14,18.5,15.4,10.0,0.0,ok,-3.5,ok,5.65,,False,40.4,37.8,4.5,7.2,68.1,12.6,23.3,6.7,-4.1,-0.053,0.131,AVGO,,126,15.4,17.0,,False
284,LYV,"Live Nation Entertainment, Inc",Communication Services,Entertainment,Core,42.4,181.82,179.96,16.0,14.9,10.0,0.0,ok,-0.5,ok,1.43,,False,40.4,96.3,4.0,9.4,25.8,17.7,50.2,14.8,2.6,0.216,0.244,GOOG,,126,14.9,13.0,,False
285,DVN,Devon Energy Corporation,Energy,Oil & Gas E&P,Growth,54.0,49.1,46.64,17.5,13.3,10.0,0.0,ok,-0.5,ok,1.23,,False,40.3,9.0,1.4,64.2,50.3,11.5,68.6,15.0,0.8,-0.267,0.277,GOOG,,126,13.3,13.0,,False
286,NWSA,News Corporation,Communication Services,Entertainment,Core,16.4,30.38,28.86,18.0,12.3,10.0,0.0,ok,0.0,ok,0.61,,False,40.3,20.1,6.4,10.8,57.2,8.0,71.3,17.2,20.4,0.066,0.196,GOOG,,126,12.3,14.0,,False
287,MTD,"Mettler-Toledo International, ",Healthcare,Diagnostics & Research,Core,28.0,1395.25,1325.49,16.5,14.3,10.0,0.0,ok,-0.5,ok,1.64,,False,40.3,27.0,2.5,4.5,60.3,,32.6,5.6,-12.1,0.148,0.168,GOOG,,126,14.3,17.0,,False
288,DG,Dollar General Corporation,Consumer Defensive,Discount Stores,Core,27.2,123.41,120.26,17.0,16.7,10.0,0.0,ok,-3.5,ok,4.26,,False,40.2,15.4,6.9,3.4,30.8,18.9,40.6,-0.8,-31.1,0.207,0.242,MSFT,,126,16.7,16.0,,False
289,COP,ConocoPhillips,Energy,Oil & Gas E&P,Growth,162.0,134.87,128.13,19.5,10.7,10.0,0.0,ok,0.0,ok,0.58,,False,40.2,14.3,4.7,35.5,47.6,14.2,76.6,22.9,11.4,-0.342,0.405,GOOG,,126,10.7,13.0,,False
290,INTC,Intel Corporation,Technology,Semiconductors,Core,476.1,90.07,108.18,13.0,17.7,10.0,0.0,ok,-0.5,ok,1.24,,False,40.2,44.1,1.0,25.4,38.9,-10.7,48.9,26.0,94.2,0.415,0.49,AVGO,,126,17.7,13.0,,False
291,CHTR,"Charter Communications, Inc.",Communication Services,Telecom Services,Core,20.2,150.17,142.66,19.0,14.7,10.0,0.0,ok,-3.5,ok,4.41,,False,40.2,3.4,10.9,-1.7,55.2,27.2,54.7,-18.9,-46.2,-0.01,0.229,NVDA,,126,14.7,16.0,,False
292,DLR,"Digital Realty Trust, Inc.",Real Estate,REIT - Specialty,Core,71.8,190.62,187.01,19.0,14.7,10.0,0.0,ok,-3.5,ok,5.66,,False,40.2,65.9,5.2,29.9,57.0,2.9,49.1,7.7,-3.2,0.182,0.208,NVDA,,126,14.7,16.0,,False
293,EG,"Everest Group, Ltd.",Financial Services,Insurance - Reinsurance,Core,14.2,370.06,365.63,15.0,15.2,10.0,0.0,ok,0.0,financial_na,,,False,40.2,6.2,14.6,-11.3,15.3,12.6,48.0,9.1,-2.0,-0.234,0.304,AVGO,,126,15.2,14.0,,False
294,CSGP,"CoStar Group, Inc.",Real Estate,Real Estate Services,Core,13.1,32.26,30.65,16.5,13.6,10.0,0.0,ok,0.0,ok,-0.28,,False,40.1,18.7,3.2,18.4,78.7,0.9,59.1,-29.2,-44.8,0.026,0.343,MSFT,,126,13.6,19.0,,False
295,FDX,FedEx Corporation,Industrials,Integrated Freight & Logistics,Core,76.9,325.08,319.71,18.0,13.6,10.0,0.0,ok,-1.5,ok,2.48,,False,40.1,15.6,7.4,12.5,27.3,14.8,64.4,-1.4,-27.2,0.189,0.236,GOOG,,126,13.6,14.0,,False
296,IVZ,Invesco Ltd,Financial Services,Asset Management,Core,14.1,32.02,30.42,16.5,13.6,10.0,0.0,ok,0.0,financial_na,,,False,40.1,9.8,8.1,20.5,29.5,-0.6,60.8,20.5,15.8,0.485,0.424,BMNR,,126,13.6,14.0,,False
297,NEM,Newmont Corporation,Basic Materials,Gold,Cyclical,138.6,131.58,125.0,22.0,8.1,10.0,0.0,ok,0.0,ok,-0.2,,False,40.1,12.4,6.4,15.1,68.0,25.9,84.6,23.8,-6.1,0.372,0.414,BMNR,,126,8.1,13.0,,False
298,MKC,"McCormick & Company, Incorpora",Consumer Defensive,Packaged Foods,Core,14.9,55.41,52.64,20.0,12.6,10.0,0.0,ok,-2.5,ok,3.17,,False,40.1,16.8,4.8,16.7,38.9,24.7,71.9,-3.2,-31.8,-0.127,0.236,NVDA,,126,12.6,16.0,,False
299,ISRG,"Intuitive Surgical, Inc.",Healthcare,Medical Instruments & Supplies,Core,135.7,378.81,388.3,15.5,14.6,10.0,0.0,ok,0.0,ok,-1.25,,False,40.1,31.4,1.9,18.5,66.7,17.4,51.9,-19.9,-35.3,0.277,0.338,GOOG,,126,14.6,17.0,,False
300,PH,Parker-Hannifin Corporation,Industrials,Specialty Industrial Machinery,Core,126.3,1001.74,982.0,17.5,13.1,10.0,0.0,ok,-0.5,ok,1.46,,False,40.1,25.4,2.3,9.8,37.3,25.1,51.2,8.2,-12.7,0.139,0.33,NVDA,,126,13.1,14.0,,False
301,PHM,"PulteGroup, Inc.",Consumer Cyclical,Residential Construction,Core,24.6,129.0,128.78,15.0,15.1,10.0,0.0,ok,0.0,ok,0.42,,False,40.1,11.5,4.4,-9.6,25.6,14.9,49.6,3.5,-20.0,0.114,0.206,GOOG,,126,15.1,11.0,,False
302,COST,Costco Wholesale Corporation,Consumer Defensive,Discount Stores,Core,420.3,947.74,948.22,14.0,16.1,10.0,0.0,ok,0.0,ok,-0.07,,False,40.1,41.8,1.7,21.5,12.9,29.2,47.1,-1.1,-16.0,-0.241,0.339,AVGO,,126,16.1,16.0,,False
303,BXP,"BXP, Inc.",Real Estate,REIT - Office,Core,12.2,67.67,67.86,18.0,17.1,10.0,0.0,ok,-5.0,ok,9.81,,False,40.1,32.3,7.2,3.7,56.5,5.3,38.2,7.3,2.8,0.15,0.207,BMNR,,126,17.1,16.0,,False
304,CPRT,"Copart, Inc.",Industrials,Specialty Business Services,Core,32.6,33.8,32.11,17.0,13.0,10.0,0.0,ok,0.0,ok,-2.09,,False,40.0,20.1,3.1,2.1,47.5,17.6,77.1,-3.1,-16.6,-0.04,0.285,AVGO,,126,13.0,17.0,,False
305,MNST,Monster Beverage Corporation,Consumer Defensive,Beverages - Non-Alcoholic,Core,93.6,47.79,86.51,18.0,12.0,10.0,0.0,ok,0.0,ok,-1.13,,True,40.0,36.5,1.8,20.2,55.5,25.7,9.7,-40.5,-55.8,0.083,0.187,GOOG,,126,15.8,17.0,,False
306,DOC,"Healthpeak Properties, Inc.",Real Estate,REIT - Healthcare Facilities,Core,15.2,21.4,21.38,18.0,15.5,10.0,0.0,ok,-3.5,ok,5.53,,False,40.0,,10.8,11.1,57.6,3.0,46.8,17.6,13.6,0.034,0.157,NVDA,,126,15.5,16.0,,False
307,DPZ,Domino's Pizza Inc,Consumer Cyclical,Restaurants,Core,11.3,341.85,325.86,15.5,17.9,10.0,0.0,ok,-3.5,ok,4.84,,False,39.9,16.4,4.7,4.3,28.7,,32.7,-6.8,-26.4,-0.022,0.21,NVDA,,126,17.9,11.0,,False
308,CTAS,Cintas Corporation,Industrials,Specialty Business Services,Core,81.6,203.79,193.6,16.0,13.8,10.0,0.0,ok,0.0,ok,0.81,,False,39.8,33.3,1.8,8.9,50.7,40.7,49.5,9.9,-9.2,-0.066,0.22,AVGO,,126,13.8,17.0,,False
309,STE,STERIS plc (Ireland),Healthcare,Medical Devices,Core,23.2,237.93,226.03,16.0,13.8,10.0,0.0,ok,0.0,ok,0.95,,False,39.8,19.4,3.4,7.3,44.4,11.4,59.4,1.7,-16.0,0.057,0.168,GOOG,,126,13.8,16.0,,False
310,CHD,"Church & Dwight Company, Inc.",Consumer Defensive,Household & Personal Products,Core,23.4,98.8,98.56,17.5,12.8,10.0,0.0,ok,-0.5,ok,1.6,,False,39.8,24.5,4.0,1.6,45.6,17.0,45.6,5.3,-18.1,-0.098,0.221,AVGO,,126,12.8,17.0,,False
311,TKO,"TKO Group Holdings, Inc.",Communication Services,Entertainment,Core,36.6,193.14,192.56,16.5,14.7,10.0,0.0,ok,-1.5,ok,2.69,,False,39.7,48.4,2.3,18.2,59.5,7.1,59.4,-1.8,-18.1,0.172,0.182,BMNR,,126,14.7,14.0,,False
312,KVUE,Kenvue Inc.,Consumer Defensive,Household & Personal Products,Core,36.6,19.06,19.02,17.5,13.7,10.0,0.0,ok,-1.5,ok,2.16,,False,39.7,15.4,5.2,3.0,58.4,15.6,50.9,8.2,-10.4,-0.109,0.205,AVGO,,126,13.7,17.0,,False
313,HUM,Humana Inc.,Healthcare,Healthcare Plans,Core,45.5,378.88,383.25,15.0,14.6,10.0,0.0,ok,0.0,ok,-2.54,,False,39.6,22.9,4.3,26.2,13.7,6.9,52.5,39.4,98.0,0.081,0.169,NVDA,,126,14.6,15.0,,False
314,LEN,Lennar Corporation,Consumer Cyclical,Residential Construction,Core,21.0,87.02,86.71,12.0,18.1,10.0,0.0,ok,-0.5,ok,1.92,,False,39.6,13.4,5.1,-5.2,16.4,7.4,53.4,-12.7,-37.0,0.179,0.208,GOOG,,126,18.1,11.0,,False
315,MRVL,"Marvell Technology, Inc.",Technology,Semiconductors,Core,212.8,237.04,233.85,15.5,14.1,10.0,0.0,ok,0.0,ok,0.53,,False,39.6,38.0,1.1,27.6,51.5,16.0,65.0,63.4,192.6,0.357,0.521,AVGO,,126,14.1,14.0,,False
316,GPN,Global Payments Inc.,Industrials,Specialty Business Services,Growth,24.7,93.49,88.82,21.0,12.1,10.0,0.0,ok,-3.5,ok,4.05,,False,39.6,5.9,,68.6,64.0,2.4,67.0,25.1,5.8,0.291,0.317,MSFT,,126,12.1,18.0,fcf_yield_out_of_range(31.8),False
317,CVS,CVS Health Corporation,Healthcare,Healthcare Plans,Core,119.0,93.02,102.01,14.0,18.0,10.0,0.0,ok,-2.5,ok,3.74,,False,39.5,10.9,6.8,7.1,13.6,6.2,21.2,9.2,9.6,-0.086,0.158,AVGO,,126,18.0,15.0,,False
318,ONTO,Onto Innovation Inc.,Technology,Semiconductor Equipment & Mate,Growth,17.9,293.33,304.65,14.0,15.5,10.0,0.0,ok,0.0,ok,-1.33,,False,39.5,25.2,1.1,35.3,55.5,6.8,55.5,25.3,25.3,0.405,0.527,AVGO,,126,15.5,14.0,,False
319,HUBB,Hubbell Inc,Industrials,Electrical Equipment & Parts,Core,24.8,470.03,494.56,16.0,15.9,10.0,0.0,ok,-2.5,ok,3.41,,False,39.4,20.5,2.0,15.3,35.3,24.4,47.7,-3.0,-21.1,0.199,0.345,NVDA,,126,15.9,14.0,,False
320,ERIE,Erie Indemnity Company,Financial Services,Insurance Brokers,Core,13.8,264.85,251.61,16.0,13.4,10.0,0.0,ok,0.0,financial_na,,,False,39.4,18.9,3.5,2.8,17.9,24.8,72.3,4.1,-11.2,-0.212,0.337,AVGO,,126,13.4,14.0,,False
321,PM,Philip Morris International In,Consumer Defensive,Tobacco,Core,293.4,188.23,186.04,17.5,13.4,10.0,0.0,ok,-1.5,ok,2.39,,False,39.4,20.5,3.3,10.4,67.5,,51.4,9.7,-10.8,-0.117,0.164,AVGO,,126,13.4,18.0,,False
322,GLW,Corning Incorporated,Technology,Electronic Components,Core,128.8,149.84,174.11,14.5,15.4,10.0,0.0,ok,-0.5,ok,1.68,,False,39.4,34.7,0.6,16.6,36.4,16.8,51.8,6.6,-8.9,0.306,0.438,NVDA,,126,15.4,13.0,,False
323,REG,Regency Centers Corporation,Real Estate,REIT - Retail,Core,14.2,76.06,79.36,17.0,15.9,10.0,0.0,ok,-3.5,ok,4.62,,False,39.4,30.2,5.2,8.9,71.5,8.2,21.5,1.1,-13.5,-0.156,0.25,AVGO,,126,15.9,17.0,,False
324,CRWD,"CrowdStrike Holdings, Inc.",Technology,Software - Infrastructure,Core,195.5,191.95,340.18,13.0,16.4,10.0,0.0,ok,0.0,ok,-62.9,,False,39.4,122.5,1.0,25.6,75.1,-0.2,42.9,-57.1,-57.4,0.208,0.221,AVGO,,126,16.4,17.0,,False
325,MAR,Marriott International,Consumer Cyclical,Lodging,Core,92.9,356.39,371.1,17.5,14.4,10.0,0.0,ok,-2.5,ok,3.6,,False,39.4,27.1,2.2,11.1,79.2,,59.5,4.4,-8.0,0.155,0.257,GOOG,,126,14.4,13.0,,False
326,STLD,"Steel Dynamics, Inc.",Basic Materials,Steel,Growth,32.8,228.68,246.9,12.5,17.4,10.0,0.0,ok,-0.5,ok,1.43,,False,39.4,12.0,0.7,33.4,14.7,17.6,32.2,11.1,4.8,0.174,0.244,AVGO,,126,17.4,11.0,,False
327,TDY,Teledyne Technologies Incorpor,Technology,Scientific & Technical Instrum,Core,29.5,636.15,647.14,14.5,15.3,10.0,0.0,ok,-0.5,ok,1.06,,False,39.3,23.8,3.1,9.8,43.3,9.2,33.4,4.6,-17.6,0.396,0.409,NVDA,,126,15.3,14.0,,False
328,COIN,"Coinbase Global, Inc.",Financial Services,Financial Data & Stock Exchang,Core,49.2,186.49,177.17,14.0,17.2,10.0,-2.0,ok,0.0,financial_na,,,False,39.2,61.8,5.4,-17.3,85.8,-7.8,74.9,-6.1,4.1,0.548,0.754,BMNR,,126,17.2,16.0,,False
329,MLM,"Martin Marietta Materials, Inc",Basic Materials,Building Materials,Cyclical,32.1,534.92,568.05,12.5,18.2,10.0,0.0,ok,-1.5,ok,2.93,,False,39.2,24.9,1.8,21.0,28.2,8.9,46.9,-11.6,-33.9,0.095,0.214,GOOG,,126,18.2,11.0,,False
330,SOLV,Solventum Corporation,Healthcare,Medical Instruments & Supplies,Core,15.2,89.57,85.09,18.5,14.2,10.0,0.0,ok,-3.5,ok,4.29,,False,39.2,12.4,3.2,2.2,54.8,34.0,54.3,17.2,11.1,0.101,0.263,GOOG,,126,14.2,16.0,,False
331,NWS,News Corporation,Communication Services,Entertainment,Core,18.7,34.55,32.82,17.0,12.2,10.0,0.0,ok,0.0,ok,0.61,,False,39.2,22.9,5.6,10.8,57.2,8.0,71.0,16.9,22.0,0.061,0.21,GOOG,,126,12.2,14.0,,False
332,FOXA,Fox Corporation,Communication Services,Entertainment,Core,28.8,68.54,65.11,15.5,13.7,10.0,0.0,ok,0.0,ok,0.87,,False,39.2,11.8,1.9,28.1,36.6,14.3,79.1,8.5,12.2,-0.017,0.131,AVGO,,126,13.7,13.0,,False
333,RCL,Royal Caribbean Cruises Ltd.,Consumer Cyclical,Travel Services,Core,78.1,292.0,303.6,15.0,16.7,10.0,0.0,ok,-2.5,ok,3.27,,False,39.2,14.4,-1.9,6.5,50.3,44.7,20.5,2.1,-15.2,0.36,0.407,GOOG,,126,16.7,14.0,,False
334,CMCSA,Comcast Corporation,Communication Services,Telecom Services,Core,95.3,26.85,25.51,18.5,12.1,10.0,0.0,ok,-1.5,ok,2.43,,False,39.1,7.4,13.3,-1.2,69.4,11.5,73.4,0.8,-26.4,-0.043,0.148,NVDA,,126,12.1,17.0,,False
335,WST,"West Pharmaceutical Services, ",Healthcare,Medical Instruments & Supplies,Core,24.8,353.08,347.81,14.5,14.5,10.0,0.0,ok,0.0,ok,-0.13,,False,39.0,35.4,1.1,13.8,36.8,19.1,57.4,21.8,32.4,0.063,0.126,GOOG,,126,14.5,15.0,,False
336,BMNR,BitMine Immersion Technologies,Financial Services,Capital Markets,Growth,13.8,22.83,21.69,14.0,17.0,10.0,-2.0,ok,0.0,financial_na,,,False,39.0,24.3,-3.8,2167.8,84.4,-150.9,80.6,-0.7,6.5,0.512,0.438,NVDA,,126,17.0,16.0,,True
337,EXR,Extra Space Storage Inc,Real Estate,REIT - Industrial,Core,32.4,146.81,147.41,17.0,15.5,10.0,0.0,ok,-3.5,ok,5.94,,False,39.0,30.6,4.6,3.8,74.9,7.0,37.1,4.9,-13.5,-0.043,0.157,GOOG,,126,15.5,17.0,,False
338,PSX,Phillips 66,Energy,Oil & Gas Refining & Marketing,Growth,96.9,242.87,230.73,19.0,10.5,10.0,0.0,ok,-0.5,ok,1.66,,False,39.0,11.4,4.7,53.1,13.1,23.5,83.9,46.5,45.7,-0.172,0.259,NVDA,,126,10.5,12.0,,False
339,BWXT,"BWX Technologies, Inc.",Industrials,Aerospace & Defense,Core,14.4,156.78,180.51,14.5,16.0,10.0,0.0,ok,-1.5,ok,2.96,,False,39.0,29.8,1.0,18.0,22.1,28.3,27.1,-19.4,-33.1,0.421,0.447,BMNR,,126,16.0,14.0,,False
340,AZO,"AutoZone, Inc.",Consumer Cyclical,Auto Parts,Core,48.3,2957.95,3054.83,13.0,18.4,10.0,0.0,ok,-2.5,ok,3.01,,False,38.9,16.9,1.9,8.4,51.8,,46.2,-13.5,-35.0,-0.004,0.174,GOOG,,126,18.4,12.0,,False
341,JCI,Johnson Controls International,Industrials,Building Products & Equipment,Core,86.7,143.05,145.2,16.0,14.4,10.0,0.0,ok,-1.5,ok,2.04,,False,38.9,23.7,3.4,9.3,36.7,14.3,44.9,7.2,-11.8,0.262,0.397,AVGO,,126,14.4,14.0,,False
342,BSX,Boston Scientific Corporation,Healthcare,Medical Devices,Core,73.0,50.37,47.85,17.0,13.4,10.0,0.0,ok,-1.5,ok,2.12,,False,38.9,14.7,3.4,7.5,69.2,15.3,57.7,-27.5,-44.5,0.09,0.174,MSFT,,126,13.4,17.0,,False
343,RGTI,"Rigetti Computing, Inc.",Technology,Computer Hardware,Growth,6.0,17.91,17.43,12.0,18.9,10.0,-2.0,ok,0.0,neg_ebitda_low_debt,,,False,38.9,,0.4,185.3,,-43.8,59.6,-10.7,-0.4,0.517,0.5,BMNR,,126,18.9,13.0,,False
344,A,"Agilent Technologies, Inc.",Healthcare,Diagnostics & Research,Core,44.9,159.0,151.05,17.5,11.4,10.0,0.0,ok,0.0,ok,0.86,,False,38.9,24.1,2.1,10.0,52.6,21.3,89.0,21.3,16.1,0.176,0.143,GOOG,,126,11.4,16.0,,False
345,PLD,"Prologis, Inc.",Real Estate,REIT - Industrial,Core,137.8,141.8,142.85,16.5,15.8,10.0,0.0,ok,-3.5,ok,5.24,,False,38.8,41.6,3.9,12.3,75.5,7.7,43.3,4.3,-10.7,0.055,0.167,BMNR,,126,15.8,17.0,,False
346,EA,Electronic Arts Inc.,Communication Services,Electronic Gaming & Multimedia,Core,52.9,209.7,205.27,18.0,10.8,10.0,0.0,ok,0.0,ok,-0.31,,False,38.8,21.7,3.2,18.9,79.9,16.5,80.9,3.4,-8.0,0.168,0.291,BMNR,,113,10.8,15.0,,False
347,SWKS,"Skyworks Solutions, Inc.",Technology,Semiconductors,Core,10.1,67.14,65.74,13.5,15.3,10.0,0.0,ok,0.0,ok,-0.13,,False,38.8,13.5,4.4,-3.1,40.7,5.1,66.2,5.6,1.4,0.27,0.345,AVGO,,126,15.3,14.0,,False
348,UNP,Union Pacific Corporation,Industrials,Railroads,Core,183.0,308.05,292.65,20.5,9.8,10.0,0.0,ok,-1.5,ok,2.26,,False,38.8,21.8,2.6,11.5,56.3,39.7,73.6,20.5,5.2,-0.169,0.2,MSFT,,126,9.8,15.0,,False
349,PANW,"Palo Alto Networks, Inc.",Technology,Software - Infrastructure,Growth,291.7,357.87,339.98,14.0,14.7,10.0,0.0,ok,0.0,ok,-0.66,,False,38.7,86.9,1.2,31.1,72.0,4.8,54.5,58.3,136.0,0.404,0.404,MSFT,,126,14.7,17.0,,False
350,DLTR,"Dollar Tree, Inc.",Consumer Defensive,Discount Stores,Core,25.3,131.48,124.91,18.5,11.7,10.0,0.0,ok,-1.5,ok,2.74,,False,38.7,17.0,5.7,7.2,37.0,34.0,55.7,13.6,-11.4,0.179,0.202,MSFT,,126,11.7,16.0,,False
351,XOM,ExxonMobil Holdings Corporatio,Energy,Oil & Gas Integrated,Growth,678.9,165.11,156.85,17.5,11.1,10.0,0.0,ok,0.0,ok,0.47,,False,38.6,15.5,3.0,44.1,29.8,12.6,68.9,16.6,-2.0,-0.36,0.34,GOOG,,126,11.1,12.0,,False
352,CCI,Crown Castle Inc.,Real Estate,REIT - Specialty,Core,32.1,75.51,78.37,15.5,18.1,10.0,0.0,ok,-5.0,ok,8.31,,False,38.6,26.2,3.2,-4.9,73.7,,45.7,-11.1,-25.1,-0.1,0.329,AVGO,,126,18.1,17.0,,False
353,ECL,Ecolab Inc.,Basic Materials,Specialty Chemicals,Cyclical,78.9,281.63,276.08,15.0,15.1,10.0,0.0,ok,-1.5,ok,2.12,,False,38.6,29.9,1.9,9.7,44.2,22.0,53.3,3.9,-19.9,0.007,0.198,GOOG,,126,15.1,12.0,,False
354,ESS,"Essex Property Trust, Inc.",Real Estate,REIT - Residential,Core,19.9,289.0,288.55,17.0,15.1,10.0,0.0,ok,-3.5,ok,5.43,,False,38.6,46.9,5.2,3.1,68.8,7.7,54.9,9.5,2.2,-0.113,0.296,AVGO,,126,15.1,17.0,,False
355,IEX,IDEX Corporation,Industrials,Specialty Industrial Machinery,Core,17.3,234.39,227.57,16.0,13.0,10.0,0.0,ok,-0.5,ok,1.31,,False,38.5,24.5,3.2,6.4,44.7,13.0,52.9,15.6,1.2,0.161,0.236,AVGO,,126,13.0,15.0,,False
356,AVY,Avery Dennison Corporation,Consumer Cyclical,Packaging & Containers,Core,14.1,183.71,174.52,20.5,9.5,10.0,0.0,ok,-1.5,ok,2.28,,False,38.5,16.4,7.1,10.9,29.0,31.2,73.4,6.5,-18.3,0.131,0.149,MSFT,,126,9.5,11.0,,False
357,SBAC,SBA Communications Corporation,Real Estate,REIT - Specialty,Core,19.4,182.59,183.97,16.5,17.0,10.0,0.0,ok,-5.0,ok,8.12,,False,38.5,22.2,3.9,2.3,74.2,,53.7,-5.3,-20.2,-0.025,0.168,AVGO,,126,17.0,17.0,,False
358,SYY,Sysco Corporation,Consumer Defensive,Food Distribution,Core,40.3,84.1,82.57,17.0,13.0,10.0,0.0,ok,-1.5,ok,2.89,,False,38.5,15.7,4.9,4.7,18.5,77.7,45.7,7.0,-17.5,-0.006,0.08,GOOG,,126,13.0,16.0,,False
359,EXPD,Expeditors International of Wa,Industrials,Integrated Freight & Logistics,Growth,24.4,187.81,178.42,17.5,11.0,10.0,0.0,ok,0.0,ok,-0.37,,False,38.5,23.7,3.3,32.1,13.5,42.7,75.9,20.3,13.3,-0.016,0.057,MSFT,,126,11.0,14.0,,False
360,TECH,Bio-Techne Corp,Healthcare,Biotechnology,Core,11.3,72.32,68.87,13.0,15.5,10.0,0.0,ok,0.0,ok,0.07,,False,38.5,31.2,2.0,1.3,66.2,9.0,54.8,20.0,20.1,0.084,0.142,GOOG,,126,15.5,17.0,,False
361,VTRS,Viatris Inc.,Healthcare,Drug Manufacturers - Specialty,Core,18.7,16.32,16.6,16.0,14.0,10.0,0.0,ok,-1.5,ok,2.82,,False,38.5,6.1,14.3,4.9,40.3,-2.8,25.4,13.6,-9.0,0.146,0.201,BMNR,,126,14.0,16.0,,False
362,WAB,Westinghouse Air Brake Technol,Industrials,Railroads,Core,50.3,297.57,282.69,17.0,13.0,10.0,0.0,ok,-1.5,ok,2.37,,False,38.5,23.9,2.2,17.5,35.7,11.6,51.5,19.1,0.9,0.161,0.3,AVGO,,126,13.0,14.0,,False
363,LDOS,"Leidos Holdings, Inc.",Technology,Information Technology Service,Core,17.8,141.39,134.32,17.0,12.9,10.0,0.0,ok,-1.5,ok,2.45,,False,38.4,11.1,6.4,7.2,17.8,27.8,75.6,-9.2,-29.8,0.091,0.187,MSFT,,126,12.9,15.0,,False
364,HPE,Hewlett Packard Enterprise Com,Technology,Communication Equipment,Growth,70.8,53.45,50.78,16.5,13.3,10.0,0.0,ok,-1.5,ok,2.84,,False,38.3,13.2,5.4,40.0,33.8,6.3,58.3,68.7,156.7,0.334,0.521,AVGO,,126,13.3,13.0,,False
365,COHU,"Cohu, Inc.",Technology,Semiconductor Equipment & Mate,Growth,2.6,54.37,56.65,14.0,14.3,10.0,0.0,ok,0.0,ok,-13.22,,False,38.3,29.4,2.6,38.4,44.0,-4.8,58.8,39.2,66.6,0.402,0.505,AVGO,,126,14.3,14.0,,False
366,GIS,"General Mills, Inc.",Consumer Defensive,Packaged Foods,Core,21.4,39.97,37.97,16.0,12.2,10.0,0.0,ok,0.0,ok,-0.12,,False,38.2,12.4,10.8,2.2,33.7,-1.0,75.8,0.7,-22.7,-0.15,0.344,AVGO,,126,12.2,16.0,,False
367,FAST,Fastenal Company,Industrials,Industrial Distribution,Core,58.8,51.26,48.7,17.0,11.2,10.0,0.0,ok,0.0,ok,0.12,,False,38.2,36.6,1.6,14.7,44.7,34.3,71.2,14.6,2.2,-0.005,0.158,GOOG,,126,11.2,15.0,,False
368,HCA,"HCA Healthcare, Inc.",Healthcare,Medical Care Facilities,Core,95.2,429.19,407.73,15.5,15.1,10.0,0.0,ok,-2.5,ok,3.2,,False,38.1,13.4,3.9,8.7,42.6,,65.7,-5.5,-32.0,0.016,0.19,GOOG,,126,15.1,16.0,,False
369,KDP,Keurig Dr Pepper Inc.,Consumer Defensive,Beverages - Non-Alcoholic,Growth,43.6,32.04,31.12,20.0,13.1,10.0,0.0,ok,-5.0,ok,6.66,,False,38.1,12.6,10.6,75.6,51.0,5.1,57.8,11.7,-3.7,-0.135,0.171,AVGO,,126,13.1,17.0,,False
370,DVA,DaVita Inc.,Healthcare,Medical Care Facilities,Core,11.2,173.82,214.4,19.5,12.0,10.0,0.0,ok,-3.5,ok,4.5,,True,38.0,10.2,9.3,5.2,32.4,88.5,10.9,7.8,2.7,-0.051,0.167,GOOG,,126,17.3,15.0,,False
371,NRG,"NRG Energy, Inc.",Utilities,Utilities - Independent Power ,Core,23.8,113.11,131.81,17.0,16.0,10.0,0.0,ok,-5.0,ok,7.16,,False,38.0,10.1,3.2,11.0,18.8,23.8,29.2,-24.1,-48.0,0.212,0.212,NVDA,,126,16.0,18.0,,False
372,NCLH,Norwegian Cruise Line Holdings,Consumer Cyclical,Travel Services,Speculative,7.9,17.24,19.53,14.5,18.5,10.0,0.0,ok,-5.0,ok,6.08,,False,38.0,10.2,-21.2,4.9,42.5,36.7,30.9,-13.6,-38.8,0.274,0.422,GOOG,,126,18.5,14.0,,False
373,PEG,Public Service Enterprise Grou,Utilities,Utilities - Regulated Electric,Core,36.2,72.61,78.67,12.5,19.0,10.0,0.0,ok,-3.5,ok,5.49,,False,38.0,15.5,0.3,-8.9,33.3,11.8,25.6,-9.3,-27.4,-0.142,0.195,MSFT,,126,19.0,18.0,,False
374,CMI,Cummins Inc.,Industrials,Specialty Industrial Machinery,Core,81.1,587.68,659.59,16.0,12.0,10.0,0.0,ok,0.0,ok,0.87,,True,38.0,17.0,2.7,9.4,25.8,21.1,24.5,-1.1,-12.2,0.331,0.452,AVGO,,126,16.2,14.0,,False
375,MSI,"Motorola Solutions, Inc.",Technology,Communication Equipment,Core,79.5,480.47,456.45,19.5,9.9,10.0,0.0,ok,-1.5,ok,2.37,,False,37.9,25.2,2.5,13.3,52.1,91.6,68.1,15.1,-8.6,0.03,0.123,GOOG,,126,9.9,14.0,,False
376,BEN,"Franklin Templeton, Inc.",Financial Services,Asset Management,Core,17.4,34.31,33.44,11.5,16.4,10.0,0.0,ok,0.0,financial_na,,,False,37.9,10.8,-17.2,14.3,37.7,7.9,39.3,23.8,16.4,0.454,0.418,GOOG,,126,16.4,14.0,,False
377,RVTY,"Revvity, Inc.",Healthcare,Diagnostics & Research,Core,13.9,124.75,118.51,16.0,13.4,10.0,0.0,ok,-1.5,ok,2.65,,False,37.9,21.2,4.3,1.3,55.0,3.2,67.3,24.1,16.3,0.203,0.203,BMNR,,126,13.4,16.0,,False
378,MDB,"MongoDB, Inc.",Technology,Software - Infrastructure,Core,34.7,430.83,409.29,13.0,14.8,10.0,0.0,ok,0.0,neg_ebitda_low_debt,,,False,37.8,58.7,1.5,25.2,72.0,-1.0,67.2,26.8,28.8,0.367,0.395,MSFT,,126,14.8,17.0,,False
379,O,Realty Income Corporation,Real Estate,REIT - Retail,Core,59.2,62.6,63.18,15.5,15.8,10.0,0.0,ok,-3.5,ok,5.74,,False,37.8,39.5,2.7,9.6,92.7,3.2,41.6,2.5,-17.1,-0.226,0.257,AVGO,,126,15.8,17.0,,False
380,GEHC,GE HealthCare Technologies Inc,Healthcare,Medical Devices,Core,34.0,74.82,71.08,17.5,11.8,10.0,0.0,ok,-1.5,ok,2.36,,False,37.8,13.8,4.6,5.8,39.5,19.4,74.4,2.8,-23.0,0.121,0.227,GOOG,,126,11.8,15.0,,False
381,FN,Fabrinet,Technology,Electronic Components,Growth,15.6,436.67,517.85,14.0,13.8,10.0,0.0,ok,0.0,ok,-1.64,,False,37.8,20.0,-0.4,44.6,12.0,21.3,47.6,-18.8,-36.5,0.359,0.481,AVGO,,126,13.8,13.0,,False
382,BKR,Baker Hughes Company,Energy,Oil & Gas Equipment & Services,Cyclical,61.9,62.34,59.38,16.0,11.7,10.0,0.0,ok,0.0,ok,-0.16,,False,37.7,19.7,7.1,-2.4,23.7,16.5,56.4,8.3,-14.0,0.153,0.168,AVGO,,126,11.7,14.0,,False
383,LOW,"Lowe's Companies, Inc.",Consumer Cyclical,Home Improvement Retail,Core,121.2,216.09,215.92,14.0,16.2,10.0,0.0,ok,-2.5,ok,3.01,,False,37.7,16.5,3.7,8.3,33.1,,55.0,-8.6,-33.1,0.088,0.255,GOOG,,126,16.2,11.0,,False
384,AMGN,Amgen Inc.,Healthcare,Drug Manufacturers - General,Core,237.1,439.33,417.36,19.5,9.7,10.0,0.0,ok,-1.5,ok,2.51,,False,37.7,18.0,3.6,9.5,71.9,91.5,81.9,25.5,4.4,-0.029,0.1,MSFT,,126,9.7,17.0,,False
385,KHC,The Kraft Heinz Company,Consumer Defensive,Packaged Foods,Core,30.3,25.58,25.0,13.5,15.7,10.0,0.0,ok,-1.5,ok,2.97,,False,37.7,12.2,10.7,-1.4,33.5,-8.8,42.8,7.6,-6.2,-0.074,0.206,AVGO,,126,15.7,16.0,,False
386,CAH,"Cardinal Health, Inc.",Healthcare,Medical Distribution,Core,53.4,229.51,231.68,14.0,14.1,10.0,0.0,ok,-0.5,ok,1.21,,False,37.6,16.3,8.9,5.8,3.8,,41.6,7.5,-9.9,-0.148,0.251,AVGO,,126,14.1,15.0,,False
387,COHR,Coherent Corp.,Technology,Scientific & Technical Instrum,Growth,56.7,289.52,329.57,11.5,16.6,10.0,0.0,ok,-0.5,ok,1.1,,False,37.6,20.8,-1.1,33.7,37.5,8.0,50.2,7.3,4.1,0.369,0.488,NVDA,,126,16.6,13.0,,False
388,T,AT&T Inc.,Communication Services,Telecom Services,Core,173.3,25.29,24.03,18.5,11.6,10.0,0.0,ok,-2.5,ok,3.3,,False,37.6,9.9,5.9,2.3,59.7,18.3,73.1,1.6,-22.6,-0.224,0.246,NVDA,,126,11.6,16.0,,False
389,MCK,McKesson Corporation,Healthcare,Medical Distribution,Core,100.1,858.9,821.25,14.0,13.6,10.0,0.0,ok,0.0,ok,0.94,,False,37.6,17.0,6.8,7.7,3.6,,57.3,2.2,-21.7,-0.256,0.325,AVGO,,126,13.6,15.0,,False
390,HPQ,HP Inc.,Technology,Computer Hardware,Core,27.2,29.71,28.22,15.0,13.1,10.0,0.0,ok,-0.5,ok,1.52,,False,37.6,9.9,12.7,9.0,20.3,,62.2,32.6,52.3,0.067,0.083,AVGO,,126,13.1,13.0,,False
391,TGT,Target Corporation,Consumer Defensive,Discount Stores,Core,75.1,165.44,157.17,17.5,10.5,10.0,0.0,ok,-0.5,ok,1.59,,False,37.5,17.5,4.6,5.3,28.4,26.4,75.8,40.5,35.1,0.032,0.13,GOOG,,126,10.5,16.0,,False
392,JBHT,"J.B. Hunt Transport Services, ",Industrials,Integrated Freight & Logistics,Core,25.9,275.45,279.01,14.0,13.5,10.0,0.0,ok,0.0,ok,0.84,,False,37.5,27.2,3.5,19.4,18.5,18.4,57.6,18.6,12.0,0.096,0.128,NVDA,,126,13.5,14.0,,False
393,SWK,"Stanley Black & Decker, Inc.",Industrials,Tools & Accessories,Core,15.1,100.02,95.02,15.5,13.5,10.0,0.0,ok,-1.5,ok,2.58,,False,37.5,15.7,9.4,0.4,32.2,6.9,54.3,25.0,3.6,0.235,0.266,GOOG,,126,13.5,14.0,,False
394,ZBH,"Zimmer Biomet Holdings, Inc.",Healthcare,Medical Devices,Core,19.3,100.98,95.93,17.0,12.0,10.0,0.0,ok,-1.5,ok,2.79,,False,37.5,11.1,5.7,4.8,69.9,6.4,60.5,11.3,-10.4,-0.052,0.136,AVGO,,126,12.0,17.0,,False
395,CNC,Centene Corporation,Healthcare,Healthcare Plans,Core,32.1,65.02,64.96,13.0,14.5,10.0,0.0,ok,0.0,ok,-2.38,,False,37.5,12.2,30.0,4.6,11.4,-20.4,53.1,33.1,37.8,-0.007,0.1,AVGO,,126,14.5,15.0,,False
396,LYB,LyondellBasell Industries NV,Basic Materials,Specialty Chemicals,Cyclical,21.8,67.53,64.15,14.5,15.5,10.0,0.0,ok,-2.5,ok,3.27,,False,37.5,10.5,5.6,19.8,12.9,-2.3,68.1,14.2,8.4,-0.185,0.227,GOOG,,126,15.5,11.0,,False
397,JNJ,Johnson & Johnson,Healthcare,Drug Manufacturers - General,Core,651.3,270.24,256.73,18.5,8.9,10.0,0.0,ok,0.0,ok,0.81,,False,37.4,22.0,2.6,6.6,68.1,25.7,71.6,16.8,-1.7,-0.35,0.38,AVGO,,126,8.9,17.0,,False
398,GPC,Genuine Parts Company,Consumer Cyclical,Auto Parts,Core,18.5,133.96,127.26,14.5,14.4,10.0,0.0,ok,-1.5,ok,2.97,,False,37.4,16.1,5.0,6.0,37.6,0.7,62.1,12.9,4.1,0.031,0.148,GOOG,,126,14.4,11.0,,False
399,CPB,The Campbell's Company,Consumer Defensive,Packaged Foods,Speculative,7.1,23.95,22.75,16.0,14.9,10.0,0.0,ok,-3.5,ok,4.07,,False,37.4,12.5,8.4,-4.4,29.2,15.4,64.8,-0.8,-22.3,-0.167,0.299,AVGO,,126,14.9,16.0,,False
400,ZBRA,Zebra Technologies Corporation,Technology,Communication Equipment,Core,17.6,368.51,350.08,18.0,10.9,10.0,0.0,ok,-1.5,ok,2.37,,False,37.4,16.6,3.3,20.4,49.6,15.3,76.4,46.2,47.1,0.324,0.311,AVGO,,126,10.9,14.0,,False
401,OMC,Omnicom Group Inc.,Communication Services,Advertising Agencies,Growth,24.9,87.54,83.16,18.5,10.3,10.0,0.0,ok,-1.5,ok,2.2,,False,37.3,7.3,17.1,63.4,19.0,6.1,74.3,13.8,-2.7,0.063,0.131,BMNR,,126,10.3,13.0,,False
402,VZ,Verizon Communications Inc.,Communication Services,Telecom Services,Core,205.5,49.45,46.98,18.5,11.3,10.0,0.0,ok,-2.5,ok,3.76,,False,37.3,9.4,8.5,-0.7,59.5,15.8,68.4,10.6,-11.2,-0.228,0.277,NVDA,,126,11.3,16.0,,False
403,STT,State Street Corporation,Financial Services,Asset Management,Core,51.4,187.13,179.96,13.0,14.3,10.0,0.0,ok,0.0,financial_na,,,False,37.3,12.2,,-2.8,0.0,12.4,56.0,29.3,38.3,0.348,0.383,NVDA,,126,14.3,14.0,,False
404,DRI,"Darden Restaurants, Inc.",Consumer Cyclical,Restaurants,Core,25.2,221.6,210.52,18.0,11.8,10.0,0.0,ok,-2.5,ok,3.7,,False,37.3,17.9,3.1,13.7,21.7,53.7,65.9,11.9,-8.0,-0.071,0.11,MSFT,,126,11.8,11.0,,False
405,CASY,"Caseys General Stores, Inc.",Consumer Cyclical,Specialty Retail,Core,30.9,835.74,840.71,11.5,16.3,10.0,0.0,ok,-0.5,ok,1.6,,False,37.3,35.4,1.8,14.5,24.6,19.2,43.3,17.0,12.3,-0.087,0.139,MSFT,,126,16.3,11.0,,False
406,DELL,Dell Technologies Inc.,Technology,Computer Hardware,Growth,285.6,442.08,428.02,13.0,14.7,10.0,0.0,ok,-0.5,ok,1.45,,False,37.2,19.8,1.9,87.5,19.2,,52.9,86.8,260.0,0.288,0.371,AVGO,,126,14.7,13.0,,False
407,NDSN,Nordson Corporation,Industrials,Specialty Industrial Machinery,Core,18.5,332.24,315.63,18.0,9.6,10.0,0.0,ok,-0.5,ok,1.69,,False,37.1,25.9,3.4,10.3,55.4,17.8,75.9,21.2,3.2,0.228,0.281,AVGO,,126,9.6,15.0,,False
408,HII,"Huntington Ingalls Industries,",Industrials,Aerospace & Defense,Core,11.8,298.2,296.85,10.5,18.1,10.0,0.0,ok,-1.5,ok,2.5,,False,37.1,14.3,-2.6,10.9,12.4,13.0,26.0,-14.4,-43.9,0.218,0.301,MSFT,,126,18.1,14.0,,False
409,CBRE,CBRE Group Inc,Real Estate,Real Estate Services,Core,44.0,152.1,144.5,14.0,16.6,10.0,0.0,ok,-3.5,ok,4.21,,False,37.1,16.8,3.7,15.5,18.6,15.8,54.9,3.2,-6.7,0.183,0.26,MSFT,,126,16.6,17.0,,False
410,HAL,Halliburton Company,Energy,Oil & Gas Equipment & Services,Cyclical,29.5,35.34,34.18,15.5,12.0,10.0,0.0,ok,-0.5,ok,1.49,,False,37.0,12.2,7.0,3.7,15.1,14.9,70.2,3.1,-11.5,-0.061,0.086,BMNR,,126,12.0,14.0,,False
411,TAP,Molson Coors Beverage Company,Consumer Defensive,Beverages - Brewers,Speculative,8.0,42.94,40.89,13.5,15.0,10.0,0.0,ok,-1.5,ok,2.56,,False,37.0,8.7,11.7,-3.3,37.0,-19.5,55.4,-2.5,-24.5,-0.199,0.259,BMNR,,126,15.0,16.0,,False
412,VICI,VICI Properties Inc.,Real Estate,REIT - Diversified,Core,29.2,26.51,26.65,13.0,17.5,10.0,0.0,ok,-3.5,ok,4.82,,False,37.0,8.9,0.9,5.7,99.3,9.8,49.5,-4.6,-23.1,-0.132,0.27,AVGO,,126,17.5,17.0,,False
413,PKG,Packaging Corporation of Ameri,Consumer Cyclical,Packaging & Containers,Core,22.5,252.79,240.73,13.0,14.4,10.0,0.0,ok,-0.5,ok,1.91,,False,36.9,19.5,1.9,14.7,21.4,14.9,52.6,14.7,0.5,0.079,0.14,NVDA,,126,14.4,11.0,,False
414,KIM,Kimco Realty Corporation (HC),Real Estate,REIT - Retail,Core,16.1,24.02,25.16,17.0,14.9,10.0,0.0,ok,-5.0,ok,6.12,,False,36.9,26.9,5.4,4.9,68.9,5.8,22.5,5.6,-8.5,-0.121,0.173,AVGO,,126,14.9,17.0,,False
415,LITE,Lumentum Holdings Inc.,Technology,Communication Equipment,Growth,77.7,866.71,823.37,14.0,12.9,10.0,0.0,ok,0.0,ok,-1.33,,False,36.9,26.3,0.3,109.3,44.2,-240.0,56.2,32.8,16.2,0.322,0.405,NVDA,,126,12.9,14.0,,False
416,COR,"Cencora, Inc.",Healthcare,Medical Distribution,Core,60.7,318.04,302.44,14.5,13.8,10.0,0.0,ok,-1.5,ok,2.1,,False,36.8,16.1,3.4,5.1,4.0,96.9,56.2,-1.5,-25.1,-0.175,0.244,NVDA,,126,13.8,15.0,,False
417,LIN,Linde plc,Basic Materials,Specialty Chemicals,Cyclical,224.8,487.57,507.67,13.5,13.8,10.0,0.0,ok,-0.5,ok,1.67,,False,36.8,24.9,1.9,9.3,48.3,18.4,56.5,2.3,-14.0,-0.143,0.141,AVGO,,126,13.8,12.0,,False
418,XYZ,"Block, Inc.",Technology,Software - Infrastructure,Core,49.4,82.16,78.46,11.0,15.8,10.0,0.0,ok,0.0,ok,0.28,,False,36.8,15.8,-0.1,9.3,46.6,1.6,50.2,20.9,49.7,0.389,0.314,BMNR,,126,15.8,16.0,,False
419,EQIX,"Equinix, Inc.",Real Estate,REIT - Specialty,Core,105.1,1065.39,1052.76,17.0,13.3,10.0,0.0,ok,-3.5,ok,4.93,,False,36.8,57.0,3.6,16.7,52.0,10.7,60.1,12.5,1.0,0.112,0.191,NVDA,,126,13.3,16.0,,False
420,DIS,Walt Disney Company (The),Communication Services,Entertainment,Core,186.1,107.78,102.39,14.5,12.7,10.0,0.0,ok,-0.5,ok,1.95,,False,36.7,14.5,2.6,6.8,37.6,8.0,73.6,3.6,-9.0,0.236,0.345,GOOG,,126,12.7,13.0,,False
421,SMCI,"Super Micro Computer, Inc.",Technology,Computer Hardware,Growth,24.1,37.24,35.38,13.5,13.2,10.0,0.0,ok,0.0,ok,0.63,,False,36.7,7.0,-34.2,93.2,10.8,21.5,71.6,18.4,9.0,0.439,0.513,NVDA,,126,13.2,13.0,,False
422,ES,Eversource Energy (D/B/A),Utilities,Utilities - Regulated Electric,Core,26.4,70.21,72.58,14.5,15.7,10.0,0.0,ok,-3.5,ok,5.67,,False,36.7,14.3,3.1,2.3,52.8,9.0,37.9,1.3,-16.3,-0.176,0.178,MSFT,,126,15.7,19.0,,False
423,HRL,Hormel Foods Corporation,Consumer Defensive,Packaged Foods,Core,13.1,23.88,24.91,10.5,16.1,10.0,0.0,ok,0.0,ok,-0.26,,False,36.6,15.3,3.6,-2.9,15.8,5.8,26.1,3.0,-16.0,-0.096,0.154,AVGO,,126,16.1,16.0,,False
424,WMB,"Williams Companies, Inc. (The)",Energy,Oil & Gas Midstream,Cyclical,86.2,70.49,73.32,15.0,15.1,10.0,0.0,ok,-3.5,ok,4.35,,False,36.6,26.9,-1.8,7.8,63.6,21.5,50.2,1.9,-15.0,-0.141,0.142,MSFT,,126,15.1,14.0,,False
425,BA,Boeing Company (The),Industrials,Aerospace & Defense,Core,169.2,214.2,221.87,14.5,16.1,10.0,0.0,ok,-4.0,neg_ebitda_debt,,,False,36.6,52.0,3.3,8.0,4.7,173.5,26.3,-2.4,-19.3,0.406,0.387,GOOG,,126,16.1,14.0,,False
426,BAX,Baxter International Inc.,Healthcare,Medical Instruments & Supplies,Core,13.6,26.34,25.02,14.5,14.6,10.0,0.0,ok,-2.5,ok,3.99,,False,36.6,12.9,7.3,5.3,34.1,-14.4,33.9,32.0,11.7,0.277,0.3,MSFT,,126,14.6,15.0,,False
427,MET,"MetLife, Inc.",Financial Services,Insurance - Life,Core,60.0,94.34,92.41,10.0,16.5,10.0,0.0,ok,0.0,financial_na,,,False,36.5,8.7,-35.0,10.5,24.0,13.1,42.7,17.2,14.1,0.193,0.251,MSFT,,126,16.5,14.0,,False
428,RSG,"Republic Services, Inc.",Industrials,Waste Management,Core,67.6,220.67,214.87,16.0,12.0,10.0,0.0,ok,-1.5,ok,2.7,,False,36.5,27.4,2.9,4.6,43.0,18.2,75.1,3.2,-12.2,-0.422,0.418,AVGO,,126,12.0,15.0,,False
429,ATO,Atmos Energy Corporation,Utilities,Utilities - Regulated Gas,Core,28.2,166.85,173.41,11.5,17.5,10.0,0.0,ok,-2.5,ok,3.74,,False,36.5,18.5,-7.9,4.8,62.2,9.8,26.7,-5.0,-20.4,-0.318,0.308,MSFT,,126,17.5,20.0,,False
430,VRTX,Vertex Pharmaceuticals Incorpo,Healthcare,Biotechnology,Core,138.8,548.05,520.65,17.0,9.4,10.0,0.0,ok,0.0,ok,-1.15,,False,36.4,24.9,1.9,12.5,55.0,23.5,75.7,19.1,1.7,-0.011,0.169,AVGO,,126,9.4,16.0,,False
431,WEC,"WEC Energy Group, Inc.",Utilities,Utilities - Regulated Electric,Core,34.5,106.01,112.76,12.0,17.8,10.0,0.0,ok,-3.5,ok,5.79,,False,36.3,17.7,-6.8,2.6,41.9,12.0,37.6,-4.5,-19.9,-0.324,0.284,AVGO,,126,17.8,19.0,,False
432,ABT,Abbott Laboratories,Healthcare,Medical Devices,Core,203.2,116.64,110.81,17.0,10.7,10.0,0.0,ok,-1.5,ok,2.32,,False,36.2,19.2,3.5,13.0,56.8,10.6,80.7,9.5,-10.4,-0.087,0.287,AVGO,,126,10.7,16.0,,False
433,CTVA,"Corteva, Inc.",Basic Materials,Agricultural Inputs,Cyclical,54.6,81.79,81.86,15.0,11.2,10.0,0.0,ok,0.0,ok,0.59,,False,36.2,19.8,4.4,-1.2,49.5,4.3,71.5,7.3,-5.0,-0.199,0.257,MSFT,,126,11.2,12.0,,False
434,AEHR,Aehr Test Systems,Technology,Semiconductor Equipment & Mate,Growth,3.3,101.73,96.64,10.5,15.7,10.0,0.0,ok,0.0,neg_ebitda_low_debt,,,False,36.2,73.5,-0.1,33.7,35.3,-4.2,53.8,70.6,184.2,0.461,0.483,AVGO,,126,15.7,13.0,,False
435,TSN,"Tyson Foods, Inc.",Consumer Defensive,Farm Products,Core,20.6,58.48,57.93,11.0,16.7,10.0,0.0,ok,-1.5,ok,2.62,,False,36.2,13.1,5.8,-0.1,6.6,3.3,43.5,-2.8,-18.6,-0.099,0.224,NVDA,,126,16.7,16.0,,False
436,MDT,Medtronic plc.,Healthcare,Medical Devices,Core,119.5,93.35,88.68,15.5,11.2,10.0,0.0,ok,-0.5,ok,1.97,,False,36.2,14.6,3.9,9.9,65.3,9.8,74.6,4.6,-16.8,-0.061,0.26,AVGO,,126,11.2,17.0,,False
437,BLDR,"Builders FirstSource, Inc.",Industrials,Building Products & Equipment,Speculative,7.6,70.21,75.79,14.5,15.2,10.0,0.0,ok,-3.5,ok,5.06,,False,36.2,15.7,6.1,-8.8,29.2,2.5,46.4,-23.8,-46.8,0.207,0.29,NVDA,,126,15.2,14.0,,False
438,COO,"The Cooper Companies, Inc.",Healthcare,Medical Instruments & Supplies,Core,14.9,76.22,72.41,14.5,13.1,10.0,0.0,ok,-1.5,ok,2.92,,False,36.1,15.3,2.9,7.9,65.6,2.9,60.4,3.9,-20.3,-0.01,0.205,GOOG,,126,13.1,17.0,,False
439,PFE,"Pfizer, Inc.",Healthcare,Drug Manufacturers - General,Core,160.0,28.07,26.67,18.0,9.6,10.0,0.0,ok,-1.5,ok,2.04,,False,36.1,9.7,7.8,2.6,74.7,5.0,77.9,9.6,-6.8,-0.028,0.181,AVGO,,126,9.6,17.0,,False
440,PCAR,PACCAR Inc.,Industrials,Farm & Heavy Construction Mach,Core,69.0,131.03,126.43,13.0,13.6,10.0,0.0,ok,-0.5,ok,1.88,,False,36.1,18.4,2.8,0.5,13.7,12.8,47.5,11.2,-8.0,0.219,0.276,NVDA,,126,13.6,14.0,,False
441,VTR,"Ventas, Inc.",Real Estate,REIT - Healthcare Facilities,Core,47.7,93.06,91.21,16.5,13.0,10.0,0.0,ok,-3.5,ok,5.34,,False,36.0,101.7,3.1,21.7,40.0,2.0,56.8,10.8,-4.1,-0.291,0.346,AVGO,,126,13.0,15.0,,False
442,GILD,"Gilead Sciences, Inc.",Healthcare,Drug Manufacturers - General,Core,181.2,146.12,138.81,17.0,9.3,10.0,0.0,ok,-0.5,ok,1.46,,False,35.8,14.8,5.4,10.2,79.6,-20.7,73.1,10.2,-14.2,0.053,0.141,GOOG,,126,9.3,17.0,,False
443,ARE,Alexandria Real Estate Equitie,Real Estate,REIT - Office,Speculative,9.2,53.49,50.82,15.0,15.8,10.0,0.0,ok,-5.0,ok,7.13,,False,35.8,,14.6,-11.9,68.2,-4.1,51.1,7.8,-11.1,0.073,0.115,BMNR,,126,15.8,17.0,,False
444,KMI,"Kinder Morgan, Inc.",Energy,Oil & Gas Midstream,Cyclical,68.9,30.98,32.03,14.5,14.8,10.0,0.0,ok,-3.5,ok,4.23,,False,35.8,20.1,1.6,10.8,49.4,11.0,46.4,1.3,-16.6,-0.28,0.222,AVGO,,126,14.8,13.0,,False
445,ABBV,AbbVie Inc.,Healthcare,Drug Manufacturers - General,Core,468.2,264.96,251.71,17.5,9.7,10.0,0.0,ok,-1.5,ok,2.09,,False,35.7,16.3,3.6,10.2,72.8,,74.4,17.7,4.2,-0.304,0.343,AVGO,,126,9.7,17.0,,False
446,KO,Coca-Cola Company (The),Consumer Defensive,Beverages - Non-Alcoholic,Core,392.0,91.1,86.54,17.0,9.2,10.0,0.0,ok,-0.5,ok,1.64,,False,35.7,25.8,1.3,6.7,61.9,42.1,78.5,18.0,1.6,-0.238,0.305,AVGO,,126,9.2,18.0,,False
447,SO,Southern Company (The),Utilities,Utilities - Regulated Electric,Core,102.3,88.94,94.44,12.5,16.5,10.0,0.0,ok,-3.5,ok,5.2,,False,35.5,18.1,-3.8,0.1,48.3,11.5,24.3,-3.1,-18.0,-0.31,0.27,AVGO,,126,16.5,19.0,,False
448,PPL,PPL Corporation,Utilities,Utilities - Regulated Electric,Core,25.9,34.38,35.81,10.5,18.5,10.0,0.0,ok,-3.5,ok,5.33,,False,35.5,16.2,-7.5,4.2,44.1,8.6,41.0,-5.1,-19.3,-0.215,0.246,AVGO,,126,18.5,19.0,,False
449,MDLZ,"Mondelez International, Inc.",Consumer Defensive,Confectioners,Core,82.7,64.45,61.33,16.0,12.0,10.0,0.0,ok,-2.5,ok,3.35,,False,35.5,19.2,2.7,4.1,31.1,13.3,66.9,10.2,-4.6,-0.287,0.31,AVGO,,126,12.0,16.0,,False
450,NEE,"NextEra Energy, Inc.",Utilities,Utilities - Regulated Electric,Core,174.5,83.65,87.15,14.0,16.4,10.0,0.0,ok,-5.0,ok,7.35,,False,35.4,19.0,-10.2,12.4,61.0,11.7,30.5,-4.5,-22.7,-0.108,0.264,MSFT,,126,16.4,20.0,,False
451,PSKY,Paramount Skydance Corporation,Communication Services,Entertainment,Core,11.6,10.35,9.83,14.5,14.4,10.0,0.0,ok,-3.5,ok,4.4,,False,35.4,12.0,,0.9,33.3,-0.9,88.7,-7.6,-13.7,0.075,0.118,GOOG,,126,14.4,13.0,fcf_yield_out_of_range(151.9),False
452,WULF,TeraWulf Inc.,Financial Services,Capital Markets,Speculative,7.8,15.64,20.78,7.0,18.4,10.0,0.0,ok,0.0,financial_na,,,False,35.4,,-3.0,-6.0,,-1211.8,33.6,-11.9,-12.5,0.478,0.444,NVDA,,126,18.4,16.0,,False
453,IP,International Paper Company,Consumer Cyclical,Packaging & Containers,Core,22.0,41.49,39.42,13.5,13.4,10.0,0.0,ok,-1.5,ok,2.33,,False,35.4,13.9,7.5,-2.2,29.6,-16.5,50.2,8.7,-18.8,0.112,0.201,NVDA,,126,13.4,11.0,,False
454,EL,"Estee Lauder Companies, Inc. (",Consumer Defensive,Household & Personal Products,Core,36.9,101.94,96.84,17.0,9.7,10.0,0.0,ok,-1.5,ok,2.34,,False,35.2,26.1,4.9,6.3,75.5,4.7,75.9,11.5,-21.8,0.245,0.321,BMNR,,126,9.7,18.0,,False
455,TRGP,"Targa Resources, Inc.",Energy,Oil & Gas Midstream,Cyclical,64.1,299.1,284.15,16.0,11.7,10.0,0.0,ok,-2.5,ok,3.54,,False,35.2,24.8,0.1,4.2,43.2,70.8,71.8,29.5,17.4,-0.263,0.216,AVGO,,126,11.7,13.0,,False
456,TMO,Thermo Fisher Scientific Inc,Healthcare,Diagnostics & Research,Core,232.7,629.27,597.81,17.0,10.7,10.0,0.0,ok,-2.5,ok,3.28,,False,35.2,22.9,2.7,10.5,41.0,13.5,74.5,18.0,9.7,0.121,0.147,MSFT,,126,10.7,16.0,,False
457,REGN,"Regeneron Pharmaceuticals, Inc",Healthcare,Biotechnology,Core,85.9,834.04,792.34,17.0,8.2,10.0,0.0,ok,0.0,ok,-1.12,,False,35.2,13.8,3.6,16.7,44.5,14.0,78.7,15.2,-6.3,0.217,0.244,BMNR,,126,8.2,16.0,,False
458,ETR,Entergy Corporation,Utilities,Utilities - Regulated Electric,Core,48.8,104.62,111.43,12.0,16.7,10.0,0.0,ok,-3.5,ok,5.56,,False,35.2,20.5,-9.0,5.9,47.0,10.2,37.7,0.2,-11.9,-0.173,0.247,MSFT,,126,16.7,19.0,,False
459,TSCO,Tractor Supply Company,Consumer Cyclical,Specialty Retail,Core,18.2,34.98,33.23,14.5,13.1,10.0,0.0,ok,-2.5,ok,3.27,,False,35.1,17.1,0.6,2.3,36.5,39.5,69.7,-18.2,-47.0,0.056,0.096,BMNR,,126,13.1,11.0,,False
460,CARR,Carrier Global Corporation,Industrials,Building Products & Equipment,Core,50.1,60.37,67.32,10.5,17.0,10.0,0.0,ok,-2.5,ok,3.57,,False,35.0,18.3,1.7,3.9,24.7,9.0,34.9,-1.2,-16.8,0.207,0.294,GOOG,,126,17.0,14.0,,False
461,BIIB,Biogen Inc.,Healthcare,Drug Manufacturers - General,Core,32.0,216.78,205.94,15.5,11.0,10.0,0.0,ok,-1.5,ok,2.1,,False,35.0,13.1,4.0,3.4,78.3,4.6,66.7,15.3,-1.8,-0.132,0.168,NVDA,,126,11.0,17.0,,False
462,SJM,The J.M. Smucker Company,Consumer Defensive,Packaged Foods,Core,13.3,124.32,118.1,16.0,11.4,10.0,0.0,ok,-2.5,ok,3.67,,False,34.9,11.5,7.6,5.8,34.3,-2.4,66.7,18.9,1.0,-0.242,0.337,AVGO,,126,11.4,16.0,,False
463,BALL,Ball Corporation,Consumer Cyclical,Packaging & Containers,Core,16.9,63.59,61.93,14.0,13.4,10.0,0.0,ok,-2.5,ok,3.41,,False,34.9,14.1,2.2,19.7,18.6,17.2,39.8,9.2,-17.2,0.012,0.132,GOOG,,126,13.4,11.0,,False
464,NSC,Norfolk Southern Corporation,Industrials,Railroads,Core,78.8,350.72,333.18,15.5,10.9,10.0,0.0,ok,-1.5,ok,2.84,,False,34.9,24.5,1.8,11.4,45.2,17.0,66.6,15.1,-0.4,-0.143,0.176,MSFT,,126,10.9,15.0,,False
465,QBTS,D-Wave Quantum Inc.,Technology,Computer Hardware,Speculative,7.6,20.39,20.62,7.0,19.9,10.0,-2.0,ok,0.0,neg_ebitda_low_debt,,,False,34.9,,-1.0,-0.6,,-28.0,51.8,-7.4,0.7,0.545,0.52,BMNR,,126,19.9,15.0,,False
466,AXON,"Axon Enterprise, Inc.",Industrials,Aerospace & Defense,Growth,51.0,627.75,596.36,14.0,15.8,10.0,0.0,ok,-5.0,ok,7.01,,False,34.8,59.4,0.4,35.3,59.5,6.2,56.7,23.9,36.0,0.291,0.349,MSFT,,126,15.8,15.0,,False
467,MRK,"Merck & Company, Inc.",Healthcare,Drug Manufacturers - General,Core,376.4,152.55,144.92,16.0,9.3,10.0,0.0,ok,-0.5,ok,1.62,,False,34.8,16.0,4.0,5.1,75.9,7.0,86.7,32.8,11.9,-0.182,0.277,AVGO,,126,9.3,17.0,,False
468,SLB,SLB Limited,Energy,Oil & Gas Equipment & Services,Cyclical,80.0,53.87,51.18,13.0,12.2,10.0,0.0,ok,-0.5,ok,1.18,,False,34.7,16.7,3.7,5.0,17.0,12.9,67.6,12.3,-7.1,0.081,0.121,AVGO,,126,12.2,14.0,,False
469,UCTT,"Ultra Clean Holdings, Inc.",Technology,Semiconductor Equipment & Mate,Speculative,3.4,76.43,98.16,9.0,18.1,10.0,0.0,ok,-2.5,ok,3.74,,False,34.6,13.0,-2.4,24.3,15.8,-1.6,39.5,17.8,12.2,0.365,0.459,AVGO,,126,18.1,13.0,,False
470,DUK,Duke Energy Corporation (Holdi,Utilities,Utilities - Regulated Electric,Core,93.4,119.85,125.57,11.0,17.1,10.0,0.0,ok,-3.5,ok,5.51,,False,34.6,16.7,-4.8,1.1,52.0,9.9,35.1,-2.8,-17.6,-0.382,0.316,AVGO,,126,17.1,19.0,,False
471,AEP,American Electric Power Compan,Utilities,Utilities - Regulated Electric,Core,65.8,120.94,130.83,12.0,16.1,10.0,0.0,ok,-3.5,ok,5.86,,False,34.6,17.6,-9.1,7.0,46.4,10.1,26.6,-4.0,-20.0,-0.26,0.265,MSFT,,126,16.1,19.0,,False
472,IQV,"IQVIA Holdings, Inc.",Healthcare,Diagnostics & Research,Core,42.8,259.82,246.83,17.5,10.5,10.0,0.0,ok,-3.5,ok,4.65,,False,34.5,18.0,5.0,8.7,33.0,22.8,71.8,30.2,47.8,0.035,0.105,GOOG,,126,10.5,15.0,,False
473,HSIC,"Henry Schein, Inc.",Healthcare,Medical Distribution,Core,10.1,88.5,85.64,14.5,12.5,10.0,0.0,ok,-2.5,ok,3.39,,False,34.5,14.8,4.4,6.7,31.3,8.9,60.3,13.2,-2.4,0.1,0.177,GOOG,,126,12.5,15.0,,False
474,CPT,Camden Property Trust,Real Estate,REIT - Residential,Core,10.8,107.59,112.28,11.0,17.0,10.0,0.0,ok,-3.5,ok,5.4,,False,34.5,98.7,1.3,-0.8,61.6,7.9,39.2,1.1,-11.7,-0.167,0.296,AVGO,,126,17.0,17.0,,False
475,IREN,IREN LIMITED,Financial Services,Capital Markets,Core,15.0,41.88,43.56,9.5,17.0,10.0,-2.0,ok,0.0,financial_na,,,False,34.5,,-15.4,-0.0,68.4,7.7,54.8,-10.2,-13.4,0.553,0.491,BMNR,,126,17.0,16.0,,False
476,ADM,Archer-Daniels-Midland Company,Consumer Defensive,Farm Products,Core,38.7,80.3,80.04,11.5,14.5,10.0,0.0,ok,-1.5,ok,2.75,,False,34.5,14.1,3.0,7.2,6.9,7.6,56.8,13.5,6.4,-0.114,0.118,GOOG,,126,14.5,16.0,,False
477,CNP,"CenterPoint Energy, Inc (Holdi",Utilities,Utilities - Regulated Electric,Core,25.5,38.77,42.64,11.5,17.9,10.0,0.0,ok,-5.0,ok,6.28,,False,34.4,18.6,-20.3,10.7,47.0,9.8,17.9,-6.3,-21.8,-0.296,0.284,AVGO,,126,17.9,19.0,,False
478,AEE,Ameren Corporation,Utilities,Utilities - Regulated Electric,Core,29.4,106.13,110.96,11.0,16.9,10.0,0.0,ok,-3.5,ok,5.57,,False,34.4,18.3,-6.1,-6.2,52.4,11.9,33.8,-1.1,-16.1,-0.267,0.256,AVGO,,126,16.9,19.0,,False
479,YUM,"Yum! Brands, Inc.",Consumer Cyclical,Restaurants,Core,41.8,152.99,153.23,14.0,13.9,10.0,0.0,ok,-3.5,ok,4.15,,False,34.4,20.5,2.0,12.2,45.3,,56.2,-0.8,-20.3,-0.027,0.088,AVGO,,126,13.9,12.0,,False
480,ED,"Consolidated Edison, Inc.",Utilities,Utilities - Regulated Electric,Core,39.3,106.35,109.85,12.0,15.9,10.0,0.0,ok,-3.5,ok,4.36,,False,34.4,16.4,-2.1,13.2,53.4,9.0,42.1,0.3,-16.6,-0.451,0.38,AVGO,,126,15.9,19.0,,False
481,FE,FirstEnergy Corp.,Utilities,Utilities - Regulated Electric,Core,26.6,45.96,47.9,11.5,16.3,10.0,0.0,ok,-3.5,ok,5.33,,False,34.3,15.6,-7.5,8.8,68.6,9.5,21.5,-2.3,-20.2,-0.224,0.286,AVGO,,126,16.3,20.0,,False
482,AMCR,Amcor plc,Consumer Cyclical,Packaging & Containers,Core,22.5,48.59,46.16,16.0,10.8,10.0,0.0,ok,-2.5,ok,3.97,,False,34.3,10.8,6.7,25.9,20.0,9.4,64.0,14.9,-14.9,0.181,0.295,GOOG,,126,10.8,11.0,,False
483,WAT,Waters Corporation,Healthcare,Diagnostics & Research,Growth,40.3,410.7,390.17,14.0,12.7,10.0,0.0,ok,-2.5,ok,3.4,,False,34.2,24.8,-0.4,113.4,56.3,1.9,70.3,14.4,13.1,0.193,0.206,AVGO,,126,12.7,16.0,,False
484,LNT,Alliant Energy Corporation,Utilities,Utilities - Regulated Electric,Core,17.6,67.86,73.25,12.0,17.2,10.0,0.0,ok,-5.0,ok,6.61,,False,34.2,18.4,-6.5,1.0,44.5,11.1,30.2,-3.0,-17.2,-0.289,0.258,AVGO,,126,17.2,19.0,,False
485,CRWV,"CoreWeave, Inc.",Technology,Software - Infrastructure,Growth,48.5,87.85,89.92,12.5,16.5,10.0,0.0,ok,-5.0,ok,12.16,,False,34.0,,-18.8,112.5,67.4,-43.6,51.7,-4.5,-15.5,0.498,0.516,NVDA,,126,16.5,17.0,,False
486,NBIS,Nebius Group N.V.,Communication Services,Internet Content & Information,Growth,55.6,219.13,223.1,13.5,15.5,10.0,0.0,ok,-5.0,ok,8.35,,False,34.0,,-17.3,454.0,74.3,0.6,51.5,46.8,105.6,0.411,0.473,NVDA,,126,15.5,15.0,,False
487,J,Jacobs Solutions Inc.,Industrials,Engineering & Construction,Growth,17.7,150.08,142.58,13.5,11.9,10.0,0.0,ok,-1.5,ok,2.72,,False,33.9,18.2,3.6,34.5,22.1,8.0,74.0,13.0,1.6,0.121,0.156,BMNR,,126,11.9,14.0,,False
488,DGX,Quest Diagnostics Incorporated,Healthcare,Diagnostics & Research,Core,27.0,244.39,232.17,15.5,9.9,10.0,0.0,ok,-1.5,ok,2.55,,False,33.9,20.3,3.4,10.2,33.2,14.6,78.1,23.7,6.1,-0.233,0.273,AVGO,,126,9.9,15.0,,False
489,OKE,"ONEOK, Inc.",Energy,Oil & Gas Midstream,Growth,58.8,93.33,90.23,15.0,12.4,10.0,0.0,ok,-3.5,ok,4.28,,False,33.9,14.8,1.5,52.8,27.2,16.3,64.5,12.8,-4.1,-0.382,0.305,AVGO,,126,12.4,12.0,,False
490,AWK,"American Water Works Company, ",Utilities,Utilities - Regulated Water,Core,26.9,135.39,132.73,13.0,14.3,10.0,0.0,ok,-3.5,ok,5.44,,False,33.8,20.6,-6.6,6.2,61.5,10.1,61.9,4.0,-9.6,-0.403,0.362,AVGO,,126,14.3,20.0,,False
491,DHR,Danaher Corporation,Healthcare,Diagnostics & Research,Core,153.8,218.85,207.91,14.5,10.7,10.0,0.0,ok,-1.5,ok,2.93,,False,33.7,23.5,2.8,5.5,58.8,7.6,72.8,8.0,-8.3,0.027,0.177,AVGO,,126,10.7,16.0,,False
492,D,"Dominion Energy, Inc.",Utilities,Utilities - Regulated Electric,Core,58.6,66.6,69.13,11.5,17.1,10.0,0.0,ok,-5.0,ok,6.43,,False,33.6,17.5,-15.7,17.6,46.2,8.3,35.9,4.9,-7.4,-0.155,0.183,MSFT,,126,17.1,19.0,,False
493,EVRG,"Evergy, Inc.",Utilities,Utilities - Regulated Electric,Core,18.7,80.92,84.69,10.5,16.5,10.0,0.0,ok,-3.5,ok,5.8,,False,33.5,17.7,-7.7,4.4,52.7,9.3,36.5,1.0,-12.9,-0.274,0.279,AVGO,,126,16.5,19.0,,False
494,CLX,Clorox Company (The),Consumer Defensive,Household & Personal Products,Core,12.9,106.69,101.36,15.0,11.9,10.0,0.0,ok,-3.5,ok,4.79,,False,33.4,17.0,0.9,-2.0,42.3,163.8,70.1,4.2,-27.0,-0.004,0.29,GOOG,,126,11.9,17.0,,False
495,BDX,"Becton, Dickinson and Company",Healthcare,Medical Instruments & Supplies,Core,52.3,192.0,182.4,17.0,7.9,10.0,0.0,ok,-1.5,ok,2.63,,False,33.4,14.4,8.6,5.4,46.9,6.6,85.3,22.2,-7.4,0.017,0.228,AVGO,,126,7.9,16.0,,False
496,CMS,CMS Energy Corporation,Utilities,Utilities - Regulated Electric,Core,21.1,68.27,73.55,9.5,18.9,10.0,0.0,ok,-5.0,ok,6.32,,False,33.4,16.4,-10.4,-0.5,40.3,9.2,28.7,-6.8,-22.1,-0.335,0.304,MSFT,,126,18.9,19.0,,False
497,EXC,Exelon Corporation,Utilities,Utilities - Regulated Electric,Core,45.1,43.78,46.21,10.5,17.9,10.0,0.0,ok,-5.0,ok,6.09,,False,33.4,14.4,-6.0,9.9,42.4,9.7,33.4,-4.6,-20.6,-0.336,0.282,AVGO,,126,17.9,19.0,,False
498,SBUX,Starbucks Corporation,Consumer Cyclical,Restaurants,Core,122.1,107.08,104.45,13.0,12.9,10.0,0.0,ok,-2.5,ok,3.34,,False,33.4,34.4,2.5,-1.4,22.3,,61.0,11.6,1.4,0.173,0.168,AVGO,,126,12.9,11.0,,False
499,EIX,Edison International,Utilities,Utilities - Regulated Electric,Core,27.5,71.59,74.12,13.5,13.2,10.0,0.0,ok,-3.5,ok,4.85,,False,33.2,11.0,0.3,-4.1,61.0,19.7,50.4,6.0,-15.2,-0.207,0.233,MSFT,,126,13.2,20.0,,False
500,HLT,Hilton Worldwide Holdings Inc.,Consumer Cyclical,Lodging,Core,73.5,326.63,329.88,14.0,12.6,10.0,0.0,ok,-3.5,ok,4.21,,False,33.1,31.2,1.9,2.5,79.0,,59.3,5.3,-7.4,0.222,0.315,GOOG,,126,12.6,13.0,,False
501,GM,General Motors Company,Consumer Cyclical,Auto Manufacturers,Core,79.5,87.93,83.53,14.0,14.1,10.0,0.0,ok,-5.0,ok,6.32,,False,33.1,5.9,27.6,1.9,10.2,3.2,50.7,11.4,-1.6,0.334,0.409,BMNR,,126,14.1,11.0,,False
502,SOUN,"SoundHound AI, Inc.",Technology,Software - Application,Growth,3.3,7.32,6.95,11.5,13.5,10.0,-2.0,ok,0.0,neg_ebitda_low_debt,,,False,33.0,,-1.4,45.0,42.3,-32.2,65.3,-15.6,-18.7,0.612,0.489,BMNR,,126,13.5,16.0,,False
503,LH,Labcorp Holdings Inc.,Healthcare,Diagnostics & Research,Core,27.3,336.34,319.52,14.5,9.9,10.0,0.0,ok,-1.5,ok,2.88,,False,32.9,17.0,3.3,5.8,28.9,11.7,84.5,23.9,6.0,0.019,0.148,MSFT,,126,9.9,15.0,,False
504,SRE,DBA Sempra,Utilities,Utilities - Diversified,Core,54.2,82.89,90.32,9.5,18.3,10.0,0.0,ok,-5.0,ok,6.23,,False,32.8,15.0,-51.0,-0.1,44.0,6.7,35.0,-9.0,-23.1,-0.182,0.201,MSFT,,126,18.3,19.0,,False
505,IRM,Iron Mountain Incorporated (De,Real Estate,REIT - Specialty,Core,36.3,122.02,124.65,13.0,14.8,10.0,0.0,ok,-5.0,ok,7.74,,False,32.8,44.7,-1.2,18.5,54.2,,46.2,12.9,-1.6,0.308,0.295,AVGO,,126,14.8,16.0,,False
506,WELL,Welltower Inc.,Real Estate,REIT - Healthcare Facilities,Growth,172.4,239.22,232.02,14.0,12.1,10.0,0.0,ok,-3.5,ok,5.32,,False,32.6,74.1,1.6,39.1,39.6,3.8,59.0,15.1,2.7,-0.228,0.309,AVGO,,126,12.1,15.0,,False
507,SW,Smurfit WestRock plc,Consumer Cyclical,Packaging & Containers,Core,25.9,49.39,46.92,13.0,10.8,10.0,0.0,ok,-1.5,ok,2.95,,False,32.3,14.7,4.7,1.1,18.2,2.7,58.8,19.3,-4.3,0.189,0.235,NVDA,,126,10.8,11.0,,False
508,PNW,Pinnacle West Capital Corporat,Utilities,Utilities - Regulated Electric,Core,11.8,97.36,104.09,10.5,16.8,10.0,0.0,ok,-5.0,ok,7.68,,False,32.3,17.5,-7.9,7.1,43.4,9.4,32.3,0.1,-13.6,-0.287,0.28,AVGO,,126,16.8,19.0,,False
509,TSLA,"Tesla, Inc.",Consumer Cyclical,Auto Manufacturers,Core,1433.1,362.86,365.86,11.0,13.3,10.0,-2.0,ok,0.0,ok,-2.55,,False,32.3,,0.3,25.5,18.9,4.7,72.7,-10.0,-21.5,0.537,0.48,BMNR,,126,13.3,11.0,,False
510,FCX,"Freeport-McMoRan, Inc.",Basic Materials,Copper,Cyclical,110.1,76.66,72.83,12.5,9.7,10.0,0.0,ok,0.0,ok,0.66,,False,32.2,18.6,2.0,-7.3,38.3,14.8,73.0,29.8,5.0,0.49,0.508,BMNR,,126,9.7,11.0,,False
511,DOW,Dow Inc.,Basic Materials,Chemicals,Cyclical,23.4,32.35,30.73,9.0,15.6,10.0,0.0,ok,-2.5,ok,3.84,,False,32.1,17.8,1.0,19.7,9.8,-5.5,63.8,4.6,-4.2,-0.162,0.188,GOOG,,126,15.6,11.0,,False
512,LUV,Southwest Airlines Company,Industrials,Airlines,Core,19.8,40.38,47.1,10.5,12.0,10.0,0.0,ok,-0.5,ok,1.33,,True,32.0,8.2,-4.2,16.4,22.4,11.1,23.4,-5.2,-32.6,0.393,0.406,GOOG,,126,16.8,14.0,,False
513,DTE,DTE Energy Company,Utilities,Utilities - Regulated Electric,Core,28.1,135.22,145.96,9.5,17.0,10.0,0.0,ok,-5.0,ok,7.69,,False,31.5,16.2,-9.2,-1.5,29.3,11.0,29.5,-4.0,-18.8,-0.243,0.235,MSFT,,126,17.0,18.0,,False
514,AI,"C3.ai, Inc.",Technology,Software - Infrastructure,Speculative,1.6,10.3,9.79,6.0,17.4,10.0,-2.0,ok,0.0,neg_ebitda_low_debt,,,False,31.4,,-1.7,-52.5,,-63.0,59.0,-5.2,-7.0,0.555,0.473,MSFT,,126,17.4,15.0,,False
515,OKLO,Oklo Inc.,Utilities,Utilities - Independent Power ,Speculative,7.8,42.09,47.4,8.0,15.3,10.0,-2.0,ok,0.0,neg_ebitda_low_debt,,,False,31.3,,-3.1,,,-7.7,51.6,-38.3,-45.5,0.561,0.558,BMNR,,126,15.3,19.0,,False
516,XEL,Xcel Energy Inc.,Utilities,Utilities - Regulated Electric,Core,47.7,76.3,79.31,9.5,16.7,10.0,0.0,ok,-5.0,ok,6.47,,False,31.2,16.8,-16.6,-5.1,46.8,9.9,42.2,-2.8,-20.0,-0.21,0.234,MSFT,,126,16.7,19.0,,False
517,CAG,"ConAgra Brands, Inc.",Consumer Defensive,Packaged Foods,Speculative,7.9,16.43,15.61,14.5,10.2,10.0,0.0,ok,-3.5,ok,4.17,,False,31.2,10.6,10.9,3.6,24.0,-25.1,77.9,5.4,-22.9,-0.153,0.323,AVGO,,126,10.2,16.0,,False
518,APD,"Air Products and Chemicals, In",Basic Materials,Specialty Chemicals,Cyclical,67.9,305.1,295.16,11.0,12.4,10.0,0.0,ok,-2.5,ok,3.71,,False,30.9,21.1,-2.2,4.6,32.1,0.0,63.6,9.4,-3.8,-0.017,0.102,GOOG,,126,12.4,11.0,,False
519,MRNA,"Moderna, Inc.",Healthcare,Biotechnology,Core,57.9,145.13,137.87,9.0,11.5,10.0,0.0,ok,0.0,neg_ebitda_low_debt,,,False,30.5,,0.5,2.1,,-39.0,74.7,197.8,176.4,0.089,0.267,BMNR,,126,11.5,15.0,,False
520,WBD,"Warner Bros. Discovery, Inc. -",Communication Services,Entertainment,Core,71.6,28.55,27.12,14.0,8.9,10.0,0.0,ok,-2.5,ok,3.67,,False,30.4,,22.6,-11.2,47.8,-8.8,82.5,5.8,-13.5,0.099,0.274,NVDA,,126,8.9,14.0,,False
521,PCG,Pacific Gas & Electric Co.,Utilities,Utilities - Regulated Electric,Core,38.8,17.6,17.28,10.5,14.5,10.0,0.0,ok,-5.0,ok,6.1,,False,30.0,9.8,-15.9,0.1,39.8,9.3,52.3,5.0,-16.7,-0.098,0.13,MSFT,,126,14.5,18.0,,False
522,WY,Weyerhaeuser Company,Real Estate,REIT - Specialty,Core,17.6,24.43,24.35,8.0,16.4,10.0,0.0,ok,-5.0,ok,7.15,,False,29.4,35.9,0.1,-0.9,14.5,5.0,41.0,1.3,-14.2,-0.031,0.17,GOOG,,126,16.4,15.0,,False
523,BG,Bunge Limited,Consumer Defensive,Farm Products,Growth,21.7,113.11,113.74,9.5,13.2,10.0,0.0,ok,-3.5,ok,5.21,,False,29.2,10.0,-29.8,88.3,4.9,7.2,69.3,0.2,-19.0,-0.08,0.111,MSFT,,126,13.2,16.0,,False
524,BBAI,"BigBear.ai, Inc.",Technology,Information Technology Service,Speculative,1.5,3.22,3.28,7.5,13.5,10.0,-2.0,ok,0.0,neg_ebitda_low_debt,,,False,29.0,,-13.5,13.2,27.9,-16.6,62.0,-27.5,-25.4,0.627,0.499,BMNR,,126,13.5,15.0,,False
525,CRL,Charles River Laboratories Int,Healthcare,Diagnostics & Research,Core,14.1,295.19,280.43,11.0,10.5,10.0,0.0,ok,-2.5,ok,3.35,,False,29.0,23.3,3.3,-2.7,34.6,-7.5,86.6,52.1,68.3,0.165,0.17,BMNR,,126,10.5,15.0,,False
526,NI,NiSource Inc,Utilities,Utilities - Regulated Gas,Core,19.5,40.62,45.45,10.5,12.0,10.0,0.0,ok,-3.5,ok,5.74,,True,29.0,18.0,-9.1,4.6,51.0,8.5,19.2,-9.5,-23.8,-0.119,0.117,AVGO,,126,18.0,19.0,,False
527,SATS,EchoStar Corporation,Communication Services,Telecom Services,Core,30.1,97.39,122.33,7.5,16.4,10.0,0.0,ok,-5.0,ok,17.47,,False,28.9,,-1.5,-5.2,27.1,-112.3,34.2,-5.9,-21.2,0.337,0.367,BMNR,,87,16.4,15.0,,False
528,AES,The AES Corporation,Utilities,Utilities - Diversified,Core,10.5,14.77,14.72,10.0,13.8,10.0,0.0,ok,-5.0,ok,7.64,,False,28.8,6.2,-29.3,19.9,20.3,9.6,60.0,2.6,-20.3,-0.028,0.109,BMNR,,126,13.8,18.0,,False
529,CIFR,Cipher Digital Inc.,Technology,Information Technology Service,Speculative,6.5,15.77,21.5,5.5,18.1,10.0,0.0,ok,-5.0,ok,49.49,,False,28.6,68.5,-44.3,-43.0,,-167.5,26.5,-14.9,-8.7,0.438,0.429,AVGO,,126,18.1,15.0,,False
530,APLD,Applied Digital Corporation,Technology,Information Technology Service,Growth,7.7,27.21,32.88,9.5,14.6,10.0,-2.0,ok,-4.0,neg_ebitda_debt,,,False,28.1,,,406.6,25.9,-8.4,41.1,-15.8,-21.5,0.523,0.475,NVDA,,126,14.6,15.0,fcf_yield_out_of_range(-64.1),False
531,MOS,Mosaic Company (The),Basic Materials,Agricultural Inputs,Cyclical,7.8,24.41,23.19,5.5,15.0,10.0,0.0,ok,-2.5,ok,3.37,,False,28.0,15.2,-9.6,-6.0,11.2,-5.1,66.1,-0.2,-26.6,0.168,0.183,AVGO,,126,15.0,11.0,,False
532,IFF,International Flavors & Fragra,Basic Materials,Specialty Chemicals,Cyclical,21.5,84.28,80.07,8.0,10.3,10.0,0.0,ok,-1.5,ok,2.99,,False,26.8,21.3,-8.0,1.8,36.6,-5.5,58.7,15.0,-9.1,0.138,0.234,GOOG,,126,10.3,11.0,,False
533,F,Ford Motor Company,Consumer Cyclical,Auto Manufacturers,Core,57.5,14.41,14.16,4.5,15.5,10.0,0.0,ok,-5.0,ok,18.47,,False,25.0,7.5,-13.8,-3.8,7.1,-18.3,49.7,8.3,-5.3,0.242,0.249,GOOG,,126,15.5,11.0,,False
534,DE,Deere & Company,Industrials,Farm & Heavy Construction Mach,Core,174.9,647.47,615.1,8.5,9.5,10.0,0.0,ok,-3.5,ok,4.59,,False,24.5,28.8,-7.8,-11.1,25.7,18.2,63.7,16.1,-11.8,0.012,0.26,MSFT,,126,9.5,14.0,,False
