rank,ticker,name,sector,industry,category,mcap_B,current_price,entry_level,fundamental,technical,visibility,corr_penalty,corr_status,leverage_penalty,lev_status,nd_ebitda,dte_pct,broken_base,composite,fwd_pe,fcf_yield_pct,rev_growth_pct,gross_margin_pct,roe_pct,rsi,ma200_dist_pct,rel_str_6m_pct,portfolio_corr,max_corr,max_corr_with,corr_null_reason,n_corr_obs,technical_precap,visibility_legacy,data_flags,in_portfolio
1,AVGO,Broadcom Inc.,Technology,Semiconductors,Growth,1867.0,392.43,389.94,20.0,15.6,22.0,0.0,ok,-0.5,ok,1.08,,False,57.1,20.1,1.5,47.9,76.3,37.3,55.4,6.4,5.1,0.41,0.479,NVDA,,126,15.6,22.0,,True
2,GOOG,Alphabet Inc.,Communication Services,Internet Content & Information,Compounder,4175.9,341.45,351.75,19.0,16.9,20.0,0.0,ok,0.0,ok,-0.7,,False,55.9,23.2,0.5,24.2,60.9,48.7,55.0,3.2,-0.3,0.34,0.316,BMNR,,126,16.9,20.0,,True
3,GEV,GE Vernova Inc.,Industrials,Specialty Industrial Machinery,Compounder,287.4,1079.0,1029.85,19.0,12.6,23.0,0.0,ok,0.0,ok,-2.29,,False,54.6,43.0,5.5,21.9,20.6,82.6,74.4,25.5,18.6,0.385,0.444,AVGO,,126,12.6,23.0,,False
4,TSM,Taiwan Semiconductor Manufactu,Technology,Semiconductors,Growth,2235.2,430.97,424.8,24.0,10.8,21.0,-2.0,ok,0.0,ok,-0.77,,False,53.8,19.8,,36.0,64.2,40.0,71.1,18.7,5.8,0.593,0.654,NVDA,,126,10.8,21.0,fcf_yield_out_of_range(32.7),False
5,META,"Meta Platforms, Inc.",Communication Services,Internet Content & Information,Core,1449.5,568.97,595.96,18.0,18.7,17.0,0.0,ok,0.0,ok,0.2,,False,53.7,16.3,1.5,28.0,81.7,29.8,43.3,-9.2,-24.1,0.403,0.378,GOOG,,126,18.7,15.0,,False
6,VRT,"Vertiv Holdings, LLC",Industrials,Electrical Equipment & Parts,Core,112.6,292.43,296.12,20.5,13.7,19.4,0.0,ok,0.0,ok,0.08,,False,53.6,32.1,2.4,24.1,38.0,43.9,58.3,16.2,6.9,0.363,0.488,NVDA,,126,13.7,20.0,,False
7,ANET,"Arista Networks, Inc.",Technology,Computer Hardware,Growth,254.5,201.8,191.71,19.0,13.0,20.0,0.0,ok,0.0,ok,-2.88,,False,52.0,39.1,1.5,37.7,63.0,31.5,66.7,35.9,28.4,0.443,0.564,AVGO,,126,13.0,20.0,,False
8,LMT,Lockheed Martin Corporation,Industrials,Aerospace & Defense,Compounder,137.0,593.74,564.05,18.0,11.7,22.0,0.0,ok,-0.5,ok,1.73,,False,51.2,18.1,4.1,10.5,11.8,89.2,55.3,8.1,-21.3,-0.105,0.18,AVGO,,126,11.7,22.0,,False
9,NOC,Northrop Grumman Corporation,Industrials,Aerospace & Defense,Compounder,81.0,570.2,541.69,16.0,15.6,21.0,0.0,ok,-1.5,ok,2.03,,False,51.1,18.7,3.1,5.1,20.1,27.0,61.6,-5.5,-31.6,-0.05,0.237,AVGO,,126,15.6,21.0,,False
10,FDS,FactSet Research Systems Inc.,Financial Services,Financial Data & Stock Exchang,Speculative,9.8,276.76,262.92,21.0,19.7,10.0,0.0,ok,0.0,financial_na,,,False,50.7,14.0,6.3,6.4,51.4,27.0,45.4,12.2,33.2,0.033,0.346,MSFT,,126,19.7,15.0,,False
11,POWL,"Powell Industries, Inc.",Industrials,Electrical Equipment & Parts,Speculative,8.0,218.73,246.95,17.5,15.2,18.0,0.0,ok,0.0,ok,-2.67,,False,50.7,30.7,2.4,8.9,30.1,28.3,59.8,11.7,3.7,0.385,0.437,AVGO,,126,15.2,18.0,,False
12,CF,"CF Industries Holdings, Inc.",Basic Materials,Agricultural Inputs,Cyclical,17.8,117.78,114.96,22.0,18.5,10.0,0.0,ok,0.0,ok,0.29,,False,50.5,11.3,7.2,17.6,42.5,29.9,42.7,12.8,12.9,-0.347,0.324,GOOG,,126,18.5,12.0,,False
13,GDDY,GoDaddy Inc.,Technology,Software - Infrastructure,Core,11.7,92.37,87.77,22.0,19.0,10.0,0.0,ok,-0.5,ok,1.91,,False,50.5,8.4,10.3,6.6,63.8,442.9,40.4,-6.2,-11.9,-0.044,0.15,MSFT,,126,19.0,17.0,,False
14,EBAY,eBay Inc.,Consumer Cyclical,Internet Retail,Core,44.9,100.94,110.4,20.5,20.3,10.0,0.0,ok,-0.5,ok,1.24,,False,50.3,15.0,3.5,14.8,72.1,46.6,25.5,3.9,13.5,0.178,0.232,GOOG,,126,20.3,13.0,,False
15,ADBE,Adobe Inc.,Technology,Software - Application,Core,101.0,254.04,241.34,23.0,16.9,10.0,0.0,ok,0.0,ok,0.15,,False,49.9,9.2,9.1,12.7,89.4,63.0,52.5,-6.5,-15.6,0.174,0.404,MSFT,,126,16.9,17.0,,False
16,ADSK,"Autodesk, Inc.",Technology,Software - Application,Core,51.0,241.64,229.56,22.0,17.7,10.0,0.0,ok,0.0,ok,-0.09,,False,49.7,17.0,6.0,18.4,92.4,50.4,53.0,-3.5,-5.9,0.125,0.336,MSFT,,126,17.7,17.0,,False
17,NFLX,"Netflix, Inc.",Communication Services,Entertainment,Core,316.5,76.02,74.73,23.0,16.6,10.0,0.0,ok,0.0,ok,0.51,,False,49.6,19.9,8.0,13.4,49.1,49.5,60.6,-14.6,-14.5,0.103,0.203,MSFT,,126,16.6,14.0,,False
18,MCO,Moody's Corporation,Financial Services,Financial Data & Stock Exchang,Core,82.6,477.17,474.42,20.5,18.9,10.0,0.0,ok,0.0,financial_na,,,False,49.4,25.2,3.1,15.1,75.0,76.9,43.3,1.4,0.1,0.185,0.348,MSFT,,126,18.9,16.0,,False
19,GD,General Dynamics Corporation,Industrials,Aerospace & Defense,Compounder,105.8,391.14,371.58,14.5,14.5,20.4,0.0,ok,0.0,ok,0.78,,False,49.4,21.1,4.2,8.1,15.4,17.8,47.9,11.4,1.5,-0.004,0.141,NVDA,,126,14.5,21.0,,False
20,BRO,"Brown & Brown, Inc.",Financial Services,Insurance Brokers,Growth,23.0,68.86,66.49,21.5,17.8,10.0,0.0,ok,0.0,financial_na,,,False,49.3,14.3,7.1,32.4,56.3,10.0,30.7,-1.3,-12.8,-0.169,0.355,AVGO,,126,17.8,15.0,,False
21,QCOM,QUALCOMM Incorporated,Technology,Semiconductors,Core,170.3,162.18,182.26,20.0,19.2,10.0,0.0,ok,0.0,ok,0.58,,False,49.2,15.9,6.0,-4.0,54.2,33.8,49.4,-3.5,1.3,0.29,0.398,AVGO,,126,19.2,14.0,,False
22,NVDA,NVIDIA Corporation,Technology,Semiconductors,Growth,5450.0,225.01,213.76,20.0,11.0,20.0,-2.0,ok,0.0,ok,-0.24,,False,49.0,17.6,0.9,85.2,74.1,114.3,75.0,15.4,8.5,0.526,0.479,AVGO,,126,11.0,20.0,,True
23,MSFT,Microsoft Corporation,Technology,Software - Infrastructure,Core,3566.9,480.35,456.33,18.0,13.3,17.6,0.0,ok,0.0,ok,0.27,,False,48.9,20.4,0.5,17.7,67.9,34.0,76.6,11.3,8.1,0.311,0.329,BMNR,,126,13.3,18.0,,True
24,SPGI,S&P Global Inc.,Financial Services,Financial Data & Stock Exchang,Core,121.0,410.53,422.19,19.5,19.4,10.0,0.0,ok,0.0,financial_na,,,False,48.9,20.3,4.5,10.4,70.9,14.3,38.8,-9.2,-12.9,0.134,0.361,MSFT,,126,19.4,16.0,,False
25,CINF,Cincinnati Financial Corporati,Financial Services,Insurance - Property & Casualt,Growth,26.3,171.06,177.09,22.0,16.9,10.0,0.0,ok,0.0,financial_na,,,False,48.9,18.9,11.4,31.6,31.1,21.5,26.7,3.1,-9.6,-0.161,0.31,AVGO,,126,16.9,14.0,,False
26,NXPI,NXP Semiconductors N.V.,Technology,Semiconductors,Core,58.7,232.72,271.92,22.0,17.3,10.0,0.0,ok,-0.5,ok,1.53,,False,48.8,12.9,6.1,19.5,56.1,27.9,35.4,-3.6,-17.7,0.229,0.382,AVGO,,126,17.3,14.0,,False
27,IDXX,"IDEXX Laboratories, Inc.",Healthcare,Diagnostics & Research,Core,43.0,546.09,560.81,19.5,19.1,10.0,0.0,ok,0.0,ok,0.55,,False,48.6,32.6,2.1,9.7,62.4,74.2,39.4,-11.5,-26.0,0.276,0.362,GOOG,,126,19.1,17.0,,False
28,INCY,Incyte Corporation,Healthcare,Biotechnology,Growth,25.0,123.5,117.32,23.0,15.5,10.0,0.0,ok,0.0,ok,-2.32,,False,48.5,13.9,4.7,37.7,55.7,30.7,36.5,19.9,8.9,-0.089,0.165,AVGO,,126,15.5,16.0,,False
29,ULTA,"Ulta Beauty, Inc.",Consumer Cyclical,Specialty Retail,Core,21.2,493.33,486.47,21.0,17.7,10.0,0.0,ok,-0.5,ok,1.1,,False,48.2,15.5,4.6,11.1,43.2,47.4,47.3,-11.1,-43.4,0.168,0.185,MSFT,,126,17.7,12.0,,False
30,AMZN,"Amazon.com, Inc.",Consumer Cyclical,Internet Retail,Core,2818.6,261.31,248.32,17.0,16.3,16.7,-2.0,ok,0.0,ok,0.76,,False,48.0,25.1,0.1,19.6,50.8,30.6,65.9,9.9,16.7,0.582,0.632,GOOG,,126,16.3,17.0,,False
31,ALL,Allstate Corporation (The),Financial Services,Insurance - Property & Casualt,Core,65.3,258.1,246.71,22.0,15.8,10.0,0.0,ok,0.0,financial_na,,,False,47.8,9.4,23.2,11.8,36.8,46.1,38.0,18.9,9.0,-0.264,0.341,NVDA,,126,15.8,14.0,,False
32,IT,"Gartner, Inc.",Technology,Information Technology Service,Core,11.3,179.19,170.23,21.0,17.3,10.0,0.0,ok,-0.5,ok,1.33,,False,47.8,10.8,9.3,-0.6,69.6,113.6,62.8,-0.7,1.5,-0.015,0.247,MSFT,,126,17.3,17.0,,False
33,ADP,"Automatic Data Processing, Inc",Technology,Software - Application,Core,105.7,266.06,252.76,20.0,17.5,10.0,0.0,ok,0.0,ok,0.2,,False,47.5,19.9,5.0,6.8,48.7,72.2,51.7,13.6,12.7,-0.037,0.309,MSFT,,126,17.5,16.0,,False
34,TROW,"T. Rowe Price Group, Inc.",Financial Services,Asset Management,Core,23.6,110.46,113.33,20.5,17.0,10.0,0.0,ok,0.0,financial_na,,,False,47.5,10.7,8.6,10.7,51.6,19.4,23.2,8.2,6.3,0.262,0.312,BMNR,,126,17.0,15.0,,False
35,EXPE,"Expedia Group, Inc.",Consumer Cyclical,Travel Services,Core,38.2,318.5,302.58,23.0,14.5,10.0,0.0,ok,0.0,ok,-0.5,,False,47.5,13.2,9.0,14.0,90.4,89.5,61.4,26.0,46.1,0.167,0.222,MSFT,,126,14.5,15.0,,False
36,PEP,"Pepsico, Inc.",Consumer Defensive,Beverages - Non-Alcoholic,Core,188.8,138.24,140.08,20.0,19.0,10.0,0.0,ok,-1.5,ok,2.25,,False,47.5,15.4,4.1,6.4,54.2,51.5,32.7,-6.8,-27.0,-0.144,0.296,AVGO,,126,19.0,17.0,,False
37,AON,Aon plc,Financial Services,Insurance Brokers,Core,73.7,347.22,348.62,20.0,17.4,10.0,0.0,ok,0.0,financial_na,,,False,47.4,16.3,4.3,2.2,48.2,44.7,17.1,3.1,-6.4,-0.174,0.372,AVGO,,126,17.4,15.0,,False
38,AXP,American Express Company,Financial Services,Credit Services,Core,227.0,336.21,340.47,21.5,15.8,10.0,0.0,ok,0.0,financial_na,,,False,47.3,16.7,,12.8,62.3,34.4,49.6,-0.6,-15.3,0.391,0.393,BMNR,,126,15.8,18.0,,False
39,CBOE,"Cboe Global Markets, Inc.",Financial Services,Financial Data & Stock Exchang,Core,30.8,295.0,280.25,20.5,16.8,10.0,0.0,ok,0.0,financial_na,,,False,47.3,19.3,2.2,22.9,54.1,26.3,48.6,4.8,-9.1,-0.119,0.204,AVGO,,126,16.8,15.0,,False
40,OXY,Occidental Petroleum Corporati,Energy,Oil & Gas E&P,Growth,59.0,59.04,56.09,22.5,14.7,10.0,0.0,ok,0.0,ok,0.76,,False,47.2,15.0,6.4,53.4,73.3,10.6,67.3,15.9,15.9,-0.295,0.318,GOOG,,126,14.7,14.0,,False
41,CDNS,"Cadence Design Systems, Inc.",Technology,Software - Application,Core,89.1,323.47,359.49,18.0,19.2,10.0,0.0,ok,0.0,ok,0.52,,False,47.2,33.9,1.8,24.2,85.9,23.2,29.7,-1.2,0.9,0.477,0.375,BMNR,,126,19.2,17.0,,False
42,UBER,"Uber Technologies, Inc.",Technology,Software - Application,Core,153.2,74.99,72.31,21.0,16.6,10.0,0.0,ok,-0.5,ok,1.25,,False,47.1,17.1,4.7,12.2,40.8,37.2,59.7,-3.2,-6.9,0.296,0.33,MSFT,,126,16.6,16.0,,False
43,TPR,"Tapestry, Inc.",Consumer Cyclical,Luxury Goods,Core,26.1,129.02,146.11,21.0,16.6,10.0,0.0,ok,-0.5,ok,1.39,,False,47.1,14.6,5.4,8.9,76.6,197.1,29.3,-5.6,-29.1,0.227,0.258,GOOG,,126,16.6,13.0,,False
44,LULU,lululemon athletica inc.,Consumer Cyclical,Apparel Retail,Core,13.1,115.74,117.57,21.0,16.0,10.0,0.0,ok,0.0,ok,0.24,,False,47.0,10.3,8.6,4.3,55.7,32.0,41.2,-25.9,-48.1,0.362,0.369,MSFT,,126,16.0,12.0,,False
45,ZTS,Zoetis Inc.,Healthcare,Drug Manufacturers - Specialty,Core,30.2,72.97,76.3,21.0,16.4,10.0,0.0,ok,-0.5,ok,1.86,,False,46.9,10.9,6.7,-0.2,71.7,64.9,40.4,-31.3,-54.8,0.065,0.167,GOOG,,126,16.4,17.0,,False
46,AAPL,Apple Inc.,Technology,Consumer Electronics,Core,4459.8,305.59,309.08,20.5,16.4,10.0,0.0,ok,0.0,ok,0.13,,False,46.9,32.1,2.4,16.4,48.7,148.8,22.0,9.0,2.7,0.21,0.276,BMNR,,126,16.4,14.0,,False
47,BX,Blackstone Inc.,Financial Services,Asset Management,Core,168.0,140.57,133.54,22.5,14.3,10.0,0.0,ok,0.0,financial_na,,,False,46.8,18.8,,28.6,100.0,31.4,57.3,8.4,-5.2,0.318,0.325,BMNR,,126,14.3,16.0,,False
48,PGR,Progressive Corporation (The),Financial Services,Insurance - Property & Casualt,Core,118.5,203.84,213.88,19.5,17.3,10.0,0.0,ok,0.0,financial_na,,,False,46.8,12.5,12.8,7.3,18.5,34.9,24.6,-1.7,-15.1,-0.322,0.354,NVDA,,126,17.3,14.0,,False
49,CEG,Constellation Energy Corporati,Utilities,Utilities - Independent Power ,Compounder,98.6,278.2,264.29,12.5,15.7,21.0,0.0,ok,-2.5,ok,3.02,,False,46.7,20.8,-6.7,23.0,22.1,15.1,65.9,-7.7,-21.1,0.192,0.239,AVGO,,126,15.7,21.0,,False
50,MRSH,Marsh,Financial Services,Insurance Brokers,Core,87.9,184.21,177.9,19.0,17.7,10.0,0.0,ok,0.0,financial_na,,,False,46.7,16.2,5.4,6.2,44.0,25.9,36.6,4.4,-7.9,-0.174,0.384,AVGO,,126,17.7,15.0,,False
51,RTX,RTX Corporation,Industrials,Aerospace & Defense,Compounder,298.7,221.64,210.56,15.5,10.6,21.0,0.0,ok,-0.5,ok,1.92,,False,46.6,28.2,3.3,14.5,20.3,12.3,57.0,16.4,-3.9,-0.034,0.143,AVGO,,126,10.6,21.0,,False
52,WDAY,"Workday, Inc.",Technology,Software - Application,Core,47.2,191.18,181.62,20.5,16.1,10.0,0.0,ok,0.0,ok,-0.36,,False,46.6,15.1,6.6,13.5,75.8,10.9,65.5,17.7,20.4,0.145,0.429,MSFT,,126,16.1,17.0,,False
53,VLTO,Veralto Corp,Industrials,Pollution & Treatment Controls,Core,23.6,96.75,91.91,19.5,17.5,10.0,0.0,ok,-0.5,ok,1.06,,False,46.5,20.3,3.4,7.5,60.2,34.3,44.1,3.6,-8.1,-0.043,0.112,AVGO,,126,17.5,16.0,,False
54,WRB,W.R. Berkley Corporation,Financial Services,Insurance - Property & Casualt,Core,25.9,69.75,70.89,20.0,16.5,10.0,0.0,ok,0.0,financial_na,,,False,46.5,14.4,11.8,1.2,43.8,20.2,16.1,0.4,-14.9,-0.296,0.321,AVGO,,126,16.5,15.0,,False
55,ROP,"Roper Technologies, Inc.",Technology,Software - Application,Core,38.5,389.71,370.22,18.5,20.4,10.0,0.0,ok,-2.5,ok,3.38,,False,46.4,16.0,5.9,8.5,69.5,13.1,49.2,3.2,10.6,-0.079,0.255,NVDA,,126,20.4,17.0,,False
56,PODD,Insulet Corporation,Healthcare,Medical Devices,Speculative,9.7,139.7,154.85,20.5,15.9,10.0,0.0,ok,0.0,ok,0.67,,False,46.4,18.1,2.4,23.5,71.1,26.0,29.9,-37.2,-56.5,0.049,0.194,GOOG,,126,15.9,17.0,,False
57,CSCO,"Cisco Systems, Inc.",Technology,Communication Equipment,Core,445.0,112.9,117.08,19.5,16.8,10.0,0.0,ok,0.0,ok,0.73,,False,46.3,20.8,2.6,17.6,64.6,27.3,46.1,22.9,34.5,0.227,0.346,AVGO,,126,16.8,15.0,,False
58,AOS,A.O. Smith Corporation,Industrials,Specialty Industrial Machinery,Speculative,8.3,61.4,60.62,18.0,18.3,10.0,0.0,ok,0.0,ok,0.63,,False,46.3,15.0,5.8,-0.7,38.6,27.1,40.8,-5.8,-36.4,0.101,0.227,NVDA,,124,18.3,14.0,,False
59,BR,Broadridge Financial Solutions,Technology,Information Technology Service,Core,19.1,167.84,159.45,21.0,15.8,10.0,0.0,ok,-0.5,ok,1.72,,False,46.3,14.5,6.2,7.5,31.8,40.9,60.2,-6.4,-16.3,0.07,0.367,MSFT,,126,15.8,15.0,,False
60,CL,Colgate-Palmolive Company,Consumer Defensive,Household & Personal Products,Core,71.9,90.21,91.56,21.0,15.7,10.0,0.0,ok,-0.5,ok,1.29,,False,46.2,22.0,4.8,4.9,60.4,267.4,40.0,4.5,-18.3,-0.099,0.242,AVGO,,126,15.7,18.0,,False
61,V,Visa Inc.,Financial Services,Credit Services,Core,670.0,358.84,349.24,20.5,15.7,10.0,0.0,ok,0.0,financial_na,,,False,46.2,24.0,3.0,14.4,97.7,61.2,40.0,8.5,-0.6,0.063,0.248,MSFT,,126,15.7,18.0,,False
62,TLN,Talen Energy Corporation,Utilities,Utilities - Independent Power ,Growth,17.1,356.92,370.3,17.5,14.6,19.0,0.0,ok,-5.0,ok,16.05,,False,46.1,12.2,7.4,111.2,42.1,-12.8,63.6,-1.8,-21.3,0.358,0.368,AVGO,,126,14.6,19.0,,False
63,PYPL,"PayPal Holdings, Inc.",Financial Services,Credit Services,Core,51.7,60.47,57.45,20.0,16.1,10.0,0.0,ok,0.0,financial_na,,,False,46.1,10.4,8.6,4.8,40.5,24.5,61.2,17.4,35.4,0.219,0.304,MSFT,,126,16.1,17.0,,False
64,NOW,"ServiceNow, Inc.",Technology,Software - Application,Core,121.7,117.7,111.81,19.5,17.1,10.0,0.0,ok,-0.5,ok,1.31,,False,46.1,23.5,4.2,24.0,74.8,14.2,57.9,-3.1,-2.0,0.277,0.516,MSFT,,126,17.1,17.0,,False
65,HSY,The Hershey Company,Consumer Defensive,Confectioners,Core,36.4,181.06,177.86,20.0,16.5,10.0,0.0,ok,-0.5,ok,1.89,,False,46.0,18.3,4.8,6.6,38.4,32.8,45.9,-4.8,-30.0,-0.208,0.328,AVGO,,126,16.5,16.0,,False
66,GEN,Gen Digital Inc.,Technology,Software - Infrastructure,Core,16.4,27.41,26.23,22.0,16.5,10.0,0.0,ok,-2.5,ok,3.17,,False,46.0,8.3,9.4,6.3,78.0,41.9,48.7,13.2,7.6,0.334,0.41,MSFT,,126,16.5,17.0,,False
67,GWW,"W.W. Grainger, Inc.",Industrials,Industrial Distribution,Core,62.1,1317.68,1343.64,19.5,16.4,10.0,0.0,ok,0.0,ok,0.69,,False,45.9,25.8,2.0,10.3,39.4,46.1,31.9,14.6,3.4,0.038,0.205,GOOG,,126,16.4,14.0,,False
68,MSCI,MSCI Inc.,Financial Services,Financial Data & Stock Exchang,Core,40.0,550.68,585.89,17.5,18.4,10.0,0.0,ok,0.0,financial_na,,,False,45.9,24.5,3.0,12.2,83.0,,28.9,-3.6,-7.2,0.191,0.369,MSFT,,126,18.4,16.0,,False
69,HOOD,"Robinhood Markets, Inc.",Financial Services,Capital Markets,Growth,86.5,96.25,99.25,18.5,19.4,10.0,-2.0,ok,0.0,financial_na,,,False,45.9,30.0,,32.3,91.9,23.6,55.9,-0.8,14.4,0.556,0.589,BMNR,,126,19.4,16.0,,False
70,LVS,Las Vegas Sands Corp.,Consumer Cyclical,Resorts & Casinos,Core,29.4,45.43,47.17,21.0,16.4,10.0,0.0,ok,-1.5,ok,2.57,,False,45.9,12.9,7.5,-0.7,79.3,122.9,32.8,-17.6,-33.7,0.299,0.353,MSFT,,126,16.4,13.0,,False
71,TPL,Texas Pacific Land Corporation,Energy,Oil & Gas E&P,Growth,24.9,360.79,388.68,18.0,17.9,10.0,0.0,ok,0.0,ok,-0.31,,False,45.9,4.9,-0.1,31.2,93.3,36.6,40.2,-7.0,-28.5,-0.037,0.079,MSFT,,126,17.9,14.0,,False
72,PG,Procter & Gamble Company (The),Consumer Defensive,Household & Personal Products,Core,332.7,143.12,147.89,18.5,17.8,10.0,0.0,ok,-0.5,ok,1.01,,False,45.8,19.3,4.0,1.5,50.9,30.3,32.5,-2.5,-22.8,-0.051,0.238,GOOG,,126,17.8,17.0,,False
73,RL,Ralph Lauren Corporation,Consumer Cyclical,Apparel Manufacturing,Core,22.6,379.31,390.15,20.5,15.3,10.0,0.0,ok,0.0,ok,0.67,,False,45.8,18.1,3.9,14.0,70.3,37.5,51.2,4.4,-10.5,0.295,0.284,BMNR,,126,15.3,13.0,,False
74,HIG,"The Hartford Insurance Group, ",Financial Services,Insurance - Diversified,Core,37.5,136.71,136.81,20.0,15.8,10.0,0.0,ok,0.0,financial_na,,,False,45.8,10.0,14.7,8.1,37.9,22.1,32.6,1.1,-17.5,-0.156,0.281,AVGO,,126,15.8,14.0,,False
75,DASH,"DoorDash, Inc.",Consumer Cyclical,Internet Retail,Growth,92.7,212.72,202.08,18.0,17.7,10.0,0.0,ok,0.0,ok,-1.42,,False,45.7,26.8,5.6,35.6,52.2,8.9,69.0,13.0,17.9,0.43,0.475,MSFT,,126,17.7,12.0,,False
76,EOG,"EOG Resources, Inc.",Energy,Oil & Gas E&P,Growth,76.7,146.15,138.84,23.0,12.7,10.0,0.0,ok,0.0,ok,0.23,,False,45.7,10.1,5.8,58.7,62.6,22.5,57.5,16.9,9.8,-0.332,0.311,NVDA,,126,12.7,14.0,,False
77,TRV,"The Travelers Companies, Inc.",Financial Services,Insurance - Property & Casualt,Core,76.0,364.51,346.3,20.0,15.6,10.0,0.0,ok,0.0,financial_na,,,False,45.6,12.1,19.4,0.3,34.7,26.5,21.7,19.3,9.1,-0.23,0.279,AVGO,,126,15.6,14.0,,False
78,STZ,"Constellation Brands, Inc.",Consumer Defensive,Beverages - Brewers,Core,22.3,130.56,136.1,20.0,17.9,10.0,0.0,ok,-2.5,ok,3.02,,False,45.4,10.5,9.9,-3.3,52.7,23.7,47.2,-9.4,-27.1,-0.106,0.172,BMNR,,126,17.9,17.0,,False
79,EFX,"Equifax, Inc.",Industrials,Consulting Services,Core,20.8,176.8,170.31,18.5,18.4,10.0,0.0,ok,-1.5,ok,2.75,,False,45.4,17.4,4.6,10.6,55.5,14.3,38.7,-6.4,-21.2,0.042,0.229,MSFT,,126,18.4,17.0,,False
80,CRM,"Salesforce, Inc.",Technology,Software - Application,Core,156.4,190.97,181.42,20.5,16.3,10.0,0.0,ok,-1.5,ok,2.38,,False,45.3,12.3,10.6,13.3,77.6,16.9,57.1,-5.2,-9.3,0.204,0.476,MSFT,,126,16.3,17.0,,False
81,ROST,"Ross Stores, Inc.",Consumer Cyclical,Apparel Retail,Core,75.5,235.28,234.07,19.0,16.3,10.0,0.0,ok,0.0,ok,0.17,,False,45.3,27.4,2.7,20.6,32.7,39.0,25.1,13.5,5.8,0.151,0.143,BMNR,,126,16.3,11.0,,False
82,BRK-B,Berkshire Hathaway Inc. New,Financial Services,Insurance - Diversified,Core,1066.6,498.23,499.42,18.5,16.8,10.0,0.0,ok,0.0,financial_na,,,False,45.3,22.7,6.7,10.0,30.3,12.1,38.3,1.3,-14.2,-0.017,0.159,NVDA,,126,16.8,14.0,,False
83,LLY,Eli Lilly and Company,Healthcare,Drug Manufacturers - General,Growth,1055.1,1183.16,1170.7,20.0,15.7,10.0,0.0,ok,-0.5,ok,1.1,,False,45.2,25.0,1.0,47.7,83.4,102.3,43.7,13.4,1.2,-0.084,0.184,MSFT,,126,15.7,17.0,,False
84,VRSK,"Verisk Analytics, Inc.",Industrials,Consulting Services,Core,22.9,175.62,187.78,18.0,18.6,10.0,0.0,ok,-1.5,ok,2.68,,False,45.1,20.2,4.6,4.4,70.2,,17.1,-10.5,-13.9,-0.147,0.286,NVDA,,126,18.6,18.0,,False
85,MA,Mastercard Incorporated,Financial Services,Credit Services,Core,492.5,562.26,534.15,20.5,14.6,10.0,0.0,ok,0.0,financial_na,,,False,45.1,24.4,3.4,14.1,100.0,241.2,49.6,6.6,-5.3,0.162,0.448,MSFT,,126,14.6,18.0,,False
86,MMM,3M Company,Industrials,Conglomerates,Core,92.9,180.21,171.2,21.0,14.6,10.0,0.0,ok,-0.5,ok,1.21,,False,45.1,18.4,6.8,2.5,39.4,81.9,44.9,12.7,-5.7,0.091,0.236,GOOG,,126,14.6,14.0,,False
87,TYL,"Tyler Technologies, Inc.",Technology,Software - Application,Core,13.1,320.48,306.2,16.0,19.6,10.0,0.0,ok,-0.5,ok,1.06,,False,45.1,20.9,4.5,8.2,47.2,9.7,42.4,-12.2,-10.6,-0.08,0.31,MSFT,,126,19.6,16.0,,False
88,IBM,International Business Machine,Technology,Information Technology Service,Core,215.6,228.85,250.88,20.0,17.6,10.0,0.0,ok,-2.5,ok,3.47,,False,45.1,17.4,5.6,1.1,58.1,34.5,51.6,-13.8,-23.9,0.15,0.35,MSFT,,126,17.6,16.0,,False
89,JKHY,"Jack Henry & Associates, Inc.",Technology,Information Technology Service,Core,10.6,149.87,143.97,17.5,17.6,10.0,0.0,ok,0.0,ok,0.16,,False,45.1,21.1,3.5,8.7,44.1,24.9,38.4,-5.7,-18.3,-0.016,0.283,MSFT,,126,17.6,16.0,,False
90,BMY,Bristol-Myers Squibb Company,Healthcare,Drug Manufacturers - General,Core,132.0,64.63,61.4,22.0,13.5,10.0,0.0,ok,-0.5,ok,1.8,,False,45.0,9.9,6.1,5.7,71.7,46.6,54.8,14.8,-5.0,-0.019,0.212,AVGO,,126,13.5,17.0,,False
91,NWSA,News Corporation,Communication Services,Entertainment,Core,15.5,28.7,27.27,18.0,16.9,10.0,0.0,ok,0.0,ok,0.61,,False,44.9,19.1,6.7,10.8,57.2,8.0,54.1,11.0,11.1,0.067,0.197,GOOG,,126,16.9,14.0,,False
92,VRSN,"VeriSign, Inc.",Technology,Software - Infrastructure,Core,24.7,272.77,274.2,16.5,18.9,10.0,0.0,ok,-0.5,ok,1.1,,False,44.9,24.8,3.4,6.0,88.5,,43.6,5.6,13.4,-0.027,0.179,BMNR,,126,18.9,17.0,,False
93,BBY,"Best Buy Co., Inc.",Consumer Cyclical,Specialty Retail,Core,18.0,85.44,81.17,18.0,16.9,10.0,0.0,ok,0.0,ok,0.85,,False,44.9,12.1,6.4,1.9,22.5,39.1,40.4,21.5,18.0,0.064,0.085,BMNR,,126,16.9,11.0,,False
94,TXN,Texas Instruments Incorporated,Technology,Semiconductors,Core,258.4,282.91,291.7,19.0,15.8,10.0,0.0,ok,0.0,ok,0.74,,False,44.8,27.2,1.4,22.8,58.3,35.2,53.9,22.3,12.8,0.233,0.387,AVGO,,126,15.8,14.0,,False
95,ROK,"Rockwell Automation, Inc.",Industrials,Specialty Industrial Machinery,Core,49.5,444.6,462.46,18.5,16.8,10.0,0.0,ok,-0.5,ok,1.5,,False,44.8,30.0,2.6,7.9,49.1,30.6,38.9,7.1,2.0,0.256,0.293,NVDA,,126,16.8,15.0,,False
96,NVR,"NVR, Inc.",Consumer Cyclical,Residential Construction,Core,16.9,6298.83,6435.05,16.5,18.3,10.0,0.0,ok,0.0,ok,-0.0,,False,44.8,15.3,5.4,-10.9,21.8,31.5,42.9,-8.3,-28.3,0.011,0.165,GOOG,,126,18.3,11.0,,False
97,MO,"Altria Group, Inc.",Consumer Defensive,Tobacco,Core,106.8,63.96,70.7,19.0,16.3,10.0,0.0,ok,-0.5,ok,1.41,,False,44.8,10.9,8.5,1.2,87.2,,16.9,-1.5,-15.4,-0.428,0.412,MSFT,,126,16.3,18.0,,False
98,PLTR,Palantir Technologies Inc.,Technology,Software - Infrastructure,Growth,414.6,172.55,163.92,20.0,14.7,10.0,0.0,ok,0.0,ok,-3.45,,False,44.7,74.6,0.5,92.8,84.8,38.1,78.4,13.5,16.5,0.463,0.411,MSFT,,126,14.7,17.0,,False
99,FISV,"Fiserv, Inc.",,,Core,27.8,52.21,51.6,15.5,19.2,10.0,0.0,ok,,unavailable,,,False,44.7,6.3,,,,,44.3,-12.2,-30.9,0.11,0.307,MSFT,,126,19.2,12.5,,False
100,AJG,Arthur J. Gallagher & Co.,Financial Services,Insurance Brokers,Growth,63.6,247.97,240.69,16.5,18.1,10.0,0.0,ok,0.0,financial_na,,,False,44.6,16.7,3.3,30.9,43.2,6.7,31.6,6.5,3.0,-0.193,0.313,AVGO,,126,18.1,15.0,,False
101,GL,Globe Life Inc.,Financial Services,Insurance - Life,Core,13.9,179.41,176.88,20.0,14.6,10.0,0.0,ok,0.0,financial_na,,,False,44.6,10.9,8.4,8.0,33.9,20.9,50.6,18.9,10.1,0.173,0.251,GOOG,,126,14.6,14.0,,False
102,GS,"Goldman Sachs Group, Inc. (The",Financial Services,Capital Markets,Growth,306.1,1051.31,1053.65,21.0,15.5,10.0,-2.0,ok,0.0,financial_na,,,False,44.5,14.2,,42.5,82.1,16.9,54.3,13.2,2.2,0.509,0.541,BMNR,,126,15.5,16.0,,False
103,FIS,Fidelity National Information ,Technology,Information Technology Service,Core,21.2,41.17,41.28,22.0,16.0,10.0,0.0,ok,-3.5,ok,5.82,,False,44.5,6.1,12.5,29.1,35.8,22.3,34.9,-19.2,-25.8,0.063,0.346,MSFT,,126,16.0,15.0,,False
104,APP,Applovin Corporation,Communication Services,Advertising Agencies,Growth,104.8,311.98,445.29,22.5,12.0,10.0,0.0,ok,0.0,ok,0.09,,True,44.5,14.9,3.0,52.8,88.5,203.7,24.5,-38.4,-30.3,0.413,0.366,BMNR,,126,15.9,15.0,,False
105,ODFL,"Old Dominion Freight Line, Inc",Industrials,Trucking,Core,44.1,211.96,224.31,18.5,16.0,10.0,0.0,ok,0.0,ok,-0.15,,False,44.5,32.0,2.2,10.4,39.6,24.8,36.8,10.3,-3.4,0.101,0.155,NVDA,,126,16.0,14.0,,False
106,TEL,TE Connectivity plc,Technology,Electronic Components,Core,62.9,217.38,206.9,18.5,15.9,10.0,0.0,ok,0.0,ok,0.92,,False,44.4,16.8,3.7,13.8,36.1,23.3,53.8,-0.6,-20.7,0.304,0.277,GOOG,,126,15.9,13.0,,False
107,ICE,Intercontinental Exchange Inc.,Financial Services,Financial Data & Stock Exchang,Core,86.6,154.31,146.59,18.5,15.9,10.0,0.0,ok,0.0,financial_na,,,False,44.4,17.5,4.2,4.8,100.0,14.1,54.5,0.1,-12.3,0.156,0.285,MSFT,,126,15.9,16.0,,False
108,FFIV,"F5, Inc.",Technology,Software - Infrastructure,Core,22.4,395.54,404.5,18.0,16.4,10.0,0.0,ok,0.0,ok,-1.47,,False,44.4,21.9,3.2,10.9,81.9,19.8,46.3,24.8,33.0,0.329,0.262,BMNR,,126,16.4,17.0,,False
109,EQT,EQT Corporation,Energy,Oil & Gas E&P,Cyclical,33.2,53.01,51.93,18.5,15.9,10.0,0.0,ok,0.0,ok,0.79,,False,44.4,13.3,7.4,-3.9,80.7,11.1,57.1,-5.6,-21.1,-0.048,0.092,AVGO,,126,15.9,14.0,,False
110,AMP,"Ameriprise Financial, Inc.",Financial Services,Asset Management,Core,49.6,561.63,533.55,22.0,12.4,10.0,0.0,ok,0.0,financial_na,,,False,44.4,10.9,5.9,11.6,54.9,63.4,61.8,17.2,7.1,0.278,0.296,MSFT,,126,12.4,15.0,,False
111,HAS,"Hasbro, Inc.",Consumer Cyclical,Leisure,Core,13.4,95.05,90.3,22.0,12.9,10.0,0.0,ok,-0.5,ok,1.92,,False,44.4,14.6,5.1,16.2,63.8,159.6,46.1,7.9,-19.6,0.133,0.165,GOOG,,126,12.9,13.0,,False
112,FSLR,"First Solar, Inc.",Technology,Solar,Core,23.4,217.85,233.89,18.5,15.8,10.0,0.0,ok,0.0,ok,-0.64,,False,44.3,9.4,6.8,-3.7,44.0,18.5,57.1,-7.0,-16.8,0.366,0.356,AVGO,,126,15.8,14.0,,False
113,XYL,Xylem Inc.,Industrials,Specialty Industrial Machinery,Core,27.4,117.47,117.4,16.0,18.3,10.0,0.0,ok,0.0,ok,0.9,,False,44.3,18.9,4.3,1.5,39.2,9.2,34.4,-7.3,-21.2,0.082,0.22,GOOG,,126,18.3,14.0,,False
114,PATH,"UiPath, Inc.",Technology,Software - Infrastructure,Speculative,8.3,15.99,15.19,20.5,13.7,10.0,0.0,ok,0.0,ok,-9.9,,False,44.2,17.6,6.2,17.3,83.0,18.2,76.8,25.6,33.0,0.259,0.432,MSFT,,126,13.7,17.0,,False
115,HON,Honeywell International Inc.,Industrials,Conglomerates,Core,72.7,229.45,235.15,18.5,18.2,10.0,0.0,ok,-2.5,ok,3.03,,False,44.2,22.9,3.6,4.3,36.5,46.6,33.8,4.1,-17.6,0.037,0.21,MSFT,,126,18.2,14.0,,False
116,KMB,Kimberly-Clark Corporation,Consumer Defensive,Household & Personal Products,Core,35.9,107.91,107.89,18.5,16.2,10.0,0.0,ok,-0.5,ok,1.6,,False,44.2,14.4,2.6,0.6,37.6,104.9,38.5,5.5,-11.6,-0.086,0.178,GOOG,,126,16.2,16.0,,False
117,SNDK,Sandisk Corporation,Technology,Computer Hardware,Growth,260.9,1786.85,1697.51,22.5,11.7,10.0,0.0,ok,0.0,ok,-0.38,,False,44.2,6.8,3.0,371.6,71.5,91.6,74.5,96.1,189.4,0.364,0.42,AVGO,,126,11.7,15.0,,False
118,WDC,Western Digital Corporation,Technology,Computer Hardware,Growth,184.8,536.01,551.62,20.0,14.1,10.0,0.0,ok,0.0,ok,-0.08,,False,44.1,16.9,1.2,43.8,48.9,130.9,60.7,52.4,75.6,0.404,0.49,AVGO,,126,14.1,14.0,,False
119,UHS,"Universal Health Services, Inc",Healthcare,Medical Care Facilities,Core,10.1,170.53,162.0,19.0,15.6,10.0,0.0,ok,-0.5,ok,1.9,,False,44.1,7.1,5.0,8.3,44.6,20.9,56.2,-10.0,-40.6,-0.003,0.164,GOOG,,126,15.6,16.0,,False
120,INTU,Intuit Inc.,Technology,Software - Application,Core,91.8,335.6,318.82,21.0,13.1,10.0,0.0,ok,0.0,ok,0.02,,False,44.1,12.3,5.7,10.4,80.8,22.5,59.5,-25.0,-24.4,0.13,0.357,MSFT,,126,13.1,17.0,,False
121,NDAQ,"Nasdaq, Inc.",Financial Services,Financial Data & Stock Exchang,Core,54.0,96.68,91.85,18.0,16.0,10.0,0.0,ok,0.0,financial_na,,,False,44.0,20.7,3.1,14.9,100.0,16.5,54.2,8.1,7.7,0.224,0.403,MSFT,,126,16.0,16.0,,False
122,MAS,Masco Corporation,Industrials,Building Products & Equipment,Core,14.6,73.93,76.32,20.0,14.5,10.0,0.0,ok,-0.5,ok,1.95,,False,44.0,15.9,6.2,-2.9,37.2,5862.5,35.4,7.5,-15.7,0.263,0.276,BMNR,,126,14.5,14.0,,False
123,JPM,JP Morgan Chase & Co.,Financial Services,Banks - Diversified,Growth,959.5,360.96,342.91,19.0,15.0,10.0,0.0,ok,0.0,financial_na,,,False,44.0,14.4,,30.4,0.0,17.8,54.2,15.0,4.9,0.2,0.26,BMNR,,126,15.0,14.0,,False
124,UPS,"United Parcel Service, Inc.",Industrials,Integrated Freight & Logistics,Core,86.8,102.02,108.76,18.5,16.0,10.0,0.0,ok,-0.5,ok,2.0,,False,44.0,12.6,6.4,7.6,22.4,29.6,41.6,-0.5,-23.4,0.136,0.17,GOOG,,126,16.0,14.0,,False
125,AIG,"American International Group, ",Financial Services,Insurance - Diversified,Core,39.6,75.81,77.54,17.0,17.0,10.0,0.0,ok,0.0,financial_na,,,False,44.0,8.6,18.6,0.5,35.1,7.2,23.1,-1.8,-17.1,-0.059,0.183,NVDA,,126,17.0,14.0,,False
126,BF-B,Brown Forman Inc,Consumer Defensive,Beverages - Wineries & Distill,Core,12.7,27.58,27.0,18.5,15.9,10.0,0.0,ok,-0.5,ok,1.94,,False,43.9,16.2,5.8,2.0,60.5,17.8,37.7,1.8,-18.1,-0.137,0.165,AVGO,,126,15.9,18.0,,False
127,CPAY,"Corpay, Inc.",Technology,Software - Infrastructure,Core,26.8,407.62,387.24,23.0,12.4,10.0,0.0,ok,-1.5,ok,2.7,,False,43.9,13.0,7.3,21.5,80.5,29.2,62.3,24.5,5.8,0.218,0.259,MSFT,,126,12.4,17.0,,False
128,PTC,PTC Inc.,Technology,Software - Application,Core,15.8,145.98,138.68,21.0,12.9,10.0,0.0,ok,0.0,ok,0.98,,False,43.9,16.4,6.5,-6.8,84.5,35.1,70.6,-3.3,-17.8,0.176,0.462,MSFT,,126,12.9,17.0,,False
129,CRH,CRH PLC,Basic Materials,Building Materials,Cyclical,63.9,96.05,103.56,16.0,19.4,10.0,0.0,ok,-1.5,ok,2.17,,False,43.9,14.5,3.2,5.6,36.2,15.8,35.1,-14.6,-33.9,0.238,0.321,GOOG,,126,19.4,11.0,,False
130,MS,Morgan Stanley,Financial Services,Capital Markets,Core,343.0,218.21,216.58,20.0,13.8,10.0,0.0,ok,0.0,financial_na,,,False,43.8,16.0,,28.0,87.6,18.0,58.9,17.0,14.7,0.478,0.479,BMNR,,126,13.8,16.0,,False
131,TMUS,"T-Mobile US, Inc.",Communication Services,Telecom Services,Core,193.2,180.12,181.58,18.5,17.8,10.0,0.0,ok,-2.5,ok,3.42,,False,43.8,12.5,5.9,7.9,63.1,18.0,47.1,-8.1,-30.8,-0.141,0.201,NVDA,,126,17.8,17.0,,False
132,BKNG,Booking Holdings Inc. Common S,Consumer Cyclical,Travel Services,Core,153.9,204.76,194.52,18.0,15.7,10.0,0.0,ok,0.0,ok,0.36,,False,43.7,16.5,5.0,8.1,87.2,,56.2,10.5,10.7,0.166,0.196,MSFT,,126,15.7,15.0,,False
133,OMC,Omnicom Group Inc.,Communication Services,Advertising Agencies,Growth,23.4,85.46,81.19,18.5,16.7,10.0,0.0,ok,-1.5,ok,2.2,,False,43.7,7.1,18.2,63.4,19.0,6.1,48.3,11.5,13.8,0.056,0.112,BMNR,,126,16.7,13.0,,False
134,CTSH,Cognizant Technology Solutions,Technology,Information Technology Service,Core,25.5,56.61,53.78,18.5,15.1,10.0,0.0,ok,0.0,ok,0.26,,False,43.6,9.0,8.7,4.5,33.4,14.9,67.8,-10.1,-25.3,-0.003,0.309,MSFT,,126,15.1,15.0,,False
135,UNH,UnitedHealth Group Incorporate,Healthcare,Healthcare Plans,Core,355.1,395.62,415.17,15.5,18.6,10.0,0.0,ok,-0.5,ok,1.57,,False,43.6,17.6,6.8,0.4,19.7,14.2,26.0,14.4,24.7,0.093,0.117,MSFT,,126,18.6,15.0,,False
136,ALAB,"Astera Labs, Inc.",Technology,Semiconductors,Growth,55.5,320.17,354.28,19.0,14.6,10.0,0.0,ok,0.0,ok,-4.23,,False,43.6,50.1,0.2,104.5,75.1,25.8,63.8,47.8,145.7,0.459,0.548,AVGO,,126,14.6,15.0,,False
137,PAYX,"Paychex, Inc.",Technology,Software - Application,Core,42.2,118.54,112.61,18.5,16.5,10.0,0.0,ok,-1.5,ok,2.17,,False,43.5,18.6,,12.5,67.2,,49.4,16.2,15.5,-0.029,0.307,MSFT,,126,16.5,17.0,,False
138,APA,APA Corporation,Energy,Oil & Gas E&P,Cyclical,14.6,41.58,39.5,21.0,12.5,10.0,0.0,ok,0.0,ok,0.6,,False,43.5,10.0,14.7,9.2,78.3,26.7,72.5,29.9,39.9,-0.34,0.321,NVDA,,126,12.5,14.0,,False
139,CVX,Chevron Corporation,Energy,Oil & Gas Integrated,Growth,397.6,202.7,192.56,20.5,13.0,10.0,0.0,ok,0.0,ok,0.56,,False,43.5,15.5,5.5,53.5,44.3,12.2,68.3,14.6,-0.9,-0.333,0.335,NVDA,,126,13.0,13.0,,False
140,FANG,"Diamondback Energy, Inc.",Energy,Oil & Gas E&P,Growth,57.8,206.29,195.98,21.0,13.0,10.0,0.0,ok,-0.5,ok,1.03,,False,43.5,11.6,8.7,52.5,72.4,3.5,64.0,17.5,10.6,-0.229,0.27,GOOG,,126,13.0,14.0,,False
141,POOL,Pool Corporation,Industrials,Industrial Distribution,Speculative,6.9,190.47,199.64,17.0,18.0,10.0,0.0,ok,-1.5,ok,2.58,,False,43.5,16.1,3.1,2.2,29.6,31.3,48.6,-12.8,-37.6,0.106,0.173,GOOG,,126,18.0,14.0,,False
142,APO,"Apollo Global Management, Inc.",Financial Services,Asset Management,Growth,79.5,134.54,127.81,20.0,13.4,10.0,0.0,ok,0.0,financial_na,,,False,43.4,12.5,,63.8,36.1,11.4,59.4,5.8,-5.2,0.327,0.284,GOOG,,126,13.4,14.0,,False
143,KR,Kroger Company (The),Consumer Defensive,Grocery Stores,Core,34.4,56.07,58.7,15.5,19.4,10.0,0.0,ok,-1.5,ok,2.64,,False,43.4,10.1,8.7,2.2,24.0,13.8,32.8,-12.6,-32.3,-0.338,0.361,AVGO,,126,19.4,16.0,,False
144,MU,"Micron Technology, Inc.",Technology,Semiconductors,Growth,1142.7,1011.75,961.16,20.0,13.4,10.0,0.0,ok,0.0,ok,-0.29,,False,43.4,6.5,0.7,345.7,72.6,66.6,68.3,81.8,140.0,0.402,0.499,AVGO,,126,13.4,15.0,,False
145,MCD,McDonald's Corporation,Consumer Cyclical,Restaurants,Core,187.9,265.53,273.48,16.5,19.3,10.0,0.0,ok,-2.5,ok,3.6,,False,43.3,19.0,3.3,3.7,57.4,,40.4,-10.8,-31.7,-0.051,0.198,NVDA,,126,19.3,12.0,,False
146,SYF,Synchrony Financial,Financial Services,Credit Services,Core,26.3,80.75,76.71,19.5,13.8,10.0,0.0,ok,0.0,financial_na,,,False,43.3,7.7,,0.6,0.0,20.8,63.6,8.5,-1.1,0.355,0.355,BMNR,,126,13.8,16.0,,False
147,ALGN,"Align Technology, Inc.",Healthcare,Medical Instruments & Supplies,Core,12.2,171.16,175.44,18.5,14.8,10.0,0.0,ok,0.0,ok,-1.08,,False,43.3,13.6,4.8,4.3,70.4,10.2,46.0,1.3,-21.8,0.316,0.316,GOOG,,126,14.8,17.0,,False
148,RMD,ResMed Inc.,Healthcare,Medical Instruments & Supplies,Core,31.8,220.37,209.35,18.5,14.8,10.0,0.0,ok,0.0,ok,-0.31,,False,43.3,16.6,3.0,8.6,61.6,24.3,59.5,-3.7,-26.8,0.02,0.3,GOOG,,126,14.8,17.0,,False
149,SYK,Stryker Corporation,Healthcare,Medical Devices,Core,127.2,331.68,324.63,17.0,16.7,10.0,0.0,ok,-0.5,ok,1.62,,False,43.2,19.8,3.2,9.4,65.6,16.5,40.9,-2.6,-23.1,-0.067,0.222,AVGO,,126,16.7,17.0,,False
150,ON,ON Semiconductor Corporation,Technology,Semiconductors,Core,32.5,83.38,95.98,16.0,17.2,10.0,0.0,ok,0.0,ok,0.4,,False,43.2,18.5,5.1,9.2,42.8,8.3,48.4,8.9,2.7,0.348,0.462,AVGO,,126,17.2,14.0,,False
151,AMAT,"Applied Materials, Inc.",Technology,Semiconductor Equipment & Mate,Core,425.0,535.31,559.56,19.0,14.2,10.0,0.0,ok,0.0,ok,-0.26,,False,43.2,29.3,0.8,24.8,49.4,41.1,60.0,37.2,36.1,0.401,0.531,AVGO,,126,14.2,14.0,,False
152,CMG,"Chipotle Mexican Grill, Inc.",Consumer Cyclical,Restaurants,Core,42.7,33.76,33.29,18.5,16.2,10.0,0.0,ok,-1.5,ok,2.08,,False,43.2,24.7,2.6,9.3,39.4,49.6,50.8,-2.1,-24.1,0.198,0.354,MSFT,,126,16.2,11.0,,False
153,BLK,"BlackRock, Inc.",Financial Services,Asset Management,Growth,186.4,1147.11,1089.75,20.5,12.5,10.0,0.0,ok,0.0,financial_na,,,False,43.0,17.9,4.1,30.6,47.2,12.3,62.9,9.2,-5.6,0.438,0.408,GOOG,,126,12.5,15.0,,False
154,NKE,"Nike, Inc.",Consumer Cyclical,Footwear & Accessories,Core,58.0,39.09,42.75,16.5,16.5,10.0,0.0,ok,0.0,ok,0.41,,False,43.0,17.0,3.3,-1.1,43.2,22.1,30.7,-26.0,-52.5,0.196,0.207,MSFT,,126,16.5,12.0,,False
155,CPRT,"Copart, Inc.",Industrials,Specialty Business Services,Core,29.3,31.7,30.12,17.0,16.0,10.0,0.0,ok,0.0,ok,-2.09,,False,43.0,18.8,3.4,2.1,47.5,17.6,57.5,-9.6,-28.7,-0.046,0.254,AVGO,,126,16.0,17.0,,False
156,JNJ,Johnson & Johnson,Healthcare,Drug Manufacturers - General,Core,632.3,262.37,251.99,18.5,14.5,10.0,0.0,ok,0.0,ok,0.81,,False,43.0,21.3,2.7,6.6,68.1,25.7,42.7,14.3,-4.8,-0.354,0.367,AVGO,,126,14.5,17.0,,False
157,DECK,Deckers Outdoor Corporation,Consumer Cyclical,Footwear & Accessories,Core,12.3,90.11,103.05,21.0,12.0,10.0,0.0,ok,0.0,ok,-0.85,,True,43.0,10.8,7.1,5.7,57.8,42.6,21.2,-11.8,-36.4,0.261,0.342,GOOG,,126,17.8,12.0,,False
158,LHX,"L3Harris Technologies, Inc.",Industrials,Aerospace & Defense,Growth,51.8,278.38,292.73,16.5,19.0,10.0,0.0,ok,-2.5,ok,3.23,,False,43.0,20.7,,190.0,30.4,,34.1,-11.7,-32.6,-0.14,0.179,MSFT,,126,19.0,14.0,,False
159,SNPS,"Synopsys, Inc.",Technology,Software - Infrastructure,Growth,79.1,413.22,425.34,20.0,16.4,10.0,0.0,ok,-3.5,ok,4.93,,False,42.9,23.9,4.5,41.9,82.6,3.8,67.0,-7.6,-15.2,0.437,0.36,NVDA,,126,16.4,17.0,,False
160,MKC,"McCormick & Company, Incorpora",Consumer Defensive,Packaged Foods,Core,14.5,53.94,51.24,20.0,15.4,10.0,0.0,ok,-2.5,ok,3.17,,False,42.9,16.4,4.9,16.7,38.9,24.7,67.1,-6.0,-34.5,-0.116,0.223,NVDA,,126,15.4,16.0,,False
161,TJX,"TJX Companies, Inc. (The)",Consumer Cyclical,Apparel Retail,Core,166.6,150.85,157.54,17.0,15.9,10.0,0.0,ok,0.0,ok,0.97,,False,42.9,26.2,2.6,9.2,31.4,61.3,28.8,-2.5,-16.8,-0.014,0.082,AVGO,,126,15.9,11.0,,False
162,HCA,"HCA Healthcare, Inc.",Healthcare,Medical Care Facilities,Core,87.7,404.98,393.19,17.0,18.3,10.0,0.0,ok,-2.5,ok,3.2,,False,42.8,12.6,4.3,8.7,42.6,,40.5,-11.0,-37.3,0.012,0.193,GOOG,,126,18.3,16.0,,False
163,AVY,Avery Dennison Corporation,Consumer Cyclical,Packaging & Containers,Core,13.4,176.62,167.79,20.5,13.8,10.0,0.0,ok,-1.5,ok,2.28,,False,42.8,15.7,7.5,10.9,29.0,31.2,61.1,2.5,-21.9,0.137,0.148,MSFT,,126,13.8,11.0,,False
164,TT,Trane Technologies plc,Industrials,Building Products & Equipment,Core,104.6,475.32,474.33,19.5,13.3,10.0,0.0,ok,0.0,ok,0.77,,False,42.8,27.2,3.0,10.6,35.4,36.6,52.5,7.4,-11.9,0.266,0.401,NVDA,,126,13.3,14.0,,False
165,CHD,"Church & Dwight Company, Inc.",Consumer Defensive,Household & Personal Products,Core,23.2,97.98,98.42,17.5,15.7,10.0,0.0,ok,-0.5,ok,1.6,,False,42.7,24.3,4.0,1.6,45.6,17.0,43.1,4.7,-14.8,-0.092,0.223,AVGO,,126,15.7,17.0,,False
166,CDW,CDW Corporation,Technology,Information Technology Service,Core,16.9,135.3,136.11,17.0,18.2,10.0,0.0,ok,-2.5,ok,3.02,,False,42.7,11.3,4.0,10.0,21.4,44.0,41.6,2.7,-4.5,0.126,0.208,MSFT,,126,18.2,15.0,,False
167,MPWR,"Monolithic Power Systems, Inc.",Technology,Semiconductors,Growth,69.6,1415.99,1395.31,19.0,13.7,10.0,0.0,ok,0.0,ok,-1.39,,False,42.7,40.7,0.6,47.6,55.2,22.0,62.2,15.3,7.8,0.448,0.532,AVGO,,126,13.7,14.0,,False
168,CSX,CSX Corporation,Industrials,Railroads,Core,93.7,50.58,49.08,19.5,14.7,10.0,0.0,ok,-1.5,ok,2.64,,False,42.7,22.3,2.1,10.1,47.1,24.4,47.1,20.4,10.5,-0.039,0.203,MSFT,,126,14.7,15.0,,False
169,CB,Chubb Limited,Financial Services,Insurance - Property & Casualt,Core,131.5,340.86,343.99,18.5,14.2,10.0,0.0,ok,0.0,financial_na,,,False,42.7,11.7,8.0,6.1,31.1,14.8,19.9,5.8,-10.2,-0.374,0.407,AVGO,,126,14.2,14.0,,False
170,ERIE,Erie Indemnity Company,Financial Services,Insurance Brokers,Core,13.0,247.75,236.75,16.0,16.7,10.0,0.0,ok,0.0,financial_na,,,False,42.7,17.7,3.7,2.8,17.9,24.8,53.8,-2.9,-25.4,-0.212,0.312,AVGO,,126,16.7,14.0,,False
171,ALLE,Allegion plc,Industrials,Security & Protection Services,Core,13.8,162.1,154.0,19.5,13.6,10.0,0.0,ok,-0.5,ok,1.81,,False,42.6,16.6,3.5,12.7,44.8,33.7,51.5,7.2,-13.2,0.048,0.089,NVDA,,126,13.6,17.0,,False
172,ESTC,Elastic N.V.,Technology,Software - Application,Speculative,8.7,83.44,79.27,21.0,11.6,10.0,0.0,ok,0.0,neg_ebitda_low_debt,,,False,42.6,21.5,5.3,16.0,76.2,33.4,84.6,30.5,24.9,0.347,0.497,MSFT,,126,11.6,17.0,,False
173,GOOGL,Alphabet Inc.,Communication Services,Internet Content & Information,Core,4207.1,344.0,353.33,19.0,15.6,10.0,-2.0,ok,0.0,ok,-0.7,,False,42.6,23.3,0.5,24.2,60.9,48.7,55.4,3.7,0.8,0.561,0.995,GOOG,,126,15.6,15.0,,False
174,EXE,Expand Energy Corporation,Energy,Oil & Gas E&P,Cyclical,21.8,94.18,90.41,16.5,16.0,10.0,0.0,ok,0.0,ok,0.46,,False,42.5,10.5,6.7,-10.6,47.1,14.9,63.0,-7.1,-20.5,-0.051,0.118,AVGO,,126,16.0,13.0,,False
175,AFL,AFLAC Incorporated,Financial Services,Insurance - Life,Core,60.7,120.98,121.46,17.5,15.0,10.0,0.0,ok,0.0,financial_na,,,False,42.5,16.0,8.5,-1.0,50.9,16.9,17.7,6.2,-7.8,-0.196,0.319,AVGO,,126,15.0,15.0,,False
176,CCL,Carnival Corporation Ltd.,Consumer Cyclical,Travel Services,Core,38.0,27.73,27.9,19.0,16.0,10.0,0.0,ok,-2.5,ok,3.28,,False,42.5,10.5,5.0,5.3,55.7,26.7,46.0,-0.1,-27.8,0.395,0.435,GOOG,,126,16.0,14.0,,False
177,NWS,News Corporation,Communication Services,Entertainment,Core,17.7,32.68,31.05,17.0,15.4,10.0,0.0,ok,0.0,ok,0.61,,False,42.4,21.8,5.9,10.8,57.2,8.0,55.9,10.8,11.4,0.064,0.215,GOOG,,126,15.4,14.0,,False
178,MGM,MGM Resorts International,Consumer Cyclical,Resorts & Casinos,Core,11.2,43.78,46.31,18.5,18.9,10.0,0.0,ok,-5.0,ok,12.25,,False,42.4,21.1,7.8,1.0,44.2,18.9,32.8,12.7,14.6,0.212,0.235,MSFT,,126,18.9,12.0,,False
179,ACGL,Arch Capital Group Ltd.,Financial Services,Insurance - Diversified,Core,33.4,97.81,98.04,16.5,15.9,10.0,0.0,ok,0.0,financial_na,,,False,42.4,10.0,12.9,-10.5,38.8,19.9,17.0,2.5,-14.3,-0.276,0.404,AVGO,,126,15.9,14.0,,False
180,GIS,"General Mills, Inc.",Consumer Defensive,Packaged Foods,Core,20.3,37.98,36.1,16.0,16.3,10.0,0.0,ok,0.0,ok,-0.12,,False,42.3,11.8,11.4,2.2,33.7,-1.0,52.2,-4.6,-27.3,-0.14,0.326,AVGO,,126,16.3,16.0,,False
181,OTIS,Otis Worldwide Corporation,Industrials,Specialty Industrial Machinery,Core,26.9,70.56,72.42,15.5,19.2,10.0,0.0,ok,-2.5,ok,3.04,,False,42.2,15.4,5.3,7.3,30.3,,36.0,-12.7,-36.4,0.019,0.168,GOOG,,126,19.2,14.0,,False
182,VEEV,Veeva Systems Inc.,Healthcare,Health Information Services,Core,38.7,238.34,226.42,18.0,14.2,10.0,0.0,ok,0.0,ok,-7.03,,False,42.2,23.8,3.3,16.3,75.0,13.9,73.7,18.8,21.6,0.223,0.451,MSFT,,126,14.2,19.0,,False
183,ORCL,Oracle Corporation,Technology,Software - Infrastructure,Core,422.4,146.65,150.57,17.5,11.2,19.0,-2.0,ok,-3.5,ok,4.44,,False,42.2,13.4,-5.8,20.6,65.8,53.4,70.2,-16.2,-17.6,0.61,0.54,MSFT,,126,11.2,19.0,,False
184,PPG,"PPG Industries, Inc.",Basic Materials,Specialty Chemicals,Cyclical,25.2,113.44,117.25,17.5,16.2,10.0,0.0,ok,-1.5,ok,2.17,,False,42.2,13.1,4.4,7.2,41.2,19.3,40.7,3.6,-24.3,0.276,0.315,BMNR,,126,16.2,12.0,,False
185,FTNT,"Fortinet, Inc.",Technology,Software - Infrastructure,Core,114.3,155.85,155.04,19.0,13.2,10.0,0.0,ok,0.0,ok,-1.35,,False,42.2,41.5,2.0,25.6,80.2,117.4,56.0,48.7,77.6,0.282,0.318,MSFT,,126,13.2,17.0,,False
186,SPG,"Simon Property Group, Inc.",Real Estate,REIT - Retail,Core,84.2,221.67,222.24,20.5,15.2,10.0,0.0,ok,-3.5,ok,5.54,,False,42.2,33.1,3.1,19.5,81.4,120.5,20.2,11.9,-2.2,-0.077,0.178,GOOG,,126,15.2,17.0,,False
187,TRMB,Trimble Inc.,Technology,Scientific & Technical Instrum,Core,13.0,55.69,53.53,17.0,15.5,10.0,0.0,ok,-0.5,ok,1.41,,False,42.0,13.5,5.3,11.0,71.8,-1.9,40.1,-15.8,-28.3,0.342,0.355,MSFT,,126,15.5,15.0,,False
188,ARES,Ares Management Corporation,Financial Services,Asset Management,Core,46.6,141.34,134.27,17.5,14.4,10.0,0.0,ok,0.0,financial_na,,,False,41.9,19.7,4.6,5.8,37.4,14.9,63.2,6.4,-3.3,0.379,0.318,GOOG,,126,14.4,14.0,,False
189,WFC,Wells Fargo & Company,Financial Services,Banks - Diversified,Core,264.7,87.54,85.75,16.5,15.4,10.0,0.0,ok,0.0,financial_na,,,False,41.9,11.1,,9.5,0.0,12.6,52.3,3.6,-12.4,0.142,0.199,BMNR,,126,15.4,14.0,,False
190,KLAC,KLA Corporation,Technology,Semiconductor Equipment & Mate,Core,268.8,205.76,414.69,18.0,13.9,10.0,0.0,ok,0.0,ok,0.21,,False,41.9,31.3,1.0,15.2,61.3,87.5,58.9,-83.1,-99.2,0.187,0.266,AVGO,,126,13.9,15.0,,False
191,PFG,Principal Financial Group Inc,Financial Services,Asset Management,Core,24.2,112.97,111.28,17.5,14.4,10.0,0.0,ok,0.0,financial_na,,,False,41.9,10.9,4.4,6.4,47.3,12.9,45.1,17.2,10.7,0.203,0.244,GOOG,,126,14.4,15.0,,False
192,DOC,"Healthpeak Properties, Inc.",Real Estate,REIT - Healthcare Facilities,Core,14.6,20.58,21.31,18.0,17.3,10.0,0.0,ok,-3.5,ok,5.53,,False,41.8,,11.3,11.1,57.6,3.0,20.5,13.6,8.4,0.025,0.161,NVDA,,126,17.3,16.0,,False
193,STE,STERIS plc (Ireland),Healthcare,Medical Devices,Core,22.4,229.75,218.26,16.0,15.8,10.0,0.0,ok,0.0,ok,0.95,,False,41.8,18.8,3.6,7.3,44.4,11.4,49.1,-1.8,-19.6,0.06,0.166,GOOG,,126,15.8,16.0,,False
194,IBKR,"Interactive Brokers Group, Inc",Financial Services,Capital Markets,Core,160.7,94.33,91.37,20.0,13.8,10.0,-2.0,ok,0.0,financial_na,,,False,41.8,29.6,,26.3,93.0,24.0,56.6,22.2,15.7,0.598,0.572,BMNR,,126,13.8,16.0,,False
195,HD,"Home Depot, Inc. (The)",Consumer Cyclical,Home Improvement Retail,Core,336.9,337.88,338.25,17.0,16.3,10.0,0.0,ok,-1.5,ok,2.49,,False,41.8,21.0,3.0,4.8,33.1,128.4,45.2,-2.2,-24.4,0.147,0.275,GOOG,,126,16.3,11.0,,False
196,COF,Capital One Financial Corporat,Financial Services,Credit Services,Growth,135.9,221.45,210.38,18.0,13.8,10.0,0.0,ok,0.0,financial_na,,,False,41.8,9.2,,1111.0,0.0,9.0,61.7,6.9,-5.7,0.354,0.328,BMNR,,126,13.8,16.0,,False
197,WSM,"Williams-Sonoma, Inc.",Consumer Cyclical,Specialty Retail,Core,28.3,240.42,229.45,18.5,13.3,10.0,0.0,ok,0.0,ok,0.51,,False,41.8,23.3,3.1,4.4,46.1,54.0,54.4,19.7,0.8,0.232,0.235,GOOG,,126,13.3,12.0,,False
198,ALB,Albemarle Corporation,Basic Materials,Specialty Chemicals,Growth,15.8,133.99,133.95,19.0,12.8,10.0,0.0,ok,0.0,ok,0.25,,False,41.8,11.6,8.4,31.1,24.0,2.6,79.7,-13.0,-33.7,0.258,0.246,AVGO,,126,12.8,11.0,,False
199,DXCM,"DexCom, Inc.",Healthcare,Medical Devices,Core,33.5,88.76,84.32,20.5,11.3,10.0,0.0,ok,0.0,ok,-0.39,,False,41.8,28.4,3.0,13.1,62.5,38.5,73.3,29.0,12.8,0.204,0.271,GOOG,,126,11.3,17.0,,False
200,SNA,Snap-On Incorporated,Industrials,Tools & Accessories,Core,20.8,401.22,401.64,17.5,14.3,10.0,0.0,ok,0.0,ok,-0.24,,False,41.8,18.8,5.3,4.2,51.8,17.9,29.6,7.9,-7.4,0.12,0.264,GOOG,,126,14.3,15.0,,False
201,RJF,"Raymond James Financial, Inc.",Financial Services,Asset Management,Core,34.5,179.48,170.51,19.0,12.8,10.0,0.0,ok,0.0,financial_na,,,False,41.8,12.7,,15.1,93.2,18.4,55.8,13.1,0.8,0.302,0.285,GOOG,,126,12.8,16.0,,False
202,EPAM,"EPAM Systems, Inc.",Technology,Information Technology Service,Speculative,5.1,98.73,93.79,17.0,14.7,10.0,0.0,ok,0.0,ok,-0.85,,False,41.7,7.0,12.8,4.5,29.5,11.2,48.3,-30.7,-52.3,-0.006,0.202,MSFT,,126,14.7,15.0,,False
203,L,Loews Corporation,Financial Services,Insurance - Property & Casualt,Core,23.0,112.38,113.26,16.0,15.7,10.0,0.0,ok,0.0,financial_na,,,False,41.7,38.8,5.5,3.9,36.3,9.3,9.2,3.8,-11.4,-0.153,0.207,AVGO,,126,15.7,14.0,,False
204,VRTX,Vertex Pharmaceuticals Incorpo,Healthcare,Biotechnology,Core,130.7,515.55,489.77,19.5,12.2,10.0,0.0,ok,0.0,ok,-1.15,,False,41.7,23.6,2.0,12.5,55.0,23.5,61.0,12.7,-5.2,-0.002,0.145,AVGO,,126,12.2,16.0,,False
205,CSGP,"CoStar Group, Inc.",Real Estate,Real Estate Services,Core,12.7,31.35,30.19,16.5,15.2,10.0,0.0,ok,0.0,ok,-0.28,,False,41.7,18.2,3.2,18.4,78.7,0.9,54.5,-32.3,-44.6,0.03,0.339,MSFT,,126,15.2,19.0,,False
206,PSA,Public Storage,Real Estate,REIT - Industrial,Core,60.6,324.31,321.8,18.5,14.7,10.0,0.0,ok,-1.5,ok,2.89,,False,41.7,35.3,3.9,3.3,74.4,21.9,42.1,10.6,-4.7,-0.034,0.217,GOOG,,126,14.7,17.0,,False
207,PRU,"Prudential Financial, Inc.",Financial Services,Insurance - Life,Core,43.0,124.56,118.33,18.0,13.7,10.0,0.0,ok,0.0,financial_na,,,False,41.7,8.5,17.5,14.1,29.0,12.0,52.4,17.2,7.4,0.149,0.241,BMNR,,126,13.7,14.0,,False
208,CMCSA,Comcast Corporation,Communication Services,Telecom Services,Core,90.7,25.57,24.29,18.5,14.7,10.0,0.0,ok,-1.5,ok,2.43,,False,41.7,7.1,14.0,-1.2,69.4,11.5,62.5,-3.9,-31.2,-0.04,0.138,GOOG,,126,14.7,17.0,,False
209,GPN,Global Payments Inc.,Industrials,Specialty Business Services,Growth,23.9,90.38,85.86,21.0,14.2,10.0,0.0,ok,-3.5,ok,4.05,,False,41.7,5.7,,68.6,64.0,2.4,55.7,21.4,16.8,0.258,0.28,MSFT,,126,14.2,18.0,fcf_yield_out_of_range(32.9),False
210,WM,"Waste Management, Inc.",Industrials,Waste Management,Core,89.5,224.02,227.56,17.5,15.6,10.0,0.0,ok,-1.5,ok,2.93,,False,41.6,24.5,2.6,4.0,40.6,29.8,20.9,0.3,-17.6,-0.397,0.377,NVDA,,126,15.6,15.0,,False
211,CTVA,"Corteva, Inc.",Basic Materials,Agricultural Inputs,Cyclical,50.7,76.01,81.55,15.0,16.6,10.0,0.0,ok,0.0,ok,0.59,,False,41.6,18.4,4.8,-1.2,49.5,4.3,22.6,0.1,-12.3,-0.204,0.261,MSFT,,126,16.6,12.0,,False
212,HST,"Host Hotels & Resorts, Inc.",Real Estate,REIT - Hotel & Motel,Core,15.8,22.81,24.11,17.0,16.1,10.0,0.0,ok,-1.5,ok,2.18,,False,41.6,21.7,10.7,3.6,29.2,15.6,20.4,12.0,2.0,0.129,0.259,GOOG,,126,16.1,15.0,,False
213,KO,Coca-Cola Company (The),Consumer Defensive,Beverages - Non-Alcoholic,Core,374.2,86.98,83.58,17.0,15.0,10.0,0.0,ok,-0.5,ok,1.64,,False,41.5,24.7,1.4,6.7,61.9,42.1,39.8,13.3,-3.1,-0.234,0.281,AVGO,,126,15.0,18.0,,False
214,ITW,Illinois Tool Works Inc.,Industrials,Specialty Industrial Machinery,Core,81.8,287.28,274.96,18.5,13.5,10.0,0.0,ok,-0.5,ok,1.84,,False,41.5,23.2,3.0,6.1,44.2,104.6,39.9,9.1,-16.0,0.022,0.18,NVDA,,126,13.5,15.0,,False
215,TTD,"The Trade Desk, Inc.",Communication Services,Advertising Agencies,Speculative,6.3,13.4,18.0,19.5,12.0,10.0,0.0,ok,0.0,ok,-1.51,,True,41.5,13.5,9.3,3.0,76.9,15.4,24.8,-50.9,-60.1,0.196,0.29,MSFT,,126,16.0,15.0,,False
216,KKR,KKR & Co. Inc.,Financial Services,Asset Management,Core,100.5,108.83,103.39,15.5,16.0,10.0,0.0,ok,0.0,financial_na,,,False,41.5,14.7,,7.8,54.8,7.3,58.4,2.5,-6.8,0.358,0.303,BMNR,,126,16.0,15.0,,False
217,SCHW,Charles Schwab Corporation (Th,Financial Services,Capital Markets,Core,191.2,110.58,105.05,21.5,10.0,10.0,0.0,ok,0.0,financial_na,,,False,41.5,14.2,,20.9,97.5,20.3,72.3,15.2,6.0,0.123,0.209,MSFT,,126,10.0,16.0,,False
218,ARM,Arm Holdings plc,Technology,Semiconductors,Core,289.9,271.43,308.86,16.5,15.0,10.0,0.0,ok,0.0,ok,-3.2,,False,41.5,88.8,0.5,22.4,97.5,13.4,59.7,38.8,100.7,0.473,0.508,AVGO,,126,15.0,15.0,,False
219,SYY,Sysco Corporation,Consumer Defensive,Food Distribution,Core,39.2,81.85,82.11,17.0,16.0,10.0,0.0,ok,-1.5,ok,2.89,,False,41.5,15.2,5.0,4.7,18.5,77.7,32.2,4.4,-21.2,-0.007,0.084,GOOG,,126,16.0,16.0,,False
220,T,AT&T Inc.,Communication Services,Telecom Services,Core,169.1,24.68,23.45,18.5,15.5,10.0,0.0,ok,-2.5,ok,3.3,,False,41.5,9.6,6.0,2.3,59.7,18.3,50.2,-0.8,-26.2,-0.222,0.244,NVDA,,126,15.5,16.0,,False
221,CI,The Cigna Group,Healthcare,Healthcare Plans,Core,72.8,275.33,285.92,15.5,16.4,10.0,0.0,ok,-0.5,ok,1.93,,False,41.4,8.2,11.0,6.7,9.1,16.8,32.4,-0.8,-17.9,-0.159,0.272,AVGO,,126,16.4,15.0,,False
222,ETN,"Eaton Corporation, PLC",Industrials,Specialty Industrial Machinery,Core,176.9,455.4,432.63,15.5,9.7,18.7,0.0,ok,-2.5,ok,3.11,,False,41.4,28.4,1.8,21.4,36.0,19.7,74.3,20.7,3.8,0.399,0.467,AVGO,,126,9.7,19.0,,False
223,EL,"Estee Lauder Companies, Inc. (",Consumer Defensive,Household & Personal Products,Core,30.5,84.34,84.17,16.0,16.9,10.0,0.0,ok,-1.5,ok,2.63,,False,41.4,26.5,5.9,4.6,74.7,-5.9,48.6,-7.8,-37.7,0.267,0.328,GOOG,,126,16.9,18.0,,False
224,ABNB,"Airbnb, Inc.",Consumer Cyclical,Travel Services,Core,107.4,179.29,170.33,20.5,10.9,10.0,0.0,ok,0.0,ok,-3.47,,False,41.4,29.2,3.0,16.5,82.9,34.5,73.5,32.8,31.1,0.35,0.284,BMNR,,126,10.9,15.0,,False
225,ELV,"Elevance Health, Inc.",Healthcare,Healthcare Plans,Core,84.6,390.24,396.13,16.0,15.3,10.0,0.0,ok,0.0,ok,-0.78,,False,41.3,13.2,5.1,1.4,26.0,11.1,53.2,10.7,0.7,0.057,0.13,GOOG,,126,15.3,15.0,,False
226,ABBV,AbbVie Inc.,Healthcare,Drug Manufacturers - General,Core,442.4,250.33,244.97,17.5,15.3,10.0,0.0,ok,-1.5,ok,2.09,,False,41.3,15.4,3.8,10.2,72.8,,32.2,11.7,-4.8,-0.303,0.318,AVGO,,126,15.3,17.0,,False
227,AMT,American Tower Corporation (RE,Real Estate,REIT - Specialty,Core,80.3,172.23,173.31,19.5,16.8,10.0,0.0,ok,-5.0,ok,6.14,,False,41.3,24.6,3.6,4.7,73.8,33.9,50.9,-2.5,-23.1,-0.123,0.333,AVGO,,126,16.8,17.0,,False
228,YUM,"Yum! Brands, Inc.",Consumer Cyclical,Restaurants,Core,39.6,145.14,153.33,16.5,18.2,10.0,0.0,ok,-3.5,ok,4.15,,False,41.2,19.5,2.1,12.2,45.3,,43.6,-5.8,-22.7,-0.031,0.087,AVGO,,126,18.2,12.0,,False
229,PNR,Pentair plc.,Industrials,Specialty Industrial Machinery,Core,10.2,64.1,70.3,15.5,16.2,10.0,0.0,ok,-0.5,ok,1.62,,False,41.2,12.4,5.5,-17.0,41.4,17.1,40.9,-27.6,-48.7,0.155,0.23,NVDA,,126,16.2,15.0,,False
230,NEM,Newmont Corporation,Basic Materials,Gold,Cyclical,126.8,120.33,114.31,22.0,9.2,10.0,0.0,ok,0.0,ok,-0.2,,False,41.2,11.4,7.0,15.1,68.0,25.9,85.4,14.2,-14.6,0.371,0.383,NVDA,,126,9.2,13.0,,False
231,CHRW,"C.H. Robinson Worldwide, Inc.",Industrials,Integrated Freight & Logistics,Core,16.9,144.78,179.3,16.5,15.1,10.0,0.0,ok,-0.5,ok,1.95,,False,41.1,19.3,2.8,19.3,8.4,37.1,30.9,-16.2,-31.3,-0.064,0.188,MSFT,,126,15.1,14.0,,False
232,PHM,"PulteGroup, Inc.",Consumer Cyclical,Residential Construction,Core,24.5,128.49,128.06,15.0,16.1,10.0,0.0,ok,0.0,ok,0.42,,False,41.1,11.4,4.4,-9.6,25.6,14.9,40.7,3.2,-22.2,0.111,0.205,GOOG,,126,16.1,11.0,,False
233,AIZ,"Assurant, Inc.",Financial Services,Insurance - Property & Casualt,Core,13.9,281.11,273.74,15.5,15.6,10.0,0.0,ok,0.0,financial_na,,,False,41.1,12.1,15.5,9.4,13.3,18.3,48.2,16.7,14.0,0.022,0.096,BMNR,,126,15.6,14.0,,False
234,ACN,Accenture plc,Technology,Information Technology Service,Core,104.0,169.98,161.48,18.5,12.6,10.0,0.0,ok,0.0,ok,-0.14,,False,41.1,11.6,11.6,5.6,32.0,24.4,55.8,-17.5,-35.2,-0.024,0.282,MSFT,,126,12.6,15.0,,False
235,NTAP,"NetApp, Inc.",Technology,Software - Infrastructure,Core,40.1,204.2,193.99,20.5,10.6,10.0,0.0,ok,0.0,ok,-0.45,,False,41.1,20.5,3.2,12.5,70.7,106.7,79.6,63.5,89.9,0.289,0.288,AVGO,,126,10.6,17.0,,False
236,GE,GE Aerospace,Industrials,Aerospace & Defense,Core,383.3,369.43,357.26,18.0,13.0,10.0,0.0,ok,0.0,ok,0.9,,False,41.0,40.7,1.7,21.1,31.1,48.2,53.9,16.0,-0.1,0.258,0.38,GOOG,,126,13.0,14.0,,False
237,MPC,Marathon Petroleum Corporation,Energy,Oil & Gas Refining & Marketing,Growth,100.6,358.18,340.27,21.0,10.5,10.0,0.0,ok,-0.5,ok,1.72,,False,41.0,11.1,9.2,53.7,12.8,42.1,74.9,56.4,66.3,-0.127,0.21,GOOG,,126,10.5,12.0,,False
238,TER,"Teradyne, Inc.",Technology,Semiconductor Equipment & Mate,Growth,69.3,443.14,420.98,20.0,11.0,10.0,0.0,ok,0.0,ok,-0.17,,False,41.0,38.4,0.6,103.9,59.2,36.5,79.8,46.1,31.9,0.421,0.497,AVGO,,126,11.0,14.0,,False
239,CME,CME Group Inc.,Financial Services,Financial Data & Stock Exchang,Core,96.3,267.88,254.49,17.0,14.0,10.0,0.0,ok,0.0,financial_na,,,False,41.0,20.7,3.0,0.8,100.0,15.8,62.0,-2.7,-22.7,-0.144,0.316,AVGO,,126,14.0,16.0,,False
240,CRDO,Credo Technology Group Holding,Technology,Semiconductors,Growth,52.7,282.82,268.68,20.0,11.0,10.0,0.0,ok,0.0,ok,-2.96,,False,41.0,31.2,0.5,157.0,68.0,34.4,74.7,64.7,113.4,0.391,0.489,AVGO,,126,11.0,15.0,,False
241,STX,Seagate Technology Holdings PL,Technology,Computer Hardware,Growth,225.5,994.79,945.05,20.0,11.0,10.0,0.0,ok,0.0,ok,0.49,,False,41.0,18.0,0.9,48.5,45.6,371.5,79.7,79.7,126.4,0.359,0.436,AVGO,,126,11.0,14.0,,False
242,KDP,Keurig Dr Pepper Inc.,Consumer Defensive,Beverages - Non-Alcoholic,Growth,41.2,30.28,31.1,20.0,15.9,10.0,0.0,ok,-5.0,ok,6.66,,False,40.9,12.0,11.2,75.6,51.0,5.1,44.0,5.9,-8.3,-0.13,0.17,AVGO,,126,15.9,17.0,,False
243,KVUE,Kenvue Inc.,Consumer Defensive,Household & Personal Products,Core,36.1,18.79,18.93,17.5,14.9,10.0,0.0,ok,-1.5,ok,2.16,,False,40.9,15.2,5.3,3.0,58.4,15.6,33.7,7.2,-9.9,-0.105,0.196,AVGO,,126,14.9,17.0,,False
244,TGT,Target Corporation,Consumer Defensive,Discount Stores,Core,68.6,151.01,143.46,17.5,13.9,10.0,0.0,ok,-0.5,ok,1.89,,False,40.9,16.7,4.6,6.7,28.1,22.0,64.7,29.7,17.6,0.025,0.127,GOOG,,126,13.9,16.0,,False
245,DHI,"D.R. Horton, Inc.",Consumer Cyclical,Residential Construction,Core,41.5,148.34,151.58,15.0,16.4,10.0,0.0,ok,-0.5,ok,1.24,,False,40.9,12.6,5.8,0.0,21.3,12.6,46.9,-0.6,-23.7,0.139,0.19,GOOG,,126,16.4,11.0,,False
246,COST,Costco Wholesale Corporation,Consumer Defensive,Discount Stores,Core,422.9,953.5,950.2,14.0,16.9,10.0,0.0,ok,0.0,ok,-0.07,,False,40.9,42.1,1.6,21.5,12.9,29.2,42.9,-0.4,-18.8,-0.246,0.351,AVGO,,126,16.9,16.0,,False
247,INVH,Invitation Homes Inc.,Real Estate,REIT - Residential,Core,17.6,29.69,29.83,19.0,15.3,10.0,0.0,ok,-3.5,ok,5.65,,False,40.8,43.8,6.6,10.1,56.3,7.1,44.4,7.7,-2.4,-0.117,0.268,AVGO,,126,15.3,16.0,,False
248,LRCX,Lam Research Corporation,Technology,Semiconductor Equipment & Mate,Core,430.3,343.84,337.62,19.0,11.8,10.0,0.0,ok,0.0,ok,-0.17,,False,40.8,29.8,0.7,30.0,50.5,65.1,73.0,37.3,33.0,0.474,0.555,AVGO,,126,11.8,14.0,,False
249,TDG,Transdigm Group Incorporated,Industrials,Aerospace & Defense,Core,68.4,1237.82,1267.78,18.5,17.3,10.0,0.0,ok,-5.0,ok,6.03,,False,40.8,25.6,2.1,22.5,59.8,,35.1,-3.1,-18.1,0.176,0.332,GOOG,,126,17.3,15.0,,False
250,EQR,Equity Residential,Real Estate,REIT - Residential,Core,24.6,63.66,67.42,17.0,17.3,10.0,0.0,ok,-3.5,ok,4.51,,False,40.8,41.1,5.8,2.1,62.3,8.0,32.1,1.2,-11.7,-0.137,0.281,AVGO,,126,17.3,17.0,,False
251,FOX,Fox Corporation,Communication Services,Entertainment,Core,25.8,61.49,58.42,18.0,12.8,10.0,0.0,ok,0.0,ok,0.87,,False,40.8,10.4,2.2,28.1,36.6,14.3,80.7,8.5,6.6,-0.022,0.176,AVGO,,126,12.8,13.0,,False
252,UDR,"UDR, Inc.",Real Estate,REIT - Residential,Core,13.7,37.24,39.09,17.5,16.8,10.0,0.0,ok,-3.5,ok,5.76,,False,40.8,66.5,5.7,-0.1,66.6,13.7,35.9,1.9,-13.9,-0.147,0.308,AVGO,,126,16.8,17.0,,False
253,WTW,Willis Towers Watson Public Li,Financial Services,Insurance Brokers,Core,30.3,326.06,309.76,17.5,13.2,10.0,0.0,ok,0.0,financial_na,,,False,40.7,14.3,4.7,9.1,42.5,19.8,59.0,9.4,-2.5,0.023,0.449,MSFT,,126,13.2,15.0,,False
254,TAP,Molson Coors Beverage Company,Consumer Defensive,Beverages - Brewers,Speculative,7.6,40.74,40.71,13.5,18.7,10.0,0.0,ok,-1.5,ok,2.56,,False,40.7,8.3,12.3,-3.3,37.0,-19.5,40.3,-7.5,-32.3,-0.179,0.278,BMNR,,126,18.7,16.0,,False
255,CVNA,Carvana Co.,Consumer Cyclical,Auto & Truck Dealerships,Growth,104.3,70.09,67.25,16.0,15.2,10.0,0.0,ok,-0.5,ok,1.02,,False,40.7,31.1,0.4,52.4,19.4,58.8,56.4,-3.2,-13.3,0.351,0.39,GOOG,,126,15.2,11.0,,False
256,IR,Ingersoll Rand Inc.,Industrials,Specialty Industrial Machinery,Core,31.9,82.31,80.96,14.5,16.7,10.0,0.0,ok,-0.5,ok,1.85,,False,40.7,21.0,3.5,8.5,42.8,9.5,38.0,0.5,-29.8,0.219,0.249,GOOG,,126,16.7,15.0,,False
257,FTV,Fortive Corporation,Technology,Scientific & Technical Instrum,Core,18.3,60.64,61.22,17.0,15.1,10.0,0.0,ok,-1.5,ok,2.61,,False,40.6,18.7,5.1,7.9,63.2,7.3,35.0,5.5,-6.3,0.083,0.136,NVDA,,126,15.1,15.0,,False
258,FRT,Federal Realty Investment Trus,Real Estate,REIT - Retail,Core,10.3,118.02,122.62,18.5,15.6,10.0,0.0,ok,-3.5,ok,5.65,,False,40.6,38.2,4.4,7.2,68.1,12.6,21.0,8.4,-0.9,-0.053,0.13,AVGO,,126,15.6,17.0,,False
259,APTV,Aptiv PLC,Consumer Cyclical,Auto Parts,Core,10.4,50.04,58.49,15.5,15.6,10.0,0.0,ok,-0.5,ok,1.52,,False,40.6,7.7,15.6,2.3,19.3,5.2,28.0,-27.3,-52.7,0.198,0.232,AVGO,,126,15.6,11.0,,False
260,KLIC,"Kulicke and Soffa Industries, ",Technology,Semiconductor Equipment & Mate,Growth,5.3,101.77,106.51,16.5,14.1,10.0,0.0,ok,0.0,ok,-2.49,,False,40.6,17.2,1.1,122.6,52.6,13.2,62.6,34.3,29.1,0.386,0.454,NVDA,,126,14.1,14.0,,False
261,UNP,Union Pacific Corporation,Industrials,Railroads,Core,178.2,299.9,284.9,20.5,11.6,10.0,0.0,ok,-1.5,ok,2.26,,False,40.6,21.2,2.6,11.5,56.3,39.7,58.1,18.1,1.5,-0.173,0.201,MSFT,,126,11.6,15.0,,False
262,ORLY,"O'Reilly Automotive, Inc.",Consumer Cyclical,Auto Parts,Core,73.0,90.23,88.98,15.5,16.6,10.0,0.0,ok,-1.5,ok,2.24,,False,40.6,24.7,2.2,8.1,51.6,,46.9,-2.6,-15.7,-0.1,0.178,NVDA,,126,16.6,12.0,,False
263,BWXT,"BWX Technologies, Inc.",Industrials,Aerospace & Defense,Core,15.7,171.54,182.61,14.5,17.6,10.0,0.0,ok,-1.5,ok,2.96,,False,40.6,32.6,0.9,18.0,22.1,28.3,51.9,-12.3,-27.8,0.416,0.478,BMNR,,126,17.6,14.0,,False
264,VLO,Valero Energy Corporation,Energy,Oil & Gas Refining & Marketing,Growth,100.0,347.19,329.83,20.0,10.5,10.0,0.0,ok,0.0,ok,0.26,,False,40.5,12.3,8.4,51.7,16.1,27.6,78.9,53.1,62.8,-0.165,0.291,GOOG,,126,10.5,12.0,,False
265,CMI,Cummins Inc.,Industrials,Specialty Industrial Machinery,Core,88.3,641.16,663.86,16.0,14.5,10.0,0.0,ok,0.0,ok,0.87,,False,40.5,18.5,2.5,9.4,25.8,21.1,49.8,8.5,-5.2,0.331,0.442,AVGO,,126,14.5,14.0,,False
266,DAL,"Delta Air Lines, Inc.",Industrials,Airlines,Core,57.6,87.59,87.27,17.0,15.0,10.0,0.0,ok,-1.5,ok,2.19,,False,40.5,9.9,4.9,18.7,18.7,20.1,46.1,21.0,11.1,0.345,0.328,GOOG,,126,15.0,14.0,,False
267,SHW,Sherwin-Williams Company (The),Basic Materials,Specialty Chemicals,Cyclical,85.0,349.97,335.98,18.5,14.5,10.0,0.0,ok,-2.5,ok,3.13,,False,40.5,25.7,2.9,7.5,49.0,65.1,47.4,4.9,-17.9,0.202,0.308,GOOG,,126,14.5,12.0,,False
268,VMC,Vulcan Materials Company (Hold,Basic Materials,Building Materials,Cyclical,36.0,278.15,288.47,14.5,17.5,10.0,0.0,ok,-1.5,ok,2.03,,False,40.5,25.8,2.3,2.5,27.5,13.2,42.4,-3.9,-21.0,0.052,0.224,GOOG,,126,17.5,11.0,,False
269,CTAS,Cintas Corporation,Industrials,Specialty Business Services,Core,79.2,197.82,189.36,16.0,14.5,10.0,0.0,ok,0.0,ok,0.81,,False,40.5,32.4,1.8,8.9,50.7,40.7,20.3,6.9,-11.4,-0.063,0.205,AVGO,,126,14.5,17.0,,False
270,XOM,ExxonMobil Holdings Corporatio,Energy,Oil & Gas Integrated,Growth,663.9,161.46,153.39,17.5,12.9,10.0,0.0,ok,0.0,ok,0.47,,False,40.4,15.2,3.1,44.1,29.8,12.6,66.8,14.9,-2.0,-0.347,0.342,GOOG,,126,12.9,12.0,,False
271,DG,Dollar General Corporation,Consumer Defensive,Discount Stores,Core,26.5,120.08,119.12,17.0,16.9,10.0,0.0,ok,-3.5,ok,4.26,,False,40.4,15.0,7.1,3.4,30.8,18.9,36.0,-3.1,-32.6,0.207,0.245,MSFT,,126,16.9,16.0,,False
272,WYNN,"Wynn Resorts, Limited",Consumer Cyclical,Resorts & Casinos,Core,10.6,102.79,100.46,18.0,15.9,10.0,0.0,ok,-3.5,ok,5.66,,False,40.4,19.8,4.5,6.9,68.3,,62.6,-5.4,-22.9,0.272,0.199,MSFT,,126,15.9,13.0,,False
273,FITB,Fifth Third Bancorp,Financial Services,Banks - Regional,Growth,52.2,57.6,56.24,18.0,12.4,10.0,0.0,ok,0.0,financial_na,,,False,40.4,11.7,,51.8,0.0,8.4,48.0,15.8,-3.6,0.146,0.208,BMNR,,126,12.4,14.0,,False
274,AVB,"AvalonBay Communities, Inc.",Real Estate,REIT - Residential,Core,26.3,184.06,188.04,17.0,16.9,10.0,0.0,ok,-3.5,ok,4.9,,False,40.4,36.8,5.4,2.3,62.7,8.5,44.5,3.1,-7.5,-0.059,0.263,AVGO,,125,16.9,17.0,,False
275,HBAN,Huntington Bancshares Incorpor,Financial Services,Banks - Regional,Growth,36.3,17.95,17.55,18.0,12.4,10.0,0.0,ok,0.0,financial_na,,,False,40.4,9.5,,47.6,0.0,9.0,64.1,7.0,-9.4,0.238,0.241,GOOG,,126,12.4,14.0,,False
276,HWM,Howmet Aerospace Inc.,Industrials,Aerospace & Defense,Core,115.3,289.12,275.84,18.0,12.8,10.0,0.0,ok,-0.5,ok,1.47,,False,40.3,45.3,1.0,24.1,36.0,34.7,52.9,19.9,1.4,0.255,0.343,GOOG,,126,12.8,14.0,,False
277,RSG,"Republic Services, Inc.",Industrials,Waste Management,Core,65.9,215.26,214.06,16.0,15.8,10.0,0.0,ok,-1.5,ok,2.7,,False,40.3,26.7,2.9,4.6,43.0,18.2,47.3,0.8,-15.6,-0.419,0.4,AVGO,,126,15.8,15.0,,False
278,CHTR,"Charter Communications, Inc.",Communication Services,Telecom Services,Core,19.4,144.1,138.54,19.0,14.8,10.0,0.0,ok,-3.5,ok,4.41,,False,40.3,3.3,11.3,-1.7,55.2,27.2,53.3,-22.9,-52.4,-0.007,0.219,NVDA,,126,14.8,16.0,,False
279,VST,Vistra Corp.,Utilities,Utilities - Independent Power ,Core,49.0,146.11,153.79,15.0,17.8,10.0,0.0,ok,-2.5,ok,3.02,,False,40.3,14.1,0.1,-5.5,38.3,43.0,47.3,-9.1,-28.9,0.264,0.27,AVGO,,126,17.8,18.0,,False
280,FICO,Fair Isaac Corporation,Technology,Software - Application,Core,23.0,1064.41,1177.75,18.5,15.3,10.0,0.0,ok,-3.5,ok,4.23,,False,40.3,20.1,3.4,25.7,85.1,,28.0,-20.8,-34.4,-0.119,0.185,AVGO,,126,15.3,17.0,,False
281,LOW,"Lowe's Companies, Inc.",Consumer Cyclical,Home Improvement Retail,Core,121.0,215.81,215.58,15.0,17.7,10.0,0.0,ok,-2.5,ok,3.32,,False,40.2,16.1,4.0,10.3,33.3,,47.4,-8.9,-36.1,0.094,0.262,GOOG,,126,17.7,11.0,,False
282,EG,"Everest Group, Ltd.",Financial Services,Insurance - Reinsurance,Core,14.0,365.15,362.91,15.0,15.2,10.0,0.0,ok,0.0,financial_na,,,False,40.2,6.1,14.7,-11.3,15.3,12.6,23.7,8.0,-7.0,-0.237,0.304,AVGO,,126,15.2,14.0,,False
283,MAA,Mid-America Apartment Communit,Real Estate,REIT - Residential,Core,15.6,131.12,135.46,17.0,16.7,10.0,0.0,ok,-3.5,ok,4.57,,False,40.2,40.0,5.9,1.0,58.4,7.0,39.0,0.2,-14.4,-0.186,0.334,AVGO,,126,16.7,16.0,,False
284,ADI,"Analog Devices, Inc.",Technology,Semiconductors,Growth,190.1,390.28,390.8,17.5,12.7,10.0,0.0,ok,0.0,ok,0.86,,False,40.2,25.9,2.0,37.2,64.5,9.6,64.1,15.3,2.8,0.343,0.499,AVGO,,126,12.7,15.0,,False
285,FIX,"Comfort Systems USA, Inc.",Industrials,Engineering & Construction,Core,66.2,1881.18,1793.82,17.0,13.2,10.0,0.0,ok,0.0,ok,0.12,,False,40.2,31.3,2.8,1.0,25.7,55.3,68.4,30.1,27.6,0.409,0.435,BMNR,,126,13.2,14.0,,False
286,MLM,"Martin Marietta Materials, Inc",Basic Materials,Building Materials,Cyclical,32.4,538.66,570.78,12.5,19.1,10.0,0.0,ok,-1.5,ok,2.93,,False,40.1,25.0,1.8,21.0,28.2,8.9,34.5,-11.2,-32.3,0.088,0.22,GOOG,,126,19.1,11.0,,False
287,DDOG,"Datadog, Inc.",Technology,Software - Application,Growth,88.8,247.32,248.88,15.0,15.1,10.0,0.0,ok,0.0,ok,-44.73,,False,40.1,83.3,1.2,35.6,79.5,4.7,49.0,43.2,88.6,0.249,0.335,MSFT,,126,15.1,17.0,,False
288,ECL,Ecolab Inc.,Basic Materials,Specialty Chemicals,Cyclical,77.3,275.84,274.24,15.0,16.6,10.0,0.0,ok,-1.5,ok,2.12,,False,40.1,29.2,1.9,9.7,44.2,22.0,37.5,1.9,-22.1,0.012,0.199,GOOG,,126,16.6,12.0,,False
289,TTWO,"Take-Two Interactive Software,",Communication Services,Electronic Gaming & Multimedia,Core,45.2,241.61,238.36,13.5,17.1,10.0,0.0,ok,-0.5,ok,1.46,,False,40.1,23.5,2.8,2.0,57.1,-9.0,45.4,5.5,11.4,0.302,0.339,MSFT,,126,17.1,14.0,,False
290,MCK,McKesson Corporation,Healthcare,Medical Distribution,Core,100.3,859.92,816.92,14.0,16.1,10.0,0.0,ok,0.0,ok,0.94,,False,40.1,17.0,6.8,7.7,3.6,,43.2,2.4,-22.2,-0.261,0.34,AVGO,,126,16.1,15.0,,False
291,USB,U.S. Bancorp,Financial Services,Banks - Regional,Core,101.1,64.87,61.79,17.5,12.6,10.0,0.0,ok,0.0,financial_na,,,False,40.1,11.2,,10.4,0.0,12.6,53.9,17.4,-0.5,0.176,0.218,BMNR,,126,12.6,14.0,,False
292,PM,Philip Morris International In,Consumer Defensive,Tobacco,Core,287.6,184.52,185.21,17.5,14.1,10.0,0.0,ok,-1.5,ok,2.39,,False,40.1,20.1,3.4,10.4,67.5,,25.2,8.1,-11.8,-0.107,0.155,AVGO,,126,14.1,18.0,,False
293,DPZ,Domino's Pizza Inc,Consumer Cyclical,Restaurants,Core,11.1,335.42,324.08,15.5,18.0,10.0,0.0,ok,-3.5,ok,4.84,,False,40.0,16.1,4.8,4.3,28.7,,41.9,-8.8,-22.9,-0.024,0.203,AVGO,,126,18.0,11.0,,False
294,SOLV,Solventum Corporation,Healthcare,Medical Instruments & Supplies,Core,14.8,86.82,82.48,18.5,15.0,10.0,0.0,ok,-3.5,ok,4.29,,False,40.0,12.0,3.3,2.2,54.8,34.0,51.4,14.2,4.6,0.102,0.258,GOOG,,126,15.0,16.0,,False
295,FDX,FedEx Corporation,Industrials,Integrated Freight & Logistics,Core,78.4,331.49,319.8,18.0,13.5,10.0,0.0,ok,-1.5,ok,2.48,,False,40.0,15.9,7.2,12.5,27.3,14.8,67.0,1.1,-24.5,0.19,0.24,GOOG,,126,13.5,14.0,,False
296,ROL,"Rollins, Inc.",Consumer Cyclical,Personal Services,Core,17.3,36.02,42.22,18.5,12.0,10.0,0.0,ok,-0.5,ok,1.16,,True,40.0,27.6,2.9,7.9,52.4,37.0,21.5,-32.8,-52.8,0.021,0.212,GOOG,,126,16.0,14.0,,False
297,MNST,Monster Beverage Corporation,Consumer Defensive,Beverages - Non-Alcoholic,Core,89.2,45.52,89.9,18.0,12.0,10.0,0.0,ok,0.0,ok,-1.13,,True,40.0,34.8,1.9,20.2,55.5,25.7,6.2,-43.6,-58.3,0.088,0.191,GOOG,,126,16.0,17.0,,False
298,UAL,"United Airlines Holdings, Inc.",Industrials,Airlines,Core,39.7,122.26,122.81,17.0,14.5,10.0,0.0,ok,-1.5,ok,2.4,,False,40.0,7.9,2.3,16.0,31.8,23.3,48.2,14.1,-6.0,0.362,0.314,GOOG,,126,14.5,14.0,,False
299,URI,"United Rentals, Inc.",Industrials,Rental & Leasing Services,Core,72.5,1164.82,1106.58,18.5,14.0,10.0,0.0,ok,-2.5,ok,3.26,,False,40.0,20.4,2.4,11.8,38.5,28.9,65.2,27.8,22.0,-0.006,0.137,MSFT,,126,14.0,16.0,,False
300,COP,ConocoPhillips,Energy,Oil & Gas E&P,Growth,153.2,127.56,121.18,19.5,10.4,10.0,0.0,ok,0.0,ok,0.58,,False,39.9,13.7,5.0,35.5,47.6,14.2,72.5,17.3,5.9,-0.336,0.395,GOOG,,126,10.4,13.0,,False
301,CPB,The Campbell's Company,Consumer Defensive,Packaged Foods,Speculative,6.8,22.68,22.31,16.0,17.4,10.0,0.0,ok,-3.5,ok,4.07,,False,39.9,11.7,8.9,-4.4,29.2,15.4,48.8,-6.5,-30.1,-0.159,0.285,AVGO,,126,17.4,16.0,,False
302,AMD,"Advanced Micro Devices, Inc.",Technology,Semiconductors,Growth,826.0,506.0,510.06,16.5,13.4,10.0,0.0,ok,0.0,ok,-0.92,,False,39.9,32.7,1.1,50.1,55.7,10.2,60.3,55.4,136.0,0.483,0.513,AVGO,,126,13.4,14.0,,False
303,A,"Agilent Technologies, Inc.",Healthcare,Diagnostics & Research,Core,41.9,148.45,141.03,17.5,12.4,10.0,0.0,ok,0.0,ok,0.86,,False,39.9,22.5,2.2,10.0,52.6,21.3,72.4,13.4,6.9,0.173,0.13,NVDA,,126,12.4,16.0,,False
304,DVN,Devon Energy Corporation,Energy,Oil & Gas E&P,Growth,52.3,47.57,45.19,17.5,12.9,10.0,0.0,ok,-0.5,ok,1.23,,False,39.9,8.8,1.5,64.2,50.3,11.5,67.7,12.3,-4.6,-0.266,0.271,GOOG,,126,12.9,13.0,,False
305,IQV,"IQVIA Holdings, Inc.",Healthcare,Diagnostics & Research,Core,39.7,241.24,229.18,17.5,15.8,10.0,0.0,ok,-3.5,ok,4.65,,False,39.8,16.7,5.4,8.7,33.0,22.8,48.5,21.3,33.5,0.031,0.098,GOOG,,126,15.8,15.0,,False
306,AZO,"AutoZone, Inc.",Consumer Cyclical,Auto Parts,Core,49.3,3019.3,3062.19,13.0,19.2,10.0,0.0,ok,-2.5,ok,3.01,,False,39.7,17.2,1.8,8.4,51.8,,38.8,-12.1,-32.5,0.006,0.174,GOOG,,126,19.2,12.0,,False
307,ABT,Abbott Laboratories,Healthcare,Medical Devices,Core,191.0,110.37,104.85,17.0,14.2,10.0,0.0,ok,-1.5,ok,2.32,,False,39.7,18.2,3.8,13.0,56.8,10.6,61.7,3.4,-14.2,-0.086,0.278,AVGO,,126,14.2,16.0,,False
308,KEY,KeyCorp,Financial Services,Banks - Regional,Core,24.7,23.04,22.88,17.5,12.2,10.0,0.0,ok,0.0,financial_na,,,False,39.7,10.8,,10.1,0.0,10.3,57.1,9.7,-5.9,0.241,0.285,BMNR,,126,12.2,14.0,,False
309,DD,"DuPont de Nemours, Inc.",Basic Materials,Specialty Chemicals,Cyclical,19.3,143.07,135.92,15.5,14.2,10.0,0.0,ok,0.0,ok,0.91,,False,39.7,18.0,9.5,4.0,35.1,1.8,53.8,129.0,170.3,-0.047,0.099,BMNR,,126,14.2,11.0,,False
310,ESS,"Essex Property Trust, Inc.",Real Estate,REIT - Residential,Core,19.5,283.06,288.33,17.0,16.2,10.0,0.0,ok,-3.5,ok,5.43,,False,39.7,45.9,5.4,3.1,68.8,7.7,37.8,7.6,-0.2,-0.114,0.283,AVGO,,126,16.2,17.0,,False
311,MSI,"Motorola Solutions, Inc.",Technology,Communication Equipment,Core,75.6,457.08,434.23,19.5,11.7,10.0,0.0,ok,-1.5,ok,2.37,,False,39.7,24.0,2.6,13.3,52.1,91.6,58.6,9.9,-13.1,0.039,0.133,GOOG,,126,11.7,14.0,,False
312,WAB,Westinghouse Air Brake Technol,Industrials,Railroads,Core,50.8,300.65,285.62,17.0,14.1,10.0,0.0,ok,-1.5,ok,2.37,,False,39.6,24.2,2.2,17.5,35.7,11.6,44.4,21.2,2.6,0.152,0.29,AVGO,,126,14.1,14.0,,False
313,BXP,"BXP, Inc.",Real Estate,REIT - Office,Core,12.1,66.69,67.66,18.0,16.6,10.0,0.0,ok,-5.0,ok,9.81,,False,39.6,31.9,7.3,3.7,56.5,5.3,39.5,5.6,-1.7,0.145,0.194,BMNR,,126,16.6,16.0,,False
314,LEN,Lennar Corporation,Consumer Cyclical,Residential Construction,Core,20.8,86.54,87.09,12.0,18.1,10.0,0.0,ok,-0.5,ok,1.92,,False,39.6,13.4,5.2,-5.2,16.4,7.4,48.0,-13.8,-41.5,0.175,0.208,NVDA,,126,18.1,11.0,,False
315,KHC,The Kraft Heinz Company,Consumer Defensive,Packaged Foods,Core,29.3,24.75,24.84,13.5,17.6,10.0,0.0,ok,-1.5,ok,2.97,,False,39.6,11.8,11.1,-1.4,33.5,-8.8,32.9,4.2,-7.4,-0.065,0.196,AVGO,,126,17.6,16.0,,False
316,SJM,The J.M. Smucker Company,Consumer Defensive,Packaged Foods,Core,12.6,117.83,115.12,16.0,16.0,10.0,0.0,ok,-2.5,ok,3.67,,False,39.5,11.0,8.0,5.8,34.3,-2.4,40.0,13.2,-1.0,-0.236,0.328,AVGO,,126,16.0,16.0,,False
317,HUM,Humana Inc.,Healthcare,Healthcare Plans,Core,46.1,384.31,381.53,15.0,14.5,10.0,0.0,ok,0.0,ok,-2.54,,False,39.5,23.2,4.2,26.2,13.7,6.9,48.1,42.4,95.6,0.079,0.162,NVDA,,126,14.5,15.0,,False
318,MAR,Marriott International,Consumer Cyclical,Lodging,Core,93.0,356.57,373.77,17.5,14.5,10.0,0.0,ok,-2.5,ok,3.6,,False,39.5,27.1,2.2,11.1,79.2,,33.1,5.0,-13.9,0.152,0.244,BMNR,,126,14.5,13.0,,False
319,TKO,"TKO Group Holdings, Inc.",Communication Services,Entertainment,Core,36.9,195.14,193.26,16.5,14.5,10.0,0.0,ok,-1.5,ok,2.69,,False,39.5,48.9,2.3,18.2,59.5,7.1,62.3,-0.7,-19.9,0.176,0.17,MSFT,,126,14.5,14.0,,False
320,TXT,Textron Inc.,Industrials,Aerospace & Defense,Core,15.1,87.65,90.29,13.0,17.0,10.0,0.0,ok,-0.5,ok,1.65,,False,39.5,12.1,3.0,3.0,17.6,12.1,44.0,-2.5,-25.2,0.15,0.204,BMNR,,126,17.0,14.0,,False
321,REG,Regency Centers Corporation,Real Estate,REIT - Retail,Core,14.3,76.37,79.55,17.0,15.9,10.0,0.0,ok,-3.5,ok,4.62,,False,39.4,30.3,5.2,8.9,71.5,8.2,19.2,1.8,-13.3,-0.152,0.24,AVGO,,126,15.9,17.0,,False
322,DOV,Dover Corporation,Industrials,Specialty Industrial Machinery,Core,27.8,206.47,213.76,16.0,13.3,10.0,0.0,ok,0.0,ok,0.79,,False,39.3,17.7,3.3,6.9,40.1,14.9,57.1,-1.0,-24.5,0.233,0.266,GOOG,,126,13.3,15.0,,False
323,PNC,"PNC Financial Services Group, ",Financial Services,Banks - Regional,Core,101.6,254.55,246.8,18.5,10.8,10.0,0.0,ok,0.0,financial_na,,,False,39.3,11.9,,23.6,0.0,12.6,56.8,16.2,-2.3,0.126,0.195,GOOG,,126,10.8,14.0,,False
324,COIN,"Coinbase Global, Inc.",Financial Services,Financial Data & Stock Exchang,Core,39.7,150.55,157.68,15.0,16.3,10.0,-2.0,ok,0.0,financial_na,,,False,39.3,49.8,6.7,-17.3,85.8,-7.8,36.5,-25.5,-22.5,0.561,0.732,BMNR,,126,16.3,16.0,,False
325,AME,"AMETEK, Inc.",Industrials,Specialty Industrial Machinery,Core,58.3,254.17,241.46,17.0,12.2,10.0,0.0,ok,0.0,ok,0.73,,False,39.2,28.2,2.6,15.0,36.9,14.6,65.1,14.1,-4.1,0.259,0.336,AVGO,,126,12.2,14.0,,False
326,CAT,"Caterpillar, Inc.",Industrials,Farm & Heavy Construction Mach,Core,405.3,881.65,911.36,18.0,12.7,10.0,0.0,ok,-1.5,ok,2.41,,False,39.2,27.4,1.2,24.0,29.7,57.0,58.6,16.8,2.3,0.294,0.443,AVGO,,126,12.7,14.0,,False
327,IONQ,"IonQ, Inc.",Technology,Computer Hardware,Growth,19.0,46.84,45.73,11.0,18.2,10.0,0.0,ok,0.0,neg_ebitda_low_debt,,,False,39.2,,-0.5,286.8,,-60.5,75.9,3.6,28.0,0.482,0.457,BMNR,,126,18.2,13.0,,False
328,HPQ,HP Inc.,Technology,Computer Hardware,Core,26.9,29.4,27.93,15.0,14.7,10.0,0.0,ok,-0.5,ok,1.52,,False,39.2,9.8,12.8,9.0,20.3,,54.8,31.6,48.4,0.073,0.078,AVGO,,126,14.7,13.0,,False
329,WST,"West Pharmaceutical Services, ",Healthcare,Medical Instruments & Supplies,Core,24.4,346.61,345.68,14.5,14.7,10.0,0.0,ok,0.0,ok,-0.13,,False,39.2,34.8,1.1,13.8,36.8,19.1,62.7,20.1,29.5,0.065,0.122,GOOG,,126,14.7,15.0,,False
330,CIEN,Ciena Corporation,Technology,Communication Equipment,Growth,63.0,445.18,426.26,15.5,13.7,10.0,0.0,ok,0.0,ok,0.48,,False,39.2,46.2,1.1,39.5,43.0,15.5,70.8,22.1,34.1,0.33,0.499,AVGO,,126,13.7,14.0,,False
331,LIN,Linde plc,Basic Materials,Specialty Chemicals,Cyclical,218.7,474.33,509.78,13.5,16.1,10.0,0.0,ok,-0.5,ok,1.67,,False,39.1,24.2,1.9,9.3,48.3,18.4,25.8,-0.2,-14.5,-0.141,0.135,AVGO,,126,16.1,12.0,,False
332,CVS,CVS Health Corporation,Healthcare,Healthcare Plans,Core,120.2,94.01,102.27,14.0,17.6,10.0,0.0,ok,-2.5,ok,3.74,,False,39.1,11.1,6.7,7.1,13.6,6.2,18.8,10.8,8.1,-0.083,0.166,AVGO,,126,17.6,15.0,,False
333,NTRS,Northern Trust Corporation,Financial Services,Asset Management,Growth,35.0,191.47,181.9,17.5,11.6,10.0,0.0,ok,0.0,financial_na,,,False,39.1,15.1,,36.4,0.0,17.1,76.5,24.3,17.6,0.287,0.268,BMNR,,126,11.6,14.0,,False
334,BAC,Bank of America Corporation,Financial Services,Banks - Diversified,Core,446.8,63.89,60.7,16.5,12.5,10.0,0.0,ok,0.0,financial_na,,,False,39.0,12.1,,16.8,0.0,11.2,58.5,18.2,8.6,0.249,0.282,BMNR,,126,12.5,14.0,,False
335,PSX,Phillips 66,Energy,Oil & Gas Refining & Marketing,Growth,96.4,240.55,228.52,19.0,10.5,10.0,0.0,ok,-0.5,ok,1.66,,False,39.0,11.4,4.7,53.1,13.1,23.5,80.9,47.0,41.3,-0.17,0.261,NVDA,,126,10.5,12.0,,False
336,JBHT,"J.B. Hunt Transport Services, ",Industrials,Integrated Freight & Logistics,Core,26.6,283.37,279.9,14.0,15.0,10.0,0.0,ok,0.0,ok,0.84,,False,39.0,28.0,3.4,19.4,18.5,18.4,54.9,23.1,13.8,0.089,0.118,NVDA,,126,15.0,14.0,,False
337,C,"Citigroup, Inc.",Financial Services,Banks - Diversified,Core,232.3,138.51,137.12,16.0,13.0,10.0,0.0,ok,0.0,financial_na,,,False,39.0,10.8,,15.5,0.0,8.5,61.6,15.1,9.1,0.403,0.378,BMNR,,126,13.0,14.0,,False
338,AMGN,Amgen Inc.,Healthcare,Drug Manufacturers - General,Core,226.9,419.38,398.41,19.5,11.0,10.0,0.0,ok,-1.5,ok,2.51,,False,39.0,17.3,3.8,9.5,71.9,91.5,68.3,20.8,-0.0,-0.029,0.111,MSFT,,126,11.0,17.0,,False
339,VICI,VICI Properties Inc.,Real Estate,REIT - Diversified,Core,28.6,25.96,26.78,13.0,19.5,10.0,0.0,ok,-3.5,ok,4.82,,False,39.0,8.7,0.9,5.7,99.3,9.8,32.2,-6.8,-24.8,-0.135,0.249,AVGO,,126,19.5,17.0,,False
340,EME,"EMCOR Group, Inc.",Industrials,Engineering & Construction,Core,38.0,862.54,819.41,18.0,10.9,10.0,0.0,ok,0.0,ok,-0.19,,False,38.9,23.5,2.6,19.8,19.4,40.3,78.0,14.8,-5.0,0.473,0.417,NVDA,,126,10.9,14.0,,False
341,TMO,Thermo Fisher Scientific Inc,Healthcare,Diagnostics & Research,Core,216.5,585.51,556.23,17.0,14.4,10.0,0.0,ok,-2.5,ok,3.28,,False,38.9,21.3,2.9,10.5,41.0,13.5,56.3,10.0,3.7,0.123,0.154,MSFT,,126,14.4,16.0,,False
342,VZ,Verizon Communications Inc.,Communication Services,Telecom Services,Core,199.7,48.06,45.66,18.5,12.9,10.0,0.0,ok,-2.5,ok,3.76,,False,38.9,9.1,8.7,-0.7,59.5,15.8,49.1,8.0,-13.5,-0.224,0.271,NVDA,,126,12.9,16.0,,False
343,KEYS,Keysight Technologies Inc.,Technology,Scientific & Technical Instrum,Growth,61.7,361.15,343.09,16.5,12.3,10.0,0.0,ok,0.0,ok,0.25,,False,38.8,30.3,1.8,31.5,62.1,18.2,79.2,29.6,40.9,0.279,0.382,AVGO,,126,12.3,15.0,,False
344,CCI,Crown Castle Inc.,Real Estate,REIT - Specialty,Core,32.5,74.44,79.82,15.5,18.3,10.0,0.0,ok,-5.0,ok,8.31,,False,38.8,25.6,3.2,-4.9,73.7,,46.5,-12.6,-31.1,-0.101,0.319,AVGO,,126,18.3,17.0,,False
345,ACMR,"ACM Research, Inc.",Technology,Semiconductor Equipment & Mate,Growth,6.0,85.64,90.63,14.5,14.3,10.0,0.0,ok,0.0,ok,-6.83,,False,38.8,31.6,-3.1,36.0,43.8,11.6,65.2,41.8,18.2,0.427,0.476,AVGO,,126,14.3,14.0,,False
346,DLTR,"Dollar Tree, Inc.",Consumer Defensive,Discount Stores,Core,24.9,129.54,123.06,18.5,11.7,10.0,0.0,ok,-1.5,ok,2.74,,False,38.7,16.8,5.8,7.2,37.0,34.0,58.6,12.5,-12.4,0.178,0.197,MSFT,,126,11.7,16.0,,False
347,EMR,Emerson Electric Company,Industrials,Specialty Industrial Machinery,Core,90.4,162.05,153.95,18.5,10.7,10.0,0.0,ok,-0.5,ok,1.92,,False,38.7,22.4,4.1,7.0,53.2,12.8,63.1,15.3,-3.9,0.339,0.354,NVDA,,126,10.7,15.0,,False
348,EXPD,Expeditors International of Wa,Industrials,Integrated Freight & Logistics,Growth,24.5,188.27,178.86,17.5,11.2,10.0,0.0,ok,0.0,ok,-0.37,,False,38.7,23.7,3.3,32.1,13.5,42.7,72.8,21.6,14.8,-0.015,0.073,GOOG,,126,11.2,14.0,,False
349,MDT,Medtronic plc.,Healthcare,Medical Devices,Core,116.0,90.6,86.07,15.5,13.7,10.0,0.0,ok,-0.5,ok,1.97,,False,38.7,14.1,4.0,9.9,65.3,9.8,66.5,1.6,-18.4,-0.053,0.247,AVGO,,126,13.7,17.0,,False
350,EA,Electronic Arts Inc.,Communication Services,Electronic Gaming & Multimedia,Core,52.9,209.7,205.27,18.0,10.7,10.0,0.0,ok,0.0,ok,-0.31,,False,38.7,21.7,3.2,18.9,79.9,16.5,80.9,3.4,-9.0,0.172,0.293,BMNR,,117,10.7,15.0,,False
351,FOXA,Fox Corporation,Communication Services,Entertainment,Core,29.0,69.19,65.73,15.5,13.2,10.0,0.0,ok,0.0,ok,0.87,,False,38.7,11.9,1.9,28.1,36.6,14.3,82.8,9.7,10.0,-0.016,0.144,AVGO,,126,13.2,13.0,,False
352,VTRS,Viatris Inc.,Healthcare,Drug Manufacturers - Specialty,Core,18.6,16.23,16.58,16.0,14.1,10.0,0.0,ok,-1.5,ok,2.82,,False,38.6,6.1,14.4,4.9,40.3,-2.8,18.3,14.0,-9.2,0.143,0.198,BMNR,,126,14.1,16.0,,False
353,DIS,Walt Disney Company (The),Communication Services,Entertainment,Core,178.7,103.5,99.27,14.5,14.6,10.0,0.0,ok,-0.5,ok,1.95,,False,38.6,13.9,2.7,6.8,37.6,8.0,61.1,-0.6,-15.0,0.238,0.342,GOOG,,126,14.6,13.0,,False
354,RF,Regions Financial Corporation,Financial Services,Banks - Regional,Core,27.0,31.7,30.47,16.5,12.0,10.0,0.0,ok,0.0,financial_na,,,False,38.5,11.2,,3.4,0.0,11.9,57.7,13.6,-5.7,0.17,0.222,GOOG,,126,12.0,14.0,,False
355,PLD,"Prologis, Inc.",Real Estate,REIT - Industrial,Core,136.7,140.62,143.19,16.5,15.5,10.0,0.0,ok,-3.5,ok,5.24,,False,38.5,41.3,4.0,12.3,75.5,7.7,32.2,3.8,-13.2,0.05,0.15,BMNR,,126,15.5,17.0,,False
356,COR,"Cencora, Inc.",Healthcare,Medical Distribution,Core,59.6,312.52,299.32,14.5,15.5,10.0,0.0,ok,-1.5,ok,2.1,,False,38.5,15.8,3.4,5.1,4.0,96.9,45.5,-3.3,-26.2,-0.174,0.237,NVDA,,126,15.5,15.0,,False
357,PH,Parker-Hannifin Corporation,Industrials,Specialty Industrial Machinery,Core,132.9,1053.76,1001.07,17.5,11.5,10.0,0.0,ok,-0.5,ok,1.44,,False,38.5,27.2,2.2,9.8,37.7,25.1,64.9,14.4,-8.6,0.137,0.321,NVDA,,126,11.5,14.0,,False
358,FAST,Fastenal Company,Industrials,Industrial Distribution,Core,58.8,51.23,48.67,17.0,11.4,10.0,0.0,ok,0.0,ok,0.12,,False,38.4,36.6,1.6,14.7,44.7,34.3,67.9,15.1,-0.5,-0.005,0.154,GOOG,,126,11.4,15.0,,False
359,LDOS,"Leidos Holdings, Inc.",Technology,Information Technology Service,Core,17.9,142.25,135.14,17.0,12.9,10.0,0.0,ok,-1.5,ok,2.45,,False,38.4,11.1,6.4,7.2,17.8,27.8,75.2,-9.2,-24.9,0.096,0.187,MSFT,,126,12.9,15.0,,False
360,ISRG,"Intuitive Surgical, Inc.",Healthcare,Medical Instruments & Supplies,Core,139.8,390.33,391.04,15.5,12.9,10.0,0.0,ok,0.0,ok,-1.25,,False,38.4,32.3,1.9,18.5,66.7,17.4,66.7,-18.0,-34.1,0.283,0.334,GOOG,,126,12.9,17.0,,False
361,JBL,Jabil Inc.,Technology,Electronic Components,Core,38.8,369.89,351.4,16.5,12.4,10.0,0.0,ok,-0.5,ok,1.08,,False,38.4,22.0,3.1,11.8,9.2,65.9,75.4,29.4,30.6,0.47,0.527,AVGO,,126,12.4,13.0,,False
362,EW,Edwards Lifesciences Corporati,Healthcare,Medical Devices,Core,52.3,90.81,88.64,16.5,11.9,10.0,0.0,ok,0.0,ok,-1.78,,False,38.4,26.9,2.4,13.6,77.8,9.2,72.6,7.5,2.6,0.249,0.281,GOOG,,126,11.9,17.0,,False
363,STLD,"Steel Dynamics, Inc.",Basic Materials,Steel,Growth,37.0,258.16,249.81,12.5,16.3,10.0,0.0,ok,-0.5,ok,1.43,,False,38.3,13.6,0.6,33.4,14.7,17.6,48.4,26.4,21.8,0.177,0.208,AVGO,,126,16.3,11.0,,False
364,GILD,"Gilead Sciences, Inc.",Healthcare,Drug Manufacturers - General,Core,172.3,138.92,131.97,17.0,11.8,10.0,0.0,ok,-0.5,ok,1.46,,False,38.3,14.0,5.7,10.2,79.6,-20.7,60.5,5.2,-23.2,0.061,0.136,GOOG,,126,11.8,17.0,,False
365,DLR,"Digital Realty Trust, Inc.",Real Estate,REIT - Specialty,Core,74.6,197.91,188.01,19.0,12.7,10.0,0.0,ok,-3.5,ok,5.66,,False,38.2,68.5,5.1,29.9,57.0,2.9,56.0,12.1,-2.4,0.181,0.207,BMNR,,126,12.7,16.0,,False
366,GEHC,GE HealthCare Technologies Inc,Healthcare,Medical Devices,Core,32.7,72.37,68.75,17.5,12.2,10.0,0.0,ok,-1.5,ok,2.36,,False,38.2,13.4,4.8,5.8,39.5,19.4,70.4,-0.6,-24.5,0.121,0.228,GOOG,,126,12.2,15.0,,False
367,ARE,Alexandria Real Estate Equitie,Real Estate,REIT - Office,Speculative,8.1,46.94,50.69,15.0,18.2,10.0,0.0,ok,-5.0,ok,7.13,,False,38.2,,16.6,-11.9,68.2,-4.1,27.8,-5.6,-25.5,0.066,0.071,GOOG,,126,18.2,17.0,,False
368,VTR,"Ventas, Inc.",Real Estate,REIT - Healthcare Facilities,Core,46.8,91.17,90.41,16.5,15.2,10.0,0.0,ok,-3.5,ok,5.34,,False,38.2,99.6,3.2,21.7,40.0,2.0,36.0,9.0,-7.6,-0.293,0.339,AVGO,,126,15.2,15.0,,False
369,APH,Amphenol Corporation,Technology,Electronic Components,Growth,210.7,170.87,162.33,19.0,9.7,10.0,0.0,ok,-0.5,ok,1.42,,False,38.2,26.6,1.8,55.0,39.0,38.1,79.7,18.6,2.1,0.36,0.421,AVGO,,126,9.7,13.0,,False
370,MTD,"Mettler-Toledo International, ",Healthcare,Diagnostics & Research,Core,28.4,1417.42,1346.55,16.5,12.2,10.0,0.0,ok,-0.5,ok,1.64,,False,38.2,27.4,2.4,4.5,60.3,,60.5,7.3,-8.4,0.148,0.164,GOOG,,126,12.2,17.0,,False
371,XYZ,"Block, Inc.",Technology,Software - Infrastructure,Core,48.2,80.2,77.47,11.0,17.1,10.0,0.0,ok,0.0,ok,0.28,,False,38.1,15.4,-0.1,9.3,46.6,1.6,42.9,18.2,44.7,0.382,0.299,BMNR,,126,17.1,16.0,,False
372,SWKS,"Skyworks Solutions, Inc.",Technology,Semiconductors,Core,10.2,67.73,66.18,13.5,14.6,10.0,0.0,ok,0.0,ok,-0.13,,False,38.1,13.6,4.4,-3.1,40.7,5.1,57.1,6.2,-2.9,0.271,0.352,AVGO,,126,14.6,14.0,,False
373,GLW,Corning Incorporated,Technology,Electronic Components,Core,149.2,173.21,175.98,14.5,14.1,10.0,0.0,ok,-0.5,ok,1.68,,False,38.1,40.1,0.5,16.6,36.4,16.8,75.9,24.4,19.8,0.307,0.428,NVDA,,126,14.1,13.0,,False
374,TFC,Truist Financial Corporation,Financial Services,Banks - Regional,Core,64.2,52.53,51.19,15.0,13.0,10.0,0.0,ok,0.0,financial_na,,,False,38.0,10.6,,8.2,0.0,9.1,45.4,7.9,-11.5,0.109,0.179,BMNR,,126,13.0,14.0,,False
375,DVA,DaVita Inc.,Healthcare,Medical Care Facilities,Core,11.3,176.7,215.93,19.5,12.0,10.0,0.0,ok,-3.5,ok,4.5,,True,38.0,10.4,9.2,5.2,32.4,88.5,12.0,10.4,4.3,-0.047,0.172,GOOG,,126,17.5,15.0,,False
376,NSC,Norfolk Southern Corporation,Industrials,Railroads,Core,76.6,341.12,325.48,15.5,13.9,10.0,0.0,ok,-1.5,ok,2.84,,False,37.9,23.9,1.8,11.4,45.2,17.0,53.2,12.4,-4.8,-0.15,0.18,MSFT,,126,13.9,15.0,,False
377,MCHP,Microchip Technology Incorpora,Technology,Semiconductors,Growth,43.6,80.26,85.41,17.5,12.9,10.0,0.0,ok,-2.5,ok,3.4,,False,37.9,17.6,3.1,38.0,60.2,7.2,55.5,5.6,-10.9,0.393,0.495,AVGO,,126,12.9,15.0,,False
378,ZBH,"Zimmer Biomet Holdings, Inc.",Healthcare,Medical Devices,Core,18.7,98.2,93.29,17.0,12.3,10.0,0.0,ok,-1.5,ok,2.79,,False,37.8,10.8,5.8,4.8,69.9,6.4,56.0,8.3,-11.8,-0.055,0.125,AVGO,,126,12.3,17.0,,False
379,RGTI,"Rigetti Computing, Inc.",Technology,Computer Hardware,Growth,6.2,18.67,17.74,12.0,17.8,10.0,-2.0,ok,0.0,neg_ebitda_low_debt,,,False,37.8,,0.4,185.3,,-43.8,71.9,-9.1,6.6,0.514,0.526,BMNR,,126,17.8,13.0,,False
380,MTB,M&T Bank Corporation,Financial Services,Banks - Regional,Core,36.5,252.86,241.51,15.5,12.3,10.0,0.0,ok,0.0,financial_na,,,False,37.8,12.0,,6.2,0.0,10.7,50.6,17.0,-1.7,0.112,0.201,GOOG,,126,12.3,14.0,,False
381,AMCR,Amcor plc,Consumer Cyclical,Packaging & Containers,Core,21.1,45.53,43.51,16.0,14.2,10.0,0.0,ok,-2.5,ok,3.97,,False,37.7,10.1,7.1,25.9,20.0,9.4,43.6,8.1,-20.1,0.185,0.307,GOOG,,126,14.2,11.0,,False
382,GRMN,Garmin Ltd.,Technology,Scientific & Technical Instrum,Core,59.3,307.5,292.12,17.0,10.7,10.0,0.0,ok,0.0,ok,-1.06,,False,37.7,28.0,1.8,11.4,60.1,21.9,80.5,32.5,29.1,0.169,0.179,GOOG,,126,10.7,15.0,,False
383,HRL,Hormel Foods Corporation,Consumer Defensive,Packaged Foods,Core,13.2,24.02,24.89,10.5,17.1,10.0,0.0,ok,0.0,ok,-0.26,,False,37.6,15.4,3.6,-2.9,15.8,5.8,25.6,3.9,-9.2,-0.081,0.148,AVGO,,126,17.1,16.0,,False
384,EXR,Extra Space Storage Inc,Real Estate,REIT - Industrial,Core,32.4,146.89,147.39,17.0,14.1,10.0,0.0,ok,-3.5,ok,5.94,,False,37.6,30.9,4.6,3.8,74.9,7.0,33.7,5.2,-12.7,-0.034,0.183,GOOG,,126,14.1,17.0,,False
385,PEG,Public Service Enterprise Grou,Utilities,Utilities - Regulated Electric,Core,37.7,75.61,78.99,12.5,18.6,10.0,0.0,ok,-3.5,ok,5.49,,False,37.6,16.2,0.3,-8.9,33.3,11.8,27.9,-5.6,-25.5,-0.135,0.2,MSFT,,126,18.6,18.0,,False
386,MRVL,"Marvell Technology, Inc.",Technology,Semiconductors,Core,210.3,234.33,236.46,15.5,12.1,10.0,0.0,ok,0.0,ok,0.53,,False,37.6,37.5,1.1,27.6,51.5,16.0,75.2,64.9,183.6,0.362,0.549,AVGO,,126,12.1,14.0,,False
387,NCLH,Norwegian Cruise Line Holdings,Consumer Cyclical,Travel Services,Speculative,8.3,18.18,19.63,14.5,18.1,10.0,0.0,ok,-5.0,ok,6.08,,False,37.6,10.6,-20.1,4.9,42.5,36.7,32.3,-9.4,-37.7,0.251,0.391,GOOG,,126,18.1,14.0,,False
388,BIIB,Biogen Inc.,Healthcare,Drug Manufacturers - General,Core,30.9,209.15,203.59,17.0,12.0,10.0,0.0,ok,-1.5,ok,2.1,,False,37.5,12.6,4.1,3.4,78.3,4.6,55.2,12.0,-6.3,-0.133,0.167,BMNR,,126,12.0,17.0,,False
389,CFG,"Citizens Financial Group, Inc.",Financial Services,Banks - Regional,Core,31.3,74.31,70.59,16.0,11.5,10.0,0.0,ok,0.0,financial_na,,,False,37.5,11.4,,14.7,0.0,8.3,58.4,19.3,3.1,0.207,0.268,BMNR,,126,11.5,14.0,,False
390,CNC,Centene Corporation,Healthcare,Healthcare Plans,Core,31.8,64.41,64.96,13.0,14.5,10.0,0.0,ok,0.0,ok,-2.38,,False,37.5,12.1,,4.6,11.4,-20.4,51.1,33.4,43.0,-0.007,0.1,AVGO,,126,14.5,15.0,fcf_yield_out_of_range(30.3),False
391,LII,"Lennox International, Inc.",Industrials,Building Products & Equipment,Core,14.4,416.13,509.96,16.0,12.0,10.0,0.0,ok,-0.5,ok,1.68,,True,37.5,15.8,1.9,3.0,33.3,71.8,21.0,-17.4,-39.4,0.18,0.261,NVDA,,126,16.0,14.0,,False
392,LYV,"Live Nation Entertainment, Inc",Communication Services,Entertainment,Core,43.0,184.44,178.39,14.5,13.4,10.0,0.0,ok,-0.5,ok,1.43,,False,37.4,97.7,3.9,9.4,25.8,17.7,54.4,16.9,3.9,0.215,0.26,GOOG,,126,13.4,13.0,,False
393,HAL,Halliburton Company,Energy,Oil & Gas Equipment & Services,Cyclical,28.9,34.73,34.55,15.5,12.4,10.0,0.0,ok,-0.5,ok,1.49,,False,37.4,11.9,7.1,3.7,15.1,14.9,70.5,1.8,-9.7,-0.059,0.104,BMNR,,126,12.4,14.0,,False
394,O,Realty Income Corporation,Real Estate,REIT - Retail,Core,59.0,62.4,63.05,15.5,15.4,10.0,0.0,ok,-3.5,ok,5.74,,False,37.4,36.6,2.7,9.6,92.7,3.2,21.0,2.4,-18.1,-0.223,0.247,NVDA,,126,15.4,17.0,,False
395,CBRE,CBRE Group Inc,Real Estate,Real Estate Services,Core,42.8,147.96,140.56,14.0,16.8,10.0,0.0,ok,-3.5,ok,4.21,,False,37.3,16.3,3.8,15.5,18.6,15.8,51.4,0.4,-8.4,0.179,0.255,MSFT,,126,16.8,17.0,,False
396,SMCI,"Super Micro Computer, Inc.",Technology,Computer Hardware,Growth,24.8,38.28,36.37,13.5,13.8,10.0,0.0,ok,0.0,ok,0.63,,False,37.3,7.2,-33.2,93.2,10.8,21.5,71.3,20.6,14.0,0.435,0.507,NVDA,,126,13.8,13.0,,False
397,GNRC,Generac Holdlings Inc.,Industrials,Specialty Industrial Machinery,Core,13.1,221.25,237.21,15.5,12.3,10.0,0.0,ok,-0.5,ok,1.79,,False,37.3,18.7,2.2,10.6,39.5,9.5,68.1,7.5,-18.4,0.223,0.421,AVGO,,126,12.3,14.0,,False
398,ZBRA,Zebra Technologies Corporation,Technology,Communication Equipment,Core,17.6,371.26,352.7,18.0,10.8,10.0,0.0,ok,-1.5,ok,2.37,,False,37.3,16.7,3.3,20.4,49.6,15.3,83.5,48.4,29.2,0.321,0.293,AVGO,,126,10.8,14.0,,False
399,AKAM,"Akamai Technologies, Inc.",Technology,Software - Infrastructure,Core,17.7,122.97,121.94,16.0,14.7,10.0,0.0,ok,-3.5,ok,5.54,,False,37.2,17.2,4.0,5.4,57.5,8.9,60.7,14.2,0.2,0.211,0.246,AVGO,,126,14.7,16.0,,False
400,MDLZ,"Mondelez International, Inc.",Consumer Defensive,Confectioners,Core,79.4,62.18,61.24,16.0,13.7,10.0,0.0,ok,-2.5,ok,3.35,,False,37.2,18.5,2.8,4.1,31.1,13.3,48.7,6.6,-8.4,-0.271,0.299,AVGO,,126,13.7,16.0,,False
401,LYB,LyondellBasell Industries NV,Basic Materials,Specialty Chemicals,Cyclical,20.9,64.73,61.49,14.5,15.2,10.0,0.0,ok,-2.5,ok,3.27,,False,37.2,10.0,5.9,19.8,12.9,-2.3,65.8,10.3,3.9,-0.178,0.204,GOOG,,126,15.2,11.0,,False
402,DHR,Danaher Corporation,Healthcare,Diagnostics & Research,Core,142.4,202.63,193.31,14.5,14.2,10.0,0.0,ok,-1.5,ok,2.93,,False,37.2,21.8,3.0,5.5,58.8,7.6,55.8,-0.1,-14.8,0.021,0.165,AVGO,,126,14.2,16.0,,False
403,IVZ,Invesco Ltd,Financial Services,Asset Management,Core,14.4,32.57,30.94,16.5,10.7,10.0,0.0,ok,0.0,financial_na,,,False,37.2,10.0,7.9,20.5,29.5,-0.6,71.0,23.4,11.2,0.486,0.449,BMNR,,126,10.7,14.0,,False
404,NRG,"NRG Energy, Inc.",Utilities,Utilities - Independent Power ,Core,25.7,122.37,132.66,17.0,15.1,10.0,0.0,ok,-5.0,ok,7.16,,False,37.1,11.2,3.0,11.0,18.8,23.8,45.6,-18.5,-42.4,0.211,0.222,AVGO,,126,15.1,18.0,,False
405,WMT,Walmart Inc.,Consumer Defensive,Discount Stores,Core,909.8,114.33,114.42,12.0,15.6,10.0,0.0,ok,-0.5,ok,1.45,,False,37.1,34.9,0.8,7.3,25.0,24.1,54.8,-3.2,-24.1,-0.158,0.191,AVGO,,126,15.6,16.0,,False
406,RCL,Royal Caribbean Cruises Ltd.,Consumer Cyclical,Travel Services,Core,80.7,301.79,302.06,15.0,14.6,10.0,0.0,ok,-2.5,ok,3.27,,False,37.1,14.9,-1.9,6.5,50.3,44.7,27.8,5.6,-19.5,0.36,0.402,GOOG,,126,14.6,14.0,,False
407,SBAC,SBA Communications Corporation,Real Estate,REIT - Specialty,Core,19.3,182.11,185.84,16.5,15.6,10.0,0.0,ok,-5.0,ok,8.12,,False,37.1,22.2,3.9,2.3,74.2,,56.7,-5.6,-22.9,-0.029,0.167,AVGO,,126,15.6,17.0,,False
408,RVTY,"Revvity, Inc.",Healthcare,Diagnostics & Research,Core,13.0,116.17,110.36,16.0,12.6,10.0,0.0,ok,-1.5,ok,2.65,,False,37.1,19.7,4.7,1.3,55.0,3.2,61.7,16.2,9.1,0.203,0.191,GOOG,,126,12.6,16.0,,False
409,DGX,Quest Diagnostics Incorporated,Healthcare,Diagnostics & Research,Core,26.0,235.52,223.74,15.5,13.0,10.0,0.0,ok,-1.5,ok,2.55,,False,37.0,19.5,3.5,10.2,33.2,14.6,48.7,20.0,1.9,-0.237,0.264,AVGO,,126,13.0,15.0,,False
410,CAG,"ConAgra Brands, Inc.",Consumer Defensive,Packaged Foods,Speculative,7.4,15.54,14.76,14.5,15.9,10.0,0.0,ok,-3.5,ok,4.17,,False,36.9,10.0,11.6,3.6,24.0,-25.1,51.7,-0.3,-28.8,-0.154,0.313,AVGO,,126,15.9,16.0,,False
411,LITE,Lumentum Holdings Inc.,Technology,Communication Equipment,Growth,85.8,968.9,920.46,16.0,10.9,10.0,0.0,ok,0.0,ok,-1.3,,False,36.9,29.3,,109.3,44.6,-240.0,72.0,51.5,48.2,0.316,0.397,NVDA,,126,10.9,14.0,,False
412,PCAR,PACCAR Inc.,Industrials,Farm & Heavy Construction Mach,Core,68.9,130.84,125.5,13.0,14.4,10.0,0.0,ok,-0.5,ok,1.88,,False,36.9,18.3,2.8,0.5,13.7,12.8,31.7,11.6,-9.4,0.213,0.271,NVDA,,126,14.4,14.0,,False
413,KIM,Kimco Realty Corporation (HC),Real Estate,REIT - Retail,Core,16.3,24.36,25.21,17.0,14.9,10.0,0.0,ok,-5.0,ok,6.12,,False,36.9,27.2,5.3,4.9,68.9,5.8,16.7,7.5,-6.8,-0.116,0.162,AVGO,,126,14.9,17.0,,False
414,DRI,"Darden Restaurants, Inc.",Consumer Cyclical,Restaurants,Core,25.6,225.5,214.22,18.0,11.3,10.0,0.0,ok,-2.5,ok,3.7,,False,36.8,18.2,3.1,13.7,21.7,53.7,69.5,14.3,-9.3,-0.086,0.125,MSFT,,126,11.3,11.0,,False
415,HUBB,Hubbell Inc,Industrials,Electrical Equipment & Parts,Core,26.6,504.3,494.89,16.0,13.3,10.0,0.0,ok,-2.5,ok,3.41,,False,36.8,22.0,1.9,15.3,35.3,24.4,57.5,4.1,-16.7,0.192,0.332,NVDA,,126,13.3,14.0,,False
416,CASY,"Caseys General Stores, Inc.",Consumer Cyclical,Specialty Retail,Core,32.2,870.01,837.41,11.5,15.8,10.0,0.0,ok,-0.5,ok,1.6,,False,36.8,36.8,1.7,14.5,24.6,19.2,54.1,22.9,18.4,-0.091,0.139,MSFT,,126,15.8,11.0,,False
417,BSX,Boston Scientific Corporation,Healthcare,Medical Devices,Core,74.5,51.43,48.86,17.0,11.3,10.0,0.0,ok,-1.5,ok,2.12,,False,36.8,15.0,3.3,7.5,69.2,15.3,79.9,-27.0,-45.8,0.082,0.167,MSFT,,126,11.3,17.0,,False
418,ES,Eversource Energy (D/B/A),Utilities,Utilities - Regulated Electric,Core,27.0,71.91,72.4,14.5,15.8,10.0,0.0,ok,-3.5,ok,5.67,,False,36.8,14.6,3.0,2.3,52.8,9.0,30.0,3.7,-12.5,-0.167,0.176,MSFT,,126,15.8,19.0,,False
419,BKR,Baker Hughes Company,Energy,Oil & Gas Equipment & Services,Cyclical,64.4,64.9,61.66,16.0,10.7,10.0,0.0,ok,0.0,ok,-0.16,,False,36.7,20.3,6.9,-2.4,23.7,16.5,77.5,13.4,-4.4,0.155,0.189,BMNR,,126,10.7,14.0,,False
420,IP,International Paper Company,Consumer Cyclical,Packaging & Containers,Core,21.3,40.26,38.49,13.5,14.7,10.0,0.0,ok,-1.5,ok,2.33,,False,36.7,13.5,7.7,-2.2,29.6,-16.5,32.3,5.6,-30.3,0.108,0.206,NVDA,,126,14.7,11.0,,False
421,NUE,Nucor Corporation,Basic Materials,Steel,Cyclical,61.9,272.68,259.05,14.0,12.6,10.0,0.0,ok,0.0,ok,0.78,,False,36.6,14.5,1.1,23.0,15.6,14.5,58.0,37.6,35.8,0.184,0.211,AVGO,,126,12.6,11.0,,False
422,CAH,"Cardinal Health, Inc.",Healthcare,Medical Distribution,Core,54.8,235.66,229.91,14.0,13.0,10.0,0.0,ok,-0.5,ok,1.21,,False,36.5,16.8,8.7,5.8,3.8,,53.8,10.9,-8.5,-0.151,0.251,AVGO,,126,13.0,15.0,,False
423,TRGP,"Targa Resources, Inc.",Energy,Oil & Gas Midstream,Cyclical,59.6,277.94,269.89,16.0,13.0,10.0,0.0,ok,-2.5,ok,3.54,,False,36.5,23.0,0.1,4.2,43.2,70.8,62.6,21.9,11.4,-0.246,0.205,BMNR,,126,13.0,13.0,,False
424,MRK,"Merck & Company, Inc.",Healthcare,Drug Manufacturers - General,Core,335.5,135.97,129.17,16.0,10.9,10.0,0.0,ok,-0.5,ok,1.62,,False,36.4,14.2,4.5,5.1,75.9,7.0,64.7,19.7,-0.5,-0.229,0.253,AVGO,,126,10.9,17.0,,False
425,WAT,Waters Corporation,Healthcare,Diagnostics & Research,Growth,40.0,407.74,387.35,14.0,14.9,10.0,0.0,ok,-2.5,ok,3.4,,False,36.4,24.6,-0.4,113.4,56.3,1.9,69.5,14.0,13.7,0.193,0.22,AVGO,,126,14.9,16.0,,False
426,FCX,"Freeport-McMoRan, Inc.",Basic Materials,Copper,Cyclical,95.7,68.38,64.96,15.0,11.3,10.0,0.0,ok,0.0,ok,0.66,,False,36.3,16.6,2.3,-7.3,38.3,14.8,64.8,17.0,-1.0,0.492,0.51,NVDA,,126,11.3,11.0,,False
427,COO,"The Cooper Companies, Inc.",Healthcare,Medical Instruments & Supplies,Core,14.6,75.1,71.34,14.5,13.3,10.0,0.0,ok,-1.5,ok,2.92,,False,36.3,15.0,2.9,7.9,65.6,2.9,63.8,2.6,-21.5,-0.004,0.209,GOOG,,126,13.3,17.0,,False
428,BLDR,"Builders FirstSource, Inc.",Industrials,Building Products & Equipment,Speculative,7.6,70.21,76.16,14.5,15.2,10.0,0.0,ok,-3.5,ok,5.06,,False,36.2,15.7,6.1,-8.8,29.2,2.5,45.2,-24.5,-51.9,0.207,0.297,NVDA,,126,15.2,14.0,,False
429,AWK,"American Water Works Company, ",Utilities,Utilities - Regulated Water,Core,26.7,134.35,131.75,13.0,16.7,10.0,0.0,ok,-3.5,ok,5.44,,False,36.2,20.5,-6.7,6.2,61.5,10.1,38.7,3.4,-11.8,-0.401,0.34,AVGO,,126,16.7,20.0,,False
430,LUV,Southwest Airlines Company,Industrials,Airlines,Core,21.2,43.35,47.16,10.5,16.2,10.0,0.0,ok,-0.5,ok,1.33,,False,36.2,8.8,-3.9,16.4,22.4,11.1,39.8,2.3,-32.9,0.378,0.381,GOOG,,126,16.2,14.0,,False
431,TSN,"Tyson Foods, Inc.",Consumer Defensive,Farm Products,Core,20.6,58.61,57.83,11.0,16.7,10.0,0.0,ok,-1.5,ok,2.62,,False,36.2,13.1,5.8,-0.1,6.6,3.3,39.4,-2.3,-19.2,-0.101,0.226,NVDA,,126,16.7,16.0,,False
432,PFE,"Pfizer, Inc.",Healthcare,Drug Manufacturers - General,Core,153.2,26.87,25.53,18.0,9.6,10.0,0.0,ok,-1.5,ok,2.04,,False,36.1,9.3,8.2,2.6,74.7,5.0,71.3,5.3,-13.4,-0.026,0.147,AVGO,,126,9.6,17.0,,False
433,ATO,Atmos Energy Corporation,Utilities,Utilities - Regulated Gas,Core,28.7,169.9,173.32,11.5,17.0,10.0,0.0,ok,-2.5,ok,3.74,,False,36.0,18.8,-7.7,4.8,62.2,9.8,15.6,-3.2,-18.4,-0.309,0.316,MSFT,,126,17.0,20.0,,False
434,GPC,Genuine Parts Company,Consumer Cyclical,Auto Parts,Core,18.3,132.52,125.89,14.5,12.9,10.0,0.0,ok,-1.5,ok,2.97,,False,35.9,16.0,5.0,6.0,37.6,0.7,55.3,11.8,-6.8,0.035,0.138,GOOG,,126,12.9,11.0,,False
435,REGN,"Regeneron Pharmaceuticals, Inc",Healthcare,Biotechnology,Core,83.0,805.93,765.63,17.0,8.9,10.0,0.0,ok,0.0,ok,-1.12,,False,35.9,13.4,3.7,16.7,44.5,14.0,88.3,11.9,-11.5,0.221,0.232,BMNR,,126,8.9,16.0,,False
436,WELL,Welltower Inc.,Real Estate,REIT - Healthcare Facilities,Growth,169.6,235.3,229.57,14.0,15.4,10.0,0.0,ok,-3.5,ok,5.32,,False,35.9,72.8,1.6,39.1,39.6,3.8,39.8,13.9,-3.2,-0.231,0.301,AVGO,,126,15.4,15.0,,False
437,HPE,Hewlett Packard Enterprise Com,Technology,Communication Equipment,Growth,76.3,57.61,54.73,16.5,10.8,10.0,0.0,ok,-1.5,ok,2.84,,False,35.8,14.3,5.0,40.0,33.8,6.3,78.7,85.3,150.7,0.332,0.499,AVGO,,126,10.8,13.0,,False
438,NDSN,Nordson Corporation,Industrials,Specialty Industrial Machinery,Core,17.3,309.83,295.64,16.0,11.3,10.0,0.0,ok,-1.5,ok,2.05,,False,35.8,24.7,3.3,8.5,55.2,17.1,60.5,13.8,-8.5,0.245,0.32,AVGO,,126,11.3,15.0,,False
439,TECH,Bio-Techne Corp,Healthcare,Biotechnology,Core,11.3,72.39,68.77,13.0,12.6,10.0,0.0,ok,0.0,ok,0.07,,False,35.6,31.2,2.0,1.3,66.2,9.0,61.8,20.6,10.8,0.084,0.138,GOOG,,126,12.6,17.0,,False
440,CLX,Clorox Company (The),Consumer Defensive,Household & Personal Products,Core,12.8,105.94,100.64,15.0,14.0,10.0,0.0,ok,-3.5,ok,4.79,,False,35.5,16.6,0.9,-2.0,42.3,163.8,62.1,3.4,-25.9,-0.001,0.295,GOOG,,126,14.0,17.0,,False
441,STT,State Street Corporation,Financial Services,Asset Management,Core,53.0,193.04,183.39,13.0,12.5,10.0,0.0,ok,0.0,financial_na,,,False,35.5,12.6,,-2.8,0.0,12.4,67.6,34.8,38.6,0.352,0.386,NVDA,,126,12.5,14.0,,False
442,TDY,Teledyne Technologies Incorpor,Technology,Scientific & Technical Instrum,Core,31.4,677.27,644.17,14.5,11.5,10.0,0.0,ok,-0.5,ok,1.06,,False,35.5,25.3,2.9,9.8,43.3,9.2,61.9,11.8,-8.9,0.4,0.401,NVDA,,126,11.5,14.0,,False
443,BMNR,BitMine Immersion Technologies,Financial Services,Capital Markets,Growth,11.3,18.73,17.79,14.0,13.5,10.0,-2.0,ok,0.0,financial_na,,,False,35.5,19.9,-4.6,2167.8,84.4,-150.9,58.0,-20.3,-20.2,0.54,0.46,NVDA,,126,13.5,16.0,,True
444,COHU,"Cohu, Inc.",Technology,Semiconductor Equipment & Mate,Growth,3.0,62.62,59.49,14.0,11.5,10.0,0.0,ok,0.0,ok,-13.22,,False,35.5,33.9,2.2,38.4,44.0,-4.8,78.4,63.0,93.7,0.405,0.485,AVGO,,126,11.5,14.0,,False
445,BA,Boeing Company (The),Industrials,Aerospace & Defense,Core,178.6,225.95,221.48,14.5,14.8,10.0,0.0,ok,-4.0,neg_ebitda_debt,,,False,35.3,54.8,3.1,8.0,4.7,173.5,53.3,3.1,-20.6,0.405,0.373,GOOG,,126,14.8,14.0,,False
446,ADM,Archer-Daniels-Midland Company,Consumer Defensive,Farm Products,Core,39.2,81.29,79.99,11.5,15.2,10.0,0.0,ok,-1.5,ok,2.75,,False,35.2,14.3,3.0,7.2,6.9,7.6,44.4,15.7,5.4,-0.109,0.123,GOOG,,126,15.2,16.0,,False
447,TSCO,Tractor Supply Company,Consumer Cyclical,Specialty Retail,Core,18.1,34.68,32.95,14.5,13.2,10.0,0.0,ok,-2.5,ok,3.27,,False,35.2,16.9,0.6,2.3,36.5,39.5,67.5,-19.6,-47.1,0.063,0.096,BMNR,,126,13.2,11.0,,False
448,DELL,Dell Technologies Inc.,Technology,Computer Hardware,Growth,310.0,479.81,455.82,13.0,12.7,10.0,0.0,ok,-0.5,ok,1.45,,False,35.2,21.7,1.8,87.5,19.2,,67.2,107.7,301.4,0.289,0.353,AVGO,,126,12.7,13.0,,False
449,SWK,"Stanley Black & Decker, Inc.",Industrials,Tools & Accessories,Core,15.0,99.59,94.61,15.5,11.1,10.0,0.0,ok,-1.5,ok,2.58,,False,35.1,15.6,9.4,0.4,32.2,6.9,60.6,25.5,-2.4,0.233,0.272,GOOG,,126,11.1,14.0,,False
450,SO,Southern Company (The),Utilities,Utilities - Regulated Electric,Core,106.2,92.29,94.56,12.5,16.1,10.0,0.0,ok,-3.5,ok,5.2,,False,35.1,18.7,-3.7,0.1,48.3,11.5,23.4,0.6,-12.0,-0.284,0.263,AVGO,,126,16.1,19.0,,False
451,J,Jacobs Solutions Inc.,Industrials,Engineering & Construction,Growth,16.8,143.63,136.45,13.5,13.1,10.0,0.0,ok,-1.5,ok,2.72,,False,35.1,17.4,3.8,34.5,22.1,8.0,55.1,8.0,-7.7,0.113,0.109,BMNR,,126,13.1,14.0,,False
452,PLAB,"Photronics, Inc.",Technology,Semiconductor Equipment & Mate,Speculative,2.0,33.6,31.92,12.5,12.6,10.0,0.0,ok,0.0,ok,-2.31,,False,35.1,16.6,2.0,-0.5,33.8,13.2,72.8,-4.2,-26.2,0.333,0.405,AVGO,,126,12.6,13.0,,False
453,AXON,"Axon Enterprise, Inc.",Industrials,Aerospace & Defense,Growth,49.1,604.32,574.1,14.0,16.1,10.0,0.0,ok,-5.0,ok,7.01,,False,35.1,57.2,0.5,35.3,59.5,6.2,57.6,18.7,26.7,0.294,0.346,MSFT,,126,16.1,15.0,,False
454,ETR,Entergy Corporation,Utilities,Utilities - Regulated Electric,Core,50.6,108.52,111.65,12.0,16.6,10.0,0.0,ok,-3.5,ok,5.56,,False,35.1,21.3,-8.7,5.9,47.0,10.2,37.9,4.2,-8.7,-0.167,0.249,MSFT,,126,16.6,19.0,,False
455,EQIX,"Equinix, Inc.",Real Estate,REIT - Specialty,Core,108.3,1097.61,1051.39,17.0,11.6,10.0,0.0,ok,-3.5,ok,4.93,,False,35.1,58.1,3.5,16.7,52.0,10.7,63.6,16.5,2.7,0.112,0.167,NVDA,,126,11.6,16.0,,False
456,SLB,SLB Limited,Energy,Oil & Gas Equipment & Services,Cyclical,79.9,53.86,51.17,13.0,12.5,10.0,0.0,ok,-0.5,ok,1.18,,False,35.0,16.6,3.7,5.0,17.0,12.9,64.2,13.1,-5.1,0.078,0.118,AVGO,,126,12.5,14.0,,False
457,BALL,Ball Corporation,Consumer Cyclical,Packaging & Containers,Core,16.2,61.18,61.21,14.0,13.5,10.0,0.0,ok,-2.5,ok,3.41,,False,35.0,13.5,2.3,19.7,18.6,17.2,11.9,5.6,-21.0,0.014,0.137,GOOG,,126,13.5,11.0,,False
458,ONTO,Onto Innovation Inc.,Technology,Semiconductor Equipment & Mate,Growth,21.5,351.16,333.6,14.0,11.0,10.0,0.0,ok,0.0,ok,-1.36,,False,35.0,30.4,0.9,35.3,54.9,6.8,72.7,52.2,46.2,0.401,0.516,AVGO,,126,11.0,14.0,,False
459,BEN,"Franklin Resources, Inc.",Financial Services,Asset Management,Core,17.4,34.19,33.23,11.5,13.5,10.0,0.0,ok,0.0,financial_na,,,False,35.0,10.8,-17.2,14.3,37.7,7.9,55.7,24.5,13.0,0.447,0.415,GOOG,,126,13.5,14.0,,False
460,WEC,"WEC Energy Group, Inc.",Utilities,Utilities - Regulated Electric,Core,36.0,110.49,113.09,12.0,16.4,10.0,0.0,ok,-3.5,ok,5.79,,False,34.9,18.4,-6.5,2.6,41.9,12.0,36.9,-0.5,-16.7,-0.319,0.302,AVGO,,126,16.4,19.0,,False
461,PSKY,Paramount Skydance Corporation,Communication Services,Entertainment,Core,11.5,10.28,9.77,14.5,13.9,10.0,0.0,ok,-3.5,ok,4.4,,False,34.9,12.0,,0.9,33.3,-0.9,90.5,-9.1,-17.8,0.073,0.1,MSFT,,126,13.9,13.0,fcf_yield_out_of_range(152.5),False
462,PANW,"Palo Alto Networks, Inc.",Technology,Software - Infrastructure,Growth,306.2,375.76,356.97,14.0,10.9,10.0,0.0,ok,0.0,ok,-0.66,,False,34.9,91.3,1.2,31.1,72.0,4.8,73.1,68.4,116.6,0.393,0.397,MSFT,,126,10.9,17.0,,False
463,PWR,"Quanta Services, Inc.",Industrials,Engineering & Construction,Growth,108.6,722.31,686.19,13.5,12.8,10.0,0.0,ok,-1.5,ok,2.0,,False,34.8,36.8,1.8,41.1,15.5,15.3,74.7,25.7,24.4,0.364,0.368,BMNR,,126,12.8,14.0,,False
464,IEX,IDEX Corporation,Industrials,Specialty Industrial Machinery,Core,17.7,240.39,228.37,16.0,9.3,10.0,0.0,ok,-0.5,ok,1.31,,False,34.8,25.1,3.1,6.4,44.7,13.0,71.7,19.4,1.7,0.153,0.223,AVGO,,126,9.3,15.0,,False
465,WULF,TeraWulf Inc.,Financial Services,Capital Markets,Speculative,8.8,17.6,21.49,7.0,17.7,10.0,0.0,ok,0.0,financial_na,,,False,34.7,,-2.7,-6.0,,-1211.8,52.1,-0.8,-4.4,0.478,0.458,BMNR,,126,17.7,16.0,,False
466,FN,Fabrinet,Technology,Electronic Components,Growth,21.4,598.58,568.65,11.5,13.2,10.0,0.0,ok,0.0,ok,-1.96,,False,34.7,34.6,-0.4,39.3,12.0,20.0,72.7,11.4,7.3,0.365,0.466,AVGO,,126,13.2,13.0,,False
467,CRWD,"CrowdStrike Holdings, Inc.",Technology,Software - Infrastructure,Core,217.8,213.9,376.69,13.0,11.7,10.0,0.0,ok,0.0,ok,-62.9,,False,34.7,136.5,0.9,25.6,75.1,-0.2,71.5,-52.9,-61.5,0.205,0.214,AVGO,,126,11.7,17.0,,False
468,INTC,Intel Corporation,Technology,Semiconductors,Core,547.1,103.49,109.24,13.0,12.1,10.0,0.0,ok,-0.5,ok,1.24,,False,34.6,50.7,0.9,25.4,38.9,-10.7,70.1,46.9,110.9,0.414,0.478,AVGO,,126,12.1,13.0,,False
469,MET,"MetLife, Inc.",Financial Services,Insurance - Life,Core,61.4,96.68,91.85,10.0,14.6,10.0,0.0,ok,0.0,financial_na,,,False,34.6,8.9,-34.1,10.5,24.0,13.1,46.3,20.7,10.8,0.194,0.249,BMNR,,126,14.6,14.0,,False
470,COHR,Coherent Corp.,Technology,Scientific & Technical Instrum,Growth,68.7,351.22,335.9,11.5,13.6,10.0,0.0,ok,-0.5,ok,1.1,,False,34.6,25.3,-0.9,33.7,37.5,8.0,67.0,31.7,46.5,0.368,0.481,NVDA,,126,13.6,13.0,,False
471,LH,Labcorp Holdings Inc.,Healthcare,Diagnostics & Research,Core,26.2,323.34,307.17,14.5,11.6,10.0,0.0,ok,-1.5,ok,2.88,,False,34.6,16.3,3.4,5.8,28.9,11.7,59.1,19.8,4.0,0.017,0.153,MSFT,,126,11.6,15.0,,False
472,NEE,"NextEra Energy, Inc.",Utilities,Utilities - Regulated Electric,Core,179.9,86.22,87.13,14.0,15.5,10.0,0.0,ok,-5.0,ok,7.35,,False,34.5,19.5,-9.9,12.4,61.0,11.7,29.9,-1.4,-19.5,-0.101,0.263,MSFT,,126,15.5,20.0,,False
473,HII,"Huntington Ingalls Industries,",Industrials,Aerospace & Defense,Core,12.5,318.34,302.42,10.5,15.5,10.0,0.0,ok,-1.5,ok,2.5,,False,34.5,15.3,-2.4,10.9,12.4,13.0,58.9,-8.7,-36.8,0.218,0.297,MSFT,,126,15.5,14.0,,False
474,CPT,Camden Property Trust,Real Estate,REIT - Residential,Core,10.9,108.26,112.78,11.0,16.8,10.0,0.0,ok,-3.5,ok,5.4,,False,34.3,99.3,1.3,-0.8,61.6,7.9,31.7,2.0,-12.2,-0.173,0.295,AVGO,,126,16.8,17.0,,False
475,BAX,Baxter International Inc.,Healthcare,Medical Instruments & Supplies,Core,13.4,25.91,24.61,14.5,12.2,10.0,0.0,ok,-2.5,ok,3.99,,False,34.2,12.7,7.5,5.3,34.1,-14.4,58.2,30.8,11.8,0.271,0.286,MSFT,,126,12.2,15.0,,False
476,NI,NiSource Inc,Utilities,Utilities - Regulated Gas,Core,20.3,42.37,45.84,10.5,17.2,10.0,0.0,ok,-3.5,ok,5.74,,False,34.2,18.8,-8.7,4.6,51.0,8.5,24.2,-5.6,-21.9,-0.113,0.125,AVGO,,126,17.2,19.0,,False
477,PKG,Packaging Corporation of Ameri,Consumer Cyclical,Packaging & Containers,Core,22.5,252.97,240.32,13.0,11.7,10.0,0.0,ok,-0.5,ok,1.91,,False,34.2,19.6,1.9,14.7,21.4,14.9,49.6,15.3,-7.3,0.075,0.131,NVDA,,126,11.7,11.0,,False
478,HLT,Hilton Worldwide Holdings Inc.,Consumer Cyclical,Lodging,Core,73.4,326.12,330.8,14.0,13.7,10.0,0.0,ok,-3.5,ok,4.21,,False,34.2,31.2,1.9,2.5,79.0,,53.2,5.6,-10.5,0.229,0.318,GOOG,,126,13.7,13.0,,False
479,MDB,"MongoDB, Inc.",Technology,Software - Infrastructure,Core,35.3,438.7,416.77,13.0,11.2,10.0,0.0,ok,0.0,neg_ebitda_low_debt,,,False,34.2,59.8,1.5,25.2,72.0,-1.0,79.4,29.7,10.6,0.365,0.397,MSFT,,126,11.2,17.0,,False
480,EIX,Edison International,Utilities,Utilities - Regulated Electric,Core,27.4,71.3,73.99,13.5,14.2,10.0,0.0,ok,-3.5,ok,4.85,,False,34.2,11.0,0.3,-4.1,61.0,19.7,28.4,6.2,-12.1,-0.186,0.236,MSFT,,126,14.2,20.0,,False
481,AEE,Ameren Corporation,Utilities,Utilities - Regulated Electric,Core,30.3,109.47,110.95,11.0,16.5,10.0,0.0,ok,-3.5,ok,5.57,,False,34.0,18.8,-5.9,-6.2,52.4,11.9,36.6,2.2,-13.5,-0.259,0.258,AVGO,,126,16.5,19.0,,False
482,AEP,American Electric Power Compan,Utilities,Utilities - Regulated Electric,Core,68.9,126.53,131.09,12.0,15.5,10.0,0.0,ok,-3.5,ok,5.86,,False,34.0,18.5,-8.7,7.0,46.4,10.1,29.7,0.6,-15.3,-0.253,0.274,MSFT,,126,15.5,19.0,,False
483,DUK,Duke Energy Corporation (Holdi,Utilities,Utilities - Regulated Electric,Core,96.4,123.58,125.67,11.0,16.4,10.0,0.0,ok,-3.5,ok,5.51,,False,33.9,17.2,-4.6,1.1,52.0,9.9,31.5,0.2,-14.8,-0.373,0.324,AVGO,,126,16.4,19.0,,False
484,LNT,Alliant Energy Corporation,Utilities,Utilities - Regulated Electric,Core,18.2,70.35,73.5,12.0,16.9,10.0,0.0,ok,-5.0,ok,6.61,,False,33.9,19.1,-6.2,1.0,44.5,11.1,31.5,0.7,-13.5,-0.28,0.262,MSFT,,126,16.9,19.0,,False
485,ED,"Consolidated Edison, Inc.",Utilities,Utilities - Regulated Electric,Core,40.3,108.99,109.71,12.0,15.4,10.0,0.0,ok,-3.5,ok,4.36,,False,33.9,16.8,-2.1,13.2,53.4,9.0,36.5,3.1,-15.9,-0.45,0.387,AVGO,,126,15.4,19.0,,False
486,WMB,"Williams Companies, Inc. (The)",Energy,Oil & Gas Midstream,Cyclical,89.8,73.45,73.25,15.0,12.2,10.0,0.0,ok,-3.5,ok,4.35,,False,33.7,28.0,-1.7,7.8,63.6,21.5,62.5,6.7,-10.4,-0.128,0.148,MSFT,,126,12.2,14.0,,False
487,IREN,IREN LIMITED,Financial Services,Capital Markets,Core,16.0,44.9,44.55,9.5,16.2,10.0,-2.0,ok,0.0,financial_na,,,False,33.7,,-14.4,-0.0,68.4,7.7,65.5,-4.5,-3.6,0.546,0.501,BMNR,,126,16.2,16.0,,False
488,FE,FirstEnergy Corp.,Utilities,Utilities - Regulated Electric,Core,27.4,47.42,47.83,11.5,15.6,10.0,0.0,ok,-3.5,ok,5.33,,False,33.6,16.1,-7.3,8.8,68.6,9.5,24.2,0.9,-16.1,-0.211,0.295,AVGO,,126,15.6,20.0,,False
489,HSIC,"Henry Schein, Inc.",Healthcare,Medical Distribution,Speculative,10.0,89.52,85.04,14.5,11.6,10.0,0.0,ok,-2.5,ok,3.39,,False,33.6,14.9,4.5,6.7,31.3,8.9,68.0,15.2,2.8,0.107,0.203,GOOG,,126,11.6,15.0,,False
490,CARR,Carrier Global Corporation,Industrials,Building Products & Equipment,Core,51.6,62.56,67.93,10.5,15.6,10.0,0.0,ok,-2.5,ok,3.57,,False,33.6,18.9,1.7,3.9,24.7,9.0,47.7,2.5,-18.7,0.201,0.292,GOOG,,126,15.6,14.0,,False
491,GM,General Motors Company,Consumer Cyclical,Auto Manufacturers,Core,76.3,84.37,81.87,14.0,14.5,10.0,0.0,ok,-5.0,ok,6.32,,False,33.5,5.7,28.7,1.9,10.2,3.2,30.7,7.3,-9.1,0.327,0.382,BMNR,,126,14.5,11.0,,False
492,SW,Smurfit WestRock plc,Consumer Cyclical,Packaging & Containers,Core,25.1,47.81,45.52,13.0,11.9,10.0,0.0,ok,-1.5,ok,2.95,,False,33.4,14.2,4.8,1.1,18.2,2.7,40.9,16.2,-18.0,0.182,0.24,NVDA,,126,11.9,11.0,,False
493,QBTS,D-Wave Quantum Inc.,Technology,Computer Hardware,Speculative,7.8,20.87,20.99,7.0,18.3,10.0,-2.0,ok,0.0,neg_ebitda_low_debt,,,False,33.3,,-0.9,-0.6,,-28.0,62.7,-6.5,-0.0,0.536,0.533,BMNR,,126,18.3,15.0,,False
494,SBUX,Starbucks Corporation,Consumer Cyclical,Restaurants,Core,123.0,107.92,103.74,13.0,12.7,10.0,0.0,ok,-2.5,ok,3.34,,False,33.2,34.7,2.5,-1.4,22.3,,66.0,13.1,0.6,0.163,0.154,AVGO,,126,12.7,11.0,,False
495,BDX,"Becton, Dickinson and Company",Healthcare,Medical Instruments & Supplies,Core,49.6,182.09,172.99,17.0,7.7,10.0,0.0,ok,-1.5,ok,2.63,,False,33.2,13.7,9.0,5.4,46.9,6.6,78.0,16.6,-9.9,0.012,0.212,AVGO,,126,7.7,16.0,,False
496,EVRG,"Evergy, Inc.",Utilities,Utilities - Regulated Electric,Core,19.4,83.93,84.67,10.5,16.2,10.0,0.0,ok,-3.5,ok,5.8,,False,33.2,18.4,-7.5,4.4,52.7,9.3,39.3,5.0,-9.3,-0.264,0.29,AVGO,,126,16.2,19.0,,False
497,SOUN,"SoundHound AI, Inc.",Technology,Software - Application,Growth,3.1,7.04,6.72,11.5,13.6,10.0,-2.0,ok,0.0,neg_ebitda_low_debt,,,False,33.1,,-1.5,45.0,42.3,-32.2,59.4,-20.7,-17.0,0.611,0.493,BMNR,,126,13.6,16.0,,False
498,MRNA,"Moderna, Inc.",Healthcare,Biotechnology,Core,25.7,64.46,61.24,9.0,14.0,10.0,0.0,ok,0.0,neg_ebitda_low_debt,,,False,33.0,,1.2,2.1,,-39.0,67.7,38.1,33.6,0.316,0.349,BMNR,,126,14.0,15.0,,False
499,JCI,Johnson Controls International,Industrials,Building Products & Equipment,Core,93.2,153.92,146.22,16.0,8.4,10.0,0.0,ok,-1.5,ok,2.04,,False,32.9,25.5,3.2,9.3,36.7,14.3,72.6,15.9,-4.6,0.255,0.378,AVGO,,126,8.4,14.0,,False
500,KMI,"Kinder Morgan, Inc.",Energy,Oil & Gas Midstream,Cyclical,72.0,32.33,32.0,14.5,11.8,10.0,0.0,ok,-3.5,ok,4.23,,False,32.8,21.0,1.5,10.8,49.4,11.0,57.1,6.2,-11.6,-0.271,0.242,AVGO,,126,11.8,13.0,,False
501,PPL,PPL Corporation,Utilities,Utilities - Regulated Electric,Core,27.0,35.95,35.85,10.5,15.8,10.0,0.0,ok,-3.5,ok,5.33,,False,32.8,17.0,-7.2,4.2,44.1,8.6,45.4,-0.8,-16.8,-0.209,0.259,AVGO,,126,15.8,19.0,,False
502,CNP,"CenterPoint Energy, Inc (Holdi",Utilities,Utilities - Regulated Electric,Core,26.8,40.63,42.84,11.5,16.2,10.0,0.0,ok,-5.0,ok,6.28,,False,32.7,19.5,-19.4,10.7,47.0,9.8,16.8,-1.7,-17.4,-0.288,0.287,AVGO,,126,16.2,19.0,,False
503,OKE,"ONEOK, Inc.",Energy,Oil & Gas Midstream,Growth,60.1,95.32,90.55,15.0,10.9,10.0,0.0,ok,-3.5,ok,4.28,,False,32.4,15.2,1.5,52.8,27.2,16.3,67.6,16.1,-0.5,-0.374,0.311,AVGO,,126,10.9,12.0,,False
504,EXC,Exelon Corporation,Utilities,Utilities - Regulated Electric,Core,46.9,45.57,46.26,10.5,16.8,10.0,0.0,ok,-5.0,ok,6.09,,False,32.3,15.0,-5.7,9.9,42.4,9.7,35.4,-0.7,-17.5,-0.33,0.291,AVGO,,126,16.8,19.0,,False
505,MOS,Mosaic Company (The),Basic Materials,Agricultural Inputs,Cyclical,6.7,21.23,22.07,5.5,19.0,10.0,0.0,ok,-2.5,ok,3.37,,False,32.0,12.6,-11.1,-6.0,11.2,-5.1,35.2,-13.5,-39.6,0.163,0.204,AVGO,,126,19.0,11.0,,False
506,CMS,CMS Energy Corporation,Utilities,Utilities - Regulated Electric,Core,22.4,71.4,73.73,9.5,17.5,10.0,0.0,ok,-5.0,ok,6.32,,False,32.0,17.2,-9.8,-0.5,40.3,9.2,30.6,-2.5,-18.6,-0.334,0.309,MSFT,,126,17.5,19.0,,False
507,TSLA,"Tesla, Inc.",Consumer Cyclical,Auto Manufacturers,Core,1340.1,339.3,369.5,11.0,12.9,10.0,-2.0,ok,0.0,ok,-2.55,,False,31.9,,0.4,25.5,18.9,4.7,69.4,-16.3,-30.5,0.542,0.471,BMNR,,126,12.9,11.0,,False
508,WBD,"Warner Bros. Discovery, Inc. -",Communication Services,Entertainment,Core,70.0,27.93,26.57,14.0,10.2,10.0,0.0,ok,-2.5,ok,3.67,,False,31.7,,23.1,-11.2,47.8,-8.8,80.5,4.0,-16.0,0.102,0.303,NVDA,,126,10.2,14.0,,False
509,SRE,DBA Sempra,Utilities,Utilities - Diversified,Core,56.2,85.94,90.7,9.5,17.1,10.0,0.0,ok,-5.0,ok,6.23,,False,31.6,15.5,-49.2,-0.1,44.0,6.7,29.6,-5.7,-20.1,-0.168,0.203,MSFT,,126,17.1,19.0,,False
510,PNW,Pinnacle West Capital Corporat,Utilities,Utilities - Regulated Electric,Core,12.2,100.41,104.37,10.5,16.1,10.0,0.0,ok,-5.0,ok,7.68,,False,31.6,18.0,-7.6,7.1,43.4,9.4,28.1,3.5,-10.7,-0.283,0.294,AVGO,,126,16.1,19.0,,False
511,D,"Dominion Energy, Inc.",Utilities,Utilities - Regulated Electric,Core,60.5,68.77,69.02,11.5,14.9,10.0,0.0,ok,-5.0,ok,6.43,,False,31.4,18.0,-15.2,17.6,46.2,8.3,37.4,8.6,-7.3,-0.149,0.182,MSFT,,126,14.9,19.0,,False
512,NBIS,Nebius Group N.V.,Communication Services,Internet Content & Information,Growth,73.1,268.85,255.41,13.5,12.9,10.0,0.0,ok,-5.0,ok,8.35,,False,31.4,,-13.2,454.0,74.3,0.6,69.7,82.7,162.5,0.406,0.458,NVDA,,126,12.9,15.0,,False
513,UCTT,"Ultra Clean Holdings, Inc.",Technology,Semiconductor Equipment & Mate,Speculative,4.0,87.88,99.01,9.0,14.8,10.0,0.0,ok,-2.5,ok,3.74,,False,31.3,15.0,-2.0,24.3,15.8,-1.6,57.4,37.5,44.9,0.362,0.442,AVGO,,126,14.8,13.0,,False
514,AES,The AES Corporation,Utilities,Utilities - Diversified,Core,10.5,14.76,14.72,10.0,16.3,10.0,0.0,ok,-5.0,ok,7.64,,False,31.3,6.2,-29.3,19.9,20.3,9.6,41.5,2.7,-22.0,-0.029,0.114,BMNR,,126,16.3,18.0,,False
515,DTE,DTE Energy Company,Utilities,Utilities - Regulated Electric,Core,29.4,141.15,146.52,9.5,16.7,10.0,0.0,ok,-5.0,ok,7.69,,False,31.2,16.9,-8.8,-1.5,29.3,11.0,33.2,0.2,-14.9,-0.24,0.237,MSFT,,126,16.7,18.0,,False
516,DOW,Dow Inc.,Basic Materials,Chemicals,Cyclical,22.6,31.34,30.41,9.0,14.6,10.0,0.0,ok,-2.5,ok,3.84,,False,31.1,17.2,1.0,19.7,9.8,-5.5,63.8,1.9,-12.3,-0.162,0.187,GOOG,,126,14.6,11.0,,False
517,AEHR,Aehr Test Systems,Technology,Semiconductor Equipment & Mate,Growth,4.7,145.61,138.33,10.5,10.5,10.0,0.0,ok,0.0,neg_ebitda_low_debt,,,False,31.0,105.3,-0.0,33.7,35.3,-4.2,81.8,151.3,397.9,0.468,0.462,AVGO,,126,10.5,13.0,,False
518,DE,Deere & Company,Industrials,Farm & Heavy Construction Mach,Core,161.9,599.92,602.4,10.0,14.4,10.0,0.0,ok,-3.5,ok,4.6,,False,30.9,26.6,0.7,-11.1,26.0,18.3,34.4,8.1,-13.0,-0.006,0.243,MSFT,,126,14.4,14.0,,False
519,CRWV,"CoreWeave, Inc.",Technology,Software - Infrastructure,Growth,58.5,106.0,100.7,12.5,13.2,10.0,0.0,ok,-5.0,ok,12.16,,False,30.7,,-15.5,112.5,67.4,-43.6,74.5,14.2,3.3,0.491,0.497,NVDA,,126,13.2,17.0,,False
520,BG,Bunge Limited,Consumer Defensive,Farm Products,Growth,22.1,114.91,114.71,9.5,14.5,10.0,0.0,ok,-3.5,ok,5.21,,False,30.5,10.1,-29.3,88.3,4.9,7.2,45.5,2.1,-18.9,-0.079,0.109,GOOG,,126,14.5,16.0,,False
521,IRM,Iron Mountain Incorporated (De,Real Estate,REIT - Specialty,Core,38.7,129.9,124.73,13.0,12.4,10.0,0.0,ok,-5.0,ok,7.74,,False,30.4,47.6,-1.1,18.5,54.2,,56.8,20.7,7.2,0.307,0.333,BMNR,,126,12.4,16.0,,False
522,XEL,Xcel Energy Inc.,Utilities,Utilities - Regulated Electric,Core,49.5,79.21,79.29,9.5,15.9,10.0,0.0,ok,-5.0,ok,6.47,,False,30.4,17.4,-16.0,-5.1,46.8,9.9,43.1,0.9,-14.4,-0.2,0.237,MSFT,,126,15.9,19.0,,False
523,PCG,Pacific Gas & Electric Co.,Utilities,Utilities - Regulated Electric,Core,38.5,17.5,17.2,10.5,14.8,10.0,0.0,ok,-5.0,ok,6.1,,False,30.3,9.7,-16.0,0.1,39.8,9.3,45.5,4.6,-15.8,-0.084,0.127,MSFT,,126,14.8,18.0,,False
524,AI,"C3.ai, Inc.",Technology,Software - Infrastructure,Speculative,1.5,9.7,9.55,6.0,16.2,10.0,-2.0,ok,0.0,neg_ebitda_low_debt,,,False,30.2,,-1.8,-52.5,,-63.0,62.0,-11.8,-19.9,0.56,0.476,MSFT,,126,16.2,15.0,,False
525,OKLO,Oklo Inc.,Utilities,Utilities - Independent Power ,Speculative,8.2,43.88,48.59,8.0,13.7,10.0,-2.0,ok,0.0,neg_ebitda_low_debt,,,False,29.7,,-2.9,,,-7.7,56.4,-37.4,-48.3,0.553,0.558,BMNR,,126,13.7,19.0,,False
526,CRL,Charles River Laboratories Int,Healthcare,Diagnostics & Research,Core,13.8,286.64,272.31,11.0,10.5,10.0,0.0,ok,-2.5,ok,3.35,,False,29.0,22.6,3.4,-2.7,34.6,-7.5,81.2,49.4,67.6,0.162,0.157,BMNR,,126,10.5,15.0,,False
527,CIFR,Cipher Digital Inc.,Technology,Information Technology Service,Speculative,7.7,18.5,22.01,5.5,18.5,10.0,0.0,ok,-5.0,ok,49.49,,False,29.0,80.4,-37.7,-43.0,,-167.5,45.7,-0.5,5.1,0.439,0.423,AVGO,,126,18.5,15.0,,False
528,BBAI,"BigBear.ai, Inc.",Technology,Information Technology Service,Speculative,1.5,3.21,3.36,7.5,13.5,10.0,-2.0,ok,0.0,neg_ebitda_low_debt,,,False,29.0,,-13.5,13.2,27.9,-16.6,63.8,-28.9,-31.7,0.611,0.497,BMNR,,126,13.5,15.0,,False
529,SATS,EchoStar Corporation,Communication Services,Telecom Services,Core,30.1,97.39,122.33,7.5,16.4,10.0,0.0,ok,-5.0,ok,17.47,,False,28.9,,-1.5,-5.2,27.1,-112.3,34.2,-5.9,-22.1,0.33,0.359,BMNR,,91,16.4,15.0,,False
530,WY,Weyerhaeuser Company,Real Estate,REIT - Specialty,Core,17.4,24.08,24.35,8.0,15.4,10.0,0.0,ok,-5.0,ok,7.15,,False,28.4,35.4,0.1,-0.9,14.5,5.0,45.3,0.0,-22.8,-0.04,0.162,GOOG,,126,15.4,15.0,,False
531,APD,"Air Products and Chemicals, In",Basic Materials,Specialty Chemicals,Cyclical,67.0,300.86,293.3,10.5,12.6,10.0,0.0,ok,-5.0,ok,16.79,,False,28.1,20.8,-5.6,4.6,32.1,0.0,58.1,8.4,-4.2,-0.015,0.103,GOOG,,126,12.6,11.0,,False
532,IFF,International Flavors & Fragra,Basic Materials,Specialty Chemicals,Cyclical,20.9,81.83,78.76,8.0,11.5,10.0,0.0,ok,-1.5,ok,2.99,,False,28.0,20.7,-8.2,1.8,36.6,-5.5,56.7,12.3,-13.7,0.134,0.231,GOOG,,126,11.5,11.0,,False
533,APLD,Applied Digital Corporation,Technology,Information Technology Service,Growth,9.0,31.18,33.85,9.5,14.1,10.0,-2.0,ok,-4.0,neg_ebitda_debt,,,False,27.6,,-55.3,406.6,25.9,-8.4,62.2,-3.8,-20.3,0.516,0.463,BMNR,,126,14.1,15.0,,False
534,F,Ford Motor Company,Consumer Cyclical,Auto Manufacturers,Core,56.0,14.05,14.2,4.5,15.7,10.0,0.0,ok,-5.0,ok,18.47,,False,25.2,7.3,-14.2,-3.8,7.1,-18.3,35.1,5.9,-12.5,0.242,0.249,GOOG,,126,15.7,11.0,,False
