rank,ticker,name,sector,industry,category,mcap_B,current_price,entry_level,fundamental,technical,visibility,corr_penalty,corr_status,leverage_penalty,lev_status,nd_ebitda,dte_pct,broken_base,composite,fwd_pe,fcf_yield_pct,rev_growth_pct,gross_margin_pct,roe_pct,rsi,ma200_dist_pct,rel_str_6m_pct,portfolio_corr,max_corr,max_corr_with,corr_null_reason,n_corr_obs,technical_precap,visibility_legacy,data_flags,in_portfolio
1,AVGO,Broadcom Inc.,Technology,Semiconductors,Growth,1640.4,343.64,374.62,20.0,19.6,20.0,0.0,ok,0.0,ok,0.68,,False,59.6,17.7,1.9,85.5,75.5,44.2,39.9,-6.4,-6.8,0.493,0.425,NVDA,,124,19.6,22.0,,True
2,LMT,Lockheed Martin Corporation,Industrials,Aerospace & Defense,Compounder,116.7,505.5,557.22,18.0,17.6,22.0,0.0,ok,-0.5,ok,1.73,,False,57.1,15.4,4.8,10.5,11.8,89.2,25.7,-10.0,-34.6,-0.15,0.18,AVGO,,124,17.6,22.0,,False
3,GOOG,Alphabet Inc.,Communication Services,Internet Content & Information,Compounder,4096.2,334.93,341.46,19.0,17.0,20.0,0.0,ok,0.0,ok,-0.7,,False,56.0,22.2,0.6,24.2,60.9,48.7,53.3,-0.6,-2.9,0.229,0.262,BMNR,,124,17.0,20.0,,True
4,GEV,GE Vernova Inc.,Industrials,Specialty Industrial Machinery,Compounder,263.0,987.45,966.45,19.0,13.1,23.0,0.0,ok,0.0,ok,-2.29,,False,55.1,39.3,6.0,21.9,20.6,82.6,65.7,8.0,-6.1,0.416,0.409,AVGO,,124,13.1,23.0,,True
5,PATH,"UiPath, Inc.",Technology,Software - Infrastructure,Speculative,6.9,13.32,14.47,22.0,20.2,10.0,0.0,ok,0.0,ok,-6.52,,False,52.2,14.5,6.8,13.4,82.6,20.0,44.6,4.8,4.4,0.04,0.233,BMNR,,124,20.2,17.0,,False
6,EXPE,"Expedia Group, Inc.",Consumer Cyclical,Travel Services,Core,31.5,262.67,297.48,23.0,18.9,10.0,0.0,ok,0.0,ok,-0.5,,False,51.9,10.7,10.9,14.0,90.4,89.5,39.0,1.0,-1.1,-0.066,0.23,GOOG,,124,18.9,15.0,,False
7,NOC,Northrop Grumman Corporation,Industrials,Aerospace & Defense,Compounder,68.5,482.0,539.36,16.0,16.0,21.0,0.0,ok,-1.5,ok,2.03,,False,51.5,15.8,3.6,5.1,20.1,27.0,27.1,-19.5,-47.3,-0.159,0.245,AVGO,,124,16.0,21.0,,False
8,AMP,"Ameriprise Financial, Inc.",Financial Services,Asset Management,Core,43.7,494.82,543.44,23.0,18.3,10.0,0.0,ok,0.0,financial_na,,,False,51.3,9.6,6.6,11.6,54.9,63.4,23.1,0.6,-2.7,0.134,0.243,GOOG,,124,18.3,15.0,,False
9,ADBE,Adobe Inc.,Technology,Software - Application,Core,95.9,241.28,257.3,23.0,18.1,10.0,0.0,ok,0.0,ok,0.12,,False,51.1,8.7,9.7,12.9,89.3,61.9,44.8,-7.5,-16.5,-0.187,0.364,GEV,,124,18.1,17.0,,False
10,NVDA,NVIDIA Corporation,Technology,Semiconductors,Growth,5574.6,230.86,219.32,20.0,13.6,17.4,0.0,ok,0.0,ok,-0.12,,False,51.0,14.7,0.8,105.9,74.7,117.2,66.0,15.3,14.9,0.468,0.425,AVGO,,124,13.6,20.0,,True
11,GDDY,GoDaddy Inc.,Technology,Software - Infrastructure,Core,12.3,96.98,96.3,22.0,19.3,10.0,0.0,ok,-0.5,ok,1.91,,False,50.8,8.8,9.8,6.6,63.8,442.9,50.7,3.5,3.6,-0.204,0.296,GEV,,124,19.3,17.0,,False
12,BX,Blackstone Inc.,Financial Services,Asset Management,Core,134.2,112.24,132.59,22.5,18.1,10.0,0.0,ok,0.0,financial_na,,,False,50.6,15.0,,28.6,100.0,31.4,26.9,-12.2,-17.4,0.281,0.346,BMNR,,124,18.1,16.0,,False
13,ADSK,"Autodesk, Inc.",Technology,Software - Application,Core,44.2,211.31,233.1,23.0,17.6,10.0,0.0,ok,0.0,ok,-0.2,,False,50.6,14.9,7.1,16.1,92.5,53.9,49.7,-11.9,-27.6,-0.143,0.311,GEV,,124,17.6,17.0,,False
14,INCY,Incyte Corporation,Healthcare,Biotechnology,Growth,23.7,117.14,123.54,23.0,17.5,10.0,0.0,ok,0.0,ok,-2.32,,False,50.5,13.3,5.0,37.7,55.7,30.7,37.4,9.8,7.8,-0.18,0.238,AVGO,,124,17.5,16.0,,False
15,AXP,American Express Company,Financial Services,Credit Services,Core,204.0,302.09,328.7,21.5,19.0,10.0,0.0,ok,0.0,financial_na,,,False,50.5,15.0,,12.8,62.3,34.4,31.9,-9.1,-15.9,0.267,0.385,GOOG,,124,19.0,18.0,,False
16,CPAY,"Corpay, Inc.",Technology,Software - Infrastructure,Core,25.6,389.73,400.11,23.0,18.8,10.0,0.0,ok,-1.5,ok,2.7,,False,50.3,12.4,7.6,21.5,80.5,29.2,30.4,12.7,18.1,0.002,0.109,BMNR,,124,18.8,17.0,,False
17,TSM,Taiwan Semiconductor Manufactu,Technology,Semiconductors,Growth,2381.6,459.2,436.24,24.0,12.2,21.0,-7.0,ok,0.0,ok,-0.77,,False,50.2,20.9,,36.0,64.2,40.0,70.7,19.4,18.3,0.759,0.627,GEV,,124,12.2,21.0,fcf_yield_out_of_range(30.7),False
18,BRO,"Brown & Brown, Inc.",Financial Services,Insurance Brokers,Growth,20.7,61.77,68.74,21.5,18.6,10.0,0.0,ok,0.0,financial_na,,,False,50.1,12.8,7.9,32.4,56.3,10.0,31.9,-9.1,-20.3,-0.384,0.392,AVGO,,124,18.6,15.0,,False
19,DASH,"DoorDash, Inc.",Consumer Cyclical,Internet Retail,Growth,78.9,182.18,204.95,19.0,20.9,10.0,0.0,ok,0.0,ok,-1.42,,False,49.9,22.4,6.5,35.6,52.2,8.9,32.8,-2.6,4.6,0.11,0.261,GOOG,,124,20.9,12.0,,False
20,CEG,Constellation Energy Corporati,Utilities,Utilities - Independent Power ,Compounder,91.7,258.92,271.64,12.5,18.8,21.0,0.0,ok,-2.5,ok,3.02,,False,49.8,19.4,-7.2,23.0,22.1,15.1,31.6,-10.2,-23.7,0.377,0.349,GEV,,124,18.8,21.0,,False
21,NFLX,"Netflix, Inc.",Communication Services,Entertainment,Core,282.5,67.85,75.42,23.0,16.5,10.0,0.0,ok,0.0,ok,0.51,,False,49.5,17.8,9.0,13.4,49.1,49.5,32.1,-19.5,-45.5,-0.13,0.262,GEV,,124,16.5,14.0,,False
22,CINF,Cincinnati Financial Corporati,Financial Services,Insurance - Property & Casualt,Growth,24.9,162.15,171.67,22.0,17.5,10.0,0.0,ok,0.0,financial_na,,,False,49.5,18.0,12.0,31.6,31.1,21.5,29.6,-3.0,-13.6,-0.218,0.377,AVGO,,124,17.5,14.0,,False
23,TROW,"T. Rowe Price Group, Inc.",Financial Services,Asset Management,Core,22.6,105.83,110.5,20.5,18.9,10.0,0.0,ok,0.0,financial_na,,,False,49.4,10.3,9.0,10.7,51.6,19.4,44.0,2.3,1.3,0.243,0.368,BMNR,,124,18.9,15.0,,False
24,UBER,"Uber Technologies, Inc.",Technology,Software - Application,Core,138.6,67.88,73.02,21.0,18.7,10.0,0.0,ok,-0.5,ok,1.25,,False,49.2,15.3,5.2,12.2,40.8,37.2,23.1,-9.3,-21.8,0.002,0.217,GOOG,,124,18.7,16.0,,False
25,VRT,"Vertiv Holdings, LLC",Industrials,Electrical Equipment & Parts,Core,94.8,246.12,262.69,20.5,16.4,14.3,-2.0,ok,0.0,ok,0.08,,False,49.2,27.0,2.8,24.1,38.0,43.9,48.6,-6.7,-21.6,0.618,0.608,GEV,,124,16.4,20.0,,False
26,ABNB,"Airbnb, Inc.",Consumer Cyclical,Travel Services,Core,96.1,160.47,168.58,20.5,18.7,10.0,0.0,ok,0.0,ok,-3.47,,False,49.2,25.9,3.3,16.5,82.9,34.5,41.0,12.1,11.7,0.113,0.264,GOOG,,124,18.7,15.0,,False
27,ORCL,Oracle Corporation,Technology,Software - Infrastructure,Core,418.6,138.07,142.66,17.5,15.9,18.1,0.0,ok,-2.5,ok,3.84,,False,49.0,12.6,-11.0,29.6,64.0,41.2,35.3,-15.3,-21.1,0.419,0.385,NVDA,,124,15.9,19.0,,False
28,APP,Applovin Corporation,Communication Services,Advertising Agencies,Growth,94.1,281.31,335.1,22.5,16.5,10.0,0.0,ok,0.0,ok,0.09,,False,49.0,13.4,3.4,52.8,88.5,203.7,35.8,-38.8,-43.9,0.212,0.254,BMNR,,124,16.5,15.0,,False
29,BR,Broadridge Financial Solutions,Technology,Information Technology Service,Core,18.2,161.15,167.74,21.0,18.4,10.0,0.0,ok,-0.5,ok,1.72,,False,48.9,13.9,6.6,7.5,31.8,40.9,36.3,-6.0,-15.7,-0.237,0.373,GEV,,124,18.4,15.0,,False
30,POWL,"Powell Industries, Inc.",Industrials,Electrical Equipment & Parts,Speculative,6.9,190.6,196.08,17.5,15.4,18.0,-2.0,ok,0.0,ok,-2.67,,False,48.9,27.3,2.7,8.9,30.1,28.3,64.7,-7.9,-13.3,0.608,0.6,GEV,,124,15.4,18.0,,False
31,SCHW,Charles Schwab Corporation (Th,Financial Services,Capital Markets,Core,170.1,98.37,106.29,21.5,17.3,10.0,0.0,ok,0.0,financial_na,,,False,48.8,12.6,,20.9,97.5,20.3,24.1,0.3,-9.6,-0.039,0.206,GOOG,,124,17.3,16.0,,False
32,QCOM,QUALCOMM Incorporated,Technology,Semiconductors,Core,194.5,182.09,172.99,19.0,19.7,10.0,0.0,ok,0.0,ok,0.58,,False,48.7,17.8,5.3,-4.0,54.2,33.8,53.2,7.8,26.6,0.378,0.384,AVGO,,124,19.7,14.0,,False
33,GE,GE Aerospace,Industrials,Aerospace & Defense,Core,324.1,312.39,342.86,20.5,18.2,10.0,0.0,ok,0.0,ok,0.9,,False,48.7,34.4,2.0,21.1,31.1,48.2,38.7,-3.4,-9.7,0.267,0.329,GOOG,,124,18.2,14.0,,False
34,SPGI,S&P Global Inc.,Financial Services,Financial Data & Stock Exchang,Core,114.4,388.16,418.19,19.5,19.0,10.0,0.0,ok,0.0,financial_na,,,False,48.5,19.2,4.8,10.4,70.9,14.3,29.1,-12.0,-25.2,-0.134,0.263,AVGO,,124,19.0,16.0,,False
35,NXPI,NXP Semiconductors N.V.,Technology,Semiconductors,Core,60.3,239.19,234.14,21.0,18.0,10.0,0.0,ok,-0.5,ok,1.53,,False,48.5,13.2,5.9,19.5,56.1,27.9,63.2,-2.5,5.8,0.36,0.377,AVGO,,124,18.0,14.0,,False
36,META,"Meta Platforms, Inc.",Communication Services,Internet Content & Information,Core,1849.3,725.93,689.63,18.0,13.4,17.0,0.0,ok,0.0,ok,0.2,,False,48.4,20.8,1.2,28.0,81.7,29.8,64.8,15.6,8.9,0.163,0.261,GOOG,,124,13.4,15.0,,False
37,MCO,Moody's Corporation,Financial Services,Financial Data & Stock Exchang,Core,77.5,447.36,481.89,20.5,17.9,10.0,0.0,ok,0.0,financial_na,,,False,48.4,23.6,3.3,15.1,75.0,76.9,35.8,-5.0,-14.3,-0.069,0.222,GOOG,,124,17.9,16.0,,False
38,MA,Mastercard Incorporated,Financial Services,Credit Services,Core,481.8,550.0,569.52,20.5,17.8,10.0,0.0,ok,0.0,financial_na,,,False,48.3,23.9,3.5,14.1,100.0,241.2,37.8,3.4,-4.4,-0.227,0.346,AVGO,,124,17.8,18.0,,False
39,INTU,Intuit Inc.,Technology,Software - Application,Core,75.6,282.78,322.64,22.0,16.2,10.0,0.0,ok,0.0,ok,0.18,,False,48.2,10.4,8.4,13.7,81.0,23.6,36.9,-28.7,-49.9,-0.226,0.365,GEV,,124,16.2,17.0,,False
40,WDAY,"Workday, Inc.",Technology,Software - Application,Core,45.0,186.75,183.66,20.5,17.7,10.0,0.0,ok,0.0,ok,0.23,,False,48.2,14.1,6.8,12.8,75.8,16.0,51.6,18.5,28.2,-0.246,0.407,GEV,,124,17.7,17.0,,False
41,CSCO,"Cisco Systems, Inc.",Technology,Communication Equipment,Core,428.8,108.76,112.11,19.5,18.7,10.0,0.0,ok,0.0,ok,0.82,,False,48.2,19.4,2.6,17.6,64.5,27.3,53.7,11.9,23.9,0.308,0.361,AVGO,,124,18.7,15.0,,False
42,HIG,"The Hartford Insurance Group, ",Financial Services,Insurance - Diversified,Core,34.1,125.74,136.72,20.0,18.1,10.0,0.0,ok,0.0,financial_na,,,False,48.1,9.2,16.2,8.1,37.9,22.1,26.0,-7.4,-23.1,-0.296,0.366,AVGO,,124,18.1,14.0,,False
43,RTX,RTX Corporation,Industrials,Aerospace & Defense,Compounder,249.3,185.01,206.96,15.5,12.0,21.0,0.0,ok,-0.5,ok,1.92,,True,48.0,23.5,4.0,14.5,20.3,12.3,19.8,-5.0,-21.5,-0.068,0.179,AVGO,,124,16.4,21.0,,False
44,RJF,"Raymond James Financial, Inc.",Financial Services,Asset Management,Core,30.7,159.76,172.55,20.0,17.9,10.0,0.0,ok,0.0,financial_na,,,False,47.9,11.3,,15.1,93.2,18.4,23.5,-0.5,-5.1,0.161,0.318,GOOG,,124,17.9,16.0,,False
45,NEM,Newmont Corporation,Basic Materials,Gold,Cyclical,120.8,114.67,116.8,22.0,15.9,10.0,0.0,ok,0.0,ok,-0.2,,False,47.9,11.2,7.3,15.1,68.0,25.9,30.7,3.1,-15.7,0.454,0.468,BMNR,,124,15.9,13.0,,False
46,WRB,W.R. Berkley Corporation,Financial Services,Insurance - Property & Casualt,Core,25.6,68.9,70.22,20.0,17.9,10.0,0.0,ok,0.0,financial_na,,,False,47.9,14.2,11.9,1.2,43.8,20.2,43.8,0.1,-10.9,-0.307,0.322,AVGO,,124,17.9,15.0,,False
47,AMZN,"Amazon.com, Inc.",Consumer Cyclical,Internet Retail,Core,2677.5,248.23,255.95,17.0,17.8,13.1,0.0,ok,0.0,ok,0.76,,False,47.9,23.7,0.1,19.6,50.8,30.6,45.3,3.0,1.4,0.352,0.637,GOOG,,124,17.8,17.0,,False
48,MMM,3M Company,Industrials,Conglomerates,Core,84.1,163.02,173.64,21.0,17.3,10.0,0.0,ok,-0.5,ok,1.21,,False,47.8,16.6,7.6,2.5,39.4,81.9,50.3,1.6,-4.2,0.069,0.159,GOOG,,124,17.3,14.0,,False
49,CBOE,"Cboe Global Markets, Inc.",Financial Services,Financial Data & Stock Exchang,Core,28.9,277.19,287.98,20.5,17.3,10.0,0.0,ok,0.0,financial_na,,,False,47.8,18.2,2.3,22.9,54.1,26.3,43.1,-3.3,-17.6,-0.177,0.231,GEV,,124,17.3,15.0,,False
50,ARES,Ares Management Corporation,Financial Services,Asset Management,Core,38.7,116.57,133.04,18.5,19.2,10.0,0.0,ok,0.0,financial_na,,,False,47.7,16.2,5.6,9.6,100.0,14.9,26.3,-10.1,-6.3,0.361,0.416,GOOG,,124,19.2,16.0,,False
51,SYF,Synchrony Financial,Financial Services,Credit Services,Core,23.3,71.51,76.64,19.5,18.1,10.0,0.0,ok,0.0,financial_na,,,False,47.6,6.8,,0.6,0.0,20.8,34.2,-4.1,-11.4,0.302,0.309,GOOG,,124,18.1,16.0,,False
52,BLK,"BlackRock, Inc.",Financial Services,Asset Management,Growth,172.9,1064.36,1108.74,20.5,17.1,10.0,0.0,ok,0.0,financial_na,,,False,47.6,16.5,4.4,30.6,47.2,12.3,50.6,0.5,-5.3,0.327,0.412,GOOG,,124,17.1,15.0,,False
53,PGR,Progressive Corporation (The),Financial Services,Insurance - Property & Casualt,Core,122.4,210.96,214.03,19.5,18.1,10.0,0.0,ok,0.0,financial_na,,,False,47.6,13.0,12.3,7.3,18.5,34.9,43.4,1.2,-7.3,-0.396,0.38,AVGO,,124,18.1,14.0,,False
54,ADP,"Automatic Data Processing, Inc",Technology,Software - Application,Core,104.6,263.96,270.55,20.0,17.5,10.0,0.0,ok,0.0,ok,0.2,,False,47.5,19.7,5.0,6.8,48.7,72.2,45.2,11.2,14.7,-0.424,0.5,GEV,,124,17.5,16.0,,False
55,V,Visa Inc.,Financial Services,Credit Services,Core,675.6,359.85,368.15,20.5,17.0,10.0,0.0,ok,0.0,financial_na,,,False,47.5,24.0,3.0,14.4,97.7,61.2,41.3,6.8,4.3,-0.202,0.284,AVGO,,124,17.0,18.0,,False
56,PEP,"Pepsico, Inc.",Consumer Defensive,Beverages - Non-Alcoholic,Core,171.6,125.6,137.15,20.0,19.0,10.0,0.0,ok,-1.5,ok,2.25,,False,47.5,14.1,4.6,6.4,54.2,51.5,14.6,-14.6,-35.2,-0.34,0.372,GEV,,124,19.0,17.0,,False
57,BKNG,Booking Holdings Inc. Common S,Consumer Cyclical,Travel Services,Core,124.2,160.28,189.95,19.0,18.5,10.0,0.0,ok,0.0,ok,0.36,,False,47.5,13.0,6.2,8.1,87.2,,29.8,-12.4,-20.7,-0.105,0.27,GEV,,124,18.5,15.0,,False
58,TRV,"The Travelers Companies, Inc.",Financial Services,Insurance - Property & Casualt,Core,75.4,361.64,371.88,20.0,17.5,10.0,0.0,ok,0.0,financial_na,,,False,47.5,11.9,19.6,0.3,34.7,26.5,43.5,13.4,8.0,-0.233,0.297,AVGO,,124,17.5,14.0,,False
59,CF,"CF Industries Holdings, Inc.",Basic Materials,Agricultural Inputs,Cyclical,17.3,114.54,124.54,22.0,15.4,10.0,0.0,ok,0.0,ok,0.29,,False,47.4,10.4,7.4,17.6,42.5,29.9,20.6,2.5,-26.6,-0.271,0.265,GOOG,,124,15.4,12.0,,False
60,PYPL,"PayPal Holdings, Inc.",Financial Services,Credit Services,Core,45.7,53.06,56.61,20.0,17.4,10.0,0.0,ok,0.0,financial_na,,,False,47.4,9.2,9.7,4.8,40.5,24.5,48.6,5.5,2.4,0.063,0.159,NVDA,,124,17.4,17.0,,False
61,CL,Colgate-Palmolive Company,Consumer Defensive,Household & Personal Products,Core,67.4,84.53,89.85,21.0,16.9,10.0,0.0,ok,-0.5,ok,1.29,,False,47.4,20.6,5.1,4.9,60.4,267.4,30.9,-4.1,-16.9,-0.224,0.256,GEV,,124,16.9,18.0,,False
62,MAS,Masco Corporation,Industrials,Building Products & Equipment,Core,13.5,68.28,72.55,20.0,17.9,10.0,0.0,ok,-0.5,ok,1.95,,False,47.4,14.7,6.7,-2.9,37.2,5862.5,52.6,-2.5,-4.0,0.358,0.335,GEV,,124,17.9,14.0,,False
63,AOS,A.O. Smith Corporation,Industrials,Specialty Industrial Machinery,Speculative,7.7,56.67,60.24,19.0,18.3,10.0,0.0,ok,0.0,ok,0.63,,False,47.3,13.9,6.3,-0.7,38.6,27.1,49.7,-11.9,-30.0,0.198,0.21,NVDA,,122,18.3,14.0,,False
64,KMB,Kimberly-Clark Corporation,Consumer Defensive,Household & Personal Products,Core,31.3,94.34,105.68,18.5,19.3,10.0,0.0,ok,-0.5,ok,1.6,,False,47.3,12.6,3.0,0.6,37.6,104.9,31.9,-7.8,-19.8,-0.118,0.209,GOOG,,124,19.3,16.0,,False
65,EQT,EQT Corporation,Energy,Oil & Gas E&P,Cyclical,31.3,50.09,52.88,18.5,18.6,10.0,0.0,ok,0.0,ok,0.79,,False,47.1,13.3,7.9,-3.9,80.7,11.1,29.1,-9.6,-34.2,-0.131,0.151,AVGO,,124,18.6,14.0,,False
66,GL,Globe Life Inc.,Financial Services,Insurance - Life,Core,12.7,165.83,174.94,20.0,17.1,10.0,0.0,ok,0.0,financial_na,,,False,47.1,10.0,9.1,8.0,33.9,20.9,30.3,5.6,1.9,0.019,0.222,GOOG,,124,17.1,14.0,,False
67,PODD,Insulet Corporation,Healthcare,Medical Devices,Speculative,9.1,130.79,146.31,20.5,16.5,10.0,0.0,ok,0.0,ok,0.67,,False,47.0,17.0,2.6,23.5,71.1,26.0,39.7,-32.9,-53.3,-0.106,0.206,GOOG,,124,16.5,17.0,,False
68,ZTS,Zoetis Inc.,Healthcare,Drug Manufacturers - Specialty,Core,28.6,69.1,74.52,21.0,16.5,10.0,0.0,ok,-0.5,ok,1.86,,False,47.0,10.6,7.1,-0.2,71.7,64.9,32.6,-29.9,-57.3,-0.015,0.186,NVDA,,124,16.5,17.0,,False
69,AAPL,Apple Inc.,Technology,Consumer Electronics,Core,4820.7,330.32,322.05,20.5,16.5,10.0,0.0,ok,0.0,ok,0.13,,False,47.0,34.5,2.2,16.4,48.7,148.8,54.1,14.5,12.9,0.027,0.182,BMNR,,124,16.5,14.0,,False
70,MNST,Monster Beverage Corporation,Consumer Defensive,Beverages - Non-Alcoholic,Core,82.6,42.14,58.9,20.5,16.5,10.0,0.0,ok,0.0,ok,-1.13,,False,47.0,32.2,2.0,20.2,55.5,25.7,43.1,-45.0,-58.6,0.008,0.174,GOOG,,124,16.5,17.0,,False
71,BMY,Bristol-Myers Squibb Company,Healthcare,Drug Manufacturers - General,Core,125.5,61.46,64.46,22.0,15.4,10.0,0.0,ok,-0.5,ok,1.8,,False,46.9,9.4,6.5,5.7,71.7,46.6,37.1,4.1,-15.9,-0.152,0.259,AVGO,,124,15.4,17.0,,False
72,EOG,"EOG Resources, Inc.",Energy,Oil & Gas E&P,Growth,75.3,141.31,144.36,23.0,13.9,10.0,0.0,ok,0.0,ok,0.23,,False,46.9,9.4,6.0,58.7,62.6,22.5,41.0,7.8,-15.0,-0.376,0.314,BMNR,,124,13.9,14.0,,False
73,HAS,"Hasbro, Inc.",Consumer Cyclical,Leisure,Core,12.7,89.98,91.9,22.0,15.3,10.0,0.0,ok,-0.5,ok,1.92,,False,46.8,13.8,5.4,16.2,63.8,159.6,49.3,-0.2,-15.8,0.039,0.129,GOOG,,124,15.3,13.0,,False
74,IT,"Gartner, Inc.",Technology,Information Technology Service,Core,12.2,192.8,183.16,21.0,16.3,10.0,0.0,ok,-0.5,ok,1.33,,False,46.8,11.8,8.6,-0.6,69.6,113.6,67.4,11.0,8.1,-0.275,0.383,GEV,,124,16.3,17.0,,False
75,COF,Capital One Financial Corporat,Financial Services,Credit Services,Growth,119.3,194.48,211.06,18.0,18.7,10.0,0.0,ok,0.0,financial_na,,,False,46.7,8.1,,1111.0,0.0,9.0,28.8,-5.5,-11.1,0.263,0.336,GOOG,,124,18.7,16.0,,False
76,ALGN,"Align Technology, Inc.",Healthcare,Medical Instruments & Supplies,Core,10.3,145.35,161.09,18.5,18.1,10.0,0.0,ok,0.0,ok,-1.06,,False,46.6,11.6,5.8,4.3,70.7,10.2,42.2,-14.7,-32.3,0.167,0.254,GOOG,,124,18.1,17.0,,False
77,CTAS,Cintas Corporation,Industrials,Specialty Business Services,Core,78.1,195.6,201.89,19.5,17.1,10.0,0.0,ok,0.0,ok,0.79,,False,46.6,31.7,2.1,10.9,51.0,41.4,45.4,4.2,-2.5,-0.292,0.313,AVGO,,124,17.1,17.0,,False
78,MRSH,Marsh,Financial Services,Insurance Brokers,Core,82.0,171.85,183.97,19.0,17.6,10.0,0.0,ok,0.0,financial_na,,,False,46.6,15.1,5.8,6.2,44.0,25.9,37.3,-2.8,-16.0,-0.473,0.432,GEV,,124,17.6,15.0,,False
79,HBAN,Huntington Bancshares Incorpor,Financial Services,Banks - Regional,Growth,30.7,15.19,16.81,18.0,18.6,10.0,0.0,ok,0.0,financial_na,,,False,46.6,8.6,,47.6,0.0,9.0,24.6,-10.0,-20.8,0.104,0.259,GOOG,,124,18.6,14.0,,False
80,OXY,Occidental Petroleum Corporati,Energy,Oil & Gas E&P,Growth,57.8,57.84,58.29,22.5,14.0,10.0,0.0,ok,0.0,ok,0.76,,False,46.5,14.2,6.6,53.4,73.3,10.6,40.4,7.6,-23.5,-0.311,0.313,GOOG,,124,14.0,14.0,,False
81,EL,"Estee Lauder Companies, Inc. (",Consumer Defensive,Household & Personal Products,Core,32.7,90.19,93.22,17.0,21.0,10.0,0.0,ok,-1.5,ok,2.34,,False,46.5,23.1,5.5,6.3,75.5,4.7,37.8,-2.1,11.1,0.123,0.329,BMNR,,124,21.0,18.0,,False
82,JPM,JP Morgan Chase & Co.,Financial Services,Banks - Diversified,Growth,885.7,333.18,352.43,19.0,17.4,10.0,0.0,ok,0.0,financial_na,,,False,46.4,13.3,,30.4,0.0,17.8,28.4,3.9,-3.1,0.144,0.167,GOOG,,124,17.4,14.0,,False
83,ERIE,Erie Indemnity Company,Financial Services,Insurance Brokers,Core,11.6,222.11,244.61,17.5,18.9,10.0,0.0,ok,0.0,financial_na,,,False,46.4,15.9,4.1,2.8,17.9,24.8,34.8,-10.7,-26.0,-0.314,0.369,AVGO,,124,18.9,14.0,,False
84,RL,Ralph Lauren Corporation,Consumer Cyclical,Apparel Manufacturing,Core,21.6,362.66,363.99,22.0,14.4,10.0,0.0,ok,0.0,ok,0.67,,False,46.4,17.3,4.1,14.0,70.3,37.5,68.0,-0.6,-13.7,0.204,0.184,BMNR,,124,14.4,13.0,,False
85,HOOD,"Robinhood Markets, Inc.",Financial Services,Capital Markets,Growth,99.9,111.15,105.59,18.5,17.9,10.0,0.0,ok,0.0,financial_na,,,False,46.4,32.3,,32.3,91.9,23.6,47.5,17.8,42.1,0.421,0.591,BMNR,,124,17.9,16.0,,False
86,IDXX,"IDEXX Laboratories, Inc.",Healthcare,Diagnostics & Research,Core,40.8,517.75,545.02,19.5,16.8,10.0,0.0,ok,0.0,ok,0.55,,False,46.3,30.9,2.2,9.7,62.4,74.2,57.6,-12.2,-24.8,0.019,0.307,GOOG,,124,16.8,17.0,,False
87,UNP,Union Pacific Corporation,Industrials,Railroads,Core,161.8,272.42,291.24,20.5,17.3,10.0,0.0,ok,-1.5,ok,2.26,,False,46.3,19.2,2.9,11.5,56.3,39.7,27.4,3.2,-4.4,-0.109,0.211,BMNR,,124,17.3,15.0,,False
88,DECK,Deckers Outdoor Corporation,Consumer Cyclical,Footwear & Accessories,Core,10.8,79.57,88.56,21.0,15.3,10.0,0.0,ok,0.0,ok,-0.85,,False,46.3,9.6,8.0,5.7,57.8,42.6,48.9,-21.6,-37.6,0.07,0.303,GOOG,,124,15.3,12.0,,False
89,IBM,International Business Machine,Technology,Information Technology Service,Core,212.6,225.62,230.8,20.0,18.7,10.0,0.0,ok,-2.5,ok,3.47,,False,46.2,17.2,5.7,1.1,58.1,34.5,42.8,-11.5,-23.0,-0.154,0.22,GEV,,124,18.7,16.0,,False
90,MSFT,Microsoft Corporation,Technology,Software - Infrastructure,Core,3807.8,512.8,487.16,18.0,14.7,13.5,0.0,ok,0.0,ok,0.27,,False,46.2,21.7,0.4,17.7,67.9,34.0,61.9,18.6,22.4,0.161,0.273,BMNR,,124,14.7,18.0,,False
91,PRU,"Prudential Financial, Inc.",Financial Services,Insurance - Life,Core,39.0,113.13,120.2,18.0,18.2,10.0,0.0,ok,0.0,financial_na,,,False,46.2,7.6,19.3,14.1,29.0,12.0,31.0,4.4,-1.0,-0.03,0.183,GOOG,,124,18.2,14.0,,False
92,IBKR,"Interactive Brokers Group, Inc",Financial Services,Capital Markets,Core,146.2,85.81,90.76,20.0,18.1,10.0,-2.0,ok,0.0,financial_na,,,False,46.1,26.8,,26.3,93.0,24.0,41.0,5.9,9.9,0.502,0.556,BMNR,,124,18.1,16.0,,False
93,PSA,Public Storage,Real Estate,REIT - Industrial,Core,53.1,284.0,310.46,20.0,17.6,10.0,0.0,ok,-1.5,ok,2.89,,False,46.1,28.8,4.4,3.3,74.4,21.9,36.2,-4.9,-13.7,-0.075,0.222,GOOG,,124,17.6,17.0,,False
94,STT,State Street Corporation,Financial Services,Asset Management,Core,48.0,174.62,186.19,17.5,18.6,10.0,0.0,ok,0.0,financial_na,,,False,46.1,11.3,,18.4,0.0,12.4,13.6,13.4,19.7,0.316,0.284,NVDA,,124,18.6,14.0,,False
95,MDT,Medtronic plc.,Healthcare,Medical Devices,Core,110.6,86.44,89.53,19.5,17.0,10.0,0.0,ok,-0.5,ok,1.86,,False,46.0,13.5,4.9,13.7,65.3,10.6,31.0,-2.2,-16.0,-0.185,0.326,AVGO,,124,17.0,17.0,,False
96,TPR,"Tapestry, Inc.",Consumer Cyclical,Luxury Goods,Core,23.8,119.24,131.46,21.0,15.4,10.0,0.0,ok,-0.5,ok,1.39,,False,45.9,13.4,5.9,8.9,76.6,197.1,58.1,-14.0,-33.9,0.087,0.216,GOOG,,124,15.4,13.0,,False
97,MDB,"MongoDB, Inc.",Technology,Software - Infrastructure,Growth,28.3,351.73,387.35,14.0,21.9,10.0,0.0,ok,0.0,ok,-170.08,,False,45.9,45.1,2.0,30.5,72.7,2.0,44.4,2.4,24.6,0.082,0.215,NVDA,,124,21.9,17.0,,False
98,FANG,"Diamondback Energy, Inc.",Energy,Oil & Gas E&P,Growth,52.2,185.51,198.02,21.0,15.2,10.0,0.0,ok,-0.5,ok,1.03,,False,45.7,9.9,9.6,52.5,72.4,3.5,29.9,1.1,-18.6,-0.213,0.248,GOOG,,124,15.2,14.0,,False
99,WDC,Western Digital Corporation,Technology,Computer Hardware,Growth,166.8,462.56,471.21,20.0,17.7,10.0,-2.0,ok,0.0,ok,-0.08,,False,45.7,14.6,1.4,43.8,48.9,130.9,50.5,16.4,38.9,0.593,0.553,GEV,,124,17.7,14.0,,False
100,NTRS,Northern Trust Corporation,Financial Services,Asset Management,Growth,31.0,169.2,182.32,17.5,18.1,10.0,0.0,ok,0.0,financial_na,,,False,45.6,13.3,,36.4,0.0,17.1,17.0,4.3,3.2,0.226,0.207,GOOG,,124,18.1,14.0,,False
101,VLTO,Veralto Corp,Industrials,Pollution & Treatment Controls,Core,23.1,94.6,96.43,19.5,16.6,10.0,0.0,ok,-0.5,ok,1.06,,False,45.6,19.8,3.5,7.5,60.2,34.3,54.9,1.7,-9.0,-0.211,0.221,GEV,,124,16.6,16.0,,False
102,UPS,"United Parcel Service, Inc.",Industrials,Integrated Freight & Logistics,Core,79.9,93.89,102.68,18.5,17.6,10.0,0.0,ok,-0.5,ok,1.99,,False,45.6,11.6,7.0,7.6,22.4,29.6,35.8,-9.5,-19.0,0.1,0.132,NVDA,,124,17.6,14.0,,False
103,VRTX,Vertex Pharmaceuticals Incorpo,Healthcare,Biotechnology,Core,128.4,506.74,516.71,19.5,16.1,10.0,0.0,ok,0.0,ok,-1.15,,False,45.6,25.2,2.0,12.5,55.0,23.5,43.7,7.1,-3.2,-0.03,0.229,AVGO,,124,16.1,16.0,,False
104,BRK-B,Berkshire Hathaway Inc. New,Financial Services,Insurance - Diversified,Core,1071.4,500.5,506.72,18.5,17.0,10.0,0.0,ok,0.0,financial_na,,,False,45.5,23.1,6.7,10.0,30.3,12.1,43.4,1.6,-11.9,-0.253,0.276,AVGO,,124,17.0,14.0,,False
105,UNH,UnitedHealth Group Incorporate,Healthcare,Healthcare Plans,Core,327.8,365.2,395.82,15.5,20.5,10.0,0.0,ok,-0.5,ok,1.57,,False,45.5,16.2,7.4,0.4,19.7,14.2,21.8,2.8,16.8,-0.061,0.105,AVGO,,124,20.5,15.0,,False
106,TTD,"The Trade Desk, Inc.",Communication Services,Advertising Agencies,Speculative,5.7,12.1,14.68,19.5,16.0,10.0,0.0,ok,0.0,ok,-1.51,,False,45.5,12.0,10.2,3.0,76.9,15.4,27.6,-47.0,-61.4,-0.025,0.182,GOOG,,124,16.0,15.0,,False
107,LULU,lululemon athletica inc.,Consumer Cyclical,Apparel Retail,Core,10.6,95.86,112.55,20.0,15.5,10.0,0.0,ok,0.0,ok,0.32,,False,45.5,11.1,10.8,-4.3,54.9,30.9,48.0,-34.4,-56.1,0.07,0.22,BMNR,,124,15.5,12.0,,False
108,FOXA,Fox Corporation,Communication Services,Entertainment,Core,25.8,61.28,63.99,18.0,17.4,10.0,0.0,ok,0.0,ok,0.87,,False,45.4,10.5,2.1,28.1,36.6,14.3,33.2,-2.9,-11.6,-0.068,0.121,GOOG,,124,17.4,13.0,,False
109,AFL,AFLAC Incorporated,Financial Services,Insurance - Life,Core,55.7,111.18,119.22,17.5,17.9,10.0,0.0,ok,0.0,financial_na,,,False,45.4,14.7,9.2,-1.0,50.9,16.9,34.9,-3.2,-15.1,-0.377,0.314,AVGO,,124,17.9,15.0,,False
110,HSY,The Hershey Company,Consumer Defensive,Confectioners,Core,32.0,159.3,176.44,20.0,15.9,10.0,0.0,ok,-0.5,ok,1.89,,False,45.4,16.2,5.4,6.6,38.4,32.8,17.6,-16.2,-37.3,-0.325,0.355,AVGO,,124,15.9,16.0,,False
111,VRSK,"Verisk Analytics, Inc.",Industrials,Consulting Services,Core,22.1,168.38,185.03,18.0,18.9,10.0,0.0,ok,-1.5,ok,2.68,,False,45.4,19.4,4.8,4.4,70.2,,40.4,-11.5,-24.7,-0.446,0.475,GEV,,124,18.9,18.0,,False
112,DXCM,"DexCom, Inc.",Healthcare,Medical Devices,Core,32.5,86.23,85.85,20.5,14.8,10.0,0.0,ok,0.0,ok,-0.39,,False,45.3,27.6,3.1,13.1,62.5,38.5,59.8,18.3,21.8,0.002,0.259,GOOG,,124,14.8,17.0,,False
113,EXE,Expand Energy Corporation,Energy,Oil & Gas E&P,Cyclical,20.6,85.96,93.12,16.5,18.7,10.0,0.0,ok,0.0,ok,0.46,,False,45.2,10.1,7.1,-10.6,47.1,14.9,22.5,-12.4,-34.9,-0.176,0.184,AVGO,,124,18.7,13.0,,False
114,ROP,"Roper Technologies, Inc.",Technology,Software - Application,Core,35.9,362.59,389.84,19.5,18.2,10.0,0.0,ok,-2.5,ok,3.38,,False,45.2,14.9,6.3,8.5,69.5,13.1,31.3,-1.9,-14.3,-0.29,0.272,GEV,,124,18.2,17.0,,False
115,TLN,Talen Energy Corporation,Utilities,Utilities - Independent Power ,Growth,15.3,323.09,321.5,17.5,15.7,19.0,-2.0,ok,-5.0,ok,16.05,,False,45.2,10.5,8.3,111.2,42.1,-12.8,56.4,-8.3,-18.0,0.515,0.49,GEV,,124,15.7,19.0,,False
116,GPN,Global Payments Inc.,Industrials,Specialty Business Services,Growth,21.2,80.29,87.83,21.0,17.7,10.0,0.0,ok,-3.5,ok,4.05,,False,45.2,5.0,,68.6,64.0,2.4,25.7,5.1,6.4,0.077,0.232,GOOG,,124,17.7,18.0,fcf_yield_out_of_range(37.0),False
117,ELV,"Elevance Health, Inc.",Healthcare,Healthcare Plans,Core,82.8,381.67,396.48,16.0,19.2,10.0,0.0,ok,0.0,ok,-0.78,,False,45.2,12.9,5.2,1.4,26.0,11.1,17.5,4.6,11.4,-0.076,0.159,AVGO,,124,19.2,15.0,,False
118,EBAY,eBay Inc.,Consumer Cyclical,Internet Retail,Core,47.1,105.89,107.44,20.5,15.2,10.0,0.0,ok,-0.5,ok,1.24,,False,45.2,15.8,3.4,14.8,72.1,46.6,52.1,5.1,-2.8,0.007,0.166,GOOG,,124,15.2,13.0,,False
119,PNC,"PNC Financial Services Group, ",Financial Services,Banks - Regional,Core,88.1,220.75,242.78,18.5,16.7,10.0,0.0,ok,0.0,financial_na,,,False,45.2,10.3,,23.6,0.0,12.6,14.8,-2.8,-10.2,0.013,0.211,GOOG,,124,16.7,14.0,,False
120,ITW,Illinois Tool Works Inc.,Industrials,Specialty Industrial Machinery,Core,74.3,260.84,279.16,18.5,17.1,10.0,0.0,ok,-0.5,ok,1.84,,False,45.1,21.1,3.3,6.1,44.2,104.6,44.5,-2.6,-16.3,0.042,0.099,GEV,,124,17.1,15.0,,False
121,DVA,DaVita Inc.,Healthcare,Medical Care Facilities,Core,11.3,176.35,191.59,19.5,19.0,10.0,0.0,ok,-3.5,ok,4.5,,False,45.0,10.2,9.2,5.2,32.4,88.5,44.4,4.1,0.8,-0.022,0.147,GOOG,,124,19.0,15.0,,False
122,JKHY,"Jack Henry & Associates, Inc.",Technology,Information Technology Service,Core,10.1,143.84,157.19,17.5,17.5,10.0,0.0,ok,0.0,ok,0.09,,False,45.0,18.3,3.5,4.7,43.9,24.0,24.9,-8.9,-24.0,-0.274,0.325,GEV,,124,17.5,16.0,,False
123,FDS,FactSet Research Systems Inc.,Financial Services,Financial Data & Stock Exchang,Speculative,9.9,277.61,281.88,20.0,15.0,10.0,0.0,ok,0.0,financial_na,,,False,45.0,14.1,6.5,6.3,50.6,25.5,59.9,11.5,7.0,-0.33,0.421,GEV,,124,15.0,15.0,,False
124,FITB,Fifth Third Bancorp,Financial Services,Banks - Regional,Growth,45.7,50.41,55.04,18.0,17.0,10.0,0.0,ok,0.0,financial_na,,,False,45.0,10.2,,51.8,0.0,8.4,26.1,-2.0,-8.8,0.044,0.179,GOOG,,124,17.0,14.0,,False
125,AJG,Arthur J. Gallagher & Co.,Financial Services,Insurance Brokers,Growth,59.4,231.82,250.09,16.5,18.4,10.0,0.0,ok,0.0,financial_na,,,False,44.9,15.6,3.5,30.9,43.2,6.7,37.9,-0.5,-9.3,-0.398,0.379,GEV,,124,18.4,15.0,,False
126,ODFL,"Old Dominion Freight Line, Inc",Industrials,Trucking,Core,36.9,178.1,198.64,18.5,16.4,10.0,0.0,ok,0.0,ok,-0.15,,False,44.9,26.7,2.6,10.4,39.6,24.8,46.3,-10.7,-27.2,0.086,0.167,NVDA,,124,16.4,14.0,,False
127,UHS,"Universal Health Services, Inc",Healthcare,Medical Care Facilities,Core,10.3,175.07,171.61,19.0,16.3,10.0,0.0,ok,-0.5,ok,1.9,,False,44.8,7.3,4.8,8.3,44.6,20.9,53.5,-3.4,-18.1,-0.126,0.172,BMNR,,124,16.3,16.0,,False
128,STE,STERIS plc (Ireland),Healthcare,Medical Devices,Core,20.4,209.34,224.02,16.0,18.8,10.0,0.0,ok,0.0,ok,0.95,,False,44.8,17.1,3.9,7.3,44.4,11.4,42.2,-8.4,-21.3,-0.128,0.182,AVGO,,124,18.8,16.0,,False
129,MO,"Altria Group, Inc.",Consumer Defensive,Tobacco,Core,111.8,66.95,68.59,19.0,16.3,10.0,0.0,ok,-0.5,ok,1.41,,False,44.8,11.4,8.1,1.2,87.0,,37.8,0.1,-14.2,-0.394,0.448,NVDA,,124,16.3,18.0,,False
130,PG,Procter & Gamble Company (The),Consumer Defensive,Household & Personal Products,Core,334.6,143.95,145.85,18.5,16.8,10.0,0.0,ok,-0.5,ok,1.01,,False,44.8,19.5,4.0,1.5,50.9,30.3,52.6,-2.1,-15.8,-0.16,0.208,GOOG,,124,16.8,17.0,,False
131,ICE,Intercontinental Exchange Inc.,Financial Services,Financial Data & Stock Exchang,Core,85.0,151.47,154.87,18.5,16.2,10.0,0.0,ok,0.0,financial_na,,,False,44.7,17.2,4.3,4.8,100.0,14.1,39.4,-2.2,-20.6,-0.112,0.297,BMNR,,124,16.2,16.0,,False
132,SPG,"Simon Property Group, Inc.",Real Estate,REIT - Retail,Core,76.2,200.81,215.89,20.5,17.7,10.0,0.0,ok,-3.5,ok,5.54,,False,44.7,29.6,3.4,19.5,81.4,120.5,34.7,-1.1,-9.7,-0.087,0.224,AVGO,,124,17.7,17.0,,False
133,GWW,"W.W. Grainger, Inc.",Industrials,Industrial Distribution,Core,60.5,1281.68,1305.75,19.5,15.2,10.0,0.0,ok,0.0,ok,0.69,,False,44.7,25.2,2.1,10.3,39.4,46.1,53.2,6.6,-0.5,0.069,0.124,GEV,,124,15.2,14.0,,False
134,ALB,Albemarle Corporation,Basic Materials,Specialty Chemicals,Growth,12.4,105.03,123.08,19.0,15.6,10.0,0.0,ok,0.0,ok,0.25,,False,44.6,9.3,10.8,31.1,24.0,2.6,30.3,-32.4,-57.6,0.225,0.233,AVGO,,124,15.6,11.0,,False
135,ABT,Abbott Laboratories,Healthcare,Medical Devices,Core,168.4,96.69,106.88,18.5,17.6,10.0,0.0,ok,-1.5,ok,2.32,,False,44.6,15.9,4.3,13.0,56.8,10.6,18.8,-7.0,-21.4,-0.283,0.33,AVGO,,124,17.6,16.0,,False
136,RMD,ResMed Inc.,Healthcare,Medical Instruments & Supplies,Core,31.9,221.15,222.22,18.5,16.1,10.0,0.0,ok,0.0,ok,-0.31,,False,44.6,16.7,2.9,8.6,61.6,24.3,53.7,-2.0,-16.9,-0.085,0.273,AVGO,,124,16.1,17.0,,False
137,CMG,"Chipotle Mexican Grill, Inc.",Consumer Cyclical,Restaurants,Core,40.9,32.32,34.6,18.5,17.5,10.0,0.0,ok,-1.5,ok,2.08,,False,44.5,23.6,2.7,9.3,39.4,49.6,25.4,-7.4,-17.4,-0.032,0.151,NVDA,,124,17.5,11.0,,False
138,CVX,Chevron Corporation,Energy,Oil & Gas Integrated,Growth,406.2,207.1,201.88,20.5,14.0,10.0,0.0,ok,0.0,ok,0.56,,False,44.5,15.3,5.4,53.5,44.3,12.2,41.4,11.5,-11.6,-0.443,0.324,NVDA,,124,14.0,13.0,,False
139,PFG,Principal Financial Group Inc,Financial Services,Asset Management,Core,24.0,112.24,113.49,17.5,17.0,10.0,0.0,ok,0.0,financial_na,,,False,44.5,10.8,4.4,6.4,47.3,12.9,41.5,11.0,8.1,0.063,0.239,GOOG,,124,17.0,15.0,,False
140,FSLR,"First Solar, Inc.",Technology,Solar,Core,18.5,172.11,208.14,18.5,16.0,10.0,0.0,ok,0.0,ok,-0.64,,False,44.5,7.4,8.6,-3.7,44.0,18.5,29.1,-23.5,-30.2,0.417,0.387,AVGO,,124,16.0,14.0,,False
141,LII,"Lennox International, Inc.",Industrials,Building Products & Equipment,Core,12.5,360.46,409.05,18.5,16.4,10.0,0.0,ok,-0.5,ok,1.68,,False,44.4,13.8,2.2,3.0,33.3,71.8,40.1,-26.0,-38.9,0.309,0.281,GEV,,124,16.4,14.0,,False
142,CB,Chubb Limited,Financial Services,Insurance - Property & Casualt,Core,127.8,331.3,343.34,18.5,15.9,10.0,0.0,ok,0.0,financial_na,,,False,44.4,11.4,8.2,6.1,31.1,14.8,36.8,0.6,-15.2,-0.416,0.456,AVGO,,124,15.9,14.0,,False
143,MSCI,MSCI Inc.,Financial Services,Financial Data & Stock Exchang,Core,39.6,545.39,561.21,17.5,16.9,10.0,0.0,ok,0.0,financial_na,,,False,44.4,24.2,3.0,12.2,83.0,,48.6,-4.5,-14.5,-0.102,0.25,GEV,,124,16.9,16.0,,False
144,CRM,"Salesforce, Inc.",Technology,Software - Application,Core,194.8,236.69,224.86,20.5,15.4,10.0,0.0,ok,-1.5,ok,2.4,,False,44.4,14.8,9.1,10.8,77.3,19.4,45.6,18.1,10.9,-0.121,0.293,GEV,,124,15.4,17.0,,False
145,NWSA,News Corporation,Communication Services,Entertainment,Core,15.4,28.64,29.25,18.0,16.4,10.0,0.0,ok,0.0,ok,0.61,,False,44.4,18.9,6.8,10.8,57.2,8.0,43.0,8.1,-0.6,-0.188,0.345,GEV,,124,16.4,14.0,,False
146,TKO,"TKO Group Holdings, Inc.",Communication Services,Entertainment,Core,33.3,176.04,188.06,16.5,19.4,10.0,0.0,ok,-1.5,ok,2.69,,False,44.4,37.6,2.6,18.2,59.5,7.1,30.4,-10.5,-28.9,0.001,0.124,GOOG,,124,19.4,14.0,,False
147,BBY,"Best Buy Co., Inc.",Consumer Cyclical,Specialty Retail,Core,18.4,87.7,87.43,18.0,16.4,10.0,0.0,ok,0.0,ok,0.66,,False,44.4,12.2,7.6,3.6,22.6,43.1,49.2,21.1,19.9,-0.049,0.193,GEV,,124,16.4,11.0,,False
148,AZO,"AutoZone, Inc.",Consumer Cyclical,Auto Parts,Core,45.6,2819.03,2968.2,16.5,19.4,10.0,0.0,ok,-1.5,ok,2.89,,False,44.4,14.7,,5.6,52.3,,44.6,-14.7,-34.2,-0.144,0.217,GEV,,124,19.4,12.0,,False
149,ULTA,"Ulta Beauty, Inc.",Consumer Cyclical,Specialty Retail,Core,23.0,537.73,531.98,18.5,16.4,10.0,0.0,ok,-0.5,ok,1.19,,False,44.4,16.8,4.0,8.9,43.1,46.1,51.0,-3.3,-16.3,0.015,0.193,BMNR,,124,16.4,12.0,,False
150,USB,U.S. Bancorp,Financial Services,Banks - Regional,Core,89.4,57.36,62.28,17.5,16.8,10.0,0.0,ok,0.0,financial_na,,,False,44.3,9.9,,10.4,0.0,12.6,22.7,-0.0,-7.7,0.045,0.234,GOOG,,124,16.8,14.0,,False
151,ANET,"Arista Networks, Inc.",Technology,Computer Hardware,Growth,257.9,204.49,194.27,19.0,12.3,15.0,-2.0,ok,0.0,ok,-2.88,,False,44.3,39.4,1.5,37.7,63.0,31.5,76.3,29.3,47.3,0.526,0.516,AVGO,,124,12.3,20.0,,False
152,WM,"Waste Management, Inc.",Industrials,Waste Management,Core,80.7,201.9,220.95,17.5,18.3,10.0,0.0,ok,-1.5,ok,2.93,,False,44.3,22.1,2.9,4.0,40.6,29.8,21.6,-10.1,-29.1,-0.487,0.406,AVGO,,124,18.3,15.0,,False
153,CVNA,Carvana Co.,Consumer Cyclical,Auto & Truck Dealerships,Growth,69.9,63.04,68.55,16.0,18.8,10.0,0.0,ok,-0.5,ok,1.02,,False,44.3,27.9,0.6,52.4,19.4,58.8,34.2,-12.7,-15.5,0.275,0.375,GOOG,,124,18.8,11.0,,False
154,SNA,Snap-On Incorporated,Industrials,Tools & Accessories,Core,19.0,367.72,391.33,17.5,16.7,10.0,0.0,ok,0.0,ok,-0.24,,False,44.2,17.1,5.8,4.2,51.8,17.9,38.1,-2.9,-16.3,0.2,0.216,GOOG,,124,16.7,15.0,,False
155,EPAM,"EPAM Systems, Inc.",Technology,Information Technology Service,Speculative,5.9,114.35,108.63,17.0,17.2,10.0,0.0,ok,0.0,ok,-0.85,,False,44.2,8.1,11.0,4.5,29.5,11.2,49.8,-13.1,-31.8,-0.236,0.316,GEV,,124,17.2,15.0,,False
156,SNDK,Sandisk Corporation,Technology,Computer Hardware,Growth,261.8,1787.69,1698.31,22.5,13.7,10.0,-2.0,ok,0.0,ok,-0.36,,False,44.2,6.8,2.9,371.6,71.5,91.6,55.4,58.0,141.6,0.521,0.494,GEV,,124,13.7,15.0,,False
157,OMC,Omnicom Group Inc.,Communication Services,Advertising Agencies,Growth,21.3,74.7,81.87,18.5,17.2,10.0,0.0,ok,-1.5,ok,2.2,,False,44.2,6.4,20.0,63.4,19.0,6.1,32.2,-4.3,-17.1,-0.114,0.217,GEV,,124,17.2,13.0,,False
158,MSI,"Motorola Solutions, Inc.",Technology,Communication Equipment,Core,74.1,448.03,459.16,19.5,16.2,10.0,0.0,ok,-1.5,ok,2.37,,False,44.2,23.1,2.7,13.3,52.1,91.6,36.2,4.3,-13.3,-0.092,0.137,AVGO,,124,16.2,14.0,,False
159,DLTR,"Dollar Tree, Inc.",Consumer Defensive,Discount Stores,Core,21.5,114.43,124.25,18.5,17.2,10.0,0.0,ok,-1.5,ok,2.64,,False,44.2,14.5,4.9,7.0,37.2,46.0,41.0,-2.6,-11.2,-0.051,0.149,GEV,,124,17.2,16.0,,False
160,IVZ,Invesco Ltd,Financial Services,Asset Management,Core,13.4,30.42,31.34,16.5,17.7,10.0,0.0,ok,0.0,financial_na,,,False,44.2,9.3,8.5,20.5,29.5,-0.6,35.2,10.1,9.6,0.449,0.425,BMNR,,124,17.7,14.0,,False
161,KEY,KeyCorp,Financial Services,Banks - Regional,Core,21.4,20.05,21.9,17.5,16.6,10.0,0.0,ok,0.0,financial_na,,,False,44.1,9.4,,10.1,0.0,10.3,25.3,-6.9,-17.9,0.181,0.232,GOOG,,124,16.6,14.0,,False
162,WSM,"Williams-Sonoma, Inc.",Consumer Cyclical,Specialty Retail,Core,27.5,233.39,233.31,18.5,15.6,10.0,0.0,ok,0.0,ok,0.3,,False,44.1,22.2,3.9,6.7,45.7,55.0,59.7,12.2,13.4,0.209,0.19,GOOG,,124,15.6,12.0,,False
163,NDAQ,"Nasdaq, Inc.",Financial Services,Financial Data & Stock Exchang,Core,51.2,91.67,94.92,18.0,16.1,10.0,0.0,ok,0.0,financial_na,,,False,44.1,19.6,3.3,14.9,100.0,16.5,48.8,1.2,-8.8,-0.069,0.259,GEV,,124,16.1,16.0,,False
164,PTC,PTC Inc.,Technology,Software - Application,Core,15.9,146.47,141.3,21.0,13.1,10.0,0.0,ok,0.0,ok,0.98,,False,44.1,16.4,6.5,-6.8,84.5,35.1,72.1,0.7,-13.7,-0.124,0.193,GEV,,124,13.1,17.0,,False
165,WTW,Willis Towers Watson Public Li,Financial Services,Insurance Brokers,Core,27.1,291.6,322.92,17.5,16.5,10.0,0.0,ok,0.0,financial_na,,,False,44.0,12.8,5.2,9.1,42.5,19.8,25.1,-2.4,-15.0,-0.284,0.293,AVGO,,124,16.5,15.0,,False
166,REGN,"Regeneron Pharmaceuticals, Inc",Healthcare,Biotechnology,Core,75.7,734.81,780.59,18.5,15.5,10.0,0.0,ok,0.0,ok,-1.12,,False,44.0,11.9,4.1,16.7,44.5,14.0,29.7,-0.1,-21.9,0.112,0.181,GOOG,,124,15.5,16.0,,False
167,HWM,Howmet Aerospace Inc.,Industrials,Aerospace & Defense,Core,91.1,228.38,260.32,18.0,16.5,10.0,0.0,ok,-0.5,ok,1.47,,False,44.0,35.3,1.3,24.1,36.0,34.7,50.6,-7.9,-20.9,0.219,0.222,GOOG,,124,16.5,14.0,,False
168,BF-B,Brown Forman Inc,Consumer Defensive,Beverages - Wineries & Distill,Core,11.9,25.97,27.26,17.5,17.0,10.0,0.0,ok,-0.5,ok,1.8,,False,44.0,15.2,5.8,-1.4,60.7,18.1,42.7,-3.5,-18.5,-0.058,0.157,GOOG,,124,17.0,18.0,,False
169,WFC,Wells Fargo & Company,Financial Services,Banks - Diversified,Core,242.7,80.25,86.21,16.5,17.5,10.0,0.0,ok,0.0,financial_na,,,False,44.0,10.1,,9.5,0.0,12.6,18.5,-5.0,-16.3,-0.042,0.138,AVGO,,124,17.5,14.0,,False
170,ALL,Allstate Corporation (The),Financial Services,Insurance - Property & Casualt,Core,56.7,224.41,254.23,22.0,12.0,10.0,0.0,ok,0.0,financial_na,,,True,44.0,8.1,26.7,11.8,36.8,46.1,22.5,0.1,-6.5,-0.364,0.346,NVDA,,124,17.9,14.0,,False
171,ALLE,Allegion plc,Industrials,Security & Protection Services,Core,13.1,154.28,158.03,19.5,14.9,10.0,0.0,ok,-0.5,ok,1.81,,False,43.9,15.8,3.7,12.7,44.8,33.7,57.8,2.7,-9.4,0.148,0.183,GEV,,124,14.9,17.0,,False
172,TXN,Texas Instruments Incorporated,Technology,Semiconductors,Core,256.9,281.31,270.87,19.0,14.9,10.0,0.0,ok,0.0,ok,0.74,,False,43.9,26.4,1.4,22.8,58.3,35.2,78.0,13.9,27.6,0.499,0.451,GEV,,124,14.9,14.0,,False
173,ROL,"Rollins, Inc.",Consumer Cyclical,Personal Services,Core,14.7,30.57,35.64,18.5,15.9,10.0,0.0,ok,-0.5,ok,1.16,,False,43.9,23.7,3.4,7.9,52.4,37.0,26.6,-38.6,-59.1,-0.126,0.198,AVGO,,124,15.9,14.0,,False
174,KKR,KKR & Co. Inc.,Financial Services,Asset Management,Core,84.3,91.24,103.33,15.5,18.4,10.0,0.0,ok,0.0,financial_na,,,False,43.9,12.3,,7.8,54.8,7.3,28.6,-11.6,-16.4,0.324,0.334,BMNR,,124,18.4,15.0,,False
175,NVR,"NVR, Inc.",Consumer Cyclical,Residential Construction,Core,16.3,6126.38,6290.83,16.5,17.4,10.0,0.0,ok,0.0,ok,-0.0,,False,43.9,15.5,5.6,-10.9,21.8,31.5,51.9,-8.6,-24.5,-0.013,0.149,GOOG,,124,17.4,11.0,,False
176,LLY,Eli Lilly and Company,Healthcare,Drug Manufacturers - General,Growth,1024.9,1149.85,1178.6,20.0,14.4,10.0,0.0,ok,-0.5,ok,1.1,,False,43.9,24.2,1.1,47.7,83.4,102.3,59.6,7.3,4.2,-0.113,0.24,NVDA,,124,14.4,17.0,,False
177,JBL,Jabil Inc.,Technology,Electronic Components,Core,31.4,299.79,317.21,19.0,16.8,10.0,-2.0,ok,0.0,ok,0.91,,False,43.8,13.5,4.1,28.6,9.2,66.4,48.1,-0.3,-6.2,0.589,0.556,GEV,,124,16.8,13.0,,False
178,DOC,"Healthpeak Properties, Inc.",Real Estate,REIT - Healthcare Facilities,Core,13.8,19.44,21.01,18.0,19.3,10.0,0.0,ok,-3.5,ok,5.53,,False,43.8,138.9,11.9,11.1,57.6,3.0,31.6,4.0,3.6,0.013,0.142,GOOG,,124,19.3,16.0,,False
179,TRMB,Trimble Inc.,Technology,Scientific & Technical Instrum,Core,13.4,57.53,57.95,17.0,17.3,10.0,0.0,ok,-0.5,ok,1.41,,False,43.8,13.9,5.1,11.0,71.8,-1.9,54.1,-8.5,-28.1,0.079,0.239,BMNR,,124,17.3,15.0,,False
180,T,AT&T Inc.,Communication Services,Telecom Services,Core,166.5,24.3,24.88,19.5,16.7,10.0,0.0,ok,-2.5,ok,3.3,,False,43.7,9.5,6.1,2.3,59.7,18.3,35.8,-2.8,-29.7,-0.346,0.365,GEV,,124,16.7,16.0,,False
181,FDX,FedEx Corporation,Industrials,Integrated Freight & Logistics,Core,67.9,287.07,314.04,18.0,17.2,10.0,0.0,ok,-1.5,ok,2.48,,False,43.7,13.7,8.3,12.5,27.3,14.8,29.1,-14.4,-36.6,0.159,0.2,GOOG,,124,17.2,14.0,,False
182,ZBH,"Zimmer Biomet Holdings, Inc.",Healthcare,Medical Devices,Core,16.8,88.06,96.01,18.0,17.2,10.0,0.0,ok,-1.5,ok,2.83,,False,43.7,9.7,6.4,4.8,69.5,6.4,40.2,-3.5,-19.7,-0.165,0.164,AVGO,,124,17.2,17.0,,False
183,CME,CME Group Inc.,Financial Services,Financial Data & Stock Exchang,Core,95.3,265.1,269.81,17.0,16.7,10.0,0.0,ok,0.0,financial_na,,,False,43.7,20.5,3.1,0.8,100.0,15.8,40.0,-4.1,-27.2,-0.266,0.293,AVGO,,124,16.7,16.0,,False
184,GEHC,GE HealthCare Technologies Inc,Healthcare,Medical Devices,Core,29.1,63.98,68.62,17.5,17.7,10.0,0.0,ok,-1.5,ok,2.36,,False,43.7,11.8,5.4,5.8,39.5,19.4,48.3,-10.5,-27.5,-0.072,0.165,GEV,,124,17.7,15.0,,False
185,AIG,"American International Group, ",Financial Services,Insurance - Diversified,Core,39.4,75.43,76.7,17.0,16.6,10.0,0.0,ok,0.0,financial_na,,,False,43.6,8.6,18.7,0.5,35.1,7.2,51.6,-2.1,-16.6,-0.217,0.317,NVDA,,124,16.6,14.0,,False
186,MU,"Micron Technology, Inc.",Technology,Semiconductors,Growth,1239.4,1097.39,1042.52,22.5,13.1,10.0,-2.0,ok,0.0,ok,-0.35,,False,43.6,5.3,2.2,379.3,80.7,88.3,68.0,62.9,181.9,0.588,0.527,GEV,,124,13.1,15.0,,False
187,CSX,CSX Corporation,Industrials,Railroads,Core,86.2,46.54,49.57,19.5,15.6,10.0,0.0,ok,-1.5,ok,2.64,,False,43.6,20.5,2.3,10.1,47.1,24.4,26.4,5.4,-4.2,0.023,0.138,GEV,,124,15.6,15.0,,False
188,KDP,Keurig Dr Pepper Inc.,Consumer Defensive,Beverages - Non-Alcoholic,Growth,41.8,30.69,31.17,20.0,18.6,10.0,0.0,ok,-5.0,ok,6.66,,False,43.6,12.1,11.0,75.6,51.0,5.1,44.3,4.7,3.0,-0.162,0.197,NVDA,,124,18.6,17.0,,False
189,UDR,"UDR, Inc.",Real Estate,REIT - Residential,Core,12.5,33.68,36.72,18.5,18.5,10.0,0.0,ok,-3.5,ok,5.76,,False,43.5,60.1,6.2,-0.1,66.6,13.7,28.7,-8.4,-16.9,-0.276,0.403,AVGO,,124,18.5,17.0,,False
190,AMT,American Tower Corporation (RE,Real Estate,REIT - Specialty,Core,75.0,161.06,172.71,19.5,19.0,10.0,0.0,ok,-5.0,ok,6.14,,False,43.5,23.0,3.9,4.7,73.8,33.9,28.3,-8.6,-21.3,-0.282,0.352,AVGO,,124,19.0,17.0,,False
191,TMUS,"T-Mobile US, Inc.",Communication Services,Telecom Services,Core,173.5,161.73,176.68,19.5,16.5,10.0,0.0,ok,-2.5,ok,3.42,,False,43.5,11.2,6.5,7.9,63.1,18.0,30.4,-15.4,-37.3,-0.288,0.368,GEV,,124,16.5,17.0,,False
192,EW,Edwards Lifesciences Corporati,Healthcare,Medical Devices,Core,49.1,85.19,88.45,16.5,17.0,10.0,0.0,ok,0.0,ok,-1.78,,False,43.5,25.2,2.5,13.6,77.8,9.2,44.7,0.1,-11.6,0.068,0.245,GOOG,,124,17.0,17.0,,False
193,MAA,Mid-America Apartment Communit,Real Estate,REIT - Residential,Core,13.9,116.38,128.27,18.0,19.0,10.0,0.0,ok,-3.5,ok,4.57,,False,43.5,35.5,6.6,1.0,58.4,7.0,19.5,-10.7,-20.3,-0.326,0.399,AVGO,,124,19.0,16.0,,False
194,DHI,"D.R. Horton, Inc.",Consumer Cyclical,Residential Construction,Core,38.3,137.06,144.39,16.0,17.9,10.0,0.0,ok,-0.5,ok,1.24,,False,43.4,11.8,6.3,0.0,21.3,12.6,52.7,-7.7,-17.0,0.157,0.154,GOOG,,124,17.9,11.0,,False
195,TEL,TE Connectivity plc,Technology,Electronic Components,Core,63.1,217.76,208.6,18.5,14.9,10.0,0.0,ok,0.0,ok,0.92,,False,43.4,16.9,3.7,13.8,36.1,23.3,67.1,1.6,-13.6,0.321,0.235,BMNR,,124,14.9,13.0,,False
196,AVY,Avery Dennison Corporation,Consumer Cyclical,Packaging & Containers,Core,13.1,171.62,173.3,20.5,14.4,10.0,0.0,ok,-1.5,ok,2.28,,False,43.4,15.3,7.7,10.9,29.0,31.2,56.6,-0.6,-17.3,-0.013,0.081,AVGO,,124,14.4,11.0,,False
197,AIZ,"Assurant, Inc.",Financial Services,Insurance - Property & Casualt,Core,13.1,266.24,280.19,15.5,17.8,10.0,0.0,ok,0.0,financial_na,,,False,43.3,11.4,16.4,9.4,13.3,18.3,30.4,6.6,6.6,-0.048,0.111,AVGO,,124,17.8,14.0,,False
198,NUE,Nucor Corporation,Basic Materials,Steel,Cyclical,53.5,235.98,255.35,14.0,19.3,10.0,0.0,ok,0.0,ok,0.78,,False,43.3,11.9,1.3,23.0,15.6,14.5,32.6,10.5,19.4,0.142,0.152,AVGO,,124,19.3,11.0,,False
199,TPL,Texas Pacific Land Corporation,Energy,Oil & Gas E&P,Growth,23.2,336.46,368.21,18.0,15.3,10.0,0.0,ok,0.0,ok,-0.31,,False,43.3,4.6,-0.1,31.2,93.3,36.6,36.9,-15.1,-39.9,0.059,0.082,GEV,,124,15.3,14.0,,False
200,NOW,"ServiceNow, Inc.",Technology,Software - Application,Core,142.4,137.76,130.87,18.0,15.8,10.0,0.0,ok,-0.5,ok,1.31,,False,43.3,27.5,3.6,24.0,74.8,14.2,57.6,18.7,15.9,-0.098,0.317,GEV,,124,15.8,17.0,,False
201,ACGL,Arch Capital Group Ltd.,Financial Services,Insurance - Diversified,Core,32.1,94.26,98.39,16.5,16.8,10.0,0.0,ok,0.0,financial_na,,,False,43.3,9.6,13.4,-10.5,38.8,19.9,41.1,-2.2,-17.8,-0.345,0.443,AVGO,,124,16.8,14.0,,False
202,SYY,Sysco Corporation,Consumer Defensive,Food Distribution,Core,37.3,77.77,81.87,17.0,17.7,10.0,0.0,ok,-1.5,ok,2.95,,False,43.2,14.5,5.1,4.7,18.5,77.7,29.6,-2.2,-7.9,-0.1,0.188,NVDA,,124,17.7,16.0,,False
203,COP,ConocoPhillips,Energy,Oil & Gas E&P,Growth,152.6,127.06,127.5,19.5,13.7,10.0,0.0,ok,0.0,ok,0.58,,False,43.2,13.2,5.0,35.5,47.6,14.2,34.6,9.9,-16.8,-0.398,0.377,GOOG,,124,13.7,13.0,,False
204,BKR,Baker Hughes Company,Energy,Oil & Gas Equipment & Services,Cyclical,55.2,55.62,60.57,16.0,17.2,10.0,0.0,ok,0.0,ok,-0.16,,False,43.2,17.9,8.0,-2.4,23.7,16.5,32.6,-5.9,-24.0,0.215,0.178,BMNR,,124,17.2,14.0,,False
205,INVH,Invitation Homes Inc.,Real Estate,REIT - Residential,Core,15.6,26.4,28.83,19.0,17.7,10.0,0.0,ok,-3.5,ok,5.65,,False,43.2,37.1,7.5,10.1,56.3,7.1,22.6,-4.7,-10.2,-0.233,0.329,AVGO,,124,17.7,16.0,,False
206,MPC,Marathon Petroleum Corporation,Energy,Oil & Gas Refining & Marketing,Growth,122.7,420.15,399.14,21.0,12.6,10.0,0.0,ok,-0.5,ok,1.72,,False,43.1,8.6,7.5,53.7,12.8,42.1,62.7,62.0,60.0,-0.157,0.218,NVDA,,124,12.6,12.0,,False
207,CCL,Carnival Corporation Ltd.,Consumer Cyclical,Travel Services,Core,33.7,25.07,25.33,20.0,15.6,10.0,0.0,ok,-2.5,ok,3.28,,False,43.1,9.8,5.4,3.5,55.4,24.0,68.8,-8.5,-21.6,0.326,0.367,GOOG,,124,15.6,14.0,,False
208,APO,"Apollo Global Management, Inc.",Financial Services,Asset Management,Growth,67.5,114.34,128.59,21.0,12.0,10.0,0.0,ok,0.0,financial_na,,,True,43.0,10.7,,63.8,36.1,11.4,21.4,-9.8,-12.8,0.305,0.345,GOOG,,124,18.2,14.0,,False
209,NKE,"Nike, Inc.",Consumer Cyclical,Footwear & Accessories,Core,52.1,35.15,39.2,16.5,16.5,10.0,0.0,ok,0.0,ok,0.41,,False,43.0,16.3,3.6,-1.1,43.2,22.1,37.6,-28.1,-37.7,-0.009,0.307,GOOG,,124,16.5,12.0,,False
210,MTB,M&T Bank Corporation,Financial Services,Banks - Regional,Core,31.5,217.35,239.39,16.5,16.5,10.0,0.0,ok,0.0,financial_na,,,False,43.0,10.3,,6.2,0.0,10.7,13.3,-2.6,-12.5,0.02,0.23,GOOG,,124,16.5,14.0,,False
211,DRI,"Darden Restaurants, Inc.",Consumer Cyclical,Restaurants,Core,22.4,197.41,211.36,18.5,17.0,10.0,0.0,ok,-2.5,ok,3.9,,False,43.0,15.9,4.6,5.1,21.7,55.4,40.7,-2.8,-13.4,-0.016,0.148,NVDA,,124,17.0,11.0,,False
212,JNJ,Johnson & Johnson,Healthcare,Drug Manufacturers - General,Core,623.3,258.66,265.87,18.5,14.5,10.0,0.0,ok,0.0,ok,0.81,,False,43.0,21.3,2.7,6.6,68.1,25.7,31.7,7.4,-10.5,-0.392,0.424,AVGO,,124,14.5,17.0,,False
213,URI,"United Rentals, Inc.",Industrials,Rental & Leasing Services,Core,64.4,1034.11,1066.97,18.5,16.9,10.0,0.0,ok,-2.5,ok,3.26,,False,42.9,18.0,2.7,11.8,38.5,28.9,61.4,9.5,25.2,0.177,0.309,GEV,,124,16.9,16.0,,False
214,PPG,"PPG Industries, Inc.",Basic Materials,Specialty Chemicals,Cyclical,23.3,104.67,111.53,17.5,16.9,10.0,0.0,ok,-1.5,ok,2.17,,False,42.9,12.1,4.7,7.2,41.2,19.3,48.3,-6.1,-17.5,0.286,0.239,BMNR,,124,16.9,12.0,,False
215,C,"Citigroup, Inc.",Financial Services,Banks - Diversified,Core,213.0,127.0,133.87,16.0,16.9,10.0,0.0,ok,0.0,financial_na,,,False,42.9,9.8,,15.5,0.0,8.5,24.7,1.4,-5.8,0.312,0.224,GEV,,124,16.9,14.0,,False
216,ON,ON Semiconductor Corporation,Technology,Semiconductors,Core,31.2,80.08,77.07,16.0,18.9,10.0,-2.0,ok,0.0,ok,0.4,,False,42.9,17.7,5.3,9.2,42.8,8.3,67.6,-0.1,12.3,0.518,0.441,AVGO,,124,18.9,14.0,,False
217,CSGP,"CoStar Group, Inc.",Real Estate,Real Estate Services,Core,11.2,27.72,30.22,16.5,16.4,10.0,0.0,ok,0.0,ok,-0.28,,False,42.9,15.6,3.7,18.4,78.7,0.9,38.8,-31.5,-46.5,-0.325,0.383,GEV,,124,16.4,19.0,,False
218,L,Loews Corporation,Financial Services,Insurance - Property & Casualt,Core,21.5,105.05,111.09,16.0,16.8,10.0,0.0,ok,0.0,financial_na,,,False,42.8,36.2,5.9,3.9,36.3,9.3,24.2,-3.6,-18.0,-0.278,0.298,NVDA,,124,16.8,14.0,,False
219,CHRW,"C.H. Robinson Worldwide, Inc.",Industrials,Integrated Freight & Logistics,Core,17.9,153.14,153.4,16.5,16.8,10.0,0.0,ok,-0.5,ok,1.95,,False,42.8,20.4,2.7,19.3,8.4,37.1,51.3,-11.0,-25.6,-0.063,0.085,BMNR,,124,16.8,14.0,,False
220,TJX,"TJX Companies, Inc. (The)",Consumer Cyclical,Apparel Retail,Core,147.6,133.59,142.0,17.0,15.8,10.0,0.0,ok,0.0,ok,0.93,,False,42.8,23.1,3.0,5.4,31.5,62.2,67.2,-12.4,-33.7,-0.126,0.188,GEV,,124,15.8,11.0,,False
221,SOLV,Solventum Corporation,Healthcare,Medical Instruments & Supplies,Core,14.9,87.77,87.72,18.5,17.8,10.0,0.0,ok,-3.5,ok,4.29,,False,42.8,12.1,3.3,2.2,54.8,34.0,50.6,12.7,19.9,-0.071,0.232,GOOG,,124,17.8,16.0,,False
222,BXP,"BXP, Inc.",Real Estate,REIT - Office,Core,10.9,60.24,66.99,18.0,19.7,10.0,0.0,ok,-5.0,ok,9.81,,False,42.7,27.1,8.1,3.7,56.5,5.3,32.6,-3.8,1.6,0.044,0.191,GOOG,,124,19.7,16.0,,False
223,CTSH,Cognizant Technology Solutions,Technology,Information Technology Service,Core,28.8,60.88,58.23,18.5,14.2,10.0,0.0,ok,0.0,ok,0.26,,False,42.7,9.6,7.7,4.5,33.4,14.9,56.9,0.0,-16.4,-0.349,0.458,GEV,,124,14.2,15.0,,False
224,TDG,Transdigm Group Incorporated,Industrials,Aerospace & Defense,Core,61.4,1097.24,1182.73,18.5,19.2,10.0,0.0,ok,-5.0,ok,6.03,,False,42.7,22.7,2.4,22.5,59.8,,40.4,-12.2,-22.9,0.189,0.346,GOOG,,124,19.2,15.0,,False
225,LYV,"Live Nation Entertainment, Inc",Communication Services,Entertainment,Core,38.9,166.85,177.54,16.0,17.1,10.0,0.0,ok,-0.5,ok,1.43,,False,42.6,85.5,4.4,9.4,25.8,17.7,41.7,2.0,-7.1,0.057,0.184,GOOG,,124,17.1,13.0,,False
226,DOV,Dover Corporation,Industrials,Specialty Industrial Machinery,Core,25.3,188.06,198.29,16.0,16.6,10.0,0.0,ok,0.0,ok,0.79,,False,42.6,16.2,3.6,6.9,40.1,14.9,51.7,-10.5,-25.7,0.289,0.255,GEV,,124,16.6,15.0,,False
227,VLO,Valero Energy Corporation,Energy,Oil & Gas Refining & Marketing,Growth,117.6,408.46,388.04,20.0,12.6,10.0,0.0,ok,0.0,ok,0.26,,False,42.6,10.7,7.2,51.7,16.1,27.6,60.8,58.4,52.7,-0.168,0.253,GOOG,,124,12.6,12.0,,False
228,APA,APA Corporation,Energy,Oil & Gas E&P,Cyclical,15.2,43.34,41.26,21.0,11.6,10.0,0.0,ok,0.0,ok,0.6,,False,42.6,9.7,14.1,9.2,78.3,26.7,45.9,23.7,-10.9,-0.31,0.271,GOOG,,124,11.6,14.0,,False
229,TGT,Target Corporation,Consumer Defensive,Discount Stores,Core,71.2,156.7,154.89,17.5,15.5,10.0,0.0,ok,-0.5,ok,1.6,,False,42.5,16.4,4.8,5.3,28.4,26.4,52.1,22.9,14.9,-0.055,0.174,GOOG,,124,15.5,16.0,,False
230,PAYX,"Paychex, Inc.",Technology,Software - Application,Core,35.9,100.84,117.18,21.0,12.0,10.0,0.0,ok,-0.5,ok,1.2,,True,42.5,15.8,5.3,5.9,74.4,47.1,22.1,-2.2,-4.1,-0.326,0.438,GEV,,124,18.5,17.0,,False
231,CHD,"Church & Dwight Company, Inc.",Consumer Defensive,Household & Personal Products,Core,22.3,94.11,98.54,17.5,15.5,10.0,0.0,ok,-0.5,ok,1.6,,False,42.5,23.3,4.2,1.6,45.6,17.0,51.1,-1.6,-14.8,-0.227,0.263,GEV,,124,15.5,17.0,,False
232,PHM,"PulteGroup, Inc.",Consumer Cyclical,Residential Construction,Core,22.2,116.35,125.34,15.0,17.5,10.0,0.0,ok,0.0,ok,0.42,,False,42.5,10.5,4.9,-9.6,25.6,14.9,49.9,-6.7,-17.1,0.122,0.181,GOOG,,124,17.5,11.0,,False
233,EXPD,Expeditors International of Wa,Industrials,Integrated Freight & Logistics,Growth,24.4,187.74,184.25,17.5,14.9,10.0,0.0,ok,0.0,ok,-0.37,,False,42.4,23.5,3.3,32.1,13.5,42.7,47.7,15.7,13.6,-0.017,0.059,GEV,,124,14.9,14.0,,False
234,CFG,"Citizens Financial Group, Inc.",Financial Services,Banks - Regional,Core,26.8,63.7,70.0,16.0,16.4,10.0,0.0,ok,0.0,financial_na,,,False,42.4,9.7,,14.7,0.0,8.3,23.8,-1.7,-10.5,0.104,0.193,GOOG,,124,16.4,14.0,,False
235,DG,Dollar General Corporation,Consumer Defensive,Discount Stores,Core,26.2,118.93,124.12,17.0,17.9,10.0,0.0,ok,-2.5,ok,3.96,,False,42.4,14.3,6.6,5.2,31.2,19.7,43.3,-6.1,-14.5,-0.027,0.193,GEV,,124,17.9,16.0,,False
236,YUM,"Yum! Brands, Inc.",Consumer Cyclical,Restaurants,Core,37.3,136.69,147.02,16.5,19.4,10.0,0.0,ok,-3.5,ok,4.15,,False,42.4,19.7,2.2,12.2,45.3,,35.7,-11.2,-27.5,-0.072,0.111,AVGO,,124,19.4,12.0,,False
237,TYL,"Tyler Technologies, Inc.",Technology,Software - Application,Core,13.5,330.18,334.39,16.0,16.9,10.0,0.0,ok,-0.5,ok,1.06,,False,42.4,21.5,4.4,8.2,47.2,9.7,46.9,-4.8,-17.5,-0.325,0.315,GEV,,124,16.9,16.0,,False
238,VMC,Vulcan Materials Company (Hold,Basic Materials,Building Materials,Cyclical,31.6,243.98,266.31,14.5,19.3,10.0,0.0,ok,-1.5,ok,2.03,,False,42.3,22.9,2.7,2.5,27.5,13.2,40.2,-14.2,-29.4,0.132,0.239,GOOG,,124,19.3,11.0,,False
239,SJM,The J.M. Smucker Company,Consumer Defensive,Packaged Foods,Core,12.4,115.95,122.42,17.0,17.8,10.0,0.0,ok,-2.5,ok,3.05,,False,42.3,10.6,11.8,5.0,38.0,3.9,33.7,7.7,6.3,-0.42,0.427,GEV,,124,17.8,16.0,,False
240,ROK,"Rockwell Automation, Inc.",Industrials,Specialty Industrial Machinery,Core,49.1,442.45,438.52,18.5,14.2,10.0,0.0,ok,-0.5,ok,1.5,,False,42.2,29.7,2.7,7.9,49.1,30.6,71.3,4.7,3.8,0.452,0.452,GEV,,124,14.2,15.0,,False
241,SHW,Sherwin-Williams Company (The),Basic Materials,Specialty Chemicals,Cyclical,77.9,320.78,338.76,18.5,16.2,10.0,0.0,ok,-2.5,ok,3.13,,False,42.2,23.6,3.2,7.5,49.0,65.1,53.3,-3.7,-18.0,0.169,0.28,GOOG,,124,16.2,12.0,,False
242,KVUE,Kenvue Inc.,Consumer Defensive,Household & Personal Products,Core,33.1,17.22,18.68,17.5,16.2,10.0,0.0,ok,-1.5,ok,2.16,,False,42.2,13.9,5.8,3.0,58.4,15.6,35.8,-3.7,-16.2,-0.148,0.218,AVGO,,124,16.2,17.0,,False
243,ESTC,Elastic N.V.,Technology,Software - Application,Speculative,9.7,92.31,87.69,21.0,11.2,10.0,0.0,ok,0.0,neg_ebitda_low_debt,,,False,42.2,23.3,5.2,15.1,75.6,33.1,71.3,42.2,68.5,-0.025,0.229,GEV,,124,11.2,17.0,,False
244,CRDO,Credo Technology Group Holding,Technology,Semiconductors,Growth,39.5,210.17,209.73,20.0,14.2,10.0,-2.0,ok,0.0,ok,-1.36,,False,42.2,21.7,0.6,114.7,67.1,30.7,73.2,18.8,102.6,0.507,0.451,GEV,,124,14.2,15.0,,False
245,UAL,"United Airlines Holdings, Inc.",Industrials,Airlines,Core,36.3,111.78,116.06,17.0,16.6,10.0,0.0,ok,-1.5,ok,2.4,,False,42.1,7.7,2.5,16.0,31.8,23.3,59.5,2.5,1.1,0.319,0.297,GOOG,,124,16.6,14.0,,False
246,KO,Coca-Cola Company (The),Consumer Defensive,Beverages - Non-Alcoholic,Core,370.4,86.1,87.73,17.0,15.6,10.0,0.0,ok,-0.5,ok,1.64,,False,42.1,24.4,1.4,6.7,61.9,42.1,39.9,8.0,-3.3,-0.391,0.366,GEV,,124,15.6,18.0,,False
247,CI,The Cigna Group,Healthcare,Healthcare Plans,Core,70.8,267.96,279.36,15.5,17.1,10.0,0.0,ok,-0.5,ok,1.93,,False,42.1,8.0,11.3,6.7,9.1,16.8,37.3,-4.1,-16.2,-0.293,0.35,AVGO,,124,17.1,15.0,,False
248,ACN,Accenture plc,Technology,Information Technology Service,Core,129.9,212.3,201.69,18.5,13.6,10.0,0.0,ok,0.0,ok,-0.14,,False,42.1,13.4,9.3,5.6,32.0,24.4,69.9,8.3,-7.8,-0.318,0.408,GEV,,124,13.6,15.0,,False
249,APH,Amphenol Corporation,Technology,Electronic Components,Growth,211.3,85.67,130.76,19.0,13.6,10.0,0.0,ok,-0.5,ok,1.42,,False,42.1,26.1,1.8,55.0,39.0,38.1,67.8,-38.8,-49.4,0.137,0.266,AVGO,,124,13.6,13.0,,False
250,FISV,"Fiserv, Inc.",,,Core,24.1,45.38,51.06,15.5,16.5,10.0,0.0,ok,,unavailable,,,False,42.0,5.7,,,,,30.6,-20.3,-34.6,-0.209,0.268,GEV,,124,16.5,12.5,,False
251,AON,Aon plc,Financial Services,Insurance Brokers,Core,58.5,275.95,331.84,20.0,12.0,10.0,0.0,ok,0.0,financial_na,,,True,42.0,13.6,5.5,2.2,48.2,44.7,19.7,-16.9,-30.4,-0.38,0.341,GEV,,124,15.8,15.0,,False
252,MS,Morgan Stanley,Financial Services,Capital Markets,Core,295.3,188.01,210.02,20.0,12.0,10.0,0.0,ok,0.0,financial_na,,,True,42.0,13.8,,28.0,87.6,18.0,13.7,-2.6,-2.7,0.49,0.399,BMNR,,124,18.2,16.0,,False
253,ORLY,"O'Reilly Automotive, Inc.",Consumer Cyclical,Auto Parts,Core,68.8,85.03,88.42,15.5,18.0,10.0,0.0,ok,-1.5,ok,2.24,,False,42.0,23.3,2.3,8.1,51.6,,48.3,-6.6,-24.1,-0.176,0.225,NVDA,,124,18.0,12.0,,False
254,CDNS,"Cadence Design Systems, Inc.",Technology,Software - Application,Core,96.7,350.73,333.19,18.0,14.0,10.0,0.0,ok,0.0,ok,0.52,,False,42.0,36.7,1.7,24.2,85.9,23.2,85.4,7.7,8.7,0.316,0.377,NVDA,,124,14.0,17.0,,False
255,HUBB,Hubbell Inc,Industrials,Electrical Equipment & Parts,Core,24.7,466.98,472.75,18.5,16.0,10.0,0.0,ok,-2.5,ok,3.41,,False,42.0,20.3,2.0,15.3,35.3,24.4,54.3,-4.2,-22.0,0.411,0.532,GEV,,124,16.0,14.0,,False
256,XYL,Xylem Inc.,Industrials,Specialty Industrial Machinery,Core,23.6,100.88,112.69,16.0,16.0,10.0,0.0,ok,0.0,ok,0.9,,False,42.0,16.2,5.0,1.5,39.2,9.2,25.9,-16.8,-34.1,0.188,0.218,GEV,,124,16.0,14.0,,False
257,NTAP,"NetApp, Inc.",Technology,Software - Infrastructure,Core,42.2,215.05,204.3,21.5,10.5,10.0,0.0,ok,0.0,ok,-0.5,,False,42.0,19.3,2.8,29.9,70.6,114.8,87.5,56.3,95.4,0.137,0.272,AVGO,,124,10.5,17.0,,False
258,TTWO,"Take-Two Interactive Software,",Communication Services,Electronic Gaming & Multimedia,Core,38.1,203.62,227.12,13.5,19.0,10.0,0.0,ok,-0.5,ok,1.46,,False,42.0,19.8,3.3,2.0,57.1,-9.0,36.1,-9.5,-13.7,0.097,0.229,GOOG,,124,19.0,14.0,,False
259,BAX,Baxter International Inc.,Healthcare,Medical Instruments & Supplies,Core,12.2,23.64,25.17,14.5,19.9,10.0,0.0,ok,-2.5,ok,3.99,,False,41.9,11.6,8.2,5.3,34.1,-14.4,42.5,13.7,24.4,-0.013,0.203,GOOG,,124,19.9,15.0,,False
260,DIS,Walt Disney Company (The),Communication Services,Entertainment,Core,175.0,101.33,103.9,14.5,17.9,10.0,0.0,ok,-0.5,ok,1.95,,False,41.9,13.5,2.8,6.8,37.6,8.0,38.6,-2.5,-11.5,0.038,0.325,GOOG,,124,17.9,13.0,,False
261,TFC,Truist Financial Corporation,Financial Services,Banks - Regional,Core,56.5,46.28,50.51,15.0,16.9,10.0,0.0,ok,0.0,financial_na,,,False,41.9,9.3,,8.2,0.0,9.1,21.9,-6.4,-16.3,-0.01,0.166,GOOG,,124,16.9,14.0,,False
262,SYK,Stryker Corporation,Healthcare,Medical Devices,Core,104.7,272.96,312.76,17.0,15.4,10.0,0.0,ok,-0.5,ok,1.62,,False,41.9,16.3,3.9,9.4,65.6,16.5,53.1,-17.4,-33.6,-0.247,0.279,AVGO,,124,15.4,17.0,,False
263,DLR,"Digital Realty Trust, Inc.",Real Estate,REIT - Specialty,Core,66.7,176.49,187.97,19.0,16.4,10.0,0.0,ok,-3.5,ok,5.66,,False,41.9,63.9,5.7,29.9,57.0,2.9,34.9,-2.2,-18.7,0.208,0.212,GEV,,124,16.4,16.0,,False
264,TXT,Textron Inc.,Industrials,Aerospace & Defense,Core,13.4,77.17,83.69,13.0,19.3,10.0,0.0,ok,-0.5,ok,1.65,,False,41.8,10.6,3.4,3.0,17.6,12.1,40.5,-14.0,-29.7,0.212,0.226,GEV,,124,19.3,14.0,,False
265,PLTR,Palantir Technologies Inc.,Technology,Software - Infrastructure,Growth,456.7,190.04,180.54,20.0,11.8,10.0,0.0,ok,0.0,ok,-3.45,,False,41.8,81.8,0.5,92.8,84.8,38.1,82.7,24.9,13.3,0.228,0.378,BMNR,,124,11.8,17.0,,False
266,TT,Trane Technologies plc,Industrials,Building Products & Equipment,Core,101.0,458.94,455.36,19.5,14.3,10.0,-2.0,ok,0.0,ok,0.77,,False,41.8,26.1,3.1,10.6,35.4,36.6,63.9,2.7,-9.3,0.529,0.519,GEV,,124,14.3,14.0,,False
267,VST,Vistra Corp.,Utilities,Utilities - Independent Power ,Core,46.9,139.75,144.24,15.0,19.2,10.0,0.0,ok,-2.5,ok,3.02,,False,41.7,13.5,0.1,-5.5,38.3,43.0,35.3,-9.9,-25.7,0.41,0.442,GEV,,124,19.2,18.0,,False
268,HAL,Halliburton Company,Energy,Oil & Gas Equipment & Services,Cyclical,26.6,31.88,33.94,15.5,16.6,10.0,0.0,ok,-0.5,ok,1.49,,False,41.6,11.0,7.7,3.7,15.1,14.9,17.8,-9.8,-32.6,-0.042,0.114,BMNR,,124,16.6,14.0,,False
269,AMGN,Amgen Inc.,Healthcare,Drug Manufacturers - General,Core,220.2,407.27,408.63,19.5,13.6,10.0,0.0,ok,-1.5,ok,2.51,,False,41.6,16.7,3.9,9.5,71.9,91.5,65.6,12.5,-0.3,-0.027,0.114,AVGO,,124,13.6,17.0,,False
270,NSC,Norfolk Southern Corporation,Industrials,Railroads,Core,69.7,310.26,332.09,15.5,17.6,10.0,0.0,ok,-1.5,ok,2.84,,False,41.6,21.7,2.0,11.4,45.2,17.0,29.5,-0.0,-7.9,-0.071,0.17,BMNR,,124,17.6,15.0,,False
271,FRT,Federal Realty Investment Trus,Real Estate,REIT - Retail,Speculative,9.4,108.03,117.06,18.5,16.6,10.0,0.0,ok,-3.5,ok,5.65,,False,41.6,34.1,4.9,7.2,68.1,12.6,12.5,-3.5,-14.6,-0.141,0.195,AVGO,,124,16.6,17.0,,False
272,GEN,Gen Digital Inc.,Technology,Software - Infrastructure,Core,13.3,22.25,27.96,22.0,12.0,10.0,0.0,ok,-2.5,ok,3.17,,True,41.5,6.7,11.6,6.3,78.0,41.9,21.8,-9.3,3.1,-0.007,0.215,GEV,,124,20.3,17.0,,False
273,LVS,Las Vegas Sands Corp.,Consumer Cyclical,Resorts & Casinos,Core,23.8,36.69,44.11,21.0,12.0,10.0,0.0,ok,-1.5,ok,2.57,,True,41.5,10.5,9.3,-0.7,79.3,122.9,8.7,-29.1,-48.5,-0.033,0.147,GEV,,124,16.0,13.0,,False
274,HD,"Home Depot, Inc. (The)",Consumer Cyclical,Home Improvement Retail,Core,281.8,282.46,323.87,17.0,16.0,10.0,0.0,ok,-1.5,ok,2.48,,False,41.5,17.6,3.8,5.7,32.8,104.3,27.7,-16.7,-30.8,0.099,0.243,GOOG,,124,16.0,11.0,,False
275,BMNR,BitMine Immersion Technologies,Financial Services,Capital Markets,Growth,16.1,26.73,25.39,14.0,17.5,10.0,0.0,ok,0.0,financial_na,,,False,41.5,28.4,-3.2,2167.8,84.4,-150.9,58.9,22.9,19.3,0.397,0.335,NVDA,,124,17.5,16.0,,True
276,EXR,Extra Space Storage Inc,Real Estate,REIT - Industrial,Core,29.4,133.08,142.67,17.0,18.0,10.0,0.0,ok,-3.5,ok,5.94,,False,41.5,27.7,5.1,3.8,74.9,7.0,43.3,-5.8,-16.0,-0.119,0.212,AVGO,,124,18.0,17.0,,False
277,PM,Philip Morris International In,Consumer Defensive,Tobacco,Core,293.3,188.18,190.12,17.5,15.5,10.0,0.0,ok,-1.5,ok,2.39,,False,41.5,20.5,3.3,10.4,67.5,,47.0,6.3,3.1,-0.169,0.24,NVDA,,124,15.5,18.0,,False
278,STLD,"Steel Dynamics, Inc.",Basic Materials,Steel,Growth,32.4,226.17,243.03,12.5,19.5,10.0,0.0,ok,-0.5,ok,1.43,,False,41.5,11.5,0.7,33.4,14.7,17.6,39.9,4.7,7.2,0.135,0.157,AVGO,,124,19.5,11.0,,False
279,APTV,Aptiv PLC,Consumer Cyclical,Auto Parts,Speculative,9.3,43.97,48.18,15.5,16.4,10.0,0.0,ok,-0.5,ok,1.52,,False,41.4,6.7,17.4,2.3,19.3,5.2,41.2,-30.9,-45.6,0.169,0.2,AVGO,,124,16.4,11.0,,False
280,PKG,Packaging Corporation of Ameri,Consumer Cyclical,Packaging & Containers,Core,20.5,229.71,242.94,15.5,16.4,10.0,0.0,ok,-0.5,ok,1.91,,False,41.4,17.5,2.1,14.7,21.4,14.9,45.6,1.7,-7.7,0.099,0.135,GEV,,124,16.4,11.0,,False
281,GPC,Genuine Parts Company,Consumer Cyclical,Auto Parts,Core,17.2,125.12,131.59,14.5,18.4,10.0,0.0,ok,-1.5,ok,2.97,,False,41.4,15.0,5.3,6.0,37.6,0.7,24.5,4.6,2.5,-0.038,0.159,GOOG,,124,18.4,11.0,,False
282,VZ,Verizon Communications Inc.,Communication Services,Telecom Services,Core,191.0,45.98,48.15,18.5,15.4,10.0,0.0,ok,-2.5,ok,3.76,,False,41.4,8.7,9.1,-0.7,59.5,15.8,27.6,-0.1,-22.0,-0.354,0.366,GEV,,124,15.4,16.0,,False
283,STX,Seagate Technology Holdings PL,Technology,Computer Hardware,Growth,215.0,945.57,898.29,20.0,13.3,10.0,-2.0,ok,0.0,ok,0.49,,False,41.3,17.1,0.9,48.5,45.6,371.5,63.2,46.6,107.0,0.543,0.501,GEV,,124,13.3,14.0,,False
284,GD,General Dynamics Corporation,Industrials,Aerospace & Defense,Core,90.0,332.72,370.89,14.5,12.0,14.8,0.0,ok,0.0,ok,0.78,,True,41.3,17.9,4.9,8.1,15.4,17.8,21.2,-6.1,-21.1,-0.087,0.184,NVDA,,124,17.8,21.0,,False
285,PSX,Phillips 66,Energy,Oil & Gas Refining & Marketing,Growth,105.4,264.23,251.02,19.0,12.8,10.0,0.0,ok,-0.5,ok,1.66,,False,41.3,10.3,4.3,53.1,13.1,23.5,55.4,45.2,35.1,-0.242,0.285,NVDA,,124,12.8,12.0,,False
286,CMI,Cummins Inc.,Industrials,Specialty Industrial Machinery,Core,71.3,517.0,585.55,16.0,17.3,10.0,-2.0,ok,0.0,ok,0.87,,False,41.3,15.0,3.1,9.4,25.8,21.1,26.7,-14.2,-22.5,0.589,0.582,GEV,,124,17.3,14.0,,False
287,TAP,Molson Coors Beverage Company,Consumer Defensive,Beverages - Brewers,Speculative,6.9,37.11,40.29,13.5,19.2,10.0,0.0,ok,-1.5,ok,2.56,,False,41.2,7.6,13.5,-3.3,37.0,-19.5,38.7,-14.1,-30.0,-0.331,0.326,GEV,,124,19.2,16.0,,False
288,PLD,"Prologis, Inc.",Real Estate,REIT - Industrial,Core,124.6,128.18,139.17,18.0,16.7,10.0,0.0,ok,-3.5,ok,5.24,,False,41.2,38.5,4.3,12.3,75.5,7.7,26.2,-6.8,-20.3,-0.001,0.152,AVGO,,124,16.7,17.0,,False
289,CIEN,Ciena Corporation,Technology,Communication Equipment,Growth,53.8,379.14,375.24,17.0,14.1,10.0,0.0,ok,0.0,ok,0.64,,False,41.1,32.1,1.2,37.0,44.1,22.4,66.6,-2.7,-25.2,0.499,0.54,AVGO,,124,14.1,14.0,,False
290,SWK,"Stanley Black & Decker, Inc.",Industrials,Tools & Accessories,Core,13.5,89.59,95.28,15.5,17.1,10.0,0.0,ok,-1.5,ok,2.58,,False,41.1,14.0,10.5,0.4,32.2,6.9,51.4,7.4,9.4,0.308,0.273,GEV,,124,17.1,14.0,,False
291,AMCR,Amcor plc,Consumer Cyclical,Packaging & Containers,Core,19.3,41.81,45.02,16.0,17.5,10.0,0.0,ok,-2.5,ok,3.97,,False,41.0,9.6,7.8,25.9,20.0,9.4,40.8,-2.0,-13.7,0.145,0.241,GOOG,,124,17.5,11.0,,False
292,GS,"Goldman Sachs Group, Inc. (The",Financial Services,Capital Markets,Growth,261.1,896.67,1008.6,21.0,12.0,10.0,-2.0,ok,0.0,financial_na,,,True,41.0,12.2,,42.5,82.1,16.9,20.6,-6.4,-12.2,0.539,0.48,BMNR,,124,17.7,16.0,,False
293,BSX,Boston Scientific Corporation,Healthcare,Medical Devices,Core,62.7,43.23,46.9,17.0,15.5,10.0,0.0,ok,-1.5,ok,2.12,,False,41.0,12.7,3.9,7.5,69.2,15.3,50.9,-30.5,-46.7,0.029,0.094,GOOG,,124,15.5,17.0,,False
294,CRH,CRH PLC,Basic Materials,Building Materials,Cyclical,54.4,81.7,93.37,16.0,16.5,10.0,0.0,ok,-1.5,ok,2.17,,False,41.0,12.7,3.7,5.6,36.2,15.8,31.5,-24.6,-39.3,0.247,0.308,GOOG,,124,16.5,11.0,,False
295,COIN,"Coinbase Global, Inc.",Financial Services,Financial Data & Stock Exchang,Core,49.9,189.29,179.83,14.0,17.0,10.0,0.0,ok,0.0,financial_na,,,False,41.0,66.8,5.3,-17.3,85.8,-7.8,58.3,1.7,-7.0,0.429,0.777,BMNR,,124,17.0,16.0,,False
296,LDOS,"Leidos Holdings, Inc.",Technology,Information Technology Service,Core,15.3,121.97,129.9,17.0,15.4,10.0,0.0,ok,-1.5,ok,2.45,,False,40.9,9.6,7.5,7.2,17.8,27.8,34.0,-17.4,-38.3,-0.064,0.174,GEV,,124,15.4,15.0,,False
297,VRSN,"VeriSign, Inc.",Technology,Software - Infrastructure,Core,25.9,286.9,288.15,16.5,14.9,10.0,0.0,ok,-0.5,ok,1.1,,False,40.9,25.9,3.2,6.0,88.5,,48.3,8.2,-2.1,-0.171,0.25,GEV,,124,14.9,17.0,,False
298,CBRE,CBRE Group Inc,Real Estate,Real Estate Services,Core,37.8,130.53,144.05,15.5,18.9,10.0,0.0,ok,-3.5,ok,4.21,,False,40.9,14.4,4.3,15.5,18.6,15.8,36.6,-10.2,-19.4,0.014,0.226,GOOG,,124,18.9,17.0,,False
299,AMAT,"Applied Materials, Inc.",Technology,Semiconductor Equipment & Mate,Core,420.1,529.3,502.83,19.0,13.9,10.0,-2.0,ok,0.0,ok,-0.19,,False,40.9,28.7,0.7,24.8,49.4,41.1,74.4,24.5,33.1,0.645,0.623,GEV,,124,13.9,14.0,,False
300,PH,Parker-Hannifin Corporation,Industrials,Specialty Industrial Machinery,Core,121.8,965.88,988.88,17.5,13.8,10.0,0.0,ok,-0.5,ok,1.45,,False,40.8,24.5,2.4,9.8,37.5,25.1,64.3,2.5,-11.3,0.255,0.332,GEV,,124,13.8,14.0,,False
301,DVN,Devon Energy Corporation,Energy,Oil & Gas E&P,Growth,51.9,47.16,46.77,17.5,13.7,10.0,0.0,ok,-0.5,ok,1.23,,False,40.7,8.8,1.5,64.2,50.3,11.5,38.8,6.2,-19.4,-0.299,0.253,GOOG,,124,13.7,13.0,,False
302,IP,International Paper Company,Consumer Cyclical,Packaging & Containers,Core,17.2,32.52,38.46,13.5,18.7,10.0,0.0,ok,-1.5,ok,2.33,,False,40.7,10.8,9.6,-2.2,29.6,-16.5,38.2,-14.4,-25.3,0.061,0.149,NVDA,,124,18.7,11.0,,False
303,REG,Regency Centers Corporation,Real Estate,REIT - Retail,Core,13.4,71.8,76.29,17.0,17.2,10.0,0.0,ok,-3.5,ok,4.62,,False,40.7,28.5,5.5,8.9,71.5,8.2,20.4,-5.6,-22.1,-0.27,0.3,AVGO,,124,17.2,17.0,,False
304,CDW,CDW Corporation,Technology,Information Technology Service,Core,17.0,135.83,141.87,15.5,17.7,10.0,0.0,ok,-2.5,ok,3.02,,False,40.7,11.3,4.0,10.0,21.4,44.0,42.8,3.3,-4.6,-0.028,0.148,GEV,,124,17.7,15.0,,False
305,HUM,Humana Inc.,Healthcare,Healthcare Plans,Core,45.6,379.68,385.24,15.0,15.6,10.0,0.0,ok,0.0,ok,-2.54,,False,40.6,22.9,4.3,26.2,13.7,6.9,38.2,30.2,98.1,0.004,0.167,NVDA,,124,15.6,15.0,,False
306,BEN,"Franklin Templeton, Inc.",Financial Services,Asset Management,Core,16.5,32.5,33.62,11.5,19.1,10.0,0.0,ok,0.0,financial_na,,,False,40.6,10.2,-18.1,14.3,37.7,7.9,38.0,11.0,21.3,0.353,0.41,GOOG,,124,19.1,14.0,,False
307,CNC,Centene Corporation,Healthcare,Healthcare Plans,Core,30.1,60.99,64.71,13.0,17.6,10.0,0.0,ok,0.0,ok,-2.38,,False,40.6,11.4,,4.6,11.4,-20.4,36.2,16.1,63.2,-0.098,0.157,AVGO,,124,17.6,15.0,fcf_yield_out_of_range(32.0),False
308,DAL,"Delta Air Lines, Inc.",Industrials,Airlines,Core,55.3,84.13,84.11,17.0,15.0,10.0,0.0,ok,-1.5,ok,2.19,,False,40.5,10.3,5.1,18.7,18.7,20.1,65.7,11.4,8.3,0.32,0.324,GOOG,,124,15.0,14.0,,False
309,ESS,"Essex Property Trust, Inc.",Real Estate,REIT - Residential,Core,18.6,269.51,281.71,17.0,17.0,10.0,0.0,ok,-3.5,ok,5.43,,False,40.5,42.8,5.6,3.1,68.8,7.7,46.4,0.9,-5.6,-0.276,0.39,AVGO,,124,17.0,17.0,,False
310,FIS,Fidelity National Information ,Technology,Information Technology Service,Core,17.1,33.1,40.11,22.0,12.0,10.0,0.0,ok,-3.5,ok,5.82,,True,40.5,4.9,15.5,29.1,35.8,22.3,12.9,-29.5,-43.2,-0.2,0.255,GEV,,124,16.0,15.0,,False
311,TER,"Teradyne, Inc.",Technology,Semiconductor Equipment & Mate,Growth,65.0,415.79,395.0,20.0,14.5,10.0,-4.0,ok,0.0,ok,-0.17,,False,40.5,35.7,0.7,103.9,59.2,36.5,64.8,24.9,16.7,0.652,0.622,GEV,,124,14.5,14.0,,False
312,MKC,"McCormick & Company, Incorpora",Consumer Defensive,Packaged Foods,Core,11.9,44.14,51.81,21.0,12.0,10.0,0.0,ok,-2.5,ok,3.17,,True,40.5,13.4,6.0,16.7,38.9,24.7,15.3,-20.4,-24.4,-0.249,0.293,GEV,,124,16.0,16.0,,False
313,LRCX,Lam Research Corporation,Technology,Semiconductor Equipment & Mate,Core,425.6,340.1,323.1,19.0,15.5,10.0,-4.0,ok,0.0,ok,-0.17,,False,40.5,29.0,0.7,30.0,50.5,65.1,69.4,24.4,36.7,0.696,0.639,GEV,,124,15.5,14.0,,False
314,BDX,"Becton, Dickinson and Company",Healthcare,Medical Instruments & Supplies,Core,48.5,178.07,179.12,17.0,14.9,10.0,0.0,ok,-1.5,ok,2.63,,False,40.4,13.4,9.2,5.4,46.9,6.6,52.6,9.9,-2.6,-0.25,0.304,AVGO,,124,14.9,16.0,,False
315,FFIV,"F5, Inc.",Technology,Software - Infrastructure,Core,25.1,443.68,421.5,18.0,12.3,10.0,0.0,ok,0.0,ok,-1.47,,False,40.3,24.5,2.9,10.9,81.9,19.8,70.8,29.2,33.6,0.218,0.234,AVGO,,124,12.3,17.0,,False
316,EQR,Equity Residential,Real Estate,REIT - Residential,Core,24.6,63.66,67.42,17.0,16.8,10.0,0.0,ok,-3.5,ok,4.51,,False,40.3,41.4,5.8,2.1,62.3,8.0,32.1,1.2,-15.0,-0.284,0.365,AVGO,,94,16.8,17.0,,False
317,HRL,Hormel Foods Corporation,Consumer Defensive,Packaged Foods,Core,11.0,19.96,22.86,12.0,18.8,10.0,0.0,ok,-0.5,ok,1.57,,False,40.3,12.7,5.7,-2.4,15.7,4.3,28.0,-13.4,-24.6,-0.213,0.266,NVDA,,124,18.8,16.0,,False
318,CASY,"Caseys General Stores, Inc.",Consumer Cyclical,Specialty Retail,Core,22.9,619.5,755.45,16.5,14.2,10.0,0.0,ok,-0.5,ok,1.51,,False,40.2,26.4,2.2,24.3,23.8,20.0,46.9,-15.3,-32.4,-0.088,0.171,NVDA,,124,14.2,11.0,,False
319,HPQ,HP Inc.,Technology,Computer Hardware,Core,29.0,32.15,30.54,16.0,14.7,10.0,0.0,ok,-0.5,ok,1.33,,False,40.2,10.2,11.7,12.5,19.7,,47.2,37.2,53.2,-0.125,0.269,GEV,,124,14.7,13.0,,False
320,MPWR,"Monolithic Power Systems, Inc.",Technology,Semiconductors,Growth,66.9,1360.97,1306.96,19.0,13.2,10.0,-2.0,ok,0.0,ok,-1.39,,False,40.2,39.0,0.7,47.6,55.2,22.0,71.7,6.4,5.1,0.637,0.528,AVGO,,124,13.2,14.0,,False
321,EG,"Everest Group, Ltd.",Financial Services,Insurance - Reinsurance,Core,14.1,368.72,374.19,15.0,15.2,10.0,0.0,ok,0.0,financial_na,,,False,40.2,6.2,14.6,-11.3,15.3,12.6,46.9,6.2,-2.6,-0.286,0.385,AVGO,,124,15.2,14.0,,False
322,EME,"EMCOR Group, Inc.",Industrials,Engineering & Construction,Core,33.9,769.03,771.06,18.0,14.1,10.0,-2.0,ok,0.0,ok,-0.19,,False,40.1,20.9,2.9,19.8,19.4,40.3,60.0,-0.2,-15.2,0.636,0.655,GEV,,124,14.1,14.0,,False
323,IQV,"IQVIA Holdings, Inc.",Healthcare,Diagnostics & Research,Core,42.9,260.72,251.51,17.5,16.1,10.0,0.0,ok,-3.5,ok,4.65,,False,40.1,18.0,5.0,8.7,33.0,22.8,53.8,26.9,34.8,-0.134,0.25,GEV,,124,16.1,15.0,,False
324,CAT,"Caterpillar, Inc.",Industrials,Farm & Heavy Construction Mach,Core,379.9,826.35,825.85,18.0,15.6,10.0,-2.0,ok,-1.5,ok,2.41,,False,40.1,25.5,1.3,24.0,29.7,57.0,58.1,4.3,-3.1,0.626,0.644,GEV,,124,15.6,14.0,,False
325,KR,Kroger Company (The),Consumer Defensive,Grocery Stores,Core,35.1,59.48,58.09,15.5,16.0,10.0,0.0,ok,-1.5,ok,2.8,,False,40.0,10.8,7.2,2.0,23.9,14.4,57.7,-6.0,-31.7,-0.413,0.397,AVGO,,124,16.0,16.0,,False
326,HON,Honeywell International Inc.,Industrials,Conglomerates,Core,67.8,213.8,222.79,18.5,14.0,10.0,0.0,ok,-2.5,ok,3.03,,False,40.0,21.5,3.9,4.3,36.5,46.6,76.4,-4.3,-22.3,-0.12,0.158,GOOG,,124,14.0,14.0,,False
327,ARE,Alexandria Real Estate Equitie,Real Estate,REIT - Office,Speculative,8.1,47.03,50.99,15.0,20.0,10.0,0.0,ok,-5.0,ok,7.13,,False,40.0,,16.6,-11.9,68.2,-4.1,42.6,-5.8,-7.8,-0.028,0.081,GEV,,124,20.0,17.0,,False
328,GNRC,Generac Holdlings Inc.,Industrials,Specialty Industrial Machinery,Core,12.3,207.91,201.2,15.5,15.0,10.0,0.0,ok,-0.5,ok,1.79,,False,40.0,16.7,2.4,10.6,39.5,9.5,67.0,-2.0,-12.0,0.432,0.394,GEV,,124,15.0,14.0,,False
329,ROST,"Ross Stores, Inc.",Consumer Cyclical,Apparel Retail,Core,74.8,234.1,237.99,18.0,12.0,10.0,0.0,ok,0.0,ok,0.12,,False,40.0,26.1,2.7,13.3,33.4,42.6,63.4,7.7,-10.0,0.032,0.114,GOOG,,124,12.0,11.0,,False
330,LYB,LyondellBasell Industries NV,Basic Materials,Specialty Chemicals,Cyclical,18.7,57.78,62.35,15.5,17.0,10.0,0.0,ok,-2.5,ok,3.27,,False,40.0,9.3,6.6,19.8,12.9,-2.3,27.7,-6.3,-41.1,-0.232,0.183,BMNR,,124,17.0,11.0,,False
331,PSKY,Paramount Skydance Corporation,Communication Services,Entertainment,Core,10.5,9.34,9.84,14.5,19.0,10.0,0.0,ok,-3.5,ok,4.4,,False,40.0,11.0,,0.9,33.3,-0.9,39.0,-11.7,-15.5,0.064,0.179,NVDA,,124,19.0,13.0,fcf_yield_out_of_range(168.3),False
332,AVB,"AvalonBay Communities, Inc.",Real Estate,REIT - Residential,Core,26.3,184.06,188.04,17.0,16.4,10.0,0.0,ok,-3.5,ok,4.9,,False,39.9,36.6,5.4,2.3,62.7,8.5,44.5,3.1,-10.8,-0.306,0.423,AVGO,,93,16.4,17.0,,False
333,ADI,"Analog Devices, Inc.",Technology,Semiconductors,Growth,196.1,404.6,384.37,19.0,12.9,10.0,-2.0,ok,0.0,ok,0.99,,False,39.9,24.7,2.1,39.6,65.8,12.2,84.8,13.0,9.7,0.598,0.51,AVGO,,124,12.9,15.0,,False
334,KLAC,KLA Corporation,Technology,Semiconductor Equipment & Mate,Core,261.4,200.33,190.31,18.0,11.9,10.0,0.0,ok,0.0,ok,0.21,,False,39.9,29.9,1.0,15.2,61.3,87.5,73.9,-81.2,-103.3,0.257,0.263,AVGO,,124,11.9,15.0,,False
335,IR,Ingersoll Rand Inc.,Industrials,Specialty Industrial Machinery,Core,29.2,75.25,79.58,14.5,15.9,10.0,0.0,ok,-0.5,ok,1.85,,False,39.9,19.2,3.8,8.5,42.8,9.5,58.5,-7.8,-22.4,0.234,0.228,GEV,,124,15.9,15.0,,False
336,XOM,ExxonMobil Holdings Corporatio,Energy,Oil & Gas Integrated,Growth,673.6,163.82,160.17,17.5,12.4,10.0,0.0,ok,0.0,ok,0.47,,False,39.9,14.5,3.1,44.1,29.8,12.6,47.4,10.7,-13.9,-0.427,0.317,GOOG,,124,12.4,12.0,,False
337,ABBV,AbbVie Inc.,Healthcare,Drug Manufacturers - General,Core,459.3,259.93,257.65,17.5,13.8,10.0,0.0,ok,-1.5,ok,2.09,,False,39.8,16.0,3.7,10.2,72.8,,61.9,12.9,5.4,-0.399,0.433,AVGO,,124,13.8,17.0,,False
338,MDLZ,"Mondelez International, Inc.",Consumer Defensive,Confectioners,Core,74.1,57.76,61.93,16.0,16.3,10.0,0.0,ok,-2.5,ok,3.35,,False,39.8,17.2,3.0,4.1,31.1,13.3,19.7,-2.6,-15.3,-0.465,0.44,GEV,,124,16.3,16.0,,False
339,EMR,Emerson Electric Company,Industrials,Specialty Industrial Machinery,Core,88.8,158.57,154.06,18.5,11.8,10.0,0.0,ok,-0.5,ok,1.92,,False,39.8,21.8,4.2,7.0,53.2,12.8,71.4,10.1,3.8,0.487,0.455,GEV,,124,11.8,15.0,,False
340,HCA,"HCA Healthcare, Inc.",Healthcare,Medical Care Facilities,Core,93.9,423.39,414.43,15.5,16.8,10.0,0.0,ok,-2.5,ok,3.2,,False,39.8,13.2,4.0,8.7,42.6,,51.6,-5.1,-27.3,-0.128,0.158,NVDA,,124,16.8,16.0,,False
341,A,"Agilent Technologies, Inc.",Healthcare,Diagnostics & Research,Core,47.0,166.68,158.35,17.5,12.7,10.0,0.0,ok,-0.5,ok,1.15,,False,39.7,24.7,2.3,8.1,53.6,21.0,76.4,25.8,29.1,0.065,0.148,NVDA,,124,12.7,16.0,,False
342,HST,"Host Hotels & Resorts, Inc.",Real Estate,REIT - Hotel & Motel,Core,15.6,22.51,23.0,17.0,14.2,10.0,0.0,ok,-1.5,ok,2.18,,False,39.7,21.3,10.8,3.6,29.2,15.6,57.2,6.0,1.4,0.083,0.27,GOOG,,124,14.2,15.0,,False
343,GRMN,Garmin Ltd.,Technology,Scientific & Technical Instrum,Core,54.5,282.46,286.22,17.0,12.6,10.0,0.0,ok,0.0,ok,-1.06,,False,39.6,25.7,1.9,11.4,60.1,21.9,60.7,15.1,2.4,0.108,0.136,GOOG,,124,12.6,15.0,,False
344,RSG,"Republic Services, Inc.",Industrials,Waste Management,Core,63.4,206.98,216.83,16.0,17.1,10.0,-2.0,ok,-1.5,ok,2.7,,False,39.6,25.7,3.1,4.6,43.0,18.2,22.1,-3.7,-22.4,-0.515,0.444,AVGO,,124,17.1,15.0,,False
345,COR,"Cencora, Inc.",Healthcare,Medical Distribution,Core,59.1,309.78,317.19,14.5,16.6,10.0,0.0,ok,-1.5,ok,2.1,,False,39.6,15.6,3.5,5.1,4.0,96.9,41.2,-2.6,-18.7,-0.291,0.288,NVDA,,124,16.6,15.0,,False
346,ECL,Ecolab Inc.,Basic Materials,Specialty Chemicals,Cyclical,76.0,271.26,278.5,15.0,16.1,10.0,0.0,ok,-1.5,ok,2.12,,False,39.6,28.8,1.9,9.7,44.2,22.0,49.5,-0.8,-15.8,-0.032,0.163,GOOG,,124,16.1,12.0,,False
347,FTV,Fortive Corporation,Technology,Scientific & Technical Instrum,Core,17.0,55.84,58.58,17.0,14.0,10.0,0.0,ok,-1.5,ok,2.61,,False,39.5,17.2,5.5,7.9,63.2,7.3,57.9,-4.1,-16.6,0.102,0.162,GEV,,124,14.0,15.0,,False
348,STZ,"Constellation Brands, Inc.",Consumer Defensive,Beverages - Brewers,Core,19.3,112.99,127.55,20.0,12.0,10.0,0.0,ok,-2.5,ok,3.02,,True,39.5,9.2,11.5,-3.3,52.7,23.7,10.7,-20.9,-41.2,-0.175,0.222,AVGO,,124,16.0,17.0,,False
349,BAC,Bank of America Corporation,Financial Services,Banks - Diversified,Core,375.7,53.73,61.0,17.5,12.0,10.0,0.0,ok,0.0,financial_na,,,True,39.5,10.2,,16.8,0.0,11.2,11.1,-2.6,-7.4,0.051,0.211,GOOG,,124,18.0,14.0,,False
350,OTIS,Otis Worldwide Corporation,Industrials,Specialty Industrial Machinery,Core,24.5,64.48,70.57,15.5,16.5,10.0,0.0,ok,-2.5,ok,3.04,,False,39.5,14.2,5.9,7.3,30.3,,37.8,-17.3,-32.7,-0.006,0.135,AVGO,,124,16.5,14.0,,False
351,SLB,SLB Limited,Energy,Oil & Gas Equipment & Services,Cyclical,72.2,48.66,52.72,14.5,15.5,10.0,0.0,ok,-0.5,ok,1.18,,False,39.5,15.1,4.1,5.0,17.0,12.9,17.6,-3.3,-19.2,0.095,0.092,NVDA,,124,15.5,14.0,,False
352,FTNT,"Fortinet, Inc.",Technology,Software - Infrastructure,Core,131.1,178.72,169.78,19.0,10.5,10.0,0.0,ok,0.0,ok,-1.35,,False,39.5,47.3,1.7,25.6,80.2,117.4,74.9,51.8,103.8,0.08,0.232,NVDA,,124,10.5,17.0,,False
353,WMT,Walmart Inc.,Consumer Defensive,Discount Stores,Core,827.2,104.26,108.98,12.0,17.9,10.0,0.0,ok,-0.5,ok,1.44,,False,39.4,32.3,0.9,5.9,24.8,22.3,46.1,-11.8,-32.7,-0.149,0.184,AVGO,,124,17.9,16.0,,False
354,KEYS,Keysight Technologies Inc.,Technology,Scientific & Technical Instrum,Growth,63.7,373.88,355.19,20.5,10.9,10.0,-2.0,ok,0.0,ok,0.09,,False,39.4,27.0,2.9,36.5,63.3,20.9,81.1,24.2,12.5,0.633,0.614,GEV,,124,10.9,15.0,,False
355,TECH,Bio-Techne Corp,Healthcare,Biotechnology,Core,11.4,72.4,72.25,15.5,13.9,10.0,0.0,ok,0.0,ok,0.07,,False,39.4,31.3,2.0,1.3,66.2,9.0,64.8,17.1,19.2,0.046,0.104,GOOG,,124,13.9,17.0,,False
356,VTR,"Ventas, Inc.",Real Estate,REIT - Healthcare Facilities,Core,42.9,83.73,91.13,16.5,16.3,10.0,0.0,ok,-3.5,ok,5.34,,False,39.3,106.0,3.5,21.7,40.0,2.0,11.3,-2.2,-14.4,-0.344,0.391,AVGO,,124,16.3,15.0,,False
357,VEEV,Veeva Systems Inc.,Healthcare,Health Information Services,Core,45.6,281.93,267.83,18.0,11.3,10.0,0.0,ok,0.0,ok,-6.59,,False,39.3,27.5,2.8,17.6,75.0,14.4,72.9,40.4,46.7,-0.138,0.337,GEV,,124,11.3,19.0,,False
358,IEX,IDEX Corporation,Industrials,Specialty Industrial Machinery,Core,16.9,229.85,229.58,16.0,13.7,10.0,0.0,ok,-0.5,ok,1.31,,False,39.2,23.9,3.3,6.4,44.7,13.0,69.0,9.3,3.3,0.241,0.275,GEV,,124,13.7,15.0,,False
359,ALAB,"Astera Labs, Inc.",Technology,Semiconductors,Growth,61.8,356.42,338.6,19.0,12.2,10.0,-2.0,ok,0.0,ok,-4.23,,False,39.2,55.7,0.1,104.5,75.1,25.8,70.9,48.9,218.7,0.57,0.519,AVGO,,124,12.2,15.0,,False
360,ARM,Arm Holdings plc,Technology,Semiconductors,Core,312.2,292.34,277.72,16.5,14.7,10.0,-2.0,ok,0.0,ok,-3.2,,False,39.2,95.7,0.4,22.4,97.5,13.4,60.4,36.5,72.1,0.597,0.517,AVGO,,124,14.7,15.0,,False
361,DGX,Quest Diagnostics Incorporated,Healthcare,Diagnostics & Research,Core,25.5,231.09,237.18,15.5,15.2,10.0,0.0,ok,-1.5,ok,2.55,,False,39.2,19.2,3.6,10.2,33.2,14.6,49.9,12.6,0.9,-0.232,0.276,AVGO,,124,15.2,15.0,,False
362,VTRS,Viatris Inc.,Healthcare,Drug Manufacturers - Specialty,Core,20.1,17.46,16.95,16.0,14.7,10.0,0.0,ok,-1.5,ok,2.82,,False,39.2,6.5,13.4,4.9,40.3,-2.8,66.9,14.6,11.6,-0.062,0.17,AVGO,,124,14.7,16.0,,False
363,MRK,"Merck & Company, Inc.",Healthcare,Drug Manufacturers - General,Core,354.8,143.81,141.68,16.0,13.7,10.0,0.0,ok,-0.5,ok,1.62,,False,39.2,15.1,4.3,5.1,75.9,7.0,47.6,17.7,2.5,-0.169,0.3,AVGO,,124,13.7,17.0,,False
364,ISRG,"Intuitive Surgical, Inc.",Healthcare,Medical Instruments & Supplies,Core,143.8,401.24,381.18,15.5,13.7,10.0,0.0,ok,0.0,ok,-1.25,,False,39.2,33.2,1.8,18.5,66.7,17.4,76.5,-10.6,-30.1,0.088,0.301,GOOG,,124,13.7,17.0,,False
365,BA,Boeing Company (The),Industrials,Aerospace & Defense,Core,151.9,192.28,212.6,14.5,18.6,10.0,0.0,ok,-4.0,neg_ebitda_debt,,,False,39.1,47.0,3.7,8.0,4.7,173.5,39.2,-12.9,-23.7,0.368,0.324,GOOG,,124,18.6,14.0,,False
366,FAST,Fastenal Company,Industrials,Industrial Distribution,Core,57.6,50.23,49.71,17.0,12.1,10.0,0.0,ok,0.0,ok,0.12,,False,39.1,35.8,1.6,14.7,44.7,34.3,61.3,9.2,-8.2,0.035,0.097,GOOG,,124,12.1,15.0,,False
367,TSLA,"Tesla, Inc.",Consumer Cyclical,Auto Manufacturers,Core,1398.6,354.11,346.74,11.0,18.0,10.0,0.0,ok,0.0,ok,-2.55,,False,39.0,,0.3,25.5,18.9,4.7,42.7,-10.2,-23.6,0.491,0.471,BMNR,,124,18.0,11.0,,False
368,TRGP,"Targa Resources, Inc.",Energy,Oil & Gas Midstream,Cyclical,59.9,279.31,281.23,16.0,15.5,10.0,0.0,ok,-2.5,ok,3.54,,False,39.0,23.1,0.1,4.2,43.2,70.8,36.7,13.3,-1.8,-0.203,0.2,AVGO,,124,15.5,13.0,,False
369,CMCSA,Comcast Corporation,Communication Services,Telecom Services,Core,77.0,21.7,24.67,18.5,12.0,10.0,0.0,ok,-1.5,ok,2.43,,True,39.0,6.1,16.5,-1.2,69.4,11.5,10.8,-18.3,-39.1,-0.116,0.201,GOOG,,124,16.0,17.0,,False
370,EFX,"Equifax, Inc.",Industrials,Consulting Services,Core,16.4,139.73,173.93,18.5,12.0,10.0,0.0,ok,-1.5,ok,2.75,,True,39.0,13.8,5.8,10.6,55.5,14.3,17.9,-23.7,-38.7,-0.272,0.405,GEV,,124,15.9,17.0,,False
371,LOW,"Lowe's Companies, Inc.",Consumer Cyclical,Home Improvement Retail,Core,102.3,182.38,205.64,15.5,16.0,10.0,0.0,ok,-2.5,ok,3.05,,False,39.0,14.0,4.5,8.3,33.0,,25.8,-21.2,-38.8,0.04,0.263,GOOG,,124,16.0,11.0,,False
372,ES,Eversource Energy (D/B/A),Utilities,Utilities - Regulated Electric,Core,24.2,64.31,70.22,14.5,18.0,10.0,0.0,ok,-3.5,ok,5.67,,False,39.0,13.1,3.4,2.3,52.8,9.0,27.2,-7.5,-23.0,-0.095,0.181,AVGO,,124,18.0,19.0,,False
373,CPB,The Campbell's Company,Consumer Defensive,Packaged Foods,Speculative,5.8,19.49,22.09,16.0,16.4,10.0,0.0,ok,-3.5,ok,4.36,,False,38.9,10.6,10.9,-7.9,28.5,10.1,35.2,-15.6,-27.8,-0.303,0.315,GEV,,124,16.4,16.0,,False
374,WST,"West Pharmaceutical Services, ",Healthcare,Medical Instruments & Supplies,Core,25.7,365.01,351.88,14.5,14.4,10.0,0.0,ok,0.0,ok,-0.13,,False,38.9,36.6,1.1,13.8,36.8,19.1,64.7,21.1,28.1,-0.006,0.064,GOOG,,124,14.4,15.0,,False
375,SNPS,"Synopsys, Inc.",Technology,Software - Infrastructure,Growth,94.0,490.54,466.01,18.5,12.9,10.0,0.0,ok,-2.5,ok,3.49,,False,38.9,26.4,3.6,42.4,82.9,3.7,76.9,10.2,7.2,0.328,0.373,NVDA,,124,12.9,17.0,,False
376,DD,"DuPont de Nemours, Inc.",Basic Materials,Specialty Chemicals,Cyclical,17.4,129.2,135.88,15.5,13.3,10.0,0.0,ok,0.0,ok,0.91,,False,38.8,16.2,10.5,4.0,35.1,1.8,55.5,67.8,164.2,0.028,0.119,BMNR,,124,13.3,11.0,,False
377,FCX,"Freeport-McMoRan, Inc.",Basic Materials,Copper,Cyclical,99.5,69.28,70.24,15.0,15.8,10.0,-2.0,ok,0.0,ok,0.66,,False,38.8,16.7,2.2,-7.3,38.3,14.8,42.4,9.4,-3.0,0.54,0.445,BMNR,,124,15.8,11.0,,False
378,COO,"The Cooper Companies, Inc.",Healthcare,Medical Instruments & Supplies,Core,10.9,57.41,67.56,17.0,13.3,10.0,0.0,ok,-1.5,ok,2.84,,False,38.8,12.2,5.0,0.6,65.9,6.8,65.1,-19.9,-36.1,-0.078,0.199,AVGO,,124,13.3,17.0,,False
379,XYZ,"Block, Inc.",Technology,Software - Infrastructure,Core,44.5,74.04,79.67,11.0,17.7,10.0,0.0,ok,0.0,ok,0.28,,False,38.7,14.3,-0.1,9.3,46.6,1.6,34.0,5.8,7.9,0.347,0.437,BMNR,,124,17.7,16.0,,False
380,ACMR,"ACM Research, Inc.",Technology,Semiconductor Equipment & Mate,Growth,5.8,83.58,79.4,14.5,16.2,10.0,-2.0,ok,0.0,ok,-6.83,,False,38.7,28.9,-3.2,36.0,43.8,11.6,63.8,25.4,90.1,0.589,0.536,GEV,,124,16.2,14.0,,False
381,SWKS,"Skyworks Solutions, Inc.",Technology,Semiconductors,Core,12.5,83.16,79.0,12.0,16.6,10.0,0.0,ok,0.0,ok,-0.13,,False,38.6,16.8,3.6,-3.1,40.7,5.1,49.0,27.1,39.8,0.264,0.284,AVGO,,124,16.6,14.0,,False
382,BALL,Ball Corporation,Consumer Cyclical,Packaging & Containers,Core,15.0,56.5,61.91,14.0,17.1,10.0,0.0,ok,-2.5,ok,3.41,,False,38.6,12.5,2.5,19.7,18.6,17.2,31.3,-5.7,-22.9,-0.083,0.177,AVGO,,124,17.1,11.0,,False
383,AKAM,"Akamai Technologies, Inc.",Technology,Software - Infrastructure,Core,15.4,106.93,112.39,16.0,16.0,10.0,0.0,ok,-3.5,ok,5.54,,False,38.5,15.6,4.6,5.4,57.5,8.9,49.8,-4.1,-24.1,0.248,0.285,AVGO,,124,16.0,16.0,,False
384,RF,Regions Financial Corporation,Financial Services,Banks - Regional,Core,23.0,26.96,30.05,16.5,12.0,10.0,0.0,ok,0.0,financial_na,,,True,38.5,9.5,,3.4,0.0,11.9,14.3,-5.8,-14.1,0.015,0.239,GOOG,,124,17.2,14.0,,False
385,KIM,Kimco Realty Corporation (HC),Real Estate,REIT - Retail,Core,14.9,22.21,23.98,17.0,16.5,10.0,0.0,ok,-5.0,ok,6.12,,False,38.5,24.7,5.8,4.9,68.9,5.8,17.9,-4.2,-17.5,-0.18,0.225,AVGO,,124,16.5,17.0,,False
386,FICO,Fair Isaac Corporation,Technology,Software - Application,Core,14.3,661.75,1044.05,20.0,12.0,10.0,0.0,ok,-3.5,ok,4.23,,True,38.5,12.7,5.4,25.7,85.1,,22.5,-46.1,-54.2,-0.223,0.282,GEV,,124,15.7,17.0,,False
387,KLIC,"Kulicke and Soffa Industries, ",Technology,Semiconductor Equipment & Mate,Growth,5.0,96.03,91.23,16.5,13.9,10.0,-2.0,ok,0.0,ok,-2.49,,False,38.4,16.3,1.1,122.6,52.6,13.2,74.6,16.3,28.4,0.552,0.508,GEV,,124,13.9,14.0,,False
388,MET,"MetLife, Inc.",Financial Services,Insurance - Life,Core,60.0,94.35,96.32,10.0,18.4,10.0,0.0,ok,0.0,financial_na,,,False,38.4,8.6,-34.9,10.5,24.0,13.1,37.2,13.4,17.1,-0.105,0.207,AVGO,,124,18.4,14.0,,False
389,TMO,Thermo Fisher Scientific Inc,Healthcare,Diagnostics & Research,Core,241.3,652.51,619.88,17.0,13.9,10.0,0.0,ok,-2.5,ok,3.28,,False,38.4,23.7,2.6,10.5,41.0,13.5,69.8,20.4,15.5,-0.062,0.111,GEV,,124,13.9,16.0,,False
390,CAH,"Cardinal Health, Inc.",Healthcare,Medical Distribution,Core,53.3,230.09,232.34,14.0,14.8,10.0,0.0,ok,-0.5,ok,1.21,,False,38.3,16.4,8.9,5.8,3.8,,40.7,5.8,-7.9,-0.219,0.355,AVGO,,124,14.8,15.0,,False
391,EA,Electronic Arts Inc.,Communication Services,Electronic Gaming & Multimedia,Core,52.9,209.7,205.27,18.0,10.2,10.0,0.0,ok,0.0,ok,-0.31,,False,38.2,21.7,3.2,18.9,79.9,16.5,80.9,3.4,-12.2,-0.18,0.172,GOOG,,85,10.2,15.0,,False
392,SMCI,"Super Micro Computer, Inc.",Technology,Computer Hardware,Growth,27.1,41.92,39.82,13.5,14.7,10.0,0.0,ok,0.0,ok,0.61,,False,38.2,7.9,-30.4,93.2,10.8,21.5,64.9,31.4,69.8,0.428,0.491,NVDA,,124,14.7,13.0,,False
393,FIX,"Comfort Systems USA, Inc.",Industrials,Engineering & Construction,Growth,59.3,1685.29,1660.95,20.0,12.2,10.0,-4.0,ok,0.0,ok,-0.77,,False,38.2,28.0,3.1,50.3,25.7,55.3,71.0,8.9,1.6,0.671,0.705,GEV,,124,12.2,14.0,,False
394,WAB,Westinghouse Air Brake Technol,Industrials,Railroads,Core,48.6,287.84,290.93,17.0,12.7,10.0,0.0,ok,-1.5,ok,2.37,,False,38.2,23.1,2.3,17.5,35.7,11.6,61.1,10.4,-4.0,0.298,0.27,GEV,,124,12.7,14.0,,False
395,LH,Labcorp Holdings Inc.,Healthcare,Diagnostics & Research,Core,24.7,304.6,318.4,14.5,15.1,10.0,0.0,ok,-1.5,ok,2.88,,False,38.1,15.4,3.6,5.8,28.9,11.7,47.6,8.9,-4.8,-0.093,0.166,AVGO,,124,15.1,15.0,,False
396,GILD,"Gilead Sciences, Inc.",Healthcare,Drug Manufacturers - General,Core,182.9,147.5,142.65,17.0,11.6,10.0,0.0,ok,-0.5,ok,1.46,,False,38.1,14.9,5.3,10.2,79.6,-20.7,56.8,8.3,-11.3,-0.106,0.178,AVGO,,124,11.6,17.0,,False
397,GLW,Corning Incorporated,Technology,Electronic Components,Core,137.9,160.42,152.54,14.5,16.1,10.0,-2.0,ok,-0.5,ok,1.68,,False,38.1,36.8,0.5,16.6,36.4,16.8,48.0,7.2,-3.8,0.587,0.59,GEV,,124,16.1,13.0,,False
398,EQIX,"Equinix, Inc.",Real Estate,REIT - Specialty,Core,99.9,1012.33,1043.8,17.0,14.6,10.0,0.0,ok,-3.5,ok,4.93,,False,38.1,54.4,3.8,16.7,52.0,10.7,46.4,2.9,-14.8,0.221,0.271,GEV,,124,14.6,16.0,,False
399,COST,Costco Wholesale Corporation,Consumer Defensive,Discount Stores,Core,405.6,914.94,933.69,13.0,15.1,10.0,0.0,ok,0.0,ok,-0.89,,False,38.1,36.6,1.8,11.1,12.8,28.4,55.8,-4.7,-24.5,-0.287,0.318,AVGO,,124,15.1,16.0,,False
400,DPZ,Domino's Pizza Inc,Consumer Cyclical,Restaurants,Speculative,9.8,295.0,331.73,15.5,16.1,10.0,0.0,ok,-3.5,ok,4.84,,False,38.1,14.1,5.4,4.3,28.7,,31.5,-16.8,-34.9,-0.192,0.309,NVDA,,124,16.1,11.0,,False
401,CPRT,"Copart, Inc.",Industrials,Specialty Business Services,Core,25.3,27.29,30.44,16.0,12.0,10.0,0.0,ok,0.0,ok,-2.36,,True,38.0,15.6,3.5,2.4,45.3,16.2,20.5,-18.8,-33.8,-0.238,0.344,AVGO,,124,16.0,17.0,,False
402,CTVA,"Corteva, Inc.",Basic Materials,Agricultural Inputs,Cyclical,8.4,12.57,80.49,16.0,12.0,10.0,0.0,ok,0.0,ok,0.59,,True,38.0,3.0,28.8,-1.2,49.5,4.3,3.6,-83.9,-101.5,-0.051,0.114,GEV,,124,16.0,12.0,,False
403,SW,Smurfit WestRock plc,Consumer Cyclical,Packaging & Containers,Core,22.6,43.04,46.74,13.0,16.5,10.0,0.0,ok,-1.5,ok,2.95,,False,38.0,12.5,5.4,1.1,18.2,2.7,53.8,0.4,-8.0,0.168,0.182,NVDA,,124,16.5,11.0,,False
404,ATO,Atmos Energy Corporation,Utilities,Utilities - Regulated Gas,Core,26.4,156.38,167.46,11.5,19.0,10.0,0.0,ok,-2.5,ok,3.74,,False,38.0,17.3,-8.4,4.8,62.2,9.8,13.7,-10.3,-32.2,-0.205,0.249,AVGO,,124,19.0,20.0,,False
405,TSCO,Tractor Supply Company,Consumer Cyclical,Specialty Retail,Core,16.5,31.73,33.43,14.5,16.0,10.0,0.0,ok,-2.5,ok,3.27,,False,38.0,15.5,0.6,2.3,36.5,39.5,35.8,-20.8,-45.2,-0.025,0.102,AVGO,,124,16.0,11.0,,False
406,PNR,Pentair plc.,Industrials,Specialty Industrial Machinery,Speculative,8.5,52.88,61.33,16.5,12.0,10.0,0.0,ok,-0.5,ok,1.62,,True,38.0,10.2,6.5,-17.0,41.4,17.1,23.2,-35.0,-55.3,0.113,0.14,NVDA,,124,16.0,15.0,,False
407,HSIC,"Henry Schein, Inc.",Healthcare,Medical Distribution,Speculative,9.7,84.93,87.63,14.5,16.0,10.0,0.0,ok,-2.5,ok,3.39,,False,38.0,14.2,4.6,6.7,31.3,8.9,42.3,5.9,-0.2,0.049,0.152,GOOG,,124,16.0,15.0,,False
408,CLX,Clorox Company (The),Consumer Defensive,Household & Personal Products,Speculative,9.8,80.65,96.06,15.0,16.5,10.0,0.0,ok,-3.5,ok,4.79,,False,38.0,12.9,1.1,-2.0,42.3,163.8,31.5,-20.0,-38.1,-0.034,0.311,GOOG,,124,16.5,17.0,,False
409,SOUN,"SoundHound AI, Inc.",Technology,Software - Application,Growth,2.7,6.05,6.6,11.5,16.4,10.0,0.0,ok,0.0,neg_ebitda_low_debt,,,False,37.9,,-1.7,45.0,42.3,-32.2,43.8,-22.9,-25.9,0.417,0.471,BMNR,,124,16.4,16.0,,False
410,RCL,Royal Caribbean Cruises Ltd.,Consumer Cyclical,Travel Services,Core,72.2,269.99,282.66,15.0,15.3,10.0,0.0,ok,-2.5,ok,3.27,,False,37.8,13.2,-2.1,6.5,50.3,44.7,56.3,-5.8,-20.7,0.284,0.364,GOOG,,124,15.3,14.0,,False
411,MCK,McKesson Corporation,Healthcare,Medical Distribution,Core,104.8,898.82,875.18,14.0,13.8,10.0,0.0,ok,0.0,ok,0.94,,False,37.8,17.8,6.5,7.7,3.6,,54.9,6.2,-13.4,-0.395,0.352,AVGO,,124,13.8,15.0,,False
412,MCHP,Microchip Technology Incorpora,Technology,Semiconductors,Growth,42.6,78.5,76.01,17.5,14.8,10.0,-2.0,ok,-2.5,ok,3.4,,False,37.8,17.1,3.2,38.0,60.2,7.2,70.8,-0.2,3.6,0.587,0.501,AVGO,,124,14.8,15.0,,False
413,NDSN,Nordson Corporation,Industrials,Specialty Industrial Machinery,Core,18.3,329.02,314.14,18.0,10.3,10.0,0.0,ok,-0.5,ok,1.78,,False,37.8,25.3,3.3,10.3,55.4,17.8,86.8,15.0,6.7,0.314,0.255,GEV,,124,10.3,15.0,,False
414,PEG,Public Service Enterprise Grou,Utilities,Utilities - Regulated Electric,Core,33.8,67.89,73.51,12.5,18.7,10.0,0.0,ok,-3.5,ok,5.49,,False,37.7,14.5,0.3,-8.9,33.3,11.8,26.3,-13.8,-32.9,-0.051,0.126,AVGO,,124,18.7,18.0,,False
415,WEC,"WEC Energy Group, Inc.",Utilities,Utilities - Regulated Electric,Core,33.1,101.73,107.05,12.0,19.2,10.0,0.0,ok,-3.5,ok,5.79,,False,37.7,17.0,-7.1,2.6,41.9,12.0,35.2,-8.0,-28.1,-0.18,0.266,AVGO,,124,19.2,19.0,,False
416,NEE,"NextEra Energy, Inc.",Utilities,Utilities - Regulated Electric,Core,159.2,76.35,83.47,14.0,18.6,10.0,0.0,ok,-5.0,ok,7.35,,False,37.6,17.4,-11.2,12.4,61.0,11.7,21.9,-12.5,-34.2,0.07,0.128,GEV,,124,18.6,20.0,,False
417,SO,Southern Company (The),Utilities,Utilities - Regulated Electric,Core,96.0,83.47,89.76,12.5,18.6,10.0,0.0,ok,-3.5,ok,5.2,,False,37.6,17.0,-4.1,0.1,48.3,11.5,26.9,-8.9,-29.6,-0.227,0.274,AVGO,,124,18.6,19.0,,False
418,RGTI,"Rigetti Computing, Inc.",Technology,Computer Hardware,Growth,5.2,15.62,16.13,12.0,17.6,10.0,-2.0,ok,0.0,neg_ebitda_low_debt,,,False,37.6,,0.5,185.3,,-43.8,54.6,-15.2,-0.8,0.519,0.466,BMNR,,124,17.6,13.0,,False
419,MLM,"Martin Marietta Materials, Inc",Basic Materials,Building Materials,Cyclical,34.0,479.17,523.87,12.5,16.5,10.0,0.0,ok,-1.5,ok,2.93,,False,37.5,22.4,1.7,21.0,28.2,8.9,34.7,-18.9,-36.5,0.13,0.184,GOOG,,124,16.5,11.0,,False
420,BIIB,Biogen Inc.,Healthcare,Drug Manufacturers - General,Core,32.9,222.82,214.52,15.5,13.5,10.0,0.0,ok,-1.5,ok,2.1,,False,37.5,13.5,3.8,3.4,78.3,4.6,61.8,14.4,4.8,-0.203,0.197,AVGO,,124,13.5,17.0,,False
421,POOL,Pool Corporation,Industrials,Industrial Distribution,Speculative,5.8,160.67,183.63,17.0,12.0,10.0,0.0,ok,-1.5,ok,2.58,,True,37.5,13.6,3.6,2.2,29.6,31.3,20.1,-22.8,-35.6,0.031,0.166,GOOG,,124,16.0,14.0,,False
422,SBUX,Starbucks Corporation,Consumer Cyclical,Restaurants,Core,108.2,94.88,102.58,13.0,17.0,10.0,0.0,ok,-2.5,ok,3.34,,False,37.5,30.4,2.8,-1.4,22.3,,31.4,-3.4,-10.9,-0.019,0.129,NVDA,,124,17.0,11.0,,False
423,BLDR,"Builders FirstSource, Inc.",Industrials,Building Products & Equipment,Speculative,6.2,57.35,66.37,14.5,16.5,10.0,0.0,ok,-3.5,ok,5.06,,False,37.5,13.1,7.5,-8.8,29.2,2.5,43.8,-33.4,-45.6,0.239,0.263,NVDA,,124,16.5,14.0,,False
424,CHTR,"Charter Communications, Inc.",Communication Services,Telecom Services,Core,14.5,111.37,140.27,19.0,12.0,10.0,0.0,ok,-3.5,ok,4.41,,True,37.5,,15.2,-1.7,55.2,27.2,11.6,-36.6,-65.0,-0.118,0.206,NVDA,,124,16.0,16.0,,False
425,JBHT,"J.B. Hunt Transport Services, ",Industrials,Integrated Freight & Logistics,Core,21.3,227.2,262.26,15.5,12.0,10.0,0.0,ok,0.0,ok,0.84,,True,37.5,22.7,4.2,19.4,18.5,18.4,23.0,-6.4,-9.8,0.074,0.125,NVDA,,124,17.2,14.0,,False
426,TDY,Teledyne Technologies Incorpor,Technology,Scientific & Technical Instrum,Core,28.4,612.7,635.43,14.5,13.4,10.0,0.0,ok,-0.5,ok,1.06,,False,37.4,22.9,3.2,9.8,43.3,9.2,65.8,-1.6,-17.3,0.482,0.458,GEV,,124,13.4,14.0,,False
427,IONQ,"IonQ, Inc.",Technology,Computer Hardware,Growth,17.8,43.99,41.79,11.0,18.4,10.0,-2.0,ok,0.0,neg_ebitda_low_debt,,,False,37.4,,-0.5,286.8,,-60.5,75.3,1.0,41.8,0.521,0.445,BMNR,,124,18.4,13.0,,False
428,PFE,"Pfizer, Inc.",Healthcare,Drug Manufacturers - General,Core,160.3,28.12,27.21,18.0,10.8,10.0,0.0,ok,-1.5,ok,2.04,,False,37.3,9.7,7.8,2.6,74.7,5.0,60.7,7.7,-16.3,-0.171,0.233,GEV,,124,10.8,17.0,,False
429,ZBRA,Zebra Technologies Corporation,Technology,Communication Equipment,Core,17.9,375.45,356.68,18.0,10.7,10.0,0.0,ok,-1.5,ok,2.37,,False,37.2,16.9,3.2,20.4,49.6,15.3,71.8,41.0,64.7,0.258,0.295,AVGO,,124,10.7,14.0,,False
430,MAR,Marriott International,Consumer Cyclical,Lodging,Core,92.5,354.79,352.71,17.5,12.1,10.0,0.0,ok,-2.5,ok,3.6,,False,37.1,27.0,2.2,11.1,79.2,,74.4,1.7,-10.1,0.084,0.175,BMNR,,124,12.1,13.0,,False
431,KMI,"Kinder Morgan, Inc.",Energy,Oil & Gas Midstream,Cyclical,67.9,30.53,31.54,14.5,16.1,10.0,0.0,ok,-3.5,ok,4.23,,False,37.1,19.8,1.6,10.8,49.4,11.0,44.2,-2.3,-22.8,-0.187,0.211,AVGO,,124,16.1,13.0,,False
432,MTD,"Mettler-Toledo International, ",Healthcare,Diagnostics & Research,Core,29.7,1481.17,1407.11,16.5,11.1,10.0,0.0,ok,-0.5,ok,1.64,,False,37.1,28.6,2.3,4.5,60.3,,76.4,12.3,-0.2,0.079,0.125,GOOG,,124,11.1,17.0,,False
433,WMB,"Williams Companies, Inc. (The)",Energy,Oil & Gas Midstream,Cyclical,84.7,69.22,72.24,15.0,15.6,10.0,0.0,ok,-3.5,ok,4.35,,False,37.1,26.2,-1.8,7.8,63.6,21.5,29.2,-2.4,-20.1,-0.034,0.142,BMNR,,124,15.6,14.0,,False
434,HPE,Hewlett Packard Enterprise Com,Technology,Communication Equipment,Growth,85.7,64.58,61.35,18.0,10.5,10.0,0.0,ok,-1.5,ok,2.05,,False,37.0,13.9,5.5,33.7,36.6,10.9,80.4,77.3,152.8,0.362,0.481,AVGO,,124,10.5,13.0,,False
435,PLAB,"Photronics, Inc.",Technology,Semiconductor Equipment & Mate,Speculative,1.8,30.83,30.21,13.5,15.5,10.0,-2.0,ok,0.0,ok,-2.44,,False,37.0,14.8,1.6,2.7,33.7,13.8,68.3,-14.2,-41.0,0.535,0.522,GEV,,124,15.5,13.0,,False
436,J,Jacobs Solutions Inc.,Industrials,Engineering & Construction,Growth,16.5,139.79,142.87,13.5,15.0,10.0,0.0,ok,-1.5,ok,2.72,,False,37.0,16.9,3.9,34.5,22.1,8.0,48.6,5.1,-7.6,0.025,0.126,BMNR,,124,15.0,14.0,,False
437,DELL,Dell Technologies Inc.,Technology,Computer Hardware,Growth,344.4,541.74,514.65,14.5,13.0,10.0,0.0,ok,-0.5,ok,1.34,,False,37.0,18.6,1.8,57.7,19.9,,58.5,87.7,204.4,0.305,0.371,AVGO,,124,13.0,13.0,,False
438,LIN,Linde plc,Basic Materials,Specialty Chemicals,Cyclical,216.4,469.45,481.94,13.5,13.9,10.0,0.0,ok,-0.5,ok,1.67,,False,36.9,24.0,1.9,9.3,48.3,18.4,60.0,-3.2,-21.4,-0.123,0.164,GOOG,,124,13.9,12.0,,False
439,ETN,"Eaton Corporation, PLC",Industrials,Specialty Industrial Machinery,Core,169.8,437.28,421.14,15.5,13.8,14.1,-4.0,ok,-2.5,ok,3.11,,False,36.9,27.0,1.8,21.4,36.0,19.7,65.1,12.9,3.5,0.702,0.674,GEV,,124,13.8,19.0,,False
440,FE,FirstEnergy Corp.,Utilities,Utilities - Regulated Electric,Core,25.1,43.39,46.54,11.5,18.8,10.0,0.0,ok,-3.5,ok,5.33,,False,36.8,14.7,-8.0,8.8,68.6,9.5,22.7,-7.9,-30.4,-0.237,0.308,AVGO,,124,18.8,20.0,,False
441,IREN,IREN LIMITED,Financial Services,Capital Markets,Core,16.0,40.65,41.32,7.5,21.2,10.0,-2.0,ok,0.0,financial_na,,,False,36.7,,-26.3,-26.7,68.9,-23.4,41.2,-10.7,2.8,0.626,0.505,AVGO,,124,21.2,16.0,,False
442,OKE,"ONEOK, Inc.",Energy,Oil & Gas Midstream,Growth,54.9,87.16,92.21,15.0,15.2,10.0,0.0,ok,-3.5,ok,4.28,,False,36.7,14.0,1.6,52.8,27.2,16.3,26.9,1.4,-15.5,-0.288,0.296,AVGO,,124,15.2,12.0,,False
443,WELL,Welltower Inc.,Real Estate,REIT - Healthcare Facilities,Growth,163.5,226.94,236.24,14.0,16.1,10.0,0.0,ok,-3.5,ok,5.32,,False,36.6,71.4,1.7,39.1,39.6,3.8,35.7,6.5,-2.0,-0.279,0.384,AVGO,,124,16.1,15.0,,False
444,LEN,Lennar Corporation,Consumer Cyclical,Residential Construction,Core,19.8,82.11,83.82,11.5,16.5,10.0,0.0,ok,-1.5,ok,2.44,,False,36.5,15.2,,-8.7,16.0,6.0,60.3,-13.0,-19.9,0.202,0.178,GOOG,,124,16.5,11.0,,False
445,WYNN,"Wynn Resorts, Limited",Consumer Cyclical,Resorts & Casinos,Speculative,8.0,77.3,93.3,18.0,12.0,10.0,0.0,ok,-3.5,ok,5.66,,True,36.5,15.0,6.0,6.9,68.3,,20.2,-25.2,-40.9,0.095,0.143,GOOG,,124,16.0,13.0,,False
446,LITE,Lumentum Holdings Inc.,Technology,Communication Equipment,Growth,93.8,1045.78,993.49,14.0,12.5,10.0,0.0,ok,0.0,ok,-1.33,,False,36.5,30.1,0.2,109.3,44.2,-240.0,62.0,41.6,20.3,0.476,0.481,GEV,,124,12.5,14.0,,False
447,DHR,Danaher Corporation,Healthcare,Diagnostics & Research,Core,148.9,211.76,207.94,14.5,13.5,10.0,0.0,ok,-1.5,ok,2.93,,False,36.5,22.8,2.9,5.5,58.8,7.6,62.3,5.0,-5.5,-0.154,0.223,AVGO,,124,13.5,16.0,,False
448,CARR,Carrier Global Corporation,Industrials,Building Products & Equipment,Core,45.9,55.22,59.98,10.5,18.5,10.0,0.0,ok,-2.5,ok,3.57,,False,36.5,16.7,1.9,3.9,24.7,9.0,42.4,-10.2,-19.1,0.369,0.314,GEV,,124,18.5,14.0,,False
449,AWK,"American Water Works Company, ",Utilities,Utilities - Regulated Water,Core,25.4,127.86,135.81,13.0,16.9,10.0,0.0,ok,-3.5,ok,5.44,,False,36.4,19.5,-7.0,6.2,61.5,10.1,9.2,-2.6,-22.3,-0.421,0.363,AVGO,,124,16.9,20.0,,False
450,AEP,American Electric Power Compan,Utilities,Utilities - Regulated Electric,Core,65.2,119.75,124.35,12.0,17.8,10.0,0.0,ok,-3.5,ok,5.86,,False,36.3,17.5,-9.2,7.0,46.4,10.1,34.8,-5.2,-24.9,-0.128,0.172,AVGO,,124,17.8,19.0,,False
451,CPT,Camden Property Trust,Real Estate,REIT - Residential,Speculative,9.7,96.62,106.32,11.0,18.8,10.0,0.0,ok,-3.5,ok,5.4,,False,36.3,88.6,1.4,-0.8,61.6,7.9,24.7,-9.3,-18.1,-0.301,0.365,AVGO,,124,18.8,17.0,,False
452,TSN,"Tyson Foods, Inc.",Consumer Defensive,Farm Products,Core,17.8,50.47,55.46,12.0,15.8,10.0,0.0,ok,-1.5,ok,2.62,,False,36.3,12.2,6.7,-0.1,6.6,3.3,29.3,-15.8,-38.0,-0.134,0.25,NVDA,,124,15.8,16.0,,False
453,WAT,Waters Corporation,Healthcare,Diagnostics & Research,Growth,41.8,425.53,408.58,14.0,14.6,10.0,0.0,ok,-2.5,ok,3.4,,False,36.1,25.7,-0.3,113.4,56.3,1.9,63.9,17.2,25.4,0.147,0.198,AVGO,,124,14.6,16.0,,False
454,ETR,Entergy Corporation,Utilities,Utilities - Regulated Electric,Core,48.0,100.4,106.07,12.0,17.6,10.0,0.0,ok,-3.5,ok,5.56,,False,36.1,19.7,-9.2,5.9,47.0,10.2,30.6,-5.1,-27.6,-0.004,0.103,NVDA,,124,17.6,19.0,,False
455,PPL,PPL Corporation,Utilities,Utilities - Regulated Electric,Core,24.7,32.76,34.55,10.5,19.0,10.0,0.0,ok,-3.5,ok,5.33,,False,36.0,15.5,-7.9,4.2,44.1,8.6,32.0,-9.1,-31.1,-0.198,0.251,AVGO,,124,19.0,19.0,,False
456,EIX,Edison International,Utilities,Utilities - Regulated Electric,Core,20.7,53.8,65.37,13.5,16.0,10.0,0.0,ok,-3.5,ok,4.85,,False,36.0,8.3,0.4,-4.1,61.0,19.7,35.1,-20.7,-42.5,-0.063,0.146,NVDA,,124,16.0,20.0,,False
457,MCD,McDonald's Corporation,Consumer Cyclical,Restaurants,Core,164.1,231.83,260.09,16.5,12.0,10.0,0.0,ok,-2.5,ok,3.6,,True,36.0,16.8,3.8,3.7,57.4,,21.8,-20.1,-41.0,-0.167,0.275,NVDA,,124,16.0,12.0,,False
458,AEE,Ameren Corporation,Utilities,Utilities - Regulated Electric,Core,27.6,99.38,106.66,11.0,18.4,10.0,0.0,ok,-3.5,ok,5.57,,False,35.9,17.2,-6.5,-6.2,52.4,11.9,18.0,-7.6,-26.1,-0.224,0.257,AVGO,,123,18.4,19.0,,False
459,NI,NiSource Inc,Utilities,Utilities - Regulated Gas,Core,18.9,39.5,41.93,10.5,18.8,10.0,0.0,ok,-3.5,ok,5.74,,False,35.8,17.5,-9.4,4.6,51.0,8.5,29.1,-11.6,-31.7,-0.052,0.142,AVGO,,124,18.8,19.0,,False
460,LNT,Alliant Energy Corporation,Utilities,Utilities - Regulated Electric,Core,16.5,63.71,68.45,12.0,18.8,10.0,0.0,ok,-5.0,ok,6.61,,False,35.8,17.3,-6.9,1.0,44.5,11.1,29.2,-8.9,-27.2,-0.165,0.249,AVGO,,124,18.8,19.0,,False
461,DDOG,"Datadog, Inc.",Technology,Software - Application,Growth,99.3,276.46,262.64,15.0,10.8,10.0,0.0,ok,0.0,ok,-44.73,,False,35.8,93.0,1.1,35.6,79.5,4.7,90.7,50.4,116.5,0.004,0.142,NVDA,,124,10.8,17.0,,False
462,AME,"AMETEK, Inc.",Industrials,Specialty Industrial Machinery,Core,57.1,249.09,243.52,17.0,10.7,10.0,-2.0,ok,0.0,ok,0.73,,False,35.7,26.0,2.6,15.0,36.9,14.6,76.1,8.4,-2.5,0.527,0.537,GEV,,124,10.7,14.0,,False
463,DUK,Duke Energy Corporation (Holdi,Utilities,Utilities - Regulated Electric,Core,88.7,113.74,121.34,10.5,18.6,10.0,0.0,ok,-3.5,ok,5.51,,False,35.6,15.9,-5.0,1.1,52.0,9.9,19.2,-7.7,-28.8,-0.289,0.297,AVGO,,124,18.6,19.0,,False
464,LUV,Southwest Airlines Company,Industrials,Airlines,Core,20.5,41.84,42.43,10.5,15.5,10.0,0.0,ok,-0.5,ok,1.33,,False,35.5,8.9,-4.1,16.4,22.4,11.1,69.6,-3.7,-7.0,0.316,0.376,GOOG,,124,15.5,14.0,,False
465,IRM,Iron Mountain Incorporated (De,Real Estate,REIT - Specialty,Core,33.1,111.13,119.43,13.0,17.5,10.0,0.0,ok,-5.0,ok,7.74,,False,35.5,40.7,-1.3,18.5,54.2,,44.2,-0.5,-6.4,0.365,0.297,GEV,,124,17.5,16.0,,False
466,MGM,MGM Resorts International,Consumer Cyclical,Resorts & Casinos,Speculative,7.7,30.47,41.39,18.5,12.0,10.0,0.0,ok,-5.0,ok,12.25,,True,35.5,14.7,11.5,1.0,44.2,18.9,8.8,-23.4,-33.6,-0.003,0.144,GEV,,124,16.0,12.0,,False
467,GM,General Motors Company,Consumer Cyclical,Auto Manufacturers,Core,71.7,79.31,85.4,14.0,16.4,10.0,0.0,ok,-5.0,ok,6.32,,False,35.4,5.3,,1.9,10.2,3.2,37.1,-1.6,-10.8,0.23,0.328,BMNR,,124,16.4,11.0,fcf_yield_out_of_range(30.6),False
468,DE,Deere & Company,Industrials,Farm & Heavy Construction Mach,Core,179.9,667.26,646.11,14.5,15.8,10.0,0.0,ok,-5.0,ok,6.7,,False,35.3,29.2,2.5,4.9,25.2,18.2,45.0,14.0,0.5,0.143,0.142,AVGO,,124,15.8,14.0,,False
469,CRWD,"CrowdStrike Holdings, Inc.",Technology,Software - Infrastructure,Core,272.5,266.09,252.79,14.0,11.3,10.0,0.0,ok,0.0,ok,-39.24,,False,35.3,,0.7,25.8,75.2,1.5,79.7,-34.8,-48.8,0.189,0.227,NVDA,,124,11.3,17.0,,False
470,AMD,"Advanced Micro Devices, Inc.",Technology,Semiconductors,Growth,1005.2,615.73,584.94,16.5,10.7,10.0,-2.0,ok,0.0,ok,-0.92,,False,35.2,39.5,0.9,50.1,55.7,10.2,78.5,65.9,176.4,0.622,0.527,AVGO,,124,10.7,14.0,,False
471,ED,"Consolidated Edison, Inc.",Utilities,Utilities - Regulated Electric,Core,38.3,103.5,107.36,12.0,16.7,10.0,0.0,ok,-3.5,ok,4.36,,False,35.2,15.9,-2.2,13.2,53.4,9.0,35.9,-3.4,-24.8,-0.348,0.369,AVGO,,124,16.7,19.0,,False
472,ONTO,Onto Innovation Inc.,Technology,Semiconductor Equipment & Mate,Growth,19.2,314.88,299.14,14.0,13.2,10.0,-2.0,ok,0.0,ok,-1.33,,False,35.2,26.9,1.1,35.3,55.5,6.8,72.0,24.9,32.3,0.647,0.605,GEV,,124,13.2,14.0,,False
473,CNP,"CenterPoint Energy, Inc (Holdi",Utilities,Utilities - Regulated Electric,Core,24.5,37.21,39.9,11.5,18.6,10.0,0.0,ok,-5.0,ok,6.28,,False,35.1,17.8,-21.2,10.7,47.0,9.8,29.1,-10.0,-30.4,-0.198,0.274,AVGO,,124,18.6,19.0,,False
474,QBTS,D-Wave Quantum Inc.,Technology,Computer Hardware,Speculative,6.3,16.56,18.17,7.0,18.1,10.0,0.0,ok,0.0,neg_ebitda_low_debt,,,False,35.1,,-1.2,-0.6,,-28.0,49.2,-20.7,4.4,0.484,0.473,BMNR,,124,18.1,15.0,,False
475,HII,"Huntington Ingalls Industries,",Industrials,Aerospace & Defense,Core,10.8,274.33,294.63,10.5,16.1,10.0,0.0,ok,-1.5,ok,2.5,,False,35.1,13.2,-2.8,10.9,12.4,13.0,42.4,-20.3,-46.7,0.121,0.131,BMNR,,124,16.1,14.0,,False
476,COHR,Coherent Corp.,Technology,Scientific & Technical Instrum,Growth,62.5,319.19,303.23,11.5,16.0,10.0,-2.0,ok,-0.5,ok,1.1,,False,35.0,22.7,-1.0,33.7,37.5,8.0,57.4,11.0,12.3,0.567,0.536,GEV,,124,16.0,13.0,,False
477,SBAC,SBA Communications Corporation,Real Estate,REIT - Specialty,Core,16.8,158.02,180.13,18.0,12.0,10.0,0.0,ok,-5.0,ok,8.12,,True,35.0,19.3,4.5,2.3,74.2,,9.8,-17.3,-24.4,-0.123,0.19,GEV,,124,16.0,17.0,,False
478,MRVL,"Marvell Technology, Inc.",Technology,Semiconductors,Growth,240.9,268.08,254.68,15.5,11.5,10.0,-2.0,ok,0.0,ok,0.47,,False,35.0,39.6,1.0,36.5,52.2,16.5,74.4,62.3,134.9,0.582,0.518,AVGO,,124,11.5,14.0,,False
479,FN,Fabrinet,Technology,Electronic Components,Growth,16.2,451.44,451.03,14.0,12.8,10.0,-2.0,ok,0.0,ok,-1.64,,False,34.8,20.7,-0.4,44.6,12.0,21.3,65.3,-15.2,-32.1,0.518,0.483,GEV,,124,12.8,13.0,,False
480,ADM,Archer-Daniels-Midland Company,Consumer Defensive,Farm Products,Core,38.3,79.52,82.01,11.5,14.8,10.0,0.0,ok,-1.5,ok,2.75,,False,34.8,14.0,3.0,7.2,6.9,7.6,24.0,7.4,-6.6,-0.206,0.199,BMNR,,124,14.8,16.0,,False
481,NCLH,Norwegian Cruise Line Holdings,Consumer Cyclical,Travel Services,Speculative,6.7,14.64,16.94,14.5,15.3,10.0,0.0,ok,-5.0,ok,6.08,,False,34.8,8.8,-25.0,4.9,42.5,36.7,51.2,-24.9,-40.9,0.215,0.377,GOOG,,124,15.3,14.0,,False
482,JCI,Johnson Controls International,Industrials,Building Products & Equipment,Core,91.9,151.77,145.63,16.0,12.2,10.0,-2.0,ok,-1.5,ok,2.04,,False,34.7,24.9,3.2,9.3,36.7,14.3,67.7,10.7,-3.8,0.502,0.544,GEV,,124,12.2,14.0,,False
483,AXON,"Axon Enterprise, Inc.",Industrials,Aerospace & Defense,Growth,34.3,422.21,531.6,14.0,15.6,10.0,0.0,ok,-5.0,ok,7.01,,False,34.6,40.0,0.6,35.3,59.5,6.2,32.4,-15.2,-16.8,0.098,0.225,GOOG,,124,15.6,15.0,,False
484,PCAR,PACCAR Inc.,Industrials,Farm & Heavy Construction Mach,Core,57.9,109.94,125.26,13.0,12.0,10.0,0.0,ok,-0.5,ok,1.88,,True,34.5,15.2,3.4,0.5,13.7,12.8,9.9,-8.7,-22.7,0.278,0.225,BMNR,,124,17.0,14.0,,False
485,PANW,"Palo Alto Networks, Inc.",Technology,Software - Infrastructure,Growth,324.1,396.25,376.44,14.0,10.5,10.0,0.0,ok,0.0,ok,-0.32,,False,34.5,81.2,1.3,34.5,70.4,1.7,72.5,59.4,130.2,0.238,0.267,NVDA,,124,10.5,17.0,,False
486,PWR,"Quanta Services, Inc.",Industrials,Engineering & Construction,Growth,99.6,662.6,642.43,13.5,14.4,10.0,-2.0,ok,-1.5,ok,2.0,,False,34.4,33.5,2.0,41.1,15.5,15.3,69.9,9.8,1.9,0.588,0.609,GEV,,124,14.4,14.0,,False
487,APD,"Air Products and Chemicals, In",Basic Materials,Specialty Chemicals,Cyclical,60.9,273.33,296.21,11.0,15.9,10.0,0.0,ok,-2.5,ok,3.71,,False,34.4,18.9,-2.5,4.6,32.1,0.0,27.4,-3.9,-22.0,-0.005,0.118,GEV,,124,15.9,11.0,,False
488,EXC,Exelon Corporation,Utilities,Utilities - Regulated Electric,Core,41.7,40.47,44.09,10.5,18.9,10.0,0.0,ok,-5.0,ok,6.09,,False,34.4,13.3,-6.4,9.9,42.4,9.7,20.1,-11.2,-33.7,-0.306,0.287,AVGO,,124,18.9,19.0,,False
489,DOW,Dow Inc.,Basic Materials,Chemicals,Cyclical,19.9,27.59,29.92,9.0,17.8,10.0,0.0,ok,-2.5,ok,3.84,,False,34.3,15.7,1.2,19.7,9.8,-5.5,31.1,-13.4,-48.7,-0.221,0.185,GOOG,,124,17.8,11.0,,False
490,AI,"C3.ai, Inc.",Technology,Software - Infrastructure,Speculative,1.8,11.11,10.55,6.0,18.3,10.0,0.0,ok,0.0,neg_ebitda_low_debt,,,False,34.3,,0.9,-25.5,29.1,-59.8,59.1,7.9,14.7,0.244,0.417,BMNR,,124,18.3,15.0,,False
491,HLT,Hilton Worldwide Holdings Inc.,Consumer Cyclical,Lodging,Core,71.0,315.44,317.99,14.0,13.7,10.0,0.0,ok,-3.5,ok,4.21,,False,34.2,30.2,2.0,2.5,79.0,,60.5,-0.1,-14.1,0.173,0.256,GOOG,,124,13.7,13.0,,False
492,D,"Dominion Energy, Inc.",Utilities,Utilities - Regulated Electric,Core,53.4,60.76,66.28,11.5,17.6,10.0,0.0,ok,-5.0,ok,6.43,,False,34.1,15.9,-17.2,17.6,46.2,8.3,21.8,-5.3,-18.5,-0.086,0.106,NVDA,,124,17.6,19.0,,False
493,KHC,The Kraft Heinz Company,Consumer Defensive,Packaged Foods,Core,26.6,22.46,25.08,13.5,12.0,10.0,0.0,ok,-1.5,ok,2.97,,True,34.0,10.8,12.2,-1.4,33.5,-8.8,17.7,-5.8,-15.6,-0.242,0.36,GEV,,124,18.2,16.0,,False
494,O,Realty Income Corporation,Real Estate,REIT - Retail,Core,50.7,53.53,60.94,15.5,12.0,10.0,0.0,ok,-3.5,ok,5.74,,True,34.0,34.5,3.1,9.6,92.7,3.2,4.5,-12.9,-29.6,-0.242,0.285,NVDA,,124,19.0,17.0,,False
495,INTC,Intel Corporation,Technology,Semiconductors,Core,634.3,120.0,114.0,13.0,13.5,10.0,-2.0,ok,-0.5,ok,1.24,,False,34.0,58.2,0.8,25.4,38.9,-10.7,68.8,49.2,133.4,0.543,0.477,AVGO,,124,13.5,13.0,,False
496,NRG,"NRG Energy, Inc.",Utilities,Utilities - Independent Power ,Core,20.4,96.93,115.7,17.0,12.0,10.0,0.0,ok,-5.0,ok,7.16,,True,34.0,8.7,3.8,11.0,18.8,23.8,21.1,-31.3,-51.6,0.329,0.394,GEV,,124,15.9,18.0,,False
497,CRWV,"CoreWeave, Inc.",Technology,Software - Infrastructure,Growth,48.8,88.57,86.4,12.5,18.3,10.0,-2.0,ok,-5.0,ok,12.16,,False,33.8,,-18.6,112.5,67.4,-43.6,49.2,-3.9,-3.5,0.516,0.427,GEV,,124,18.3,17.0,,False
498,NBIS,Nebius Group N.V.,Communication Services,Internet Content & Information,Growth,59.0,232.28,220.67,13.5,15.3,10.0,0.0,ok,-5.0,ok,8.35,,False,33.8,,-16.3,454.0,74.3,0.6,52.1,39.7,111.4,0.472,0.419,GEV,,124,15.3,15.0,,False
499,EVRG,"Evergy, Inc.",Utilities,Utilities - Regulated Electric,Core,18.2,78.79,81.92,10.5,16.8,10.0,0.0,ok,-3.5,ok,5.8,,False,33.8,17.3,-7.9,4.4,52.7,9.3,31.6,-2.5,-20.7,-0.201,0.288,AVGO,,124,16.8,19.0,,False
500,RVTY,"Revvity, Inc.",Healthcare,Diagnostics & Research,Core,16.6,149.06,141.61,14.5,10.8,10.0,0.0,ok,-1.5,ok,2.65,,False,33.8,25.3,3.6,1.3,55.0,3.2,80.9,40.8,53.2,0.125,0.135,NVDA,,124,10.8,16.0,,False
501,LHX,"L3Harris Technologies, Inc.",Industrials,Aerospace & Defense,Core,44.4,238.4,267.2,13.0,12.0,10.0,0.0,ok,-1.5,ok,2.29,,True,33.5,17.6,3.6,8.4,25.5,9.3,23.2,-23.3,-49.1,-0.178,0.191,GEV,,124,15.9,14.0,,False
502,CVS,CVS Health Corporation,Healthcare,Healthcare Plans,Core,109.0,85.2,95.58,14.0,12.0,10.0,0.0,ok,-2.5,ok,3.74,,True,33.5,10.0,7.4,7.1,13.6,6.2,23.1,-2.3,2.1,-0.137,0.205,AVGO,,124,19.4,15.0,,False
503,SRE,DBA Sempra,Utilities,Utilities - Diversified,Core,51.0,78.05,84.43,9.5,18.7,10.0,0.0,ok,-5.0,ok,6.23,,False,33.2,14.1,-54.2,-0.1,44.0,6.7,23.0,-13.2,-36.3,-0.078,0.164,NVDA,,124,18.7,19.0,,False
504,CMS,CMS Energy Corporation,Utilities,Utilities - Regulated Electric,Core,19.7,63.64,68.77,9.5,18.7,10.0,0.0,ok,-5.0,ok,6.32,,False,33.2,15.3,-11.2,-0.5,40.3,9.2,24.0,-12.2,-34.2,-0.26,0.292,AVGO,,124,18.7,19.0,,False
505,DTE,DTE Energy Company,Utilities,Utilities - Regulated Electric,Core,25.7,123.27,135.58,9.5,18.6,10.0,0.0,ok,-5.0,ok,7.69,,False,33.1,14.7,-10.1,-1.5,29.3,11.0,19.7,-12.3,-32.7,-0.126,0.196,AVGO,,124,18.6,18.0,,False
506,XEL,Xcel Energy Inc.,Utilities,Utilities - Regulated Electric,Core,44.1,70.55,76.09,9.5,18.6,10.0,0.0,ok,-5.0,ok,6.47,,False,33.1,15.5,-17.9,-5.1,46.8,9.9,27.5,-9.4,-28.0,-0.078,0.17,NVDA,,124,18.6,19.0,,False
507,BWXT,"BWX Technologies, Inc.",Industrials,Aerospace & Defense,Core,12.5,136.79,157.84,14.5,12.0,10.0,-2.0,ok,-1.5,ok,2.96,,True,33.0,26.1,1.2,18.0,22.1,28.3,20.6,-28.0,-52.2,0.525,0.494,GEV,,124,15.9,14.0,,False
508,GIS,"General Mills, Inc.",Consumer Defensive,Packaged Foods,Core,16.9,31.67,37.28,13.5,12.0,10.0,0.0,ok,-2.5,ok,3.86,,True,33.0,10.0,7.7,-2.8,33.7,-10.5,20.4,-17.9,-29.9,-0.327,0.337,GEV,,124,16.0,16.0,,False
509,AEHR,Aehr Test Systems,Technology,Semiconductor Equipment & Mate,Growth,3.3,101.6,96.52,10.5,14.2,10.0,-2.0,ok,0.0,neg_ebitda_low_debt,,,False,32.7,73.4,-0.1,33.7,35.3,-4.2,57.4,47.6,140.1,0.545,0.473,GEV,,124,14.2,13.0,,False
510,OKLO,Oklo Inc.,Utilities,Utilities - Independent Power ,Speculative,6.7,36.14,40.94,8.0,16.5,10.0,-2.0,ok,0.0,neg_ebitda_low_debt,,,False,32.5,,-3.6,,,-7.7,38.8,-39.7,-41.3,0.623,0.478,BMNR,,124,16.5,19.0,,False
511,CCI,Crown Castle Inc.,Real Estate,REIT - Specialty,Core,28.1,66.12,74.1,15.5,12.0,10.0,0.0,ok,-5.0,ok,8.31,,True,32.5,22.8,3.7,-4.9,73.7,,11.7,-20.2,-34.7,-0.263,0.345,GEV,,124,16.0,17.0,,False
512,PNW,Pinnacle West Capital Corporat,Utilities,Utilities - Regulated Electric,Core,11.5,94.63,98.31,10.5,17.0,10.0,0.0,ok,-5.0,ok,7.68,,False,32.5,17.0,-8.1,7.1,43.4,9.4,41.8,-3.9,-22.4,-0.176,0.26,AVGO,,124,17.0,19.0,,False
513,BG,Bunge Limited,Consumer Defensive,Farm Products,Growth,20.5,106.61,114.11,9.5,16.4,10.0,0.0,ok,-3.5,ok,5.21,,False,32.4,9.5,-31.6,88.3,4.9,7.2,16.0,-7.9,-33.4,-0.18,0.179,GEV,,124,16.4,16.0,,False
514,IFF,International Flavors & Fragra,Basic Materials,Specialty Chemicals,Cyclical,21.2,83.12,83.61,8.0,15.6,10.0,0.0,ok,-1.5,ok,2.99,,False,32.1,21.0,-8.1,1.8,36.6,-5.5,44.9,9.4,-1.9,0.148,0.237,GOOG,,124,15.6,11.0,,False
515,CAG,"ConAgra Brands, Inc.",Consumer Defensive,Packaged Foods,Speculative,6.3,13.2,15.19,13.5,12.0,10.0,0.0,ok,-3.5,ok,4.28,,True,32.0,8.5,7.3,-1.4,23.8,-24.9,19.5,-14.3,-29.3,-0.311,0.341,GEV,,124,18.6,16.0,,False
516,VICI,VICI Properties Inc.,Real Estate,REIT - Diversified,Core,25.0,22.73,25.48,13.0,12.0,10.0,0.0,ok,-3.5,ok,4.82,,True,31.5,7.6,1.1,5.7,99.3,9.8,24.1,-16.8,-33.7,-0.323,0.347,GEV,,124,16.0,17.0,,False
517,MOS,Mosaic Company (The),Basic Materials,Agricultural Inputs,Cyclical,6.9,21.55,23.53,5.5,18.4,10.0,0.0,ok,-2.5,ok,3.37,,False,31.4,13.8,-10.9,-6.0,11.2,-5.1,24.4,-11.9,-35.3,0.172,0.204,BMNR,,124,18.4,11.0,,False
518,WBD,"Warner Bros. Discovery, Inc. -",Communication Services,Entertainment,Core,77.6,30.95,29.4,14.0,9.9,10.0,0.0,ok,-2.5,ok,3.67,,False,31.4,,20.8,-11.2,47.8,-8.8,82.7,11.8,-3.9,0.078,0.2,NVDA,,124,9.9,14.0,,False
519,CRL,Charles River Laboratories Int,Healthcare,Diagnostics & Research,Core,13.7,286.83,273.66,11.0,12.9,10.0,0.0,ok,-2.5,ok,3.35,,False,31.4,22.5,3.4,-2.7,34.6,-7.5,61.8,37.2,47.5,0.114,0.159,BMNR,,124,12.9,15.0,,False
520,BBAI,"BigBear.ai, Inc.",Technology,Information Technology Service,Speculative,1.3,2.74,2.96,7.5,15.4,10.0,-2.0,ok,0.0,neg_ebitda_low_debt,,,False,30.9,,-15.9,13.2,27.9,-16.6,45.0,-31.5,-36.3,0.506,0.525,BMNR,,124,15.4,15.0,,False
521,WULF,TeraWulf Inc.,Financial Services,Capital Markets,Speculative,7.4,14.91,16.57,7.0,15.9,10.0,-2.0,ok,0.0,financial_na,,,False,30.9,,-3.1,-6.0,,-1211.8,41.7,-17.3,-13.5,0.624,0.509,GEV,,124,15.9,16.0,,False
522,UCTT,"Ultra Clean Holdings, Inc.",Technology,Semiconductor Equipment & Mate,Speculative,3.5,78.64,78.2,9.0,16.3,10.0,-2.0,ok,-2.5,ok,3.74,,False,30.8,13.4,-2.3,24.3,15.8,-1.6,65.1,10.3,7.4,0.601,0.563,GEV,,124,16.3,13.0,,False
523,COHU,"Cohu, Inc.",Technology,Semiconductor Equipment & Mate,Growth,3.3,70.34,66.82,11.5,10.8,10.0,-2.0,ok,0.0,ok,-13.22,,False,30.3,38.1,2.0,38.4,44.0,-4.8,77.0,62.1,104.6,0.616,0.594,GEV,,124,10.8,14.0,,False
524,MRNA,"Moderna, Inc.",Healthcare,Biotechnology,Core,75.4,188.94,179.49,9.0,10.9,10.0,0.0,ok,0.0,neg_ebitda_low_debt,,,False,29.9,,0.4,2.1,,-39.0,76.3,181.9,261.2,0.043,0.247,BMNR,,124,10.9,15.0,,False
525,APLD,Applied Digital Corporation,Technology,Information Technology Service,Growth,7.2,24.16,27.38,9.5,15.9,10.0,-2.0,ok,-4.0,neg_ebitda_debt,,,False,29.4,,,406.6,25.9,-8.4,44.1,-24.8,-17.8,0.582,0.438,GEV,,124,15.9,15.0,fcf_yield_out_of_range(-68.6),False
526,AES,The AES Corporation,Utilities,Utilities - Diversified,Core,10.6,14.92,14.78,10.0,12.9,10.0,0.0,ok,-5.0,ok,7.64,,False,27.9,6.3,-29.0,19.9,20.3,9.6,77.3,2.4,-10.1,0.12,0.208,AVGO,,124,12.9,18.0,,False
527,PCG,Pacific Gas & Electric Co.,Utilities,Utilities - Regulated Electric,Core,36.5,12.17,15.66,10.5,12.0,10.0,0.0,ok,-5.0,ok,6.1,,True,27.5,6.8,-16.8,0.1,39.8,9.3,18.6,-26.4,-47.9,-0.032,0.082,NVDA,,124,15.8,18.0,,False
528,CIFR,Cipher Digital Inc.,Technology,Information Technology Service,Speculative,6.4,15.46,17.94,5.5,17.9,10.0,-2.0,ok,-5.0,ok,49.49,,False,26.4,117.3,-45.2,-43.0,,-167.5,47.2,-15.6,5.8,0.582,0.5,GEV,,124,17.9,15.0,,False
529,WY,Weyerhaeuser Company,Real Estate,REIT - Specialty,Core,13.4,18.59,23.2,8.0,12.0,10.0,0.0,ok,-5.0,ok,7.15,,True,25.0,27.6,0.1,-0.9,14.5,5.0,16.4,-22.9,-39.6,0.007,0.179,GOOG,,124,16.0,15.0,,False
530,F,Ford Motor Company,Consumer Cyclical,Auto Manufacturers,Core,48.9,12.27,13.84,4.5,12.0,10.0,0.0,ok,-5.0,ok,18.47,,True,21.5,6.3,-16.2,-3.8,7.1,-18.3,20.9,-8.4,-10.1,0.187,0.212,GOOG,,124,19.0,11.0,,False
