rank,ticker,name,sector,industry,category,mcap_B,current_price,entry_level,fundamental,technical,visibility,corr_penalty,corr_status,leverage_penalty,lev_status,nd_ebitda,dte_pct,broken_base,composite,fwd_pe,fcf_yield_pct,rev_growth_pct,gross_margin_pct,roe_pct,rsi,ma200_dist_pct,rel_str_6m_pct,portfolio_corr,max_corr,max_corr_with,corr_null_reason,n_corr_obs,technical_precap,visibility_legacy,data_flags,in_portfolio
1,VRT,"Vertiv Holdings, LLC",Industrials,Electrical Equipment & Parts,Compounder,104.9,272.4,300.71,20.5,20.0,20.0,0.0,ok,0.0,ok,0.08,,False,60.5,29.9,2.6,24.1,38.0,43.9,44.0,9.5,27.4,0.338,0.482,AVGO,,126,20.0,20.0,,False
2,GEV,GE Vernova Inc.,Industrials,Specialty Industrial Machinery,Compounder,263.8,990.32,1021.31,19.0,17.3,23.0,0.0,ok,0.0,ok,-2.29,,False,59.3,39.9,6.0,21.9,20.6,82.6,39.4,17.1,15.2,0.414,0.482,AVGO,,126,17.3,23.0,,False
3,TSM,Taiwan Semiconductor Manufactu,Technology,Semiconductors,Growth,2178.5,420.04,425.68,24.0,13.5,21.0,-2.0,ok,0.0,ok,-0.8,,False,56.5,19.4,,36.0,64.2,40.0,57.2,17.0,9.1,0.599,0.665,NVDA,,126,13.5,21.0,fcf_yield_out_of_range(33.9),False
4,AVGO,Broadcom Inc.,Technology,Semiconductors,Growth,2035.1,427.76,406.37,20.0,12.9,22.0,0.0,ok,-0.5,ok,1.08,,False,54.4,21.9,1.3,47.9,76.3,37.3,73.6,16.5,16.9,0.434,0.525,NVDA,,126,12.9,22.0,,True
5,GOOG,Alphabet Inc.,Communication Services,Internet Content & Information,Compounder,4322.9,353.47,354.72,19.0,14.8,20.0,0.0,ok,0.0,ok,-0.7,,False,53.8,24.0,0.5,24.2,60.9,48.7,50.9,7.7,-2.4,0.305,0.275,BMNR,,126,14.8,20.0,,True
6,ANET,"Arista Networks, Inc.",Technology,Computer Hardware,Growth,238.0,188.67,179.24,19.0,14.5,20.0,0.0,ok,0.0,ok,-2.88,,False,53.5,36.9,1.6,37.7,63.0,31.5,63.1,28.3,25.3,0.482,0.587,AVGO,,126,14.5,20.0,,False
7,META,"Meta Platforms, Inc.",Communication Services,Internet Content & Information,Core,1508.4,592.1,599.76,18.0,18.2,17.0,0.0,ok,0.0,ok,0.2,,False,53.2,16.9,1.4,28.0,81.7,29.8,33.7,-6.2,-22.3,0.394,0.39,GOOG,,126,18.2,15.0,,False
8,POWL,"Powell Industries, Inc.",Industrials,Electrical Equipment & Parts,Speculative,7.7,211.56,256.96,17.5,16.8,18.0,0.0,ok,0.0,ok,-2.67,,False,52.3,31.1,2.5,8.9,30.1,28.3,43.5,9.6,-3.2,0.397,0.47,AVGO,,126,16.8,18.0,,False
9,EOG,"EOG Resources, Inc.",Energy,Oil & Gas E&P,Growth,71.8,134.74,137.37,24.0,17.6,10.0,0.0,ok,0.0,ok,0.23,,False,51.6,9.2,6.2,58.7,62.6,22.5,42.0,8.7,7.5,-0.31,0.304,GOOG,,126,17.6,14.0,,False
10,SNDK,Sandisk Corporation,Technology,Computer Hardware,Growth,177.0,1212.21,1688.09,24.0,17.4,10.0,0.0,ok,0.0,ok,-0.38,,False,51.4,4.7,4.4,371.6,71.5,91.6,44.3,39.0,90.8,0.366,0.437,AVGO,,126,17.4,15.0,,False
11,NVDA,NVIDIA Corporation,Technology,Semiconductors,Growth,5424.5,223.96,212.76,20.0,13.2,20.0,-2.0,ok,0.0,ok,-0.24,,False,51.2,17.4,0.9,85.2,74.1,114.3,65.6,15.5,8.9,0.562,0.525,AVGO,,126,13.2,20.0,,True
12,CF,"CF Industries Holdings, Inc.",Basic Materials,Agricultural Inputs,Cyclical,17.3,114.35,114.5,22.0,18.7,10.0,0.0,ok,0.0,ok,0.29,,False,50.7,10.3,7.3,17.6,42.5,29.9,36.1,10.6,12.7,-0.323,0.349,GOOG,,126,18.7,12.0,,False
13,OXY,Occidental Petroleum Corporati,Energy,Oil & Gas E&P,Growth,55.9,55.91,54.47,22.5,17.3,10.0,0.0,ok,0.0,ok,0.76,,False,49.8,14.1,6.8,53.4,73.3,10.6,52.4,10.8,9.4,-0.249,0.328,GOOG,,126,17.3,14.0,,False
14,QCOM,QUALCOMM Incorporated,Technology,Semiconductors,Core,176.3,167.86,191.78,19.0,20.4,10.0,0.0,ok,0.0,ok,0.58,,False,49.4,16.3,5.8,-4.0,54.2,33.8,48.2,-0.3,11.1,0.284,0.398,AVGO,,126,20.4,14.0,,False
15,NXPI,NXP Semiconductors N.V.,Technology,Semiconductors,Core,60.4,239.71,282.48,21.0,18.9,10.0,0.0,ok,-0.5,ok,1.53,,False,49.4,13.2,5.9,19.5,56.1,27.9,36.7,-0.5,-4.5,0.219,0.389,AVGO,,126,18.9,14.0,,False
16,LMT,Lockheed Martin Corporation,Industrials,Aerospace & Defense,Compounder,135.7,587.95,558.55,18.0,9.7,22.0,0.0,ok,-0.5,ok,1.73,,False,49.2,18.0,4.1,10.5,11.8,89.2,78.8,7.8,-17.1,-0.06,0.138,AVGO,,126,9.7,22.0,,False
17,NOC,Northrop Grumman Corporation,Industrials,Aerospace & Defense,Compounder,81.2,571.58,543.0,16.0,13.6,21.0,0.0,ok,-1.5,ok,2.03,,False,49.1,18.8,3.1,5.1,20.1,27.0,73.9,-5.4,-31.0,-0.032,0.214,AVGO,,126,13.6,21.0,,False
18,GDDY,GoDaddy Inc.,Technology,Software - Infrastructure,Core,11.5,91.07,86.97,22.0,17.4,10.0,0.0,ok,-0.5,ok,1.91,,False,48.9,8.3,10.4,6.6,63.8,442.9,46.8,-8.6,-18.2,-0.041,0.161,AVGO,,126,17.4,17.0,,False
19,APP,Applovin Corporation,Communication Services,Advertising Agencies,Growth,116.1,346.8,478.5,22.5,16.4,10.0,0.0,ok,0.0,ok,0.09,,False,48.9,16.3,2.7,52.8,88.5,203.7,32.1,-32.7,-26.6,0.426,0.369,BMNR,,126,16.4,15.0,,False
20,WDC,Western Digital Corporation,Technology,Computer Hardware,Growth,149.7,434.3,561.2,20.0,18.8,10.0,0.0,ok,0.0,ok,-0.11,,False,48.8,13.6,1.5,43.8,48.9,130.9,43.4,27.3,41.9,0.428,0.519,AVGO,,126,18.8,14.0,,False
21,TLN,Talen Energy Corporation,Utilities,Utilities - Independent Power ,Growth,16.7,347.71,373.19,17.5,17.3,19.0,0.0,ok,-5.0,ok,18.03,,False,48.8,12.2,7.3,111.2,42.1,-12.8,45.6,-4.6,-11.1,0.385,0.39,AVGO,,126,17.3,19.0,,False
22,MCO,Moody's Corporation,Financial Services,Financial Data & Stock Exchang,Core,82.7,477.75,471.15,20.5,18.0,10.0,0.0,ok,0.0,financial_na,,,False,48.5,25.3,3.1,15.1,75.0,76.9,32.1,1.5,-5.8,0.169,0.316,MSFT,,126,18.0,16.0,,False
23,HOOD,"Robinhood Markets, Inc.",Financial Services,Capital Markets,Growth,83.9,93.29,98.34,20.0,20.5,10.0,-2.0,ok,0.0,financial_na,,,False,48.5,29.3,,32.3,91.9,23.6,42.6,-5.1,0.7,0.578,0.617,BMNR,,126,20.5,16.0,,False
24,SPGI,S&P Global Inc.,Financial Services,Financial Data & Stock Exchang,Core,120.3,408.19,422.93,19.5,18.5,10.0,0.0,ok,0.0,financial_na,,,False,48.0,20.2,4.5,10.4,70.9,14.3,28.7,-10.2,-18.8,0.119,0.313,MSFT,,126,18.5,16.0,,False
25,ADBE,Adobe Inc.,Technology,Software - Application,Core,105.4,265.21,251.95,23.0,15.0,10.0,0.0,ok,0.0,ok,0.15,,False,48.0,9.6,8.7,12.7,89.4,63.0,64.3,-3.4,-13.1,0.15,0.386,MSFT,,126,15.0,17.0,,False
26,DECK,Deckers Outdoor Corporation,Consumer Cyclical,Footwear & Accessories,Core,13.3,97.46,105.19,21.0,17.0,10.0,0.0,ok,0.0,ok,-0.85,,False,48.0,11.7,6.6,5.7,57.8,42.6,38.4,-4.6,-27.5,0.258,0.301,GOOG,,126,17.0,12.0,,False
27,MSFT,Microsoft Corporation,Technology,Software - Infrastructure,Core,3712.7,499.99,474.99,18.0,12.0,18.0,0.0,ok,0.0,ok,0.27,,False,48.0,21.3,0.4,17.7,67.9,34.0,81.4,15.6,13.0,0.333,0.347,BMNR,,126,12.0,18.0,,True
28,CBOE,"Cboe Global Markets, Inc.",Financial Services,Financial Data & Stock Exchang,Core,29.9,286.58,277.79,20.5,17.4,10.0,0.0,ok,0.0,financial_na,,,False,47.9,18.8,2.3,22.9,54.1,26.3,54.4,2.4,-6.8,-0.098,0.196,AVGO,,126,17.4,15.0,,False
29,PYPL,"PayPal Holdings, Inc.",Financial Services,Credit Services,Core,50.9,59.07,56.12,20.0,17.8,10.0,0.0,ok,0.0,financial_na,,,False,47.8,10.2,8.7,4.8,40.5,24.5,61.3,14.0,34.7,0.231,0.309,MSFT,,126,17.8,17.0,,False
30,AXP,American Express Company,Financial Services,Credit Services,Core,230.2,340.91,336.93,21.5,16.3,10.0,0.0,ok,0.0,financial_na,,,False,47.8,16.9,,12.8,62.3,34.4,42.1,0.6,-16.7,0.399,0.373,BMNR,,126,16.3,18.0,,False
31,CEG,Constellation Energy Corporati,Utilities,Utilities - Independent Power ,Compounder,96.4,269.89,260.92,11.0,17.2,21.0,0.0,ok,-1.5,ok,2.93,,False,47.7,20.2,-6.6,23.0,21.4,15.1,60.4,-11.3,-8.4,0.233,0.281,AVGO,,126,17.2,21.0,,False
32,GD,General Dynamics Corporation,Industrials,Aerospace & Defense,Compounder,106.1,392.05,372.45,14.5,12.2,21.0,0.0,ok,0.0,ok,0.78,,False,47.7,21.2,4.1,8.1,15.4,17.8,68.8,12.2,-2.5,0.039,0.102,NVDA,,126,12.2,21.0,,False
33,FDS,FactSet Research Systems Inc.,Financial Services,Financial Data & Stock Exchang,Core,10.2,285.57,271.29,21.0,16.5,10.0,0.0,ok,0.0,financial_na,,,False,47.5,14.5,6.1,6.4,51.4,27.0,64.6,15.7,26.5,0.006,0.326,MSFT,,126,16.5,15.0,,False
34,ADSK,"Autodesk, Inc.",Technology,Software - Application,Core,52.6,249.08,236.63,22.0,15.5,10.0,0.0,ok,0.0,ok,-0.09,,False,47.5,17.5,5.8,18.4,92.4,50.4,69.1,-1.3,-8.3,0.127,0.327,MSFT,,126,15.5,17.0,,False
35,CINF,Cincinnati Financial Corporati,Financial Services,Insurance - Property & Casualt,Growth,27.1,176.86,175.38,22.0,15.4,10.0,0.0,ok,0.0,financial_na,,,False,47.4,19.5,11.0,31.6,31.1,21.5,43.2,6.9,-8.9,-0.156,0.3,AVGO,,126,15.4,14.0,,False
36,FANG,"Diamondback Energy, Inc.",Energy,Oil & Gas E&P,Growth,52.9,188.04,190.99,21.0,16.8,10.0,0.0,ok,-0.5,ok,1.03,,False,47.3,10.5,9.6,58.1,71.7,3.5,43.9,8.2,2.0,-0.205,0.283,GOOG,,126,16.8,14.0,,False
37,BX,Blackstone Inc.,Financial Services,Asset Management,Core,170.7,137.13,130.27,22.5,14.7,10.0,0.0,ok,0.0,financial_na,,,False,47.2,18.3,,28.6,100.0,31.4,68.8,5.6,-3.9,0.338,0.338,BMNR,,126,14.7,16.0,,False
38,TROW,"T. Rowe Price Group, Inc.",Financial Services,Asset Management,Core,24.3,114.02,112.45,20.5,16.6,10.0,0.0,ok,0.0,financial_na,,,False,47.1,11.1,8.3,10.7,51.6,19.4,45.6,12.0,10.4,0.289,0.34,BMNR,,126,16.6,15.0,,False
39,WRB,W.R. Berkley Corporation,Financial Services,Insurance - Property & Casualt,Core,26.6,71.6,70.24,20.0,17.0,10.0,0.0,ok,0.0,financial_na,,,False,47.0,14.8,11.5,1.2,43.8,20.2,44.7,3.0,-10.1,-0.333,0.331,AVGO,,126,17.0,15.0,,False
40,ON,ON Semiconductor Corporation,Technology,Semiconductors,Core,19.3,81.17,101.34,17.0,19.9,10.0,0.0,ok,0.0,ok,0.4,,False,46.9,18.0,8.6,9.2,42.8,8.3,43.1,7.2,12.6,0.342,0.467,AVGO,,126,19.9,14.0,,False
41,PODD,Insulet Corporation,Healthcare,Medical Devices,Speculative,9.8,141.17,154.97,20.5,16.3,10.0,0.0,ok,0.0,ok,0.67,,False,46.8,18.3,2.4,23.5,71.1,26.0,32.6,-38.1,-53.6,0.049,0.193,GOOG,,126,16.3,17.0,,False
42,AAPL,Apple Inc.,Technology,Consumer Electronics,Core,4572.8,313.33,309.79,20.5,16.3,10.0,0.0,ok,0.0,ok,0.13,,False,46.8,32.9,2.4,16.4,48.7,148.8,40.8,12.3,1.0,0.205,0.229,BMNR,,126,16.3,14.0,,False
43,RMD,ResMed Inc.,Healthcare,Medical Instruments & Supplies,Core,30.7,211.94,201.34,21.0,15.7,10.0,0.0,ok,0.0,ok,-0.39,,False,46.7,16.1,4.7,10.8,62.2,25.2,60.7,-7.8,-33.5,0.079,0.31,GOOG,,126,15.7,17.0,,False
44,TTD,"The Trade Desk, Inc.",Communication Services,Advertising Agencies,Speculative,6.5,13.8,18.92,20.5,16.0,10.0,0.0,ok,0.0,ok,-1.38,,False,46.5,8.5,8.8,11.8,77.8,16.7,29.9,-51.5,-60.9,0.197,0.291,MSFT,,126,16.0,15.0,,False
45,PLTR,Palantir Technologies Inc.,Technology,Software - Infrastructure,Growth,413.4,172.01,163.41,20.0,16.5,10.0,0.0,ok,0.0,ok,-3.45,,False,46.5,74.8,0.5,92.8,84.8,38.1,70.0,13.0,14.7,0.48,0.42,MSFT,,126,16.5,17.0,,False
46,PGR,Progressive Corporation (The),Financial Services,Insurance - Property & Casualt,Core,125.2,215.33,212.03,19.5,17.0,10.0,0.0,ok,0.0,financial_na,,,False,46.5,13.2,12.1,7.3,18.5,34.9,54.1,3.9,-5.4,-0.361,0.365,AVGO,,126,17.0,14.0,,False
47,UBER,"Uber Technologies, Inc.",Technology,Software - Application,Core,153.2,75.02,71.75,21.0,15.9,10.0,0.0,ok,-0.5,ok,1.25,,False,46.4,17.1,4.7,12.2,40.8,37.2,55.8,-3.9,-11.6,0.291,0.315,MSFT,,126,15.9,16.0,,False
48,NOW,"ServiceNow, Inc.",Technology,Software - Application,Core,129.1,124.88,118.64,18.0,18.9,10.0,0.0,ok,-0.5,ok,1.31,,False,46.4,24.9,4.0,24.0,74.8,14.2,67.1,1.2,12.1,0.254,0.504,MSFT,,126,18.9,17.0,,False
49,IT,"Gartner, Inc.",Technology,Information Technology Service,Core,11.7,185.6,176.32,21.0,15.9,10.0,0.0,ok,-0.5,ok,1.33,,False,46.4,11.2,9.0,-0.6,69.6,113.6,73.5,1.7,6.8,-0.003,0.237,MSFT,,126,15.9,17.0,,False
50,AMZN,"Amazon.com, Inc.",Consumer Cyclical,Internet Retail,Core,2960.6,274.48,260.76,17.0,14.3,17.0,-2.0,ok,0.0,ok,0.76,,False,46.3,26.6,0.1,19.6,50.8,30.6,62.9,16.0,18.6,0.508,0.636,GOOG,,126,14.3,17.0,,False
51,BR,Broadridge Financial Solutions,Technology,Information Technology Service,Core,19.3,166.5,158.17,21.0,15.8,10.0,0.0,ok,-0.5,ok,1.72,,False,46.3,14.4,6.2,7.5,31.8,40.9,66.9,-8.1,-19.9,0.02,0.321,MSFT,,126,15.8,15.0,,False
52,LRCX,Lam Research Corporation,Technology,Semiconductor Equipment & Mate,Core,389.6,311.35,337.83,19.0,17.3,10.0,0.0,ok,0.0,ok,-0.21,,False,46.3,27.0,0.8,30.0,50.5,65.1,51.3,27.0,23.0,0.487,0.571,AVGO,,126,17.3,14.0,,False
53,BRO,"Brown & Brown, Inc.",Financial Services,Insurance Brokers,Growth,23.9,71.43,67.86,21.5,14.7,10.0,0.0,ok,0.0,financial_na,,,False,46.2,14.8,6.9,32.4,56.3,10.0,56.2,1.7,-14.8,-0.189,0.368,AVGO,,126,14.7,15.0,,False
54,MPC,Marathon Petroleum Corporation,Energy,Oil & Gas Refining & Marketing,Growth,87.1,298.2,283.29,21.0,15.7,10.0,0.0,ok,-0.5,ok,1.72,,False,46.2,10.0,10.6,53.7,12.8,42.1,37.3,32.9,35.7,-0.071,0.21,GOOG,,126,15.7,12.0,,False
55,EBAY,eBay Inc.,Consumer Cyclical,Internet Retail,Core,49.7,111.98,111.08,20.5,16.1,10.0,0.0,ok,-0.5,ok,1.2,,False,46.1,16.7,3.3,14.8,72.1,46.6,46.5,15.6,17.9,0.168,0.236,GOOG,,126,16.1,13.0,,False
56,ALL,Allstate Corporation (The),Financial Services,Insurance - Property & Casualt,Core,67.5,267.0,253.65,22.0,14.1,10.0,0.0,ok,0.0,financial_na,,,False,46.1,9.9,22.5,11.8,36.8,46.1,61.6,24.2,17.4,-0.348,0.383,AVGO,,126,14.1,14.0,,False
57,VRSK,"Verisk Analytics, Inc.",Industrials,Consulting Services,Core,25.1,191.82,187.45,18.0,19.3,10.0,0.0,ok,-1.5,ok,2.68,,False,45.8,22.1,4.2,4.4,70.2,,41.4,-3.0,-4.5,-0.193,0.341,AVGO,,126,19.3,18.0,,False
58,APA,APA Corporation,Energy,Oil & Gas E&P,Cyclical,13.3,37.63,35.75,20.5,15.3,10.0,0.0,ok,0.0,ok,0.57,,False,45.8,9.2,,9.2,78.3,26.7,61.4,19.5,26.0,-0.304,0.332,GOOG,,126,15.3,14.0,,False
59,TPL,Texas Pacific Land Corporation,Energy,Oil & Gas E&P,Growth,23.5,340.65,393.1,18.0,17.7,10.0,0.0,ok,0.0,ok,-0.31,,False,45.7,4.7,-0.1,31.2,93.3,36.6,28.7,-11.9,-18.7,-0.006,0.083,MSFT,,126,17.7,14.0,,False
60,NWSA,News Corporation,Communication Services,Entertainment,Core,15.4,28.52,27.09,18.0,17.7,10.0,0.0,ok,0.0,ok,0.45,,False,45.7,22.1,6.7,10.8,56.9,8.0,51.3,10.6,15.4,-0.009,0.22,AVGO,,126,17.7,14.0,,False
61,CDNS,"Cadence Design Systems, Inc.",Technology,Software - Application,Core,93.6,339.24,368.38,18.0,17.7,10.0,0.0,ok,0.0,ok,0.52,,False,45.7,35.6,1.7,24.2,85.9,23.2,55.5,3.4,7.7,0.482,0.389,BMNR,,126,17.7,17.0,,False
62,VST,Vistra Corp.,Utilities,Utilities - Independent Power ,Growth,47.4,140.59,155.1,18.0,19.1,10.0,0.0,ok,-1.5,ok,2.93,,False,45.6,13.6,-0.3,43.4,38.6,42.9,37.2,-13.3,-17.8,0.274,0.283,AVGO,,126,19.1,18.0,,False
63,MU,"Micron Technology, Inc.",Technology,Semiconductors,Growth,991.1,877.57,970.95,20.0,15.5,10.0,0.0,ok,0.0,ok,-0.29,,False,45.5,5.7,0.8,345.7,72.6,66.6,50.9,64.1,110.5,0.387,0.498,AVGO,,126,15.5,15.0,,False
64,TXN,Texas Instruments Incorporated,Technology,Semiconductors,Core,261.3,286.08,294.95,19.0,16.5,10.0,0.0,ok,0.0,ok,0.74,,False,45.5,27.5,1.4,22.8,58.3,35.2,51.3,25.5,17.9,0.214,0.382,AVGO,,126,16.5,14.0,,False
65,STX,Seagate Technology Holdings PL,Technology,Computer Hardware,Growth,184.5,812.76,892.15,20.0,15.5,10.0,0.0,ok,0.0,ok,0.49,,False,45.5,14.7,1.1,48.5,45.6,371.5,51.1,52.4,77.7,0.379,0.46,AVGO,,126,15.5,14.0,,False
66,PG,Procter & Gamble Company (The),Consumer Defensive,Household & Personal Products,Core,339.5,145.79,147.57,18.5,17.4,10.0,0.0,ok,-0.5,ok,1.01,,False,45.4,19.7,3.9,1.5,50.9,30.3,40.5,-0.8,-19.6,-0.07,0.214,GOOG,,126,17.4,17.0,,False
67,VLO,Valero Energy Corporation,Energy,Oil & Gas Refining & Marketing,Growth,85.9,298.31,283.39,20.0,15.4,10.0,0.0,ok,0.0,ok,0.26,,False,45.4,10.8,9.8,51.7,16.1,27.6,36.2,34.6,35.3,-0.12,0.299,GOOG,,126,15.4,12.0,,False
68,PSX,Phillips 66,Energy,Oil & Gas Refining & Marketing,Growth,81.4,203.91,193.71,19.0,16.8,10.0,0.0,ok,-0.5,ok,1.66,,False,45.3,10.2,5.6,53.1,13.1,23.5,42.2,26.9,19.3,-0.132,0.241,GOOG,,126,16.8,12.0,,False
69,WDAY,"Workday, Inc.",Technology,Software - Application,Core,44.4,179.64,170.66,20.5,14.8,10.0,0.0,ok,0.0,ok,-0.36,,False,45.3,14.2,7.0,13.5,75.8,10.9,67.4,9.5,-1.6,0.132,0.43,MSFT,,126,14.8,17.0,,False
70,EXPE,"Expedia Group, Inc.",Consumer Cyclical,Travel Services,Core,37.3,310.68,295.15,23.0,12.3,10.0,0.0,ok,0.0,ok,-0.49,,False,45.3,13.1,9.3,14.0,90.4,89.5,70.8,24.4,19.6,0.183,0.221,MSFT,,126,12.3,15.0,,False
71,FFIV,"F5, Inc.",Technology,Software - Infrastructure,Core,22.7,400.23,402.98,18.0,17.2,10.0,0.0,ok,0.0,ok,-1.5,,False,45.2,22.1,3.3,10.9,81.9,19.8,44.5,27.7,32.8,0.329,0.277,BMNR,,126,17.2,17.0,,False
72,IBKR,"Interactive Brokers Group, Inc",Financial Services,Capital Markets,Core,149.4,87.83,90.81,20.0,17.2,10.0,-2.0,ok,0.0,financial_na,,,False,45.2,27.6,,22.3,93.0,24.0,42.1,14.9,6.0,0.646,0.617,BMNR,,126,17.2,16.0,,False
73,RTX,RTX Corporation,Industrials,Aerospace & Defense,Compounder,300.6,223.03,211.88,15.5,9.1,21.0,0.0,ok,-0.5,ok,1.92,,False,45.1,28.4,3.3,14.5,20.3,12.3,86.7,18.0,0.7,-0.03,0.133,AVGO,,126,9.1,21.0,,False
74,GWW,"W.W. Grainger, Inc.",Industrials,Industrial Distribution,Core,60.3,1277.55,1337.66,19.5,15.6,10.0,0.0,ok,0.0,ok,0.69,,False,45.1,25.1,2.1,10.3,39.4,46.1,30.2,12.1,-4.8,0.064,0.183,GOOG,,126,15.6,14.0,,False
75,APO,"Apollo Global Management, Inc.",Financial Services,Asset Management,Growth,73.5,127.44,125.33,21.0,14.0,10.0,0.0,ok,0.0,financial_na,,,False,45.0,11.9,,63.8,36.1,11.4,65.0,0.5,-15.7,0.387,0.326,BMNR,,126,14.0,14.0,,False
76,CRM,"Salesforce, Inc.",Technology,Software - Application,Core,157.9,192.74,183.1,20.5,16.0,10.0,0.0,ok,-1.5,ok,2.38,,False,45.0,12.4,10.5,13.3,77.6,16.9,61.8,-5.2,-10.9,0.203,0.473,MSFT,,126,16.0,17.0,,False
77,TMUS,"T-Mobile US, Inc.",Communication Services,Telecom Services,Core,190.1,177.19,182.17,18.5,19.0,10.0,0.0,ok,-2.5,ok,3.42,,False,45.0,12.3,6.0,7.9,63.1,18.0,36.9,-10.1,-21.7,-0.183,0.22,NVDA,,126,19.0,17.0,,False
78,MSCI,MSCI Inc.,Financial Services,Financial Data & Stock Exchang,Core,40.9,563.17,593.53,17.5,17.4,10.0,0.0,ok,0.0,financial_na,,,False,44.9,25.0,2.9,12.2,83.0,,29.3,-1.3,-10.2,0.173,0.331,MSFT,,126,17.4,16.0,,False
79,COP,ConocoPhillips,Energy,Oil & Gas E&P,Growth,141.3,117.61,113.44,19.5,15.4,10.0,0.0,ok,0.0,ok,0.59,,False,44.9,12.9,5.2,36.3,47.2,14.2,53.8,9.3,-1.0,-0.285,0.408,GOOG,,126,15.4,13.0,,False
80,STZ,"Constellation Brands, Inc.",Consumer Defensive,Beverages - Brewers,Core,23.2,135.76,136.49,20.0,17.4,10.0,0.0,ok,-2.5,ok,3.02,,False,44.9,11.0,9.5,-3.3,52.7,23.7,53.4,-5.8,-28.7,-0.108,0.201,BMNR,,126,17.4,17.0,,False
81,ALAB,"Astera Labs, Inc.",Technology,Semiconductors,Growth,58.0,334.17,357.82,19.0,15.9,10.0,0.0,ok,0.0,ok,-4.23,,False,44.9,53.4,0.2,104.5,75.1,25.8,54.6,57.7,84.8,0.494,0.556,AVGO,,126,15.9,15.0,,False
82,PEP,"Pepsico, Inc.",Consumer Defensive,Beverages - Non-Alcoholic,Core,189.9,139.02,140.57,20.0,16.4,10.0,0.0,ok,-1.5,ok,2.25,,False,44.9,15.5,4.1,6.4,54.2,51.5,61.0,-6.4,-29.6,-0.138,0.265,AVGO,,126,16.4,17.0,,False
83,GEN,Gen Digital Inc.,Technology,Software - Infrastructure,Core,17.5,29.17,27.71,24.0,13.3,10.0,0.0,ok,-2.5,ok,3.29,,False,44.8,8.9,8.1,27.0,78.5,39.9,67.8,20.7,9.7,0.358,0.402,MSFT,,126,13.3,17.0,,False
84,LVS,Las Vegas Sands Corp.,Consumer Cyclical,Resorts & Casinos,Core,29.6,45.77,47.84,21.0,15.3,10.0,0.0,ok,-1.5,ok,2.57,,False,44.8,13.0,7.5,-0.7,79.3,122.9,49.8,-17.4,-31.8,0.306,0.344,MSFT,,126,15.3,13.0,,False
85,INCY,Incyte Corporation,Healthcare,Biotechnology,Growth,24.4,120.56,114.53,23.0,11.8,10.0,0.0,ok,0.0,ok,-2.32,,False,44.8,13.6,4.8,37.7,55.7,30.7,56.9,18.1,-0.7,-0.005,0.147,BMNR,,126,11.8,16.0,,False
86,EQT,EQT Corporation,Energy,Oil & Gas E&P,Cyclical,32.3,51.69,52.05,18.5,16.2,10.0,0.0,ok,0.0,ok,0.79,,False,44.7,13.0,7.6,-3.9,80.7,11.1,61.0,-7.9,-20.4,-0.031,0.067,BMNR,,126,16.2,14.0,,False
87,V,Visa Inc.,Financial Services,Credit Services,Core,676.8,362.5,344.38,20.5,14.2,10.0,0.0,ok,0.0,financial_na,,,False,44.7,24.2,3.0,14.4,97.7,61.2,52.2,9.8,-2.1,0.049,0.218,MSFT,,126,14.2,18.0,,False
88,KLIC,"Kulicke and Soffa Industries, ",Technology,Semiconductor Equipment & Mate,Growth,4.8,91.31,107.81,16.5,18.2,10.0,0.0,ok,0.0,ok,-2.53,,False,44.7,15.5,1.2,122.6,52.6,13.2,41.2,23.2,17.2,0.433,0.471,AVGO,,126,18.2,14.0,,False
89,MKC,"McCormick & Company, Incorpora",Consumer Defensive,Packaged Foods,Core,14.2,52.96,50.31,20.0,17.1,10.0,0.0,ok,-2.5,ok,3.17,,False,44.6,16.1,5.0,16.7,38.9,24.7,54.4,-8.3,-32.7,-0.123,0.209,NVDA,,126,17.1,16.0,,False
90,AFL,AFLAC Incorporated,Financial Services,Insurance - Life,Core,63.4,124.61,120.52,20.5,14.1,10.0,0.0,ok,0.0,financial_na,,,False,44.6,16.5,7.8,27.9,50.0,16.5,51.8,9.8,-5.0,-0.245,0.339,AVGO,,126,14.1,15.0,,False
91,TER,"Teradyne, Inc.",Technology,Semiconductor Equipment & Mate,Growth,59.3,379.31,382.48,20.0,14.6,10.0,0.0,ok,0.0,ok,-0.17,,False,44.6,32.8,0.7,103.9,59.2,36.5,60.6,28.4,14.5,0.457,0.537,AVGO,,126,14.6,14.0,,False
92,NWS,News Corporation,Communication Services,Entertainment,Core,17.5,32.45,30.83,17.0,17.6,10.0,0.0,ok,0.0,ok,0.45,,False,44.6,21.7,5.9,10.8,56.9,8.0,51.1,10.3,15.1,0.008,0.227,GOOG,,126,17.6,14.0,,False
93,AON,Aon plc,Financial Services,Insurance Brokers,Core,76.0,358.3,344.31,20.0,14.5,10.0,0.0,ok,0.0,financial_na,,,False,44.5,16.8,4.2,2.2,48.2,44.7,46.8,6.6,-6.9,-0.226,0.395,AVGO,,126,14.5,15.0,,False
94,GS,"Goldman Sachs Group, Inc. (The",Financial Services,Capital Markets,Growth,302.7,1039.61,1054.3,21.0,15.4,10.0,-2.0,ok,0.0,financial_na,,,False,44.4,14.0,,42.5,82.1,16.9,47.3,12.9,0.6,0.531,0.552,NVDA,,126,15.4,16.0,,False
95,PATH,"UiPath, Inc.",Technology,Software - Infrastructure,Speculative,7.8,15.05,14.3,20.5,13.9,10.0,0.0,ok,0.0,ok,-9.9,,False,44.4,16.6,6.6,17.3,83.0,18.2,68.5,18.2,4.9,0.29,0.444,MSFT,,126,13.9,17.0,,False
96,NFLX,"Netflix, Inc.",Communication Services,Entertainment,Core,308.7,74.14,75.67,23.0,11.4,10.0,0.0,ok,0.0,ok,0.51,,False,44.4,19.4,8.2,13.4,49.1,49.5,78.0,-17.7,-21.7,0.11,0.193,MSFT,,126,11.4,14.0,,False
97,HSY,The Hershey Company,Consumer Defensive,Confectioners,Core,36.6,182.35,178.4,20.0,14.9,10.0,0.0,ok,-0.5,ok,1.89,,False,44.4,18.5,4.8,6.6,38.4,32.8,66.5,-4.0,-32.0,-0.168,0.278,AVGO,,126,14.9,16.0,,False
98,INTU,Intuit Inc.,Technology,Software - Application,Core,89.0,325.25,308.99,21.0,13.3,10.0,0.0,ok,0.0,ok,0.02,,False,44.3,11.9,5.9,10.4,80.8,22.5,65.2,-28.9,-38.4,0.138,0.355,MSFT,,126,13.3,17.0,,False
99,ETN,"Eaton Corporation, PLC",Industrials,Specialty Industrial Machinery,Core,174.2,448.68,426.25,15.5,12.3,19.0,0.0,ok,-2.5,ok,3.11,,False,44.3,28.0,1.8,21.4,36.0,19.7,65.4,19.7,8.8,0.417,0.496,AVGO,,126,12.3,19.0,,False
100,RL,Ralph Lauren Corporation,Consumer Cyclical,Apparel Manufacturing,Core,23.5,395.53,386.83,20.5,13.8,10.0,0.0,ok,0.0,ok,0.65,,False,44.3,19.0,3.8,14.0,70.3,37.5,62.7,9.4,3.8,0.288,0.296,BMNR,,126,13.8,13.0,,False
101,ESTC,Elastic N.V.,Technology,Software - Application,Speculative,7.9,75.11,71.35,21.0,13.2,10.0,0.0,ok,0.0,neg_ebitda_low_debt,,,False,44.2,19.4,5.9,16.0,76.2,33.4,73.6,17.1,15.1,0.365,0.513,MSFT,,126,13.2,17.0,,False
102,CVX,Chevron Corporation,Energy,Oil & Gas Integrated,Growth,366.0,186.56,182.85,19.5,14.7,10.0,0.0,ok,0.0,ok,0.79,,False,44.2,14.4,,52.6,44.3,,45.8,6.3,-7.7,-0.297,0.335,GOOG,,126,14.7,13.0,,False
103,KMB,Kimberly-Clark Corporation,Consumer Defensive,Household & Personal Products,Core,36.4,109.68,106.45,18.5,16.1,10.0,0.0,ok,-0.5,ok,1.6,,False,44.1,14.7,2.6,0.6,37.6,104.9,52.5,6.9,-5.5,-0.106,0.18,AVGO,,126,16.1,16.0,,False
104,ODFL,"Old Dominion Freight Line, Inc",Industrials,Trucking,Core,44.9,216.36,226.55,18.5,15.6,10.0,0.0,ok,0.0,ok,-0.15,,False,44.1,32.7,2.2,10.4,39.6,24.8,35.1,13.9,-4.9,0.081,0.134,GOOG,,126,15.6,14.0,,False
105,CMG,"Chipotle Mexican Grill, Inc.",Consumer Cyclical,Restaurants,Core,41.5,32.79,32.97,18.5,17.0,10.0,0.0,ok,-1.5,ok,2.08,,False,44.0,24.0,2.7,9.3,39.4,49.6,48.9,-5.6,-28.7,0.238,0.383,MSFT,,126,17.0,11.0,,False
106,TRV,"The Travelers Companies, Inc.",Financial Services,Insurance - Property & Casualt,Core,80.2,384.31,365.09,20.0,13.9,10.0,0.0,ok,0.0,financial_na,,,False,43.9,12.7,18.4,0.3,34.7,26.5,62.0,27.1,16.0,-0.26,0.292,AVGO,,126,13.9,14.0,,False
107,LII,"Lennox International, Inc.",Industrials,Building Products & Equipment,Core,15.2,439.77,520.24,16.0,18.4,10.0,0.0,ok,-0.5,ok,1.68,,False,43.9,16.7,1.8,3.0,33.3,71.8,26.4,-13.1,-28.7,0.177,0.26,NVDA,,126,18.4,14.0,,False
108,KLAC,KLA Corporation,Technology,Semiconductor Equipment & Mate,Core,258.8,198.11,632.1,18.5,15.4,10.0,0.0,ok,0.0,ok,0.16,,False,43.9,30.2,,15.2,61.3,87.5,45.2,-84.1,-98.1,0.2,0.278,AVGO,,126,15.4,15.0,,False
109,MNST,Monster Beverage Corporation,Consumer Defensive,Beverages - Non-Alcoholic,Core,88.4,90.36,94.08,18.0,15.9,10.0,0.0,ok,0.0,ok,-1.02,,False,43.9,34.5,1.9,26.9,55.5,26.7,36.4,11.3,-2.4,0.051,0.127,GOOG,,126,15.9,17.0,,False
110,DASH,"DoorDash, Inc.",Consumer Cyclical,Internet Retail,Growth,93.7,216.26,205.45,18.0,15.9,10.0,0.0,ok,0.0,ok,-1.42,,False,43.9,27.3,5.5,35.6,52.2,8.9,68.8,14.1,6.6,0.426,0.479,MSFT,,126,15.9,12.0,,False
111,ROK,"Rockwell Automation, Inc.",Industrials,Specialty Industrial Machinery,Core,49.0,441.04,464.0,18.5,15.8,10.0,0.0,ok,-0.5,ok,1.5,,False,43.8,29.8,2.7,7.9,49.1,30.6,41.9,6.9,-4.9,0.275,0.286,NVDA,,126,15.8,15.0,,False
112,PTC,PTC Inc.,Technology,Software - Application,Core,16.0,147.71,140.32,21.0,12.8,10.0,0.0,ok,0.0,ok,0.98,,False,43.8,16.6,6.4,-6.8,84.5,35.1,72.5,-3.2,-17.0,0.181,0.459,MSFT,,126,12.8,17.0,,False
113,TEL,TE Connectivity plc,Technology,Electronic Components,Core,62.7,216.33,206.76,18.5,15.3,10.0,0.0,ok,0.0,ok,0.92,,False,43.8,16.8,3.7,13.8,36.1,23.3,61.3,-1.3,-11.4,0.333,0.313,BMNR,,126,15.3,13.0,,False
114,FIX,"Comfort Systems USA, Inc.",Industrials,Engineering & Construction,Core,59.6,1694.55,1806.51,17.0,16.8,10.0,0.0,ok,0.0,ok,0.12,,False,43.8,28.2,3.1,1.0,25.7,55.3,48.9,19.3,26.0,0.447,0.462,AVGO,,126,16.8,14.0,,False
115,CL,Colgate-Palmolive Company,Consumer Defensive,Household & Personal Products,Core,74.4,93.27,91.07,21.0,13.2,10.0,0.0,ok,-0.5,ok,1.29,,False,43.7,22.7,4.7,4.9,60.4,267.4,54.4,8.6,-12.5,-0.129,0.268,AVGO,,126,13.2,18.0,,False
116,MO,"Altria Group, Inc.",Consumer Defensive,Tobacco,Core,114.1,68.35,71.31,19.0,15.2,10.0,0.0,ok,-0.5,ok,1.41,,False,43.7,11.6,7.9,1.2,87.2,,28.8,5.4,-5.6,-0.464,0.458,MSFT,,126,15.2,18.0,,False
117,AIG,"American International Group, ",Financial Services,Insurance - Diversified,Core,41.8,78.78,77.19,17.0,16.7,10.0,0.0,ok,0.0,financial_na,,,False,43.7,8.9,22.8,1.4,35.5,7.7,45.1,2.0,-8.6,-0.087,0.164,AVGO,,126,16.7,14.0,,False
118,CRDO,Credo Technology Group Holding,Technology,Semiconductors,Growth,46.6,249.89,237.4,20.0,13.7,10.0,0.0,ok,0.0,ok,-2.96,,False,43.7,27.5,0.5,157.0,68.0,34.4,60.4,48.4,112.4,0.431,0.516,AVGO,,126,13.7,15.0,,False
119,FISV,"Fiserv, Inc.",,,Core,27.9,52.41,52.01,15.5,18.2,10.0,0.0,ok,,unavailable,,,False,43.7,6.3,,,,,52.6,-15.0,-24.6,0.11,0.295,MSFT,,126,18.2,12.5,,False
120,GNRC,Generac Holdlings Inc.,Industrials,Specialty Industrial Machinery,Core,12.5,212.22,244.68,15.5,18.7,10.0,0.0,ok,-0.5,ok,1.79,,False,43.7,18.0,2.3,10.6,39.5,9.5,49.2,3.5,3.7,0.216,0.418,AVGO,,126,18.7,14.0,,False
121,BBY,"Best Buy Co., Inc.",Consumer Cyclical,Specialty Retail,Core,17.3,82.0,79.9,18.0,15.6,10.0,0.0,ok,0.0,ok,0.85,,False,43.6,11.6,6.6,1.9,22.5,39.1,43.7,16.8,6.3,0.069,0.095,BMNR,,126,15.6,11.0,,False
122,EFX,"Equifax, Inc.",Industrials,Consulting Services,Core,21.4,182.56,173.43,18.5,16.6,10.0,0.0,ok,-1.5,ok,2.75,,False,43.6,18.0,4.4,10.6,55.5,14.3,52.0,-4.1,-18.3,0.061,0.235,MSFT,,126,16.6,17.0,,False
123,NVR,"NVR, Inc.",Consumer Cyclical,Residential Construction,Core,17.0,6390.14,6412.38,16.5,17.1,10.0,0.0,ok,0.0,ok,-0.0,,False,43.6,15.5,5.4,-10.9,21.8,31.5,48.2,-7.5,-32.1,-0.007,0.176,GOOG,,126,17.1,11.0,,False
124,AMAT,"Applied Materials, Inc.",Technology,Semiconductor Equipment & Mate,Core,428.1,539.14,553.11,18.0,15.6,10.0,0.0,ok,0.0,ok,-0.1,,False,43.6,31.6,0.7,11.4,49.0,39.7,52.1,41.5,55.5,0.413,0.527,AVGO,,126,15.6,14.0,,False
125,FTNT,"Fortinet, Inc.",Technology,Software - Infrastructure,Core,117.1,159.64,152.87,19.0,14.5,10.0,0.0,ok,0.0,ok,-1.35,,False,43.5,42.5,1.9,25.6,80.2,117.4,49.1,55.7,81.0,0.297,0.311,MSFT,,126,14.5,17.0,,False
126,ORCL,Oracle Corporation,Technology,Software - Infrastructure,Core,423.5,147.02,160.29,17.5,12.4,19.0,-2.0,ok,-3.5,ok,4.44,,False,43.4,13.5,-5.8,20.6,65.8,53.4,71.8,-17.8,-8.6,0.62,0.563,MSFT,,126,12.4,19.0,,False
127,DXCM,"DexCom, Inc.",Healthcare,Medical Devices,Core,32.0,84.75,80.51,20.5,12.8,10.0,0.0,ok,0.0,ok,-0.39,,False,43.3,27.1,3.2,13.1,62.5,38.5,65.1,24.3,9.2,0.204,0.268,GOOG,,126,12.8,17.0,,False
128,ADP,"Automatic Data Processing, Inc",Technology,Software - Application,Core,107.8,271.32,257.75,20.0,13.3,10.0,0.0,ok,0.0,ok,0.2,,False,43.3,20.3,4.9,6.8,48.7,72.2,62.3,15.8,6.3,-0.053,0.284,MSFT,,126,13.3,16.0,,False
129,KR,Kroger Company (The),Consumer Defensive,Grocery Stores,Core,34.8,56.73,59.37,15.5,19.2,10.0,0.0,ok,-1.5,ok,2.64,,False,43.2,10.2,8.6,2.2,24.0,13.8,43.3,-12.0,-27.0,-0.297,0.337,AVGO,,126,19.2,16.0,,False
130,FIS,Fidelity National Information ,Technology,Information Technology Service,Core,22.1,42.77,41.25,22.0,14.7,10.0,0.0,ok,-3.5,ok,5.82,,False,43.2,6.4,12.0,29.1,35.8,22.3,51.9,-17.2,-28.8,0.064,0.332,MSFT,,126,14.7,15.0,,False
131,GIS,"General Mills, Inc.",Consumer Defensive,Packaged Foods,Core,19.7,36.89,35.48,16.0,17.1,10.0,0.0,ok,0.0,ok,-0.12,,False,43.1,11.5,11.7,2.2,33.7,-1.0,45.8,-7.9,-33.5,-0.145,0.317,AVGO,,126,17.1,16.0,,False
132,ALGN,"Align Technology, Inc.",Healthcare,Medical Instruments & Supplies,Core,12.3,173.66,174.7,18.5,14.6,10.0,0.0,ok,0.0,ok,-1.1,,False,43.1,13.8,5.2,4.3,70.7,10.2,48.7,3.5,-19.3,0.354,0.356,BMNR,,126,14.6,17.0,,False
133,VLTO,Veralto Corp,Industrials,Pollution & Treatment Controls,Core,24.0,98.34,93.42,19.5,14.1,10.0,0.0,ok,-0.5,ok,1.06,,False,43.1,20.6,3.4,7.5,60.2,34.3,62.7,5.1,-3.2,-0.033,0.082,AVGO,,126,14.1,16.0,,False
134,JKHY,"Jack Henry & Associates, Inc.",Technology,Information Technology Service,Core,11.1,155.95,148.15,17.5,15.6,10.0,0.0,ok,0.0,ok,0.16,,False,43.1,22.0,3.4,8.7,44.1,24.9,53.7,-2.0,-21.6,-0.033,0.264,MSFT,,126,15.6,16.0,,False
135,MA,Mastercard Incorporated,Financial Services,Credit Services,Core,493.1,562.95,534.8,20.5,12.5,10.0,0.0,ok,0.0,financial_na,,,False,43.0,24.5,3.4,14.1,100.0,241.2,58.6,6.7,-9.1,0.131,0.417,MSFT,,126,12.5,18.0,,False
136,VEEV,Veeva Systems Inc.,Healthcare,Health Information Services,Core,37.4,230.47,218.95,18.0,15.0,10.0,0.0,ok,0.0,ok,-7.03,,False,43.0,23.0,3.4,16.3,75.0,13.9,70.3,14.0,13.6,0.217,0.458,MSFT,,126,15.0,19.0,,False
137,SNPS,"Synopsys, Inc.",Technology,Software - Infrastructure,Growth,79.7,415.99,434.7,20.0,16.5,10.0,0.0,ok,-3.5,ok,4.93,,False,43.0,24.1,4.4,41.9,82.6,3.8,67.4,-7.2,-14.5,0.462,0.382,AVGO,,126,16.5,17.0,,False
138,UNP,Union Pacific Corporation,Industrials,Railroads,Core,174.1,293.13,279.8,20.5,14.0,10.0,0.0,ok,-1.5,ok,2.26,,False,43.0,20.7,2.7,11.5,56.3,39.7,46.8,16.5,4.7,-0.176,0.187,MSFT,,126,14.0,15.0,,False
139,SPG,"Simon Property Group, Inc.",Real Estate,REIT - Retail,Core,84.7,222.91,220.33,20.5,16.0,10.0,0.0,ok,-3.5,ok,5.79,,False,43.0,33.1,2.9,19.3,81.6,113.6,41.3,13.3,1.1,-0.07,0.163,GOOG,,126,16.0,17.0,,False
140,CSX,CSX Corporation,Industrials,Railroads,Core,93.1,50.27,48.57,19.5,15.0,10.0,0.0,ok,-1.5,ok,2.64,,False,43.0,22.1,2.1,10.1,47.1,24.4,50.8,20.9,12.3,-0.018,0.191,MSFT,,126,15.0,15.0,,False
141,XYL,Xylem Inc.,Industrials,Specialty Industrial Machinery,Core,28.1,120.32,116.07,16.0,17.0,10.0,0.0,ok,0.0,ok,0.9,,False,43.0,19.4,4.2,1.5,39.2,9.2,49.5,-5.6,-27.0,0.125,0.232,GOOG,,126,17.0,14.0,,False
142,MS,Morgan Stanley,Financial Services,Capital Markets,Core,340.1,216.33,215.86,20.0,13.0,10.0,0.0,ok,0.0,financial_na,,,False,43.0,15.9,,28.0,87.6,18.0,55.9,17.1,9.0,0.493,0.481,BMNR,,126,13.0,16.0,,False
143,NKE,"Nike, Inc.",Consumer Cyclical,Footwear & Accessories,Core,61.9,41.7,43.25,16.5,16.4,10.0,0.0,ok,0.0,ok,0.41,,False,42.9,18.2,3.1,-1.1,43.2,22.1,41.1,-22.3,-46.2,0.181,0.178,MSFT,,126,16.4,12.0,,False
144,POOL,Pool Corporation,Industrials,Industrial Distribution,Speculative,7.5,206.31,197.74,17.0,17.4,10.0,0.0,ok,-1.5,ok,2.58,,False,42.9,17.5,2.8,2.2,29.6,31.3,53.9,-6.7,-33.3,0.102,0.155,GOOG,,126,17.4,14.0,,False
145,CTVA,"Corteva, Inc.",Basic Materials,Agricultural Inputs,Cyclical,51.3,76.83,81.8,15.0,17.9,10.0,0.0,ok,0.0,ok,0.59,,False,42.9,18.6,4.7,-1.2,49.5,4.3,30.9,1.7,-5.8,-0.194,0.265,MSFT,,126,17.9,12.0,,False
146,SYF,Synchrony Financial,Financial Services,Credit Services,Core,25.6,78.59,74.66,19.5,13.4,10.0,0.0,ok,0.0,financial_na,,,False,42.9,7.5,,0.6,0.0,20.8,64.4,5.9,-6.9,0.364,0.35,BMNR,,126,13.4,16.0,,False
147,ARM,Arm Holdings plc,Technology,Semiconductors,Core,301.8,282.57,322.21,16.5,16.3,10.0,0.0,ok,0.0,ok,-3.2,,False,42.8,92.1,0.4,22.4,97.5,13.4,53.6,46.8,116.5,0.485,0.526,AVGO,,126,16.3,15.0,,False
148,SCHW,Charles Schwab Corporation (Th,Financial Services,Capital Markets,Core,187.1,107.6,102.22,21.5,11.3,10.0,0.0,ok,0.0,financial_na,,,False,42.8,13.8,,20.9,97.5,20.3,67.6,12.7,-8.8,0.195,0.231,MSFT,,126,11.3,16.0,,False
149,CAT,"Caterpillar, Inc.",Industrials,Farm & Heavy Construction Mach,Core,387.1,842.19,916.88,18.0,16.3,10.0,0.0,ok,-1.5,ok,2.41,,False,42.8,26.3,1.3,24.0,29.7,57.0,45.9,13.0,4.3,0.329,0.479,AVGO,,126,16.3,14.0,,False
150,ULTA,"Ulta Beauty, Inc.",Consumer Cyclical,Specialty Retail,Core,24.3,565.15,536.89,21.0,12.3,10.0,0.0,ok,-0.5,ok,1.1,,False,42.8,17.7,4.0,11.1,43.2,47.4,81.3,1.8,-30.0,0.179,0.18,MSFT,,126,12.3,12.0,,False
151,AOS,A.O. Smith Corporation,Industrials,Specialty Industrial Machinery,Speculative,8.7,63.98,60.78,18.0,14.8,10.0,0.0,ok,0.0,ok,0.63,,False,42.8,15.6,5.6,-0.7,38.6,27.1,67.6,-2.1,-29.5,0.104,0.227,NVDA,,124,14.8,14.0,,False
152,MAS,Masco Corporation,Industrials,Building Products & Equipment,Core,15.3,77.51,75.72,19.0,14.3,10.0,0.0,ok,-0.5,ok,1.95,,False,42.8,16.6,5.9,-2.9,37.2,5862.5,50.0,13.0,-5.1,0.231,0.22,BMNR,,126,14.3,14.0,,False
153,GILD,"Gilead Sciences, Inc.",Healthcare,Drug Manufacturers - General,Core,165.4,133.21,129.72,18.0,15.3,10.0,0.0,ok,-0.5,ok,1.54,,False,42.8,13.5,7.4,10.2,79.6,-20.7,50.0,1.3,-24.1,0.079,0.148,BMNR,,126,15.3,17.0,,False
154,ICE,Intercontinental Exchange Inc.,Financial Services,Financial Data & Stock Exchang,Core,84.4,150.3,142.79,18.5,14.3,10.0,0.0,ok,0.0,financial_na,,,False,42.8,17.1,4.3,4.8,100.0,14.1,65.1,-2.6,-22.7,0.181,0.296,MSFT,,126,14.3,16.0,,False
155,IDXX,"IDEXX Laboratories, Inc.",Healthcare,Diagnostics & Research,Core,46.3,586.67,559.97,17.0,15.7,10.0,0.0,ok,0.0,ok,0.55,,False,42.7,35.5,2.0,9.7,62.4,74.2,60.7,-5.2,-20.9,0.253,0.339,GOOG,,126,15.7,17.0,,False
156,DVN,Devon Energy Corporation,Energy,Oil & Gas E&P,Growth,47.3,42.98,43.58,17.5,15.7,10.0,0.0,ok,-0.5,ok,1.21,,False,42.7,7.8,2.0,71.8,50.3,11.5,46.5,2.4,-13.3,-0.238,0.296,GOOG,,126,15.7,13.0,,False
157,ACGL,Arch Capital Group Ltd.,Financial Services,Insurance - Diversified,Core,33.6,98.48,96.93,16.5,16.2,10.0,0.0,ok,0.0,financial_na,,,False,42.7,10.1,12.8,-10.5,38.8,19.9,41.9,3.6,-14.4,-0.319,0.415,AVGO,,126,16.2,14.0,,False
158,WM,"Waste Management, Inc.",Industrials,Waste Management,Core,91.0,227.68,226.26,17.5,16.6,10.0,0.0,ok,-1.5,ok,2.93,,False,42.6,24.9,2.6,4.0,40.6,29.8,33.9,2.1,-11.1,-0.369,0.35,NVDA,,126,16.6,15.0,,False
159,EXE,Expand Energy Corporation,Energy,Oil & Gas E&P,Cyclical,22.2,92.84,89.99,16.5,16.1,10.0,0.0,ok,0.0,ok,0.46,,False,42.6,10.1,6.6,-10.6,47.1,14.9,62.8,-8.6,-26.8,-0.068,0.119,AVGO,,126,16.1,13.0,,False
160,LLY,Eli Lilly and Company,Healthcare,Drug Manufacturers - General,Growth,1056.9,1185.71,1157.55,20.0,13.0,10.0,0.0,ok,-0.5,ok,1.1,,False,42.5,25.6,1.0,47.7,83.4,102.3,56.8,15.0,0.5,-0.062,0.185,MSFT,,126,13.0,17.0,,False
161,CPAY,"Corpay, Inc.",Technology,Software - Infrastructure,Core,25.7,392.94,373.29,23.0,11.0,10.0,0.0,ok,-1.5,ok,2.91,,False,42.5,12.6,7.1,21.5,79.9,29.2,64.7,21.5,-1.0,0.254,0.258,MSFT,,126,11.0,17.0,,False
162,AKAM,"Akamai Technologies, Inc.",Technology,Software - Infrastructure,Core,16.1,110.54,125.86,16.0,19.9,10.0,0.0,ok,-3.5,ok,4.3,,False,42.4,15.4,4.4,5.8,58.3,9.2,36.9,4.0,4.4,0.203,0.226,AVGO,,126,19.9,16.0,,False
163,BLK,"BlackRock, Inc.",Financial Services,Asset Management,Growth,184.8,1136.39,1079.57,19.5,12.9,10.0,0.0,ok,0.0,financial_na,,,False,42.4,17.7,,30.6,47.2,,69.2,8.3,-3.7,0.439,0.414,GOOG,,126,12.9,15.0,,False
164,GL,Globe Life Inc.,Financial Services,Insurance - Life,Core,14.3,183.85,174.66,17.5,14.8,10.0,0.0,ok,0.0,financial_na,,,False,42.3,11.1,,8.0,33.9,,49.4,23.0,13.9,0.107,0.222,GOOG,,126,14.8,14.0,,False
165,CB,Chubb Limited,Financial Services,Insurance - Property & Casualt,Core,135.1,350.31,340.18,18.5,13.8,10.0,0.0,ok,0.0,financial_na,,,False,42.3,12.0,7.8,6.1,31.1,14.8,48.2,9.5,-5.7,-0.388,0.412,AVGO,,126,13.8,14.0,,False
166,VRSN,"VeriSign, Inc.",Technology,Software - Infrastructure,Core,26.6,294.56,279.83,16.5,16.3,10.0,0.0,ok,-0.5,ok,1.1,,False,42.3,26.8,3.1,6.0,88.5,,60.4,14.5,20.0,-0.122,0.259,BMNR,,126,16.3,17.0,,False
167,HBAN,Huntington Bancshares Incorpor,Financial Services,Banks - Regional,Growth,35.5,17.55,17.35,18.0,14.3,10.0,0.0,ok,0.0,financial_na,,,False,42.3,9.3,,47.6,0.0,9.0,42.0,5.0,-19.9,0.27,0.262,GOOG,,126,14.3,14.0,,False
168,UNH,UnitedHealth Group Incorporate,Healthcare,Healthcare Plans,Core,369.7,407.08,412.8,15.5,17.2,10.0,0.0,ok,-0.5,ok,1.73,,False,42.2,18.1,6.2,0.4,19.5,14.2,41.7,18.2,36.4,0.097,0.165,BMNR,,126,17.2,15.0,,False
169,KKR,KKR & Co. Inc.,Financial Services,Asset Management,Core,95.9,102.81,97.67,16.5,15.7,10.0,0.0,ok,0.0,financial_na,,,False,42.2,13.9,,2.2,54.2,,61.0,-3.5,-11.9,0.419,0.357,BMNR,,126,15.7,15.0,,False
170,CRH,CRH PLC,Basic Materials,Building Materials,Cyclical,66.8,100.48,104.57,16.0,17.7,10.0,0.0,ok,-1.5,ok,2.17,,False,42.2,15.1,3.0,5.6,36.2,15.8,51.0,-11.1,-32.3,0.26,0.304,BMNR,,126,17.7,11.0,,False
171,ABBV,AbbVie Inc.,Healthcare,Drug Manufacturers - General,Core,434.8,246.04,241.15,17.5,16.1,10.0,0.0,ok,-1.5,ok,2.09,,False,42.1,15.1,3.9,10.2,72.8,,42.2,10.1,-0.9,-0.278,0.312,AVGO,,126,16.1,17.0,,False
172,MRSH,Marsh,Financial Services,Insurance Brokers,Core,91.5,191.65,182.07,19.0,13.0,10.0,0.0,ok,0.0,financial_na,,,False,42.0,16.8,5.2,6.2,44.0,25.9,60.9,8.7,-7.8,-0.226,0.41,AVGO,,126,13.0,15.0,,False
173,ZTS,Zoetis Inc.,Healthcare,Drug Manufacturers - Specialty,Core,30.5,72.66,76.72,18.5,16.5,10.0,0.0,ok,-3.0,de_fallback,,286.2,False,42.0,10.1,,0.3,71.7,,40.8,-32.9,-54.6,0.063,0.159,GOOG,,126,16.5,17.0,,False
174,TT,Trane Technologies plc,Industrials,Building Products & Equipment,Core,106.1,482.31,471.69,19.5,12.5,10.0,0.0,ok,0.0,ok,0.77,,False,42.0,27.6,2.9,10.6,35.4,36.6,56.4,9.4,-5.6,0.295,0.437,NVDA,,126,12.5,14.0,,False
175,NTRS,Northern Trust Corporation,Financial Services,Asset Management,Growth,33.9,185.5,177.58,17.5,14.5,10.0,0.0,ok,0.0,financial_na,,,False,42.0,14.6,,36.4,0.0,17.1,54.9,22.0,10.7,0.342,0.34,BMNR,,126,14.5,14.0,,False
176,LULU,lululemon athletica inc.,Consumer Cyclical,Apparel Retail,Core,14.6,128.58,122.15,21.0,11.0,10.0,0.0,ok,0.0,ok,0.24,,False,42.0,11.4,7.8,4.3,55.7,32.0,70.5,-18.6,-37.5,0.357,0.36,MSFT,,126,11.0,12.0,,False
177,MPWR,"Monolithic Power Systems, Inc.",Technology,Semiconductors,Growth,68.9,1401.54,1421.72,19.0,13.0,10.0,0.0,ok,0.0,ok,-1.39,,False,42.0,40.3,0.6,47.6,55.2,22.0,56.4,15.1,2.3,0.469,0.564,AVGO,,126,13.0,14.0,,False
178,ALB,Albemarle Corporation,Basic Materials,Specialty Chemicals,Growth,15.5,131.11,138.75,19.0,12.9,10.0,0.0,ok,0.0,ok,0.25,,False,41.9,10.9,8.6,31.1,24.0,2.6,71.0,-14.3,-31.5,0.273,0.294,AVGO,,126,12.9,11.0,,False
179,NEM,Newmont Corporation,Basic Materials,Gold,Cyclical,119.0,112.98,107.33,22.0,9.9,10.0,0.0,ok,0.0,ok,-0.2,,False,41.9,10.7,7.4,15.1,68.0,25.9,81.9,8.3,-13.7,0.413,0.423,BMNR,,126,9.9,13.0,,False
180,HAL,Halliburton Company,Energy,Oil & Gas Equipment & Services,Cyclical,26.6,31.89,35.29,15.5,16.9,10.0,0.0,ok,-0.5,ok,1.49,,False,41.9,11.0,7.7,3.7,15.1,14.9,32.0,-5.9,-20.3,0.003,0.111,AVGO,,126,16.9,14.0,,False
181,UHS,"Universal Health Services, Inc",Healthcare,Medical Care Facilities,Core,10.5,173.54,164.86,19.0,13.4,10.0,0.0,ok,-0.5,ok,1.9,,False,41.9,7.2,4.7,8.3,44.6,20.9,77.6,-9.0,-32.4,-0.034,0.104,GOOG,,126,13.4,16.0,,False
182,AMP,"Ameriprise Financial, Inc.",Financial Services,Asset Management,Core,48.8,551.98,524.38,22.0,9.9,10.0,0.0,ok,0.0,financial_na,,,False,41.9,10.7,5.9,11.6,54.9,63.4,67.6,15.9,-9.6,0.304,0.308,BMNR,,126,9.9,15.0,,False
183,APH,Amphenol Corporation,Technology,Electronic Components,Growth,208.6,169.18,160.72,19.0,13.4,10.0,0.0,ok,-0.5,ok,1.42,,False,41.9,26.2,1.8,55.0,39.0,38.1,67.7,18.3,12.5,0.407,0.458,AVGO,,126,13.4,13.0,,False
184,HAS,"Hasbro, Inc.",Consumer Cyclical,Leisure,Core,13.2,93.52,88.84,22.0,10.4,10.0,0.0,ok,-0.5,ok,1.92,,False,41.9,14.3,5.2,16.2,63.8,159.6,73.2,6.9,-11.6,0.105,0.149,GOOG,,126,10.4,13.0,,False
185,GOOGL,Alphabet Inc.,Communication Services,Internet Content & Information,Core,4333.1,354.3,356.51,19.0,14.9,10.0,-2.0,ok,0.0,ok,-0.7,,False,41.9,24.0,0.5,24.2,60.9,48.7,50.9,7.7,-2.1,0.528,0.995,GOOG,,126,14.9,15.0,,False
186,CSGP,"CoStar Group, Inc.",Real Estate,Real Estate Services,Core,12.3,30.24,30.37,16.5,15.3,10.0,0.0,ok,0.0,ok,-0.28,,False,41.8,17.5,3.4,18.4,78.7,0.9,52.7,-36.6,-51.8,0.035,0.34,MSFT,,126,15.3,19.0,,False
187,VRTX,Vertex Pharmaceuticals Incorpo,Healthcare,Biotechnology,Core,125.7,496.07,473.16,19.5,12.3,10.0,0.0,ok,0.0,ok,-1.15,,False,41.8,23.0,2.1,12.5,55.0,23.5,60.3,9.1,-8.1,0.036,0.204,BMNR,,126,12.3,16.0,,False
188,CMCSA,Comcast Corporation,Communication Services,Telecom Services,Core,90.0,25.36,24.09,18.5,14.8,10.0,0.0,ok,-1.5,ok,2.43,,False,41.8,7.0,14.1,-1.2,69.4,11.5,60.4,-4.8,-30.1,-0.027,0.132,GOOG,,126,14.8,17.0,,False
189,NDAQ,"Nasdaq, Inc.",Financial Services,Financial Data & Stock Exchang,Core,52.9,94.59,89.86,18.0,13.8,10.0,0.0,ok,0.0,financial_na,,,False,41.8,20.2,3.2,14.9,100.0,16.5,61.5,6.1,-0.0,0.234,0.406,MSFT,,126,13.8,16.0,,False
190,AJG,Arthur J. Gallagher & Co.,Financial Services,Insurance Brokers,Growth,63.6,248.12,235.71,16.5,15.3,10.0,0.0,ok,0.0,financial_na,,,False,41.8,16.7,3.2,30.9,43.2,6.7,45.9,6.2,-8.9,-0.206,0.324,AVGO,,126,15.3,15.0,,False
191,DOC,"Healthpeak Properties, Inc.",Real Estate,REIT - Healthcare Facilities,Core,15.2,21.41,21.15,18.0,17.2,10.0,0.0,ok,-3.5,ok,5.53,,False,41.7,,10.8,11.1,57.6,3.0,38.8,18.8,18.2,0.024,0.145,NVDA,,126,17.2,16.0,,False
192,LHX,"L3Harris Technologies, Inc.",Industrials,Aerospace & Defense,Growth,53.4,286.67,295.44,16.5,17.6,10.0,0.0,ok,-2.5,ok,3.23,,False,41.6,21.4,,190.0,30.4,,53.6,-9.1,-29.6,-0.11,0.187,MSFT,,126,17.6,14.0,,False
193,RSG,"Republic Services, Inc.",Industrials,Waste Management,Core,66.0,214.56,212.65,16.0,17.1,10.0,0.0,ok,-1.5,ok,2.69,,False,41.6,26.6,2.7,2.6,43.0,18.3,40.4,0.4,-14.1,-0.374,0.356,AVGO,,126,17.1,15.0,,False
194,CIEN,Ciena Corporation,Technology,Communication Equipment,Growth,58.4,412.39,445.84,15.5,16.0,10.0,0.0,ok,0.0,ok,0.48,,False,41.5,42.8,1.2,39.5,43.0,15.5,57.4,15.5,40.1,0.361,0.516,AVGO,,126,16.0,14.0,,False
195,JPM,JP Morgan Chase & Co.,Financial Services,Banks - Diversified,Growth,950.4,357.52,339.64,19.0,12.5,10.0,0.0,ok,0.0,financial_na,,,False,41.5,14.3,,30.4,0.0,17.8,68.8,14.6,-0.4,0.26,0.32,BMNR,,126,12.5,14.0,,False
196,EME,"EMCOR Group, Inc.",Industrials,Engineering & Construction,Core,36.0,816.9,799.02,18.0,13.5,10.0,0.0,ok,0.0,ok,-0.19,,False,41.5,22.2,2.7,19.8,19.4,40.3,61.6,9.2,-5.0,0.497,0.442,NVDA,,126,13.5,14.0,,False
197,CTSH,Cognizant Technology Solutions,Technology,Information Technology Service,Core,27.3,57.67,54.79,18.5,13.0,10.0,0.0,ok,0.0,ok,0.26,,False,41.5,9.1,8.1,4.5,33.4,14.9,80.3,-8.8,-36.2,0.004,0.292,MSFT,,126,13.0,15.0,,False
198,DDOG,"Datadog, Inc.",Technology,Software - Application,Growth,83.3,233.93,249.08,15.0,16.5,10.0,0.0,ok,0.0,ok,-45.46,,False,41.5,79.3,1.2,35.6,79.5,4.7,38.7,37.7,97.5,0.238,0.32,MSFT,,126,16.5,17.0,,False
199,T,AT&T Inc.,Communication Services,Telecom Services,Core,163.0,23.79,22.68,19.5,14.5,10.0,0.0,ok,-2.5,ok,3.3,,False,41.5,9.3,6.2,2.3,59.7,18.3,65.4,-4.4,-23.3,-0.233,0.229,NVDA,,126,14.5,16.0,,False
200,TRMB,Trimble Inc.,Technology,Scientific & Technical Instrum,Core,13.9,59.51,56.53,16.5,15.5,10.0,0.0,ok,-0.5,ok,1.36,,False,41.5,14.6,2.7,11.8,71.5,8.3,66.9,-11.0,-21.9,0.344,0.351,MSFT,,126,15.5,15.0,,False
201,OMC,Omnicom Group Inc.,Communication Services,Advertising Agencies,Growth,24.3,85.24,80.98,18.5,14.4,10.0,0.0,ok,-1.5,ok,2.2,,False,41.4,7.1,17.5,63.4,19.0,6.1,55.2,11.6,11.3,0.065,0.115,GOOG,,126,14.4,13.0,,False
202,KEY,KeyCorp,Financial Services,Banks - Regional,Core,24.4,22.73,22.66,17.5,13.9,10.0,0.0,ok,0.0,financial_na,,,False,41.4,10.6,,10.1,0.0,10.3,40.7,9.1,-13.0,0.273,0.3,BMNR,,126,13.9,14.0,,False
203,WFC,Wells Fargo & Company,Financial Services,Banks - Diversified,Core,263.8,87.25,84.61,16.5,14.9,10.0,0.0,ok,0.0,financial_na,,,False,41.4,11.0,,9.5,0.0,12.6,53.1,3.4,-18.5,0.199,0.259,BMNR,,126,14.9,14.0,,False
204,LITE,Lumentum Holdings Inc.,Technology,Communication Equipment,Growth,69.3,890.17,845.66,18.0,13.4,10.0,0.0,ok,0.0,ok,0.28,,False,41.4,47.5,0.1,90.1,40.8,22.8,59.6,44.0,49.4,0.361,0.424,AVGO,,126,13.4,14.0,,False
205,ROP,"Roper Technologies, Inc.",Technology,Software - Application,Core,39.8,402.25,382.14,18.5,15.4,10.0,0.0,ok,-2.5,ok,3.38,,False,41.4,16.6,5.7,8.5,69.5,13.1,65.2,5.8,-0.6,-0.042,0.192,NVDA,,126,15.4,17.0,,False
206,CME,CME Group Inc.,Financial Services,Financial Data & Stock Exchang,Core,94.8,263.66,250.6,17.0,14.3,10.0,0.0,ok,0.0,financial_na,,,False,41.3,20.4,3.1,0.8,100.0,15.8,69.9,-4.2,-22.6,-0.111,0.283,AVGO,,126,14.3,16.0,,False
207,PAYX,"Paychex, Inc.",Technology,Software - Application,Core,42.7,120.04,114.04,18.5,14.3,10.0,0.0,ok,-1.5,ok,2.17,,False,41.3,18.8,,12.5,67.2,,59.1,17.7,11.5,-0.037,0.297,MSFT,,126,14.3,17.0,,False
208,ADI,"Analog Devices, Inc.",Technology,Semiconductors,Growth,189.9,389.93,394.94,17.5,13.8,10.0,0.0,ok,0.0,ok,0.86,,False,41.3,25.9,2.0,37.2,64.5,9.6,58.6,16.7,10.2,0.327,0.501,AVGO,,126,13.8,15.0,,False
209,KEYS,Keysight Technologies Inc.,Technology,Scientific & Technical Instrum,Growth,58.3,340.97,332.17,16.5,14.8,10.0,0.0,ok,0.0,ok,0.25,,False,41.3,28.6,1.9,31.5,62.1,18.2,63.4,24.8,35.7,0.309,0.415,AVGO,,126,14.8,15.0,,False
210,HIG,"The Hartford Insurance Group, ",Financial Services,Insurance - Diversified,Core,39.3,143.28,136.12,20.0,11.3,10.0,0.0,ok,0.0,financial_na,,,False,41.3,10.5,14.0,8.1,37.9,22.1,56.7,6.3,-11.0,-0.192,0.298,AVGO,,126,11.3,14.0,,False
211,HON,Honeywell International Inc.,Industrials,Conglomerates,Core,78.0,246.21,234.7,18.5,15.3,10.0,0.0,ok,-2.5,ok,3.03,,False,41.3,24.7,3.3,4.3,36.5,46.6,68.5,12.3,-7.5,0.035,0.21,MSFT,,126,15.3,14.0,,False
212,IBM,International Business Machine,Technology,Information Technology Service,Core,223.5,237.28,259.05,20.0,13.7,10.0,0.0,ok,-2.5,ok,3.47,,False,41.2,18.0,5.4,1.1,58.1,34.5,71.9,-11.2,-31.5,0.169,0.354,MSFT,,126,13.7,16.0,,False
213,MCD,McDonald's Corporation,Consumer Cyclical,Restaurants,Core,195.0,274.48,273.8,17.5,16.2,10.0,0.0,ok,-2.5,ok,3.6,,False,41.2,19.6,,3.8,57.4,,58.5,-8.1,-27.5,-0.044,0.181,NVDA,,126,16.2,12.0,,False
214,CMI,Cummins Inc.,Industrials,Specialty Industrial Machinery,Core,88.9,644.26,667.51,16.0,15.2,10.0,0.0,ok,0.0,ok,0.87,,False,41.2,18.6,2.5,9.4,25.8,21.1,51.5,10.3,-0.0,0.378,0.48,AVGO,,126,15.2,14.0,,False
215,HWM,Howmet Aerospace Inc.,Industrials,Aerospace & Defense,Core,112.8,281.88,272.13,18.0,13.6,10.0,0.0,ok,-0.5,ok,1.43,,False,41.1,46.1,1.1,24.1,36.0,34.7,58.0,18.2,14.5,0.268,0.344,NVDA,,126,13.6,14.0,,False
216,PFG,Principal Financial Group Inc,Financial Services,Asset Management,Core,24.3,113.4,109.95,17.5,13.6,10.0,0.0,ok,0.0,financial_na,,,False,41.1,11.0,4.4,6.4,47.3,12.9,53.7,19.0,5.6,0.216,0.236,GOOG,,126,13.6,15.0,,False
217,APTV,Aptiv PLC,Consumer Cyclical,Auto Parts,Core,10.5,49.55,61.03,15.5,16.1,10.0,0.0,ok,-0.5,ok,1.52,,False,41.1,7.5,15.4,2.3,19.3,5.2,34.1,-29.1,-51.8,0.214,0.251,AVGO,,126,16.1,11.0,,False
218,NTAP,"NetApp, Inc.",Technology,Software - Infrastructure,Core,37.1,189.52,180.04,20.5,10.6,10.0,0.0,ok,0.0,ok,-0.45,,False,41.1,19.3,3.5,12.5,70.7,106.7,80.6,55.0,72.4,0.302,0.315,AVGO,,126,10.6,17.0,,False
219,LIN,Linde plc,Basic Materials,Specialty Chemicals,Cyclical,225.9,489.98,511.99,13.5,18.0,10.0,0.0,ok,-0.5,ok,1.67,,False,41.0,25.0,1.8,9.3,48.3,18.4,35.3,3.4,-2.2,-0.18,0.162,AVGO,,126,18.0,12.0,,False
220,ERIE,Erie Indemnity Company,Financial Services,Insurance Brokers,Core,13.2,252.58,239.95,16.0,15.0,10.0,0.0,ok,0.0,financial_na,,,False,41.0,18.0,3.6,2.8,17.9,24.8,63.9,-1.8,-23.6,-0.23,0.316,AVGO,,126,15.0,14.0,,False
221,ABNB,"Airbnb, Inc.",Consumer Cyclical,Travel Services,Core,105.7,178.07,169.17,20.5,10.5,10.0,0.0,ok,0.0,ok,-3.62,,False,41.0,29.2,3.0,17.9,82.9,32.3,79.6,33.5,33.8,0.338,0.296,BMNR,,126,10.5,15.0,,False
222,ROST,"Ross Stores, Inc.",Consumer Cyclical,Apparel Retail,Core,81.9,255.23,242.47,19.0,12.0,10.0,0.0,ok,0.0,ok,0.17,,False,41.0,29.8,2.5,20.6,32.7,39.0,75.7,24.7,22.2,0.151,0.178,BMNR,,126,12.0,11.0,,False
223,COF,Capital One Financial Corporat,Financial Services,Credit Services,Growth,133.6,217.76,206.87,18.0,12.9,10.0,0.0,ok,0.0,financial_na,,,False,40.9,9.1,,1111.0,0.0,9.0,62.9,5.1,-13.8,0.384,0.356,BMNR,,126,12.9,16.0,,False
224,JNJ,Johnson & Johnson,Healthcare,Drug Manufacturers - General,Core,624.7,259.24,247.73,18.5,12.4,10.0,0.0,ok,0.0,ok,0.81,,False,40.9,21.1,2.7,6.6,68.1,25.7,64.0,14.0,-3.3,-0.349,0.368,AVGO,,126,12.4,17.0,,False
225,FICO,Fair Isaac Corporation,Technology,Software - Application,Core,22.5,1041.4,1198.38,18.5,15.9,10.0,0.0,ok,-3.5,ok,4.23,,False,40.9,19.6,3.4,25.7,85.1,,33.3,-23.5,-37.0,-0.116,0.183,AVGO,,126,15.9,17.0,,False
226,LYB,LyondellBasell Industries NV,Basic Materials,Specialty Chemicals,Cyclical,19.2,59.59,60.12,15.5,17.9,10.0,0.0,ok,-2.5,ok,3.27,,False,40.9,9.2,6.4,19.8,12.9,-2.3,46.8,2.5,-2.4,-0.152,0.217,GOOG,,126,17.9,11.0,,False
227,LYV,"Live Nation Entertainment, Inc",Communication Services,Entertainment,Core,42.1,180.66,176.12,16.0,15.4,10.0,0.0,ok,-0.5,ok,1.43,,False,40.9,93.8,4.0,9.4,25.8,17.7,49.7,15.2,16.4,0.23,0.224,GOOG,,126,15.4,13.0,,False
228,AMT,American Tower Corporation (RE,Real Estate,REIT - Specialty,Core,80.4,172.54,175.15,19.5,16.3,10.0,0.0,ok,-5.0,ok,6.14,,False,40.8,24.6,3.6,4.7,73.8,33.9,56.4,-2.5,-10.2,-0.144,0.345,AVGO,,126,16.3,17.0,,False
229,TPR,"Tapestry, Inc.",Consumer Cyclical,Luxury Goods,Core,32.8,162.36,154.24,23.0,8.3,10.0,0.0,ok,-0.5,ok,1.45,,False,40.8,20.8,4.7,21.2,76.2,60.9,82.7,19.6,-4.9,0.321,0.37,BMNR,,126,8.3,13.0,,False
230,MDT,Medtronic plc.,Healthcare,Medical Devices,Core,111.6,87.16,82.8,17.0,14.3,10.0,0.0,ok,-0.5,ok,1.97,,False,40.8,13.6,4.1,9.9,65.3,9.8,65.5,-2.4,-26.5,-0.043,0.228,AVGO,,126,14.3,17.0,,False
231,TJX,"TJX Companies, Inc. (The)",Consumer Cyclical,Apparel Retail,Core,178.3,161.36,157.72,17.0,13.8,10.0,0.0,ok,0.0,ok,0.97,,False,40.8,28.0,2.4,9.2,31.4,61.3,63.6,4.6,-7.7,-0.028,0.116,AVGO,,126,13.8,11.0,,False
232,FRT,Federal Realty Investment Trus,Real Estate,REIT - Retail,Core,10.3,118.69,122.87,18.5,15.8,10.0,0.0,ok,-3.5,ok,5.65,,False,40.8,38.5,4.4,7.2,68.1,12.6,23.6,9.6,1.5,-0.043,0.115,AVGO,,126,15.8,17.0,,False
233,FSLR,"First Solar, Inc.",Technology,Solar,Core,26.9,250.05,243.55,17.5,13.3,10.0,0.0,ok,0.0,ok,-0.64,,False,40.8,10.8,5.9,-3.7,44.0,18.5,76.7,6.7,2.4,0.316,0.321,AVGO,,126,13.3,14.0,,False
234,MAR,Marriott International,Consumer Cyclical,Lodging,Core,92.3,353.91,376.89,17.5,15.8,10.0,0.0,ok,-2.5,ok,3.6,,False,40.8,26.9,2.2,11.1,79.2,,42.7,5.0,-5.5,0.131,0.191,GOOG,,126,15.8,13.0,,False
235,AVY,Avery Dennison Corporation,Consumer Cyclical,Packaging & Containers,Core,13.6,177.18,168.32,20.5,11.7,10.0,0.0,ok,-1.5,ok,2.28,,False,40.7,15.8,7.4,10.9,29.0,31.2,70.3,2.9,-18.9,0.108,0.127,MSFT,,126,11.7,11.0,,False
236,RJF,"Raymond James Financial, Inc.",Financial Services,Asset Management,Core,34.0,176.56,167.73,19.0,11.7,10.0,0.0,ok,0.0,financial_na,,,False,40.7,12.5,,15.1,93.2,18.4,65.4,11.6,-9.0,0.332,0.328,BMNR,,126,11.7,16.0,,False
237,BWXT,"BWX Technologies, Inc.",Industrials,Aerospace & Defense,Core,15.6,169.9,185.01,14.5,17.7,10.0,0.0,ok,-1.5,ok,2.96,,False,40.7,32.4,0.9,18.0,22.1,28.3,50.3,-13.5,-25.6,0.453,0.515,BMNR,,126,17.7,14.0,,False
238,EG,"Everest Group, Ltd.",Financial Services,Insurance - Reinsurance,Core,14.4,374.96,357.71,15.0,15.7,10.0,0.0,ok,0.0,financial_na,,,False,40.7,6.2,14.4,-11.3,15.3,12.6,47.2,11.2,3.0,-0.263,0.311,AVGO,,126,15.7,14.0,,False
239,CTAS,Cintas Corporation,Industrials,Specialty Business Services,Core,81.3,203.05,192.9,16.0,14.6,10.0,0.0,ok,0.0,ok,0.81,,False,40.6,33.2,1.8,8.9,50.7,40.7,51.8,9.9,-7.7,-0.059,0.187,AVGO,,126,14.6,17.0,,False
240,HUM,Humana Inc.,Healthcare,Healthcare Plans,Core,46.2,385.0,374.23,15.0,15.5,10.0,0.0,ok,0.0,ok,-2.54,,False,40.5,23.4,4.2,26.2,13.7,6.9,44.0,44.2,87.6,0.074,0.122,NVDA,,126,15.5,15.0,,False
241,EW,Edwards Lifesciences Corporati,Healthcare,Medical Devices,Core,51.7,89.72,88.0,16.5,14.0,10.0,0.0,ok,0.0,ok,-1.78,,False,40.5,26.6,2.4,13.6,77.8,9.2,69.0,6.7,2.1,0.232,0.269,GOOG,,126,14.0,17.0,,False
242,DOV,Dover Corporation,Industrials,Specialty Industrial Machinery,Core,28.4,211.13,214.22,16.0,14.5,10.0,0.0,ok,0.0,ok,0.79,,False,40.5,18.1,3.2,6.9,40.1,14.9,51.5,1.7,-17.3,0.243,0.263,BMNR,,126,14.5,15.0,,False
243,OTIS,Otis Worldwide Corporation,Industrials,Specialty Industrial Machinery,Core,28.2,73.99,72.13,15.5,17.5,10.0,0.0,ok,-2.5,ok,3.04,,False,40.5,16.0,5.1,7.3,30.3,,52.2,-9.1,-28.7,-0.017,0.176,GOOG,,126,17.5,14.0,,False
244,CPRT,"Copart, Inc.",Industrials,Specialty Business Services,Core,28.6,29.66,29.54,17.0,13.5,10.0,0.0,ok,0.0,ok,-2.09,,False,40.5,17.6,3.5,2.1,47.5,17.6,65.1,-16.4,-38.4,0.012,0.156,AVGO,,126,13.5,17.0,,False
245,KDP,Keurig Dr Pepper Inc.,Consumer Defensive,Beverages - Non-Alcoholic,Growth,40.8,30.01,31.11,20.0,15.5,10.0,0.0,ok,-5.0,ok,6.52,,False,40.5,11.8,11.3,75.6,49.4,5.1,45.3,5.2,-5.3,-0.147,0.157,NVDA,,126,15.5,17.0,,False
246,INVH,Invitation Homes Inc.,Real Estate,REIT - Residential,Core,18.0,30.37,29.74,19.0,14.9,10.0,0.0,ok,-3.5,ok,5.65,,False,40.4,44.6,6.5,10.1,56.3,7.1,54.8,10.4,4.8,-0.141,0.277,AVGO,,126,14.9,16.0,,False
247,TYL,"Tyler Technologies, Inc.",Technology,Software - Application,Core,12.8,312.45,304.94,16.0,14.9,10.0,0.0,ok,-0.5,ok,1.06,,False,40.4,20.4,4.6,8.2,47.2,9.7,47.9,-15.7,-22.2,-0.017,0.286,MSFT,,126,14.9,16.0,,False
248,SNA,Snap-On Incorporated,Industrials,Tools & Accessories,Core,21.5,416.35,397.65,17.5,12.9,10.0,0.0,ok,0.0,ok,-0.24,,False,40.4,19.5,5.2,4.2,51.8,17.9,57.3,12.6,1.5,0.084,0.241,GOOG,,126,12.9,15.0,,False
249,GEHC,GE HealthCare Technologies Inc,Healthcare,Medical Devices,Core,32.6,71.77,68.18,17.5,14.4,10.0,0.0,ok,-1.5,ok,2.36,,False,40.4,13.3,4.8,5.8,39.5,19.4,70.0,-1.7,-22.9,0.09,0.224,GOOG,,126,14.4,15.0,,False
250,WST,"West Pharmaceutical Services, ",Healthcare,Medical Instruments & Supplies,Core,24.9,354.07,341.85,14.5,15.9,10.0,0.0,ok,0.0,ok,-0.13,,False,40.4,35.5,1.1,13.8,36.8,19.1,51.3,23.5,30.4,0.126,0.153,BMNR,,126,15.9,15.0,,False
251,CCL,Carnival Corporation Ltd.,Consumer Cyclical,Travel Services,Core,39.7,28.99,27.87,19.0,13.9,10.0,0.0,ok,-2.5,ok,3.28,,False,40.4,11.0,4.8,5.3,55.7,26.7,69.9,4.3,-25.7,0.401,0.404,GOOG,,126,13.9,14.0,,False
252,SYK,Stryker Corporation,Healthcare,Medical Devices,Core,130.0,339.03,322.08,17.0,13.9,10.0,0.0,ok,-0.5,ok,1.62,,False,40.4,20.2,3.2,9.4,65.6,16.5,59.6,-0.7,-17.0,-0.086,0.237,AVGO,,126,13.9,17.0,,False
253,ELV,"Elevance Health, Inc.",Healthcare,Healthcare Plans,Core,85.5,394.2,396.17,16.0,14.4,10.0,0.0,ok,0.0,ok,-0.78,,False,40.4,13.3,5.0,1.4,26.0,11.1,58.1,12.4,5.1,0.04,0.106,AVGO,,126,14.4,15.0,,False
254,ARES,Ares Management Corporation,Financial Services,Asset Management,Core,45.1,136.85,130.01,16.5,13.9,10.0,0.0,ok,0.0,financial_na,,,False,40.4,19.0,,5.8,35.8,,70.2,3.0,-5.6,0.422,0.364,BMNR,,126,13.9,14.0,,False
255,FDX,FedEx Corporation,Industrials,Integrated Freight & Logistics,Core,75.4,318.57,319.87,18.0,13.8,10.0,0.0,ok,-1.5,ok,2.48,,False,40.3,15.4,7.5,12.5,27.3,14.8,62.7,-2.1,-25.3,0.18,0.236,NVDA,,126,13.8,14.0,,False
256,FOXA,Fox Corporation,Communication Services,Entertainment,Core,26.9,64.03,60.83,18.0,12.3,10.0,0.0,ok,0.0,ok,0.61,,False,40.3,11.2,2.1,28.1,36.6,14.3,73.8,1.8,-12.6,-0.01,0.108,MSFT,,126,12.3,13.0,,False
257,GLW,Corning Incorporated,Technology,Electronic Components,Core,142.4,165.68,179.12,14.5,16.3,10.0,0.0,ok,-0.5,ok,1.68,,False,40.3,38.3,0.5,16.6,36.4,16.8,56.3,21.0,24.0,0.351,0.457,AVGO,,126,16.3,13.0,,False
258,CI,The Cigna Group,Healthcare,Healthcare Plans,Core,74.6,282.49,285.81,15.5,15.2,10.0,0.0,ok,-0.5,ok,1.93,,False,40.2,8.4,10.7,6.7,9.1,16.8,49.1,1.5,-14.6,-0.119,0.213,AVGO,,126,15.2,15.0,,False
259,EQIX,"Equinix, Inc.",Real Estate,REIT - Specialty,Core,102.9,1042.62,1051.55,17.0,16.7,10.0,0.0,ok,-3.5,ok,4.93,,False,40.2,56.0,3.7,16.7,52.0,10.7,54.8,11.6,11.7,0.124,0.187,BMNR,,126,16.7,16.0,,False
260,PSA,Public Storage,Real Estate,REIT - Industrial,Core,61.3,328.4,319.06,18.5,13.2,10.0,0.0,ok,-1.5,ok,2.89,,False,40.2,35.7,3.8,3.3,74.4,21.9,62.6,12.3,3.7,-0.033,0.19,GOOG,,126,13.2,17.0,,False
261,PLAB,"Photronics, Inc.",Technology,Semiconductor Equipment & Mate,Speculative,1.9,32.65,31.02,15.0,15.2,10.0,0.0,ok,0.0,ok,-2.31,,False,40.2,16.2,2.0,-0.5,33.8,13.2,65.5,-6.2,-24.2,0.352,0.423,AVGO,,126,15.2,13.0,,False
262,MMM,3M Company,Industrials,Conglomerates,Core,94.3,182.9,173.75,21.0,9.7,10.0,0.0,ok,-0.5,ok,1.21,,False,40.2,18.8,6.7,2.5,39.4,81.9,78.5,14.7,-5.5,0.116,0.202,GOOG,,126,9.7,14.0,,False
263,UPS,"United Parcel Service, Inc.",Industrials,Integrated Freight & Logistics,Core,88.9,104.5,109.26,16.0,15.7,10.0,0.0,ok,-1.5,ok,2.16,,False,40.2,12.9,5.6,7.6,21.2,29.6,35.7,2.5,-20.1,0.128,0.164,NVDA,,126,15.7,14.0,,False
264,FOX,Fox Corporation,Communication Services,Entertainment,Core,23.9,57.03,54.18,18.0,12.2,10.0,0.0,ok,0.0,ok,0.61,,False,40.2,10.4,2.4,28.1,36.6,14.3,71.0,0.9,-13.6,-0.014,0.135,AVGO,,126,12.2,13.0,,False
265,TDG,Transdigm Group Incorporated,Industrials,Aerospace & Defense,Core,68.5,1225.25,1267.91,18.5,16.6,10.0,0.0,ok,-5.0,ok,6.03,,False,40.1,25.4,2.1,22.5,59.8,,53.5,-4.3,-16.6,0.196,0.326,GOOG,,126,16.6,15.0,,False
266,GPN,Global Payments Inc.,Industrials,Specialty Business Services,Growth,22.8,86.12,81.81,21.0,12.6,10.0,0.0,ok,-3.5,ok,4.05,,False,40.1,5.4,,68.6,64.0,2.4,57.3,15.8,6.7,0.256,0.281,MSFT,,126,12.6,18.0,fcf_yield_out_of_range(34.5),False
267,XOM,ExxonMobil Holdings Corporatio,Energy,Oil & Gas Integrated,Growth,634.3,153.04,146.48,17.5,12.6,10.0,0.0,ok,0.0,ok,0.47,,False,40.1,14.5,3.3,44.1,29.8,12.6,58.7,10.0,-7.8,-0.295,0.359,GOOG,,126,12.6,12.0,,False
268,CVNA,Carvana Co.,Consumer Cyclical,Auto & Truck Dealerships,Growth,105.4,70.85,67.31,16.0,14.6,10.0,0.0,ok,-0.5,ok,1.02,,False,40.1,31.5,0.4,52.4,19.4,58.8,61.4,-2.0,-24.1,0.391,0.384,GOOG,,126,14.6,11.0,,False
269,GE,GE Aerospace,Industrials,Aerospace & Defense,Core,384.0,370.08,351.88,18.0,12.0,10.0,0.0,ok,0.0,ok,0.9,,False,40.0,40.8,1.7,21.1,31.1,48.2,68.4,16.9,3.6,0.287,0.363,GOOG,,126,12.0,14.0,,False
270,ABT,Abbott Laboratories,Healthcare,Medical Devices,Core,187.8,107.81,102.42,17.0,14.5,10.0,0.0,ok,-1.5,ok,2.32,,False,40.0,17.8,3.8,13.0,56.8,10.6,66.6,0.6,-14.0,-0.066,0.247,AVGO,,126,14.5,16.0,,False
271,FITB,Fifth Third Bancorp,Financial Services,Banks - Regional,Growth,51.8,57.09,55.32,18.0,12.0,10.0,0.0,ok,0.0,financial_na,,,False,40.0,11.6,,51.8,0.0,8.4,47.3,15.9,-7.3,0.167,0.22,BMNR,,126,12.0,14.0,,False
272,ROL,"Rollins, Inc.",Consumer Cyclical,Personal Services,Core,18.2,37.74,43.45,18.5,12.0,10.0,0.0,ok,-0.5,ok,1.16,,True,40.0,28.9,2.8,7.9,52.4,37.0,16.0,-30.3,-53.3,0.043,0.186,GOOG,,126,15.8,14.0,,False
273,REG,Regency Centers Corporation,Real Estate,REIT - Retail,Core,14.4,77.12,79.62,17.0,16.4,10.0,0.0,ok,-3.5,ok,4.62,,False,39.9,30.6,5.2,8.9,71.5,8.2,19.5,3.0,-8.4,-0.156,0.243,AVGO,,126,16.4,17.0,,False
274,MRVL,"Marvell Technology, Inc.",Technology,Semiconductors,Core,196.3,218.72,240.89,15.5,14.4,10.0,0.0,ok,0.0,ok,0.53,,False,39.9,35.0,1.2,27.6,51.5,16.0,58.8,58.4,160.7,0.383,0.566,AVGO,,126,14.4,14.0,,False
275,COHU,"Cohu, Inc.",Technology,Semiconductor Equipment & Mate,Growth,2.5,52.88,56.27,14.0,15.9,10.0,0.0,ok,0.0,ok,-13.22,,False,39.9,28.6,2.6,38.4,44.0,-4.8,51.8,41.4,59.5,0.433,0.527,AVGO,,126,15.9,14.0,,False
276,BMY,Bristol-Myers Squibb Company,Healthcare,Drug Manufacturers - General,Core,132.2,64.72,61.48,22.0,8.3,10.0,0.0,ok,-0.5,ok,1.8,,False,39.8,9.9,6.1,5.7,71.7,46.6,71.9,16.3,-6.4,0.005,0.193,AVGO,,126,8.3,17.0,,False
277,PM,Philip Morris International In,Consumer Defensive,Tobacco,Core,295.5,189.57,183.82,17.5,13.8,10.0,0.0,ok,-1.5,ok,2.39,,False,39.8,20.7,3.3,10.4,67.5,,46.1,11.7,-7.3,-0.123,0.157,AVGO,,126,13.8,18.0,,False
278,EPAM,"EPAM Systems, Inc.",Technology,Information Technology Service,Speculative,5.1,97.43,92.56,16.5,13.3,10.0,0.0,ok,0.0,ok,-0.85,,False,39.8,6.9,,4.5,29.5,11.2,56.8,-32.4,-59.7,0.049,0.225,MSFT,,126,13.3,15.0,,False
279,KVUE,Kenvue Inc.,Consumer Defensive,Household & Personal Products,Core,36.9,19.23,18.71,16.5,14.7,10.0,0.0,ok,-1.5,ok,2.24,,False,39.7,15.5,,3.0,58.4,,53.3,10.6,-3.3,-0.123,0.197,AVGO,,126,14.7,17.0,,False
280,CCI,Crown Castle Inc.,Real Estate,REIT - Specialty,Core,32.2,75.59,81.8,15.5,19.2,10.0,0.0,ok,-5.0,ok,8.31,,False,39.7,26.0,3.2,-4.9,73.7,,44.1,-11.9,-17.3,-0.082,0.292,AVGO,,126,19.2,17.0,,False
281,EXPD,Expeditors International of Wa,Industrials,Integrated Freight & Logistics,Growth,23.2,178.71,169.77,17.5,12.2,10.0,0.0,ok,0.0,ok,-0.37,,False,39.7,22.7,3.4,32.1,13.5,42.7,52.2,16.9,-3.6,0.022,0.066,GOOG,,126,12.2,14.0,,False
282,BF-B,Brown Forman Inc,Consumer Defensive,Beverages - Wineries & Distill,Core,13.1,28.52,27.09,18.5,11.7,10.0,0.0,ok,-0.5,ok,1.94,,False,39.7,16.8,5.7,2.0,60.5,17.8,63.9,5.3,-14.2,-0.133,0.149,AVGO,,126,11.7,18.0,,False
283,AMD,"Advanced Micro Devices, Inc.",Technology,Semiconductors,Growth,789.1,483.36,514.08,16.5,15.1,10.0,-2.0,ok,0.0,ok,-0.92,,False,39.6,31.3,1.1,50.1,55.7,10.2,46.9,51.9,120.0,0.516,0.562,AVGO,,126,15.1,14.0,,False
284,PRU,"Prudential Financial, Inc.",Financial Services,Insurance - Life,Core,41.8,121.28,115.22,15.5,14.1,10.0,0.0,ok,0.0,financial_na,,,False,39.6,8.3,,-2.5,28.7,12.0,60.0,14.9,7.7,0.162,0.261,BMNR,,126,14.1,14.0,,False
285,HD,"Home Depot, Inc. (The)",Consumer Cyclical,Home Improvement Retail,Core,354.6,355.62,337.84,17.0,14.1,10.0,0.0,ok,-1.5,ok,2.49,,False,39.6,22.1,2.9,4.8,33.1,128.4,65.8,2.6,-19.0,0.129,0.269,GOOG,,126,14.1,11.0,,False
286,RF,Regions Financial Corporation,Financial Services,Banks - Regional,Core,26.8,31.43,30.0,16.5,13.1,10.0,0.0,ok,0.0,financial_na,,,False,39.6,11.1,,3.4,0.0,11.9,54.6,13.6,-9.3,0.188,0.214,GOOG,,126,13.1,14.0,,False
287,MGM,MGM Resorts International,Consumer Cyclical,Resorts & Casinos,Core,11.2,44.47,46.68,18.5,16.1,10.0,0.0,ok,-5.0,ok,12.25,,False,39.6,21.8,7.9,1.0,44.2,18.9,37.2,15.4,6.7,0.249,0.254,MSFT,,126,16.1,12.0,,False
288,DLTR,"Dollar Tree, Inc.",Consumer Defensive,Discount Stores,Core,25.2,130.9,124.35,18.5,12.5,10.0,0.0,ok,-1.5,ok,2.74,,False,39.5,17.0,5.7,7.2,37.0,34.0,57.7,14.5,-6.2,0.18,0.192,MSFT,,126,12.5,16.0,,False
289,ESS,"Essex Property Trust, Inc.",Real Estate,REIT - Residential,Core,19.9,288.1,287.55,17.0,16.0,10.0,0.0,ok,-3.5,ok,5.43,,False,39.5,46.6,5.3,3.1,68.8,7.7,42.3,9.9,0.9,-0.08,0.221,AVGO,,126,16.0,17.0,,False
290,TGT,Target Corporation,Consumer Defensive,Discount Stores,Core,68.0,149.7,142.21,17.5,12.5,10.0,0.0,ok,-0.5,ok,1.89,,False,39.5,16.7,4.6,6.7,28.1,22.0,68.3,30.6,20.2,0.057,0.096,GOOG,,126,12.5,16.0,,False
291,L,Loews Corporation,Financial Services,Insurance - Property & Casualt,Core,23.6,115.53,112.23,16.0,13.5,10.0,0.0,ok,0.0,financial_na,,,False,39.5,39.8,5.3,3.9,36.3,9.3,54.9,7.2,-8.0,-0.148,0.197,AVGO,,126,13.5,14.0,,False
292,UDR,"UDR, Inc.",Real Estate,REIT - Residential,Core,14.2,38.41,39.08,17.5,15.4,10.0,0.0,ok,-3.5,ok,5.76,,False,39.4,68.6,5.5,-0.1,66.6,13.7,35.5,5.3,-8.3,-0.144,0.262,AVGO,,126,15.4,17.0,,False
293,TKO,"TKO Group Holdings, Inc.",Communication Services,Entertainment,Core,35.3,186.56,194.14,16.5,14.4,10.0,0.0,ok,-1.5,ok,2.69,,False,39.4,46.8,2.4,18.2,59.5,7.1,57.3,-4.9,-23.5,0.189,0.178,BMNR,,126,14.4,14.0,,False
294,DHI,"D.R. Horton, Inc.",Consumer Cyclical,Residential Construction,Core,42.3,151.08,151.37,15.0,14.9,10.0,0.0,ok,-0.5,ok,1.24,,False,39.4,12.8,5.7,0.0,21.3,12.6,58.1,1.0,-14.9,0.088,0.183,GOOG,,126,14.9,11.0,,False
295,C,"Citigroup, Inc.",Financial Services,Banks - Diversified,Core,226.4,135.0,136.14,16.0,13.3,10.0,0.0,ok,0.0,financial_na,,,False,39.3,10.5,,14.5,0.0,8.5,61.3,13.3,-1.4,0.449,0.417,BMNR,,126,13.3,14.0,,False
296,KO,Coca-Cola Company (The),Consumer Defensive,Beverages - Non-Alcoholic,Core,374.5,87.05,82.7,17.0,12.8,10.0,0.0,ok,-0.5,ok,1.64,,False,39.3,24.7,1.4,6.7,61.9,42.1,70.0,14.2,-1.0,-0.235,0.268,AVGO,,126,12.8,18.0,,False
297,ZBH,"Zimmer Biomet Holdings, Inc.",Healthcare,Medical Devices,Core,18.4,96.55,91.72,17.0,13.8,10.0,0.0,ok,-1.5,ok,2.76,,False,39.3,10.6,5.7,4.8,70.0,6.4,66.3,6.3,-4.2,-0.065,0.105,AVGO,,126,13.8,17.0,,False
298,USB,U.S. Bancorp,Financial Services,Banks - Regional,Core,99.6,63.94,60.74,17.5,11.8,10.0,0.0,ok,0.0,financial_na,,,False,39.3,11.0,,10.4,0.0,12.6,54.9,16.9,-5.5,0.211,0.248,BMNR,,126,11.8,14.0,,False
299,A,"Agilent Technologies, Inc.",Healthcare,Diagnostics & Research,Core,41.2,145.97,138.67,17.5,11.8,10.0,0.0,ok,0.0,ok,0.86,,False,39.3,22.1,2.3,10.0,52.6,21.3,81.5,11.6,1.0,0.161,0.132,NVDA,,126,11.8,16.0,,False
300,MAA,Mid-America Apartment Communit,Real Estate,REIT - Residential,Core,16.1,134.96,135.28,17.0,15.8,10.0,0.0,ok,-3.5,ok,4.57,,False,39.3,41.2,5.7,1.0,58.4,7.0,53.3,3.2,-8.5,-0.176,0.319,AVGO,,126,15.8,16.0,,False
301,VTR,"Ventas, Inc.",Real Estate,REIT - Healthcare Facilities,Core,47.9,93.36,89.39,16.5,16.3,10.0,0.0,ok,-3.5,ok,5.34,,False,39.3,114.3,3.1,21.7,40.0,2.0,43.1,12.5,1.9,-0.286,0.313,AVGO,,126,16.3,15.0,,False
302,PLD,"Prologis, Inc.",Real Estate,REIT - Industrial,Core,135.9,140.16,143.43,16.5,16.2,10.0,0.0,ok,-3.5,ok,5.24,,False,39.2,41.2,4.0,12.3,75.5,7.7,35.4,3.8,-8.7,0.053,0.139,BMNR,,126,16.2,17.0,,False
303,DLR,"Digital Realty Trust, Inc.",Real Estate,REIT - Specialty,Core,72.9,193.8,185.28,19.0,13.7,10.0,0.0,ok,-3.5,ok,5.66,,False,39.2,66.1,5.2,29.9,57.0,2.9,65.9,10.2,1.8,0.205,0.258,BMNR,,126,13.7,16.0,,False
304,CVS,CVS Health Corporation,Healthcare,Healthcare Plans,Core,122.4,95.7,101.87,14.0,17.7,10.0,0.0,ok,-2.5,ok,3.74,,False,39.2,11.3,6.6,7.1,13.6,6.2,27.1,13.4,11.3,-0.089,0.151,AVGO,,126,17.7,15.0,,False
305,BKNG,Booking Holdings Inc. Common S,Consumer Cyclical,Travel Services,Core,166.1,214.42,203.7,18.0,11.2,10.0,0.0,ok,0.0,ok,0.36,,False,39.2,17.3,4.6,8.1,87.2,,76.7,15.8,8.6,0.134,0.161,MSFT,,126,11.2,15.0,,False
306,AVB,"AvalonBay Communities, Inc.",Real Estate,REIT - Residential,Core,26.8,187.55,188.11,17.0,15.7,10.0,0.0,ok,-3.5,ok,4.9,,False,39.2,38.5,5.3,2.3,62.7,8.5,41.5,5.0,-2.8,-0.05,0.223,AVGO,,126,15.7,17.0,,False
307,VMC,Vulcan Materials Company (Hold,Basic Materials,Building Materials,Cyclical,36.9,284.69,288.48,14.5,16.1,10.0,0.0,ok,-1.5,ok,2.03,,False,39.1,26.4,2.3,2.5,27.5,13.2,53.0,-1.7,-23.8,0.098,0.209,GOOG,,126,16.1,11.0,,False
308,CLX,Clorox Company (The),Consumer Defensive,Household & Personal Products,Core,12.7,105.15,99.89,18.5,14.1,10.0,0.0,ok,-3.5,ok,4.46,,False,39.1,16.5,,-2.0,42.8,163.8,67.8,2.5,-22.7,-0.002,0.266,GOOG,,126,14.1,17.0,,False
309,MSI,"Motorola Solutions, Inc.",Technology,Communication Equipment,Core,77.4,467.55,444.17,19.5,11.1,10.0,0.0,ok,-1.5,ok,2.37,,False,39.1,24.6,2.6,13.3,52.1,91.6,75.8,12.6,-0.9,0.025,0.123,AVGO,,126,11.1,14.0,,False
310,JBL,Jabil Inc.,Technology,Electronic Components,Core,35.8,341.22,345.12,16.5,15.1,10.0,-2.0,ok,-0.5,ok,1.08,,False,39.1,20.4,3.4,11.8,9.2,65.9,65.2,21.3,20.3,0.518,0.567,AVGO,,126,15.1,13.0,,False
311,ACMR,"ACM Research, Inc.",Technology,Semiconductor Equipment & Mate,Growth,5.8,83.8,91.52,13.0,16.1,10.0,0.0,ok,0.0,ok,-6.7,,False,39.1,37.2,-2.5,34.2,44.2,7.6,50.9,41.7,22.2,0.439,0.503,AVGO,,126,16.1,14.0,,False
312,SBAC,SBA Communications Corporation,Real Estate,REIT - Specialty,Core,19.5,184.03,188.09,16.5,17.5,10.0,0.0,ok,-5.0,ok,8.12,,False,39.0,22.4,3.7,2.3,74.2,,51.8,-4.8,-9.4,-0.042,0.18,AVGO,,126,17.5,17.0,,False
313,WMB,"Williams Companies, Inc. (The)",Energy,Oil & Gas Midstream,Cyclical,86.1,70.4,73.06,15.0,17.5,10.0,0.0,ok,-3.5,ok,4.35,,False,39.0,27.4,-1.8,7.8,63.6,21.5,35.7,2.9,-5.9,-0.128,0.169,MSFT,,126,17.5,14.0,,False
314,EL,"Estee Lauder Companies, Inc. (",Consumer Defensive,Household & Personal Products,Core,32.0,88.35,84.03,16.0,14.5,10.0,0.0,ok,-1.5,ok,2.63,,False,39.0,27.8,5.7,4.6,74.7,-5.9,62.5,-3.8,-22.8,0.251,0.294,GOOG,,126,14.5,18.0,,False
315,MLM,"Martin Marietta Materials, Inc",Basic Materials,Building Materials,Cyclical,33.0,548.57,574.55,12.5,17.9,10.0,0.0,ok,-1.5,ok,2.93,,False,38.9,25.5,1.8,21.0,28.2,8.9,48.5,-9.9,-32.3,0.121,0.212,GOOG,,126,17.9,11.0,,False
316,DG,Dollar General Corporation,Consumer Defensive,Discount Stores,Core,27.9,126.59,120.26,17.0,15.4,10.0,0.0,ok,-3.5,ok,4.26,,False,38.9,15.8,6.7,3.4,30.8,18.9,53.3,2.6,-25.2,0.198,0.236,MSFT,,126,15.4,16.0,,False
317,ACN,Accenture plc,Technology,Information Technology Service,Core,107.5,175.72,166.93,18.5,10.4,10.0,0.0,ok,0.0,ok,-0.14,,False,38.9,12.0,11.2,5.6,32.0,24.4,74.6,-15.6,-38.3,-0.004,0.281,MSFT,,126,10.4,15.0,,False
318,EA,Electronic Arts Inc.,Communication Services,Electronic Gaming & Multimedia,Core,52.9,209.7,205.27,18.0,10.9,10.0,0.0,ok,0.0,ok,-0.31,,False,38.9,21.8,3.2,18.9,79.9,16.5,80.9,3.4,-7.7,0.219,0.308,BMNR,,123,10.9,15.0,,False
319,EQR,Equity Residential,Real Estate,REIT - Residential,Core,25.9,67.07,67.56,17.0,15.3,10.0,0.0,ok,-3.5,ok,4.51,,False,38.8,43.3,5.5,2.1,62.3,8.0,39.5,6.8,-5.7,-0.096,0.228,AVGO,,126,15.3,17.0,,False
320,FTV,Fortive Corporation,Technology,Scientific & Technical Instrum,Core,18.8,61.71,61.01,17.0,13.3,10.0,0.0,ok,-1.5,ok,2.61,,False,38.8,19.0,5.0,7.9,63.2,7.3,52.5,8.1,-9.1,0.095,0.122,NVDA,,126,13.3,15.0,,False
321,JBHT,"J.B. Hunt Transport Services, ",Industrials,Integrated Freight & Logistics,Core,25.2,268.52,280.19,14.0,14.8,10.0,0.0,ok,0.0,ok,0.84,,False,38.8,26.5,3.6,19.4,18.5,18.4,28.0,18.4,6.1,0.098,0.11,NVDA,,126,14.8,14.0,,False
322,IVZ,Invesco Ltd,Financial Services,Asset Management,Core,13.9,31.58,30.0,16.5,12.3,10.0,0.0,ok,0.0,financial_na,,,False,38.8,9.8,8.2,20.5,29.5,-0.6,61.6,20.9,7.7,0.496,0.463,BMNR,,126,12.3,14.0,,False
323,TTWO,"Take-Two Interactive Software,",Communication Services,Electronic Gaming & Multimedia,Core,46.1,246.5,235.29,13.5,15.7,10.0,0.0,ok,-0.5,ok,1.23,,False,38.7,24.6,3.1,6.1,57.7,-10.6,56.1,7.5,14.1,0.323,0.337,MSFT,,126,15.7,14.0,,False
324,MCHP,Microchip Technology Incorpora,Technology,Semiconductors,Growth,46.0,84.69,87.27,16.5,15.7,10.0,0.0,ok,-3.5,ok,4.43,,False,38.7,18.9,2.5,35.1,57.7,3.4,54.6,12.1,0.2,0.349,0.474,AVGO,,126,15.7,14.0,,False
325,IONQ,"IonQ, Inc.",Technology,Computer Hardware,Growth,16.6,44.43,48.68,11.0,19.7,10.0,-2.0,ok,0.0,neg_ebitda_low_debt,,,False,38.7,,-0.6,286.8,,-60.5,68.6,-2.6,15.1,0.512,0.493,BMNR,,126,19.7,13.0,,False
326,VTRS,Viatris Inc.,Healthcare,Drug Manufacturers - Specialty,Core,19.1,16.43,16.55,15.5,14.6,10.0,0.0,ok,-1.5,ok,2.96,,False,38.6,6.2,,4.9,40.3,-2.8,43.2,16.9,1.7,0.173,0.217,NVDA,,126,14.6,16.0,,False
327,NSC,Norfolk Southern Corporation,Industrials,Railroads,Core,75.1,334.36,321.89,15.5,14.6,10.0,0.0,ok,-1.5,ok,2.84,,False,38.6,23.4,1.8,11.4,45.2,17.0,49.5,10.8,-2.3,-0.158,0.169,MSFT,,126,14.6,15.0,,False
328,PNC,"PNC Financial Services Group, ",Financial Services,Banks - Regional,Core,100.8,252.56,242.7,18.5,10.1,10.0,0.0,ok,0.0,financial_na,,,False,38.6,11.8,,23.6,0.0,12.6,55.2,16.4,-6.9,0.16,0.207,GOOG,,126,10.1,14.0,,False
329,LDOS,"Leidos Holdings, Inc.",Technology,Information Technology Service,Core,17.3,137.57,130.69,17.0,13.1,10.0,0.0,ok,-1.5,ok,2.45,,False,38.6,10.6,6.6,7.2,17.8,27.8,78.2,-13.0,-40.4,0.144,0.21,MSFT,,126,13.1,15.0,,False
330,BAC,Bank of America Corporation,Financial Services,Banks - Diversified,Core,441.7,63.17,60.01,17.5,11.1,10.0,0.0,ok,0.0,financial_na,,,False,38.6,11.9,,16.8,0.0,11.2,69.6,17.7,0.5,0.302,0.337,BMNR,,126,11.1,14.0,,False
331,ISRG,"Intuitive Surgical, Inc.",Healthcare,Medical Instruments & Supplies,Core,135.7,378.81,393.18,15.5,13.1,10.0,0.0,ok,0.0,ok,-1.25,,False,38.6,31.4,1.9,18.5,66.7,17.4,62.5,-21.1,-34.3,0.307,0.329,GOOG,,126,13.1,17.0,,False
332,HST,"Host Hotels & Resorts, Inc.",Real Estate,REIT - Hotel & Motel,Core,16.2,23.29,24.21,14.0,16.0,10.0,0.0,ok,-1.5,ok,2.18,,False,38.5,22.9,,3.1,29.2,15.6,42.6,15.5,9.7,0.142,0.232,GOOG,,126,16.0,15.0,,False
333,VZ,Verizon Communications Inc.,Communication Services,Telecom Services,Core,195.5,47.06,45.34,18.5,12.5,10.0,0.0,ok,-2.5,ok,3.76,,False,38.5,8.9,8.9,-0.7,59.5,15.8,67.0,6.4,-8.8,-0.246,0.271,NVDA,,126,12.5,16.0,,False
334,COST,Costco Wholesale Corporation,Consumer Defensive,Discount Stores,Core,420.3,947.82,951.46,14.0,14.5,10.0,0.0,ok,0.0,ok,-0.07,,False,38.5,41.8,1.7,21.5,12.9,29.2,55.9,-0.9,-17.1,-0.225,0.339,AVGO,,126,14.5,16.0,,False
335,NRG,"NRG Energy, Inc.",Utilities,Utilities - Independent Power ,Core,24.8,118.13,134.14,17.0,16.4,10.0,0.0,ok,-5.0,ok,7.16,,False,38.4,10.6,3.1,11.0,18.8,23.8,41.5,-22.0,-34.6,0.241,0.268,AVGO,,126,16.4,18.0,,False
336,MTB,M&T Bank Corporation,Financial Services,Banks - Regional,Core,36.3,250.45,237.93,16.5,11.8,10.0,0.0,ok,0.0,financial_na,,,False,38.3,11.9,,6.2,0.0,10.7,51.5,17.1,-5.9,0.136,0.2,GOOG,,126,11.8,14.0,,False
337,CPB,The Campbell's Company,Consumer Defensive,Packaged Foods,Speculative,6.9,23.05,22.1,16.0,15.8,10.0,0.0,ok,-3.5,ok,4.07,,False,38.3,11.9,8.8,-4.4,29.2,15.4,58.3,-5.8,-30.5,-0.162,0.286,AVGO,,126,15.8,16.0,,False
338,DHR,Danaher Corporation,Healthcare,Diagnostics & Research,Core,143.9,204.76,194.52,14.5,15.3,10.0,0.0,ok,-1.5,ok,2.93,,False,38.3,22.0,3.0,5.5,58.8,7.6,52.9,0.8,-17.2,0.024,0.151,AVGO,,126,15.3,16.0,,False
339,DAL,"Delta Air Lines, Inc.",Industrials,Airlines,Core,60.1,91.34,86.77,17.0,12.8,10.0,0.0,ok,-1.5,ok,2.19,,False,38.3,10.3,4.7,18.7,18.7,20.1,64.0,27.7,10.0,0.378,0.319,BMNR,,126,12.8,14.0,,False
340,DD,"DuPont de Nemours, Inc.",Basic Materials,Specialty Chemicals,Cyclical,19.2,142.47,135.35,15.5,12.7,10.0,0.0,ok,0.0,ok,0.91,,False,38.2,17.9,9.5,4.0,35.1,1.8,61.2,140.9,195.4,-0.047,0.094,BMNR,,126,12.7,11.0,,False
341,CSCO,"Cisco Systems, Inc.",Technology,Communication Equipment,Core,478.6,121.43,117.88,17.0,11.2,10.0,0.0,ok,0.0,ok,0.96,,False,38.2,25.3,1.9,12.0,64.3,25.2,78.4,34.3,32.0,0.27,0.378,AVGO,,126,11.2,15.0,,False
342,COIN,"Coinbase Global, Inc.",Financial Services,Financial Data & Stock Exchang,Core,40.5,153.6,160.8,15.0,15.2,10.0,-2.0,ok,0.0,financial_na,,,False,38.2,50.6,6.6,-17.3,85.8,-7.8,46.2,-26.1,-18.9,0.553,0.731,BMNR,,126,15.2,16.0,,False
343,LOW,"Lowe's Companies, Inc.",Consumer Cyclical,Home Improvement Retail,Core,125.3,223.35,214.65,15.0,15.7,10.0,0.0,ok,-2.5,ok,3.32,,False,38.2,16.6,3.8,10.3,33.3,,68.7,-6.0,-31.3,0.084,0.246,GOOG,,126,15.7,11.0,,False
344,ES,Eversource Energy (D/B/A),Utilities,Utilities - Regulated Electric,Core,27.2,72.33,72.0,14.5,17.2,10.0,0.0,ok,-3.5,ok,5.67,,False,38.2,14.7,3.0,2.3,52.8,9.0,41.0,4.3,-2.1,-0.189,0.181,AVGO,,126,17.2,19.0,,False
345,PEG,Public Service Enterprise Grou,Utilities,Utilities - Regulated Electric,Core,37.7,75.66,79.3,12.5,19.2,10.0,0.0,ok,-3.5,ok,5.49,,False,38.2,16.2,0.3,-8.9,33.3,11.8,36.7,-5.8,-17.3,-0.128,0.189,MSFT,,126,19.2,18.0,,False
346,HCA,"HCA Healthcare, Inc.",Healthcare,Medical Care Facilities,Core,91.7,413.36,392.69,17.0,13.6,10.0,0.0,ok,-2.5,ok,3.2,,False,38.1,12.9,4.1,8.7,42.6,,70.8,-9.4,-29.4,-0.038,0.161,GOOG,,126,13.6,16.0,,False
347,INTC,Intel Corporation,Technology,Semiconductors,Core,512.7,101.65,110.65,13.0,15.6,10.0,0.0,ok,-0.5,ok,1.24,,False,38.1,49.4,0.9,25.4,38.9,-10.7,54.1,48.2,89.0,0.417,0.481,AVGO,,126,15.6,13.0,,False
348,KIM,Kimco Realty Corporation (HC),Real Estate,REIT - Retail,Core,16.4,24.46,25.17,17.0,16.1,10.0,0.0,ok,-5.0,ok,6.12,,False,38.1,27.4,5.3,4.9,68.9,5.8,24.9,8.3,1.4,-0.129,0.184,AVGO,,126,16.1,17.0,,False
349,LEN,Lennar Corporation,Consumer Cyclical,Residential Construction,Core,21.2,88.18,87.54,12.0,16.5,10.0,0.0,ok,-0.5,ok,1.92,,False,38.0,13.6,5.1,-5.2,16.4,7.4,60.9,-13.2,-34.2,0.139,0.199,GOOG,,126,16.5,11.0,,False
350,CHRW,"C.H. Robinson Worldwide, Inc.",Industrials,Integrated Freight & Logistics,Core,17.5,149.35,183.2,16.5,12.0,10.0,0.0,ok,-0.5,ok,1.95,,True,38.0,19.9,2.8,19.3,8.4,37.1,20.3,-13.2,-37.2,-0.03,0.164,MSFT,,126,17.2,14.0,,False
351,DVA,DaVita Inc.,Healthcare,Medical Care Facilities,Core,11.8,183.77,217.47,19.5,12.0,10.0,0.0,ok,-3.5,ok,4.5,,True,38.0,10.8,8.8,5.2,32.4,88.5,19.7,15.9,18.6,-0.108,0.158,GOOG,,126,17.9,15.0,,False
352,TXT,Textron Inc.,Industrials,Aerospace & Defense,Core,15.6,89.43,90.61,13.0,15.4,10.0,0.0,ok,-0.5,ok,1.65,,False,37.9,12.4,2.9,3.0,17.6,12.1,47.4,-0.3,-18.2,0.163,0.232,BMNR,,126,15.4,14.0,,False
353,WMT,Walmart Inc.,Consumer Defensive,Discount Stores,Core,890.1,111.85,114.61,12.0,16.4,10.0,0.0,ok,-0.5,ok,1.45,,False,37.9,34.1,0.8,7.3,25.0,24.1,48.9,-5.0,-26.3,-0.126,0.17,MSFT,,126,16.4,16.0,,False
354,ALLE,Allegion plc,Industrials,Security & Protection Services,Core,14.4,168.94,160.49,19.5,8.9,10.0,0.0,ok,-0.5,ok,1.81,,False,37.9,17.4,3.4,12.7,44.8,33.7,85.6,11.5,-17.6,0.054,0.103,NVDA,,126,8.9,17.0,,False
355,KMI,"Kinder Morgan, Inc.",Energy,Oil & Gas Midstream,Cyclical,68.6,30.85,31.93,14.5,16.9,10.0,0.0,ok,-3.5,ok,4.23,,False,37.9,20.1,1.6,10.8,49.4,11.0,30.9,1.9,-9.8,-0.245,0.201,AVGO,,126,16.9,13.0,,False
356,WSM,"Williams-Sonoma, Inc.",Consumer Cyclical,Specialty Retail,Core,29.6,251.78,239.19,18.5,9.4,10.0,0.0,ok,0.0,ok,0.51,,False,37.9,24.5,3.0,4.4,46.1,54.0,73.8,26.4,2.6,0.247,0.253,BMNR,,126,9.4,12.0,,False
357,WYNN,"Wynn Resorts, Limited",Consumer Cyclical,Resorts & Casinos,Core,10.6,102.54,100.55,17.5,13.9,10.0,0.0,ok,-3.5,ok,5.73,,False,37.9,19.5,,6.9,66.5,,70.2,-6.2,-24.6,0.299,0.236,BMNR,,126,13.9,13.0,,False
358,IQV,"IQVIA Holdings, Inc.",Healthcare,Diagnostics & Research,Core,39.3,238.7,226.76,17.5,13.8,10.0,0.0,ok,-3.5,ok,4.65,,False,37.8,16.5,5.5,8.7,33.0,22.8,69.0,20.5,15.4,0.086,0.123,MSFT,,126,13.8,15.0,,False
359,URI,"United Rentals, Inc.",Industrials,Rental & Leasing Services,Core,72.4,1162.84,1104.7,18.5,11.7,10.0,0.0,ok,-2.5,ok,3.26,,False,37.7,20.4,2.4,11.8,38.5,28.9,73.2,28.5,17.9,0.027,0.156,NVDA,,126,11.7,16.0,,False
360,SOLV,Solventum Corporation,Healthcare,Medical Instruments & Supplies,Core,14.1,82.98,79.32,18.5,12.7,10.0,0.0,ok,-3.5,ok,4.29,,False,37.7,11.5,3.5,2.2,54.8,34.0,57.7,9.7,-5.7,0.116,0.225,GOOG,,126,12.7,16.0,,False
361,STE,STERIS plc (Ireland),Healthcare,Medical Devices,Core,23.1,237.47,225.6,16.0,11.7,10.0,0.0,ok,0.0,ok,0.86,,False,37.7,19.4,3.6,7.3,44.4,11.4,75.1,1.4,-17.5,0.067,0.135,GOOG,,126,11.7,16.0,,False
362,CASY,"Caseys General Stores, Inc.",Consumer Cyclical,Specialty Retail,Core,30.9,833.95,827.21,11.5,16.6,10.0,0.0,ok,-0.5,ok,1.6,,False,37.6,35.3,1.8,14.5,24.6,19.2,35.5,19.4,14.4,-0.089,0.133,MSFT,,126,16.6,11.0,,False
363,TRGP,"Targa Resources, Inc.",Energy,Oil & Gas Midstream,Cyclical,55.1,256.87,268.86,15.0,17.5,10.0,0.0,ok,-5.0,de_fallback,,585.2,False,37.5,21.4,,4.2,43.2,,31.8,14.5,10.2,-0.176,0.135,MSFT,,126,17.5,13.0,,False
364,GRMN,Garmin Ltd.,Technology,Scientific & Technical Instrum,Core,60.0,310.89,295.35,17.0,10.5,10.0,0.0,ok,0.0,ok,-1.06,,False,37.5,28.3,1.7,11.4,60.1,21.9,82.1,35.1,42.3,0.17,0.156,NVDA,,126,10.5,15.0,,False
365,PPG,"PPG Industries, Inc.",Basic Materials,Specialty Chemicals,Cyclical,26.6,119.72,116.98,17.5,11.5,10.0,0.0,ok,-1.5,ok,2.17,,False,37.5,13.8,4.2,7.2,41.2,19.3,56.2,9.7,-16.1,0.272,0.302,BMNR,,126,11.5,12.0,,False
366,EIX,Edison International,Utilities,Utilities - Regulated Electric,Core,26.4,68.62,74.03,13.5,17.5,10.0,0.0,ok,-3.5,ok,4.85,,False,37.5,10.5,0.3,-4.1,61.0,19.7,28.8,2.8,-3.4,-0.199,0.251,MSFT,,126,17.5,20.0,,False
367,EMR,Emerson Electric Company,Industrials,Specialty Industrial Machinery,Core,88.6,158.26,150.35,18.5,9.4,10.0,0.0,ok,-0.5,ok,1.92,,False,37.4,21.9,4.2,7.0,53.2,12.8,74.1,13.3,-10.6,0.379,0.377,NVDA,,126,9.4,15.0,,False
368,AXON,"Axon Enterprise, Inc.",Industrials,Aerospace & Defense,Growth,46.4,571.01,542.46,14.0,18.4,10.0,0.0,ok,-5.0,ok,7.01,,False,37.4,54.0,0.5,35.3,59.5,6.2,56.5,11.4,26.0,0.316,0.352,MSFT,,126,18.4,15.0,,False
369,SYY,Sysco Corporation,Consumer Defensive,Food Distribution,Core,40.4,84.29,81.07,17.0,11.9,10.0,0.0,ok,-1.5,ok,2.89,,False,37.4,15.7,4.8,4.7,18.5,77.7,66.7,7.8,-13.8,-0.001,0.064,GOOG,,126,11.9,16.0,,False
370,PWR,"Quanta Services, Inc.",Industrials,Engineering & Construction,Growth,101.0,671.86,676.48,13.5,15.4,10.0,0.0,ok,-1.5,ok,2.0,,False,37.4,35.0,1.9,41.1,15.5,15.3,57.1,18.4,20.3,0.403,0.391,BMNR,,126,15.4,14.0,,False
371,MCK,McKesson Corporation,Healthcare,Medical Distribution,Core,101.4,869.58,826.1,14.0,13.4,10.0,0.0,ok,0.0,ok,0.94,,False,37.4,17.2,6.7,7.7,3.6,,58.9,3.9,-20.2,-0.223,0.292,AVGO,,126,13.4,15.0,,False
372,YUM,"Yum! Brands, Inc.",Consumer Cyclical,Restaurants,Core,41.1,150.76,153.41,16.5,14.3,10.0,0.0,ok,-3.5,ok,4.15,,False,37.3,20.2,2.0,12.2,45.3,,56.0,-2.1,-18.9,-0.057,0.128,AVGO,,126,14.3,12.0,,False
373,CNC,Centene Corporation,Healthcare,Healthcare Plans,Core,32.5,65.77,64.29,13.0,14.3,10.0,0.0,ok,0.0,ok,-2.38,,False,37.3,12.5,29.7,4.6,11.4,-20.4,49.8,39.0,59.1,-0.045,0.119,AVGO,,126,14.3,15.0,,False
374,SHW,Sherwin-Williams Company (The),Basic Materials,Specialty Chemicals,Cyclical,89.8,369.73,351.24,18.5,11.3,10.0,0.0,ok,-2.5,ok,3.13,,False,37.3,27.2,2.8,7.5,49.0,65.1,69.8,11.0,-9.5,0.178,0.303,GOOG,,126,11.3,12.0,,False
375,XYZ,"Block, Inc.",Technology,Software - Infrastructure,Core,47.5,79.0,76.64,11.0,16.3,10.0,0.0,ok,0.0,ok,0.28,,False,37.3,15.4,-0.1,9.3,46.6,1.6,49.4,16.5,29.2,0.399,0.312,BMNR,,126,16.3,16.0,,False
376,NBIS,Nebius Group N.V.,Communication Services,Internet Content & Information,Growth,47.7,187.97,223.54,15.0,16.2,10.0,0.0,ok,-4.0,neg_ebitda_debt,,,False,37.2,,-12.9,683.9,72.1,14.1,51.2,31.1,106.4,0.489,0.472,NVDA,,126,16.2,15.0,,False
377,BIIB,Biogen Inc.,Healthcare,Drug Manufacturers - General,Core,30.7,207.94,201.92,17.0,11.7,10.0,0.0,ok,-1.5,ok,2.1,,False,37.2,12.5,4.1,3.4,78.3,4.6,59.5,12.5,-8.5,-0.079,0.125,GOOG,,126,11.7,17.0,,False
378,AME,"AMETEK, Inc.",Industrials,Specialty Industrial Machinery,Core,58.1,253.66,240.98,17.0,10.2,10.0,0.0,ok,0.0,ok,0.73,,False,37.2,28.2,2.6,15.0,36.9,14.6,71.8,14.9,-2.4,0.274,0.353,AVGO,,126,10.2,14.0,,False
379,HLT,Hilton Worldwide Holdings Inc.,Consumer Cyclical,Lodging,Core,71.5,317.6,332.36,14.0,16.6,10.0,0.0,ok,-3.5,ok,4.21,,False,37.1,30.4,2.0,2.5,79.0,,44.6,3.4,-10.8,0.247,0.313,GOOG,,126,16.6,13.0,,False
380,UAL,"United Airlines Holdings, Inc.",Industrials,Airlines,Core,42.1,129.56,123.08,17.0,11.6,10.0,0.0,ok,-1.5,ok,2.4,,False,37.1,8.4,2.2,16.0,31.8,23.3,66.2,21.9,-0.1,0.396,0.323,NVDA,,126,11.6,14.0,,False
381,STT,State Street Corporation,Financial Services,Asset Management,Core,50.7,184.68,175.45,13.0,14.1,10.0,0.0,ok,0.0,financial_na,,,False,37.1,12.1,,-2.8,0.0,12.4,53.7,31.0,28.6,0.395,0.41,NVDA,,126,14.1,14.0,,False
382,ATO,Atmos Energy Corporation,Utilities,Utilities - Regulated Gas,Core,28.8,170.19,173.28,11.5,18.1,10.0,0.0,ok,-2.5,ok,3.74,,False,37.1,18.9,-7.7,0.6,61.0,9.6,31.1,-3.2,-12.0,-0.32,0.318,MSFT,,126,18.1,20.0,,False
383,DPZ,Domino's Pizza Inc,Consumer Cyclical,Restaurants,Core,11.6,350.95,333.4,15.5,15.1,10.0,0.0,ok,-3.5,ok,4.84,,False,37.1,16.8,4.6,4.3,28.7,,61.1,-5.1,-22.6,-0.019,0.202,AVGO,,126,15.1,11.0,,False
384,CHD,"Church & Dwight Company, Inc.",Consumer Defensive,Household & Personal Products,Core,24.5,103.24,98.08,16.0,11.6,10.0,0.0,ok,-0.5,ok,1.6,,False,37.1,25.6,3.8,1.6,45.6,17.0,66.3,10.9,-8.6,-0.131,0.242,AVGO,,126,11.6,17.0,,False
385,PHM,"PulteGroup, Inc.",Consumer Cyclical,Residential Construction,Core,25.3,132.9,126.58,15.0,12.0,10.0,0.0,ok,0.0,ok,0.42,,False,37.0,11.8,4.3,-9.6,25.6,14.9,63.0,7.0,-13.3,0.081,0.186,GOOG,,126,12.0,11.0,,False
386,ZBRA,Zebra Technologies Corporation,Technology,Communication Equipment,Core,17.9,376.49,357.67,18.0,10.5,10.0,0.0,ok,-1.5,ok,2.37,,False,37.0,17.0,3.2,20.4,49.6,15.3,88.6,51.9,37.9,0.319,0.284,AVGO,,126,10.5,14.0,,False
387,BSX,Boston Scientific Corporation,Healthcare,Medical Devices,Core,71.5,49.31,46.84,17.0,11.5,10.0,0.0,ok,-1.5,ok,2.12,,False,37.0,14.3,3.4,7.5,69.2,15.3,77.8,-31.5,-47.3,0.064,0.152,MSFT,,126,11.5,17.0,,False
388,CDW,CDW Corporation,Technology,Information Technology Service,Core,17.0,135.81,135.58,15.5,14.0,10.0,0.0,ok,-2.5,ok,3.02,,False,37.0,11.4,4.0,10.0,21.4,44.0,55.6,2.7,-16.2,0.139,0.215,MSFT,,126,14.0,15.0,,False
389,ORLY,"O'Reilly Automotive, Inc.",Consumer Cyclical,Auto Parts,Core,76.3,93.53,88.85,15.5,13.0,10.0,0.0,ok,-1.5,ok,2.24,,False,37.0,25.6,2.1,8.1,51.6,,72.0,0.7,-12.6,-0.113,0.174,NVDA,,126,13.0,12.0,,False
390,BKR,Baker Hughes Company,Energy,Oil & Gas Equipment & Services,Cyclical,61.1,61.55,59.38,16.0,10.9,10.0,0.0,ok,0.0,ok,-0.16,,False,36.9,19.5,7.2,-2.4,23.7,16.5,72.5,8.5,-6.7,0.186,0.225,BMNR,,126,10.9,14.0,,False
391,MRK,"Merck & Company, Inc.",Healthcare,Drug Manufacturers - General,Core,317.6,128.58,123.85,16.5,11.9,10.0,0.0,ok,-1.5,ok,2.86,,False,36.9,13.4,,5.1,76.0,,65.2,14.7,-5.7,-0.227,0.242,AVGO,,126,11.9,17.0,,False
392,TAP,Molson Coors Beverage Company,Consumer Defensive,Beverages - Brewers,Speculative,8.1,43.37,41.2,13.5,14.9,10.0,0.0,ok,-1.5,ok,2.52,,False,36.9,8.7,11.9,-3.3,37.0,-19.5,60.3,-1.8,-27.3,-0.206,0.27,BMNR,,126,14.9,16.0,,False
393,VICI,VICI Properties Inc.,Real Estate,REIT - Diversified,Core,29.4,26.74,26.97,13.0,17.4,10.0,0.0,ok,-3.5,ok,4.82,,False,36.9,9.1,0.9,5.7,99.3,9.8,48.3,-4.4,-17.4,-0.137,0.253,AVGO,,126,17.4,17.0,,False
394,ARE,Alexandria Real Estate Equitie,Real Estate,REIT - Office,Speculative,8.6,49.74,51.04,15.0,16.9,10.0,0.0,ok,-5.0,ok,7.13,,False,36.9,,15.7,-11.9,68.2,-4.1,49.2,-1.5,-21.5,0.081,0.074,GOOG,,126,16.9,17.0,,False
395,AZO,"AutoZone, Inc.",Consumer Cyclical,Auto Parts,Core,51.1,3127.29,3060.09,13.0,16.3,10.0,0.0,ok,-2.5,ok,3.01,,False,36.8,17.8,1.8,8.4,51.8,,60.5,-9.6,-27.0,-0.001,0.142,GOOG,,126,16.3,12.0,,False
396,ADM,Archer-Daniels-Midland Company,Consumer Defensive,Farm Products,Core,36.9,76.59,80.18,11.5,16.8,10.0,0.0,ok,-1.5,ok,2.75,,False,36.8,13.5,3.2,7.2,6.9,7.6,22.4,9.9,4.4,-0.09,0.149,GOOG,,126,16.8,16.0,,False
397,KHC,The Kraft Heinz Company,Consumer Defensive,Packaged Foods,Core,30.0,25.32,24.66,13.5,14.7,10.0,0.0,ok,-1.5,ok,2.97,,False,36.7,12.1,10.8,-1.4,33.5,-8.8,46.5,6.7,-7.4,-0.075,0.188,AVGO,,126,14.7,16.0,,False
398,COR,"Cencora, Inc.",Healthcare,Medical Distribution,Core,61.2,320.46,304.44,14.5,13.7,10.0,0.0,ok,-1.5,ok,2.1,,False,36.7,16.2,3.3,5.1,4.0,96.9,64.0,-1.0,-22.3,-0.136,0.176,GOOG,,126,13.7,15.0,,False
399,CRWD,"CrowdStrike Holdings, Inc.",Technology,Software - Infrastructure,Core,218.3,214.42,438.58,13.0,13.7,10.0,0.0,ok,0.0,ok,-62.9,,False,36.7,137.2,0.9,25.6,75.1,-0.2,62.2,-53.7,-57.7,0.209,0.216,AVGO,,126,13.7,17.0,,False
400,AIZ,"Assurant, Inc.",Financial Services,Insurance - Property & Casualt,Core,14.3,289.55,275.07,14.0,12.7,10.0,0.0,ok,0.0,financial_na,,,False,36.7,12.5,,9.4,13.1,18.3,62.5,21.3,7.6,0.02,0.099,AVGO,,126,12.7,14.0,,False
401,CHTR,"Charter Communications, Inc.",Communication Services,Telecom Services,Core,20.6,152.57,144.94,19.0,11.1,10.0,0.0,ok,-3.5,ok,4.41,,False,36.6,3.5,10.7,-1.7,55.2,27.2,71.0,-19.6,-45.9,0.007,0.178,NVDA,,126,11.1,16.0,,False
402,PANW,"Palo Alto Networks, Inc.",Technology,Software - Infrastructure,Growth,296.5,363.86,345.67,14.0,12.6,10.0,0.0,ok,0.0,ok,-0.66,,False,36.6,88.3,1.2,31.1,72.0,4.8,57.5,66.8,116.5,0.406,0.401,MSFT,,126,12.6,17.0,,False
403,OKE,"ONEOK, Inc.",Energy,Oil & Gas Midstream,Growth,54.4,86.42,88.93,15.0,15.1,10.0,0.0,ok,-3.5,ok,4.28,,False,36.6,13.7,1.7,52.8,27.2,16.3,29.4,6.3,-5.0,-0.331,0.258,GOOG,,126,15.1,12.0,,False
404,CFG,"Citizens Financial Group, Inc.",Financial Services,Banks - Regional,Core,30.6,72.67,69.19,16.0,10.6,10.0,0.0,ok,0.0,financial_na,,,False,36.6,11.2,,14.7,0.0,8.3,55.9,18.0,-4.5,0.236,0.285,BMNR,,126,10.6,14.0,,False
405,ITW,Illinois Tool Works Inc.,Industrials,Specialty Industrial Machinery,Core,85.3,296.66,281.83,18.0,9.1,10.0,0.0,ok,-0.5,ok,1.84,,False,36.6,24.0,,6.1,44.2,104.6,73.5,13.2,-10.2,0.017,0.19,NVDA,,126,9.1,15.0,,False
406,AWK,"American Water Works Company, ",Utilities,Utilities - Regulated Water,Core,26.9,135.31,130.21,13.0,17.1,10.0,0.0,ok,-3.5,ok,5.44,,False,36.6,20.6,-6.6,6.2,61.5,10.1,54.2,4.1,-1.6,-0.42,0.38,AVGO,,126,17.1,20.0,,False
407,COO,"The Cooper Companies, Inc.",Healthcare,Medical Instruments & Supplies,Core,14.5,74.23,70.52,14.5,13.5,10.0,0.0,ok,-1.5,ok,2.92,,False,36.5,14.9,2.9,7.9,65.6,2.9,63.3,1.5,-21.5,0.016,0.183,GOOG,,126,13.5,17.0,,False
408,SWKS,"Skyworks Solutions, Inc.",Technology,Semiconductors,Core,10.6,70.62,67.39,13.5,13.0,10.0,0.0,ok,0.0,ok,-0.13,,False,36.5,14.2,4.2,-3.1,40.7,5.1,70.5,10.5,3.2,0.263,0.355,AVGO,,126,13.0,14.0,,False
409,AMGN,Amgen Inc.,Healthcare,Drug Manufacturers - General,Core,221.8,410.95,390.4,19.5,8.5,10.0,0.0,ok,-1.5,ok,2.51,,False,36.5,17.1,3.9,9.5,71.9,91.5,78.7,19.7,-3.4,0.016,0.145,BMNR,,126,8.5,17.0,,False
410,MRNA,"Moderna, Inc.",Healthcare,Biotechnology,Core,23.6,59.17,59.3,9.0,17.4,10.0,0.0,ok,0.0,neg_ebitda_low_debt,,,False,36.4,,1.3,2.1,,-39.0,49.4,29.8,32.4,0.321,0.345,BMNR,,126,17.4,15.0,,False
411,PFE,"Pfizer, Inc.",Healthcare,Drug Manufacturers - General,Core,152.5,26.76,25.42,18.0,9.9,10.0,0.0,ok,-1.5,ok,2.04,,False,36.4,9.3,8.2,2.6,74.7,5.0,76.0,5.3,-12.0,-0.013,0.113,AVGO,,126,9.9,17.0,,False
412,ETR,Entergy Corporation,Utilities,Utilities - Regulated Electric,Core,50.0,107.18,111.77,12.0,17.9,10.0,0.0,ok,-3.5,ok,5.56,,False,36.4,21.0,-8.8,5.9,47.0,10.2,36.2,3.3,-1.2,-0.15,0.226,MSFT,,126,17.9,19.0,,False
413,IRM,Iron Mountain Incorporated (De,Real Estate,REIT - Specialty,Core,36.1,121.15,125.01,13.0,18.4,10.0,0.0,ok,-5.0,ok,7.74,,False,36.4,44.4,-1.2,18.5,54.2,,45.0,13.3,15.6,0.324,0.392,BMNR,,126,18.4,16.0,,False
414,WELL,Welltower Inc.,Real Estate,REIT - Healthcare Facilities,Growth,170.7,236.92,225.81,14.0,15.8,10.0,0.0,ok,-3.5,ok,5.32,,False,36.3,72.3,1.6,39.1,39.6,3.8,39.6,15.6,9.9,-0.231,0.282,AVGO,,126,15.8,15.0,,False
415,DIS,Walt Disney Company (The),Communication Services,Entertainment,Core,181.1,104.91,99.66,14.5,12.3,10.0,0.0,ok,-0.5,ok,1.95,,False,36.3,14.1,2.7,6.8,37.6,8.0,70.1,0.6,-15.4,0.252,0.3,GOOG,,126,12.3,13.0,,False
416,PNR,Pentair plc.,Industrials,Specialty Industrial Machinery,Core,11.1,68.89,70.94,15.5,11.3,10.0,0.0,ok,-0.5,ok,1.62,,False,36.3,13.3,5.0,-17.0,41.4,17.1,73.1,-23.3,-40.9,0.151,0.241,NVDA,,126,11.3,15.0,,False
417,ECL,Ecolab Inc.,Basic Materials,Specialty Chemicals,Cyclical,79.9,285.17,271.39,15.5,12.3,10.0,0.0,ok,-1.5,ok,2.08,,False,36.3,30.2,,9.7,44.2,22.0,66.8,5.4,-13.4,-0.003,0.165,GOOG,,126,12.3,12.0,,False
418,WEC,"WEC Energy Group, Inc.",Utilities,Utilities - Regulated Electric,Core,35.1,107.63,113.28,12.0,17.7,10.0,0.0,ok,-3.5,ok,5.79,,False,36.2,17.9,-6.7,2.6,41.9,12.0,30.8,-3.2,-13.7,-0.331,0.326,AVGO,,126,17.7,19.0,,False
419,SO,Southern Company (The),Utilities,Utilities - Regulated Electric,Core,106.6,92.69,94.41,12.5,17.2,10.0,0.0,ok,-3.5,ok,5.2,,False,36.2,18.8,-3.7,0.1,48.3,11.5,41.3,1.0,-7.3,-0.315,0.31,NVDA,,126,17.2,19.0,,False
420,COHR,Coherent Corp.,Technology,Scientific & Technical Instrum,Core,74.2,379.13,360.17,13.0,13.2,10.0,0.0,ok,0.0,ok,0.76,,False,36.2,45.3,-0.3,20.5,37.0,4.7,66.4,45.6,54.6,0.422,0.489,NVDA,,126,13.2,13.0,,False
421,REGN,"Regeneron Pharmaceuticals, Inc",Healthcare,Biotechnology,Core,80.8,784.36,745.14,17.0,9.2,10.0,0.0,ok,0.0,ok,-1.12,,False,36.2,13.0,3.8,16.7,44.5,14.0,83.6,9.8,-11.9,0.225,0.273,BMNR,,126,9.2,16.0,,False
422,WAB,Westinghouse Air Brake Technol,Industrials,Railroads,Core,49.3,291.81,277.22,17.0,10.6,10.0,0.0,ok,-1.5,ok,2.37,,False,36.1,23.6,2.2,17.5,35.7,11.6,70.5,19.1,6.7,0.157,0.307,AVGO,,126,10.6,14.0,,False
423,MTD,"Mettler-Toledo International, ",Healthcare,Diagnostics & Research,Core,28.6,1429.46,1357.99,16.5,10.1,10.0,0.0,ok,-0.5,ok,1.64,,False,36.1,27.7,2.4,4.5,60.3,,80.8,8.2,-7.8,0.142,0.171,GOOG,,126,10.1,17.0,,False
424,CAH,"Cardinal Health, Inc.",Healthcare,Medical Distribution,Core,55.4,236.4,225.32,15.0,11.6,10.0,0.0,ok,-0.5,ok,1.25,,False,36.1,19.6,8.8,11.0,3.8,,62.0,12.4,-7.2,-0.123,0.203,AVGO,,126,11.6,15.0,,False
425,RVTY,"Revvity, Inc.",Healthcare,Diagnostics & Research,Core,12.8,114.66,108.93,16.0,11.6,10.0,0.0,ok,-1.5,ok,2.67,,False,36.1,19.5,4.7,1.3,55.0,3.2,63.8,15.4,1.0,0.225,0.188,GOOG,,126,11.6,16.0,,False
426,HUBB,Hubbell Inc,Industrials,Electrical Equipment & Parts,Core,27.2,513.99,490.88,16.0,12.5,10.0,0.0,ok,-2.5,ok,3.41,,False,36.0,22.5,1.8,15.3,35.3,24.4,60.5,6.6,-9.6,0.215,0.353,NVDA,,126,12.5,14.0,,False
427,O,Realty Income Corporation,Real Estate,REIT - Retail,Core,59.1,62.51,62.79,13.5,16.0,10.0,0.0,ok,-3.5,ok,5.63,,False,36.0,36.6,,9.5,92.7,3.2,24.7,2.8,-11.8,-0.243,0.275,NVDA,,126,16.0,17.0,,False
428,EXR,Extra Space Storage Inc,Real Estate,REIT - Industrial,Core,33.0,149.54,146.94,17.0,12.5,10.0,0.0,ok,-3.5,ok,5.94,,False,36.0,31.4,4.5,3.8,74.9,7.0,56.5,7.1,-3.9,-0.046,0.163,GOOG,,126,12.5,17.0,,False
429,FN,Fabrinet,Technology,Electronic Components,Growth,20.1,562.38,544.21,11.5,14.4,10.0,0.0,ok,0.0,ok,-1.96,,False,35.9,32.5,-0.4,39.3,12.0,20.0,60.4,5.5,-0.3,0.407,0.492,AVGO,,126,14.4,13.0,,False
430,TFC,Truist Financial Corporation,Financial Services,Banks - Regional,Core,64.0,52.35,50.63,15.0,10.9,10.0,0.0,ok,0.0,financial_na,,,False,35.9,10.5,,8.2,0.0,9.1,61.8,8.1,-16.2,0.121,0.175,BMNR,,126,10.9,14.0,,False
431,AEP,American Electric Power Compan,Utilities,Utilities - Regulated Electric,Core,68.4,125.73,131.31,12.0,17.4,10.0,0.0,ok,-3.5,ok,5.86,,False,35.9,18.3,-8.8,7.0,46.4,10.1,34.8,0.2,-6.2,-0.26,0.261,MSFT,,126,17.4,19.0,,False
432,HPE,Hewlett Packard Enterprise Com,Technology,Communication Equipment,Growth,70.5,53.22,50.56,16.5,10.9,10.0,0.0,ok,-1.5,ok,2.84,,False,35.9,13.3,5.4,40.0,33.8,6.3,73.1,77.0,115.0,0.348,0.514,AVGO,,126,10.9,13.0,,False
433,MDLZ,"Mondelez International, Inc.",Consumer Defensive,Confectioners,Core,80.4,62.61,61.1,16.0,12.4,10.0,0.0,ok,-2.5,ok,3.35,,False,35.9,18.6,2.8,4.1,31.1,13.3,60.1,7.5,-6.7,-0.282,0.309,AVGO,,126,12.4,16.0,,False
434,IR,Ingersoll Rand Inc.,Industrials,Specialty Industrial Machinery,Core,33.7,86.97,82.62,14.5,11.9,10.0,0.0,ok,-0.5,ok,1.85,,False,35.9,22.3,3.3,8.5,42.8,9.5,67.8,6.4,-23.6,0.226,0.256,BMNR,,126,11.9,15.0,,False
435,TMO,Thermo Fisher Scientific Inc,Healthcare,Diagnostics & Research,Core,219.6,594.0,564.3,17.0,11.3,10.0,0.0,ok,-2.5,ok,3.28,,False,35.8,21.6,2.8,10.5,41.0,13.5,77.6,11.8,-2.4,0.141,0.164,MSFT,,126,11.3,16.0,,False
436,NCLH,Norwegian Cruise Line Holdings,Consumer Cyclical,Travel Services,Speculative,8.8,19.25,19.58,14.5,16.2,10.0,0.0,ok,-5.0,ok,6.08,,False,35.7,11.3,-19.0,4.9,42.5,36.7,48.6,-4.7,-29.4,0.257,0.371,GOOG,,126,16.2,14.0,,False
437,CAG,"ConAgra Brands, Inc.",Consumer Defensive,Packaged Foods,Speculative,7.2,15.11,14.35,14.5,14.7,10.0,0.0,ok,-3.5,ok,4.17,,False,35.7,9.7,11.9,3.6,24.0,-25.1,56.3,-3.5,-31.8,-0.17,0.305,AVGO,,126,14.7,16.0,,False
438,PH,Parker-Hannifin Corporation,Industrials,Specialty Industrial Machinery,Core,135.4,1073.87,1020.18,17.5,8.7,10.0,0.0,ok,-0.5,ok,1.44,,False,35.7,28.4,2.0,9.8,37.7,25.1,78.9,17.7,-1.7,0.139,0.307,NVDA,,126,8.7,14.0,,False
439,ONTO,Onto Innovation Inc.,Technology,Semiconductor Equipment & Mate,Core,15.3,308.3,294.54,12.0,13.7,10.0,0.0,ok,0.0,ok,-2.45,,False,35.7,31.0,1.3,9.5,54.2,5.3,56.5,37.1,36.0,0.446,0.556,AVGO,,126,13.7,14.0,,False
440,FAST,Fastenal Company,Industrials,Industrial Distribution,Core,59.5,51.84,49.25,17.0,8.6,10.0,0.0,ok,0.0,ok,0.12,,False,35.6,37.1,1.5,14.7,44.7,34.3,85.5,17.2,-2.7,-0.006,0.143,GOOG,,126,8.6,15.0,,False
441,WTW,Willis Towers Watson Public Li,Financial Services,Insurance Brokers,Core,32.0,344.82,327.58,17.5,8.1,10.0,0.0,ok,0.0,financial_na,,,False,35.6,15.1,4.4,9.1,42.5,19.8,85.3,15.8,-7.1,-0.03,0.347,MSFT,,126,8.1,15.0,,False
442,BMNR,BitMine Immersion Technologies,Financial Services,Capital Markets,Growth,11.4,18.82,17.88,14.0,13.4,10.0,-2.0,ok,0.0,financial_na,,,False,35.4,20.0,-4.6,2167.8,84.4,-150.9,60.3,-23.1,-20.0,0.554,0.493,NVDA,,126,13.4,16.0,,True
443,NEE,"NextEra Energy, Inc.",Utilities,Utilities - Regulated Electric,Core,176.5,84.65,87.11,14.0,16.3,10.0,0.0,ok,-5.0,ok,7.35,,False,35.3,19.2,-10.1,12.4,61.0,11.7,32.1,-3.1,-16.6,-0.101,0.264,MSFT,,126,16.3,20.0,,False
444,BRK-B,Berkshire Hathaway Inc. New,Financial Services,Insurance - Diversified,Core,1125.4,521.8,495.71,16.0,9.3,10.0,0.0,ok,0.0,financial_na,,,False,35.3,24.2,5.4,4.4,27.8,10.5,83.0,6.3,-9.2,-0.049,0.145,AVGO,,126,9.3,14.0,,False
445,BEN,"Franklin Resources, Inc.",Financial Services,Asset Management,Core,17.2,33.77,32.91,11.5,13.8,10.0,0.0,ok,0.0,financial_na,,,False,35.3,10.7,-17.4,14.3,37.7,7.9,59.5,24.5,14.1,0.451,0.411,GOOG,,126,13.8,14.0,,False
446,TSN,"Tyson Foods, Inc.",Consumer Defensive,Farm Products,Core,20.4,58.04,58.08,11.0,15.8,10.0,0.0,ok,-1.5,ok,2.62,,False,35.3,13.1,5.8,-0.1,6.6,3.3,50.2,-3.0,-22.3,-0.082,0.219,NVDA,,126,15.8,16.0,,False
447,SJM,The J.M. Smucker Company,Consumer Defensive,Packaged Foods,Core,12.8,120.16,114.15,16.0,11.8,10.0,0.0,ok,-2.5,ok,3.67,,False,35.3,11.2,7.8,5.8,34.3,-2.4,62.4,16.0,0.1,-0.259,0.337,AVGO,,126,11.8,16.0,,False
448,BDX,"Becton, Dickinson and Company",Healthcare,Medical Instruments & Supplies,Core,48.7,176.86,168.02,16.0,10.7,10.0,0.0,ok,-1.5,ok,2.52,,False,35.2,13.3,9.5,-9.5,48.4,6.6,85.1,14.1,-4.1,-0.002,0.167,AVGO,,126,10.7,16.0,,False
449,WBD,"Warner Bros. Discovery, Inc. -",Communication Services,Entertainment,Core,67.1,26.78,26.51,15.0,12.7,10.0,0.0,ok,-2.5,ok,3.85,,False,35.2,,27.5,-1.0,45.7,-5.0,62.5,0.4,-14.0,0.126,0.315,NVDA,,126,12.7,14.0,,False
450,DELL,Dell Technologies Inc.,Technology,Computer Hardware,Growth,293.2,453.77,431.08,13.0,12.7,10.0,0.0,ok,-0.5,ok,1.45,,False,35.2,20.8,1.9,87.5,19.2,,63.0,105.0,264.1,0.292,0.359,AVGO,,126,12.7,13.0,,False
451,DGX,Quest Diagnostics Incorporated,Healthcare,Diagnostics & Research,Core,26.3,238.35,226.43,15.5,11.1,10.0,0.0,ok,-1.5,ok,2.55,,False,35.1,19.8,3.5,10.2,33.2,14.6,87.7,22.5,13.6,-0.256,0.263,AVGO,,126,11.1,15.0,,False
452,WULF,TeraWulf Inc.,Financial Services,Capital Markets,Speculative,8.5,17.08,22.59,7.0,20.1,10.0,-2.0,ok,0.0,financial_na,,,False,35.1,,-2.7,-6.0,,-1211.8,43.1,-3.2,7.6,0.541,0.519,BMNR,,126,20.1,16.0,,False
453,FE,FirstEnergy Corp.,Utilities,Utilities - Regulated Electric,Core,27.5,47.47,47.68,11.5,17.1,10.0,0.0,ok,-3.5,ok,5.33,,False,35.1,16.1,-7.3,8.8,68.6,9.5,39.8,1.1,-9.1,-0.213,0.295,AVGO,,126,17.1,20.0,,False
454,AEE,Ameren Corporation,Utilities,Utilities - Regulated Electric,Core,30.1,108.84,110.75,11.0,17.5,10.0,0.0,ok,-3.5,ok,5.57,,False,35.0,18.7,-5.9,-6.2,52.4,11.9,43.9,1.7,-7.6,-0.27,0.279,AVGO,,126,17.5,19.0,,False
455,BLDR,"Builders FirstSource, Inc.",Industrials,Building Products & Equipment,Speculative,8.0,74.69,76.51,13.5,15.0,10.0,0.0,ok,-3.5,ok,5.06,,False,35.0,16.7,5.8,-8.8,29.2,2.5,53.2,-21.0,-51.9,0.222,0.326,NVDA,,126,15.0,14.0,,False
456,HPQ,HP Inc.,Technology,Computer Hardware,Core,27.5,30.05,28.55,15.0,10.5,10.0,0.0,ok,-0.5,ok,1.52,,False,35.0,10.0,12.6,9.0,20.3,,74.9,35.0,43.5,0.059,0.067,AVGO,,126,10.5,13.0,,False
457,NI,NiSource Inc,Utilities,Utilities - Regulated Gas,Core,20.4,42.61,46.3,10.5,17.9,10.0,0.0,ok,-3.5,ok,5.74,,False,34.9,18.9,-8.7,4.6,51.0,8.5,30.8,-5.2,-14.7,-0.105,0.123,AVGO,,126,17.9,19.0,,False
458,HRL,Hormel Foods Corporation,Consumer Defensive,Packaged Foods,Core,13.8,25.02,24.76,10.5,14.3,10.0,0.0,ok,0.0,ok,-0.26,,False,34.8,16.0,3.4,-2.9,15.8,5.8,46.4,8.4,-10.1,-0.095,0.158,AVGO,,126,14.3,16.0,,False
459,PPL,PPL Corporation,Utilities,Utilities - Regulated Electric,Core,26.7,35.46,35.79,11.5,16.8,10.0,0.0,ok,-3.5,ok,5.22,,False,34.8,16.8,-6.1,10.8,43.3,8.3,50.4,-2.3,-12.4,-0.204,0.26,AVGO,,126,16.8,19.0,,False
460,LNT,Alliant Energy Corporation,Utilities,Utilities - Regulated Electric,Core,18.0,69.37,73.66,12.0,17.7,10.0,0.0,ok,-5.0,ok,6.61,,False,34.7,18.8,-6.3,1.0,44.5,11.1,25.1,-0.6,-7.1,-0.289,0.281,AVGO,,126,17.7,19.0,,False
461,SLB,SLB Limited,Energy,Oil & Gas Equipment & Services,Cyclical,75.0,50.53,50.17,13.0,12.2,10.0,0.0,ok,-0.5,ok,1.18,,False,34.7,15.5,3.9,5.0,17.0,12.9,62.6,7.4,-11.7,0.109,0.178,AVGO,,126,12.2,14.0,,False
462,TSLA,"Tesla, Inc.",Consumer Cyclical,Auto Manufacturers,Core,1297.7,328.58,380.44,11.0,15.7,10.0,-2.0,ok,0.0,ok,-2.55,,False,34.7,148.1,0.4,25.5,18.9,4.7,34.9,-19.6,-32.0,0.549,0.466,BMNR,,126,15.7,11.0,,False
463,HSIC,"Henry Schein, Inc.",Healthcare,Medical Distribution,Core,10.0,88.13,83.72,14.5,12.6,10.0,0.0,ok,-2.5,ok,3.39,,False,34.6,14.7,4.4,6.7,31.3,8.9,58.6,14.6,-1.4,0.155,0.184,GOOG,,126,12.6,15.0,,False
464,IEX,IDEX Corporation,Industrials,Specialty Industrial Machinery,Core,17.3,234.46,223.1,16.0,9.1,10.0,0.0,ok,-0.5,ok,1.31,,False,34.6,24.7,3.2,6.4,44.7,13.0,71.9,17.7,-1.0,0.147,0.208,AVGO,,126,9.1,15.0,,False
465,NUE,Nucor Corporation,Basic Materials,Steel,Cyclical,62.1,272.63,259.0,14.0,10.6,10.0,0.0,ok,0.0,ok,0.78,,False,34.6,14.5,1.1,23.0,15.6,14.5,81.5,40.3,30.0,0.205,0.251,NVDA,,126,10.6,11.0,,False
466,PCAR,PACCAR Inc.,Industrials,Farm & Heavy Construction Mach,Core,70.1,133.11,126.45,13.0,12.0,10.0,0.0,ok,-0.5,ok,1.88,,False,34.5,18.7,2.8,0.5,13.7,12.8,64.8,14.5,-6.8,0.204,0.26,NVDA,,126,12.0,14.0,,False
467,CBRE,CBRE Group Inc,Real Estate,Real Estate Services,Core,42.9,148.18,140.77,14.0,14.0,10.0,0.0,ok,-3.5,ok,4.21,,False,34.5,16.3,3.8,15.5,18.6,15.8,66.8,0.3,-24.6,0.209,0.259,MSFT,,126,14.0,17.0,,False
468,DRI,"Darden Restaurants, Inc.",Consumer Cyclical,Restaurants,Core,24.5,213.76,203.97,18.0,9.0,10.0,0.0,ok,-2.5,ok,3.7,,False,34.5,17.3,3.2,13.7,21.7,53.7,72.3,9.1,-12.3,-0.036,0.101,MSFT,,126,9.0,11.0,,False
469,IREN,IREN LIMITED,Financial Services,Capital Markets,Core,14.7,41.23,47.17,9.5,17.0,10.0,-2.0,ok,0.0,financial_na,,,False,34.5,,-15.7,-0.0,68.4,7.7,51.5,-13.2,-13.3,0.569,0.507,BMNR,,126,17.0,16.0,,False
470,WAT,Waters Corporation,Healthcare,Diagnostics & Research,Growth,39.9,406.86,386.52,17.0,9.9,10.0,0.0,ok,-2.5,ok,3.15,,False,34.4,24.6,,113.3,56.3,1.9,76.7,14.3,-5.2,0.124,0.166,AVGO,,126,9.9,16.0,,False
471,MET,"MetLife, Inc.",Financial Services,Insurance - Life,Core,62.4,97.77,92.88,10.5,13.9,10.0,0.0,ok,0.0,financial_na,,,False,34.4,9.0,-28.0,2.7,23.8,13.0,67.1,22.9,17.1,0.184,0.233,MSFT,,126,13.9,14.0,,False
472,PSKY,Paramount Skydance Corporation,Communication Services,Entertainment,Core,10.3,9.19,9.52,14.5,13.4,10.0,0.0,ok,-3.5,ok,4.4,,False,34.4,10.7,,0.9,33.3,-0.9,61.4,-20.1,-24.4,0.086,0.109,MSFT,,126,13.4,13.0,fcf_yield_out_of_range(171.1),False
473,EVRG,"Evergy, Inc.",Utilities,Utilities - Regulated Electric,Core,19.2,83.38,84.48,10.5,17.4,10.0,0.0,ok,-3.5,ok,5.8,,False,34.4,18.3,-7.5,4.4,52.7,9.3,39.7,4.5,-2.4,-0.288,0.319,AVGO,,126,17.4,19.0,,False
474,NDSN,Nordson Corporation,Industrials,Specialty Industrial Machinery,Core,17.3,310.11,294.6,16.0,9.8,10.0,0.0,ok,-1.5,ok,2.05,,False,34.3,24.7,3.3,8.5,55.2,17.1,78.5,14.8,-4.7,0.264,0.333,AVGO,,126,9.8,15.0,,False
475,SBUX,Starbucks Corporation,Consumer Cyclical,Restaurants,Core,120.4,105.58,102.5,13.0,13.8,10.0,0.0,ok,-2.5,ok,3.34,,False,34.3,34.0,2.5,-1.4,22.3,,53.3,11.4,-4.4,0.202,0.2,AVGO,,126,13.8,11.0,,False
476,CNP,"CenterPoint Energy, Inc (Holdi",Utilities,Utilities - Regulated Electric,Core,26.8,40.68,43.0,11.5,17.7,10.0,0.0,ok,-5.0,ok,6.28,,False,34.2,19.5,-19.4,10.7,47.0,9.8,31.5,-1.5,-9.8,-0.295,0.299,AVGO,,126,17.7,19.0,,False
477,ED,"Consolidated Edison, Inc.",Utilities,Utilities - Regulated Electric,Core,39.8,107.98,109.29,11.0,16.6,10.0,0.0,ok,-3.5,ok,4.49,,False,34.1,16.6,-2.1,6.2,53.2,8.7,38.3,2.4,-9.7,-0.477,0.419,AVGO,,126,16.6,19.0,,False
478,GPC,Genuine Parts Company,Consumer Cyclical,Auto Parts,Core,18.7,135.63,128.85,14.5,11.1,10.0,0.0,ok,-1.5,ok,2.97,,False,34.1,16.3,4.9,6.0,37.6,0.7,69.4,14.5,-19.7,0.03,0.126,GOOG,,126,11.1,11.0,,False
479,SOUN,"SoundHound AI, Inc.",Technology,Software - Application,Growth,3.5,8.02,7.62,11.5,14.3,10.0,-2.0,ok,0.0,neg_ebitda_low_debt,,,False,33.8,,-1.3,45.0,42.3,-32.2,70.6,-12.8,-18.2,0.641,0.546,BMNR,,126,14.3,16.0,,False
480,IP,International Paper Company,Consumer Cyclical,Packaging & Containers,Core,22.0,41.58,39.5,13.5,11.8,10.0,0.0,ok,-1.5,ok,2.33,,False,33.8,14.1,7.5,-2.2,29.6,-16.5,65.9,8.6,-21.7,0.13,0.244,NVDA,,126,11.8,11.0,,False
481,TDY,Teledyne Technologies Incorpor,Technology,Scientific & Technical Instrum,Core,32.0,691.3,656.73,14.5,9.7,10.0,0.0,ok,-0.5,ok,1.06,,False,33.7,25.9,2.8,9.8,43.3,9.2,78.2,14.9,-5.2,0.426,0.422,NVDA,,126,9.7,14.0,,False
482,DUK,Duke Energy Corporation (Holdi,Utilities,Utilities - Regulated Electric,Core,97.3,124.85,125.48,11.0,16.2,10.0,0.0,ok,-3.5,ok,5.51,,False,33.7,17.4,-4.6,1.1,52.0,9.9,46.5,1.2,-7.7,-0.413,0.374,AVGO,,126,16.2,19.0,,False
483,AEHR,Aehr Test Systems,Technology,Semiconductor Equipment & Mate,Growth,3.4,103.07,97.92,10.5,13.2,10.0,0.0,ok,0.0,neg_ebitda_low_debt,,,False,33.7,74.5,-0.1,33.7,35.3,-4.2,61.0,87.7,278.7,0.484,0.506,AVGO,,126,13.2,13.0,,False
484,SMCI,"Super Micro Computer, Inc.",Technology,Computer Hardware,Growth,20.1,31.13,31.86,12.0,15.1,10.0,0.0,ok,-3.5,ok,4.97,,False,33.6,9.4,-37.0,122.7,8.4,17.9,65.9,-3.3,-21.4,0.471,0.512,NVDA,,126,15.1,13.0,,False
485,CARR,Carrier Global Corporation,Industrials,Building Products & Equipment,Core,53.2,64.01,68.26,10.5,15.6,10.0,0.0,ok,-2.5,ok,3.57,,False,33.6,19.4,1.6,3.9,24.7,9.0,42.7,5.2,-11.4,0.206,0.28,GOOG,,126,15.6,14.0,,False
486,JCI,Johnson Controls International,Industrials,Building Products & Equipment,Core,92.2,152.21,144.6,16.0,9.1,10.0,0.0,ok,-1.5,ok,2.04,,False,33.6,25.3,3.2,9.3,36.7,14.3,74.7,15.7,-1.0,0.296,0.429,AVGO,,126,9.1,14.0,,False
487,MDB,"MongoDB, Inc.",Technology,Software - Infrastructure,Core,32.1,398.8,378.86,13.0,10.5,10.0,0.0,ok,0.0,neg_ebitda_low_debt,,,False,33.5,54.3,1.6,25.2,72.0,-1.0,75.9,19.1,3.9,0.381,0.402,MSFT,,126,10.5,17.0,,False
488,DOW,Dow Inc.,Basic Materials,Chemicals,Cyclical,21.2,29.34,30.86,9.0,16.9,10.0,0.0,ok,-2.5,ok,3.84,,False,33.4,15.9,1.1,19.7,9.8,-5.5,44.1,-3.9,-18.5,-0.119,0.199,GOOG,,126,16.9,11.0,,False
489,RGTI,"Rigetti Computing, Inc.",Technology,Computer Hardware,Growth,6.0,17.94,18.55,11.0,14.3,10.0,-2.0,ok,0.0,neg_ebitda_low_debt,,,False,33.3,,-0.1,198.9,,-57.1,64.6,-15.1,-10.6,0.541,0.562,BMNR,,126,14.3,13.0,,False
490,TSCO,Tractor Supply Company,Consumer Cyclical,Specialty Retail,Core,18.1,34.56,32.83,14.5,11.2,10.0,0.0,ok,-2.5,ok,3.27,,False,33.2,16.8,0.6,2.3,36.5,39.5,72.9,-20.9,-49.5,0.065,0.121,BMNR,,126,11.2,11.0,,False
491,SW,Smurfit WestRock plc,Consumer Cyclical,Packaging & Containers,Core,25.3,48.28,45.87,13.0,11.7,10.0,0.0,ok,-1.5,ok,2.95,,False,33.2,14.4,4.8,1.1,18.2,2.7,63.0,17.9,-0.3,0.148,0.233,NVDA,,126,11.7,11.0,,False
492,TECH,Bio-Techne Corp,Healthcare,Biotechnology,Core,11.3,72.29,68.68,14.5,8.5,10.0,0.0,ok,0.0,ok,0.21,,False,33.0,35.4,2.7,-1.5,66.4,5.3,70.4,20.9,-3.3,0.096,0.143,GOOG,,126,8.5,17.0,,False
493,STLD,"Steel Dynamics, Inc.",Basic Materials,Steel,Growth,37.6,262.45,250.53,12.5,10.9,10.0,0.0,ok,-0.5,ok,1.43,,False,32.9,13.9,0.6,33.4,14.7,17.6,77.5,30.5,18.2,0.204,0.245,AVGO,,126,10.9,11.0,,False
494,LUV,Southwest Airlines Company,Industrials,Airlines,Core,23.0,47.05,46.87,10.5,12.9,10.0,0.0,ok,-0.5,ok,1.33,,False,32.9,9.5,-3.6,16.4,22.4,11.1,45.8,12.0,-24.8,0.381,0.385,GOOG,,126,12.9,14.0,,False
495,FCX,"Freeport-McMoRan, Inc.",Basic Materials,Copper,Cyclical,97.5,69.62,66.14,15.0,9.8,10.0,-2.0,ok,0.0,ok,0.66,,False,32.8,17.0,2.2,-7.3,38.3,14.8,71.5,20.8,3.1,0.504,0.523,NVDA,,126,9.8,11.0,,False
496,CMS,CMS Energy Corporation,Utilities,Utilities - Regulated Electric,Core,21.9,71.03,73.87,9.5,18.3,10.0,0.0,ok,-5.0,ok,6.32,,False,32.8,17.1,-10.0,-0.5,40.3,9.2,35.7,-3.2,-12.9,-0.339,0.303,MSFT,,126,18.3,19.0,,False
497,UCTT,"Ultra Clean Holdings, Inc.",Technology,Semiconductor Equipment & Mate,Speculative,3.9,87.25,99.19,9.0,16.3,10.0,0.0,ok,-2.5,ok,3.74,,False,32.8,14.9,-2.1,24.3,15.8,-1.6,47.3,40.3,68.8,0.374,0.445,AVGO,,126,16.3,13.0,,False
498,PNW,Pinnacle West Capital Corporat,Utilities,Utilities - Regulated Electric,Core,12.2,101.03,104.26,10.5,17.2,10.0,0.0,ok,-5.0,ok,7.68,,False,32.7,18.1,-7.6,7.1,43.4,9.4,22.6,4.5,-2.9,-0.319,0.325,AVGO,,126,17.2,19.0,,False
499,EXC,Exelon Corporation,Utilities,Utilities - Regulated Electric,Core,47.0,45.61,46.24,10.5,17.1,10.0,0.0,ok,-5.0,ok,6.09,,False,32.6,15.0,-5.7,9.9,42.4,9.7,46.8,-0.7,-8.1,-0.323,0.311,AVGO,,126,17.1,19.0,,False
500,DTE,DTE Energy Company,Utilities,Utilities - Regulated Electric,Core,29.1,139.87,146.9,9.5,18.0,10.0,0.0,ok,-5.0,ok,7.69,,False,32.5,16.7,-8.9,-1.5,29.3,11.0,31.8,-0.7,-7.3,-0.263,0.235,MSFT,,126,18.0,18.0,,False
501,BALL,Ball Corporation,Consumer Cyclical,Packaging & Containers,Core,16.9,63.45,60.28,14.0,11.0,10.0,0.0,ok,-2.5,ok,3.41,,False,32.5,14.0,2.2,19.7,18.6,17.2,56.1,10.3,-16.2,0.012,0.134,GOOG,,126,11.0,11.0,,False
502,D,"Dominion Energy, Inc.",Utilities,Utilities - Regulated Electric,Core,59.3,67.39,68.77,11.5,16.0,10.0,0.0,ok,-5.0,ok,6.43,,False,32.5,17.7,-15.5,17.6,46.2,8.3,33.5,6.9,-2.6,-0.164,0.191,MSFT,,126,16.0,19.0,,False
503,LH,Labcorp Holdings Inc.,Healthcare,Diagnostics & Research,Core,25.9,319.17,303.21,14.5,9.5,10.0,0.0,ok,-1.5,ok,2.88,,False,32.5,16.2,3.4,5.8,28.9,11.7,76.1,18.8,3.5,-0.009,0.14,MSFT,,126,9.5,15.0,,False
504,HII,"Huntington Ingalls Industries,",Industrials,Aerospace & Defense,Core,12.8,324.48,308.26,10.5,13.4,10.0,0.0,ok,-1.5,ok,2.5,,False,32.4,15.6,-2.3,10.9,12.4,13.0,74.0,-6.6,-30.1,0.259,0.293,MSFT,,126,13.4,14.0,,False
505,RCL,Royal Caribbean Cruises Ltd.,Consumer Cyclical,Travel Services,Core,85.6,320.0,304.0,15.0,9.8,10.0,0.0,ok,-2.5,ok,3.27,,False,32.3,15.8,-1.8,6.5,50.3,44.7,74.8,11.9,-19.5,0.384,0.387,GOOG,,126,9.8,14.0,,False
506,SRE,DBA Sempra,Utilities,Utilities - Diversified,Core,54.8,83.88,91.13,9.5,17.8,10.0,0.0,ok,-5.0,ok,6.28,,False,32.3,15.2,-50.5,-0.1,44.0,6.7,25.7,-8.2,-15.2,-0.171,0.209,MSFT,,126,17.8,19.0,,False
507,SWK,"Stanley Black & Decker, Inc.",Industrials,Tools & Accessories,Core,15.7,103.89,98.7,15.5,8.3,10.0,0.0,ok,-1.5,ok,2.58,,False,32.3,16.3,9.0,0.4,32.2,6.9,78.5,32.6,5.6,0.251,0.257,GOOG,,126,8.3,14.0,,False
508,BAX,Baxter International Inc.,Healthcare,Medical Instruments & Supplies,Core,14.2,27.55,26.17,14.5,10.1,10.0,0.0,ok,-2.5,ok,3.99,,False,32.1,13.4,7.0,5.3,34.1,-14.4,76.3,39.9,14.9,0.238,0.239,MSFT,,126,10.1,15.0,,False
509,J,Jacobs Solutions Inc.,Industrials,Engineering & Construction,Growth,17.1,145.07,137.82,13.5,10.0,10.0,0.0,ok,-1.5,ok,2.72,,False,32.0,17.6,3.8,34.5,22.1,8.0,73.9,8.8,-14.2,0.17,0.154,BMNR,,126,10.0,14.0,,False
510,PCG,Pacific Gas & Electric Co.,Utilities,Utilities - Regulated Electric,Core,38.5,17.46,17.09,10.5,16.4,10.0,0.0,ok,-5.0,ok,6.1,,False,31.9,9.7,-16.0,0.1,39.8,9.3,50.4,4.6,-5.1,-0.1,0.145,MSFT,,126,16.4,18.0,,False
511,BA,Boeing Company (The),Industrials,Aerospace & Defense,Core,185.1,234.42,222.7,14.5,11.4,10.0,0.0,ok,-4.0,neg_ebitda_debt,,,False,31.9,56.7,3.0,8.0,4.7,173.5,66.6,7.1,-15.4,0.415,0.394,BMNR,,126,11.4,14.0,,False
512,CPT,Camden Property Trust,Real Estate,REIT - Residential,Core,11.1,111.93,112.64,11.0,14.4,10.0,0.0,ok,-3.5,ok,5.4,,False,31.9,,1.3,-0.8,61.6,7.9,47.1,5.7,-5.8,-0.18,0.284,AVGO,,126,14.4,17.0,,False
513,BXP,"BXP, Inc.",Real Estate,REIT - Office,Core,12.4,69.71,66.78,13.5,13.4,10.0,0.0,ok,-5.0,ok,9.65,,False,31.9,33.3,,3.8,56.9,5.3,56.9,10.2,-2.7,0.161,0.218,BMNR,,126,13.4,16.0,,False
514,BG,Bunge Limited,Consumer Defensive,Farm Products,Growth,20.8,108.38,116.51,9.5,15.6,10.0,0.0,ok,-3.5,ok,5.21,,False,31.6,9.6,-31.1,88.3,4.9,7.2,28.9,-3.2,-17.8,-0.05,0.138,GOOG,,126,15.6,16.0,,False
515,QBTS,D-Wave Quantum Inc.,Technology,Computer Hardware,Speculative,7.7,20.76,21.99,7.0,16.5,10.0,-2.0,ok,0.0,neg_ebitda_low_debt,,,False,31.5,,-1.1,-0.6,,-28.0,60.8,-8.4,-11.7,0.566,0.573,BMNR,,126,16.5,15.0,,False
516,PKG,Packaging Corporation of Ameri,Consumer Cyclical,Packaging & Containers,Core,22.8,256.04,243.24,14.5,8.4,10.0,0.0,ok,-1.5,ok,2.0,,False,31.4,20.2,,14.7,20.8,,75.8,17.6,-4.1,0.086,0.157,NVDA,,126,8.4,11.0,,False
517,AES,The AES Corporation,Utilities,Utilities - Diversified,Core,10.5,14.73,14.71,10.0,16.3,10.0,0.0,ok,-5.0,ok,7.64,,False,31.3,6.2,-29.4,19.9,20.3,9.6,41.9,2.7,-19.0,-0.001,0.081,AVGO,,126,16.3,18.0,,False
518,CRWV,"CoreWeave, Inc.",Technology,Software - Infrastructure,Growth,49.5,90.67,92.13,12.5,15.6,10.0,-2.0,ok,-5.0,ok,10.87,,False,31.1,,-17.3,111.6,69.4,-40.7,61.2,-3.2,-11.1,0.556,0.53,NVDA,,126,15.6,17.0,,False
519,CIFR,Cipher Digital Inc.,Technology,Information Technology Service,Speculative,7.1,17.18,22.93,5.5,20.2,10.0,0.0,ok,-5.0,ok,49.49,,False,30.7,62.5,-40.6,-43.0,,-167.5,43.9,-7.8,4.7,0.495,0.478,AVGO,,126,20.2,15.0,,False
520,XEL,Xcel Energy Inc.,Utilities,Utilities - Regulated Electric,Core,48.8,78.07,79.25,9.5,16.2,10.0,0.0,ok,-5.0,ok,6.47,,False,30.7,17.2,-16.2,-5.1,46.8,9.9,46.6,-0.6,-8.3,-0.204,0.225,MSFT,,126,16.2,19.0,,False
521,APLD,Applied Digital Corporation,Technology,Information Technology Service,Growth,8.4,29.22,35.83,9.5,16.4,10.0,-2.0,ok,-4.0,neg_ebitda_debt,,,False,29.9,,-59.0,406.6,25.9,-8.4,53.2,-10.1,-28.3,0.566,0.524,BMNR,,126,16.4,15.0,,False
522,DE,Deere & Company,Industrials,Farm & Heavy Construction Mach,Core,167.7,620.83,596.69,10.0,12.6,10.0,0.0,ok,-3.5,ok,4.6,,False,29.1,27.3,0.7,-11.1,26.0,18.3,61.9,12.8,-5.1,0.011,0.241,MSFT,,126,12.6,14.0,,False
523,BBAI,"BigBear.ai, Inc.",Technology,Information Technology Service,Speculative,1.6,3.27,3.57,7.5,13.5,10.0,-2.0,ok,0.0,neg_ebitda_low_debt,,,False,29.0,,-13.3,13.2,27.9,-16.6,63.6,-29.3,-42.6,0.644,0.545,BMNR,,126,13.5,15.0,,False
524,MOS,Mosaic Company (The),Basic Materials,Agricultural Inputs,Cyclical,7.3,23.06,22.21,5.5,16.0,10.0,0.0,ok,-2.5,ok,3.37,,False,29.0,14.2,-10.2,-6.0,11.2,-5.1,55.3,-6.8,-30.6,0.179,0.235,AVGO,,126,16.0,11.0,,False
525,CRL,Charles River Laboratories Int,Healthcare,Diagnostics & Research,Core,12.8,267.49,254.12,11.0,10.5,10.0,0.0,ok,-2.5,ok,3.35,,False,29.0,21.2,3.7,-2.7,34.6,-7.5,80.3,41.4,29.5,0.195,0.183,BMNR,,126,10.5,15.0,,False
526,SATS,EchoStar Corporation,Communication Services,Telecom Services,Core,30.1,97.39,122.33,7.5,16.4,10.0,0.0,ok,-5.0,ok,17.47,,False,28.9,,-1.5,-5.2,27.1,-112.3,34.2,-5.9,-20.8,0.354,0.383,BMNR,,97,16.4,15.0,,False
527,GM,General Motors Company,Consumer Cyclical,Auto Manufacturers,Core,79.2,87.58,83.2,14.0,9.7,10.0,0.0,ok,-5.0,ok,6.32,,False,28.7,6.0,27.7,1.9,10.2,3.2,73.3,12.2,-7.7,0.304,0.374,BMNR,,126,9.7,11.0,,False
528,IFF,International Flavors & Fragra,Basic Materials,Specialty Chemicals,Cyclical,21.9,85.89,81.6,8.0,11.9,10.0,0.0,ok,-1.5,ok,2.99,,False,28.4,21.5,-7.8,1.8,36.6,-5.5,67.0,18.9,3.6,0.116,0.204,GOOG,,126,11.9,11.0,,False
529,AI,"C3.ai, Inc.",Technology,Software - Infrastructure,Speculative,1.6,10.22,9.71,6.0,14.2,10.0,-2.0,ok,0.0,neg_ebitda_low_debt,,,False,28.2,,-1.7,-52.5,,-63.0,76.7,-9.1,-24.2,0.585,0.504,BMNR,,126,14.2,15.0,,False
530,AMCR,Amcor plc,Consumer Cyclical,Packaging & Containers,Growth,22.1,47.86,45.47,12.0,9.6,10.0,0.0,ok,-3.5,ok,4.74,,False,28.1,11.2,0.7,77.4,19.1,8.7,70.6,14.1,-11.2,0.19,0.281,GOOG,,126,9.6,11.0,,False
531,APD,"Air Products and Chemicals, In",Basic Materials,Specialty Chemicals,Cyclical,67.6,303.44,290.27,10.5,12.5,10.0,0.0,ok,-5.0,ok,16.79,,False,28.0,21.0,-5.6,4.6,32.1,0.0,59.0,10.0,-4.1,-0.015,0.102,GOOG,,126,12.5,11.0,,False
532,OKLO,Oklo Inc.,Utilities,Utilities - Independent Power ,Speculative,8.4,48.42,51.28,6.0,13.6,10.0,-2.0,ok,0.0,neg_ebitda_low_debt,,,False,27.6,,-1.2,,0.0,-8.9,60.7,-33.3,-43.8,0.589,0.596,BMNR,,126,13.6,18.0,,False
533,F,Ford Motor Company,Consumer Cyclical,Auto Manufacturers,Core,55.7,13.98,14.48,4.5,15.4,10.0,0.0,ok,-5.0,ok,18.47,,False,24.9,7.3,-14.2,-3.8,7.1,-18.3,49.9,5.7,-8.2,0.23,0.234,GOOG,,126,15.4,11.0,,False
534,WY,Weyerhaeuser Company,Real Estate,REIT - Specialty,Core,18.4,25.58,24.31,8.0,11.3,10.0,0.0,ok,-5.0,ok,7.15,,False,24.3,38.0,0.1,-0.9,14.5,5.0,64.1,6.4,-15.1,-0.062,0.181,MSFT,,126,11.3,15.0,,False
