rank,ticker,name,sector,industry,category,mcap_B,current_price,entry_level,fundamental,technical,visibility,corr_penalty,corr_status,leverage_penalty,lev_status,nd_ebitda,dte_pct,broken_base,composite,fwd_pe,fcf_yield_pct,rev_growth_pct,gross_margin_pct,roe_pct,rsi,ma200_dist_pct,rel_str_6m_pct,portfolio_corr,max_corr,max_corr_with,corr_null_reason,n_corr_obs,technical_precap,visibility_legacy,data_flags,in_portfolio
1,AVGO,Broadcom Inc.,Technology,Semiconductors,Growth,1869.7,392.99,390.46,20.0,17.4,22.0,0.0,ok,-0.5,ok,1.08,,False,58.9,20.1,1.5,47.9,76.3,37.3,54.5,6.6,7.2,0.409,0.481,NVDA,,126,17.4,22.0,,True
2,GEV,GE Vernova Inc.,Industrials,Specialty Industrial Machinery,Compounder,283.2,1063.25,1027.53,19.0,14.7,23.0,0.0,ok,0.0,ok,-2.29,,False,56.7,42.2,5.6,21.9,20.6,82.6,60.6,24.0,18.7,0.388,0.446,AVGO,,126,14.7,23.0,,False
3,VRT,"Vertiv Holdings, LLC",Industrials,Electrical Equipment & Parts,Core,113.1,293.84,296.75,20.5,15.8,19.8,0.0,ok,0.0,ok,0.08,,False,56.1,32.3,2.4,24.1,38.0,43.9,52.0,17.0,11.4,0.363,0.488,NVDA,,126,15.8,20.0,,False
4,TSM,Taiwan Semiconductor Manufactu,Technology,Semiconductors,Growth,2211.3,426.35,425.06,24.0,12.5,21.0,-2.0,ok,0.0,ok,-0.8,,False,55.5,19.6,,36.0,64.2,40.0,64.5,17.7,3.1,0.595,0.654,NVDA,,126,12.5,21.0,fcf_yield_out_of_range(33.4),False
5,GOOG,Alphabet Inc.,Communication Services,Internet Content & Information,Compounder,4201.5,343.54,352.31,19.0,15.2,20.0,0.0,ok,0.0,ok,-0.7,,False,54.2,23.3,0.5,24.2,60.9,48.7,59.2,4.0,-1.6,0.339,0.311,BMNR,,126,15.2,20.0,,True
6,META,"Meta Platforms, Inc.",Communication Services,Internet Content & Information,Core,1502.6,589.85,597.13,18.0,17.3,17.0,0.0,ok,0.0,ok,0.2,,False,52.3,16.9,1.4,28.0,81.7,29.8,48.8,-6.0,-21.6,0.401,0.379,GOOG,,126,17.3,15.0,,False
7,ANET,"Arista Networks, Inc.",Technology,Computer Hardware,Growth,250.8,198.82,188.88,19.0,13.1,20.0,0.0,ok,0.0,ok,-2.88,,False,52.1,38.5,1.6,37.7,63.0,31.5,64.9,34.1,26.5,0.44,0.555,AVGO,,126,13.1,20.0,,False
8,POWL,"Powell Industries, Inc.",Industrials,Electrical Equipment & Parts,Speculative,7.8,213.48,248.58,17.5,15.6,18.0,0.0,ok,0.0,ok,-2.67,,False,51.1,30.0,2.4,8.9,30.1,28.3,47.2,9.3,-4.4,0.389,0.439,AVGO,,126,15.6,18.0,,False
9,TPR,"Tapestry, Inc.",Consumer Cyclical,Luxury Goods,Core,26.1,128.98,146.34,23.0,17.1,10.0,0.0,ok,-0.5,ok,1.45,,False,49.6,14.6,5.9,21.2,76.2,60.9,33.6,-5.5,-29.8,0.227,0.256,GOOG,,126,17.1,13.0,,False
10,GDDY,GoDaddy Inc.,Technology,Software - Infrastructure,Core,12.0,94.91,90.16,22.0,18.0,10.0,0.0,ok,-0.5,ok,1.91,,False,49.5,8.6,10.0,6.6,63.8,442.9,48.7,-3.8,-7.4,-0.048,0.147,AVGO,,126,18.0,17.0,,False
11,LMT,Lockheed Martin Corporation,Industrials,Aerospace & Defense,Compounder,140.5,608.68,578.25,16.5,11.4,22.0,0.0,ok,-0.5,ok,1.73,,False,49.4,18.6,4.0,10.5,11.8,89.2,63.7,11.0,-20.1,-0.113,0.187,AVGO,,126,11.4,22.0,,False
12,CF,"CF Industries Holdings, Inc.",Basic Materials,Agricultural Inputs,Cyclical,17.9,118.3,114.95,22.0,17.3,10.0,0.0,ok,0.0,ok,0.29,,False,49.3,11.3,7.1,17.6,42.5,29.9,48.0,13.5,11.6,-0.349,0.325,GOOG,,126,17.3,12.0,,False
13,CINF,Cincinnati Financial Corporati,Financial Services,Insurance - Property & Casualt,Growth,26.6,173.17,176.88,22.0,17.1,10.0,0.0,ok,0.0,financial_na,,,False,49.1,19.2,11.2,31.6,31.1,21.5,27.3,4.4,-6.9,-0.162,0.305,AVGO,,126,17.1,14.0,,False
14,NVDA,NVIDIA Corporation,Technology,Semiconductors,Growth,5453.6,225.16,213.9,20.0,11.1,20.0,-2.0,ok,0.0,ok,-0.24,,False,49.1,17.6,0.8,85.2,74.1,114.3,75.4,15.5,9.3,0.525,0.481,AVGO,,126,11.1,20.0,,True
15,FDS,FactSet Research Systems Inc.,Financial Services,Financial Data & Stock Exchang,Core,10.1,283.49,269.32,21.0,18.1,10.0,0.0,ok,0.0,financial_na,,,False,49.1,14.4,6.2,6.4,51.4,27.0,59.9,14.9,24.6,0.028,0.34,MSFT,,126,18.1,15.0,,False
16,MSFT,Microsoft Corporation,Technology,Software - Infrastructure,Core,3678.6,495.4,470.63,18.0,13.2,17.8,0.0,ok,0.0,ok,0.27,,False,49.0,21.0,0.4,17.7,67.9,34.0,84.8,14.7,9.8,0.315,0.337,BMNR,,126,13.2,18.0,,True
17,DECK,Deckers Outdoor Corporation,Consumer Cyclical,Footwear & Accessories,Core,12.7,93.09,103.42,21.0,18.0,10.0,0.0,ok,0.0,ok,-0.85,,False,49.0,11.1,6.9,5.7,57.8,42.6,41.5,-8.8,-33.5,0.257,0.34,GOOG,,126,18.0,12.0,,False
18,SPGI,S&P Global Inc.,Financial Services,Financial Data & Stock Exchang,Core,123.5,418.8,422.38,19.5,19.4,10.0,0.0,ok,0.0,financial_na,,,False,48.9,20.7,4.4,10.4,70.9,14.3,34.8,-7.5,-11.4,0.125,0.347,MSFT,,126,19.4,16.0,,False
19,NXPI,NXP Semiconductors N.V.,Technology,Semiconductors,Core,59.2,234.71,273.71,22.0,17.3,10.0,0.0,ok,-0.5,ok,1.53,,False,48.8,13.0,6.0,19.5,56.1,27.9,33.0,-2.8,-17.4,0.227,0.379,AVGO,,126,17.3,14.0,,False
20,EBAY,eBay Inc.,Consumer Cyclical,Internet Retail,Core,45.9,103.14,110.57,20.5,18.7,10.0,0.0,ok,-0.5,ok,1.24,,False,48.7,15.3,3.4,14.8,72.1,46.6,35.9,6.2,11.7,0.169,0.221,GOOG,,126,18.7,13.0,,False
21,QCOM,QUALCOMM Incorporated,Technology,Semiconductors,Core,174.1,165.79,183.87,19.0,19.6,10.0,0.0,ok,0.0,ok,0.58,,False,48.6,16.2,5.9,-4.0,54.2,33.8,46.6,-1.4,4.7,0.287,0.395,AVGO,,126,19.6,14.0,,False
22,HOOD,"Robinhood Markets, Inc.",Financial Services,Capital Markets,Growth,85.9,95.56,99.09,20.0,20.5,10.0,-2.0,ok,0.0,financial_na,,,False,48.5,29.8,,32.3,91.9,23.6,49.9,-1.8,11.9,0.549,0.596,BMNR,,126,20.5,16.0,,False
23,BRO,"Brown & Brown, Inc.",Financial Services,Insurance Brokers,Growth,23.6,70.54,67.01,21.5,17.0,10.0,0.0,ok,0.0,financial_na,,,False,48.5,14.6,7.0,32.4,56.3,10.0,52.9,1.1,-10.6,-0.173,0.353,AVGO,,126,17.0,15.0,,False
24,OXY,Occidental Petroleum Corporati,Energy,Oil & Gas E&P,Growth,58.3,58.36,55.44,22.5,15.9,10.0,0.0,ok,0.0,ok,0.76,,False,48.4,14.8,6.5,53.4,73.3,10.6,61.4,14.7,13.4,-0.295,0.319,GOOG,,126,15.9,14.0,,False
25,APP,Applovin Corporation,Communication Services,Advertising Agencies,Growth,106.0,315.44,450.23,22.5,15.9,10.0,0.0,ok,0.0,ok,0.09,,False,48.4,15.0,3.0,52.8,88.5,203.7,26.9,-37.9,-33.1,0.406,0.377,BMNR,,126,15.9,15.0,,False
26,AMZN,"Amazon.com, Inc.",Consumer Cyclical,Internet Retail,Core,2833.0,262.65,249.52,17.0,16.5,16.9,-2.0,ok,0.0,ok,0.76,,False,48.4,25.3,0.1,19.6,50.8,30.6,66.4,10.5,18.2,0.582,0.632,GOOG,,126,16.5,17.0,,False
27,EOG,"EOG Resources, Inc.",Energy,Oil & Gas E&P,Growth,74.8,142.61,137.93,23.0,15.4,10.0,0.0,ok,0.0,ok,0.23,,False,48.4,9.8,6.0,58.7,62.6,22.5,52.9,14.2,5.1,-0.33,0.318,NVDA,,126,15.4,14.0,,False
28,NOC,Northrop Grumman Corporation,Industrials,Aerospace & Defense,Compounder,83.2,585.87,556.58,16.0,12.8,21.0,0.0,ok,-1.5,ok,2.03,,False,48.3,19.3,3.0,5.1,20.1,27.0,75.0,-2.9,-30.2,-0.058,0.243,AVGO,,126,12.8,21.0,,False
29,MCO,Moody's Corporation,Financial Services,Financial Data & Stock Exchang,Core,84.0,484.96,473.86,20.5,17.6,10.0,0.0,ok,0.0,financial_na,,,False,48.1,25.6,3.1,15.1,75.0,76.9,48.9,3.1,0.3,0.178,0.337,MSFT,,126,17.6,16.0,,False
30,TROW,"T. Rowe Price Group, Inc.",Financial Services,Asset Management,Core,23.6,110.56,113.26,20.5,17.4,10.0,0.0,ok,0.0,financial_na,,,False,47.9,10.8,8.6,10.7,51.6,19.4,31.4,8.3,5.8,0.261,0.315,BMNR,,126,17.4,15.0,,False
31,ADBE,Adobe Inc.,Technology,Software - Application,Core,104.9,264.02,250.82,23.0,14.9,10.0,0.0,ok,0.0,ok,0.15,,False,47.9,9.6,8.8,12.7,89.4,63.0,63.3,-3.0,-13.9,0.169,0.395,MSFT,,126,14.9,17.0,,False
32,GD,General Dynamics Corporation,Industrials,Aerospace & Defense,Compounder,107.1,395.78,375.99,14.5,12.6,20.8,0.0,ok,0.0,ok,0.78,,False,47.9,21.3,4.1,8.1,15.4,17.8,57.0,12.8,0.5,-0.01,0.151,NVDA,,126,12.6,21.0,,False
33,ADSK,"Autodesk, Inc.",Technology,Software - Application,Core,53.1,251.66,239.08,22.0,15.9,10.0,0.0,ok,0.0,ok,-0.09,,False,47.9,17.7,5.8,18.4,92.4,50.4,67.5,0.3,-5.1,0.116,0.321,MSFT,,126,15.9,17.0,,False
34,NFLX,"Netflix, Inc.",Communication Services,Entertainment,Core,325.5,78.16,74.84,23.0,14.8,10.0,0.0,ok,0.0,ok,0.51,,False,47.8,20.5,7.8,13.4,49.1,49.5,72.9,-12.4,-12.2,0.098,0.192,MSFT,,126,14.8,14.0,,False
35,IDXX,"IDEXX Laboratories, Inc.",Healthcare,Diagnostics & Research,Core,43.4,550.96,561.19,19.5,18.0,10.0,0.0,ok,0.0,ok,0.55,,False,47.5,32.9,2.1,9.7,62.4,74.2,47.8,-10.8,-26.3,0.271,0.355,GOOG,,126,18.0,17.0,,False
36,IT,"Gartner, Inc.",Technology,Information Technology Service,Core,11.4,181.09,172.04,21.0,17.0,10.0,0.0,ok,-0.5,ok,1.33,,False,47.5,11.0,9.2,-0.6,69.6,113.6,67.2,0.1,0.3,-0.018,0.244,MSFT,,126,17.0,17.0,,False
37,PGR,Progressive Corporation (The),Financial Services,Insurance - Property & Casualt,Core,121.9,209.6,213.71,19.5,17.8,10.0,0.0,ok,0.0,financial_na,,,False,47.3,12.9,12.4,7.3,18.5,34.9,39.3,1.1,-11.4,-0.331,0.355,NVDA,,126,17.8,14.0,,False
38,AAPL,Apple Inc.,Technology,Consumer Electronics,Core,4464.8,305.93,309.19,20.5,16.8,10.0,0.0,ok,0.0,ok,0.13,,False,47.3,32.2,2.4,16.4,48.7,148.8,26.0,9.2,5.8,0.211,0.259,BMNR,,126,16.8,14.0,,False
39,INCY,Incyte Corporation,Healthcare,Biotechnology,Growth,24.4,120.16,114.15,23.0,14.3,10.0,0.0,ok,0.0,ok,-2.32,,False,47.3,13.5,4.8,37.7,55.7,30.7,52.0,16.8,5.0,-0.084,0.165,AVGO,,126,14.3,16.0,,False
40,UBER,"Uber Technologies, Inc.",Technology,Software - Application,Core,155.1,75.95,72.25,21.0,16.7,10.0,0.0,ok,-0.5,ok,1.25,,False,47.2,17.3,4.7,12.2,40.8,37.2,66.6,-2.1,-5.4,0.295,0.327,MSFT,,126,16.7,16.0,,False
41,ALL,Allstate Corporation (The),Financial Services,Insurance - Property & Casualt,Core,66.1,261.41,248.34,22.0,15.2,10.0,0.0,ok,0.0,financial_na,,,False,47.2,9.5,22.9,11.8,36.8,46.1,50.1,20.6,12.7,-0.269,0.342,NVDA,,126,15.2,14.0,,False
42,BX,Blackstone Inc.,Financial Services,Asset Management,Core,172.0,143.93,136.73,22.5,14.6,10.0,0.0,ok,0.0,financial_na,,,False,47.1,19.2,,28.6,100.0,31.4,63.0,11.0,-2.0,0.316,0.331,BMNR,,126,14.6,16.0,,False
43,ZTS,Zoetis Inc.,Healthcare,Drug Manufacturers - Specialty,Core,30.5,73.79,76.43,21.0,16.4,10.0,0.0,ok,-0.5,ok,1.86,,False,46.9,11.0,6.6,-0.2,71.7,64.9,43.3,-30.7,-55.4,0.063,0.164,GOOG,,126,16.4,17.0,,False
44,RTX,RTX Corporation,Industrials,Aerospace & Defense,Compounder,300.5,222.97,211.82,15.5,10.8,21.0,0.0,ok,-0.5,ok,1.92,,False,46.8,28.4,3.3,14.5,20.3,12.3,61.0,17.2,-2.1,-0.035,0.142,AVGO,,126,10.8,21.0,,False
45,CEG,Constellation Energy Corporati,Utilities,Utilities - Independent Power ,Compounder,100.1,282.5,268.38,12.5,15.8,21.0,0.0,ok,-2.5,ok,3.02,,False,46.8,21.2,-6.6,23.0,22.1,15.1,59.8,-6.5,-15.7,0.186,0.229,AVGO,,126,15.8,21.0,,False
46,PODD,Insulet Corporation,Healthcare,Medical Devices,Speculative,9.9,143.34,154.99,20.5,16.3,10.0,0.0,ok,0.0,ok,0.67,,False,46.8,18.6,2.4,23.5,71.1,26.0,34.1,-35.8,-54.8,0.046,0.191,GOOG,,126,16.3,17.0,,False
47,CDNS,"Cadence Design Systems, Inc.",Technology,Software - Application,Core,89.5,324.82,361.26,18.0,18.7,10.0,0.0,ok,0.0,ok,0.52,,False,46.7,34.1,1.8,24.2,85.9,23.2,37.9,-0.8,-5.4,0.471,0.386,BMNR,,126,18.7,17.0,,False
48,SNDK,Sandisk Corporation,Technology,Computer Hardware,Growth,239.6,1641.11,1655.63,22.5,14.0,10.0,0.0,ok,0.0,ok,-0.38,,False,46.5,6.2,3.2,371.6,71.5,91.6,62.5,81.7,148.0,0.37,0.423,AVGO,,126,14.0,15.0,,False
49,WRB,W.R. Berkley Corporation,Financial Services,Insurance - Property & Casualt,Core,26.2,70.51,70.82,20.0,16.5,10.0,0.0,ok,0.0,financial_na,,,False,46.5,14.6,11.6,1.2,43.8,20.2,21.7,1.5,-12.6,-0.292,0.307,AVGO,,126,16.5,15.0,,False
50,CSCO,"Cisco Systems, Inc.",Technology,Communication Equipment,Core,440.2,111.68,117.42,19.5,16.9,10.0,0.0,ok,0.0,ok,0.73,,False,46.4,20.6,2.6,17.6,64.6,27.3,45.7,21.8,32.2,0.226,0.34,AVGO,,126,16.9,15.0,,False
51,ULTA,"Ulta Beauty, Inc.",Consumer Cyclical,Specialty Retail,Core,22.0,510.75,485.85,21.0,15.8,10.0,0.0,ok,-0.5,ok,1.1,,False,46.3,16.0,4.4,11.1,43.2,47.4,59.6,-8.0,-39.2,0.16,0.171,MSFT,,126,15.8,12.0,,False
52,AON,Aon plc,Financial Services,Insurance Brokers,Core,75.5,355.83,348.12,20.0,16.3,10.0,0.0,ok,0.0,financial_na,,,False,46.3,16.7,4.2,2.2,48.2,44.7,40.1,5.7,-3.0,-0.184,0.381,AVGO,,126,16.3,15.0,,False
53,TRV,"The Travelers Companies, Inc.",Financial Services,Insurance - Property & Casualt,Core,77.2,370.36,351.84,20.0,16.3,10.0,0.0,ok,0.0,financial_na,,,False,46.3,12.3,19.1,0.3,34.7,26.5,33.0,21.4,12.5,-0.235,0.275,AVGO,,126,16.3,14.0,,False
54,CBOE,"Cboe Global Markets, Inc.",Financial Services,Financial Data & Stock Exchang,Core,30.9,296.14,281.33,20.5,15.7,10.0,0.0,ok,0.0,financial_na,,,False,46.2,19.4,2.2,22.9,54.1,26.3,53.9,5.3,-6.0,-0.12,0.206,AVGO,,126,15.7,15.0,,False
55,PEP,"Pepsico, Inc.",Consumer Defensive,Beverages - Non-Alcoholic,Core,192.3,140.79,140.16,20.0,17.6,10.0,0.0,ok,-1.5,ok,2.25,,False,46.1,15.7,4.1,6.4,54.2,51.5,53.6,-5.1,-28.3,-0.149,0.296,AVGO,,126,17.6,17.0,,False
56,TTD,"The Trade Desk, Inc.",Communication Services,Advertising Agencies,Speculative,6.6,14.14,18.15,19.5,16.4,10.0,0.0,ok,0.0,ok,-1.51,,False,45.9,14.2,8.8,3.0,76.9,15.4,33.4,-48.5,-59.1,0.192,0.282,MSFT,,126,16.4,15.0,,False
57,TLN,Talen Energy Corporation,Utilities,Utilities - Independent Power ,Growth,17.4,362.74,370.72,17.5,14.4,19.0,0.0,ok,-5.0,ok,16.05,,False,45.9,12.4,7.3,111.2,42.1,-12.8,56.1,-0.3,-17.6,0.354,0.363,AVGO,,126,14.4,19.0,,False
58,TPL,Texas Pacific Land Corporation,Energy,Oil & Gas E&P,Growth,24.7,358.52,389.6,18.0,17.9,10.0,0.0,ok,0.0,ok,-0.31,,False,45.9,4.9,-0.1,31.2,93.3,36.6,37.4,-7.5,-30.9,-0.038,0.078,MSFT,,126,17.9,14.0,,False
59,AXP,American Express Company,Financial Services,Credit Services,Core,231.3,342.48,340.0,21.5,14.4,10.0,0.0,ok,0.0,financial_na,,,False,45.9,17.0,,12.8,62.3,34.4,58.2,1.2,-12.1,0.389,0.388,BMNR,,126,14.4,18.0,,False
60,LULU,lululemon athletica inc.,Consumer Cyclical,Apparel Retail,Core,13.6,119.55,117.75,21.0,14.9,10.0,0.0,ok,0.0,ok,0.24,,False,45.9,10.6,8.4,4.3,55.7,32.0,53.5,-23.7,-46.1,0.353,0.357,MSFT,,126,14.9,12.0,,False
61,WDC,Western Digital Corporation,Technology,Computer Hardware,Growth,175.4,508.8,552.41,20.0,15.8,10.0,0.0,ok,0.0,ok,-0.11,,False,45.8,16.1,1.3,43.8,48.9,130.9,51.6,45.5,66.9,0.41,0.493,AVGO,,126,15.8,14.0,,False
62,BR,Broadridge Financial Solutions,Technology,Information Technology Service,Core,19.5,171.01,162.46,21.0,15.3,10.0,0.0,ok,-0.5,ok,1.72,,False,45.8,14.8,6.1,7.5,31.8,40.9,68.4,-4.8,-14.9,0.064,0.359,MSFT,,126,15.3,15.0,,False
63,LVS,Las Vegas Sands Corp.,Consumer Cyclical,Resorts & Casinos,Core,29.9,46.23,47.28,21.0,16.2,10.0,0.0,ok,-1.5,ok,2.57,,False,45.7,13.1,7.4,-0.7,79.3,122.9,40.3,-16.2,-32.5,0.295,0.347,MSFT,,126,16.2,13.0,,False
64,PG,Procter & Gamble Company (The),Consumer Defensive,Household & Personal Products,Core,336.0,144.55,147.84,18.5,17.6,10.0,0.0,ok,-0.5,ok,1.01,,False,45.6,19.5,4.0,1.5,50.9,30.3,36.6,-1.5,-22.9,-0.053,0.238,GOOG,,126,17.6,17.0,,False
65,V,Visa Inc.,Financial Services,Credit Services,Core,679.9,364.15,348.47,20.5,14.8,10.0,0.0,ok,0.0,financial_na,,,False,45.3,24.3,3.0,14.4,97.7,61.2,52.2,10.2,2.3,0.062,0.237,MSFT,,126,14.8,18.0,,False
66,MS,Morgan Stanley,Financial Services,Capital Markets,Core,341.7,217.36,216.58,20.0,15.2,10.0,0.0,ok,0.0,financial_na,,,False,45.2,15.9,,28.0,87.6,18.0,53.6,16.7,13.8,0.476,0.484,BMNR,,126,15.2,16.0,,False
67,ORCL,Oracle Corporation,Technology,Software - Infrastructure,Core,433.6,150.52,152.37,17.5,14.2,19.0,-2.0,ok,-3.5,ok,4.44,,False,45.2,13.8,-5.7,20.6,65.8,53.4,74.6,-14.3,-19.6,0.607,0.536,MSFT,,126,14.2,19.0,,False
68,MSCI,MSCI Inc.,Financial Services,Financial Data & Stock Exchang,Core,41.4,569.13,587.26,17.5,17.5,10.0,0.0,ok,0.0,financial_na,,,False,45.0,25.3,2.9,12.2,83.0,,48.4,-0.4,-5.3,0.185,0.356,MSFT,,126,17.5,16.0,,False
69,VRSK,"Verisk Analytics, Inc.",Industrials,Consulting Services,Core,23.6,181.67,187.86,18.0,18.4,10.0,0.0,ok,-1.5,ok,2.68,,False,44.9,20.9,4.5,4.4,70.2,,27.4,-7.5,-13.4,-0.155,0.292,NVDA,,126,18.4,18.0,,False
70,PLTR,Palantir Technologies Inc.,Technology,Software - Infrastructure,Growth,418.2,174.04,165.34,20.0,14.9,10.0,0.0,ok,0.0,ok,-3.45,,False,44.9,75.2,0.5,92.8,84.8,38.1,72.9,14.4,18.5,0.462,0.411,MSFT,,126,14.9,17.0,,False
71,ADP,"Automatic Data Processing, Inc",Technology,Software - Application,Core,108.4,272.96,259.31,20.0,14.7,10.0,0.0,ok,0.0,ok,0.2,,False,44.7,20.4,4.8,6.8,48.7,72.2,65.6,16.6,15.9,-0.044,0.298,MSFT,,126,14.7,16.0,,False
72,AOS,A.O. Smith Corporation,Industrials,Specialty Industrial Machinery,Speculative,8.4,62.17,60.53,18.0,16.7,10.0,0.0,ok,0.0,ok,0.63,,False,44.7,15.2,5.7,-0.7,38.6,27.1,49.1,-4.7,-35.4,0.097,0.22,NVDA,,124,16.7,14.0,,False
73,HIG,"The Hartford Insurance Group, ",Financial Services,Insurance - Diversified,Core,37.8,138.02,136.62,20.0,14.7,10.0,0.0,ok,0.0,financial_na,,,False,44.7,10.1,14.6,8.1,37.9,22.1,45.0,2.1,-15.8,-0.159,0.28,AVGO,,126,14.7,14.0,,False
74,GS,"Goldman Sachs Group, Inc. (The",Financial Services,Capital Markets,Growth,302.6,1039.42,1054.48,21.0,15.5,10.0,-2.0,ok,0.0,financial_na,,,False,44.5,14.0,,42.5,82.1,16.9,47.9,12.0,1.5,0.512,0.536,BMNR,,126,15.5,16.0,,False
75,CRM,"Salesforce, Inc.",Technology,Software - Application,Core,160.7,196.21,186.4,20.5,15.5,10.0,0.0,ok,-1.5,ok,2.38,,False,44.5,12.6,10.3,13.3,77.6,16.9,66.4,-2.8,-10.2,0.199,0.469,MSFT,,126,15.5,17.0,,False
76,MO,"Altria Group, Inc.",Consumer Defensive,Tobacco,Core,109.7,65.7,70.83,19.0,16.0,10.0,0.0,ok,-0.5,ok,1.41,,False,44.5,11.2,8.2,1.2,87.2,,28.4,1.2,-14.6,-0.439,0.435,MSFT,,126,16.0,18.0,,False
77,ROK,"Rockwell Automation, Inc.",Industrials,Specialty Industrial Machinery,Core,50.0,449.37,462.82,18.5,16.5,10.0,0.0,ok,-0.5,ok,1.5,,False,44.5,30.3,2.6,7.9,49.1,30.6,43.1,8.3,0.8,0.249,0.279,NVDA,,126,16.5,15.0,,False
78,TXN,Texas Instruments Incorporated,Technology,Semiconductors,Core,255.3,279.58,292.14,19.0,15.5,10.0,0.0,ok,0.0,ok,0.74,,False,44.5,26.9,1.4,22.8,58.3,35.2,50.1,21.2,10.4,0.234,0.385,AVGO,,126,15.5,14.0,,False
79,AIG,"American International Group, ",Financial Services,Insurance - Diversified,Core,40.1,76.64,77.49,17.0,17.4,10.0,0.0,ok,0.0,financial_na,,,False,44.4,8.7,18.4,0.5,35.1,7.2,37.6,-0.7,-15.4,-0.062,0.179,NVDA,,126,17.4,14.0,,False
80,ODFL,"Old Dominion Freight Line, Inc",Industrials,Trucking,Core,43.9,210.97,224.98,18.5,15.9,10.0,0.0,ok,0.0,ok,-0.15,,False,44.4,31.9,2.2,10.4,39.6,24.8,35.3,10.0,-4.5,0.097,0.146,BMNR,,126,15.9,14.0,,False
81,NOW,"ServiceNow, Inc.",Technology,Software - Application,Core,128.2,124.0,117.8,19.5,15.4,10.0,0.0,ok,-0.5,ok,1.31,,False,44.4,24.8,4.0,24.0,74.8,14.2,71.3,1.8,1.9,0.271,0.507,MSFT,,126,15.4,17.0,,False
82,WDAY,"Workday, Inc.",Technology,Software - Application,Core,49.1,198.68,188.75,20.5,13.8,10.0,0.0,ok,0.0,ok,-0.36,,False,44.3,15.7,6.4,13.5,75.8,10.9,74.0,22.1,23.7,0.142,0.423,MSFT,,126,13.8,17.0,,False
83,GWW,"W.W. Grainger, Inc.",Industrials,Industrial Distribution,Core,62.3,1322.64,1343.08,19.5,14.8,10.0,0.0,ok,0.0,ok,0.69,,False,44.3,25.9,2.0,10.3,39.4,46.1,32.7,15.2,3.2,0.035,0.201,GOOG,,126,14.8,14.0,,False
84,HSY,The Hershey Company,Consumer Defensive,Confectioners,Core,37.0,184.22,177.89,20.0,14.8,10.0,0.0,ok,-0.5,ok,1.89,,False,44.3,18.7,4.7,6.6,38.4,32.8,57.1,-3.1,-29.9,-0.21,0.324,AVGO,,126,14.8,16.0,,False
85,PATH,"UiPath, Inc.",Technology,Software - Infrastructure,Speculative,8.3,16.01,15.21,20.5,13.7,10.0,0.0,ok,0.0,ok,-9.9,,False,44.2,17.7,6.2,17.3,83.0,18.2,78.7,25.8,27.5,0.258,0.434,MSFT,,126,13.7,17.0,,False
86,FFIV,"F5, Inc.",Technology,Software - Infrastructure,Core,22.8,403.2,404.76,18.0,16.2,10.0,0.0,ok,0.0,ok,-1.47,,False,44.2,22.3,3.1,10.9,81.9,19.8,47.7,27.5,33.3,0.317,0.285,BMNR,,126,16.2,17.0,,False
87,UHS,"Universal Health Services, Inc",Healthcare,Medical Care Facilities,Core,10.0,170.02,161.52,19.0,15.6,10.0,0.0,ok,-0.5,ok,1.9,,False,44.1,7.0,5.0,8.3,44.6,20.9,63.0,-10.4,-41.4,-0.003,0.164,GOOG,,126,15.6,16.0,,False
88,BRK-B,Berkshire Hathaway Inc. New,Financial Services,Insurance - Diversified,Core,1079.0,504.03,499.03,18.5,15.6,10.0,0.0,ok,0.0,financial_na,,,False,44.1,22.9,6.7,10.0,30.3,12.1,54.9,2.5,-12.6,-0.022,0.156,NVDA,,126,15.6,14.0,,False
89,MPWR,"Monolithic Power Systems, Inc.",Technology,Semiconductors,Growth,68.9,1402.01,1400.04,19.0,15.1,10.0,0.0,ok,0.0,ok,-1.39,,False,44.1,40.3,0.6,47.6,55.2,22.0,55.3,14.3,6.0,0.449,0.53,AVGO,,126,15.1,14.0,,False
90,LLY,Eli Lilly and Company,Healthcare,Drug Manufacturers - General,Growth,1052.4,1180.16,1169.54,20.0,14.5,10.0,0.0,ok,-0.5,ok,1.1,,False,44.0,24.9,1.1,47.7,83.4,102.3,47.3,13.3,-0.2,-0.084,0.185,MSFT,,126,14.5,17.0,,False
91,ON,ON Semiconductor Corporation,Technology,Semiconductors,Core,32.2,82.66,96.95,16.0,18.0,10.0,0.0,ok,0.0,ok,0.4,,False,44.0,18.3,5.1,9.2,42.8,8.3,40.8,8.1,0.6,0.348,0.459,AVGO,,126,18.0,14.0,,False
92,INTU,Intuit Inc.,Technology,Software - Application,Core,94.6,345.66,328.38,21.0,13.0,10.0,0.0,ok,0.0,ok,0.02,,False,44.0,12.7,5.5,10.4,80.8,22.5,67.7,-23.0,-27.1,0.127,0.352,MSFT,,126,13.0,17.0,,False
93,BBY,"Best Buy Co., Inc.",Consumer Cyclical,Specialty Retail,Core,18.2,86.42,82.1,18.0,16.0,10.0,0.0,ok,0.0,ok,0.85,,False,44.0,12.2,6.3,1.9,22.5,39.1,45.2,22.9,19.4,0.061,0.092,BMNR,,126,16.0,11.0,,False
94,AJG,Arthur J. Gallagher & Co.,Financial Services,Insurance Brokers,Growth,64.4,251.21,239.95,16.5,17.5,10.0,0.0,ok,0.0,financial_na,,,False,44.0,16.9,3.2,30.9,43.2,6.7,48.1,7.8,7.0,-0.198,0.318,AVGO,,126,17.5,15.0,,False
95,AMAT,"Applied Materials, Inc.",Technology,Semiconductor Equipment & Mate,Core,402.7,507.18,558.89,18.0,15.9,10.0,0.0,ok,0.0,ok,-0.1,,False,43.9,28.3,0.8,11.4,49.0,39.7,48.4,30.5,29.2,0.401,0.519,AVGO,,126,15.9,14.0,,False
96,VLTO,Veralto Corp,Industrials,Pollution & Treatment Controls,Core,23.8,97.68,92.8,19.5,14.9,10.0,0.0,ok,-0.5,ok,1.06,,False,43.9,20.5,3.4,7.5,60.2,34.3,59.6,4.6,-8.2,-0.047,0.114,AVGO,,126,14.9,16.0,,False
97,CHRW,"C.H. Robinson Worldwide, Inc.",Industrials,Integrated Freight & Logistics,Core,17.4,148.57,180.1,16.5,17.9,10.0,0.0,ok,-0.5,ok,1.95,,False,43.9,19.8,2.8,19.3,8.4,37.1,30.3,-13.9,-29.2,-0.07,0.199,MSFT,,126,17.9,14.0,,False
98,MAS,Masco Corporation,Industrials,Building Products & Equipment,Core,14.7,74.33,76.24,20.0,14.4,10.0,0.0,ok,-0.5,ok,1.95,,False,43.9,15.9,6.1,-2.9,37.2,5862.5,37.0,8.1,-15.9,0.263,0.269,BMNR,,126,14.4,14.0,,False
99,PYPL,"PayPal Holdings, Inc.",Financial Services,Credit Services,Core,52.7,61.66,58.58,20.0,13.9,10.0,0.0,ok,0.0,financial_na,,,False,43.9,10.6,8.4,4.8,40.5,24.5,76.2,19.6,39.6,0.213,0.295,MSFT,,126,13.9,17.0,,False
100,NWSA,News Corporation,Communication Services,Entertainment,Core,15.8,29.16,27.7,18.0,15.8,10.0,0.0,ok,0.0,ok,0.61,,False,43.8,19.4,6.6,10.8,57.2,8.0,63.9,12.8,15.0,0.061,0.191,GOOG,,126,15.8,14.0,,False
101,FSLR,"First Solar, Inc.",Technology,Solar,Core,24.2,225.56,235.83,18.5,15.3,10.0,0.0,ok,0.0,ok,-0.64,,False,43.8,9.7,6.6,-3.7,44.0,18.5,59.6,-3.8,-13.9,0.362,0.352,AVGO,,126,15.3,14.0,,False
102,NVR,"NVR, Inc.",Consumer Cyclical,Residential Construction,Core,16.9,6307.93,6432.62,16.5,17.3,10.0,0.0,ok,0.0,ok,-0.0,,False,43.8,15.3,5.4,-10.9,21.8,31.5,49.9,-8.3,-29.9,0.017,0.171,GOOG,,126,17.3,11.0,,False
103,ETN,"Eaton Corporation, PLC",Industrials,Specialty Industrial Machinery,Core,175.4,451.51,428.93,15.5,11.7,19.0,0.0,ok,-2.5,ok,3.11,,False,43.7,28.2,1.8,21.4,36.0,19.7,67.5,19.8,2.8,0.401,0.467,AVGO,,126,11.7,19.0,,False
104,EFX,"Equifax, Inc.",Industrials,Consulting Services,Core,21.2,180.85,171.81,18.5,16.7,10.0,0.0,ok,-1.5,ok,2.75,,False,43.7,17.8,4.5,10.6,55.5,14.3,53.5,-4.4,-19.8,0.036,0.22,MSFT,,126,16.7,17.0,,False
105,APA,APA Corporation,Energy,Oil & Gas E&P,Cyclical,14.2,40.47,38.45,21.0,12.7,10.0,0.0,ok,0.0,ok,0.6,,False,43.7,9.7,15.1,9.2,78.3,26.7,70.6,26.8,32.0,-0.339,0.327,NVDA,,126,12.7,14.0,,False
106,UPS,"United Parcel Service, Inc.",Industrials,Integrated Freight & Logistics,Core,88.9,104.5,108.93,18.5,15.7,10.0,0.0,ok,-0.5,ok,2.0,,False,43.7,12.9,6.3,7.6,22.4,29.6,33.7,2.0,-23.5,0.131,0.166,GOOG,,126,15.7,14.0,,False
107,PTC,PTC Inc.,Technology,Software - Application,Core,16.2,149.75,142.26,21.0,12.7,10.0,0.0,ok,0.0,ok,0.98,,False,43.7,16.8,6.3,-6.8,84.5,35.1,78.3,-1.0,-18.4,0.168,0.45,MSFT,,126,12.7,17.0,,False
108,CRH,CRH PLC,Basic Materials,Building Materials,Cyclical,64.6,97.15,103.77,16.0,19.2,10.0,0.0,ok,-1.5,ok,2.17,,False,43.7,14.7,3.1,5.6,36.2,15.8,38.1,-13.7,-36.2,0.233,0.313,GOOG,,126,19.2,11.0,,False
109,CSX,CSX Corporation,Industrials,Railroads,Core,92.9,50.16,48.99,19.5,15.6,10.0,0.0,ok,-1.5,ok,2.64,,False,43.6,22.1,2.1,10.1,47.1,24.4,33.9,19.6,9.2,-0.038,0.2,MSFT,,126,15.6,15.0,,False
110,MU,"Micron Technology, Inc.",Technology,Semiconductors,Growth,1097.4,971.66,960.72,20.0,13.6,10.0,0.0,ok,0.0,ok,-0.29,,False,43.6,6.3,0.7,345.7,72.6,66.6,56.4,75.9,122.2,0.405,0.501,AVGO,,126,13.6,15.0,,False
111,ALAB,"Astera Labs, Inc.",Technology,Semiconductors,Growth,55.8,321.61,355.04,19.0,14.6,10.0,0.0,ok,0.0,ok,-4.23,,False,43.6,50.3,0.2,104.5,75.1,25.8,58.2,49.0,134.8,0.458,0.546,AVGO,,126,14.6,15.0,,False
112,ROST,"Ross Stores, Inc.",Consumer Cyclical,Apparel Retail,Core,78.7,245.36,234.03,19.0,14.6,10.0,0.0,ok,0.0,ok,0.17,,False,43.6,28.7,2.6,20.6,32.7,39.0,53.4,18.6,11.2,0.143,0.163,BMNR,,126,14.6,11.0,,False
113,CRDO,Credo Technology Group Holding,Technology,Semiconductors,Growth,48.5,259.9,246.9,20.0,13.5,10.0,0.0,ok,0.0,ok,-2.96,,False,43.5,28.6,0.5,157.0,68.0,34.4,64.7,51.9,100.1,0.399,0.493,AVGO,,126,13.5,15.0,,False
114,MA,Mastercard Incorporated,Financial Services,Credit Services,Core,498.7,569.29,540.83,20.5,13.0,10.0,0.0,ok,0.0,financial_na,,,False,43.5,24.7,3.4,14.1,100.0,241.2,63.6,8.0,-3.9,0.16,0.442,MSFT,,126,13.0,18.0,,False
115,EXPE,"Expedia Group, Inc.",Consumer Cyclical,Travel Services,Core,39.9,332.69,316.06,23.0,10.5,10.0,0.0,ok,0.0,ok,-0.5,,False,43.5,13.8,8.6,14.0,90.4,89.5,76.3,31.8,42.9,0.163,0.207,MSFT,,126,10.5,15.0,,False
116,EQT,EQT Corporation,Energy,Oil & Gas E&P,Cyclical,34.0,54.42,51.97,18.5,15.0,10.0,0.0,ok,0.0,ok,0.79,,False,43.5,13.7,7.2,-3.9,80.7,11.1,64.4,-3.1,-20.7,-0.057,0.101,AVGO,,126,15.0,14.0,,False
117,JKHY,"Jack Henry & Associates, Inc.",Technology,Information Technology Service,Core,10.9,153.31,145.64,17.5,16.0,10.0,0.0,ok,0.0,ok,0.16,,False,43.5,21.6,3.4,8.7,44.1,24.9,50.5,-3.6,-15.7,-0.02,0.274,MSFT,,126,16.0,16.0,,False
118,APO,"Apollo Global Management, Inc.",Financial Services,Asset Management,Growth,83.1,140.76,133.72,20.0,13.5,10.0,0.0,ok,0.0,financial_na,,,False,43.5,13.1,,63.8,36.1,11.4,67.6,10.7,-0.9,0.324,0.284,GOOG,,126,13.5,14.0,,False
119,TJX,"TJX Companies, Inc. (The)",Consumer Cyclical,Apparel Retail,Core,168.0,152.11,157.7,17.0,16.4,10.0,0.0,ok,0.0,ok,0.97,,False,43.4,26.4,2.6,9.2,31.4,61.3,42.0,-1.6,-15.1,-0.017,0.083,AVGO,,126,16.4,11.0,,False
120,SYF,Synchrony Financial,Financial Services,Credit Services,Core,26.4,81.0,76.95,19.5,13.9,10.0,0.0,ok,0.0,financial_na,,,False,43.4,7.7,,0.6,0.0,20.8,69.1,8.9,0.0,0.354,0.356,BMNR,,126,13.9,16.0,,False
121,CB,Chubb Limited,Financial Services,Insurance - Property & Casualt,Core,132.6,343.64,343.46,18.5,14.9,10.0,0.0,ok,0.0,financial_na,,,False,43.4,11.8,7.9,6.1,31.1,14.8,30.6,6.8,-7.8,-0.37,0.393,AVGO,,126,14.9,14.0,,False
122,KLAC,KLA Corporation,Technology,Semiconductor Equipment & Mate,Core,266.2,203.72,453.19,18.0,15.4,10.0,0.0,ok,0.0,ok,0.21,,False,43.4,31.0,1.0,15.2,61.3,87.5,50.2,-83.4,-99.9,0.187,0.265,AVGO,,126,15.4,15.0,,False
123,FIX,"Comfort Systems USA, Inc.",Industrials,Engineering & Construction,Core,62.4,1774.06,1794.49,17.0,16.4,10.0,0.0,ok,0.0,ok,0.12,,False,43.4,29.5,3.0,1.0,25.7,55.3,53.2,23.1,18.8,0.418,0.434,BMNR,,126,16.4,14.0,,False
124,IBM,International Business Machine,Technology,Information Technology Service,Core,220.8,234.32,252.34,20.0,15.8,10.0,0.0,ok,-2.5,ok,3.47,,False,43.3,17.8,5.5,1.1,58.1,34.5,69.2,-11.9,-23.9,0.147,0.346,MSFT,,126,15.8,16.0,,False
125,CL,Colgate-Palmolive Company,Consumer Defensive,Household & Personal Products,Core,73.3,91.95,91.46,21.0,12.8,10.0,0.0,ok,-0.5,ok,1.29,,False,43.3,22.4,4.7,4.9,60.4,267.4,49.9,6.6,-18.2,-0.106,0.246,AVGO,,126,12.8,18.0,,False
126,CMG,"Chipotle Mexican Grill, Inc.",Consumer Cyclical,Restaurants,Core,42.4,33.5,33.17,18.5,16.3,10.0,0.0,ok,-1.5,ok,2.08,,False,43.3,24.5,2.6,9.3,39.4,49.6,51.0,-3.0,-21.6,0.198,0.359,MSFT,,126,16.3,11.0,,False
127,CVX,Chevron Corporation,Energy,Oil & Gas Integrated,Growth,392.3,200.0,190.0,20.5,12.8,10.0,0.0,ok,0.0,ok,0.56,,False,43.3,15.3,5.6,53.5,44.3,12.2,62.2,13.2,-4.0,-0.331,0.337,NVDA,,126,12.8,13.0,,False
128,BMY,Bristol-Myers Squibb Company,Healthcare,Drug Manufacturers - General,Core,130.4,63.83,60.64,22.0,11.8,10.0,0.0,ok,-0.5,ok,1.8,,False,43.3,9.7,6.2,5.7,71.7,46.6,55.8,13.6,-7.7,-0.017,0.215,AVGO,,126,11.8,17.0,,False
129,FANG,"Diamondback Energy, Inc.",Energy,Oil & Gas E&P,Growth,56.7,202.47,192.35,21.0,12.7,10.0,0.0,ok,-0.5,ok,1.03,,False,43.2,11.3,8.9,52.5,72.4,3.5,55.7,15.5,7.2,-0.227,0.269,GOOG,,126,12.7,14.0,,False
130,GL,Globe Life Inc.,Financial Services,Insurance - Life,Core,14.1,181.0,176.37,20.0,13.2,10.0,0.0,ok,0.0,financial_na,,,False,43.2,11.0,8.3,8.0,33.9,20.9,63.4,20.2,11.9,0.17,0.25,GOOG,,126,13.2,14.0,,False
131,KR,Kroger Company (The),Consumer Defensive,Grocery Stores,Core,34.7,56.69,58.83,15.5,19.2,10.0,0.0,ok,-1.5,ok,2.64,,False,43.2,10.2,8.6,2.2,24.0,13.8,43.3,-11.7,-33.9,-0.341,0.365,AVGO,,126,19.2,16.0,,False
132,TYL,"Tyler Technologies, Inc.",Technology,Software - Application,Core,13.5,328.64,312.21,16.0,17.7,10.0,0.0,ok,-0.5,ok,1.06,,False,43.2,21.4,4.4,8.2,47.2,9.7,56.8,-10.2,-5.8,-0.087,0.304,NVDA,,126,17.7,16.0,,False
133,ROP,"Roper Technologies, Inc.",Technology,Software - Application,Core,39.5,399.34,379.37,18.5,17.2,10.0,0.0,ok,-2.5,ok,3.38,,False,43.2,16.4,5.7,8.5,69.5,13.1,65.3,5.7,10.7,-0.086,0.259,NVDA,,126,17.2,17.0,,False
134,FIS,Fidelity National Information ,Technology,Information Technology Service,Core,22.1,42.92,41.29,22.0,14.7,10.0,0.0,ok,-3.5,ok,5.82,,False,43.2,6.4,12.0,29.1,35.8,22.3,49.0,-15.9,-21.4,0.057,0.334,MSFT,,126,14.7,15.0,,False
135,UNP,Union Pacific Corporation,Industrials,Railroads,Core,174.5,293.68,282.84,20.5,14.1,10.0,0.0,ok,-1.5,ok,2.26,,False,43.1,20.7,2.7,11.5,56.3,39.7,41.3,15.8,-0.6,-0.168,0.19,MSFT,,126,14.1,15.0,,False
136,RMD,ResMed Inc.,Healthcare,Medical Instruments & Supplies,Core,32.6,224.46,213.24,18.5,14.6,10.0,0.0,ok,0.0,ok,-0.3,,False,43.1,17.0,2.9,8.6,61.6,24.3,67.4,-2.0,-24.7,0.014,0.29,GOOG,,126,14.6,17.0,,False
137,STX,Seagate Technology Holdings PL,Technology,Computer Hardware,Growth,220.6,973.44,924.77,20.0,13.1,10.0,0.0,ok,0.0,ok,0.49,,False,43.1,17.6,0.9,48.5,45.6,371.5,66.8,77.1,115.0,0.362,0.438,AVGO,,126,13.1,14.0,,False
138,TEL,TE Connectivity plc,Technology,Electronic Components,Core,62.6,216.23,206.97,18.5,14.6,10.0,0.0,ok,0.0,ok,0.92,,False,43.1,16.8,3.7,13.8,36.1,23.3,59.4,-1.2,-22.1,0.297,0.287,BMNR,,126,14.6,13.0,,False
139,CPRT,"Copart, Inc.",Industrials,Specialty Business Services,Core,29.3,31.61,30.03,17.0,16.0,10.0,0.0,ok,0.0,ok,-2.09,,False,43.0,18.8,3.4,2.1,47.5,17.6,62.1,-10.0,-29.6,-0.047,0.258,AVGO,,126,16.0,17.0,,False
140,LRCX,Lam Research Corporation,Technology,Semiconductor Equipment & Mate,Core,415.9,332.36,337.47,19.0,14.0,10.0,0.0,ok,0.0,ok,-0.17,,False,43.0,28.8,0.7,30.0,50.5,65.1,61.9,33.2,27.4,0.477,0.554,AVGO,,126,14.0,14.0,,False
141,NKE,"Nike, Inc.",Consumer Cyclical,Footwear & Accessories,Core,60.4,40.73,42.84,16.5,16.5,10.0,0.0,ok,0.0,ok,0.41,,False,43.0,17.7,3.1,-1.1,43.2,22.1,42.6,-23.1,-48.9,0.187,0.19,MSFT,,126,16.5,12.0,,False
142,MPC,Marathon Petroleum Corporation,Energy,Oil & Gas Refining & Marketing,Growth,99.8,355.42,337.65,21.0,12.5,10.0,0.0,ok,-0.5,ok,1.72,,False,43.0,10.8,9.3,53.7,12.8,42.1,69.9,55.8,61.8,-0.128,0.213,GOOG,,126,12.5,12.0,,False
143,ICE,Intercontinental Exchange Inc.,Financial Services,Financial Data & Stock Exchang,Core,86.9,154.73,146.99,18.5,14.5,10.0,0.0,ok,0.0,financial_na,,,False,43.0,17.5,4.2,4.8,100.0,14.1,64.1,0.4,-12.0,0.152,0.283,MSFT,,126,14.5,16.0,,False
144,XYL,Xylem Inc.,Industrials,Specialty Industrial Machinery,Core,27.9,119.68,117.26,16.0,17.0,10.0,0.0,ok,0.0,ok,0.9,,False,43.0,19.3,4.2,1.5,39.2,9.2,49.1,-5.6,-20.1,0.076,0.213,GOOG,,126,17.0,14.0,,False
145,AFL,AFLAC Incorporated,Financial Services,Insurance - Life,Core,60.9,121.45,121.34,17.5,15.4,10.0,0.0,ok,0.0,financial_na,,,False,42.9,16.0,8.5,-1.0,50.9,16.9,33.8,6.7,-7.6,-0.195,0.314,AVGO,,126,15.4,15.0,,False
146,ARM,Arm Holdings plc,Technology,Semiconductors,Core,298.4,279.44,311.3,16.5,16.4,10.0,0.0,ok,0.0,ok,-3.2,,False,42.9,91.4,0.4,22.4,97.5,13.4,54.4,43.3,109.2,0.471,0.506,AVGO,,126,16.4,15.0,,False
147,JNJ,Johnson & Johnson,Healthcare,Drug Manufacturers - General,Core,627.4,260.35,251.31,18.5,14.4,10.0,0.0,ok,0.0,ok,0.81,,False,42.9,21.2,2.7,6.6,68.1,25.7,40.3,13.6,-6.4,-0.351,0.364,AVGO,,126,14.4,17.0,,False
148,ACGL,Arch Capital Group Ltd.,Financial Services,Insurance - Diversified,Core,33.7,98.71,97.85,16.5,16.3,10.0,0.0,ok,0.0,financial_na,,,False,42.8,10.1,12.8,-10.5,38.8,19.9,32.6,3.6,-13.6,-0.277,0.397,AVGO,,126,16.3,14.0,,False
149,TT,Trane Technologies plc,Industrials,Building Products & Equipment,Core,105.7,480.2,474.1,19.5,13.3,10.0,0.0,ok,0.0,ok,0.77,,False,42.8,27.5,3.0,10.6,35.4,36.6,48.6,8.6,-10.4,0.263,0.396,NVDA,,126,13.3,14.0,,False
150,KMB,Kimberly-Clark Corporation,Consumer Defensive,Household & Personal Products,Core,36.7,110.39,107.62,18.5,14.8,10.0,0.0,ok,-0.5,ok,1.6,,False,42.8,14.7,2.6,0.6,37.6,104.9,47.6,7.8,-11.7,-0.094,0.174,AVGO,,126,14.8,16.0,,False
151,HAS,"Hasbro, Inc.",Consumer Cyclical,Leisure,Core,13.6,96.7,91.86,22.0,11.2,10.0,0.0,ok,-0.5,ok,1.92,,False,42.7,14.8,5.0,16.2,63.8,159.6,64.6,9.8,-18.9,0.13,0.162,GOOG,,126,11.2,13.0,,False
152,RL,Ralph Lauren Corporation,Consumer Cyclical,Apparel Manufacturing,Core,23.2,388.92,389.9,20.5,12.2,10.0,0.0,ok,0.0,ok,0.67,,False,42.7,18.6,3.8,14.0,70.3,37.5,56.1,7.2,-8.3,0.29,0.296,BMNR,,126,12.2,13.0,,False
153,HON,Honeywell International Inc.,Industrials,Conglomerates,Core,74.2,233.96,234.91,18.5,16.7,10.0,0.0,ok,-2.5,ok,3.03,,False,42.7,23.4,3.5,4.3,36.5,46.6,38.5,6.3,-15.9,0.036,0.209,MSFT,,126,16.7,14.0,,False
154,MRSH,Marsh,Financial Services,Insurance Brokers,Core,89.6,187.82,178.43,19.0,13.7,10.0,0.0,ok,0.0,financial_na,,,False,42.7,16.5,5.3,6.2,44.0,25.9,56.5,6.5,-5.4,-0.18,0.387,AVGO,,126,13.7,15.0,,False
155,SPG,"Simon Property Group, Inc.",Real Estate,REIT - Retail,Core,83.4,219.58,221.93,20.5,15.6,10.0,0.0,ok,-3.5,ok,5.54,,False,42.6,32.7,3.1,19.5,81.4,120.5,28.6,11.0,-1.0,-0.078,0.168,GOOG,,126,15.6,17.0,,False
156,NWS,News Corporation,Communication Services,Entertainment,Core,17.9,33.17,31.51,17.0,15.6,10.0,0.0,ok,0.0,ok,0.61,,False,42.6,22.1,5.8,10.8,57.2,8.0,64.4,12.5,14.2,0.059,0.21,GOOG,,126,15.6,14.0,,False
157,IBKR,"Interactive Brokers Group, Inc",Financial Services,Capital Markets,Core,156.9,92.06,91.23,20.0,14.6,10.0,-2.0,ok,0.0,financial_na,,,False,42.6,28.9,,26.3,93.0,24.0,49.6,19.5,9.4,0.601,0.573,BMNR,,126,14.6,16.0,,False
158,NDAQ,"Nasdaq, Inc.",Financial Services,Financial Data & Stock Exchang,Core,54.2,97.02,92.17,18.0,14.6,10.0,0.0,ok,0.0,financial_na,,,False,42.6,20.8,3.1,14.9,100.0,16.5,64.9,8.6,8.6,0.223,0.403,MSFT,,126,14.6,16.0,,False
159,GEN,Gen Digital Inc.,Technology,Software - Infrastructure,Core,17.0,28.48,27.06,22.0,13.0,10.0,0.0,ok,-2.5,ok,3.17,,False,42.5,8.6,9.1,6.3,78.0,41.9,63.3,17.6,6.8,0.33,0.399,MSFT,,126,13.0,17.0,,False
160,SNPS,"Synopsys, Inc.",Technology,Software - Infrastructure,Growth,80.7,421.5,426.97,20.0,16.0,10.0,0.0,ok,-3.5,ok,4.93,,False,42.5,24.4,4.4,41.9,82.6,3.8,69.5,-5.8,-17.5,0.43,0.347,NVDA,,126,16.0,17.0,,False
161,UNH,UnitedHealth Group Incorporate,Healthcare,Healthcare Plans,Core,360.6,401.73,415.19,15.5,17.5,10.0,0.0,ok,-0.5,ok,1.57,,False,42.5,17.9,6.7,0.4,19.7,14.2,39.3,16.3,24.2,0.086,0.128,BMNR,,126,17.5,15.0,,False
162,EXE,Expand Energy Corporation,Energy,Oil & Gas E&P,Cyclical,21.9,94.78,90.4,16.5,15.9,10.0,0.0,ok,0.0,ok,0.46,,False,42.4,10.6,6.7,-10.6,47.1,14.9,59.2,-6.5,-21.7,-0.053,0.12,AVGO,,126,15.9,13.0,,False
163,DASH,"DoorDash, Inc.",Consumer Cyclical,Internet Retail,Growth,94.6,217.02,206.17,18.0,14.4,10.0,0.0,ok,0.0,ok,-1.42,,False,42.4,27.3,5.4,35.6,52.2,8.9,81.3,15.2,21.5,0.428,0.471,MSFT,,126,14.4,12.0,,False
164,LHX,"L3Harris Technologies, Inc.",Industrials,Aerospace & Defense,Growth,54.3,291.82,293.36,16.5,18.4,10.0,0.0,ok,-2.5,ok,3.23,,False,42.4,21.7,,190.0,30.4,,42.0,-7.5,-29.1,-0.154,0.209,MSFT,,126,18.4,14.0,,False
165,MGM,MGM Resorts International,Consumer Cyclical,Resorts & Casinos,Core,11.3,44.1,46.4,18.5,18.9,10.0,0.0,ok,-5.0,ok,12.25,,False,42.4,21.3,7.8,1.0,44.2,18.9,33.8,13.6,15.3,0.211,0.233,MSFT,,126,18.9,12.0,,False
166,VRSN,"VeriSign, Inc.",Technology,Software - Infrastructure,Core,25.7,284.24,274.62,16.5,16.3,10.0,0.0,ok,-0.5,ok,1.1,,False,42.3,25.9,3.2,6.0,88.5,,57.8,10.1,16.4,-0.036,0.167,BMNR,,126,16.3,17.0,,False
167,DOC,"Healthpeak Properties, Inc.",Real Estate,REIT - Healthcare Facilities,Core,14.7,20.79,21.3,18.0,17.8,10.0,0.0,ok,-3.5,ok,5.53,,False,42.3,,11.2,11.1,57.6,3.0,27.8,14.9,12.8,0.02,0.148,NVDA,,126,17.8,16.0,,False
168,GOOGL,Alphabet Inc.,Communication Services,Internet Content & Information,Core,4230.3,345.9,353.89,19.0,15.3,10.0,-2.0,ok,0.0,ok,-0.7,,False,42.3,23.5,0.5,24.2,60.9,48.7,59.6,4.4,-0.7,0.561,0.995,GOOG,,126,15.3,15.0,,False
169,KLIC,"Kulicke and Soffa Industries, ",Technology,Semiconductor Equipment & Mate,Growth,5.2,99.09,106.63,16.5,15.8,10.0,0.0,ok,0.0,ok,-2.49,,False,42.3,16.8,1.1,122.6,52.6,13.2,50.9,31.3,24.9,0.39,0.456,NVDA,,126,15.8,14.0,,False
170,ESTC,Elastic N.V.,Technology,Software - Application,Speculative,9.0,86.68,82.35,21.0,11.3,10.0,0.0,ok,0.0,neg_ebitda_low_debt,,,False,42.3,22.4,5.1,16.0,76.2,33.4,94.6,35.5,26.9,0.343,0.49,MSFT,,126,11.3,17.0,,False
171,TRMB,Trimble Inc.,Technology,Scientific & Technical Instrum,Core,13.4,57.6,54.72,17.0,15.7,10.0,0.0,ok,-0.5,ok,1.41,,False,42.2,14.0,5.1,11.0,71.8,-1.9,56.4,-13.1,-27.1,0.338,0.344,MSFT,,126,15.7,15.0,,False
172,CPAY,"Corpay, Inc.",Technology,Software - Infrastructure,Core,27.4,417.6,396.72,23.0,10.7,10.0,0.0,ok,-1.5,ok,2.7,,False,42.2,13.4,7.1,21.5,80.5,29.2,71.2,27.8,10.0,0.207,0.244,MSFT,,126,10.7,17.0,,False
173,TMUS,"T-Mobile US, Inc.",Communication Services,Telecom Services,Core,195.9,182.61,181.51,18.5,16.2,10.0,0.0,ok,-2.5,ok,3.42,,False,42.2,12.6,5.8,7.9,63.1,18.0,56.4,-6.9,-30.3,-0.145,0.208,NVDA,,126,16.2,17.0,,False
174,PPG,"PPG Industries, Inc.",Basic Materials,Specialty Chemicals,Cyclical,25.4,114.11,117.22,17.5,16.1,10.0,0.0,ok,-1.5,ok,2.17,,False,42.1,13.1,4.4,7.2,41.2,19.3,42.7,4.2,-25.9,0.276,0.315,BMNR,,126,16.1,12.0,,False
175,AMP,"Ameriprise Financial, Inc.",Financial Services,Asset Management,Core,50.3,569.54,541.06,22.0,10.1,10.0,0.0,ok,0.0,financial_na,,,False,42.1,11.0,5.8,11.6,54.9,63.4,74.4,19.0,6.8,0.273,0.287,MSFT,,126,10.1,15.0,,False
176,FISV,"Fiserv, Inc.",,,Core,28.9,54.39,51.68,15.5,16.6,10.0,0.0,ok,,unavailable,,,False,42.1,6.6,,,,,56.1,-9.1,-22.3,0.104,0.295,MSFT,,126,16.6,12.5,,False
177,MMM,3M Company,Industrials,Conglomerates,Core,94.2,182.65,173.52,21.0,11.5,10.0,0.0,ok,-0.5,ok,1.21,,False,42.0,18.7,6.7,2.5,39.4,81.9,59.2,14.3,-7.6,0.089,0.237,GOOG,,126,11.5,14.0,,False
178,VEEV,Veeva Systems Inc.,Healthcare,Health Information Services,Core,39.6,243.75,231.56,18.0,14.0,10.0,0.0,ok,0.0,ok,-7.03,,False,42.0,24.3,3.2,16.3,75.0,13.9,80.9,21.4,26.1,0.219,0.445,MSFT,,126,14.0,19.0,,False
179,SYK,Stryker Corporation,Healthcare,Medical Devices,Core,130.1,339.21,324.02,17.0,15.4,10.0,0.0,ok,-0.5,ok,1.62,,False,41.9,20.2,3.2,9.4,65.6,16.5,51.5,-0.4,-21.0,-0.072,0.224,AVGO,,126,15.4,17.0,,False
180,PAYX,"Paychex, Inc.",Technology,Software - Application,Core,43.4,122.02,115.92,18.5,14.9,10.0,0.0,ok,-1.5,ok,2.17,,False,41.9,19.1,,12.5,67.2,,61.8,19.6,17.1,-0.037,0.294,MSFT,,126,14.9,17.0,,False
181,ACN,Accenture plc,Technology,Information Technology Service,Core,108.2,176.89,168.05,18.5,13.4,10.0,0.0,ok,0.0,ok,-0.14,,False,41.9,12.1,11.2,5.6,32.0,24.4,73.1,-14.3,-34.3,-0.03,0.273,MSFT,,126,13.4,15.0,,False
182,FTNT,"Fortinet, Inc.",Technology,Software - Infrastructure,Core,117.4,160.01,154.92,19.0,12.9,10.0,0.0,ok,0.0,ok,-1.35,,False,41.9,42.6,1.9,25.6,80.2,117.4,58.1,53.2,73.1,0.279,0.31,MSFT,,126,12.9,17.0,,False
183,GPN,Global Payments Inc.,Industrials,Specialty Business Services,Growth,24.6,93.05,88.4,21.0,14.3,10.0,0.0,ok,-3.5,ok,4.05,,False,41.8,5.8,,68.6,64.0,2.4,67.2,25.0,22.4,0.256,0.272,MSFT,,126,14.3,18.0,fcf_yield_out_of_range(32.0),False
184,HD,"Home Depot, Inc. (The)",Consumer Cyclical,Home Improvement Retail,Core,337.9,338.86,337.7,17.0,16.3,10.0,0.0,ok,-1.5,ok,2.49,,False,41.8,21.0,3.0,4.8,33.1,128.4,51.8,-2.0,-26.7,0.146,0.274,GOOG,,126,16.3,11.0,,False
185,L,Loews Corporation,Financial Services,Insurance - Property & Casualt,Core,23.1,113.03,113.11,16.0,15.8,10.0,0.0,ok,0.0,financial_na,,,False,41.8,39.0,5.5,3.9,36.3,9.3,18.7,4.5,-9.9,-0.153,0.201,AVGO,,126,15.8,14.0,,False
186,MCD,McDonald's Corporation,Consumer Cyclical,Restaurants,Core,193.1,272.83,273.63,16.5,17.8,10.0,0.0,ok,-2.5,ok,3.6,,False,41.8,19.5,3.2,3.7,57.4,,53.2,-8.4,-30.1,-0.058,0.194,NVDA,,126,17.8,12.0,,False
187,OMC,Omnicom Group Inc.,Communication Services,Advertising Agencies,Growth,24.0,87.57,83.19,18.5,14.8,10.0,0.0,ok,-1.5,ok,2.2,,False,41.8,7.3,17.7,63.4,19.0,6.1,60.7,14.3,14.3,0.05,0.128,BMNR,,126,14.8,13.0,,False
188,POOL,Pool Corporation,Industrials,Industrial Distribution,Speculative,7.1,194.84,199.49,17.0,16.3,10.0,0.0,ok,-1.5,ok,2.58,,False,41.8,16.5,3.0,2.2,29.6,31.3,57.9,-11.0,-39.6,0.104,0.173,GOOG,,126,16.3,14.0,,False
189,ALB,Albemarle Corporation,Basic Materials,Specialty Chemicals,Growth,16.1,136.15,134.59,19.0,12.8,10.0,0.0,ok,0.0,ok,0.25,,False,41.8,11.8,8.3,31.1,24.0,2.6,77.8,-11.5,-31.8,0.252,0.257,BMNR,,126,12.8,11.0,,False
190,BKNG,Booking Holdings Inc. Common S,Consumer Cyclical,Travel Services,Core,159.3,212.06,201.46,18.0,13.7,10.0,0.0,ok,0.0,ok,0.36,,False,41.7,17.1,4.8,8.1,87.2,,75.6,14.5,14.4,0.162,0.184,MSFT,,126,13.7,15.0,,False
191,ARES,Ares Management Corporation,Financial Services,Asset Management,Core,47.5,144.02,136.82,17.5,14.1,10.0,0.0,ok,0.0,financial_na,,,False,41.6,20.0,4.5,5.8,37.4,14.9,66.8,8.4,-4.9,0.377,0.318,BMNR,,126,14.1,14.0,,False
192,RJF,"Raymond James Financial, Inc.",Financial Services,Asset Management,Core,34.7,180.81,171.77,19.0,12.6,10.0,0.0,ok,0.0,financial_na,,,False,41.6,12.7,,15.1,93.2,18.4,66.4,14.0,0.5,0.3,0.282,GOOG,,126,12.6,16.0,,False
193,CTVA,"Corteva, Inc.",Basic Materials,Agricultural Inputs,Cyclical,51.2,76.68,81.58,15.0,16.6,10.0,0.0,ok,0.0,ok,0.59,,False,41.6,18.6,4.7,-1.2,49.5,4.3,27.6,1.1,-11.5,-0.208,0.269,MSFT,,126,16.6,12.0,,False
194,CAT,"Caterpillar, Inc.",Industrials,Farm & Heavy Construction Mach,Core,393.7,856.57,912.53,18.0,15.1,10.0,0.0,ok,-1.5,ok,2.41,,False,41.6,26.8,1.3,24.0,29.7,57.0,46.6,13.7,-3.0,0.298,0.44,AVGO,,126,15.1,14.0,,False
195,WM,"Waste Management, Inc.",Industrials,Waste Management,Core,89.8,224.55,227.46,17.5,15.6,10.0,0.0,ok,-1.5,ok,2.93,,False,41.6,24.6,2.6,4.0,40.6,29.8,25.6,0.6,-17.8,-0.398,0.382,NVDA,,126,15.6,15.0,,False
196,HST,"Host Hotels & Resorts, Inc.",Real Estate,REIT - Hotel & Motel,Core,15.9,22.9,24.14,17.0,16.1,10.0,0.0,ok,-1.5,ok,2.18,,False,41.6,21.8,10.6,3.6,29.2,15.6,28.9,12.6,2.5,0.126,0.253,GOOG,,126,16.1,15.0,,False
197,URI,"United Rentals, Inc.",Industrials,Rental & Leasing Services,Core,71.8,1153.83,1096.14,18.5,15.5,10.0,0.0,ok,-2.5,ok,3.26,,False,41.5,20.2,2.4,11.8,38.5,28.9,54.8,26.8,19.1,-0.004,0.136,MSFT,,126,15.5,16.0,,False
198,GE,GE Aerospace,Industrials,Aerospace & Defense,Core,382.2,368.38,356.43,18.0,13.5,10.0,0.0,ok,0.0,ok,0.9,,False,41.5,40.6,1.7,21.1,31.1,48.2,54.4,15.8,3.1,0.258,0.379,GOOG,,126,13.5,14.0,,False
199,AIZ,"Assurant, Inc.",Financial Services,Insurance - Property & Casualt,Core,13.9,282.38,273.15,15.5,16.0,10.0,0.0,ok,0.0,financial_na,,,False,41.5,12.1,15.4,9.4,13.3,18.3,54.6,17.4,16.5,0.018,0.106,BMNR,,126,16.0,14.0,,False
200,COP,ConocoPhillips,Energy,Oil & Gas E&P,Growth,152.3,126.78,120.44,19.5,11.9,10.0,0.0,ok,0.0,ok,0.58,,False,41.4,13.5,5.0,35.5,47.6,14.2,68.3,16.8,1.6,-0.336,0.395,GOOG,,126,11.9,13.0,,False
201,CTSH,Cognizant Technology Solutions,Technology,Information Technology Service,Core,26.5,58.79,55.85,18.5,12.9,10.0,0.0,ok,0.0,ok,0.26,,False,41.4,9.3,8.4,4.5,33.4,14.9,81.3,-6.8,-24.5,-0.009,0.299,MSFT,,126,12.9,15.0,,False
202,AMD,"Advanced Micro Devices, Inc.",Technology,Semiconductors,Growth,839.7,514.39,510.4,16.5,14.8,10.0,0.0,ok,0.0,ok,-0.92,,False,41.3,33.3,1.1,50.1,55.7,10.2,53.5,58.6,134.2,0.481,0.512,AVGO,,126,14.8,14.0,,False
203,ABBV,AbbVie Inc.,Healthcare,Drug Manufacturers - General,Core,440.8,249.46,244.46,17.5,15.3,10.0,0.0,ok,-1.5,ok,2.09,,False,41.3,15.3,3.8,10.2,72.8,,41.0,11.3,-5.2,-0.303,0.321,AVGO,,126,15.3,17.0,,False
204,CIEN,Ciena Corporation,Technology,Communication Equipment,Growth,60.7,428.77,428.07,15.5,15.8,10.0,0.0,ok,0.0,ok,0.48,,False,41.3,44.5,1.2,39.5,43.0,15.5,60.8,18.1,27.2,0.332,0.495,AVGO,,126,15.8,14.0,,False
205,T,AT&T Inc.,Communication Services,Telecom Services,Core,170.6,24.89,23.65,18.5,15.3,10.0,0.0,ok,-2.5,ok,3.3,,False,41.3,9.7,5.9,2.3,59.7,18.3,54.8,0.0,-26.2,-0.224,0.242,NVDA,,126,15.3,16.0,,False
206,SCHW,Charles Schwab Corporation (Th,Financial Services,Capital Markets,Core,192.1,111.09,105.54,21.5,9.8,10.0,0.0,ok,0.0,financial_na,,,False,41.3,14.2,,20.9,97.5,20.3,79.8,15.9,5.1,0.123,0.207,MSFT,,126,9.8,16.0,,False
207,TER,"Teradyne, Inc.",Technology,Semiconductor Equipment & Mate,Growth,65.5,418.79,397.85,20.0,11.2,10.0,0.0,ok,0.0,ok,-0.17,,False,41.2,36.2,0.7,103.9,59.2,36.5,71.5,38.8,19.2,0.427,0.498,AVGO,,126,11.2,14.0,,False
208,VST,Vistra Corp.,Utilities,Utilities - Independent Power ,Core,49.7,148.13,153.94,15.0,18.7,10.0,0.0,ok,-2.5,ok,3.02,,False,41.2,14.3,0.1,-5.5,38.3,43.0,41.6,-8.0,-27.4,0.256,0.257,AVGO,,126,18.7,18.0,,False
209,CTAS,Cintas Corporation,Industrials,Specialty Business Services,Core,79.8,199.52,189.54,16.0,15.2,10.0,0.0,ok,0.0,ok,0.81,,False,41.2,32.6,1.8,8.9,50.7,40.7,31.5,7.8,-10.5,-0.064,0.202,AVGO,,126,15.2,17.0,,False
210,IONQ,"IonQ, Inc.",Technology,Computer Hardware,Growth,18.7,46.26,46.1,11.0,20.2,10.0,0.0,ok,0.0,neg_ebitda_low_debt,,,False,41.2,,-0.5,286.8,,-60.5,69.6,2.2,21.7,0.476,0.465,BMNR,,126,20.2,13.0,,False
211,ABNB,"Airbnb, Inc.",Consumer Cyclical,Travel Services,Core,110.2,184.06,174.86,20.5,10.6,10.0,0.0,ok,0.0,ok,-3.47,,False,41.1,30.0,2.9,16.5,82.9,34.5,82.5,36.6,37.8,0.34,0.305,BMNR,,126,10.6,15.0,,False
212,APTV,Aptiv PLC,Consumer Cyclical,Auto Parts,Core,10.3,49.56,58.95,15.5,16.1,10.0,0.0,ok,-0.5,ok,1.52,,False,41.1,7.6,15.7,2.3,19.3,5.2,32.6,-28.2,-55.7,0.197,0.227,AVGO,,126,16.1,11.0,,False
213,CMI,Cummins Inc.,Industrials,Specialty Industrial Machinery,Core,86.9,631.26,664.6,16.0,15.1,10.0,0.0,ok,0.0,ok,0.87,,False,41.1,18.3,2.6,9.4,25.8,21.1,40.1,7.0,-8.5,0.332,0.437,AVGO,,126,15.1,14.0,,False
214,VRTX,Vertex Pharmaceuticals Incorpo,Healthcare,Biotechnology,Core,128.2,505.75,481.44,19.5,11.6,10.0,0.0,ok,0.0,ok,-1.15,,False,41.1,23.2,2.1,12.5,55.0,23.5,61.6,10.6,-11.0,-0.003,0.155,AVGO,,126,11.6,16.0,,False
215,NEM,Newmont Corporation,Basic Materials,Gold,Cyclical,124.1,117.76,111.87,22.0,9.1,10.0,0.0,ok,0.0,ok,-0.2,,False,41.1,11.2,7.1,15.1,68.0,25.9,80.3,12.0,-20.1,0.365,0.386,BMNR,,126,9.1,13.0,,False
216,JPM,JP Morgan Chase & Co.,Financial Services,Banks - Diversified,Growth,964.5,362.84,344.7,19.0,12.1,10.0,0.0,ok,0.0,financial_na,,,False,41.1,14.5,,30.4,0.0,17.8,57.8,15.7,6.7,0.199,0.261,BMNR,,126,12.1,14.0,,False
217,SNA,Snap-On Incorporated,Industrials,Tools & Accessories,Core,20.9,403.56,401.2,17.5,13.5,10.0,0.0,ok,0.0,ok,-0.24,,False,41.0,18.9,5.3,4.2,51.8,17.9,46.4,8.6,-8.3,0.115,0.257,GOOG,,126,13.5,15.0,,False
218,NTAP,"NetApp, Inc.",Technology,Software - Infrastructure,Core,40.6,207.08,196.73,20.5,10.5,10.0,0.0,ok,0.0,ok,-0.45,,False,41.0,20.8,3.2,12.5,70.7,106.7,85.8,66.4,89.3,0.284,0.28,AVGO,,126,10.5,17.0,,False
219,BF-B,Brown Forman Inc,Consumer Defensive,Beverages - Wineries & Distill,Core,13.0,28.42,27.0,18.5,12.9,10.0,0.0,ok,-0.5,ok,1.94,,False,40.9,16.7,5.7,2.0,60.5,17.8,58.4,4.9,-18.1,-0.14,0.162,AVGO,,126,12.9,18.0,,False
220,ERIE,Erie Indemnity Company,Financial Services,Insurance Brokers,Core,13.4,255.99,243.19,16.0,14.9,10.0,0.0,ok,0.0,financial_na,,,False,40.9,18.3,3.6,2.8,17.9,24.8,68.3,0.2,-21.6,-0.217,0.311,AVGO,,126,14.9,14.0,,False
221,CI,The Cigna Group,Healthcare,Healthcare Plans,Core,74.7,282.56,286.03,15.5,15.9,10.0,0.0,ok,-0.5,ok,1.93,,False,40.9,8.4,10.7,6.7,9.1,16.8,44.4,1.7,-16.4,-0.167,0.279,AVGO,,126,15.9,15.0,,False
222,EG,"Everest Group, Ltd.",Financial Services,Insurance - Reinsurance,Core,14.2,370.11,362.0,15.0,15.9,10.0,0.0,ok,0.0,financial_na,,,False,40.9,6.2,14.5,-11.3,15.3,12.6,35.9,9.6,-3.7,-0.243,0.307,AVGO,,126,15.9,14.0,,False
223,OTIS,Otis Worldwide Corporation,Industrials,Specialty Industrial Machinery,Core,27.6,72.63,72.41,15.5,17.8,10.0,0.0,ok,-2.5,ok,3.04,,False,40.8,15.8,5.2,7.3,30.3,,47.0,-10.2,-32.5,0.013,0.169,GOOG,,126,17.8,14.0,,False
224,MCHP,Microchip Technology Incorpora,Technology,Semiconductors,Growth,43.0,79.17,85.73,17.5,15.8,10.0,0.0,ok,-2.5,ok,3.4,,False,40.8,17.3,3.2,38.0,60.2,7.2,51.5,4.3,-12.5,0.395,0.495,AVGO,,126,15.8,15.0,,False
225,DOV,Dover Corporation,Industrials,Specialty Industrial Machinery,Core,27.9,207.07,213.9,16.0,14.8,10.0,0.0,ok,0.0,ok,0.79,,False,40.8,17.8,3.3,6.9,40.1,14.9,52.4,-0.6,-24.3,0.232,0.264,GOOG,,126,14.8,15.0,,False
226,DHI,"D.R. Horton, Inc.",Consumer Cyclical,Residential Construction,Core,41.6,148.81,151.54,15.0,16.3,10.0,0.0,ok,-0.5,ok,1.24,,False,40.8,12.6,5.8,0.0,21.3,12.6,51.2,-0.3,-24.9,0.136,0.185,GOOG,,126,16.3,11.0,,False
227,CCL,Carnival Corporation Ltd.,Consumer Cyclical,Travel Services,Core,38.5,28.12,27.9,19.0,14.3,10.0,0.0,ok,-2.5,ok,3.28,,False,40.8,10.7,4.9,5.3,55.7,26.7,57.2,1.3,-24.8,0.395,0.436,GOOG,,126,14.3,14.0,,False
228,PSA,Public Storage,Real Estate,REIT - Industrial,Core,60.9,325.93,321.44,18.5,13.7,10.0,0.0,ok,-1.5,ok,2.89,,False,40.7,35.5,3.8,3.3,74.4,21.9,52.2,11.2,-4.3,-0.038,0.207,GOOG,,126,13.7,17.0,,False
229,FRT,Federal Realty Investment Trus,Real Estate,REIT - Retail,Core,10.3,118.39,122.67,18.5,15.7,10.0,0.0,ok,-3.5,ok,5.65,,False,40.7,38.3,4.4,7.2,68.1,12.6,20.1,8.8,0.3,-0.054,0.13,AVGO,,126,15.7,17.0,,False
230,FOX,Fox Corporation,Communication Services,Entertainment,Core,25.8,61.41,58.34,18.0,12.7,10.0,0.0,ok,0.0,ok,0.87,,False,40.7,10.4,2.2,28.1,36.6,14.3,81.5,8.4,5.9,-0.022,0.176,AVGO,,126,12.7,13.0,,False
231,PFG,Principal Financial Group Inc,Financial Services,Asset Management,Core,24.4,113.98,111.09,17.5,13.2,10.0,0.0,ok,0.0,financial_na,,,False,40.7,11.0,4.3,6.4,47.3,12.9,60.1,18.5,13.3,0.2,0.244,GOOG,,126,13.2,15.0,,False
232,EME,"EMCOR Group, Inc.",Industrials,Engineering & Construction,Core,36.9,836.29,798.1,18.0,12.6,10.0,0.0,ok,0.0,ok,-0.19,,False,40.6,22.8,2.7,19.8,19.4,40.3,66.1,11.4,-9.4,0.477,0.411,NVDA,,126,12.6,14.0,,False
233,JBL,Jabil Inc.,Technology,Electronic Components,Core,38.0,363.1,344.95,16.5,14.6,10.0,0.0,ok,-0.5,ok,1.08,,False,40.6,21.6,3.2,11.8,9.2,65.9,69.3,27.3,28.8,0.472,0.525,AVGO,,126,14.6,13.0,,False
234,FICO,Fair Isaac Corporation,Technology,Software - Application,Core,23.5,1085.78,1179.79,18.5,15.6,10.0,0.0,ok,-3.5,ok,4.23,,False,40.6,20.5,3.3,25.7,85.1,,35.1,-19.4,-33.1,-0.121,0.187,AVGO,,126,15.6,17.0,,False
235,TDG,Transdigm Group Incorporated,Industrials,Aerospace & Defense,Core,69.5,1256.9,1267.58,18.5,17.1,10.0,0.0,ok,-5.0,ok,6.03,,False,40.6,26.0,2.1,22.5,59.8,,43.8,-1.6,-16.2,0.173,0.332,GOOG,,126,17.1,15.0,,False
236,UDR,"UDR, Inc.",Real Estate,REIT - Residential,Core,13.9,37.94,39.12,17.5,16.5,10.0,0.0,ok,-3.5,ok,5.76,,False,40.5,67.8,5.6,-0.1,66.6,13.7,38.5,3.9,-13.0,-0.154,0.31,AVGO,,126,16.5,17.0,,False
237,BWXT,"BWX Technologies, Inc.",Industrials,Aerospace & Defense,Core,15.9,173.22,182.99,14.5,17.5,10.0,0.0,ok,-1.5,ok,2.96,,False,40.5,33.0,0.9,18.0,22.1,28.3,47.0,-11.5,-27.3,0.413,0.484,BMNR,,126,17.5,14.0,,False
238,VLO,Valero Energy Corporation,Energy,Oil & Gas Refining & Marketing,Growth,98.4,341.67,324.59,20.0,10.5,10.0,0.0,ok,0.0,ok,0.26,,False,40.5,12.1,8.6,51.7,16.1,27.6,71.8,51.3,56.8,-0.165,0.291,GOOG,,126,10.5,12.0,,False
239,AVY,Avery Dennison Corporation,Consumer Cyclical,Packaging & Containers,Core,13.6,178.93,169.98,20.5,11.5,10.0,0.0,ok,-1.5,ok,2.28,,False,40.5,15.9,7.4,10.9,29.0,31.2,71.2,3.9,-22.1,0.134,0.142,MSFT,,126,11.5,11.0,,False
240,KKR,KKR & Co. Inc.,Financial Services,Asset Management,Core,105.3,114.01,108.31,15.5,15.0,10.0,0.0,ok,0.0,financial_na,,,False,40.5,15.4,,7.8,54.8,7.3,69.0,7.3,-1.4,0.355,0.319,BMNR,,126,15.0,15.0,,False
241,HBAN,Huntington Bancshares Incorpor,Financial Services,Banks - Regional,Growth,36.2,17.91,17.52,18.0,12.5,10.0,0.0,ok,0.0,financial_na,,,False,40.5,9.5,,47.6,0.0,9.0,65.6,6.8,-9.1,0.239,0.242,GOOG,,126,12.5,14.0,,False
242,GIS,"General Mills, Inc.",Consumer Defensive,Packaged Foods,Core,21.0,39.2,37.24,16.0,14.4,10.0,0.0,ok,0.0,ok,-0.12,,False,40.4,12.2,11.0,2.2,33.7,-1.0,67.4,-1.6,-31.4,-0.147,0.329,AVGO,,126,14.4,16.0,,False
243,STZ,"Constellation Brands, Inc.",Consumer Defensive,Beverages - Brewers,Core,23.8,139.18,136.24,20.0,12.9,10.0,0.0,ok,-2.5,ok,3.02,,False,40.4,11.2,9.3,-3.3,52.7,23.7,74.4,-3.4,-20.0,-0.109,0.189,BMNR,,126,12.9,17.0,,False
244,DXCM,"DexCom, Inc.",Healthcare,Medical Devices,Core,33.9,89.75,85.26,20.5,9.9,10.0,0.0,ok,0.0,ok,-0.39,,False,40.4,28.7,3.0,13.1,62.5,38.5,77.0,30.7,14.3,0.191,0.251,GOOG,,126,9.9,17.0,,False
245,HWM,Howmet Aerospace Inc.,Industrials,Aerospace & Defense,Core,115.3,289.18,275.05,18.0,12.9,10.0,0.0,ok,-0.5,ok,1.47,,False,40.4,45.3,1.0,24.1,36.0,34.7,51.1,20.1,1.7,0.252,0.338,GOOG,,126,12.9,14.0,,False
246,FTV,Fortive Corporation,Technology,Scientific & Technical Instrum,Core,18.6,61.62,61.24,17.0,14.9,10.0,0.0,ok,-1.5,ok,2.61,,False,40.4,19.0,5.0,7.9,63.2,7.3,44.4,7.3,-5.5,0.077,0.127,NVDA,,126,14.9,15.0,,False
247,WYNN,"Wynn Resorts, Limited",Consumer Cyclical,Resorts & Casinos,Core,10.6,102.53,100.48,18.0,15.9,10.0,0.0,ok,-3.5,ok,5.66,,False,40.4,19.7,4.5,6.9,68.3,,59.2,-5.8,-23.0,0.261,0.21,BMNR,,126,15.9,13.0,,False
248,HCA,"HCA Healthcare, Inc.",Healthcare,Medical Care Facilities,Core,87.6,404.68,392.33,17.0,15.8,10.0,0.0,ok,-2.5,ok,3.2,,False,40.3,12.6,4.3,8.7,42.6,,57.7,-11.2,-38.9,0.012,0.19,GOOG,,126,15.8,16.0,,False
249,ORLY,"O'Reilly Automotive, Inc.",Consumer Cyclical,Auto Parts,Core,73.7,91.05,88.94,15.5,16.3,10.0,0.0,ok,-1.5,ok,2.24,,False,40.3,24.9,2.1,8.1,51.6,,51.5,-1.8,-19.7,-0.103,0.184,NVDA,,126,16.3,12.0,,False
250,AVB,"AvalonBay Communities, Inc.",Real Estate,REIT - Residential,Core,26.3,184.06,188.04,17.0,16.8,10.0,0.0,ok,-3.5,ok,4.9,,False,40.3,36.8,5.4,2.3,62.7,8.5,44.5,3.1,-8.3,-0.06,0.264,AVGO,,126,16.8,17.0,,False
251,ALLE,Allegion plc,Industrials,Security & Protection Services,Core,14.0,164.78,156.54,19.5,11.3,10.0,0.0,ok,-0.5,ok,1.81,,False,40.3,16.9,3.5,12.7,44.8,33.7,61.1,8.9,-21.7,0.045,0.085,NVDA,,126,11.3,17.0,,False
252,MKC,"McCormick & Company, Incorpora",Consumer Defensive,Packaged Foods,Core,14.7,54.67,51.94,20.0,12.7,10.0,0.0,ok,-2.5,ok,3.17,,False,40.2,16.6,4.9,16.7,38.9,24.7,78.0,-4.8,-36.7,-0.119,0.223,NVDA,,126,12.7,16.0,,False
253,EQR,Equity Residential,Real Estate,REIT - Residential,Core,25.5,65.97,67.51,17.0,16.7,10.0,0.0,ok,-3.5,ok,4.51,,False,40.2,42.9,5.6,2.1,62.3,8.0,44.2,4.9,-9.3,-0.155,0.296,AVGO,,126,16.7,17.0,,False
254,APH,Amphenol Corporation,Technology,Electronic Components,Growth,206.0,167.11,159.64,19.0,11.7,10.0,0.0,ok,-0.5,ok,1.42,,False,40.2,25.9,1.9,55.0,39.0,38.1,68.9,16.1,0.2,0.362,0.417,AVGO,,126,11.7,13.0,,False
255,RSG,"Republic Services, Inc.",Industrials,Waste Management,Core,65.7,214.71,213.91,16.0,15.7,10.0,0.0,ok,-1.5,ok,2.7,,False,40.2,26.7,3.0,4.6,43.0,18.2,45.6,0.5,-17.4,-0.42,0.403,AVGO,,126,15.7,15.0,,False
256,EPAM,"EPAM Systems, Inc.",Technology,Information Technology Service,Speculative,5.2,100.5,95.48,17.0,13.2,10.0,0.0,ok,0.0,ok,-0.85,,False,40.2,7.1,12.5,4.5,29.5,11.2,56.0,-29.6,-53.5,-0.009,0.2,NVDA,,126,13.2,15.0,,False
257,PM,Philip Morris International In,Consumer Defensive,Tobacco,Core,296.7,190.39,185.01,17.5,14.1,10.0,0.0,ok,-1.5,ok,2.39,,False,40.1,20.8,3.3,10.4,67.5,,41.3,11.6,-11.4,-0.114,0.156,AVGO,,126,14.1,18.0,,False
258,ADI,"Analog Devices, Inc.",Technology,Semiconductors,Growth,189.7,389.39,391.57,17.5,12.6,10.0,0.0,ok,0.0,ok,0.86,,False,40.1,25.9,2.0,37.2,64.5,9.6,59.5,15.3,2.0,0.341,0.495,AVGO,,126,12.6,15.0,,False
259,TTWO,"Take-Two Interactive Software,",Communication Services,Electronic Gaming & Multimedia,Core,46.2,246.95,237.86,13.5,17.1,10.0,0.0,ok,-0.5,ok,1.46,,False,40.1,24.0,2.7,2.0,57.1,-9.0,52.4,7.8,13.6,0.297,0.33,MSFT,,126,17.1,14.0,,False
260,CSGP,"CoStar Group, Inc.",Real Estate,Real Estate Services,Core,13.1,32.38,30.76,16.5,13.6,10.0,0.0,ok,0.0,ok,-0.28,,False,40.1,18.8,3.1,18.4,78.7,0.9,64.2,-30.4,-41.9,0.026,0.331,MSFT,,126,13.6,19.0,,False
261,PRU,"Prudential Financial, Inc.",Financial Services,Insurance - Life,Core,43.2,125.13,118.87,18.0,12.1,10.0,0.0,ok,0.0,financial_na,,,False,40.1,8.5,17.4,14.1,29.0,12.0,61.2,17.9,7.3,0.147,0.244,BMNR,,126,12.1,14.0,,False
262,XOM,ExxonMobil Holdings Corporatio,Energy,Oil & Gas Integrated,Growth,658.3,160.1,152.1,17.5,12.5,10.0,0.0,ok,0.0,ok,0.47,,False,40.0,15.0,3.1,44.1,29.8,12.6,60.5,14.1,-5.3,-0.344,0.338,GOOG,,126,12.5,12.0,,False
263,ROL,"Rollins, Inc.",Consumer Cyclical,Personal Services,Core,17.4,36.2,42.43,18.5,12.0,10.0,0.0,ok,-0.5,ok,1.16,,True,40.0,27.8,2.9,7.9,52.4,37.0,22.0,-32.6,-51.1,0.022,0.213,GOOG,,126,16.0,14.0,,False
264,WSM,"Williams-Sonoma, Inc.",Consumer Cyclical,Specialty Retail,Core,28.4,241.58,229.5,18.5,11.5,10.0,0.0,ok,0.0,ok,0.51,,False,40.0,23.5,3.1,4.4,46.1,54.0,57.7,20.4,-0.9,0.226,0.229,BMNR,,126,11.5,12.0,,False
265,MNST,Monster Beverage Corporation,Consumer Defensive,Beverages - Non-Alcoholic,Core,91.7,46.82,90.76,18.0,12.0,10.0,0.0,ok,0.0,ok,-1.13,,True,40.0,35.8,1.8,20.2,55.5,25.7,10.0,-42.1,-56.4,0.086,0.189,GOOG,,126,15.9,17.0,,False
266,STE,STERIS plc (Ireland),Healthcare,Medical Devices,Core,22.7,233.28,221.62,16.0,14.0,10.0,0.0,ok,0.0,ok,0.95,,False,40.0,19.1,3.5,7.3,44.4,11.4,68.1,-0.3,-19.7,0.054,0.159,GOOG,,126,14.0,16.0,,False
267,DDOG,"Datadog, Inc.",Technology,Software - Application,Growth,91.7,255.46,248.81,15.0,14.9,10.0,0.0,ok,0.0,ok,-44.73,,False,39.9,86.1,1.1,35.6,79.5,4.7,51.1,48.3,90.2,0.247,0.33,MSFT,,126,14.9,17.0,,False
268,MRVL,"Marvell Technology, Inc.",Technology,Semiconductors,Core,199.3,222.02,238.1,15.5,14.4,10.0,0.0,ok,0.0,ok,0.53,,False,39.9,35.6,1.1,27.6,51.5,16.0,63.6,57.0,168.7,0.366,0.55,AVGO,,126,14.4,14.0,,False
269,PHM,"PulteGroup, Inc.",Consumer Cyclical,Residential Construction,Core,24.8,130.18,127.85,15.0,14.9,10.0,0.0,ok,0.0,ok,0.42,,False,39.9,11.6,4.3,-9.6,25.6,14.9,49.4,4.6,-22.4,0.106,0.197,GOOG,,126,14.9,11.0,,False
270,MLM,"Martin Marietta Materials, Inc",Basic Materials,Building Materials,Cyclical,32.9,547.93,571.63,12.5,18.9,10.0,0.0,ok,-1.5,ok,2.93,,False,39.9,25.5,1.8,21.0,28.2,8.9,41.8,-9.7,-33.1,0.081,0.21,GOOG,,126,18.9,11.0,,False
271,COF,Capital One Financial Corporat,Financial Services,Credit Services,Growth,139.5,227.34,215.97,18.0,11.8,10.0,0.0,ok,0.0,financial_na,,,False,39.8,9.5,,1111.0,0.0,9.0,76.5,9.7,-3.8,0.351,0.337,BMNR,,126,11.8,16.0,,False
272,GILD,"Gilead Sciences, Inc.",Healthcare,Drug Manufacturers - General,Core,171.6,138.36,131.44,17.0,13.3,10.0,0.0,ok,-0.5,ok,1.46,,False,39.8,14.0,5.7,10.2,79.6,-20.7,65.6,4.8,-24.1,0.06,0.132,BMNR,,126,13.3,17.0,,False
273,EL,"Estee Lauder Companies, Inc. (",Consumer Defensive,Household & Personal Products,Core,31.2,86.1,84.14,16.0,15.2,10.0,0.0,ok,-1.5,ok,2.63,,False,39.7,27.1,5.8,4.6,74.7,-5.9,59.8,-5.9,-34.1,0.264,0.323,GOOG,,126,15.2,18.0,,False
274,COST,Costco Wholesale Corporation,Consumer Defensive,Discount Stores,Core,426.2,961.1,950.58,14.0,15.7,10.0,0.0,ok,0.0,ok,-0.07,,False,39.7,42.4,1.6,21.5,12.9,29.2,54.8,0.4,-19.4,-0.249,0.356,AVGO,,126,15.7,16.0,,False
275,KVUE,Kenvue Inc.,Consumer Defensive,Household & Personal Products,Core,36.9,19.2,18.89,17.5,13.7,10.0,0.0,ok,-1.5,ok,2.16,,False,39.7,15.5,5.2,3.0,58.4,15.6,45.0,9.7,-10.0,-0.113,0.202,AVGO,,126,13.7,17.0,,False
276,SYY,Sysco Corporation,Consumer Defensive,Food Distribution,Core,39.7,82.99,81.96,17.0,14.2,10.0,0.0,ok,-1.5,ok,2.89,,False,39.7,15.5,4.9,4.7,18.5,77.7,44.1,5.9,-21.6,-0.011,0.081,GOOG,,126,14.2,16.0,,False
277,ELV,"Elevance Health, Inc.",Healthcare,Healthcare Plans,Core,86.8,400.32,396.51,16.0,13.7,10.0,0.0,ok,0.0,ok,-0.78,,False,39.7,13.5,5.0,1.4,26.0,11.1,66.0,13.7,2.3,0.049,0.121,GOOG,,126,13.7,15.0,,False
278,KEY,KeyCorp,Financial Services,Banks - Regional,Core,25.0,23.31,22.85,17.5,12.1,10.0,0.0,ok,0.0,financial_na,,,False,39.6,10.9,,10.1,0.0,10.3,64.7,11.1,-5.4,0.239,0.287,BMNR,,126,12.1,14.0,,False
279,ALGN,"Align Technology, Inc.",Healthcare,Medical Instruments & Supplies,Core,12.9,181.31,175.38,18.5,11.1,10.0,0.0,ok,0.0,ok,-1.08,,False,39.6,14.4,4.5,4.3,70.4,10.2,62.6,7.4,-16.8,0.311,0.325,BMNR,,126,11.1,17.0,,False
280,LEN,Lennar Corporation,Consumer Cyclical,Residential Construction,Core,20.9,86.83,87.2,12.0,18.1,10.0,0.0,ok,-0.5,ok,1.92,,False,39.6,13.4,5.2,-5.2,16.4,7.4,53.0,-13.7,-42.5,0.173,0.202,NVDA,,126,18.1,11.0,,False
281,AZO,"AutoZone, Inc.",Consumer Cyclical,Auto Parts,Core,49.4,3025.0,3063.44,13.0,19.1,10.0,0.0,ok,-2.5,ok,3.01,,False,39.6,17.3,1.8,8.4,51.8,,44.8,-12.0,-35.5,0.004,0.17,GOOG,,126,19.1,12.0,,False
282,MAR,Marriott International,Consumer Cyclical,Lodging,Core,93.0,356.72,374.35,17.5,14.6,10.0,0.0,ok,-2.5,ok,3.6,,False,39.6,27.1,2.2,11.1,79.2,,33.6,5.2,-12.9,0.152,0.243,GOOG,,126,14.6,13.0,,False
283,CVNA,Carvana Co.,Consumer Cyclical,Auto & Truck Dealerships,Growth,112.5,75.59,71.81,16.0,14.0,10.0,0.0,ok,-0.5,ok,1.02,,False,39.5,33.6,0.4,52.4,19.4,58.8,70.7,4.4,-3.7,0.349,0.391,GOOG,,126,14.0,11.0,,False
284,A,"Agilent Technologies, Inc.",Healthcare,Diagnostics & Research,Core,41.9,148.53,141.1,17.5,12.0,10.0,0.0,ok,0.0,ok,0.86,,False,39.5,22.5,2.2,10.0,52.6,21.3,76.3,13.5,4.4,0.172,0.127,NVDA,,126,12.0,16.0,,False
285,LIN,Linde plc,Basic Materials,Specialty Chemicals,Cyclical,222.5,482.74,510.45,13.5,16.5,10.0,0.0,ok,-0.5,ok,1.67,,False,39.5,24.7,1.9,9.3,48.3,18.4,33.1,1.6,-13.2,-0.149,0.143,AVGO,,126,16.5,12.0,,False
286,IR,Ingersoll Rand Inc.,Industrials,Specialty Industrial Machinery,Core,32.3,83.34,80.76,14.5,15.5,10.0,0.0,ok,-0.5,ok,1.85,,False,39.5,21.3,3.4,8.5,42.8,9.5,46.4,1.8,-29.3,0.21,0.239,BMNR,,126,15.5,15.0,,False
287,DAL,"Delta Air Lines, Inc.",Industrials,Airlines,Core,58.8,89.35,87.11,17.0,14.0,10.0,0.0,ok,-1.5,ok,2.19,,False,39.5,10.1,4.8,18.7,18.7,20.1,55.6,23.7,16.3,0.343,0.328,GOOG,,126,14.0,14.0,,False
288,FAST,Fastenal Company,Industrials,Industrial Distribution,Core,58.5,51.02,48.47,17.0,12.5,10.0,0.0,ok,0.0,ok,0.12,,False,39.5,36.5,1.6,14.7,44.7,34.3,68.8,14.8,-3.4,-0.006,0.149,GOOG,,126,12.5,15.0,,False
289,AMT,American Tower Corporation (RE,Real Estate,REIT - Specialty,Core,81.8,175.58,173.74,19.5,15.0,10.0,0.0,ok,-5.0,ok,6.14,,False,39.5,25.0,3.6,4.7,73.8,33.9,60.4,-0.6,-21.6,-0.129,0.338,AVGO,,126,15.0,17.0,,False
290,COIN,"Coinbase Global, Inc.",Financial Services,Financial Data & Stock Exchang,Core,39.2,148.47,157.95,15.0,16.4,10.0,-2.0,ok,0.0,financial_na,,,False,39.4,49.1,6.8,-17.3,85.8,-7.8,34.9,-26.9,-23.5,0.526,0.726,BMNR,,126,16.4,16.0,,False
291,DVN,Devon Energy Corporation,Energy,Oil & Gas E&P,Growth,50.4,45.85,43.56,17.5,12.4,10.0,0.0,ok,-0.5,ok,1.23,,False,39.4,8.5,1.6,64.2,50.3,11.5,60.6,8.4,-10.7,-0.263,0.272,GOOG,,126,12.4,13.0,,False
292,C,"Citigroup, Inc.",Financial Services,Banks - Diversified,Core,233.7,139.33,137.05,16.0,13.4,10.0,0.0,ok,0.0,financial_na,,,False,39.4,10.8,,15.5,0.0,8.5,62.1,16.0,12.4,0.402,0.377,BMNR,,126,13.4,14.0,,False
293,HUM,Humana Inc.,Healthcare,Healthcare Plans,Core,46.7,389.05,380.84,15.0,14.4,10.0,0.0,ok,0.0,ok,-2.54,,False,39.4,23.5,4.2,26.2,13.7,6.9,53.3,44.5,98.5,0.075,0.154,NVDA,,126,14.4,15.0,,False
294,REG,Regency Centers Corporation,Real Estate,REIT - Retail,Core,14.3,76.71,79.56,17.0,15.9,10.0,0.0,ok,-3.5,ok,4.62,,False,39.4,30.4,5.2,8.9,71.5,8.2,16.8,2.3,-12.2,-0.156,0.243,AVGO,,126,15.9,17.0,,False
295,CMCSA,Comcast Corporation,Communication Services,Telecom Services,Core,92.9,26.18,24.87,18.5,12.4,10.0,0.0,ok,-1.5,ok,2.43,,False,39.4,7.2,13.7,-1.2,69.4,11.5,76.8,-1.6,-30.0,-0.044,0.137,GOOG,,126,12.4,17.0,,False
296,ACMR,"ACM Research, Inc.",Technology,Semiconductor Equipment & Mate,Growth,5.6,80.42,90.72,14.5,14.8,10.0,0.0,ok,0.0,ok,-6.83,,False,39.3,29.7,-3.3,36.0,43.8,11.6,50.5,33.7,10.1,0.433,0.477,AVGO,,126,14.8,14.0,,False
297,VMC,Vulcan Materials Company (Hold,Basic Materials,Building Materials,Cyclical,36.5,282.0,288.57,14.5,16.3,10.0,0.0,ok,-1.5,ok,2.03,,False,39.3,26.1,2.3,2.5,27.5,13.2,48.2,-2.6,-27.7,0.047,0.218,GOOG,,126,16.3,11.0,,False
298,AME,"AMETEK, Inc.",Industrials,Specialty Industrial Machinery,Core,58.4,254.79,242.05,17.0,12.3,10.0,0.0,ok,0.0,ok,0.73,,False,39.3,28.4,2.6,15.0,36.9,14.6,63.5,14.6,-2.8,0.258,0.334,AVGO,,126,12.3,14.0,,False
299,RGTI,"Rigetti Computing, Inc.",Technology,Computer Hardware,Growth,6.3,18.82,17.88,12.0,19.3,10.0,-2.0,ok,0.0,neg_ebitda_low_debt,,,False,39.3,,0.4,185.3,,-43.8,65.2,-8.7,3.1,0.509,0.534,BMNR,,126,19.3,13.0,,False
300,BLK,"BlackRock, Inc.",Financial Services,Asset Management,Growth,190.7,1173.73,1115.04,19.0,10.2,10.0,0.0,ok,0.0,financial_na,,,False,39.2,18.3,4.0,30.6,47.2,12.3,77.8,11.7,-3.7,0.434,0.403,GOOG,,126,10.2,15.0,,False
301,LITE,Lumentum Holdings Inc.,Technology,Communication Equipment,Growth,82.1,926.14,879.83,16.0,13.2,10.0,0.0,ok,0.0,ok,-1.3,,False,39.2,28.1,,109.3,44.6,-240.0,64.5,45.7,50.7,0.32,0.401,NVDA,,126,13.2,14.0,,False
302,DG,Dollar General Corporation,Consumer Defensive,Discount Stores,Core,27.2,123.28,118.79,17.0,15.7,10.0,0.0,ok,-3.5,ok,4.26,,False,39.2,15.3,6.9,3.4,30.8,18.9,50.1,-0.4,-33.4,0.199,0.232,MSFT,,126,15.7,16.0,,False
303,YUM,"Yum! Brands, Inc.",Consumer Cyclical,Restaurants,Core,40.4,148.11,153.39,16.5,16.2,10.0,0.0,ok,-3.5,ok,4.15,,False,39.2,19.8,2.1,12.2,45.3,,50.4,-3.9,-21.2,-0.034,0.083,AVGO,,126,16.2,12.0,,False
304,TXT,Textron Inc.,Industrials,Aerospace & Defense,Core,15.3,89.0,90.36,13.0,16.7,10.0,0.0,ok,-0.5,ok,1.65,,False,39.2,12.3,3.0,3.0,17.6,12.1,35.2,-1.0,-23.1,0.148,0.205,BMNR,,126,16.7,14.0,,False
305,CVS,CVS Health Corporation,Healthcare,Healthcare Plans,Core,124.3,97.16,102.28,14.0,17.6,10.0,0.0,ok,-2.5,ok,3.74,,False,39.1,11.4,6.5,7.1,13.6,6.2,29.0,14.6,11.0,-0.092,0.171,AVGO,,126,17.6,15.0,,False
306,NTRS,Northern Trust Corporation,Financial Services,Asset Management,Growth,35.0,191.41,181.84,17.5,11.6,10.0,0.0,ok,0.0,financial_na,,,False,39.1,15.1,,36.4,0.0,17.1,70.6,24.6,17.6,0.285,0.275,BMNR,,126,11.6,14.0,,False
307,HAL,Halliburton Company,Energy,Oil & Gas Equipment & Services,Cyclical,28.7,34.42,34.68,15.5,14.1,10.0,0.0,ok,-0.5,ok,1.49,,False,39.1,11.8,7.2,3.7,15.1,14.9,62.5,1.0,-12.0,-0.056,0.11,BMNR,,126,14.1,14.0,,False
308,WTW,Willis Towers Watson Public Li,Financial Services,Insurance Brokers,Core,30.8,331.59,315.01,17.5,11.5,10.0,0.0,ok,0.0,financial_na,,,False,39.0,14.5,4.6,9.1,42.5,19.8,72.9,11.2,1.7,0.018,0.442,MSFT,,126,11.5,15.0,,False
309,KO,Coca-Cola Company (The),Consumer Defensive,Beverages - Non-Alcoholic,Core,377.4,87.71,83.37,17.0,12.5,10.0,0.0,ok,-0.5,ok,1.64,,False,39.0,24.9,1.4,6.7,61.9,42.1,68.5,14.4,-1.6,-0.236,0.279,AVGO,,126,12.5,18.0,,False
310,IVZ,Invesco Ltd,Financial Services,Asset Management,Core,14.4,32.55,30.92,16.5,12.5,10.0,0.0,ok,0.0,financial_na,,,False,39.0,10.0,7.9,20.5,29.5,-0.6,65.0,23.5,9.8,0.484,0.454,BMNR,,126,12.5,14.0,,False
311,BAC,Bank of America Corporation,Financial Services,Banks - Diversified,Core,451.0,64.49,61.27,16.5,12.5,10.0,0.0,ok,0.0,financial_na,,,False,39.0,12.2,,16.8,0.0,11.2,65.9,19.4,9.5,0.247,0.286,BMNR,,126,12.5,14.0,,False
312,PSX,Phillips 66,Energy,Oil & Gas Refining & Marketing,Growth,93.7,233.61,221.93,19.0,10.5,10.0,0.0,ok,-0.5,ok,1.66,,False,39.0,11.0,4.9,53.1,13.1,23.5,75.2,43.3,34.6,-0.167,0.267,NVDA,,126,10.5,12.0,,False
313,MCK,McKesson Corporation,Healthcare,Medical Distribution,Core,101.3,869.0,825.55,14.0,14.9,10.0,0.0,ok,0.0,ok,0.94,,False,38.9,17.2,6.7,7.7,3.6,,53.8,3.5,-20.8,-0.264,0.345,AVGO,,126,14.9,15.0,,False
314,JBHT,"J.B. Hunt Transport Services, ",Industrials,Integrated Freight & Logistics,Core,26.3,279.71,279.9,14.0,14.9,10.0,0.0,ok,0.0,ok,0.84,,False,38.9,27.7,3.4,19.4,18.5,18.4,48.9,21.9,12.5,0.09,0.116,GOOG,,126,14.9,14.0,,False
315,DLTR,"Dollar Tree, Inc.",Consumer Defensive,Discount Stores,Core,24.9,129.39,122.92,18.5,11.9,10.0,0.0,ok,-1.5,ok,2.74,,False,38.9,16.8,5.8,7.2,37.0,34.0,61.2,12.5,-11.2,0.179,0.199,MSFT,,126,11.9,16.0,,False
316,CME,CME Group Inc.,Financial Services,Financial Data & Stock Exchang,Core,97.0,269.8,256.31,17.0,11.9,10.0,0.0,ok,0.0,financial_na,,,False,38.9,20.9,3.0,0.8,100.0,15.8,70.2,-2.0,-22.7,-0.146,0.318,AVGO,,126,11.9,16.0,,False
317,NSC,Norfolk Southern Corporation,Industrials,Railroads,Core,75.1,334.41,324.8,15.5,14.9,10.0,0.0,ok,-1.5,ok,2.84,,False,38.9,23.4,1.8,11.4,45.2,17.0,36.8,10.3,-7.2,-0.145,0.168,MSFT,,126,14.9,15.0,,False
318,GLW,Corning Incorporated,Technology,Electronic Components,Core,143.0,165.99,176.47,14.5,14.9,10.0,0.0,ok,-0.5,ok,1.68,,False,38.9,38.4,0.5,16.6,36.4,16.8,61.2,19.6,10.7,0.31,0.427,NVDA,,126,14.9,13.0,,False
319,KEYS,Keysight Technologies Inc.,Technology,Scientific & Technical Instrum,Growth,61.1,357.82,339.93,16.5,12.4,10.0,0.0,ok,0.0,ok,0.25,,False,38.9,30.0,1.8,31.5,62.1,18.2,71.9,28.9,39.3,0.279,0.38,AVGO,,126,12.4,15.0,,False
320,FITB,Fifth Third Bancorp,Financial Services,Banks - Regional,Growth,52.7,58.06,56.13,18.0,10.9,10.0,0.0,ok,0.0,financial_na,,,False,38.9,11.8,,51.8,0.0,8.4,59.7,16.9,-3.1,0.145,0.206,BMNR,,126,10.9,14.0,,False
321,MAA,Mid-America Apartment Communit,Real Estate,REIT - Residential,Core,15.9,133.49,135.57,17.0,15.3,10.0,0.0,ok,-3.5,ok,4.57,,False,38.8,40.7,5.8,1.0,58.4,7.0,50.1,2.0,-14.2,-0.195,0.342,AVGO,,126,15.3,16.0,,False
322,EW,Edwards Lifesciences Corporati,Healthcare,Medical Devices,Core,52.8,91.6,88.57,16.5,12.3,10.0,0.0,ok,0.0,ok,-1.78,,False,38.8,27.1,2.3,13.6,77.8,9.2,77.4,8.5,6.8,0.248,0.281,GOOG,,126,12.3,17.0,,False
323,WFC,Wells Fargo & Company,Financial Services,Banks - Diversified,Core,268.6,88.82,85.63,16.5,12.3,10.0,0.0,ok,0.0,financial_na,,,False,38.8,11.2,,9.5,0.0,12.6,55.5,5.1,-11.2,0.138,0.209,BMNR,,126,12.3,14.0,,False
324,WAB,Westinghouse Air Brake Technol,Industrials,Railroads,Core,50.5,299.02,284.07,17.0,13.2,10.0,0.0,ok,-1.5,ok,2.37,,False,38.7,24.1,2.2,17.5,35.7,11.6,48.1,20.8,3.0,0.152,0.288,AVGO,,126,13.2,14.0,,False
325,VICI,VICI Properties Inc.,Real Estate,REIT - Diversified,Core,29.0,26.36,26.8,13.0,19.2,10.0,0.0,ok,-3.5,ok,4.82,,False,38.7,8.8,0.9,5.7,99.3,9.8,43.8,-5.4,-22.5,-0.141,0.254,AVGO,,126,19.2,17.0,,False
326,PLD,"Prologis, Inc.",Real Estate,REIT - Industrial,Core,137.1,141.03,143.25,16.5,15.7,10.0,0.0,ok,-3.5,ok,5.24,,False,38.7,41.4,3.9,12.3,75.5,7.7,32.7,4.1,-11.6,0.046,0.163,BMNR,,126,15.7,17.0,,False
327,DPZ,Domino's Pizza Inc,Consumer Cyclical,Restaurants,Core,11.5,346.27,328.96,15.5,16.7,10.0,0.0,ok,-3.5,ok,4.84,,False,38.7,16.6,4.6,4.3,28.7,,51.5,-6.0,-21.2,-0.029,0.201,AVGO,,126,16.7,11.0,,False
328,ESS,"Essex Property Trust, Inc.",Real Estate,REIT - Residential,Core,19.8,287.52,288.36,17.0,15.2,10.0,0.0,ok,-3.5,ok,5.43,,False,38.7,46.6,5.3,3.1,68.8,7.7,46.6,9.4,1.8,-0.12,0.285,AVGO,,126,15.2,17.0,,False
329,TMO,Thermo Fisher Scientific Inc,Healthcare,Diagnostics & Research,Core,217.5,588.29,558.88,17.0,14.2,10.0,0.0,ok,-2.5,ok,3.28,,False,38.7,21.4,2.9,10.5,41.0,13.5,66.7,10.5,2.8,0.123,0.152,MSFT,,126,14.2,16.0,,False
330,EMR,Emerson Electric Company,Industrials,Specialty Industrial Machinery,Core,91.0,163.17,155.01,18.5,10.7,10.0,0.0,ok,-0.5,ok,1.92,,False,38.7,22.6,4.1,7.0,53.2,12.8,67.2,16.2,-3.3,0.334,0.342,NVDA,,126,10.7,15.0,,False
331,FOXA,Fox Corporation,Communication Services,Entertainment,Core,29.0,69.04,65.59,15.5,13.1,10.0,0.0,ok,0.0,ok,0.87,,False,38.6,11.9,1.9,28.1,36.6,14.3,83.7,9.5,9.2,-0.016,0.143,AVGO,,126,13.1,13.0,,False
332,USB,U.S. Bancorp,Financial Services,Banks - Regional,Core,101.9,65.42,62.15,17.5,11.1,10.0,0.0,ok,0.0,financial_na,,,False,38.6,11.3,,10.4,0.0,12.6,66.1,18.6,0.7,0.174,0.219,BMNR,,126,11.1,14.0,,False
333,CDW,CDW Corporation,Technology,Information Technology Service,Core,17.4,139.42,136.19,15.5,15.6,10.0,0.0,ok,-2.5,ok,3.02,,False,38.6,11.7,3.9,10.0,21.4,44.0,51.3,5.8,-3.4,0.122,0.2,MSFT,,126,15.6,15.0,,False
334,CCI,Crown Castle Inc.,Real Estate,REIT - Specialty,Core,33.2,75.98,80.21,15.5,18.1,10.0,0.0,ok,-5.0,ok,8.31,,False,38.6,26.1,3.1,-4.9,73.7,,54.9,-10.9,-28.8,-0.107,0.326,AVGO,,126,18.1,17.0,,False
335,ITW,Illinois Tool Works Inc.,Industrials,Specialty Industrial Machinery,Core,82.8,290.81,276.27,18.5,10.6,10.0,0.0,ok,-0.5,ok,1.84,,False,38.6,23.5,2.9,6.1,44.2,104.6,56.5,10.6,-16.2,0.018,0.177,NVDA,,126,10.6,15.0,,False
336,EA,Electronic Arts Inc.,Communication Services,Electronic Gaming & Multimedia,Core,52.9,209.7,205.27,18.0,10.6,10.0,0.0,ok,0.0,ok,-0.31,,False,38.6,21.8,3.2,18.9,79.9,16.5,80.9,3.4,-9.7,0.172,0.292,BMNR,,118,10.6,15.0,,False
337,IQV,"IQVIA Holdings, Inc.",Healthcare,Diagnostics & Research,Core,39.0,236.66,224.83,17.5,14.6,10.0,0.0,ok,-3.5,ok,4.65,,False,38.6,16.4,5.5,8.7,33.0,22.8,64.0,19.1,27.9,0.034,0.103,MSFT,,126,14.6,15.0,,False
338,COR,"Cencora, Inc.",Healthcare,Medical Distribution,Core,59.9,313.82,298.48,14.5,15.5,10.0,0.0,ok,-1.5,ok,2.1,,False,38.5,15.8,3.4,5.1,4.0,96.9,51.6,-2.9,-26.7,-0.176,0.246,NVDA,,126,15.5,15.0,,False
339,COHR,Coherent Corp.,Technology,Scientific & Technical Instrum,Core,63.7,325.83,337.31,13.0,15.5,10.0,0.0,ok,0.0,ok,0.76,,False,38.5,23.4,-0.3,20.5,37.0,4.7,58.5,22.7,36.1,0.375,0.482,NVDA,,126,15.5,13.0,,False
340,EXPD,Expeditors International of Wa,Industrials,Integrated Freight & Logistics,Growth,24.2,186.12,176.81,17.5,11.0,10.0,0.0,ok,0.0,ok,-0.37,,False,38.5,23.5,3.3,32.1,13.5,42.7,71.2,20.5,13.2,-0.017,0.064,GOOG,,126,11.0,14.0,,False
341,PNR,Pentair plc.,Industrials,Specialty Industrial Machinery,Core,10.6,66.16,70.48,15.5,13.5,10.0,0.0,ok,-0.5,ok,1.62,,False,38.5,12.8,5.3,-17.0,41.4,17.1,59.2,-25.5,-48.4,0.149,0.223,NVDA,,126,13.5,15.0,,False
342,CHTR,"Charter Communications, Inc.",Communication Services,Telecom Services,Core,20.8,154.27,146.56,19.0,13.0,10.0,0.0,ok,-3.5,ok,4.41,,False,38.5,3.5,10.6,-1.7,55.2,27.2,68.9,-17.7,-49.4,-0.014,0.224,NVDA,,126,13.0,16.0,,False
343,PH,Parker-Hannifin Corporation,Industrials,Specialty Industrial Machinery,Core,133.1,1055.85,1003.06,17.5,11.5,10.0,0.0,ok,-0.5,ok,1.44,,False,38.5,27.5,2.2,9.8,37.7,25.1,66.2,14.8,-8.3,0.134,0.311,NVDA,,126,11.5,14.0,,False
344,LOW,"Lowe's Companies, Inc.",Consumer Cyclical,Home Improvement Retail,Core,122.5,218.47,215.42,15.0,16.0,10.0,0.0,ok,-2.5,ok,3.32,,False,38.5,16.3,3.9,10.3,33.3,,56.9,-7.8,-37.5,0.091,0.259,GOOG,,126,16.0,11.0,,False
345,VTRS,Viatris Inc.,Healthcare,Drug Manufacturers - Specialty,Core,18.6,16.23,16.58,16.0,13.9,10.0,0.0,ok,-1.5,ok,2.82,,False,38.4,6.1,14.4,4.9,40.3,-2.8,24.9,14.2,-10.1,0.143,0.197,BMNR,,126,13.9,16.0,,False
346,RF,Regions Financial Corporation,Financial Services,Banks - Regional,Core,27.2,31.9,30.41,16.5,11.9,10.0,0.0,ok,0.0,financial_na,,,False,38.4,11.2,,3.4,0.0,11.9,68.6,14.5,-5.6,0.169,0.221,GOOG,,126,11.9,14.0,,False
347,VTR,"Ventas, Inc.",Real Estate,REIT - Healthcare Facilities,Core,46.9,91.52,90.17,16.5,15.4,10.0,0.0,ok,-3.5,ok,5.34,,False,38.4,100.0,3.2,21.7,40.0,2.0,33.8,9.6,-5.8,-0.295,0.339,AVGO,,126,15.4,15.0,,False
348,PNC,"PNC Financial Services Group, ",Financial Services,Banks - Regional,Core,102.5,256.97,246.25,17.5,10.9,10.0,0.0,ok,0.0,financial_na,,,False,38.4,12.0,,23.6,0.0,12.6,67.2,17.5,-1.0,0.123,0.194,GOOG,,126,10.9,14.0,,False
349,BXP,"BXP, Inc.",Real Estate,REIT - Office,Core,12.4,68.45,67.57,18.0,15.4,10.0,0.0,ok,-5.0,ok,9.81,,False,38.4,32.7,7.1,3.7,56.5,5.3,47.4,8.4,-1.0,0.133,0.222,BMNR,,126,15.4,16.0,,False
350,LDOS,"Leidos Holdings, Inc.",Technology,Information Technology Service,Core,18.0,143.83,136.64,17.0,12.8,10.0,0.0,ok,-1.5,ok,2.45,,False,38.3,11.2,6.4,7.2,17.8,27.8,79.3,-8.3,-32.1,0.091,0.182,MSFT,,126,12.8,15.0,,False
351,STLD,"Steel Dynamics, Inc.",Basic Materials,Steel,Growth,36.7,255.77,250.18,12.5,16.3,10.0,0.0,ok,-0.5,ok,1.43,,False,38.3,13.4,0.6,33.4,14.7,17.6,54.8,25.5,20.0,0.18,0.214,AVGO,,126,16.3,11.0,,False
352,BKR,Baker Hughes Company,Energy,Oil & Gas Equipment & Services,Cyclical,64.3,64.82,61.58,16.0,12.3,10.0,0.0,ok,0.0,ok,-0.16,,False,38.3,20.5,6.9,-2.4,23.7,16.5,65.4,13.4,-7.2,0.155,0.187,BMNR,,126,12.3,14.0,,False
353,SWKS,"Skyworks Solutions, Inc.",Technology,Semiconductors,Core,10.5,69.62,66.42,13.5,14.7,10.0,0.0,ok,0.0,ok,-0.13,,False,38.2,14.0,4.3,-3.1,40.7,5.1,64.9,9.1,-0.4,0.267,0.348,AVGO,,126,14.7,14.0,,False
354,INVH,Invitation Homes Inc.,Real Estate,REIT - Residential,Core,18.0,30.29,29.83,19.0,12.7,10.0,0.0,ok,-3.5,ok,5.65,,False,38.2,44.7,6.5,10.1,56.3,7.1,60.9,9.9,-0.3,-0.125,0.274,AVGO,,126,12.7,16.0,,False
355,ARE,Alexandria Real Estate Equitie,Real Estate,REIT - Office,Speculative,8.3,48.14,50.81,15.0,18.1,10.0,0.0,ok,-5.0,ok,7.13,,False,38.1,,16.2,-11.9,68.2,-4.1,40.6,-3.4,-20.7,0.06,0.062,GOOG,,126,18.1,17.0,,False
356,GEHC,GE HealthCare Technologies Inc,Healthcare,Medical Devices,Core,33.3,73.69,70.01,17.5,12.0,10.0,0.0,ok,-1.5,ok,2.36,,False,38.0,13.6,4.7,5.8,39.5,19.4,78.7,1.1,-22.1,0.116,0.222,GOOG,,126,12.0,15.0,,False
357,KDP,Keurig Dr Pepper Inc.,Consumer Defensive,Beverages - Non-Alcoholic,Growth,42.8,31.44,31.1,20.0,13.0,10.0,0.0,ok,-5.0,ok,6.66,,False,38.0,12.4,10.8,75.6,51.0,5.1,60.2,10.0,-7.1,-0.14,0.172,AVGO,,126,13.0,17.0,,False
358,DVA,DaVita Inc.,Healthcare,Medical Care Facilities,Core,11.5,180.06,216.24,19.5,12.0,10.0,0.0,ok,-3.5,ok,4.5,,True,38.0,10.6,9.1,5.2,32.4,88.5,15.8,12.6,7.0,-0.05,0.171,GOOG,,126,17.8,15.0,,False
359,DD,"DuPont de Nemours, Inc.",Basic Materials,Specialty Chemicals,Cyclical,19.8,146.26,138.95,15.5,12.5,10.0,0.0,ok,0.0,ok,0.91,,False,38.0,18.4,9.3,4.0,35.1,1.8,61.4,136.2,179.7,-0.048,0.097,BMNR,,126,12.5,11.0,,False
360,AMCR,Amcor plc,Consumer Cyclical,Packaging & Containers,Core,21.3,46.03,43.73,17.5,13.0,10.0,0.0,ok,-2.5,ok,3.54,,False,38.0,10.1,,25.9,20.0,9.4,53.9,9.3,-20.8,0.183,0.304,GOOG,,126,13.0,11.0,fcf_yield_out_of_range(31.0),False
361,DLR,"Digital Realty Trust, Inc.",Real Estate,REIT - Specialty,Core,75.4,200.15,190.14,19.0,12.4,10.0,0.0,ok,-3.5,ok,5.66,,False,37.9,69.2,5.0,29.9,57.0,2.9,55.5,13.5,-2.5,0.178,0.212,BMNR,,126,12.4,16.0,,False
362,FDX,FedEx Corporation,Industrials,Integrated Freight & Logistics,Core,79.2,334.64,319.73,18.0,11.4,10.0,0.0,ok,-1.5,ok,2.48,,False,37.9,16.1,7.1,12.5,27.3,14.8,72.0,2.2,-24.2,0.187,0.236,GOOG,,126,11.4,14.0,,False
363,COHU,"Cohu, Inc.",Technology,Semiconductor Equipment & Mate,Growth,2.8,59.3,56.33,14.0,13.8,10.0,0.0,ok,0.0,ok,-13.22,,False,37.8,32.1,2.4,38.4,44.0,-4.8,65.3,55.1,79.9,0.41,0.491,AVGO,,126,13.8,14.0,,False
364,NRG,"NRG Energy, Inc.",Utilities,Utilities - Independent Power ,Core,26.5,126.24,132.88,17.0,15.8,10.0,0.0,ok,-5.0,ok,7.16,,False,37.8,11.5,2.9,11.0,18.8,23.8,42.0,-16.0,-40.4,0.201,0.208,AVGO,,126,15.8,18.0,,False
365,ZBH,"Zimmer Biomet Holdings, Inc.",Healthcare,Medical Devices,Core,19.2,100.65,95.62,17.0,12.3,10.0,0.0,ok,-1.5,ok,2.79,,False,37.8,11.1,5.7,4.8,69.9,6.4,69.8,10.9,-9.3,-0.061,0.13,AVGO,,126,12.3,17.0,,False
366,CPB,The Campbell's Company,Consumer Defensive,Packaged Foods,Speculative,6.9,23.17,22.29,16.0,15.2,10.0,0.0,ok,-3.5,ok,4.07,,False,37.7,11.9,8.7,-4.4,29.2,15.4,57.3,-4.6,-33.9,-0.164,0.29,AVGO,,126,15.2,16.0,,False
367,UAL,"United Airlines Holdings, Inc.",Industrials,Airlines,Core,40.7,125.34,122.46,17.0,12.2,10.0,0.0,ok,-1.5,ok,2.4,,False,37.7,8.1,2.2,16.0,31.8,23.3,55.8,17.2,0.8,0.36,0.313,GOOG,,126,12.2,14.0,,False
368,GRMN,Garmin Ltd.,Technology,Scientific & Technical Instrum,Core,59.8,310.2,294.69,17.0,10.6,10.0,0.0,ok,0.0,ok,-1.06,,False,37.6,28.2,1.7,11.4,60.1,21.9,85.0,33.8,31.1,0.16,0.165,GOOG,,126,10.6,15.0,,False
369,TGT,Target Corporation,Consumer Defensive,Discount Stores,Core,70.2,154.48,146.76,17.5,10.6,10.0,0.0,ok,-0.5,ok,1.89,,False,37.6,17.1,4.5,6.7,28.1,22.0,80.0,33.0,20.8,0.017,0.119,GOOG,,126,10.6,16.0,,False
370,ABT,Abbott Laboratories,Healthcare,Medical Devices,Core,192.5,111.25,105.69,17.0,12.1,10.0,0.0,ok,-1.5,ok,2.32,,False,37.6,18.3,3.7,13.0,56.8,10.6,72.2,4.2,-14.5,-0.088,0.28,AVGO,,126,12.1,16.0,,False
371,LII,"Lennox International, Inc.",Industrials,Building Products & Equipment,Core,14.6,422.01,512.0,16.0,12.0,10.0,0.0,ok,-0.5,ok,1.68,,True,37.5,16.0,1.9,3.0,33.3,71.8,21.2,-16.3,-39.2,0.178,0.256,NVDA,,126,15.8,14.0,,False
372,SMCI,"Super Micro Computer, Inc.",Technology,Computer Hardware,Growth,25.8,39.84,37.85,13.5,14.0,10.0,0.0,ok,0.0,ok,0.63,,False,37.5,7.6,-31.9,93.2,10.8,21.5,71.9,25.2,16.6,0.434,0.505,NVDA,,126,14.0,13.0,,False
373,ECL,Ecolab Inc.,Basic Materials,Specialty Chemicals,Cyclical,77.4,276.11,273.81,15.0,14.0,10.0,0.0,ok,-1.5,ok,2.12,,False,37.5,29.3,1.9,9.7,44.2,22.0,56.0,2.0,-21.4,0.013,0.2,GOOG,,126,14.0,12.0,,False
374,GNRC,Generac Holdlings Inc.,Industrials,Specialty Industrial Machinery,Core,12.9,219.3,238.35,15.5,12.5,10.0,0.0,ok,-0.5,ok,1.79,,False,37.5,18.6,2.2,10.6,39.5,9.5,65.4,6.6,-16.2,0.221,0.413,AVGO,,126,12.5,14.0,,False
375,HPQ,HP Inc.,Technology,Computer Hardware,Core,27.5,30.11,28.6,15.0,12.9,10.0,0.0,ok,-0.5,ok,1.52,,False,37.4,10.0,12.5,9.0,20.3,,64.1,34.8,45.0,0.068,0.074,AVGO,,126,12.9,13.0,,False
376,PEG,Public Service Enterprise Grou,Utilities,Utilities - Regulated Electric,Core,37.9,76.04,79.04,12.5,18.4,10.0,0.0,ok,-3.5,ok,5.49,,False,37.4,16.3,0.3,-8.9,33.3,11.8,28.5,-5.1,-25.1,-0.139,0.205,MSFT,,126,18.4,18.0,,False
377,MSI,"Motorola Solutions, Inc.",Technology,Communication Equipment,Core,77.2,466.51,443.18,19.5,9.4,10.0,0.0,ok,-1.5,ok,2.37,,False,37.4,24.4,2.6,13.3,52.1,91.6,70.4,12.2,-12.6,0.032,0.126,GOOG,,126,9.4,14.0,,False
378,VZ,Verizon Communications Inc.,Communication Services,Telecom Services,Core,201.4,48.48,46.06,18.5,11.3,10.0,0.0,ok,-2.5,ok,3.76,,False,37.3,9.2,8.7,-0.7,59.5,15.8,57.5,9.1,-13.5,-0.226,0.266,NVDA,,126,11.3,16.0,,False
379,BIIB,Biogen Inc.,Healthcare,Drug Manufacturers - General,Core,31.0,209.83,203.34,17.0,11.8,10.0,0.0,ok,-1.5,ok,2.1,,False,37.3,12.6,4.1,3.4,78.3,4.6,62.6,12.6,-7.1,-0.134,0.164,NVDA,,126,11.8,17.0,,False
380,NCLH,Norwegian Cruise Line Holdings,Consumer Cyclical,Travel Services,Speculative,8.7,19.01,19.65,14.5,17.8,10.0,0.0,ok,-5.0,ok,6.08,,False,37.3,11.1,-19.2,4.9,42.5,36.7,44.3,-5.3,-25.4,0.248,0.392,GOOG,,126,17.8,14.0,,False
381,CFG,"Citizens Financial Group, Inc.",Financial Services,Banks - Regional,Core,31.5,74.73,70.99,16.0,11.3,10.0,0.0,ok,0.0,financial_na,,,False,37.3,11.5,,14.7,0.0,8.3,69.0,20.2,1.7,0.205,0.272,BMNR,,126,11.3,14.0,,False
382,ONTO,Onto Innovation Inc.,Technology,Semiconductor Equipment & Mate,Growth,20.3,331.71,315.12,14.0,13.3,10.0,0.0,ok,0.0,ok,-1.36,,False,37.3,28.7,1.0,35.3,54.9,6.8,64.4,44.5,38.8,0.407,0.518,AVGO,,126,13.3,14.0,,False
383,O,Realty Income Corporation,Real Estate,REIT - Retail,Core,59.4,62.74,63.0,15.5,15.2,10.0,0.0,ok,-3.5,ok,5.74,,False,37.2,36.8,2.7,9.6,92.7,3.2,25.5,3.0,-17.1,-0.227,0.255,NVDA,,126,15.2,17.0,,False
384,ZBRA,Zebra Technologies Corporation,Technology,Communication Equipment,Core,17.8,376.03,357.23,18.0,10.7,10.0,0.0,ok,-1.5,ok,2.37,,False,37.2,16.9,3.2,20.4,49.6,15.3,88.5,50.6,28.2,0.32,0.297,AVGO,,126,10.7,14.0,,False
385,KIM,Kimco Realty Corporation (HC),Real Estate,REIT - Retail,Core,16.4,24.41,25.2,17.0,15.1,10.0,0.0,ok,-5.0,ok,6.12,,False,37.1,27.3,5.3,4.9,68.9,5.8,16.2,7.8,-5.2,-0.119,0.168,AVGO,,126,15.1,17.0,,False
386,WST,"West Pharmaceutical Services, ",Healthcare,Medical Instruments & Supplies,Core,24.6,349.42,345.09,14.5,12.6,10.0,0.0,ok,0.0,ok,-0.13,,False,37.1,35.1,1.1,13.8,36.8,19.1,72.3,21.2,25.7,0.061,0.115,GOOG,,126,12.6,15.0,,False
387,PLAB,"Photronics, Inc.",Technology,Semiconductor Equipment & Mate,Speculative,2.0,33.32,31.65,12.5,14.6,10.0,0.0,ok,0.0,ok,-2.31,,False,37.1,16.5,2.0,-0.5,33.8,13.2,67.5,-4.9,-28.0,0.332,0.399,AVGO,,126,14.6,13.0,,False
388,TAP,Molson Coors Beverage Company,Consumer Defensive,Beverages - Brewers,Speculative,8.0,42.77,40.66,13.5,15.1,10.0,0.0,ok,-1.5,ok,2.56,,False,37.1,8.7,11.7,-3.3,37.0,-19.5,59.6,-3.0,-32.7,-0.191,0.278,BMNR,,126,15.1,16.0,,False
389,FCX,"Freeport-McMoRan, Inc.",Basic Materials,Copper,Cyclical,93.1,66.49,64.11,15.0,12.0,10.0,0.0,ok,0.0,ok,0.66,,False,37.0,16.1,2.3,-7.3,38.3,14.8,58.6,14.0,-7.8,0.497,0.507,NVDA,,126,12.0,11.0,,False
390,BMNR,BitMine Immersion Technologies,Financial Services,Capital Markets,Growth,10.9,18.08,17.18,14.0,15.0,10.0,-2.0,ok,0.0,financial_na,,,False,37.0,19.2,-4.8,2167.8,84.4,-150.9,51.1,-23.6,-27.6,0.537,0.446,NVDA,,126,15.0,16.0,,True
391,AMGN,Amgen Inc.,Healthcare,Drug Manufacturers - General,Core,224.6,415.21,394.45,19.5,9.0,10.0,0.0,ok,-1.5,ok,2.51,,False,37.0,17.1,3.8,9.5,71.9,91.5,73.1,19.8,-0.6,-0.028,0.106,MSFT,,126,9.0,17.0,,False
392,DHR,Danaher Corporation,Healthcare,Diagnostics & Research,Core,142.3,202.45,192.99,14.5,14.0,10.0,0.0,ok,-1.5,ok,2.93,,False,37.0,21.8,3.0,5.5,58.8,7.6,58.9,-0.2,-18.5,0.023,0.161,AVGO,,126,14.0,16.0,,False
393,TKO,"TKO Group Holdings, Inc.",Communication Services,Entertainment,Core,38.1,201.28,193.4,16.5,11.9,10.0,0.0,ok,-1.5,ok,2.69,,False,36.9,50.5,2.2,18.2,59.5,7.1,77.2,2.5,-16.1,0.166,0.184,BMNR,,126,11.9,14.0,,False
394,SHW,Sherwin-Williams Company (The),Basic Materials,Specialty Chemicals,Cyclical,87.2,359.1,341.15,18.5,10.9,10.0,0.0,ok,-2.5,ok,3.13,,False,36.9,26.4,2.9,7.5,49.0,65.1,65.8,7.6,-16.3,0.199,0.308,GOOG,,126,10.9,12.0,,False
395,PWR,"Quanta Services, Inc.",Industrials,Engineering & Construction,Growth,103.1,685.78,672.82,13.5,14.8,10.0,0.0,ok,-1.5,ok,2.0,,False,36.8,34.9,1.9,41.1,15.5,15.3,62.3,19.6,17.0,0.374,0.364,BMNR,,126,14.8,14.0,,False
396,BSX,Boston Scientific Corporation,Healthcare,Medical Devices,Core,75.1,51.83,49.24,17.0,11.3,10.0,0.0,ok,-1.5,ok,2.12,,False,36.8,15.1,3.3,7.5,69.2,15.3,84.6,-26.7,-44.5,0.081,0.165,MSFT,,126,11.3,17.0,,False
397,RVTY,"Revvity, Inc.",Healthcare,Diagnostics & Research,Core,13.0,116.84,111.0,16.0,12.3,10.0,0.0,ok,-1.5,ok,2.65,,False,36.8,19.8,4.6,1.3,55.0,3.2,69.3,17.0,7.9,0.201,0.189,GOOG,,126,12.3,16.0,,False
398,CHD,"Church & Dwight Company, Inc.",Consumer Defensive,Household & Personal Products,Core,24.0,101.3,98.34,16.0,11.2,10.0,0.0,ok,-0.5,ok,1.6,,False,36.7,25.1,3.9,1.6,45.6,17.0,60.8,8.4,-13.7,-0.105,0.234,AVGO,,126,11.2,17.0,,False
399,NUE,Nucor Corporation,Basic Materials,Steel,Cyclical,61.0,268.91,255.46,14.0,12.7,10.0,0.0,ok,0.0,ok,0.78,,False,36.7,14.3,1.1,23.0,15.6,14.5,68.1,36.1,33.4,0.188,0.218,AVGO,,126,12.7,11.0,,False
400,PCAR,PACCAR Inc.,Industrials,Farm & Heavy Construction Mach,Core,68.8,130.79,125.24,13.0,14.2,10.0,0.0,ok,-0.5,ok,1.88,,False,36.7,18.3,2.8,0.5,13.7,12.8,44.7,11.7,-10.6,0.211,0.271,BMNR,,126,14.2,14.0,,False
401,XYZ,"Block, Inc.",Technology,Software - Infrastructure,Core,49.8,82.88,78.74,11.0,15.7,10.0,0.0,ok,0.0,ok,0.28,,False,36.7,16.0,-0.1,9.3,46.6,1.6,54.2,22.1,52.5,0.379,0.31,BMNR,,126,15.7,16.0,,False
402,INTC,Intel Corporation,Technology,Semiconductors,Core,541.8,102.5,109.4,13.0,14.1,10.0,0.0,ok,-0.5,ok,1.24,,False,36.6,50.2,0.9,25.4,38.9,-10.7,61.5,46.1,105.2,0.415,0.478,AVGO,,126,14.1,13.0,,False
403,HUBB,Hubbell Inc,Industrials,Electrical Equipment & Parts,Core,27.0,511.39,494.51,16.0,13.1,10.0,0.0,ok,-2.5,ok,3.41,,False,36.6,22.4,1.8,15.3,35.3,24.4,54.6,5.7,-16.1,0.188,0.325,NVDA,,126,13.1,14.0,,False
404,MDT,Medtronic plc.,Healthcare,Medical Devices,Core,116.8,91.27,86.71,15.5,11.6,10.0,0.0,ok,-0.5,ok,1.97,,False,36.6,14.2,4.0,9.9,65.3,9.8,76.6,2.3,-21.4,-0.053,0.242,AVGO,,126,11.6,17.0,,False
405,IP,International Paper Company,Consumer Cyclical,Packaging & Containers,Core,21.6,40.74,38.7,13.5,14.6,10.0,0.0,ok,-1.5,ok,2.33,,False,36.6,13.6,7.6,-2.2,29.6,-16.5,43.1,6.8,-30.1,0.107,0.205,NVDA,,126,14.6,11.0,,False
406,EXR,Extra Space Storage Inc,Real Estate,REIT - Industrial,Core,32.6,147.9,147.37,17.0,13.1,10.0,0.0,ok,-3.5,ok,5.94,,False,36.6,31.1,4.6,3.8,74.9,7.0,49.0,5.9,-11.7,-0.038,0.177,GOOG,,126,13.1,17.0,,False
407,BEN,"Franklin Resources, Inc.",Financial Services,Asset Management,Core,17.2,33.86,33.18,11.5,15.1,10.0,0.0,ok,0.0,financial_na,,,False,36.6,10.7,-17.4,14.3,37.7,7.9,54.4,23.5,13.2,0.45,0.416,GOOG,,126,15.1,14.0,,False
408,LYB,LyondellBasell Industries NV,Basic Materials,Specialty Chemicals,Cyclical,20.6,63.76,60.57,14.5,14.5,10.0,0.0,ok,-2.5,ok,3.27,,False,36.5,9.9,6.0,19.8,12.9,-2.3,62.9,8.9,-1.9,-0.176,0.202,GOOG,,126,14.5,11.0,,False
409,SOLV,Solventum Corporation,Healthcare,Medical Instruments & Supplies,Core,15.1,88.59,84.16,18.5,11.5,10.0,0.0,ok,-3.5,ok,4.29,,False,36.5,12.3,3.2,2.2,54.8,34.0,65.2,16.6,3.4,0.099,0.257,GOOG,,126,11.5,16.0,,False
410,TFC,Truist Financial Corporation,Financial Services,Banks - Regional,Core,64.9,53.1,51.12,15.0,11.5,10.0,0.0,ok,0.0,financial_na,,,False,36.5,10.7,,8.2,0.0,9.1,59.3,9.1,-10.5,0.106,0.187,BMNR,,126,11.5,14.0,,False
411,ES,Eversource Energy (D/B/A),Utilities,Utilities - Regulated Electric,Core,27.2,72.36,72.36,14.5,15.5,10.0,0.0,ok,-3.5,ok,5.67,,False,36.5,14.7,3.0,2.3,52.8,9.0,37.0,4.4,-13.0,-0.169,0.179,MSFT,,126,15.5,19.0,,False
412,ADM,Archer-Daniels-Midland Company,Consumer Defensive,Farm Products,Core,38.8,80.45,80.03,11.5,16.5,10.0,0.0,ok,-1.5,ok,2.75,,False,36.5,14.3,3.0,7.2,6.9,7.6,41.5,14.6,2.7,-0.107,0.121,GOOG,,126,16.5,16.0,,False
413,RCL,Royal Caribbean Cruises Ltd.,Consumer Cyclical,Travel Services,Core,81.6,305.0,301.89,15.0,13.9,10.0,0.0,ok,-2.5,ok,3.27,,False,36.4,15.0,-1.9,6.5,50.3,44.7,50.0,6.8,-18.0,0.359,0.404,GOOG,,126,13.9,14.0,,False
414,MRK,"Merck & Company, Inc.",Healthcare,Drug Manufacturers - General,Core,335.1,135.84,129.05,16.0,10.8,10.0,0.0,ok,-0.5,ok,1.62,,False,36.3,14.2,4.5,5.1,75.9,7.0,66.9,19.9,-1.2,-0.231,0.257,AVGO,,126,10.8,17.0,,False
415,CASY,"Caseys General Stores, Inc.",Consumer Cyclical,Specialty Retail,Core,31.3,846.45,835.24,11.5,15.3,10.0,0.0,ok,-0.5,ok,1.6,,False,36.3,35.8,1.8,14.5,24.6,19.2,47.5,19.9,13.3,-0.088,0.13,MSFT,,126,15.3,11.0,,False
416,ISRG,"Intuitive Surgical, Inc.",Healthcare,Medical Instruments & Supplies,Core,141.3,394.51,391.61,15.5,10.8,10.0,0.0,ok,0.0,ok,-1.25,,False,36.3,32.7,1.9,18.5,66.7,17.4,71.9,-17.3,-32.7,0.28,0.33,GOOG,,126,10.8,17.0,,False
417,TSN,"Tyson Foods, Inc.",Consumer Defensive,Farm Products,Core,20.5,58.17,57.79,11.0,16.8,10.0,0.0,ok,-1.5,ok,2.62,,False,36.3,13.0,5.8,-0.1,6.6,3.3,39.6,-3.0,-22.2,-0.1,0.229,NVDA,,126,16.8,16.0,,False
418,TRGP,"Targa Resources, Inc.",Energy,Oil & Gas Midstream,Cyclical,59.1,275.79,269.67,16.0,12.8,10.0,0.0,ok,-2.5,ok,3.54,,False,36.3,23.0,0.1,4.2,43.2,70.8,56.0,21.3,9.9,-0.245,0.204,AVGO,,126,12.8,13.0,,False
419,SBAC,SBA Communications Corporation,Real Estate,REIT - Specialty,Core,19.6,185.2,186.35,16.5,14.8,10.0,0.0,ok,-5.0,ok,8.12,,False,36.3,22.6,3.8,2.3,74.2,,61.9,-4.1,-21.0,-0.032,0.169,AVGO,,126,14.8,17.0,,False
420,KHC,The Kraft Heinz Company,Consumer Defensive,Packaged Foods,Core,30.3,25.51,24.79,13.5,14.3,10.0,0.0,ok,-1.5,ok,2.97,,False,36.3,12.2,10.7,-1.4,33.5,-8.8,45.4,7.4,-9.3,-0.075,0.204,AVGO,,126,14.3,16.0,,False
421,DIS,Walt Disney Company (The),Communication Services,Entertainment,Core,184.5,106.85,101.51,14.5,12.3,10.0,0.0,ok,-0.5,ok,1.95,,False,36.3,14.4,2.6,6.8,37.6,8.0,75.8,2.6,-12.6,0.227,0.33,GOOG,,126,12.3,13.0,,False
422,SJM,The J.M. Smucker Company,Consumer Defensive,Packaged Foods,Core,13.0,121.39,115.32,16.0,12.7,10.0,0.0,ok,-2.5,ok,3.67,,False,36.2,11.3,7.8,5.8,34.3,-2.4,50.7,16.7,-2.8,-0.245,0.333,AVGO,,126,12.7,16.0,,False
423,WELL,Welltower Inc.,Real Estate,REIT - Healthcare Facilities,Growth,169.7,235.52,228.88,14.0,15.7,10.0,0.0,ok,-3.5,ok,5.32,,False,36.2,72.9,1.6,39.1,39.6,3.8,35.8,14.2,-1.3,-0.233,0.303,AVGO,,126,15.7,15.0,,False
424,MTB,M&T Bank Corporation,Financial Services,Banks - Regional,Core,36.7,254.09,241.39,15.5,10.7,10.0,0.0,ok,0.0,financial_na,,,False,36.2,12.1,,6.2,0.0,10.7,61.7,17.8,-2.0,0.112,0.203,GOOG,,126,10.7,14.0,,False
425,FN,Fabrinet,Technology,Electronic Components,Growth,20.4,570.22,541.71,11.5,14.6,10.0,0.0,ok,0.0,ok,-1.96,,False,36.1,32.9,-0.4,39.3,12.0,20.0,65.5,6.3,1.2,0.365,0.457,AVGO,,126,14.6,13.0,,False
426,MTD,"Mettler-Toledo International, ",Healthcare,Diagnostics & Research,Core,28.4,1419.02,1348.07,16.5,10.0,10.0,0.0,ok,-0.5,ok,1.64,,False,36.0,27.5,2.4,4.5,60.3,,71.9,7.4,-9.6,0.148,0.164,GOOG,,126,10.0,17.0,,False
427,ATO,Atmos Energy Corporation,Utilities,Utilities - Regulated Gas,Core,28.7,169.92,173.29,11.5,17.0,10.0,0.0,ok,-2.5,ok,3.74,,False,36.0,18.8,-7.7,4.8,62.2,9.8,22.2,-3.2,-18.6,-0.31,0.318,MSFT,,126,17.0,20.0,,False
428,PFE,"Pfizer, Inc.",Healthcare,Drug Manufacturers - General,Core,152.7,26.79,25.45,18.0,9.4,10.0,0.0,ok,-1.5,ok,2.04,,False,35.9,9.3,8.2,2.6,74.7,5.0,74.7,5.1,-15.2,-0.026,0.149,AVGO,,126,9.4,17.0,,False
429,HRL,Hormel Foods Corporation,Consumer Defensive,Packaged Foods,Core,13.5,24.54,24.87,10.5,15.3,10.0,0.0,ok,0.0,ok,-0.26,,False,35.8,15.7,3.5,-2.9,15.8,5.8,25.9,6.2,-9.2,-0.088,0.153,AVGO,,126,15.3,16.0,,False
430,LYV,"Live Nation Entertainment, Inc",Communication Services,Entertainment,Core,43.9,188.46,179.04,14.5,11.8,10.0,0.0,ok,-0.5,ok,1.43,,False,35.8,99.8,3.9,9.4,25.8,17.7,61.8,19.6,5.2,0.208,0.252,GOOG,,126,11.8,13.0,,False
431,HPE,Hewlett Packard Enterprise Com,Technology,Communication Equipment,Growth,77.7,58.71,55.77,16.5,10.6,10.0,0.0,ok,-1.5,ok,2.84,,False,35.6,14.5,4.9,40.0,33.8,6.3,73.5,89.9,146.5,0.329,0.497,AVGO,,126,10.6,13.0,,False
432,REGN,"Regeneron Pharmaceuticals, Inc",Healthcare,Biotechnology,Core,82.7,803.48,763.31,17.0,8.6,10.0,0.0,ok,0.0,ok,-1.12,,False,35.6,13.4,3.7,16.7,44.5,14.0,90.1,11.6,-13.7,0.218,0.241,BMNR,,126,8.6,16.0,,False
433,NDSN,Nordson Corporation,Industrials,Specialty Industrial Machinery,Core,17.2,308.72,295.17,16.0,11.1,10.0,0.0,ok,-1.5,ok,2.05,,False,35.6,24.6,3.3,8.5,55.2,17.1,64.8,13.5,-10.0,0.244,0.315,AVGO,,126,11.1,15.0,,False
434,CNC,Centene Corporation,Healthcare,Healthcare Plans,Core,33.3,67.47,64.93,13.0,12.6,10.0,0.0,ok,0.0,ok,-2.38,,False,35.6,12.7,28.9,4.6,11.4,-20.4,58.1,40.2,52.4,-0.016,0.107,AVGO,,126,12.6,15.0,,False
435,CBRE,CBRE Group Inc,Real Estate,Real Estate Services,Core,44.3,152.86,145.22,14.0,15.0,10.0,0.0,ok,-3.5,ok,4.21,,False,35.5,16.9,3.7,15.5,18.6,15.8,64.8,3.7,-6.5,0.166,0.235,MSFT,,126,15.0,17.0,,False
436,CLX,Clorox Company (The),Consumer Defensive,Household & Personal Products,Core,12.8,105.7,100.41,15.0,14.0,10.0,0.0,ok,-3.5,ok,4.79,,False,35.5,16.6,0.9,-2.0,42.3,163.8,66.0,3.2,-28.9,-0.002,0.293,GOOG,,126,14.0,17.0,,False
437,J,Jacobs Solutions Inc.,Industrials,Engineering & Construction,Growth,16.9,144.66,137.43,13.5,13.5,10.0,0.0,ok,-1.5,ok,2.72,,False,35.5,17.5,3.8,34.5,22.1,8.0,63.9,8.7,-4.7,0.111,0.115,BMNR,,126,13.5,14.0,,False
438,STT,State Street Corporation,Financial Services,Asset Management,Core,52.7,191.74,182.15,13.0,12.5,10.0,0.0,ok,0.0,financial_na,,,False,35.5,12.5,,-2.8,0.0,12.4,61.6,34.2,36.9,0.351,0.379,NVDA,,126,12.5,14.0,,False
439,WMT,Walmart Inc.,Consumer Defensive,Discount Stores,Core,917.3,115.27,114.49,12.0,13.9,10.0,0.0,ok,-0.5,ok,1.45,,False,35.4,35.1,0.7,7.3,25.0,24.1,63.4,-2.3,-27.5,-0.16,0.192,AVGO,,126,13.9,16.0,,False
440,DGX,Quest Diagnostics Incorporated,Healthcare,Diagnostics & Research,Core,25.9,234.4,222.68,15.5,11.3,10.0,0.0,ok,-1.5,ok,2.55,,False,35.3,19.4,3.5,10.2,33.2,14.6,56.6,19.6,-0.1,-0.236,0.264,AVGO,,126,11.3,15.0,,False
441,BALL,Ball Corporation,Consumer Cyclical,Packaging & Containers,Core,16.4,61.82,61.04,14.0,13.8,10.0,0.0,ok,-2.5,ok,3.41,,False,35.3,13.7,2.3,19.7,18.6,17.2,34.3,6.9,-21.7,0.01,0.133,GOOG,,126,13.8,11.0,,False
442,CAG,"ConAgra Brands, Inc.",Consumer Defensive,Packaged Foods,Speculative,7.5,15.62,14.84,14.5,14.3,10.0,0.0,ok,-3.5,ok,4.17,,False,35.3,10.1,11.5,3.6,24.0,-25.1,55.7,0.1,-32.8,-0.154,0.311,AVGO,,126,14.3,16.0,,False
443,PSKY,Paramount Skydance Corporation,Communication Services,Entertainment,Core,11.4,10.14,9.63,14.5,14.2,10.0,0.0,ok,-3.5,ok,4.4,,False,35.2,11.8,,0.9,33.3,-0.9,90.1,-10.5,-15.1,0.074,0.104,MSFT,,126,14.2,13.0,fcf_yield_out_of_range(154.6),False
444,CAH,"Cardinal Health, Inc.",Healthcare,Medical Distribution,Core,54.7,235.17,229.23,14.0,11.7,10.0,0.0,ok,-0.5,ok,1.21,,False,35.2,16.8,8.7,5.8,3.8,,56.5,10.8,-7.1,-0.153,0.256,AVGO,,126,11.7,15.0,,False
445,DRI,"Darden Restaurants, Inc.",Consumer Cyclical,Restaurants,Core,25.6,225.26,214.0,18.0,9.7,10.0,0.0,ok,-2.5,ok,3.7,,False,35.2,18.2,3.1,13.7,21.7,53.7,71.1,14.4,-6.6,-0.085,0.125,MSFT,,126,9.7,11.0,,False
446,JCI,Johnson Controls International,Industrials,Building Products & Equipment,Core,93.1,153.64,145.96,16.0,10.6,10.0,0.0,ok,-1.5,ok,2.04,,False,35.1,25.6,3.2,9.3,36.7,14.3,65.5,15.8,-3.2,0.255,0.376,AVGO,,126,10.6,14.0,,False
447,BAX,Baxter International Inc.,Healthcare,Medical Instruments & Supplies,Core,13.8,26.73,25.39,14.5,13.1,10.0,0.0,ok,-2.5,ok,3.99,,False,35.1,13.1,7.2,5.3,34.1,-14.4,67.7,35.0,21.2,0.259,0.27,MSFT,,126,13.1,15.0,,False
448,BLDR,"Builders FirstSource, Inc.",Industrials,Building Products & Equipment,Speculative,7.8,72.51,76.25,13.5,15.1,10.0,0.0,ok,-3.5,ok,5.06,,False,35.1,16.2,6.0,-8.8,29.2,2.5,49.7,-22.2,-50.7,0.205,0.304,NVDA,,126,15.1,14.0,,False
449,TDY,Teledyne Technologies Incorpor,Technology,Scientific & Technical Instrum,Core,31.5,679.67,645.69,14.5,11.1,10.0,0.0,ok,-0.5,ok,1.06,,False,35.1,25.4,2.9,9.8,43.3,9.2,62.1,12.3,-11.0,0.394,0.387,NVDA,,126,11.1,14.0,,False
450,SWK,"Stanley Black & Decker, Inc.",Industrials,Tools & Accessories,Core,15.4,102.07,96.97,15.5,11.1,10.0,0.0,ok,-1.5,ok,2.58,,False,35.1,16.0,9.2,0.4,32.2,6.9,67.2,28.8,-0.6,0.229,0.268,GOOG,,126,11.1,14.0,,False
451,LUV,Southwest Airlines Company,Industrials,Airlines,Core,21.7,44.26,47.12,10.5,15.0,10.0,0.0,ok,-0.5,ok,1.33,,False,35.0,8.9,-3.9,16.4,22.4,11.1,46.1,4.6,-26.9,0.375,0.378,GOOG,,126,15.0,14.0,,False
452,EQIX,"Equinix, Inc.",Real Estate,REIT - Specialty,Core,108.7,1102.1,1051.22,17.0,11.5,10.0,0.0,ok,-3.5,ok,4.93,,False,35.0,58.4,3.5,16.7,52.0,10.7,61.6,17.2,2.0,0.111,0.168,NVDA,,126,11.5,16.0,,False
453,NEE,"NextEra Energy, Inc.",Utilities,Utilities - Regulated Electric,Core,179.8,86.19,87.12,14.0,16.0,10.0,0.0,ok,-5.0,ok,7.35,,False,35.0,19.5,-9.9,12.4,61.0,11.7,33.5,-1.5,-21.4,-0.103,0.264,MSFT,,126,16.0,20.0,,False
454,AXON,"Axon Enterprise, Inc.",Industrials,Aerospace & Defense,Growth,49.8,612.83,582.19,14.0,16.0,10.0,0.0,ok,-5.0,ok,7.01,,False,35.0,58.0,0.4,35.3,59.5,6.2,61.4,20.2,28.7,0.293,0.345,MSFT,,126,16.0,15.0,,False
455,DELL,Dell Technologies Inc.,Technology,Computer Hardware,Growth,317.1,490.81,466.27,13.0,12.5,10.0,0.0,ok,-0.5,ok,1.45,,False,35.0,22.3,1.7,87.5,19.2,,61.5,114.0,305.1,0.286,0.349,AVGO,,126,12.5,13.0,,False
456,WEC,"WEC Energy Group, Inc.",Utilities,Utilities - Regulated Electric,Core,36.0,110.52,113.1,12.0,16.4,10.0,0.0,ok,-3.5,ok,5.79,,False,34.9,18.4,-6.5,2.6,41.9,12.0,36.4,-0.5,-17.6,-0.317,0.307,AVGO,,126,16.4,19.0,,False
457,ETR,Entergy Corporation,Utilities,Utilities - Regulated Electric,Core,50.3,107.84,111.67,12.0,16.4,10.0,0.0,ok,-3.5,ok,5.56,,False,34.9,21.2,-8.7,5.9,47.0,10.2,32.1,3.6,-10.7,-0.167,0.244,MSFT,,126,16.4,19.0,,False
458,AWK,"American Water Works Company, ",Utilities,Utilities - Regulated Water,Core,27.1,136.2,131.51,13.0,15.4,10.0,0.0,ok,-3.5,ok,5.44,,False,34.9,20.7,-6.6,6.2,61.5,10.1,54.6,4.8,-11.1,-0.4,0.346,AVGO,,126,15.4,20.0,,False
459,MDLZ,"Mondelez International, Inc.",Consumer Defensive,Confectioners,Core,81.2,63.61,61.21,16.0,11.3,10.0,0.0,ok,-2.5,ok,3.35,,False,34.8,18.9,2.8,4.1,31.1,13.3,62.4,9.1,-11.4,-0.28,0.305,AVGO,,126,11.3,16.0,,False
460,SLB,SLB Limited,Energy,Oil & Gas Equipment & Services,Cyclical,79.8,53.77,51.08,13.0,12.2,10.0,0.0,ok,-0.5,ok,1.18,,False,34.7,16.6,3.7,5.0,17.0,12.9,57.4,13.2,-7.2,0.078,0.119,AVGO,,126,12.2,14.0,,False
461,PANW,"Palo Alto Networks, Inc.",Technology,Software - Infrastructure,Growth,313.2,384.27,365.06,14.0,10.7,10.0,0.0,ok,0.0,ok,-0.66,,False,34.7,93.3,1.1,31.1,72.0,4.8,78.8,72.8,116.3,0.389,0.391,MSFT,,126,10.7,17.0,,False
462,CRWD,"CrowdStrike Holdings, Inc.",Technology,Software - Infrastructure,Core,220.9,216.95,386.8,13.0,11.7,10.0,0.0,ok,0.0,ok,-62.9,,False,34.7,138.5,0.9,25.6,75.1,-0.2,75.1,-52.4,-63.4,0.203,0.21,AVGO,,126,11.7,17.0,,False
463,SO,Southern Company (The),Utilities,Utilities - Regulated Electric,Core,106.8,92.8,94.55,12.5,15.6,10.0,0.0,ok,-3.5,ok,5.2,,False,34.6,18.8,-3.7,0.1,48.3,11.5,27.6,1.1,-14.6,-0.286,0.269,AVGO,,126,15.6,19.0,,False
464,EIX,Edison International,Utilities,Utilities - Regulated Electric,Core,27.5,71.41,74.0,13.5,14.6,10.0,0.0,ok,-3.5,ok,4.85,,False,34.6,11.0,0.3,-4.1,61.0,19.7,32.5,6.5,-12.8,-0.188,0.237,MSFT,,126,14.6,20.0,,False
465,CARR,Carrier Global Corporation,Industrials,Building Products & Equipment,Core,51.8,62.78,68.05,10.5,16.5,10.0,0.0,ok,-2.5,ok,3.57,,False,34.5,19.0,1.7,3.9,24.7,9.0,32.8,2.9,-17.6,0.2,0.29,GOOG,,126,16.5,14.0,,False
466,IEX,IDEX Corporation,Industrials,Specialty Industrial Machinery,Core,17.6,238.94,226.99,16.0,9.0,10.0,0.0,ok,-0.5,ok,1.31,,False,34.5,24.9,3.2,6.4,44.7,13.0,71.2,18.9,-0.3,0.149,0.211,AVGO,,126,9.0,15.0,,False
467,HII,"Huntington Ingalls Industries,",Industrials,Aerospace & Defense,Core,12.9,327.71,311.32,10.5,15.3,10.0,0.0,ok,-1.5,ok,2.5,,False,34.3,15.7,-2.3,10.9,12.4,13.0,68.6,-5.9,-35.4,0.211,0.286,MSFT,,126,15.3,14.0,,False
468,HLT,Hilton Worldwide Holdings Inc.,Consumer Cyclical,Lodging,Core,73.6,327.21,331.04,14.0,13.8,10.0,0.0,ok,-3.5,ok,4.21,,False,34.3,31.3,1.9,2.5,79.0,,47.2,6.1,-9.8,0.229,0.321,GOOG,,126,13.8,13.0,,False
469,WULF,TeraWulf Inc.,Financial Services,Capital Markets,Speculative,8.7,17.38,21.66,7.0,17.3,10.0,0.0,ok,0.0,financial_na,,,False,34.3,,-2.7,-6.0,,-1211.8,47.6,-1.9,-7.0,0.478,0.459,BMNR,,126,17.3,16.0,,False
470,GPC,Genuine Parts Company,Consumer Cyclical,Auto Parts,Core,18.6,135.03,128.28,14.5,11.2,10.0,0.0,ok,-1.5,ok,2.97,,False,34.2,16.3,4.9,6.0,37.6,0.7,64.1,13.9,-21.3,0.032,0.137,GOOG,,126,11.2,11.0,,False
471,LH,Labcorp Holdings Inc.,Healthcare,Diagnostics & Research,Core,25.8,318.13,302.22,14.5,11.2,10.0,0.0,ok,-1.5,ok,2.88,,False,34.2,16.1,3.5,5.8,28.9,11.7,64.6,18.0,-1.0,0.02,0.165,MSFT,,126,11.2,15.0,,False
472,COO,"The Cooper Companies, Inc.",Healthcare,Medical Instruments & Supplies,Core,14.9,76.17,72.36,14.5,11.1,10.0,0.0,ok,-1.5,ok,2.92,,False,34.1,15.2,2.9,7.9,65.6,2.9,75.1,4.0,-22.1,-0.009,0.203,GOOG,,126,11.1,17.0,,False
473,NI,NiSource Inc,Utilities,Utilities - Regulated Gas,Core,20.4,42.5,45.91,10.5,17.1,10.0,0.0,ok,-3.5,ok,5.74,,False,34.1,18.9,-8.7,4.6,51.0,8.5,24.3,-5.4,-21.6,-0.116,0.134,AVGO,,126,17.1,19.0,,False
474,CPT,Camden Property Trust,Real Estate,REIT - Residential,Core,11.1,110.36,112.86,11.0,16.5,10.0,0.0,ok,-3.5,ok,5.4,,False,34.0,101.2,1.3,-0.8,61.6,7.9,43.4,4.0,-11.1,-0.182,0.302,AVGO,,126,16.5,17.0,,False
475,AEP,American Electric Power Compan,Utilities,Utilities - Regulated Electric,Core,68.4,125.6,131.11,12.0,15.4,10.0,0.0,ok,-3.5,ok,5.86,,False,33.9,18.3,-8.8,7.0,46.4,10.1,24.4,-0.1,-16.5,-0.251,0.267,MSFT,,126,15.4,19.0,,False
476,AEE,Ameren Corporation,Utilities,Utilities - Regulated Electric,Core,30.4,109.74,110.9,11.0,16.3,10.0,0.0,ok,-3.5,ok,5.57,,False,33.8,18.9,-5.9,-6.2,52.4,11.9,39.7,2.5,-14.3,-0.261,0.263,AVGO,,126,16.3,19.0,,False
477,ED,"Consolidated Edison, Inc.",Utilities,Utilities - Regulated Electric,Core,40.2,108.8,109.61,12.0,15.3,10.0,0.0,ok,-3.5,ok,4.36,,False,33.8,16.8,-2.1,13.2,53.4,9.0,38.1,3.0,-16.7,-0.448,0.391,AVGO,,126,15.3,19.0,,False
478,LNT,Alliant Energy Corporation,Utilities,Utilities - Regulated Electric,Core,18.3,70.6,73.52,12.0,16.7,10.0,0.0,ok,-5.0,ok,6.61,,False,33.7,19.2,-6.2,1.0,44.5,11.1,31.8,1.1,-14.0,-0.282,0.266,MSFT,,126,16.7,19.0,,False
479,PKG,Packaging Corporation of Ameri,Consumer Cyclical,Packaging & Containers,Core,22.8,255.48,242.71,13.0,11.2,10.0,0.0,ok,-0.5,ok,1.91,,False,33.7,19.7,1.9,14.7,21.4,14.9,54.8,16.6,-9.6,0.072,0.129,NVDA,,126,11.2,11.0,,False
480,AKAM,"Akamai Technologies, Inc.",Technology,Software - Infrastructure,Core,18.0,124.99,122.66,14.5,12.7,10.0,0.0,ok,-3.5,ok,5.54,,False,33.7,17.4,4.0,5.4,57.5,8.9,61.9,16.4,-2.1,0.205,0.235,AVGO,,126,12.7,16.0,,False
481,DUK,Duke Energy Corporation (Holdi,Utilities,Utilities - Regulated Electric,Core,96.6,123.92,125.63,11.0,16.1,10.0,0.0,ok,-3.5,ok,5.51,,False,33.6,17.3,-4.6,1.1,52.0,9.9,34.0,0.5,-16.4,-0.371,0.329,AVGO,,126,16.1,19.0,,False
482,FE,FirstEnergy Corp.,Utilities,Utilities - Regulated Electric,Core,27.4,47.41,47.8,11.5,15.5,10.0,0.0,ok,-3.5,ok,5.33,,False,33.5,16.0,-7.3,8.8,68.6,9.5,29.5,0.9,-18.3,-0.211,0.3,AVGO,,126,15.5,20.0,,False
483,WMB,"Williams Companies, Inc. (The)",Energy,Oil & Gas Midstream,Cyclical,92.0,75.2,73.23,15.0,12.0,10.0,0.0,ok,-3.5,ok,4.35,,False,33.5,28.7,-1.6,7.8,63.6,21.5,68.2,9.4,-9.1,-0.137,0.168,MSFT,,126,12.0,14.0,,False
484,SBUX,Starbucks Corporation,Consumer Cyclical,Restaurants,Core,122.8,107.69,103.46,13.0,12.9,10.0,0.0,ok,-2.5,ok,3.34,,False,33.4,34.6,2.5,-1.4,22.3,,63.2,13.0,1.6,0.165,0.16,AVGO,,126,12.9,11.0,,False
485,MET,"MetLife, Inc.",Financial Services,Insurance - Life,Core,62.1,97.66,92.78,10.0,13.4,10.0,0.0,ok,0.0,financial_na,,,False,33.4,9.0,-33.8,10.5,24.0,13.1,60.1,22.0,13.4,0.191,0.251,BMNR,,126,13.4,14.0,,False
486,IREN,IREN LIMITED,Financial Services,Capital Markets,Core,15.7,44.06,44.89,9.5,15.9,10.0,-2.0,ok,0.0,financial_na,,,False,33.4,,-14.7,-0.0,68.4,7.7,60.5,-6.4,-9.5,0.545,0.504,BMNR,,126,15.9,16.0,,False
487,SOUN,"SoundHound AI, Inc.",Technology,Software - Application,Growth,3.3,7.43,7.06,11.5,13.8,10.0,-2.0,ok,0.0,neg_ebitda_low_debt,,,False,33.3,,-1.4,45.0,42.3,-32.2,62.7,-16.8,-14.3,0.609,0.5,BMNR,,126,13.8,16.0,,False
488,BDX,"Becton, Dickinson and Company",Healthcare,Medical Instruments & Supplies,Core,50.0,183.4,174.23,17.0,7.7,10.0,0.0,ok,-1.5,ok,2.63,,False,33.2,13.8,9.0,5.4,46.9,6.6,85.8,17.6,-9.0,0.011,0.208,AVGO,,126,7.7,16.0,,False
489,MRNA,"Moderna, Inc.",Healthcare,Biotechnology,Core,25.3,63.32,60.81,9.0,14.1,10.0,0.0,ok,0.0,neg_ebitda_low_debt,,,False,33.1,,1.2,2.1,,-39.0,66.4,36.2,36.1,0.314,0.356,BMNR,,126,14.1,15.0,,False
490,TECH,Bio-Techne Corp,Healthcare,Biotechnology,Core,11.3,72.4,68.78,13.0,10.1,10.0,0.0,ok,0.0,ok,0.07,,False,33.1,31.2,2.0,1.3,66.2,9.0,71.7,20.7,7.1,0.084,0.137,GOOG,,126,10.1,17.0,,False
491,TSCO,Tractor Supply Company,Consumer Cyclical,Specialty Retail,Core,18.7,35.83,34.04,14.5,11.0,10.0,0.0,ok,-2.5,ok,3.27,,False,33.0,17.5,0.6,2.3,36.5,39.5,74.0,-17.1,-48.5,0.057,0.11,BMNR,,126,11.0,11.0,,False
492,UCTT,"Ultra Clean Holdings, Inc.",Technology,Semiconductor Equipment & Mate,Speculative,3.8,84.93,99.12,9.0,16.4,10.0,0.0,ok,-2.5,ok,3.74,,False,32.9,14.5,-2.1,24.3,15.8,-1.6,48.7,33.5,39.4,0.362,0.436,AVGO,,126,16.4,13.0,,False
493,PPL,PPL Corporation,Utilities,Utilities - Regulated Electric,Core,27.1,36.02,35.83,10.5,15.8,10.0,0.0,ok,-3.5,ok,5.33,,False,32.8,17.0,-7.2,4.2,44.1,8.6,50.1,-0.6,-17.9,-0.209,0.265,AVGO,,126,15.8,19.0,,False
494,WAT,Waters Corporation,Healthcare,Diagnostics & Research,Growth,40.5,412.17,391.56,14.0,11.2,10.0,0.0,ok,-2.5,ok,3.4,,False,32.7,24.9,-0.4,113.4,56.3,1.9,79.5,15.3,13.6,0.191,0.218,AVGO,,126,11.2,16.0,,False
495,KMI,"Kinder Morgan, Inc.",Energy,Oil & Gas Midstream,Cyclical,73.1,32.82,31.98,14.5,11.6,10.0,0.0,ok,-3.5,ok,4.23,,False,32.6,21.4,1.5,10.8,49.4,11.0,61.4,7.9,-11.4,-0.278,0.25,AVGO,,126,11.6,13.0,,False
496,CNP,"CenterPoint Energy, Inc (Holdi",Utilities,Utilities - Regulated Electric,Core,26.9,40.83,42.86,11.5,16.1,10.0,0.0,ok,-5.0,ok,6.28,,False,32.6,19.6,-19.3,10.7,47.0,9.8,18.9,-1.2,-17.3,-0.29,0.293,AVGO,,126,16.1,19.0,,False
497,GM,General Motors Company,Consumer Cyclical,Auto Manufacturers,Core,78.5,86.77,82.43,14.0,13.5,10.0,0.0,ok,-5.0,ok,6.32,,False,32.5,5.9,27.9,1.9,10.2,3.2,49.2,10.5,-6.6,0.322,0.398,BMNR,,126,13.5,11.0,,False
498,MDB,"MongoDB, Inc.",Technology,Software - Infrastructure,Core,37.0,460.33,437.31,13.0,9.4,10.0,0.0,ok,0.0,neg_ebitda_low_debt,,,False,32.4,62.8,1.4,25.2,72.0,-1.0,88.2,36.3,11.1,0.361,0.389,MSFT,,126,9.4,17.0,,False
499,QBTS,D-Wave Quantum Inc.,Technology,Computer Hardware,Speculative,7.9,21.17,21.13,7.0,17.3,10.0,-2.0,ok,0.0,neg_ebitda_low_debt,,,False,32.3,,-0.9,-0.6,,-28.0,55.8,-5.4,-6.3,0.534,0.538,BMNR,,126,17.3,15.0,,False
500,EXC,Exelon Corporation,Utilities,Utilities - Regulated Electric,Core,47.2,45.86,46.24,10.5,16.7,10.0,0.0,ok,-5.0,ok,6.09,,False,32.2,15.1,-5.7,9.9,42.4,9.7,38.9,-0.1,-18.5,-0.332,0.297,AVGO,,126,16.7,19.0,,False
501,OKE,"ONEOK, Inc.",Energy,Oil & Gas Midstream,Growth,59.9,94.99,90.24,15.0,10.7,10.0,0.0,ok,-3.5,ok,4.28,,False,32.2,15.1,1.5,52.8,27.2,16.3,64.7,15.9,-2.3,-0.374,0.314,AVGO,,126,10.7,12.0,,False
502,SW,Smurfit WestRock plc,Consumer Cyclical,Packaging & Containers,Core,25.8,49.25,46.79,13.0,10.6,10.0,0.0,ok,-1.5,ok,2.95,,False,32.1,14.6,4.7,1.1,18.2,2.7,47.3,19.8,-16.4,0.179,0.238,NVDA,,126,10.6,11.0,,False
503,WBD,"Warner Bros. Discovery, Inc. -",Communication Services,Entertainment,Core,70.2,27.99,26.59,14.0,10.5,10.0,0.0,ok,-2.5,ok,3.67,,False,32.0,,23.0,-11.2,47.8,-8.8,83.3,4.3,-13.9,0.102,0.305,NVDA,,126,10.5,14.0,,False
504,PNW,Pinnacle West Capital Corporat,Utilities,Utilities - Regulated Electric,Core,12.3,101.48,104.37,10.5,16.4,10.0,0.0,ok,-5.0,ok,7.68,,False,31.9,18.2,-7.6,7.1,43.4,9.4,30.9,4.7,-10.9,-0.288,0.301,AVGO,,126,16.4,19.0,,False
505,MOS,Mosaic Company (The),Basic Materials,Agricultural Inputs,Cyclical,6.9,21.61,22.1,5.5,18.9,10.0,0.0,ok,-2.5,ok,3.37,,False,31.9,12.9,-10.9,-6.0,11.2,-5.1,44.5,-12.1,-40.4,0.161,0.204,AVGO,,126,18.9,11.0,,False
506,BA,Boeing Company (The),Industrials,Aerospace & Defense,Core,183.1,231.67,221.31,14.5,11.4,10.0,0.0,ok,-4.0,neg_ebitda_debt,,,False,31.9,56.2,3.1,8.0,4.7,173.5,64.4,5.7,-18.5,0.4,0.379,BMNR,,126,11.4,14.0,,False
507,CMS,CMS Energy Corporation,Utilities,Utilities - Regulated Electric,Core,22.3,71.11,73.71,9.5,17.2,10.0,0.0,ok,-5.0,ok,6.32,,False,31.7,17.1,-9.9,-0.5,40.3,9.2,28.8,-2.9,-19.8,-0.33,0.303,MSFT,,126,17.2,19.0,,False
508,BG,Bunge Limited,Consumer Defensive,Farm Products,Growth,21.8,113.69,115.0,9.5,15.6,10.0,0.0,ok,-3.5,ok,5.21,,False,31.6,10.0,-29.6,88.3,4.9,7.2,42.7,1.1,-20.6,-0.078,0.109,GOOG,,126,15.6,16.0,,False
509,IRM,Iron Mountain Incorporated (De,Real Estate,REIT - Specialty,Core,38.5,129.43,124.74,13.0,13.6,10.0,0.0,ok,-5.0,ok,7.74,,False,31.6,47.4,-1.1,18.5,54.2,,53.9,20.4,4.9,0.301,0.344,BMNR,,126,13.6,16.0,,False
510,SRE,DBA Sempra,Utilities,Utilities - Diversified,Core,56.5,86.41,90.79,9.5,17.0,10.0,0.0,ok,-5.0,ok,6.23,,False,31.5,15.6,-48.9,-0.1,44.0,6.7,29.1,-5.2,-22.1,-0.172,0.208,MSFT,,126,17.0,19.0,,False
511,EVRG,"Evergy, Inc.",Utilities,Utilities - Regulated Electric,Core,19.4,84.03,84.63,10.5,14.4,10.0,0.0,ok,-3.5,ok,5.8,,False,31.4,18.4,-7.4,4.4,52.7,9.3,38.9,5.2,-11.4,-0.264,0.295,AVGO,,126,14.4,19.0,,False
512,AES,The AES Corporation,Utilities,Utilities - Diversified,Core,10.5,14.73,14.71,10.0,16.3,10.0,0.0,ok,-5.0,ok,7.64,,False,31.3,6.2,-29.4,19.9,20.3,9.6,36.8,2.5,-22.3,-0.029,0.111,BMNR,,126,16.3,18.0,,False
513,HSIC,"Henry Schein, Inc.",Healthcare,Medical Distribution,Core,10.0,89.77,85.28,14.5,9.3,10.0,0.0,ok,-2.5,ok,3.39,,False,31.3,15.0,4.5,6.7,31.3,8.9,72.6,15.8,0.9,0.106,0.203,GOOG,,126,9.3,15.0,,False
514,NBIS,Nebius Group N.V.,Communication Services,Internet Content & Information,Growth,75.5,277.68,263.8,13.5,12.7,10.0,0.0,ok,-5.0,ok,8.35,,False,31.2,,-12.7,454.0,74.3,0.6,67.2,89.6,169.4,0.4,0.447,NVDA,,126,12.7,15.0,,False
515,OKLO,Oklo Inc.,Utilities,Utilities - Independent Power ,Speculative,8.3,44.38,49.02,8.0,15.2,10.0,-2.0,ok,0.0,neg_ebitda_low_debt,,,False,31.2,,-2.9,,,-7.7,53.7,-37.0,-46.3,0.551,0.562,BMNR,,126,15.2,19.0,,False
516,D,"Dominion Energy, Inc.",Utilities,Utilities - Regulated Electric,Core,60.5,68.77,68.98,11.5,14.6,10.0,0.0,ok,-5.0,ok,6.43,,False,31.1,18.0,-15.2,17.6,46.2,8.3,40.2,8.7,-9.4,-0.151,0.184,MSFT,,126,14.6,19.0,,False
517,AEHR,Aehr Test Systems,Technology,Semiconductor Equipment & Mate,Growth,4.4,134.06,127.36,10.5,10.5,10.0,0.0,ok,0.0,neg_ebitda_low_debt,,,False,31.0,96.9,-0.0,33.7,35.3,-4.2,74.6,133.8,350.9,0.473,0.462,AVGO,,126,10.5,13.0,,False
518,DE,Deere & Company,Industrials,Farm & Heavy Construction Mach,Core,164.4,608.85,602.23,10.0,14.3,10.0,0.0,ok,-3.5,ok,4.6,,False,30.8,27.0,0.7,-11.1,26.0,18.3,44.0,9.8,-12.6,-0.01,0.252,MSFT,,126,14.3,14.0,,False
519,DTE,DTE Energy Company,Utilities,Utilities - Regulated Electric,Core,29.3,140.84,146.55,9.5,16.1,10.0,0.0,ok,-5.0,ok,7.69,,False,30.6,16.8,-8.9,-1.5,29.3,11.0,29.3,0.0,-16.0,-0.239,0.234,MSFT,,126,16.1,18.0,,False
520,DOW,Dow Inc.,Basic Materials,Chemicals,Cyclical,22.4,31.07,30.48,9.0,14.0,10.0,0.0,ok,-2.5,ok,3.84,,False,30.5,16.8,1.1,19.7,9.8,-5.5,63.1,1.2,-17.1,-0.161,0.185,GOOG,,126,14.0,11.0,,False
521,XEL,Xcel Energy Inc.,Utilities,Utilities - Regulated Electric,Core,49.5,79.17,79.26,9.5,15.6,10.0,0.0,ok,-5.0,ok,6.47,,False,30.1,17.4,-16.0,-5.1,46.8,9.9,40.9,0.8,-16.1,-0.2,0.235,MSFT,,126,15.6,19.0,,False
522,AI,"C3.ai, Inc.",Technology,Software - Infrastructure,Speculative,1.5,9.93,9.57,6.0,16.1,10.0,-2.0,ok,0.0,neg_ebitda_low_debt,,,False,30.1,,-1.7,-52.5,,-63.0,67.4,-10.1,-21.8,0.554,0.471,MSFT,,126,16.1,15.0,,False
523,TSLA,"Tesla, Inc.",Consumer Cyclical,Auto Manufacturers,Core,1351.8,342.27,371.09,11.0,10.9,10.0,-2.0,ok,0.0,ok,-2.55,,False,29.9,,0.4,25.5,18.9,4.7,70.4,-15.7,-31.9,0.541,0.471,BMNR,,126,10.9,11.0,,False
524,CRWV,"CoreWeave, Inc.",Technology,Software - Infrastructure,Growth,58.1,105.26,100.0,12.5,12.2,10.0,0.0,ok,-5.0,ok,12.16,,False,29.7,,-15.7,112.5,67.4,-43.6,71.1,13.2,-4.3,0.492,0.495,NVDA,,126,12.2,17.0,,False
525,CRL,Charles River Laboratories Int,Healthcare,Diagnostics & Research,Core,13.5,280.05,266.05,11.0,10.7,10.0,0.0,ok,-2.5,ok,3.35,,False,29.2,22.1,3.5,-2.7,34.6,-7.5,83.4,46.4,59.7,0.164,0.157,BMNR,,126,10.7,15.0,,False
526,BBAI,"BigBear.ai, Inc.",Technology,Information Technology Service,Speculative,1.6,3.27,3.39,7.5,13.5,10.0,-2.0,ok,0.0,neg_ebitda_low_debt,,,False,29.0,,-13.3,13.2,27.9,-16.6,63.4,-27.8,-33.7,0.611,0.497,BMNR,,126,13.5,15.0,,False
527,SATS,EchoStar Corporation,Communication Services,Telecom Services,Core,30.1,97.39,122.33,7.5,16.4,10.0,0.0,ok,-5.0,ok,17.47,,False,28.9,,-1.5,-5.2,27.1,-112.3,34.2,-5.9,-22.8,0.328,0.365,BMNR,,92,16.4,15.0,,False
528,CIFR,Cipher Digital Inc.,Technology,Information Technology Service,Speculative,7.4,17.85,22.15,5.5,18.1,10.0,0.0,ok,-5.0,ok,49.49,,False,28.6,77.6,-39.1,-43.0,,-167.5,41.7,-4.0,-5.2,0.441,0.422,AVGO,,126,18.1,15.0,,False
529,PCG,Pacific Gas & Electric Co.,Utilities,Utilities - Regulated Electric,Core,39.3,17.84,17.18,10.5,13.0,10.0,0.0,ok,-5.0,ok,6.1,,False,28.5,9.9,-15.7,0.1,39.8,9.3,54.1,6.7,-15.4,-0.093,0.142,MSFT,,126,13.0,18.0,,False
530,APD,"Air Products and Chemicals, In",Basic Materials,Specialty Chemicals,Cyclical,68.8,308.97,293.52,10.5,12.4,10.0,0.0,ok,-5.0,ok,16.79,,False,27.9,21.4,-5.5,4.6,32.1,0.0,69.8,11.4,-2.7,-0.018,0.094,GOOG,,126,12.4,11.0,,False
531,APLD,Applied Digital Corporation,Technology,Information Technology Service,Growth,9.0,31.2,34.11,9.5,14.1,10.0,-2.0,ok,-4.0,neg_ebitda_debt,,,False,27.6,,-55.2,406.6,25.9,-8.4,62.7,-3.8,-25.5,0.517,0.456,BMNR,,126,14.1,15.0,,False
532,WY,Weyerhaeuser Company,Real Estate,REIT - Specialty,Core,17.7,24.56,24.37,8.0,13.5,10.0,0.0,ok,-5.0,ok,7.15,,False,26.5,36.1,0.1,-0.9,14.5,5.0,55.6,2.0,-21.3,-0.044,0.173,MSFT,,126,13.5,15.0,,False
533,IFF,International Flavors & Fragra,Basic Materials,Specialty Chemicals,Cyclical,21.5,84.18,79.97,8.0,9.9,10.0,0.0,ok,-1.5,ok,2.99,,False,26.4,21.3,-8.0,1.8,36.6,-5.5,69.7,15.7,-11.9,0.129,0.226,GOOG,,126,9.9,11.0,,False
534,F,Ford Motor Company,Consumer Cyclical,Auto Manufacturers,Core,57.3,14.37,14.23,4.5,15.7,10.0,0.0,ok,-5.0,ok,18.47,,False,25.2,7.5,-13.9,-3.8,7.1,-18.3,44.9,8.4,-10.8,0.237,0.244,GOOG,,126,15.7,11.0,,False
