rank,ticker,name,sector,industry,category,mcap_B,current_price,entry_level,fundamental,technical,visibility,corr_penalty,corr_status,leverage_penalty,lev_status,nd_ebitda,dte_pct,broken_base,composite,fwd_pe,fcf_yield_pct,rev_growth_pct,gross_margin_pct,roe_pct,rsi,ma200_dist_pct,rel_str_6m_pct,portfolio_corr,max_corr,max_corr_with,corr_null_reason,n_corr_obs,technical_precap,visibility_legacy,data_flags,in_portfolio
1,GEV,GE Vernova Inc.,Industrials,Specialty Industrial Machinery,Compounder,245.5,921.94,1020.58,20.0,18.2,23.0,0.0,ok,0.0,ok,-2.29,,False,61.2,36.8,6.4,21.9,20.6,82.6,27.8,4.5,1.0,0.393,0.457,AVGO,,126,18.2,23.0,,False
2,AVGO,Broadcom Inc.,Technology,Semiconductors,Growth,1747.2,367.24,384.58,20.0,18.8,22.0,0.0,ok,-0.5,ok,1.08,,False,60.3,18.8,1.6,47.9,76.3,37.3,24.1,-0.6,-1.6,0.398,0.485,NVDA,,126,18.8,22.0,,True
3,TSM,Taiwan Semiconductor Manufactu,Technology,Semiconductors,Growth,2155.0,415.5,421.01,24.0,17.1,21.0,-2.0,ok,0.0,ok,-0.77,,False,60.1,19.0,,36.0,64.2,40.0,40.0,12.2,5.8,0.607,0.66,NVDA,,126,17.1,21.0,fcf_yield_out_of_range(33.9),False
4,GOOG,Alphabet Inc.,Communication Services,Internet Content & Information,Compounder,4082.1,333.78,346.79,19.0,18.3,20.0,0.0,ok,0.0,ok,-0.7,,False,57.3,22.5,0.6,24.2,60.9,48.7,36.5,-0.1,-1.2,0.338,0.298,BMNR,,126,18.3,20.0,,True
5,NVDA,NVIDIA Corporation,Technology,Semiconductors,Growth,5418.8,224.41,213.19,20.0,16.3,20.0,0.0,ok,0.0,ok,-0.12,,False,56.3,14.6,0.8,105.9,74.7,117.2,49.3,14.3,10.2,0.5,0.485,AVGO,,126,16.3,20.0,,True
6,LMT,Lockheed Martin Corporation,Industrials,Aerospace & Defense,Compounder,122.7,531.55,553.7,18.0,16.5,22.0,0.0,ok,-0.5,ok,1.73,,False,56.0,16.2,4.5,10.5,11.8,89.2,25.3,-4.2,-31.1,-0.087,0.159,AVGO,,126,16.5,22.0,,False
7,VRT,"Vertiv Holdings, LLC",Industrials,Electrical Equipment & Parts,Core,98.8,256.7,284.55,20.5,17.4,17.6,0.0,ok,0.0,ok,0.08,,False,55.5,28.2,2.7,24.1,38.0,43.9,32.0,0.1,-9.4,0.359,0.491,AVGO,,126,17.4,20.0,,False
8,ANET,"Arista Networks, Inc.",Technology,Computer Hardware,Growth,234.7,186.1,181.77,19.0,17.8,18.2,0.0,ok,0.0,ok,-2.88,,False,55.0,36.1,1.7,37.7,63.0,31.5,35.9,23.0,21.3,0.442,0.565,AVGO,,126,17.8,20.0,,False
9,NOC,Northrop Grumman Corporation,Industrials,Aerospace & Defense,Compounder,74.4,523.82,542.94,16.0,18.5,21.0,0.0,ok,-1.5,ok,2.03,,False,54.0,17.2,3.3,5.1,20.1,27.0,29.9,-13.1,-41.5,-0.046,0.243,AVGO,,126,18.5,21.0,,False
10,POWL,"Powell Industries, Inc.",Industrials,Electrical Equipment & Parts,Speculative,6.2,170.51,222.33,17.5,18.1,18.0,0.0,ok,0.0,ok,-2.67,,False,53.6,24.4,3.1,8.9,30.1,28.3,26.3,-14.6,-10.5,0.393,0.459,AVGO,,126,18.1,18.0,,False
11,META,"Meta Platforms, Inc.",Communication Services,Internet Content & Information,Core,1510.3,592.85,592.95,18.0,16.7,17.0,0.0,ok,0.0,ok,0.2,,False,51.7,17.0,1.4,28.0,81.7,29.8,49.1,-4.7,-22.4,0.379,0.376,GOOG,,126,16.7,15.0,,False
12,RTX,RTX Corporation,Industrials,Aerospace & Defense,Compounder,270.6,200.78,207.05,15.5,15.6,21.0,0.0,ok,-0.5,ok,1.92,,False,51.6,25.6,3.7,14.5,20.3,12.3,24.1,4.2,-13.7,-0.038,0.142,AVGO,,126,15.6,21.0,,False
13,BX,Blackstone Inc.,Financial Services,Asset Management,Core,163.5,136.82,131.66,22.5,18.4,10.0,0.0,ok,0.0,financial_na,,,False,50.9,18.3,,28.6,100.0,31.4,28.5,5.5,7.3,0.305,0.324,GOOG,,126,18.4,16.0,,False
14,ETN,"Eaton Corporation, PLC",Industrials,Specialty Industrial Machinery,Core,151.8,390.85,415.65,18.0,18.2,17.0,0.0,ok,-2.5,ok,3.11,,False,50.7,24.3,2.0,21.4,36.0,19.7,18.7,3.0,-1.4,0.411,0.483,AVGO,,126,18.2,19.0,,False
15,NXPI,NXP Semiconductors N.V.,Technology,Semiconductors,Core,57.6,228.5,253.07,22.0,19.0,10.0,0.0,ok,-0.5,ok,1.53,,False,50.5,12.6,6.2,19.5,56.1,27.9,45.6,-5.9,-3.2,0.23,0.384,AVGO,,126,19.0,14.0,,False
16,AXP,American Express Company,Financial Services,Credit Services,Core,222.8,329.98,342.02,21.5,18.7,10.0,0.0,ok,0.0,financial_na,,,False,50.2,16.4,,12.8,62.3,34.4,34.9,-2.0,-4.5,0.385,0.386,GOOG,,126,18.7,18.0,,False
17,ADSK,"Autodesk, Inc.",Technology,Software - Application,Core,50.5,241.73,229.64,23.0,17.1,10.0,0.0,ok,0.0,ok,-0.2,,False,50.1,17.0,6.2,16.1,92.5,53.9,40.0,-2.4,-20.7,0.177,0.34,MSFT,,126,17.1,17.0,,False
18,ORCL,Oracle Corporation,Technology,Software - Infrastructure,Core,419.8,145.75,139.78,17.5,18.8,19.0,-2.0,ok,-3.5,ok,4.44,,False,49.8,13.3,-5.8,20.6,65.8,53.4,39.3,-13.8,-17.7,0.625,0.524,MSFT,,126,18.8,19.0,,False
19,EXPE,"Expedia Group, Inc.",Consumer Cyclical,Travel Services,Core,37.0,308.06,292.97,23.0,16.1,10.0,0.0,ok,0.0,ok,-0.5,,False,49.1,12.6,9.3,14.0,90.4,89.5,40.6,19.4,10.2,0.14,0.19,MSFT,,126,16.1,15.0,,False
20,GD,General Dynamics Corporation,Industrials,Aerospace & Defense,Core,98.5,364.07,377.2,14.5,16.3,18.3,0.0,ok,0.0,ok,0.78,,False,49.1,19.6,4.5,8.1,15.4,17.8,21.2,3.1,-10.8,0.019,0.136,NVDA,,126,16.3,21.0,,False
21,MSFT,Microsoft Corporation,Technology,Software - Infrastructure,Core,3689.2,496.82,471.98,18.0,15.0,16.0,0.0,ok,0.0,ok,0.27,,False,49.0,21.1,0.4,17.7,67.9,34.0,50.0,15.3,8.7,0.3,0.282,BMNR,,126,15.0,18.0,,True
22,APO,"Apollo Global Management, Inc.",Financial Services,Asset Management,Growth,78.1,132.29,126.5,20.0,18.9,10.0,0.0,ok,0.0,financial_na,,,False,48.9,12.3,,63.8,36.1,11.4,28.4,3.7,6.7,0.286,0.322,GOOG,,126,18.9,14.0,,False
23,WDC,Western Digital Corporation,Technology,Computer Hardware,Growth,161.8,448.9,515.18,20.0,18.8,10.0,0.0,ok,0.0,ok,-0.08,,False,48.8,14.1,1.4,43.8,48.9,130.9,41.1,21.4,61.1,0.38,0.488,AVGO,,126,18.8,14.0,,False
24,MS,Morgan Stanley,Financial Services,Capital Markets,Core,332.7,211.82,215.71,20.0,18.8,10.0,0.0,ok,0.0,financial_na,,,False,48.8,15.5,,28.0,87.6,18.0,39.2,11.7,18.8,0.467,0.41,BMNR,,126,18.8,16.0,,False
25,NFLX,"Netflix, Inc.",Communication Services,Entertainment,Core,344.5,82.73,78.59,23.0,15.7,10.0,0.0,ok,0.0,ok,0.51,,False,48.7,21.7,7.4,13.4,49.1,49.5,63.4,-5.1,-28.8,0.118,0.247,MSFT,,126,15.7,14.0,,False
26,TXN,Texas Instruments Incorporated,Technology,Semiconductors,Core,232.7,254.8,282.08,19.0,19.7,10.0,0.0,ok,0.0,ok,0.74,,False,48.7,23.9,1.5,22.8,58.3,35.2,34.5,7.3,17.1,0.251,0.4,AVGO,,126,19.7,14.0,,False
27,IDXX,"IDEXX Laboratories, Inc.",Healthcare,Diagnostics & Research,Core,42.5,538.99,558.93,19.5,19.2,10.0,0.0,ok,0.0,ok,0.55,,False,48.7,32.2,2.1,9.7,62.4,74.2,38.1,-11.4,-25.2,0.258,0.371,GOOG,,126,19.2,17.0,,False
28,LRCX,Lam Research Corporation,Technology,Semiconductor Equipment & Mate,Core,360.8,288.32,325.41,19.0,19.7,10.0,0.0,ok,0.0,ok,-0.17,,False,48.7,24.9,0.9,30.0,50.5,65.1,27.0,11.2,22.1,0.468,0.563,AVGO,,126,19.7,14.0,,False
29,CINF,Cincinnati Financial Corporati,Financial Services,Insurance - Property & Casualt,Growth,26.4,171.69,177.52,22.0,16.6,10.0,0.0,ok,0.0,financial_na,,,False,48.6,19.0,11.3,31.6,31.1,21.5,46.7,3.0,-8.4,-0.204,0.325,AVGO,,126,16.6,14.0,,False
30,TROW,"T. Rowe Price Group, Inc.",Financial Services,Asset Management,Core,23.3,109.38,114.29,20.5,18.0,10.0,0.0,ok,0.0,financial_na,,,False,48.5,10.6,8.7,10.7,51.6,19.4,39.7,6.4,8.4,0.259,0.34,BMNR,,126,18.0,15.0,,False
31,MPWR,"Monolithic Power Systems, Inc.",Technology,Semiconductors,Growth,59.9,1219.36,1337.25,19.0,19.4,10.0,0.0,ok,0.0,ok,-1.39,,False,48.4,35.0,0.7,47.6,55.2,22.0,30.0,-2.2,1.1,0.439,0.536,AVGO,,126,19.4,14.0,,False
32,AMP,"Ameriprise Financial, Inc.",Financial Services,Asset Management,Core,48.7,551.85,531.2,22.0,16.4,10.0,0.0,ok,0.0,financial_na,,,False,48.4,10.7,6.0,11.6,54.9,63.4,37.2,13.8,4.9,0.238,0.254,MSFT,,126,16.4,15.0,,False
33,GDDY,GoDaddy Inc.,Technology,Software - Infrastructure,Core,12.9,101.87,96.78,22.0,16.8,10.0,0.0,ok,-0.5,ok,1.91,,False,48.3,9.2,9.3,6.6,63.8,442.9,52.3,5.6,-2.9,0.015,0.189,MSFT,,126,16.8,17.0,,False
34,IT,"Gartner, Inc.",Technology,Information Technology Service,Core,11.8,186.75,177.41,21.0,17.8,10.0,0.0,ok,-0.5,ok,1.33,,False,48.3,11.4,8.9,-0.6,69.6,113.6,53.2,4.9,-3.0,-0.007,0.231,MSFT,,126,17.8,17.0,,False
35,FSLR,"First Solar, Inc.",Technology,Solar,Core,21.8,202.6,220.76,18.5,19.8,10.0,0.0,ok,0.0,ok,-0.64,,False,48.3,8.8,7.3,-3.7,44.0,18.5,28.3,-12.3,-6.6,0.433,0.393,AVGO,,126,19.8,14.0,,False
36,PYPL,"PayPal Holdings, Inc.",Financial Services,Credit Services,Core,46.8,54.67,54.49,20.0,18.2,10.0,0.0,ok,0.0,financial_na,,,False,48.2,9.4,9.5,4.8,40.5,24.5,33.4,7.1,2.5,0.23,0.282,MSFT,,126,18.2,17.0,,False
37,SYF,Synchrony Financial,Financial Services,Credit Services,Core,25.5,78.39,76.73,19.5,18.7,10.0,0.0,ok,0.0,financial_na,,,False,48.2,7.5,,0.6,0.0,20.8,44.5,4.9,1.9,0.329,0.318,GOOG,,126,18.7,16.0,,False
38,SNDK,Sandisk Corporation,Technology,Computer Hardware,Growth,227.4,1553.4,1569.34,22.5,15.7,10.0,0.0,ok,0.0,ok,-0.36,,False,48.2,5.9,3.4,371.6,71.5,91.6,51.6,56.9,162.4,0.37,0.437,AVGO,,126,15.7,15.0,,False
39,PTC,PTC Inc.,Technology,Software - Application,Core,16.2,149.13,141.67,21.0,17.2,10.0,0.0,ok,0.0,ok,0.98,,False,48.2,16.7,6.4,-6.8,84.5,35.1,43.7,0.1,-21.4,0.201,0.448,MSFT,,126,17.2,17.0,,False
40,TPR,"Tapestry, Inc.",Consumer Cyclical,Luxury Goods,Core,24.6,123.14,141.79,21.0,17.6,10.0,0.0,ok,-0.5,ok,1.39,,False,48.1,13.9,5.7,8.9,76.6,197.1,39.3,-10.8,-29.7,0.176,0.268,GOOG,,126,17.6,13.0,,False
41,QCOM,QUALCOMM Incorporated,Technology,Semiconductors,Core,181.5,169.96,170.61,19.0,19.0,10.0,0.0,ok,0.0,ok,0.58,,False,48.0,16.7,5.6,-4.0,54.2,33.8,58.1,1.5,11.8,0.287,0.39,AVGO,,126,19.0,14.0,,False
42,MAS,Masco Corporation,Industrials,Building Products & Equipment,Core,14.0,70.94,76.36,20.0,18.4,10.0,0.0,ok,-0.5,ok,1.95,,False,47.9,15.2,6.4,-2.9,37.2,5862.5,33.5,2.2,-3.6,0.275,0.298,BMNR,,126,18.4,14.0,,False
43,HSY,The Hershey Company,Consumer Defensive,Confectioners,Core,35.7,177.43,179.11,20.0,18.3,10.0,0.0,ok,-0.5,ok,1.89,,False,47.8,18.0,4.9,6.6,38.4,32.8,37.2,-7.2,-33.3,-0.202,0.352,AVGO,,126,18.3,16.0,,False
44,BRO,"Brown & Brown, Inc.",Financial Services,Insurance Brokers,Growth,24.1,72.04,69.61,21.5,16.3,10.0,0.0,ok,0.0,financial_na,,,False,47.8,14.9,6.8,32.4,56.3,10.0,51.4,3.9,-13.4,-0.175,0.373,AVGO,,126,16.3,15.0,,False
45,AOS,A.O. Smith Corporation,Industrials,Specialty Industrial Machinery,Speculative,8.1,59.26,61.33,19.0,18.8,10.0,0.0,ok,0.0,ok,0.63,,False,47.8,14.5,6.0,-0.7,38.6,27.1,37.2,-8.8,-31.0,0.122,0.244,NVDA,,124,18.8,14.0,,False
46,UBER,"Uber Technologies, Inc.",Technology,Software - Application,Core,156.2,76.45,73.98,21.0,17.3,10.0,0.0,ok,-0.5,ok,1.25,,False,47.8,17.4,4.6,12.2,40.8,37.2,51.7,-0.0,-10.9,0.277,0.311,MSFT,,126,17.3,16.0,,False
47,AON,Aon plc,Financial Services,Insurance Brokers,Core,70.2,330.88,352.97,20.0,17.8,10.0,0.0,ok,0.0,financial_na,,,False,47.8,15.7,4.5,2.2,48.2,44.7,35.2,-1.8,-14.3,-0.178,0.349,AVGO,,126,17.8,15.0,,False
48,APP,Applovin Corporation,Communication Services,Advertising Agencies,Growth,107.2,319.05,399.12,22.5,15.3,10.0,0.0,ok,0.0,ok,0.09,,False,47.8,15.2,3.0,52.8,88.5,203.7,55.0,-34.7,-49.5,0.406,0.311,BMNR,,126,15.3,15.0,,False
49,CPAY,"Corpay, Inc.",Technology,Software - Infrastructure,Core,27.3,416.4,395.58,23.0,16.2,10.0,0.0,ok,-1.5,ok,2.7,,False,47.7,13.2,7.1,21.5,80.5,29.2,42.9,24.1,16.2,0.211,0.233,MSFT,,126,16.2,17.0,,False
50,WRB,W.R. Berkley Corporation,Financial Services,Insurance - Property & Casualt,Core,25.3,68.12,71.09,20.0,17.7,10.0,0.0,ok,0.0,financial_na,,,False,47.7,14.1,12.0,1.2,43.8,20.2,33.6,-1.5,-14.3,-0.317,0.332,AVGO,,126,17.7,15.0,,False
51,AMZN,"Amazon.com, Inc.",Consumer Cyclical,Internet Retail,Core,2750.3,254.98,252.83,17.0,17.3,15.4,-2.0,ok,0.0,ok,0.76,,False,47.7,24.5,0.1,19.6,50.8,30.6,39.9,6.7,4.2,0.554,0.639,GOOG,,126,17.3,17.0,,False
52,ALAB,"Astera Labs, Inc.",Technology,Semiconductors,Growth,47.6,274.13,334.54,19.0,18.7,10.0,0.0,ok,0.0,ok,-4.23,,False,47.7,42.9,0.2,104.5,75.1,25.8,29.7,22.6,116.2,0.464,0.561,AVGO,,126,18.7,15.0,,False
53,SCHW,Charles Schwab Corporation (Th,Financial Services,Capital Markets,Core,187.2,108.24,104.3,21.5,16.2,10.0,0.0,ok,0.0,financial_na,,,False,47.7,13.9,,20.9,97.5,20.3,45.0,11.6,1.6,0.09,0.186,GOOG,,126,16.2,16.0,,False
54,WDAY,"Workday, Inc.",Technology,Software - Application,Core,48.4,200.87,190.83,20.5,17.2,10.0,0.0,ok,0.0,ok,0.23,,False,47.7,15.2,6.3,12.8,75.8,16.0,45.4,25.2,24.2,0.139,0.411,MSFT,,126,17.2,17.0,,False
55,ADBE,Adobe Inc.,Technology,Software - Application,Core,111.2,279.79,265.8,23.0,14.6,10.0,0.0,ok,0.0,ok,0.15,,False,47.6,10.2,8.3,12.7,89.4,63.0,56.3,4.2,-12.9,0.189,0.396,MSFT,,126,14.6,17.0,,False
56,CSCO,"Cisco Systems, Inc.",Technology,Communication Equipment,Core,431.4,109.46,114.7,19.5,18.1,10.0,0.0,ok,0.0,ok,0.73,,False,47.6,19.5,2.7,17.6,64.6,27.3,36.4,16.2,25.3,0.218,0.346,AVGO,,126,18.1,15.0,,False
57,TEL,TE Connectivity plc,Technology,Electronic Components,Core,58.5,202.21,205.19,18.5,19.0,10.0,0.0,ok,0.0,ok,0.92,,False,47.5,15.7,4.0,13.8,36.1,23.3,35.0,-6.5,-16.2,0.303,0.291,AVGO,,126,19.0,13.0,,False
58,INTU,Intuit Inc.,Technology,Software - Application,Core,93.8,342.94,325.79,22.0,15.5,10.0,0.0,ok,0.0,ok,0.17,,False,47.5,12.5,6.9,13.7,81.0,23.6,43.1,-20.1,-38.5,0.116,0.338,MSFT,,126,15.5,17.0,,False
59,HAS,"Hasbro, Inc.",Consumer Cyclical,Leisure,Core,13.2,93.5,88.87,22.0,16.0,10.0,0.0,ok,-0.5,ok,1.92,,False,47.5,14.3,5.2,16.2,63.8,159.6,35.1,4.8,-14.2,0.118,0.166,GOOG,,126,16.0,13.0,,False
60,GL,Globe Life Inc.,Financial Services,Insurance - Life,Core,13.3,173.34,178.53,20.0,17.5,10.0,0.0,ok,0.0,financial_na,,,False,47.5,10.5,8.7,8.0,33.9,20.9,33.7,13.0,9.0,0.16,0.246,GOOG,,126,17.5,14.0,,False
61,BLK,"BlackRock, Inc.",Financial Services,Asset Management,Growth,179.9,1107.08,1086.19,20.5,16.9,10.0,0.0,ok,0.0,financial_na,,,False,47.4,17.2,4.2,30.6,47.2,12.3,28.1,4.9,-4.7,0.419,0.418,GOOG,,126,16.9,15.0,,False
62,KLIC,"Kulicke and Soffa Industries, ",Technology,Semiconductor Equipment & Mate,Growth,4.1,78.95,99.56,16.5,20.7,10.0,0.0,ok,0.0,ok,-2.49,,False,47.2,13.4,1.4,122.6,52.6,13.2,25.6,0.6,12.5,0.372,0.45,NVDA,,126,20.7,14.0,,False
63,ARES,Ares Management Corporation,Financial Services,Asset Management,Core,45.5,138.06,131.16,17.5,19.6,10.0,0.0,ok,0.0,financial_na,,,False,47.1,19.2,4.7,5.8,37.4,14.9,28.8,4.3,7.3,0.365,0.363,GOOG,,126,19.6,14.0,,False
64,CDNS,"Cadence Design Systems, Inc.",Technology,Software - Application,Core,84.5,306.67,344.5,18.0,19.1,10.0,0.0,ok,0.0,ok,0.52,,False,47.1,32.1,1.9,24.2,85.9,23.2,40.8,-6.3,-10.0,0.498,0.408,NVDA,,126,19.1,17.0,,False
65,INCY,Incyte Corporation,Healthcare,Biotechnology,Growth,26.1,128.83,122.39,23.0,14.1,10.0,0.0,ok,0.0,ok,-2.32,,False,47.1,14.4,4.5,37.7,55.7,30.7,66.9,23.3,20.1,-0.083,0.188,AVGO,,126,14.1,16.0,,False
66,ON,ON Semiconductor Corporation,Technology,Semiconductors,Core,28.2,72.34,85.26,16.0,21.0,10.0,0.0,ok,0.0,ok,0.4,,False,47.0,16.0,5.9,9.2,42.8,8.3,28.6,-7.3,6.6,0.356,0.477,AVGO,,126,21.0,14.0,,False
67,ALL,Allstate Corporation (The),Financial Services,Insurance - Property & Casualt,Core,65.6,259.34,255.56,22.0,15.0,10.0,0.0,ok,0.0,financial_na,,,False,47.0,9.4,23.1,11.8,36.8,46.1,48.5,17.5,10.3,-0.275,0.369,NVDA,,126,15.0,14.0,,False
68,DECK,Deckers Outdoor Corporation,Consumer Cyclical,Footwear & Accessories,Core,11.4,83.76,97.95,21.0,16.0,10.0,0.0,ok,0.0,ok,-0.85,,False,47.0,10.0,7.6,5.7,57.8,42.6,30.5,-18.3,-34.4,0.253,0.354,GOOG,,126,16.0,12.0,,False
69,COF,Capital One Financial Corporat,Financial Services,Credit Services,Growth,132.9,216.6,211.12,18.0,18.9,10.0,0.0,ok,0.0,financial_na,,,False,46.9,9.0,,1111.0,0.0,9.0,40.4,4.6,-0.7,0.317,0.349,GOOG,,126,18.9,16.0,,False
70,GS,"Goldman Sachs Group, Inc. (The",Financial Services,Capital Markets,Growth,292.5,1004.42,1045.01,21.0,17.9,10.0,-2.0,ok,0.0,financial_na,,,False,46.9,13.6,,42.5,82.1,16.9,39.7,6.5,8.0,0.503,0.499,NVDA,,126,17.9,16.0,,False
71,TER,"Teradyne, Inc.",Technology,Semiconductor Equipment & Mate,Growth,53.4,341.62,376.0,20.0,16.8,10.0,0.0,ok,0.0,ok,-0.17,,False,46.8,29.3,0.8,103.9,59.2,36.5,30.3,8.6,-0.4,0.411,0.513,AVGO,,126,16.8,14.0,,False
72,KEYS,Keysight Technologies Inc.,Technology,Scientific & Technical Instrum,Growth,54.8,321.58,327.35,20.5,16.3,10.0,0.0,ok,0.0,ok,0.08,,False,46.8,23.6,3.5,36.5,64.7,20.9,31.5,12.0,0.8,0.362,0.551,AVGO,,126,16.3,15.0,,False
73,MCO,Moody's Corporation,Financial Services,Financial Data & Stock Exchang,Core,84.9,490.0,487.05,20.5,16.2,10.0,0.0,ok,0.0,financial_na,,,False,46.7,25.9,3.0,15.1,75.0,76.9,50.9,3.9,-7.7,0.186,0.359,MSFT,,126,16.2,16.0,,False
74,WSM,"Williams-Sonoma, Inc.",Consumer Cyclical,Specialty Retail,Core,26.1,221.72,233.29,20.0,16.7,10.0,0.0,ok,0.0,ok,0.3,,False,46.7,21.1,4.1,6.7,45.7,55.0,21.2,9.0,2.7,0.227,0.241,GOOG,,126,16.7,12.0,,False
75,PLTR,Palantir Technologies Inc.,Technology,Software - Infrastructure,Growth,407.2,169.46,160.99,20.0,16.7,10.0,0.0,ok,0.0,ok,-3.45,,False,46.7,73.2,0.5,92.8,84.8,38.1,41.5,12.0,-1.2,0.467,0.408,MSFT,,126,16.7,17.0,,False
76,CBOE,"Cboe Global Markets, Inc.",Financial Services,Financial Data & Stock Exchang,Core,30.7,294.12,282.19,20.5,16.2,10.0,0.0,ok,0.0,financial_na,,,False,46.7,19.3,2.2,22.9,54.1,26.3,50.6,3.3,-13.4,-0.087,0.166,AVGO,,126,16.2,15.0,,False
77,UHS,"Universal Health Services, Inc",Healthcare,Medical Care Facilities,Speculative,9.9,167.49,162.31,19.0,18.2,10.0,0.0,ok,-0.5,ok,1.9,,False,46.7,7.0,5.0,8.3,44.6,20.9,43.0,-10.2,-27.2,-0.074,0.14,GOOG,,126,18.2,16.0,,False
78,ROK,"Rockwell Automation, Inc.",Industrials,Specialty Industrial Machinery,Core,47.3,425.36,455.36,18.5,18.7,10.0,0.0,ok,-0.5,ok,1.5,,False,46.7,28.7,2.8,7.9,49.1,30.6,33.7,1.6,0.5,0.284,0.328,NVDA,,126,18.7,15.0,,False
79,STZ,"Constellation Brands, Inc.",Consumer Defensive,Beverages - Brewers,Core,22.1,129.35,133.72,20.0,19.1,10.0,0.0,ok,-2.5,ok,3.02,,False,46.6,10.4,10.0,-3.3,52.7,23.7,36.9,-10.4,-23.8,-0.076,0.188,AVGO,,126,19.1,17.0,,False
80,CL,Colgate-Palmolive Company,Consumer Defensive,Household & Personal Products,Core,71.8,90.1,91.91,21.0,16.1,10.0,0.0,ok,-0.5,ok,1.29,,False,46.6,21.9,4.8,4.9,60.4,267.4,39.5,3.3,-14.4,-0.076,0.242,AVGO,,126,16.1,18.0,,False
81,STX,Seagate Technology Holdings PL,Technology,Computer Hardware,Growth,183.3,808.54,860.94,20.0,16.6,10.0,0.0,ok,0.0,ok,0.49,,False,46.6,14.6,1.1,48.5,45.6,371.5,35.9,37.6,108.3,0.345,0.453,AVGO,,126,16.6,14.0,,False
82,DXCM,"DexCom, Inc.",Healthcare,Medical Devices,Core,33.8,89.69,85.21,20.5,16.0,10.0,0.0,ok,0.0,ok,-0.39,,False,46.5,28.7,3.0,13.1,62.5,38.5,43.2,27.1,14.6,0.208,0.281,GOOG,,126,16.0,17.0,,False
83,LLY,Eli Lilly and Company,Healthcare,Drug Manufacturers - General,Growth,1034.5,1160.08,1190.22,20.0,16.9,10.0,0.0,ok,-0.5,ok,1.1,,False,46.4,24.5,1.1,47.7,83.4,102.3,41.2,9.4,5.9,-0.055,0.194,GOOG,,126,16.9,17.0,,False
84,ADI,"Analog Devices, Inc.",Technology,Semiconductors,Growth,172.4,355.71,379.61,19.0,17.4,10.0,0.0,ok,0.0,ok,0.99,,False,46.4,21.8,2.4,39.6,65.8,12.2,29.8,2.6,-4.4,0.349,0.503,AVGO,,126,17.4,15.0,,False
85,TT,Trane Technologies plc,Industrials,Building Products & Equipment,Core,96.6,439.02,470.29,19.5,16.8,10.0,0.0,ok,0.0,ok,0.77,,False,46.3,25.1,3.2,10.6,35.4,36.6,22.1,-1.1,-11.4,0.266,0.384,AVGO,,126,16.8,14.0,,False
86,PEP,"Pepsico, Inc.",Consumer Defensive,Beverages - Non-Alcoholic,Core,192.0,140.52,139.73,20.0,17.7,10.0,0.0,ok,-1.5,ok,2.25,,False,46.2,15.7,4.1,6.4,54.2,51.5,49.7,-5.2,-24.0,-0.153,0.33,AVGO,,126,17.7,17.0,,False
87,NTAP,"NetApp, Inc.",Technology,Software - Infrastructure,Core,35.5,180.77,177.48,20.5,15.7,10.0,0.0,ok,0.0,ok,-0.45,,False,46.2,17.9,3.7,12.5,70.7,106.7,22.1,39.6,65.7,0.256,0.288,AVGO,,126,15.7,17.0,,False
88,MMM,3M Company,Industrials,Conglomerates,Core,87.0,168.75,171.55,21.0,15.6,10.0,0.0,ok,-0.5,ok,1.21,,False,46.1,17.3,7.3,2.5,39.4,81.9,13.8,5.0,-4.2,0.093,0.223,GOOG,,126,15.6,14.0,,False
89,JPM,JP Morgan Chase & Co.,Financial Services,Banks - Diversified,Growth,946.9,356.22,348.73,19.0,17.0,10.0,0.0,ok,0.0,financial_na,,,False,46.0,14.2,,30.4,0.0,17.8,38.9,12.5,9.7,0.157,0.227,GOOG,,126,17.0,14.0,,False
90,IBKR,"Interactive Brokers Group, Inc",Financial Services,Capital Markets,Core,151.8,89.12,91.99,20.0,18.0,10.0,-2.0,ok,0.0,financial_na,,,False,46.0,28.0,,26.3,93.0,24.0,46.1,13.4,18.7,0.582,0.559,BMNR,,126,18.0,16.0,,False
91,EBAY,eBay Inc.,Consumer Cyclical,Internet Retail,Core,47.5,106.7,109.49,20.5,16.0,10.0,0.0,ok,-0.5,ok,1.24,,False,46.0,15.8,3.3,14.8,72.1,46.6,54.4,8.5,2.8,0.166,0.225,GOOG,,126,16.0,13.0,,False
92,CEG,Constellation Energy Corporati,Utilities,Utilities - Independent Power ,Compounder,102.8,290.04,275.54,12.5,14.9,21.0,0.0,ok,-2.5,ok,3.02,,False,45.9,21.7,-6.4,23.0,22.1,15.1,59.4,-2.1,-24.6,0.198,0.234,AVGO,,126,14.9,21.0,,False
93,IBM,International Business Machine,Technology,Information Technology Service,Core,218.3,231.7,242.38,20.0,18.4,10.0,0.0,ok,-2.5,ok,3.47,,False,45.9,17.6,5.5,1.1,58.1,34.5,44.6,-11.3,-21.3,0.133,0.319,MSFT,,126,18.4,16.0,,False
94,ESTC,Elastic N.V.,Technology,Software - Application,Speculative,9.4,89.58,85.1,21.0,14.9,10.0,0.0,ok,0.0,neg_ebitda_low_debt,,,False,45.9,22.7,5.4,15.1,75.6,33.1,53.8,40.4,56.7,0.314,0.465,MSFT,,126,14.9,17.0,,False
95,LVS,Las Vegas Sands Corp.,Consumer Cyclical,Resorts & Casinos,Core,28.8,44.54,46.19,21.0,16.4,10.0,0.0,ok,-1.5,ok,2.57,,False,45.9,12.7,7.7,-0.7,79.3,122.9,44.0,-17.7,-31.0,0.266,0.335,MSFT,,126,16.4,13.0,,False
96,LULU,lululemon athletica inc.,Consumer Cyclical,Apparel Retail,Core,13.6,120.07,118.46,21.0,14.8,10.0,0.0,ok,0.0,ok,0.24,,False,45.8,10.7,8.3,4.3,55.7,32.0,50.7,-21.7,-42.9,0.343,0.362,MSFT,,126,14.8,12.0,,False
97,FDS,FactSet Research Systems Inc.,Financial Services,Financial Data & Stock Exchang,Core,10.9,306.07,290.77,20.0,15.8,10.0,0.0,ok,0.0,financial_na,,,False,45.8,15.5,5.7,6.4,51.4,27.0,62.4,23.0,23.8,0.035,0.335,MSFT,,126,15.8,15.0,,False
98,ZTS,Zoetis Inc.,Healthcare,Drug Manufacturers - Specialty,Core,31.5,76.17,75.65,21.0,15.2,10.0,0.0,ok,-0.5,ok,1.86,,False,45.7,11.7,6.4,-0.2,71.7,64.9,50.9,-26.1,-49.6,0.045,0.161,GOOG,,126,15.2,17.0,,False
99,GWW,"W.W. Grainger, Inc.",Industrials,Industrial Distribution,Core,60.5,1284.85,1341.04,19.5,16.2,10.0,0.0,ok,0.0,ok,0.69,,False,45.7,25.2,2.1,10.3,39.4,46.1,38.3,9.7,0.1,0.046,0.186,GOOG,,126,16.2,14.0,,False
100,PODD,Insulet Corporation,Healthcare,Medical Devices,Core,10.3,148.14,154.42,20.5,15.2,10.0,0.0,ok,0.0,ok,0.67,,False,45.7,19.2,2.3,23.5,71.1,26.0,52.4,-30.1,-50.8,0.042,0.21,GOOG,,126,15.2,17.0,,False
101,ALLE,Allegion plc,Industrials,Security & Protection Services,Core,13.2,155.07,151.88,19.5,16.7,10.0,0.0,ok,-0.5,ok,1.81,,False,45.7,15.9,3.7,12.7,44.8,33.7,27.7,2.8,-10.0,0.071,0.155,NVDA,,126,16.7,17.0,,False
102,ALGN,"Align Technology, Inc.",Healthcare,Medical Instruments & Supplies,Core,11.3,159.15,171.95,18.5,17.1,10.0,0.0,ok,0.0,ok,-1.08,,False,45.6,12.7,5.2,4.3,70.4,10.2,32.0,-6.5,-21.6,0.313,0.311,GOOG,,126,17.1,17.0,,False
103,HBAN,Huntington Bancshares Incorpor,Financial Services,Banks - Regional,Growth,34.1,16.88,17.54,18.0,17.6,10.0,0.0,ok,0.0,financial_na,,,False,45.6,9.0,,47.6,0.0,9.0,32.4,-0.0,-10.0,0.193,0.275,GOOG,,126,17.6,14.0,,False
104,APH,Amphenol Corporation,Technology,Electronic Components,Growth,197.4,160.08,160.99,19.0,17.0,10.0,0.0,ok,-0.5,ok,1.42,,False,45.5,24.7,1.9,55.0,39.0,38.1,43.9,10.2,5.5,0.36,0.432,AVGO,,126,17.0,13.0,,False
105,FFIV,"F5, Inc.",Technology,Software - Infrastructure,Core,22.1,391.08,404.42,18.0,17.5,10.0,0.0,ok,0.0,ok,-1.47,,False,45.5,21.6,3.2,10.9,81.9,19.8,40.2,20.1,25.6,0.307,0.276,AVGO,,126,17.5,17.0,,False
106,AFL,AFLAC Incorporated,Financial Services,Insurance - Life,Core,58.8,117.24,121.51,17.5,18.0,10.0,0.0,ok,0.0,financial_na,,,False,45.5,15.5,8.8,-1.0,50.9,16.9,37.7,2.5,-6.7,-0.216,0.268,AVGO,,126,18.0,15.0,,False
107,AVY,Avery Dennison Corporation,Consumer Cyclical,Packaging & Containers,Core,13.2,174.42,169.67,20.5,16.5,10.0,0.0,ok,-1.5,ok,2.28,,False,45.5,15.6,7.6,10.9,29.0,31.2,40.1,1.0,-17.3,0.145,0.176,MSFT,,126,16.5,11.0,,False
108,CIEN,Ciena Corporation,Technology,Communication Equipment,Growth,50.1,354.16,410.93,15.5,20.0,10.0,0.0,ok,0.0,ok,0.48,,False,45.5,36.6,1.4,39.5,43.0,15.5,27.9,-5.8,6.1,0.331,0.498,AVGO,,126,20.0,14.0,,False
109,GOOGL,Alphabet Inc.,Communication Services,Internet Content & Information,Core,4123.0,337.12,348.73,19.0,18.4,10.0,-2.0,ok,0.0,ok,-0.7,,False,45.4,22.7,0.5,24.2,60.9,48.7,38.9,0.6,-0.1,0.562,0.995,GOOG,,126,18.4,15.0,,False
110,EME,"EMCOR Group, Inc.",Industrials,Engineering & Construction,Core,32.4,734.26,783.5,18.0,17.4,10.0,0.0,ok,0.0,ok,-0.19,,False,45.4,20.0,3.0,19.8,19.4,40.3,29.0,-3.1,-10.1,0.453,0.408,AVGO,,126,17.4,14.0,,False
111,ACMR,"ACM Research, Inc.",Technology,Semiconductor Equipment & Mate,Growth,4.9,69.9,87.14,14.5,20.8,10.0,0.0,ok,0.0,ok,-6.83,,False,45.3,24.2,-3.8,36.0,43.8,11.6,32.9,11.2,32.5,0.414,0.479,AVGO,,126,20.8,14.0,,False
112,JBL,Jabil Inc.,Technology,Electronic Components,Core,31.4,299.39,329.72,16.5,19.2,10.0,0.0,ok,-0.5,ok,1.08,,False,45.2,17.8,3.9,11.8,9.2,65.9,16.9,2.6,6.5,0.442,0.537,AVGO,,126,19.2,13.0,,False
113,VLTO,Veralto Corp,Industrials,Pollution & Treatment Controls,Core,23.7,97.21,94.76,19.5,16.2,10.0,0.0,ok,-0.5,ok,1.06,,False,45.2,20.4,3.4,7.5,60.2,34.3,48.4,4.1,-10.0,-0.025,0.129,AVGO,,126,16.2,16.0,,False
114,BAC,Bank of America Corporation,Financial Services,Banks - Diversified,Core,437.7,62.6,61.42,17.5,17.7,10.0,0.0,ok,0.0,financial_na,,,False,45.2,11.8,,16.8,0.0,11.2,40.8,14.6,14.2,0.169,0.247,GOOG,,126,17.7,14.0,,False
115,MU,"Micron Technology, Inc.",Technology,Semiconductors,Growth,1079.8,956.08,944.03,20.0,15.2,10.0,0.0,ok,0.0,ok,-0.29,,False,45.2,6.2,0.7,345.7,72.6,66.6,50.9,59.6,128.7,0.389,0.497,AVGO,,126,15.2,15.0,,False
116,GE,GE Aerospace,Industrials,Aerospace & Defense,Core,341.9,329.5,358.55,18.0,17.2,10.0,0.0,ok,0.0,ok,0.9,,False,45.2,36.3,1.9,21.1,31.1,48.2,33.2,2.7,-11.3,0.231,0.376,GOOG,,126,17.2,14.0,,False
117,MSCI,MSCI Inc.,Financial Services,Financial Data & Stock Exchang,Core,40.8,560.63,578.02,17.5,17.6,10.0,0.0,ok,0.0,financial_na,,,False,45.1,24.9,2.9,12.2,83.0,,40.9,-1.8,-12.9,0.188,0.369,MSFT,,126,17.6,16.0,,False
118,HIG,"The Hartford Insurance Group, ",Financial Services,Insurance - Diversified,Core,37.2,137.21,138.79,20.0,15.1,10.0,0.0,ok,0.0,financial_na,,,False,45.1,10.0,14.8,8.1,37.9,22.1,48.2,0.9,-14.0,-0.203,0.315,AVGO,,126,15.1,14.0,,False
119,SNPS,"Synopsys, Inc.",Technology,Software - Infrastructure,Growth,79.7,415.97,414.79,20.0,17.6,10.0,0.0,ok,-2.5,ok,3.49,,False,45.1,23.8,4.3,42.4,82.9,3.7,51.3,-7.0,-18.2,0.435,0.441,NVDA,,126,17.6,17.0,,False
120,PRU,"Prudential Financial, Inc.",Financial Services,Insurance - Life,Core,41.3,119.84,118.45,18.0,17.1,10.0,0.0,ok,0.0,financial_na,,,False,45.1,8.1,18.2,14.1,29.0,12.0,34.3,11.6,8.6,0.109,0.204,GOOG,,126,17.1,14.0,,False
121,KKR,KKR & Co. Inc.,Financial Services,Asset Management,Core,98.3,106.43,101.92,15.5,19.6,10.0,0.0,ok,0.0,financial_na,,,False,45.1,14.4,,7.8,54.8,7.3,31.9,0.8,-0.7,0.327,0.291,GOOG,,126,19.6,15.0,,False
122,CAT,"Caterpillar, Inc.",Industrials,Farm & Heavy Construction Mach,Core,364.2,792.28,881.44,18.0,18.6,10.0,0.0,ok,-1.5,ok,2.41,,False,45.1,24.5,1.4,24.0,29.7,57.0,33.6,2.9,0.2,0.29,0.456,AVGO,,126,18.6,14.0,,False
123,XYL,Xylem Inc.,Industrials,Specialty Industrial Machinery,Core,24.9,106.74,117.84,16.0,19.0,10.0,0.0,ok,0.0,ok,0.9,,False,45.0,17.1,4.7,1.5,39.2,9.2,17.4,-14.2,-27.7,0.096,0.249,GOOG,,126,19.0,14.0,,False
124,ABNB,"Airbnb, Inc.",Consumer Cyclical,Travel Services,Core,109.7,183.26,174.1,20.5,14.5,10.0,0.0,ok,0.0,ok,-3.47,,False,45.0,29.8,2.9,16.5,82.9,34.5,47.6,32.1,22.7,0.319,0.27,GOOG,,126,14.5,15.0,,False
125,CSX,CSX Corporation,Industrials,Railroads,Core,90.1,48.65,50.04,19.5,17.0,10.0,0.0,ok,-1.5,ok,2.64,,False,45.0,21.4,2.2,10.1,47.1,24.4,37.0,13.2,6.0,-0.017,0.19,MSFT,,126,17.0,15.0,,False
126,UNP,Union Pacific Corporation,Industrials,Railroads,Core,172.1,289.73,292.56,20.5,15.9,10.0,0.0,ok,-1.5,ok,2.26,,False,44.9,20.5,2.7,11.5,56.3,39.7,41.0,11.8,-0.9,-0.155,0.185,MSFT,,126,15.9,15.0,,False
127,OXY,Occidental Petroleum Corporati,Energy,Oil & Gas E&P,Growth,60.9,60.91,57.86,22.5,12.4,10.0,0.0,ok,0.0,ok,0.76,,False,44.9,15.9,6.2,53.4,73.3,10.6,66.6,16.9,2.7,-0.299,0.354,GOOG,,126,12.4,14.0,,False
128,FTNT,"Fortinet, Inc.",Technology,Software - Infrastructure,Core,113.4,154.54,158.43,19.0,15.9,10.0,0.0,ok,0.0,ok,-1.35,,False,44.9,41.0,2.0,25.6,80.2,117.4,42.4,41.4,70.8,0.305,0.289,MSFT,,126,15.9,17.0,,False
129,ROST,"Ross Stores, Inc.",Consumer Cyclical,Apparel Retail,Core,74.1,230.85,234.14,19.5,15.4,10.0,0.0,ok,0.0,ok,0.12,,False,44.9,25.8,2.9,13.3,34.2,42.6,34.9,9.0,-4.6,0.134,0.147,GOOG,,126,15.4,11.0,,False
130,CB,Chubb Limited,Financial Services,Insurance - Property & Casualt,Core,130.9,339.42,347.45,18.5,16.3,10.0,0.0,ok,0.0,financial_na,,,False,44.8,11.7,8.0,6.1,31.1,14.8,42.5,4.3,-9.8,-0.382,0.417,AVGO,,126,16.3,14.0,,False
131,TRV,"The Travelers Companies, Inc.",Financial Services,Insurance - Property & Casualt,Core,76.4,366.18,361.05,20.0,14.8,10.0,0.0,ok,0.0,financial_na,,,False,44.8,12.1,19.3,0.3,34.7,26.5,45.0,17.7,7.6,-0.232,0.277,AVGO,,126,14.8,14.0,,False
132,TTD,"The Trade Desk, Inc.",Communication Services,Advertising Agencies,Speculative,6.8,14.55,16.69,19.5,15.3,10.0,0.0,ok,0.0,ok,-1.51,,False,44.8,14.6,8.5,3.0,76.9,15.4,49.9,-42.5,-63.4,0.178,0.272,MSFT,,126,15.3,15.0,,False
133,EMR,Emerson Electric Company,Industrials,Specialty Industrial Machinery,Core,83.1,148.98,149.1,18.5,16.8,10.0,0.0,ok,-0.5,ok,1.92,,False,44.8,20.6,4.5,7.0,53.2,12.8,24.9,4.9,-7.1,0.372,0.362,NVDA,,126,16.8,15.0,,False
134,RJF,"Raymond James Financial, Inc.",Financial Services,Asset Management,Core,33.8,175.95,171.24,19.0,15.8,10.0,0.0,ok,0.0,financial_na,,,False,44.8,12.4,,15.1,93.2,18.4,41.3,10.1,0.8,0.258,0.331,GOOG,,126,15.8,16.0,,False
135,PNC,"PNC Financial Services Group, ",Financial Services,Banks - Regional,Core,96.7,242.46,249.35,18.5,16.3,10.0,0.0,ok,0.0,financial_na,,,False,44.8,11.3,,23.6,0.0,12.6,30.3,8.8,2.8,0.05,0.224,GOOG,,126,16.3,14.0,,False
136,FISV,"Fiserv, Inc.",,,Core,27.6,51.98,51.96,15.5,19.2,10.0,0.0,ok,,unavailable,,,False,44.7,6.4,,,,,32.0,-11.0,-30.8,0.109,0.308,MSFT,,126,19.2,12.5,,False
137,EOG,"EOG Resources, Inc.",Energy,Oil & Gas E&P,Growth,78.1,148.96,141.51,23.0,11.7,10.0,0.0,ok,0.0,ok,0.23,,False,44.7,10.4,5.7,58.7,62.6,22.5,64.0,16.7,2.3,-0.356,0.32,BMNR,,126,11.7,14.0,,False
138,SPGI,S&P Global Inc.,Financial Services,Financial Data & Stock Exchang,Core,127.3,431.71,425.79,19.5,15.2,10.0,0.0,ok,0.0,financial_na,,,False,44.7,21.4,4.3,10.4,70.9,14.3,56.2,-3.8,-16.5,0.119,0.352,MSFT,,126,15.2,16.0,,False
139,KEY,KeyCorp,Financial Services,Banks - Regional,Core,23.3,21.8,22.76,17.5,17.2,10.0,0.0,ok,0.0,financial_na,,,False,44.7,10.2,,10.1,0.0,10.3,33.0,2.4,-5.2,0.187,0.259,GOOG,,126,17.2,14.0,,False
140,UPS,"United Parcel Service, Inc.",Industrials,Integrated Freight & Logistics,Core,87.6,103.01,107.92,18.5,16.6,10.0,0.0,ok,-0.5,ok,2.0,,False,44.6,12.8,6.3,7.6,22.4,29.6,39.8,-0.3,-11.6,0.162,0.191,NVDA,,126,16.6,14.0,,False
141,BF-B,Brown Forman Inc,Consumer Defensive,Beverages - Wineries & Distill,Core,12.6,27.38,27.25,18.5,16.6,10.0,0.0,ok,-0.5,ok,1.94,,False,44.6,16.1,5.9,2.0,60.5,17.8,45.2,0.9,-6.4,-0.101,0.171,AVGO,,126,16.6,18.0,,False
142,SYK,Stryker Corporation,Healthcare,Medical Devices,Core,119.7,312.19,329.28,17.0,18.1,10.0,0.0,ok,-0.5,ok,1.62,,False,44.6,18.6,3.4,9.4,65.6,16.5,30.0,-7.8,-27.7,-0.069,0.242,AVGO,,126,18.1,17.0,,False
143,HOOD,"Robinhood Markets, Inc.",Financial Services,Capital Markets,Growth,96.2,106.99,101.64,18.5,18.1,10.0,-2.0,ok,0.0,financial_na,,,False,44.6,32.6,,32.3,91.9,23.6,56.8,12.6,20.6,0.527,0.548,BMNR,,126,18.1,16.0,,False
144,PSA,Public Storage,Real Estate,REIT - Industrial,Core,56.3,301.33,321.05,20.0,16.0,10.0,0.0,ok,-1.5,ok,2.89,,False,44.5,29.8,4.1,3.3,74.4,21.9,16.6,1.8,-13.1,-0.028,0.24,GOOG,,126,16.0,17.0,,False
145,MNST,Monster Beverage Corporation,Consumer Defensive,Beverages - Non-Alcoholic,Core,87.0,44.42,79.18,18.0,16.5,10.0,0.0,ok,0.0,ok,-1.13,,False,44.5,33.9,1.9,20.2,55.5,25.7,38.3,-44.1,-54.3,0.09,0.193,GOOG,,126,16.5,17.0,,False
146,ROL,"Rollins, Inc.",Consumer Cyclical,Personal Services,Core,17.2,35.71,39.83,18.5,16.5,10.0,0.0,ok,-0.5,ok,1.16,,False,44.5,27.5,2.9,7.9,52.4,37.0,44.8,-31.7,-50.6,0.039,0.228,GOOG,,126,16.5,14.0,,False
147,FIX,"Comfort Systems USA, Inc.",Industrials,Engineering & Construction,Core,54.9,1560.13,1726.56,17.0,17.4,10.0,0.0,ok,0.0,ok,0.12,,False,44.4,25.9,3.4,1.0,25.7,55.3,37.4,5.1,3.6,0.399,0.438,AVGO,,126,17.4,14.0,,False
148,MKC,"McCormick & Company, Incorpora",Consumer Defensive,Packaged Foods,Core,14.5,53.8,52.68,20.0,16.9,10.0,0.0,ok,-2.5,ok,3.17,,False,44.4,16.3,4.9,16.7,38.9,24.7,47.1,-5.4,-29.1,-0.108,0.252,NVDA,,126,16.9,16.0,,False
149,UAL,"United Airlines Holdings, Inc.",Industrials,Airlines,Core,35.2,108.35,122.5,17.0,18.9,10.0,0.0,ok,-1.5,ok,2.4,,False,44.4,7.1,2.6,16.0,31.8,23.3,25.6,0.2,1.3,0.373,0.352,GOOG,,126,18.9,14.0,,False
150,V,Visa Inc.,Financial Services,Credit Services,Core,706.5,378.4,361.37,20.5,13.8,10.0,0.0,ok,0.0,financial_na,,,False,44.3,25.2,2.9,14.4,97.7,61.2,62.2,13.6,6.3,0.036,0.225,MSFT,,126,13.8,18.0,,False
151,FIS,Fidelity National Information ,Technology,Information Technology Service,Core,21.6,41.87,41.75,22.0,15.8,10.0,0.0,ok,-3.5,ok,5.82,,False,44.3,6.2,12.3,29.1,35.8,22.3,36.3,-15.6,-28.7,0.062,0.335,MSFT,,126,15.8,15.0,,False
152,BRK-B,Berkshire Hathaway Inc. New,Financial Services,Insurance - Diversified,Core,1081.6,505.24,502.52,18.5,15.7,10.0,0.0,ok,0.0,financial_na,,,False,44.2,22.8,6.7,10.0,30.3,12.1,47.8,2.6,-11.3,0.011,0.21,MSFT,,126,15.7,14.0,,False
153,PFG,Principal Financial Group Inc,Financial Services,Asset Management,Core,23.8,111.31,111.76,17.5,16.7,10.0,0.0,ok,0.0,financial_na,,,False,44.2,10.7,4.4,6.4,47.3,12.9,34.7,13.4,7.9,0.202,0.262,GOOG,,126,16.7,15.0,,False
154,BR,Broadridge Financial Solutions,Technology,Information Technology Service,Core,20.3,178.06,169.16,20.0,14.7,10.0,0.0,ok,-0.5,ok,1.72,,False,44.2,15.4,5.9,7.5,31.8,40.9,58.7,0.6,-18.4,0.1,0.376,MSFT,,126,14.7,15.0,,False
155,POOL,Pool Corporation,Industrials,Industrial Distribution,Speculative,6.6,182.99,198.48,17.0,18.7,10.0,0.0,ok,-1.5,ok,2.58,,False,44.2,15.5,3.2,2.2,29.6,31.3,29.8,-14.7,-27.1,0.145,0.192,GOOG,,126,18.7,14.0,,False
156,COHU,"Cohu, Inc.",Technology,Semiconductor Equipment & Mate,Growth,2.2,45.75,54.11,14.0,20.1,10.0,0.0,ok,0.0,ok,-13.22,,False,44.1,24.8,3.1,38.4,44.0,-4.8,26.7,14.2,46.8,0.389,0.498,AVGO,,126,20.1,14.0,,False
157,RMD,ResMed Inc.,Healthcare,Medical Instruments & Supplies,Core,33.3,230.87,219.33,18.5,15.6,10.0,0.0,ok,0.0,ok,-0.31,,False,44.1,17.5,2.8,8.6,61.6,24.3,54.8,1.3,-21.5,0.044,0.314,GOOG,,126,15.6,17.0,,False
158,BKNG,Booking Holdings Inc. Common S,Consumer Cyclical,Travel Services,Core,150.0,199.6,193.65,18.0,16.1,10.0,0.0,ok,0.0,ok,0.36,,False,44.1,16.1,5.2,8.1,87.2,,36.9,7.5,-3.8,0.132,0.187,GOOG,,126,16.1,15.0,,False
159,BBY,"Best Buy Co., Inc.",Consumer Cyclical,Specialty Retail,Core,18.3,87.0,83.56,18.0,16.0,10.0,0.0,ok,0.0,ok,0.71,,False,44.0,12.1,6.9,3.6,22.7,43.1,52.8,22.9,22.4,0.026,0.114,NVDA,,126,16.0,11.0,,False
160,NTRS,Northern Trust Corporation,Financial Services,Asset Management,Growth,33.7,183.98,183.34,17.5,16.5,10.0,0.0,ok,0.0,financial_na,,,False,44.0,14.5,,36.4,0.0,17.1,35.5,16.8,16.7,0.24,0.232,GOOG,,126,16.5,14.0,,False
161,MCHP,Microchip Technology Incorpora,Technology,Semiconductors,Growth,39.5,72.76,80.65,17.5,19.0,10.0,0.0,ok,-2.5,ok,3.4,,False,44.0,15.9,3.5,38.0,60.2,7.2,36.6,-5.5,-4.9,0.411,0.503,AVGO,,126,19.0,15.0,,False
162,RL,Ralph Lauren Corporation,Consumer Cyclical,Apparel Manufacturing,Core,20.0,336.5,381.53,22.0,12.0,10.0,0.0,ok,0.0,ok,0.67,,True,44.0,16.1,4.4,14.0,70.3,37.5,6.4,-7.9,-16.8,0.268,0.251,BMNR,,126,17.4,13.0,,False
163,SPG,"Simon Property Group, Inc.",Real Estate,REIT - Retail,Core,79.8,210.2,223.1,20.5,17.0,10.0,0.0,ok,-3.5,ok,5.54,,False,44.0,31.4,3.3,19.5,81.4,120.5,27.9,4.8,-6.5,-0.089,0.191,GOOG,,126,17.0,17.0,,False
164,ITW,Illinois Tool Works Inc.,Industrials,Specialty Industrial Machinery,Core,76.6,269.09,280.08,18.5,15.9,10.0,0.0,ok,-0.5,ok,1.84,,False,43.9,21.7,3.2,6.1,44.2,104.6,16.8,1.3,-16.4,0.028,0.147,NVDA,,126,15.9,15.0,,False
165,USB,U.S. Bancorp,Financial Services,Banks - Regional,Core,97.8,62.77,62.94,17.5,16.4,10.0,0.0,ok,0.0,financial_na,,,False,43.9,10.8,,10.4,0.0,12.6,35.4,11.6,5.4,0.12,0.251,GOOG,,126,16.4,14.0,,False
166,ADP,"Automatic Data Processing, Inc",Technology,Software - Application,Core,111.7,281.16,267.1,20.0,13.9,10.0,0.0,ok,0.0,ok,0.2,,False,43.9,21.0,4.7,6.8,48.7,72.2,56.0,19.2,15.1,-0.074,0.279,MSFT,,126,13.9,16.0,,False
167,HWM,Howmet Aerospace Inc.,Industrials,Aerospace & Defense,Core,100.9,252.96,275.94,18.0,16.4,10.0,0.0,ok,-0.5,ok,1.47,,False,43.9,39.4,1.2,24.1,36.0,34.7,31.7,3.3,-12.0,0.214,0.32,GOOG,,126,16.4,14.0,,False
168,FANG,"Diamondback Energy, Inc.",Energy,Oil & Gas E&P,Growth,57.0,203.42,194.43,21.0,13.4,10.0,0.0,ok,-0.5,ok,1.03,,False,43.9,11.2,8.8,52.5,72.4,3.5,55.6,13.4,2.0,-0.229,0.302,GOOG,,126,13.4,14.0,,False
169,C,"Citigroup, Inc.",Financial Services,Banks - Diversified,Core,225.3,134.34,135.54,16.0,17.8,10.0,0.0,ok,0.0,financial_na,,,False,43.8,10.4,,15.5,0.0,8.5,38.6,9.8,11.7,0.361,0.31,NVDA,,126,17.8,14.0,,False
170,FITB,Fifth Third Bancorp,Financial Services,Banks - Regional,Growth,49.3,54.4,56.63,18.0,15.8,10.0,0.0,ok,0.0,financial_na,,,False,43.8,11.0,,51.8,0.0,8.4,27.2,7.7,0.5,0.084,0.199,GOOG,,126,15.8,14.0,,False
171,NVR,"NVR, Inc.",Consumer Cyclical,Residential Construction,Core,16.9,6326.95,6434.72,16.5,17.2,10.0,0.0,ok,0.0,ok,-0.0,,False,43.7,15.4,5.4,-10.9,21.8,31.5,47.1,-7.2,-22.8,0.05,0.176,GOOG,,126,17.2,11.0,,False
172,ALB,Albemarle Corporation,Basic Materials,Specialty Chemicals,Growth,16.3,137.75,130.86,19.0,14.7,10.0,0.0,ok,0.0,ok,0.25,,False,43.7,12.2,8.2,31.1,24.0,2.6,59.3,-11.8,-28.0,0.237,0.232,AVGO,,126,14.7,11.0,,False
173,CVNA,Carvana Co.,Consumer Cyclical,Auto & Truck Dealerships,Growth,82.2,74.16,70.45,16.0,18.2,10.0,0.0,ok,-0.5,ok,1.02,,False,43.7,32.8,0.5,52.4,19.4,58.8,50.7,1.7,-0.3,0.36,0.401,GOOG,,126,18.2,11.0,,False
174,AAPL,Apple Inc.,Technology,Consumer Electronics,Core,4742.5,324.96,313.55,20.5,13.1,10.0,0.0,ok,0.0,ok,0.13,,False,43.6,34.1,2.3,16.4,48.7,148.8,73.3,14.8,12.7,0.174,0.226,BMNR,,126,13.1,14.0,,False
175,HD,"Home Depot, Inc. (The)",Consumer Cyclical,Home Improvement Retail,Core,317.8,318.51,340.1,17.0,18.1,10.0,0.0,ok,-1.5,ok,2.48,,False,43.6,19.9,3.4,5.7,32.8,104.3,25.2,-7.2,-23.6,0.163,0.274,GOOG,,126,18.1,11.0,,False
176,KMB,Kimberly-Clark Corporation,Consumer Defensive,Household & Personal Products,Core,36.3,109.29,109.76,18.5,15.6,10.0,0.0,ok,-0.5,ok,1.6,,False,43.6,14.6,2.6,0.6,37.6,104.9,45.5,6.5,-6.8,-0.066,0.191,AVGO,,126,15.6,16.0,,False
177,GEN,Gen Digital Inc.,Technology,Software - Infrastructure,Core,18.3,30.65,29.12,22.0,14.1,10.0,0.0,ok,-2.5,ok,3.17,,False,43.6,9.3,8.4,6.3,78.0,41.9,57.1,25.4,24.0,0.351,0.4,MSFT,,126,14.1,17.0,,False
178,DHI,"D.R. Horton, Inc.",Consumer Cyclical,Residential Construction,Core,39.8,142.26,150.24,16.0,18.0,10.0,0.0,ok,-0.5,ok,1.24,,False,43.5,12.1,6.1,0.0,21.3,12.6,38.4,-4.8,-17.0,0.172,0.203,GOOG,,126,18.0,11.0,,False
179,TLN,Talen Energy Corporation,Utilities,Utilities - Independent Power ,Growth,14.5,302.03,351.58,17.5,12.0,19.0,0.0,ok,-5.0,ok,16.05,,True,43.5,9.8,8.7,111.2,42.1,-12.8,20.4,-15.8,-22.0,0.346,0.364,AVGO,,126,15.7,19.0,,False
180,ACN,Accenture plc,Technology,Information Technology Service,Core,114.8,187.68,178.3,18.5,15.0,10.0,0.0,ok,0.0,ok,-0.14,,False,43.5,12.8,10.5,5.6,32.0,24.4,60.2,-7.3,-23.8,0.012,0.289,MSFT,,126,15.0,15.0,,False
181,HUBB,Hubbell Inc,Industrials,Electrical Equipment & Parts,Core,23.8,450.08,487.74,18.5,17.5,10.0,0.0,ok,-2.5,ok,3.41,,False,43.5,19.6,2.1,15.3,35.3,24.4,20.4,-7.1,-17.8,0.179,0.324,AVGO,,126,17.5,14.0,,False
182,SNA,Snap-On Incorporated,Industrials,Tools & Accessories,Core,19.7,380.59,403.19,17.5,16.0,10.0,0.0,ok,0.0,ok,-0.24,,False,43.5,17.8,5.6,4.2,51.8,17.9,17.0,1.5,-12.7,0.122,0.272,GOOG,,126,16.0,15.0,,False
183,MA,Mastercard Incorporated,Financial Services,Credit Services,Core,515.2,588.14,558.73,20.5,13.0,10.0,0.0,ok,0.0,financial_na,,,False,43.5,25.5,3.3,14.1,100.0,241.2,63.0,11.1,0.1,0.116,0.421,MSFT,,126,13.0,18.0,,False
184,NDAQ,"Nasdaq, Inc.",Financial Services,Financial Data & Stock Exchang,Core,53.5,95.72,92.04,18.0,15.5,10.0,0.0,ok,0.0,financial_na,,,False,43.5,20.5,3.2,14.9,100.0,16.5,38.7,6.2,-3.5,0.228,0.399,MSFT,,126,15.5,16.0,,False
185,EFX,"Equifax, Inc.",Industrials,Consulting Services,Core,21.8,185.48,177.05,18.5,16.5,10.0,0.0,ok,-1.5,ok,2.75,,False,43.5,18.3,4.3,10.6,55.5,14.3,49.9,-1.2,-22.3,0.034,0.219,MSFT,,126,16.5,17.0,,False
186,AIG,"American International Group, ",Financial Services,Insurance - Diversified,Core,39.8,76.13,77.84,17.0,16.4,10.0,0.0,ok,0.0,financial_na,,,False,43.4,8.7,18.5,0.5,35.1,7.2,50.7,-1.3,-16.6,-0.075,0.223,NVDA,,126,16.4,14.0,,False
187,WYNN,"Wynn Resorts, Limited",Consumer Cyclical,Resorts & Casinos,Speculative,9.4,91.52,98.39,18.0,18.9,10.0,0.0,ok,-3.5,ok,5.66,,False,43.4,17.7,5.1,6.9,68.3,,20.2,-14.6,-25.2,0.266,0.187,AVGO,,126,18.9,13.0,,False
188,DVA,DaVita Inc.,Healthcare,Medical Care Facilities,Core,11.4,179.39,209.5,19.5,17.4,10.0,0.0,ok,-3.5,ok,4.5,,False,43.4,10.4,9.1,5.2,32.4,88.5,50.4,9.8,7.4,-0.039,0.173,GOOG,,126,17.4,15.0,,False
189,MTD,"Mettler-Toledo International, ",Healthcare,Diagnostics & Research,Core,27.4,1367.74,1355.5,16.5,17.4,10.0,0.0,ok,-0.5,ok,1.64,,False,43.4,26.4,2.5,4.5,60.3,,30.7,3.6,-3.8,0.175,0.162,GOOG,,126,17.4,17.0,,False
190,MCD,McDonald's Corporation,Consumer Cyclical,Restaurants,Core,184.7,260.95,269.93,16.5,19.4,10.0,0.0,ok,-2.5,ok,3.6,,False,43.4,18.7,3.4,3.7,57.4,,34.5,-11.7,-32.5,-0.041,0.244,NVDA,,126,19.4,12.0,,False
191,MRSH,Marsh,Financial Services,Insurance Brokers,Core,89.6,187.84,184.02,19.0,14.3,10.0,0.0,ok,0.0,financial_na,,,False,43.3,16.5,5.3,6.2,44.0,25.9,48.5,6.0,-10.2,-0.188,0.408,AVGO,,126,14.3,15.0,,False
192,LDOS,"Leidos Holdings, Inc.",Technology,Information Technology Service,Core,16.8,133.78,127.09,17.0,17.8,10.0,0.0,ok,-1.5,ok,2.45,,False,43.3,10.5,6.8,7.2,17.8,27.8,36.1,-12.8,-35.9,0.127,0.196,MSFT,,126,17.8,15.0,,False
193,TPL,Texas Pacific Land Corporation,Energy,Oil & Gas E&P,Growth,25.3,367.32,388.71,18.0,15.2,10.0,0.0,ok,0.0,ok,-0.31,,False,43.2,5.0,-0.1,31.2,93.3,36.6,62.6,-6.1,-42.0,-0.017,0.074,MSFT,,126,15.2,14.0,,False
194,AME,"AMETEK, Inc.",Industrials,Specialty Industrial Machinery,Core,53.5,233.19,241.44,17.0,16.2,10.0,0.0,ok,0.0,ok,0.73,,False,43.2,24.3,2.8,15.0,36.9,14.6,21.3,3.5,-9.3,0.289,0.359,AVGO,,126,16.2,14.0,,False
195,NEM,Newmont Corporation,Basic Materials,Gold,Cyclical,131.9,125.16,118.9,22.0,11.2,10.0,0.0,ok,0.0,ok,-0.2,,False,43.2,12.4,6.7,15.1,68.0,25.9,61.9,15.9,-4.4,0.404,0.451,BMNR,,126,11.2,13.0,,False
196,PPG,"PPG Industries, Inc.",Basic Materials,Specialty Chemicals,Cyclical,24.7,111.31,116.19,17.5,17.2,10.0,0.0,ok,-1.5,ok,2.17,,False,43.2,12.8,4.5,7.2,41.2,19.3,38.7,0.6,-12.1,0.298,0.347,BMNR,,126,17.2,12.0,,False
197,IVZ,Invesco Ltd,Financial Services,Asset Management,Core,14.0,31.72,30.15,16.5,16.7,10.0,0.0,ok,0.0,financial_na,,,False,43.2,9.7,8.1,20.5,29.5,-0.6,43.5,17.7,17.0,0.485,0.426,BMNR,,126,16.7,14.0,,False
198,EQT,EQT Corporation,Energy,Oil & Gas E&P,Cyclical,34.9,55.75,52.96,18.5,14.7,10.0,0.0,ok,0.0,ok,0.79,,False,43.2,14.2,7.1,-3.9,80.7,11.1,63.8,-0.5,-21.6,-0.073,0.103,AVGO,,126,14.7,14.0,,False
199,GEHC,GE HealthCare Technologies Inc,Healthcare,Medical Devices,Core,31.9,70.56,68.12,17.5,17.1,10.0,0.0,ok,-1.5,ok,2.36,,False,43.1,13.0,4.9,5.8,39.5,19.4,33.1,-3.0,-20.7,0.127,0.217,GOOG,,126,17.1,15.0,,False
200,DDOG,"Datadog, Inc.",Technology,Software - Application,Growth,75.1,209.23,249.55,15.0,18.1,10.0,0.0,ok,0.0,ok,-44.73,,False,43.1,70.5,1.4,35.6,79.5,4.7,27.5,18.8,58.8,0.25,0.306,MSFT,,126,18.1,17.0,,False
201,VRSK,"Verisk Analytics, Inc.",Industrials,Consulting Services,Core,24.5,188.16,190.18,18.0,16.6,10.0,0.0,ok,-1.5,ok,2.68,,False,43.1,21.6,4.3,4.4,70.2,,52.8,-3.3,-22.9,-0.152,0.287,AVGO,,126,16.6,18.0,,False
202,CF,"CF Industries Holdings, Inc.",Basic Materials,Agricultural Inputs,Cyclical,21.1,139.27,132.31,22.0,11.1,10.0,0.0,ok,0.0,ok,0.29,,False,43.1,13.4,6.1,17.6,42.5,29.9,84.2,30.0,14.0,-0.356,0.322,GOOG,,126,11.1,12.0,,False
203,PWR,"Quanta Services, Inc.",Industrials,Engineering & Construction,Growth,91.8,610.78,655.7,16.0,18.5,10.0,0.0,ok,-1.5,ok,2.0,,False,43.0,31.1,2.1,41.1,15.5,15.3,35.6,4.3,-1.0,0.368,0.371,AVGO,,126,18.5,14.0,,False
204,NKE,"Nike, Inc.",Consumer Cyclical,Footwear & Accessories,Core,56.7,38.24,41.62,16.5,16.5,10.0,0.0,ok,0.0,ok,0.41,,False,43.0,16.7,3.3,-1.1,43.2,22.1,35.9,-25.7,-46.3,0.185,0.207,MSFT,,126,16.5,12.0,,False
205,DOV,Dover Corporation,Industrials,Specialty Industrial Machinery,Core,25.4,188.9,208.74,16.0,17.0,10.0,0.0,ok,0.0,ok,0.79,,False,43.0,16.2,3.6,6.9,40.1,14.9,21.6,-9.9,-24.6,0.244,0.279,GOOG,,126,17.0,15.0,,False
206,UNH,UnitedHealth Group Incorporate,Healthcare,Healthcare Plans,Core,358.7,399.66,412.2,15.5,18.0,10.0,0.0,ok,-0.5,ok,1.57,,False,43.0,17.8,6.8,0.4,19.7,14.2,50.5,14.3,27.2,0.052,0.096,MSFT,,126,18.0,15.0,,False
207,STE,STERIS plc (Ireland),Healthcare,Medical Devices,Core,22.5,230.35,224.65,16.0,16.9,10.0,0.0,ok,0.0,ok,0.95,,False,42.9,18.8,3.6,7.3,44.4,11.4,39.8,-1.1,-15.7,0.034,0.171,GOOG,,126,16.9,16.0,,False
208,CPRT,"Copart, Inc.",Industrials,Specialty Business Services,Core,29.8,32.16,30.55,17.0,15.9,10.0,0.0,ok,0.0,ok,-2.09,,False,42.9,19.2,3.4,2.1,47.5,17.6,66.7,-6.8,-27.7,-0.023,0.268,AVGO,,126,15.9,17.0,,False
209,HCA,"HCA Healthcare, Inc.",Healthcare,Medical Care Facilities,Core,87.0,402.06,402.09,17.0,18.4,10.0,0.0,ok,-2.5,ok,3.2,,False,42.9,12.5,4.3,8.7,42.6,,43.1,-11.1,-36.9,-0.012,0.187,GOOG,,126,18.4,16.0,,False
210,AMD,"Advanced Micro Devices, Inc.",Technology,Semiconductors,Growth,746.1,457.06,501.65,16.5,16.4,10.0,0.0,ok,0.0,ok,-0.92,,False,42.9,29.6,1.2,50.1,55.7,10.2,41.9,34.9,116.9,0.485,0.53,AVGO,,126,16.4,14.0,,False
211,CHTR,"Charter Communications, Inc.",Communication Services,Telecom Services,Core,21.4,158.97,151.02,19.0,17.4,10.0,0.0,ok,-3.5,ok,4.41,,False,42.9,3.6,10.3,-1.7,55.2,27.2,51.9,-13.0,-43.1,-0.002,0.203,NVDA,,126,17.4,16.0,,False
212,CFG,"Citizens Financial Group, Inc.",Financial Services,Banks - Regional,Core,29.4,69.78,71.45,16.0,16.8,10.0,0.0,ok,0.0,financial_na,,,False,42.8,10.7,,14.7,0.0,8.3,30.6,10.0,5.8,0.148,0.231,GOOG,,126,16.8,14.0,,False
213,PG,Procter & Gamble Company (The),Consumer Defensive,Household & Personal Products,Core,342.9,147.64,146.86,18.5,14.7,10.0,0.0,ok,-0.5,ok,1.01,,False,42.7,20.0,3.9,1.5,50.9,30.3,60.6,0.6,-15.6,-0.024,0.232,GOOG,,126,14.7,17.0,,False
214,PATH,"UiPath, Inc.",Technology,Software - Infrastructure,Speculative,9.3,17.99,17.09,19.5,13.2,10.0,0.0,ok,0.0,ok,-9.9,,False,42.7,19.8,5.5,17.3,83.0,18.2,62.5,39.9,43.5,0.324,0.432,MSFT,,126,13.2,17.0,,False
215,A,"Agilent Technologies, Inc.",Healthcare,Diagnostics & Research,Core,42.7,151.39,143.82,17.5,15.7,10.0,0.0,ok,-0.5,ok,1.04,,False,42.7,22.4,2.5,8.1,53.8,21.0,53.4,15.2,16.2,0.191,0.16,NVDA,,126,15.7,16.0,,False
216,MRVL,"Marvell Technology, Inc.",Technology,Semiconductors,Growth,185.6,206.48,223.18,15.5,17.2,10.0,0.0,ok,0.0,ok,0.47,,False,42.7,30.7,1.3,36.5,52.2,16.5,44.5,37.3,160.7,0.351,0.507,AVGO,,126,17.2,14.0,,False
217,GLW,Corning Incorporated,Technology,Electronic Components,Core,124.2,144.13,167.92,14.5,18.7,10.0,0.0,ok,-0.5,ok,1.68,,False,42.7,33.4,0.6,16.6,36.4,16.8,37.6,0.8,-5.3,0.296,0.43,AVGO,,126,18.7,13.0,,False
218,PH,Parker-Hannifin Corporation,Industrials,Specialty Industrial Machinery,Core,119.7,949.38,991.7,17.5,15.7,10.0,0.0,ok,-0.5,ok,1.45,,False,42.7,24.2,2.5,9.8,37.5,25.1,20.9,1.8,-13.7,0.13,0.27,NVDA,,126,15.7,14.0,,False
219,PAYX,"Paychex, Inc.",Technology,Software - Application,Core,44.1,124.0,117.8,18.5,15.7,10.0,0.0,ok,-1.5,ok,2.17,,False,42.7,19.4,,12.5,67.2,,46.7,20.6,15.4,-0.043,0.278,MSFT,,126,15.7,17.0,,False
220,DASH,"DoorDash, Inc.",Consumer Cyclical,Internet Retail,Growth,98.0,226.24,214.93,18.0,14.7,10.0,0.0,ok,0.0,ok,-1.42,,False,42.7,27.8,5.3,35.6,52.2,8.9,59.8,20.1,11.1,0.413,0.465,MSFT,,126,14.7,12.0,,False
221,CSGP,"CoStar Group, Inc.",Real Estate,Real Estate Services,Core,12.7,31.26,30.21,16.5,16.2,10.0,0.0,ok,0.0,ok,-0.28,,False,42.7,18.0,3.3,18.4,78.7,0.9,40.5,-29.1,-48.3,0.042,0.369,MSFT,,126,16.2,19.0,,False
222,WM,"Waste Management, Inc.",Industrials,Waste Management,Core,87.6,219.04,228.45,17.5,16.6,10.0,0.0,ok,-1.5,ok,2.93,,False,42.6,24.0,2.7,4.0,40.6,29.8,36.5,-2.5,-22.9,-0.386,0.366,NVDA,,126,16.6,15.0,,False
223,INVH,Invitation Homes Inc.,Real Estate,REIT - Residential,Core,17.1,28.84,29.95,19.0,17.1,10.0,0.0,ok,-3.5,ok,5.65,,False,42.6,42.2,6.8,10.1,56.3,7.1,28.1,4.1,-1.7,-0.114,0.305,AVGO,,126,17.1,16.0,,False
224,SHW,Sherwin-Williams Company (The),Basic Materials,Specialty Chemicals,Cyclical,80.4,331.25,343.13,18.5,16.6,10.0,0.0,ok,-2.5,ok,3.13,,False,42.6,24.3,3.1,7.5,49.0,65.1,23.5,-0.8,-13.5,0.237,0.318,GOOG,,126,16.6,12.0,,False
225,CTSH,Cognizant Technology Solutions,Technology,Information Technology Service,Core,28.6,63.4,60.23,18.5,14.1,10.0,0.0,ok,0.0,ok,0.26,,False,42.6,10.0,7.8,4.5,33.4,14.9,64.9,1.6,-15.2,0.01,0.297,MSFT,,126,14.1,15.0,,False
226,ULTA,"Ulta Beauty, Inc.",Consumer Cyclical,Specialty Retail,Core,23.6,551.74,524.15,18.5,14.5,10.0,0.0,ok,-0.5,ok,1.19,,False,42.5,17.2,3.9,8.9,43.1,46.1,61.3,-0.7,-27.8,0.156,0.163,MSFT,,126,14.5,12.0,,False
227,EXPD,Expeditors International of Wa,Industrials,Integrated Freight & Logistics,Growth,24.2,186.16,177.22,17.5,15.0,10.0,0.0,ok,0.0,ok,-0.37,,False,42.5,23.5,3.3,32.1,13.5,42.7,47.1,17.7,14.6,-0.03,0.086,MSFT,,126,15.0,14.0,,False
228,TKO,"TKO Group Holdings, Inc.",Communication Services,Entertainment,Core,35.9,189.79,190.3,16.5,17.5,10.0,0.0,ok,-1.5,ok,2.69,,False,42.5,47.6,2.4,18.2,59.5,7.1,39.8,-3.6,-22.2,0.207,0.212,BMNR,,126,17.5,14.0,,False
229,VLO,Valero Energy Corporation,Energy,Oil & Gas Refining & Marketing,Growth,105.4,366.09,347.79,20.0,12.5,10.0,0.0,ok,0.0,ok,0.26,,False,42.5,12.0,8.0,51.7,16.1,27.6,68.5,54.2,48.3,-0.196,0.288,GOOG,,126,12.5,12.0,,False
230,MDB,"MongoDB, Inc.",Technology,Software - Infrastructure,Core,30.2,375.4,370.31,13.0,19.5,10.0,0.0,ok,0.0,neg_ebitda_low_debt,,,False,42.5,48.4,1.7,25.2,72.0,-1.0,29.0,9.7,30.0,0.405,0.436,MSFT,,126,19.5,17.0,,False
231,ZBRA,Zebra Technologies Corporation,Technology,Communication Equipment,Core,16.6,351.11,333.55,18.0,15.9,10.0,0.0,ok,-1.5,ok,2.37,,False,42.4,15.8,3.5,20.4,49.6,15.3,30.6,37.1,40.6,0.299,0.311,AVGO,,126,15.9,14.0,,False
232,FDX,FedEx Corporation,Industrials,Integrated Freight & Logistics,Core,74.9,316.54,319.43,18.0,15.9,10.0,0.0,ok,-1.5,ok,2.48,,False,42.4,15.2,7.6,12.5,27.3,14.8,24.8,-4.8,-27.1,0.191,0.242,GOOG,,126,15.9,14.0,,False
233,VRSN,"VeriSign, Inc.",Technology,Software - Infrastructure,Core,26.2,289.96,277.37,16.5,16.4,10.0,0.0,ok,-0.5,ok,1.1,,False,42.4,26.4,3.2,6.0,88.5,,52.6,11.1,9.2,-0.003,0.152,BMNR,,126,16.4,17.0,,False
234,PGR,Progressive Corporation (The),Financial Services,Insurance - Property & Casualt,Core,128.6,221.38,217.37,19.5,12.9,10.0,0.0,ok,0.0,financial_na,,,False,42.4,13.6,11.7,7.3,18.5,34.9,65.4,6.2,-7.1,-0.315,0.382,AVGO,,126,12.9,14.0,,False
235,GPN,Global Payments Inc.,Industrials,Specialty Business Services,Growth,24.6,92.81,88.17,21.0,14.8,10.0,0.0,ok,-3.5,ok,4.05,,False,42.3,5.8,,68.6,64.0,2.4,43.4,23.1,6.7,0.279,0.298,MSFT,,126,14.8,18.0,fcf_yield_out_of_range(32.0),False
236,BMNR,BitMine Immersion Technologies,Financial Services,Capital Markets,Growth,13.9,23.06,21.91,14.0,18.2,10.0,0.0,ok,0.0,financial_na,,,False,42.2,24.5,-3.7,2167.8,84.4,-150.9,66.7,3.0,1.1,0.479,0.401,NVDA,,126,18.2,16.0,,True
237,WTW,Willis Towers Watson Public Li,Financial Services,Insurance Brokers,Core,31.4,337.73,320.84,17.5,14.7,10.0,0.0,ok,0.0,financial_na,,,False,42.2,14.8,4.5,9.1,42.5,19.8,53.1,12.8,0.5,0.009,0.44,MSFT,,126,14.7,15.0,,False
238,ACGL,Arch Capital Group Ltd.,Financial Services,Insurance - Diversified,Core,33.5,98.21,99.89,16.5,15.7,10.0,0.0,ok,0.0,financial_na,,,False,42.2,10.1,12.8,-10.5,38.8,19.9,50.9,2.3,-11.1,-0.293,0.418,AVGO,,126,15.7,14.0,,False
239,L,Loews Corporation,Financial Services,Insurance - Property & Casualt,Core,22.3,108.94,113.83,16.0,16.2,10.0,0.0,ok,0.0,financial_na,,,False,42.2,37.6,5.7,3.9,36.3,9.3,29.9,0.2,-13.2,-0.191,0.242,NVDA,,126,16.2,14.0,,False
240,ORLY,"O'Reilly Automotive, Inc.",Consumer Cyclical,Auto Parts,Core,70.4,86.97,89.0,15.5,18.2,10.0,0.0,ok,-1.5,ok,2.24,,False,42.2,23.8,2.2,8.1,51.6,,27.9,-5.8,-20.1,-0.084,0.2,NVDA,,126,18.2,12.0,,False
241,ELV,"Elevance Health, Inc.",Healthcare,Healthcare Plans,Core,88.0,405.84,395.27,16.0,16.2,10.0,0.0,ok,0.0,ok,-0.78,,False,42.2,13.7,4.9,1.4,26.0,11.1,56.4,13.5,30.3,0.02,0.155,AVGO,,126,16.2,15.0,,False
242,OTIS,Otis Worldwide Corporation,Industrials,Specialty Industrial Machinery,Core,27.0,70.83,72.42,15.5,19.2,10.0,0.0,ok,-2.5,ok,3.04,,False,42.2,15.5,5.3,7.3,30.3,,38.5,-11.1,-33.6,0.029,0.196,GOOG,,126,19.2,14.0,,False
243,TDG,Transdigm Group Incorporated,Industrials,Aerospace & Defense,Core,63.8,1153.75,1248.67,18.5,18.7,10.0,0.0,ok,-5.0,ok,6.03,,False,42.2,23.8,2.3,22.5,59.8,,24.6,-9.2,-23.1,0.165,0.354,GOOG,,126,18.7,15.0,,False
244,FOX,Fox Corporation,Communication Services,Entertainment,Core,25.3,60.27,57.26,18.0,14.1,10.0,0.0,ok,0.0,ok,0.87,,False,42.1,10.5,2.2,28.1,36.6,14.3,58.0,6.1,0.4,-0.009,0.163,AVGO,,126,14.1,13.0,,False
245,HST,"Host Hotels & Resorts, Inc.",Real Estate,REIT - Hotel & Motel,Core,15.4,22.11,23.61,17.0,16.6,10.0,0.0,ok,-1.5,ok,2.18,,False,42.1,21.0,11.0,3.6,29.2,15.6,38.6,6.6,-0.3,0.115,0.3,GOOG,,126,16.6,15.0,,False
246,ERIE,Erie Indemnity Company,Financial Services,Insurance Brokers,Core,13.5,258.41,245.49,16.0,16.1,10.0,0.0,ok,0.0,financial_na,,,False,42.1,18.4,3.6,2.8,17.9,24.8,52.1,1.9,-15.9,-0.248,0.354,AVGO,,126,16.1,14.0,,False
247,RF,Regions Financial Corporation,Financial Services,Banks - Regional,Core,25.5,29.93,30.86,16.5,15.6,10.0,0.0,ok,0.0,financial_na,,,False,42.1,10.5,,3.4,0.0,11.9,30.6,5.8,-4.3,0.107,0.261,GOOG,,126,15.6,14.0,,False
248,DLTR,"Dollar Tree, Inc.",Consumer Defensive,Discount Stores,Core,24.8,131.91,126.81,18.5,15.1,10.0,0.0,ok,-1.5,ok,2.64,,False,42.1,16.7,4.2,7.0,37.2,46.0,53.7,12.9,1.6,0.161,0.2,MSFT,,126,15.1,16.0,,False
249,TRMB,Trimble Inc.,Technology,Scientific & Technical Instrum,Core,13.8,59.11,56.15,17.0,15.5,10.0,0.0,ok,-0.5,ok,1.41,,False,42.0,14.3,5.0,11.0,71.8,-1.9,56.0,-9.0,-28.3,0.337,0.33,MSFT,,126,15.5,15.0,,False
250,VMC,Vulcan Materials Company (Hold,Basic Materials,Building Materials,Cyclical,34.2,263.93,284.38,14.5,19.0,10.0,0.0,ok,-1.5,ok,2.03,,False,42.0,24.5,2.5,2.5,27.5,13.2,37.1,-8.5,-20.2,0.114,0.249,GOOG,,126,19.0,11.0,,False
251,CRDO,Credo Technology Group Holding,Technology,Semiconductors,Growth,31.1,165.22,234.26,20.0,12.0,10.0,0.0,ok,0.0,ok,-2.96,,True,42.0,17.2,0.8,157.0,68.0,34.4,22.3,-5.7,31.8,0.388,0.482,AVGO,,126,22.7,15.0,,False
252,IR,Ingersoll Rand Inc.,Industrials,Specialty Industrial Machinery,Core,29.1,75.0,81.83,14.5,17.9,10.0,0.0,ok,-0.5,ok,1.85,,False,41.9,19.1,3.8,8.5,42.8,9.5,20.8,-8.5,-29.4,0.236,0.269,GOOG,,126,17.9,15.0,,False
253,DLR,"Digital Realty Trust, Inc.",Real Estate,REIT - Specialty,Core,69.4,183.76,186.94,19.0,16.4,10.0,0.0,ok,-3.5,ok,5.66,,False,41.9,63.6,5.4,29.9,57.0,2.9,29.6,3.2,-9.3,0.169,0.203,NVDA,,126,16.4,16.0,,False
254,EW,Edwards Lifesciences Corporati,Healthcare,Medical Devices,Core,52.3,90.82,89.63,16.5,15.4,10.0,0.0,ok,0.0,ok,-1.78,,False,41.9,26.9,2.4,13.6,77.8,9.2,39.9,7.0,-4.0,0.28,0.317,GOOG,,126,15.4,17.0,,False
255,GRMN,Garmin Ltd.,Technology,Scientific & Technical Instrum,Core,53.2,276.04,270.93,17.0,14.9,10.0,0.0,ok,0.0,ok,-1.06,,False,41.9,25.1,2.0,11.4,60.1,21.9,9.2,16.4,3.1,0.187,0.176,GOOG,,126,14.9,15.0,,False
256,PHM,"PulteGroup, Inc.",Consumer Cyclical,Residential Construction,Core,23.6,123.7,129.24,15.0,16.9,10.0,0.0,ok,0.0,ok,0.42,,False,41.9,11.0,4.6,-9.6,25.6,14.9,37.4,-1.0,-16.6,0.149,0.221,GOOG,,126,16.9,11.0,,False
257,TFC,Truist Financial Corporation,Financial Services,Banks - Regional,Core,62.1,50.81,51.47,15.0,16.8,10.0,0.0,ok,0.0,financial_na,,,False,41.8,10.2,,8.2,0.0,9.1,35.1,3.4,-6.3,0.055,0.187,GOOG,,126,16.8,14.0,,False
258,ICE,Intercontinental Exchange Inc.,Financial Services,Financial Data & Stock Exchang,Core,88.6,157.85,149.96,18.5,13.3,10.0,0.0,ok,0.0,financial_na,,,False,41.8,17.9,4.1,4.8,100.0,14.1,57.6,1.9,-15.7,0.145,0.283,MSFT,,126,13.3,16.0,,False
259,MGM,MGM Resorts International,Consumer Cyclical,Resorts & Casinos,Core,10.6,41.44,45.19,18.5,18.2,10.0,0.0,ok,-5.0,ok,12.25,,False,41.7,20.0,8.3,1.0,44.2,18.9,25.7,4.9,-0.6,0.223,0.211,MSFT,,126,18.2,12.0,,False
260,MTB,M&T Bank Corporation,Financial Services,Banks - Regional,Core,34.0,235.48,244.66,16.5,15.2,10.0,0.0,ok,0.0,financial_na,,,False,41.7,11.2,,6.2,0.0,10.7,25.1,7.3,-3.2,0.043,0.231,GOOG,,126,15.2,14.0,,False
261,KO,Coca-Cola Company (The),Consumer Defensive,Beverages - Non-Alcoholic,Core,379.7,88.24,85.75,17.0,15.2,10.0,0.0,ok,-0.5,ok,1.64,,False,41.7,25.0,1.4,6.7,61.9,42.1,53.6,13.1,3.1,-0.222,0.317,AVGO,,126,15.2,18.0,,False
262,BSX,Boston Scientific Corporation,Healthcare,Medical Devices,Core,70.1,48.37,46.76,17.0,16.1,10.0,0.0,ok,-1.5,ok,2.12,,False,41.6,14.1,3.5,7.5,69.2,15.3,38.3,-28.1,-46.0,0.11,0.176,MSFT,,126,16.1,17.0,,False
263,BMY,Bristol-Myers Squibb Company,Healthcare,Drug Manufacturers - General,Core,138.2,67.66,64.28,21.0,11.1,10.0,0.0,ok,-0.5,ok,1.8,,False,41.6,10.3,5.9,5.7,71.7,46.6,63.0,17.5,0.3,-0.02,0.239,AVGO,,126,11.1,17.0,,False
264,SYY,Sysco Corporation,Consumer Defensive,Food Distribution,Core,39.2,81.76,83.11,17.0,16.1,10.0,0.0,ok,-1.5,ok,2.95,,False,41.6,15.2,4.9,4.7,18.5,77.7,39.3,3.5,-16.2,-0.007,0.068,GOOG,,126,16.1,16.0,,False
265,FAST,Fastenal Company,Industrials,Industrial Distribution,Core,55.0,47.93,48.57,17.0,14.6,10.0,0.0,ok,0.0,ok,0.12,,False,41.6,34.2,1.7,14.7,44.7,34.3,26.2,6.3,-10.4,0.018,0.158,GOOG,,126,14.6,15.0,,False
266,MAR,Marriott International,Consumer Cyclical,Lodging,Core,86.9,333.14,363.71,17.5,16.6,10.0,0.0,ok,-2.5,ok,3.6,,False,41.6,25.3,2.4,11.1,79.2,,27.9,-3.2,-12.2,0.151,0.275,GOOG,,126,16.6,13.0,,False
267,MAA,Mid-America Apartment Communit,Real Estate,REIT - Residential,Core,15.3,128.61,134.08,18.0,17.1,10.0,0.0,ok,-3.5,ok,4.57,,False,41.6,39.2,6.0,1.0,58.4,7.0,32.2,-1.9,-15.4,-0.21,0.348,AVGO,,126,17.1,16.0,,False
268,ABT,Abbott Laboratories,Healthcare,Medical Devices,Core,191.2,110.47,104.95,17.0,16.0,10.0,0.0,ok,-1.5,ok,2.32,,False,41.5,18.2,3.8,13.0,56.8,10.6,47.9,4.2,-12.1,-0.072,0.293,AVGO,,126,16.0,16.0,,False
269,APA,APA Corporation,Energy,Oil & Gas E&P,Cyclical,15.7,44.69,42.46,21.0,10.5,10.0,0.0,ok,0.0,ok,0.6,,False,41.5,10.7,13.7,9.2,78.3,26.7,71.2,34.5,26.7,-0.327,0.312,GOOG,,126,10.5,14.0,,False
270,FTV,Fortive Corporation,Technology,Scientific & Technical Instrum,Core,17.1,56.6,60.8,17.0,16.0,10.0,0.0,ok,-1.5,ok,2.61,,False,41.5,17.4,5.5,7.9,63.2,7.3,23.5,-2.4,-14.6,0.095,0.137,NVDA,,126,16.0,15.0,,False
271,JKHY,"Jack Henry & Associates, Inc.",Technology,Information Technology Service,Core,11.7,167.03,158.68,17.5,14.0,10.0,0.0,ok,0.0,ok,0.09,,False,41.5,21.3,3.0,4.7,43.9,24.0,65.1,4.6,-12.2,-0.011,0.265,MSFT,,126,14.0,16.0,,False
272,LHX,"L3Harris Technologies, Inc.",Industrials,Aerospace & Defense,Growth,48.7,261.31,283.82,18.0,16.0,10.0,0.0,ok,-2.5,ok,3.23,,False,41.5,19.4,,190.0,30.4,,20.7,-16.8,-39.4,-0.111,0.166,MSFT,,126,16.0,14.0,,False
273,WFC,Wells Fargo & Company,Financial Services,Banks - Diversified,Core,270.0,89.27,86.45,16.5,15.0,10.0,0.0,ok,0.0,financial_na,,,False,41.5,11.3,,9.5,0.0,12.6,54.6,5.6,-2.9,0.054,0.125,GOOG,,126,15.0,14.0,,False
274,COST,Costco Wholesale Corporation,Consumer Defensive,Discount Stores,Core,411.8,928.48,944.82,14.0,17.4,10.0,0.0,ok,0.0,ok,-0.07,,False,41.4,41.0,1.7,21.5,12.9,29.2,38.6,-3.2,-17.6,-0.244,0.358,AVGO,,126,17.4,16.0,,False
275,BXP,"BXP, Inc.",Real Estate,REIT - Office,Core,12.1,67.1,68.51,18.0,18.4,10.0,0.0,ok,-5.0,ok,9.81,,False,41.4,30.2,7.3,3.7,56.5,5.3,42.7,6.4,10.4,0.122,0.185,BMNR,,126,18.4,16.0,,False
276,AJG,Arthur J. Gallagher & Co.,Financial Services,Insurance Brokers,Growth,67.8,264.46,251.87,16.5,14.9,10.0,0.0,ok,0.0,financial_na,,,False,41.4,17.8,3.1,30.9,43.2,6.7,59.7,13.2,3.3,-0.192,0.346,AVGO,,126,14.9,15.0,,False
277,DOC,"Healthpeak Properties, Inc.",Real Estate,REIT - Healthcare Facilities,Core,14.9,21.03,21.55,18.0,16.8,10.0,0.0,ok,-3.5,ok,5.53,,False,41.3,,11.0,11.1,57.6,3.0,54.2,14.5,10.6,0.027,0.157,GOOG,,126,16.8,16.0,,False
278,TMUS,"T-Mobile US, Inc.",Communication Services,Telecom Services,Core,200.9,187.3,181.27,18.5,15.3,10.0,0.0,ok,-2.5,ok,3.42,,False,41.3,13.0,5.6,7.9,63.1,18.0,57.6,-3.7,-27.3,-0.142,0.213,NVDA,,126,15.3,17.0,,False
279,ROP,"Roper Technologies, Inc.",Technology,Software - Application,Core,41.1,415.79,395.0,18.5,15.3,10.0,0.0,ok,-2.5,ok,3.38,,False,41.3,17.1,5.5,8.5,69.5,13.1,64.6,10.6,1.6,-0.08,0.243,NVDA,,126,15.3,17.0,,False
280,MO,"Altria Group, Inc.",Consumer Defensive,Tobacco,Core,116.1,69.56,69.97,19.0,12.8,10.0,0.0,ok,-0.5,ok,1.41,,False,41.3,11.9,7.8,1.2,87.2,,66.3,5.9,-6.6,-0.45,0.432,NVDA,,126,12.8,18.0,,False
281,VEEV,Veeva Systems Inc.,Healthcare,Health Information Services,Core,45.5,280.72,266.68,18.0,13.3,10.0,0.0,ok,0.0,ok,-6.59,,False,41.3,27.4,2.8,17.6,75.0,14.4,65.0,41.3,30.9,0.264,0.412,MSFT,,126,13.3,19.0,,False
282,NOW,"ServiceNow, Inc.",Technology,Software - Application,Core,141.3,136.72,129.88,18.0,13.7,10.0,0.0,ok,-0.5,ok,1.31,,False,41.2,27.3,3.6,24.0,74.8,14.2,58.0,15.1,1.3,0.3,0.505,MSFT,,126,13.7,17.0,,False
283,ISRG,"Intuitive Surgical, Inc.",Healthcare,Medical Instruments & Supplies,Core,133.2,371.88,382.31,15.5,15.7,10.0,0.0,ok,0.0,ok,-1.25,,False,41.2,30.8,2.0,18.5,66.7,17.4,31.1,-20.1,-37.4,0.262,0.336,GOOG,,126,15.7,17.0,,False
284,LYV,"Live Nation Entertainment, Inc",Communication Services,Entertainment,Core,41.8,179.59,181.48,16.0,15.7,10.0,0.0,ok,-0.5,ok,1.43,,False,41.2,95.1,4.1,9.4,25.8,17.7,41.2,12.2,0.2,0.249,0.258,GOOG,,126,15.7,13.0,,False
285,ESS,"Essex Property Trust, Inc.",Real Estate,REIT - Residential,Core,19.1,277.29,289.51,17.0,17.7,10.0,0.0,ok,-3.5,ok,5.43,,False,41.2,44.4,5.5,3.1,68.8,7.7,36.7,4.6,-3.7,-0.148,0.319,AVGO,,126,17.7,17.0,,False
286,CHRW,"C.H. Robinson Worldwide, Inc.",Industrials,Integrated Freight & Logistics,Core,17.0,145.2,169.46,16.5,15.2,10.0,0.0,ok,-0.5,ok,1.95,,False,41.2,19.4,2.8,19.3,8.4,37.1,41.5,-15.8,-33.4,-0.065,0.218,MSFT,,126,15.2,14.0,,False
287,UDR,"UDR, Inc.",Real Estate,REIT - Residential,Core,13.4,36.59,38.8,17.5,17.2,10.0,0.0,ok,-3.5,ok,5.76,,False,41.2,65.3,5.8,-0.1,66.6,13.7,33.3,-0.5,-13.9,-0.166,0.331,AVGO,,126,17.2,17.0,,False
288,CMCSA,Comcast Corporation,Communication Services,Telecom Services,Core,95.1,26.81,25.47,18.5,14.1,10.0,0.0,ok,-1.5,ok,2.43,,False,41.1,7.4,13.3,-1.2,69.4,11.5,56.0,0.4,-26.4,-0.044,0.183,NVDA,,126,14.1,17.0,,False
289,AMAT,"Applied Materials, Inc.",Technology,Semiconductor Equipment & Mate,Core,348.0,438.46,541.05,19.0,12.0,10.0,0.0,ok,0.0,ok,-0.19,,True,41.0,23.8,0.9,24.8,49.4,41.1,19.5,8.3,14.3,0.388,0.528,AVGO,,126,19.2,14.0,,False
290,MPC,Marathon Petroleum Corporation,Energy,Oil & Gas Refining & Marketing,Growth,108.7,387.0,367.65,21.0,10.5,10.0,0.0,ok,-0.5,ok,1.72,,False,41.0,11.9,8.5,53.7,12.8,42.1,74.0,61.6,65.8,-0.177,0.233,NVDA,,126,10.5,12.0,,False
291,PM,Philip Morris International In,Consumer Defensive,Tobacco,Core,292.9,187.94,187.71,17.5,15.0,10.0,0.0,ok,-1.5,ok,2.39,,False,41.0,20.5,3.3,10.4,67.5,,48.6,8.5,-0.5,-0.141,0.201,AVGO,,126,15.0,18.0,,False
292,FRT,Federal Realty Investment Trus,Real Estate,REIT - Retail,Core,10.3,117.94,121.2,18.5,16.0,10.0,0.0,ok,-3.5,ok,5.65,,False,41.0,38.2,4.4,7.2,68.1,12.6,43.2,6.9,-2.5,-0.055,0.143,AVGO,,126,16.0,17.0,,False
293,APTV,Aptiv PLC,Consumer Cyclical,Auto Parts,Speculative,9.3,45.03,53.84,15.5,16.0,10.0,0.0,ok,-0.5,ok,1.52,,False,41.0,6.9,17.3,2.3,19.3,5.2,29.7,-32.5,-49.9,0.183,0.234,AVGO,,126,16.0,11.0,,False
294,WST,"West Pharmaceutical Services, ",Healthcare,Medical Instruments & Supplies,Core,24.1,342.63,350.2,14.5,16.4,10.0,0.0,ok,0.0,ok,-0.13,,False,40.9,34.4,1.2,13.8,36.8,19.1,45.9,17.0,28.1,0.077,0.112,GOOG,,126,16.4,15.0,,False
295,LEN,Lennar Corporation,Consumer Cyclical,Residential Construction,Core,20.1,83.58,86.09,12.0,19.4,10.0,0.0,ok,-0.5,ok,1.92,,False,40.9,12.9,5.4,-5.2,16.4,7.4,39.2,-14.9,-31.7,0.223,0.224,GOOG,,126,19.4,11.0,,False
296,NDSN,Nordson Corporation,Industrials,Specialty Industrial Machinery,Core,17.6,316.63,304.16,18.0,13.4,10.0,0.0,ok,-0.5,ok,1.78,,False,40.9,24.5,3.5,10.3,55.4,17.8,55.0,14.0,0.8,0.246,0.28,BMNR,,126,13.4,15.0,,False
297,NWS,News Corporation,Communication Services,Entertainment,Core,18.5,34.41,32.69,17.0,13.9,10.0,0.0,ok,0.0,ok,0.61,,False,40.9,22.8,5.7,10.8,57.2,8.0,65.9,15.6,16.0,0.058,0.218,GOOG,,126,13.9,14.0,,False
298,OMC,Omnicom Group Inc.,Communication Services,Advertising Agencies,Growth,22.4,81.76,82.3,18.5,13.9,10.0,0.0,ok,-1.5,ok,2.2,,False,40.9,6.8,19.0,63.4,19.0,6.1,28.1,5.5,-14.8,0.066,0.135,BMNR,,126,13.9,13.0,,False
299,NUE,Nucor Corporation,Basic Materials,Steel,Cyclical,59.9,263.97,250.77,14.0,16.9,10.0,0.0,ok,0.0,ok,0.78,,False,40.9,13.9,1.1,23.0,15.6,14.5,44.0,29.1,41.7,0.171,0.229,AVGO,,126,16.9,11.0,,False
300,EQR,Equity Residential,Real Estate,REIT - Residential,Core,24.6,63.66,67.42,17.0,17.4,10.0,0.0,ok,-3.5,ok,4.51,,False,40.9,41.4,5.8,2.1,62.3,8.0,32.1,1.2,-10.7,-0.135,0.281,AVGO,,114,17.4,17.0,,False
301,WAB,Westinghouse Air Brake Technol,Industrials,Railroads,Core,47.3,279.81,283.25,17.0,15.4,10.0,0.0,ok,-1.5,ok,2.37,,False,40.9,22.5,2.3,17.5,35.7,11.6,28.1,10.4,-1.0,0.167,0.291,AVGO,,126,15.4,14.0,,False
302,TAP,Molson Coors Beverage Company,Consumer Defensive,Beverages - Brewers,Speculative,7.6,40.54,41.06,13.5,18.8,10.0,0.0,ok,-1.5,ok,2.56,,False,40.8,8.3,12.4,-3.3,37.0,-19.5,41.3,-7.7,-25.3,-0.163,0.236,AVGO,,126,18.8,16.0,,False
303,PLD,"Prologis, Inc.",Real Estate,REIT - Industrial,Core,132.8,136.59,142.19,18.0,16.3,10.0,0.0,ok,-3.5,ok,5.24,,False,40.8,40.1,4.1,12.3,75.5,7.7,31.6,-0.0,-12.4,0.069,0.199,BMNR,,126,16.3,17.0,,False
304,AIZ,"Assurant, Inc.",Financial Services,Insurance - Property & Casualt,Core,14.0,284.07,279.69,15.5,15.3,10.0,0.0,ok,0.0,financial_na,,,False,40.8,12.1,15.3,9.4,13.3,18.3,54.8,16.0,12.8,0.01,0.084,AVGO,,126,15.3,14.0,,False
305,CRH,CRH PLC,Basic Materials,Building Materials,Cyclical,61.7,92.67,100.53,16.0,16.3,10.0,0.0,ok,-1.5,ok,2.17,,False,40.8,14.0,3.3,5.6,36.2,15.8,37.1,-16.7,-28.2,0.256,0.338,GOOG,,126,16.3,11.0,,False
306,AMT,American Tower Corporation (RE,Real Estate,REIT - Specialty,Core,80.6,172.92,170.91,19.5,16.3,10.0,0.0,ok,-5.0,ok,6.14,,False,40.8,24.7,3.6,4.7,73.8,33.9,47.0,-2.1,-19.2,-0.073,0.338,AVGO,,126,16.3,17.0,,False
307,CRM,"Salesforce, Inc.",Technology,Software - Application,Core,211.5,256.93,244.08,20.5,11.7,10.0,0.0,ok,-1.5,ok,2.4,,False,40.7,16.1,8.4,10.8,77.3,19.4,81.9,28.3,15.7,0.231,0.405,MSFT,,126,11.7,17.0,,False
308,IEX,IDEX Corporation,Industrials,Specialty Industrial Machinery,Core,16.6,224.61,228.82,16.0,15.2,10.0,0.0,ok,-0.5,ok,1.31,,False,40.7,23.4,3.4,6.4,44.7,13.0,27.3,9.5,-1.8,0.181,0.244,AVGO,,126,15.2,15.0,,False
309,AVB,"AvalonBay Communities, Inc.",Real Estate,REIT - Residential,Core,26.3,184.06,188.04,17.0,17.1,10.0,0.0,ok,-3.5,ok,4.9,,False,40.6,36.6,5.4,2.3,62.7,8.5,44.5,3.1,-6.6,-0.08,0.275,AVGO,,113,17.1,17.0,,False
310,TECH,Bio-Techne Corp,Healthcare,Biotechnology,Core,11.3,72.3,71.54,15.5,15.1,10.0,0.0,ok,0.0,ok,0.07,,False,40.6,31.3,2.0,1.3,66.2,9.0,54.1,19.0,17.4,0.076,0.133,GOOG,,126,15.1,17.0,,False
311,MDT,Medtronic plc.,Healthcare,Medical Devices,Core,118.0,92.18,87.57,15.5,15.6,10.0,0.0,ok,-0.5,ok,1.97,,False,40.6,14.4,3.9,9.9,65.3,9.8,54.9,3.2,-12.3,-0.074,0.273,AVGO,,126,15.6,17.0,,False
312,JBHT,"J.B. Hunt Transport Services, ",Industrials,Integrated Freight & Logistics,Core,24.4,260.22,276.4,14.0,16.6,10.0,0.0,ok,0.0,ok,0.84,,False,40.6,25.7,3.7,19.4,18.5,18.4,31.4,10.3,2.9,0.128,0.22,NVDA,,126,16.6,14.0,,False
313,DD,"DuPont de Nemours, Inc.",Basic Materials,Specialty Chemicals,Cyclical,18.0,132.93,138.56,15.5,15.1,10.0,0.0,ok,0.0,ok,0.91,,False,40.6,16.7,10.2,4.0,35.1,1.8,27.1,94.3,173.4,-0.047,0.1,BMNR,,126,15.1,11.0,,False
314,LITE,Lumentum Holdings Inc.,Technology,Communication Equipment,Growth,78.1,870.58,827.05,14.0,16.5,10.0,0.0,ok,0.0,ok,-1.33,,False,40.5,26.1,0.3,109.3,44.2,-240.0,49.2,28.2,21.5,0.318,0.394,NVDA,,126,16.5,14.0,,False
315,JCI,Johnson Controls International,Industrials,Building Products & Equipment,Core,84.3,139.25,144.59,16.0,16.0,10.0,0.0,ok,-1.5,ok,2.04,,False,40.5,23.0,3.5,9.3,36.7,14.3,24.8,3.7,-10.4,0.245,0.384,AVGO,,126,16.0,14.0,,False
316,CTAS,Cintas Corporation,Industrials,Specialty Business Services,Core,79.3,198.09,196.05,16.0,14.5,10.0,0.0,ok,0.0,ok,0.81,,False,40.5,32.4,1.8,8.9,50.7,40.7,44.5,6.4,-15.1,-0.055,0.22,AVGO,,126,14.5,17.0,,False
317,VST,Vistra Corp.,Utilities,Utilities - Independent Power ,Core,48.2,143.46,150.38,15.0,18.0,10.0,0.0,ok,-2.5,ok,3.02,,False,40.5,13.8,0.1,-5.5,38.3,43.0,45.4,-9.2,-26.4,0.259,0.273,NVDA,,126,18.0,18.0,,False
318,ODFL,"Old Dominion Freight Line, Inc",Industrials,Trucking,Core,39.0,187.61,215.97,18.5,12.0,10.0,0.0,ok,0.0,ok,-0.15,,True,40.5,28.3,2.5,10.4,39.6,24.8,16.0,-4.2,-23.2,0.136,0.212,NVDA,,126,16.0,14.0,,False
319,HPE,Hewlett Packard Enterprise Com,Technology,Communication Equipment,Growth,68.6,51.83,49.79,16.5,15.5,10.0,0.0,ok,-1.5,ok,2.84,,False,40.5,12.6,5.6,40.0,33.8,6.3,26.0,57.7,130.7,0.326,0.517,AVGO,,126,15.5,13.0,,False
320,CME,CME Group Inc.,Financial Services,Financial Data & Stock Exchang,Core,99.9,277.77,263.88,17.0,13.5,10.0,0.0,ok,0.0,financial_na,,,False,40.5,21.5,2.9,0.8,100.0,15.8,61.6,0.6,-22.5,-0.1,0.278,AVGO,,126,13.5,16.0,,False
321,AMGN,Amgen Inc.,Healthcare,Drug Manufacturers - General,Core,239.4,442.84,420.7,19.5,12.4,10.0,0.0,ok,-1.5,ok,2.51,,False,40.4,18.2,3.6,9.5,71.9,91.5,66.6,24.7,9.1,-0.042,0.095,AVGO,,126,12.4,17.0,,False
322,AKAM,"Akamai Technologies, Inc.",Technology,Software - Infrastructure,Core,15.1,105.09,116.38,16.0,17.9,10.0,0.0,ok,-3.5,ok,5.54,,False,40.4,14.6,4.7,5.4,57.5,8.9,20.6,-3.9,-8.2,0.261,0.292,AVGO,,126,17.9,16.0,,False
323,SWK,"Stanley Black & Decker, Inc.",Industrials,Tools & Accessories,Core,14.6,96.89,94.95,15.5,16.3,10.0,0.0,ok,-1.5,ok,2.58,,False,40.3,15.2,9.7,0.4,32.2,6.9,35.1,19.2,13.5,0.269,0.275,GOOG,,126,16.3,14.0,,False
324,CRWD,"CrowdStrike Holdings, Inc.",Technology,Software - Infrastructure,Core,208.3,203.42,263.98,14.0,16.3,10.0,0.0,ok,0.0,ok,-39.24,,False,40.3,127.4,1.0,25.8,75.2,1.5,41.9,-53.1,-64.5,0.227,0.25,AVGO,,126,16.3,17.0,,False
325,KR,Kroger Company (The),Consumer Defensive,Grocery Stores,Core,35.7,58.22,57.68,15.5,16.3,10.0,0.0,ok,-1.5,ok,2.64,,False,40.3,10.5,8.4,2.2,24.0,13.8,56.0,-8.8,-30.5,-0.331,0.399,NVDA,,126,16.3,16.0,,False
326,PANW,"Palo Alto Networks, Inc.",Technology,Software - Infrastructure,Growth,267.7,328.48,347.57,14.0,16.3,10.0,0.0,ok,0.0,ok,-0.66,,False,40.3,66.9,1.3,31.1,72.0,4.8,32.4,41.7,89.1,0.42,0.371,MSFT,,126,16.3,17.0,,False
327,MLM,"Martin Marietta Materials, Inc",Basic Materials,Building Materials,Cyclical,36.7,517.07,557.01,12.5,19.2,10.0,0.0,ok,-1.5,ok,2.93,,False,40.2,24.0,1.6,21.0,28.2,8.9,37.3,-14.0,-30.5,0.124,0.233,GOOG,,126,19.2,11.0,,False
328,SMCI,"Super Micro Computer, Inc.",Technology,Computer Hardware,Growth,24.3,37.0,35.15,13.5,16.7,10.0,0.0,ok,0.0,ok,0.61,,False,40.2,6.9,-33.9,93.2,10.8,21.5,42.7,18.1,2.5,0.426,0.515,NVDA,,126,16.7,13.0,,False
329,XOM,ExxonMobil Holdings Corporatio,Energy,Oil & Gas Integrated,Growth,675.0,164.15,155.94,17.5,12.6,10.0,0.0,ok,0.0,ok,0.47,,False,40.1,15.4,3.1,44.1,29.8,12.6,60.1,14.4,-2.6,-0.363,0.354,GOOG,,126,12.6,12.0,,False
330,SWKS,"Skyworks Solutions, Inc.",Technology,Semiconductors,Core,10.8,71.67,68.09,13.5,16.6,10.0,0.0,ok,0.0,ok,-0.13,,False,40.1,14.4,4.2,-3.1,40.7,5.1,56.3,12.8,14.7,0.274,0.344,AVGO,,126,16.6,14.0,,False
331,LII,"Lennox International, Inc.",Industrials,Building Products & Equipment,Core,12.9,374.0,479.84,18.5,12.0,10.0,0.0,ok,-0.5,ok,1.68,,True,40.0,14.3,2.1,3.0,33.3,71.8,23.0,-24.9,-41.3,0.209,0.272,NVDA,,126,16.0,14.0,,False
332,GIS,"General Mills, Inc.",Consumer Defensive,Packaged Foods,Core,21.7,40.58,38.55,16.0,14.0,10.0,0.0,ok,0.0,ok,-0.12,,False,40.0,12.7,10.6,2.2,33.7,-1.0,59.2,2.7,-17.5,-0.119,0.331,AVGO,,126,14.0,16.0,,False
333,PKG,Packaging Corporation of Ameri,Consumer Cyclical,Packaging & Containers,Core,20.8,233.54,242.44,15.5,15.0,10.0,0.0,ok,-0.5,ok,1.91,,False,40.0,18.1,2.1,14.7,21.4,14.9,23.5,5.1,-8.4,0.057,0.15,NVDA,,126,15.0,11.0,,False
334,AZO,"AutoZone, Inc.",Consumer Cyclical,Auto Parts,Core,47.9,2934.52,3040.24,13.0,19.5,10.0,0.0,ok,-2.5,ok,3.01,,False,40.0,16.8,1.9,8.4,51.8,,38.9,-13.4,-33.8,-0.001,0.19,GOOG,,126,19.5,12.0,,False
335,KLAC,KLA Corporation,Technology,Semiconductor Equipment & Mate,Core,225.1,172.26,208.58,18.0,12.0,10.0,0.0,ok,0.0,ok,0.21,,True,40.0,25.8,1.2,15.2,61.3,87.5,11.7,-85.1,-100.2,0.186,0.267,AVGO,,126,16.0,15.0,,False
336,FOXA,Fox Corporation,Communication Services,Entertainment,Core,28.4,67.52,64.14,15.5,14.4,10.0,0.0,ok,0.0,ok,0.87,,False,39.9,11.6,2.0,28.1,36.6,14.3,56.6,6.7,2.8,-0.01,0.133,AVGO,,126,14.4,13.0,,False
337,JNJ,Johnson & Johnson,Healthcare,Drug Manufacturers - General,Core,663.2,275.21,261.45,18.5,11.4,10.0,0.0,ok,0.0,ok,0.81,,False,39.9,22.2,2.5,6.6,68.1,25.7,63.7,17.3,2.6,-0.359,0.396,AVGO,,126,11.4,17.0,,False
338,TGT,Target Corporation,Consumer Defensive,Discount Stores,Core,74.2,163.36,155.19,17.5,12.9,10.0,0.0,ok,-0.5,ok,1.6,,False,39.9,17.1,4.6,5.3,28.4,26.4,59.3,35.2,24.8,0.016,0.138,GOOG,,126,12.9,16.0,,False
339,CHD,"Church & Dwight Company, Inc.",Consumer Defensive,Household & Personal Products,Core,23.6,99.32,99.27,16.0,14.3,10.0,0.0,ok,-0.5,ok,1.6,,False,39.8,24.6,4.0,1.6,45.6,17.0,43.4,5.1,-12.5,-0.063,0.231,AVGO,,126,14.3,17.0,,False
340,REG,Regency Centers Corporation,Real Estate,REIT - Retail,Core,14.2,75.81,78.92,17.0,16.2,10.0,0.0,ok,-3.5,ok,4.62,,False,39.7,30.1,5.2,8.9,71.5,8.2,40.8,0.4,-15.7,-0.171,0.263,AVGO,,126,16.2,17.0,,False
341,MRK,"Merck & Company, Inc.",Healthcare,Drug Manufacturers - General,Core,374.1,151.64,144.06,16.0,14.2,10.0,0.0,ok,-0.5,ok,1.62,,False,39.7,15.9,4.1,5.1,75.9,7.0,67.8,29.2,19.4,-0.182,0.296,AVGO,,126,14.2,17.0,,False
342,ZBH,"Zimmer Biomet Holdings, Inc.",Healthcare,Medical Devices,Core,19.0,99.5,94.62,17.0,14.2,10.0,0.0,ok,-1.5,ok,2.79,,False,39.7,11.0,5.7,4.8,69.9,6.4,49.8,9.2,-5.5,-0.066,0.145,AVGO,,126,14.2,17.0,,False
343,BAX,Baxter International Inc.,Healthcare,Medical Instruments & Supplies,Core,13.3,25.7,24.54,14.5,17.6,10.0,0.0,ok,-2.5,ok,3.99,,False,39.6,12.6,7.5,5.3,34.1,-14.4,34.6,26.8,25.9,0.267,0.317,MSFT,,126,17.6,15.0,,False
344,KVUE,Kenvue Inc.,Consumer Defensive,Household & Personal Products,Core,36.7,19.13,19.18,17.5,13.6,10.0,0.0,ok,-1.5,ok,2.16,,False,39.6,15.4,5.2,3.0,58.4,15.6,48.6,7.8,-6.2,-0.086,0.22,AVGO,,126,13.6,17.0,,False
345,FICO,Fair Isaac Corporation,Technology,Software - Application,Core,23.7,1099.45,1172.23,18.5,14.6,10.0,0.0,ok,-3.5,ok,4.23,,False,39.6,20.7,3.3,25.7,85.1,,48.1,-16.2,-37.7,-0.115,0.2,AVGO,,126,14.6,17.0,,False
346,MSI,"Motorola Solutions, Inc.",Technology,Communication Equipment,Core,79.3,478.92,454.97,19.5,11.6,10.0,0.0,ok,-1.5,ok,2.37,,False,39.6,25.1,2.5,13.3,52.1,91.6,59.2,13.7,-9.4,0.035,0.118,AVGO,,126,11.6,14.0,,False
347,TDY,Teledyne Technologies Incorpor,Technology,Scientific & Technical Instrum,Core,28.1,606.36,646.96,14.5,15.6,10.0,0.0,ok,-0.5,ok,1.06,,False,39.6,22.7,3.2,9.8,43.3,9.2,16.5,-1.0,-19.6,0.407,0.381,NVDA,,126,15.6,14.0,,False
348,NWSA,News Corporation,Communication Services,Entertainment,Core,16.5,30.65,29.12,18.0,11.5,10.0,0.0,ok,0.0,ok,0.61,,False,39.5,20.3,6.4,10.8,57.2,8.0,72.8,17.3,14.5,0.067,0.204,GOOG,,126,11.5,14.0,,False
349,NSC,Norfolk Southern Corporation,Industrials,Railroads,Core,74.1,330.06,334.34,15.5,15.5,10.0,0.0,ok,-1.5,ok,2.84,,False,39.5,23.0,1.9,11.4,45.2,17.0,42.8,7.4,-5.6,-0.128,0.156,MSFT,,126,15.5,15.0,,False
350,CLX,Clorox Company (The),Consumer Defensive,Household & Personal Products,Core,11.4,94.27,99.92,15.0,18.0,10.0,0.0,ok,-3.5,ok,4.79,,False,39.5,15.0,1.0,-2.0,42.3,163.8,18.9,-7.8,-28.3,0.02,0.311,GOOG,,126,18.0,17.0,,False
351,WMT,Walmart Inc.,Consumer Defensive,Discount Stores,Core,844.3,106.09,111.27,12.0,18.0,10.0,0.0,ok,-0.5,ok,1.44,,False,39.5,32.8,0.8,5.9,24.8,22.3,29.8,-10.4,-25.9,-0.143,0.178,AVGO,,126,18.0,16.0,,False
352,HPQ,HP Inc.,Technology,Computer Hardware,Core,28.8,31.99,30.39,16.0,14.0,10.0,0.0,ok,-0.5,ok,1.33,,False,39.5,10.2,11.8,12.5,19.7,,53.3,41.4,55.9,0.053,0.078,AVGO,,126,14.0,13.0,,False
353,STLD,"Steel Dynamics, Inc.",Basic Materials,Steel,Growth,35.5,247.64,242.05,12.5,17.4,10.0,0.0,ok,-0.5,ok,1.43,,False,39.4,13.1,0.7,33.4,14.7,17.6,42.1,18.4,18.5,0.171,0.233,AVGO,,126,17.4,11.0,,False
354,CVX,Chevron Corporation,Energy,Oil & Gas Integrated,Growth,415.4,211.78,201.19,20.5,8.9,10.0,0.0,ok,0.0,ok,0.56,,False,39.4,16.0,5.3,53.5,44.3,12.2,76.3,17.6,-0.7,-0.346,0.335,NVDA,,126,8.9,13.0,,False
355,COP,ConocoPhillips,Energy,Oil & Gas E&P,Growth,164.8,137.2,130.34,19.5,9.9,10.0,0.0,ok,0.0,ok,0.58,,False,39.4,14.4,4.7,35.5,47.6,14.2,77.1,23.0,6.1,-0.36,0.41,GOOG,,126,9.9,13.0,,False
356,DRI,"Darden Restaurants, Inc.",Consumer Cyclical,Restaurants,Core,25.0,220.03,209.45,18.0,13.9,10.0,0.0,ok,-2.5,ok,3.7,,False,39.4,17.8,3.2,13.7,21.7,53.7,46.5,10.1,-4.7,-0.084,0.124,NVDA,,126,13.9,11.0,,False
357,COO,"The Cooper Companies, Inc.",Healthcare,Medical Instruments & Supplies,Core,13.6,69.73,72.63,14.5,16.4,10.0,0.0,ok,-1.5,ok,2.92,,False,39.4,14.0,3.1,7.9,65.6,2.9,20.3,-5.0,-25.3,-0.025,0.219,GOOG,,126,16.4,17.0,,False
358,EXR,Extra Space Storage Inc,Real Estate,REIT - Industrial,Core,30.9,139.93,146.71,17.0,15.8,10.0,0.0,ok,-3.5,ok,5.94,,False,39.3,29.1,4.9,3.8,74.9,7.0,9.7,-0.4,-16.3,-0.034,0.167,GOOG,,126,15.8,17.0,,False
359,HRL,Hormel Foods Corporation,Consumer Defensive,Packaged Foods,Core,12.1,22.05,24.6,12.0,17.3,10.0,0.0,ok,0.0,ok,-0.26,,False,39.3,14.2,5.1,-2.9,15.7,4.3,27.6,-5.1,-19.8,-0.131,0.268,NVDA,,126,17.3,16.0,,False
360,VRTX,Vertex Pharmaceuticals Incorpo,Healthcare,Biotechnology,Core,141.1,556.75,528.91,17.0,12.3,10.0,0.0,ok,0.0,ok,-1.15,,False,39.3,25.6,1.9,12.5,55.0,23.5,68.5,19.7,8.6,0.009,0.174,AVGO,,126,12.3,16.0,,False
361,EXE,Expand Energy Corporation,Energy,Oil & Gas E&P,Cyclical,23.0,99.32,94.35,16.5,12.7,10.0,0.0,ok,0.0,ok,0.46,,False,39.2,11.1,6.4,-10.6,47.1,14.9,72.1,-1.3,-18.6,-0.098,0.13,AVGO,,126,12.7,13.0,,False
362,BWXT,"BWX Technologies, Inc.",Industrials,Aerospace & Defense,Core,14.3,155.67,172.98,14.5,16.2,10.0,0.0,ok,-1.5,ok,2.96,,False,39.2,29.6,1.0,18.0,22.1,28.3,36.0,-19.3,-32.5,0.382,0.378,NVDA,,126,16.2,14.0,,False
363,IP,International Paper Company,Consumer Cyclical,Packaging & Containers,Core,19.2,36.3,39.56,13.5,17.2,10.0,0.0,ok,-1.5,ok,2.33,,False,39.2,12.1,8.6,-2.2,29.6,-16.5,25.7,-5.1,-24.4,0.099,0.17,NVDA,,126,17.2,11.0,,False
364,AEHR,Aehr Test Systems,Technology,Semiconductor Equipment & Mate,Growth,2.6,80.24,91.45,10.5,18.6,10.0,0.0,ok,0.0,neg_ebitda_low_debt,,,False,39.1,58.0,-0.1,33.7,35.3,-4.2,27.3,29.2,85.9,0.451,0.491,AVGO,,126,18.6,13.0,,False
365,CI,The Cigna Group,Healthcare,Healthcare Plans,Core,74.7,282.84,283.3,15.5,14.1,10.0,0.0,ok,-0.5,ok,1.93,,False,39.1,8.4,10.7,6.7,9.1,16.8,55.7,1.5,-11.7,-0.18,0.288,AVGO,,126,14.1,15.0,,False
366,PSX,Phillips 66,Energy,Oil & Gas Refining & Marketing,Growth,102.7,256.09,243.29,19.0,10.5,10.0,0.0,ok,-0.5,ok,1.66,,False,39.0,12.2,4.4,53.1,13.1,23.5,74.9,50.5,42.7,-0.199,0.297,NVDA,,126,10.5,12.0,,False
367,TJX,"TJX Companies, Inc. (The)",Consumer Cyclical,Apparel Retail,Core,144.4,131.31,151.17,17.0,12.0,10.0,0.0,ok,0.0,ok,0.93,,True,39.0,22.8,3.0,5.4,31.5,62.2,4.4,-15.0,-30.4,0.002,0.08,GOOG,,126,19.0,11.0,,False
368,CASY,"Caseys General Stores, Inc.",Consumer Cyclical,Specialty Retail,Core,27.9,753.59,828.15,11.5,18.0,10.0,0.0,ok,-0.5,ok,1.6,,False,39.0,31.9,2.0,14.5,24.6,19.2,28.1,4.0,0.2,-0.108,0.149,NVDA,,126,18.0,11.0,,False
369,LOW,"Lowe's Companies, Inc.",Consumer Cyclical,Home Improvement Retail,Core,112.1,199.84,214.08,15.5,16.0,10.0,0.0,ok,-2.5,ok,3.05,,False,39.0,15.3,4.1,8.3,33.0,,21.3,-15.2,-33.4,0.127,0.282,GOOG,,126,16.0,11.0,,False
370,DIS,Walt Disney Company (The),Communication Services,Entertainment,Core,186.4,107.98,102.58,14.5,14.9,10.0,0.0,ok,-0.5,ok,1.95,,False,38.9,14.4,2.6,6.8,37.6,8.0,57.1,3.9,-6.8,0.231,0.352,GOOG,,126,14.9,13.0,,False
371,EQIX,"Equinix, Inc.",Real Estate,REIT - Specialty,Core,100.6,1019.24,1047.8,17.0,15.4,10.0,0.0,ok,-3.5,ok,4.93,,False,38.9,54.5,3.8,16.7,52.0,10.7,34.5,6.5,-5.3,0.142,0.23,NVDA,,126,15.4,16.0,,False
372,COHR,Coherent Corp.,Technology,Scientific & Technical Instrum,Growth,52.6,268.64,312.19,11.5,17.9,10.0,0.0,ok,-0.5,ok,1.1,,False,38.9,19.3,-1.2,33.7,37.5,8.0,31.0,-2.3,-6.4,0.363,0.469,AVGO,,126,17.9,13.0,,False
373,VICI,VICI Properties Inc.,Real Estate,REIT - Diversified,Core,28.2,25.61,26.43,13.0,19.4,10.0,0.0,ok,-3.5,ok,4.82,,False,38.9,8.6,0.9,5.7,99.3,9.8,37.7,-7.4,-24.6,-0.138,0.284,AVGO,,126,19.4,17.0,,False
374,EG,"Everest Group, Ltd.",Financial Services,Insurance - Reinsurance,Core,14.5,378.28,371.85,15.0,13.9,10.0,0.0,ok,0.0,financial_na,,,False,38.9,6.3,14.2,-11.3,15.3,12.6,64.3,10.8,2.1,-0.257,0.317,AVGO,,126,13.9,14.0,,False
375,BKR,Baker Hughes Company,Energy,Oil & Gas Equipment & Services,Cyclical,64.2,64.63,61.4,16.0,12.8,10.0,0.0,ok,0.0,ok,-0.16,,False,38.8,20.4,6.9,-2.4,23.7,16.5,58.0,11.1,-4.5,0.17,0.194,BMNR,,126,12.8,14.0,,False
376,EA,Electronic Arts Inc.,Communication Services,Electronic Gaming & Multimedia,Core,52.9,209.7,205.27,18.0,10.8,10.0,0.0,ok,0.0,ok,-0.31,,False,38.8,21.7,3.2,18.9,79.9,16.5,80.9,3.4,-8.0,0.119,0.231,BMNR,,105,10.8,15.0,,False
377,MDLZ,"Mondelez International, Inc.",Consumer Defensive,Confectioners,Core,79.7,62.45,61.53,16.0,15.3,10.0,0.0,ok,-2.5,ok,3.35,,False,38.8,18.6,2.8,4.1,31.1,13.3,43.3,6.3,-4.0,-0.267,0.321,AVGO,,126,15.3,16.0,,False
378,KDP,Keurig Dr Pepper Inc.,Consumer Defensive,Beverages - Non-Alcoholic,Growth,44.3,32.59,31.26,20.0,13.8,10.0,0.0,ok,-5.0,ok,6.66,,False,38.8,12.9,10.4,75.6,51.0,5.1,61.4,12.7,5.0,-0.122,0.189,NVDA,,126,13.8,17.0,,False
379,STT,State Street Corporation,Financial Services,Asset Management,Core,52.2,190.04,183.47,13.0,15.7,10.0,0.0,ok,0.0,financial_na,,,False,38.7,12.4,,-2.8,0.0,12.4,50.3,28.7,40.6,0.313,0.338,NVDA,,126,15.7,14.0,,False
380,YUM,"Yum! Brands, Inc.",Consumer Cyclical,Restaurants,Core,41.3,151.27,153.25,16.5,15.7,10.0,0.0,ok,-3.5,ok,4.15,,False,38.7,20.3,2.0,12.2,45.3,,50.7,-2.1,-16.9,-0.01,0.115,AVGO,,126,15.7,12.0,,False
381,EL,"Estee Lauder Companies, Inc. (",Consumer Defensive,Household & Personal Products,Core,36.6,101.15,96.09,17.0,13.2,10.0,0.0,ok,-1.5,ok,2.34,,False,38.7,25.8,5.0,6.3,75.5,4.7,69.2,10.0,-6.7,0.275,0.387,BMNR,,126,13.2,18.0,,False
382,CCI,Crown Castle Inc.,Real Estate,REIT - Specialty,Core,32.9,75.38,76.58,15.5,18.1,10.0,0.0,ok,-5.0,ok,8.31,,False,38.6,26.1,3.1,-4.9,73.7,,47.8,-10.7,-27.5,-0.074,0.327,AVGO,,126,18.1,17.0,,False
383,WAT,Waters Corporation,Healthcare,Diagnostics & Research,Growth,40.5,412.2,391.59,14.0,17.1,10.0,0.0,ok,-2.5,ok,3.4,,False,38.6,24.9,-0.4,113.4,56.3,1.9,49.1,14.4,18.4,0.226,0.22,AVGO,,126,17.1,16.0,,False
384,TMO,Thermo Fisher Scientific Inc,Healthcare,Diagnostics & Research,Core,225.0,608.54,578.11,17.0,14.0,10.0,0.0,ok,-2.5,ok,3.28,,False,38.5,22.1,2.8,10.5,41.0,13.5,56.2,13.7,5.2,0.147,0.164,MSFT,,126,14.0,16.0,,False
385,ARM,Arm Holdings plc,Technology,Semiconductors,Core,250.8,234.86,277.82,16.5,12.0,10.0,0.0,ok,0.0,ok,-3.2,,True,38.5,76.7,0.5,22.4,97.5,13.4,24.8,17.0,82.5,0.474,0.507,AVGO,,126,19.1,15.0,,False
386,CCL,Carnival Corporation Ltd.,Consumer Cyclical,Travel Services,Core,32.5,23.74,27.04,19.0,12.0,10.0,0.0,ok,-2.5,ok,3.28,,True,38.5,9.0,5.8,5.3,55.7,26.7,17.9,-14.2,-24.3,0.415,0.463,GOOG,,126,18.8,14.0,,False
387,NRG,"NRG Energy, Inc.",Utilities,Utilities - Independent Power ,Core,23.4,111.09,128.65,17.0,16.4,10.0,0.0,ok,-5.0,ok,7.16,,False,38.4,9.9,3.3,11.0,18.8,23.8,40.1,-24.3,-42.8,0.201,0.2,AVGO,,126,16.4,18.0,,False
388,PLAB,"Photronics, Inc.",Technology,Semiconductor Equipment & Mate,Speculative,1.6,27.87,30.42,13.5,14.9,10.0,0.0,ok,0.0,ok,-2.44,,False,38.4,13.4,1.8,2.7,33.7,13.8,21.8,-21.4,-32.9,0.288,0.402,AVGO,,126,14.9,13.0,,False
389,CBRE,CBRE Group Inc,Real Estate,Real Estate Services,Core,41.1,142.06,144.22,14.0,17.9,10.0,0.0,ok,-3.5,ok,4.21,,False,38.4,15.6,4.0,15.5,18.6,15.8,36.0,-3.5,-11.6,0.166,0.257,MSFT,,126,17.9,17.0,,False
390,COIN,"Coinbase Global, Inc.",Financial Services,Financial Data & Stock Exchang,Core,46.2,174.96,166.21,14.0,16.3,10.0,-2.0,ok,0.0,financial_na,,,False,38.3,63.9,5.8,-17.3,85.8,-7.8,59.1,-9.6,-27.2,0.538,0.733,BMNR,,126,16.3,16.0,,False
391,PCAR,PACCAR Inc.,Industrials,Farm & Heavy Construction Mach,Core,64.3,122.13,127.59,13.0,15.8,10.0,0.0,ok,-0.5,ok,1.88,,False,38.3,17.2,3.0,0.5,13.7,12.8,23.1,2.6,-12.9,0.215,0.269,BMNR,,126,15.8,14.0,,False
392,O,Realty Income Corporation,Real Estate,REIT - Retail,Core,58.2,61.5,63.27,15.5,16.2,10.0,0.0,ok,-3.5,ok,5.74,,False,38.2,38.8,2.7,9.6,92.7,3.2,36.3,0.3,-16.5,-0.213,0.261,AVGO,,126,16.2,17.0,,False
393,DPZ,Domino's Pizza Inc,Consumer Cyclical,Restaurants,Core,11.5,346.68,331.39,15.5,16.2,10.0,0.0,ok,-3.5,ok,4.84,,False,38.2,16.6,4.6,4.3,28.7,,47.6,-4.8,-25.7,-0.014,0.279,NVDA,,126,16.2,11.0,,False
394,PEG,Public Service Enterprise Grou,Utilities,Utilities - Regulated Electric,Core,36.5,73.32,77.6,12.5,19.2,10.0,0.0,ok,-3.5,ok,5.49,,False,38.2,15.7,0.3,-8.9,33.3,11.8,30.7,-8.0,-24.2,-0.14,0.177,MSFT,,126,19.2,18.0,,False
395,CDW,CDW Corporation,Technology,Information Technology Service,Core,18.6,148.67,141.24,15.5,15.1,10.0,0.0,ok,-2.5,ok,3.02,,False,38.1,12.5,3.6,10.0,21.4,44.0,57.0,13.1,7.4,0.159,0.211,MSFT,,126,15.1,15.0,,False
396,HON,Honeywell International Inc.,Industrials,Conglomerates,Core,65.3,206.07,234.16,18.5,12.0,10.0,0.0,ok,-2.5,ok,3.03,,True,38.0,20.6,4.0,4.3,36.5,46.6,14.9,-7.0,-25.3,0.037,0.216,MSFT,,126,18.6,14.0,,False
397,DVN,Devon Energy Corporation,Energy,Oil & Gas E&P,Growth,53.9,49.03,46.58,17.5,11.0,10.0,0.0,ok,-0.5,ok,1.23,,False,38.0,9.0,1.5,64.2,50.3,11.5,74.1,13.3,-1.5,-0.275,0.289,GOOG,,126,11.0,13.0,,False
398,URI,"United Rentals, Inc.",Industrials,Rental & Leasing Services,Core,61.0,979.82,1092.06,18.5,12.0,10.0,0.0,ok,-2.5,ok,3.26,,True,38.0,17.1,2.8,11.8,38.5,28.9,23.1,6.0,4.2,0.009,0.142,MSFT,,126,17.2,16.0,,False
399,DG,Dollar General Corporation,Consumer Defensive,Discount Stores,Core,28.9,130.89,124.35,17.0,13.5,10.0,0.0,ok,-2.5,ok,3.96,,False,38.0,15.9,6.0,5.2,31.2,19.7,64.4,4.4,-22.5,0.22,0.24,MSFT,,126,13.5,16.0,,False
400,CMI,Cummins Inc.,Industrials,Specialty Industrial Machinery,Core,75.8,550.9,639.07,16.0,12.0,10.0,0.0,ok,0.0,ok,0.87,,True,38.0,16.0,2.9,9.4,25.8,21.1,14.5,-8.0,-13.2,0.329,0.452,AVGO,,126,17.1,14.0,,False
401,REGN,"Regeneron Pharmaceuticals, Inc",Healthcare,Biotechnology,Core,87.7,852.03,809.43,17.0,10.9,10.0,0.0,ok,0.0,ok,-1.12,,False,37.9,14.1,3.5,16.7,44.5,14.0,63.6,16.6,-0.9,0.182,0.213,GOOG,,126,10.9,16.0,,False
402,AMCR,Amcor plc,Consumer Cyclical,Packaging & Containers,Core,21.6,46.68,45.2,16.0,14.4,10.0,0.0,ok,-2.5,ok,3.97,,False,37.9,10.4,7.0,25.9,20.0,9.4,51.9,9.8,-5.4,0.185,0.296,GOOG,,126,14.4,11.0,,False
403,DHR,Danaher Corporation,Healthcare,Diagnostics & Research,Core,147.6,209.91,200.9,14.5,14.8,10.0,0.0,ok,-1.5,ok,2.93,,False,37.8,22.6,2.9,5.5,58.8,7.6,57.2,3.6,-8.1,0.045,0.174,AVGO,,126,14.8,16.0,,False
404,TYL,"Tyler Technologies, Inc.",Technology,Software - Application,Core,15.4,374.88,356.14,14.5,13.8,10.0,0.0,ok,-0.5,ok,1.06,,False,37.8,24.4,3.9,8.2,47.2,9.7,75.8,4.6,-9.8,-0.058,0.316,MSFT,,126,13.8,16.0,,False
405,HUM,Humana Inc.,Healthcare,Healthcare Plans,Core,48.1,400.97,386.94,15.0,12.7,10.0,0.0,ok,0.0,ok,-2.54,,False,37.7,24.2,4.0,26.2,13.7,6.9,63.2,44.5,110.7,0.087,0.227,NVDA,,126,12.7,15.0,,False
406,BEN,"Franklin Templeton, Inc.",Financial Services,Asset Management,Core,16.8,33.01,33.65,11.5,16.2,10.0,0.0,ok,0.0,financial_na,,,False,37.7,10.4,-17.8,14.3,37.7,7.9,38.3,17.1,12.2,0.443,0.441,GOOG,,126,16.2,14.0,,False
407,SBAC,SBA Communications Corporation,Real Estate,REIT - Specialty,Core,19.8,186.42,182.89,16.5,16.2,10.0,0.0,ok,-5.0,ok,8.12,,False,37.7,22.7,3.8,2.3,74.2,,50.4,-3.2,-16.3,-0.005,0.173,AVGO,,126,16.2,17.0,,False
408,ECL,Ecolab Inc.,Basic Materials,Specialty Chemicals,Cyclical,78.5,279.9,278.79,15.0,14.1,10.0,0.0,ok,-1.5,ok,2.12,,False,37.6,29.7,1.9,9.7,44.2,22.0,55.1,2.8,-14.4,0.013,0.201,GOOG,,126,14.1,12.0,,False
409,CMG,"Chipotle Mexican Grill, Inc.",Consumer Cyclical,Restaurants,Core,48.7,38.52,36.59,18.5,10.6,10.0,0.0,ok,-1.5,ok,2.08,,False,37.6,28.1,2.3,9.3,39.4,49.6,81.6,10.7,-8.3,0.194,0.34,MSFT,,126,10.6,11.0,,False
410,EPAM,"EPAM Systems, Inc.",Technology,Information Technology Service,Speculative,6.0,117.2,111.34,17.0,10.6,10.0,0.0,ok,0.0,ok,-0.85,,False,37.6,8.3,10.8,4.5,29.5,11.2,75.7,-15.6,-31.2,0.006,0.206,AVGO,,126,10.6,15.0,,False
411,CPB,The Campbell's Company,Consumer Defensive,Packaged Foods,Speculative,7.1,23.78,22.74,16.0,15.1,10.0,0.0,ok,-3.5,ok,4.07,,False,37.6,12.5,8.5,-4.4,29.2,15.4,56.9,-0.5,-15.7,-0.132,0.285,AVGO,,126,15.1,16.0,,False
412,FCX,"Freeport-McMoRan, Inc.",Basic Materials,Copper,Cyclical,106.2,73.93,70.23,15.0,12.6,10.0,0.0,ok,0.0,ok,0.66,,False,37.6,17.9,2.0,-7.3,38.3,14.8,63.3,22.2,6.0,0.498,0.528,BMNR,,126,12.6,11.0,,False
413,TSCO,Tractor Supply Company,Consumer Cyclical,Specialty Retail,Core,18.2,34.86,33.12,14.5,15.6,10.0,0.0,ok,-2.5,ok,3.27,,False,37.6,17.0,0.6,2.3,36.5,39.5,37.9,-17.0,-43.2,0.076,0.142,BMNR,,126,15.6,11.0,,False
414,DAL,"Delta Air Lines, Inc.",Industrials,Airlines,Core,51.4,78.14,87.05,17.0,12.0,10.0,0.0,ok,-1.5,ok,2.19,,True,37.5,9.0,5.5,18.7,18.7,20.1,19.8,5.9,15.6,0.345,0.363,GOOG,,126,18.9,14.0,,False
415,RSG,"Republic Services, Inc.",Industrials,Waste Management,Core,68.1,222.52,217.13,16.0,13.0,10.0,0.0,ok,-1.5,ok,2.7,,False,37.5,27.6,2.9,4.6,43.0,18.2,64.4,3.7,-15.9,-0.425,0.421,AVGO,,126,13.0,15.0,,False
416,BA,Boeing Company (The),Industrials,Aerospace & Defense,Core,165.1,208.87,219.72,14.5,17.0,10.0,0.0,ok,-4.0,neg_ebitda_debt,,,False,37.5,50.7,3.4,8.0,4.7,173.5,18.3,-5.1,-18.2,0.402,0.392,GOOG,,126,17.0,14.0,,False
417,ABBV,AbbVie Inc.,Healthcare,Drug Manufacturers - General,Core,462.5,261.72,253.71,17.5,11.5,10.0,0.0,ok,-1.5,ok,2.09,,False,37.5,16.1,3.6,10.2,72.8,,62.6,15.4,1.3,-0.309,0.357,AVGO,,126,11.5,17.0,,False
418,HLT,Hilton Worldwide Holdings Inc.,Consumer Cyclical,Lodging,Core,70.1,311.51,326.07,14.0,16.9,10.0,0.0,ok,-3.5,ok,4.21,,False,37.4,29.8,2.0,2.5,79.0,,41.2,-0.3,-10.9,0.218,0.325,GOOG,,126,16.9,13.0,,False
419,TSN,"Tyson Foods, Inc.",Consumer Defensive,Farm Products,Core,19.6,55.81,57.85,12.0,16.9,10.0,0.0,ok,-1.5,ok,2.62,,False,37.4,12.5,6.1,-0.1,6.6,3.3,46.3,-7.4,-22.3,-0.093,0.219,AVGO,,126,16.9,16.0,,False
420,GPC,Genuine Parts Company,Consumer Cyclical,Auto Parts,Core,18.9,137.15,130.29,14.5,14.4,10.0,0.0,ok,-1.5,ok,2.97,,False,37.4,16.5,4.9,6.0,37.6,0.7,53.9,15.0,5.9,0.033,0.147,GOOG,,126,14.4,11.0,,False
421,CVS,CVS Health Corporation,Healthcare,Healthcare Plans,Core,124.4,97.23,101.05,14.0,15.9,10.0,0.0,ok,-2.5,ok,3.74,,False,37.4,11.4,6.5,7.1,13.6,6.2,56.1,13.2,12.4,-0.117,0.179,AVGO,,126,15.9,15.0,,False
422,KIM,Kimco Realty Corporation (HC),Real Estate,REIT - Retail,Core,16.2,24.08,24.98,17.0,15.3,10.0,0.0,ok,-5.0,ok,6.12,,False,37.3,26.9,5.4,4.9,68.9,5.8,41.2,5.2,-8.7,-0.129,0.177,AVGO,,126,15.3,17.0,,False
423,T,AT&T Inc.,Communication Services,Telecom Services,Core,177.8,25.95,24.65,18.5,11.2,10.0,0.0,ok,-2.5,ok,3.3,,False,37.2,10.1,5.7,2.3,59.7,18.3,72.8,4.0,-21.7,-0.222,0.292,NVDA,,126,11.2,16.0,,False
424,CNC,Centene Corporation,Healthcare,Healthcare Plans,Core,33.3,67.34,65.39,13.0,14.2,10.0,0.0,ok,0.0,ok,-2.38,,False,37.2,12.7,29.0,4.6,11.4,-20.4,54.9,34.6,43.4,-0.007,0.111,AVGO,,126,14.2,15.0,,False
425,LIN,Linde plc,Basic Materials,Specialty Chemicals,Cyclical,224.7,487.45,503.08,13.5,14.0,10.0,0.0,ok,-0.5,ok,1.67,,False,37.0,24.9,1.9,9.3,48.3,18.4,59.8,1.7,-12.4,-0.169,0.17,AVGO,,126,14.0,12.0,,False
426,GNRC,Generac Holdlings Inc.,Industrials,Specialty Industrial Machinery,Core,10.7,180.76,220.72,15.5,12.0,10.0,0.0,ok,-0.5,ok,1.79,,True,37.0,15.3,2.7,10.6,39.5,9.5,19.0,-13.1,-29.6,0.204,0.403,AVGO,,126,17.6,14.0,,False
427,BLDR,"Builders FirstSource, Inc.",Industrials,Building Products & Equipment,Speculative,6.8,63.09,74.03,14.5,16.0,10.0,0.0,ok,-3.5,ok,5.06,,False,37.0,14.1,6.8,-8.8,29.2,2.5,26.2,-30.3,-46.2,0.246,0.3,NVDA,,126,16.0,14.0,,False
428,PNR,Pentair plc.,Industrials,Specialty Industrial Machinery,Speculative,9.6,59.84,67.66,15.5,12.0,10.0,0.0,ok,-0.5,ok,1.62,,True,37.0,11.6,5.8,-17.0,41.4,17.1,23.3,-30.4,-49.7,0.155,0.196,NVDA,,126,16.0,15.0,,False
429,ATO,Atmos Energy Corporation,Utilities,Utilities - Regulated Gas,Core,28.3,167.68,173.05,11.5,17.9,10.0,0.0,ok,-2.5,ok,3.74,,False,36.9,18.6,-7.8,4.8,62.2,9.8,41.8,-4.3,-21.8,-0.321,0.296,MSFT,,126,17.9,20.0,,False
430,VZ,Verizon Communications Inc.,Communication Services,Telecom Services,Core,208.7,50.22,47.71,18.5,10.8,10.0,0.0,ok,-2.5,ok,3.76,,False,36.8,9.5,8.4,-0.7,59.5,15.8,69.5,11.2,-12.6,-0.223,0.299,NVDA,,126,10.8,16.0,,False
431,PFE,"Pfizer, Inc.",Healthcare,Drug Manufacturers - General,Core,165.4,29.02,27.57,18.0,10.3,10.0,0.0,ok,-1.5,ok,2.04,,False,36.8,10.0,7.5,2.6,74.7,5.0,74.3,12.6,-1.4,-0.014,0.194,AVGO,,126,10.3,17.0,,False
432,ES,Eversource Energy (D/B/A),Utilities,Utilities - Regulated Electric,Core,26.5,70.44,72.8,14.5,15.8,10.0,0.0,ok,-3.5,ok,5.67,,False,36.8,14.3,3.1,2.3,52.8,9.0,37.4,1.6,-15.7,-0.163,0.174,AVGO,,126,15.8,19.0,,False
433,BDX,"Becton, Dickinson and Company",Healthcare,Medical Instruments & Supplies,Core,51.1,187.52,178.14,17.0,11.2,10.0,0.0,ok,-1.5,ok,2.63,,False,36.7,14.1,8.8,5.4,46.9,6.6,61.5,17.9,-1.2,0.0,0.25,AVGO,,126,11.2,16.0,,False
434,SOLV,Solventum Corporation,Healthcare,Medical Instruments & Supplies,Core,15.6,91.9,87.31,18.5,11.6,10.0,0.0,ok,-3.5,ok,4.29,,False,36.6,12.7,3.1,2.2,54.8,34.0,75.5,19.0,17.6,0.082,0.282,GOOG,,126,11.6,16.0,,False
435,RVTY,"Revvity, Inc.",Healthcare,Diagnostics & Research,Core,14.6,130.94,124.39,16.0,12.0,10.0,0.0,ok,-1.5,ok,2.65,,False,36.5,22.2,4.1,1.3,55.0,3.2,71.9,28.5,23.5,0.216,0.212,BMNR,,126,12.0,16.0,,False
436,DELL,Dell Technologies Inc.,Technology,Computer Hardware,Growth,318.0,492.2,467.59,13.0,14.0,10.0,0.0,ok,-0.5,ok,1.45,,False,36.5,17.6,1.7,87.5,19.2,,49.5,97.5,224.7,0.324,0.375,AVGO,,126,14.0,13.0,,False
437,TRGP,"Targa Resources, Inc.",Energy,Oil & Gas Midstream,Cyclical,62.9,293.46,278.79,16.0,13.0,10.0,0.0,ok,-2.5,ok,3.54,,False,36.5,24.3,0.1,4.2,43.2,70.8,67.4,24.4,11.2,-0.264,0.202,AVGO,,126,13.0,13.0,,False
438,HAL,Halliburton Company,Energy,Oil & Gas Equipment & Services,Cyclical,31.4,37.63,35.75,15.5,11.4,10.0,0.0,ok,-0.5,ok,1.49,,False,36.4,13.0,6.5,3.7,15.1,14.9,77.2,8.7,-2.1,-0.031,0.09,GOOG,,126,11.4,14.0,,False
439,GILD,"Gilead Sciences, Inc.",Healthcare,Drug Manufacturers - General,Core,185.5,149.61,142.13,17.0,9.8,10.0,0.0,ok,-0.5,ok,1.46,,False,36.3,15.1,5.3,10.2,79.6,-20.7,70.4,11.9,-8.6,0.048,0.14,BMNR,,126,9.8,17.0,,False
440,CAH,"Cardinal Health, Inc.",Healthcare,Medical Distribution,Core,57.1,245.49,233.66,14.0,12.8,10.0,0.0,ok,-0.5,ok,1.21,,False,36.3,17.4,8.3,5.8,3.8,,69.6,14.2,1.7,-0.157,0.265,AVGO,,126,12.8,15.0,,False
441,RGTI,"Rigetti Computing, Inc.",Technology,Computer Hardware,Growth,5.0,14.87,16.58,12.0,16.3,10.0,-2.0,ok,0.0,neg_ebitda_low_debt,,,False,36.3,,0.5,185.3,,-43.8,31.5,-23.3,-24.6,0.521,0.483,BMNR,,126,16.3,13.0,,False
442,DGX,Quest Diagnostics Incorporated,Healthcare,Diagnostics & Research,Core,26.6,240.8,228.76,15.5,12.2,10.0,0.0,ok,-1.5,ok,2.55,,False,36.2,20.0,3.4,10.2,33.2,14.6,58.6,20.4,6.3,-0.196,0.261,AVGO,,126,12.2,15.0,,False
443,VTR,"Ventas, Inc.",Real Estate,REIT - Healthcare Facilities,Core,47.2,92.06,92.67,16.5,13.2,10.0,0.0,ok,-3.5,ok,5.34,,False,36.2,116.5,3.1,21.7,40.0,2.0,61.3,8.6,-3.2,-0.301,0.351,AVGO,,126,13.2,15.0,,False
444,SW,Smurfit WestRock plc,Consumer Cyclical,Packaging & Containers,Core,23.8,45.36,46.75,13.0,14.6,10.0,0.0,ok,-1.5,ok,2.95,,False,36.1,13.3,5.1,1.1,18.2,2.7,29.9,8.2,-9.3,0.184,0.234,NVDA,,126,14.6,11.0,,False
445,HSIC,"Henry Schein, Inc.",Healthcare,Medical Distribution,Core,10.1,90.39,87.15,14.5,14.1,10.0,0.0,ok,-2.5,ok,3.39,,False,36.1,15.1,4.4,6.7,31.3,8.9,51.7,14.6,0.5,0.134,0.176,GOOG,,126,14.1,15.0,,False
446,FN,Fabrinet,Technology,Electronic Components,Growth,14.2,395.35,489.3,14.0,12.0,10.0,0.0,ok,0.0,ok,-1.64,,True,36.0,18.1,-0.4,44.6,12.0,21.3,18.1,-26.3,-39.6,0.343,0.474,AVGO,,126,15.3,13.0,,False
447,MET,"MetLife, Inc.",Financial Services,Insurance - Life,Core,61.3,96.42,93.78,10.0,16.0,10.0,0.0,ok,0.0,financial_na,,,False,36.0,8.8,-34.2,10.5,24.0,13.1,45.9,18.7,21.0,0.145,0.21,MSFT,,126,16.0,14.0,,False
448,ONTO,Onto Innovation Inc.,Technology,Semiconductor Equipment & Mate,Growth,15.6,254.55,296.89,14.0,12.0,10.0,0.0,ok,0.0,ok,-1.33,,True,36.0,21.8,1.3,35.3,55.5,6.8,20.6,6.2,17.0,0.405,0.524,AVGO,,126,19.3,14.0,,False
449,BIIB,Biogen Inc.,Healthcare,Drug Manufacturers - General,Core,32.9,222.67,211.54,15.5,11.9,10.0,0.0,ok,-1.5,ok,2.1,,False,35.9,13.5,3.9,3.4,78.3,4.6,64.9,16.9,6.2,-0.118,0.152,AVGO,,126,11.9,17.0,,False
450,IONQ,"IonQ, Inc.",Technology,Computer Hardware,Growth,15.2,37.64,41.73,11.0,16.8,10.0,-2.0,ok,0.0,neg_ebitda_low_debt,,,False,35.8,,-0.6,286.8,,-60.5,35.2,-15.0,-7.7,0.547,0.476,BMNR,,126,16.8,13.0,,False
451,WEC,"WEC Energy Group, Inc.",Utilities,Utilities - Regulated Electric,Core,34.5,105.73,111.67,12.0,17.3,10.0,0.0,ok,-3.5,ok,5.79,,False,35.8,17.6,-6.8,2.6,41.9,12.0,29.4,-4.7,-20.4,-0.323,0.298,AVGO,,126,17.3,19.0,,False
452,EIX,Edison International,Utilities,Utilities - Regulated Electric,Core,21.2,55.19,73.27,13.5,15.8,10.0,0.0,ok,-3.5,ok,4.85,,False,35.8,8.5,0.4,-4.1,61.0,19.7,30.7,-18.8,-33.8,-0.136,0.121,NVDA,,126,15.8,20.0,,False
453,MCK,McKesson Corporation,Healthcare,Medical Distribution,Core,107.8,924.78,878.54,14.0,11.7,10.0,0.0,ok,0.0,ok,0.94,,False,35.7,18.3,6.3,7.7,3.6,,67.7,9.8,-12.9,-0.251,0.323,AVGO,,126,11.7,15.0,,False
454,SOUN,"SoundHound AI, Inc.",Technology,Software - Application,Growth,3.0,6.78,6.73,11.5,16.2,10.0,-2.0,ok,0.0,neg_ebitda_low_debt,,,False,35.7,,-1.5,45.0,42.3,-32.2,35.2,-19.2,-30.3,0.648,0.519,BMNR,,126,16.2,16.0,,False
455,SO,Southern Company (The),Utilities,Utilities - Regulated Electric,Core,101.6,88.31,93.68,12.5,16.7,10.0,0.0,ok,-3.5,ok,5.2,,False,35.7,17.9,-3.9,0.1,48.3,11.5,20.8,-3.7,-20.6,-0.308,0.279,AVGO,,126,16.7,19.0,,False
456,AXON,"Axon Enterprise, Inc.",Industrials,Aerospace & Defense,Growth,41.2,506.98,563.78,14.0,16.6,10.0,0.0,ok,-5.0,ok,7.01,,False,35.6,48.0,0.5,35.3,59.5,6.2,28.9,0.2,-23.4,0.285,0.328,MSFT,,126,16.6,15.0,,False
457,LH,Labcorp Holdings Inc.,Healthcare,Diagnostics & Research,Core,26.9,331.66,315.08,14.5,12.6,10.0,0.0,ok,-1.5,ok,2.88,,False,35.6,16.7,3.3,5.8,28.9,11.7,60.0,20.8,8.0,0.067,0.18,MSFT,,126,12.6,15.0,,False
458,NEE,"NextEra Energy, Inc.",Utilities,Utilities - Regulated Electric,Core,173.3,83.1,86.71,14.0,16.5,10.0,0.0,ok,-5.0,ok,7.35,,False,35.5,18.9,-10.2,12.4,61.0,11.7,29.2,-5.1,-21.0,-0.108,0.256,MSFT,,126,16.5,20.0,,False
459,NBIS,Nebius Group N.V.,Communication Services,Internet Content & Information,Growth,55.5,204.09,214.66,13.5,16.9,10.0,0.0,ok,-5.0,ok,8.35,,False,35.4,,-17.3,454.0,74.3,0.6,31.3,33.0,101.1,0.404,0.452,NVDA,,126,16.9,15.0,,False
460,KMI,"Kinder Morgan, Inc.",Energy,Oil & Gas Midstream,Cyclical,71.2,31.97,32.01,14.5,14.4,10.0,0.0,ok,-3.5,ok,4.23,,False,35.4,20.8,1.5,10.8,49.4,11.0,49.1,3.8,-15.6,-0.287,0.22,AVGO,,126,14.4,13.0,,False
461,J,Jacobs Solutions Inc.,Industrials,Engineering & Construction,Growth,17.2,147.08,139.73,13.5,13.3,10.0,0.0,ok,-1.5,ok,2.72,,False,35.3,17.8,3.8,34.5,22.1,8.0,57.4,10.9,-4.2,0.132,0.163,BMNR,,126,13.3,14.0,,False
462,NI,NiSource Inc,Utilities,Utilities - Regulated Gas,Core,19.7,41.15,44.44,10.5,18.3,10.0,0.0,ok,-3.5,ok,5.74,,False,35.3,18.3,-9.0,4.6,51.0,8.5,39.3,-8.2,-24.2,-0.127,0.124,AVGO,,126,18.3,19.0,,False
463,SBUX,Starbucks Corporation,Consumer Cyclical,Restaurants,Core,121.7,106.72,105.37,13.0,14.8,10.0,0.0,ok,-2.5,ok,3.34,,False,35.3,34.3,2.5,-1.4,22.3,,44.6,10.1,-3.5,0.141,0.152,AVGO,,126,14.8,11.0,,False
464,KHC,The Kraft Heinz Company,Consumer Defensive,Packaged Foods,Core,31.1,26.26,25.35,13.5,13.3,10.0,0.0,ok,-1.5,ok,2.97,,False,35.3,12.5,10.4,-1.4,33.5,-8.8,59.9,10.1,-2.0,-0.064,0.195,AVGO,,126,13.3,16.0,,False
465,CRWV,"CoreWeave, Inc.",Technology,Software - Infrastructure,Growth,44.6,80.93,86.13,12.5,19.7,10.0,-2.0,ok,-5.0,ok,12.16,,False,35.2,,-20.4,112.5,67.4,-43.6,10.1,-11.4,-4.1,0.506,0.477,NVDA,,126,19.7,17.0,,False
466,TTWO,"Take-Two Interactive Software,",Communication Services,Electronic Gaming & Multimedia,Core,40.4,216.14,240.58,13.5,12.0,10.0,0.0,ok,-0.5,ok,1.46,,True,35.0,21.0,3.1,2.0,57.1,-9.0,24.0,-5.2,-10.5,0.298,0.317,MSFT,,126,18.1,14.0,,False
467,CTVA,"Corteva, Inc.",Basic Materials,Agricultural Inputs,Cyclical,60.0,89.97,85.47,15.0,9.9,10.0,0.0,ok,0.0,ok,0.59,,False,34.9,21.8,4.0,-1.2,49.5,4.3,92.2,16.7,5.2,-0.207,0.259,MSFT,,126,9.9,12.0,,False
468,VTRS,Viatris Inc.,Healthcare,Drug Manufacturers - Specialty,Core,19.6,17.09,16.73,16.0,10.4,10.0,0.0,ok,-1.5,ok,2.82,,False,34.9,6.4,13.6,4.9,40.3,-2.8,70.8,16.9,6.4,0.105,0.167,BMNR,,126,10.4,16.0,,False
469,PPL,PPL Corporation,Utilities,Utilities - Regulated Electric,Core,26.0,34.54,35.62,10.5,17.9,10.0,0.0,ok,-3.5,ok,5.33,,False,34.9,16.3,-7.5,4.2,44.1,8.6,35.8,-4.5,-20.6,-0.241,0.268,AVGO,,126,17.9,19.0,,False
470,IRM,Iron Mountain Incorporated (De,Real Estate,REIT - Specialty,Core,33.3,111.84,123.05,13.0,16.9,10.0,0.0,ok,-5.0,ok,7.74,,False,34.9,41.0,-1.3,18.5,54.2,,22.3,2.7,-7.2,0.314,0.299,AVGO,,126,16.9,16.0,,False
471,CAG,"ConAgra Brands, Inc.",Consumer Defensive,Packaged Foods,Speculative,7.7,16.18,15.37,14.5,13.9,10.0,0.0,ok,-3.5,ok,4.17,,False,34.9,10.4,11.1,3.6,24.0,-25.1,66.3,3.9,-23.1,-0.133,0.323,AVGO,,126,13.9,16.0,,False
472,LYB,LyondellBasell Industries NV,Basic Materials,Specialty Chemicals,Cyclical,21.5,66.57,63.24,14.5,12.7,10.0,0.0,ok,-2.5,ok,3.27,,False,34.7,10.3,5.7,19.8,12.9,-2.3,63.7,10.9,-11.2,-0.193,0.231,GOOG,,126,12.7,11.0,,False
473,GM,General Motors Company,Consumer Cyclical,Auto Manufacturers,Core,76.8,84.87,82.97,14.0,15.7,10.0,0.0,ok,-5.0,ok,6.32,,False,34.7,5.7,28.6,1.9,10.2,3.2,43.7,6.6,-0.6,0.304,0.373,BMNR,,126,15.7,11.0,,False
474,ARE,Alexandria Real Estate Equitie,Real Estate,REIT - Office,Speculative,9.1,52.72,50.74,15.0,14.7,10.0,0.0,ok,-5.0,ok,7.13,,False,34.7,,14.8,-11.9,68.2,-4.1,64.2,6.2,-8.8,0.064,0.107,BMNR,,126,14.7,17.0,,False
475,AEP,American Electric Power Compan,Utilities,Utilities - Regulated Electric,Core,67.3,123.57,129.74,12.0,16.2,10.0,0.0,ok,-3.5,ok,5.86,,False,34.7,18.0,-8.9,7.0,46.4,10.1,42.1,-2.0,-18.0,-0.261,0.246,MSFT,,126,16.2,19.0,,False
476,FE,FirstEnergy Corp.,Utilities,Utilities - Regulated Electric,Core,26.8,46.29,47.79,11.5,16.7,10.0,0.0,ok,-3.5,ok,5.33,,False,34.7,15.7,-7.5,8.8,68.6,9.5,43.3,-1.8,-19.3,-0.231,0.302,AVGO,,126,16.7,20.0,,False
477,SJM,The J.M. Smucker Company,Consumer Defensive,Packaged Foods,Core,14.0,131.44,124.87,17.0,10.2,10.0,0.0,ok,-2.5,ok,3.05,,False,34.7,12.1,10.4,5.0,38.0,3.9,75.6,24.4,7.1,-0.207,0.331,AVGO,,126,10.2,16.0,,False
478,RCL,Royal Caribbean Cruises Ltd.,Consumer Cyclical,Travel Services,Core,71.0,265.6,299.56,15.0,12.0,10.0,0.0,ok,-2.5,ok,3.27,,True,34.5,13.1,-2.1,6.5,50.3,44.7,10.6,-7.5,-17.9,0.381,0.429,GOOG,,126,18.1,14.0,,False
479,TSLA,"Tesla, Inc.",Consumer Cyclical,Auto Manufacturers,Core,1410.0,357.01,358.35,11.0,15.5,10.0,-2.0,ok,0.0,ok,-2.55,,False,34.5,,0.3,25.5,18.9,4.7,57.6,-10.7,-24.2,0.524,0.466,BMNR,,126,15.5,11.0,,False
480,INTC,Intel Corporation,Technology,Semiconductors,Core,476.0,90.05,102.15,13.0,12.0,10.0,0.0,ok,-0.5,ok,1.24,,True,34.5,44.1,1.0,25.4,38.9,-10.7,24.4,22.4,83.7,0.415,0.496,AVGO,,126,18.2,13.0,,False
481,IQV,"IQVIA Holdings, Inc.",Healthcare,Diagnostics & Research,Core,43.4,263.84,250.65,17.5,10.5,10.0,0.0,ok,-3.5,ok,4.65,,False,34.5,18.2,5.0,8.7,33.0,22.8,75.3,31.0,35.6,0.076,0.109,GOOG,,126,10.5,15.0,,False
482,TXT,Textron Inc.,Industrials,Aerospace & Defense,Core,13.6,79.24,88.21,13.0,12.0,10.0,0.0,ok,-0.5,ok,1.65,,True,34.5,10.9,3.3,3.0,17.6,12.1,20.9,-12.0,-30.0,0.151,0.196,GOOG,,126,19.0,14.0,,False
483,AEE,Ameren Corporation,Utilities,Utilities - Regulated Electric,Core,29.3,105.89,110.49,11.0,16.9,10.0,0.0,ok,-3.5,ok,5.57,,False,34.4,18.2,-6.1,-6.2,52.4,11.9,31.9,-1.5,-16.5,-0.27,0.268,AVGO,,126,16.9,19.0,,False
484,HII,"Huntington Ingalls Industries,",Industrials,Aerospace & Defense,Core,11.4,288.72,296.95,10.5,15.4,10.0,0.0,ok,-1.5,ok,2.5,,False,34.4,13.9,-2.6,10.9,12.4,13.0,16.7,-17.0,-43.7,0.241,0.321,MSFT,,126,15.4,14.0,,False
485,WELL,Welltower Inc.,Real Estate,REIT - Healthcare Facilities,Growth,171.9,238.59,236.46,14.0,13.9,10.0,0.0,ok,-3.5,ok,5.32,,False,34.4,75.0,1.6,39.1,39.6,3.8,61.0,13.7,4.5,-0.248,0.316,AVGO,,126,13.9,15.0,,False
486,DUK,Duke Energy Corporation (Holdi,Utilities,Utilities - Regulated Electric,Core,94.0,120.56,124.98,11.0,16.9,10.0,0.0,ok,-3.5,ok,5.51,,False,34.4,16.8,-4.8,1.1,52.0,9.9,32.0,-2.3,-19.8,-0.389,0.328,AVGO,,126,16.9,19.0,,False
487,OKE,"ONEOK, Inc.",Energy,Oil & Gas Midstream,Growth,60.5,96.01,91.4,15.0,12.8,10.0,0.0,ok,-3.5,ok,4.28,,False,34.3,15.3,1.5,52.8,27.2,16.3,61.2,14.5,1.3,-0.414,0.322,AVGO,,126,12.8,12.0,,False
488,WBD,"Warner Bros. Discovery, Inc. -",Communication Services,Entertainment,Core,71.2,28.39,27.05,14.0,12.8,10.0,0.0,ok,-2.5,ok,3.67,,False,34.3,,22.7,-11.2,47.8,-8.8,61.5,4.2,-10.8,0.106,0.247,NVDA,,126,12.8,14.0,,False
489,PSKY,Paramount Skydance Corporation,Communication Services,Entertainment,Core,12.3,10.97,10.42,14.5,13.2,10.0,0.0,ok,-3.5,ok,4.4,,False,34.2,12.9,,0.9,33.3,-0.9,71.4,-0.5,-18.3,0.219,0.221,MSFT,,126,13.2,13.0,fcf_yield_out_of_range(142.9),False
490,CPT,Camden Property Trust,Real Estate,REIT - Residential,Core,12.2,105.54,111.51,11.0,16.6,10.0,0.0,ok,-3.5,ok,5.4,,False,34.1,96.8,1.1,-0.8,61.6,7.9,29.0,-1.0,-14.0,-0.192,0.313,AVGO,,126,16.6,17.0,,False
491,ETR,Entergy Corporation,Utilities,Utilities - Regulated Electric,Core,49.8,106.75,110.61,12.0,15.6,10.0,0.0,ok,-3.5,ok,5.56,,False,34.1,20.9,-8.8,5.9,47.0,10.2,49.3,1.8,-10.5,-0.187,0.245,MSFT,,126,15.6,19.0,,False
492,IREN,IREN LIMITED,Financial Services,Capital Markets,Core,15.6,39.6,40.46,7.5,18.6,10.0,-2.0,ok,0.0,financial_na,,,False,34.1,,-27.0,-26.7,68.9,-23.4,39.3,-13.3,-13.5,0.564,0.498,BMNR,,126,18.6,16.0,,False
493,CMS,CMS Energy Corporation,Utilities,Utilities - Regulated Electric,Core,21.3,68.06,72.69,9.5,19.5,10.0,0.0,ok,-5.0,ok,6.32,,False,34.0,16.4,-10.3,-0.5,40.3,9.2,30.7,-6.9,-23.4,-0.333,0.295,MSFT,,126,19.5,19.0,,False
494,COR,"Cencora, Inc.",Healthcare,Medical Distribution,Core,64.2,336.36,319.54,14.5,11.0,10.0,0.0,ok,-1.5,ok,2.1,,False,34.0,17.0,3.2,5.1,4.0,96.9,77.8,4.6,-18.4,-0.176,0.241,NVDA,,126,11.0,15.0,,False
495,CNP,"CenterPoint Energy, Inc (Holdi",Utilities,Utilities - Regulated Electric,Core,26.0,39.51,42.06,11.5,17.4,10.0,0.0,ok,-5.0,ok,6.28,,False,33.9,18.9,-19.9,10.7,47.0,9.8,39.1,-4.5,-21.2,-0.319,0.304,AVGO,,126,17.4,19.0,,False
496,LNT,Alliant Energy Corporation,Utilities,Utilities - Regulated Electric,Core,17.6,67.74,72.42,12.0,16.8,10.0,0.0,ok,-5.0,ok,6.61,,False,33.8,18.4,-6.5,1.0,44.5,11.1,29.1,-3.2,-16.6,-0.278,0.266,AVGO,,126,16.8,19.0,,False
497,ADM,Archer-Daniels-Midland Company,Consumer Defensive,Farm Products,Core,41.1,85.38,81.11,11.5,13.7,10.0,0.0,ok,-1.5,ok,2.75,,False,33.7,15.0,2.8,7.2,6.9,7.6,64.4,19.1,16.1,-0.133,0.152,BMNR,,126,13.7,16.0,,False
498,ED,"Consolidated Edison, Inc.",Utilities,Utilities - Regulated Electric,Core,39.8,107.67,109.85,12.0,15.0,10.0,0.0,ok,-3.5,ok,4.36,,False,33.5,16.6,-2.1,13.2,53.4,9.0,46.6,1.2,-14.2,-0.455,0.404,AVGO,,126,15.0,19.0,,False
499,EVRG,"Evergy, Inc.",Utilities,Utilities - Regulated Electric,Core,18.6,80.77,84.35,10.5,16.4,10.0,0.0,ok,-3.5,ok,5.8,,False,33.4,17.7,-7.8,4.4,52.7,9.3,34.0,0.5,-14.0,-0.27,0.282,AVGO,,126,16.4,19.0,,False
500,SLB,SLB Limited,Energy,Oil & Gas Equipment & Services,Cyclical,86.3,58.13,55.22,13.0,10.9,10.0,0.0,ok,-0.5,ok,1.18,,False,33.4,18.0,3.4,5.0,17.0,12.9,70.7,19.2,10.4,0.098,0.121,AVGO,,126,10.9,14.0,,False
501,XYZ,"Block, Inc.",Technology,Software - Infrastructure,Core,49.5,82.46,80.01,11.0,14.4,10.0,-2.0,ok,0.0,ok,0.28,,False,33.4,16.0,-0.1,9.3,46.6,1.6,48.7,20.3,10.1,0.513,0.426,BMNR,,126,14.4,16.0,,False
502,AI,"C3.ai, Inc.",Technology,Software - Infrastructure,Speculative,1.7,10.52,9.99,6.0,19.3,10.0,-2.0,ok,0.0,neg_ebitda_low_debt,,,False,33.3,,-1.6,-52.5,,-63.0,54.7,-1.3,-0.2,0.57,0.499,MSFT,,126,19.3,15.0,,False
503,BALL,Ball Corporation,Consumer Cyclical,Packaging & Containers,Core,16.8,63.3,62.85,14.0,11.7,10.0,0.0,ok,-2.5,ok,3.41,,False,33.2,14.0,2.3,19.7,18.6,17.2,59.8,7.5,-12.1,0.025,0.143,GOOG,,126,11.7,11.0,,False
504,WMB,"Williams Companies, Inc. (The)",Energy,Oil & Gas Midstream,Cyclical,91.9,75.16,73.48,15.0,11.7,10.0,0.0,ok,-3.5,ok,4.35,,False,33.2,28.7,-1.6,7.8,63.6,21.5,56.5,7.7,-11.0,-0.151,0.15,MSFT,,126,11.7,14.0,,False
505,D,"Dominion Energy, Inc.",Utilities,Utilities - Regulated Electric,Core,58.1,66.05,68.87,11.5,16.7,10.0,0.0,ok,-5.0,ok,6.43,,False,33.2,17.3,-15.8,17.6,46.2,8.3,26.4,3.6,-7.4,-0.176,0.208,MSFT,,126,16.7,19.0,,False
506,APD,"Air Products and Chemicals, In",Basic Materials,Specialty Chemicals,Cyclical,68.9,309.45,299.24,11.0,14.3,10.0,0.0,ok,-2.5,ok,3.71,,False,32.8,21.4,-2.2,4.6,32.1,0.0,54.7,10.1,0.4,-0.033,0.106,GOOG,,126,14.3,11.0,,False
507,EXC,Exelon Corporation,Utilities,Utilities - Regulated Electric,Core,45.3,43.97,45.9,10.5,17.3,10.0,0.0,ok,-5.0,ok,6.09,,False,32.8,14.5,-5.9,9.9,42.4,9.7,29.8,-4.0,-22.1,-0.343,0.295,AVGO,,126,17.3,19.0,,False
508,SRE,DBA Sempra,Utilities,Utilities - Diversified,Core,54.8,83.79,89.12,9.5,18.1,10.0,0.0,ok,-5.0,ok,6.23,,False,32.6,15.1,-50.5,-0.1,44.0,6.7,43.2,-7.7,-22.4,-0.19,0.186,MSFT,,126,18.1,19.0,,False
509,OKLO,Oklo Inc.,Utilities,Utilities - Independent Power ,Speculative,7.4,39.52,44.55,8.0,16.4,10.0,-2.0,ok,0.0,neg_ebitda_low_debt,,,False,32.4,,-3.3,,,-7.7,36.0,-39.6,-48.5,0.562,0.55,BMNR,,126,16.4,19.0,,False
510,WULF,TeraWulf Inc.,Financial Services,Capital Markets,Speculative,7.4,14.82,18.84,7.0,15.3,10.0,0.0,ok,0.0,financial_na,,,False,32.3,,-3.2,-6.0,,-1211.8,41.7,-16.8,-14.9,0.496,0.449,NVDA,,126,15.3,16.0,,False
511,MRNA,"Moderna, Inc.",Healthcare,Biotechnology,Core,60.2,150.81,143.27,9.0,13.3,10.0,0.0,ok,0.0,neg_ebitda_low_debt,,,False,32.3,,0.5,2.1,,-39.0,68.6,181.4,167.9,0.08,0.257,BMNR,,126,13.3,15.0,,False
512,LUV,Southwest Airlines Company,Industrials,Airlines,Core,18.9,38.61,45.91,10.5,12.0,10.0,0.0,ok,-0.5,ok,1.33,,True,32.0,8.0,-4.4,16.4,22.4,11.1,18.6,-10.0,-23.9,0.399,0.424,GOOG,,126,17.2,14.0,,False
513,DTE,DTE Energy Company,Utilities,Utilities - Regulated Electric,Core,28.3,136.05,144.13,9.5,17.3,10.0,0.0,ok,-5.0,ok,7.69,,False,31.8,16.3,-9.2,-1.5,29.3,11.0,36.1,-3.5,-20.0,-0.247,0.228,MSFT,,126,17.3,18.0,,False
514,PNW,Pinnacle West Capital Corporat,Utilities,Utilities - Regulated Electric,Core,11.8,97.38,103.25,10.5,16.0,10.0,0.0,ok,-5.0,ok,7.68,,False,31.5,17.5,-7.9,7.1,43.4,9.4,28.1,-0.3,-15.7,-0.288,0.285,AVGO,,126,16.0,19.0,,False
515,AWK,"American Water Works Company, ",Utilities,Utilities - Regulated Water,Core,27.7,139.49,134.67,13.0,12.0,10.0,0.0,ok,-3.5,ok,5.44,,False,31.5,21.2,-6.4,6.2,61.5,10.1,56.8,6.8,-7.9,-0.386,0.37,AVGO,,126,12.0,20.0,,False
516,NCLH,Norwegian Cruise Line Holdings,Consumer Cyclical,Travel Services,Speculative,7.1,15.57,18.97,14.5,12.0,10.0,0.0,ok,-5.0,ok,6.08,,True,31.5,9.2,-23.5,4.9,42.5,36.7,12.6,-21.6,-37.8,0.312,0.442,GOOG,,126,15.7,14.0,,False
517,PCG,Pacific Gas & Electric Co.,Utilities,Utilities - Regulated Electric,Core,29.4,13.33,17.21,10.5,15.9,10.0,0.0,ok,-5.0,ok,6.1,,False,31.4,7.4,-20.9,0.1,39.8,9.3,27.7,-20.5,-38.5,-0.062,0.059,AVGO,,126,15.9,18.0,,False
518,CRL,Charles River Laboratories Int,Healthcare,Diagnostics & Research,Core,14.1,291.76,277.17,11.0,12.7,10.0,0.0,ok,-2.5,ok,3.35,,False,31.2,23.0,3.3,-2.7,34.6,-7.5,58.3,46.7,48.7,0.178,0.182,BMNR,,126,12.7,15.0,,False
519,XEL,Xcel Energy Inc.,Utilities,Utilities - Regulated Electric,Core,47.2,75.51,78.97,9.5,16.5,10.0,0.0,ok,-5.0,ok,6.47,,False,31.0,16.6,-16.8,-5.1,46.8,9.9,27.9,-3.6,-19.9,-0.206,0.217,MSFT,,126,16.5,19.0,,False
520,DOW,Dow Inc.,Basic Materials,Chemicals,Cyclical,22.6,31.28,29.98,9.0,13.9,10.0,0.0,ok,-2.5,ok,3.84,,False,30.4,17.0,1.1,19.7,9.8,-5.5,56.7,0.0,-19.5,-0.158,0.194,GOOG,,126,13.9,11.0,,False
521,QBTS,D-Wave Quantum Inc.,Technology,Computer Hardware,Speculative,6.1,16.49,19.55,7.0,15.4,10.0,-2.0,ok,0.0,neg_ebitda_low_debt,,,False,30.4,,-1.2,-0.6,,-28.0,29.3,-23.6,-24.7,0.542,0.503,BMNR,,126,15.4,15.0,,False
522,AES,The AES Corporation,Utilities,Utilities - Diversified,Core,10.6,14.8,14.74,10.0,15.2,10.0,0.0,ok,-5.0,ok,7.64,,False,30.2,6.2,-29.3,19.9,20.3,9.6,61.3,2.5,-6.9,0.197,0.229,NVDA,,126,15.2,18.0,,False
523,CARR,Carrier Global Corporation,Industrials,Building Products & Equipment,Core,47.5,57.58,65.36,10.5,12.0,10.0,0.0,ok,-2.5,ok,3.57,,True,30.0,17.4,1.8,3.9,24.7,9.0,11.6,-5.9,-16.6,0.242,0.299,GOOG,,126,17.6,14.0,,False
524,BBAI,"BigBear.ai, Inc.",Technology,Information Technology Service,Speculative,1.4,2.95,3.14,7.5,16.2,10.0,-4.0,ok,0.0,neg_ebitda_low_debt,,,False,29.7,,-14.7,13.2,27.9,-16.6,34.6,-31.7,-39.2,0.654,0.511,BMNR,,126,16.2,15.0,,False
525,WY,Weyerhaeuser Company,Real Estate,REIT - Specialty,Core,16.7,23.19,24.24,8.0,16.6,10.0,0.0,ok,-5.0,ok,7.15,,False,29.6,34.1,0.1,-0.9,14.5,5.0,28.3,-4.0,-17.3,-0.024,0.184,GOOG,,126,16.6,15.0,,False
526,DE,Deere & Company,Industrials,Farm & Heavy Construction Mach,Core,188.3,698.37,663.45,12.5,10.0,10.0,0.0,ok,-3.5,ok,4.61,,False,29.0,31.1,2.4,-11.1,25.2,18.2,70.6,23.6,6.3,-0.008,0.271,MSFT,,126,10.0,14.0,,False
527,BG,Bunge Limited,Consumer Defensive,Farm Products,Growth,23.6,122.86,116.72,9.5,12.7,10.0,0.0,ok,-3.5,ok,5.21,,False,28.7,10.8,-27.4,88.3,4.9,7.2,68.0,8.0,-3.7,-0.113,0.128,GOOG,,126,12.7,16.0,,False
528,UCTT,"Ultra Clean Holdings, Inc.",Technology,Semiconductor Equipment & Mate,Speculative,3.0,66.07,91.32,9.0,12.0,10.0,0.0,ok,-2.5,ok,3.74,,True,28.5,11.3,-2.7,24.3,15.8,-1.6,20.8,-0.9,6.2,0.394,0.488,AVGO,,126,20.1,13.0,,False
529,IFF,International Flavors & Fragra,Basic Materials,Specialty Chemicals,Cyclical,22.2,86.94,82.59,8.0,11.8,10.0,0.0,ok,-1.5,ok,2.99,,False,28.3,22.0,-7.8,1.8,36.6,-5.5,60.1,17.1,3.8,0.169,0.244,GOOG,,126,11.8,11.0,,False
530,APLD,Applied Digital Corporation,Technology,Information Technology Service,Growth,7.1,24.91,29.88,9.5,14.5,10.0,-2.0,ok,-4.0,neg_ebitda_debt,,,False,28.0,,,406.6,25.9,-8.4,29.8,-22.6,-23.6,0.54,0.478,NVDA,,126,14.5,15.0,fcf_yield_out_of_range(-70.1),False
531,F,Ford Motor Company,Consumer Cyclical,Auto Manufacturers,Core,56.4,14.14,14.09,4.5,17.1,10.0,0.0,ok,-5.0,ok,18.47,,False,26.6,7.4,-14.1,-3.8,7.1,-18.3,53.5,6.0,3.8,0.234,0.246,NVDA,,126,17.1,11.0,,False
532,CIFR,Cipher Digital Inc.,Technology,Information Technology Service,Speculative,6.3,15.18,19.78,5.5,15.4,10.0,0.0,ok,-5.0,ok,49.49,,False,25.9,51.5,-46.0,-43.0,,-167.5,44.5,-17.3,-12.0,0.459,0.443,AVGO,,126,15.4,15.0,,False
533,MOS,Mosaic Company (The),Basic Materials,Agricultural Inputs,Cyclical,8.2,25.78,24.49,5.5,11.6,10.0,0.0,ok,-2.5,ok,3.37,,False,24.6,16.1,-9.1,-6.0,11.2,-5.1,76.9,5.6,-13.3,0.185,0.208,BMNR,,126,11.6,11.0,,False
