rank,ticker,name,sector,industry,category,mcap_B,current_price,entry_level,fundamental,technical,visibility,corr_penalty,corr_status,leverage_penalty,lev_status,nd_ebitda,dte_pct,broken_base,composite,fwd_pe,fcf_yield_pct,rev_growth_pct,gross_margin_pct,roe_pct,rsi,ma200_dist_pct,rel_str_6m_pct,portfolio_corr,max_corr,max_corr_with,corr_null_reason,n_corr_obs,technical_precap,visibility_legacy,data_flags,in_portfolio
1,AVGO,Broadcom Inc.,Technology,Semiconductors,Growth,1676.5,351.19,375.47,20.0,19.5,20.3,0.0,ok,0.0,ok,0.68,,False,59.8,18.1,1.8,85.5,75.5,44.2,41.9,-4.4,-2.9,0.5,0.428,NVDA,,124,19.5,22.0,,True
2,GEV,GE Vernova Inc.,Industrials,Specialty Industrial Machinery,Compounder,253.1,950.49,968.27,20.0,16.2,23.0,0.0,ok,0.0,ok,-2.29,,False,59.2,37.8,6.2,21.9,20.6,82.6,49.9,4.1,-7.5,0.426,0.421,AVGO,,124,16.2,23.0,,True
3,LMT,Lockheed Martin Corporation,Industrials,Aerospace & Defense,Compounder,117.5,509.25,557.25,18.0,18.0,22.0,0.0,ok,-0.5,ok,1.73,,False,57.5,15.5,4.7,10.5,11.8,89.2,35.6,-9.3,-32.1,-0.14,0.178,AVGO,,124,18.0,22.0,,False
4,GOOG,Alphabet Inc.,Communication Services,Internet Content & Information,Compounder,4167.2,340.74,341.69,19.0,16.2,20.0,0.0,ok,0.0,ok,-0.7,,False,55.2,22.6,0.5,24.2,60.9,48.7,59.6,1.1,2.4,0.237,0.261,BMNR,,124,16.2,20.0,,True
5,NVDA,NVIDIA Corporation,Technology,Semiconductors,Growth,5514.7,228.38,217.18,20.0,15.2,17.7,0.0,ok,0.0,ok,-0.12,,False,52.9,14.6,0.8,105.9,74.7,117.2,55.6,14.2,14.6,0.468,0.428,AVGO,,124,15.2,20.0,,True
6,TSM,Taiwan Semiconductor Manufactu,Technology,Semiconductors,Growth,2366.0,456.19,433.38,24.0,14.4,21.0,-7.0,ok,0.0,ok,-0.77,,False,52.4,20.8,,36.0,64.2,40.0,63.1,18.8,18.9,0.758,0.629,GEV,,124,14.4,21.0,fcf_yield_out_of_range(30.9),False
7,NOC,Northrop Grumman Corporation,Industrials,Aerospace & Defense,Compounder,68.7,483.48,539.96,16.0,16.5,21.0,0.0,ok,-1.5,ok,2.03,,False,52.0,15.9,3.6,5.1,20.1,27.0,30.5,-19.3,-45.5,-0.148,0.239,AVGO,,124,16.5,21.0,,False
8,EXPE,"Expedia Group, Inc.",Consumer Cyclical,Travel Services,Core,31.6,263.36,297.52,23.0,18.7,10.0,0.0,ok,0.0,ok,-0.5,,False,51.7,10.8,10.9,14.0,90.4,89.5,43.2,1.3,-2.3,-0.069,0.223,GOOG,,124,18.7,15.0,,False
9,PATH,"UiPath, Inc.",Technology,Software - Infrastructure,Speculative,6.7,12.84,14.45,22.0,19.7,10.0,0.0,ok,0.0,ok,-6.52,,False,51.7,13.9,7.1,13.4,82.6,20.0,42.5,0.8,-0.7,0.037,0.233,BMNR,,124,19.7,17.0,,False
10,ADBE,Adobe Inc.,Technology,Software - Application,Core,95.4,239.94,257.02,23.0,18.1,10.0,0.0,ok,0.0,ok,0.12,,False,51.1,8.7,9.8,12.9,89.3,61.9,40.3,-8.2,-17.7,-0.189,0.368,GEV,,124,18.1,17.0,,False
11,AMP,"Ameriprise Financial, Inc.",Financial Services,Asset Management,Core,43.5,492.35,544.11,23.0,18.0,10.0,0.0,ok,0.0,financial_na,,,False,51.0,9.5,6.7,11.6,54.9,63.4,22.6,0.1,-5.2,0.125,0.231,GOOG,,124,18.0,15.0,,False
12,INCY,Incyte Corporation,Healthcare,Biotechnology,Growth,24.6,121.35,123.54,23.0,17.8,10.0,0.0,ok,0.0,ok,-2.32,,False,50.8,13.7,4.8,37.7,55.7,30.7,39.8,13.9,12.6,-0.178,0.253,AVGO,,124,17.8,16.0,,False
13,ADSK,"Autodesk, Inc.",Technology,Software - Application,Core,43.7,209.0,233.09,23.0,17.7,10.0,0.0,ok,0.0,ok,-0.2,,False,50.7,14.7,7.2,16.1,92.5,53.9,52.0,-13.0,-29.1,-0.145,0.318,GEV,,124,17.7,17.0,,False
14,AXP,American Express Company,Financial Services,Credit Services,Core,205.4,304.1,329.67,21.5,19.0,10.0,0.0,ok,0.0,financial_na,,,False,50.5,15.1,,12.8,62.3,34.4,32.5,-8.6,-15.5,0.266,0.378,GOOG,,124,19.0,18.0,,False
15,VRT,"Vertiv Holdings, LLC",Industrials,Electrical Equipment & Parts,Core,92.9,241.31,263.85,20.5,17.4,14.6,-2.0,ok,0.0,ok,0.08,,False,50.5,26.3,2.9,24.1,38.0,43.9,37.1,-8.4,-20.1,0.62,0.61,GEV,,124,17.4,20.0,,False
16,POWL,"Powell Industries, Inc.",Industrials,Electrical Equipment & Parts,Speculative,6.7,184.47,197.16,17.5,16.9,18.0,-2.0,ok,0.0,ok,-2.67,,False,50.4,26.4,2.8,8.9,30.1,28.3,54.8,-10.7,-14.1,0.61,0.599,GEV,,124,16.9,18.0,,False
17,GDDY,GoDaddy Inc.,Technology,Software - Infrastructure,Core,12.1,95.51,96.2,22.0,18.8,10.0,0.0,ok,-0.5,ok,1.91,,False,50.3,8.7,10.0,6.6,63.8,442.9,52.0,1.8,-0.8,-0.209,0.304,GEV,,124,18.8,17.0,,False
18,CPAY,"Corpay, Inc.",Technology,Software - Infrastructure,Core,25.5,388.6,399.63,23.0,18.7,10.0,0.0,ok,-1.5,ok,2.7,,False,50.2,12.4,7.6,21.5,80.5,29.2,32.2,12.5,17.2,-0.001,0.111,GEV,,124,18.7,17.0,,False
19,DASH,"DoorDash, Inc.",Consumer Cyclical,Internet Retail,Growth,79.5,183.55,205.07,19.0,21.0,10.0,0.0,ok,0.0,ok,-1.42,,False,50.0,22.5,6.5,35.6,52.2,8.9,38.0,-2.0,5.9,0.111,0.259,GOOG,,124,21.0,12.0,,False
20,BRO,"Brown & Brown, Inc.",Financial Services,Insurance Brokers,Growth,20.4,60.9,68.84,21.5,18.2,10.0,0.0,ok,0.0,financial_na,,,False,49.7,12.6,8.1,32.4,56.3,10.0,26.4,-10.5,-22.7,-0.389,0.39,AVGO,,124,18.2,15.0,,False
21,UBER,"Uber Technologies, Inc.",Technology,Software - Application,Core,139.9,68.51,73.1,21.0,19.1,10.0,0.0,ok,-0.5,ok,1.25,,False,49.6,15.5,5.2,12.2,40.8,37.2,36.5,-8.6,-21.1,0.002,0.212,GOOG,,124,19.1,16.0,,False
22,CINF,Cincinnati Financial Corporati,Financial Services,Insurance - Property & Casualt,Growth,24.5,159.37,172.04,22.0,17.6,10.0,0.0,ok,0.0,financial_na,,,False,49.6,17.6,12.2,31.6,31.1,21.5,19.0,-4.6,-15.1,-0.22,0.372,AVGO,,124,17.6,14.0,,False
23,CEG,Constellation Energy Corporati,Utilities,Utilities - Independent Power ,Compounder,90.0,254.02,271.71,12.5,18.5,21.0,0.0,ok,-2.5,ok,3.02,,False,49.5,19.1,-7.4,23.0,22.1,15.1,23.9,-12.1,-25.3,0.376,0.344,GEV,,124,18.5,21.0,,False
24,TROW,"T. Rowe Price Group, Inc.",Financial Services,Asset Management,Core,22.2,104.05,110.73,20.5,18.8,10.0,0.0,ok,0.0,financial_na,,,False,49.3,10.1,9.1,10.7,51.6,19.4,35.6,0.6,-0.9,0.24,0.368,BMNR,,124,18.8,15.0,,False
25,NFLX,"Netflix, Inc.",Communication Services,Entertainment,Core,289.7,69.58,75.44,23.0,16.3,10.0,0.0,ok,0.0,ok,0.51,,False,49.3,18.3,8.8,13.4,49.1,49.5,34.7,-17.6,-44.0,-0.13,0.255,GEV,,124,16.3,14.0,,False
26,GE,GE Aerospace,Industrials,Aerospace & Defense,Core,324.0,312.29,343.43,20.5,18.7,10.0,0.0,ok,0.0,ok,0.9,,False,49.2,34.4,2.0,21.1,31.1,48.2,37.7,-3.4,-6.3,0.273,0.339,GOOG,,124,18.7,14.0,,False
27,APO,"Apollo Global Management, Inc.",Financial Services,Asset Management,Growth,68.5,116.06,128.67,21.0,18.1,10.0,0.0,ok,0.0,financial_na,,,False,49.1,10.8,,63.8,36.1,11.4,20.3,-8.6,-12.2,0.302,0.335,GOOG,,124,18.1,14.0,,False
28,ABNB,"Airbnb, Inc.",Consumer Cyclical,Travel Services,Core,96.2,160.65,168.25,20.5,18.5,10.0,0.0,ok,0.0,ok,-3.47,,False,49.0,26.0,3.3,16.5,82.9,34.5,39.2,12.4,10.8,0.11,0.258,GOOG,,124,18.5,15.0,,False
29,APP,Applovin Corporation,Communication Services,Advertising Agencies,Growth,97.6,290.43,338.04,22.5,16.5,10.0,0.0,ok,0.0,ok,0.09,,False,49.0,13.8,3.3,52.8,88.5,203.7,43.8,-37.2,-43.4,0.209,0.256,BMNR,,124,16.5,15.0,,False
30,FDS,FactSet Research Systems Inc.,Financial Services,Financial Data & Stock Exchang,Speculative,9.6,269.95,281.26,21.0,18.0,10.0,0.0,ok,0.0,financial_na,,,False,49.0,13.7,6.5,6.4,51.4,27.0,44.4,8.4,8.0,-0.323,0.423,GEV,,124,18.0,15.0,,False
31,ORCL,Oracle Corporation,Technology,Software - Infrastructure,Core,416.2,137.3,142.44,17.5,15.4,18.3,0.0,ok,-2.5,ok,3.84,,False,48.7,12.5,-11.0,29.6,64.0,41.2,29.2,-15.9,-22.7,0.416,0.384,NVDA,,124,15.4,19.0,,False
32,BR,Broadridge Financial Solutions,Technology,Information Technology Service,Core,18.2,161.1,167.41,21.0,18.2,10.0,0.0,ok,-0.5,ok,1.72,,False,48.7,13.9,6.6,7.5,31.8,40.9,36.5,-6.2,-17.2,-0.241,0.378,GEV,,124,18.2,15.0,,False
33,META,"Meta Platforms, Inc.",Communication Services,Internet Content & Information,Core,1847.4,725.18,688.92,18.0,13.6,17.0,0.0,ok,0.0,ok,0.2,,False,48.6,20.8,1.2,28.0,81.7,29.8,62.6,15.6,10.4,0.165,0.263,GOOG,,124,13.6,15.0,,False
34,PYPL,"PayPal Holdings, Inc.",Financial Services,Credit Services,Core,44.9,52.53,56.66,20.0,18.6,10.0,0.0,ok,0.0,financial_na,,,False,48.6,9.1,9.8,4.8,40.5,24.5,51.8,4.4,-0.2,0.059,0.157,NVDA,,124,18.6,17.0,,False
35,QCOM,QUALCOMM Incorporated,Technology,Semiconductors,Core,196.6,184.04,174.84,19.0,19.6,10.0,0.0,ok,0.0,ok,0.58,,False,48.6,18.0,5.2,-4.0,54.2,33.8,54.8,8.9,26.5,0.376,0.382,AVGO,,124,19.6,14.0,,False
36,SCHW,Charles Schwab Corporation (Th,Financial Services,Capital Markets,Core,169.0,97.74,106.32,21.5,17.0,10.0,0.0,ok,0.0,financial_na,,,False,48.5,12.5,,20.9,97.5,20.3,24.8,-0.3,-12.0,-0.046,0.196,GOOG,,124,17.0,16.0,,False
37,MCO,Moody's Corporation,Financial Services,Financial Data & Stock Exchang,Core,78.6,454.13,482.75,20.5,18.0,10.0,0.0,ok,0.0,financial_na,,,False,48.5,24.0,3.3,15.1,75.0,76.9,35.6,-3.6,-12.0,-0.065,0.223,BMNR,,124,18.0,16.0,,False
38,MAS,Masco Corporation,Industrials,Building Products & Equipment,Core,13.3,67.4,72.73,20.0,19.0,10.0,0.0,ok,-0.5,ok,1.95,,False,48.5,14.5,6.8,-2.9,37.2,5862.5,42.4,-3.7,-4.7,0.358,0.333,GEV,,124,19.0,14.0,,False
39,SPGI,S&P Global Inc.,Financial Services,Financial Data & Stock Exchang,Core,116.3,394.47,419.06,19.5,18.9,10.0,0.0,ok,0.0,financial_na,,,False,48.4,19.5,4.7,10.4,70.9,14.3,28.2,-10.7,-23.6,-0.133,0.27,AVGO,,124,18.9,16.0,,False
40,AOS,A.O. Smith Corporation,Industrials,Specialty Industrial Machinery,Speculative,7.7,56.37,60.29,19.0,19.4,10.0,0.0,ok,0.0,ok,0.63,,False,48.4,13.8,6.3,-0.7,38.6,27.1,39.9,-12.4,-27.3,0.193,0.208,NVDA,,122,19.4,14.0,,False
41,NEM,Newmont Corporation,Basic Materials,Gold,Cyclical,121.5,115.34,116.35,22.0,16.3,10.0,0.0,ok,0.0,ok,-0.2,,False,48.3,11.3,7.3,15.1,68.0,25.9,28.9,3.8,-9.8,0.459,0.461,BMNR,,124,16.3,13.0,,False
42,AMZN,"Amazon.com, Inc.",Consumer Cyclical,Internet Retail,Core,2687.4,249.15,255.93,17.0,18.0,13.3,0.0,ok,0.0,ok,0.76,,False,48.3,23.8,0.1,19.6,50.8,30.6,45.8,3.4,3.3,0.354,0.637,GOOG,,124,18.0,17.0,,False
43,NXPI,NXP Semiconductors N.V.,Technology,Semiconductors,Core,59.9,237.53,234.82,21.0,17.8,10.0,0.0,ok,-0.5,ok,1.53,,False,48.3,13.1,5.9,19.5,56.1,27.9,64.3,-3.1,4.3,0.357,0.378,AVGO,,124,17.8,14.0,,False
44,INTU,Intuit Inc.,Technology,Software - Application,Core,73.7,275.71,322.78,22.0,16.3,10.0,0.0,ok,0.0,ok,0.18,,False,48.3,10.2,8.6,13.7,81.0,23.6,32.3,-30.8,-52.4,-0.229,0.377,GEV,,124,16.3,17.0,,False
45,WDC,Western Digital Corporation,Technology,Computer Hardware,Growth,163.9,454.46,472.92,20.0,20.3,10.0,-2.0,ok,0.0,ok,-0.08,,False,48.3,14.3,1.4,43.8,48.9,130.9,41.7,14.7,51.6,0.595,0.555,GEV,,124,20.3,14.0,,False
46,CSCO,"Cisco Systems, Inc.",Technology,Communication Equipment,Core,424.3,107.63,112.18,19.5,18.8,10.0,0.0,ok,0.0,ok,0.82,,False,48.3,19.1,2.6,17.6,64.5,27.3,45.2,10.9,23.1,0.307,0.364,AVGO,,124,18.8,15.0,,False
47,ADP,"Automatic Data Processing, Inc",Technology,Software - Application,Core,102.3,258.06,270.19,20.0,18.1,10.0,0.0,ok,0.0,ok,0.2,,False,48.1,19.3,5.1,6.8,48.7,72.2,38.5,8.7,10.6,-0.43,0.517,GEV,,124,18.1,16.0,,False
48,WDAY,"Workday, Inc.",Technology,Software - Application,Core,45.9,190.46,182.74,20.5,17.6,10.0,0.0,ok,0.0,ok,0.23,,False,48.1,14.4,6.6,12.8,75.8,16.0,54.5,20.7,30.2,-0.246,0.405,GEV,,124,17.6,17.0,,False
49,HAS,"Hasbro, Inc.",Consumer Cyclical,Leisure,Core,12.4,87.68,91.88,22.0,16.5,10.0,0.0,ok,-0.5,ok,1.92,,False,48.0,13.5,5.6,16.2,63.8,159.6,44.2,-2.7,-22.7,0.023,0.114,GOOG,,124,16.5,13.0,,False
50,RTX,RTX Corporation,Industrials,Aerospace & Defense,Compounder,250.2,185.65,207.13,15.5,12.0,21.0,0.0,ok,-0.5,ok,1.92,,True,48.0,23.6,3.9,14.5,20.3,12.3,22.5,-4.6,-20.1,-0.064,0.179,AVGO,,124,16.4,21.0,,False
51,EOG,"EOG Resources, Inc.",Energy,Oil & Gas E&P,Growth,72.3,137.76,144.4,24.0,14.0,10.0,0.0,ok,0.0,ok,0.23,,False,48.0,9.2,6.2,58.7,62.6,22.5,35.1,5.2,-20.3,-0.386,0.313,BMNR,,124,14.0,14.0,,False
52,MA,Mastercard Incorporated,Financial Services,Credit Services,Core,483.1,551.47,569.28,20.5,17.5,10.0,0.0,ok,0.0,financial_na,,,False,48.0,24.0,3.5,14.1,100.0,241.2,37.4,3.7,-5.8,-0.233,0.35,AVGO,,124,17.5,18.0,,False
53,OXY,Occidental Petroleum Corporati,Energy,Oil & Gas E&P,Growth,55.3,55.32,58.27,22.5,15.5,10.0,0.0,ok,0.0,ok,0.76,,False,48.0,13.8,6.9,53.4,73.3,10.6,30.0,3.0,-31.3,-0.326,0.317,GOOG,,124,15.5,14.0,,False
54,CTAS,Cintas Corporation,Industrials,Specialty Business Services,Core,77.9,195.06,201.98,19.5,18.4,10.0,0.0,ok,0.0,ok,0.79,,False,47.9,31.7,2.1,10.9,51.0,41.4,42.2,4.0,-0.7,-0.284,0.309,AVGO,,124,18.4,17.0,,False
55,WRB,W.R. Berkley Corporation,Financial Services,Insurance - Property & Casualt,Core,25.1,67.54,70.29,20.0,17.9,10.0,0.0,ok,0.0,financial_na,,,False,47.9,13.9,12.1,1.2,43.8,20.2,35.2,-1.9,-14.5,-0.317,0.322,NVDA,,124,17.9,15.0,,False
56,CBOE,"Cboe Global Markets, Inc.",Financial Services,Financial Data & Stock Exchang,Core,28.7,275.29,287.92,20.5,17.4,10.0,0.0,ok,0.0,financial_na,,,False,47.9,18.1,2.4,22.9,54.1,26.3,39.2,-3.9,-18.4,-0.178,0.235,GEV,,124,17.4,15.0,,False
57,MMM,3M Company,Industrials,Conglomerates,Core,84.7,164.15,173.8,21.0,17.3,10.0,0.0,ok,-0.5,ok,1.21,,False,47.8,16.7,7.5,2.5,39.4,81.9,49.5,2.2,-3.3,0.069,0.154,GOOG,,124,17.3,14.0,,False
58,RJF,"Raymond James Financial, Inc.",Financial Services,Asset Management,Core,30.4,158.02,172.71,20.0,17.8,10.0,0.0,ok,0.0,financial_na,,,False,47.8,11.1,,15.1,93.2,18.4,16.6,-1.6,-6.8,0.157,0.317,GOOG,,124,17.8,16.0,,False
59,BKNG,Booking Holdings Inc. Common S,Consumer Cyclical,Travel Services,Core,122.4,162.91,190.33,19.0,18.8,10.0,0.0,ok,0.0,ok,0.36,,False,47.8,13.2,6.3,8.1,87.2,,34.1,-11.1,-19.6,-0.105,0.267,GEV,,124,18.8,15.0,,False
60,IDXX,"IDEXX Laboratories, Inc.",Healthcare,Diagnostics & Research,Core,41.1,522.19,545.72,19.5,18.2,10.0,0.0,ok,0.0,ok,0.55,,False,47.7,31.2,2.2,9.7,62.4,74.2,54.5,-11.6,-23.4,0.021,0.306,GOOG,,124,18.2,17.0,,False
61,BLK,"BlackRock, Inc.",Financial Services,Asset Management,Growth,171.9,1058.29,1108.21,20.5,17.0,10.0,0.0,ok,0.0,financial_na,,,False,47.5,16.5,4.4,30.6,47.2,12.3,46.1,-0.1,-6.3,0.324,0.409,GOOG,,124,17.0,15.0,,False
62,MDB,"MongoDB, Inc.",Technology,Software - Infrastructure,Growth,28.0,348.61,386.47,16.5,21.0,10.0,0.0,ok,0.0,ok,-170.08,,False,47.5,44.7,2.0,30.5,72.7,2.0,47.7,1.4,26.1,0.084,0.215,NVDA,,124,21.0,17.0,,False
63,EQT,EQT Corporation,Energy,Oil & Gas E&P,Cyclical,30.4,48.56,52.87,18.5,19.0,10.0,0.0,ok,0.0,ok,0.79,,False,47.5,12.9,8.1,-3.9,80.7,11.1,21.0,-12.4,-39.8,-0.147,0.145,AVGO,,124,19.0,14.0,,False
64,PEP,"Pepsico, Inc.",Consumer Defensive,Beverages - Non-Alcoholic,Core,173.1,126.72,137.34,20.0,19.0,10.0,0.0,ok,-1.5,ok,2.25,,False,47.5,14.2,4.5,6.4,54.2,51.5,15.6,-13.9,-34.8,-0.34,0.37,GEV,,124,19.0,17.0,,False
65,CF,"CF Industries Holdings, Inc.",Basic Materials,Agricultural Inputs,Cyclical,17.4,115.2,124.71,22.0,15.4,10.0,0.0,ok,0.0,ok,0.29,,False,47.4,10.4,7.3,17.6,42.5,29.9,19.3,3.3,-27.3,-0.273,0.27,GOOG,,124,15.4,12.0,,False
66,CL,Colgate-Palmolive Company,Consumer Defensive,Household & Personal Products,Core,68.0,85.32,89.97,21.0,16.9,10.0,0.0,ok,-0.5,ok,1.29,,False,47.4,20.8,5.1,4.9,60.4,267.4,33.4,-3.1,-15.6,-0.221,0.251,GEV,,124,16.9,18.0,,False
67,TRV,"The Travelers Companies, Inc.",Financial Services,Insurance - Property & Casualt,Core,74.4,356.51,372.03,20.0,17.4,10.0,0.0,ok,0.0,financial_na,,,False,47.4,11.8,19.9,0.3,34.7,26.5,37.5,11.9,5.9,-0.236,0.294,AVGO,,124,17.4,14.0,,False
68,DECK,Deckers Outdoor Corporation,Consumer Cyclical,Footwear & Accessories,Core,10.6,78.14,89.03,21.0,16.4,10.0,0.0,ok,0.0,ok,-0.85,,False,47.4,9.4,8.2,5.7,57.8,42.6,41.6,-23.1,-38.3,0.071,0.312,GOOG,,124,16.4,12.0,,False
69,PGR,Progressive Corporation (The),Financial Services,Insurance - Property & Casualt,Core,120.3,207.31,213.93,19.5,17.8,10.0,0.0,ok,0.0,financial_na,,,False,47.3,12.7,12.6,7.3,18.5,34.9,38.8,-0.6,-11.7,-0.404,0.377,AVGO,,124,17.8,14.0,,False
70,GWW,"W.W. Grainger, Inc.",Industrials,Industrial Distribution,Core,58.7,1245.76,1307.35,19.5,17.8,10.0,0.0,ok,0.0,ok,0.69,,False,47.3,24.5,2.1,10.3,39.4,46.1,37.4,3.7,-1.9,0.072,0.14,GOOG,,124,17.8,14.0,,False
71,V,Visa Inc.,Financial Services,Credit Services,Core,674.6,359.33,368.06,20.5,16.8,10.0,0.0,ok,0.0,financial_na,,,False,47.3,23.9,3.0,14.4,97.7,61.2,40.4,6.7,2.8,-0.207,0.286,AVGO,,124,16.8,18.0,,False
72,GL,Globe Life Inc.,Financial Services,Insurance - Life,Core,12.7,165.65,175.31,20.0,17.3,10.0,0.0,ok,0.0,financial_na,,,False,47.3,10.0,9.1,8.0,33.9,20.9,34.5,5.6,2.9,0.022,0.226,GOOG,,124,17.3,14.0,,False
73,SYF,Synchrony Financial,Financial Services,Credit Services,Core,23.1,70.97,76.66,19.5,17.7,10.0,0.0,ok,0.0,financial_na,,,False,47.2,6.8,,0.6,0.0,20.8,26.9,-4.9,-11.6,0.302,0.313,GOOG,,124,17.7,16.0,,False
74,TLN,Talen Energy Corporation,Utilities,Utilities - Independent Power ,Growth,14.8,312.69,322.36,17.5,17.6,19.0,-2.0,ok,-5.0,ok,16.05,,False,47.1,10.2,8.5,111.2,42.1,-12.8,46.0,-11.3,-18.4,0.518,0.488,GEV,,124,17.6,19.0,,False
75,ZTS,Zoetis Inc.,Healthcare,Drug Manufacturers - Specialty,Core,28.9,69.83,74.64,21.0,16.5,10.0,0.0,ok,-0.5,ok,1.86,,False,47.0,10.7,7.0,-0.2,71.7,64.9,33.5,-29.3,-57.0,-0.015,0.186,NVDA,,124,16.5,17.0,,False
76,PODD,Insulet Corporation,Healthcare,Medical Devices,Speculative,9.0,130.47,146.97,20.5,16.5,10.0,0.0,ok,0.0,ok,0.67,,False,47.0,16.9,2.6,23.5,71.1,26.0,33.0,-33.4,-54.2,-0.108,0.203,GOOG,,124,16.5,17.0,,False
77,MNST,Monster Beverage Corporation,Consumer Defensive,Beverages - Non-Alcoholic,Core,81.5,41.62,59.95,20.5,16.5,10.0,0.0,ok,0.0,ok,-1.13,,False,47.0,31.8,2.1,20.2,55.5,25.7,40.8,-45.8,-58.9,0.008,0.177,GOOG,,124,16.5,17.0,,False
78,PSA,Public Storage,Real Estate,REIT - Industrial,Core,52.8,282.84,310.97,20.0,18.4,10.0,0.0,ok,-1.5,ok,2.89,,False,46.9,27.7,4.4,3.3,74.4,21.9,34.2,-5.2,-12.0,-0.067,0.235,GOOG,,124,18.4,17.0,,False
79,COF,Capital One Financial Corporat,Financial Services,Credit Services,Growth,118.4,193.07,211.29,18.0,18.9,10.0,0.0,ok,0.0,financial_na,,,False,46.9,8.1,,1111.0,0.0,9.0,22.3,-6.3,-10.5,0.266,0.343,GOOG,,124,18.9,16.0,,False
80,RL,Ralph Lauren Corporation,Consumer Cyclical,Apparel Manufacturing,Core,21.2,355.07,364.39,22.0,14.8,10.0,0.0,ok,0.0,ok,0.67,,False,46.8,16.9,4.2,14.0,70.3,37.5,64.8,-2.7,-13.1,0.208,0.183,GOOG,,124,14.8,13.0,,False
81,JPM,JP Morgan Chase & Co.,Financial Services,Banks - Diversified,Growth,879.4,330.83,352.67,19.0,17.6,10.0,0.0,ok,0.0,financial_na,,,False,46.6,13.2,,30.4,0.0,17.8,24.0,3.2,-3.3,0.144,0.172,GOOG,,124,17.6,14.0,,False
82,ANET,"Arista Networks, Inc.",Technology,Computer Hardware,Growth,256.8,203.59,193.41,19.0,14.4,15.2,-2.0,ok,0.0,ok,-2.88,,False,46.6,39.1,1.5,37.7,63.0,31.5,66.4,29.0,49.4,0.526,0.518,AVGO,,124,14.4,20.0,,False
83,ALGN,"Align Technology, Inc.",Healthcare,Medical Instruments & Supplies,Core,10.3,145.35,161.73,18.5,18.1,10.0,0.0,ok,0.0,ok,-1.06,,False,46.6,11.6,5.8,4.3,70.7,10.2,39.7,-14.8,-31.6,0.168,0.257,GOOG,,124,18.1,17.0,,False
84,CRM,"Salesforce, Inc.",Technology,Software - Application,Core,188.9,229.57,218.09,20.5,17.6,10.0,0.0,ok,-1.5,ok,2.4,,False,46.6,14.3,9.4,10.8,77.3,19.4,38.9,14.5,6.9,-0.124,0.303,GEV,,124,17.6,17.0,,False
85,MRSH,Marsh,Financial Services,Insurance Brokers,Core,81.5,170.73,184.16,19.0,17.6,10.0,0.0,ok,0.0,financial_na,,,False,46.6,15.0,5.9,6.2,44.0,25.9,35.2,-3.4,-17.4,-0.476,0.44,GEV,,124,17.6,15.0,,False
86,EL,"Estee Lauder Companies, Inc. (",Consumer Defensive,Household & Personal Products,Core,33.6,92.77,93.07,17.0,21.0,10.0,0.0,ok,-1.5,ok,2.34,,False,46.5,23.7,5.4,6.3,75.5,4.7,38.2,0.6,12.9,0.121,0.332,BMNR,,124,21.0,18.0,,False
87,LULU,lululemon athletica inc.,Consumer Cyclical,Apparel Retail,Core,10.6,96.19,112.96,20.0,16.5,10.0,0.0,ok,0.0,ok,0.32,,False,46.5,11.1,10.8,-4.3,54.9,30.9,43.8,-34.3,-53.5,0.078,0.217,BMNR,,124,16.5,12.0,,False
88,HBAN,Huntington Bancshares Incorpor,Financial Services,Banks - Regional,Growth,30.8,15.26,16.87,18.0,18.5,10.0,0.0,ok,0.0,financial_na,,,False,46.5,8.6,,47.6,0.0,9.0,27.6,-9.6,-18.9,0.11,0.265,GOOG,,124,18.5,14.0,,False
89,TMUS,"T-Mobile US, Inc.",Communication Services,Telecom Services,Core,174.9,163.08,177.26,19.5,19.5,10.0,0.0,ok,-2.5,ok,3.42,,False,46.5,11.3,6.5,7.9,63.1,18.0,31.3,-14.8,-38.7,-0.293,0.371,GEV,,124,19.5,17.0,,False
90,UNP,Union Pacific Corporation,Industrials,Railroads,Core,161.7,272.13,291.66,20.5,17.4,10.0,0.0,ok,-1.5,ok,2.26,,False,46.4,19.2,2.9,11.5,56.3,39.7,29.2,3.1,-4.2,-0.108,0.211,BMNR,,124,17.4,15.0,,False
91,IBM,International Business Machine,Technology,Information Technology Service,Core,207.2,219.93,230.49,20.0,18.9,10.0,0.0,ok,-2.5,ok,3.47,,False,46.4,16.7,5.8,1.1,58.1,34.5,32.8,-13.9,-25.0,-0.155,0.227,GEV,,124,18.9,16.0,,False
92,KMB,Kimberly-Clark Corporation,Consumer Defensive,Household & Personal Products,Core,32.4,97.43,105.96,18.5,18.4,10.0,0.0,ok,-0.5,ok,1.6,,False,46.4,13.0,2.9,0.6,37.6,104.9,42.6,-4.8,-15.4,-0.112,0.205,GOOG,,124,18.4,16.0,,False
93,IBKR,"Interactive Brokers Group, Inc",Financial Services,Capital Markets,Core,145.5,85.42,90.93,20.0,18.4,10.0,-2.0,ok,0.0,financial_na,,,False,46.4,26.8,,26.3,93.0,24.0,38.1,5.6,11.0,0.503,0.555,BMNR,,124,18.4,16.0,,False
94,HOOD,"Robinhood Markets, Inc.",Financial Services,Capital Markets,Growth,101.1,112.5,106.88,18.5,17.8,10.0,0.0,ok,0.0,financial_na,,,False,46.3,32.6,,32.3,91.9,23.6,46.9,19.1,46.0,0.422,0.592,BMNR,,124,17.8,16.0,,False
95,FANG,"Diamondback Energy, Inc.",Energy,Oil & Gas E&P,Growth,51.5,183.81,198.3,21.0,15.8,10.0,0.0,ok,-0.5,ok,1.03,,False,46.3,9.8,9.8,52.5,72.4,3.5,31.3,0.3,-22.9,-0.222,0.258,GOOG,,124,15.8,14.0,,False
96,MSFT,Microsoft Corporation,Technology,Software - Infrastructure,Core,3808.6,512.9,487.26,18.0,14.7,13.6,0.0,ok,0.0,ok,0.27,,False,46.3,21.7,0.4,17.7,67.9,34.0,62.3,18.7,22.2,0.16,0.273,BMNR,,124,14.7,18.0,,False
97,PRU,"Prudential Financial, Inc.",Financial Services,Insurance - Life,Core,39.2,113.58,120.31,18.0,18.2,10.0,0.0,ok,0.0,financial_na,,,False,46.2,7.6,19.2,14.1,29.0,12.0,36.2,4.8,-0.1,-0.029,0.182,GOOG,,124,18.2,14.0,,False
98,STT,State Street Corporation,Financial Services,Asset Management,Core,48.0,174.59,186.37,17.5,18.7,10.0,0.0,ok,0.0,financial_na,,,False,46.2,11.4,,18.4,0.0,12.4,13.2,13.5,22.5,0.321,0.285,NVDA,,124,18.7,14.0,,False
99,ERIE,Erie Indemnity Company,Financial Services,Insurance Brokers,Core,11.5,219.15,244.48,17.5,18.5,10.0,0.0,ok,0.0,financial_na,,,False,46.0,15.6,4.2,2.8,17.9,24.8,29.6,-12.0,-28.7,-0.318,0.368,AVGO,,124,18.5,14.0,,False
100,PTC,PTC Inc.,Technology,Software - Application,Core,15.2,140.3,140.78,21.0,15.0,10.0,0.0,ok,0.0,ok,0.98,,False,46.0,15.7,6.8,-6.8,84.5,35.1,66.7,-3.7,-17.9,-0.128,0.212,GEV,,124,15.0,17.0,,False
101,IT,"Gartner, Inc.",Technology,Information Technology Service,Core,11.8,186.54,179.12,21.0,15.5,10.0,0.0,ok,-0.5,ok,1.33,,False,46.0,11.4,8.9,-0.6,69.6,113.6,64.5,7.3,1.4,-0.28,0.396,GEV,,124,15.5,17.0,,False
102,CRDO,Credo Technology Group Holding,Technology,Semiconductors,Growth,36.6,194.79,210.0,20.0,18.0,10.0,-2.0,ok,0.0,ok,-1.36,,False,46.0,20.1,0.7,114.7,67.1,30.7,63.5,10.3,91.1,0.507,0.453,AVGO,,124,18.0,15.0,,False
103,ODFL,"Old Dominion Freight Line, Inc",Industrials,Trucking,Core,36.2,173.84,199.78,18.5,17.5,10.0,0.0,ok,0.0,ok,-0.15,,False,46.0,26.0,2.7,10.4,39.6,24.8,36.5,-12.8,-27.4,0.091,0.166,NVDA,,124,17.5,14.0,,False
104,MSCI,MSCI Inc.,Financial Services,Financial Data & Stock Exchang,Core,39.2,538.66,561.54,17.5,18.5,10.0,0.0,ok,0.0,financial_na,,,False,46.0,24.0,3.1,12.2,83.0,,40.0,-5.7,-16.1,-0.105,0.259,GEV,,124,18.5,16.0,,False
105,URI,"United Rentals, Inc.",Industrials,Rental & Leasing Services,Core,62.3,1000.78,1066.56,18.5,19.8,10.0,0.0,ok,-2.5,ok,3.26,,False,45.8,17.5,2.7,11.8,38.5,28.9,43.1,6.1,21.3,0.176,0.302,GEV,,124,19.8,16.0,,False
106,UNH,UnitedHealth Group Incorporate,Healthcare,Healthcare Plans,Core,329.5,367.08,397.24,15.5,20.8,10.0,0.0,ok,-0.5,ok,1.57,,False,45.8,16.2,7.4,0.4,19.7,14.2,20.3,3.4,19.3,-0.057,0.106,AVGO,,124,20.8,15.0,,False
107,NTRS,Northern Trust Corporation,Financial Services,Asset Management,Growth,31.0,169.36,182.64,17.5,18.3,10.0,0.0,ok,0.0,financial_na,,,False,45.8,13.3,,36.4,0.0,17.1,24.1,4.5,5.0,0.23,0.212,GOOG,,124,18.3,14.0,,False
108,SNDK,Sandisk Corporation,Technology,Computer Hardware,Growth,254.8,1739.89,1652.9,22.5,15.3,10.0,-2.0,ok,0.0,ok,-0.36,,False,45.8,6.6,3.0,371.6,71.5,91.6,48.7,54.9,157.5,0.524,0.497,GEV,,124,15.3,15.0,,False
109,BMY,Bristol-Myers Squibb Company,Healthcare,Drug Manufacturers - General,Core,127.5,62.4,64.45,22.0,14.2,10.0,0.0,ok,-0.5,ok,1.8,,False,45.7,9.5,6.4,5.7,71.7,46.6,38.3,5.8,-12.4,-0.143,0.261,AVGO,,124,14.2,17.0,,False
110,TPR,"Tapestry, Inc.",Consumer Cyclical,Luxury Goods,Core,22.9,115.04,131.92,22.0,14.2,10.0,0.0,ok,-0.5,ok,1.39,,False,45.7,12.9,6.1,8.9,76.6,197.1,53.6,-17.0,-34.8,0.091,0.235,GOOG,,124,14.2,13.0,,False
111,UPS,"United Parcel Service, Inc.",Industrials,Integrated Freight & Logistics,Core,79.5,93.44,103.12,18.5,17.6,10.0,0.0,ok,-0.5,ok,1.99,,False,45.6,11.6,7.0,7.6,22.4,29.6,36.7,-10.0,-19.8,0.098,0.131,NVDA,,124,17.6,14.0,,False
112,BRK-B,Berkshire Hathaway Inc. New,Financial Services,Insurance - Diversified,Core,1066.0,497.95,506.51,18.5,17.1,10.0,0.0,ok,0.0,financial_na,,,False,45.6,22.4,6.8,10.0,30.3,12.1,40.7,1.1,-12.5,-0.255,0.274,AVGO,,124,17.1,14.0,,False
113,VLTO,Veralto Corp,Industrials,Pollution & Treatment Controls,Core,23.0,94.32,96.35,19.5,16.6,10.0,0.0,ok,-0.5,ok,1.06,,False,45.6,19.8,3.5,7.5,60.2,34.3,48.4,1.4,-9.7,-0.213,0.225,GEV,,124,16.6,16.0,,False
114,FOXA,Fox Corporation,Communication Services,Entertainment,Core,26.4,62.65,63.91,18.0,17.6,10.0,0.0,ok,0.0,ok,0.87,,False,45.6,10.7,2.1,28.1,36.6,14.3,44.8,-0.8,-9.1,-0.066,0.126,AVGO,,124,17.6,13.0,,False
115,EXE,Expand Energy Corporation,Energy,Oil & Gas E&P,Cyclical,19.5,84.09,93.17,16.5,19.0,10.0,0.0,ok,0.0,ok,0.46,,False,45.5,9.8,7.5,-10.6,47.1,14.9,15.6,-14.4,-39.3,-0.189,0.18,AVGO,,124,19.0,13.0,,False
116,TTD,"The Trade Desk, Inc.",Communication Services,Advertising Agencies,Speculative,5.8,12.17,14.81,19.5,16.0,10.0,0.0,ok,0.0,ok,-1.51,,False,45.5,12.1,10.1,3.0,76.9,15.4,29.6,-47.0,-62.7,-0.029,0.174,GOOG,,124,16.0,15.0,,False
117,ITW,Illinois Tool Works Inc.,Industrials,Specialty Industrial Machinery,Core,73.3,257.28,279.38,18.5,17.4,10.0,0.0,ok,-0.5,ok,1.84,,False,45.4,20.8,3.3,6.1,44.2,104.6,41.0,-4.0,-17.5,0.041,0.091,GEV,,124,17.4,15.0,,False
118,MDT,Medtronic plc.,Healthcare,Medical Devices,Core,110.4,86.29,89.45,19.5,16.4,10.0,0.0,ok,-0.5,ok,1.86,,False,45.4,13.5,4.9,13.7,65.3,10.6,29.6,-2.5,-16.8,-0.187,0.327,AVGO,,124,16.4,17.0,,False
119,VRSK,"Verisk Analytics, Inc.",Industrials,Consulting Services,Core,21.8,167.85,185.57,18.0,18.9,10.0,0.0,ok,-1.5,ok,2.68,,False,45.4,19.3,4.8,4.4,70.2,,37.6,-11.9,-27.9,-0.45,0.483,GEV,,124,18.9,18.0,,False
120,AFL,AFLAC Incorporated,Financial Services,Insurance - Life,Core,56.0,111.78,119.46,17.5,17.9,10.0,0.0,ok,0.0,financial_na,,,False,45.4,14.8,9.2,-1.0,50.9,16.9,36.0,-2.7,-14.5,-0.376,0.318,AVGO,,124,17.9,15.0,,False
121,DXCM,"DexCom, Inc.",Healthcare,Medical Devices,Core,32.6,86.29,85.62,20.5,14.8,10.0,0.0,ok,0.0,ok,-0.39,,False,45.3,27.6,3.1,13.1,62.5,38.5,62.9,18.6,21.0,-0.0,0.253,GOOG,,124,14.8,17.0,,False
122,PNC,"PNC Financial Services Group, ",Financial Services,Banks - Regional,Core,88.7,222.26,243.38,18.5,16.8,10.0,0.0,ok,0.0,financial_na,,,False,45.3,10.4,,23.6,0.0,12.6,21.5,-2.1,-8.7,0.016,0.21,GOOG,,124,16.8,14.0,,False
123,GPN,Global Payments Inc.,Industrials,Specialty Business Services,Growth,21.6,81.67,87.83,21.0,17.8,10.0,0.0,ok,-3.5,ok,4.05,,False,45.3,5.1,,68.6,64.0,2.4,34.4,6.9,5.0,0.07,0.213,GOOG,,124,17.8,18.0,fcf_yield_out_of_range(36.4),False
124,WSM,"Williams-Sonoma, Inc.",Consumer Cyclical,Specialty Retail,Core,26.8,227.94,233.06,18.5,16.8,10.0,0.0,ok,0.0,ok,0.3,,False,45.3,21.7,4.0,6.7,45.7,55.0,50.4,9.7,9.1,0.203,0.191,GOOG,,124,16.8,12.0,,False
125,MPC,Marathon Petroleum Corporation,Energy,Oil & Gas Refining & Marketing,Growth,111.0,395.42,375.65,21.0,14.6,10.0,0.0,ok,-0.5,ok,1.72,,False,45.1,8.4,8.3,53.7,12.8,42.1,47.8,53.2,45.6,-0.173,0.231,NVDA,,124,14.6,12.0,,False
126,JKHY,"Jack Henry & Associates, Inc.",Technology,Information Technology Service,Core,10.0,143.24,157.3,17.5,17.6,10.0,0.0,ok,0.0,ok,0.09,,False,45.1,18.1,3.5,4.7,43.9,24.0,29.6,-9.4,-25.7,-0.278,0.331,GEV,,124,17.6,16.0,,False
127,HWM,Howmet Aerospace Inc.,Industrials,Aerospace & Defense,Core,90.2,226.18,261.33,18.0,17.6,10.0,0.0,ok,-0.5,ok,1.47,,False,45.1,35.0,1.3,24.1,36.0,34.7,41.9,-8.8,-18.2,0.226,0.237,GOOG,,124,17.6,14.0,,False
128,FITB,Fifth Third Bancorp,Financial Services,Banks - Regional,Growth,45.9,50.58,55.18,18.0,17.1,10.0,0.0,ok,0.0,financial_na,,,False,45.1,10.2,,51.8,0.0,8.4,28.7,-1.7,-7.5,0.048,0.181,GOOG,,124,17.1,14.0,,False
129,NDAQ,"Nasdaq, Inc.",Financial Services,Financial Data & Stock Exchang,Core,51.4,92.01,94.89,18.0,17.1,10.0,0.0,ok,0.0,financial_na,,,False,45.1,19.7,3.3,14.9,100.0,16.5,43.2,1.6,-8.0,-0.067,0.257,GEV,,124,17.1,16.0,,False
130,AVY,Avery Dennison Corporation,Consumer Cyclical,Packaging & Containers,Core,12.9,170.67,172.98,20.5,16.0,10.0,0.0,ok,-1.5,ok,2.28,,False,45.0,15.3,7.8,10.9,29.0,31.2,52.0,-1.2,-17.5,-0.013,0.078,AVGO,,124,16.0,11.0,,False
131,EXPD,Expeditors International of Wa,Industrials,Integrated Freight & Logistics,Growth,24.0,184.64,184.07,17.5,17.5,10.0,0.0,ok,0.0,ok,-0.37,,False,45.0,23.1,3.3,32.1,13.5,42.7,44.3,13.9,12.5,-0.017,0.066,GEV,,124,17.5,14.0,,False
132,CTSH,Cognizant Technology Solutions,Technology,Information Technology Service,Core,25.9,57.44,57.89,18.5,16.5,10.0,0.0,ok,0.0,ok,0.26,,False,45.0,9.1,8.6,4.5,33.4,14.9,47.5,-5.8,-22.1,-0.358,0.487,GEV,,124,16.5,15.0,,False
133,SPG,"Simon Property Group, Inc.",Real Estate,REIT - Retail,Core,76.2,200.76,216.41,20.5,17.9,10.0,0.0,ok,-3.5,ok,5.54,,False,44.9,29.5,3.4,19.5,81.4,120.5,35.1,-1.1,-8.7,-0.083,0.222,AVGO,,124,17.9,17.0,,False
134,FSLR,"First Solar, Inc.",Technology,Solar,Core,18.8,175.16,208.82,18.5,16.4,10.0,0.0,ok,0.0,ok,-0.64,,False,44.9,7.5,8.5,-3.7,44.0,18.5,33.5,-22.3,-27.6,0.419,0.386,AVGO,,124,16.4,14.0,,False
135,UHS,"Universal Health Services, Inc",Healthcare,Medical Care Facilities,Core,10.3,174.26,171.1,19.0,16.4,10.0,0.0,ok,-0.5,ok,1.9,,False,44.9,7.3,4.9,8.3,44.6,20.9,47.9,-4.0,-19.0,-0.128,0.172,BMNR,,124,16.4,16.0,,False
136,OMC,Omnicom Group Inc.,Communication Services,Advertising Agencies,Growth,20.2,73.63,81.96,18.5,17.9,10.0,0.0,ok,-1.5,ok,2.2,,False,44.9,6.3,21.1,63.4,19.0,6.1,32.6,-5.7,-18.6,-0.115,0.226,GEV,,124,17.9,13.0,,False
137,ULTA,"Ulta Beauty, Inc.",Consumer Cyclical,Specialty Retail,Core,23.4,546.17,531.01,18.5,16.9,10.0,0.0,ok,-0.5,ok,1.19,,False,44.9,17.0,3.9,8.9,43.1,46.1,52.2,-1.8,-11.9,0.024,0.191,BMNR,,124,16.9,12.0,,False
138,AJG,Arthur J. Gallagher & Co.,Financial Services,Insurance Brokers,Growth,58.5,228.11,250.41,16.5,18.3,10.0,0.0,ok,0.0,financial_na,,,False,44.8,15.3,3.6,30.9,43.2,6.7,32.0,-2.1,-11.0,-0.4,0.389,GEV,,124,18.3,15.0,,False
139,ELV,"Elevance Health, Inc.",Healthcare,Healthcare Plans,Core,84.3,388.82,396.72,16.0,18.8,10.0,0.0,ok,0.0,ok,-0.78,,False,44.8,13.2,5.1,1.4,26.0,11.1,43.9,6.6,16.4,-0.068,0.163,AVGO,,124,18.8,15.0,,False
140,STE,STERIS plc (Ireland),Healthcare,Medical Devices,Core,20.5,210.01,224.07,16.0,18.7,10.0,0.0,ok,0.0,ok,0.95,,False,44.7,17.1,3.9,7.3,44.4,11.4,38.4,-8.2,-21.4,-0.129,0.184,AVGO,,124,18.7,16.0,,False
141,CMG,"Chipotle Mexican Grill, Inc.",Consumer Cyclical,Restaurants,Core,40.4,31.95,34.62,18.5,17.7,10.0,0.0,ok,-1.5,ok,2.08,,False,44.7,23.3,2.8,9.3,39.4,49.6,22.7,-8.5,-16.6,-0.028,0.151,NVDA,,124,17.7,11.0,,False
142,ICE,Intercontinental Exchange Inc.,Financial Services,Financial Data & Stock Exchang,Core,85.3,152.03,154.61,18.5,16.2,10.0,0.0,ok,0.0,financial_na,,,False,44.7,17.3,4.3,4.8,100.0,14.1,39.2,-1.9,-19.7,-0.109,0.297,BMNR,,124,16.2,16.0,,False
143,ROK,"Rockwell Automation, Inc.",Industrials,Specialty Industrial Machinery,Core,48.4,435.33,438.97,18.5,16.6,10.0,0.0,ok,-0.5,ok,1.5,,False,44.6,29.2,2.7,7.9,49.1,30.6,59.8,3.1,5.3,0.456,0.452,GEV,,124,16.6,15.0,,False
144,LLY,Eli Lilly and Company,Healthcare,Drug Manufacturers - General,Growth,1031.8,1157.08,1179.11,20.0,15.1,10.0,0.0,ok,-0.5,ok,1.1,,False,44.6,24.4,1.1,47.7,83.4,102.3,62.3,8.0,9.6,-0.1,0.234,NVDA,,124,15.1,17.0,,False
145,RMD,ResMed Inc.,Healthcare,Medical Instruments & Supplies,Core,31.9,221.1,221.71,18.5,16.1,10.0,0.0,ok,0.0,ok,-0.31,,False,44.6,16.7,2.9,8.6,61.6,24.3,52.7,-2.0,-17.6,-0.087,0.274,AVGO,,124,16.1,17.0,,False
146,VLO,Valero Energy Corporation,Energy,Oil & Gas Refining & Marketing,Growth,111.6,387.61,368.23,20.0,14.5,10.0,0.0,ok,0.0,ok,0.26,,False,44.5,10.2,7.5,51.7,16.1,27.6,49.3,51.1,40.5,-0.181,0.253,GOOG,,124,14.5,12.0,,False
147,USB,U.S. Bancorp,Financial Services,Banks - Regional,Core,90.0,57.76,62.41,17.5,17.0,10.0,0.0,ok,0.0,financial_na,,,False,44.5,10.0,,10.4,0.0,12.6,26.2,0.7,-5.3,0.052,0.238,GOOG,,124,17.0,14.0,,False
148,DVA,DaVita Inc.,Healthcare,Medical Care Facilities,Core,11.2,174.92,192.81,19.5,18.5,10.0,0.0,ok,-3.5,ok,4.5,,False,44.5,10.2,9.3,5.2,32.4,88.5,41.0,3.4,-2.6,-0.027,0.14,GOOG,,124,18.5,15.0,,False
149,PFG,Principal Financial Group Inc,Financial Services,Asset Management,Core,24.0,111.96,113.43,17.5,17.0,10.0,0.0,ok,0.0,financial_na,,,False,44.5,10.8,4.4,6.4,47.3,12.9,43.8,10.8,7.9,0.062,0.237,GOOG,,124,17.0,15.0,,False
150,BX,Blackstone Inc.,Financial Services,Asset Management,Core,134.0,112.09,132.82,22.5,12.0,10.0,0.0,ok,0.0,financial_na,,,True,44.5,15.0,,28.6,100.0,31.4,23.5,-12.4,-18.0,0.279,0.347,BMNR,,124,18.2,16.0,,False
151,LII,"Lennox International, Inc.",Industrials,Building Products & Equipment,Core,12.3,355.02,412.43,18.5,16.5,10.0,0.0,ok,-0.5,ok,1.68,,False,44.5,13.6,2.3,3.0,33.3,71.8,32.5,-27.3,-39.9,0.308,0.277,GEV,,124,16.5,14.0,,False
152,ABT,Abbott Laboratories,Healthcare,Medical Devices,Core,171.0,98.83,106.94,18.5,17.4,10.0,0.0,ok,-1.5,ok,2.32,,False,44.4,16.3,4.2,13.0,56.8,10.6,19.3,-5.0,-19.5,-0.282,0.34,AVGO,,124,17.4,16.0,,False
153,AZO,"AutoZone, Inc.",Consumer Cyclical,Auto Parts,Core,45.8,2830.02,2972.08,16.5,19.4,10.0,0.0,ok,-1.5,ok,2.89,,False,44.4,14.7,,5.6,52.3,,43.2,-14.4,-32.6,-0.138,0.211,GEV,,124,19.4,12.0,,False
154,NOW,"ServiceNow, Inc.",Technology,Software - Application,Core,138.5,134.01,127.31,18.0,16.9,10.0,0.0,ok,-0.5,ok,1.31,,False,44.4,26.8,3.7,24.0,74.8,14.2,53.7,15.3,11.8,-0.1,0.325,GEV,,124,16.9,17.0,,False
155,CME,CME Group Inc.,Financial Services,Financial Data & Stock Exchang,Core,94.2,261.98,269.26,17.0,17.3,10.0,0.0,ok,0.0,financial_na,,,False,44.3,20.3,3.1,0.8,100.0,15.8,35.0,-5.2,-27.7,-0.265,0.294,GEV,,124,17.3,16.0,,False
156,BBY,"Best Buy Co., Inc.",Consumer Cyclical,Specialty Retail,Core,18.5,88.24,87.38,18.0,16.3,10.0,0.0,ok,0.0,ok,0.66,,False,44.3,12.2,7.6,3.6,22.6,43.1,50.4,22.0,21.1,-0.048,0.191,GEV,,124,16.3,11.0,,False
157,NWSA,News Corporation,Communication Services,Entertainment,Core,15.5,28.65,29.23,18.0,16.2,10.0,0.0,ok,0.0,ok,0.61,,False,44.2,19.0,6.8,10.8,57.2,8.0,41.3,8.2,-1.4,-0.191,0.348,GEV,,124,16.2,14.0,,False
158,IVZ,Invesco Ltd,Financial Services,Asset Management,Core,13.3,30.16,31.34,16.5,17.7,10.0,0.0,ok,0.0,financial_na,,,False,44.2,9.2,8.6,20.5,29.5,-0.6,30.7,9.3,8.8,0.448,0.424,BMNR,,124,17.7,14.0,,False
159,KEY,KeyCorp,Financial Services,Banks - Regional,Core,21.4,20.07,21.95,17.5,16.7,10.0,0.0,ok,0.0,financial_na,,,False,44.2,9.4,,10.1,0.0,10.3,25.4,-6.8,-16.3,0.187,0.24,GOOG,,124,16.7,14.0,,False
160,CSX,CSX Corporation,Industrials,Railroads,Core,86.2,46.51,49.63,19.5,16.2,10.0,0.0,ok,-1.5,ok,2.64,,False,44.2,20.5,2.3,10.1,47.1,24.4,34.3,5.4,-3.1,0.026,0.142,GEV,,124,16.2,15.0,,False
161,MSI,"Motorola Solutions, Inc.",Technology,Communication Equipment,Core,73.8,445.97,458.33,19.5,16.2,10.0,0.0,ok,-1.5,ok,2.37,,False,44.2,23.0,2.7,13.3,52.1,91.6,38.2,3.9,-13.6,-0.092,0.136,AVGO,,124,16.2,14.0,,False
162,AAPL,Apple Inc.,Technology,Consumer Electronics,Core,4860.2,333.02,322.0,20.5,13.7,10.0,0.0,ok,0.0,ok,0.13,,False,44.2,34.7,2.2,16.4,48.7,148.8,66.4,15.6,15.0,0.03,0.183,BMNR,,124,13.7,14.0,,False
163,ESTC,Elastic N.V.,Technology,Software - Application,Speculative,9.6,91.7,87.11,21.0,13.2,10.0,0.0,ok,0.0,neg_ebitda_low_debt,,,False,44.2,23.2,5.2,15.1,75.6,33.1,61.0,41.4,67.1,-0.026,0.231,GEV,,124,13.2,17.0,,False
164,WFC,Wells Fargo & Company,Financial Services,Banks - Diversified,Core,242.1,80.05,86.36,16.5,17.7,10.0,0.0,ok,0.0,financial_na,,,False,44.2,10.1,,9.5,0.0,12.6,17.1,-5.3,-15.2,-0.038,0.135,AVGO,,124,17.7,14.0,,False
165,CHRW,"C.H. Robinson Worldwide, Inc.",Industrials,Integrated Freight & Logistics,Core,17.3,147.96,154.52,16.5,18.1,10.0,0.0,ok,-0.5,ok,1.95,,False,44.1,19.7,2.8,19.3,8.4,37.1,45.0,-14.1,-27.3,-0.062,0.088,BMNR,,124,18.1,14.0,,False
166,EBAY,eBay Inc.,Consumer Cyclical,Internet Retail,Core,47.2,106.05,107.59,20.5,14.1,10.0,0.0,ok,-0.5,ok,1.24,,False,44.1,15.8,3.3,14.8,72.1,46.6,55.8,5.4,0.1,0.014,0.175,GOOG,,124,14.1,13.0,,False
167,WM,"Waste Management, Inc.",Industrials,Waste Management,Core,81.5,203.92,221.57,17.5,18.1,10.0,0.0,ok,-1.5,ok,2.93,,False,44.1,22.4,2.9,4.0,40.6,29.8,21.9,-9.2,-27.6,-0.482,0.41,AVGO,,124,18.1,15.0,,False
168,TYL,"Tyler Technologies, Inc.",Technology,Software - Application,Core,13.0,318.6,333.78,16.0,18.6,10.0,0.0,ok,-0.5,ok,1.06,,False,44.1,20.8,4.6,8.2,47.2,9.7,34.9,-8.3,-23.3,-0.335,0.337,GEV,,124,18.6,16.0,,False
169,PSX,Phillips 66,Energy,Oil & Gas Refining & Marketing,Growth,102.4,255.31,242.54,19.0,15.6,10.0,0.0,ok,-0.5,ok,1.66,,False,44.1,9.9,4.4,53.1,13.1,23.5,44.1,40.8,24.8,-0.255,0.29,NVDA,,124,15.6,12.0,,False
170,DLTR,"Dollar Tree, Inc.",Consumer Defensive,Discount Stores,Core,21.4,114.02,124.48,18.5,17.1,10.0,0.0,ok,-1.5,ok,2.64,,False,44.1,14.4,4.9,7.0,37.2,46.0,40.6,-3.0,-12.2,-0.053,0.152,GEV,,124,17.1,16.0,,False
171,ALB,Albemarle Corporation,Basic Materials,Specialty Chemicals,Growth,12.5,105.78,123.36,19.0,15.1,10.0,0.0,ok,0.0,ok,0.25,,False,44.1,9.4,10.7,31.1,24.0,2.6,28.4,-32.0,-57.4,0.224,0.233,AVGO,,124,15.1,11.0,,False
172,ALL,Allstate Corporation (The),Financial Services,Insurance - Property & Casualt,Core,56.1,221.86,254.78,22.0,12.0,10.0,0.0,ok,0.0,financial_na,,,True,44.0,8.0,27.0,11.8,36.8,46.1,17.6,-1.0,-9.4,-0.369,0.349,NVDA,,124,17.7,14.0,,False
173,CB,Chubb Limited,Financial Services,Insurance - Property & Casualt,Core,125.5,325.25,343.81,18.5,15.5,10.0,0.0,ok,0.0,financial_na,,,False,44.0,11.2,8.4,6.1,31.1,14.8,23.1,-1.2,-16.6,-0.419,0.45,AVGO,,124,15.5,14.0,,False
174,PPG,"PPG Industries, Inc.",Basic Materials,Specialty Chemicals,Cyclical,23.2,104.33,111.75,17.5,18.0,10.0,0.0,ok,-1.5,ok,2.17,,False,44.0,12.1,4.8,7.2,41.2,19.3,39.3,-6.4,-18.1,0.284,0.239,BMNR,,124,18.0,12.0,,False
175,SNA,Snap-On Incorporated,Industrials,Tools & Accessories,Core,18.8,363.35,392.05,17.5,16.5,10.0,0.0,ok,0.0,ok,-0.24,,False,44.0,17.0,5.9,4.2,51.8,17.9,25.0,-4.0,-16.3,0.203,0.229,GOOG,,124,16.5,15.0,,False
176,TKO,"TKO Group Holdings, Inc.",Communication Services,Entertainment,Core,34.0,179.72,188.18,16.5,19.0,10.0,0.0,ok,-1.5,ok,2.69,,False,44.0,38.4,2.5,18.2,59.5,7.1,32.5,-8.6,-27.2,0.002,0.124,BMNR,,124,19.0,14.0,,False
177,AIG,"American International Group, ",Financial Services,Insurance - Diversified,Core,38.9,74.42,76.79,17.0,17.0,10.0,0.0,ok,0.0,financial_na,,,False,44.0,8.5,18.9,0.5,35.1,7.2,47.3,-3.5,-17.5,-0.217,0.32,NVDA,,124,17.0,14.0,,False
178,TXN,Texas Instruments Incorporated,Technology,Semiconductors,Core,255.8,280.09,271.07,19.0,14.9,10.0,0.0,ok,0.0,ok,0.74,,False,43.9,26.3,1.4,22.8,58.3,35.2,72.2,13.6,28.6,0.499,0.453,GEV,,124,14.9,14.0,,False
179,SYY,Sysco Corporation,Consumer Defensive,Food Distribution,Core,37.4,77.96,81.94,17.0,18.4,10.0,0.0,ok,-1.5,ok,2.95,,False,43.9,14.4,5.1,4.7,18.5,77.7,34.6,-1.9,-6.2,-0.094,0.186,NVDA,,124,18.4,16.0,,False
180,NVR,"NVR, Inc.",Consumer Cyclical,Residential Construction,Core,16.5,6154.39,6294.81,16.5,17.4,10.0,0.0,ok,0.0,ok,-0.0,,False,43.9,15.4,5.6,-10.9,21.8,31.5,48.5,-8.3,-23.0,-0.008,0.153,GOOG,,124,17.4,11.0,,False
181,KKR,KKR & Co. Inc.,Financial Services,Asset Management,Core,84.3,91.3,103.45,15.5,18.4,10.0,0.0,ok,0.0,financial_na,,,False,43.9,12.3,,7.8,54.8,7.3,25.0,-11.8,-17.5,0.32,0.334,BMNR,,124,18.4,15.0,,False
182,CVX,Chevron Corporation,Energy,Oil & Gas Integrated,Growth,400.6,204.21,201.56,20.5,13.4,10.0,0.0,ok,0.0,ok,0.56,,False,43.9,14.4,5.5,53.5,44.3,12.2,34.6,10.2,-17.7,-0.448,0.321,NVDA,,124,13.4,13.0,,False
183,FDX,FedEx Corporation,Industrials,Integrated Freight & Logistics,Core,67.5,285.09,314.6,18.0,17.3,10.0,0.0,ok,-1.5,ok,2.48,,False,43.8,13.6,8.4,12.5,27.3,14.8,29.8,-15.0,-36.3,0.161,0.206,GOOG,,124,17.3,14.0,,False
184,C,"Citigroup, Inc.",Financial Services,Banks - Diversified,Core,217.2,129.48,133.98,16.0,17.8,10.0,0.0,ok,0.0,financial_na,,,False,43.8,10.0,,15.5,0.0,8.5,30.2,3.4,-1.7,0.32,0.242,GEV,,124,17.8,14.0,,False
185,ALLE,Allegion plc,Industrials,Security & Protection Services,Core,13.1,153.77,157.69,19.5,14.8,10.0,0.0,ok,-0.5,ok,1.81,,False,43.8,15.7,3.7,12.7,44.8,33.7,55.3,2.4,-10.5,0.144,0.18,GEV,,124,14.8,17.0,,False
186,TRMB,Trimble Inc.,Technology,Scientific & Technical Instrum,Core,13.3,57.11,57.84,17.0,17.3,10.0,0.0,ok,-0.5,ok,1.41,,False,43.8,13.8,5.2,11.0,71.8,-1.9,48.3,-9.4,-28.8,0.077,0.239,BMNR,,124,17.3,15.0,,False
187,TEL,TE Connectivity plc,Technology,Electronic Components,Core,61.1,211.08,208.43,18.5,15.2,10.0,0.0,ok,0.0,ok,0.92,,False,43.7,16.3,3.8,13.8,36.1,23.3,60.1,-1.6,-15.4,0.324,0.234,BMNR,,124,15.2,13.0,,False
188,ACN,Accenture plc,Technology,Information Technology Service,Core,112.2,183.37,176.58,18.5,15.2,10.0,0.0,ok,0.0,ok,-0.14,,False,43.7,12.5,10.8,5.6,32.0,24.4,56.4,-6.6,-23.1,-0.356,0.494,GEV,,124,15.2,15.0,,False
189,UDR,"UDR, Inc.",Real Estate,REIT - Residential,Core,12.3,33.55,36.84,18.5,18.7,10.0,0.0,ok,-3.5,ok,5.76,,False,43.7,59.9,6.3,-0.1,66.6,13.7,23.9,-8.8,-15.8,-0.268,0.397,AVGO,,124,18.7,17.0,,False
190,CVNA,Carvana Co.,Consumer Cyclical,Auto & Truck Dealerships,Growth,69.3,62.54,68.6,16.0,18.2,10.0,0.0,ok,-0.5,ok,1.02,,False,43.7,27.6,0.6,52.4,19.4,58.8,28.8,-13.6,-16.9,0.273,0.373,GOOG,,124,18.2,11.0,,False
191,DOV,Dover Corporation,Industrials,Specialty Industrial Machinery,Core,25.2,187.05,198.76,16.0,17.7,10.0,0.0,ok,0.0,ok,0.79,,False,43.7,16.1,3.6,6.9,40.1,14.9,40.7,-11.0,-26.6,0.286,0.25,GEV,,124,17.7,15.0,,False
192,PHM,"PulteGroup, Inc.",Consumer Cyclical,Residential Construction,Core,22.1,116.06,125.5,15.0,18.6,10.0,0.0,ok,0.0,ok,0.42,,False,43.6,10.5,4.9,-9.6,25.6,14.9,44.3,-7.0,-17.7,0.12,0.179,GOOG,,124,18.6,11.0,,False
193,T,AT&T Inc.,Communication Services,Telecom Services,Core,167.2,24.4,24.84,19.5,16.6,10.0,0.0,ok,-2.5,ok,3.3,,False,43.6,9.5,6.1,2.3,59.7,18.3,42.0,-2.4,-31.3,-0.351,0.37,GEV,,124,16.6,16.0,,False
194,ZBH,"Zimmer Biomet Holdings, Inc.",Healthcare,Medical Devices,Core,16.9,88.83,96.03,18.0,17.1,10.0,0.0,ok,-1.5,ok,2.83,,False,43.6,9.8,6.3,4.8,69.5,6.4,37.9,-2.7,-18.1,-0.162,0.166,AVGO,,124,17.1,17.0,,False
195,MO,"Altria Group, Inc.",Consumer Defensive,Tobacco,Core,112.4,67.34,68.71,19.0,15.1,10.0,0.0,ok,-0.5,ok,1.41,,False,43.6,11.5,8.0,1.2,87.0,,46.6,0.8,-14.3,-0.395,0.448,NVDA,,124,15.1,18.0,,False
196,SOLV,Solventum Corporation,Healthcare,Medical Instruments & Supplies,Core,15.0,88.15,87.53,18.5,18.5,10.0,0.0,ok,-3.5,ok,4.29,,False,43.5,12.2,3.3,2.2,54.8,34.0,41.9,13.2,18.6,-0.075,0.219,GOOG,,124,18.5,16.0,,False
197,DHI,"D.R. Horton, Inc.",Consumer Cyclical,Residential Construction,Core,38.2,136.65,144.52,16.0,18.0,10.0,0.0,ok,-0.5,ok,1.24,,False,43.5,11.7,6.3,0.0,21.3,12.6,46.3,-8.0,-16.5,0.158,0.157,GOOG,,124,18.0,11.0,,False
198,CHD,"Church & Dwight Company, Inc.",Consumer Defensive,Household & Personal Products,Core,22.3,94.22,98.57,17.5,16.5,10.0,0.0,ok,-0.5,ok,1.6,,False,43.5,23.3,4.2,1.6,45.6,17.0,44.7,-1.5,-15.1,-0.228,0.265,GEV,,124,16.5,17.0,,False
199,GEHC,GE HealthCare Technologies Inc,Healthcare,Medical Devices,Core,29.5,65.37,68.58,17.5,17.5,10.0,0.0,ok,-1.5,ok,2.36,,False,43.5,12.1,5.3,5.8,39.5,19.4,51.4,-8.7,-24.5,-0.068,0.162,GOOG,,124,17.5,15.0,,False
200,SNPS,"Synopsys, Inc.",Technology,Software - Infrastructure,Growth,83.4,434.94,413.19,20.0,16.0,10.0,0.0,ok,-2.5,ok,3.49,,False,43.5,23.4,4.1,42.4,82.9,3.7,67.1,-2.2,-6.7,0.345,0.389,NVDA,,124,16.0,17.0,,False
201,COP,ConocoPhillips,Energy,Oil & Gas E&P,Growth,150.3,125.15,127.31,19.5,13.9,10.0,0.0,ok,0.0,ok,0.58,,False,43.4,13.0,5.1,35.5,47.6,14.2,31.6,8.4,-20.9,-0.405,0.382,GOOG,,124,13.9,13.0,,False
202,MAA,Mid-America Apartment Communit,Real Estate,REIT - Residential,Core,14.0,117.74,128.58,18.0,18.9,10.0,0.0,ok,-3.5,ok,4.57,,False,43.4,35.9,6.6,1.0,58.4,7.0,17.4,-9.7,-18.8,-0.323,0.406,AVGO,,124,18.9,16.0,,False
203,CCL,Carnival Corporation Ltd.,Consumer Cyclical,Travel Services,Core,33.0,24.54,25.35,20.0,15.8,10.0,0.0,ok,-2.5,ok,3.29,,False,43.3,9.5,5.3,3.5,55.4,24.0,63.9,-10.5,-21.0,0.329,0.379,GOOG,,124,15.8,14.0,,False
204,JBL,Jabil Inc.,Technology,Electronic Components,Core,30.1,286.86,317.6,18.0,17.8,10.0,-2.0,ok,-0.5,ok,1.08,,False,43.3,13.7,4.0,11.8,9.2,65.9,33.3,-4.5,-8.4,0.594,0.552,GEV,,124,17.8,13.0,,False
205,AMT,American Tower Corporation (RE,Real Estate,REIT - Specialty,Core,76.3,163.69,172.75,19.5,18.8,10.0,0.0,ok,-5.0,ok,6.14,,False,43.3,23.4,3.8,4.7,73.8,33.9,28.5,-7.1,-20.6,-0.283,0.361,AVGO,,124,18.8,17.0,,False
206,KDP,Keurig Dr Pepper Inc.,Consumer Defensive,Beverages - Non-Alcoholic,Growth,41.3,30.34,31.16,20.0,18.2,10.0,0.0,ok,-5.0,ok,6.66,,False,43.2,12.0,11.2,75.6,51.0,5.1,37.5,3.6,-1.1,-0.171,0.199,NVDA,,124,18.2,17.0,,False
207,MTB,M&T Bank Corporation,Financial Services,Banks - Regional,Core,31.4,217.6,240.02,16.5,16.7,10.0,0.0,ok,0.0,financial_na,,,False,43.2,10.3,,6.2,0.0,10.7,16.3,-2.5,-11.1,0.026,0.236,GOOG,,124,16.7,14.0,,False
208,CDNS,"Cadence Design Systems, Inc.",Technology,Software - Application,Core,90.9,330.19,319.01,18.0,15.2,10.0,0.0,ok,0.0,ok,0.52,,False,43.2,34.5,1.8,24.2,85.9,23.2,81.4,1.4,2.5,0.319,0.379,NVDA,,124,15.2,17.0,,False
209,INVH,Invitation Homes Inc.,Real Estate,REIT - Residential,Core,15.6,26.33,28.9,19.0,17.7,10.0,0.0,ok,-3.5,ok,5.65,,False,43.2,37.0,7.5,10.1,56.3,7.1,15.3,-5.0,-10.4,-0.233,0.328,AVGO,,124,17.7,16.0,,False
210,ACGL,Arch Capital Group Ltd.,Financial Services,Insurance - Diversified,Core,31.5,92.36,98.51,16.5,16.7,10.0,0.0,ok,0.0,financial_na,,,False,43.2,9.5,13.7,-10.5,38.8,19.9,29.5,-4.2,-20.1,-0.352,0.44,AVGO,,124,16.7,14.0,,False
211,PG,Procter & Gamble Company (The),Consumer Defensive,Household & Personal Products,Core,337.4,145.28,145.94,18.5,15.2,10.0,0.0,ok,-0.5,ok,1.01,,False,43.2,19.6,3.9,1.5,50.9,30.3,57.3,-1.2,-15.0,-0.16,0.206,AVGO,,124,15.2,17.0,,False
212,APA,APA Corporation,Energy,Oil & Gas E&P,Cyclical,14.6,41.54,41.11,21.0,12.1,10.0,0.0,ok,0.0,ok,0.6,,False,43.1,9.3,14.8,9.2,78.3,26.7,37.5,18.9,-17.8,-0.319,0.271,GOOG,,124,12.1,14.0,,False
213,JNJ,Johnson & Johnson,Healthcare,Drug Manufacturers - General,Core,638.0,264.74,265.71,18.5,14.5,10.0,0.0,ok,0.0,ok,0.81,,False,43.0,21.8,2.6,6.6,68.1,25.7,42.5,10.0,-8.1,-0.394,0.441,AVGO,,124,14.5,17.0,,False
214,AMAT,"Applied Materials, Inc.",Technology,Semiconductor Equipment & Mate,Core,405.8,511.38,490.21,19.0,16.0,10.0,-2.0,ok,0.0,ok,-0.19,,False,43.0,27.7,0.8,24.8,49.4,41.1,64.1,20.6,33.3,0.646,0.622,GEV,,124,16.0,14.0,,False
215,TJX,"TJX Companies, Inc. (The)",Consumer Cyclical,Apparel Retail,Core,145.5,132.31,142.43,17.0,16.0,10.0,0.0,ok,0.0,ok,0.93,,False,43.0,22.9,3.0,5.4,31.5,62.2,65.6,-13.3,-33.2,-0.121,0.189,GEV,,124,16.0,11.0,,False
216,TPL,Texas Pacific Land Corporation,Energy,Oil & Gas E&P,Growth,22.5,325.83,369.86,18.0,15.0,10.0,0.0,ok,0.0,ok,-0.31,,False,43.0,4.5,-0.1,31.2,93.3,36.6,28.2,-17.7,-47.7,0.041,0.057,GEV,,124,15.0,14.0,,False
217,NKE,"Nike, Inc.",Consumer Cyclical,Footwear & Accessories,Core,52.5,35.4,39.35,16.5,16.5,10.0,0.0,ok,0.0,ok,0.41,,False,43.0,16.4,3.6,-1.1,43.2,22.1,34.8,-27.9,-49.3,-0.048,0.195,GEV,,124,16.5,12.0,,False
218,CSGP,"CoStar Group, Inc.",Real Estate,Real Estate Services,Core,11.1,27.4,30.24,16.5,16.5,10.0,0.0,ok,0.0,ok,-0.28,,False,43.0,15.4,3.7,18.4,78.7,0.9,35.8,-32.6,-48.4,-0.328,0.392,GEV,,124,16.5,19.0,,False
219,BKR,Baker Hughes Company,Energy,Oil & Gas Equipment & Services,Cyclical,54.5,54.9,60.59,16.0,16.9,10.0,0.0,ok,0.0,ok,-0.16,,False,42.9,18.1,8.1,-2.4,23.7,16.5,19.6,-7.1,-26.1,0.21,0.178,BMNR,,124,16.9,14.0,,False
220,HUBB,Hubbell Inc,Industrials,Electrical Equipment & Parts,Core,24.0,453.6,472.95,18.5,16.9,10.0,0.0,ok,-2.5,ok,3.41,,False,42.9,19.8,2.1,15.3,35.3,24.4,50.8,-6.9,-25.7,0.416,0.529,GEV,,124,16.9,14.0,,False
221,L,Loews Corporation,Financial Services,Insurance - Property & Casualt,Core,21.3,104.43,111.28,16.0,16.9,10.0,0.0,ok,0.0,financial_na,,,False,42.9,36.0,5.9,3.9,36.3,9.3,22.0,-4.1,-18.5,-0.279,0.3,NVDA,,124,16.9,14.0,,False
222,TDG,Transdigm Group Incorporated,Industrials,Aerospace & Defense,Core,59.8,1082.6,1184.9,18.5,19.4,10.0,0.0,ok,-5.0,ok,6.03,,False,42.9,22.4,2.4,22.5,59.8,,34.6,-13.4,-23.0,0.191,0.357,GOOG,,124,19.4,15.0,,False
223,NUE,Nucor Corporation,Basic Materials,Steel,Cyclical,53.0,233.75,255.29,14.0,18.9,10.0,0.0,ok,0.0,ok,0.78,,False,42.9,11.8,1.3,23.0,15.6,14.5,28.5,9.6,21.9,0.148,0.157,AVGO,,124,18.9,11.0,,False
224,BF-B,Brown Forman Inc,Consumer Defensive,Beverages - Wineries & Distill,Core,12.0,26.2,27.27,17.5,15.8,10.0,0.0,ok,-0.5,ok,1.8,,False,42.8,15.3,5.7,-1.4,60.7,18.1,50.6,-2.7,-17.3,-0.057,0.155,GOOG,,124,15.8,18.0,,False
225,DRI,"Darden Restaurants, Inc.",Consumer Cyclical,Restaurants,Core,21.9,193.25,211.28,18.5,16.8,10.0,0.0,ok,-2.5,ok,3.9,,False,42.8,15.6,4.7,5.1,21.7,55.4,34.5,-4.8,-17.0,-0.023,0.154,NVDA,,124,16.8,11.0,,False
226,FTV,Fortive Corporation,Technology,Scientific & Technical Instrum,Core,16.6,54.81,58.68,17.0,17.3,10.0,0.0,ok,-1.5,ok,2.61,,False,42.8,16.9,5.7,7.9,63.2,7.3,44.3,-5.9,-17.2,0.104,0.156,GEV,,124,17.3,15.0,,False
227,AIZ,"Assurant, Inc.",Financial Services,Insurance - Property & Casualt,Core,13.0,263.5,280.38,15.5,17.2,10.0,0.0,ok,0.0,financial_na,,,False,42.7,11.2,16.5,9.4,13.3,18.3,26.0,5.6,4.6,-0.053,0.109,AVGO,,124,17.2,14.0,,False
228,EW,Edwards Lifesciences Corporati,Healthcare,Medical Devices,Core,49.8,86.32,88.44,16.5,16.2,10.0,0.0,ok,0.0,ok,-1.78,,False,42.7,25.6,2.5,13.6,77.8,9.2,50.5,1.4,-8.6,0.075,0.247,GOOG,,124,16.2,17.0,,False
229,PH,Parker-Hannifin Corporation,Industrials,Specialty Industrial Machinery,Core,120.5,955.42,988.76,17.5,15.7,10.0,0.0,ok,-0.5,ok,1.45,,False,42.7,24.2,2.5,9.8,37.5,25.1,52.6,1.4,-9.4,0.262,0.334,GEV,,124,15.7,14.0,,False
230,HON,Honeywell International Inc.,Industrials,Conglomerates,Core,66.9,210.94,223.11,18.5,16.6,10.0,0.0,ok,-2.5,ok,3.03,,False,42.6,21.4,3.9,4.3,36.5,46.6,63.7,-5.5,-22.5,-0.119,0.156,GOOG,,124,16.6,14.0,,False
231,REGN,"Regeneron Pharmaceuticals, Inc",Healthcare,Biotechnology,Core,78.1,758.27,779.4,17.0,15.6,10.0,0.0,ok,0.0,ok,-1.12,,False,42.6,12.5,3.9,16.7,44.5,14.0,31.7,3.1,-18.2,0.117,0.174,GOOG,,124,15.6,16.0,,False
232,UAL,"United Airlines Holdings, Inc.",Industrials,Airlines,Core,36.0,110.95,116.18,17.0,17.1,10.0,0.0,ok,-1.5,ok,2.4,,False,42.6,7.7,2.5,16.0,31.8,23.3,56.9,1.7,4.1,0.323,0.306,GOOG,,124,17.1,14.0,,False
233,MPWR,"Monolithic Power Systems, Inc.",Technology,Semiconductors,Growth,66.2,1347.22,1307.41,19.0,15.6,10.0,-2.0,ok,0.0,ok,-1.39,,False,42.6,38.6,0.7,47.6,55.2,22.0,67.7,5.5,6.9,0.638,0.532,AVGO,,124,15.6,14.0,,False
234,CFG,"Citizens Financial Group, Inc.",Financial Services,Banks - Regional,Core,26.9,63.76,70.17,16.0,16.6,10.0,0.0,ok,0.0,financial_na,,,False,42.6,9.8,,14.7,0.0,8.3,25.7,-1.5,-9.3,0.108,0.198,GOOG,,124,16.6,14.0,,False
235,BXP,"BXP, Inc.",Real Estate,REIT - Office,Core,11.1,61.11,67.15,18.0,19.5,10.0,0.0,ok,-5.0,ok,9.81,,False,42.5,27.5,8.0,3.7,56.5,5.3,33.6,-2.5,1.4,0.038,0.188,BMNR,,124,19.5,16.0,,False
236,DVN,Devon Energy Corporation,Energy,Oil & Gas E&P,Growth,50.6,46.04,46.71,17.5,15.5,10.0,0.0,ok,-0.5,ok,1.23,,False,42.5,8.5,1.5,64.2,50.3,11.5,38.4,3.8,-24.9,-0.308,0.259,GOOG,,124,15.5,13.0,,False
237,PAYX,"Paychex, Inc.",Technology,Software - Application,Core,35.1,98.5,117.41,21.0,12.0,10.0,0.0,ok,-0.5,ok,1.2,,True,42.5,15.4,5.4,5.9,74.4,47.1,15.8,-4.5,-8.1,-0.333,0.455,GEV,,124,18.2,17.0,,False
238,DOC,"Healthpeak Properties, Inc.",Real Estate,REIT - Healthcare Facilities,Core,14.2,19.97,21.07,18.0,17.9,10.0,0.0,ok,-3.5,ok,5.53,,False,42.4,142.6,11.6,11.1,57.6,3.0,39.6,6.9,6.6,0.014,0.135,AVGO,,124,17.9,16.0,,False
239,EPAM,"EPAM Systems, Inc.",Technology,Information Technology Service,Speculative,5.6,108.36,107.33,17.0,15.4,10.0,0.0,ok,0.0,ok,-0.85,,False,42.4,7.7,11.6,4.5,29.5,11.2,39.3,-17.9,-36.3,-0.241,0.336,GEV,,124,15.4,15.0,,False
240,YUM,"Yum! Brands, Inc.",Consumer Cyclical,Restaurants,Core,37.2,136.34,147.23,16.5,19.4,10.0,0.0,ok,-3.5,ok,4.15,,False,42.4,19.6,2.2,12.2,45.3,,33.1,-11.5,-28.7,-0.076,0.112,AVGO,,124,19.4,12.0,,False
241,ON,ON Semiconductor Corporation,Technology,Semiconductors,Core,29.9,76.87,77.29,16.0,18.4,10.0,-2.0,ok,0.0,ok,0.4,,False,42.4,17.0,5.5,9.2,42.8,8.3,61.5,-4.0,7.8,0.517,0.449,AVGO,,124,18.4,14.0,,False
242,TGT,Target Corporation,Consumer Defensive,Discount Stores,Core,71.2,156.69,154.53,17.5,15.4,10.0,0.0,ok,-0.5,ok,1.6,,False,42.4,16.4,4.8,5.3,28.4,26.4,48.4,23.2,14.1,-0.057,0.17,GEV,,124,15.4,16.0,,False
243,SHW,Sherwin-Williams Company (The),Basic Materials,Specialty Chemicals,Cyclical,78.5,323.27,338.71,18.5,16.3,10.0,0.0,ok,-2.5,ok,3.13,,False,42.3,23.8,3.2,7.5,49.0,65.1,52.6,-3.0,-15.5,0.174,0.284,GOOG,,124,16.3,12.0,,False
244,VMC,Vulcan Materials Company (Hold,Basic Materials,Building Materials,Cyclical,31.7,244.63,266.97,14.5,19.3,10.0,0.0,ok,-1.5,ok,2.03,,False,42.3,23.1,2.7,2.5,27.5,13.2,42.2,-14.1,-26.5,0.141,0.251,GOOG,,124,19.3,11.0,,False
245,TT,Trane Technologies plc,Industrials,Building Products & Equipment,Core,99.4,451.98,455.58,19.5,14.8,10.0,-2.0,ok,0.0,ok,0.77,,False,42.3,25.7,3.1,10.6,35.4,36.6,55.9,1.2,-7.9,0.532,0.519,GEV,,124,14.8,14.0,,False
246,SJM,The J.M. Smucker Company,Consumer Defensive,Packaged Foods,Core,12.7,118.91,122.42,17.0,17.8,10.0,0.0,ok,-2.5,ok,3.05,,False,42.3,10.9,11.5,5.0,38.0,3.9,35.3,10.5,8.3,-0.424,0.422,GEV,,124,17.8,16.0,,False
247,DG,Dollar General Corporation,Consumer Defensive,Discount Stores,Core,26.4,119.58,124.21,17.0,17.7,10.0,0.0,ok,-2.5,ok,3.96,,False,42.2,14.4,6.6,5.2,31.2,19.7,42.0,-5.6,-15.2,-0.03,0.195,GEV,,124,17.7,16.0,,False
248,VRTX,Vertex Pharmaceuticals Incorpo,Healthcare,Biotechnology,Core,132.5,522.81,516.22,17.0,15.2,10.0,0.0,ok,0.0,ok,-1.15,,False,42.2,26.0,2.0,12.5,55.0,23.5,51.6,10.6,0.7,-0.027,0.245,AVGO,,124,15.2,16.0,,False
249,FFIV,"F5, Inc.",Technology,Software - Infrastructure,Core,25.2,445.18,422.92,18.0,14.2,10.0,0.0,ok,0.0,ok,-1.47,,False,42.2,24.6,2.8,10.9,81.9,19.8,67.9,30.0,37.5,0.223,0.234,AVGO,,124,14.2,17.0,,False
250,KO,Coca-Cola Company (The),Consumer Defensive,Beverages - Non-Alcoholic,Core,370.4,86.08,87.64,17.0,15.6,10.0,0.0,ok,-0.5,ok,1.64,,False,42.1,24.4,1.4,6.7,61.9,42.1,41.7,8.1,-3.2,-0.39,0.366,GEV,,124,15.6,18.0,,False
251,TFC,Truist Financial Corporation,Financial Services,Banks - Regional,Core,56.6,46.3,50.61,15.0,17.1,10.0,0.0,ok,0.0,financial_na,,,False,42.1,9.3,,8.2,0.0,9.1,23.9,-6.4,-14.6,-0.004,0.175,GOOG,,124,17.1,14.0,,False
252,CDW,CDW Corporation,Technology,Information Technology Service,Core,16.0,128.16,141.75,17.0,17.6,10.0,0.0,ok,-2.5,ok,3.02,,False,42.1,10.7,4.2,10.0,21.4,44.0,32.0,-2.6,-10.5,-0.031,0.166,GEV,,124,17.6,15.0,,False
253,APH,Amphenol Corporation,Technology,Electronic Components,Growth,207.9,84.3,132.2,19.0,13.6,10.0,0.0,ok,-0.5,ok,1.42,,False,42.1,25.6,1.8,55.0,39.0,38.1,59.9,-39.9,-49.6,0.138,0.269,AVGO,,124,13.6,13.0,,False
254,MS,Morgan Stanley,Financial Services,Capital Markets,Core,295.4,188.08,210.59,20.0,12.0,10.0,0.0,ok,0.0,financial_na,,,True,42.0,13.8,,28.0,87.6,18.0,12.7,-2.5,-1.5,0.492,0.398,BMNR,,124,18.3,16.0,,False
255,EME,"EMCOR Group, Inc.",Industrials,Engineering & Construction,Core,33.3,754.49,770.88,18.0,16.0,10.0,-2.0,ok,0.0,ok,-0.19,,False,42.0,20.5,2.9,19.8,19.4,40.3,50.1,-2.0,-14.1,0.638,0.656,GEV,,124,16.0,14.0,,False
256,NTAP,"NetApp, Inc.",Technology,Software - Infrastructure,Core,41.3,210.08,199.58,21.5,10.5,10.0,0.0,ok,0.0,ok,-0.5,,False,42.0,18.9,2.8,29.9,70.6,114.8,83.3,53.3,89.9,0.134,0.275,AVGO,,124,10.5,17.0,,False
257,AON,Aon plc,Financial Services,Insurance Brokers,Core,58.7,276.77,333.51,20.0,12.0,10.0,0.0,ok,0.0,financial_na,,,True,42.0,13.6,5.4,2.2,48.2,44.7,24.5,-16.7,-30.4,-0.38,0.342,GEV,,124,15.8,15.0,,False
258,HIG,"The Hartford Insurance Group, ",Financial Services,Insurance - Diversified,Core,33.1,122.36,137.05,20.0,12.0,10.0,0.0,ok,0.0,financial_na,,,True,42.0,8.9,16.6,8.1,37.9,22.1,14.3,-9.9,-25.9,-0.306,0.36,AVGO,,124,18.8,14.0,,False
259,ORLY,"O'Reilly Automotive, Inc.",Consumer Cyclical,Auto Parts,Core,69.1,85.41,88.48,15.5,18.0,10.0,0.0,ok,-1.5,ok,2.24,,False,42.0,23.4,2.3,8.1,51.6,,47.6,-6.2,-23.8,-0.175,0.225,NVDA,,124,18.0,12.0,,False
260,SWK,"Stanley Black & Decker, Inc.",Industrials,Tools & Accessories,Core,13.4,88.59,95.25,15.5,18.0,10.0,0.0,ok,-1.5,ok,2.58,,False,42.0,13.9,10.6,0.4,32.2,6.9,39.4,6.3,8.3,0.307,0.271,GEV,,124,18.0,14.0,,False
261,CI,The Cigna Group,Healthcare,Healthcare Plans,Core,71.8,271.83,279.81,15.5,17.0,10.0,0.0,ok,-0.5,ok,1.93,,False,42.0,8.1,11.1,6.7,9.1,16.8,43.7,-2.8,-14.5,-0.291,0.357,AVGO,,124,17.0,15.0,,False
262,EMR,Emerson Electric Company,Industrials,Specialty Industrial Machinery,Core,86.5,155.1,153.67,18.5,14.0,10.0,0.0,ok,-0.5,ok,1.92,,False,42.0,21.3,4.3,7.0,53.2,12.8,60.6,7.8,2.5,0.488,0.451,GEV,,124,14.0,15.0,,False
263,FISV,"Fiserv, Inc.",,,Core,24.0,45.18,51.17,15.5,16.5,10.0,0.0,ok,,unavailable,,,False,42.0,5.6,,,,,31.2,-20.8,-35.4,-0.21,0.273,GEV,,124,16.5,12.5,,False
264,CAT,"Caterpillar, Inc.",Industrials,Farm & Heavy Construction Mach,Core,372.7,810.79,827.12,18.0,17.4,10.0,-2.0,ok,-1.5,ok,2.41,,False,41.9,25.0,1.4,24.0,29.7,57.0,48.1,2.5,-1.7,0.628,0.644,GEV,,124,17.4,14.0,,False
265,KLAC,KLA Corporation,Technology,Semiconductor Equipment & Mate,Core,254.4,194.93,188.48,18.0,13.9,10.0,0.0,ok,0.0,ok,0.21,,False,41.9,29.1,1.0,15.2,61.3,87.5,62.3,-81.8,-103.1,0.259,0.267,AVGO,,124,13.9,15.0,,False
266,BSX,Boston Scientific Corporation,Healthcare,Medical Devices,Core,63.3,43.65,46.89,17.0,16.4,10.0,0.0,ok,-1.5,ok,2.12,,False,41.9,12.8,3.9,7.5,69.2,15.3,42.7,-30.1,-46.8,0.027,0.088,GOOG,,124,16.4,17.0,,False
267,CPB,The Campbell's Company,Consumer Defensive,Packaged Foods,Speculative,5.9,19.83,22.14,16.0,19.3,10.0,0.0,ok,-3.5,ok,4.36,,False,41.8,10.8,10.7,-7.9,28.5,10.1,31.3,-14.3,-25.7,-0.3,0.307,GEV,,124,19.3,16.0,,False
268,EXR,Extra Space Storage Inc,Real Estate,REIT - Industrial,Core,29.0,131.51,142.92,17.0,18.3,10.0,0.0,ok,-3.5,ok,5.94,,False,41.8,27.3,5.2,3.8,74.9,7.0,41.5,-6.9,-16.1,-0.115,0.204,AVGO,,124,18.3,17.0,,False
269,SYK,Stryker Corporation,Healthcare,Medical Devices,Core,105.6,275.39,313.59,17.0,15.3,10.0,0.0,ok,-0.5,ok,1.62,,False,41.8,16.5,3.9,9.4,65.6,16.5,50.0,-16.8,-32.6,-0.245,0.281,AVGO,,124,15.3,17.0,,False
270,FRT,Federal Realty Investment Trus,Real Estate,REIT - Retail,Speculative,9.5,108.29,117.41,18.5,16.7,10.0,0.0,ok,-3.5,ok,5.65,,False,41.7,33.9,4.8,7.2,68.1,12.6,12.4,-3.2,-13.3,-0.135,0.194,AVGO,,124,16.7,17.0,,False
271,PLTR,Palantir Technologies Inc.,Technology,Software - Infrastructure,Growth,449.5,187.05,177.7,20.0,11.7,10.0,0.0,ok,0.0,ok,-3.45,,False,41.7,80.4,0.5,92.8,84.8,38.1,73.3,22.9,11.5,0.227,0.378,BMNR,,124,11.7,17.0,,False
272,LYV,"Live Nation Entertainment, Inc",Communication Services,Entertainment,Core,39.4,169.3,177.76,16.0,16.2,10.0,0.0,ok,-0.5,ok,1.43,,False,41.7,86.8,4.3,9.4,25.8,17.7,48.0,3.6,-5.4,0.059,0.178,GOOG,,124,16.2,13.0,,False
273,STLD,"Steel Dynamics, Inc.",Basic Materials,Steel,Growth,31.8,221.61,243.17,12.5,19.6,10.0,0.0,ok,-0.5,ok,1.43,,False,41.6,11.3,0.7,33.4,14.7,17.6,32.0,2.7,6.7,0.137,0.164,AVGO,,124,19.6,11.0,,False
274,NSC,Norfolk Southern Corporation,Industrials,Railroads,Core,69.4,309.0,332.51,15.5,17.6,10.0,0.0,ok,-1.5,ok,2.84,,False,41.6,21.6,2.0,11.4,45.2,17.0,26.6,-0.4,-8.2,-0.072,0.17,BMNR,,124,17.6,15.0,,False
275,HAL,Halliburton Company,Energy,Oil & Gas Equipment & Services,Cyclical,26.5,31.8,33.96,15.5,16.6,10.0,0.0,ok,-0.5,ok,1.49,,False,41.6,11.0,7.7,3.7,15.1,14.9,14.4,-10.0,-34.8,-0.05,0.112,BMNR,,124,16.6,14.0,,False
276,ESS,"Essex Property Trust, Inc.",Real Estate,REIT - Residential,Core,18.6,269.39,282.2,17.0,18.1,10.0,0.0,ok,-3.5,ok,5.43,,False,41.6,42.8,5.6,3.1,68.8,7.7,41.2,0.9,-5.0,-0.273,0.39,AVGO,,124,18.1,17.0,,False
277,HSY,The Hershey Company,Consumer Defensive,Confectioners,Core,31.7,157.61,176.66,20.0,12.0,10.0,0.0,ok,-0.5,ok,1.89,,True,41.5,16.0,5.5,6.6,38.4,32.8,19.2,-17.1,-40.0,-0.333,0.354,AVGO,,124,16.0,16.0,,False
278,STX,Seagate Technology Holdings PL,Technology,Computer Hardware,Growth,209.7,922.34,876.22,20.0,13.5,10.0,-2.0,ok,0.0,ok,0.49,,False,41.5,16.7,0.9,48.5,45.6,371.5,55.8,43.7,119.1,0.546,0.504,GEV,,124,13.5,14.0,,False
279,HD,"Home Depot, Inc. (The)",Consumer Cyclical,Home Improvement Retail,Core,283.8,284.49,324.86,17.0,16.0,10.0,0.0,ok,-1.5,ok,2.48,,False,41.5,17.8,3.8,5.7,32.8,104.3,26.3,-16.2,-29.9,0.101,0.242,GOOG,,124,16.0,11.0,,False
280,GEN,Gen Digital Inc.,Technology,Software - Infrastructure,Core,13.2,22.02,28.04,22.0,12.0,10.0,0.0,ok,-2.5,ok,3.17,,True,41.5,6.7,11.7,6.3,78.0,41.9,21.7,-10.3,1.2,-0.01,0.22,GEV,,124,20.1,17.0,,False
281,GD,General Dynamics Corporation,Industrials,Aerospace & Defense,Core,89.8,331.83,371.59,14.5,12.0,15.0,0.0,ok,0.0,ok,0.78,,True,41.5,17.8,4.9,8.1,15.4,17.8,22.6,-6.4,-19.2,-0.077,0.181,NVDA,,124,17.8,21.0,,False
282,DLR,"Digital Realty Trust, Inc.",Real Estate,REIT - Specialty,Core,66.3,175.53,188.03,19.0,16.0,10.0,0.0,ok,-3.5,ok,5.66,,False,41.5,63.5,5.7,29.9,57.0,2.9,29.0,-2.6,-19.0,0.208,0.211,GEV,,124,16.0,16.0,,False
283,HPQ,HP Inc.,Technology,Computer Hardware,Core,28.2,31.28,30.08,16.0,16.0,10.0,0.0,ok,-0.5,ok,1.33,,False,41.5,10.0,12.0,12.5,19.7,,44.4,33.7,46.5,-0.129,0.28,GEV,,124,16.0,13.0,,False
284,APTV,Aptiv PLC,Consumer Cyclical,Auto Parts,Speculative,8.9,43.02,48.46,15.5,16.5,10.0,0.0,ok,-0.5,ok,1.52,,False,41.5,6.6,18.1,2.3,19.3,5.2,42.6,-32.6,-54.4,0.14,0.187,AVGO,,124,16.5,11.0,,False
285,VZ,Verizon Communications Inc.,Communication Services,Telecom Services,Core,190.6,45.87,48.11,18.5,15.5,10.0,0.0,ok,-2.5,ok,3.76,,False,41.5,8.7,9.2,-0.7,59.5,15.8,28.6,-0.2,-23.6,-0.359,0.374,GEV,,124,15.5,16.0,,False
286,LVS,Las Vegas Sands Corp.,Consumer Cyclical,Resorts & Casinos,Core,24.5,37.81,44.29,21.0,12.0,10.0,0.0,ok,-1.5,ok,2.57,,True,41.5,10.8,9.0,-0.7,79.3,122.9,9.2,-27.2,-45.8,-0.026,0.13,GEV,,124,16.0,13.0,,False
287,COO,"The Cooper Companies, Inc.",Healthcare,Medical Instruments & Supplies,Core,10.7,56.53,67.84,17.0,16.0,10.0,0.0,ok,-1.5,ok,2.84,,False,41.5,12.0,5.0,0.6,65.9,6.8,31.9,-21.2,-37.3,-0.079,0.195,AVGO,,124,16.0,17.0,,False
288,AMCR,Amcor plc,Consumer Cyclical,Packaging & Containers,Core,19.3,41.86,45.05,16.0,17.9,10.0,0.0,ok,-2.5,ok,3.97,,False,41.4,9.6,7.8,25.9,20.0,9.4,40.3,-1.8,-11.1,0.152,0.249,GOOG,,124,17.9,11.0,,False
289,PKG,Packaging Corporation of Ameri,Consumer Cyclical,Packaging & Containers,Core,20.4,229.26,242.91,15.5,16.3,10.0,0.0,ok,-0.5,ok,1.91,,False,41.3,17.5,2.1,14.7,21.4,14.9,52.8,1.6,-8.3,0.097,0.133,GEV,,124,16.3,11.0,,False
290,KVUE,Kenvue Inc.,Consumer Defensive,Household & Personal Products,Core,33.9,17.66,18.72,17.5,15.3,10.0,0.0,ok,-1.5,ok,2.16,,False,41.3,14.2,5.6,3.0,58.4,15.6,47.2,-1.2,-12.7,-0.143,0.231,AVGO,,124,15.3,17.0,,False
291,VST,Vistra Corp.,Utilities,Utilities - Independent Power ,Core,46.4,138.35,144.69,15.0,18.8,10.0,0.0,ok,-2.5,ok,3.02,,False,41.3,13.3,0.1,-5.5,38.3,43.0,26.9,-10.9,-24.3,0.413,0.444,GEV,,124,18.8,18.0,,False
292,BMNR,BitMine Immersion Technologies,Financial Services,Capital Markets,Growth,15.9,26.43,25.11,14.0,17.3,10.0,0.0,ok,0.0,financial_na,,,False,41.3,28.1,-3.2,2167.8,84.4,-150.9,58.0,21.2,17.3,0.394,0.334,NVDA,,124,17.3,16.0,,True
293,CASY,"Caseys General Stores, Inc.",Consumer Cyclical,Specialty Retail,Core,22.5,608.46,760.23,16.5,15.3,10.0,0.0,ok,-0.5,ok,1.51,,False,41.3,25.9,2.2,24.3,23.8,20.0,41.6,-16.8,-32.7,-0.086,0.172,NVDA,,124,15.3,11.0,,False
294,MU,"Micron Technology, Inc.",Technology,Semiconductors,Growth,1202.9,1065.11,1011.85,20.0,13.2,10.0,-2.0,ok,0.0,ok,-0.29,,False,41.2,6.6,0.6,345.7,72.6,66.6,55.3,59.1,198.9,0.59,0.53,GEV,,124,13.2,15.0,,False
295,ALAB,"Astera Labs, Inc.",Technology,Semiconductors,Growth,61.8,355.97,338.17,19.0,14.2,10.0,-2.0,ok,0.0,ok,-4.23,,False,41.2,55.7,0.1,104.5,75.1,25.8,64.8,49.3,208.4,0.564,0.516,AVGO,,124,14.2,15.0,,False
296,TTWO,"Take-Two Interactive Software,",Communication Services,Electronic Gaming & Multimedia,Core,38.8,207.5,227.77,13.5,18.1,10.0,0.0,ok,-0.5,ok,1.46,,False,41.1,20.2,3.2,2.0,57.1,-9.0,46.3,-7.8,-11.3,0.1,0.225,GOOG,,124,18.1,14.0,,False
297,J,Jacobs Solutions Inc.,Industrials,Engineering & Construction,Growth,15.8,135.27,142.67,15.0,17.5,10.0,0.0,ok,-1.5,ok,2.72,,False,41.0,16.4,4.1,34.5,22.1,8.0,36.1,1.7,-10.1,0.025,0.124,BMNR,,124,17.5,14.0,,False
298,TER,"Teradyne, Inc.",Technology,Semiconductor Equipment & Mate,Growth,62.7,400.91,380.86,20.0,15.0,10.0,-4.0,ok,0.0,ok,-0.17,,False,41.0,34.4,0.7,103.9,59.2,36.5,55.6,20.8,18.9,0.654,0.623,GEV,,124,15.0,14.0,,False
299,VRSN,"VeriSign, Inc.",Technology,Software - Infrastructure,Core,25.5,282.01,287.73,16.5,15.0,10.0,0.0,ok,-0.5,ok,1.1,,False,41.0,25.5,3.3,6.0,88.5,,45.5,6.4,-2.8,-0.169,0.256,GEV,,124,15.0,17.0,,False
300,GS,"Goldman Sachs Group, Inc. (The",Financial Services,Capital Markets,Growth,262.2,900.36,1012.38,21.0,12.0,10.0,-2.0,ok,0.0,financial_na,,,True,41.0,12.3,,42.5,82.1,16.9,20.1,-6.0,-9.9,0.542,0.479,BMNR,,124,18.0,16.0,,False
301,CRH,CRH PLC,Basic Materials,Building Materials,Cyclical,55.1,82.8,93.73,16.0,16.5,10.0,0.0,ok,-1.5,ok,2.17,,False,41.0,12.7,3.7,5.6,36.2,15.8,30.4,-23.8,-37.3,0.251,0.309,GOOG,,124,16.5,11.0,,False
302,PLD,"Prologis, Inc.",Real Estate,REIT - Industrial,Core,126.2,129.84,139.61,18.0,16.5,10.0,0.0,ok,-3.5,ok,5.24,,False,41.0,39.0,4.3,12.3,75.5,7.7,27.1,-5.6,-18.1,0.005,0.157,AVGO,,124,16.5,17.0,,False
303,GLW,Corning Incorporated,Technology,Electronic Components,Core,132.4,153.76,152.58,14.5,18.9,10.0,-2.0,ok,-0.5,ok,1.68,,False,40.9,35.3,0.6,16.6,36.4,16.8,38.9,2.9,-3.3,0.589,0.59,GEV,,124,18.9,13.0,,False
304,LDOS,"Leidos Holdings, Inc.",Technology,Information Technology Service,Core,15.3,121.83,129.56,17.0,15.4,10.0,0.0,ok,-1.5,ok,2.45,,False,40.9,9.6,7.5,7.2,17.8,27.8,37.4,-17.7,-38.0,-0.063,0.175,GEV,,124,15.4,15.0,,False
305,DAL,"Delta Air Lines, Inc.",Industrials,Airlines,Core,54.9,83.46,84.12,17.0,15.3,10.0,0.0,ok,-1.5,ok,2.19,,False,40.8,10.1,5.1,18.7,18.7,20.1,62.7,10.6,9.5,0.322,0.331,GOOG,,124,15.3,14.0,,False
306,FIX,"Comfort Systems USA, Inc.",Industrials,Engineering & Construction,Growth,58.2,1654.09,1662.71,20.0,14.7,10.0,-4.0,ok,0.0,ok,-0.77,,False,40.7,27.5,3.2,50.3,25.7,55.3,58.9,7.1,3.6,0.673,0.706,GEV,,124,14.7,14.0,,False
307,REG,Regency Centers Corporation,Real Estate,REIT - Retail,Core,13.4,71.88,76.49,17.0,17.2,10.0,0.0,ok,-3.5,ok,4.62,,False,40.7,28.6,5.5,8.9,71.5,8.2,20.6,-5.5,-21.4,-0.265,0.299,AVGO,,124,17.2,17.0,,False
308,HCA,"HCA Healthcare, Inc.",Healthcare,Medical Care Facilities,Core,92.4,426.74,413.42,17.0,16.2,10.0,0.0,ok,-2.5,ok,3.2,,False,40.7,13.3,4.0,8.7,42.6,,53.7,-4.4,-26.2,-0.126,0.157,NVDA,,124,16.2,16.0,,False
309,LRCX,Lam Research Corporation,Technology,Semiconductor Equipment & Mate,Core,411.1,328.51,312.08,19.0,15.7,10.0,-4.0,ok,0.0,ok,-0.17,,False,40.7,28.0,0.8,30.0,50.5,65.1,55.5,20.5,37.4,0.698,0.639,GEV,,124,15.7,14.0,,False
310,DIS,Walt Disney Company (The),Communication Services,Entertainment,Core,181.1,104.9,103.79,14.5,16.7,10.0,0.0,ok,-0.5,ok,1.95,,False,40.7,14.0,2.7,6.8,37.6,8.0,52.0,0.9,-7.5,0.043,0.317,GOOG,,124,16.7,13.0,,False
311,CTVA,"Corteva, Inc.",Basic Materials,Agricultural Inputs,Cyclical,51.8,77.65,81.98,15.0,15.7,10.0,0.0,ok,0.0,ok,0.59,,False,40.7,18.8,4.7,-1.2,49.5,4.3,22.1,-1.1,-23.6,-0.138,0.208,GOOG,,124,15.7,12.0,,False
312,HUM,Humana Inc.,Healthcare,Healthcare Plans,Core,45.8,381.57,385.74,15.0,15.6,10.0,0.0,ok,0.0,ok,-2.54,,False,40.6,23.0,4.2,26.2,13.7,6.9,39.5,31.1,103.7,0.009,0.169,NVDA,,124,15.6,15.0,,False
313,COIN,"Coinbase Global, Inc.",Financial Services,Financial Data & Stock Exchang,Core,49.2,186.41,177.09,14.0,16.6,10.0,0.0,ok,0.0,financial_na,,,False,40.6,65.7,5.4,-17.3,85.8,-7.8,55.7,-0.1,-9.6,0.426,0.777,BMNR,,124,16.6,16.0,,False
314,CBRE,CBRE Group Inc,Real Estate,Real Estate Services,Core,37.2,128.47,144.2,15.5,18.6,10.0,0.0,ok,-3.5,ok,4.21,,False,40.6,14.1,4.4,15.5,18.6,15.8,29.7,-11.7,-21.5,0.011,0.228,GOOG,,124,18.6,17.0,,False
315,MCK,McKesson Corporation,Healthcare,Medical Distribution,Core,99.5,853.81,873.78,14.0,16.6,10.0,0.0,ok,0.0,ok,0.94,,False,40.6,16.9,6.8,7.7,3.6,,37.2,0.9,-17.7,-0.41,0.344,AVGO,,124,16.6,15.0,,False
316,IP,International Paper Company,Consumer Cyclical,Packaging & Containers,Core,17.6,33.17,38.54,13.5,18.5,10.0,0.0,ok,-1.5,ok,2.33,,False,40.5,11.0,9.4,-2.2,29.6,-16.5,39.8,-12.7,-23.5,0.062,0.151,NVDA,,124,18.5,11.0,,False
317,CNC,Centene Corporation,Healthcare,Healthcare Plans,Core,30.7,62.12,64.85,13.0,17.5,10.0,0.0,ok,0.0,ok,-2.38,,False,40.5,11.6,,4.6,11.4,-20.4,44.0,18.4,73.4,-0.088,0.159,AVGO,,124,17.5,15.0,fcf_yield_out_of_range(31.4),False
318,ARES,Ares Management Corporation,Financial Services,Asset Management,Core,38.5,116.17,133.12,18.5,12.0,10.0,0.0,ok,0.0,financial_na,,,True,40.5,16.2,5.6,9.6,100.0,14.9,22.4,-10.6,-9.9,0.351,0.401,GOOG,,124,18.7,16.0,,False
319,FIS,Fidelity National Information ,Technology,Information Technology Service,Core,17.0,32.9,40.28,22.0,12.0,10.0,0.0,ok,-3.5,ok,5.82,,True,40.5,4.9,15.6,29.1,35.8,22.3,15.8,-30.2,-46.2,-0.208,0.265,GEV,,124,16.0,15.0,,False
320,WMT,Walmart Inc.,Consumer Defensive,Discount Stores,Core,827.0,103.92,109.1,12.0,18.9,10.0,0.0,ok,-0.5,ok,1.44,,False,40.4,32.2,0.9,5.9,24.8,22.3,44.8,-12.1,-32.6,-0.147,0.182,AVGO,,124,18.9,16.0,,False
321,MRK,"Merck & Company, Inc.",Healthcare,Drug Manufacturers - General,Core,358.5,145.31,141.33,16.0,14.9,10.0,0.0,ok,-0.5,ok,1.62,,False,40.4,15.2,4.2,5.1,75.9,7.0,44.5,19.2,4.4,-0.167,0.304,AVGO,,124,14.9,17.0,,False
322,HRL,Hormel Foods Corporation,Consumer Defensive,Packaged Foods,Core,11.0,19.94,22.96,12.0,18.8,10.0,0.0,ok,-0.5,ok,1.57,,False,40.3,12.8,5.7,-2.4,15.7,4.3,25.6,-13.5,-27.1,-0.22,0.267,NVDA,,124,18.8,16.0,,False
323,BDX,"Becton, Dickinson and Company",Healthcare,Medical Instruments & Supplies,Core,48.8,179.0,178.64,17.0,14.8,10.0,0.0,ok,-1.5,ok,2.63,,False,40.3,13.5,9.2,5.4,46.9,6.6,48.8,10.6,-2.5,-0.251,0.308,AVGO,,124,14.8,16.0,,False
324,EQR,Equity Residential,Real Estate,REIT - Residential,Core,24.6,63.66,67.42,17.0,16.8,10.0,0.0,ok,-3.5,ok,4.51,,False,40.3,41.4,5.8,2.1,62.3,8.0,32.1,1.2,-14.9,-0.28,0.363,AVGO,,95,16.8,17.0,,False
325,BAX,Baxter International Inc.,Healthcare,Medical Instruments & Supplies,Core,12.4,24.0,25.15,14.5,18.2,10.0,0.0,ok,-2.5,ok,3.99,,False,40.2,11.8,8.1,5.3,34.1,-14.4,44.3,15.6,26.5,-0.013,0.196,GOOG,,124,18.2,15.0,,False
326,GNRC,Generac Holdlings Inc.,Industrials,Specialty Industrial Machinery,Core,12.2,206.95,201.36,15.5,15.2,10.0,0.0,ok,-0.5,ok,1.79,,False,40.2,16.5,2.4,10.6,39.5,9.5,62.6,-2.4,-10.4,0.434,0.397,GEV,,124,15.2,14.0,,False
327,COST,Costco Wholesale Corporation,Consumer Defensive,Discount Stores,Core,403.5,910.34,933.97,13.0,17.2,10.0,0.0,ok,0.0,ok,-0.89,,False,40.2,36.4,1.8,11.1,12.8,28.4,53.7,-5.2,-24.9,-0.287,0.316,AVGO,,124,17.2,16.0,,False
328,ROST,"Ross Stores, Inc.",Consumer Cyclical,Apparel Retail,Core,74.9,233.4,238.03,18.0,12.2,10.0,0.0,ok,0.0,ok,0.12,,False,40.2,26.0,2.7,13.3,33.4,42.6,62.8,7.5,-8.6,0.037,0.122,GOOG,,124,12.2,11.0,,False
329,KR,Kroger Company (The),Consumer Defensive,Grocery Stores,Core,34.6,58.62,58.05,15.5,16.2,10.0,0.0,ok,-1.5,ok,2.8,,False,40.2,10.6,7.3,2.0,23.9,14.4,56.8,-7.4,-34.9,-0.42,0.395,AVGO,,124,16.2,16.0,,False
330,GRMN,Garmin Ltd.,Technology,Scientific & Technical Instrum,Core,55.3,286.84,285.31,17.0,13.1,10.0,0.0,ok,0.0,ok,-1.06,,False,40.1,25.8,1.9,11.4,60.1,21.9,66.8,17.1,7.3,0.116,0.14,GOOG,,124,13.1,15.0,,False
331,BEN,"Franklin Templeton, Inc.",Financial Services,Asset Management,Core,16.3,32.12,33.63,11.5,18.6,10.0,0.0,ok,0.0,financial_na,,,False,40.1,10.1,-18.3,14.3,37.7,7.9,29.6,9.9,19.6,0.35,0.41,GOOG,,124,18.6,14.0,,False
332,EG,"Everest Group, Ltd.",Financial Services,Insurance - Reinsurance,Core,14.0,365.17,374.36,15.0,15.1,10.0,0.0,ok,0.0,financial_na,,,False,40.1,6.1,14.7,-11.3,15.3,12.6,46.3,5.2,-4.6,-0.291,0.384,AVGO,,124,15.1,14.0,,False
333,PSKY,Paramount Skydance Corporation,Communication Services,Entertainment,Core,11.6,10.33,9.83,14.5,19.1,10.0,0.0,ok,-3.5,ok,4.4,,False,40.1,12.2,,0.9,33.3,-0.9,51.4,-2.5,-1.8,0.079,0.199,NVDA,,124,19.1,13.0,fcf_yield_out_of_range(151.8),False
334,KLIC,"Kulicke and Soffa Industries, ",Technology,Semiconductor Equipment & Mate,Growth,4.9,94.25,89.54,16.5,15.5,10.0,-2.0,ok,0.0,ok,-2.49,,False,40.0,16.0,1.2,122.6,52.6,13.2,70.4,14.5,27.0,0.551,0.507,GEV,,124,15.5,14.0,,False
335,COR,"Cencora, Inc.",Healthcare,Medical Distribution,Core,57.3,300.25,317.06,14.5,17.0,10.0,0.0,ok,-1.5,ok,2.1,,False,40.0,15.1,3.6,5.1,4.0,96.9,29.6,-5.6,-20.6,-0.291,0.293,NVDA,,124,17.0,15.0,,False
336,ROL,"Rollins, Inc.",Consumer Cyclical,Personal Services,Core,14.5,30.12,35.91,18.5,12.0,10.0,0.0,ok,-0.5,ok,1.16,,True,40.0,23.3,3.5,7.9,52.4,37.0,22.7,-39.7,-59.8,-0.126,0.199,GEV,,124,16.0,14.0,,False
337,LYB,LyondellBasell Industries NV,Basic Materials,Specialty Chemicals,Cyclical,18.6,57.47,62.42,15.5,17.0,10.0,0.0,ok,-2.5,ok,3.27,,False,40.0,9.1,6.6,19.8,12.9,-2.3,25.8,-6.7,-45.0,-0.24,0.19,GEV,,124,17.0,11.0,,False
338,AVB,"AvalonBay Communities, Inc.",Real Estate,REIT - Residential,Core,26.3,184.06,188.04,17.0,16.5,10.0,0.0,ok,-3.5,ok,4.9,,False,40.0,36.6,5.4,2.3,62.7,8.5,44.5,3.1,-10.7,-0.3,0.42,AVGO,,94,16.5,17.0,,False
339,GPC,Genuine Parts Company,Consumer Cyclical,Auto Parts,Core,17.3,125.74,131.47,14.5,16.9,10.0,0.0,ok,-1.5,ok,2.97,,False,39.9,15.1,5.3,6.0,37.6,0.7,23.9,5.1,2.5,-0.039,0.153,GOOG,,124,16.9,11.0,,False
340,MCHP,Microchip Technology Incorpora,Technology,Semiconductors,Growth,42.2,77.77,76.11,17.5,16.9,10.0,-2.0,ok,-2.5,ok,3.4,,False,39.9,17.0,3.2,38.0,60.2,7.2,63.7,-1.1,4.0,0.587,0.504,AVGO,,124,16.9,15.0,,False
341,IR,Ingersoll Rand Inc.,Industrials,Specialty Industrial Machinery,Core,29.1,75.11,79.69,14.5,15.9,10.0,0.0,ok,-0.5,ok,1.85,,False,39.9,19.2,3.8,8.5,42.8,9.5,55.9,-8.0,-22.6,0.233,0.228,GEV,,124,15.9,15.0,,False
342,SMCI,"Super Micro Computer, Inc.",Technology,Computer Hardware,Growth,27.0,41.07,39.02,13.5,16.3,10.0,0.0,ok,0.0,ok,0.61,,False,39.8,7.7,-30.6,93.2,10.8,21.5,56.7,28.9,64.0,0.424,0.49,NVDA,,124,16.3,13.0,,False
343,ADI,"Analog Devices, Inc.",Technology,Semiconductors,Growth,192.2,396.71,376.87,19.0,12.8,10.0,-2.0,ok,0.0,ok,0.99,,False,39.8,24.3,2.2,39.6,65.8,12.2,77.1,11.0,8.3,0.598,0.517,AVGO,,124,12.8,15.0,,False
344,CIEN,Ciena Corporation,Technology,Communication Equipment,Growth,49.9,351.82,375.83,17.0,14.8,10.0,-2.0,ok,0.0,ok,0.64,,False,39.8,29.7,1.3,37.0,44.1,22.4,56.3,-9.6,-25.7,0.506,0.557,AVGO,,124,14.8,14.0,,False
345,ECL,Ecolab Inc.,Basic Materials,Specialty Chemicals,Cyclical,77.0,274.58,278.36,15.0,16.2,10.0,0.0,ok,-1.5,ok,2.12,,False,39.7,29.2,1.9,9.7,44.2,22.0,54.0,0.4,-13.1,-0.025,0.166,GOOG,,124,16.2,12.0,,False
346,MDLZ,"Mondelez International, Inc.",Consumer Defensive,Confectioners,Core,73.8,57.82,61.97,16.0,16.2,10.0,0.0,ok,-2.5,ok,3.35,,False,39.7,17.2,3.1,4.1,31.1,13.3,20.4,-2.5,-16.1,-0.467,0.444,GEV,,124,16.2,16.0,,False
347,XOM,ExxonMobil Holdings Corporatio,Energy,Oil & Gas Integrated,Growth,669.2,162.75,159.92,17.5,12.1,10.0,0.0,ok,0.0,ok,0.47,,False,39.6,14.4,3.1,44.1,29.8,12.6,47.2,10.2,-19.8,-0.431,0.332,GOOG,,124,12.1,12.0,,False
348,HST,"Host Hotels & Resorts, Inc.",Real Estate,REIT - Hotel & Motel,Core,15.6,22.39,23.04,17.0,14.1,10.0,0.0,ok,-1.5,ok,2.18,,False,39.6,21.2,10.9,3.6,29.2,15.6,56.9,5.5,0.5,0.08,0.268,GOOG,,124,14.1,15.0,,False
349,FCX,"Freeport-McMoRan, Inc.",Basic Materials,Copper,Cyclical,100.5,70.0,70.11,15.0,16.6,10.0,-2.0,ok,0.0,ok,0.66,,False,39.6,16.8,2.1,-7.3,38.3,14.8,31.7,10.8,3.0,0.544,0.442,BMNR,,124,16.6,11.0,,False
350,KEYS,Keysight Technologies Inc.,Technology,Scientific & Technical Instrum,Growth,62.0,364.04,345.84,20.5,11.1,10.0,-2.0,ok,0.0,ok,0.09,,False,39.6,26.2,3.0,36.5,63.3,20.9,72.6,21.3,12.6,0.636,0.612,GEV,,124,11.1,15.0,,False
351,RCL,Royal Caribbean Cruises Ltd.,Consumer Cyclical,Travel Services,Core,71.1,265.86,283.01,15.0,17.0,10.0,0.0,ok,-2.5,ok,3.27,,False,39.5,13.0,-2.1,6.5,50.3,44.7,53.7,-7.2,-19.8,0.288,0.375,GOOG,,124,17.0,14.0,,False
352,SLB,SLB Limited,Energy,Oil & Gas Equipment & Services,Cyclical,72.3,48.72,52.68,14.5,15.5,10.0,0.0,ok,-0.5,ok,1.18,,False,39.5,15.1,4.1,5.0,17.0,12.9,16.2,-3.1,-21.6,0.087,0.09,NVDA,,124,15.5,14.0,,False
353,OTIS,Otis Worldwide Corporation,Industrials,Specialty Industrial Machinery,Core,24.5,64.32,70.72,15.5,16.5,10.0,0.0,ok,-2.5,ok,3.04,,False,39.5,14.2,5.9,7.3,30.3,,33.6,-17.6,-32.4,-0.004,0.132,AVGO,,124,16.5,14.0,,False
354,WTW,Willis Towers Watson Public Li,Financial Services,Insurance Brokers,Core,26.8,288.23,322.86,17.5,12.0,10.0,0.0,ok,0.0,financial_na,,,True,39.5,12.6,5.3,9.1,42.5,19.8,22.4,-3.5,-17.2,-0.288,0.291,AVGO,,124,16.4,15.0,,False
355,KHC,The Kraft Heinz Company,Consumer Defensive,Packaged Foods,Core,26.9,22.72,25.15,13.5,17.5,10.0,0.0,ok,-1.5,ok,2.97,,False,39.5,10.9,12.1,-1.4,33.5,-8.8,18.0,-4.7,-15.3,-0.244,0.358,GEV,,124,17.5,16.0,,False
356,BAC,Bank of America Corporation,Financial Services,Banks - Diversified,Core,380.6,54.43,61.15,17.5,12.0,10.0,0.0,ok,0.0,financial_na,,,True,39.5,10.3,,16.8,0.0,11.2,11.7,-1.4,-4.7,0.058,0.21,GOOG,,124,18.2,14.0,,False
357,FTNT,"Fortinet, Inc.",Technology,Software - Infrastructure,Core,131.2,178.76,169.82,19.0,10.5,10.0,0.0,ok,0.0,ok,-1.35,,False,39.5,47.3,1.7,25.6,80.2,117.4,76.0,52.5,102.4,0.078,0.231,NVDA,,124,10.5,17.0,,False
358,TECH,Bio-Techne Corp,Healthcare,Biotechnology,Core,11.4,72.47,72.24,15.5,14.0,10.0,0.0,ok,0.0,ok,0.07,,False,39.5,31.3,2.0,1.3,66.2,9.0,59.3,17.3,22.6,0.05,0.109,GOOG,,124,14.0,17.0,,False
359,MKC,"McCormick & Company, Incorpora",Consumer Defensive,Packaged Foods,Core,12.5,46.4,51.97,20.0,12.0,10.0,0.0,ok,-2.5,ok,3.17,,True,39.5,14.1,5.7,16.7,38.9,24.7,18.9,-16.5,-23.6,-0.26,0.285,GEV,,124,15.8,16.0,,False
360,STZ,"Constellation Brands, Inc.",Consumer Defensive,Beverages - Brewers,Core,19.3,113.06,127.91,20.0,12.0,10.0,0.0,ok,-2.5,ok,3.02,,True,39.5,9.2,11.4,-3.3,52.7,23.7,23.4,-21.0,-40.5,-0.171,0.22,AVGO,,124,16.0,17.0,,False
361,LH,Labcorp Holdings Inc.,Healthcare,Diagnostics & Research,Core,25.0,308.11,317.9,14.5,16.5,10.0,0.0,ok,-1.5,ok,2.88,,False,39.5,15.5,3.6,5.8,28.9,11.7,39.2,10.2,-0.9,-0.082,0.166,AVGO,,124,16.5,15.0,,False
362,FICO,Fair Isaac Corporation,Technology,Software - Application,Core,12.8,592.47,1055.36,21.0,12.0,10.0,0.0,ok,-3.5,ok,4.23,,True,39.5,11.4,6.1,25.7,85.1,,10.6,-52.0,-60.9,-0.234,0.317,GEV,,124,16.0,17.0,,False
363,VTR,"Ventas, Inc.",Real Estate,REIT - Healthcare Facilities,Core,43.6,85.02,91.4,16.5,16.4,10.0,0.0,ok,-3.5,ok,5.34,,False,39.4,107.6,3.4,21.7,40.0,2.0,24.2,-0.6,-12.4,-0.342,0.399,AVGO,,124,16.4,15.0,,False
364,IONQ,"IonQ, Inc.",Technology,Computer Hardware,Growth,17.8,43.86,41.67,11.0,20.4,10.0,-2.0,ok,0.0,neg_ebitda_low_debt,,,False,39.4,,-0.5,286.8,,-60.5,68.7,0.6,35.8,0.514,0.445,BMNR,,124,20.4,13.0,,False
365,IEX,IDEX Corporation,Industrials,Specialty Industrial Machinery,Core,16.8,227.98,229.41,16.0,13.9,10.0,0.0,ok,-0.5,ok,1.31,,False,39.4,23.7,3.3,6.4,44.7,13.0,56.0,8.5,3.9,0.244,0.276,GEV,,124,13.9,15.0,,False
366,DGX,Quest Diagnostics Incorporated,Healthcare,Diagnostics & Research,Core,25.7,233.07,236.69,15.5,15.4,10.0,0.0,ok,-1.5,ok,2.55,,False,39.4,19.3,3.5,10.2,33.2,14.6,47.5,13.7,3.1,-0.227,0.28,AVGO,,124,15.4,15.0,,False
367,HSIC,"Henry Schein, Inc.",Healthcare,Medical Distribution,Speculative,9.4,83.97,87.65,14.5,17.3,10.0,0.0,ok,-2.5,ok,3.39,,False,39.3,14.0,4.8,6.7,31.3,8.9,36.7,4.8,-2.4,0.043,0.149,GOOG,,124,17.3,15.0,,False
368,NDSN,Nordson Corporation,Industrials,Specialty Industrial Machinery,Core,18.3,327.85,313.36,18.0,11.8,10.0,0.0,ok,-0.5,ok,1.78,,False,39.3,25.3,3.4,10.3,55.4,17.8,70.1,14.8,6.9,0.314,0.256,GEV,,124,11.8,15.0,,False
369,EQIX,"Equinix, Inc.",Real Estate,REIT - Specialty,Core,99.8,1011.58,1044.12,17.0,15.8,10.0,0.0,ok,-3.5,ok,4.93,,False,39.3,54.3,3.8,16.7,52.0,10.7,41.1,3.0,-13.2,0.226,0.276,GEV,,124,15.8,16.0,,False
370,VEEV,Veeva Systems Inc.,Healthcare,Health Information Services,Core,46.2,285.45,271.18,18.0,11.2,10.0,0.0,ok,0.0,ok,-6.59,,False,39.2,27.8,2.7,17.6,75.0,14.4,79.0,42.4,46.1,-0.141,0.337,GEV,,124,11.2,19.0,,False
371,RSG,"Republic Services, Inc.",Industrials,Waste Management,Core,64.3,209.87,216.98,16.0,16.7,10.0,-2.0,ok,-1.5,ok,2.7,,False,39.2,26.0,3.0,4.6,43.0,18.2,23.5,-2.3,-20.3,-0.509,0.451,AVGO,,124,16.7,15.0,,False
372,CAH,"Cardinal Health, Inc.",Healthcare,Medical Distribution,Core,51.5,222.5,232.28,14.0,15.7,10.0,0.0,ok,-0.5,ok,1.21,,False,39.2,15.8,9.2,5.8,3.8,,19.1,2.4,-10.8,-0.224,0.348,AVGO,,124,15.7,15.0,,False
373,PM,Philip Morris International In,Consumer Defensive,Tobacco,Core,297.4,190.82,190.12,17.5,13.2,10.0,0.0,ok,-1.5,ok,2.39,,False,39.2,20.8,3.3,10.4,67.5,,59.1,7.9,-1.0,-0.18,0.236,NVDA,,124,13.2,18.0,,False
374,ARM,Arm Holdings plc,Technology,Semiconductors,Core,309.4,289.66,275.18,16.5,14.7,10.0,-2.0,ok,0.0,ok,-3.2,,False,39.2,94.8,0.4,22.4,97.5,13.4,56.6,35.7,75.1,0.597,0.519,AVGO,,124,14.7,15.0,,False
375,FAST,Fastenal Company,Industrials,Industrial Distribution,Core,56.8,49.53,49.61,17.0,12.2,10.0,0.0,ok,0.0,ok,0.12,,False,39.2,35.3,1.6,14.7,44.7,34.3,57.5,7.8,-9.1,0.035,0.105,GOOG,,124,12.2,15.0,,False
376,ISRG,"Intuitive Surgical, Inc.",Healthcare,Medical Instruments & Supplies,Core,145.7,406.63,386.3,15.5,13.6,10.0,0.0,ok,0.0,ok,-1.25,,False,39.1,33.6,1.8,18.5,66.7,17.4,83.9,-9.6,-28.2,0.091,0.3,GOOG,,124,13.6,17.0,,False
377,CMCSA,Comcast Corporation,Communication Services,Telecom Services,Core,77.2,21.76,24.71,18.5,12.0,10.0,0.0,ok,-1.5,ok,2.43,,True,39.0,6.1,16.4,-1.2,69.4,11.5,21.4,-18.2,-39.7,-0.118,0.196,GOOG,,124,15.9,17.0,,False
378,HPE,Hewlett Packard Enterprise Com,Technology,Communication Equipment,Growth,84.8,63.89,60.7,18.0,12.5,10.0,0.0,ok,-1.5,ok,2.05,,False,39.0,13.7,5.6,33.7,36.6,10.9,63.6,76.3,152.0,0.361,0.482,AVGO,,124,12.5,13.0,,False
379,ES,Eversource Energy (D/B/A),Utilities,Utilities - Regulated Electric,Core,24.2,64.16,70.4,14.5,18.0,10.0,0.0,ok,-3.5,ok,5.67,,False,39.0,13.1,3.4,2.3,52.8,9.0,22.8,-7.7,-22.7,-0.092,0.179,AVGO,,124,18.0,19.0,,False
380,ROP,"Roper Technologies, Inc.",Technology,Software - Application,Core,34.6,349.41,389.6,19.5,12.0,10.0,0.0,ok,-2.5,ok,3.38,,True,39.0,14.3,6.6,8.5,69.5,13.1,14.7,-5.5,-17.4,-0.295,0.294,GEV,,124,18.1,17.0,,False
381,CPRT,"Copart, Inc.",Industrials,Specialty Business Services,Core,25.3,27.28,30.43,17.0,12.0,10.0,0.0,ok,0.0,ok,-2.34,,True,39.0,15.6,3.5,2.4,49.0,16.2,16.7,-18.9,-34.2,-0.239,0.344,AVGO,,124,16.0,17.0,,False
382,TXT,Textron Inc.,Industrials,Aerospace & Defense,Core,13.1,76.2,83.96,13.0,16.5,10.0,0.0,ok,-0.5,ok,1.65,,False,39.0,10.5,3.5,3.0,17.6,12.1,32.2,-15.1,-29.3,0.216,0.224,GEV,,124,16.5,14.0,,False
383,TSLA,"Tesla, Inc.",Consumer Cyclical,Auto Manufacturers,Core,1401.3,354.81,347.23,11.0,18.0,10.0,0.0,ok,0.0,ok,-2.55,,False,39.0,,0.3,25.5,18.9,4.7,40.4,-10.1,-20.9,0.494,0.468,BMNR,,124,18.0,11.0,,False
384,LOW,"Lowe's Companies, Inc.",Consumer Cyclical,Home Improvement Retail,Core,103.4,184.29,206.06,15.5,16.0,10.0,0.0,ok,-2.5,ok,3.05,,False,39.0,14.2,4.5,8.3,33.0,,25.7,-20.5,-38.0,0.041,0.259,GOOG,,124,16.0,11.0,,False
385,EFX,"Equifax, Inc.",Industrials,Consulting Services,Core,16.1,137.24,174.59,18.5,12.0,10.0,0.0,ok,-1.5,ok,2.75,,True,39.0,13.5,5.9,10.6,55.5,14.3,13.0,-25.2,-40.2,-0.273,0.415,GEV,,124,16.0,17.0,,False
386,ACMR,"ACM Research, Inc.",Technology,Semiconductor Equipment & Mate,Growth,5.6,80.92,77.23,14.5,16.4,10.0,-2.0,ok,0.0,ok,-6.83,,False,38.9,28.0,-3.3,36.0,43.8,11.6,59.0,21.8,89.3,0.589,0.536,GEV,,124,16.4,14.0,,False
387,DD,"DuPont de Nemours, Inc.",Basic Materials,Specialty Chemicals,Cyclical,17.5,129.89,136.07,15.5,13.2,10.0,0.0,ok,0.0,ok,0.91,,False,38.7,16.3,10.5,4.0,35.1,1.8,55.8,69.6,168.4,0.028,0.118,BMNR,,124,13.2,11.0,,False
388,AKAM,"Akamai Technologies, Inc.",Technology,Software - Infrastructure,Core,15.3,106.35,112.75,16.0,16.1,10.0,0.0,ok,-3.5,ok,5.54,,False,38.6,15.5,4.6,5.4,57.5,8.9,45.1,-4.5,-23.8,0.249,0.286,AVGO,,124,16.1,16.0,,False
389,MET,"MetLife, Inc.",Financial Services,Insurance - Life,Core,59.8,94.16,96.3,10.0,18.6,10.0,0.0,ok,0.0,financial_na,,,False,38.6,8.5,-35.0,10.5,24.0,13.1,42.6,13.2,17.8,-0.103,0.207,AVGO,,124,18.6,14.0,,False
390,WAB,Westinghouse Air Brake Technol,Industrials,Railroads,Core,48.5,287.18,290.44,17.0,13.1,10.0,0.0,ok,-1.5,ok,2.37,,False,38.6,23.1,2.3,17.5,35.7,11.6,59.9,10.3,-1.5,0.304,0.276,GEV,,124,13.1,14.0,,False
391,ARE,Alexandria Real Estate Equitie,Real Estate,REIT - Office,Speculative,8.2,47.46,51.06,15.0,18.5,10.0,0.0,ok,-5.0,ok,7.13,,False,38.5,,16.5,-11.9,68.2,-4.1,41.8,-4.9,-14.1,-0.041,0.09,GEV,,124,18.5,17.0,,False
392,KIM,Kimco Realty Corporation (HC),Real Estate,REIT - Retail,Core,14.9,22.21,24.06,17.0,16.5,10.0,0.0,ok,-5.0,ok,6.12,,False,38.5,25.2,5.8,4.9,68.9,5.8,15.3,-4.1,-17.5,-0.18,0.226,AVGO,,124,16.5,17.0,,False
393,DELL,Dell Technologies Inc.,Technology,Computer Hardware,Growth,342.0,537.95,511.05,14.5,14.5,10.0,0.0,ok,-0.5,ok,1.34,,False,38.5,18.5,1.8,57.7,19.9,,50.6,87.7,212.4,0.306,0.372,AVGO,,124,14.5,13.0,,False
394,XYZ,"Block, Inc.",Technology,Software - Infrastructure,Core,44.2,73.53,79.8,11.0,17.5,10.0,0.0,ok,0.0,ok,0.28,,False,38.5,14.1,-0.1,9.3,46.6,1.6,31.1,5.1,5.8,0.342,0.437,BMNR,,124,17.5,16.0,,False
395,RF,Regions Financial Corporation,Financial Services,Banks - Regional,Core,22.9,26.88,30.13,16.5,12.0,10.0,0.0,ok,0.0,financial_na,,,True,38.5,9.5,,3.4,0.0,11.9,13.9,-6.1,-13.5,0.018,0.245,GOOG,,124,17.4,14.0,,False
396,RGTI,"Rigetti Computing, Inc.",Technology,Computer Hardware,Growth,5.3,15.74,16.13,12.0,18.5,10.0,-2.0,ok,0.0,neg_ebitda_low_debt,,,False,38.5,,0.5,185.3,,-43.8,55.0,-14.8,-4.3,0.513,0.466,BMNR,,124,18.5,13.0,,False
397,LITE,Lumentum Holdings Inc.,Technology,Communication Equipment,Growth,87.1,971.26,922.7,14.0,14.5,10.0,0.0,ok,0.0,ok,-1.33,,False,38.5,28.0,0.3,109.3,44.2,-240.0,48.0,32.1,21.8,0.481,0.478,GEV,,124,14.5,14.0,,False
398,TAP,Molson Coors Beverage Company,Consumer Defensive,Beverages - Brewers,Speculative,6.8,36.47,40.37,13.5,16.4,10.0,0.0,ok,-1.5,ok,2.56,,False,38.4,7.5,13.8,-3.3,37.0,-19.5,31.0,-15.7,-31.7,-0.335,0.339,GEV,,124,16.4,16.0,,False
399,AMGN,Amgen Inc.,Healthcare,Drug Manufacturers - General,Core,227.9,421.51,407.8,19.5,10.3,10.0,0.0,ok,-1.5,ok,2.51,,False,38.3,17.2,3.8,9.5,71.9,91.5,70.4,16.6,4.3,-0.023,0.127,AVGO,,124,10.3,17.0,,False
400,COHR,Coherent Corp.,Technology,Scientific & Technical Instrum,Growth,56.4,287.81,296.65,11.5,19.3,10.0,-2.0,ok,-0.5,ok,1.1,,False,38.3,20.5,-1.2,33.7,37.5,8.0,45.0,0.3,4.5,0.573,0.531,GEV,,124,19.3,13.0,,False
401,BALL,Ball Corporation,Consumer Cyclical,Packaging & Containers,Core,14.8,56.03,62.03,14.0,16.7,10.0,0.0,ok,-2.5,ok,3.41,,False,38.2,12.4,2.6,19.7,18.6,17.2,25.7,-6.5,-21.6,-0.075,0.169,AVGO,,124,16.7,11.0,,False
402,GILD,"Gilead Sciences, Inc.",Healthcare,Drug Manufacturers - General,Core,184.8,149.05,142.31,17.0,11.7,10.0,0.0,ok,-0.5,ok,1.46,,False,38.2,15.1,5.3,10.2,79.6,-20.7,58.9,9.5,-9.4,-0.102,0.181,AVGO,,124,11.7,17.0,,False
403,EA,Electronic Arts Inc.,Communication Services,Electronic Gaming & Multimedia,Core,52.9,209.7,205.27,18.0,10.2,10.0,0.0,ok,0.0,ok,-0.31,,False,38.2,21.7,3.2,18.9,79.9,16.5,80.9,3.4,-12.1,-0.184,0.179,GOOG,,86,10.2,15.0,,False
404,AME,"AMETEK, Inc.",Industrials,Specialty Industrial Machinery,Core,56.8,247.73,243.3,17.0,13.1,10.0,-2.0,ok,0.0,ok,0.73,,False,38.1,25.7,2.6,15.0,36.9,14.6,69.7,8.0,-0.8,0.53,0.54,GEV,,124,13.1,14.0,,False
405,DPZ,Domino's Pizza Inc,Consumer Cyclical,Restaurants,Speculative,9.9,299.61,332.35,15.5,16.0,10.0,0.0,ok,-3.5,ok,4.84,,False,38.0,14.4,5.4,4.3,28.7,,31.8,-15.6,-32.9,-0.188,0.307,NVDA,,124,16.0,11.0,,False
406,LEN,Lennar Corporation,Consumer Cyclical,Residential Construction,Core,19.7,81.59,83.81,11.5,18.0,10.0,0.0,ok,-1.5,ok,2.44,,False,38.0,15.5,,-8.7,16.0,6.0,51.8,-13.7,-21.9,0.196,0.173,GOOG,,124,18.0,11.0,,False
407,ATO,Atmos Energy Corporation,Utilities,Utilities - Regulated Gas,Core,26.4,156.44,167.84,11.5,19.0,10.0,0.0,ok,-2.5,ok,3.74,,False,38.0,17.3,-8.4,4.8,62.2,9.8,11.9,-10.3,-31.7,-0.202,0.247,AVGO,,124,19.0,20.0,,False
408,CLX,Clorox Company (The),Consumer Defensive,Household & Personal Products,Speculative,9.8,81.01,96.36,15.0,16.5,10.0,0.0,ok,-3.5,ok,4.79,,False,38.0,12.9,1.1,-2.0,42.3,163.8,30.8,-19.7,-37.2,-0.032,0.313,GOOG,,124,16.5,17.0,,False
409,XYL,Xylem Inc.,Industrials,Specialty Industrial Machinery,Core,23.6,101.27,113.01,16.0,12.0,10.0,0.0,ok,0.0,ok,0.9,,True,38.0,16.2,5.0,1.5,39.2,9.2,24.4,-16.6,-31.6,0.196,0.227,GEV,,124,16.0,14.0,,False
410,PNR,Pentair plc.,Industrials,Specialty Industrial Machinery,Speculative,8.5,52.99,61.5,16.5,12.0,10.0,0.0,ok,-0.5,ok,1.62,,True,38.0,10.3,6.6,-17.0,41.4,17.1,21.2,-35.1,-55.4,0.113,0.14,NVDA,,124,16.0,15.0,,False
411,VTRS,Viatris Inc.,Healthcare,Drug Manufacturers - Specialty,Core,20.4,17.72,16.95,16.0,13.5,10.0,0.0,ok,-1.5,ok,2.82,,False,38.0,6.6,13.2,4.9,40.3,-2.8,69.9,16.6,14.8,-0.058,0.175,AVGO,,124,13.5,16.0,,False
412,SOUN,"SoundHound AI, Inc.",Technology,Software - Application,Growth,2.7,6.02,6.61,11.5,16.4,10.0,0.0,ok,0.0,neg_ebitda_low_debt,,,False,37.9,,-1.7,45.0,42.3,-32.2,38.6,-23.6,-28.7,0.411,0.471,BMNR,,124,16.4,16.0,,False
413,SO,Southern Company (The),Utilities,Utilities - Regulated Electric,Core,95.4,82.89,89.97,12.5,18.8,10.0,0.0,ok,-3.5,ok,5.2,,False,37.8,16.8,-4.1,0.1,48.3,11.5,20.6,-9.5,-29.8,-0.225,0.269,AVGO,,124,18.8,19.0,,False
414,PEG,Public Service Enterprise Grou,Utilities,Utilities - Regulated Electric,Core,33.6,67.34,73.7,12.5,18.8,10.0,0.0,ok,-3.5,ok,5.49,,False,37.8,14.4,0.3,-8.9,33.3,11.8,21.6,-14.6,-33.2,-0.05,0.12,AVGO,,124,18.8,18.0,,False
415,TRGP,"Targa Resources, Inc.",Energy,Oil & Gas Midstream,Cyclical,58.0,270.31,281.24,16.0,14.3,10.0,0.0,ok,-2.5,ok,3.54,,False,37.8,22.4,0.1,4.2,43.2,70.8,23.0,9.9,-8.0,-0.214,0.201,NVDA,,124,14.3,13.0,,False
416,A,"Agilent Technologies, Inc.",Healthcare,Diagnostics & Research,Core,48.6,172.31,163.69,17.5,10.7,10.0,0.0,ok,-0.5,ok,1.15,,False,37.7,25.5,2.2,8.1,53.6,21.0,83.9,30.1,34.8,0.068,0.154,NVDA,,124,10.7,16.0,,False
417,NEE,"NextEra Energy, Inc.",Utilities,Utilities - Regulated Electric,Core,158.0,75.74,83.7,14.0,18.7,10.0,0.0,ok,-5.0,ok,7.35,,False,37.7,17.2,-11.2,12.4,61.0,11.7,16.9,-13.2,-34.8,0.069,0.123,GEV,,124,18.7,20.0,,False
418,ABBV,AbbVie Inc.,Healthcare,Drug Manufacturers - General,Core,462.3,261.59,257.57,17.5,11.6,10.0,0.0,ok,-1.5,ok,2.09,,False,37.6,16.1,3.6,10.2,72.8,,73.2,13.7,4.9,-0.402,0.439,AVGO,,124,11.6,17.0,,False
419,TDY,Teledyne Technologies Incorpor,Technology,Scientific & Technical Instrum,Core,28.1,606.81,636.13,14.5,13.6,10.0,0.0,ok,-0.5,ok,1.06,,False,37.6,22.7,3.2,9.8,43.3,9.2,62.4,-2.5,-16.1,0.485,0.459,GEV,,124,13.6,14.0,,False
420,TSCO,Tractor Supply Company,Consumer Cyclical,Specialty Retail,Core,16.3,31.29,33.39,14.5,15.6,10.0,0.0,ok,-2.5,ok,3.27,,False,37.6,15.3,0.6,2.3,36.5,39.5,28.6,-22.1,-47.3,-0.031,0.099,AVGO,,124,15.6,11.0,,False
421,CHTR,"Charter Communications, Inc.",Communication Services,Telecom Services,Core,14.4,110.9,140.6,19.0,12.0,10.0,0.0,ok,-3.5,ok,4.41,,True,37.5,,15.3,-1.7,55.2,27.2,24.0,-37.1,-65.0,-0.117,0.207,NVDA,,124,16.0,16.0,,False
422,ETN,"Eaton Corporation, PLC",Industrials,Specialty Industrial Machinery,Core,166.9,429.71,420.45,15.5,14.2,14.3,-4.0,ok,-2.5,ok,3.11,,False,37.5,26.6,1.9,21.4,36.0,19.7,57.9,11.1,4.1,0.703,0.675,GEV,,124,14.2,19.0,,False
423,BLDR,"Builders FirstSource, Inc.",Industrials,Building Products & Equipment,Speculative,6.1,57.01,66.62,14.5,16.5,10.0,0.0,ok,-3.5,ok,5.06,,False,37.5,12.9,7.6,-8.8,29.2,2.5,35.5,-34.0,-47.1,0.235,0.261,NVDA,,124,16.5,14.0,,False
424,MLM,"Martin Marietta Materials, Inc",Basic Materials,Building Materials,Cyclical,34.1,479.81,525.24,12.5,16.5,10.0,0.0,ok,-1.5,ok,2.93,,False,37.5,22.5,1.7,21.0,28.2,8.9,34.7,-18.9,-34.9,0.135,0.192,GOOG,,124,16.5,11.0,,False
425,WEC,"WEC Energy Group, Inc.",Utilities,Utilities - Regulated Electric,Core,32.8,100.78,107.25,12.0,19.0,10.0,0.0,ok,-3.5,ok,5.79,,False,37.5,16.8,-7.2,2.6,41.9,12.0,27.7,-8.9,-28.6,-0.179,0.26,AVGO,,124,19.0,19.0,,False
426,MAR,Marriott International,Consumer Cyclical,Lodging,Core,92.7,355.67,352.97,17.5,12.5,10.0,0.0,ok,-2.5,ok,3.6,,False,37.5,27.0,2.2,11.1,79.2,,72.3,2.1,-7.6,0.091,0.183,GOOG,,124,12.5,13.0,,False
427,JBHT,"J.B. Hunt Transport Services, ",Industrials,Integrated Freight & Logistics,Core,21.0,224.05,263.58,15.5,12.0,10.0,0.0,ok,0.0,ok,0.84,,True,37.5,22.4,4.3,19.4,18.5,18.4,19.7,-7.6,-10.4,0.075,0.124,NVDA,,124,17.2,14.0,,False
428,POOL,Pool Corporation,Industrials,Industrial Distribution,Speculative,5.9,161.87,184.34,17.0,12.0,10.0,0.0,ok,-1.5,ok,2.58,,True,37.5,13.7,3.6,2.2,29.6,31.3,19.4,-22.4,-35.8,0.029,0.159,GOOG,,124,16.0,14.0,,False
429,PFE,"Pfizer, Inc.",Healthcare,Drug Manufacturers - General,Core,162.6,28.52,27.15,18.0,10.9,10.0,0.0,ok,-1.5,ok,2.04,,False,37.4,9.8,7.7,2.6,74.7,5.0,69.3,9.3,-13.1,-0.159,0.222,AVGO,,124,10.9,17.0,,False
430,ONTO,Onto Innovation Inc.,Technology,Semiconductor Equipment & Mate,Growth,18.8,307.82,292.43,14.0,15.4,10.0,-2.0,ok,0.0,ok,-1.33,,False,37.4,26.3,1.1,35.3,55.5,6.8,63.7,22.5,33.7,0.648,0.607,GEV,,124,15.4,14.0,,False
431,WMB,"Williams Companies, Inc. (The)",Energy,Oil & Gas Midstream,Cyclical,83.1,67.97,72.32,15.0,15.9,10.0,0.0,ok,-3.5,ok,4.35,,False,37.4,26.4,-1.8,7.8,63.6,21.5,13.1,-4.1,-23.0,-0.041,0.143,BMNR,,124,15.9,14.0,,False
432,KMI,"Kinder Morgan, Inc.",Energy,Oil & Gas Midstream,Cyclical,67.1,30.15,31.58,14.5,16.3,10.0,0.0,ok,-3.5,ok,4.23,,False,37.3,19.5,1.6,10.8,49.4,11.0,33.0,-3.4,-25.6,-0.196,0.208,AVGO,,124,16.3,13.0,,False
433,ZBRA,Zebra Technologies Corporation,Technology,Communication Equipment,Core,17.7,373.31,354.64,18.0,10.8,10.0,0.0,ok,-1.5,ok,2.37,,False,37.3,16.8,3.3,20.4,49.6,15.3,70.1,40.5,62.2,0.255,0.294,AVGO,,124,10.8,14.0,,False
434,MTD,"Mettler-Toledo International, ",Healthcare,Diagnostics & Research,Core,30.3,1510.95,1435.4,16.5,11.3,10.0,0.0,ok,-0.5,ok,1.64,,False,37.3,29.2,2.3,4.5,60.3,,80.6,14.6,3.4,0.083,0.123,GOOG,,124,11.3,17.0,,False
435,SBUX,Starbucks Corporation,Consumer Cyclical,Restaurants,Core,107.1,93.96,102.77,13.0,16.7,10.0,0.0,ok,-2.5,ok,3.34,,False,37.2,30.1,2.9,-1.4,22.3,,23.7,-4.3,-10.9,-0.016,0.129,NVDA,,124,16.7,11.0,,False
436,MRVL,"Marvell Technology, Inc.",Technology,Semiconductors,Growth,237.4,264.21,251.0,15.5,13.6,10.0,-2.0,ok,0.0,ok,0.47,,False,37.1,39.0,1.0,36.5,52.2,16.5,66.5,60.8,150.5,0.585,0.521,AVGO,,124,13.6,14.0,,False
437,PLAB,"Photronics, Inc.",Technology,Semiconductor Equipment & Mate,Speculative,1.8,30.78,30.22,13.5,15.5,10.0,-2.0,ok,0.0,ok,-2.44,,False,37.0,14.8,1.6,2.7,33.7,13.8,61.4,-14.5,-40.2,0.535,0.525,GEV,,124,15.5,13.0,,False
438,PWR,"Quanta Services, Inc.",Industrials,Engineering & Construction,Growth,96.6,642.51,641.97,16.0,14.5,10.0,-2.0,ok,-1.5,ok,2.0,,False,37.0,32.5,2.0,41.1,15.5,15.3,57.9,6.7,0.7,0.59,0.607,GEV,,124,14.5,14.0,,False
439,IQV,"IQVIA Holdings, Inc.",Healthcare,Diagnostics & Research,Core,44.3,268.85,255.41,17.5,12.8,10.0,0.0,ok,-3.5,ok,4.65,,False,36.8,18.6,4.9,8.7,33.0,22.8,65.8,31.0,41.3,-0.13,0.238,GEV,,124,12.8,15.0,,False
440,LIN,Linde plc,Basic Materials,Specialty Chemicals,Cyclical,218.8,474.65,482.65,13.5,13.8,10.0,0.0,ok,-0.5,ok,1.67,,False,36.8,24.3,1.9,9.3,48.3,18.4,60.3,-2.1,-20.6,-0.123,0.172,GOOG,,124,13.8,12.0,,False
441,TSN,"Tyson Foods, Inc.",Consumer Defensive,Farm Products,Core,17.8,50.53,55.59,12.0,16.3,10.0,0.0,ok,-1.5,ok,2.62,,False,36.8,12.2,6.7,-0.1,6.6,3.3,38.9,-15.8,-37.5,-0.132,0.249,NVDA,,124,16.3,16.0,,False
442,FE,FirstEnergy Corp.,Utilities,Utilities - Regulated Electric,Core,25.1,43.33,46.64,11.5,18.8,10.0,0.0,ok,-3.5,ok,5.33,,False,36.8,14.7,-8.0,8.8,68.6,9.5,22.4,-8.0,-30.0,-0.232,0.304,AVGO,,124,18.8,20.0,,False
443,OKE,"ONEOK, Inc.",Energy,Oil & Gas Midstream,Growth,53.8,85.27,92.3,15.0,15.3,10.0,0.0,ok,-3.5,ok,4.28,,False,36.8,13.7,1.7,52.8,27.2,16.3,18.5,-0.7,-20.9,-0.299,0.292,AVGO,,124,15.3,12.0,,False
444,WELL,Welltower Inc.,Real Estate,REIT - Healthcare Facilities,Growth,165.9,230.24,236.63,14.0,16.3,10.0,0.0,ok,-3.5,ok,5.32,,False,36.8,72.4,1.7,39.1,39.6,3.8,39.7,8.1,0.5,-0.276,0.392,AVGO,,124,16.3,15.0,,False
445,FN,Fabrinet,Technology,Electronic Components,Growth,15.2,424.27,452.55,14.0,14.7,10.0,-2.0,ok,0.0,ok,-1.64,,False,36.7,19.5,-0.4,44.6,12.0,21.3,52.1,-20.3,-35.0,0.521,0.478,GEV,,124,14.7,13.0,,False
446,IREN,IREN LIMITED,Financial Services,Capital Markets,Core,16.1,40.88,41.33,7.5,21.2,10.0,-2.0,ok,0.0,financial_na,,,False,36.7,,-26.2,-26.7,68.9,-23.4,37.8,-10.2,2.9,0.624,0.505,AVGO,,124,21.2,16.0,,False
447,WST,"West Pharmaceutical Services, ",Healthcare,Medical Instruments & Supplies,Core,26.1,370.76,352.22,14.5,12.2,10.0,0.0,ok,0.0,ok,-0.13,,False,36.7,37.1,1.1,13.8,36.8,19.1,73.5,23.2,31.7,-0.002,0.061,GOOG,,124,12.2,15.0,,False
448,SW,Smurfit WestRock plc,Consumer Cyclical,Packaging & Containers,Core,23.1,44.1,46.74,13.0,15.2,10.0,0.0,ok,-1.5,ok,2.95,,False,36.7,12.9,5.3,1.1,18.2,2.7,59.6,2.9,-4.4,0.171,0.185,NVDA,,124,15.2,11.0,,False
449,CARR,Carrier Global Corporation,Industrials,Building Products & Equipment,Core,45.2,54.86,60.21,10.5,18.6,10.0,0.0,ok,-2.5,ok,3.57,,False,36.6,16.6,1.9,3.9,24.7,9.0,35.1,-10.7,-18.6,0.371,0.315,GEV,,124,18.6,14.0,,False
450,TMO,Thermo Fisher Scientific Inc,Healthcare,Diagnostics & Research,Core,249.6,675.05,641.3,17.0,12.1,10.0,0.0,ok,-2.5,ok,3.28,,False,36.6,24.5,2.5,10.5,41.0,13.5,83.2,24.7,21.0,-0.058,0.095,GEV,,124,12.1,16.0,,False
451,BA,Boeing Company (The),Industrials,Aerospace & Defense,Core,147.0,186.05,212.86,14.5,16.0,10.0,0.0,ok,-4.0,neg_ebitda_debt,,,False,36.5,45.1,3.8,8.0,4.7,173.5,30.8,-15.7,-22.9,0.375,0.351,GOOG,,124,16.0,14.0,,False
452,WYNN,"Wynn Resorts, Limited",Consumer Cyclical,Resorts & Casinos,Speculative,8.2,79.43,93.65,18.0,12.0,10.0,0.0,ok,-3.5,ok,5.66,,True,36.5,15.4,5.8,6.9,68.3,,20.6,-23.3,-37.9,0.102,0.141,GOOG,,124,15.9,13.0,,False
453,CPT,Camden Property Trust,Real Estate,REIT - Residential,Core,11.2,96.73,106.63,11.0,18.7,10.0,0.0,ok,-3.5,ok,5.4,,False,36.2,88.7,1.2,-0.8,61.6,7.9,21.9,-9.2,-17.3,-0.296,0.365,AVGO,,124,18.7,17.0,,False
454,AWK,"American Water Works Company, ",Utilities,Utilities - Regulated Water,Core,25.7,129.47,135.89,13.0,16.5,10.0,0.0,ok,-3.5,ok,5.44,,False,36.0,19.7,-6.9,6.2,61.5,10.1,10.0,-1.4,-20.6,-0.417,0.369,AVGO,,124,16.5,20.0,,False
455,LNT,Alliant Energy Corporation,Utilities,Utilities - Regulated Electric,Core,16.4,63.3,68.64,12.0,19.0,10.0,0.0,ok,-5.0,ok,6.61,,False,36.0,17.2,-6.9,1.0,44.5,11.1,23.8,-9.5,-27.5,-0.164,0.245,AVGO,,124,19.0,19.0,,False
456,NI,NiSource Inc,Utilities,Utilities - Regulated Gas,Core,18.7,39.0,42.05,10.5,19.0,10.0,0.0,ok,-3.5,ok,5.74,,False,36.0,17.3,-9.5,4.6,51.0,8.5,19.3,-12.7,-32.3,-0.05,0.133,AVGO,,124,19.0,19.0,,False
457,MCD,McDonald's Corporation,Consumer Cyclical,Restaurants,Core,163.4,230.94,260.73,16.5,12.0,10.0,0.0,ok,-2.5,ok,3.6,,True,36.0,16.7,3.8,3.7,57.4,,19.6,-20.5,-42.1,-0.172,0.277,NVDA,,124,16.0,12.0,,False
458,EIX,Edison International,Utilities,Utilities - Regulated Electric,Core,20.7,53.73,65.86,13.5,16.0,10.0,0.0,ok,-3.5,ok,4.85,,False,36.0,8.3,0.4,-4.1,61.0,19.7,32.4,-20.8,-42.1,-0.062,0.146,NVDA,,124,16.0,20.0,,False
459,CMI,Cummins Inc.,Industrials,Specialty Industrial Machinery,Core,71.1,516.57,588.42,16.0,12.0,10.0,-2.0,ok,0.0,ok,0.87,,True,36.0,14.9,3.1,9.4,25.8,21.1,24.6,-14.3,-20.4,0.591,0.587,GEV,,124,17.3,14.0,,False
460,DDOG,"Datadog, Inc.",Technology,Software - Application,Growth,98.3,273.85,260.16,15.0,10.9,10.0,0.0,ok,0.0,ok,-44.73,,False,35.9,92.1,1.1,35.6,79.5,4.7,85.7,49.5,115.6,0.003,0.142,NVDA,,124,10.9,17.0,,False
461,AEE,Ameren Corporation,Utilities,Utilities - Regulated Electric,Core,27.5,99.38,106.66,11.0,18.4,10.0,0.0,ok,-3.5,ok,5.57,,False,35.9,17.1,-6.5,-6.2,52.4,11.9,18.0,-7.6,-26.0,-0.218,0.254,AVGO,,124,18.4,19.0,,False
462,PPL,PPL Corporation,Utilities,Utilities - Regulated Electric,Core,24.8,32.89,34.61,10.5,18.9,10.0,0.0,ok,-3.5,ok,5.33,,False,35.9,15.5,-7.8,4.2,44.1,8.6,30.4,-8.7,-30.3,-0.194,0.252,AVGO,,124,18.9,19.0,,False
463,ETR,Entergy Corporation,Utilities,Utilities - Regulated Electric,Core,47.4,99.26,106.3,12.0,17.3,10.0,0.0,ok,-3.5,ok,5.56,,False,35.8,19.4,-9.3,5.9,47.0,10.2,21.8,-6.1,-27.5,-0.0,0.104,NVDA,,124,17.3,19.0,,False
464,LUV,Southwest Airlines Company,Industrials,Airlines,Core,20.4,41.64,42.57,10.5,15.7,10.0,0.0,ok,-0.5,ok,1.33,,False,35.7,8.9,-4.1,16.4,22.4,11.1,68.8,-4.2,-5.5,0.319,0.382,GOOG,,124,15.7,14.0,,False
465,AEP,American Electric Power Compan,Utilities,Utilities - Regulated Electric,Core,64.6,118.64,124.57,12.0,17.2,10.0,0.0,ok,-3.5,ok,5.86,,False,35.7,17.3,-9.3,7.0,46.4,10.1,25.6,-6.1,-25.2,-0.126,0.166,AVGO,,124,17.2,19.0,,False
466,DUK,Duke Energy Corporation (Holdi,Utilities,Utilities - Regulated Electric,Core,88.9,114.01,121.58,10.5,18.5,10.0,0.0,ok,-3.5,ok,5.51,,False,35.5,15.9,-5.0,1.1,52.0,9.9,17.7,-7.5,-28.5,-0.288,0.298,AVGO,,124,18.5,19.0,,False
467,MGM,MGM Resorts International,Consumer Cyclical,Resorts & Casinos,Speculative,7.9,31.05,41.69,18.5,12.0,10.0,0.0,ok,-5.0,ok,12.25,,True,35.5,15.0,11.1,1.0,44.2,18.9,9.7,-22.0,-32.5,-0.003,0.139,GEV,,124,15.9,12.0,,False
468,CNP,"CenterPoint Energy, Inc (Holdi",Utilities,Utilities - Regulated Electric,Core,24.2,36.8,40.01,11.5,18.9,10.0,0.0,ok,-5.0,ok,6.28,,False,35.4,17.6,-21.4,10.7,47.0,9.8,19.1,-11.0,-31.1,-0.198,0.269,AVGO,,124,18.9,19.0,,False
469,IRM,Iron Mountain Incorporated (De,Real Estate,REIT - Specialty,Core,33.0,110.95,119.72,13.0,17.4,10.0,0.0,ok,-5.0,ok,7.74,,False,35.4,40.6,-1.3,18.5,54.2,,37.7,-0.6,-7.7,0.36,0.294,GEV,,124,17.4,16.0,,False
470,GM,General Motors Company,Consumer Cyclical,Auto Manufacturers,Core,69.6,77.0,85.4,14.0,16.4,10.0,0.0,ok,-5.0,ok,6.32,,False,35.4,5.1,,1.9,10.2,3.2,37.2,-4.5,-13.0,0.23,0.328,BMNR,,124,16.4,11.0,fcf_yield_out_of_range(31.5),False
471,SWKS,"Skyworks Solutions, Inc.",Technology,Semiconductors,Core,12.9,85.48,81.21,12.0,13.3,10.0,0.0,ok,0.0,ok,-0.13,,False,35.3,17.2,3.5,-3.1,40.7,5.1,59.2,30.8,43.3,0.264,0.279,AVGO,,124,13.3,14.0,,False
472,CRWD,"CrowdStrike Holdings, Inc.",Technology,Software - Infrastructure,Core,271.1,264.75,251.51,14.0,11.3,10.0,0.0,ok,0.0,ok,-39.24,,False,35.3,,0.7,25.8,75.2,1.5,79.7,-35.3,-48.6,0.189,0.227,NVDA,,124,11.3,17.0,,False
473,CRWV,"CoreWeave, Inc.",Technology,Software - Infrastructure,Growth,48.0,87.12,86.22,12.5,19.8,10.0,-2.0,ok,-5.0,ok,12.16,,False,35.3,,-18.9,112.5,67.4,-43.6,39.5,-5.4,-3.9,0.516,0.427,GEV,,124,19.8,17.0,,False
474,JCI,Johnson Controls International,Industrials,Building Products & Equipment,Core,90.0,148.65,145.43,16.0,12.7,10.0,-2.0,ok,-1.5,ok,2.04,,False,35.2,24.5,3.3,9.3,36.7,14.3,57.7,8.5,-2.9,0.506,0.543,GEV,,124,12.7,14.0,,False
475,HII,"Huntington Ingalls Industries,",Industrials,Aerospace & Defense,Core,10.5,267.07,294.52,10.5,16.2,10.0,0.0,ok,-1.5,ok,2.5,,False,35.2,12.8,-2.9,10.9,12.4,13.0,33.6,-22.5,-46.1,0.128,0.127,BMNR,,124,16.2,14.0,,False
476,AMD,"Advanced Micro Devices, Inc.",Technology,Semiconductors,Growth,998.7,611.76,581.17,16.5,10.7,10.0,-2.0,ok,0.0,ok,-0.92,,False,35.2,39.3,0.9,50.1,55.7,10.2,71.5,65.7,184.4,0.623,0.528,AVGO,,124,10.7,14.0,,False
477,SBAC,SBA Communications Corporation,Real Estate,REIT - Specialty,Core,17.0,160.12,180.51,18.0,12.0,10.0,0.0,ok,-5.0,ok,8.12,,True,35.0,19.6,4.4,2.3,74.2,,8.8,-16.3,-23.3,-0.123,0.187,GEV,,124,16.0,17.0,,False
478,ED,"Consolidated Edison, Inc.",Utilities,Utilities - Regulated Electric,Core,37.8,102.21,107.49,12.0,16.5,10.0,0.0,ok,-3.5,ok,4.36,,False,35.0,15.7,-2.2,13.2,53.4,9.0,25.9,-4.6,-25.3,-0.347,0.361,AVGO,,124,16.5,19.0,,False
479,DHR,Danaher Corporation,Healthcare,Diagnostics & Research,Core,155.7,221.55,210.47,14.5,11.8,10.0,0.0,ok,-1.5,ok,2.93,,False,34.8,23.8,2.8,5.5,58.8,7.6,70.7,9.8,0.5,-0.151,0.24,AVGO,,124,11.8,16.0,,False
480,NCLH,Norwegian Cruise Line Holdings,Consumer Cyclical,Travel Services,Speculative,6.7,14.66,17.04,14.5,15.3,10.0,0.0,ok,-5.0,ok,6.08,,False,34.8,8.8,-25.0,4.9,42.5,36.7,46.9,-24.9,-38.0,0.221,0.385,GOOG,,124,15.3,14.0,,False
481,ADM,Archer-Daniels-Midland Company,Consumer Defensive,Farm Products,Core,38.3,79.38,82.15,11.5,14.7,10.0,0.0,ok,-1.5,ok,2.75,,False,34.7,14.0,3.0,7.2,6.9,7.6,25.1,7.3,-7.2,-0.207,0.198,BMNR,,124,14.7,16.0,,False
482,DE,Deere & Company,Industrials,Farm & Heavy Construction Mach,Core,181.1,671.55,644.51,14.5,15.1,10.0,0.0,ok,-5.0,ok,6.7,,False,34.6,29.4,2.5,4.9,25.2,18.2,47.2,14.9,2.8,0.146,0.146,GEV,,124,15.1,14.0,,False
483,AXON,"Axon Enterprise, Inc.",Industrials,Aerospace & Defense,Growth,34.3,422.52,533.38,14.0,15.6,10.0,0.0,ok,-5.0,ok,7.01,,False,34.6,40.1,0.6,35.3,59.5,6.2,30.4,-15.3,-16.9,0.097,0.224,GOOG,,124,15.6,15.0,,False
484,PCAR,PACCAR Inc.,Industrials,Farm & Heavy Construction Mach,Core,57.8,109.81,125.59,13.0,12.0,10.0,0.0,ok,-0.5,ok,1.88,,True,34.5,15.2,3.4,0.5,13.7,12.8,13.0,-8.8,-21.0,0.282,0.222,BMNR,,124,17.0,14.0,,False
485,PANW,"Palo Alto Networks, Inc.",Technology,Software - Infrastructure,Growth,325.0,397.31,377.44,14.0,10.5,10.0,0.0,ok,0.0,ok,-0.32,,False,34.5,81.4,1.3,34.5,70.4,1.7,73.8,60.5,131.5,0.237,0.268,NVDA,,124,10.5,17.0,,False
486,EXC,Exelon Corporation,Utilities,Utilities - Regulated Electric,Core,41.6,40.4,44.19,10.5,18.9,10.0,0.0,ok,-5.0,ok,6.09,,False,34.4,13.3,-6.5,9.9,42.4,9.7,17.8,-11.4,-34.0,-0.306,0.287,AVGO,,124,18.9,19.0,,False
487,HLT,Hilton Worldwide Holdings Inc.,Consumer Cyclical,Lodging,Core,71.6,318.12,318.16,14.0,13.9,10.0,0.0,ok,-3.5,ok,4.21,,False,34.4,30.4,1.9,2.5,79.0,,63.3,0.8,-11.8,0.179,0.26,GOOG,,124,13.9,13.0,,False
488,DOW,Dow Inc.,Basic Materials,Chemicals,Cyclical,19.9,27.54,29.98,9.0,17.8,10.0,0.0,ok,-2.5,ok,3.84,,False,34.3,16.0,1.2,19.7,9.8,-5.5,33.4,-13.5,-50.2,-0.225,0.191,GOOG,,124,17.8,11.0,,False
489,AI,"C3.ai, Inc.",Technology,Software - Infrastructure,Speculative,1.8,10.99,10.44,6.0,18.3,10.0,0.0,ok,0.0,neg_ebitda_low_debt,,,False,34.3,,0.9,-25.5,29.1,-59.8,58.8,6.5,14.2,0.244,0.416,BMNR,,124,18.3,15.0,,False
490,AEHR,Aehr Test Systems,Technology,Semiconductor Equipment & Mate,Growth,3.3,99.62,95.73,10.5,15.8,10.0,-2.0,ok,0.0,neg_ebitda_low_debt,,,False,34.3,72.0,-0.1,33.7,35.3,-4.2,53.9,45.5,152.3,0.547,0.477,GEV,,124,15.8,13.0,,False
491,BIIB,Biogen Inc.,Healthcare,Drug Manufacturers - General,Core,33.4,225.88,214.59,15.5,10.2,10.0,0.0,ok,-1.5,ok,2.1,,False,34.2,13.7,3.8,3.4,78.3,4.6,73.0,16.1,6.8,-0.201,0.202,AVGO,,124,10.2,17.0,,False
492,QBTS,D-Wave Quantum Inc.,Technology,Computer Hardware,Speculative,6.3,16.57,18.2,7.0,17.2,10.0,0.0,ok,0.0,neg_ebitda_low_debt,,,False,34.2,,-1.2,-0.6,,-28.0,45.8,-20.9,-1.5,0.477,0.473,BMNR,,124,17.2,15.0,,False
493,D,"Dominion Energy, Inc.",Utilities,Utilities - Regulated Electric,Core,53.2,60.52,66.46,11.5,17.7,10.0,0.0,ok,-5.0,ok,6.43,,False,34.2,15.9,-17.2,17.6,46.2,8.3,19.1,-5.6,-18.5,-0.085,0.107,NVDA,,124,17.7,19.0,,False
494,APD,"Air Products and Chemicals, In",Basic Materials,Specialty Chemicals,Cyclical,62.0,278.23,296.67,11.0,15.6,10.0,0.0,ok,-2.5,ok,3.71,,False,34.1,19.3,-2.4,4.6,32.1,0.0,29.5,-2.2,-20.0,-0.002,0.131,GEV,,124,15.6,11.0,,False
495,INTC,Intel Corporation,Technology,Semiconductors,Core,635.5,120.23,114.22,13.0,13.5,10.0,-2.0,ok,-0.5,ok,1.24,,False,34.0,58.3,0.8,25.4,38.9,-10.7,62.1,50.2,156.1,0.546,0.477,AVGO,,124,13.5,13.0,,False
496,O,Realty Income Corporation,Real Estate,REIT - Retail,Core,51.4,54.3,61.17,15.5,12.0,10.0,0.0,ok,-3.5,ok,5.74,,True,34.0,35.0,3.1,9.6,92.7,3.2,4.7,-11.7,-27.2,-0.232,0.28,NVDA,,124,19.0,17.0,,False
497,NRG,"NRG Energy, Inc.",Utilities,Utilities - Independent Power ,Core,20.1,95.65,116.39,17.0,12.0,10.0,0.0,ok,-5.0,ok,7.16,,True,34.0,8.5,3.8,11.0,18.8,23.8,14.6,-32.4,-50.7,0.332,0.395,GEV,,124,16.0,18.0,,False
498,BBAI,"BigBear.ai, Inc.",Technology,Information Technology Service,Speculative,1.3,2.65,2.96,7.5,16.5,10.0,0.0,ok,0.0,neg_ebitda_low_debt,,,False,34.0,,-16.4,13.2,27.9,-16.6,37.5,-34.1,-41.1,0.5,0.525,BMNR,,124,16.5,15.0,,False
499,NBIS,Nebius Group N.V.,Communication Services,Internet Content & Information,Growth,64.1,235.88,224.09,13.5,15.2,10.0,0.0,ok,-5.0,ok,8.35,,False,33.7,,-15.0,454.0,74.3,0.6,47.9,42.5,111.0,0.47,0.421,GEV,,124,15.2,15.0,,False
500,WAT,Waters Corporation,Healthcare,Diagnostics & Research,Growth,43.1,439.39,417.42,14.0,12.1,10.0,0.0,ok,-2.5,ok,3.4,,False,33.6,26.6,-0.3,113.4,56.3,1.9,73.0,21.0,31.2,0.151,0.191,AVGO,,124,12.1,16.0,,False
501,LHX,"L3Harris Technologies, Inc.",Industrials,Aerospace & Defense,Core,44.1,236.78,267.98,13.0,12.0,10.0,0.0,ok,-1.5,ok,2.29,,True,33.5,17.5,3.6,8.4,25.5,9.3,14.2,-23.9,-47.8,-0.167,0.186,GEV,,124,16.0,14.0,,False
502,CVS,CVS Health Corporation,Healthcare,Healthcare Plans,Core,109.6,85.69,96.09,14.0,12.0,10.0,0.0,ok,-2.5,ok,3.74,,True,33.5,10.0,7.4,7.1,13.6,6.2,23.6,-1.7,4.0,-0.133,0.207,AVGO,,124,19.6,15.0,,False
503,RVTY,"Revvity, Inc.",Healthcare,Diagnostics & Research,Core,17.1,152.89,145.25,14.5,10.5,10.0,0.0,ok,-1.5,ok,2.65,,False,33.5,26.0,3.5,1.3,55.0,3.2,82.6,44.8,58.3,0.127,0.139,NVDA,,124,10.5,16.0,,False
504,CMS,CMS Energy Corporation,Utilities,Utilities - Regulated Electric,Core,19.8,63.08,68.95,9.5,18.9,10.0,0.0,ok,-5.0,ok,6.32,,False,33.4,15.2,-11.1,-0.5,40.3,9.2,17.0,-13.0,-34.4,-0.258,0.286,AVGO,,124,18.9,19.0,,False
505,EVRG,"Evergy, Inc.",Utilities,Utilities - Regulated Electric,Core,18.1,78.44,82.04,10.5,16.4,10.0,0.0,ok,-3.5,ok,5.8,,False,33.4,17.2,-8.0,4.4,52.7,9.3,29.4,-2.9,-20.6,-0.198,0.285,AVGO,,124,16.4,19.0,,False
506,PNW,Pinnacle West Capital Corporat,Utilities,Utilities - Regulated Electric,Core,11.3,93.04,98.54,10.5,17.8,10.0,0.0,ok,-5.0,ok,7.68,,False,33.3,16.7,-8.2,7.1,43.4,9.4,31.2,-5.4,-23.2,-0.176,0.25,AVGO,,124,17.8,19.0,,False
507,SRE,DBA Sempra,Utilities,Utilities - Diversified,Core,51.0,77.96,84.68,9.5,18.8,10.0,0.0,ok,-5.0,ok,6.23,,False,33.3,14.1,-54.3,-0.1,44.0,6.7,20.5,-13.3,-36.1,-0.076,0.164,NVDA,,124,18.8,19.0,,False
508,XEL,Xcel Energy Inc.,Utilities,Utilities - Regulated Electric,Core,44.0,70.48,76.25,9.5,18.6,10.0,0.0,ok,-5.0,ok,6.47,,False,33.1,15.5,-18.0,-5.1,46.8,9.9,25.2,-9.5,-27.6,-0.076,0.17,NVDA,,124,18.6,19.0,,False
509,CAG,"ConAgra Brands, Inc.",Consumer Defensive,Packaged Foods,Speculative,6.4,13.44,15.22,14.5,12.0,10.0,0.0,ok,-3.5,ok,4.17,,True,33.0,8.7,13.4,3.6,24.0,-25.1,18.3,-12.8,-28.7,-0.313,0.341,AVGO,,124,18.4,16.0,,False
510,BWXT,"BWX Technologies, Inc.",Industrials,Aerospace & Defense,Core,12.6,137.0,158.57,14.5,12.0,10.0,-2.0,ok,-1.5,ok,2.96,,True,33.0,26.2,1.2,18.0,22.1,28.3,18.0,-28.0,-49.4,0.528,0.499,GEV,,124,15.9,14.0,,False
511,GIS,"General Mills, Inc.",Consumer Defensive,Packaged Foods,Core,17.2,32.16,37.39,13.5,12.0,10.0,0.0,ok,-2.5,ok,3.86,,True,33.0,10.2,7.6,-2.8,33.7,-10.5,18.8,-16.8,-28.5,-0.326,0.338,AVGO,,124,16.0,16.0,,False
512,COHU,"Cohu, Inc.",Technology,Semiconductor Equipment & Mate,Growth,3.2,68.14,64.73,14.0,11.0,10.0,-2.0,ok,0.0,ok,-13.22,,False,33.0,36.9,2.1,38.4,44.0,-4.8,70.0,57.8,106.2,0.618,0.595,GEV,,124,11.0,14.0,,False
513,CCI,Crown Castle Inc.,Real Estate,REIT - Specialty,Core,29.1,66.65,74.3,15.5,12.0,10.0,0.0,ok,-5.0,ok,8.31,,True,32.5,23.0,3.6,-4.9,73.7,,10.9,-19.7,-34.4,-0.264,0.344,GEV,,124,16.0,17.0,,False
514,OKLO,Oklo Inc.,Utilities,Utilities - Independent Power ,Speculative,6.9,37.02,41.1,8.0,16.4,10.0,-2.0,ok,0.0,neg_ebitda_low_debt,,,False,32.4,,-3.5,,,-7.7,35.0,-38.6,-41.7,0.618,0.479,BMNR,,124,16.4,19.0,,False
515,BG,Bunge Limited,Consumer Defensive,Farm Products,Growth,20.5,106.95,114.41,9.5,16.4,10.0,0.0,ok,-3.5,ok,5.21,,False,32.4,9.5,-31.5,88.3,4.9,7.2,19.6,-7.6,-32.3,-0.176,0.175,GEV,,124,16.4,16.0,,False
516,UCTT,"Ultra Clean Holdings, Inc.",Technology,Semiconductor Equipment & Mate,Speculative,3.7,81.06,78.73,9.0,17.1,10.0,-2.0,ok,-2.5,ok,3.74,,False,31.6,13.8,-2.2,24.3,15.8,-1.6,61.5,14.1,14.0,0.603,0.572,GEV,,124,17.1,13.0,,False
517,WBD,"Warner Bros. Discovery, Inc. -",Communication Services,Entertainment,Core,77.6,30.95,29.4,14.0,10.0,10.0,0.0,ok,-2.5,ok,3.67,,False,31.5,,20.8,-11.2,47.8,-8.8,83.8,11.8,-3.7,0.078,0.2,NVDA,,124,10.0,14.0,,False
518,VICI,VICI Properties Inc.,Real Estate,REIT - Diversified,Core,25.3,22.97,25.55,13.0,12.0,10.0,0.0,ok,-3.5,ok,4.82,,True,31.5,7.7,1.1,5.7,99.3,9.8,22.7,-16.0,-32.3,-0.318,0.339,GEV,,124,16.0,17.0,,False
519,MOS,Mosaic Company (The),Basic Materials,Agricultural Inputs,Cyclical,6.9,21.65,23.54,5.5,18.4,10.0,0.0,ok,-2.5,ok,3.37,,False,31.4,13.7,-10.8,-6.0,11.2,-5.1,22.3,-11.5,-31.5,0.181,0.2,BMNR,,124,18.4,11.0,,False
520,IFF,International Flavors & Fragra,Basic Materials,Specialty Chemicals,Cyclical,21.3,83.48,83.47,8.0,14.6,10.0,0.0,ok,-1.5,ok,2.99,,False,31.1,21.1,-8.1,1.8,36.6,-5.5,45.4,10.0,-1.3,0.148,0.234,GOOG,,124,14.6,11.0,,False
521,CRL,Charles River Laboratories Int,Healthcare,Diagnostics & Research,Core,14.2,295.01,280.26,11.0,12.6,10.0,0.0,ok,-2.5,ok,3.35,,False,31.1,23.2,3.3,-2.7,34.6,-7.5,65.0,41.4,54.7,0.119,0.161,BMNR,,124,12.6,15.0,,False
522,WULF,TeraWulf Inc.,Financial Services,Capital Markets,Speculative,7.4,14.8,16.67,7.0,15.9,10.0,-2.0,ok,0.0,financial_na,,,False,30.9,,-3.2,-6.0,,-1211.8,35.9,-18.0,-13.8,0.622,0.51,GEV,,124,15.9,16.0,,False
523,CIFR,Cipher Digital Inc.,Technology,Information Technology Service,Speculative,6.6,15.82,18.09,5.5,21.9,10.0,-2.0,ok,-5.0,ok,49.49,,False,30.4,120.1,-44.1,-43.0,,-167.5,44.1,-13.7,6.6,0.579,0.504,GEV,,124,21.9,15.0,,False
524,AES,The AES Corporation,Utilities,Utilities - Diversified,Core,10.6,14.9,14.78,10.0,15.1,10.0,0.0,ok,-5.0,ok,7.64,,False,30.1,6.3,-29.1,19.9,20.3,9.6,68.2,2.3,-9.3,0.133,0.213,AVGO,,124,15.1,18.0,,False
525,MRNA,"Moderna, Inc.",Healthcare,Biotechnology,Core,76.9,192.57,182.94,9.0,10.8,10.0,0.0,ok,0.0,neg_ebitda_low_debt,,,False,29.8,,0.4,2.1,,-39.0,79.4,190.8,262.7,0.042,0.248,BMNR,,124,10.8,15.0,,False
526,APLD,Applied Digital Corporation,Technology,Information Technology Service,Growth,7.3,24.37,27.5,9.5,16.3,10.0,-2.0,ok,-4.0,neg_ebitda_debt,,,False,29.8,,,406.6,25.9,-8.4,40.6,-24.2,-13.7,0.583,0.443,GEV,,124,16.3,15.0,fcf_yield_out_of_range(-68.1),False
527,F,Ford Motor Company,Consumer Cyclical,Auto Manufacturers,Core,48.1,12.06,13.88,4.5,19.1,10.0,0.0,ok,-5.0,ok,18.47,,False,28.6,6.2,-16.5,-3.8,7.1,-18.3,26.8,-10.0,-10.5,0.188,0.22,GOOG,,124,19.1,11.0,,False
528,PCG,Pacific Gas & Electric Co.,Utilities,Utilities - Regulated Electric,Core,36.8,12.25,15.77,10.5,12.0,10.0,0.0,ok,-5.0,ok,6.1,,True,27.5,6.8,-16.7,0.1,39.8,9.3,18.1,-26.0,-46.6,-0.029,0.081,NVDA,,124,15.8,18.0,,False
529,DTE,DTE Energy Company,Utilities,Utilities - Regulated Electric,Core,25.3,121.8,136.01,9.5,12.0,10.0,0.0,ok,-5.0,ok,7.69,,True,26.5,14.6,-10.2,-1.5,29.3,11.0,11.4,-13.4,-33.1,-0.124,0.188,AVGO,,124,18.9,18.0,,False
530,WY,Weyerhaeuser Company,Real Estate,REIT - Specialty,Core,13.7,19.05,23.3,8.0,12.0,10.0,0.0,ok,-5.0,ok,7.15,,True,25.0,28.3,0.1,-0.9,14.5,5.0,16.0,-21.1,-38.4,0.006,0.167,GOOG,,124,16.0,15.0,,False
