rank,ticker,name,sector,industry,category,mcap_B,current_price,entry_level,fundamental,technical,visibility,corr_penalty,corr_status,leverage_penalty,lev_status,nd_ebitda,dte_pct,broken_base,composite,fwd_pe,fcf_yield_pct,rev_growth_pct,gross_margin_pct,roe_pct,rsi,ma200_dist_pct,rel_str_6m_pct,portfolio_corr,max_corr,max_corr_with,corr_null_reason,n_corr_obs,technical_precap,visibility_legacy,data_flags,in_portfolio
1,TSM,Taiwan Semiconductor Manufactu,Technology,Semiconductors,Growth,2162.8,417.01,420.53,24.0,17.5,21.0,-2.0,ok,0.0,ok,-0.77,,False,60.5,19.1,,36.0,64.2,40.0,43.6,12.4,8.7,0.606,0.66,NVDA,,126,17.5,21.0,fcf_yield_out_of_range(33.8),False
2,GEV,GE Vernova Inc.,Industrials,Specialty Industrial Machinery,Compounder,250.8,941.84,1018.27,20.0,17.0,23.0,0.0,ok,0.0,ok,-2.29,,False,60.0,37.6,6.3,21.9,20.6,82.6,29.3,6.5,4.5,0.401,0.468,AVGO,,126,17.0,23.0,,False
3,AVGO,Broadcom Inc.,Technology,Semiconductors,Growth,1699.2,357.16,384.08,20.0,18.3,22.0,0.0,ok,-0.5,ok,1.08,,False,59.8,18.5,1.6,47.9,76.3,37.3,28.4,-3.3,-6.7,0.381,0.482,NVDA,,126,18.3,22.0,,True
4,GOOG,Alphabet Inc.,Communication Services,Internet Content & Information,Compounder,4146.9,339.08,346.67,19.0,18.1,20.0,0.0,ok,0.0,ok,-0.7,,False,57.1,22.9,0.5,24.2,60.9,48.7,44.8,1.4,-1.2,0.345,0.301,BMNR,,126,18.1,20.0,,True
5,LMT,Lockheed Martin Corporation,Industrials,Aerospace & Defense,Compounder,123.0,532.95,554.52,18.0,16.5,22.0,0.0,ok,-0.5,ok,1.73,,False,56.0,16.3,4.5,10.5,11.8,89.2,19.8,-4.0,-35.6,-0.083,0.153,AVGO,,126,16.5,22.0,,False
6,VRT,"Vertiv Holdings, LLC",Industrials,Electrical Equipment & Parts,Core,103.5,268.83,283.6,20.5,18.0,17.4,0.0,ok,0.0,ok,0.08,,False,55.9,29.5,2.6,24.1,38.0,43.9,36.1,4.7,-3.7,0.367,0.488,NVDA,,126,18.0,20.0,,False
7,ANET,"Arista Networks, Inc.",Technology,Computer Hardware,Growth,241.4,191.44,182.36,19.0,17.5,18.1,0.0,ok,0.0,ok,-2.88,,False,54.6,37.1,1.6,37.7,63.0,31.5,44.1,26.3,29.1,0.444,0.553,AVGO,,126,17.5,20.0,,False
8,NOC,Northrop Grumman Corporation,Industrials,Aerospace & Defense,Compounder,75.0,528.24,543.45,16.0,18.4,21.0,0.0,ok,-1.5,ok,2.03,,False,53.9,17.4,3.3,5.1,20.1,27.0,26.0,-12.3,-45.1,-0.036,0.239,AVGO,,126,18.4,21.0,,False
9,NVDA,NVIDIA Corporation,Technology,Semiconductors,Growth,5516.4,228.45,217.03,20.0,15.0,20.0,-2.0,ok,0.0,ok,-0.12,,False,53.0,14.8,0.8,105.9,74.7,117.2,52.3,16.3,13.5,0.503,0.482,AVGO,,126,15.0,20.0,,True
10,BX,Blackstone Inc.,Financial Services,Asset Management,Core,164.6,137.68,132.15,22.5,19.4,10.0,0.0,ok,0.0,financial_na,,,False,51.9,18.4,,28.6,100.0,31.4,37.2,6.2,10.9,0.304,0.327,GOOG,,126,19.4,16.0,,False
11,NXPI,NXP Semiconductors N.V.,Technology,Semiconductors,Core,56.7,224.99,251.69,22.0,20.2,10.0,0.0,ok,-0.5,ok,1.53,,False,51.7,12.4,6.3,19.5,56.1,27.9,37.6,-7.4,-2.8,0.228,0.399,AVGO,,126,20.2,14.0,,False
12,RTX,RTX Corporation,Industrials,Aerospace & Defense,Compounder,272.4,202.13,207.39,15.5,15.1,21.0,0.0,ok,-0.5,ok,1.92,,False,51.1,25.7,3.6,14.5,20.3,12.3,21.8,4.9,-18.6,-0.029,0.129,AVGO,,126,15.1,21.0,,False
13,ETN,"Eaton Corporation, PLC",Industrials,Specialty Industrial Machinery,Core,154.2,397.12,415.5,18.0,18.1,16.9,0.0,ok,-2.5,ok,3.11,,False,50.5,24.7,2.0,21.4,36.0,19.7,23.9,4.6,-0.1,0.413,0.482,AVGO,,126,18.1,19.0,,False
14,ADSK,"Autodesk, Inc.",Technology,Software - Application,Core,49.6,237.52,230.11,23.0,17.2,10.0,0.0,ok,0.0,ok,-0.2,,False,50.2,16.7,6.4,16.1,92.5,53.9,41.0,-4.0,-23.9,0.167,0.33,MSFT,,126,17.2,17.0,,False
15,AXP,American Express Company,Financial Services,Credit Services,Core,222.7,329.82,341.77,21.5,18.6,10.0,0.0,ok,0.0,financial_na,,,False,50.1,16.4,,12.8,62.3,34.4,35.7,-2.0,-5.0,0.386,0.383,GOOG,,126,18.6,18.0,,False
16,META,"Meta Platforms, Inc.",Communication Services,Internet Content & Information,Core,1555.7,610.68,594.01,18.0,14.8,17.0,0.0,ok,0.0,ok,0.2,,False,49.8,17.5,1.4,28.0,81.7,29.8,57.7,-1.8,-20.2,0.388,0.379,GOOG,,126,14.8,15.0,,False
17,RL,Ralph Lauren Corporation,Consumer Cyclical,Apparel Manufacturing,Core,20.5,344.2,380.13,22.0,17.6,10.0,0.0,ok,0.0,ok,0.67,,False,49.6,16.5,4.3,14.0,70.3,37.5,15.4,-5.8,-12.9,0.277,0.259,BMNR,,126,17.6,13.0,,False
18,SNDK,Sandisk Corporation,Technology,Computer Hardware,Growth,227.7,1554.99,1562.15,22.5,16.7,10.0,0.0,ok,0.0,ok,-0.36,,False,49.2,5.9,3.4,371.6,71.5,91.6,43.6,56.0,179.9,0.371,0.453,AVGO,,126,16.7,15.0,,False
19,LRCX,Lam Research Corporation,Technology,Semiconductor Equipment & Mate,Core,366.2,292.66,323.77,19.0,20.1,10.0,0.0,ok,0.0,ok,-0.17,,False,49.1,25.3,0.8,30.0,50.5,65.1,31.2,12.6,31.9,0.473,0.576,AVGO,,126,20.1,14.0,,False
20,QCOM,QUALCOMM Incorporated,Technology,Semiconductors,Core,180.0,168.57,170.03,19.0,20.1,10.0,0.0,ok,0.0,ok,0.58,,False,49.1,16.5,5.7,-4.0,54.2,33.8,54.3,0.7,9.3,0.284,0.398,AVGO,,126,20.1,14.0,,False
21,ORCL,Oracle Corporation,Technology,Software - Infrastructure,Core,443.7,154.04,146.34,17.5,18.0,19.0,-2.0,ok,-3.5,ok,4.44,,False,49.0,14.1,-5.5,20.6,65.8,53.4,53.4,-8.7,-13.9,0.629,0.529,MSFT,,126,18.0,19.0,,False
22,IDXX,"IDEXX Laboratories, Inc.",Healthcare,Diagnostics & Research,Core,41.7,529.29,558.54,19.5,19.4,10.0,0.0,ok,0.0,ok,0.55,,False,48.9,31.6,2.2,9.7,62.4,74.2,40.3,-12.9,-28.0,0.261,0.365,GOOG,,126,19.4,17.0,,False
23,FSLR,"First Solar, Inc.",Technology,Solar,Core,22.3,207.42,219.94,18.5,20.4,10.0,0.0,ok,0.0,ok,-0.64,,False,48.9,9.0,7.2,-3.7,44.0,18.5,32.4,-10.1,-5.3,0.441,0.401,AVGO,,126,20.4,14.0,,False
24,WDC,Western Digital Corporation,Technology,Computer Hardware,Growth,159.2,441.57,511.14,20.0,18.8,10.0,0.0,ok,0.0,ok,-0.08,,False,48.8,13.9,1.4,43.8,48.9,130.9,33.4,18.9,65.1,0.374,0.497,AVGO,,126,18.8,14.0,,False
25,EXPE,"Expedia Group, Inc.",Consumer Cyclical,Travel Services,Core,36.4,303.14,293.79,23.0,15.7,10.0,0.0,ok,0.0,ok,-0.5,,False,48.7,12.4,9.4,14.0,90.4,89.5,36.4,17.4,6.5,0.129,0.217,GOOG,,126,15.7,15.0,,False
26,NFLX,"Netflix, Inc.",Communication Services,Entertainment,Core,344.2,82.67,78.54,23.0,15.7,10.0,0.0,ok,0.0,ok,0.51,,False,48.7,21.6,7.4,13.4,49.1,49.5,63.4,-5.0,-31.5,0.116,0.245,MSFT,,126,15.7,14.0,,False
27,PYPL,"PayPal Holdings, Inc.",Financial Services,Credit Services,Core,48.6,56.82,54.77,20.0,18.5,10.0,0.0,ok,0.0,financial_na,,,False,48.5,9.8,9.1,4.8,40.5,24.5,37.2,11.4,6.0,0.239,0.289,MSFT,,126,18.5,17.0,,False
28,GD,General Dynamics Corporation,Industrials,Aerospace & Defense,Core,99.0,365.87,377.63,14.5,15.7,18.2,0.0,ok,0.0,ok,0.78,,False,48.4,19.7,4.4,8.1,15.4,17.8,19.5,3.5,-13.8,0.025,0.135,NVDA,,126,15.7,21.0,,False
29,MPWR,"Monolithic Power Systems, Inc.",Technology,Semiconductors,Growth,59.6,1213.65,1332.82,19.0,19.4,10.0,0.0,ok,0.0,ok,-1.39,,False,48.4,34.8,0.7,47.6,55.2,22.0,21.0,-2.7,3.9,0.437,0.547,AVGO,,126,19.4,14.0,,False
30,TXN,Texas Instruments Incorporated,Technology,Semiconductors,Core,231.8,253.83,281.1,19.0,19.2,10.0,0.0,ok,0.0,ok,0.74,,False,48.2,23.8,1.5,22.8,58.3,35.2,26.6,6.7,17.1,0.251,0.414,AVGO,,126,19.2,14.0,,False
31,TPR,"Tapestry, Inc.",Consumer Cyclical,Luxury Goods,Core,24.4,122.6,141.25,21.0,17.7,10.0,0.0,ok,-0.5,ok,1.39,,False,48.2,13.8,5.7,8.9,76.6,197.1,36.9,-11.2,-29.9,0.181,0.265,GOOG,,126,17.7,13.0,,False
32,CINF,Cincinnati Financial Corporati,Financial Services,Insurance - Property & Casualt,Growth,26.8,174.72,177.45,22.0,16.2,10.0,0.0,ok,0.0,financial_na,,,False,48.2,19.3,11.1,31.6,31.1,21.5,54.5,4.8,-8.7,-0.187,0.326,AVGO,,126,16.2,14.0,,False
33,ALAB,"Astera Labs, Inc.",Technology,Semiconductors,Growth,49.1,282.82,332.2,19.0,19.1,10.0,0.0,ok,0.0,ok,-4.23,,False,48.1,44.2,0.2,104.5,75.1,25.8,34.8,26.1,122.3,0.463,0.553,AVGO,,126,19.1,15.0,,False
34,ON,ON Semiconductor Corporation,Technology,Semiconductors,Core,28.7,73.65,84.41,16.0,22.1,10.0,0.0,ok,0.0,ok,0.4,,False,48.1,16.3,5.8,9.2,42.8,8.3,29.3,-5.8,14.6,0.36,0.485,AVGO,,126,22.1,14.0,,False
35,APO,"Apollo Global Management, Inc.",Financial Services,Asset Management,Growth,79.4,134.49,127.77,20.0,18.0,10.0,0.0,ok,0.0,financial_na,,,False,48.0,12.5,,63.8,36.1,11.4,37.7,5.4,8.8,0.289,0.327,GOOG,,126,18.0,14.0,,False
36,HSY,The Hershey Company,Consumer Defensive,Confectioners,Core,35.2,175.06,178.95,20.0,18.4,10.0,0.0,ok,-0.5,ok,1.89,,False,47.9,17.7,5.0,6.6,38.4,32.8,36.7,-8.4,-36.5,-0.204,0.335,AVGO,,126,18.4,16.0,,False
37,MAS,Masco Corporation,Industrials,Building Products & Equipment,Core,14.1,71.42,76.23,20.0,18.4,10.0,0.0,ok,-0.5,ok,1.95,,False,47.9,15.3,6.4,-2.9,37.2,5862.5,37.1,2.9,-2.8,0.286,0.286,BMNR,,126,18.4,14.0,,False
38,APP,Applovin Corporation,Communication Services,Advertising Agencies,Growth,105.3,313.58,396.09,22.5,15.3,10.0,0.0,ok,0.0,ok,0.09,,False,47.8,14.9,3.0,52.8,88.5,203.7,48.6,-35.6,-52.5,0.399,0.304,BMNR,,126,15.3,15.0,,False
39,TER,"Teradyne, Inc.",Technology,Semiconductor Equipment & Mate,Growth,52.9,338.59,374.23,20.0,17.8,10.0,0.0,ok,0.0,ok,-0.17,,False,47.8,29.1,0.8,103.9,59.2,36.5,26.3,7.4,9.1,0.406,0.518,AVGO,,126,17.8,14.0,,False
40,CSCO,"Cisco Systems, Inc.",Technology,Communication Equipment,Core,428.1,108.61,114.48,19.5,18.2,10.0,0.0,ok,0.0,ok,0.73,,False,47.7,19.4,2.7,17.6,64.6,27.3,38.9,15.1,23.9,0.215,0.358,AVGO,,126,18.2,15.0,,False
41,MS,Morgan Stanley,Financial Services,Capital Markets,Core,341.0,217.15,215.65,20.0,17.7,10.0,0.0,ok,0.0,financial_na,,,False,47.7,15.9,,28.0,87.6,18.0,49.7,14.4,21.3,0.486,0.418,BMNR,,126,17.7,16.0,,False
42,AON,Aon plc,Financial Services,Insurance Brokers,Core,69.4,327.0,353.0,20.0,17.7,10.0,0.0,ok,0.0,financial_na,,,False,47.7,16.0,4.6,2.2,48.2,44.7,34.2,-2.9,-18.7,-0.182,0.341,AVGO,,126,17.7,15.0,,False
43,UBER,"Uber Technologies, Inc.",Technology,Software - Application,Core,155.2,75.96,74.02,21.0,17.0,10.0,0.0,ok,-0.5,ok,1.25,,False,47.5,17.3,4.7,12.2,40.8,37.2,50.0,-0.6,-13.8,0.275,0.311,MSFT,,126,17.0,16.0,,False
44,TROW,"T. Rowe Price Group, Inc.",Financial Services,Asset Management,Core,23.7,110.88,114.41,20.5,17.0,10.0,0.0,ok,0.0,financial_na,,,False,47.5,10.7,8.6,10.7,51.6,19.4,51.6,7.8,9.5,0.266,0.347,BMNR,,126,17.0,15.0,,False
45,MMM,3M Company,Industrials,Conglomerates,Core,86.8,168.31,171.6,21.0,17.0,10.0,0.0,ok,-0.5,ok,1.21,,False,47.5,17.2,7.3,2.5,39.4,81.9,13.5,4.8,-5.2,0.098,0.218,GOOG,,126,17.0,14.0,,False
46,POWL,"Powell Industries, Inc.",Industrials,Electrical Equipment & Parts,Speculative,6.4,175.16,219.94,17.5,12.0,18.0,0.0,ok,0.0,ok,-2.67,,True,47.5,25.1,3.0,8.9,30.1,28.3,20.9,-12.4,-6.3,0.398,0.463,AVGO,,126,18.7,18.0,,False
47,CEG,Constellation Energy Corporati,Utilities,Utilities - Independent Power ,Compounder,101.0,285.05,270.8,12.5,16.5,21.0,0.0,ok,-2.5,ok,3.02,,False,47.5,21.4,-6.6,23.0,22.1,15.1,52.1,-3.7,-25.4,0.188,0.228,AVGO,,126,16.5,21.0,,False
48,GL,Globe Life Inc.,Financial Services,Insurance - Life,Core,13.6,176.52,178.55,20.0,17.3,10.0,0.0,ok,0.0,financial_na,,,False,47.3,10.7,8.6,8.0,33.9,20.9,41.1,14.9,9.5,0.173,0.249,GOOG,,126,17.3,14.0,,False
49,MSFT,Microsoft Corporation,Technology,Software - Infrastructure,Core,3787.9,510.12,484.61,18.0,13.3,16.0,0.0,ok,0.0,ok,0.27,,False,47.3,21.6,0.4,17.7,67.9,34.0,58.7,18.4,9.8,0.305,0.3,BMNR,,126,13.3,18.0,,True
50,HAS,"Hasbro, Inc.",Consumer Cyclical,Leisure,Core,13.1,93.0,89.07,22.0,15.7,10.0,0.0,ok,-0.5,ok,1.92,,False,47.2,14.3,5.2,16.2,63.8,159.6,33.6,4.1,-16.5,0.118,0.162,GOOG,,126,15.7,13.0,,False
51,ARES,Ares Management Corporation,Financial Services,Asset Management,Core,46.7,141.52,134.44,17.5,19.6,10.0,0.0,ok,0.0,financial_na,,,False,47.1,19.7,4.6,5.8,37.4,14.9,45.0,6.9,15.4,0.37,0.367,GOOG,,126,19.6,14.0,,False
52,BLK,"BlackRock, Inc.",Financial Services,Asset Management,Growth,183.0,1126.15,1089.07,20.5,16.6,10.0,0.0,ok,0.0,financial_na,,,False,47.1,17.5,4.1,30.6,47.2,12.3,37.0,6.6,2.9,0.428,0.419,GOOG,,126,16.6,15.0,,False
53,PTC,PTC Inc.,Technology,Software - Application,Core,16.3,150.08,142.58,21.0,16.1,10.0,0.0,ok,0.0,ok,0.98,,False,47.1,16.8,6.3,-6.8,84.5,35.1,50.5,0.8,-22.7,0.201,0.448,MSFT,,126,16.1,17.0,,False
54,WRB,W.R. Berkley Corporation,Financial Services,Insurance - Property & Casualt,Core,25.8,69.5,71.08,20.0,17.0,10.0,0.0,ok,0.0,financial_na,,,False,47.0,14.4,11.8,1.2,43.8,20.2,44.1,0.5,-15.6,-0.296,0.333,AVGO,,126,17.0,15.0,,False
55,WSM,"Williams-Sonoma, Inc.",Consumer Cyclical,Specialty Retail,Core,26.2,222.76,233.03,20.0,17.0,10.0,0.0,ok,0.0,ok,0.3,,False,47.0,21.2,4.1,6.7,45.7,55.0,24.0,9.4,5.0,0.23,0.24,GOOG,,126,17.0,12.0,,False
56,INCY,Incyte Corporation,Healthcare,Biotechnology,Growth,25.9,128.0,121.6,23.0,14.0,10.0,0.0,ok,0.0,ok,-2.32,,False,47.0,14.3,4.6,37.7,55.7,30.7,65.6,22.4,18.5,-0.084,0.176,AVGO,,126,14.0,16.0,,False
57,DECK,Deckers Outdoor Corporation,Consumer Cyclical,Footwear & Accessories,Core,11.5,84.5,97.52,21.0,15.9,10.0,0.0,ok,0.0,ok,-0.85,,False,46.9,10.1,7.6,5.7,57.8,42.6,32.8,-17.6,-33.9,0.257,0.354,GOOG,,126,15.9,12.0,,False
58,CPAY,"Corpay, Inc.",Technology,Software - Infrastructure,Core,27.6,419.68,398.7,23.0,15.4,10.0,0.0,ok,-1.5,ok,2.7,,False,46.9,13.3,7.1,21.5,80.5,29.2,51.8,24.8,18.5,0.216,0.237,MSFT,,126,15.4,17.0,,False
59,CDNS,"Cadence Design Systems, Inc.",Technology,Software - Application,Core,84.0,304.88,343.15,18.0,18.9,10.0,0.0,ok,0.0,ok,0.52,,False,46.9,31.9,1.9,24.2,85.9,23.2,39.4,-6.8,-12.3,0.496,0.406,NVDA,,126,18.9,17.0,,False
60,TEL,TE Connectivity plc,Technology,Electronic Components,Core,60.6,209.41,205.41,18.5,18.2,10.0,0.0,ok,0.0,ok,0.92,,False,46.7,16.2,3.9,13.8,36.1,23.3,42.8,-3.1,-13.2,0.312,0.298,BMNR,,126,18.2,13.0,,False
61,AMZN,"Amazon.com, Inc.",Consumer Cyclical,Internet Retail,Core,2792.6,258.9,253.32,17.0,16.4,15.3,-2.0,ok,0.0,ok,0.76,,False,46.7,24.9,0.1,19.6,50.8,30.6,46.4,8.3,6.5,0.555,0.642,GOOG,,126,16.4,17.0,,False
62,ADI,"Analog Devices, Inc.",Technology,Semiconductors,Growth,172.7,356.5,378.48,19.0,17.7,10.0,0.0,ok,0.0,ok,0.99,,False,46.7,21.8,2.4,39.6,65.8,12.2,20.4,2.7,-2.1,0.355,0.526,AVGO,,126,17.7,15.0,,False
63,KEYS,Keysight Technologies Inc.,Technology,Scientific & Technical Instrum,Growth,54.9,322.62,326.77,20.5,16.2,10.0,0.0,ok,0.0,ok,0.08,,False,46.7,23.6,3.5,36.5,64.7,20.9,29.1,12.1,3.5,0.374,0.589,AVGO,,126,16.2,15.0,,False
64,ROK,"Rockwell Automation, Inc.",Industrials,Specialty Industrial Machinery,Core,47.7,428.28,454.72,18.5,18.7,10.0,0.0,ok,-0.5,ok,1.5,,False,46.7,28.8,2.7,7.9,49.1,30.6,32.7,2.2,1.2,0.288,0.33,NVDA,,126,18.7,15.0,,False
65,ALL,Allstate Corporation (The),Financial Services,Insurance - Property & Casualt,Core,66.5,263.11,256.15,22.0,14.5,10.0,0.0,ok,0.0,financial_na,,,False,46.5,9.5,22.8,11.8,36.8,46.1,52.0,19.0,9.0,-0.263,0.364,NVDA,,126,14.5,14.0,,False
66,AOS,A.O. Smith Corporation,Industrials,Specialty Industrial Machinery,Speculative,8.2,60.53,61.34,18.0,18.5,10.0,0.0,ok,0.0,ok,0.63,,False,46.5,14.8,5.9,-0.7,38.6,27.1,44.0,-6.8,-30.4,0.136,0.248,NVDA,,124,18.5,14.0,,False
67,INTU,Intuit Inc.,Technology,Software - Application,Core,94.2,344.3,327.08,22.0,14.5,10.0,0.0,ok,0.0,ok,0.17,,False,46.5,12.6,6.8,13.7,81.0,23.6,49.3,-19.5,-43.2,0.112,0.335,MSFT,,126,14.5,17.0,,False
68,GDDY,GoDaddy Inc.,Technology,Software - Infrastructure,Core,13.1,103.63,98.45,22.0,14.9,10.0,0.0,ok,-0.5,ok,1.91,,False,46.4,9.4,9.2,6.6,63.8,442.9,66.8,7.6,-4.6,0.015,0.188,MSFT,,126,14.9,17.0,,False
69,SCHW,Charles Schwab Corporation (Th,Financial Services,Capital Markets,Core,190.9,110.38,104.86,21.5,14.8,10.0,0.0,ok,0.0,financial_na,,,False,46.3,14.1,,20.9,97.5,20.3,48.1,13.7,1.4,0.102,0.19,GOOG,,126,14.8,16.0,,False
70,TT,Trane Technologies plc,Industrials,Building Products & Equipment,Core,98.0,445.19,469.53,19.5,16.8,10.0,0.0,ok,0.0,ok,0.77,,False,46.3,25.4,3.2,10.6,35.4,36.6,26.0,0.3,-9.7,0.276,0.395,AVGO,,126,16.8,14.0,,False
71,PEP,"Pepsico, Inc.",Consumer Defensive,Beverages - Non-Alcoholic,Core,191.3,140.02,139.68,20.0,17.8,10.0,0.0,ok,-1.5,ok,2.25,,False,46.3,15.6,4.1,6.4,54.2,51.5,48.0,-5.5,-27.1,-0.151,0.316,AVGO,,126,17.8,17.0,,False
72,FIS,Fidelity National Information ,Technology,Information Technology Service,Core,21.8,42.28,41.83,22.0,17.7,10.0,0.0,ok,-3.5,ok,5.82,,False,46.2,6.3,12.2,29.1,35.8,22.3,45.7,-14.6,-32.1,0.065,0.336,MSFT,,126,17.7,15.0,,False
73,CL,Colgate-Palmolive Company,Consumer Defensive,Household & Personal Products,Core,71.8,90.09,91.88,21.0,15.7,10.0,0.0,ok,-0.5,ok,1.29,,False,46.2,21.9,4.8,4.9,60.4,267.4,42.5,3.2,-18.1,-0.07,0.224,AVGO,,126,15.7,18.0,,False
74,GS,"Goldman Sachs Group, Inc. (The",Financial Services,Capital Markets,Growth,302.2,1037.93,1044.23,21.0,17.1,10.0,-2.0,ok,0.0,financial_na,,,False,46.1,14.0,,42.5,82.1,16.9,49.7,9.9,11.4,0.523,0.507,NVDA,,126,17.1,16.0,,False
75,CBOE,"Cboe Global Markets, Inc.",Financial Services,Financial Data & Stock Exchang,Core,31.2,298.5,283.58,20.5,15.6,10.0,0.0,ok,0.0,financial_na,,,False,46.1,19.6,2.2,22.9,54.1,26.3,51.3,4.8,-15.9,-0.08,0.166,AVGO,,126,15.6,15.0,,False
76,STZ,"Constellation Brands, Inc.",Consumer Defensive,Beverages - Brewers,Core,22.0,129.09,133.44,20.0,18.6,10.0,0.0,ok,-2.5,ok,3.02,,False,46.1,10.4,10.0,-3.3,52.7,23.7,29.1,-10.6,-26.2,-0.072,0.174,AVGO,,126,18.6,17.0,,False
77,STX,Seagate Technology Holdings PL,Technology,Computer Hardware,Growth,181.0,798.61,857.05,20.0,16.1,10.0,0.0,ok,0.0,ok,0.49,,False,46.1,14.4,1.1,48.5,45.6,371.5,25.6,35.3,111.8,0.342,0.466,AVGO,,126,16.1,14.0,,False
78,WDAY,"Workday, Inc.",Technology,Software - Application,Core,49.9,206.92,196.57,20.5,15.5,10.0,0.0,ok,0.0,ok,0.23,,False,46.0,15.7,6.1,12.8,75.8,16.0,56.9,29.1,22.0,0.143,0.412,MSFT,,126,15.5,17.0,,False
79,NTAP,"NetApp, Inc.",Technology,Software - Infrastructure,Core,36.4,185.38,178.08,20.5,15.5,10.0,0.0,ok,0.0,ok,-0.45,,False,46.0,17.2,3.6,12.5,70.7,106.7,26.4,42.7,69.4,0.258,0.277,AVGO,,126,15.5,17.0,,False
80,ALLE,Allegion plc,Industrials,Security & Protection Services,Core,13.2,155.56,152.31,19.5,17.0,10.0,0.0,ok,-0.5,ok,1.81,,False,46.0,15.9,3.7,12.7,44.8,33.7,31.1,3.1,-11.1,0.078,0.157,NVDA,,126,17.0,17.0,,False
81,JBL,Jabil Inc.,Technology,Electronic Components,Core,32.1,305.92,328.4,16.5,19.9,10.0,0.0,ok,-0.5,ok,1.08,,False,45.9,18.2,3.8,11.8,9.2,65.9,23.2,4.7,12.0,0.447,0.54,AVGO,,126,19.9,13.0,,False
82,ARM,Arm Holdings plc,Technology,Semiconductors,Core,259.1,242.59,275.49,16.5,19.4,10.0,0.0,ok,0.0,ok,-3.2,,False,45.9,79.3,0.5,22.4,97.5,13.4,30.3,20.6,97.1,0.478,0.514,AVGO,,126,19.4,15.0,,False
83,DXCM,"DexCom, Inc.",Healthcare,Medical Devices,Core,33.9,89.71,85.22,20.5,15.4,10.0,0.0,ok,0.0,ok,-0.39,,False,45.9,28.7,3.0,13.1,62.5,38.5,49.8,26.8,16.8,0.212,0.278,GOOG,,126,15.4,17.0,,False
84,SYF,Synchrony Financial,Financial Services,Credit Services,Core,26.0,79.85,76.8,19.5,16.4,10.0,0.0,ok,0.0,financial_na,,,False,45.9,7.6,,0.6,0.0,20.8,46.4,6.8,5.3,0.336,0.32,GOOG,,126,16.4,16.0,,False
85,BRO,"Brown & Brown, Inc.",Financial Services,Insurance Brokers,Growth,24.3,72.56,69.82,21.5,14.4,10.0,0.0,ok,0.0,financial_na,,,False,45.9,15.0,6.8,32.4,56.3,10.0,57.0,4.7,-15.9,-0.174,0.389,AVGO,,126,14.4,15.0,,False
86,LVS,Las Vegas Sands Corp.,Consumer Cyclical,Resorts & Casinos,Core,28.8,44.51,46.13,21.0,16.4,10.0,0.0,ok,-1.5,ok,2.57,,False,45.9,12.6,7.7,-0.7,79.3,122.9,41.2,-17.6,-31.4,0.269,0.338,MSFT,,126,16.4,13.0,,False
87,KKR,KKR & Co. Inc.,Financial Services,Asset Management,Core,101.4,109.76,104.27,15.5,20.3,10.0,0.0,ok,0.0,financial_na,,,False,45.8,14.8,,7.8,54.8,7.3,42.0,4.0,5.5,0.334,0.299,GOOG,,126,20.3,15.0,,False
88,LULU,lululemon athletica inc.,Consumer Cyclical,Apparel Retail,Core,13.8,121.77,118.63,21.0,14.8,10.0,0.0,ok,0.0,ok,0.24,,False,45.8,10.9,8.2,4.3,55.7,32.0,52.9,-20.5,-43.4,0.347,0.365,MSFT,,126,14.8,12.0,,False
89,AMP,"Ameriprise Financial, Inc.",Financial Services,Asset Management,Core,49.9,565.08,536.83,22.0,13.8,10.0,0.0,ok,0.0,financial_na,,,False,45.8,10.9,5.8,11.6,54.9,63.4,47.4,16.4,7.0,0.248,0.262,MSFT,,126,13.8,15.0,,False
90,ADBE,Adobe Inc.,Technology,Software - Application,Core,113.6,285.75,271.46,23.0,12.7,10.0,0.0,ok,0.0,ok,0.15,,False,45.7,10.4,8.1,12.7,89.4,63.0,64.7,6.5,-14.2,0.191,0.398,MSFT,,126,12.7,17.0,,False
91,EOG,"EOG Resources, Inc.",Energy,Oil & Gas E&P,Growth,76.6,145.96,141.3,23.0,12.7,10.0,0.0,ok,0.0,ok,0.23,,False,45.7,10.2,5.8,58.7,62.6,22.5,55.8,14.2,-3.0,-0.369,0.328,BMNR,,126,12.7,14.0,,False
92,AVY,Avery Dennison Corporation,Consumer Cyclical,Packaging & Containers,Core,13.1,173.03,169.87,20.5,16.7,10.0,0.0,ok,-1.5,ok,2.28,,False,45.7,15.5,7.7,10.9,29.0,31.2,39.6,0.2,-18.6,0.144,0.176,MSFT,,126,16.7,11.0,,False
93,UHS,"Universal Health Services, Inc",Healthcare,Medical Care Facilities,Speculative,10.0,169.21,162.79,19.0,17.1,10.0,0.0,ok,-0.5,ok,1.9,,False,45.6,7.0,5.0,8.3,44.6,20.9,48.5,-9.1,-27.1,-0.064,0.139,GOOG,,126,17.1,16.0,,False
94,IT,"Gartner, Inc.",Technology,Information Technology Service,Core,12.3,195.46,185.69,21.0,15.1,10.0,0.0,ok,-0.5,ok,1.33,,False,45.6,11.9,8.5,-0.6,69.6,113.6,61.8,9.9,0.7,0.002,0.237,MSFT,,126,15.1,17.0,,False
95,MKC,"McCormick & Company, Incorpora",Consumer Defensive,Packaged Foods,Core,14.1,52.58,52.78,20.0,18.1,10.0,0.0,ok,-2.5,ok,3.17,,False,45.6,15.9,5.1,16.7,38.9,24.7,41.3,-7.5,-33.1,-0.117,0.256,NVDA,,126,18.1,16.0,,False
96,FDS,FactSet Research Systems Inc.,Financial Services,Financial Data & Stock Exchang,Core,11.1,312.96,297.31,20.0,15.6,10.0,0.0,ok,0.0,financial_na,,,False,45.6,15.9,5.6,6.4,51.4,27.0,68.6,25.7,23.6,0.041,0.339,MSFT,,126,15.6,15.0,,False
97,COF,Capital One Financial Corporat,Financial Services,Credit Services,Growth,135.3,220.5,211.52,18.0,17.6,10.0,0.0,ok,0.0,financial_na,,,False,45.6,9.2,,1111.0,0.0,9.0,41.0,6.4,2.5,0.325,0.351,GOOG,,126,17.6,16.0,,False
98,CAT,"Caterpillar, Inc.",Industrials,Farm & Heavy Construction Mach,Core,367.8,800.14,877.55,18.0,19.0,10.0,0.0,ok,-1.5,ok,2.41,,False,45.5,24.7,1.4,24.0,29.7,57.0,35.6,3.8,2.8,0.298,0.475,AVGO,,126,19.0,14.0,,False
99,CRDO,Credo Technology Group Holding,Technology,Semiconductors,Growth,30.9,164.17,232.16,23.5,12.0,10.0,0.0,ok,0.0,ok,-1.37,,True,45.5,17.1,,114.7,67.1,30.7,22.9,-6.3,34.5,0.383,0.471,AVGO,,126,22.7,15.0,,False
100,HBAN,Huntington Bancshares Incorpor,Financial Services,Banks - Regional,Growth,34.5,17.06,17.53,18.0,17.5,10.0,0.0,ok,0.0,financial_na,,,False,45.5,9.1,,47.6,0.0,9.0,33.5,1.0,-9.3,0.2,0.276,GOOG,,126,17.5,14.0,,False
101,ACMR,"ACM Research, Inc.",Technology,Semiconductor Equipment & Mate,Growth,4.8,69.42,86.49,14.5,20.9,10.0,0.0,ok,0.0,ok,-6.83,,False,45.4,24.0,-3.9,36.0,43.8,11.6,33.2,10.1,39.6,0.416,0.501,AVGO,,126,20.9,14.0,,False
102,EME,"EMCOR Group, Inc.",Industrials,Engineering & Construction,Core,32.7,741.32,781.39,18.0,17.3,10.0,0.0,ok,0.0,ok,-0.19,,False,45.3,20.2,3.0,19.8,19.4,40.3,29.7,-2.2,-9.9,0.459,0.422,AVGO,,126,17.3,14.0,,False
103,MU,"Micron Technology, Inc.",Technology,Semiconductors,Growth,1082.1,958.16,942.22,20.0,15.2,10.0,0.0,ok,0.0,ok,-0.29,,False,45.2,6.2,0.7,345.7,72.6,66.6,47.9,59.0,143.9,0.387,0.505,AVGO,,126,15.2,15.0,,False
104,ALGN,"Align Technology, Inc.",Healthcare,Medical Instruments & Supplies,Core,11.4,159.85,171.73,18.5,16.6,10.0,0.0,ok,0.0,ok,-1.08,,False,45.1,12.7,5.1,4.3,70.4,10.2,25.0,-6.2,-23.1,0.32,0.31,GOOG,,126,16.6,17.0,,False
105,PRU,"Prudential Financial, Inc.",Financial Services,Insurance - Life,Core,42.5,123.2,118.79,18.0,17.1,10.0,0.0,ok,0.0,financial_na,,,False,45.1,8.3,17.7,14.1,29.0,12.0,44.8,14.7,11.9,0.125,0.211,GOOG,,126,17.1,14.0,,False
106,CSX,CSX Corporation,Industrials,Railroads,Core,90.8,48.99,50.1,19.5,17.1,10.0,0.0,ok,-1.5,ok,2.64,,False,45.1,21.6,2.2,10.1,47.1,24.4,40.3,13.8,7.7,-0.005,0.181,MSFT,,126,17.1,15.0,,False
107,SNPS,"Synopsys, Inc.",Technology,Software - Infrastructure,Growth,79.8,416.31,413.83,20.0,17.6,10.0,0.0,ok,-2.5,ok,3.49,,False,45.1,23.8,4.3,42.4,82.9,3.7,48.3,-6.9,-19.8,0.431,0.443,NVDA,,126,17.6,17.0,,False
108,FIX,"Comfort Systems USA, Inc.",Industrials,Engineering & Construction,Core,55.6,1580.19,1719.07,17.0,18.1,10.0,0.0,ok,0.0,ok,0.12,,False,45.1,26.3,3.3,1.0,25.7,55.3,34.8,6.2,8.6,0.41,0.462,AVGO,,126,18.1,14.0,,False
109,AFL,AFLAC Incorporated,Financial Services,Insurance - Life,Core,59.3,118.36,121.52,17.5,17.5,10.0,0.0,ok,0.0,financial_na,,,False,45.0,15.7,8.7,-1.0,50.9,16.9,40.6,3.5,-8.6,-0.204,0.262,AVGO,,126,17.5,15.0,,False
110,PNC,"PNC Financial Services Group, ",Financial Services,Banks - Regional,Core,97.8,245.18,249.45,18.5,16.5,10.0,0.0,ok,0.0,financial_na,,,False,45.0,11.5,,23.6,0.0,12.6,32.3,9.8,4.9,0.059,0.226,GOOG,,126,16.5,14.0,,False
111,GE,GE Aerospace,Industrials,Aerospace & Defense,Core,346.0,333.48,357.9,18.0,17.0,10.0,0.0,ok,0.0,ok,0.9,,False,45.0,36.7,1.9,21.1,31.1,48.2,30.4,3.9,-11.6,0.242,0.377,GOOG,,126,17.0,14.0,,False
112,VLTO,Veralto Corp,Industrials,Pollution & Treatment Controls,Core,23.9,97.88,94.99,19.5,15.9,10.0,0.0,ok,-0.5,ok,1.06,,False,44.9,20.5,3.4,7.5,60.2,34.3,50.9,4.8,-11.0,-0.022,0.137,AVGO,,126,15.9,16.0,,False
113,GWW,"W.W. Grainger, Inc.",Industrials,Industrial Distribution,Core,61.8,1312.84,1340.44,19.5,15.4,10.0,0.0,ok,0.0,ok,0.69,,False,44.9,25.7,2.0,10.3,39.4,46.1,47.3,11.9,3.3,0.06,0.191,GOOG,,126,15.4,14.0,,False
114,LLY,Eli Lilly and Company,Healthcare,Drug Manufacturers - General,Growth,1034.1,1159.6,1191.07,20.0,15.4,10.0,0.0,ok,-0.5,ok,1.1,,False,44.9,24.5,1.1,47.7,83.4,102.3,45.9,9.3,2.3,-0.052,0.191,GOOG,,126,15.4,17.0,,False
115,UNP,Union Pacific Corporation,Industrials,Railroads,Core,171.8,289.15,293.14,20.5,15.9,10.0,0.0,ok,-1.5,ok,2.26,,False,44.9,20.4,2.7,11.5,56.3,39.7,44.5,11.5,-1.2,-0.152,0.182,MSFT,,126,15.9,15.0,,False
116,ROST,"Ross Stores, Inc.",Consumer Cyclical,Apparel Retail,Core,74.3,231.67,234.2,19.5,15.3,10.0,0.0,ok,0.0,ok,0.12,,False,44.8,25.9,2.9,13.3,34.2,42.6,35.5,9.2,-5.3,0.133,0.148,GOOG,,126,15.3,11.0,,False
117,FANG,"Diamondback Energy, Inc.",Energy,Oil & Gas E&P,Growth,56.8,202.94,194.82,21.0,14.3,10.0,0.0,ok,-0.5,ok,1.03,,False,44.8,11.2,8.9,52.5,72.4,3.5,50.7,12.9,-1.9,-0.233,0.301,GOOG,,126,14.3,14.0,,False
118,JPM,JP Morgan Chase & Co.,Financial Services,Banks - Diversified,Growth,962.4,362.06,349.3,19.0,15.8,10.0,0.0,ok,0.0,financial_na,,,False,44.8,14.5,,30.4,0.0,17.8,48.9,14.2,10.8,0.174,0.228,GOOG,,126,15.8,14.0,,False
119,XYL,Xylem Inc.,Industrials,Specialty Industrial Machinery,Core,25.2,107.89,117.75,16.0,18.8,10.0,0.0,ok,0.0,ok,0.9,,False,44.8,17.3,4.7,1.5,39.2,9.2,22.4,-13.2,-27.3,0.109,0.249,GOOG,,126,18.8,14.0,,False
120,ABNB,"Airbnb, Inc.",Consumer Cyclical,Travel Services,Core,110.9,185.25,175.99,20.5,14.3,10.0,0.0,ok,0.0,ok,-3.47,,False,44.8,30.2,2.9,16.5,82.9,34.5,51.5,33.2,24.1,0.321,0.272,GOOG,,126,14.3,15.0,,False
121,IBM,International Business Machine,Technology,Information Technology Service,Core,221.1,234.71,241.82,20.0,17.3,10.0,0.0,ok,-2.5,ok,3.47,,False,44.8,17.8,5.4,1.1,58.1,34.5,50.4,-10.1,-23.6,0.134,0.319,MSFT,,126,17.3,16.0,,False
122,DAL,"Delta Air Lines, Inc.",Industrials,Airlines,Core,51.8,78.75,86.81,17.0,19.3,10.0,0.0,ok,-1.5,ok,2.19,,False,44.8,9.1,5.4,18.7,18.7,20.1,24.1,6.6,18.9,0.355,0.362,GOOG,,126,19.3,14.0,,False
123,FISV,"Fiserv, Inc.",,,Core,28.0,52.73,52.05,15.5,19.2,10.0,0.0,ok,,unavailable,,,False,44.7,6.5,,,,,41.2,-9.6,-31.4,0.111,0.31,MSFT,,126,19.2,12.5,,False
124,KEY,KeyCorp,Financial Services,Banks - Regional,Core,23.6,22.12,22.74,17.5,17.2,10.0,0.0,ok,0.0,financial_na,,,False,44.7,10.4,,10.1,0.0,10.3,33.0,3.8,-3.6,0.201,0.26,GOOG,,126,17.2,14.0,,False
125,BF-B,Brown Forman Inc,Consumer Defensive,Beverages - Wineries & Distill,Core,12.6,27.51,27.25,17.5,17.7,10.0,0.0,ok,-0.5,ok,1.79,,False,44.7,16.1,5.5,-1.4,60.7,18.1,42.9,1.4,-5.0,-0.098,0.171,AVGO,,126,17.7,18.0,,False
126,POOL,Pool Corporation,Industrials,Industrial Distribution,Speculative,6.7,184.07,198.06,17.0,19.2,10.0,0.0,ok,-1.5,ok,2.58,,False,44.7,15.6,3.2,2.2,29.6,31.3,36.2,-14.1,-27.6,0.149,0.192,GOOG,,126,19.2,14.0,,False
127,UAL,"United Airlines Holdings, Inc.",Industrials,Airlines,Core,35.3,108.66,122.07,17.0,19.2,10.0,0.0,ok,-1.5,ok,2.4,,False,44.7,7.2,2.6,16.0,31.8,23.3,26.9,0.4,3.1,0.381,0.35,GOOG,,126,19.2,14.0,,False
128,TRV,"The Travelers Companies, Inc.",Financial Services,Insurance - Property & Casualt,Core,78.1,374.34,362.12,20.0,14.5,10.0,0.0,ok,0.0,financial_na,,,False,44.5,12.4,18.9,0.3,34.7,26.5,54.3,20.2,7.7,-0.212,0.274,AVGO,,126,14.5,14.0,,False
129,ROL,"Rollins, Inc.",Consumer Cyclical,Personal Services,Core,17.2,35.71,39.65,18.5,16.5,10.0,0.0,ok,-0.5,ok,1.16,,False,44.5,27.5,2.9,7.9,52.4,37.0,45.0,-31.6,-53.5,0.039,0.23,GOOG,,126,16.5,14.0,,False
130,FITB,Fifth Third Bancorp,Financial Services,Banks - Regional,Growth,49.9,54.97,56.63,18.0,16.5,10.0,0.0,ok,0.0,financial_na,,,False,44.5,11.1,,51.8,0.0,8.4,31.2,8.7,2.3,0.094,0.199,GOOG,,126,16.5,14.0,,False
131,MNST,Monster Beverage Corporation,Consumer Defensive,Beverages - Non-Alcoholic,Core,86.4,44.08,78.17,18.0,16.5,10.0,0.0,ok,0.0,ok,-1.13,,False,44.5,33.7,1.9,20.2,55.5,25.7,36.1,-44.4,-56.7,0.09,0.191,GOOG,,126,16.5,17.0,,False
132,FFIV,"F5, Inc.",Technology,Software - Infrastructure,Core,22.2,392.15,404.57,18.0,16.4,10.0,0.0,ok,0.0,ok,-1.47,,False,44.4,21.7,3.2,10.9,81.9,19.8,45.2,20.1,22.1,0.308,0.285,AVGO,,126,16.4,17.0,,False
133,MCHP,Microchip Technology Incorpora,Technology,Semiconductors,Growth,39.7,73.11,80.26,17.5,19.4,10.0,0.0,ok,-2.5,ok,3.4,,False,44.4,16.0,3.4,38.0,60.2,7.2,32.4,-5.2,-2.1,0.414,0.517,AVGO,,126,19.4,15.0,,False
134,NTRS,Northern Trust Corporation,Financial Services,Asset Management,Growth,34.3,187.45,183.61,17.5,16.8,10.0,0.0,ok,0.0,financial_na,,,False,44.3,14.8,,36.4,0.0,17.1,42.1,18.8,20.3,0.252,0.234,GOOG,,126,16.8,14.0,,False
135,SPGI,S&P Global Inc.,Financial Services,Financial Data & Stock Exchang,Core,132.8,450.58,428.05,19.5,14.8,10.0,0.0,ok,0.0,financial_na,,,False,44.3,22.3,4.1,10.4,70.9,14.3,68.0,0.4,-15.3,0.137,0.361,MSFT,,126,14.8,16.0,,False
136,SYK,Stryker Corporation,Healthcare,Medical Devices,Core,118.1,307.99,329.17,17.0,17.8,10.0,0.0,ok,-0.5,ok,1.62,,False,44.3,18.4,3.5,9.4,65.6,16.5,29.1,-8.9,-30.2,-0.07,0.224,AVGO,,126,17.8,17.0,,False
137,A,"Agilent Technologies, Inc.",Healthcare,Diagnostics & Research,Core,42.3,149.98,142.48,17.5,17.3,10.0,0.0,ok,-0.5,ok,1.15,,False,44.3,22.2,2.5,8.1,53.6,21.0,52.3,14.2,15.7,0.189,0.157,NVDA,,126,17.3,16.0,,False
138,ZTS,Zoetis Inc.,Healthcare,Drug Manufacturers - Specialty,Core,31.5,76.29,75.62,21.0,13.7,10.0,0.0,ok,-0.5,ok,1.86,,False,44.2,11.7,6.4,-0.2,71.7,64.9,57.7,-25.8,-51.9,0.05,0.161,NVDA,,126,13.7,17.0,,False
139,LII,"Lennox International, Inc.",Industrials,Building Products & Equipment,Core,13.3,386.08,476.52,18.5,16.2,10.0,0.0,ok,-0.5,ok,1.68,,False,44.2,14.7,2.1,3.0,33.3,71.8,30.1,-22.4,-40.1,0.224,0.277,NVDA,,126,16.2,14.0,,False
140,IBKR,"Interactive Brokers Group, Inc",Financial Services,Capital Markets,Core,158.4,92.95,91.99,20.0,16.2,10.0,-2.0,ok,0.0,financial_na,,,False,44.2,29.2,,26.3,93.0,24.0,51.4,18.1,24.4,0.592,0.569,BMNR,,126,16.2,16.0,,False
141,GOOGL,Alphabet Inc.,Communication Services,Internet Content & Information,Core,4188.5,342.48,348.67,19.0,17.2,10.0,-2.0,ok,0.0,ok,-0.7,,False,44.2,23.1,0.5,24.2,60.9,48.7,46.3,2.1,-0.1,0.566,0.995,GOOG,,126,17.2,15.0,,False
142,BR,Broadridge Financial Solutions,Technology,Information Technology Service,Core,20.4,178.91,169.96,20.0,14.6,10.0,0.0,ok,-0.5,ok,1.72,,False,44.1,15.5,5.9,7.5,31.8,40.9,61.9,1.2,-23.6,0.1,0.375,MSFT,,126,14.6,15.0,,False
143,USB,U.S. Bancorp,Financial Services,Banks - Regional,Core,99.0,63.53,63.01,17.5,16.6,10.0,0.0,ok,0.0,financial_na,,,False,44.1,11.0,,10.4,0.0,12.6,39.2,12.8,7.6,0.129,0.252,GOOG,,126,16.6,14.0,,False
144,KMB,Kimberly-Clark Corporation,Consumer Defensive,Household & Personal Products,Core,35.9,107.95,109.79,18.5,16.1,10.0,0.0,ok,-0.5,ok,1.6,,False,44.1,14.4,2.6,0.6,37.6,104.9,42.6,5.1,-11.7,-0.074,0.186,AVGO,,126,16.1,16.0,,False
145,OXY,Occidental Petroleum Corporati,Energy,Oil & Gas E&P,Growth,60.6,60.61,57.58,22.5,11.6,10.0,0.0,ok,0.0,ok,0.76,,False,44.1,15.8,6.3,53.4,73.3,10.6,62.1,16.1,-2.6,-0.299,0.357,GOOG,,126,11.6,14.0,,False
146,PODD,Insulet Corporation,Healthcare,Medical Devices,Core,10.4,150.58,154.45,20.5,13.6,10.0,0.0,ok,0.0,ok,0.67,,False,44.1,19.5,2.3,23.5,71.1,26.0,60.3,-28.7,-51.4,0.048,0.213,GOOG,,126,13.6,17.0,,False
147,DASH,"DoorDash, Inc.",Consumer Cyclical,Internet Retail,Growth,96.2,222.0,210.9,18.0,16.1,10.0,0.0,ok,0.0,ok,-1.42,,False,44.1,27.3,5.4,35.6,52.2,8.9,54.6,17.8,9.0,0.402,0.455,MSFT,,126,16.1,12.0,,False
148,GLW,Corning Incorporated,Technology,Electronic Components,Core,125.8,146.0,166.72,14.5,20.0,10.0,0.0,ok,-0.5,ok,1.68,,False,44.0,33.8,0.6,16.6,36.4,16.8,31.0,1.9,3.5,0.303,0.45,AVGO,,126,20.0,13.0,,False
149,EBAY,eBay Inc.,Consumer Cyclical,Internet Retail,Core,47.1,105.86,109.42,20.5,14.0,10.0,0.0,ok,-0.5,ok,1.24,,False,44.0,15.7,3.4,14.8,72.1,46.6,55.8,7.5,-0.8,0.158,0.226,GOOG,,126,14.0,13.0,,False
150,V,Visa Inc.,Financial Services,Credit Services,Core,707.1,378.75,362.3,20.5,13.5,10.0,0.0,ok,0.0,financial_na,,,False,44.0,25.2,2.9,14.4,97.7,61.2,64.0,13.7,4.6,0.036,0.225,MSFT,,126,13.5,18.0,,False
151,CVNA,Carvana Co.,Consumer Cyclical,Auto & Truck Dealerships,Growth,81.4,73.43,69.76,16.0,18.4,10.0,0.0,ok,-0.5,ok,1.02,,False,43.9,32.5,0.5,52.4,19.4,58.8,46.5,0.6,0.6,0.353,0.405,GOOG,,126,18.4,11.0,,False
152,PSA,Public Storage,Real Estate,REIT - Industrial,Core,57.1,305.73,320.81,20.0,15.4,10.0,0.0,ok,-1.5,ok,2.89,,False,43.9,30.2,4.1,3.3,74.4,21.9,26.3,3.2,-14.7,-0.015,0.242,GOOG,,126,15.4,17.0,,False
153,FTNT,"Fortinet, Inc.",Technology,Software - Infrastructure,Core,114.7,156.36,158.65,19.0,14.8,10.0,0.0,ok,0.0,ok,-1.35,,False,43.8,41.5,2.0,25.6,80.2,117.4,47.3,42.6,71.9,0.304,0.288,MSFT,,126,14.8,17.0,,False
154,BKNG,Booking Holdings Inc. Common S,Consumer Cyclical,Travel Services,Core,146.6,195.13,193.93,18.0,15.8,10.0,0.0,ok,0.0,ok,0.36,,False,43.8,15.8,5.3,8.1,87.2,,34.8,5.1,-7.7,0.115,0.201,GOOG,,126,15.8,15.0,,False
155,ESTC,Elastic N.V.,Technology,Software - Application,Core,10.1,96.13,91.32,21.0,12.8,10.0,0.0,ok,0.0,neg_ebitda_low_debt,,,False,43.8,24.4,5.0,15.1,75.6,33.1,58.9,50.6,64.0,0.324,0.471,MSFT,,126,12.8,17.0,,False
156,MDB,"MongoDB, Inc.",Technology,Software - Infrastructure,Growth,30.9,384.45,371.95,14.0,19.8,10.0,0.0,ok,0.0,ok,-170.08,,False,43.8,49.5,1.8,30.5,72.7,2.0,33.4,12.3,27.2,0.405,0.436,MSFT,,126,19.8,17.0,,False
157,RJF,"Raymond James Financial, Inc.",Financial Services,Asset Management,Core,34.8,181.1,172.05,19.0,14.7,10.0,0.0,ok,0.0,financial_na,,,False,43.7,12.8,,15.1,93.2,18.4,50.4,13.3,4.6,0.271,0.336,GOOG,,126,14.7,16.0,,False
158,ITW,Illinois Tool Works Inc.,Industrials,Specialty Industrial Machinery,Core,77.4,271.65,280.24,18.5,15.7,10.0,0.0,ok,-0.5,ok,1.84,,False,43.7,21.9,3.1,6.1,44.2,104.6,22.9,2.2,-16.3,0.039,0.15,NVDA,,126,15.7,15.0,,False
159,BAC,Bank of America Corporation,Financial Services,Banks - Diversified,Core,440.8,63.04,61.53,17.5,16.2,10.0,0.0,ok,0.0,financial_na,,,False,43.7,11.9,,16.8,0.0,11.2,41.1,15.3,14.7,0.176,0.247,GOOG,,126,16.2,14.0,,False
160,URI,"United Rentals, Inc.",Industrials,Rental & Leasing Services,Core,61.9,993.87,1090.26,18.5,17.6,10.0,0.0,ok,-2.5,ok,3.26,,False,43.6,17.4,2.8,11.8,38.5,28.9,17.0,7.5,8.1,0.015,0.137,AVGO,,126,17.6,16.0,,False
161,MTD,"Mettler-Toledo International, ",Healthcare,Diagnostics & Research,Core,27.2,1356.23,1358.56,16.5,17.6,10.0,0.0,ok,-0.5,ok,1.64,,False,43.6,26.2,2.6,4.5,60.3,,30.7,2.8,-2.8,0.173,0.158,GOOG,,126,17.6,17.0,,False
162,NVR,"NVR, Inc.",Consumer Cyclical,Residential Construction,Core,17.1,6373.95,6426.91,16.5,17.1,10.0,0.0,ok,0.0,ok,-0.0,,False,43.6,15.5,5.4,-10.9,21.8,31.5,54.1,-6.4,-23.4,0.058,0.175,GOOG,,126,17.1,11.0,,False
163,APA,APA Corporation,Energy,Oil & Gas E&P,Cyclical,15.5,44.18,41.97,21.0,12.6,10.0,0.0,ok,0.0,ok,0.6,,False,43.6,10.6,13.9,9.2,78.3,26.7,66.7,32.6,21.1,-0.336,0.312,GOOG,,126,12.6,14.0,,False
164,BBY,"Best Buy Co., Inc.",Consumer Cyclical,Specialty Retail,Core,18.4,87.49,83.75,18.0,15.6,10.0,0.0,ok,0.0,ok,0.71,,False,43.6,12.1,6.9,3.6,22.7,43.1,51.8,23.5,18.3,0.031,0.114,NVDA,,126,15.6,11.0,,False
165,HD,"Home Depot, Inc. (The)",Consumer Cyclical,Home Improvement Retail,Core,317.3,318.07,339.6,17.0,18.1,10.0,0.0,ok,-1.5,ok,2.48,,False,43.6,19.8,3.4,5.7,32.8,104.3,26.6,-7.3,-25.5,0.167,0.272,GOOG,,126,18.1,11.0,,False
166,TLN,Talen Energy Corporation,Utilities,Utilities - Independent Power ,Growth,14.6,305.52,349.58,17.5,12.0,19.0,0.0,ok,-5.0,ok,16.05,,True,43.5,9.9,8.6,111.2,42.1,-12.8,19.7,-14.7,-19.6,0.348,0.365,AVGO,,126,18.6,19.0,,False
167,PPG,"PPG Industries, Inc.",Basic Materials,Specialty Chemicals,Cyclical,24.6,110.75,115.99,17.5,17.5,10.0,0.0,ok,-1.5,ok,2.17,,False,43.5,12.8,4.5,7.2,41.2,19.3,38.8,0.1,-10.5,0.308,0.323,BMNR,,126,17.5,12.0,,False
168,SNA,Snap-On Incorporated,Industrials,Tools & Accessories,Core,19.9,384.19,403.03,17.5,16.0,10.0,0.0,ok,0.0,ok,-0.24,,False,43.5,18.0,5.6,4.2,51.8,17.9,25.2,2.3,-11.7,0.129,0.274,GOOG,,126,16.0,15.0,,False
169,UPS,"United Parcel Service, Inc.",Industrials,Integrated Freight & Logistics,Core,88.1,103.5,107.86,18.5,15.5,10.0,0.0,ok,-0.5,ok,2.0,,False,43.5,12.8,6.3,7.6,22.4,29.6,45.8,0.1,-12.1,0.179,0.198,NVDA,,126,15.5,14.0,,False
170,GEN,Gen Digital Inc.,Technology,Software - Infrastructure,Core,18.8,31.33,29.76,22.0,14.0,10.0,0.0,ok,-2.5,ok,3.17,,False,43.5,9.5,8.2,6.3,78.0,41.9,69.8,28.1,24.4,0.355,0.403,MSFT,,126,14.0,17.0,,False
171,MSCI,MSCI Inc.,Financial Services,Financial Data & Stock Exchang,Core,41.8,574.65,577.97,17.5,16.0,10.0,0.0,ok,0.0,financial_na,,,False,43.5,25.5,2.9,12.2,83.0,,53.1,0.6,-13.6,0.201,0.379,MSFT,,126,16.0,16.0,,False
172,MCD,McDonald's Corporation,Consumer Cyclical,Restaurants,Core,183.7,259.63,269.65,16.5,19.5,10.0,0.0,ok,-2.5,ok,3.6,,False,43.5,18.6,3.4,3.7,57.4,,32.2,-12.1,-35.8,-0.04,0.246,NVDA,,126,19.5,12.0,,False
173,WYNN,"Wynn Resorts, Limited",Consumer Cyclical,Resorts & Casinos,Speculative,9.4,91.56,98.15,18.0,18.9,10.0,0.0,ok,-3.5,ok,5.66,,False,43.4,17.7,5.1,6.9,68.3,,19.6,-14.4,-24.6,0.263,0.192,GOOG,,126,18.9,13.0,,False
174,LDOS,"Leidos Holdings, Inc.",Technology,Information Technology Service,Core,16.6,132.36,125.74,17.0,17.9,10.0,0.0,ok,-1.5,ok,2.45,,False,43.4,10.4,6.9,7.2,17.8,27.8,32.0,-13.6,-40.4,0.123,0.193,MSFT,,126,17.9,15.0,,False
175,ALB,Albemarle Corporation,Basic Materials,Specialty Chemicals,Growth,15.6,132.16,128.27,19.0,14.4,10.0,0.0,ok,0.0,ok,0.25,,False,43.4,11.7,8.6,31.1,24.0,2.6,44.9,-15.5,-33.3,0.226,0.251,AVGO,,126,14.4,11.0,,False
176,TPL,Texas Pacific Land Corporation,Energy,Oil & Gas E&P,Growth,25.3,366.5,388.49,18.0,15.3,10.0,0.0,ok,0.0,ok,-0.31,,False,43.3,5.0,-0.1,31.2,93.3,36.6,55.7,-6.3,-45.1,-0.015,0.071,MSFT,,126,15.3,14.0,,False
177,ADP,"Automatic Data Processing, Inc",Technology,Software - Application,Core,112.6,283.53,269.35,20.0,13.3,10.0,0.0,ok,0.0,ok,0.2,,False,43.3,21.2,4.7,6.8,48.7,72.2,63.1,20.2,11.4,-0.075,0.289,AVGO,,126,13.3,16.0,,False
178,EMR,Emerson Electric Company,Industrials,Specialty Industrial Machinery,Core,83.8,150.21,149.28,18.5,15.3,10.0,0.0,ok,-0.5,ok,1.92,,False,43.3,20.7,4.4,7.0,53.2,12.8,28.7,5.7,-5.9,0.378,0.364,NVDA,,126,15.3,15.0,,False
179,HUBB,Hubbell Inc,Industrials,Electrical Equipment & Parts,Core,24.3,460.15,486.58,18.5,17.2,10.0,0.0,ok,-2.5,ok,3.41,,False,43.2,20.1,2.0,15.3,35.3,24.4,24.9,-5.1,-17.4,0.193,0.335,AVGO,,126,17.2,14.0,,False
180,EQT,EQT Corporation,Energy,Oil & Gas E&P,Cyclical,34.8,55.61,52.83,18.5,14.7,10.0,0.0,ok,0.0,ok,0.79,,False,43.2,14.1,7.1,-3.9,80.7,11.1,60.2,-0.7,-24.9,-0.075,0.108,AVGO,,126,14.7,14.0,,False
181,AIG,"American International Group, ",Financial Services,Insurance - Diversified,Core,40.2,76.86,77.86,17.0,16.2,10.0,0.0,ok,0.0,financial_na,,,False,43.2,8.8,18.3,0.5,35.1,7.2,51.5,-0.4,-16.7,-0.074,0.225,AVGO,,126,16.2,14.0,,False
182,GEHC,GE HealthCare Technologies Inc,Healthcare,Medical Devices,Core,31.5,69.72,68.21,17.5,17.2,10.0,0.0,ok,-1.5,ok,2.36,,False,43.2,12.9,5.0,5.8,39.5,19.4,30.7,-4.1,-21.0,0.126,0.212,GOOG,,126,17.2,15.0,,False
183,MA,Mastercard Incorporated,Financial Services,Credit Services,Core,513.1,585.71,556.42,20.5,12.7,10.0,0.0,ok,0.0,financial_na,,,False,43.2,25.4,3.3,14.1,100.0,241.2,60.1,10.6,-2.6,0.112,0.416,MSFT,,126,12.7,18.0,,False
184,TTD,"The Trade Desk, Inc.",Communication Services,Advertising Agencies,Speculative,7.1,15.09,16.64,19.5,13.7,10.0,0.0,ok,0.0,ok,-1.51,,False,43.2,15.2,8.2,3.0,76.9,15.4,63.1,-40.0,-63.4,0.186,0.284,MSFT,,126,13.7,15.0,,False
185,SPG,"Simon Property Group, Inc.",Real Estate,REIT - Retail,Core,80.3,211.52,222.89,20.5,16.1,10.0,0.0,ok,-3.5,ok,5.54,,False,43.1,31.6,3.2,19.5,81.4,120.5,33.8,5.4,-5.1,-0.081,0.191,GOOG,,126,16.1,17.0,,False
186,CHRW,"C.H. Robinson Worldwide, Inc.",Industrials,Integrated Freight & Logistics,Core,17.1,146.68,168.85,16.5,17.1,10.0,0.0,ok,-0.5,ok,1.95,,False,43.1,19.6,2.8,19.3,8.4,37.1,46.2,-15.0,-33.3,-0.058,0.21,MSFT,,126,17.1,14.0,,False
187,AME,"AMETEK, Inc.",Industrials,Specialty Industrial Machinery,Core,53.7,234.2,241.42,17.0,16.1,10.0,0.0,ok,0.0,ok,0.73,,False,43.1,24.4,2.8,15.0,36.9,14.6,24.1,3.8,-9.3,0.302,0.393,AVGO,,126,16.1,14.0,,False
188,MCO,Moody's Corporation,Financial Services,Financial Data & Stock Exchang,Core,87.3,504.3,488.14,20.5,12.6,10.0,0.0,ok,0.0,financial_na,,,False,43.1,26.7,3.0,15.1,75.0,76.9,60.1,6.9,-7.8,0.201,0.368,MSFT,,126,12.6,16.0,,False
189,DDOG,"Datadog, Inc.",Technology,Software - Application,Growth,77.1,214.76,249.39,15.0,18.0,10.0,0.0,ok,0.0,ok,-44.73,,False,43.0,72.3,1.4,35.6,79.5,4.7,29.2,21.9,55.8,0.251,0.307,MSFT,,126,18.0,17.0,,False
190,HIG,"The Hartford Insurance Group, ",Financial Services,Insurance - Diversified,Core,37.9,140.0,138.95,20.0,13.0,10.0,0.0,ok,0.0,financial_na,,,False,43.0,10.2,14.5,8.1,37.9,22.1,55.3,3.0,-14.4,-0.182,0.311,AVGO,,126,13.0,14.0,,False
191,DVA,DaVita Inc.,Healthcare,Medical Care Facilities,Core,11.6,181.66,208.87,19.5,17.0,10.0,0.0,ok,-3.5,ok,4.5,,False,43.0,10.5,9.0,5.2,32.4,88.5,52.8,10.9,5.5,-0.032,0.172,GOOG,,126,17.0,15.0,,False
192,C,"Citigroup, Inc.",Financial Services,Banks - Diversified,Core,231.7,138.14,135.43,16.0,17.0,10.0,0.0,ok,0.0,financial_na,,,False,43.0,10.7,,15.5,0.0,8.5,47.3,12.7,15.3,0.378,0.317,NVDA,,126,17.0,14.0,,False
193,MRSH,Marsh,Financial Services,Insurance Brokers,Core,89.9,188.46,184.47,19.0,14.0,10.0,0.0,ok,0.0,financial_na,,,False,43.0,16.5,5.3,6.2,44.0,25.9,51.2,6.3,-11.5,-0.185,0.412,AVGO,,126,14.0,15.0,,False
194,STE,STERIS plc (Ireland),Healthcare,Medical Devices,Core,22.1,226.83,225.04,16.0,17.0,10.0,0.0,ok,0.0,ok,0.95,,False,43.0,18.5,3.6,7.3,44.4,11.4,38.8,-2.6,-16.5,0.029,0.162,GOOG,,126,17.0,16.0,,False
195,UNH,UnitedHealth Group Incorporate,Healthcare,Healthcare Plans,Core,359.9,400.94,412.11,15.5,18.0,10.0,0.0,ok,-0.5,ok,1.57,,False,43.0,17.9,6.7,0.4,19.7,14.2,49.3,14.5,26.1,0.054,0.099,MSFT,,126,18.0,15.0,,False
196,NEM,Newmont Corporation,Basic Materials,Gold,Cyclical,137.4,130.43,123.91,22.0,11.0,10.0,0.0,ok,0.0,ok,-0.2,,False,43.0,12.9,6.4,15.1,68.0,25.9,63.3,20.5,-2.8,0.416,0.46,BMNR,,126,11.0,13.0,,False
197,PH,Parker-Hannifin Corporation,Industrials,Specialty Industrial Machinery,Core,121.6,964.52,991.76,17.5,16.0,10.0,0.0,ok,-0.5,ok,1.45,,False,43.0,24.6,2.4,9.8,37.5,25.1,27.2,3.3,-10.3,0.143,0.275,NVDA,,126,16.0,14.0,,False
198,FOX,Fox Corporation,Communication Services,Entertainment,Core,25.4,60.47,57.45,18.0,15.0,10.0,0.0,ok,0.0,ok,0.87,,False,43.0,10.5,2.2,28.1,36.6,14.3,45.5,6.4,-3.6,-0.009,0.166,AVGO,,126,15.0,13.0,,False
199,ACN,Accenture plc,Technology,Information Technology Service,Core,118.2,193.12,183.46,18.5,14.4,10.0,0.0,ok,0.0,ok,-0.14,,False,42.9,13.2,10.2,5.6,32.0,24.4,66.6,-4.5,-24.4,0.019,0.293,MSFT,,126,14.4,15.0,,False
200,DOV,Dover Corporation,Industrials,Specialty Industrial Machinery,Core,25.7,191.07,208.07,16.0,16.9,10.0,0.0,ok,0.0,ok,0.79,,False,42.9,16.4,3.5,6.9,40.1,14.9,25.8,-8.9,-23.3,0.257,0.279,GOOG,,126,16.9,15.0,,False
201,NKE,"Nike, Inc.",Consumer Cyclical,Footwear & Accessories,Core,57.5,38.77,41.56,16.5,16.4,10.0,0.0,ok,0.0,ok,0.41,,False,42.9,16.9,3.3,-1.1,43.2,22.1,40.8,-24.5,-46.9,0.192,0.213,MSFT,,126,16.4,12.0,,False
202,CFG,"Citizens Financial Group, Inc.",Financial Services,Banks - Regional,Core,29.8,70.83,71.47,16.0,16.9,10.0,0.0,ok,0.0,financial_na,,,False,42.9,10.9,,14.7,0.0,8.3,33.2,11.5,8.0,0.159,0.232,GOOG,,126,16.9,14.0,,False
203,FDX,FedEx Corporation,Industrials,Integrated Freight & Logistics,Core,76.8,324.31,319.58,18.0,16.2,10.0,0.0,ok,-1.5,ok,2.48,,False,42.7,15.6,7.4,12.5,27.3,14.8,39.3,-2.5,-24.3,0.203,0.243,GOOG,,126,16.2,14.0,,False
204,CMCSA,Comcast Corporation,Communication Services,Telecom Services,Core,94.6,26.65,25.32,18.5,15.7,10.0,0.0,ok,-1.5,ok,2.43,,False,42.7,7.4,13.4,-1.2,69.4,11.5,54.3,-0.2,-30.5,-0.044,0.184,NVDA,,126,15.7,17.0,,False
205,PG,Procter & Gamble Company (The),Consumer Defensive,Household & Personal Products,Core,341.2,146.92,146.76,18.5,14.7,10.0,0.0,ok,-0.5,ok,1.01,,False,42.7,19.9,3.9,1.5,50.9,30.3,57.2,0.1,-18.6,-0.02,0.227,GOOG,,126,14.7,17.0,,False
206,ORLY,"O'Reilly Automotive, Inc.",Consumer Cyclical,Auto Parts,Core,70.7,87.38,88.99,15.5,18.6,10.0,0.0,ok,-1.5,ok,2.24,,False,42.6,23.9,2.2,8.1,51.6,,34.1,-5.3,-22.6,-0.081,0.198,NVDA,,126,18.6,12.0,,False
207,RMD,ResMed Inc.,Healthcare,Medical Instruments & Supplies,Core,33.1,229.19,217.73,18.5,14.1,10.0,0.0,ok,0.0,ok,-0.31,,False,42.6,17.3,2.8,8.6,61.6,24.3,55.6,0.6,-24.0,0.043,0.31,GOOG,,126,14.1,17.0,,False
208,AMD,"Advanced Micro Devices, Inc.",Technology,Semiconductors,Growth,744.7,456.16,500.37,16.5,16.0,10.0,0.0,ok,0.0,ok,-0.92,,False,42.5,29.5,1.2,50.1,55.7,10.2,27.7,34.2,122.1,0.483,0.541,AVGO,,126,16.0,14.0,,False
209,TKO,"TKO Group Holdings, Inc.",Communication Services,Entertainment,Core,35.9,189.42,190.02,16.5,17.5,10.0,0.0,ok,-1.5,ok,2.69,,False,42.5,47.5,2.4,18.2,59.5,7.1,37.4,-3.8,-21.1,0.21,0.198,BMNR,,126,17.5,14.0,,False
210,WM,"Waste Management, Inc.",Industrials,Waste Management,Core,88.6,221.72,228.42,17.5,16.4,10.0,0.0,ok,-1.5,ok,2.93,,False,42.4,24.3,2.6,4.0,40.6,29.8,43.4,-1.4,-24.5,-0.376,0.378,AVGO,,126,16.4,15.0,,False
211,SHW,Sherwin-Williams Company (The),Basic Materials,Specialty Chemicals,Cyclical,80.7,332.26,343.11,18.5,16.4,10.0,0.0,ok,-2.5,ok,3.13,,False,42.4,24.4,3.1,7.5,49.0,65.1,26.0,-0.5,-14.2,0.246,0.316,GOOG,,126,16.4,12.0,,False
212,PLTR,Palantir Technologies Inc.,Technology,Software - Infrastructure,Growth,438.6,182.53,173.4,20.0,12.4,10.0,0.0,ok,0.0,ok,-3.45,,False,42.4,78.9,0.5,92.8,84.8,38.1,56.6,20.6,1.2,0.476,0.417,MSFT,,126,12.4,17.0,,False
213,ULTA,"Ulta Beauty, Inc.",Consumer Cyclical,Specialty Retail,Core,23.8,557.11,529.25,18.5,14.4,10.0,0.0,ok,-0.5,ok,1.19,,False,42.4,17.4,3.8,8.9,43.1,46.1,64.4,0.2,-28.8,0.161,0.168,MSFT,,126,14.4,12.0,,False
214,INVH,Invitation Homes Inc.,Real Estate,REIT - Residential,Core,16.9,28.45,29.92,19.0,16.9,10.0,0.0,ok,-3.5,ok,5.65,,False,42.4,41.6,6.9,10.1,56.3,7.1,25.3,2.7,-5.1,-0.12,0.283,AVGO,,126,16.9,16.0,,False
215,DHI,"D.R. Horton, Inc.",Consumer Cyclical,Residential Construction,Core,40.4,144.41,149.8,15.0,17.8,10.0,0.0,ok,-0.5,ok,1.24,,False,42.3,12.3,6.0,0.0,21.3,12.6,43.5,-3.4,-16.6,0.18,0.204,GOOG,,126,17.8,11.0,,False
216,HST,"Host Hotels & Resorts, Inc.",Real Estate,REIT - Hotel & Motel,Core,15.3,21.99,23.56,17.0,16.8,10.0,0.0,ok,-1.5,ok,2.18,,False,42.3,20.9,11.1,3.6,29.2,15.6,33.6,5.9,0.6,0.112,0.296,GOOG,,126,16.8,15.0,,False
217,IVZ,Invesco Ltd,Financial Services,Asset Management,Core,14.4,32.71,31.07,16.5,15.8,10.0,0.0,ok,0.0,financial_na,,,False,42.3,10.0,7.9,20.5,29.5,-0.6,51.4,21.1,24.3,0.498,0.435,BMNR,,126,15.8,14.0,,False
218,HWM,Howmet Aerospace Inc.,Industrials,Aerospace & Defense,Core,103.9,260.49,275.63,18.0,14.8,10.0,0.0,ok,-0.5,ok,1.47,,False,42.3,40.6,1.1,24.1,36.0,34.7,32.7,6.3,-10.8,0.23,0.323,GOOG,,126,14.8,14.0,,False
219,MTB,M&T Bank Corporation,Financial Services,Banks - Regional,Core,34.7,240.06,244.79,16.5,15.8,10.0,0.0,ok,0.0,financial_na,,,False,42.3,11.4,,6.2,0.0,10.7,32.2,9.2,-0.9,0.061,0.234,GOOG,,126,15.8,14.0,,False
220,L,Loews Corporation,Financial Services,Insurance - Property & Casualt,Core,22.5,110.04,113.79,16.0,16.3,10.0,0.0,ok,0.0,financial_na,,,False,42.3,37.9,5.6,3.9,36.3,9.3,35.3,1.2,-14.6,-0.177,0.237,NVDA,,126,16.3,14.0,,False
221,CHD,"Church & Dwight Company, Inc.",Consumer Defensive,Household & Personal Products,Core,23.4,98.59,99.27,17.5,15.3,10.0,0.0,ok,-0.5,ok,1.6,,False,42.3,24.4,4.0,1.6,45.6,17.0,41.5,4.2,-16.7,-0.062,0.217,GOOG,,126,15.3,17.0,,False
222,ERIE,Erie Indemnity Company,Financial Services,Insurance Brokers,Core,13.5,258.37,246.04,16.0,16.2,10.0,0.0,ok,0.0,financial_na,,,False,42.2,18.4,3.6,2.8,17.9,24.8,51.9,1.9,-14.9,-0.245,0.352,AVGO,,126,16.2,14.0,,False
223,ABT,Abbott Laboratories,Healthcare,Medical Devices,Core,188.2,108.79,104.07,17.0,16.7,10.0,0.0,ok,-1.5,ok,2.32,,False,42.2,17.9,3.8,13.0,56.8,10.6,44.0,2.7,-15.0,-0.077,0.278,AVGO,,126,16.7,16.0,,False
224,ZBRA,Zebra Technologies Corporation,Technology,Communication Equipment,Core,16.9,357.5,339.62,18.0,15.7,10.0,0.0,ok,-1.5,ok,2.37,,False,42.2,16.1,3.4,20.4,49.6,15.3,37.9,39.3,47.8,0.302,0.314,AVGO,,126,15.7,14.0,,False
225,RF,Regions Financial Corporation,Financial Services,Banks - Regional,Core,25.9,30.44,30.88,16.5,15.7,10.0,0.0,ok,0.0,financial_na,,,False,42.2,10.7,,3.4,0.0,11.9,34.5,7.5,-2.4,0.118,0.264,GOOG,,126,15.7,14.0,,False
226,BRK-B,Berkshire Hathaway Inc. New,Financial Services,Insurance - Diversified,Core,1087.8,508.13,502.78,18.5,13.7,10.0,0.0,ok,0.0,financial_na,,,False,42.2,22.9,6.6,10.0,30.3,12.1,55.4,3.2,-13.1,0.007,0.21,MSFT,,126,13.7,14.0,,False
227,TFC,Truist Financial Corporation,Financial Services,Banks - Regional,Core,63.0,51.61,51.51,15.0,17.1,10.0,0.0,ok,0.0,financial_na,,,False,42.1,10.4,,8.2,0.0,9.1,40.7,4.9,-2.8,0.067,0.189,GOOG,,126,17.1,14.0,,False
228,EXPD,Expeditors International of Wa,Industrials,Integrated Freight & Logistics,Growth,24.3,187.13,177.77,17.5,14.6,10.0,0.0,ok,0.0,ok,-0.37,,False,42.1,23.6,3.3,32.1,13.5,42.7,53.3,18.1,12.5,-0.027,0.084,MSFT,,126,14.6,14.0,,False
229,TDG,Transdigm Group Incorporated,Industrials,Aerospace & Defense,Core,64.0,1157.83,1245.37,18.5,18.6,10.0,0.0,ok,-5.0,ok,6.03,,False,42.1,23.9,2.3,22.5,59.8,,21.9,-8.8,-25.5,0.17,0.353,GOOG,,126,18.6,15.0,,False
230,CPRT,"Copart, Inc.",Industrials,Specialty Business Services,Core,31.1,33.58,31.9,17.0,15.1,10.0,0.0,ok,0.0,ok,-2.09,,False,42.1,20.0,3.2,2.1,47.5,17.6,63.2,-2.6,-26.0,-0.002,0.282,AVGO,,126,15.1,17.0,,False
231,MDT,Medtronic plc.,Healthcare,Medical Devices,Core,119.2,93.1,88.44,18.5,14.0,10.0,0.0,ok,-0.5,ok,1.92,,False,42.0,14.5,,13.7,65.3,,55.5,4.3,-11.7,-0.063,0.262,AVGO,,126,14.0,17.0,,False
232,EW,Edwards Lifesciences Corporati,Healthcare,Medical Devices,Core,51.7,89.78,89.63,16.5,15.5,10.0,0.0,ok,0.0,ok,-1.78,,False,42.0,26.6,2.4,13.6,77.8,9.2,39.5,5.7,-5.0,0.276,0.31,GOOG,,126,15.5,17.0,,False
233,OTIS,Otis Worldwide Corporation,Industrials,Specialty Industrial Machinery,Core,27.2,71.48,72.4,15.5,19.0,10.0,0.0,ok,-2.5,ok,3.04,,False,42.0,15.7,5.3,7.3,30.3,,44.2,-10.2,-34.3,0.037,0.198,GOOG,,126,19.0,14.0,,False
234,MGM,MGM Resorts International,Consumer Cyclical,Resorts & Casinos,Core,10.5,41.13,45.07,18.5,18.5,10.0,0.0,ok,-5.0,ok,12.25,,False,42.0,19.9,8.4,1.0,44.2,18.9,23.9,4.0,0.7,0.217,0.206,MSFT,,126,18.5,12.0,,False
235,AAPL,Apple Inc.,Technology,Consumer Electronics,Core,4790.0,328.21,314.25,20.5,11.4,10.0,0.0,ok,0.0,ok,0.13,,False,41.9,34.4,2.2,16.4,48.7,148.8,74.8,15.8,12.6,0.18,0.226,BMNR,,126,11.4,14.0,,False
236,LOW,"Lowe's Companies, Inc.",Consumer Cyclical,Home Improvement Retail,Core,113.3,201.9,213.69,15.5,18.9,10.0,0.0,ok,-2.5,ok,3.05,,False,41.9,15.5,4.1,8.3,33.0,,25.5,-14.3,-34.4,0.136,0.282,GOOG,,126,18.9,11.0,,False
237,IR,Ingersoll Rand Inc.,Industrials,Specialty Industrial Machinery,Core,29.3,75.4,81.77,14.5,17.9,10.0,0.0,ok,-0.5,ok,1.85,,False,41.9,19.2,3.8,8.5,42.8,9.5,24.2,-8.0,-27.7,0.24,0.269,GOOG,,126,17.9,15.0,,False
238,FAST,Fastenal Company,Industrials,Industrial Distribution,Core,56.5,49.23,48.63,17.0,14.9,10.0,0.0,ok,0.0,ok,0.12,,False,41.9,35.2,1.6,14.7,44.7,34.3,39.0,9.1,-8.4,0.03,0.17,GOOG,,126,14.9,15.0,,False
239,TRMB,Trimble Inc.,Technology,Scientific & Technical Instrum,Core,14.0,60.1,57.09,17.0,15.4,10.0,0.0,ok,-0.5,ok,1.41,,False,41.9,14.6,4.9,11.0,71.8,-1.9,58.9,-7.4,-29.2,0.341,0.333,MSFT,,126,15.4,15.0,,False
240,GIS,"General Mills, Inc.",Consumer Defensive,Packaged Foods,Core,21.0,39.26,37.74,16.0,15.9,10.0,0.0,ok,0.0,ok,-0.12,,False,41.9,12.2,11.0,2.2,33.7,-1.0,50.3,-0.5,-24.8,-0.133,0.317,AVGO,,126,15.9,16.0,,False
241,PGR,Progressive Corporation (The),Financial Services,Insurance - Property & Casualt,Core,130.1,223.87,217.44,19.5,12.4,10.0,0.0,ok,0.0,financial_na,,,False,41.9,13.7,11.6,7.3,18.5,34.9,66.8,7.4,-8.6,-0.306,0.385,AVGO,,126,12.4,14.0,,False
242,WST,"West Pharmaceutical Services, ",Healthcare,Medical Instruments & Supplies,Core,24.1,342.73,350.25,14.5,17.4,10.0,0.0,ok,0.0,ok,-0.13,,False,41.9,34.4,1.2,13.8,36.8,19.1,41.6,16.9,24.6,0.079,0.108,GOOG,,126,17.4,15.0,,False
243,CF,"CF Industries Holdings, Inc.",Basic Materials,Agricultural Inputs,Cyclical,20.9,137.81,130.92,22.0,9.8,10.0,0.0,ok,0.0,ok,0.29,,False,41.8,13.3,6.1,17.6,42.5,29.9,79.9,28.3,4.6,-0.368,0.322,GOOG,,126,9.8,12.0,,False
244,EFX,"Equifax, Inc.",Industrials,Consulting Services,Core,22.2,189.09,179.64,18.5,14.8,10.0,0.0,ok,-1.5,ok,2.75,,False,41.8,18.6,4.3,10.6,55.5,14.3,59.7,0.7,-23.7,0.041,0.224,MSFT,,126,14.8,17.0,,False
245,PHM,"PulteGroup, Inc.",Consumer Cyclical,Residential Construction,Core,23.7,124.31,129.01,15.0,16.8,10.0,0.0,ok,0.0,ok,0.42,,False,41.8,11.1,4.6,-9.6,25.6,14.9,39.3,-0.6,-17.5,0.154,0.22,GOOG,,126,16.8,11.0,,False
246,FTV,Fortive Corporation,Technology,Scientific & Technical Instrum,Core,17.4,57.57,60.75,17.0,16.3,10.0,0.0,ok,-1.5,ok,2.61,,False,41.8,17.7,5.4,7.9,63.2,7.3,30.9,-0.7,-14.5,0.104,0.142,NVDA,,126,16.3,15.0,,False
247,VMC,Vulcan Materials Company (Hold,Basic Materials,Building Materials,Cyclical,33.7,260.23,283.44,14.5,18.8,10.0,0.0,ok,-1.5,ok,2.03,,False,41.8,24.1,2.5,2.5,27.5,13.2,29.0,-9.7,-20.1,0.113,0.242,GOOG,,126,18.8,11.0,,False
248,FOXA,Fox Corporation,Communication Services,Entertainment,Core,28.5,67.71,64.32,15.5,16.2,10.0,0.0,ok,0.0,ok,0.87,,False,41.7,11.6,2.0,28.1,36.6,14.3,44.6,6.9,-1.7,-0.01,0.136,AVGO,,126,16.2,13.0,,False
249,HCA,"HCA Healthcare, Inc.",Healthcare,Medical Care Facilities,Core,88.6,409.2,402.52,17.0,17.2,10.0,0.0,ok,-2.5,ok,3.2,,False,41.7,12.8,4.2,8.7,42.6,,53.2,-9.5,-38.0,0.0,0.189,GOOG,,126,17.2,16.0,,False
250,BSX,Boston Scientific Corporation,Healthcare,Medical Devices,Core,68.0,46.95,46.81,17.0,16.2,10.0,0.0,ok,-1.5,ok,2.12,,False,41.7,13.7,3.6,7.5,69.2,15.3,34.3,-30.0,-49.1,0.097,0.165,MSFT,,126,16.2,17.0,,False
251,SYY,Sysco Corporation,Consumer Defensive,Food Distribution,Core,38.8,81.08,83.12,17.0,16.2,10.0,0.0,ok,-1.5,ok,2.95,,False,41.7,15.1,4.9,4.7,18.5,77.7,38.7,2.6,-19.1,-0.007,0.062,GOOG,,126,16.2,16.0,,False
252,LITE,Lumentum Holdings Inc.,Technology,Communication Equipment,Growth,76.0,847.37,816.0,14.0,17.6,10.0,0.0,ok,0.0,ok,-1.33,,False,41.6,25.4,0.3,109.3,44.2,-240.0,43.0,24.2,36.8,0.315,0.405,AVGO,,126,17.6,14.0,,False
253,MRVL,"Marvell Technology, Inc.",Technology,Semiconductors,Growth,187.7,208.83,221.82,15.5,16.1,10.0,0.0,ok,0.0,ok,0.47,,False,41.6,31.1,1.3,36.5,52.2,16.5,45.4,38.3,118.3,0.352,0.518,AVGO,,126,16.1,14.0,,False
254,MAR,Marriott International,Consumer Cyclical,Lodging,Core,87.6,336.07,362.76,17.5,16.6,10.0,0.0,ok,-2.5,ok,3.6,,False,41.6,25.6,2.4,11.1,79.2,,25.8,-2.4,-11.2,0.157,0.276,GOOG,,126,16.6,13.0,,False
255,CSGP,"CoStar Group, Inc.",Real Estate,Real Estate Services,Core,12.8,31.68,30.25,16.5,15.1,10.0,0.0,ok,0.0,ok,-0.28,,False,41.6,18.3,3.2,18.4,78.7,0.9,46.2,-27.8,-49.5,0.044,0.37,MSFT,,126,15.1,19.0,,False
256,DLTR,"Dollar Tree, Inc.",Consumer Defensive,Discount Stores,Core,24.6,131.04,127.04,18.5,14.6,10.0,0.0,ok,-1.5,ok,2.64,,False,41.6,16.6,4.3,7.0,37.2,46.0,52.5,12.0,-1.8,0.159,0.199,MSFT,,126,14.6,16.0,,False
257,TXT,Textron Inc.,Industrials,Aerospace & Defense,Core,13.7,79.37,88.07,13.0,19.0,10.0,0.0,ok,-0.5,ok,1.65,,False,41.5,10.9,3.3,3.0,17.6,12.1,16.3,-11.9,-31.4,0.159,0.193,GOOG,,126,19.0,14.0,,False
258,JBHT,"J.B. Hunt Transport Services, ",Industrials,Integrated Freight & Logistics,Core,25.0,266.28,276.34,14.0,17.5,10.0,0.0,ok,0.0,ok,0.84,,False,41.5,26.3,3.6,19.4,18.5,18.4,39.3,12.6,10.1,0.144,0.226,NVDA,,126,17.5,14.0,,False
259,VRSK,"Verisk Analytics, Inc.",Industrials,Consulting Services,Core,24.8,190.6,190.39,18.0,15.0,10.0,0.0,ok,-1.5,ok,2.68,,False,41.5,21.9,4.3,4.4,70.2,,62.0,-2.0,-26.0,-0.142,0.283,AVGO,,126,15.0,18.0,,False
260,LHX,"L3Harris Technologies, Inc.",Industrials,Aerospace & Defense,Growth,48.8,262.14,283.31,18.0,16.0,10.0,0.0,ok,-2.5,ok,3.23,,False,41.5,19.5,,190.0,30.4,,16.1,-16.5,-43.4,-0.104,0.159,MSFT,,126,16.0,14.0,,False
261,PM,Philip Morris International In,Consumer Defensive,Tobacco,Core,290.2,186.17,187.86,17.5,15.5,10.0,0.0,ok,-1.5,ok,2.39,,False,41.5,20.3,3.3,10.4,67.5,,43.9,7.3,-4.4,-0.14,0.18,NVDA,,126,15.5,18.0,,False
262,PWR,"Quanta Services, Inc.",Industrials,Engineering & Construction,Growth,93.2,620.06,654.06,16.0,17.0,10.0,0.0,ok,-1.5,ok,2.0,,False,41.5,31.6,2.1,41.1,15.5,15.3,34.4,5.7,-0.1,0.376,0.385,AVGO,,126,17.0,14.0,,False
263,MAA,Mid-America Apartment Communit,Real Estate,REIT - Residential,Core,15.3,128.56,133.96,18.0,17.0,10.0,0.0,ok,-3.5,ok,4.57,,False,41.5,39.2,6.0,1.0,58.4,7.0,33.6,-1.9,-16.9,-0.21,0.355,AVGO,,126,17.0,16.0,,False
264,BMY,Bristol-Myers Squibb Company,Healthcare,Drug Manufacturers - General,Core,139.1,68.09,64.69,21.0,10.9,10.0,0.0,ok,-0.5,ok,1.8,,False,41.4,10.4,5.8,5.7,71.7,46.6,69.0,18.0,-0.8,-0.011,0.226,AVGO,,126,10.9,17.0,,False
265,WFC,Wells Fargo & Company,Financial Services,Banks - Diversified,Core,269.7,89.19,86.54,16.5,14.9,10.0,0.0,ok,0.0,financial_na,,,False,41.4,11.3,,9.5,0.0,12.6,51.6,5.5,-3.4,0.058,0.12,GOOG,,126,14.9,14.0,,False
266,COST,Costco Wholesale Corporation,Consumer Defensive,Discount Stores,Core,410.4,925.41,944.1,14.0,17.4,10.0,0.0,ok,0.0,ok,-0.07,,False,41.4,40.8,1.7,21.5,12.9,29.2,38.0,-3.5,-22.1,-0.241,0.341,AVGO,,126,17.4,16.0,,False
267,VST,Vistra Corp.,Utilities,Utilities - Independent Power ,Core,48.4,144.22,150.01,15.0,18.9,10.0,0.0,ok,-2.5,ok,3.02,,False,41.4,13.9,0.1,-5.5,38.3,43.0,43.7,-8.6,-23.9,0.258,0.275,NVDA,,126,18.9,18.0,,False
268,TMUS,"T-Mobile US, Inc.",Communication Services,Telecom Services,Core,201.7,188.02,181.42,18.5,15.3,10.0,0.0,ok,-2.5,ok,3.42,,False,41.3,13.0,5.6,7.9,63.1,18.0,60.4,-3.3,-30.1,-0.14,0.211,NVDA,,126,15.3,17.0,,False
269,APTV,Aptiv PLC,Consumer Cyclical,Auto Parts,Speculative,9.7,46.53,53.56,15.5,16.3,10.0,0.0,ok,-0.5,ok,1.52,,False,41.3,7.1,16.7,2.3,19.3,5.2,36.6,-30.1,-50.9,0.194,0.231,AVGO,,126,16.3,11.0,,False
270,GRMN,Garmin Ltd.,Technology,Scientific & Technical Instrum,Core,53.5,277.18,271.68,17.0,14.3,10.0,0.0,ok,0.0,ok,-1.06,,False,41.3,25.2,2.0,11.4,60.1,21.9,12.0,16.7,-0.7,0.198,0.173,GOOG,,126,14.3,15.0,,False
271,GPN,Global Payments Inc.,Industrials,Specialty Business Services,Growth,24.3,91.77,87.18,21.0,13.8,10.0,0.0,ok,-3.5,ok,4.05,,False,41.3,5.7,,68.6,64.0,2.4,45.6,21.6,5.6,0.272,0.292,MSFT,,126,13.8,18.0,fcf_yield_out_of_range(32.4),False
272,KO,Coca-Cola Company (The),Consumer Defensive,Beverages - Non-Alcoholic,Core,382.1,88.81,85.91,17.0,14.8,10.0,0.0,ok,-0.5,ok,1.64,,False,41.3,25.2,1.4,6.7,61.9,42.1,54.7,13.7,1.1,-0.214,0.309,AVGO,,126,14.8,18.0,,False
273,ISRG,"Intuitive Surgical, Inc.",Healthcare,Medical Instruments & Supplies,Core,132.5,369.83,381.67,15.5,15.8,10.0,0.0,ok,0.0,ok,-1.25,,False,41.3,30.6,2.0,18.5,66.7,17.4,33.1,-20.4,-39.5,0.26,0.334,GOOG,,126,15.8,17.0,,False
274,LYV,"Live Nation Entertainment, Inc",Communication Services,Entertainment,Core,41.3,177.49,181.6,16.0,15.7,10.0,0.0,ok,-0.5,ok,1.43,,False,41.2,94.0,4.1,9.4,25.8,17.7,34.9,10.8,-1.3,0.24,0.255,GOOG,,126,15.7,13.0,,False
275,EXE,Expand Energy Corporation,Energy,Oil & Gas E&P,Cyclical,22.9,99.05,94.1,16.5,14.7,10.0,0.0,ok,0.0,ok,0.46,,False,41.2,11.2,6.4,-10.6,47.1,14.9,70.0,-1.5,-21.7,-0.102,0.139,AVGO,,126,14.7,13.0,,False
276,CPB,The Campbell's Company,Consumer Defensive,Packaged Foods,Speculative,6.6,22.12,22.73,16.0,18.7,10.0,0.0,ok,-3.5,ok,4.07,,False,41.2,10.7,9.1,-4.4,29.2,15.4,39.9,-7.3,-27.7,-0.157,0.25,AVGO,,126,18.7,16.0,,False
277,AJG,Arthur J. Gallagher & Co.,Financial Services,Insurance Brokers,Growth,68.4,266.66,253.33,16.5,14.6,10.0,0.0,ok,0.0,financial_na,,,False,41.1,17.9,3.0,30.9,43.2,6.7,63.6,14.2,1.9,-0.191,0.362,AVGO,,126,14.6,15.0,,False
278,XOM,ExxonMobil Holdings Corporatio,Energy,Oil & Gas Integrated,Growth,667.0,162.21,154.1,17.5,13.6,10.0,0.0,ok,0.0,ok,0.47,,False,41.1,15.0,3.1,44.1,29.8,12.6,53.8,12.9,-6.9,-0.368,0.356,GOOG,,126,13.6,12.0,,False
279,INTC,Intel Corporation,Technology,Semiconductors,Core,484.6,91.67,101.35,13.0,18.6,10.0,0.0,ok,-0.5,ok,1.24,,False,41.1,44.9,1.0,25.4,38.9,-10.7,30.6,24.1,96.2,0.415,0.497,AVGO,,126,18.6,13.0,,False
280,ROP,"Roper Technologies, Inc.",Technology,Software - Application,Core,41.8,422.35,401.23,18.5,15.0,10.0,0.0,ok,-2.5,ok,3.38,,False,41.0,17.4,5.4,8.5,69.5,13.1,67.0,12.4,0.3,-0.074,0.238,NVDA,,126,15.0,17.0,,False
281,CIEN,Ciena Corporation,Technology,Communication Equipment,Growth,44.9,317.46,408.01,15.5,15.5,10.0,0.0,ok,0.0,ok,0.48,,False,41.0,32.8,1.6,39.5,43.0,15.5,25.1,-15.7,-7.0,0.321,0.553,AVGO,,126,15.5,14.0,,False
282,NDSN,Nordson Corporation,Industrials,Specialty Industrial Machinery,Core,17.7,317.49,304.59,18.0,13.5,10.0,0.0,ok,-0.5,ok,1.78,,False,41.0,24.5,3.5,10.3,55.4,17.8,56.6,14.1,1.8,0.254,0.303,AVGO,,126,13.5,15.0,,False
283,TECH,Bio-Techne Corp,Healthcare,Biotechnology,Core,11.4,72.45,71.81,15.5,15.5,10.0,0.0,ok,0.0,ok,0.07,,False,41.0,31.4,2.0,1.3,66.2,9.0,51.7,19.1,19.7,0.08,0.13,GOOG,,126,15.5,17.0,,False
284,MPC,Marathon Petroleum Corporation,Energy,Oil & Gas Refining & Marketing,Growth,108.9,387.71,368.32,21.0,10.5,10.0,0.0,ok,-0.5,ok,1.72,,False,41.0,12.2,8.5,53.7,12.8,42.1,75.4,61.3,60.3,-0.175,0.234,NVDA,,126,10.5,12.0,,False
285,DOC,"Healthpeak Properties, Inc.",Real Estate,REIT - Healthcare Facilities,Core,14.9,21.03,21.55,18.0,16.5,10.0,0.0,ok,-3.5,ok,5.53,,False,41.0,,11.0,11.1,57.6,3.0,54.6,14.4,8.9,0.028,0.154,GOOG,,126,16.5,16.0,,False
286,WAB,Westinghouse Air Brake Technol,Industrials,Railroads,Core,47.4,280.83,283.42,17.0,15.5,10.0,0.0,ok,-1.5,ok,2.37,,False,41.0,22.6,2.3,17.5,35.7,11.6,28.1,10.7,-0.2,0.176,0.318,AVGO,,126,15.5,14.0,,False
287,PNR,Pentair plc.,Industrials,Specialty Industrial Machinery,Speculative,9.6,60.02,67.37,15.5,16.0,10.0,0.0,ok,-0.5,ok,1.62,,False,41.0,11.6,5.8,-17.0,41.4,17.1,25.7,-30.0,-49.6,0.158,0.197,NVDA,,126,16.0,15.0,,False
288,FICO,Fair Isaac Corporation,Technology,Software - Application,Core,24.2,1118.93,1171.81,18.5,16.0,10.0,0.0,ok,-3.5,ok,4.23,,False,41.0,21.1,3.2,25.7,85.1,,55.7,-14.5,-39.1,-0.11,0.208,AVGO,,126,16.0,17.0,,False
289,UDR,"UDR, Inc.",Real Estate,REIT - Residential,Core,13.4,36.37,38.75,17.5,17.0,10.0,0.0,ok,-3.5,ok,5.76,,False,41.0,64.9,5.8,-0.1,66.6,13.7,31.5,-1.1,-16.1,-0.169,0.328,AVGO,,126,17.0,17.0,,False
290,NOW,"ServiceNow, Inc.",Technology,Software - Application,Core,150.5,145.59,138.31,18.0,13.5,10.0,0.0,ok,-0.5,ok,1.31,,False,41.0,29.1,3.4,24.0,74.8,14.2,66.7,22.6,2.1,0.307,0.51,MSFT,,126,13.5,17.0,,False
291,MO,"Altria Group, Inc.",Consumer Defensive,Tobacco,Core,116.0,69.49,69.91,19.0,12.5,10.0,0.0,ok,-0.5,ok,1.41,,False,41.0,11.9,7.8,1.2,87.2,,64.4,5.7,-8.7,-0.447,0.434,NVDA,,126,12.5,18.0,,False
292,AMAT,"Applied Materials, Inc.",Technology,Semiconductor Equipment & Mate,Core,345.9,435.91,537.98,19.0,12.0,10.0,0.0,ok,0.0,ok,-0.19,,True,41.0,23.6,0.9,24.8,49.4,41.1,23.2,7.4,19.3,0.387,0.543,AVGO,,126,19.9,14.0,,False
293,COP,ConocoPhillips,Energy,Oil & Gas E&P,Growth,163.0,135.72,128.93,19.5,11.4,10.0,0.0,ok,0.0,ok,0.58,,False,40.9,14.3,4.7,35.5,47.6,14.2,69.7,21.4,1.8,-0.365,0.411,GOOG,,126,11.4,13.0,,False
294,MSI,"Motorola Solutions, Inc.",Technology,Communication Equipment,Core,78.2,472.23,448.62,19.5,12.9,10.0,0.0,ok,-1.5,ok,2.37,,False,40.9,24.7,2.5,13.3,52.1,91.6,53.5,12.0,-12.2,0.032,0.106,GOOG,,126,12.9,14.0,,False
295,BXP,"BXP, Inc.",Real Estate,REIT - Office,Core,12.3,68.23,68.59,18.0,17.9,10.0,0.0,ok,-5.0,ok,9.81,,False,40.9,30.7,7.1,3.7,56.5,5.3,49.2,8.2,15.7,0.134,0.194,BMNR,,126,17.9,16.0,,False
296,CRH,CRH PLC,Basic Materials,Building Materials,Cyclical,61.2,92.04,100.13,16.0,16.4,10.0,0.0,ok,-1.5,ok,2.17,,False,40.9,13.9,3.3,5.6,36.2,15.8,36.9,-17.2,-28.1,0.255,0.334,GOOG,,126,16.4,11.0,,False
297,BKR,Baker Hughes Company,Energy,Oil & Gas Equipment & Services,Cyclical,63.2,63.64,60.46,16.0,14.9,10.0,0.0,ok,0.0,ok,-0.16,,False,40.9,20.1,7.0,-2.4,23.7,16.5,41.6,9.2,-8.2,0.163,0.187,AVGO,,126,14.9,14.0,,False
298,TAP,Molson Coors Beverage Company,Consumer Defensive,Beverages - Brewers,Speculative,7.6,40.57,41.06,13.5,18.8,10.0,0.0,ok,-1.5,ok,2.56,,False,40.8,8.3,12.4,-3.3,37.0,-19.5,37.0,-7.6,-28.0,-0.161,0.235,AVGO,,126,18.8,16.0,,False
299,OMC,Omnicom Group Inc.,Communication Services,Advertising Agencies,Growth,23.2,84.73,82.52,18.5,13.8,10.0,0.0,ok,-1.5,ok,2.2,,False,40.8,7.0,18.3,63.4,19.0,6.1,41.8,9.2,-14.2,0.085,0.168,BMNR,,126,13.8,13.0,,False
300,LEN,Lennar Corporation,Consumer Cyclical,Residential Construction,Core,20.3,84.45,85.92,12.0,19.3,10.0,0.0,ok,-0.5,ok,1.92,,False,40.8,13.1,5.3,-5.2,16.4,7.4,43.5,-13.9,-31.0,0.23,0.224,GOOG,,126,19.3,11.0,,False
301,DLR,"Digital Realty Trust, Inc.",Real Estate,REIT - Specialty,Core,70.9,187.79,186.83,19.0,15.3,10.0,0.0,ok,-3.5,ok,5.66,,False,40.8,65.0,5.3,29.9,57.0,2.9,32.5,5.4,-7.6,0.182,0.208,NVDA,,126,15.3,16.0,,False
302,DD,"DuPont de Nemours, Inc.",Basic Materials,Specialty Chemicals,Cyclical,17.7,131.13,138.43,15.5,15.2,10.0,0.0,ok,0.0,ok,0.91,,False,40.7,16.5,10.4,4.0,35.1,1.8,18.5,90.4,175.9,-0.048,0.102,BMNR,,126,15.2,11.0,,False
303,FRT,Federal Realty Investment Trus,Real Estate,REIT - Retail,Core,10.2,117.16,121.05,18.5,15.7,10.0,0.0,ok,-3.5,ok,5.65,,False,40.7,37.9,4.5,7.2,68.1,12.6,41.5,6.1,-4.8,-0.057,0.122,AVGO,,126,15.7,17.0,,False
304,PLD,"Prologis, Inc.",Real Estate,REIT - Industrial,Core,134.5,138.35,142.14,18.0,16.2,10.0,0.0,ok,-3.5,ok,5.24,,False,40.7,40.6,4.0,12.3,75.5,7.7,40.5,1.2,-11.3,0.08,0.208,BMNR,,126,16.2,17.0,,False
305,PFG,Principal Financial Group Inc,Financial Services,Asset Management,Core,25.4,118.51,112.58,17.5,13.2,10.0,0.0,ok,0.0,financial_na,,,False,40.7,11.4,4.2,6.4,47.3,12.9,62.5,20.5,14.7,0.229,0.263,GOOG,,126,13.2,15.0,,False
306,IEX,IDEX Corporation,Industrials,Specialty Industrial Machinery,Core,16.4,223.1,228.84,16.0,15.2,10.0,0.0,ok,-0.5,ok,1.31,,False,40.7,23.3,3.4,6.4,44.7,13.0,26.2,8.6,-2.2,0.184,0.275,AVGO,,126,15.2,15.0,,False
307,CI,The Cigna Group,Healthcare,Healthcare Plans,Core,75.6,286.26,283.44,15.5,15.7,10.0,0.0,ok,-0.5,ok,1.93,,False,40.7,8.5,10.5,6.7,9.1,16.8,54.5,2.6,-9.6,-0.171,0.289,AVGO,,126,15.7,15.0,,False
308,HPE,Hewlett Packard Enterprise Com,Technology,Communication Equipment,Growth,72.1,54.44,51.72,16.5,15.7,10.0,0.0,ok,-1.5,ok,2.84,,False,40.7,11.9,5.3,40.0,33.8,6.3,38.2,64.8,144.4,0.335,0.514,AVGO,,126,15.7,13.0,,False
309,SMCI,"Super Micro Computer, Inc.",Technology,Computer Hardware,Growth,24.9,37.87,35.98,13.5,17.1,10.0,0.0,ok,0.0,ok,0.61,,False,40.6,7.1,-33.2,93.2,10.8,21.5,43.4,20.8,6.0,0.428,0.516,NVDA,,126,17.1,13.0,,False
310,EPAM,"EPAM Systems, Inc.",Technology,Information Technology Service,Speculative,6.2,119.88,113.89,17.0,13.5,10.0,0.0,ok,0.0,ok,-0.85,,False,40.5,8.5,10.5,4.5,29.5,11.2,80.2,-13.5,-32.8,0.011,0.223,AVGO,,126,13.5,15.0,,False
311,EQR,Equity Residential,Real Estate,REIT - Residential,Core,24.6,63.66,67.42,17.0,17.0,10.0,0.0,ok,-3.5,ok,4.51,,False,40.5,41.4,5.8,2.1,62.3,8.0,32.1,1.2,-13.5,-0.137,0.289,AVGO,,113,17.0,17.0,,False
312,NDAQ,"Nasdaq, Inc.",Financial Services,Financial Data & Stock Exchang,Core,55.2,98.71,93.77,18.0,12.5,10.0,0.0,ok,0.0,financial_na,,,False,40.5,21.1,3.1,14.9,100.0,16.5,57.9,9.4,-3.0,0.243,0.41,MSFT,,126,12.5,16.0,,False
313,VLO,Valero Energy Corporation,Energy,Oil & Gas Refining & Marketing,Growth,106.7,370.69,352.16,20.0,10.5,10.0,0.0,ok,0.0,ok,0.26,,False,40.5,12.2,7.9,51.7,16.1,27.6,72.0,55.5,50.1,-0.192,0.285,GOOG,,126,10.5,12.0,,False
314,PATH,"UiPath, Inc.",Technology,Software - Infrastructure,Speculative,9.4,18.22,17.31,19.5,11.0,10.0,0.0,ok,0.0,ok,-9.9,,False,40.5,20.1,5.4,17.3,83.0,18.2,73.1,41.4,38.7,0.322,0.43,MSFT,,126,11.0,17.0,,False
315,ODFL,"Old Dominion Freight Line, Inc",Industrials,Trucking,Core,38.6,185.75,215.31,18.5,12.0,10.0,0.0,ok,0.0,ok,-0.15,,True,40.5,28.0,2.5,10.4,39.6,24.8,17.2,-5.3,-19.2,0.136,0.21,NVDA,,126,16.6,14.0,,False
316,APH,Amphenol Corporation,Technology,Electronic Components,Growth,202.4,82.07,159.37,19.0,12.0,10.0,0.0,ok,-0.5,ok,1.42,,True,40.5,25.3,1.9,55.0,39.0,38.1,15.4,-43.4,-52.6,0.103,0.303,AVGO,,126,16.0,13.0,,False
317,CB,Chubb Limited,Financial Services,Insurance - Property & Casualt,Core,134.4,348.25,347.72,18.5,12.0,10.0,0.0,ok,0.0,financial_na,,,False,40.5,12.0,7.8,6.1,31.1,14.8,55.5,6.9,-8.5,-0.353,0.423,AVGO,,126,12.0,14.0,,False
318,ELV,"Elevance Health, Inc.",Healthcare,Healthcare Plans,Core,90.0,414.78,395.89,16.0,14.4,10.0,0.0,ok,0.0,ok,-0.78,,False,40.4,14.0,4.8,1.4,26.0,11.1,60.9,15.9,29.1,0.032,0.151,AVGO,,126,14.4,15.0,,False
319,PAYX,"Paychex, Inc.",Technology,Software - Application,Core,44.5,125.08,118.83,18.5,13.4,10.0,0.0,ok,-1.5,ok,2.17,,False,40.4,19.6,,12.5,67.2,,58.1,21.5,10.7,-0.045,0.277,MSFT,,126,13.4,17.0,,False
320,SWK,"Stanley Black & Decker, Inc.",Industrials,Tools & Accessories,Core,14.6,96.5,95.08,15.5,16.4,10.0,0.0,ok,-1.5,ok,2.58,,False,40.4,15.1,9.7,0.4,32.2,6.9,34.6,18.5,13.3,0.27,0.271,GOOG,,126,16.4,14.0,,False
321,DRI,"Darden Restaurants, Inc.",Consumer Cyclical,Restaurants,Core,24.8,218.04,209.54,18.0,14.8,10.0,0.0,ok,-2.5,ok,3.7,,False,40.3,17.6,3.2,13.7,21.7,53.7,42.7,9.0,-6.8,-0.092,0.13,MSFT,,126,14.8,11.0,,False
322,AKAM,"Akamai Technologies, Inc.",Technology,Software - Infrastructure,Core,15.3,106.5,116.12,16.0,17.8,10.0,0.0,ok,-3.5,ok,5.54,,False,40.3,14.8,4.6,5.4,57.5,8.9,23.9,-2.7,-8.3,0.264,0.297,AVGO,,126,17.8,16.0,,False
323,SWKS,"Skyworks Solutions, Inc.",Technology,Semiconductors,Core,10.8,71.5,67.92,13.5,16.8,10.0,0.0,ok,0.0,ok,-0.13,,False,40.3,14.4,4.2,-3.1,40.7,5.1,56.1,12.5,15.5,0.271,0.346,AVGO,,126,16.8,14.0,,False
324,CME,CME Group Inc.,Financial Services,Financial Data & Stock Exchang,Core,101.4,282.05,267.95,17.0,13.3,10.0,0.0,ok,0.0,financial_na,,,False,40.3,21.8,2.9,0.8,100.0,15.8,63.0,2.1,-23.9,-0.088,0.279,AVGO,,126,13.3,16.0,,False
325,PANW,"Palo Alto Networks, Inc.",Technology,Software - Infrastructure,Growth,270.5,331.94,348.5,14.0,16.3,10.0,0.0,ok,0.0,ok,-0.31,,False,40.3,67.8,1.7,34.4,70.5,1.7,35.8,42.8,86.2,0.418,0.369,MSFT,,126,16.3,17.0,,False
326,KR,Kroger Company (The),Consumer Defensive,Grocery Stores,Core,35.8,58.51,57.68,15.5,16.2,10.0,0.0,ok,-1.5,ok,2.64,,False,40.2,10.6,8.4,2.2,24.0,13.8,61.4,-8.3,-35.6,-0.346,0.416,AVGO,,126,16.2,16.0,,False
327,ZBH,"Zimmer Biomet Holdings, Inc.",Healthcare,Medical Devices,Core,18.9,98.92,94.79,17.0,14.7,10.0,0.0,ok,-1.5,ok,2.79,,False,40.2,10.9,5.8,4.8,69.9,6.4,44.7,8.5,-9.6,-0.065,0.13,AVGO,,126,14.7,17.0,,False
328,AVB,"AvalonBay Communities, Inc.",Real Estate,REIT - Residential,Core,26.3,184.06,188.04,17.0,16.7,10.0,0.0,ok,-3.5,ok,4.9,,False,40.2,36.6,5.4,2.3,62.7,8.5,44.5,3.1,-9.3,-0.082,0.284,AVGO,,112,16.7,17.0,,False
329,WTW,Willis Towers Watson Public Li,Financial Services,Insurance Brokers,Core,31.8,342.06,324.96,17.5,12.7,10.0,0.0,ok,0.0,financial_na,,,False,40.2,14.9,4.5,9.1,42.5,19.8,58.4,14.2,-1.7,0.017,0.446,MSFT,,126,12.7,15.0,,False
330,CTSH,Cognizant Technology Solutions,Technology,Information Technology Service,Core,29.1,64.64,61.41,18.5,11.7,10.0,0.0,ok,0.0,ok,0.26,,False,40.2,10.2,7.6,4.5,33.4,14.9,70.1,3.6,-16.7,0.016,0.3,MSFT,,126,11.7,15.0,,False
331,ACGL,Arch Capital Group Ltd.,Financial Services,Insurance - Diversified,Core,34.1,99.83,99.99,16.5,13.7,10.0,0.0,ok,0.0,financial_na,,,False,40.2,10.2,12.6,-10.5,38.8,19.9,55.0,3.9,-12.3,-0.276,0.416,AVGO,,126,13.7,14.0,,False
332,DIS,Walt Disney Company (The),Communication Services,Entertainment,Core,185.0,107.16,101.8,14.5,16.2,10.0,0.0,ok,-0.5,ok,1.95,,False,40.2,14.3,2.6,6.8,37.6,8.0,50.7,3.1,-9.4,0.226,0.347,GOOG,,126,16.2,13.0,,False
333,VRSN,"VeriSign, Inc.",Technology,Software - Infrastructure,Core,26.5,293.35,278.68,16.5,14.2,10.0,0.0,ok,-0.5,ok,1.1,,False,40.2,26.7,3.1,6.0,88.5,,58.5,12.3,5.4,0.003,0.142,GOOG,,126,14.2,17.0,,False
334,AMT,American Tower Corporation (RE,Real Estate,REIT - Specialty,Core,82.8,177.75,170.97,19.5,15.6,10.0,0.0,ok,-5.0,ok,6.14,,False,40.1,25.4,3.5,4.7,73.8,33.9,54.3,0.7,-19.8,-0.054,0.338,AVGO,,126,15.6,17.0,,False
335,CHTR,"Charter Communications, Inc.",Communication Services,Telecom Services,Core,20.4,151.38,143.81,19.0,14.6,10.0,0.0,ok,-3.5,ok,4.41,,False,40.1,3.4,10.8,-1.7,55.2,27.2,48.0,-17.0,-49.8,-0.013,0.207,NVDA,,126,14.6,16.0,,False
336,KLAC,KLA Corporation,Technology,Semiconductor Equipment & Mate,Core,226.0,172.94,207.23,18.0,12.0,10.0,0.0,ok,0.0,ok,0.21,,True,40.0,25.9,1.2,15.2,61.3,87.5,14.6,-85.0,-102.1,0.187,0.271,AVGO,,126,16.0,15.0,,False
337,NUE,Nucor Corporation,Basic Materials,Steel,Cyclical,59.5,262.47,249.35,14.0,15.9,10.0,0.0,ok,0.0,ok,0.78,,False,39.9,13.8,1.1,23.0,15.6,14.5,45.2,28.0,41.1,0.171,0.25,AVGO,,126,15.9,11.0,,False
338,AMGN,Amgen Inc.,Healthcare,Drug Manufacturers - General,Core,240.1,444.12,421.91,19.5,11.9,10.0,0.0,ok,-1.5,ok,2.51,,False,39.9,18.2,3.6,9.5,71.9,91.5,69.5,24.9,6.1,-0.034,0.083,MSFT,,126,11.9,17.0,,False
339,MDLZ,"Mondelez International, Inc.",Consumer Defensive,Confectioners,Core,78.4,61.45,61.52,16.0,16.4,10.0,0.0,ok,-2.5,ok,3.35,,False,39.9,18.3,2.9,4.1,31.1,13.3,37.9,4.6,-8.8,-0.273,0.306,AVGO,,126,16.4,16.0,,False
340,NWS,News Corporation,Communication Services,Entertainment,Core,18.6,34.72,32.98,17.0,12.9,10.0,0.0,ok,0.0,ok,0.61,,False,39.9,23.0,5.6,10.8,57.2,8.0,66.5,16.5,10.9,0.06,0.222,GOOG,,126,12.9,14.0,,False
341,AZO,"AutoZone, Inc.",Consumer Cyclical,Auto Parts,Core,48.5,2968.04,3037.85,13.0,19.3,10.0,0.0,ok,-2.5,ok,3.01,,False,39.8,17.0,1.9,8.4,51.8,,44.3,-12.3,-33.4,0.004,0.195,GOOG,,126,19.3,12.0,,False
342,PKG,Packaging Corporation of Ameri,Consumer Cyclical,Packaging & Containers,Core,20.9,234.57,242.37,15.5,14.8,10.0,0.0,ok,-0.5,ok,1.91,,False,39.8,18.1,2.1,14.7,21.4,14.9,26.1,5.5,-8.9,0.064,0.152,NVDA,,126,14.8,11.0,,False
343,TGT,Target Corporation,Consumer Defensive,Discount Stores,Core,74.5,164.01,155.81,17.5,12.8,10.0,0.0,ok,-0.5,ok,1.6,,False,39.8,17.2,4.6,5.3,28.4,26.4,61.4,35.3,22.1,0.017,0.138,GOOG,,126,12.8,16.0,,False
344,STLD,"Steel Dynamics, Inc.",Basic Materials,Steel,Growth,35.3,246.03,242.14,12.5,17.7,10.0,0.0,ok,-0.5,ok,1.43,,False,39.7,13.0,0.7,33.4,14.7,17.6,43.8,17.4,20.9,0.17,0.249,AVGO,,126,17.7,11.0,,False
345,BMNR,BitMine Immersion Technologies,Financial Services,Capital Markets,Growth,16.0,26.45,25.13,14.0,15.7,10.0,0.0,ok,0.0,financial_na,,,False,39.7,28.1,-3.2,2167.8,84.4,-150.9,74.0,18.4,25.1,0.481,0.402,NVDA,,126,15.7,16.0,,True
346,WMT,Walmart Inc.,Consumer Defensive,Discount Stores,Core,862.8,108.42,111.06,12.0,18.2,10.0,0.0,ok,-0.5,ok,1.44,,False,39.7,33.6,0.8,5.9,24.8,22.3,36.7,-8.4,-27.0,-0.123,0.166,AVGO,,126,18.2,16.0,,False
347,NSC,Norfolk Southern Corporation,Industrials,Railroads,Core,73.6,327.83,334.82,15.5,15.6,10.0,0.0,ok,-1.5,ok,2.84,,False,39.6,22.9,1.9,11.4,45.2,17.0,43.7,6.6,-6.2,-0.127,0.155,MSFT,,126,15.6,15.0,,False
348,JNJ,Johnson & Johnson,Healthcare,Drug Manufacturers - General,Core,671.0,278.43,264.51,18.5,11.1,10.0,0.0,ok,0.0,ok,0.81,,False,39.6,22.6,2.5,6.6,68.1,25.7,68.3,18.5,0.9,-0.347,0.386,AVGO,,126,11.1,17.0,,False
349,BAX,Baxter International Inc.,Healthcare,Medical Instruments & Supplies,Core,13.2,25.57,24.63,14.5,17.6,10.0,0.0,ok,-2.5,ok,3.99,,False,39.6,12.6,7.6,5.3,34.1,-14.4,36.1,26.0,29.6,0.267,0.318,MSFT,,126,17.6,15.0,,False
350,DVN,Devon Energy Corporation,Energy,Oil & Gas E&P,Growth,53.7,48.79,46.35,17.5,12.6,10.0,0.0,ok,-0.5,ok,1.23,,False,39.6,9.0,1.5,64.2,50.3,11.5,67.5,12.6,-4.7,-0.28,0.288,GOOG,,126,12.6,13.0,,False
351,COHR,Coherent Corp.,Technology,Scientific & Technical Instrum,Growth,51.8,264.41,309.63,11.5,18.5,10.0,0.0,ok,-0.5,ok,1.1,,False,39.5,18.9,-1.3,33.7,37.5,8.0,30.5,-4.1,-2.8,0.365,0.493,AVGO,,126,18.5,13.0,,False
352,REG,Regency Centers Corporation,Real Estate,REIT - Retail,Core,14.2,75.92,78.84,17.0,16.0,10.0,0.0,ok,-3.5,ok,4.62,,False,39.5,30.2,5.2,8.9,71.5,8.2,43.0,0.5,-17.5,-0.168,0.262,AVGO,,126,16.0,17.0,,False
353,CLX,Clorox Company (The),Consumer Defensive,Household & Personal Products,Core,11.4,94.29,99.9,15.0,18.0,10.0,0.0,ok,-3.5,ok,4.79,,False,39.5,15.0,1.0,-2.0,42.3,163.8,19.8,-7.8,-31.7,0.026,0.309,GOOG,,126,18.0,17.0,,False
354,TDY,Teledyne Technologies Incorpor,Technology,Scientific & Technical Instrum,Core,28.2,607.87,646.88,14.5,15.5,10.0,0.0,ok,-0.5,ok,1.06,,False,39.5,22.7,3.2,9.8,43.3,9.2,12.6,-0.9,-21.1,0.425,0.39,NVDA,,126,15.5,14.0,,False
355,ESS,"Essex Property Trust, Inc.",Real Estate,REIT - Residential,Core,19.2,278.65,289.45,17.0,15.9,10.0,0.0,ok,-3.5,ok,5.43,,False,39.4,44.6,5.4,3.1,68.8,7.7,38.7,5.0,-4.6,-0.147,0.331,AVGO,,126,15.9,17.0,,False
356,MRK,"Merck & Company, Inc.",Healthcare,Drug Manufacturers - General,Core,375.8,152.34,144.72,16.0,13.9,10.0,0.0,ok,-0.5,ok,1.62,,False,39.4,16.0,4.0,5.1,75.9,7.0,68.1,29.4,17.6,-0.176,0.28,AVGO,,126,13.9,17.0,,False
357,CASY,"Caseys General Stores, Inc.",Consumer Cyclical,Specialty Retail,Core,28.1,758.42,827.29,11.5,18.3,10.0,0.0,ok,-0.5,ok,1.6,,False,39.3,32.1,2.0,14.5,24.6,19.2,30.5,4.5,-0.8,-0.103,0.148,NVDA,,126,18.3,11.0,,False
358,AIZ,"Assurant, Inc.",Financial Services,Insurance - Property & Casualt,Core,14.2,287.71,280.17,15.5,13.8,10.0,0.0,ok,0.0,financial_na,,,False,39.3,12.3,15.1,9.4,13.3,18.3,57.7,17.3,14.1,0.023,0.086,BMNR,,126,13.8,14.0,,False
359,COO,"The Cooper Companies, Inc.",Healthcare,Medical Instruments & Supplies,Core,13.8,70.64,72.67,14.5,16.2,10.0,0.0,ok,-1.5,ok,2.92,,False,39.2,14.1,3.1,7.9,65.6,2.9,27.1,-3.7,-22.7,-0.014,0.219,GOOG,,126,16.2,17.0,,False
360,VEEV,Veeva Systems Inc.,Healthcare,Health Information Services,Core,46.0,284.38,270.16,18.0,11.2,10.0,0.0,ok,0.0,ok,-6.59,,False,39.2,27.8,2.7,17.6,75.0,14.4,72.9,43.2,30.5,0.262,0.411,MSFT,,126,11.2,19.0,,False
361,JCI,Johnson Controls International,Industrials,Building Products & Equipment,Core,86.2,142.23,144.58,16.0,14.7,10.0,0.0,ok,-1.5,ok,2.04,,False,39.2,23.5,3.5,9.3,36.7,14.3,27.2,5.8,-7.2,0.257,0.391,AVGO,,126,14.7,14.0,,False
362,CRWD,"CrowdStrike Holdings, Inc.",Technology,Software - Infrastructure,Core,220.1,214.97,254.82,14.0,15.2,10.0,0.0,ok,0.0,ok,-39.24,,False,39.2,134.3,0.9,25.8,75.2,1.5,49.3,-50.3,-64.8,0.231,0.238,AVGO,,126,15.2,17.0,,False
363,PSX,Phillips 66,Energy,Oil & Gas Refining & Marketing,Growth,102.1,254.66,241.93,19.0,10.6,10.0,0.0,ok,-0.5,ok,1.66,,False,39.1,12.0,4.5,53.1,13.1,23.5,72.1,49.2,39.6,-0.203,0.298,NVDA,,126,10.6,12.0,,False
364,CTAS,Cintas Corporation,Industrials,Specialty Business Services,Core,80.5,201.05,196.65,16.0,13.1,10.0,0.0,ok,0.0,ok,0.81,,False,39.1,32.9,1.8,8.9,50.7,40.7,53.0,7.9,-15.9,-0.051,0.244,AVGO,,126,13.1,17.0,,False
365,KVUE,Kenvue Inc.,Consumer Defensive,Household & Personal Products,Core,36.4,18.95,19.18,17.5,13.1,10.0,0.0,ok,-1.5,ok,2.16,,False,39.1,15.3,5.2,3.0,58.4,15.6,45.4,6.7,-10.7,-0.094,0.218,AVGO,,126,13.1,17.0,,False
366,TJX,"TJX Companies, Inc. (The)",Consumer Cyclical,Apparel Retail,Core,145.4,132.19,150.51,17.0,12.0,10.0,0.0,ok,0.0,ok,0.93,,True,39.0,22.9,3.0,5.4,31.5,62.2,8.2,-14.4,-31.7,0.008,0.082,GOOG,,126,18.9,11.0,,False
367,CRM,"Salesforce, Inc.",Technology,Software - Application,Core,217.6,264.43,251.21,20.5,10.0,10.0,0.0,ok,-1.5,ok,2.4,,False,39.0,16.5,8.1,10.8,77.3,19.4,88.1,32.0,16.2,0.234,0.407,MSFT,,126,10.0,17.0,,False
368,IONQ,"IonQ, Inc.",Technology,Computer Hardware,Growth,15.8,39.02,41.43,11.0,20.0,10.0,-2.0,ok,0.0,neg_ebitda_low_debt,,,False,39.0,,-0.6,286.8,,-60.5,35.5,-11.8,-5.7,0.551,0.471,BMNR,,126,20.0,13.0,,False
369,EXR,Extra Space Storage Inc,Real Estate,REIT - Industrial,Core,31.1,140.98,146.61,17.0,15.5,10.0,0.0,ok,-3.5,ok,5.94,,False,39.0,29.3,4.8,3.8,74.9,7.0,19.4,0.3,-17.7,-0.024,0.166,GOOG,,126,15.5,17.0,,False
370,CVX,Chevron Corporation,Energy,Oil & Gas Integrated,Growth,414.5,211.32,200.75,20.5,8.5,10.0,0.0,ok,0.0,ok,0.56,,False,39.0,16.0,5.3,53.5,44.3,12.2,72.7,17.2,-3.7,-0.353,0.337,NVDA,,126,8.5,13.0,,False
371,EQIX,"Equinix, Inc.",Real Estate,REIT - Specialty,Core,102.7,1040.83,1046.71,17.0,15.4,10.0,0.0,ok,-3.5,ok,4.93,,False,38.9,55.7,3.7,16.7,52.0,10.7,31.9,8.6,-3.9,0.158,0.236,NVDA,,126,15.4,16.0,,False
372,BWXT,"BWX Technologies, Inc.",Industrials,Aerospace & Defense,Core,14.7,160.25,172.07,14.5,15.9,10.0,0.0,ok,-1.5,ok,2.96,,False,38.9,30.4,1.0,18.0,22.1,28.3,38.0,-16.9,-32.8,0.398,0.385,NVDA,,126,15.9,14.0,,False
373,VICI,VICI Properties Inc.,Real Estate,REIT - Diversified,Core,28.2,25.65,26.4,13.0,19.4,10.0,0.0,ok,-3.5,ok,4.82,,False,38.9,8.6,0.9,5.7,99.3,9.8,38.1,-7.2,-27.1,-0.134,0.282,AVGO,,126,19.4,17.0,,False
374,ECL,Ecolab Inc.,Basic Materials,Specialty Chemicals,Cyclical,78.2,278.97,278.84,15.0,15.4,10.0,0.0,ok,-1.5,ok,2.12,,False,38.9,29.6,1.9,9.7,44.2,22.0,53.9,2.4,-16.0,0.02,0.196,GOOG,,126,15.4,12.0,,False
375,ABBV,AbbVie Inc.,Healthcare,Drug Manufacturers - General,Core,459.8,260.21,254.21,17.5,12.8,10.0,0.0,ok,-1.5,ok,2.09,,False,38.8,16.0,3.7,10.2,72.8,,62.3,14.7,-0.9,-0.308,0.345,AVGO,,126,12.8,17.0,,False
376,PCAR,PACCAR Inc.,Industrials,Farm & Heavy Construction Mach,Core,65.5,124.51,127.74,13.0,16.3,10.0,0.0,ok,-0.5,ok,1.88,,False,38.8,17.5,3.0,0.5,13.7,12.8,32.8,4.4,-11.2,0.226,0.28,BMNR,,126,16.3,14.0,,False
377,WAT,Waters Corporation,Healthcare,Diagnostics & Research,Growth,40.6,413.56,392.88,14.0,17.3,10.0,0.0,ok,-2.5,ok,3.4,,False,38.8,25.0,-0.3,113.4,56.3,1.9,50.9,14.7,21.7,0.228,0.228,AVGO,,126,17.3,16.0,,False
378,NWSA,News Corporation,Communication Services,Entertainment,Core,16.6,30.94,29.4,18.0,10.8,10.0,0.0,ok,0.0,ok,0.61,,False,38.8,20.5,6.3,10.8,57.2,8.0,73.3,18.4,11.3,0.069,0.208,GOOG,,126,10.8,14.0,,False
379,CVS,CVS Health Corporation,Healthcare,Healthcare Plans,Core,124.3,97.2,100.95,14.0,17.2,10.0,0.0,ok,-2.5,ok,3.74,,False,38.7,11.4,6.5,7.1,13.6,6.2,50.1,13.1,10.9,-0.113,0.164,AVGO,,126,17.2,15.0,,False
380,IP,International Paper Company,Consumer Cyclical,Packaging & Containers,Core,19.3,36.44,39.53,13.5,16.7,10.0,0.0,ok,-1.5,ok,2.33,,False,38.7,12.2,8.5,-2.2,29.6,-16.5,27.7,-4.7,-22.8,0.103,0.171,NVDA,,126,16.7,11.0,,False
381,HOOD,"Robinhood Markets, Inc.",Financial Services,Capital Markets,Growth,112.1,124.72,118.48,18.5,12.1,10.0,-2.0,ok,0.0,financial_na,,,False,38.6,38.0,,32.3,91.9,23.6,70.9,31.2,46.8,0.535,0.583,BMNR,,126,12.1,16.0,,False
382,CBRE,CBRE Group Inc,Real Estate,Real Estate Services,Core,43.1,148.74,144.52,14.0,18.0,10.0,0.0,ok,-3.5,ok,4.21,,False,38.5,16.4,3.8,15.5,18.6,15.8,45.0,1.1,-6.2,0.185,0.271,MSFT,,126,18.0,17.0,,False
383,KLIC,"Kulicke and Soffa Industries, ",Technology,Semiconductor Equipment & Mate,Growth,4.1,78.82,98.67,16.5,12.0,10.0,0.0,ok,0.0,ok,-2.49,,True,38.5,13.4,1.4,122.6,52.6,13.2,17.8,0.2,13.7,0.379,0.46,AVGO,,126,20.8,14.0,,False
384,CCL,Carnival Corporation Ltd.,Consumer Cyclical,Travel Services,Core,32.2,23.48,26.93,19.0,12.0,10.0,0.0,ok,-2.5,ok,3.28,,True,38.5,8.9,5.9,5.3,55.7,26.7,18.0,-15.1,-23.4,0.414,0.459,GOOG,,126,15.9,14.0,,False
385,EG,"Everest Group, Ltd.",Financial Services,Insurance - Reinsurance,Core,14.8,386.25,372.66,15.0,13.4,10.0,0.0,ok,0.0,financial_na,,,False,38.4,6.5,13.9,-11.3,15.3,12.6,67.3,13.0,1.4,-0.239,0.323,AVGO,,126,13.4,14.0,,False
386,PLAB,"Photronics, Inc.",Technology,Semiconductor Equipment & Mate,Speculative,1.7,28.18,30.35,13.5,14.9,10.0,0.0,ok,0.0,ok,-2.44,,False,38.4,13.6,1.8,2.7,33.7,13.8,24.6,-20.6,-29.0,0.296,0.424,AVGO,,126,14.9,13.0,,False
387,EA,Electronic Arts Inc.,Communication Services,Electronic Gaming & Multimedia,Core,52.9,209.7,205.27,18.0,10.4,10.0,0.0,ok,0.0,ok,-0.31,,False,38.4,21.7,3.2,18.9,79.9,16.5,80.9,3.4,-10.7,0.127,0.223,BMNR,,104,10.4,15.0,,False
388,KIM,Kimco Realty Corporation (HC),Real Estate,REIT - Retail,Core,16.0,23.92,24.95,17.0,16.4,10.0,0.0,ok,-5.0,ok,6.12,,False,38.4,26.7,5.4,4.9,68.9,5.8,37.2,4.4,-12.2,-0.134,0.17,AVGO,,126,16.4,17.0,,False
389,NRG,"NRG Energy, Inc.",Utilities,Utilities - Independent Power ,Core,23.5,111.84,128.04,17.0,16.3,10.0,0.0,ok,-5.0,ok,7.16,,False,38.3,10.0,3.3,11.0,18.8,23.8,31.0,-23.7,-42.3,0.204,0.206,AVGO,,126,16.3,18.0,,False
390,LIN,Linde plc,Basic Materials,Specialty Chemicals,Cyclical,222.3,482.19,502.41,13.5,15.3,10.0,0.0,ok,-0.5,ok,1.67,,False,38.3,24.7,1.9,9.3,48.3,18.4,49.4,0.6,-15.1,-0.173,0.162,GOOG,,126,15.3,12.0,,False
391,KDP,Keurig Dr Pepper Inc.,Consumer Defensive,Beverages - Non-Alcoholic,Growth,44.7,32.88,31.29,20.0,13.2,10.0,0.0,ok,-5.0,ok,6.66,,False,38.2,13.0,10.3,75.6,51.0,5.1,61.3,13.5,2.5,-0.113,0.188,NVDA,,126,13.2,17.0,,False
392,DPZ,Domino's Pizza Inc,Consumer Cyclical,Restaurants,Core,11.5,347.03,332.58,15.5,16.2,10.0,0.0,ok,-3.5,ok,4.84,,False,38.2,16.6,4.6,4.3,28.7,,50.5,-4.7,-29.6,-0.012,0.278,NVDA,,126,16.2,11.0,,False
393,UCTT,"Ultra Clean Holdings, Inc.",Technology,Semiconductor Equipment & Mate,Speculative,3.0,66.59,90.48,9.0,21.7,10.0,0.0,ok,-2.5,ok,3.74,,False,38.2,11.3,-2.7,24.3,15.8,-1.6,26.2,-0.4,16.8,0.397,0.503,AVGO,,126,21.7,13.0,,False
394,PEG,Public Service Enterprise Grou,Utilities,Utilities - Regulated Electric,Core,36.8,73.81,77.44,12.5,19.1,10.0,0.0,ok,-3.5,ok,5.49,,False,38.1,15.8,0.3,-8.9,33.3,11.8,34.4,-7.4,-25.7,-0.133,0.171,MSFT,,126,19.1,18.0,,False
395,O,Realty Income Corporation,Real Estate,REIT - Retail,Core,58.4,61.74,63.26,15.5,16.1,10.0,0.0,ok,-3.5,ok,5.74,,False,38.1,38.9,2.7,9.6,92.7,3.2,40.6,0.6,-19.1,-0.204,0.251,NVDA,,126,16.1,17.0,,False
396,HON,Honeywell International Inc.,Industrials,Conglomerates,Core,65.8,207.63,233.76,18.5,12.0,10.0,0.0,ok,-2.5,ok,3.03,,True,38.0,20.8,4.0,4.3,36.5,46.6,18.1,-6.3,-26.2,0.039,0.217,MSFT,,126,18.6,14.0,,False
397,DG,Dollar General Corporation,Consumer Defensive,Discount Stores,Core,29.0,131.26,124.7,17.0,13.5,10.0,0.0,ok,-2.5,ok,3.96,,False,38.0,15.9,6.0,5.2,31.2,19.7,63.4,4.5,-24.8,0.227,0.248,MSFT,,126,13.5,16.0,,False
398,CMI,Cummins Inc.,Industrials,Specialty Industrial Machinery,Core,75.1,545.5,636.08,16.0,12.0,10.0,0.0,ok,0.0,ok,0.87,,True,38.0,15.8,3.0,9.4,25.8,21.1,13.8,-8.9,-13.8,0.329,0.475,AVGO,,126,17.1,14.0,,False
399,FCX,"Freeport-McMoRan, Inc.",Basic Materials,Copper,Cyclical,104.2,72.56,68.93,15.0,13.0,10.0,0.0,ok,0.0,ok,0.66,,False,38.0,17.5,2.1,-7.3,38.3,14.8,60.9,19.6,7.6,0.499,0.491,BMNR,,126,13.0,11.0,,False
400,HAL,Halliburton Company,Energy,Oil & Gas Equipment & Services,Cyclical,31.1,37.29,35.43,15.5,13.0,10.0,0.0,ok,-0.5,ok,1.49,,False,38.0,12.8,6.6,3.7,15.1,14.9,69.0,7.5,-5.4,-0.034,0.094,GOOG,,126,13.0,14.0,,False
401,HPQ,HP Inc.,Technology,Computer Hardware,Core,28.8,31.93,30.33,16.0,12.5,10.0,0.0,ok,-0.5,ok,1.33,,False,38.0,10.2,11.8,12.5,19.7,,59.7,40.9,51.8,0.05,0.079,AVGO,,126,12.5,13.0,,False
402,CMG,"Chipotle Mexican Grill, Inc.",Consumer Cyclical,Restaurants,Core,47.5,37.57,35.69,18.5,10.9,10.0,0.0,ok,-1.5,ok,2.08,,False,37.9,27.4,2.3,9.3,39.4,49.6,71.6,7.9,-8.7,0.182,0.329,MSFT,,126,10.9,11.0,,False
403,DHR,Danaher Corporation,Healthcare,Diagnostics & Research,Core,148.4,211.03,201.34,14.5,14.9,10.0,0.0,ok,-1.5,ok,2.93,,False,37.9,22.7,2.9,5.5,58.8,7.6,60.3,4.1,-6.8,0.049,0.169,AVGO,,126,14.9,16.0,,False
404,AMCR,Amcor plc,Consumer Cyclical,Packaging & Containers,Core,21.2,45.89,45.29,16.0,14.2,10.0,0.0,ok,-2.5,ok,3.97,,False,37.7,10.5,7.1,25.9,20.0,9.4,49.2,7.9,-8.9,0.187,0.289,GOOG,,126,14.2,11.0,,False
405,TSCO,Tractor Supply Company,Consumer Cyclical,Specialty Retail,Core,18.0,34.6,32.87,14.5,15.6,10.0,0.0,ok,-2.5,ok,3.27,,False,37.6,16.9,0.6,2.3,36.5,39.5,38.5,-17.4,-46.0,0.074,0.133,BMNR,,126,15.6,11.0,,False
406,REGN,"Regeneron Pharmaceuticals, Inc",Healthcare,Biotechnology,Core,86.8,843.47,801.3,17.0,10.6,10.0,0.0,ok,0.0,ok,-1.12,,False,37.6,13.9,3.5,16.7,44.5,14.0,61.4,15.3,-3.9,0.183,0.207,GOOG,,126,10.6,16.0,,False
407,HLT,Hilton Worldwide Holdings Inc.,Consumer Cyclical,Lodging,Core,70.7,314.35,325.48,14.0,17.0,10.0,0.0,ok,-3.5,ok,4.21,,False,37.5,30.1,2.0,2.5,79.0,,36.9,0.6,-9.7,0.22,0.329,GOOG,,126,17.0,13.0,,False
408,COIN,"Coinbase Global, Inc.",Financial Services,Financial Data & Stock Exchang,Core,50.8,192.7,183.06,14.0,15.5,10.0,-2.0,ok,0.0,financial_na,,,False,37.5,70.4,5.2,-17.3,85.8,-7.8,67.3,-0.2,-17.2,0.548,0.747,BMNR,,126,15.5,16.0,,False
409,BLDR,"Builders FirstSource, Inc.",Industrials,Building Products & Equipment,Speculative,6.9,64.18,73.6,14.5,16.4,10.0,0.0,ok,-3.5,ok,5.06,,False,37.4,14.4,6.7,-8.8,29.2,2.5,31.1,-28.9,-46.0,0.25,0.302,NVDA,,126,16.4,14.0,,False
410,MLM,"Martin Marietta Materials, Inc",Basic Materials,Building Materials,Cyclical,36.1,508.94,554.86,12.5,16.4,10.0,0.0,ok,-1.5,ok,2.93,,False,37.4,23.6,1.6,21.0,28.2,8.9,32.9,-15.3,-31.5,0.125,0.226,GOOG,,126,16.4,11.0,,False
411,VTR,"Ventas, Inc.",Real Estate,REIT - Healthcare Facilities,Core,47.2,92.11,92.78,16.5,14.4,10.0,0.0,ok,-3.5,ok,5.34,,False,37.4,116.6,3.1,21.7,40.0,2.0,54.4,8.6,-5.7,-0.297,0.339,AVGO,,126,14.4,15.0,,False
412,TMO,Thermo Fisher Scientific Inc,Healthcare,Diagnostics & Research,Core,228.7,618.43,587.51,17.0,12.8,10.0,0.0,ok,-2.5,ok,3.28,,False,37.3,22.5,2.7,10.5,41.0,13.5,64.4,15.5,8.4,0.151,0.167,MSFT,,126,12.8,16.0,,False
413,JKHY,"Jack Henry & Associates, Inc.",Technology,Information Technology Service,Core,11.8,168.37,159.95,17.5,9.7,10.0,0.0,ok,0.0,ok,0.09,,False,37.2,21.5,3.0,4.7,43.9,24.0,71.1,5.5,-17.0,-0.006,0.268,MSFT,,126,9.7,16.0,,False
414,T,AT&T Inc.,Communication Services,Telecom Services,Core,179.5,26.19,24.88,18.5,11.1,10.0,0.0,ok,-2.5,ok,3.3,,False,37.1,10.2,5.7,2.3,59.7,18.3,72.1,4.9,-22.5,-0.215,0.288,NVDA,,126,11.1,16.0,,False
415,CNC,Centene Corporation,Healthcare,Healthcare Plans,Core,33.6,68.02,65.49,13.0,14.1,10.0,0.0,ok,0.0,ok,-2.38,,False,37.1,12.8,28.7,4.6,11.4,-20.4,52.2,35.5,40.9,0.0,0.097,AVGO,,126,14.1,15.0,,False
416,VRTX,Vertex Pharmaceuticals Incorpo,Healthcare,Biotechnology,Core,141.4,557.96,530.06,17.0,10.1,10.0,0.0,ok,0.0,ok,-1.15,,False,37.1,25.6,1.9,12.5,55.0,23.5,76.2,19.8,7.2,0.017,0.153,AVGO,,126,10.1,16.0,,False
417,YUM,"Yum! Brands, Inc.",Consumer Cyclical,Restaurants,Core,41.6,152.54,153.24,16.5,14.0,10.0,0.0,ok,-3.5,ok,4.15,,False,37.0,20.5,2.0,12.2,45.3,,57.6,-1.3,-19.6,-0.004,0.118,AVGO,,126,14.0,12.0,,False
418,RSG,"Republic Services, Inc.",Industrials,Waste Management,Core,68.9,225.12,217.36,16.0,12.5,10.0,0.0,ok,-1.5,ok,2.7,,False,37.0,27.9,2.8,4.6,43.0,18.2,68.9,4.9,-17.2,-0.413,0.43,AVGO,,126,12.5,15.0,,False
419,GNRC,Generac Holdlings Inc.,Industrials,Specialty Industrial Machinery,Core,10.8,183.02,218.7,15.5,12.0,10.0,0.0,ok,-0.5,ok,1.79,,True,37.0,15.5,2.7,10.6,39.5,9.5,18.5,-12.1,-25.2,0.208,0.406,AVGO,,126,17.5,14.0,,False
420,STT,State Street Corporation,Financial Services,Asset Management,Core,53.3,193.94,184.24,13.0,14.0,10.0,0.0,ok,0.0,financial_na,,,False,37.0,12.7,,-2.8,0.0,12.4,53.3,31.0,46.3,0.326,0.342,NVDA,,126,14.0,14.0,,False
421,BEN,"Franklin Templeton, Inc.",Financial Services,Asset Management,Core,17.0,33.55,33.68,11.5,15.4,10.0,0.0,ok,0.0,financial_na,,,False,36.9,10.6,-17.5,14.3,37.7,7.9,46.3,18.7,14.8,0.445,0.446,GOOG,,126,15.4,14.0,,False
422,BA,Boeing Company (The),Industrials,Aerospace & Defense,Core,166.4,210.51,219.53,14.5,16.4,10.0,0.0,ok,-4.0,neg_ebitda_debt,,,False,36.9,51.1,3.4,8.0,4.7,173.5,19.0,-4.4,-23.9,0.408,0.391,GOOG,,126,16.4,14.0,,False
423,VTRS,Viatris Inc.,Healthcare,Drug Manufacturers - Specialty,Core,19.5,16.94,16.75,16.0,12.4,10.0,0.0,ok,-1.5,ok,2.82,,False,36.9,6.3,13.8,4.9,40.3,-2.8,64.3,15.7,5.7,0.102,0.146,BMNR,,126,12.4,16.0,,False
424,SW,Smurfit WestRock plc,Consumer Cyclical,Packaging & Containers,Core,23.7,45.26,46.73,13.0,15.3,10.0,0.0,ok,-1.5,ok,2.95,,False,36.8,13.3,5.1,1.1,18.2,2.7,31.8,7.8,-8.1,0.184,0.233,NVDA,,126,15.3,11.0,,False
425,EL,"Estee Lauder Companies, Inc. (",Consumer Defensive,Household & Personal Products,Core,36.5,100.86,95.82,17.0,11.3,10.0,0.0,ok,-1.5,ok,2.34,,False,36.8,25.8,5.0,6.3,75.5,4.7,71.0,9.6,-6.2,0.278,0.367,BMNR,,126,11.3,18.0,,False
426,CAG,"ConAgra Brands, Inc.",Consumer Defensive,Packaged Foods,Speculative,7.5,15.62,14.98,14.5,15.8,10.0,0.0,ok,-3.5,ok,4.17,,False,36.8,10.1,11.5,3.6,24.0,-25.1,50.0,0.3,-30.8,-0.144,0.303,AVGO,,126,15.8,16.0,,False
427,CCI,Crown Castle Inc.,Real Estate,REIT - Specialty,Core,33.8,77.26,76.48,15.5,16.2,10.0,0.0,ok,-5.0,ok,8.31,,False,36.7,26.8,3.1,-4.9,73.7,,56.8,-8.4,-28.4,-0.059,0.33,AVGO,,126,16.2,17.0,,False
428,SOLV,Solventum Corporation,Healthcare,Medical Instruments & Supplies,Core,15.7,92.44,87.82,18.5,11.7,10.0,0.0,ok,-3.5,ok,4.29,,False,36.7,12.8,3.1,2.2,54.8,34.0,71.2,19.6,18.2,0.083,0.283,GOOG,,126,11.7,16.0,,False
429,CDW,CDW Corporation,Technology,Information Technology Service,Core,19.2,153.92,146.22,15.5,13.6,10.0,0.0,ok,-2.5,ok,3.02,,False,36.6,12.9,3.5,10.0,21.4,44.0,64.5,17.1,9.8,0.168,0.218,MSFT,,126,13.6,15.0,,False
430,BDX,"Becton, Dickinson and Company",Healthcare,Medical Instruments & Supplies,Core,51.1,187.62,178.24,17.0,11.1,10.0,0.0,ok,-1.5,ok,2.63,,False,36.6,14.1,8.8,5.4,46.9,6.6,59.2,17.9,-2.0,0.002,0.244,AVGO,,126,11.1,16.0,,False
431,KMI,"Kinder Morgan, Inc.",Energy,Oil & Gas Midstream,Cyclical,70.4,31.6,31.99,14.5,15.5,10.0,0.0,ok,-3.5,ok,4.23,,False,36.5,20.6,1.5,10.8,49.4,11.0,39.7,2.5,-20.0,-0.29,0.23,BMNR,,126,15.5,13.0,,False
432,RVTY,"Revvity, Inc.",Healthcare,Diagnostics & Research,Core,14.6,130.63,124.1,16.0,12.0,10.0,0.0,ok,-1.5,ok,2.65,,False,36.5,22.2,4.2,1.3,55.0,3.2,72.7,27.9,28.2,0.217,0.196,BMNR,,126,12.0,16.0,,False
433,DELL,Dell Technologies Inc.,Technology,Computer Hardware,Growth,333.7,516.39,490.57,14.5,12.5,10.0,0.0,ok,-0.5,ok,1.31,,False,36.5,18.1,0.1,57.7,19.9,,55.1,105.6,238.7,0.33,0.375,AVGO,,126,12.5,13.0,,False
434,ES,Eversource Energy (D/B/A),Utilities,Utilities - Regulated Electric,Core,26.9,71.47,72.8,14.5,15.3,10.0,0.0,ok,-3.5,ok,5.67,,False,36.3,14.5,3.0,2.3,52.8,9.0,44.4,3.1,-17.8,-0.148,0.175,AVGO,,126,15.3,19.0,,False
435,SJM,The J.M. Smucker Company,Consumer Defensive,Packaged Foods,Core,13.7,128.51,122.08,17.0,11.7,10.0,0.0,ok,-2.5,ok,3.05,,False,36.2,11.8,10.7,5.0,38.0,3.9,65.3,21.5,1.9,-0.213,0.306,AVGO,,126,11.7,16.0,,False
436,PFE,"Pfizer, Inc.",Healthcare,Drug Manufacturers - General,Core,164.2,28.81,27.37,18.0,9.7,10.0,0.0,ok,-1.5,ok,2.04,,False,36.2,10.0,7.6,2.6,74.7,5.0,71.2,11.7,-6.7,-0.02,0.189,AVGO,,126,9.7,17.0,,False
437,RGTI,"Rigetti Computing, Inc.",Technology,Computer Hardware,Growth,5.1,15.18,16.49,12.0,16.2,10.0,-2.0,ok,0.0,neg_ebitda_low_debt,,,False,36.2,,0.5,185.3,,-43.8,32.2,-21.5,-25.7,0.525,0.471,BMNR,,126,16.2,13.0,,False
438,TRGP,"Targa Resources, Inc.",Energy,Oil & Gas Midstream,Cyclical,62.9,293.54,278.86,16.0,12.7,10.0,0.0,ok,-2.5,ok,3.54,,False,36.2,24.3,0.1,4.2,43.2,70.8,63.2,24.1,9.4,-0.261,0.196,BMNR,,126,12.7,13.0,,False
439,DGX,Quest Diagnostics Incorporated,Healthcare,Diagnostics & Research,Core,26.4,239.4,227.43,15.5,12.2,10.0,0.0,ok,-1.5,ok,2.55,,False,36.2,19.9,3.4,10.2,33.2,14.6,59.2,19.5,5.7,-0.195,0.242,AVGO,,126,12.2,15.0,,False
440,ICE,Intercontinental Exchange Inc.,Financial Services,Financial Data & Stock Exchang,Core,92.4,164.59,156.36,17.0,9.1,10.0,0.0,ok,0.0,financial_na,,,False,36.1,18.7,3.9,4.8,100.0,14.1,71.0,6.2,-15.6,0.17,0.301,MSFT,,126,9.1,16.0,,False
441,HUM,Humana Inc.,Healthcare,Healthcare Plans,Core,48.8,406.52,387.84,13.5,12.6,10.0,0.0,ok,0.0,ok,-2.54,,False,36.1,24.5,4.0,26.2,13.7,6.9,64.1,46.1,113.1,0.092,0.228,NVDA,,126,12.6,15.0,,False
442,WEC,"WEC Energy Group, Inc.",Utilities,Utilities - Regulated Electric,Core,34.8,106.7,111.49,12.0,17.6,10.0,0.0,ok,-3.5,ok,5.79,,False,36.1,17.8,-6.8,2.6,41.9,12.0,33.8,-3.8,-22.0,-0.31,0.294,AVGO,,126,17.6,19.0,,False
443,COHU,"Cohu, Inc.",Technology,Semiconductor Equipment & Mate,Growth,2.2,45.98,53.75,14.0,12.0,10.0,0.0,ok,0.0,ok,-13.22,,True,36.0,24.9,3.0,38.4,44.0,-4.8,24.7,14.4,51.3,0.391,0.511,AVGO,,126,20.0,14.0,,False
444,KHC,The Kraft Heinz Company,Consumer Defensive,Packaged Foods,Core,30.1,25.42,25.4,13.5,14.0,10.0,0.0,ok,-1.5,ok,2.97,,False,36.0,12.1,10.8,-1.4,33.5,-8.8,49.1,6.5,-11.4,-0.081,0.185,AVGO,,126,14.0,16.0,,False
445,GILD,"Gilead Sciences, Inc.",Healthcare,Drug Manufacturers - General,Core,187.5,151.22,143.66,17.0,9.5,10.0,0.0,ok,-0.5,ok,1.46,,False,36.0,15.3,5.2,10.2,79.6,-20.7,71.8,13.0,-9.3,0.059,0.143,BMNR,,126,9.5,17.0,,False
446,BIIB,Biogen Inc.,Healthcare,Drug Manufacturers - General,Core,33.2,224.51,213.28,15.5,12.0,10.0,0.0,ok,-1.5,ok,2.1,,False,36.0,13.6,3.8,3.4,78.3,4.6,67.7,17.7,6.5,-0.113,0.149,AVGO,,126,12.0,17.0,,False
447,FN,Fabrinet,Technology,Electronic Components,Growth,14.2,395.0,485.83,14.0,12.0,10.0,0.0,ok,0.0,ok,-1.64,,True,36.0,18.1,-0.4,44.6,12.0,21.3,17.0,-26.3,-34.2,0.344,0.485,AVGO,,126,15.5,13.0,,False
448,ONTO,Onto Innovation Inc.,Technology,Semiconductor Equipment & Mate,Growth,15.4,252.46,295.49,14.0,12.0,10.0,0.0,ok,0.0,ok,-1.33,,True,36.0,21.7,1.3,35.3,55.5,6.8,21.2,5.0,25.5,0.406,0.546,AVGO,,126,19.8,14.0,,False
449,CTVA,"Corteva, Inc.",Basic Materials,Agricultural Inputs,Cyclical,59.1,88.62,84.19,15.0,10.8,10.0,0.0,ok,0.0,ok,0.59,,False,35.8,21.5,4.1,-1.2,49.5,4.3,84.5,14.8,0.2,-0.212,0.262,MSFT,,126,10.8,12.0,,False
450,CRWV,"CoreWeave, Inc.",Technology,Software - Infrastructure,Growth,46.6,84.56,85.81,12.5,20.2,10.0,-2.0,ok,-5.0,ok,12.16,,False,35.7,,-19.5,112.5,67.4,-43.6,19.9,-7.5,0.9,0.515,0.481,NVDA,,126,20.2,17.0,,False
451,SBAC,SBA Communications Corporation,Real Estate,REIT - Specialty,Core,20.3,191.52,183.01,16.5,14.2,10.0,0.0,ok,-5.0,ok,8.12,,False,35.7,23.3,3.7,2.3,74.2,,60.5,-0.5,-16.9,0.006,0.179,AVGO,,126,14.2,17.0,,False
452,ATO,Atmos Energy Corporation,Utilities,Utilities - Regulated Gas,Core,28.6,169.12,172.99,11.5,16.7,10.0,0.0,ok,-2.5,ok,3.74,,False,35.7,18.8,-7.8,4.8,62.2,9.8,47.4,-3.5,-23.6,-0.308,0.284,MSFT,,126,16.7,20.0,,False
453,SOUN,"SoundHound AI, Inc.",Technology,Software - Application,Growth,3.0,6.74,6.73,11.5,16.2,10.0,-2.0,ok,0.0,neg_ebitda_low_debt,,,False,35.7,,-1.5,45.0,42.3,-32.2,35.3,-19.4,-31.4,0.643,0.501,BMNR,,126,16.2,16.0,,False
454,TYL,"Tyler Technologies, Inc.",Technology,Software - Application,Core,15.5,379.27,360.31,14.5,11.7,10.0,0.0,ok,-0.5,ok,1.06,,False,35.7,24.7,3.8,8.2,47.2,9.7,77.2,5.9,-13.7,-0.052,0.319,MSFT,,126,11.7,16.0,,False
455,WULF,TeraWulf Inc.,Financial Services,Capital Markets,Speculative,8.1,16.23,18.62,7.0,20.6,10.0,-2.0,ok,0.0,financial_na,,,False,35.6,,-2.9,-6.0,,-1211.8,43.9,-9.0,3.1,0.505,0.467,BMNR,,126,20.6,16.0,,False
456,LH,Labcorp Holdings Inc.,Healthcare,Diagnostics & Research,Core,26.9,331.5,314.92,14.5,12.6,10.0,0.0,ok,-1.5,ok,2.88,,False,35.6,16.7,3.3,5.8,28.9,11.7,66.3,20.6,8.0,0.07,0.185,MSFT,,126,12.6,15.0,,False
457,LYB,LyondellBasell Industries NV,Basic Materials,Specialty Chemicals,Cyclical,20.9,64.76,61.52,14.5,13.6,10.0,0.0,ok,-2.5,ok,3.27,,False,35.6,10.0,5.9,19.8,12.9,-2.3,53.2,7.7,-18.5,-0.213,0.232,GOOG,,126,13.6,11.0,,False
458,SO,Southern Company (The),Utilities,Utilities - Regulated Electric,Core,102.1,88.77,93.54,12.5,16.6,10.0,0.0,ok,-3.5,ok,5.2,,False,35.6,18.0,-3.8,0.1,48.3,11.5,25.2,-3.2,-23.1,-0.3,0.281,AVGO,,126,16.6,19.0,,False
459,EIX,Edison International,Utilities,Utilities - Regulated Electric,Core,21.7,56.3,72.91,13.5,15.6,10.0,0.0,ok,-3.5,ok,4.85,,False,35.6,8.7,0.4,-4.1,61.0,19.7,31.4,-17.2,-35.5,-0.124,0.117,NVDA,,126,15.6,20.0,,False
460,GPC,Genuine Parts Company,Consumer Cyclical,Auto Parts,Core,19.0,137.62,130.74,14.5,12.6,10.0,0.0,ok,-1.5,ok,2.97,,False,35.6,16.6,4.8,6.0,37.6,0.7,55.6,15.4,4.2,0.032,0.149,GOOG,,126,12.6,11.0,,False
461,MCK,McKesson Corporation,Healthcare,Medical Distribution,Core,107.4,921.38,875.31,14.0,11.5,10.0,0.0,ok,0.0,ok,0.94,,False,35.5,18.3,6.3,7.7,3.6,,64.3,9.3,-14.7,-0.249,0.3,AVGO,,126,11.5,15.0,,False
462,NEE,"NextEra Energy, Inc.",Utilities,Utilities - Regulated Electric,Core,175.3,84.06,86.64,14.0,16.4,10.0,0.0,ok,-5.0,ok,7.35,,False,35.4,19.2,-10.1,12.4,61.0,11.7,36.3,-4.1,-22.6,-0.095,0.244,MSFT,,126,16.4,20.0,,False
463,OKE,"ONEOK, Inc.",Energy,Oil & Gas Midstream,Growth,60.4,95.75,91.57,15.0,13.7,10.0,0.0,ok,-3.5,ok,4.28,,False,35.2,15.3,1.5,52.8,27.2,16.3,52.9,14.0,-3.5,-0.416,0.329,AVGO,,126,13.7,12.0,,False
464,CARR,Carrier Global Corporation,Industrials,Building Products & Equipment,Core,48.7,59.08,65.06,10.5,17.2,10.0,0.0,ok,-2.5,ok,3.57,,False,35.2,17.9,1.8,3.9,24.7,9.0,28.1,-3.4,-13.3,0.251,0.302,GOOG,,126,17.2,14.0,,False
465,SLB,SLB Limited,Energy,Oil & Gas Equipment & Services,Cyclical,85.2,57.41,54.54,13.0,12.6,10.0,0.0,ok,-0.5,ok,1.18,,False,35.1,17.8,3.5,5.0,17.0,12.9,63.3,17.5,7.5,0.093,0.132,AVGO,,126,12.6,14.0,,False
466,NI,NiSource Inc,Utilities,Utilities - Regulated Gas,Core,20.0,41.66,44.32,10.5,18.0,10.0,0.0,ok,-3.5,ok,5.74,,False,35.0,18.5,-8.9,4.6,51.0,8.5,40.5,-7.1,-24.7,-0.112,0.123,AVGO,,126,18.0,19.0,,False
467,TTWO,"Take-Two Interactive Software,",Communication Services,Electronic Gaming & Multimedia,Core,40.0,214.13,240.15,13.5,12.0,10.0,0.0,ok,-0.5,ok,1.46,,True,35.0,20.8,3.1,2.0,57.1,-9.0,14.7,-6.1,-13.7,0.294,0.315,MSFT,,126,17.8,14.0,,False
468,J,Jacobs Solutions Inc.,Industrials,Engineering & Construction,Growth,17.3,147.54,140.16,13.5,12.9,10.0,0.0,ok,-1.5,ok,2.72,,False,34.9,17.9,3.7,34.5,22.1,8.0,56.8,11.3,-7.1,0.136,0.156,BMNR,,126,12.9,14.0,,False
469,SBUX,Starbucks Corporation,Consumer Cyclical,Restaurants,Core,120.6,105.82,105.41,13.0,14.3,10.0,0.0,ok,-2.5,ok,3.34,,False,34.8,34.0,2.5,-1.4,22.3,,44.5,9.1,-7.4,0.132,0.147,AVGO,,126,14.3,11.0,,False
470,NBIS,Nebius Group N.V.,Communication Services,Internet Content & Information,Growth,57.3,210.63,213.68,13.5,16.2,10.0,0.0,ok,-5.0,ok,8.35,,False,34.7,,-16.8,454.0,74.3,0.6,22.2,36.7,120.8,0.406,0.452,NVDA,,126,16.2,15.0,,False
471,ARE,Alexandria Real Estate Equitie,Real Estate,REIT - Office,Speculative,9.1,52.69,50.77,15.0,14.7,10.0,0.0,ok,-5.0,ok,7.13,,False,34.7,,14.8,-11.9,68.2,-4.1,65.3,6.1,-9.4,0.067,0.096,BMNR,,126,14.7,17.0,,False
472,IREN,IREN LIMITED,Financial Services,Capital Markets,Core,16.4,41.65,40.28,7.5,19.2,10.0,-2.0,ok,0.0,financial_na,,,False,34.7,,-25.7,-26.7,68.9,-23.4,45.3,-8.8,-1.5,0.575,0.512,AVGO,,126,19.2,16.0,,False
473,PPL,PPL Corporation,Utilities,Utilities - Regulated Electric,Core,26.4,35.11,35.59,10.5,17.5,10.0,0.0,ok,-3.5,ok,5.33,,False,34.5,16.6,-7.3,4.2,44.1,8.6,39.3,-2.9,-23.2,-0.221,0.264,AVGO,,126,17.5,19.0,,False
474,IQV,"IQVIA Holdings, Inc.",Healthcare,Diagnostics & Research,Core,44.7,271.62,258.04,17.5,10.5,10.0,0.0,ok,-3.5,ok,4.65,,False,34.5,18.8,4.8,8.7,33.0,22.8,87.1,34.7,40.7,0.084,0.114,MSFT,,126,10.5,15.0,,False
475,RCL,Royal Caribbean Cruises Ltd.,Consumer Cyclical,Travel Services,Core,71.0,265.55,298.45,15.0,12.0,10.0,0.0,ok,-2.5,ok,3.27,,True,34.5,13.1,-2.1,6.5,50.3,44.7,11.6,-7.5,-19.5,0.381,0.427,GOOG,,126,18.1,14.0,,False
476,CAH,"Cardinal Health, Inc.",Healthcare,Medical Distribution,Core,57.8,248.61,236.18,14.0,10.9,10.0,0.0,ok,-0.5,ok,1.21,,False,34.4,17.7,8.2,5.8,3.8,,68.9,15.5,-0.5,-0.144,0.251,AVGO,,126,10.9,15.0,,False
477,WMB,"Williams Companies, Inc. (The)",Energy,Oil & Gas Midstream,Cyclical,90.6,74.05,73.44,15.0,12.9,10.0,0.0,ok,-3.5,ok,4.35,,False,34.4,28.5,-1.7,7.8,63.6,21.5,46.3,6.0,-14.5,-0.156,0.154,MSFT,,126,12.9,14.0,,False
478,VZ,Verizon Communications Inc.,Communication Services,Telecom Services,Core,210.2,50.59,48.06,18.5,8.3,10.0,0.0,ok,-2.5,ok,3.76,,False,34.3,9.6,8.3,-0.7,59.5,15.8,70.1,11.9,-14.5,-0.216,0.296,NVDA,,126,8.3,16.0,,False
479,HII,"Huntington Ingalls Industries,",Industrials,Aerospace & Defense,Core,11.5,290.73,297.17,10.5,15.3,10.0,0.0,ok,-1.5,ok,2.5,,False,34.3,14.0,-2.6,10.9,12.4,13.0,16.8,-16.4,-47.2,0.25,0.331,MSFT,,126,15.3,14.0,,False
480,AXON,"Axon Enterprise, Inc.",Industrials,Aerospace & Defense,Growth,43.7,538.15,565.41,14.0,15.3,10.0,0.0,ok,-5.0,ok,7.01,,False,34.3,51.0,0.5,35.3,59.5,6.2,36.9,6.4,-21.2,0.295,0.336,MSFT,,126,15.3,15.0,,False
481,AEE,Ameren Corporation,Utilities,Utilities - Regulated Electric,Core,29.5,106.41,110.35,11.0,16.7,10.0,0.0,ok,-3.5,ok,5.57,,False,34.2,18.3,-6.1,-6.2,52.4,11.9,31.1,-1.0,-18.9,-0.261,0.258,AVGO,,126,16.7,19.0,,False
482,DUK,Duke Energy Corporation (Holdi,Utilities,Utilities - Regulated Electric,Core,94.7,121.4,124.88,11.0,16.7,10.0,0.0,ok,-3.5,ok,5.51,,False,34.2,16.9,-4.7,1.1,52.0,9.9,38.7,-1.6,-22.5,-0.379,0.333,AVGO,,126,16.7,19.0,,False
483,MET,"MetLife, Inc.",Financial Services,Insurance - Life,Core,63.1,99.23,94.27,10.0,14.1,10.0,0.0,ok,0.0,financial_na,,,False,34.1,9.1,-33.2,10.5,24.0,13.1,55.1,22.0,24.3,0.163,0.224,MSFT,,126,14.1,14.0,,False
484,PSKY,Paramount Skydance Corporation,Communication Services,Entertainment,Core,12.4,11.04,10.49,14.5,13.1,10.0,0.0,ok,-3.5,ok,4.4,,False,34.1,13.0,,0.9,33.3,-0.9,70.1,0.3,-22.4,0.224,0.227,MSFT,,126,13.1,13.0,fcf_yield_out_of_range(142.0),False
485,WELL,Welltower Inc.,Real Estate,REIT - Healthcare Facilities,Growth,173.7,241.12,236.86,14.0,13.6,10.0,0.0,ok,-3.5,ok,5.32,,False,34.1,75.8,1.6,39.1,39.6,3.8,63.8,14.8,3.5,-0.239,0.314,AVGO,,126,13.6,15.0,,False
486,COR,"Cencora, Inc.",Healthcare,Medical Distribution,Core,64.4,337.22,320.36,14.5,11.0,10.0,0.0,ok,-1.5,ok,2.1,,False,34.0,17.0,3.2,5.1,4.0,96.9,76.3,4.9,-20.7,-0.17,0.241,NVDA,,126,11.0,15.0,,False
487,CPT,Camden Property Trust,Real Estate,REIT - Residential,Core,12.2,105.6,111.39,11.0,16.5,10.0,0.0,ok,-3.5,ok,5.4,,False,34.0,96.9,1.1,-0.8,61.6,7.9,29.6,-1.0,-14.7,-0.19,0.315,AVGO,,126,16.5,17.0,,False
488,HRL,Hormel Foods Corporation,Consumer Defensive,Packaged Foods,Core,11.9,21.68,24.53,12.0,12.0,10.0,0.0,ok,0.0,ok,-0.26,,True,34.0,14.0,5.2,-2.9,15.7,4.3,24.5,-6.6,-24.9,-0.136,0.271,NVDA,,126,17.6,16.0,,False
489,TSLA,"Tesla, Inc.",Consumer Cyclical,Auto Manufacturers,Core,1486.5,376.36,358.37,11.0,15.0,10.0,-2.0,ok,0.0,ok,-2.55,,False,34.0,,0.3,25.5,18.9,4.7,63.2,-5.9,-20.1,0.532,0.486,BMNR,,126,15.0,11.0,,False
490,WBD,"Warner Bros. Discovery, Inc. -",Communication Services,Entertainment,Core,71.1,28.37,27.07,14.0,12.4,10.0,0.0,ok,-2.5,ok,3.67,,False,33.9,,22.7,-11.2,47.8,-8.8,57.4,4.0,-13.4,0.104,0.246,NVDA,,126,12.4,14.0,,False
491,ETR,Entergy Corporation,Utilities,Utilities - Regulated Electric,Core,50.3,107.78,110.48,12.0,15.3,10.0,0.0,ok,-3.5,ok,5.56,,False,33.8,21.1,-8.8,5.9,47.0,10.2,49.7,2.7,-11.4,-0.177,0.236,MSFT,,126,15.3,19.0,,False
492,APD,"Air Products and Chemicals, In",Basic Materials,Specialty Chemicals,Cyclical,67.7,304.22,299.75,11.0,15.2,10.0,0.0,ok,-2.5,ok,3.71,,False,33.7,21.1,-2.2,4.6,32.1,0.0,44.5,8.2,-2.5,-0.046,0.11,GOOG,,126,15.2,11.0,,False
493,LNT,Alliant Energy Corporation,Utilities,Utilities - Regulated Electric,Core,17.6,68.0,72.27,12.0,16.7,10.0,0.0,ok,-5.0,ok,6.61,,False,33.7,18.4,-6.5,1.0,44.5,11.1,27.4,-2.9,-19.2,-0.27,0.257,AVGO,,126,16.7,19.0,,False
494,CNP,"CenterPoint Energy, Inc (Holdi",Utilities,Utilities - Regulated Electric,Core,26.3,39.98,41.98,11.5,17.1,10.0,0.0,ok,-5.0,ok,6.28,,False,33.6,19.2,-19.7,10.7,47.0,9.8,40.7,-3.4,-23.3,-0.303,0.301,AVGO,,126,17.1,19.0,,False
495,GM,General Motors Company,Consumer Cyclical,Auto Manufacturers,Core,78.9,87.22,83.13,14.0,14.6,10.0,0.0,ok,-5.0,ok,6.32,,False,33.6,5.9,27.8,1.9,10.2,3.2,51.6,9.5,1.0,0.322,0.383,BMNR,,126,14.6,11.0,,False
496,AEP,American Electric Power Compan,Utilities,Utilities - Regulated Electric,Core,67.9,124.71,129.53,12.0,15.0,10.0,0.0,ok,-3.5,ok,5.86,,False,33.5,18.2,-8.8,7.0,46.4,10.1,46.4,-1.1,-19.7,-0.249,0.236,MSFT,,126,15.0,19.0,,False
497,IRM,Iron Mountain Incorporated (De,Real Estate,REIT - Specialty,Core,34.2,114.98,122.74,13.0,15.4,10.0,0.0,ok,-5.0,ok,7.74,,False,33.4,42.1,-1.3,18.5,54.2,,23.2,5.5,-4.7,0.324,0.31,BMNR,,126,15.4,16.0,,False
498,HSIC,"Henry Schein, Inc.",Healthcare,Medical Distribution,Core,10.1,90.86,87.31,14.5,11.3,10.0,0.0,ok,-2.5,ok,3.39,,False,33.3,15.1,4.4,6.7,31.3,8.9,56.7,15.0,2.1,0.138,0.176,GOOG,,126,11.3,15.0,,False
499,FE,FirstEnergy Corp.,Utilities,Utilities - Regulated Electric,Core,27.2,47.04,47.78,11.5,15.3,10.0,0.0,ok,-3.5,ok,5.33,,False,33.3,15.9,-7.4,8.8,68.6,9.5,45.7,-0.2,-21.5,-0.211,0.304,AVGO,,126,15.3,20.0,,False
500,XYZ,"Block, Inc.",Technology,Software - Infrastructure,Core,50.1,83.37,80.16,11.0,14.3,10.0,-2.0,ok,0.0,ok,0.28,,False,33.3,16.2,-0.1,9.3,46.6,1.6,51.0,21.4,10.7,0.512,0.43,BMNR,,126,14.3,16.0,,False
501,D,"Dominion Energy, Inc.",Utilities,Utilities - Regulated Electric,Core,58.7,66.79,68.82,11.5,16.7,10.0,0.0,ok,-5.0,ok,6.43,,False,33.2,17.5,-15.6,17.6,46.2,8.3,32.9,4.7,-9.3,-0.169,0.202,MSFT,,126,16.7,19.0,,False
502,CMS,CMS Energy Corporation,Utilities,Utilities - Regulated Electric,Core,21.5,68.59,72.53,9.5,18.7,10.0,0.0,ok,-5.0,ok,6.32,,False,33.2,16.5,-10.2,-0.5,40.3,9.2,29.9,-6.1,-25.4,-0.322,0.285,MSFT,,126,18.7,19.0,,False
503,DOW,Dow Inc.,Basic Materials,Chemicals,Cyclical,21.9,30.36,30.0,9.0,16.6,10.0,0.0,ok,-2.5,ok,3.84,,False,33.1,16.5,1.1,19.7,9.8,-5.5,45.0,-3.0,-23.7,-0.174,0.195,GOOG,,126,16.6,11.0,,False
504,EXC,Exelon Corporation,Utilities,Utilities - Regulated Electric,Core,45.9,44.53,45.85,10.5,17.5,10.0,0.0,ok,-5.0,ok,6.09,,False,33.0,14.7,-5.9,9.9,42.4,9.7,34.6,-2.8,-24.7,-0.328,0.295,AVGO,,126,17.5,19.0,,False
505,ADM,Archer-Daniels-Midland Company,Consumer Defensive,Farm Products,Core,40.7,84.38,80.81,11.5,13.0,10.0,0.0,ok,-1.5,ok,2.75,,False,33.0,14.8,2.9,7.2,6.9,7.6,60.4,17.5,10.2,-0.137,0.169,BMNR,,126,13.0,16.0,,False
506,ED,"Consolidated Edison, Inc.",Utilities,Utilities - Regulated Electric,Core,40.2,108.75,109.81,12.0,14.4,10.0,0.0,ok,-3.5,ok,4.36,,False,32.9,16.8,-2.1,13.2,53.4,9.0,49.8,2.1,-17.3,-0.44,0.397,AVGO,,126,14.4,19.0,,False
507,BALL,Ball Corporation,Consumer Cyclical,Packaging & Containers,Core,16.7,62.93,62.88,14.0,11.4,10.0,0.0,ok,-2.5,ok,3.41,,False,32.9,13.9,2.3,19.7,18.6,17.2,57.7,6.7,-14.3,0.027,0.137,GOOG,,126,11.4,11.0,,False
508,EVRG,"Evergy, Inc.",Utilities,Utilities - Regulated Electric,Core,18.9,81.93,84.27,10.5,15.8,10.0,0.0,ok,-3.5,ok,5.8,,False,32.8,17.9,-7.6,4.4,52.7,9.3,38.5,1.9,-15.8,-0.25,0.275,AVGO,,126,15.8,19.0,,False
509,TSN,"Tyson Foods, Inc.",Consumer Defensive,Farm Products,Core,18.2,51.76,57.73,12.0,12.0,10.0,0.0,ok,-1.5,ok,2.62,,True,32.5,11.6,6.5,-0.1,6.6,3.3,18.5,-14.1,-30.7,-0.122,0.204,NVDA,,126,18.5,16.0,,False
510,AEHR,Aehr Test Systems,Technology,Semiconductor Equipment & Mate,Growth,2.5,76.27,91.07,10.5,12.0,10.0,0.0,ok,0.0,neg_ebitda_low_debt,,,True,32.5,55.1,-0.1,33.7,35.3,-4.2,17.2,22.2,99.2,0.445,0.507,AVGO,,126,18.7,13.0,,False
511,OKLO,Oklo Inc.,Utilities,Utilities - Independent Power ,Speculative,7.4,39.84,44.27,8.0,16.4,10.0,-2.0,ok,0.0,neg_ebitda_low_debt,,,False,32.4,,-3.2,,,-7.7,40.2,-38.8,-46.6,0.566,0.533,BMNR,,126,16.4,19.0,,False
512,MRNA,"Moderna, Inc.",Healthcare,Biotechnology,Core,59.4,148.87,141.43,9.0,13.3,10.0,0.0,ok,0.0,neg_ebitda_low_debt,,,False,32.3,,0.5,2.1,,-39.0,68.2,174.6,168.5,0.08,0.242,BMNR,,126,13.3,15.0,,False
513,AI,"C3.ai, Inc.",Technology,Software - Infrastructure,Speculative,1.7,10.9,10.35,6.0,18.2,10.0,-2.0,ok,0.0,neg_ebitda_low_debt,,,False,32.2,,-1.5,-52.5,,-63.0,62.9,2.4,3.7,0.574,0.503,MSFT,,126,18.2,15.0,,False
514,LUV,Southwest Airlines Company,Industrials,Airlines,Core,18.9,38.73,45.67,10.5,12.0,10.0,0.0,ok,-0.5,ok,1.33,,True,32.0,8.0,-4.4,16.4,22.4,11.1,20.9,-9.8,-21.4,0.417,0.427,GOOG,,126,17.1,14.0,,False
515,DTE,DTE Energy Company,Utilities,Utilities - Regulated Electric,Core,28.5,137.07,143.85,9.5,17.1,10.0,0.0,ok,-5.0,ok,7.69,,False,31.6,16.4,-9.1,-1.5,29.3,11.0,34.6,-2.8,-22.9,-0.236,0.219,MSFT,,126,17.1,18.0,,False
516,NCLH,Norwegian Cruise Line Holdings,Consumer Cyclical,Travel Services,Speculative,7.2,15.59,18.87,14.5,12.0,10.0,0.0,ok,-5.0,ok,6.08,,True,31.5,9.2,-23.5,4.9,42.5,36.7,14.4,-21.5,-37.2,0.312,0.442,GOOG,,126,15.7,14.0,,False
517,SRE,DBA Sempra,Utilities,Utilities - Diversified,Core,55.3,84.57,88.96,9.5,16.9,10.0,0.0,ok,-5.0,ok,6.23,,False,31.4,15.3,-50.0,-0.1,44.0,6.7,45.5,-6.8,-23.0,-0.178,0.175,MSFT,,126,16.9,19.0,,False
518,PNW,Pinnacle West Capital Corporat,Utilities,Utilities - Regulated Electric,Core,11.9,98.0,103.11,10.5,15.7,10.0,0.0,ok,-5.0,ok,7.68,,False,31.2,17.6,-7.8,7.1,43.4,9.4,26.8,0.2,-18.4,-0.278,0.279,AVGO,,126,15.7,19.0,,False
519,CRL,Charles River Laboratories Int,Healthcare,Diagnostics & Research,Core,14.1,293.35,278.68,11.0,12.7,10.0,0.0,ok,-2.5,ok,3.35,,False,31.2,23.1,3.3,-2.7,34.6,-7.5,60.5,47.0,53.2,0.177,0.178,BMNR,,126,12.7,15.0,,False
520,XEL,Xcel Energy Inc.,Utilities,Utilities - Regulated Electric,Core,47.7,76.34,78.87,9.5,16.6,10.0,0.0,ok,-5.0,ok,6.47,,False,31.1,16.8,-16.6,-5.1,46.8,9.9,33.3,-2.6,-21.8,-0.194,0.206,MSFT,,126,16.6,19.0,,False
521,CIFR,Cipher Digital Inc.,Technology,Information Technology Service,Speculative,7.2,17.37,19.6,5.5,20.6,10.0,0.0,ok,-5.0,ok,49.49,,False,31.1,58.9,-40.2,-43.0,,-167.5,48.3,-5.4,12.6,0.473,0.435,AVGO,,126,20.6,15.0,,False
522,PCG,Pacific Gas & Electric Co.,Utilities,Utilities - Regulated Electric,Core,30.7,13.96,17.15,10.5,15.4,10.0,0.0,ok,-5.0,ok,6.1,,False,30.9,7.8,-20.0,0.1,39.8,9.3,29.6,-16.6,-37.9,-0.038,0.056,AVGO,,126,15.4,18.0,,False
523,AWK,"American Water Works Company, ",Utilities,Utilities - Regulated Water,Core,28.0,140.89,134.89,13.0,11.1,10.0,0.0,ok,-3.5,ok,5.44,,False,30.6,21.5,-6.4,6.2,61.5,10.1,60.1,7.8,-11.7,-0.375,0.367,AVGO,,126,11.1,20.0,,False
524,QBTS,D-Wave Quantum Inc.,Technology,Computer Hardware,Speculative,6.3,16.82,19.42,7.0,15.4,10.0,-2.0,ok,0.0,neg_ebitda_low_debt,,,False,30.4,,-1.2,-0.6,,-28.0,29.7,-21.9,-24.5,0.542,0.492,BMNR,,126,15.4,15.0,,False
525,AES,The AES Corporation,Utilities,Utilities - Diversified,Core,10.5,14.78,14.74,10.0,14.9,10.0,0.0,ok,-5.0,ok,7.64,,False,29.9,6.2,-29.3,19.9,20.3,9.6,57.6,2.3,-9.2,0.199,0.248,AVGO,,126,14.9,18.0,,False
526,BBAI,"BigBear.ai, Inc.",Technology,Information Technology Service,Speculative,1.4,2.98,3.13,7.5,16.2,10.0,-4.0,ok,0.0,neg_ebitda_low_debt,,,False,29.7,,-14.6,13.2,27.9,-16.6,38.2,-30.8,-44.8,0.653,0.512,BMNR,,126,16.2,15.0,,False
527,WY,Weyerhaeuser Company,Real Estate,REIT - Specialty,Core,16.6,23.04,24.19,8.0,16.7,10.0,0.0,ok,-5.0,ok,7.15,,False,29.7,34.3,0.1,-0.9,14.5,5.0,29.1,-4.7,-20.1,-0.026,0.181,GOOG,,126,16.7,15.0,,False
528,APLD,Applied Digital Corporation,Technology,Information Technology Service,Growth,7.4,25.91,29.56,9.5,15.5,10.0,-2.0,ok,-4.0,neg_ebitda_debt,,,False,29.0,,,406.6,25.9,-8.4,31.8,-19.5,-11.9,0.544,0.48,NVDA,,126,15.5,15.0,fcf_yield_out_of_range(-67.4),False
529,DE,Deere & Company,Industrials,Farm & Heavy Construction Mach,Core,187.2,694.41,659.69,12.5,9.5,10.0,0.0,ok,-3.5,ok,4.61,,False,28.5,30.6,2.4,-11.1,25.2,18.2,70.4,22.7,3.1,-0.004,0.269,MSFT,,126,9.5,14.0,,False
530,IFF,International Flavors & Fragra,Basic Materials,Specialty Chemicals,Cyclical,22.1,86.46,82.14,8.0,11.7,10.0,0.0,ok,-1.5,ok,2.99,,False,28.2,21.9,-7.8,1.8,36.6,-5.5,57.8,16.3,2.9,0.172,0.239,GOOG,,126,11.7,11.0,,False
531,BG,Bunge Limited,Consumer Defensive,Farm Products,Growth,23.1,120.12,114.11,9.5,11.7,10.0,0.0,ok,-3.5,ok,5.21,,False,27.7,10.6,-28.1,88.3,4.9,7.2,60.7,5.5,-12.0,-0.121,0.146,BMNR,,126,11.7,16.0,,False
532,F,Ford Motor Company,Consumer Cyclical,Auto Manufacturers,Core,57.5,14.41,14.1,4.5,17.1,10.0,0.0,ok,-5.0,ok,18.47,,False,26.6,7.5,-13.8,-3.8,7.1,-18.3,50.6,7.9,5.1,0.246,0.251,NVDA,,126,17.1,11.0,,False
533,MOS,Mosaic Company (The),Basic Materials,Agricultural Inputs,Cyclical,8.1,25.49,24.22,5.5,12.7,10.0,0.0,ok,-2.5,ok,3.37,,False,25.7,15.9,-9.2,-6.0,11.2,-5.1,75.7,4.4,-17.3,0.179,0.195,BMNR,,126,12.7,11.0,,False
