rank,ticker,name,sector,industry,category,mcap_B,current_price,entry_level,fundamental,technical,visibility,corr_penalty,corr_status,leverage_penalty,lev_status,nd_ebitda,dte_pct,broken_base,composite,fwd_pe,fcf_yield_pct,rev_growth_pct,gross_margin_pct,roe_pct,rsi,ma200_dist_pct,rel_str_6m_pct,portfolio_corr,max_corr,max_corr_with,corr_null_reason,n_corr_obs,technical_precap,visibility_legacy,data_flags,in_portfolio
1,LMT,Lockheed Martin Corporation,Industrials,Aerospace & Defense,Compounder,117.6,509.59,550.07,18.0,17.5,22.0,0.0,ok,-0.5,ok,1.73,,False,57.0,15.6,4.7,10.5,11.8,89.2,28.7,-9.4,-30.4,-0.152,0.168,AVGO,,121,17.5,22.0,,False
2,GOOG,Alphabet Inc.,Communication Services,Internet Content & Information,Compounder,4254.3,347.86,343.18,19.0,16.6,20.0,0.0,ok,0.0,ok,-0.7,,False,55.6,22.9,0.5,24.2,60.9,48.7,52.9,2.9,-3.5,0.214,0.251,BMNR,,121,16.6,20.0,,True
3,AVGO,Broadcom Inc.,Technology,Semiconductors,Growth,1725.9,360.14,372.51,17.0,16.9,18.9,0.0,ok,0.0,ok,0.68,,False,52.8,18.6,1.8,,75.5,44.2,51.7,-2.1,-12.0,0.483,0.43,NVDA,,121,16.9,22.0,provider_suspect(revenueGrowth),True
4,RTX,RTX Corporation,Industrials,Aerospace & Defense,Compounder,250.6,185.97,203.64,15.5,16.8,21.0,0.0,ok,-0.5,ok,1.92,,False,52.8,23.6,3.9,14.5,20.3,12.3,32.4,-4.5,-21.2,-0.104,0.22,AVGO,,121,16.8,21.0,,False
5,TSM,Taiwan Semiconductor Manufactu,Technology,Semiconductors,Growth,2351.1,453.31,431.85,24.0,14.6,21.0,-7.0,ok,0.0,ok,-0.77,,False,52.6,20.7,,36.0,64.2,40.0,54.7,16.1,9.2,0.758,0.631,NVDA,,121,14.6,21.0,fcf_yield_out_of_range(31.1),False
6,ADBE,Adobe Inc.,Technology,Software - Application,Core,94.3,242.27,257.79,23.0,19.6,10.0,0.0,ok,0.0,ok,0.12,,False,52.6,8.8,9.9,12.9,89.3,61.9,43.3,-5.9,-5.9,-0.183,0.351,GEV,,121,19.6,17.0,,False
7,NVDA,NVIDIA Corporation,Technology,Semiconductors,Growth,5536.4,229.28,221.61,20.0,15.9,16.6,0.0,ok,0.0,ok,-0.12,,False,52.5,14.4,0.8,105.9,74.7,117.2,52.8,13.5,8.1,0.469,0.43,AVGO,,121,15.9,20.0,,True
8,GEV,GE Vernova Inc.,Industrials,Specialty Industrial Machinery,Compounder,267.6,1004.73,966.63,19.0,10.4,23.0,0.0,ok,0.0,ok,-2.29,,False,52.4,39.9,5.9,21.9,20.6,82.6,80.9,8.9,-9.6,0.401,0.392,AVGO,,121,10.4,23.0,,True
9,NOC,Northrop Grumman Corporation,Industrials,Aerospace & Defense,Compounder,68.3,480.72,532.22,17.0,15.9,21.0,0.0,ok,-1.5,ok,2.03,,False,52.4,15.8,,5.1,20.1,27.0,25.6,-19.3,-42.1,-0.162,0.239,AVGO,,121,15.9,21.0,provider_suspect(freeCashflow),False
10,ORCL,Oracle Corporation,Technology,Software - Infrastructure,Core,428.7,141.4,145.29,17.5,19.7,17.3,0.0,ok,-2.5,ok,3.84,,False,52.0,12.9,-10.7,29.6,64.0,41.2,42.1,-12.6,-11.0,0.447,0.425,AVGO,,121,19.7,19.0,,False
11,PATH,"UiPath, Inc.",Technology,Software - Infrastructure,Speculative,7.0,13.48,14.68,22.0,19.9,10.0,0.0,ok,0.0,ok,-6.52,,False,51.9,14.6,6.8,13.4,82.6,20.0,51.3,6.7,22.2,0.083,0.256,BMNR,,121,19.9,17.0,,False
12,AMP,"Ameriprise Financial, Inc.",Financial Services,Asset Management,Core,44.2,500.51,538.88,23.0,18.8,10.0,0.0,ok,0.0,financial_na,,,False,51.8,9.7,6.6,11.6,54.9,63.4,31.6,1.7,-0.9,0.095,0.208,GOOG,,121,18.8,15.0,,False
13,QCOM,QUALCOMM Incorporated,Technology,Semiconductors,Core,187.4,175.5,172.5,19.0,22.5,10.0,0.0,ok,0.0,ok,0.58,,False,51.5,17.2,5.5,-4.0,54.2,33.8,30.6,3.8,23.6,0.382,0.391,AVGO,,121,22.5,14.0,,False
14,EXPE,"Expedia Group, Inc.",Consumer Cyclical,Travel Services,Core,32.9,274.22,296.11,23.0,18.2,10.0,0.0,ok,0.0,ok,-0.5,,False,51.2,11.2,10.4,14.0,90.4,89.5,44.0,5.7,6.8,-0.098,0.211,GOOG,,121,18.2,15.0,,False
15,GEN,Gen Digital Inc.,Technology,Software - Infrastructure,Core,13.9,23.25,27.5,22.0,21.6,10.0,0.0,ok,-2.5,ok,3.17,,False,51.1,7.0,11.1,6.3,78.0,41.9,25.5,-4.6,17.2,0.011,0.205,GOOG,,121,21.6,17.0,,False
16,NXPI,NXP Semiconductors N.V.,Technology,Semiconductors,Core,57.4,227.52,230.75,22.0,19.2,10.0,0.0,ok,-0.5,ok,1.53,,False,50.7,12.5,6.2,19.5,56.1,27.9,45.2,-7.3,-2.1,0.358,0.386,AVGO,,121,19.2,14.0,,False
17,PAYX,"Paychex, Inc.",Technology,Software - Application,Core,37.0,103.98,115.55,21.0,20.2,10.0,0.0,ok,-0.5,ok,1.2,,False,50.7,16.3,5.1,5.9,74.4,47.1,29.4,1.2,9.6,-0.314,0.42,GEV,,121,20.2,17.0,,False
18,ALL,Allstate Corporation (The),Financial Services,Insurance - Property & Casualt,Core,58.0,229.43,249.88,22.0,18.4,10.0,0.0,ok,0.0,financial_na,,,False,50.4,8.2,26.1,11.8,36.8,46.1,32.2,2.1,-4.7,-0.389,0.371,AVGO,,121,18.4,14.0,,False
19,AXP,American Express Company,Financial Services,Credit Services,Core,208.1,308.17,324.95,21.5,18.8,10.0,0.0,ok,0.0,financial_na,,,False,50.3,15.3,,12.8,62.3,34.4,41.5,-6.7,-15.1,0.242,0.362,GOOG,,121,18.8,18.0,,False
20,CINF,Cincinnati Financial Corporati,Financial Services,Insurance - Property & Casualt,Growth,25.1,163.39,169.43,22.0,18.1,10.0,0.0,ok,0.0,financial_na,,,False,50.1,18.0,11.9,31.6,31.1,21.5,43.0,-2.2,-12.0,-0.251,0.407,AVGO,,121,18.1,14.0,,False
21,INCY,Incyte Corporation,Healthcare,Biotechnology,Growth,22.9,112.79,122.64,23.0,17.0,10.0,0.0,ok,0.0,ok,-2.32,,False,50.0,12.9,5.2,37.7,55.7,30.7,20.0,5.3,4.0,-0.193,0.254,AVGO,,121,17.0,16.0,,False
22,BRO,"Brown & Brown, Inc.",Financial Services,Insurance Brokers,Growth,21.0,62.88,67.81,21.5,18.5,10.0,0.0,ok,0.0,financial_na,,,False,50.0,13.0,7.8,32.4,56.3,10.0,44.6,-6.7,-16.5,-0.407,0.417,AVGO,,121,18.5,15.0,,False
23,POWL,"Powell Industries, Inc.",Industrials,Electrical Equipment & Parts,Speculative,7.0,191.93,193.19,17.5,16.4,18.0,-2.0,ok,0.0,ok,-2.67,,False,49.9,27.5,2.7,8.9,30.1,28.3,54.0,-8.4,-30.3,0.597,0.596,GEV,,121,16.4,18.0,,False
24,VRT,"Vertiv Holdings, LLC",Industrials,Electrical Equipment & Parts,Core,93.5,242.78,258.41,20.5,17.4,13.4,-2.0,ok,0.0,ok,0.08,,False,49.3,26.5,2.9,24.1,38.0,43.9,44.8,-8.7,-29.0,0.607,0.601,GEV,,121,17.4,20.0,,False
25,ADSK,"Autodesk, Inc.",Technology,Software - Application,Core,49.2,235.35,233.93,23.0,16.3,10.0,0.0,ok,0.0,ok,-0.2,,False,49.3,16.6,6.4,16.1,92.5,53.9,65.8,-1.0,-5.7,-0.128,0.299,GEV,,121,16.3,17.0,,False
26,NFLX,"Netflix, Inc.",Communication Services,Entertainment,Core,292.7,70.3,75.24,23.0,16.2,10.0,0.0,ok,0.0,ok,0.51,,False,49.2,18.5,8.7,13.4,49.1,49.5,39.8,-15.8,-45.2,-0.164,0.286,GEV,,121,16.2,14.0,,False
27,WDAY,"Workday, Inc.",Technology,Software - Application,Core,45.0,186.59,188.27,20.5,18.7,10.0,0.0,ok,0.0,ok,0.23,,False,49.2,14.1,6.8,12.8,75.8,16.0,38.6,19.0,51.6,-0.217,0.395,GEV,,121,18.7,17.0,,False
28,CPAY,"Corpay, Inc.",Technology,Software - Infrastructure,Core,26.1,397.92,403.19,23.0,17.5,10.0,0.0,ok,-1.5,ok,2.7,,False,49.0,12.6,7.4,21.5,80.5,29.2,50.7,14.2,18.0,-0.003,0.115,GEV,,121,17.5,17.0,,False
29,BR,Broadridge Financial Solutions,Technology,Information Technology Service,Core,18.7,165.45,168.89,21.0,18.4,10.0,0.0,ok,-0.5,ok,1.72,,False,48.9,14.3,6.4,7.5,31.8,40.9,52.0,-2.4,-4.0,-0.237,0.354,GEV,,121,18.4,15.0,,False
30,ARES,Ares Management Corporation,Financial Services,Asset Management,Core,38.9,117.22,132.26,18.5,20.4,10.0,0.0,ok,0.0,financial_na,,,False,48.9,,5.6,9.6,100.0,14.9,35.7,-8.7,-1.6,0.378,0.418,GOOG,,121,20.4,16.0,provider_suspect(forwardPE),False
31,GDDY,GoDaddy Inc.,Technology,Software - Infrastructure,Core,13.2,104.35,99.13,22.0,17.4,10.0,0.0,ok,-0.5,ok,1.91,,False,48.9,9.5,9.1,6.6,63.8,442.9,58.0,12.1,15.5,-0.199,0.286,GEV,,121,17.4,17.0,,False
32,APP,Applovin Corporation,Communication Services,Advertising Agencies,Growth,92.7,277.04,322.18,22.5,16.4,10.0,0.0,ok,0.0,ok,0.09,,False,48.9,13.3,3.4,52.8,88.5,203.7,34.9,-38.4,-40.4,0.228,0.259,BMNR,,121,16.4,15.0,,False
33,META,"Meta Platforms, Inc.",Communication Services,Internet Content & Information,Core,1830.8,718.67,682.74,18.0,13.8,17.0,0.0,ok,0.0,ok,0.2,,False,48.8,20.8,1.2,28.0,81.7,29.8,60.3,14.1,0.9,0.134,0.241,GOOG,,121,13.8,15.0,,False
34,DXCM,"DexCom, Inc.",Healthcare,Medical Devices,Core,31.7,84.11,87.28,20.5,18.3,10.0,0.0,ok,0.0,ok,-0.39,,False,48.8,26.9,3.2,13.1,62.5,38.5,27.0,14.5,17.9,-0.01,0.242,GOOG,,121,18.3,17.0,,False
35,SCHW,Charles Schwab Corporation (Th,Financial Services,Capital Markets,Core,167.2,96.7,105.53,21.5,17.3,10.0,0.0,ok,0.0,financial_na,,,False,48.8,12.2,,20.9,97.5,20.3,21.9,-1.4,-11.1,-0.068,0.178,GOOG,,121,17.3,16.0,,False
36,HSY,The Hershey Company,Consumer Defensive,Confectioners,Core,32.7,162.74,174.46,20.0,19.2,10.0,0.0,ok,-0.5,ok,1.89,,False,48.7,16.5,5.3,6.6,38.4,32.8,35.6,-14.0,-32.4,-0.338,0.355,AVGO,,121,19.2,16.0,,False
37,MMM,3M Company,Industrials,Conglomerates,Core,82.5,159.96,172.1,21.0,18.2,10.0,0.0,ok,-0.5,ok,1.21,,False,48.7,16.3,7.7,2.5,39.4,81.9,40.4,-0.3,-7.0,0.034,0.126,GOOG,,121,18.2,14.0,,False
38,TROW,"T. Rowe Price Group, Inc.",Financial Services,Asset Management,Core,22.4,105.16,108.86,20.5,18.1,10.0,0.0,ok,0.0,financial_na,,,False,48.6,10.3,9.0,10.7,51.6,19.4,52.4,1.6,1.5,0.224,0.365,BMNR,,121,18.1,15.0,,False
39,CRM,"Salesforce, Inc.",Technology,Software - Application,Core,188.6,229.13,223.67,20.5,19.6,10.0,0.0,ok,-1.5,ok,2.4,,False,48.6,14.3,9.4,10.8,77.3,19.4,42.6,14.8,25.5,-0.097,0.277,GEV,,121,19.6,17.0,,False
40,IT,"Gartner, Inc.",Technology,Information Technology Service,Core,12.1,191.15,185.37,21.0,18.0,10.0,0.0,ok,-0.5,ok,1.33,,False,48.5,11.7,8.7,-0.6,69.6,113.6,57.5,11.2,19.6,-0.274,0.376,GEV,,121,18.0,17.0,,False
41,RJF,"Raymond James Financial, Inc.",Financial Services,Asset Management,Core,30.5,158.38,171.03,20.0,18.5,10.0,0.0,ok,0.0,financial_na,,,False,48.5,11.1,,15.1,93.2,18.4,35.8,-1.3,-5.1,0.135,0.291,GOOG,,121,18.5,16.0,,False
42,GE,GE Aerospace,Industrials,Aerospace & Defense,Core,319.8,308.2,337.31,20.5,17.9,10.0,0.0,ok,0.0,ok,0.9,,False,48.4,33.9,2.1,21.1,31.1,48.2,37.3,-4.8,-13.5,0.234,0.299,GOOG,,121,17.9,14.0,,False
43,DASH,"DoorDash, Inc.",Consumer Cyclical,Internet Retail,Growth,85.1,196.5,206.15,19.0,19.2,10.0,0.0,ok,0.0,ok,-1.42,,False,48.2,,6.0,35.6,52.2,8.9,53.1,5.5,13.7,0.117,0.269,GOOG,,121,19.2,12.0,provider_suspect(forwardPE),False
44,MCO,Moody's Corporation,Financial Services,Financial Data & Stock Exchang,Core,80.4,464.23,478.44,20.5,17.7,10.0,0.0,ok,0.0,financial_na,,,False,48.2,24.5,3.2,15.1,75.0,76.9,47.9,-1.1,-4.6,-0.075,0.212,GOOG,,121,17.7,16.0,,False
45,UBER,"Uber Technologies, Inc.",Technology,Software - Application,Core,146.1,71.51,73.1,21.0,17.6,10.0,0.0,ok,-0.5,ok,1.25,,False,48.1,16.2,5.0,12.2,40.8,37.2,54.1,-4.1,-13.9,0.002,0.217,GOOG,,121,17.6,16.0,,False
46,BKNG,Booking Holdings Inc. Common S,Consumer Cyclical,Travel Services,Core,124.2,160.34,186.66,19.0,19.0,10.0,0.0,ok,0.0,ok,0.36,,False,48.0,13.0,6.2,8.1,87.2,,38.1,-11.6,-21.0,-0.138,0.277,GEV,,121,19.0,15.0,,False
47,BMY,Bristol-Myers Squibb Company,Healthcare,Drug Manufacturers - General,Core,120.8,59.12,64.14,22.0,16.3,10.0,0.0,ok,-0.5,ok,1.8,,False,47.8,8.9,6.7,5.7,71.7,46.6,33.7,-0.2,-12.6,-0.17,0.26,NVDA,,121,16.3,17.0,,False
48,GL,Globe Life Inc.,Financial Services,Insurance - Life,Core,12.6,164.17,173.53,20.0,17.8,10.0,0.0,ok,0.0,financial_na,,,False,47.8,10.0,9.2,8.0,33.9,20.9,24.3,4.1,-0.9,-0.013,0.192,GOOG,,121,17.8,14.0,,False
49,PEP,"Pepsico, Inc.",Consumer Defensive,Beverages - Non-Alcoholic,Core,171.7,125.97,135.59,20.0,19.3,10.0,0.0,ok,-1.5,ok,2.25,,False,47.8,14.5,4.6,6.4,54.2,51.5,40.0,-14.0,-33.2,-0.372,0.384,GEV,,121,19.3,17.0,,False
50,ADP,"Automatic Data Processing, Inc",Technology,Software - Application,Core,107.3,270.88,271.69,20.0,17.8,10.0,0.0,ok,0.0,ok,0.2,,False,47.8,20.2,4.9,6.8,48.7,72.2,51.2,14.1,30.0,-0.411,0.483,GEV,,121,17.8,16.0,,False
51,IDXX,"IDEXX Laboratories, Inc.",Healthcare,Diagnostics & Research,Core,40.9,518.0,540.51,19.5,18.3,10.0,0.0,ok,0.0,ok,0.55,,False,47.8,30.9,2.2,9.7,62.4,74.2,51.5,-11.4,-21.4,0.013,0.298,GOOG,,121,18.3,17.0,,False
52,CF,"CF Industries Holdings, Inc.",Basic Materials,Agricultural Inputs,Cyclical,16.9,111.54,123.29,22.0,15.7,10.0,0.0,ok,0.0,ok,0.29,,False,47.7,10.1,7.6,17.6,42.5,29.9,15.2,-1.1,-21.1,-0.253,0.251,GOOG,,121,15.7,12.0,,False
53,WDC,Western Digital Corporation,Technology,Computer Hardware,Growth,148.7,397.28,459.32,20.0,19.6,10.0,-2.0,ok,0.0,ok,-0.08,,False,47.6,12.4,1.5,43.8,48.9,130.9,36.9,-1.8,2.2,0.568,0.54,GEV,,121,19.6,14.0,,False
54,MS,Morgan Stanley,Financial Services,Capital Markets,Core,298.4,190.02,207.25,20.0,17.5,10.0,0.0,ok,0.0,financial_na,,,False,47.5,14.0,,28.0,87.6,18.0,20.7,-1.8,-5.9,0.474,0.389,BMNR,,121,17.5,16.0,,False
55,SPGI,S&P Global Inc.,Financial Services,Financial Data & Stock Exchang,Core,120.2,407.82,414.59,19.5,18.0,10.0,0.0,ok,0.0,financial_na,,,False,47.5,20.2,4.5,10.4,70.9,14.3,53.1,-6.9,-15.3,-0.139,0.26,AVGO,,121,18.0,16.0,,False
56,HOOD,"Robinhood Markets, Inc.",Financial Services,Capital Markets,Growth,98.0,109.02,106.27,18.5,19.0,10.0,0.0,ok,0.0,financial_na,,,False,47.5,31.7,,32.3,91.9,23.6,31.8,15.7,42.0,0.435,0.591,BMNR,,121,19.0,16.0,,False
57,AOS,A.O. Smith Corporation,Industrials,Specialty Industrial Machinery,Speculative,7.7,56.38,59.66,19.0,18.3,10.0,0.0,ok,0.0,ok,0.63,,False,47.3,13.8,6.3,-0.7,38.6,27.1,46.6,-11.8,-29.1,0.172,0.199,NVDA,,119,18.3,14.0,,False
58,SYF,Synchrony Financial,Financial Services,Credit Services,Core,23.7,72.8,76.49,19.5,17.7,10.0,0.0,ok,0.0,financial_na,,,False,47.2,7.0,,0.6,0.0,20.8,41.2,-2.0,-12.6,0.269,0.282,GOOG,,121,17.7,16.0,,False
59,BLK,"BlackRock, Inc.",Financial Services,Asset Management,Growth,175.9,1082.39,1109.43,20.5,16.7,10.0,0.0,ok,0.0,financial_na,,,False,47.2,16.9,4.3,30.6,47.2,12.3,47.3,2.2,-5.1,0.309,0.398,GOOG,,121,16.7,15.0,,False
60,INTU,Intuit Inc.,Technology,Software - Application,Core,80.9,302.75,321.58,22.0,14.9,10.0,0.0,ok,0.0,ok,0.18,,False,46.9,11.2,7.9,13.7,81.0,23.6,49.1,-21.5,-27.2,-0.198,0.346,GEV,,121,14.9,17.0,,False
61,PODD,Insulet Corporation,Healthcare,Medical Devices,Speculative,9.4,135.28,142.76,20.5,16.4,10.0,0.0,ok,0.0,ok,0.67,,False,46.9,17.5,2.5,23.5,71.1,26.0,35.5,-28.9,-44.7,-0.101,0.211,GOOG,,121,16.4,17.0,,False
62,ABNB,"Airbnb, Inc.",Consumer Cyclical,Travel Services,Core,99.3,165.87,170.53,20.5,16.3,10.0,0.0,ok,0.0,ok,-3.47,,False,46.8,26.8,3.2,16.5,82.9,34.5,49.6,15.3,15.0,0.096,0.254,GOOG,,121,16.3,15.0,,False
63,TRV,"The Travelers Companies, Inc.",Financial Services,Insurance - Property & Casualt,Core,76.9,368.75,369.26,20.0,16.6,10.0,0.0,ok,0.0,financial_na,,,False,46.6,12.1,19.2,0.3,34.7,26.5,46.9,14.8,10.6,-0.262,0.328,AVGO,,121,16.6,14.0,,False
64,FDS,FactSet Research Systems Inc.,Financial Services,Financial Data & Stock Exchang,Core,10.2,287.18,283.59,20.0,16.6,10.0,0.0,ok,0.0,financial_na,,,False,46.6,13.2,6.3,6.3,50.6,25.5,51.7,15.5,22.3,-0.321,0.401,GEV,,121,16.6,15.0,,False
65,GD,General Dynamics Corporation,Industrials,Aerospace & Defense,Core,89.6,331.27,364.41,14.5,18.2,13.8,0.0,ok,0.0,ok,0.78,,False,46.5,17.8,4.9,8.1,15.4,17.8,20.1,-6.5,-14.6,-0.079,0.178,NVDA,,121,18.2,21.0,,False
66,IBM,International Business Machine,Technology,Information Technology Service,Core,214.0,227.13,231.65,20.0,19.0,10.0,0.0,ok,-2.5,ok,3.47,,False,46.5,17.3,5.6,1.1,58.1,34.5,42.5,-10.1,-14.3,-0.149,0.211,GEV,,121,19.0,16.0,,False
67,LULU,lululemon athletica inc.,Consumer Cyclical,Apparel Retail,Core,10.9,94.5,109.84,20.0,16.4,10.0,0.0,ok,0.0,ok,0.32,,False,46.4,10.9,10.5,-4.3,54.9,30.9,30.9,-33.7,-55.8,0.045,0.213,BMNR,,121,16.4,12.0,,False
68,ERIE,Erie Indemnity Company,Financial Services,Insurance Brokers,Core,11.6,222.04,243.86,17.5,18.9,10.0,0.0,ok,0.0,financial_na,,,False,46.4,15.8,4.1,2.8,17.9,24.8,37.0,-10.1,-25.9,-0.339,0.387,AVGO,,121,18.9,14.0,,False
69,GS,"Goldman Sachs Group, Inc. (The",Financial Services,Capital Markets,Growth,260.7,895.32,989.84,21.0,17.4,10.0,-2.0,ok,0.0,financial_na,,,False,46.4,12.4,,42.5,82.1,16.9,25.9,-6.5,-14.8,0.527,0.466,BMNR,,121,17.4,16.0,,False
70,HIG,"The Hartford Insurance Group, ",Financial Services,Insurance - Diversified,Core,35.0,129.11,134.96,20.0,16.4,10.0,0.0,ok,0.0,financial_na,,,False,46.4,9.4,15.7,8.1,37.9,22.1,45.8,-4.7,-19.4,-0.333,0.393,AVGO,,121,16.4,14.0,,False
71,LLY,Eli Lilly and Company,Healthcare,Drug Manufacturers - General,Growth,1051.2,1179.27,1174.75,20.0,16.9,10.0,0.0,ok,-0.5,ok,1.1,,False,46.4,24.8,1.1,47.7,83.4,102.3,54.1,9.7,12.3,-0.12,0.236,NVDA,,121,16.9,17.0,,False
72,STX,Seagate Technology Holdings PL,Technology,Computer Hardware,Growth,178.0,783.0,855.57,20.0,18.3,10.0,-2.0,ok,0.0,ok,0.49,,False,46.3,,1.1,48.5,45.6,371.5,37.6,18.5,42.2,0.52,0.487,GEV,,121,18.3,14.0,provider_suspect(forwardPE),False
73,PYPL,"PayPal Holdings, Inc.",Financial Services,Credit Services,Core,47.9,55.53,56.42,20.0,16.3,10.0,0.0,ok,0.0,financial_na,,,False,46.3,9.6,9.2,4.8,40.5,24.5,66.6,10.7,7.3,0.067,0.162,NVDA,,121,16.3,17.0,,False
74,AMZN,"Amazon.com, Inc.",Consumer Cyclical,Internet Retail,Core,2830.7,262.43,258.67,19.0,14.8,12.5,0.0,ok,0.0,ok,0.76,,False,46.3,25.1,,19.6,50.8,30.6,54.6,8.4,-3.3,0.335,0.643,GOOG,,121,14.8,17.0,provider_suspect(freeCashflow),False
75,PRU,"Prudential Financial, Inc.",Financial Services,Insurance - Life,Core,39.0,113.09,119.27,18.0,18.3,10.0,0.0,ok,0.0,financial_na,,,False,46.3,7.6,19.3,14.1,29.0,12.0,29.7,4.4,3.3,-0.022,0.192,GOOG,,121,18.3,14.0,,False
76,MDT,Medtronic plc.,Healthcare,Medical Devices,Core,113.2,88.48,89.88,19.5,17.2,10.0,0.0,ok,-0.5,ok,1.86,,False,46.2,13.8,4.8,13.7,65.3,10.6,41.8,0.4,-12.0,-0.212,0.364,AVGO,,121,17.2,17.0,,False
77,AON,Aon plc,Financial Services,Insurance Brokers,Core,58.0,277.12,322.74,20.0,16.2,10.0,0.0,ok,0.0,financial_na,,,False,46.2,13.5,5.5,2.2,48.2,44.7,32.9,-16.0,-28.0,-0.401,0.337,GEV,,121,16.2,15.0,,False
78,NEM,Newmont Corporation,Basic Materials,Gold,Cyclical,124.2,117.84,119.49,22.0,14.1,10.0,0.0,ok,0.0,ok,-0.2,,False,46.1,11.6,7.1,15.1,68.0,25.9,40.7,5.5,-16.0,0.438,0.467,BMNR,,121,14.1,13.0,,False
79,BEN,"Franklin Templeton, Inc.",Financial Services,Asset Management,Core,16.3,32.0,33.6,17.5,18.5,10.0,0.0,ok,0.0,financial_na,,,False,46.0,10.1,,14.3,37.7,7.9,30.4,8.2,15.0,0.332,0.386,GOOG,,121,18.5,14.0,provider_suspect(freeCashflow),False
80,IBKR,"Interactive Brokers Group, Inc",Financial Services,Capital Markets,Core,149.7,87.87,90.43,20.0,17.9,10.0,-2.0,ok,0.0,financial_na,,,False,45.9,27.0,,26.3,93.0,24.0,35.5,7.5,10.0,0.503,0.54,BMNR,,121,17.9,16.0,,False
81,MAS,Masco Corporation,Industrials,Building Products & Equipment,Core,13.6,68.75,71.43,18.5,17.8,10.0,0.0,ok,-0.5,ok,1.95,,False,45.8,14.8,,-2.9,37.2,5862.5,53.9,-2.0,-4.3,0.341,0.33,GEV,,121,17.8,14.0,provider_suspect(freeCashflow),False
82,TXN,Texas Instruments Incorporated,Technology,Semiconductors,Core,259.1,283.74,272.08,19.0,16.7,10.0,0.0,ok,0.0,ok,0.74,,False,45.7,26.7,1.4,22.8,58.3,35.2,63.7,13.2,19.4,0.493,0.442,GEV,,121,16.7,14.0,,False
83,DVA,DaVita Inc.,Healthcare,Medical Care Facilities,Core,11.5,179.25,184.63,19.5,19.7,10.0,0.0,ok,-3.5,ok,4.5,,False,45.7,10.5,9.1,5.2,32.4,88.5,44.7,4.6,6.0,-0.018,0.153,GOOG,,121,19.7,15.0,,False
84,VRTX,Vertex Pharmaceuticals Incorpo,Healthcare,Biotechnology,Core,129.2,510.08,519.79,19.5,16.1,10.0,0.0,ok,0.0,ok,-1.15,,False,45.6,25.4,2.0,12.5,55.0,23.5,49.4,7.5,3.5,-0.039,0.237,AVGO,,121,16.1,16.0,,False
85,KMB,Kimberly-Clark Corporation,Consumer Defensive,Household & Personal Products,Core,32.4,97.59,103.98,18.5,17.6,10.0,0.0,ok,-0.5,ok,1.6,,False,45.6,13.1,2.9,0.6,37.6,104.9,49.4,-4.5,-13.1,-0.15,0.203,GOOG,,121,17.6,16.0,,False
86,ALLE,Allegion plc,Industrials,Security & Protection Services,Core,12.8,150.48,157.81,19.5,16.6,10.0,0.0,ok,-0.5,ok,1.81,,False,45.6,15.4,3.8,12.7,44.8,33.7,45.3,0.4,-10.6,0.124,0.176,GEV,,121,16.6,17.0,,False
87,AAPL,Apple Inc.,Technology,Consumer Electronics,Core,4913.0,336.64,322.41,20.5,15.1,10.0,0.0,ok,0.0,ok,0.13,,False,45.6,35.1,2.2,16.4,48.7,148.8,47.3,16.0,15.9,0.017,0.16,BMNR,,121,15.1,14.0,,False
88,BBY,"Best Buy Co., Inc.",Consumer Cyclical,Specialty Retail,Core,18.2,87.01,87.33,18.0,17.5,10.0,0.0,ok,0.0,ok,0.66,,False,45.5,12.1,7.7,3.6,22.6,43.1,32.7,19.4,26.1,-0.052,0.186,GEV,,121,17.5,11.0,,False
89,AVY,Avery Dennison Corporation,Consumer Cyclical,Packaging & Containers,Core,12.8,167.82,174.05,20.5,16.5,10.0,0.0,ok,-1.5,ok,2.28,,False,45.5,15.0,7.8,10.9,29.0,31.2,45.8,-2.6,-15.4,-0.045,0.115,AVGO,,121,16.5,11.0,,False
90,CL,Colgate-Palmolive Company,Consumer Defensive,Household & Personal Products,Core,70.4,88.27,89.26,21.0,14.9,10.0,0.0,ok,-0.5,ok,1.29,,False,45.4,21.6,4.9,4.9,60.4,267.4,60.0,-0.1,-8.1,-0.241,0.269,GEV,,121,14.9,18.0,,False
91,PSA,Public Storage,Real Estate,REIT - Industrial,Core,54.2,289.86,305.97,20.0,16.9,10.0,0.0,ok,-1.5,ok,2.89,,False,45.4,29.4,4.3,3.3,74.4,21.9,41.8,-3.1,-15.2,-0.134,0.213,AVGO,,121,16.9,17.0,,False
92,HAS,"Hasbro, Inc.",Consumer Cyclical,Leisure,Core,13.2,93.32,91.95,22.0,13.9,10.0,0.0,ok,-0.5,ok,1.92,,False,45.4,14.4,5.2,16.2,63.8,159.6,67.9,3.2,-11.7,0.015,0.107,GOOG,,121,13.9,13.0,,False
93,WTW,Willis Towers Watson Public Li,Financial Services,Insurance Brokers,Core,27.5,296.26,321.89,17.5,17.9,10.0,0.0,ok,0.0,financial_na,,,False,45.4,13.0,5.1,9.1,42.5,19.8,36.8,-0.4,-7.7,-0.298,0.291,AVGO,,121,17.9,15.0,,False
94,NVR,"NVR, Inc.",Consumer Cyclical,Residential Construction,Core,15.7,5899.16,6246.04,16.5,18.8,10.0,0.0,ok,0.0,ok,-0.0,,False,45.3,15.0,5.8,-10.9,21.8,31.5,35.6,-11.4,-26.0,-0.045,0.123,GOOG,,121,18.8,11.0,,False
95,WRB,W.R. Berkley Corporation,Financial Services,Insurance - Property & Casualt,Core,26.7,71.91,69.69,20.0,15.3,10.0,0.0,ok,0.0,financial_na,,,False,45.3,14.7,11.4,1.2,43.8,20.2,67.4,4.4,-4.0,-0.323,0.347,AVGO,,121,15.3,15.0,,False
96,JKHY,"Jack Henry & Associates, Inc.",Technology,Information Technology Service,Core,10.5,149.31,156.39,17.5,17.8,10.0,0.0,ok,0.0,ok,0.09,,False,45.3,18.9,3.4,4.7,43.9,24.0,43.9,-4.7,-12.0,-0.266,0.309,GEV,,121,17.8,16.0,,False
97,XYL,Xylem Inc.,Industrials,Specialty Industrial Machinery,Core,24.0,102.71,110.59,16.0,19.3,10.0,0.0,ok,0.0,ok,0.9,,False,45.3,16.5,4.9,1.5,39.2,9.2,36.8,-14.5,-33.6,0.162,0.208,GEV,,121,19.3,14.0,,False
98,CMG,"Chipotle Mexican Grill, Inc.",Consumer Cyclical,Restaurants,Core,40.0,31.59,34.44,18.5,18.3,10.0,0.0,ok,-1.5,ok,2.08,,False,45.3,23.1,2.8,9.3,39.4,49.6,39.9,-9.1,-20.8,-0.067,0.183,NVDA,,121,18.3,11.0,,False
99,AJG,Arthur J. Gallagher & Co.,Financial Services,Insurance Brokers,Growth,59.7,234.05,247.95,16.5,18.7,10.0,0.0,ok,0.0,financial_na,,,False,45.2,15.7,3.5,30.9,43.2,6.7,43.7,0.7,-6.3,-0.415,0.385,AVGO,,121,18.7,15.0,,False
100,CTSH,Cognizant Technology Solutions,Technology,Information Technology Service,Core,28.0,59.2,59.54,18.5,16.7,10.0,0.0,ok,0.0,ok,0.26,,False,45.2,9.3,7.9,4.5,33.4,14.9,49.4,-1.6,-10.5,-0.352,0.443,GEV,,121,16.7,15.0,,False
101,ROP,"Roper Technologies, Inc.",Technology,Software - Application,Core,36.0,364.09,388.51,19.5,18.2,10.0,0.0,ok,-2.5,ok,3.38,,False,45.2,14.9,6.3,8.5,69.5,13.1,48.9,-0.8,-7.3,-0.278,0.256,GEV,,121,18.2,17.0,,False
102,PGR,Progressive Corporation (The),Financial Services,Insurance - Property & Casualt,Core,126.2,217.43,214.12,19.5,15.7,10.0,0.0,ok,0.0,financial_na,,,False,45.2,13.3,12.0,7.3,18.5,34.9,57.1,4.3,-1.4,-0.408,0.39,AVGO,,121,15.7,14.0,,False
103,CEG,Constellation Energy Corporati,Utilities,Utilities - Independent Power ,Compounder,105.6,298.07,283.17,12.5,14.1,21.0,0.0,ok,-2.5,ok,3.02,,False,45.1,22.4,-6.3,23.0,22.1,15.1,70.3,4.1,-6.9,0.376,0.339,GEV,,121,14.1,21.0,,False
104,V,Visa Inc.,Financial Services,Credit Services,Core,723.6,385.45,369.65,20.5,14.5,10.0,0.0,ok,0.0,financial_na,,,False,45.0,25.7,2.8,14.4,97.7,61.2,65.4,14.2,13.5,-0.213,0.285,AVGO,,121,14.5,18.0,,False
105,TPL,Texas Pacific Land Corporation,Energy,Oil & Gas E&P,Growth,24.9,360.98,361.23,18.0,16.9,10.0,0.0,ok,0.0,ok,-0.31,,False,44.9,,,,93.3,36.6,47.2,-9.3,-25.4,0.065,0.127,GEV,,121,16.9,14.0,provider_suspect(forwardPE);provider_suspect(freeCashflow);provider_suspect(revenueGrowth),False
106,FOXA,Fox Corporation,Communication Services,Entertainment,Core,26.3,62.41,64.65,18.0,16.9,10.0,0.0,ok,0.0,ok,0.87,,False,44.9,10.7,2.1,28.1,36.6,14.3,38.5,-0.8,-14.0,-0.076,0.122,AVGO,,121,16.9,13.0,,False
107,STT,State Street Corporation,Financial Services,Asset Management,Core,48.1,174.96,185.28,17.5,17.4,10.0,0.0,ok,0.0,financial_na,,,False,44.9,11.3,,18.4,0.0,12.4,23.2,12.5,12.1,0.281,0.272,NVDA,,121,17.4,14.0,,False
108,BAC,Bank of America Corporation,Financial Services,Banks - Diversified,Core,379.8,54.32,60.05,17.5,17.4,10.0,0.0,ok,0.0,financial_na,,,False,44.9,10.4,,16.8,0.0,11.2,25.3,-1.5,-10.0,0.007,0.181,GOOG,,121,17.4,14.0,,False
109,NWSA,News Corporation,Communication Services,Entertainment,Core,15.7,29.12,29.42,18.0,16.9,10.0,0.0,ok,0.0,ok,0.61,,False,44.9,19.3,6.7,10.8,57.2,8.0,42.7,9.6,5.0,-0.205,0.348,GEV,,121,16.9,14.0,,False
110,GRMN,Garmin Ltd.,Technology,Scientific & Technical Instrum,Core,51.8,268.36,289.11,19.5,15.4,10.0,0.0,ok,0.0,ok,-1.06,,False,44.9,24.1,2.0,11.4,60.1,21.9,38.1,8.4,-9.0,0.088,0.121,NVDA,,121,15.4,15.0,,False
111,MKC,"McCormick & Company, Incorpora",Consumer Defensive,Packaged Foods,Core,12.1,44.81,51.11,21.0,16.4,10.0,0.0,ok,-2.5,ok,3.12,,False,44.9,13.9,6.2,17.4,38.9,22.6,30.8,-18.2,-29.3,-0.291,0.326,GEV,,121,16.4,16.0,,False
112,FIS,Fidelity National Information ,Technology,Information Technology Service,Core,17.6,34.04,39.01,22.0,16.3,10.0,0.0,ok,-3.5,ok,5.82,,False,44.8,5.1,15.1,29.1,35.8,22.3,42.0,-26.0,-34.9,-0.197,0.244,GEV,,121,16.3,15.0,,False
113,NDAQ,"Nasdaq, Inc.",Financial Services,Financial Data & Stock Exchang,Core,52.3,93.65,94.8,18.0,16.8,10.0,0.0,ok,0.0,financial_na,,,False,44.8,20.0,3.2,14.9,100.0,16.5,45.1,3.4,-0.8,-0.063,0.248,GEV,,121,16.8,16.0,,False
114,ABT,Abbott Laboratories,Healthcare,Medical Devices,Core,173.5,99.6,106.24,18.5,17.8,10.0,0.0,ok,-1.5,ok,2.32,,False,44.8,16.4,4.2,13.0,56.8,10.6,39.0,-3.4,-13.5,-0.278,0.323,AVGO,,121,17.8,16.0,,False
115,PNC,"PNC Financial Services Group, ",Financial Services,Banks - Regional,Core,87.5,219.21,239.09,18.5,16.3,10.0,0.0,ok,0.0,financial_na,,,False,44.8,10.2,,23.6,0.0,12.6,21.2,-3.6,-13.5,-0.033,0.178,GOOG,,121,16.3,14.0,,False
116,MSCI,MSCI Inc.,Financial Services,Financial Data & Stock Exchang,Core,41.1,565.12,559.57,17.5,17.2,10.0,0.0,ok,0.0,financial_na,,,False,44.7,25.1,2.9,12.2,83.0,,53.8,-1.1,-7.7,-0.107,0.245,GEV,,121,17.2,16.0,,False
117,MRSH,Marsh,Financial Services,Insurance Brokers,Core,83.9,175.76,182.61,19.0,15.7,10.0,0.0,ok,0.0,financial_na,,,False,44.7,15.4,5.7,6.2,44.0,25.9,58.0,-0.4,-8.9,-0.493,0.434,GEV,,121,15.7,15.0,,False
118,KEY,KeyCorp,Financial Services,Banks - Regional,Core,21.3,19.97,21.59,17.5,17.2,10.0,0.0,ok,0.0,financial_na,,,False,44.7,9.3,,10.1,0.0,10.3,31.6,-7.2,-20.4,0.145,0.202,GOOG,,121,17.2,14.0,,False
119,MSI,"Motorola Solutions, Inc.",Technology,Communication Equipment,Core,73.5,444.18,462.59,19.5,16.7,10.0,0.0,ok,-1.5,ok,2.37,,False,44.7,22.9,2.7,13.3,52.1,91.6,33.0,2.8,-11.0,-0.088,0.128,AVGO,,121,16.7,14.0,,False
120,HD,"Home Depot, Inc. (The)",Consumer Cyclical,Home Improvement Retail,Core,290.1,290.74,318.17,17.0,19.1,10.0,0.0,ok,-1.5,ok,2.48,,False,44.6,18.1,3.7,5.7,32.8,104.3,44.2,-13.7,-27.3,0.046,0.207,GOOG,,121,19.1,11.0,,False
121,EW,Edwards Lifesciences Corporati,Healthcare,Medical Devices,Core,49.1,85.21,88.67,16.5,18.1,10.0,0.0,ok,0.0,ok,-1.78,,False,44.6,25.2,2.5,13.6,77.8,9.2,39.4,0.1,-4.0,0.097,0.256,GOOG,,121,18.1,17.0,,False
122,IVZ,Invesco Ltd,Financial Services,Asset Management,Core,13.0,29.51,31.42,16.5,18.1,10.0,0.0,ok,0.0,financial_na,,,False,44.6,9.0,8.8,20.5,29.5,-0.6,24.0,6.4,12.7,0.469,0.445,BMNR,,121,18.1,14.0,,False
123,STZ,"Constellation Brands, Inc.",Consumer Defensive,Beverages - Brewers,Core,20.8,122.64,125.98,20.0,16.1,10.0,0.0,ok,-1.5,ok,2.96,,False,44.6,10.1,5.4,6.1,52.7,24.0,61.9,-13.8,-39.1,-0.23,0.264,AVGO,,121,16.1,17.0,,False
124,DHI,"D.R. Horton, Inc.",Consumer Cyclical,Residential Construction,Core,37.7,134.88,143.02,16.0,19.1,10.0,0.0,ok,-0.5,ok,1.24,,False,44.6,11.7,6.4,0.0,21.3,12.6,42.6,-8.8,-18.6,0.134,0.133,GOOG,,121,19.1,11.0,,False
125,SOLV,Solventum Corporation,Healthcare,Medical Instruments & Supplies,Core,14.9,87.29,88.44,19.5,18.6,10.0,0.0,ok,-3.5,ok,4.29,,False,44.6,12.1,,2.2,54.8,34.0,39.3,11.9,18.5,-0.102,0.216,GOOG,,121,18.6,16.0,provider_suspect(freeCashflow),False
126,SNA,Snap-On Incorporated,Industrials,Tools & Accessories,Core,18.6,360.37,386.06,17.5,17.1,10.0,0.0,ok,0.0,ok,-0.24,,False,44.6,16.8,6.0,4.2,51.8,17.9,35.8,-4.9,-18.5,0.17,0.186,GOOG,,121,17.1,15.0,,False
127,EL,"Estee Lauder Companies, Inc. (",Consumer Defensive,Household & Personal Products,Core,35.5,98.05,94.64,17.0,19.0,10.0,0.0,ok,-1.5,ok,2.34,,False,44.5,,5.1,6.3,75.5,4.7,53.5,6.8,21.5,0.121,0.312,BMNR,,121,19.0,18.0,provider_suspect(forwardPE),False
128,BX,Blackstone Inc.,Financial Services,Asset Management,Core,136.6,114.29,130.63,22.5,12.0,10.0,0.0,ok,0.0,financial_na,,,True,44.5,15.4,,28.6,100.0,31.4,23.9,-9.8,-13.0,0.267,0.337,BMNR,,121,18.4,16.0,,False
129,UPS,"United Parcel Service, Inc.",Industrials,Integrated Freight & Logistics,Core,80.5,94.57,100.53,18.5,16.5,10.0,0.0,ok,-0.5,ok,1.99,,False,44.5,11.7,7.0,7.6,22.4,29.6,49.3,-8.8,-18.9,0.067,0.109,NVDA,,121,16.5,14.0,,False
130,AFL,AFLAC Incorporated,Financial Services,Insurance - Life,Core,57.4,114.54,117.64,17.5,17.0,10.0,0.0,ok,0.0,financial_na,,,False,44.5,15.1,9.0,-1.0,50.9,16.9,47.2,-0.4,-10.0,-0.417,0.337,AVGO,,121,17.0,15.0,,False
131,UAL,"United Airlines Holdings, Inc.",Industrials,Airlines,Core,34.9,107.46,114.96,17.0,19.0,10.0,0.0,ok,-1.5,ok,2.4,,False,44.5,7.4,2.6,16.0,31.8,23.3,35.7,-1.5,-2.0,0.308,0.281,GOOG,,121,19.0,14.0,,False
132,LII,"Lennox International, Inc.",Industrials,Building Products & Equipment,Core,12.3,356.44,389.57,19.5,15.5,10.0,0.0,ok,-0.5,ok,1.68,,False,44.5,13.7,,3.0,33.3,71.8,45.0,-26.3,-42.9,0.274,0.263,GEV,,121,15.5,14.0,provider_suspect(freeCashflow),False
133,DECK,Deckers Outdoor Corporation,Consumer Cyclical,Footwear & Accessories,Core,11.3,82.89,86.29,21.0,13.4,10.0,0.0,ok,0.0,ok,-0.85,,False,44.4,10.0,7.7,5.7,57.8,42.6,61.7,-17.8,-36.6,0.024,0.277,GOOG,,121,13.4,12.0,,False
134,EXE,Expand Energy Corporation,Energy,Oil & Gas E&P,Cyclical,21.1,88.22,92.75,16.5,17.9,10.0,0.0,ok,0.0,ok,0.46,,False,44.4,10.6,6.9,-10.6,47.1,14.9,52.8,-9.6,-24.2,-0.156,0.162,AVGO,,121,17.9,13.0,,False
135,CSCO,"Cisco Systems, Inc.",Technology,Communication Equipment,Core,466.8,118.39,112.47,19.5,14.9,10.0,0.0,ok,0.0,ok,0.82,,False,44.4,21.1,2.4,17.6,64.5,27.3,64.7,20.4,30.6,0.311,0.393,AVGO,,121,14.9,15.0,,False
136,APO,"Apollo Global Management, Inc.",Financial Services,Asset Management,Growth,70.1,118.65,127.9,14.5,19.8,10.0,0.0,ok,0.0,financial_na,,,False,44.3,,,,36.1,11.4,29.2,-5.7,0.3,0.322,0.351,GOOG,,121,19.8,14.0,provider_suspect(forwardPE);provider_suspect(revenueGrowth),False
137,FSLR,"First Solar, Inc.",Technology,Solar,Core,19.1,177.82,204.98,18.0,16.3,10.0,0.0,ok,0.0,ok,-0.64,,False,44.3,7.7,,-3.7,44.0,18.5,31.3,-20.1,-26.0,0.413,0.392,AVGO,,121,16.3,14.0,provider_suspect(freeCashflow),False
138,UNP,Union Pacific Corporation,Industrials,Railroads,Core,165.4,278.34,288.7,20.5,15.3,10.0,0.0,ok,-1.5,ok,2.26,,False,44.3,19.6,2.9,11.5,56.3,39.7,68.6,4.9,-2.3,-0.124,0.227,BMNR,,121,15.3,15.0,,False
139,GWW,"W.W. Grainger, Inc.",Industrials,Industrial Distribution,Core,60.9,1289.79,1293.83,19.5,14.7,10.0,0.0,ok,0.0,ok,0.69,,False,44.2,25.3,2.0,10.3,39.4,46.1,53.5,6.6,-3.2,0.034,0.105,GEV,,121,14.7,14.0,,False
140,SPG,"Simon Property Group, Inc.",Real Estate,REIT - Retail,Core,75.7,199.42,212.2,20.5,17.2,10.0,0.0,ok,-3.5,ok,5.54,,False,44.2,29.4,3.4,19.5,81.4,120.5,31.2,-2.0,-14.0,-0.139,0.277,AVGO,,121,17.2,17.0,,False
141,SNDK,Sandisk Corporation,Technology,Computer Hardware,Growth,228.6,1581.82,1562.54,19.5,16.7,10.0,-2.0,ok,0.0,ok,-0.36,,False,44.2,,3.4,,71.5,91.6,33.8,35.5,72.3,0.517,0.486,GEV,,121,16.7,15.0,provider_suspect(forwardPE);provider_suspect(revenueGrowth),False
142,PHM,"PulteGroup, Inc.",Consumer Cyclical,Residential Construction,Core,21.4,112.12,123.46,15.0,19.2,10.0,0.0,ok,0.0,ok,0.42,,False,44.2,10.3,5.0,-9.6,25.6,14.9,35.8,-9.9,-20.3,0.102,0.161,GOOG,,121,19.2,11.0,,False
143,ZTS,Zoetis Inc.,Healthcare,Drug Manufacturers - Specialty,Core,30.9,74.81,74.16,21.0,13.6,10.0,0.0,ok,-0.5,ok,1.86,,False,44.1,11.4,6.5,-0.2,71.7,64.9,62.7,-23.1,-50.8,-0.026,0.193,NVDA,,121,13.6,17.0,,False
144,HON,Honeywell International Inc.,Industrials,Conglomerates,Core,65.8,207.73,218.93,18.5,18.1,10.0,0.0,ok,-2.5,ok,3.03,,False,44.1,21.1,4.0,4.3,36.5,46.6,52.7,-7.2,-24.6,-0.124,0.162,GOOG,,121,18.1,14.0,,False
145,FDX,FedEx Corporation,Industrials,Integrated Freight & Logistics,Core,69.0,291.71,311.18,18.0,17.6,10.0,0.0,ok,-1.5,ok,2.48,,False,44.1,14.1,8.2,12.5,27.3,14.8,45.0,-13.1,-35.5,0.136,0.183,GOOG,,121,17.6,14.0,,False
146,ULTA,"Ulta Beauty, Inc.",Consumer Cyclical,Specialty Retail,Core,24.4,570.37,541.85,18.5,16.1,10.0,0.0,ok,-0.5,ok,1.19,,False,44.1,17.8,3.7,8.9,43.1,46.1,58.2,2.8,-3.8,0.02,0.177,BMNR,,121,16.1,12.0,,False
147,TPR,"Tapestry, Inc.",Consumer Cyclical,Luxury Goods,Core,23.1,116.24,127.93,22.0,12.6,10.0,0.0,ok,-0.5,ok,1.39,,False,44.1,13.1,6.1,8.9,76.6,197.1,57.6,-16.0,-36.1,0.047,0.187,GOOG,,121,12.6,13.0,,False
148,ROST,"Ross Stores, Inc.",Consumer Cyclical,Apparel Retail,Core,71.0,222.41,235.92,18.0,16.1,10.0,0.0,ok,0.0,ok,0.12,,False,44.1,24.8,2.8,13.3,33.4,42.6,32.0,1.8,-12.9,0.011,0.085,GOOG,,121,16.1,11.0,,False
149,HWM,Howmet Aerospace Inc.,Industrials,Aerospace & Defense,Core,89.8,225.26,253.51,18.0,16.6,10.0,0.0,ok,-0.5,ok,1.47,,False,44.1,34.7,1.3,24.1,36.0,34.7,47.4,-9.5,-24.2,0.189,0.197,GOOG,,121,16.6,14.0,,False
150,MA,Mastercard Incorporated,Financial Services,Credit Services,Core,516.1,589.14,572.27,20.5,13.6,10.0,0.0,ok,0.0,financial_na,,,False,44.1,25.6,3.3,14.1,100.0,241.2,63.2,10.8,4.7,-0.237,0.343,AVGO,,121,13.6,18.0,,False
151,VRSK,"Verisk Analytics, Inc.",Industrials,Consulting Services,Core,23.3,177.63,180.94,18.0,17.5,10.0,0.0,ok,-1.5,ok,2.68,,False,44.0,20.4,4.5,4.4,70.2,,59.6,-6.0,-5.3,-0.431,0.451,GEV,,121,17.5,18.0,,False
152,JPM,JP Morgan Chase & Co.,Financial Services,Banks - Diversified,Growth,885.1,332.99,350.04,17.0,17.0,10.0,0.0,ok,0.0,financial_na,,,False,44.0,13.3,,,0.0,17.8,27.1,3.6,-6.0,0.099,0.146,GEV,,121,17.0,14.0,provider_suspect(revenueGrowth),False
153,EBAY,eBay Inc.,Consumer Cyclical,Internet Retail,Core,49.9,112.19,106.98,20.5,14.0,10.0,0.0,ok,-0.5,ok,1.24,,False,44.0,16.7,3.2,14.8,72.1,46.6,65.4,10.5,4.2,-0.004,0.162,GOOG,,121,14.0,13.0,,False
154,BNY,The Bank of New York Mellon Co,Financial Services,Banks - Diversified,Core,96.8,142.71,156.12,16.5,17.5,10.0,0.0,ok,0.0,financial_na,,,False,44.0,13.9,,13.1,0.0,14.1,17.7,4.3,-2.1,0.204,0.218,GOOG,,121,17.5,14.0,,False
155,HBAN,Huntington Bancshares Incorpor,Financial Services,Banks - Regional,Growth,31.0,15.32,16.56,15.0,19.0,10.0,0.0,ok,0.0,financial_na,,,False,44.0,8.7,,,0.0,9.0,33.2,-8.9,-19.9,0.076,0.238,GOOG,,121,19.0,14.0,provider_suspect(revenueGrowth),False
156,CRDO,Credo Technology Group Holding,Technology,Semiconductors,Growth,40.7,216.55,209.75,20.0,16.0,10.0,-2.0,ok,0.0,ok,-1.36,,False,44.0,,0.6,114.7,67.1,30.7,69.1,21.1,87.2,0.506,0.45,GEV,,121,16.0,15.0,provider_suspect(forwardPE),False
157,EQT,EQT Corporation,Energy,Oil & Gas E&P,Cyclical,33.0,52.83,52.78,18.5,15.4,10.0,0.0,ok,0.0,ok,0.79,,False,43.9,14.0,7.4,-3.9,80.7,11.1,63.7,-4.6,-23.2,-0.123,0.126,AVGO,,121,15.4,14.0,,False
158,ITW,Illinois Tool Works Inc.,Industrials,Specialty Industrial Machinery,Core,75.2,264.13,276.72,18.5,15.9,10.0,0.0,ok,-0.5,ok,1.84,,False,43.9,21.4,3.2,6.1,44.2,104.6,46.4,-1.6,-15.8,-0.006,0.084,AVGO,,121,15.9,15.0,,False
159,VLTO,Veralto Corp,Industrials,Pollution & Treatment Controls,Core,23.6,96.93,96.69,19.5,14.9,10.0,0.0,ok,-0.5,ok,1.06,,False,43.9,20.3,3.4,7.5,60.2,34.3,61.4,4.3,-5.3,-0.229,0.224,GEV,,121,14.9,16.0,,False
160,DLTR,"Dollar Tree, Inc.",Consumer Defensive,Discount Stores,Core,22.3,118.64,123.32,18.5,16.9,10.0,0.0,ok,-1.5,ok,2.64,,False,43.9,15.0,4.7,7.0,37.2,46.0,65.7,1.4,5.7,-0.03,0.13,GEV,,121,16.9,16.0,,False
161,PFG,Principal Financial Group Inc,Financial Services,Asset Management,Core,23.0,107.24,113.38,17.5,16.4,10.0,0.0,ok,0.0,financial_na,,,False,43.9,10.5,4.6,6.4,47.3,12.9,17.6,5.4,3.4,0.032,0.203,GOOG,,121,16.4,15.0,,False
162,ALGN,"Align Technology, Inc.",Healthcare,Medical Instruments & Supplies,Core,10.1,142.71,157.45,18.5,15.3,10.0,0.0,ok,0.0,ok,-1.06,,False,43.8,11.5,5.9,4.3,70.7,10.2,42.9,-16.0,-31.0,0.142,0.234,GOOG,,121,15.3,17.0,,False
163,USB,U.S. Bancorp,Financial Services,Banks - Regional,Core,88.9,57.08,61.48,17.5,16.3,10.0,0.0,ok,0.0,financial_na,,,False,43.8,9.8,,10.4,0.0,12.6,27.2,-0.7,-10.9,0.0,0.202,GOOG,,121,16.3,14.0,,False
164,JNJ,Johnson & Johnson,Healthcare,Drug Manufacturers - General,Core,630.0,261.44,265.14,18.5,15.3,10.0,0.0,ok,0.0,ok,0.81,,False,43.8,21.5,2.7,6.6,68.1,25.7,38.4,7.9,-3.8,-0.4,0.417,AVGO,,121,15.3,17.0,,False
165,ACN,Accenture plc,Technology,Information Technology Service,Core,127.9,209.06,198.61,18.5,15.3,10.0,0.0,ok,0.0,ok,0.04,,False,43.8,13.1,8.7,6.2,32.0,26.0,63.7,7.8,3.0,-0.318,0.388,GEV,,121,15.3,15.0,,False
166,NOW,"ServiceNow, Inc.",Technology,Software - Application,Core,145.6,140.86,133.82,18.0,16.3,10.0,0.0,ok,-0.5,ok,1.31,,False,43.8,,3.5,24.0,74.8,14.2,57.7,21.9,43.4,-0.064,0.295,GEV,,121,16.3,17.0,provider_suspect(forwardPE),False
167,EPAM,"EPAM Systems, Inc.",Technology,Information Technology Service,Speculative,5.8,113.24,109.76,16.5,17.2,10.0,0.0,ok,0.0,ok,-0.85,,False,43.7,8.1,,4.5,29.5,11.2,48.8,-12.3,-22.0,-0.226,0.296,GEV,,121,17.2,15.0,provider_suspect(freeCashflow),False
168,TKO,"TKO Group Holdings, Inc.",Communication Services,Entertainment,Core,33.7,178.01,187.45,16.5,18.7,10.0,0.0,ok,-1.5,ok,2.69,,False,43.7,38.0,2.5,18.2,59.5,7.1,28.9,-9.0,-23.2,-0.009,0.125,BMNR,,121,18.7,14.0,,False
169,CTAS,Cintas Corporation,Industrials,Specialty Business Services,Core,80.4,202.41,200.53,19.5,14.2,10.0,0.0,ok,0.0,ok,0.79,,False,43.7,32.9,2.0,10.9,51.0,41.4,57.8,7.7,2.6,-0.324,0.351,AVGO,,121,14.2,17.0,,False
170,CBOE,"Cboe Global Markets, Inc.",Financial Services,Financial Data & Stock Exchang,Core,31.8,304.16,288.95,20.5,13.2,10.0,0.0,ok,0.0,financial_na,,,False,43.7,20.0,2.1,22.9,54.1,26.3,69.3,5.7,-10.7,-0.195,0.228,GEV,,121,13.2,15.0,,False
171,COIN,"Coinbase Global, Inc.",Financial Services,Financial Data & Stock Exchang,Core,47.3,179.39,173.82,14.0,19.6,10.0,0.0,ok,0.0,financial_na,,,False,43.6,58.8,5.6,-17.3,85.8,-7.8,37.9,-2.7,-7.3,0.446,0.783,BMNR,,121,19.6,16.0,,False
172,RF,Regions Financial Corporation,Financial Services,Banks - Regional,Core,23.0,27.03,29.58,16.5,17.1,10.0,0.0,ok,0.0,financial_na,,,False,43.6,9.5,,3.4,0.0,11.9,27.8,-5.5,-15.1,-0.021,0.215,GOOG,,121,17.1,14.0,,False
173,ZBH,"Zimmer Biomet Holdings, Inc.",Healthcare,Medical Devices,Core,17.0,89.14,95.64,18.0,17.0,10.0,0.0,ok,-1.5,ok,2.83,,False,43.5,9.8,6.3,4.8,69.5,6.4,35.1,-2.3,-17.7,-0.175,0.182,AVGO,,121,17.0,17.0,,False
174,TGT,Target Corporation,Consumer Defensive,Discount Stores,Core,69.8,153.64,156.55,17.5,16.5,10.0,0.0,ok,-0.5,ok,1.6,,False,43.5,16.1,4.9,5.3,28.4,26.4,40.8,18.9,13.8,-0.078,0.173,GEV,,121,16.5,16.0,,False
175,TMUS,"T-Mobile US, Inc.",Communication Services,Telecom Services,Core,159.4,148.58,174.67,19.5,16.5,10.0,0.0,ok,-2.5,ok,3.42,,False,43.5,10.3,7.1,7.9,63.1,18.0,31.4,-21.9,-37.5,-0.289,0.33,GEV,,121,16.5,17.0,,False
176,COF,Capital One Financial Corporat,Financial Services,Credit Services,Growth,122.2,199.26,210.01,15.0,18.5,10.0,0.0,ok,0.0,financial_na,,,False,43.5,8.3,,,0.0,9.0,39.3,-2.6,-10.2,0.23,0.313,GOOG,,121,18.5,16.0,provider_suspect(revenueGrowth),False
177,AIZ,"Assurant, Inc.",Financial Services,Insurance - Property & Casualt,Core,13.1,266.49,279.11,15.5,18.0,10.0,0.0,ok,0.0,financial_na,,,False,43.5,11.4,16.4,9.4,13.3,18.3,38.3,6.2,8.0,-0.073,0.126,AVGO,,121,18.0,14.0,,False
178,MAA,Mid-America Apartment Communit,Real Estate,REIT - Residential,Core,13.9,116.86,126.09,18.0,19.0,10.0,0.0,ok,-3.5,ok,4.57,,False,43.5,35.6,6.6,1.0,58.4,7.0,42.7,-10.0,-19.8,-0.361,0.435,AVGO,,121,19.0,16.0,,False
179,CDNS,"Cadence Design Systems, Inc.",Technology,Software - Application,Core,97.3,352.84,335.2,18.0,15.5,10.0,0.0,ok,0.0,ok,0.52,,False,43.5,36.9,1.7,24.2,85.9,23.2,84.3,8.0,19.4,0.344,0.406,NVDA,,121,15.5,17.0,,False
180,UHS,"Universal Health Services, Inc",Healthcare,Medical Care Facilities,Core,10.5,177.35,173.74,19.0,14.9,10.0,0.0,ok,-0.5,ok,1.9,,False,43.4,7.4,4.8,8.3,44.6,20.9,55.1,-1.4,-15.3,-0.148,0.213,BMNR,,121,14.9,16.0,,False
181,WFC,Wells Fargo & Company,Financial Services,Banks - Diversified,Core,252.7,83.55,85.66,16.5,16.9,10.0,0.0,ok,0.0,financial_na,,,False,43.4,10.4,,9.5,0.0,12.6,39.8,-0.8,-15.0,-0.088,0.179,AVGO,,121,16.9,14.0,,False
182,TYL,"Tyler Technologies, Inc.",Technology,Software - Application,Core,13.5,329.55,336.85,16.0,17.9,10.0,0.0,ok,-0.5,ok,1.06,,False,43.4,21.5,4.4,8.2,47.2,9.7,47.2,-3.9,-9.6,-0.309,0.306,GEV,,121,17.9,16.0,,False
183,ELV,"Elevance Health, Inc.",Healthcare,Healthcare Plans,Core,89.5,412.7,398.74,16.0,17.3,10.0,0.0,ok,0.0,ok,-0.78,,False,43.3,13.9,4.8,1.4,26.0,11.1,52.6,12.7,19.0,-0.084,0.164,AVGO,,121,17.3,15.0,,False
184,ICE,Intercontinental Exchange Inc.,Financial Services,Financial Data & Stock Exchang,Core,87.7,156.19,155.52,18.5,14.8,10.0,0.0,ok,0.0,financial_na,,,False,43.3,17.6,4.1,4.8,100.0,14.1,51.9,1.0,-16.2,-0.123,0.287,BMNR,,121,14.8,16.0,,False
185,HPQ,HP Inc.,Technology,Computer Hardware,Core,27.2,30.2,30.85,16.0,17.8,10.0,0.0,ok,-0.5,ok,1.33,,False,43.3,9.6,12.4,12.5,19.7,,33.1,27.6,52.0,-0.122,0.263,GEV,,121,17.8,13.0,,False
186,ROK,"Rockwell Automation, Inc.",Industrials,Specialty Industrial Machinery,Core,48.0,432.59,436.35,18.5,15.3,10.0,0.0,ok,-0.5,ok,1.5,,False,43.3,29.0,2.7,7.9,49.1,30.6,56.6,2.0,-3.9,0.437,0.442,GEV,,121,15.3,15.0,,False
187,MNST,Monster Beverage Corporation,Consumer Defensive,Beverages - Non-Alcoholic,Core,85.5,43.64,52.64,18.0,15.3,10.0,0.0,ok,0.0,ok,-1.13,,False,43.3,33.4,2.0,20.2,55.5,25.7,47.5,-42.3,-55.8,-0.004,0.169,GOOG,,121,15.3,17.0,,False
188,CVNA,Carvana Co.,Consumer Cyclical,Auto & Truck Dealerships,Growth,70.6,63.73,68.62,16.0,17.7,10.0,0.0,ok,-0.5,ok,1.02,,False,43.2,28.1,0.6,52.4,19.4,58.8,46.3,-10.9,-16.0,0.256,0.366,GOOG,,121,17.7,11.0,,False
189,ROL,"Rollins, Inc.",Consumer Cyclical,Personal Services,Core,15.4,31.98,34.58,18.5,15.2,10.0,0.0,ok,-0.5,ok,1.16,,False,43.2,24.8,3.3,7.9,52.4,37.0,47.8,-34.6,-54.3,-0.167,0.225,AVGO,,121,15.2,14.0,,False
190,DOC,"Healthpeak Properties, Inc.",Real Estate,REIT - Healthcare Facilities,Core,13.3,18.8,20.58,18.0,18.7,10.0,0.0,ok,-3.5,ok,5.53,,False,43.2,134.3,12.3,11.1,57.6,3.0,18.4,0.1,0.1,0.013,0.144,GOOG,,121,18.7,16.0,,False
191,RMD,ResMed Inc.,Healthcare,Medical Instruments & Supplies,Core,32.4,230.05,224.99,18.5,14.7,10.0,0.0,ok,0.0,ok,-0.31,,False,43.2,17.4,2.9,8.6,61.6,24.3,64.1,2.3,-12.6,-0.103,0.301,AVGO,,121,14.7,17.0,,False
192,PKG,Packaging Corporation of Ameri,Consumer Cyclical,Packaging & Containers,Core,20.5,230.51,241.02,15.5,18.2,10.0,0.0,ok,-0.5,ok,1.91,,False,43.2,17.4,2.1,14.7,21.4,14.9,33.1,1.7,-1.7,0.082,0.141,GEV,,121,18.2,11.0,,False
193,ODFL,"Old Dominion Freight Line, Inc",Industrials,Trucking,Core,37.7,181.97,192.74,18.5,14.7,10.0,0.0,ok,0.0,ok,-0.15,,False,43.2,27.1,2.6,10.4,39.6,24.8,60.2,-9.1,-26.1,0.05,0.142,NVDA,,121,14.7,14.0,,False
194,APA,APA Corporation,Energy,Oil & Gas E&P,Cyclical,16.1,45.88,43.59,21.0,12.2,10.0,0.0,ok,0.0,ok,0.6,,False,43.2,9.9,13.4,9.2,78.3,26.7,60.4,28.7,6.1,-0.285,0.244,GOOG,,121,12.2,14.0,,False
195,PG,Procter & Gamble Company (The),Consumer Defensive,Household & Personal Products,Core,351.5,151.23,145.89,18.5,15.2,10.0,0.0,ok,-0.5,ok,1.01,,False,43.2,20.4,3.8,1.5,50.9,30.3,61.9,2.8,-8.5,-0.193,0.208,AVGO,,121,15.2,17.0,,False
196,NEE,"NextEra Energy, Inc.",Utilities,Utilities - Regulated Electric,Core,161.4,77.38,82.01,19.0,19.1,10.0,0.0,ok,-5.0,ok,7.35,,False,43.1,17.7,,12.4,61.0,11.7,38.7,-11.2,-31.2,0.054,0.122,GEV,,121,19.1,20.0,provider_suspect(freeCashflow),False
197,EFX,"Equifax, Inc.",Industrials,Consulting Services,Core,17.1,145.78,169.88,18.5,16.1,10.0,0.0,ok,-1.5,ok,2.75,,False,43.1,14.5,5.5,10.6,55.5,14.3,30.3,-19.4,-31.5,-0.281,0.405,GEV,,121,16.1,17.0,,False
198,MSFT,Microsoft Corporation,Technology,Software - Infrastructure,Core,3973.2,535.07,508.32,18.0,12.1,12.8,0.0,ok,0.0,ok,0.27,,False,42.9,22.6,0.4,17.7,67.9,34.0,72.3,23.4,30.8,0.177,0.279,BMNR,,121,12.1,18.0,,False
199,TEL,TE Connectivity plc,Technology,Electronic Components,Core,63.3,218.29,210.13,18.5,14.4,10.0,0.0,ok,0.0,ok,0.92,,False,42.9,16.8,3.7,13.8,36.1,23.3,60.9,2.0,-18.4,0.291,0.217,BMNR,,121,14.4,13.0,,False
200,SJM,The J.M. Smucker Company,Consumer Defensive,Packaged Foods,Core,12.8,119.83,122.08,17.0,18.4,10.0,0.0,ok,-2.5,ok,3.05,,False,42.9,,11.4,5.0,38.0,3.9,49.9,10.7,19.8,-0.416,0.414,GEV,,121,18.4,16.0,provider_suspect(forwardPE),False
201,UDR,"UDR, Inc.",Real Estate,REIT - Residential,Core,12.6,34.12,36.03,18.5,17.9,10.0,0.0,ok,-3.5,ok,5.76,,False,42.9,60.9,6.2,-0.1,66.6,13.7,52.8,-7.1,-15.0,-0.295,0.426,AVGO,,121,17.9,17.0,,False
202,SYY,Sysco Corporation,Consumer Defensive,Food Distribution,Core,38.4,78.14,81.13,17.0,17.4,10.0,0.0,ok,-1.5,ok,2.95,,False,42.9,14.6,5.0,4.7,18.5,77.7,48.3,-1.9,-6.1,-0.141,0.209,NVDA,,121,17.4,16.0,,False
203,BMNR,BitMine Immersion Technologies,Financial Services,Capital Markets,Growth,14.5,24.03,22.99,14.0,18.9,10.0,0.0,ok,0.0,financial_na,,,False,42.9,25.6,-3.6,2167.8,84.4,-150.9,40.5,11.3,0.6,0.402,0.337,NVDA,,121,18.9,16.0,,True
204,MDB,"MongoDB, Inc.",Technology,Software - Infrastructure,Growth,31.1,385.93,393.65,14.0,18.8,10.0,0.0,ok,0.0,ok,-170.08,,False,42.8,,1.8,30.5,72.7,2.0,50.6,12.8,54.7,0.104,0.222,NVDA,,121,18.8,17.0,provider_suspect(forwardPE),False
205,FANG,"Diamondback Energy, Inc.",Energy,Oil & Gas E&P,Growth,54.0,192.13,196.77,18.0,15.3,10.0,0.0,ok,-0.5,ok,1.03,,False,42.8,,9.3,,72.4,3.5,49.5,4.2,-9.7,-0.209,0.233,GOOG,,121,15.3,14.0,provider_suspect(forwardPE);provider_suspect(revenueGrowth),False
206,JBHT,"J.B. Hunt Transport Services, ",Industrials,Integrated Freight & Logistics,Core,21.5,229.26,255.57,15.5,17.3,10.0,0.0,ok,0.0,ok,0.84,,False,42.8,23.2,4.2,19.4,18.5,18.4,43.2,-5.9,-12.3,0.044,0.102,NVDA,,121,17.3,14.0,,False
207,BF-B,Brown Forman Inc,Consumer Defensive,Beverages - Wineries & Distill,Core,12.1,26.39,27.13,17.5,15.7,10.0,0.0,ok,-0.5,ok,1.8,,False,42.7,15.4,5.7,-1.4,60.7,18.1,53.6,-1.6,-23.9,-0.097,0.185,AVGO,,121,15.7,18.0,,False
208,URI,"United Rentals, Inc.",Industrials,Rental & Leasing Services,Core,65.8,1056.37,1062.75,18.5,16.7,10.0,0.0,ok,-2.5,ok,3.26,,False,42.7,18.4,2.6,11.8,38.5,28.9,55.1,11.0,23.7,0.165,0.303,GEV,,121,16.7,16.0,,False
209,MTB,M&T Bank Corporation,Financial Services,Banks - Regional,Core,31.5,217.49,235.6,16.5,16.2,10.0,0.0,ok,0.0,financial_na,,,False,42.7,10.3,,6.2,0.0,10.7,27.6,-2.8,-14.5,-0.019,0.203,GOOG,,121,16.2,14.0,,False
210,C,"Citigroup, Inc.",Financial Services,Banks - Diversified,Core,217.5,129.64,133.5,16.0,16.7,10.0,0.0,ok,0.0,financial_na,,,False,42.7,10.0,,15.5,0.0,8.5,34.8,3.0,-8.7,0.28,0.213,GEV,,121,16.7,14.0,,False
211,REGN,"Regeneron Pharmaceuticals, Inc",Healthcare,Biotechnology,Core,76.9,746.54,788.83,17.0,15.7,10.0,0.0,ok,0.0,ok,-1.12,,False,42.7,12.1,4.0,16.7,44.5,14.0,29.3,1.5,-13.7,0.113,0.172,GOOG,,121,15.7,16.0,,False
212,NTRS,Northern Trust Corporation,Financial Services,Asset Management,Growth,30.8,168.21,181.09,15.5,17.2,10.0,0.0,ok,0.0,financial_na,,,False,42.7,13.1,,,0.0,17.1,23.7,3.1,-2.9,0.189,0.175,GEV,,121,17.2,14.0,provider_suspect(revenueGrowth),False
213,AKAM,"Akamai Technologies, Inc.",Technology,Software - Infrastructure,Core,15.4,106.95,111.37,16.0,20.1,10.0,0.0,ok,-3.5,ok,5.54,,False,42.6,15.6,4.6,5.4,57.5,8.9,36.3,-4.5,3.6,0.315,0.373,AVGO,,121,20.1,16.0,,False
214,ARM,Arm Holdings plc,Technology,Semiconductors,Core,284.4,266.28,267.85,16.5,18.1,10.0,-2.0,ok,0.0,ok,-3.2,,False,42.6,,0.5,22.4,97.5,13.4,47.5,21.9,64.3,0.618,0.556,AVGO,,121,18.1,15.0,provider_suspect(forwardPE),False
215,PPG,"PPG Industries, Inc.",Basic Materials,Specialty Chemicals,Cyclical,23.1,103.96,110.23,17.0,17.0,10.0,0.0,ok,-1.5,ok,2.17,,False,42.5,12.0,,7.2,41.2,19.3,46.6,-6.8,-18.6,0.257,0.208,GOOG,,121,17.0,12.0,provider_suspect(freeCashflow),False
216,ALB,Albemarle Corporation,Basic Materials,Specialty Chemicals,Growth,12.0,101.27,121.66,17.0,15.5,10.0,0.0,ok,0.0,ok,0.25,,False,42.5,,11.2,,24.0,2.6,28.3,-34.4,-55.1,0.222,0.229,AVGO,,121,15.5,11.0,provider_suspect(forwardPE);provider_suspect(revenueGrowth),False
217,BKR,Baker Hughes Company,Energy,Oil & Gas Equipment & Services,Cyclical,56.3,56.7,60.4,16.0,16.5,10.0,0.0,ok,0.0,ok,-0.16,,False,42.5,19.2,7.8,-2.4,23.7,16.5,45.0,-4.6,-22.9,0.196,0.168,GEV,,121,16.5,14.0,,False
218,MU,"Micron Technology, Inc.",Technology,Semiconductors,Growth,1162.1,1029.0,977.55,19.5,14.9,10.0,-2.0,ok,0.0,ok,-0.35,,False,42.4,5.0,2.5,,80.7,88.3,47.6,47.4,131.2,0.586,0.523,GEV,,121,14.9,15.0,provider_suspect(revenueGrowth),False
219,INVH,Invitation Homes Inc.,Real Estate,REIT - Residential,Core,15.8,26.79,28.49,19.0,16.9,10.0,0.0,ok,-3.5,ok,5.65,,False,42.4,37.7,7.4,10.1,56.3,7.1,53.4,-3.3,-10.4,-0.273,0.393,AVGO,,121,16.9,16.0,,False
220,EOG,"EOG Resources, Inc.",Energy,Oil & Gas E&P,Growth,78.9,148.16,144.53,20.0,12.4,10.0,0.0,ok,0.0,ok,0.23,,False,42.4,9.7,5.7,,62.6,22.5,65.3,11.9,-3.8,-0.363,0.305,BMNR,,121,12.4,14.0,provider_suspect(revenueGrowth),False
221,NKE,"Nike, Inc.",Consumer Cyclical,Footwear & Accessories,Core,51.6,34.71,38.26,16.0,16.4,10.0,0.0,ok,0.0,ok,0.56,,False,42.4,20.4,,-4.3,43.4,21.6,35.8,-27.7,-32.0,-0.01,0.302,GOOG,,121,16.4,12.0,provider_suspect(freeCashflow),False
222,ACMR,"ACM Research, Inc.",Technology,Semiconductor Equipment & Mate,Growth,5.0,71.37,76.2,14.5,19.9,10.0,-2.0,ok,0.0,ok,-6.83,,False,42.4,24.3,-3.8,36.0,43.8,11.6,53.5,5.6,38.5,0.569,0.528,GEV,,121,19.9,14.0,,False
223,ACGL,Arch Capital Group Ltd.,Financial Services,Insurance - Diversified,Core,32.6,95.57,97.42,16.5,15.9,10.0,0.0,ok,0.0,financial_na,,,False,42.4,9.8,13.2,-10.5,38.8,19.9,49.1,-0.8,-13.9,-0.371,0.467,AVGO,,121,15.9,14.0,,False
224,AXON,"Axon Enterprise, Inc.",Industrials,Aerospace & Defense,Growth,34.4,422.89,519.6,15.0,22.4,10.0,0.0,ok,-5.0,ok,7.01,,False,42.4,,,35.3,59.5,6.2,35.0,-14.3,8.8,0.116,0.241,GOOG,,121,22.4,15.0,provider_suspect(forwardPE);provider_suspect(freeCashflow),False
225,CPRT,"Copart, Inc.",Industrials,Specialty Business Services,Core,25.3,27.32,30.23,16.0,16.3,10.0,0.0,ok,0.0,ok,-2.36,,False,42.3,15.6,3.5,2.4,45.3,16.2,32.8,-17.8,-30.0,-0.25,0.379,AVGO,,121,16.3,17.0,,False
226,AMGN,Amgen Inc.,Healthcare,Drug Manufacturers - General,Core,224.3,414.87,412.09,19.5,14.3,10.0,0.0,ok,-1.5,ok,2.51,,False,42.3,16.9,3.9,9.5,71.9,91.5,63.0,13.8,5.6,-0.038,0.118,AVGO,,121,14.3,17.0,,False
227,CFG,"Citizens Financial Group, Inc.",Financial Services,Banks - Regional,Core,26.8,63.57,69.19,16.0,16.3,10.0,0.0,ok,0.0,financial_na,,,False,42.3,9.8,,14.7,0.0,8.3,31.2,-2.1,-14.9,0.066,0.162,GOOG,,121,16.3,14.0,,False
228,UNH,UnitedHealth Group Incorporate,Healthcare,Healthcare Plans,Core,340.5,379.3,390.03,15.5,17.3,10.0,0.0,ok,-0.5,ok,1.57,,False,42.3,16.8,7.1,0.4,19.7,14.2,51.6,6.4,11.2,-0.091,0.181,AVGO,,121,17.3,15.0,,False
229,SHW,Sherwin-Williams Company (The),Basic Materials,Specialty Chemicals,Cyclical,77.5,319.36,337.58,18.5,16.3,10.0,0.0,ok,-2.5,ok,3.13,,False,42.3,23.6,3.2,7.5,49.0,65.1,48.3,-4.1,-18.4,0.12,0.247,GOOG,,121,16.3,12.0,,False
230,CB,Chubb Limited,Financial Services,Insurance - Property & Casualt,Core,131.6,341.2,340.84,18.5,13.8,10.0,0.0,ok,0.0,financial_na,,,False,42.3,11.7,8.0,6.1,31.1,14.8,55.4,3.3,-9.4,-0.447,0.482,AVGO,,121,13.8,14.0,,False
231,LUV,Southwest Airlines Company,Industrials,Airlines,Core,20.4,41.66,41.99,16.0,16.8,10.0,0.0,ok,-0.5,ok,1.33,,False,42.3,9.6,,16.4,22.4,11.1,49.3,-4.2,-8.1,0.302,0.359,GOOG,,121,16.8,14.0,provider_suspect(freeCashflow),False
232,WSM,"Williams-Sonoma, Inc.",Consumer Cyclical,Specialty Retail,Core,28.5,241.78,234.55,18.5,13.8,10.0,0.0,ok,0.0,ok,0.3,,False,42.3,23.0,3.8,6.7,45.7,55.0,67.9,15.3,14.9,0.2,0.177,GOOG,,121,13.8,12.0,,False
233,DAL,"Delta Air Lines, Inc.",Industrials,Airlines,Core,54.0,82.17,83.82,17.0,16.7,10.0,0.0,ok,-1.5,ok,2.19,,False,42.2,10.8,5.2,18.7,18.7,20.1,48.8,8.2,8.0,0.316,0.316,GOOG,,121,16.7,14.0,,False
234,FICO,Fair Isaac Corporation,Technology,Software - Application,Core,14.4,667.58,973.01,20.0,15.7,10.0,0.0,ok,-3.5,ok,4.23,,False,42.2,13.3,5.4,25.7,85.1,,25.7,-44.2,-41.1,-0.212,0.274,GEV,,121,15.7,17.0,,False
235,OTIS,Otis Worldwide Corporation,Industrials,Specialty Industrial Machinery,Core,25.1,65.95,69.93,15.5,19.2,10.0,0.0,ok,-2.5,ok,3.04,,False,42.2,14.6,5.7,7.3,30.3,,38.8,-14.8,-31.8,-0.027,0.15,AVGO,,121,19.2,14.0,,False
236,RL,Ralph Lauren Corporation,Consumer Cyclical,Apparel Manufacturing,Core,22.1,371.28,362.62,20.5,11.7,10.0,0.0,ok,0.0,ok,0.67,,False,42.2,17.7,4.0,14.0,70.3,37.5,73.6,1.7,-15.7,0.172,0.151,GEV,,121,11.7,13.0,,False
237,FRT,Federal Realty Investment Trus,Real Estate,REIT - Retail,Speculative,9.2,106.16,114.67,18.5,17.1,10.0,0.0,ok,-3.5,ok,5.65,,False,42.1,32.9,4.9,7.2,68.1,12.6,25.9,-5.3,-16.1,-0.175,0.244,AVGO,,121,17.1,17.0,,False
238,AMAT,"Applied Materials, Inc.",Technology,Semiconductor Equipment & Mate,Core,402.4,507.03,490.85,19.0,15.1,10.0,-2.0,ok,0.0,ok,-0.19,,False,42.1,27.4,0.8,24.8,49.4,41.1,68.6,17.0,13.5,0.64,0.62,GEV,,121,15.1,14.0,,False
239,AIG,"American International Group, ",Financial Services,Insurance - Diversified,Core,40.3,77.04,76.28,17.0,15.1,10.0,0.0,ok,0.0,financial_na,,,False,42.1,8.8,18.3,0.5,35.1,7.2,61.5,0.3,-13.2,-0.247,0.335,NVDA,,121,15.1,14.0,,False
240,RCL,Royal Caribbean Cruises Ltd.,Consumer Cyclical,Travel Services,Core,75.5,282.26,280.13,19.5,15.0,10.0,0.0,ok,-2.5,ok,3.27,,False,42.0,13.8,,6.5,50.3,44.7,67.3,-1.5,-11.5,0.284,0.366,GOOG,,121,15.0,14.0,provider_suspect(freeCashflow),False
241,NTAP,"NetApp, Inc.",Technology,Software - Infrastructure,Core,46.6,237.15,225.29,21.5,10.5,10.0,0.0,ok,0.0,ok,-0.5,,False,42.0,21.3,2.5,29.9,70.6,114.8,80.5,68.1,133.8,0.166,0.323,AVGO,,121,10.5,17.0,,False
242,L,Loews Corporation,Financial Services,Insurance - Property & Casualt,Core,21.8,106.69,109.75,16.0,16.0,10.0,0.0,ok,0.0,financial_na,,,False,42.0,36.8,5.8,3.9,36.3,9.3,49.7,-2.1,-16.0,-0.317,0.316,NVDA,,121,16.0,14.0,,False
243,CRH,CRH PLC,Basic Materials,Building Materials,Cyclical,54.2,81.54,91.15,17.0,16.5,10.0,0.0,ok,-1.5,ok,2.17,,False,42.0,12.6,,5.6,36.2,15.8,32.2,-23.9,-44.0,0.194,0.281,GOOG,,121,16.5,11.0,provider_suspect(freeCashflow),False
244,DRI,"Darden Restaurants, Inc.",Consumer Cyclical,Restaurants,Core,22.4,197.66,211.26,17.0,17.4,10.0,0.0,ok,-2.5,ok,3.91,,False,41.9,15.9,3.6,5.1,21.7,55.4,32.7,-2.9,-10.7,-0.015,0.149,NVDA,,121,17.4,11.0,,False
245,STE,STERIS plc (Ireland),Healthcare,Medical Devices,Core,20.9,214.4,222.9,16.0,15.9,10.0,0.0,ok,0.0,ok,0.95,,False,41.9,17.5,3.8,7.3,44.4,11.4,68.9,-5.6,-17.1,-0.152,0.209,AVGO,,121,15.9,16.0,,False
246,TFC,Truist Financial Corporation,Financial Services,Banks - Regional,Core,56.3,46.11,49.81,15.0,16.9,10.0,0.0,ok,0.0,financial_na,,,False,41.9,9.3,,8.2,0.0,9.1,24.9,-6.6,-19.5,-0.051,0.136,GOOG,,121,16.9,14.0,,False
247,FISV,"Fiserv, Inc.",,,Core,24.3,45.63,50.25,15.5,16.4,10.0,0.0,ok,,unavailable,,,False,41.9,5.7,,,,,44.1,-18.9,-32.1,-0.22,0.272,GEV,,121,16.4,12.5,,False
248,GEHC,GE HealthCare Technologies Inc,Healthcare,Medical Devices,Core,29.9,65.74,68.93,17.5,15.9,10.0,0.0,ok,-1.5,ok,2.36,,False,41.9,12.2,5.3,5.8,39.5,19.4,57.6,-7.4,-23.3,-0.101,0.18,GEV,,121,15.9,15.0,,False
249,HAL,Halliburton Company,Energy,Oil & Gas Equipment & Services,Cyclical,27.2,32.55,33.95,15.5,16.9,10.0,0.0,ok,-0.5,ok,1.49,,False,41.9,11.2,7.5,3.7,15.1,14.9,42.1,-8.2,-26.8,-0.037,0.095,BMNR,,121,16.9,14.0,,False
250,KLAC,KLA Corporation,Technology,Semiconductor Equipment & Mate,Core,255.2,195.57,187.98,18.0,13.9,10.0,0.0,ok,0.0,ok,0.21,,False,41.9,29.0,1.0,15.2,61.3,87.5,64.6,-81.1,-102.2,0.246,0.25,AVGO,,121,13.9,15.0,,False
251,BSX,Boston Scientific Corporation,Healthcare,Medical Devices,Core,61.9,42.73,46.6,17.0,16.4,10.0,0.0,ok,-1.5,ok,2.12,,False,41.9,12.6,4.0,7.5,69.2,15.3,42.0,-29.6,-44.3,0.017,0.104,AVGO,,121,16.4,17.0,,False
252,IONQ,"IonQ, Inc.",Technology,Computer Hardware,Growth,16.2,39.89,41.09,11.0,22.8,10.0,-2.0,ok,0.0,neg_ebitda_low_debt,,,False,41.8,,-0.5,286.8,,-60.5,52.9,-8.1,28.6,0.538,0.452,BMNR,,121,22.8,13.0,,False
253,POOL,Pool Corporation,Industrials,Industrial Distribution,Speculative,5.8,159.54,179.97,17.0,16.3,10.0,0.0,ok,-1.5,ok,2.58,,False,41.8,13.6,3.7,2.2,29.6,31.3,35.3,-22.5,-38.6,-0.009,0.146,GOOG,,121,16.3,14.0,,False
254,CSX,CSX Corporation,Industrials,Railroads,Core,87.5,47.26,49.05,19.5,13.8,10.0,0.0,ok,-1.5,ok,2.64,,False,41.8,20.8,2.2,10.1,47.1,24.4,64.1,6.3,-1.6,0.008,0.132,GEV,,121,13.8,15.0,,False
255,TLN,Talen Energy Corporation,Utilities,Utilities - Independent Power ,Growth,17.9,378.57,359.64,16.0,13.7,19.0,-2.0,ok,-5.0,ok,16.05,,False,41.7,12.3,,111.2,42.1,-12.8,79.4,7.5,7.6,0.54,0.498,GEV,,121,13.7,19.0,provider_suspect(freeCashflow),False
256,SYK,Stryker Corporation,Healthcare,Medical Devices,Core,106.4,277.33,306.25,17.0,15.2,10.0,0.0,ok,-0.5,ok,1.62,,False,41.7,16.6,3.9,9.4,65.6,16.5,53.5,-15.5,-31.7,-0.262,0.299,AVGO,,121,15.2,17.0,,False
257,CSGP,"CoStar Group, Inc.",Real Estate,Real Estate Services,Core,12.0,29.67,30.18,16.5,15.2,10.0,0.0,ok,0.0,ok,-0.28,,False,41.7,,3.4,18.4,78.7,0.9,55.0,-24.6,-32.1,-0.32,0.357,GEV,,121,15.2,19.0,provider_suspect(forwardPE),False
258,DLR,"Digital Realty Trust, Inc.",Real Estate,REIT - Specialty,Core,67.5,178.76,186.86,19.0,16.2,10.0,0.0,ok,-3.5,ok,5.66,,False,41.7,64.7,5.6,29.9,57.0,2.9,37.9,-1.4,-18.8,0.205,0.2,GEV,,121,16.2,16.0,,False
259,CMI,Cummins Inc.,Industrials,Specialty Industrial Machinery,Core,72.2,523.39,570.51,16.0,17.7,10.0,-2.0,ok,0.0,ok,0.87,,False,41.7,15.0,3.1,9.4,25.8,21.1,43.4,-13.2,-28.5,0.564,0.579,GEV,,121,17.7,14.0,,False
260,PH,Parker-Hannifin Corporation,Industrials,Specialty Industrial Machinery,Core,121.4,962.56,987.33,17.5,14.7,10.0,0.0,ok,-0.5,ok,1.45,,False,41.7,24.2,2.4,9.8,37.5,25.1,51.7,1.8,-15.4,0.219,0.321,GEV,,121,14.7,14.0,,False
261,OXY,Occidental Petroleum Corporati,Energy,Oil & Gas E&P,Growth,60.1,60.11,58.62,19.5,12.2,10.0,0.0,ok,0.0,ok,0.76,,False,41.7,14.7,6.3,,73.3,10.6,62.4,10.6,-9.7,-0.29,0.294,GOOG,,121,12.2,14.0,provider_suspect(revenueGrowth),False
262,KVUE,Kenvue Inc.,Consumer Defensive,Household & Personal Products,Core,34.0,17.7,18.5,17.5,15.6,10.0,0.0,ok,-1.5,ok,2.16,,False,41.6,14.3,5.6,3.0,58.4,15.6,52.4,-1.1,-10.7,-0.184,0.233,AVGO,,121,15.6,17.0,,False
263,ESTC,Elastic N.V.,Technology,Software - Application,Core,10.3,98.23,93.32,21.0,10.6,10.0,0.0,ok,0.0,neg_ebitda_low_debt,,,False,41.6,24.8,4.9,15.1,75.6,33.1,75.0,50.1,104.9,0.011,0.205,GEV,,121,10.6,17.0,,False
264,ANET,"Arista Networks, Inc.",Technology,Computer Hardware,Growth,273.4,216.74,205.9,19.0,10.5,14.1,-2.0,ok,0.0,ok,-2.88,,False,41.6,41.5,1.4,37.7,63.0,31.5,72.1,35.2,35.0,0.508,0.493,AVGO,,121,10.5,20.0,,False
265,TDG,Transdigm Group Incorporated,Industrials,Aerospace & Defense,Core,62.0,1107.99,1164.25,18.5,18.1,10.0,0.0,ok,-5.0,ok,6.03,,False,41.6,22.9,2.4,22.5,59.8,,49.3,-10.9,-21.7,0.174,0.333,GOOG,,121,18.1,15.0,,False
266,FITB,Fifth Third Bancorp,Financial Services,Banks - Regional,Growth,45.9,50.64,54.25,15.0,16.6,10.0,0.0,ok,0.0,financial_na,,,False,41.6,10.2,,,0.0,8.4,29.2,-1.8,-10.7,0.01,0.15,GOOG,,121,16.6,14.0,provider_suspect(revenueGrowth),False
267,WM,"Waste Management, Inc.",Industrials,Waste Management,Core,83.5,208.83,217.36,17.5,15.6,10.0,0.0,ok,-1.5,ok,2.93,,False,41.6,23.0,2.8,4.0,40.6,29.8,55.0,-6.9,-22.4,-0.48,0.383,AVGO,,121,15.6,15.0,,False
268,TTD,"The Trade Desk, Inc.",Communication Services,Advertising Agencies,Speculative,5.7,12.08,14.12,19.5,12.0,10.0,0.0,ok,0.0,ok,-1.51,,True,41.5,12.1,10.2,3.0,76.9,15.4,17.8,-45.6,-54.8,-0.009,0.199,GOOG,,121,16.0,15.0,,False
269,LVS,Las Vegas Sands Corp.,Consumer Cyclical,Resorts & Casinos,Core,23.4,36.17,42.82,21.0,12.0,10.0,0.0,ok,-1.5,ok,2.57,,True,41.5,10.3,9.4,-0.7,79.3,122.9,17.3,-28.9,-45.4,-0.04,0.147,GEV,,121,15.9,13.0,,False
270,PNR,Pentair plc.,Industrials,Specialty Industrial Machinery,Speculative,8.5,52.47,59.95,16.0,16.0,10.0,0.0,ok,-0.5,ok,1.62,,False,41.5,10.1,,-17.0,41.4,17.1,25.0,-34.3,-55.1,0.082,0.128,NVDA,,121,16.0,15.0,provider_suspect(freeCashflow),False
271,JBL,Jabil Inc.,Technology,Electronic Components,Core,32.1,306.28,316.51,17.5,15.9,10.0,-2.0,ok,0.0,ok,0.91,,False,41.4,13.8,4.0,28.6,9.2,66.4,51.4,1.0,-11.2,0.571,0.547,GEV,,121,15.9,13.0,,False
272,AZO,"AutoZone, Inc.",Consumer Cyclical,Auto Parts,Core,47.5,2939.85,2948.31,16.5,16.4,10.0,0.0,ok,-1.5,ok,2.89,,False,41.4,15.3,,5.6,52.3,,61.6,-10.5,-27.7,-0.168,0.229,GEV,,121,16.4,12.0,,False
273,TRMB,Trimble Inc.,Technology,Scientific & Technical Instrum,Core,14.0,60.09,58.58,17.0,14.9,10.0,0.0,ok,-0.5,ok,1.41,,False,41.4,14.5,4.9,11.0,71.8,-1.9,62.6,-3.5,-20.7,0.071,0.223,BMNR,,121,14.9,15.0,,False
274,CHRW,"C.H. Robinson Worldwide, Inc.",Industrials,Integrated Freight & Logistics,Core,16.6,142.31,148.1,16.5,15.4,10.0,0.0,ok,-0.5,ok,1.95,,False,41.4,19.0,2.9,19.3,8.4,37.1,39.8,-17.1,-26.4,-0.088,0.123,BMNR,,121,15.4,14.0,,False
275,A,"Agilent Technologies, Inc.",Healthcare,Diagnostics & Research,Core,48.1,170.54,162.01,17.5,14.4,10.0,0.0,ok,-0.5,ok,1.15,,False,41.4,25.2,2.2,8.1,53.6,21.0,62.0,27.8,34.8,0.069,0.153,NVDA,,121,14.4,16.0,,False
276,ALAB,"Astera Labs, Inc.",Technology,Semiconductors,Growth,59.4,342.21,325.1,19.0,14.3,10.0,-2.0,ok,0.0,ok,-4.23,,False,41.3,,0.2,104.5,75.1,25.8,61.6,39.9,150.9,0.573,0.52,AVGO,,121,14.3,15.0,provider_suspect(forwardPE),False
277,VMC,Vulcan Materials Company (Hold,Basic Materials,Building Materials,Cyclical,31.7,244.58,261.98,14.5,18.3,10.0,0.0,ok,-1.5,ok,2.03,,False,41.3,23.4,2.7,2.5,27.5,13.2,47.6,-13.6,-30.7,0.091,0.214,GOOG,,121,18.3,11.0,,False
278,LYV,"Live Nation Entertainment, Inc",Communication Services,Entertainment,Core,39.7,170.33,176.5,16.0,15.8,10.0,0.0,ok,-0.5,ok,1.43,,False,41.3,88.1,4.3,9.4,25.8,17.7,53.3,3.6,-7.4,0.047,0.17,GOOG,,121,15.8,13.0,,False
279,REG,Regency Centers Corporation,Real Estate,REIT - Retail,Core,13.5,72.05,75.06,17.0,17.7,10.0,0.0,ok,-3.5,ok,4.62,,False,41.2,28.7,5.5,8.9,71.5,8.2,42.7,-5.4,-21.5,-0.311,0.353,AVGO,,121,17.7,17.0,,False
280,SWK,"Stanley Black & Decker, Inc.",Industrials,Tools & Accessories,Core,13.4,88.57,95.03,15.5,17.2,10.0,0.0,ok,-1.5,ok,2.58,,False,41.2,14.0,10.6,0.4,32.2,6.9,49.7,5.6,9.3,0.292,0.267,GEV,,121,17.2,14.0,,False
281,DGX,Quest Diagnostics Incorporated,Healthcare,Diagnostics & Research,Core,25.5,230.97,237.46,15.5,17.2,10.0,0.0,ok,-1.5,ok,2.55,,False,41.2,19.2,3.6,10.2,33.2,14.6,31.8,11.7,7.2,-0.231,0.271,AVGO,,121,17.2,15.0,,False
282,SMCI,"Super Micro Computer, Inc.",Technology,Computer Hardware,Growth,27.1,41.86,39.77,13.5,17.7,10.0,0.0,ok,0.0,ok,0.61,,False,41.2,7.9,-30.5,93.2,10.8,21.5,52.6,29.7,52.3,0.431,0.488,NVDA,,121,17.7,13.0,,False
283,O,Realty Income Corporation,Real Estate,REIT - Retail,Core,51.3,54.18,59.57,15.5,19.2,10.0,0.0,ok,-3.5,ok,5.74,,False,41.2,34.9,3.1,9.6,92.7,3.2,31.1,-11.8,-28.1,-0.284,0.307,NVDA,,121,19.2,17.0,,False
284,WEC,"WEC Energy Group, Inc.",Utilities,Utilities - Regulated Electric,Core,33.8,103.74,105.73,17.0,17.7,10.0,0.0,ok,-3.5,ok,5.79,,False,41.2,17.3,,2.6,41.9,12.0,51.3,-6.2,-24.4,-0.196,0.264,AVGO,,121,17.7,19.0,provider_suspect(freeCashflow),False
285,NDSN,Nordson Corporation,Industrials,Specialty Industrial Machinery,Core,18.3,328.17,318.35,18.0,13.7,10.0,0.0,ok,-0.5,ok,1.78,,False,41.2,25.3,3.4,10.3,55.4,17.8,69.3,13.6,5.8,0.297,0.247,GEV,,121,13.7,15.0,,False
286,ON,ON Semiconductor Corporation,Technology,Semiconductors,Core,30.2,77.53,76.57,16.0,17.1,10.0,-2.0,ok,0.0,ok,0.4,,False,41.1,17.1,5.5,9.2,42.8,8.3,60.2,-4.3,-0.5,0.517,0.45,AVGO,,121,17.1,14.0,,False
287,PTC,PTC Inc.,Technology,Software - Application,Core,21.1,194.45,184.73,20.0,11.1,10.0,0.0,ok,0.0,ok,0.98,,False,41.1,21.8,4.9,-6.8,84.5,35.1,89.8,33.4,32.3,-0.035,0.116,GEV,,121,11.1,17.0,,False
288,IQV,"IQVIA Holdings, Inc.",Healthcare,Diagnostics & Research,Core,42.8,259.88,256.14,17.5,17.1,10.0,0.0,ok,-3.5,ok,4.65,,False,41.1,18.0,5.0,8.7,33.0,22.8,43.3,25.9,40.4,-0.126,0.244,GEV,,121,17.1,15.0,,False
289,EXPD,Expeditors International of Wa,Industrials,Integrated Freight & Logistics,Growth,25.1,193.24,186.54,15.5,15.6,10.0,0.0,ok,0.0,ok,-0.37,,False,41.1,23.9,3.2,,13.5,42.7,51.6,18.2,21.6,-0.01,0.054,BMNR,,121,15.6,14.0,provider_suspect(revenueGrowth),False
290,DOV,Dover Corporation,Industrials,Specialty Industrial Machinery,Core,25.4,188.83,196.64,16.0,15.0,10.0,0.0,ok,0.0,ok,0.79,,False,41.0,16.2,3.6,6.9,40.1,14.9,56.2,-10.0,-26.5,0.263,0.245,GEV,,121,15.0,15.0,,False
291,PLD,"Prologis, Inc.",Real Estate,REIT - Industrial,Core,125.9,129.49,137.06,18.0,16.5,10.0,0.0,ok,-3.5,ok,5.24,,False,41.0,38.8,4.3,12.3,75.5,7.7,27.1,-5.9,-19.0,-0.046,0.204,AVGO,,121,16.5,17.0,,False
292,LDOS,"Leidos Holdings, Inc.",Technology,Information Technology Service,Core,15.3,121.68,130.52,17.0,15.4,10.0,0.0,ok,-1.5,ok,2.45,,False,40.9,9.6,7.5,7.2,17.8,27.8,39.5,-16.5,-33.8,-0.08,0.16,GEV,,121,15.4,15.0,,False
293,CHD,"Church & Dwight Company, Inc.",Consumer Defensive,Household & Personal Products,Core,23.3,97.73,98.37,17.5,13.8,10.0,0.0,ok,-0.5,ok,1.6,,False,40.8,24.3,4.0,1.6,45.6,17.0,66.4,1.8,-11.5,-0.252,0.284,GEV,,121,13.8,17.0,,False
294,COO,"The Cooper Companies, Inc.",Healthcare,Medical Instruments & Supplies,Core,10.3,54.37,65.71,17.0,15.3,10.0,0.0,ok,-1.5,ok,2.84,,False,40.8,11.6,5.2,0.6,65.9,6.8,51.6,-23.3,-37.1,-0.096,0.216,AVGO,,121,15.3,17.0,,False
295,ADI,"Analog Devices, Inc.",Technology,Semiconductors,Growth,196.8,406.19,385.88,19.0,13.8,10.0,-2.0,ok,0.0,ok,0.99,,False,40.8,24.8,2.1,39.6,65.8,12.2,66.3,12.1,2.6,0.593,0.517,AVGO,,121,13.8,15.0,,False
296,VRSN,"VeriSign, Inc.",Technology,Software - Infrastructure,Core,27.5,303.74,290.51,16.5,14.8,10.0,0.0,ok,-0.5,ok,1.1,,False,40.8,27.5,3.0,6.0,88.5,,45.8,13.9,3.5,-0.164,0.246,GEV,,121,14.8,17.0,,False
297,BRK-B,Berkshire Hathaway Inc. New,Financial Services,Insurance - Diversified,Core,1103.8,515.62,507.75,18.5,12.2,10.0,0.0,ok,0.0,financial_na,,,False,40.7,23.8,6.5,10.0,30.3,12.1,70.8,4.6,-6.0,-0.268,0.287,AVGO,,121,12.2,14.0,,False
298,MRK,"Merck & Company, Inc.",Healthcare,Drug Manufacturers - General,Core,359.2,145.6,143.18,16.0,15.2,10.0,0.0,ok,-0.5,ok,1.62,,False,40.7,,4.2,5.1,75.9,7.0,41.7,17.9,6.5,-0.188,0.303,AVGO,,121,15.2,17.0,provider_suspect(forwardPE),False
299,EXR,Extra Space Storage Inc,Real Estate,REIT - Industrial,Core,29.7,134.65,140.83,17.0,17.2,10.0,0.0,ok,-3.5,ok,5.94,,False,40.7,27.8,5.0,3.8,74.9,7.0,43.0,-4.7,-16.5,-0.172,0.254,AVGO,,121,17.2,17.0,,False
300,TECH,Bio-Techne Corp,Healthcare,Biotechnology,Core,11.4,72.46,72.33,15.5,15.1,10.0,0.0,ok,0.0,ok,0.07,,False,40.6,31.3,2.0,1.3,66.2,9.0,49.5,16.4,17.3,0.036,0.095,GOOG,,121,15.1,17.0,,False
301,CAT,"Caterpillar, Inc.",Industrials,Farm & Heavy Construction Mach,Core,368.0,800.47,821.81,18.0,16.0,10.0,-2.0,ok,-1.5,ok,2.41,,False,40.5,24.7,1.4,24.0,29.7,57.0,45.6,0.1,-12.0,0.619,0.642,GEV,,121,16.0,14.0,,False
302,LRCX,Lam Research Corporation,Technology,Semiconductor Equipment & Mate,Core,399.0,318.84,310.65,19.0,15.5,10.0,-4.0,ok,0.0,ok,-0.17,,False,40.5,27.1,0.8,30.0,50.5,65.1,60.2,14.5,7.5,0.688,0.633,GEV,,121,15.5,14.0,,False
303,PLTR,Palantir Technologies Inc.,Technology,Software - Infrastructure,Growth,502.4,209.05,198.6,20.0,10.5,10.0,0.0,ok,0.0,ok,-3.45,,False,40.5,89.2,0.4,92.8,84.8,38.1,84.7,37.1,46.8,0.269,0.402,BMNR,,121,10.5,17.0,,False
304,FFIV,"F5, Inc.",Technology,Software - Infrastructure,Core,27.2,479.83,455.84,18.0,12.5,10.0,0.0,ok,0.0,ok,-1.47,,False,40.5,26.5,2.6,10.9,81.9,19.8,66.5,37.3,52.1,0.263,0.295,AVGO,,121,12.5,17.0,,False
305,GNRC,Generac Holdlings Inc.,Industrials,Specialty Industrial Machinery,Core,13.3,224.94,213.69,15.5,15.5,10.0,0.0,ok,-0.5,ok,1.79,,False,40.5,17.5,2.2,10.6,39.5,9.5,66.5,5.0,-4.8,0.425,0.391,AVGO,,121,15.5,14.0,,False
306,ESS,"Essex Property Trust, Inc.",Real Estate,REIT - Residential,Core,18.7,271.57,278.9,17.0,17.0,10.0,0.0,ok,-3.5,ok,5.43,,False,40.5,43.1,5.6,3.1,68.8,7.7,50.3,1.5,-4.8,-0.297,0.412,AVGO,,121,17.0,17.0,,False
307,CME,CME Group Inc.,Financial Services,Financial Data & Stock Exchang,Core,100.9,280.56,271.63,17.0,13.4,10.0,0.0,ok,0.0,financial_na,,,False,40.4,21.6,2.9,0.8,100.0,15.8,55.8,1.4,-18.4,-0.253,0.29,AVGO,,121,13.4,16.0,,False
308,FN,Fabrinet,Technology,Electronic Components,Growth,17.4,486.28,461.97,17.0,13.4,10.0,0.0,ok,0.0,ok,-1.64,,False,40.4,22.3,,44.6,12.0,21.3,77.6,-8.7,-40.0,0.5,0.474,GEV,,121,13.4,13.0,provider_suspect(freeCashflow),False
309,LH,Labcorp Holdings Inc.,Healthcare,Diagnostics & Research,Core,25.3,312.15,319.91,14.5,17.4,10.0,0.0,ok,-1.5,ok,2.88,,False,40.4,15.7,3.5,5.8,28.9,11.7,38.8,11.0,6.2,-0.079,0.121,AVGO,,121,17.4,15.0,,False
310,AVB,"AvalonBay Communities, Inc.",Real Estate,REIT - Residential,Core,26.3,184.06,188.04,17.0,16.9,10.0,0.0,ok,-3.5,ok,4.9,,False,40.4,36.6,5.4,2.3,62.7,8.5,44.5,3.1,-7.8,-0.329,0.465,AVGO,,87,16.9,17.0,,False
311,WST,"West Pharmaceutical Services, ",Healthcare,Medical Instruments & Supplies,Core,25.8,366.0,355.13,14.5,15.9,10.0,0.0,ok,0.0,ok,-0.13,,False,40.4,36.7,1.1,13.8,36.8,19.1,53.2,20.3,29.3,-0.004,0.056,GOOG,,121,15.9,15.0,,False
312,MCD,McDonald's Corporation,Consumer Cyclical,Restaurants,Core,166.5,235.23,255.97,16.5,16.3,10.0,0.0,ok,-2.5,ok,3.6,,False,40.3,17.1,3.8,3.7,57.4,,31.7,-18.2,-36.5,-0.184,0.289,NVDA,,121,16.3,12.0,,False
313,TXT,Textron Inc.,Industrials,Aerospace & Defense,Core,12.9,74.16,81.62,15.0,15.8,10.0,0.0,ok,-0.5,ok,1.65,,False,40.3,10.3,,3.0,17.6,12.1,29.6,-17.0,-32.3,0.179,0.218,GEV,,121,15.8,14.0,provider_suspect(freeCashflow),False
314,DG,Dollar General Corporation,Consumer Defensive,Discount Stores,Core,28.1,127.23,124.21,17.0,15.8,10.0,0.0,ok,-2.5,ok,3.96,,False,40.3,15.3,6.2,5.2,31.2,19.7,61.3,0.7,-3.5,-0.021,0.182,GEV,,121,15.8,16.0,,False
315,TJX,"TJX Companies, Inc. (The)",Consumer Cyclical,Apparel Retail,Core,153.3,138.76,139.57,17.0,13.3,10.0,0.0,ok,0.0,ok,0.93,,False,40.3,24.0,2.9,5.4,31.5,62.2,74.1,-8.7,-27.3,-0.142,0.207,GEV,,121,13.3,11.0,,False
316,GILD,"Gilead Sciences, Inc.",Healthcare,Drug Manufacturers - General,Core,187.4,151.17,144.46,17.0,13.8,10.0,0.0,ok,-0.5,ok,1.46,,False,40.3,15.2,5.2,10.2,79.6,-20.7,51.4,10.3,-4.7,-0.118,0.184,AVGO,,121,13.8,17.0,,False
317,EG,"Everest Group, Ltd.",Financial Services,Insurance - Reinsurance,Core,14.1,368.37,371.99,15.0,15.3,10.0,0.0,ok,0.0,financial_na,,,False,40.3,6.1,14.6,-11.3,15.3,12.6,48.5,5.7,-1.8,-0.317,0.416,AVGO,,121,15.3,14.0,,False
318,TMO,Thermo Fisher Scientific Inc,Healthcare,Diagnostics & Research,Core,243.3,658.02,625.75,17.0,15.8,10.0,0.0,ok,-2.5,ok,3.28,,False,40.3,23.9,2.6,10.5,41.0,13.5,49.7,20.8,19.2,-0.061,0.113,GEV,,121,15.8,16.0,,False
319,TAP,Molson Coors Beverage Company,Consumer Defensive,Beverages - Brewers,Speculative,6.9,37.2,39.77,13.5,18.2,10.0,0.0,ok,-1.5,ok,2.56,,False,40.2,7.7,13.5,-3.3,37.0,-19.5,47.0,-13.3,-30.9,-0.357,0.341,GEV,,121,18.2,16.0,,False
320,DD,"DuPont de Nemours, Inc.",Basic Materials,Specialty Chemicals,Cyclical,17.6,130.0,134.96,15.5,14.7,10.0,0.0,ok,0.0,ok,0.91,,False,40.2,16.3,10.5,4.0,35.1,1.8,50.6,63.0,162.8,0.028,0.123,BMNR,,121,14.7,11.0,,False
321,MET,"MetLife, Inc.",Financial Services,Insurance - Life,Core,62.5,98.33,96.53,16.0,14.2,10.0,0.0,ok,0.0,financial_na,,,False,40.2,8.8,,10.5,24.0,13.1,56.4,17.5,20.7,-0.156,0.257,AVGO,,121,14.2,14.0,provider_suspect(freeCashflow),False
322,ISRG,"Intuitive Surgical, Inc.",Healthcare,Medical Instruments & Supplies,Core,149.8,423.96,402.76,15.5,14.7,10.0,0.0,ok,0.0,ok,-1.25,,False,40.2,35.0,1.7,18.5,66.7,17.4,64.1,-4.6,-19.4,0.084,0.293,GOOG,,121,14.7,17.0,,False
323,KHC,The Kraft Heinz Company,Consumer Defensive,Packaged Foods,Core,26.4,22.27,24.69,13.5,18.2,10.0,0.0,ok,-1.5,ok,2.97,,False,40.2,10.7,12.3,-1.4,33.5,-8.8,19.8,-6.4,-17.7,-0.257,0.366,GEV,,121,18.2,16.0,,False
324,CVX,Chevron Corporation,Energy,Oil & Gas Integrated,Growth,415.8,211.98,203.84,17.5,12.7,10.0,0.0,ok,0.0,ok,0.56,,False,40.2,14.4,5.3,,44.3,12.2,67.6,13.0,-1.0,-0.432,0.324,NVDA,,121,12.7,13.0,provider_suspect(revenueGrowth),False
325,COP,ConocoPhillips,Energy,Oil & Gas E&P,Growth,161.1,134.1,129.01,17.5,12.6,10.0,0.0,ok,0.0,ok,0.58,,False,40.1,13.3,4.8,,47.6,14.2,66.2,14.9,-3.2,-0.38,0.359,GOOG,,121,12.6,13.0,provider_suspect(revenueGrowth),False
326,CCL,Carnival Corporation Ltd.,Consumer Cyclical,Travel Services,Core,35.4,26.35,25.24,20.0,12.6,10.0,0.0,ok,-2.5,ok,3.28,,False,40.1,10.3,5.1,3.5,55.4,24.0,76.1,-3.6,-18.7,0.305,0.356,GOOG,,121,12.6,14.0,,False
327,BIIB,Biogen Inc.,Healthcare,Drug Manufacturers - General,Core,33.3,218.43,216.53,15.5,16.1,10.0,0.0,ok,-1.5,ok,2.1,,False,40.1,13.6,3.8,3.4,78.3,4.6,54.4,11.5,9.9,-0.209,0.209,AVGO,,121,16.1,17.0,,False
328,AMCR,Amcor plc,Consumer Cyclical,Packaging & Containers,Core,19.3,41.72,44.74,16.0,16.6,10.0,0.0,ok,-2.5,ok,3.97,,False,40.1,9.6,7.8,25.9,20.0,9.4,48.4,-2.2,-13.5,0.108,0.211,GOOG,,121,16.6,11.0,,False
329,APH,Amphenol Corporation,Technology,Electronic Components,Growth,215.1,87.24,123.0,19.0,11.5,10.0,0.0,ok,-0.5,ok,1.42,,False,40.0,26.2,1.8,55.0,39.0,38.1,71.9,-37.1,-51.5,0.122,0.257,AVGO,,121,11.5,13.0,,False
330,VTRS,Viatris Inc.,Healthcare,Drug Manufacturers - Specialty,Core,20.3,17.64,16.96,16.0,15.5,10.0,0.0,ok,-1.5,ok,2.82,,False,40.0,6.6,13.2,4.9,40.3,-2.8,60.2,14.5,17.5,-0.069,0.168,AVGO,,121,15.5,16.0,,False
331,SLB,SLB Limited,Energy,Oil & Gas Equipment & Services,Cyclical,72.6,48.95,52.66,14.5,15.9,10.0,0.0,ok,-0.5,ok,1.18,,False,39.9,15.3,4.1,5.0,17.0,12.9,34.4,-3.3,-19.2,0.073,0.091,NVDA,,121,15.9,14.0,,False
332,EME,"EMCOR Group, Inc.",Industrials,Engineering & Construction,Core,34.8,789.45,778.11,18.0,13.9,10.0,-2.0,ok,0.0,ok,-0.19,,False,39.9,21.5,2.8,19.8,19.4,40.3,59.2,1.7,-15.0,0.631,0.654,GEV,,121,13.9,14.0,,False
333,SWKS,"Skyworks Solutions, Inc.",Technology,Semiconductors,Core,18.0,76.35,75.62,12.0,17.9,10.0,0.0,ok,0.0,ok,-0.13,,False,39.9,13.4,2.5,-3.1,40.7,5.1,26.9,15.8,22.0,0.274,0.302,AVGO,,121,17.9,14.0,,False
334,PSKY,Paramount Skydance Corporation,Communication Services,Entertainment,Core,11.0,9.16,9.96,14.5,18.9,10.0,0.0,ok,-3.5,ok,4.4,,False,39.9,11.7,,0.9,33.3,-0.9,37.2,-12.6,-29.0,0.05,0.209,NVDA,,120,18.9,13.0,fcf_yield_out_of_range(160.1),False
335,KO,Coca-Cola Company (The),Consumer Defensive,Beverages - Non-Alcoholic,Core,378.8,88.05,87.99,17.0,13.3,10.0,0.0,ok,-0.5,ok,1.64,,False,39.8,25.0,1.4,6.7,61.9,42.1,55.6,9.8,0.2,-0.42,0.378,GEV,,121,13.3,18.0,,False
336,CBRE,CBRE Group Inc,Real Estate,Real Estate Services,Core,37.9,130.8,142.61,15.0,18.3,10.0,0.0,ok,-3.5,ok,4.21,,False,39.8,14.4,,15.5,18.6,15.8,27.3,-9.5,-20.8,-0.024,0.198,AVGO,,121,18.3,17.0,provider_suspect(freeCashflow),False
337,ARE,Alexandria Real Estate Equitie,Real Estate,REIT - Office,Speculative,7.8,45.51,50.3,15.0,19.8,10.0,0.0,ok,-5.0,ok,7.13,,False,39.8,,17.2,-11.9,68.2,-4.1,12.3,-8.9,-6.6,-0.036,0.077,GEV,,121,19.8,17.0,,False
338,MPWR,"Monolithic Power Systems, Inc.",Technology,Semiconductors,Growth,68.1,1386.29,1318.48,19.0,12.7,10.0,-2.0,ok,0.0,ok,-1.39,,False,39.7,39.6,0.7,47.6,55.2,22.0,61.6,7.2,-11.0,0.63,0.532,AVGO,,121,12.7,14.0,,False
339,PCAR,PACCAR Inc.,Industrials,Farm & Heavy Construction Mach,Core,56.9,108.04,122.33,13.0,17.2,10.0,0.0,ok,-0.5,ok,1.88,,False,39.7,15.1,3.4,0.5,13.7,12.8,27.4,-10.3,-28.2,0.227,0.201,BMNR,,121,17.2,14.0,,False
340,VLO,Valero Energy Corporation,Energy,Oil & Gas Refining & Marketing,Growth,124.9,433.75,412.06,17.0,12.7,10.0,0.0,ok,0.0,ok,0.26,,False,39.7,10.1,6.7,,16.1,27.6,69.5,63.3,68.2,-0.156,0.239,GOOG,,121,12.7,12.0,provider_suspect(revenueGrowth),False
341,SNPS,"Synopsys, Inc.",Technology,Software - Infrastructure,Growth,97.7,509.99,484.49,18.5,13.7,10.0,0.0,ok,-2.5,ok,3.49,,False,39.7,,3.5,42.4,82.9,3.7,86.4,14.3,16.6,0.337,0.377,NVDA,,121,13.7,17.0,provider_suspect(forwardPE),False
342,PSX,Phillips 66,Energy,Oil & Gas Refining & Marketing,Growth,111.0,278.18,264.27,16.0,14.1,10.0,0.0,ok,-0.5,ok,1.66,,False,39.6,10.4,4.1,,13.1,23.5,54.7,50.0,60.5,-0.206,0.277,NVDA,,121,14.1,12.0,provider_suspect(revenueGrowth),False
343,BDX,"Becton, Dickinson and Company",Healthcare,Medical Instruments & Supplies,Core,50.1,183.75,181.69,17.0,14.1,10.0,0.0,ok,-1.5,ok,2.63,,False,39.6,,8.9,5.4,46.9,6.6,55.9,12.9,5.7,-0.259,0.315,AVGO,,121,14.1,16.0,provider_suspect(forwardPE),False
344,ORLY,"O'Reilly Automotive, Inc.",Consumer Cyclical,Auto Parts,Core,69.9,86.45,87.99,15.5,15.6,10.0,0.0,ok,-1.5,ok,2.24,,False,39.6,23.7,2.2,8.1,51.6,,67.7,-4.8,-20.5,-0.202,0.241,NVDA,,121,15.6,12.0,,False
345,GPC,Genuine Parts Company,Consumer Cyclical,Auto Parts,Core,17.5,127.02,131.78,14.5,16.6,10.0,0.0,ok,-1.5,ok,2.97,,False,39.6,,5.2,6.0,37.6,0.7,51.5,6.2,4.7,-0.062,0.141,GOOG,,121,16.6,11.0,provider_suspect(forwardPE),False
346,XYZ,"Block, Inc.",Technology,Software - Infrastructure,Core,46.4,77.24,79.34,13.0,16.5,10.0,0.0,ok,0.0,ok,0.28,,False,39.5,,,9.3,46.6,1.6,52.8,9.9,9.8,0.345,0.423,BMNR,,121,16.5,16.0,provider_suspect(forwardPE);provider_suspect(freeCashflow),False
347,FTNT,"Fortinet, Inc.",Technology,Software - Infrastructure,Core,142.9,194.75,185.01,19.0,10.5,10.0,0.0,ok,0.0,ok,-1.35,,False,39.5,51.6,1.6,25.6,80.2,117.4,76.3,61.0,140.5,0.113,0.257,NVDA,,121,10.5,17.0,,False
348,CVS,CVS Health Corporation,Healthcare,Healthcare Plans,Core,110.2,86.16,93.12,14.0,17.9,10.0,0.0,ok,-2.5,ok,3.74,,False,39.4,10.1,7.3,7.1,13.6,6.2,45.6,-1.5,-3.9,-0.177,0.28,AVGO,,121,17.9,15.0,,False
349,NSC,Norfolk Southern Corporation,Industrials,Railroads,Core,71.4,317.79,329.08,15.5,15.4,10.0,0.0,ok,-1.5,ok,2.84,,False,39.4,22.2,1.9,11.4,45.2,17.0,64.8,2.2,-5.7,-0.095,0.193,BMNR,,121,15.4,15.0,,False
350,CI,The Cigna Group,Healthcare,Healthcare Plans,Core,74.6,282.43,277.54,15.5,14.4,10.0,0.0,ok,-0.5,ok,1.93,,False,39.4,8.4,10.7,6.7,9.1,16.8,59.7,1.0,-9.3,-0.305,0.34,AVGO,,121,14.4,15.0,,False
351,WAB,Westinghouse Air Brake Technol,Industrials,Railroads,Core,48.2,285.43,289.54,17.0,13.9,10.0,0.0,ok,-1.5,ok,2.37,,False,39.4,22.9,2.3,17.5,35.7,11.6,52.4,8.6,-6.6,0.279,0.265,GEV,,121,13.9,14.0,,False
352,GPN,Global Payments Inc.,Industrials,Specialty Business Services,Growth,21.8,82.2,87.65,14.0,18.8,10.0,0.0,ok,-3.5,ok,4.05,,False,39.3,,,,64.0,2.4,41.9,7.6,12.2,0.067,0.221,GOOG,,121,18.8,18.0,provider_suspect(forwardPE);provider_suspect(freeCashflow);provider_suspect(revenueGrowth),False
353,CASY,"Caseys General Stores, Inc.",Consumer Cyclical,Specialty Retail,Core,23.9,646.27,727.59,16.5,13.3,10.0,0.0,ok,-0.5,ok,1.51,,False,39.3,27.6,2.1,24.3,23.8,20.0,88.2,-11.9,-25.8,-0.098,0.178,NVDA,,121,13.3,11.0,,False
354,HST,"Host Hotels & Resorts, Inc.",Real Estate,REIT - Hotel & Motel,Core,15.7,22.65,22.72,17.0,13.8,10.0,0.0,ok,-1.5,ok,2.18,,False,39.3,21.5,10.8,3.6,29.2,15.6,58.9,6.0,-1.0,0.041,0.251,GOOG,,121,13.8,15.0,,False
355,LOW,"Lowe's Companies, Inc.",Consumer Cyclical,Home Improvement Retail,Core,104.4,186.0,202.46,15.5,16.2,10.0,0.0,ok,-2.5,ok,3.05,,False,39.2,14.3,4.4,8.3,33.0,,43.7,-19.0,-36.9,-0.023,0.218,GOOG,,121,16.2,11.0,,False
356,EIX,Edison International,Utilities,Utilities - Regulated Electric,Core,21.3,55.3,62.36,18.0,14.7,10.0,0.0,ok,-3.5,ok,4.85,,False,39.2,8.5,,-4.1,61.0,19.7,52.2,-18.4,-40.4,-0.081,0.154,NVDA,,121,14.7,20.0,provider_suspect(freeCashflow),False
357,VTR,"Ventas, Inc.",Real Estate,REIT - Healthcare Facilities,Core,42.1,82.04,89.12,16.5,16.2,10.0,0.0,ok,-3.5,ok,5.34,,False,39.2,103.8,3.5,21.7,40.0,2.0,28.9,-4.3,-16.9,-0.374,0.425,AVGO,,121,16.2,15.0,,False
358,EQIX,"Equinix, Inc.",Real Estate,REIT - Specialty,Core,101.2,1026.06,1042.39,17.0,15.6,10.0,0.0,ok,-3.5,ok,4.93,,False,39.1,55.4,3.7,16.7,52.0,10.7,40.0,3.4,-13.8,0.226,0.265,GEV,,121,15.6,16.0,,False
359,CDW,CDW Corporation,Technology,Information Technology Service,Core,17.8,142.17,142.08,15.5,16.1,10.0,0.0,ok,-2.5,ok,3.02,,False,39.1,11.8,3.8,10.0,21.4,44.0,44.9,8.3,-1.3,-0.044,0.151,GEV,,121,16.1,15.0,,False
360,FTV,Fortive Corporation,Technology,Scientific & Technical Instrum,Core,17.5,57.26,58.08,17.0,13.6,10.0,0.0,ok,-1.5,ok,2.61,,False,39.1,17.6,5.4,7.9,63.2,7.3,63.2,-1.8,-18.4,0.081,0.155,GEV,,121,13.6,15.0,,False
361,TTWO,"Take-Two Interactive Software,",Communication Services,Electronic Gaming & Multimedia,Core,39.9,213.44,223.16,13.0,16.6,10.0,0.0,ok,-0.5,ok,1.46,,False,39.1,20.7,,2.0,57.1,-9.0,55.3,-4.6,-5.1,0.083,0.221,GOOG,,121,16.6,14.0,provider_suspect(freeCashflow),False
362,VMRK,Vivmark Residential,Real Estate,REIT - Residential,Core,47.3,61.16,63.45,15.5,17.0,10.0,0.0,ok,-3.5,ok,4.96,,False,39.0,41.6,2.9,3.3,62.3,8.5,53.0,-2.3,-10.6,-0.262,0.327,AVGO,,121,17.0,17.0,,False
363,ES,Eversource Energy (D/B/A),Utilities,Utilities - Regulated Electric,Core,24.8,65.73,69.07,14.5,18.0,10.0,0.0,ok,-3.5,ok,5.67,,False,39.0,13.3,3.3,2.3,52.8,9.0,40.5,-5.4,-18.4,-0.106,0.183,AVGO,,121,18.0,19.0,,False
364,KIM,Kimco Realty Corporation (HC),Real Estate,REIT - Retail,Core,14.9,22.16,23.5,17.0,17.0,10.0,0.0,ok,-5.0,ok,6.12,,False,39.0,24.6,5.9,4.9,68.9,5.8,39.8,-4.7,-17.8,-0.215,0.267,AVGO,,121,17.0,17.0,,False
365,T,AT&T Inc.,Communication Services,Telecom Services,Core,152.0,22.18,24.91,19.5,12.0,10.0,0.0,ok,-2.5,ok,3.3,,True,39.0,8.6,6.7,2.3,59.7,18.3,18.7,-11.3,-29.6,-0.332,0.311,GEV,,121,18.0,16.0,,False
366,CNC,Centene Corporation,Healthcare,Healthcare Plans,Core,32.3,65.36,64.79,13.0,16.0,10.0,0.0,ok,0.0,ok,-2.38,,False,39.0,12.2,29.9,4.6,11.4,-20.4,51.7,22.6,61.8,-0.107,0.163,AVGO,,121,16.0,15.0,,False
367,CMCSA,Comcast Corporation,Communication Services,Telecom Services,Core,73.3,20.66,24.43,18.5,12.0,10.0,0.0,ok,-1.5,ok,2.43,,True,39.0,5.8,17.3,-1.2,69.4,11.5,16.5,-21.8,-39.5,-0.128,0.191,GOOG,,121,16.0,17.0,,False
368,CTVA,"Corteva, Inc.",Basic Materials,Agricultural Inputs,Cyclical,8.8,13.24,72.94,17.5,12.0,10.0,0.0,ok,-0.5,ok,1.39,,True,39.0,11.6,,,38.7,,5.3,-82.8,-97.6,-0.049,0.117,GEV,,121,15.9,11.0,,False
369,AMD,"Advanced Micro Devices, Inc.",Technology,Semiconductors,Growth,992.7,608.1,577.69,16.5,14.5,10.0,-2.0,ok,0.0,ok,-0.92,,False,39.0,,0.9,50.1,55.7,10.2,47.4,58.4,134.7,0.624,0.536,AVGO,,121,14.5,14.0,provider_suspect(forwardPE),False
370,DIS,Walt Disney Company (The),Communication Services,Entertainment,Core,186.6,108.05,104.94,14.5,15.0,10.0,0.0,ok,-0.5,ok,1.95,,False,39.0,14.5,2.6,6.8,37.6,8.0,62.7,4.2,-4.5,0.009,0.31,GOOG,,121,15.0,13.0,,False
371,TDY,Teledyne Technologies Incorpor,Technology,Scientific & Technical Instrum,Core,28.4,613.66,631.27,14.5,14.9,10.0,0.0,ok,-0.5,ok,1.06,,False,38.9,22.9,3.2,9.8,43.3,9.2,53.0,-1.9,-18.4,0.476,0.471,GEV,,121,14.9,14.0,,False
372,CPB,The Campbell's Company,Consumer Defensive,Packaged Foods,Speculative,5.7,19.21,21.73,16.0,16.4,10.0,0.0,ok,-3.5,ok,4.36,,False,38.9,10.5,11.1,-7.9,28.5,10.1,41.9,-15.9,-19.4,-0.294,0.31,GEV,,121,16.4,16.0,,False
373,KR,Kroger Company (The),Consumer Defensive,Grocery Stores,Core,36.4,61.64,58.56,15.5,14.9,10.0,0.0,ok,-1.5,ok,2.8,,False,38.9,,7.0,2.0,23.9,14.4,57.6,-2.5,-22.3,-0.408,0.397,AVGO,,121,14.9,16.0,provider_suspect(forwardPE),False
374,VEEV,Veeva Systems Inc.,Healthcare,Health Information Services,Core,47.9,296.13,281.32,18.0,10.8,10.0,0.0,ok,0.0,ok,-6.59,,False,38.8,28.9,2.6,17.6,75.0,14.4,76.8,46.3,75.1,-0.098,0.31,GEV,,121,10.8,19.0,,False
375,IEX,IDEX Corporation,Industrials,Specialty Industrial Machinery,Core,17.3,234.29,230.72,16.0,13.3,10.0,0.0,ok,-0.5,ok,1.31,,False,38.8,24.3,3.2,6.4,44.7,13.0,69.9,10.5,3.1,0.217,0.26,GEV,,121,13.3,15.0,,False
376,TRGP,"Targa Resources, Inc.",Energy,Oil & Gas Midstream,Cyclical,61.5,286.7,282.6,16.0,15.3,10.0,0.0,ok,-2.5,ok,3.54,,False,38.8,23.8,0.1,4.2,43.2,70.8,47.2,14.8,5.1,-0.191,0.201,AVGO,,121,15.3,13.0,,False
377,RSG,"Republic Services, Inc.",Industrials,Waste Management,Core,66.4,216.88,216.5,16.0,14.3,10.0,0.0,ok,-1.5,ok,2.7,,False,38.8,26.9,2.9,4.6,43.0,18.2,58.0,0.9,-12.4,-0.492,0.406,AVGO,,121,14.3,15.0,,False
378,NUE,Nucor Corporation,Basic Materials,Steel,Cyclical,56.8,250.33,255.18,14.0,14.8,10.0,0.0,ok,0.0,ok,0.78,,False,38.8,12.4,1.2,23.0,15.6,14.5,58.5,15.8,21.1,0.116,0.144,NVDA,,121,14.8,11.0,,False
379,D,"Dominion Energy, Inc.",Utilities,Utilities - Regulated Electric,Core,54.2,61.64,65.17,16.5,17.3,10.0,0.0,ok,-5.0,ok,6.43,,False,38.8,16.2,,17.6,46.2,8.3,40.8,-4.0,-17.5,-0.107,0.117,NVDA,,121,17.3,19.0,provider_suspect(freeCashflow),False
380,EMR,Emerson Electric Company,Industrials,Specialty Industrial Machinery,Core,90.6,161.83,155.78,18.5,10.7,10.0,0.0,ok,-0.5,ok,1.92,,False,38.7,22.3,4.1,7.0,53.2,12.8,70.0,11.7,-0.4,0.468,0.452,GEV,,121,10.7,15.0,,False
381,DHR,Danaher Corporation,Healthcare,Diagnostics & Research,Core,154.5,219.81,210.97,14.5,15.7,10.0,0.0,ok,-1.5,ok,2.93,,False,38.7,23.6,2.8,5.5,58.8,7.6,54.1,9.1,2.5,-0.152,0.219,AVGO,,121,15.7,16.0,,False
382,MO,"Altria Group, Inc.",Consumer Defensive,Tobacco,Core,119.7,71.68,68.12,19.0,10.2,10.0,0.0,ok,-0.5,ok,1.41,,False,38.7,12.2,7.5,1.2,87.0,,70.3,6.6,-7.1,-0.416,0.462,NVDA,,121,10.2,18.0,,False
383,AMT,American Tower Corporation (RE,Real Estate,REIT - Specialty,Core,84.9,182.24,173.13,19.5,14.2,10.0,0.0,ok,-5.0,ok,6.14,,False,38.7,26.0,3.4,4.7,73.8,33.9,59.7,3.6,-10.8,-0.305,0.352,AVGO,,121,14.2,17.0,,False
384,EA,Electronic Arts Inc.,Communication Services,Electronic Gaming & Multimedia,Core,52.9,209.7,205.27,18.0,10.7,10.0,0.0,ok,0.0,ok,-0.31,,False,38.7,21.7,3.2,18.9,79.9,16.5,80.9,3.4,-9.2,-0.185,0.184,GOOG,,79,10.7,15.0,,False
385,FAST,Fastenal Company,Industrials,Industrial Distribution,Core,58.2,50.75,50.14,17.0,11.6,10.0,0.0,ok,0.0,ok,0.12,,False,38.6,36.2,1.6,14.7,44.7,34.3,58.8,9.7,-9.7,-0.024,0.098,AVGO,,121,11.6,15.0,,False
386,PFE,"Pfizer, Inc.",Healthcare,Drug Manufacturers - General,Core,161.2,28.28,27.56,18.0,12.1,10.0,0.0,ok,-1.5,ok,2.04,,False,38.6,,7.7,2.6,74.7,5.0,57.7,7.9,-6.7,-0.167,0.228,GEV,,121,12.1,17.0,provider_suspect(forwardPE),False
387,YUM,"Yum! Brands, Inc.",Consumer Cyclical,Restaurants,Core,39.5,144.82,145.97,16.5,15.6,10.0,0.0,ok,-3.5,ok,4.15,,False,38.6,20.8,2.1,12.2,45.3,,65.4,-5.7,-23.9,-0.11,0.138,AVGO,,121,15.6,12.0,,False
388,VST,Vistra Corp.,Utilities,Utilities - Independent Power ,Core,54.2,161.48,153.41,15.0,16.1,10.0,0.0,ok,-2.5,ok,3.02,,False,38.6,15.5,0.1,-5.5,38.3,43.0,69.6,4.4,-7.7,0.419,0.432,GEV,,121,16.1,18.0,,False
389,BALL,Ball Corporation,Consumer Cyclical,Packaging & Containers,Core,15.6,58.46,61.1,15.0,16.1,10.0,0.0,ok,-2.5,ok,3.41,,False,38.6,12.9,,19.7,18.6,17.2,42.0,-2.7,-19.6,-0.136,0.223,AVGO,,121,16.1,11.0,provider_suspect(freeCashflow),False
390,J,Jacobs Solutions Inc.,Industrials,Engineering & Construction,Growth,16.4,139.15,143.29,11.5,18.6,10.0,0.0,ok,-1.5,ok,2.72,,False,38.6,16.8,3.9,,22.1,8.0,41.7,4.5,-0.2,0.021,0.107,BMNR,,121,18.6,14.0,provider_suspect(revenueGrowth),False
391,HSIC,"Henry Schein, Inc.",Healthcare,Medical Distribution,Speculative,9.6,84.01,87.54,14.5,16.4,10.0,0.0,ok,-2.5,ok,3.39,,False,38.4,14.0,4.7,6.7,31.3,8.9,45.5,4.5,-1.9,0.027,0.133,GOOG,,121,16.4,15.0,,False
392,PM,Philip Morris International In,Consumer Defensive,Tobacco,Core,313.6,201.19,191.13,17.5,12.3,10.0,0.0,ok,-1.5,ok,2.39,,False,38.3,21.9,3.1,10.4,67.5,,73.9,12.9,12.0,-0.193,0.263,NVDA,,121,12.3,18.0,,False
393,KEYS,Keysight Technologies Inc.,Technology,Scientific & Technical Instrum,Growth,65.2,382.75,363.61,20.5,9.8,10.0,-2.0,ok,0.0,ok,0.09,,False,38.3,27.5,2.9,36.5,63.3,20.9,82.9,25.3,5.1,0.621,0.607,GEV,,121,9.8,15.0,,False
394,LYB,LyondellBasell Industries NV,Basic Materials,Specialty Chemicals,Cyclical,19.4,60.03,62.23,15.0,15.7,10.0,0.0,ok,-2.5,ok,3.27,,False,38.2,9.7,,19.8,12.9,-2.3,48.9,-3.5,-32.0,-0.215,0.174,NVDA,,121,15.7,11.0,provider_suspect(freeCashflow),False
395,INTC,Intel Corporation,Technology,Semiconductors,Core,553.5,104.7,102.84,13.0,17.7,10.0,-2.0,ok,-0.5,ok,1.24,,False,38.2,50.3,0.9,25.4,38.9,-10.7,29.0,26.6,54.4,0.526,0.451,AVGO,,121,17.7,13.0,,False
396,MPC,Marathon Petroleum Corporation,Energy,Oil & Gas Refining & Marketing,Growth,132.8,455.03,432.28,18.0,10.6,10.0,0.0,ok,-0.5,ok,1.72,,False,38.1,8.8,7.0,,12.8,42.1,74.5,70.3,91.0,-0.125,0.211,NVDA,,121,10.6,12.0,provider_suspect(revenueGrowth),False
397,DPZ,Domino's Pizza Inc,Consumer Cyclical,Restaurants,Core,10.2,309.36,327.5,15.5,16.1,10.0,0.0,ok,-3.5,ok,4.84,,False,38.1,14.8,5.2,4.3,28.7,,67.8,-11.8,-28.9,-0.205,0.326,NVDA,,121,16.1,11.0,,False
398,TSCO,Tractor Supply Company,Consumer Cyclical,Specialty Retail,Core,17.6,33.7,33.62,14.5,16.1,10.0,0.0,ok,-2.5,ok,3.27,,False,38.1,16.5,0.6,2.3,36.5,39.5,59.2,-14.6,-38.6,-0.055,0.104,AVGO,,121,16.1,11.0,,False
399,LNT,Alliant Energy Corporation,Utilities,Utilities - Regulated Electric,Core,17.1,65.85,67.41,17.0,16.1,10.0,0.0,ok,-5.0,ok,6.61,,False,38.1,17.9,,1.0,44.5,11.1,55.7,-5.9,-22.7,-0.177,0.24,AVGO,,121,16.1,19.0,provider_suspect(freeCashflow),False
400,ECL,Ecolab Inc.,Basic Materials,Specialty Chemicals,Cyclical,79.0,281.83,279.23,15.0,14.5,10.0,0.0,ok,-1.5,ok,2.12,,False,38.0,29.9,1.9,9.7,44.2,22.0,65.6,2.9,-10.3,-0.074,0.163,NVDA,,121,14.5,12.0,,False
401,VZ,Verizon Communications Inc.,Communication Services,Telecom Services,Core,173.0,41.65,48.04,18.5,12.0,10.0,0.0,ok,-2.5,ok,3.76,,True,38.0,7.9,10.1,-0.7,59.5,15.8,18.0,-9.8,-23.0,-0.34,0.313,GEV,,121,17.4,16.0,,False
402,AEP,American Electric Power Compan,Utilities,Utilities - Regulated Electric,Core,66.9,122.81,122.93,17.0,14.5,10.0,0.0,ok,-3.5,ok,5.86,,False,38.0,17.9,,7.0,46.4,10.1,63.7,-3.0,-22.7,-0.159,0.187,AVGO,,121,14.5,19.0,provider_suspect(freeCashflow),False
403,SOUN,"SoundHound AI, Inc.",Technology,Software - Application,Growth,2.4,5.39,6.53,11.5,16.5,10.0,0.0,ok,0.0,neg_ebitda_low_debt,,,False,38.0,,-1.9,45.0,42.3,-32.2,34.3,-30.1,-31.1,0.43,0.48,BMNR,,121,16.5,16.0,,False
404,OKE,"ONEOK, Inc.",Energy,Oil & Gas Midstream,Growth,56.6,89.8,91.95,15.0,16.4,10.0,0.0,ok,-3.5,ok,4.28,,False,37.9,14.4,1.6,52.8,27.2,16.3,44.0,3.8,-8.0,-0.28,0.304,AVGO,,121,16.4,12.0,,False
405,MCHP,Microchip Technology Incorpora,Technology,Semiconductors,Growth,41.0,75.55,76.07,15.5,16.8,10.0,-2.0,ok,-2.5,ok,3.4,,False,37.8,,3.3,,60.2,7.2,52.1,-4.5,-7.9,0.586,0.506,AVGO,,121,16.8,15.0,provider_suspect(forwardPE);provider_suspect(revenueGrowth),False
406,XOM,ExxonMobil Holdings Corporatio,Energy,Oil & Gas Integrated,Growth,694.7,168.94,161.39,17.5,10.3,10.0,0.0,ok,0.0,ok,0.47,,False,37.8,14.8,3.0,44.1,29.8,12.6,81.4,13.0,-1.9,-0.411,0.302,GOOG,,121,10.3,12.0,,False
407,SBUX,Starbucks Corporation,Consumer Cyclical,Restaurants,Core,103.5,90.75,101.4,13.0,17.3,10.0,0.0,ok,-2.5,ok,3.34,,False,37.8,29.0,3.0,-1.4,22.3,,34.4,-7.8,-18.9,-0.05,0.125,NVDA,,121,17.3,11.0,,False
408,CAG,"ConAgra Brands, Inc.",Consumer Defensive,Packaged Foods,Speculative,6.4,13.49,14.99,13.0,18.3,10.0,0.0,ok,-3.5,ok,4.26,,False,37.8,8.8,,-1.4,23.8,-24.9,26.0,-11.8,-22.3,-0.316,0.337,GEV,,121,18.3,16.0,provider_suspect(freeCashflow),False
409,GLW,Corning Incorporated,Technology,Electronic Components,Core,134.7,156.68,154.84,14.5,15.8,10.0,-2.0,ok,-0.5,ok,1.68,,False,37.8,35.8,0.5,16.6,36.4,16.8,48.4,3.1,-21.9,0.577,0.583,GEV,,121,15.8,13.0,,False
410,WAT,Waters Corporation,Healthcare,Diagnostics & Research,Growth,42.6,433.77,415.34,16.0,14.3,10.0,0.0,ok,-2.5,ok,3.4,,False,37.8,,,113.4,56.3,1.9,56.3,18.9,22.1,0.136,0.185,AVGO,,121,14.3,16.0,provider_suspect(forwardPE);provider_suspect(freeCashflow),False
411,ABBV,AbbVie Inc.,Healthcare,Drug Manufacturers - General,Core,488.6,276.47,262.65,17.5,11.7,10.0,0.0,ok,-1.5,ok,2.09,,False,37.7,,3.5,10.2,72.8,,73.1,19.5,17.8,-0.423,0.448,AVGO,,121,11.7,17.0,provider_suspect(forwardPE),False
412,BAX,Baxter International Inc.,Healthcare,Medical Instruments & Supplies,Core,12.6,24.35,25.29,14.5,15.6,10.0,0.0,ok,-2.5,ok,3.99,,False,37.6,11.9,7.9,5.3,34.1,-14.4,67.7,16.3,28.5,-0.023,0.194,GOOG,,121,15.6,15.0,,False
413,CHTR,"Charter Communications, Inc.",Communication Services,Telecom Services,Core,13.4,109.67,138.11,19.0,12.0,10.0,0.0,ok,-3.5,ok,4.41,,True,37.5,,16.4,-1.7,55.2,27.2,18.0,-36.7,-64.3,-0.13,0.213,NVDA,,121,15.9,16.0,,False
414,KKR,KKR & Co. Inc.,Financial Services,Asset Management,Core,84.0,90.95,102.26,15.5,12.0,10.0,0.0,ok,0.0,financial_na,,,True,37.5,12.3,,7.8,54.8,7.3,19.4,-10.8,-13.5,0.319,0.325,BMNR,,121,18.9,15.0,,False
415,WYNN,"Wynn Resorts, Limited",Consumer Cyclical,Resorts & Casinos,Speculative,7.7,75.15,90.69,19.0,12.0,10.0,0.0,ok,-3.5,ok,5.66,,True,37.5,14.7,6.2,6.9,68.3,,23.9,-26.2,-41.0,0.066,0.115,GOOG,,121,16.0,13.0,,False
416,HRL,Hormel Foods Corporation,Consumer Defensive,Packaged Foods,Core,10.6,19.19,22.17,12.0,16.0,10.0,0.0,ok,-0.5,ok,1.57,,False,37.5,12.3,5.9,-2.4,15.7,4.3,25.5,-16.3,-20.2,-0.203,0.254,NVDA,,121,16.0,16.0,,False
417,MLM,"Martin Marietta Materials, Inc",Basic Materials,Building Materials,Cyclical,34.0,478.35,514.14,12.5,16.5,10.0,0.0,ok,-1.5,ok,2.93,,False,37.5,22.1,1.7,21.0,28.2,8.9,34.5,-18.4,-37.7,0.09,0.159,GOOG,,121,16.5,11.0,,False
418,BLDR,"Builders FirstSource, Inc.",Industrials,Building Products & Equipment,Speculative,5.7,52.85,64.37,14.5,16.5,10.0,0.0,ok,-3.5,ok,5.06,,False,37.5,,8.2,-8.8,29.2,2.5,30.5,-37.5,-51.5,0.219,0.253,NVDA,,121,16.5,14.0,provider_suspect(forwardPE),False
419,TT,Trane Technologies plc,Industrials,Building Products & Equipment,Core,104.9,476.98,455.17,19.5,9.9,10.0,-2.0,ok,0.0,ok,0.77,,False,37.4,27.1,3.0,10.6,35.4,36.6,79.0,6.2,-11.0,0.507,0.508,GEV,,121,9.9,14.0,,False
420,CARR,Carrier Global Corporation,Industrials,Building Products & Equipment,Core,46.1,55.56,58.76,14.0,15.9,10.0,0.0,ok,-2.5,ok,3.57,,False,37.4,16.8,,3.9,24.7,9.0,60.9,-9.7,-22.7,0.336,0.292,GEV,,121,15.9,14.0,provider_suspect(freeCashflow),False
421,LHX,"L3Harris Technologies, Inc.",Industrials,Aerospace & Defense,Core,44.1,236.97,259.75,13.0,15.9,10.0,0.0,ok,-1.5,ok,2.29,,False,37.4,17.5,3.6,8.4,25.5,9.3,28.5,-23.4,-46.4,-0.203,0.195,GEV,,121,15.9,14.0,,False
422,BA,Boeing Company (The),Industrials,Aerospace & Defense,Core,150.4,190.37,209.97,12.5,18.7,10.0,0.0,ok,-4.0,neg_ebitda_debt,,,False,37.2,47.7,,8.0,4.7,173.5,37.9,-13.6,-26.0,0.359,0.313,GOOG,,121,18.7,14.0,provider_suspect(freeCashflow),False
423,COR,"Cencora, Inc.",Healthcare,Medical Distribution,Core,61.8,323.85,317.95,14.5,14.2,10.0,0.0,ok,-1.5,ok,2.1,,False,37.2,16.4,3.3,5.1,4.0,96.9,57.5,2.1,-12.3,-0.301,0.293,NVDA,,121,14.2,15.0,,False
424,BWXT,"BWX Technologies, Inc.",Industrials,Aerospace & Defense,Core,13.2,142.22,154.38,14.5,16.1,10.0,-2.0,ok,-1.5,ok,2.96,,False,37.1,27.5,1.1,18.0,22.1,28.3,42.6,-24.8,-51.7,0.505,0.5,GEV,,121,16.1,14.0,,False
425,DTE,DTE Energy Company,Utilities,Utilities - Regulated Electric,Core,26.4,126.9,133.1,14.5,17.6,10.0,0.0,ok,-5.0,ok,7.69,,False,37.1,15.2,,-1.5,29.3,11.0,52.5,-9.7,-28.7,-0.134,0.173,AVGO,,121,17.6,18.0,provider_suspect(freeCashflow),False
426,DVN,Devon Energy Corporation,Energy,Oil & Gas E&P,Growth,53.1,48.26,47.24,14.5,13.1,10.0,0.0,ok,-0.5,ok,1.23,,False,37.1,8.8,1.5,,50.3,11.5,53.6,7.8,-12.5,-0.286,0.238,GOOG,,121,13.1,13.0,provider_suspect(revenueGrowth),False
427,ZBRA,Zebra Technologies Corporation,Technology,Communication Equipment,Core,18.4,387.18,367.82,18.0,10.5,10.0,0.0,ok,-1.5,ok,2.37,,False,37.0,17.4,3.1,20.4,49.6,15.3,79.4,43.4,60.9,0.251,0.301,AVGO,,121,10.5,14.0,,False
428,HPE,Hewlett Packard Enterprise Com,Technology,Communication Equipment,Growth,97.5,73.46,69.79,18.0,10.5,10.0,0.0,ok,-1.5,ok,2.05,,False,37.0,15.6,4.9,33.7,36.6,10.9,78.4,95.3,182.4,0.377,0.51,AVGO,,121,10.5,13.0,,False
429,HCA,"HCA Healthcare, Inc.",Healthcare,Medical Care Facilities,Core,100.1,451.09,428.54,15.5,14.0,10.0,0.0,ok,-2.5,ok,3.2,,False,37.0,14.1,3.7,8.7,42.6,,64.9,1.3,-22.4,-0.156,0.164,NVDA,,121,14.0,16.0,,False
430,AME,"AMETEK, Inc.",Industrials,Specialty Industrial Machinery,Core,57.0,248.58,244.77,17.0,12.0,10.0,-2.0,ok,0.0,ok,0.73,,False,37.0,26.1,2.6,15.0,36.9,14.6,63.3,7.5,-7.6,0.511,0.543,GEV,,121,12.0,14.0,,False
431,MDLZ,"Mondelez International, Inc.",Consumer Defensive,Confectioners,Core,77.5,60.41,61.67,16.0,15.5,10.0,-2.0,ok,-2.5,ok,3.35,,False,37.0,18.0,2.9,4.1,31.1,13.3,51.4,1.5,-11.0,-0.504,0.456,GEV,,121,15.5,16.0,,False
432,KLIC,"Kulicke and Soffa Industries, ",Technology,Semiconductor Equipment & Mate,Growth,4.8,92.01,88.39,13.5,15.4,10.0,-2.0,ok,0.0,ok,-2.49,,False,36.9,15.6,1.2,,52.6,13.2,62.2,9.5,5.3,0.542,0.496,GEV,,121,15.4,14.0,provider_suspect(revenueGrowth),False
433,CIEN,Ciena Corporation,Technology,Communication Equipment,Growth,63.8,449.77,427.28,17.0,9.9,10.0,0.0,ok,0.0,ok,0.64,,False,36.9,38.0,1.0,37.0,44.1,22.4,72.3,13.6,-22.8,0.494,0.547,AVGO,,121,9.9,14.0,,False
434,GIS,"General Mills, Inc.",Consumer Defensive,Packaged Foods,Core,17.3,32.29,36.72,13.5,15.8,10.0,0.0,ok,-2.5,ok,3.86,,False,36.8,10.2,7.5,-2.8,33.7,-10.5,29.7,-15.4,-22.7,-0.326,0.332,GEV,,121,15.8,16.0,,False
435,MAR,Marriott International,Consumer Cyclical,Lodging,Core,95.4,365.88,350.77,17.5,11.8,10.0,0.0,ok,-2.5,ok,3.6,,False,36.8,27.8,2.2,11.1,79.2,,72.0,4.4,-10.1,0.035,0.148,GOOG,,121,11.8,13.0,,False
436,MRVL,"Marvell Technology, Inc.",Technology,Semiconductors,Growth,247.4,275.28,261.52,15.5,13.3,10.0,-2.0,ok,0.0,ok,0.47,,False,36.8,37.8,1.0,36.5,52.2,16.5,62.5,61.0,100.8,0.581,0.525,AVGO,,121,13.3,14.0,,False
437,IR,Ingersoll Rand Inc.,Industrials,Specialty Industrial Machinery,Core,30.6,78.75,78.88,14.5,12.8,10.0,0.0,ok,-0.5,ok,1.85,,False,36.8,20.1,3.6,8.5,42.8,9.5,72.8,-3.4,-22.9,0.202,0.214,GEV,,121,12.8,15.0,,False
438,WMT,Walmart Inc.,Consumer Defensive,Discount Stores,Core,883.4,111.35,108.58,12.0,15.3,10.0,0.0,ok,-0.5,ok,1.44,,False,36.8,34.5,0.8,5.9,24.8,22.3,60.1,-5.6,-25.4,-0.184,0.183,AVGO,,121,15.3,16.0,,False
439,TSLA,"Tesla, Inc.",Consumer Cyclical,Auto Manufacturers,Core,1511.5,382.7,363.57,11.0,17.7,10.0,-2.0,ok,0.0,ok,-2.55,,False,36.7,,0.3,25.5,18.9,4.7,55.0,-2.2,-3.8,0.523,0.481,BMNR,,121,17.7,11.0,,False
440,TER,"Teradyne, Inc.",Technology,Semiconductor Equipment & Mate,Growth,63.0,402.68,382.6,17.0,11.6,10.0,-2.0,ok,0.0,ok,-0.17,,False,36.6,34.6,0.7,,59.2,36.5,57.1,18.5,-4.0,0.643,0.616,GEV,,121,11.6,14.0,provider_suspect(revenueGrowth),False
441,CLX,Clorox Company (The),Consumer Defensive,Household & Personal Products,Core,10.1,83.8,94.31,15.0,15.1,10.0,0.0,ok,-3.5,ok,4.79,,False,36.6,13.4,1.1,-2.0,42.3,163.8,47.2,-16.5,-32.8,-0.052,0.304,GOOG,,121,15.1,17.0,,False
442,TSN,"Tyson Foods, Inc.",Consumer Defensive,Farm Products,Core,18.8,53.43,54.64,12.0,16.1,10.0,0.0,ok,-1.5,ok,2.62,,False,36.6,13.1,6.3,-0.1,6.6,3.3,62.7,-10.6,-32.0,-0.148,0.258,NVDA,,121,16.1,16.0,,False
443,OMC,Omnicom Group Inc.,Communication Services,Advertising Agencies,Growth,21.8,76.48,81.15,11.5,16.6,10.0,0.0,ok,-1.5,ok,2.2,,False,36.6,,,,19.0,6.1,54.5,-1.9,-11.1,-0.128,0.213,GEV,,121,16.6,13.0,provider_suspect(forwardPE);provider_suspect(freeCashflow);provider_suspect(revenueGrowth),False
444,KDP,Keurig Dr Pepper Inc.,Consumer Defensive,Beverages - Non-Alcoholic,Growth,43.2,31.76,31.24,17.0,14.5,10.0,0.0,ok,-5.0,ok,6.66,,False,36.5,12.6,10.7,,51.0,5.1,58.8,8.1,6.1,-0.19,0.21,NVDA,,121,14.5,17.0,provider_suspect(revenueGrowth),False
445,CPT,Camden Property Trust,Real Estate,REIT - Residential,Speculative,9.8,97.58,104.28,11.0,19.0,10.0,0.0,ok,-3.5,ok,5.4,,False,36.5,89.5,1.4,-0.8,61.6,7.9,44.5,-8.2,-17.7,-0.335,0.404,AVGO,,121,19.0,17.0,,False
446,ED,"Consolidated Edison, Inc.",Utilities,Utilities - Regulated Electric,Core,39.2,106.1,106.46,16.5,13.5,10.0,0.0,ok,-3.5,ok,4.36,,False,36.5,16.3,,13.2,53.4,9.0,62.8,-1.2,-19.2,-0.354,0.357,AVGO,,121,13.5,19.0,provider_suspect(freeCashflow),False
447,DELL,Dell Technologies Inc.,Technology,Computer Hardware,Growth,372.6,586.06,556.76,14.5,12.5,10.0,0.0,ok,-0.5,ok,1.34,,False,36.5,20.1,1.6,57.7,19.9,,55.1,95.6,210.5,0.311,0.382,AVGO,,121,12.5,13.0,,False
448,APTV,Aptiv PLC,Consumer Cyclical,Auto Parts,Speculative,9.3,44.21,46.83,11.5,15.4,10.0,0.0,ok,-0.5,ok,1.52,,False,36.4,,,2.3,19.3,5.2,53.3,-29.6,-39.9,0.165,0.213,AVGO,,121,15.4,11.0,provider_suspect(forwardPE);provider_suspect(freeCashflow),False
449,WMB,"Williams Companies, Inc. (The)",Energy,Oil & Gas Midstream,Cyclical,88.9,72.67,72.14,15.0,14.9,10.0,0.0,ok,-3.5,ok,4.35,,False,36.4,27.5,-1.7,7.8,63.6,21.5,54.9,1.9,-13.5,-0.032,0.141,BMNR,,121,14.9,14.0,,False
450,ETN,"Eaton Corporation, PLC",Industrials,Specialty Industrial Machinery,Core,166.8,429.65,425.67,15.5,14.1,13.3,-4.0,ok,-2.5,ok,3.11,,False,36.4,26.4,1.9,21.4,36.0,19.7,46.2,10.0,-6.5,0.693,0.668,GEV,,121,14.1,19.0,,False
451,ADM,Archer-Daniels-Midland Company,Consumer Defensive,Farm Products,Core,38.5,79.89,81.66,11.5,16.4,10.0,0.0,ok,-1.5,ok,2.75,,False,36.4,14.0,3.0,7.2,6.9,7.6,35.3,6.9,1.1,-0.181,0.197,BMNR,,121,16.4,16.0,,False
452,AWK,"American Water Works Company, ",Utilities,Utilities - Regulated Water,Core,25.6,128.18,135.14,13.0,16.9,10.0,0.0,ok,-3.5,ok,5.44,,False,36.4,19.6,-7.0,6.2,61.5,10.1,26.2,-2.3,-20.7,-0.434,0.349,AVGO,,121,16.9,20.0,,False
453,SO,Southern Company (The),Utilities,Utilities - Regulated Electric,Core,99.1,86.17,88.39,12.5,17.3,10.0,0.0,ok,-3.5,ok,5.2,,False,36.3,17.5,-3.9,0.1,48.3,11.5,54.4,-6.0,-24.0,-0.24,0.266,AVGO,,121,17.3,19.0,,False
454,WELL,Welltower Inc.,Real Estate,REIT - Healthcare Facilities,Growth,162.5,225.47,233.64,14.0,15.8,10.0,0.0,ok,-3.5,ok,5.32,,False,36.3,70.9,1.7,39.1,39.6,3.8,38.4,5.2,-4.5,-0.312,0.418,AVGO,,121,15.8,15.0,,False
455,SBAC,SBA Communications Corporation,Real Estate,REIT - Specialty,Core,19.4,182.49,179.19,16.5,14.6,10.0,0.0,ok,-5.0,ok,8.12,,False,36.1,22.3,3.9,2.3,74.2,,57.1,-4.2,-31.9,-0.226,0.277,GEV,,121,14.6,17.0,,False
456,CAH,"Cardinal Health, Inc.",Healthcare,Medical Distribution,Core,55.0,238.96,232.93,14.0,12.6,10.0,0.0,ok,-0.5,ok,1.21,,False,36.1,16.9,8.6,5.8,3.8,,68.7,9.4,-2.7,-0.237,0.382,AVGO,,121,12.6,15.0,,False
457,HUM,Humana Inc.,Healthcare,Healthcare Plans,Core,51.9,431.87,410.28,13.5,12.5,10.0,0.0,ok,0.0,ok,-2.54,,False,36.0,26.0,3.7,26.2,13.7,6.9,69.4,46.0,111.3,0.009,0.185,NVDA,,121,12.5,15.0,,False
458,FIX,"Comfort Systems USA, Inc.",Industrials,Engineering & Construction,Growth,60.4,1715.69,1664.75,17.0,13.0,10.0,-4.0,ok,0.0,ok,-0.77,,False,36.0,28.5,3.1,,25.7,55.3,61.1,9.1,-5.7,0.664,0.702,GEV,,121,13.0,14.0,provider_suspect(revenueGrowth),False
459,STLD,"Steel Dynamics, Inc.",Basic Materials,Steel,Growth,34.2,238.38,241.61,10.5,15.8,10.0,0.0,ok,-0.5,ok,1.43,,False,35.8,11.7,0.7,,14.7,17.6,58.5,9.4,11.7,0.115,0.138,AVGO,,121,15.8,11.0,provider_suspect(revenueGrowth),False
460,VICI,VICI Properties Inc.,Real Estate,REIT - Diversified,Core,25.2,22.88,25.08,13.0,16.3,10.0,0.0,ok,-3.5,ok,4.82,,False,35.8,7.7,1.1,5.7,99.3,9.8,34.4,-15.9,-31.9,-0.349,0.363,GEV,,121,16.3,17.0,,False
461,RVTY,"Revvity, Inc.",Healthcare,Diagnostics & Research,Core,17.2,154.18,146.47,14.5,12.7,10.0,0.0,ok,-1.5,ok,2.65,,False,35.7,26.2,3.5,1.3,55.0,3.2,66.3,43.4,58.4,0.133,0.145,NVDA,,121,12.7,16.0,,False
462,PLAB,"Photronics, Inc.",Technology,Semiconductor Equipment & Mate,Speculative,1.7,29.62,30.27,13.5,14.2,10.0,-2.0,ok,0.0,ok,-2.44,,False,35.7,14.3,1.7,2.7,33.7,13.8,52.4,-17.3,-47.5,0.526,0.516,GEV,,121,14.2,13.0,,False
463,HUBB,Hubbell Inc,Industrials,Electrical Equipment & Parts,Core,25.1,474.11,472.0,16.0,12.2,10.0,0.0,ok,-2.5,ok,3.41,,False,35.7,20.6,2.0,15.3,35.3,24.4,70.9,-2.8,-23.5,0.389,0.53,GEV,,119,12.2,14.0,,False
464,COST,Costco Wholesale Corporation,Consumer Defensive,Discount Stores,Core,419.6,946.92,932.41,13.0,12.5,10.0,0.0,ok,0.0,ok,-0.78,,False,35.5,37.9,1.6,11.1,12.8,28.4,75.4,-1.6,-18.5,-0.304,0.306,AVGO,,121,12.5,16.0,,False
465,DDOG,"Datadog, Inc.",Technology,Software - Application,Growth,105.3,293.26,278.6,15.0,10.5,10.0,0.0,ok,0.0,ok,-44.73,,False,35.5,,1.0,35.6,79.5,4.7,92.0,56.6,155.7,0.024,0.149,NVDA,,121,10.5,17.0,provider_suspect(forwardPE),False
466,MTD,"Mettler-Toledo International, ",Healthcare,Diagnostics & Research,Core,31.1,1549.99,1472.49,16.5,9.5,10.0,0.0,ok,-0.5,ok,1.64,,False,35.5,29.9,2.2,4.5,60.3,,70.8,17.2,3.5,0.064,0.11,GOOG,,121,9.5,17.0,,False
467,MGM,MGM Resorts International,Consumer Cyclical,Resorts & Casinos,Speculative,7.4,29.27,39.51,18.5,12.0,10.0,0.0,ok,-5.0,ok,12.25,,True,35.5,14.8,11.9,1.0,44.2,18.9,5.3,-26.0,-35.0,-0.002,0.143,GEV,,121,16.0,12.0,,False
468,SW,Smurfit WestRock plc,Consumer Cyclical,Packaging & Containers,Core,21.7,41.29,46.16,10.0,17.0,10.0,0.0,ok,-1.5,ok,2.95,,False,35.5,,,1.1,18.2,2.7,32.1,-4.0,-14.3,0.137,0.169,NVDA,,121,17.0,11.0,provider_suspect(forwardPE);provider_suspect(freeCashflow),False
469,LEN,Lennar Corporation,Consumer Cyclical,Residential Construction,Core,18.2,76.69,82.93,11.5,15.3,10.0,0.0,ok,-1.5,ok,2.48,,False,35.3,14.6,,-8.7,16.0,6.0,47.2,-17.8,-26.8,0.163,0.143,GOOG,,121,15.3,11.0,provider_suspect(freeCashflow),False
470,MCK,McKesson Corporation,Healthcare,Medical Distribution,Core,109.5,938.84,891.9,12.5,12.8,10.0,0.0,ok,0.0,ok,0.94,,False,35.3,18.6,,7.7,3.6,,65.7,10.5,-5.0,-0.416,0.373,AVGO,,121,12.8,15.0,provider_suspect(freeCashflow),False
471,NRG,"NRG Energy, Inc.",Utilities,Utilities - Independent Power ,Core,22.7,107.97,111.83,17.0,13.3,10.0,0.0,ok,-5.0,ok,7.16,,False,35.3,9.6,3.4,11.0,18.8,23.8,57.0,-22.6,-47.4,0.309,0.383,GEV,,121,13.3,18.0,,False
472,HII,"Huntington Ingalls Industries,",Industrials,Aerospace & Defense,Core,10.4,264.8,292.0,10.5,16.3,10.0,0.0,ok,-1.5,ok,2.5,,False,35.3,12.6,-2.9,10.9,12.4,13.0,39.6,-22.7,-46.3,0.109,0.12,GEV,,121,16.3,14.0,,False
473,ATO,Atmos Energy Corporation,Utilities,Utilities - Regulated Gas,Core,27.3,161.66,165.17,11.5,16.2,10.0,0.0,ok,-2.5,ok,3.74,,False,35.2,17.9,-8.1,4.8,62.2,9.8,65.0,-7.1,-28.5,-0.231,0.264,AVGO,,121,16.2,20.0,,False
474,CRWD,"CrowdStrike Holdings, Inc.",Technology,Software - Infrastructure,Core,281.6,275.04,261.29,14.0,11.2,10.0,0.0,ok,0.0,ok,-39.24,,False,35.2,,0.7,25.8,75.2,1.5,74.1,-31.7,-43.8,0.199,0.234,NVDA,,121,11.2,17.0,,False
475,BXP,"BXP, Inc.",Real Estate,REIT - Office,Core,10.7,59.05,65.81,18.0,12.0,10.0,0.0,ok,-5.0,ok,9.81,,True,35.0,28.3,8.2,3.7,56.5,5.3,21.7,-5.3,-2.0,0.026,0.182,GOOG,,121,19.3,16.0,,False
476,COHU,"Cohu, Inc.",Technology,Semiconductor Equipment & Mate,Growth,3.2,68.19,64.78,14.0,13.0,10.0,-2.0,ok,0.0,ok,-13.22,,False,35.0,36.9,2.1,38.4,44.0,-4.8,66.9,52.1,69.2,0.616,0.586,GEV,,121,13.0,14.0,,False
477,DUK,Duke Energy Corporation (Holdi,Utilities,Utilities - Regulated Electric,Core,91.0,116.65,119.7,11.0,17.4,10.0,0.0,ok,-3.5,ok,5.51,,False,34.9,16.3,-4.9,1.1,52.0,9.9,49.5,-5.4,-24.2,-0.305,0.297,AVGO,,121,17.4,19.0,,False
478,IRM,Iron Mountain Incorporated (De,Real Estate,REIT - Specialty,Core,34.1,114.51,118.12,13.0,16.9,10.0,0.0,ok,-5.0,ok,7.74,,False,34.9,42.0,-1.3,18.5,54.2,,44.6,1.6,-8.7,0.359,0.285,GEV,,121,16.9,16.0,,False
479,FE,FirstEnergy Corp.,Utilities,Utilities - Regulated Electric,Core,26.0,45.0,45.92,11.5,16.8,10.0,0.0,ok,-3.5,ok,5.33,,False,34.8,15.3,-7.7,8.8,68.6,9.5,50.3,-4.5,-25.0,-0.256,0.309,AVGO,,121,16.8,20.0,,False
480,CCI,Crown Castle Inc.,Real Estate,REIT - Specialty,Core,33.9,79.64,75.66,15.5,14.3,10.0,0.0,ok,-5.0,ok,8.31,,False,34.8,27.5,3.1,-4.9,73.7,,65.1,-3.3,-21.1,-0.278,0.322,AVGO,,121,14.3,17.0,,False
481,GM,General Motors Company,Consumer Cyclical,Auto Manufacturers,Core,72.6,82.73,84.88,14.0,15.8,10.0,0.0,ok,-5.0,ok,6.32,,False,34.8,,,1.9,10.2,3.2,47.2,2.6,-5.2,0.203,0.304,BMNR,,121,15.8,11.0,fcf_yield_out_of_range(30.2);provider_suspect(forwardPE),False
482,AEE,Ameren Corporation,Utilities,Utilities - Regulated Electric,Core,28.3,102.19,105.32,11.0,17.2,10.0,0.0,ok,-3.5,ok,5.57,,False,34.7,17.6,-6.3,-6.2,52.4,11.9,49.8,-5.1,-24.0,-0.256,0.266,AVGO,,119,17.2,19.0,,False
483,JCI,Johnson Controls International,Industrials,Building Products & Equipment,Core,95.4,157.44,149.57,16.0,10.2,10.0,0.0,ok,-1.5,ok,2.04,,False,34.7,25.8,3.1,9.3,36.7,14.3,71.8,13.8,-3.0,0.493,0.534,GEV,,121,10.2,14.0,,False
484,RGTI,"Rigetti Computing, Inc.",Technology,Computer Hardware,Growth,4.7,14.03,16.11,10.0,16.6,10.0,-2.0,ok,0.0,neg_ebitda_low_debt,,,False,34.6,,,,,-43.8,31.1,-22.9,-15.4,0.523,0.468,BMNR,,121,16.6,13.0,provider_suspect(freeCashflow);provider_suspect(revenueGrowth),False
485,ECHO,EchoStar Corporation,Communication Services,Telecom Services,Core,27.6,94.84,90.59,13.0,16.6,10.0,0.0,ok,-5.0,ok,8.59,,False,34.6,4.2,,-4.0,29.5,-33.4,49.1,-12.6,-37.9,0.338,0.371,NVDA,,121,16.6,15.0,provider_suspect(freeCashflow),False
486,NI,NiSource Inc,Utilities,Utilities - Regulated Gas,Core,19.5,40.76,41.24,10.5,17.6,10.0,0.0,ok,-3.5,ok,5.74,,False,34.6,18.1,-9.1,4.6,51.0,8.5,52.5,-8.7,-28.1,-0.073,0.143,AVGO,,121,17.6,19.0,,False
487,LIN,Linde plc,Basic Materials,Specialty Chemicals,Cyclical,223.0,483.73,478.83,13.5,11.5,10.0,0.0,ok,-0.5,ok,1.67,,False,34.5,24.7,1.9,9.3,48.3,18.4,73.3,-0.7,-17.3,-0.123,0.156,GOOG,,121,11.5,12.0,,False
488,PANW,"Palo Alto Networks, Inc.",Technology,Software - Infrastructure,Growth,342.6,418.78,397.84,14.0,10.5,10.0,0.0,ok,0.0,ok,-0.32,,False,34.5,,1.2,34.5,70.4,1.7,73.3,64.8,137.3,0.268,0.296,NVDA,,121,10.5,17.0,provider_suspect(forwardPE),False
489,PEG,Public Service Enterprise Grou,Utilities,Utilities - Regulated Electric,Core,36.0,72.28,72.5,12.5,15.5,10.0,0.0,ok,-3.5,ok,5.49,,False,34.5,15.5,0.3,-8.9,33.3,11.8,65.3,-7.9,-26.5,-0.074,0.107,NVDA,,121,15.5,18.0,,False
490,FCX,"Freeport-McMoRan, Inc.",Basic Materials,Copper,Cyclical,105.8,73.69,71.41,15.0,11.1,10.0,-2.0,ok,0.0,ok,0.66,,False,34.1,17.1,2.0,-7.3,38.3,14.8,55.1,15.1,-4.5,0.528,0.436,AVGO,,121,11.1,11.0,,False
491,KMI,"Kinder Morgan, Inc.",Energy,Oil & Gas Midstream,Cyclical,72.3,32.49,31.5,14.5,13.0,10.0,0.0,ok,-3.5,ok,4.23,,False,34.0,21.0,1.5,10.8,49.4,11.0,58.0,3.4,-13.1,-0.175,0.198,BMNR,,121,13.0,13.0,,False
492,DE,Deere & Company,Industrials,Farm & Heavy Construction Mach,Core,167.4,620.93,651.33,14.5,14.5,10.0,0.0,ok,-5.0,ok,6.7,,False,34.0,27.3,2.7,4.9,25.2,18.2,29.3,5.1,-10.8,0.121,0.135,AVGO,,121,14.5,14.0,,False
493,QBTS,D-Wave Quantum Inc.,Technology,Computer Hardware,Speculative,5.5,14.57,17.93,7.0,17.0,10.0,0.0,ok,0.0,neg_ebitda_low_debt,,,False,34.0,,-1.3,-0.6,,-28.0,26.2,-29.4,-8.4,0.489,0.476,BMNR,,121,17.0,15.0,,False
494,NBIS,Nebius Group N.V.,Communication Services,Internet Content & Information,Growth,56.1,221.07,221.66,13.5,15.5,10.0,0.0,ok,-5.0,ok,8.35,,False,34.0,,-17.1,454.0,74.3,0.6,48.8,30.0,48.7,0.463,0.41,NVDA,,121,15.5,15.0,,False
495,IP,International Paper Company,Consumer Cyclical,Packaging & Containers,Core,17.0,32.12,37.36,13.5,12.0,10.0,0.0,ok,-1.5,ok,2.33,,True,34.0,10.6,9.7,-2.2,29.6,-16.5,19.1,-15.0,-25.4,0.028,0.138,NVDA,,121,18.3,11.0,,False
496,ONTO,Onto Innovation Inc.,Technology,Semiconductor Equipment & Mate,Growth,14.5,294.53,285.83,12.0,13.5,10.0,-2.0,ok,0.0,ok,-1.33,,False,33.5,,1.4,,55.5,6.8,64.2,15.0,5.8,0.641,0.599,GEV,,121,13.5,14.0,provider_suspect(forwardPE);provider_suspect(revenueGrowth),False
497,AEHR,Aehr Test Systems,Technology,Semiconductor Equipment & Mate,Growth,2.8,84.64,97.66,8.5,16.9,10.0,-2.0,ok,0.0,neg_ebitda_low_debt,,,False,33.4,61.2,-0.1,,35.3,-4.2,38.5,19.2,6.7,0.541,0.48,GEV,,121,16.9,13.0,provider_suspect(revenueGrowth),False
498,APD,"Air Products and Chemicals, In",Basic Materials,Specialty Chemicals,Cyclical,62.6,281.26,294.35,11.0,14.9,10.0,0.0,ok,-2.5,ok,3.71,,False,33.4,19.5,-2.4,4.6,32.1,0.0,52.4,-1.6,-19.3,-0.015,0.11,GEV,,121,14.9,11.0,,False
499,EXC,Exelon Corporation,Utilities,Utilities - Regulated Electric,Core,43.0,41.76,43.39,10.5,17.7,10.0,0.0,ok,-5.0,ok,6.09,,False,33.2,13.7,-6.2,9.9,42.4,9.7,47.4,-8.2,-27.5,-0.312,0.267,AVGO,,121,17.7,19.0,,False
500,PWR,"Quanta Services, Inc.",Industrials,Engineering & Construction,Growth,106.1,705.94,670.64,13.5,13.1,10.0,-2.0,ok,-1.5,ok,2.0,,False,33.1,35.7,1.8,41.1,15.5,15.3,68.1,15.5,7.2,0.591,0.604,GEV,,121,13.1,14.0,,False
501,DOW,Dow Inc.,Basic Materials,Chemicals,Cyclical,20.5,28.42,29.76,9.0,16.6,10.0,0.0,ok,-2.5,ok,3.84,,False,33.1,16.5,1.2,19.7,9.8,-5.5,46.8,-11.2,-38.7,-0.212,0.169,NVDA,,121,16.6,11.0,,False
502,COHR,Coherent Corp.,Technology,Scientific & Technical Instrum,Growth,61.2,312.62,302.97,11.5,14.0,10.0,-2.0,ok,-0.5,ok,1.1,,False,33.0,,-1.1,33.7,37.5,8.0,47.3,7.0,-11.8,0.56,0.523,GEV,,121,14.0,13.0,provider_suspect(forwardPE),False
503,AI,"C3.ai, Inc.",Technology,Software - Infrastructure,Speculative,1.9,11.53,10.95,6.0,16.9,10.0,0.0,ok,0.0,neg_ebitda_low_debt,,,False,32.9,,0.9,-25.5,29.1,-59.8,72.9,12.8,20.9,0.261,0.42,BMNR,,121,16.9,15.0,,False
504,BG,Bunge Limited,Consumer Defensive,Farm Products,Growth,19.7,102.73,112.65,9.5,16.8,10.0,0.0,ok,-3.5,ok,5.21,,False,32.8,9.1,-32.8,88.3,4.9,7.2,24.0,-11.6,-30.5,-0.183,0.177,BMNR,,121,16.8,16.0,,False
505,CRWV,"CoreWeave, Inc.",Technology,Software - Infrastructure,Growth,45.3,82.08,87.51,12.5,17.2,10.0,-2.0,ok,-5.0,ok,12.16,,False,32.7,,-20.1,112.5,67.4,-43.6,51.2,-11.3,-24.2,0.507,0.413,GEV,,121,17.2,17.0,,False
506,ETR,Entergy Corporation,Utilities,Utilities - Regulated Electric,Core,49.1,102.8,104.72,12.0,14.2,10.0,0.0,ok,-3.5,ok,5.56,,False,32.7,20.1,-9.0,5.9,47.0,10.2,55.2,-3.1,-24.7,-0.012,0.107,NVDA,,121,14.2,19.0,,False
507,IFF,International Flavors & Fragra,Basic Materials,Specialty Chemicals,Cyclical,21.6,84.55,84.43,10.5,13.6,10.0,0.0,ok,-1.5,ok,2.99,,False,32.6,,,1.8,36.6,-5.5,55.8,10.4,3.2,0.137,0.226,GOOG,,121,13.6,11.0,provider_suspect(forwardPE);provider_suspect(freeCashflow),False
508,OKLO,Oklo Inc.,Utilities,Utilities - Independent Power ,Speculative,6.5,34.7,40.29,8.0,16.5,10.0,-2.0,ok,0.0,neg_ebitda_low_debt,,,False,32.5,,-3.7,,,-7.7,34.1,-41.0,-40.8,0.632,0.48,AVGO,,121,16.5,19.0,,False
509,CNP,"CenterPoint Energy, Inc (Holdi",Utilities,Utilities - Regulated Electric,Core,25.4,38.6,39.23,11.5,15.8,10.0,0.0,ok,-5.0,ok,6.28,,False,32.3,18.5,-20.4,10.7,47.0,9.8,57.6,-6.6,-24.5,-0.194,0.236,AVGO,,121,15.8,19.0,,False
510,UCTT,"Ultra Clean Holdings, Inc.",Technology,Semiconductor Equipment & Mate,Speculative,3.1,68.59,76.17,9.0,17.6,10.0,-2.0,ok,-2.5,ok,3.74,,False,32.1,11.0,-2.7,24.3,15.8,-1.6,41.6,-5.6,-23.0,0.586,0.549,GEV,,121,17.6,13.0,,False
511,PPL,PPL Corporation,Utilities,Utilities - Regulated Electric,Core,25.8,34.25,34.26,10.5,15.0,10.0,0.0,ok,-3.5,ok,5.33,,False,32.0,16.2,-7.5,4.2,44.1,8.6,66.6,-4.9,-27.1,-0.226,0.254,AVGO,,121,15.0,19.0,,False
512,SRE,DBA Sempra,Utilities,Utilities - Diversified,Core,53.2,81.34,82.98,9.5,17.5,10.0,0.0,ok,-5.0,ok,6.23,,False,32.0,14.7,-52.0,-0.1,44.0,6.7,54.1,-9.3,-31.1,-0.09,0.174,NVDA,,121,17.5,19.0,,False
513,WBD,"Warner Bros. Discovery, Inc. -",Communication Services,Entertainment,Core,77.6,30.95,29.4,14.0,10.4,10.0,0.0,ok,-2.5,ok,3.67,,False,31.9,,20.8,-11.2,47.8,-8.8,85.8,11.7,-0.4,0.077,0.202,NVDA,,120,10.4,14.0,,False
514,HLT,Hilton Worldwide Holdings Inc.,Consumer Cyclical,Lodging,Core,73.5,326.56,317.65,14.0,11.4,10.0,0.0,ok,-3.5,ok,4.21,,False,31.9,31.2,1.9,2.5,79.0,,72.8,3.1,-12.2,0.13,0.234,GOOG,,121,11.4,13.0,,False
515,CRL,Charles River Laboratories Int,Healthcare,Diagnostics & Research,Core,14.4,301.79,286.7,11.0,12.8,10.0,0.0,ok,-2.5,ok,3.35,,False,31.3,23.6,3.3,-2.7,34.6,-7.5,63.3,42.2,58.4,0.12,0.168,BMNR,,121,12.8,15.0,,False
516,NCLH,Norwegian Cruise Line Holdings,Consumer Cyclical,Travel Services,Speculative,7.1,15.57,16.49,14.5,11.3,10.0,0.0,ok,-5.0,ok,6.08,,False,30.8,9.6,-23.5,4.9,42.5,36.7,73.9,-19.5,-35.4,0.187,0.364,GOOG,,121,11.3,14.0,,False
517,EVRG,"Evergy, Inc.",Utilities,Utilities - Regulated Electric,Core,18.7,80.96,81.21,10.5,13.7,10.0,0.0,ok,-3.5,ok,5.8,,False,30.7,17.8,-7.7,4.4,52.7,9.3,64.1,-0.1,-16.6,-0.218,0.284,AVGO,,121,13.7,19.0,,False
518,CMS,CMS Energy Corporation,Utilities,Utilities - Regulated Electric,Core,20.2,65.49,67.63,9.5,16.1,10.0,0.0,ok,-5.0,ok,6.32,,False,30.6,15.8,-10.9,-0.5,40.3,9.2,56.5,-9.5,-30.3,-0.279,0.293,AVGO,,121,16.1,19.0,,False
519,MRNA,"Moderna, Inc.",Healthcare,Biotechnology,Core,89.8,225.0,213.75,10.0,10.5,10.0,0.0,ok,0.0,neg_ebitda_low_debt,,,False,30.5,,,2.1,,-39.0,80.2,215.5,325.3,0.046,0.251,BMNR,,121,10.5,15.0,provider_suspect(freeCashflow),False
520,PCG,Pacific Gas & Electric Co.,Utilities,Utilities - Regulated Electric,Core,39.4,13.13,15.05,10.5,14.7,10.0,0.0,ok,-5.0,ok,6.1,,False,30.2,7.3,-15.6,0.1,39.8,9.3,53.6,-20.2,-42.6,-0.056,0.095,NVDA,,121,14.7,18.0,,False
521,LITE,Lumentum Holdings Inc.,Technology,Communication Equipment,Growth,99.9,1103.35,1048.19,11.0,9.0,10.0,0.0,ok,0.0,ok,-1.33,,False,30.0,31.0,0.2,,44.2,-240.0,71.9,45.6,10.0,0.478,0.48,GEV,,121,9.0,14.0,provider_suspect(revenueGrowth),False
522,XEL,Xcel Energy Inc.,Utilities,Utilities - Regulated Electric,Core,46.1,73.78,75.14,9.5,15.4,10.0,0.0,ok,-5.0,ok,6.47,,False,29.9,16.3,-17.2,-5.1,46.8,9.9,61.0,-5.3,-23.9,-0.103,0.186,NVDA,,121,15.4,19.0,,False
523,APLD,Applied Digital Corporation,Technology,Information Technology Service,Growth,7.2,23.68,27.01,9.5,15.5,10.0,-2.0,ok,-4.0,neg_ebitda_debt,,,False,29.0,,,432.4,21.6,-13.6,26.8,-26.3,-20.8,0.581,0.447,GEV,,121,15.5,15.0,fcf_yield_out_of_range(-60.5),False
524,WY,Weyerhaeuser Company,Real Estate,REIT - Specialty,Core,13.8,19.1,22.56,8.0,15.6,10.0,0.0,ok,-5.0,ok,7.15,,False,28.6,29.9,0.1,-0.9,14.5,5.0,28.4,-20.4,-35.9,-0.035,0.151,GOOG,,121,15.6,15.0,,False
525,AES,The AES Corporation,Utilities,Utilities - Diversified,Core,10.7,14.93,14.79,10.0,13.4,10.0,0.0,ok,-5.0,ok,7.64,,False,28.4,6.3,-29.0,19.9,20.3,9.6,75.0,2.2,-8.6,0.124,0.203,AVGO,,121,13.4,18.0,,False
526,F,Ford Motor Company,Consumer Cyclical,Auto Manufacturers,Core,48.5,12.17,13.54,4.5,18.8,10.0,0.0,ok,-5.0,ok,18.47,,False,28.3,6.2,-16.4,-3.8,7.1,-18.3,27.9,-8.9,-11.8,0.162,0.199,NVDA,,121,18.8,11.0,,False
527,BBAI,"BigBear.ai, Inc.",Technology,Information Technology Service,Speculative,1.1,2.39,2.93,7.5,12.0,10.0,-2.0,ok,0.0,neg_ebitda_low_debt,,,True,27.5,,-18.2,13.2,27.9,-16.6,24.1,-39.0,-40.8,0.527,0.54,BMNR,,121,16.0,15.0,,False
528,IREN,IREN LIMITED,Financial Services,Capital Markets,Core,13.9,35.19,41.37,7.5,12.0,10.0,-2.0,ok,0.0,financial_na,,,True,27.5,,-30.4,-26.7,68.9,-23.4,17.1,-22.8,-18.5,0.629,0.51,AVGO,,121,15.4,16.0,,False
529,PNW,Pinnacle West Capital Corporat,Utilities,Utilities - Regulated Electric,Core,12.0,98.92,97.39,10.5,11.6,10.0,0.0,ok,-5.0,ok,7.68,,False,27.1,17.7,-7.8,7.1,43.4,9.4,72.2,0.2,-17.1,-0.189,0.24,AVGO,,121,11.6,19.0,,False
530,WULF,TeraWulf Inc.,Financial Services,Capital Markets,Speculative,6.9,13.77,16.15,7.0,12.0,10.0,-2.0,ok,0.0,financial_na,,,True,27.0,,-3.4,-6.0,,-1211.8,17.5,-23.9,-40.5,0.611,0.499,GEV,,121,15.2,16.0,,False
531,MOS,Mosaic Company (The),Basic Materials,Agricultural Inputs,Cyclical,6.0,18.74,23.26,5.5,12.0,10.0,0.0,ok,-2.5,ok,3.37,,True,25.0,11.9,-12.5,-6.0,11.2,-5.1,14.1,-23.0,-37.8,0.19,0.196,BMNR,,121,16.0,11.0,,False
532,CIFR,Cipher Digital Inc.,Technology,Information Technology Service,Speculative,5.6,13.52,17.08,5.5,12.0,10.0,-2.0,ok,-5.0,ok,49.49,,True,20.5,80.2,-51.6,-43.0,,-167.5,14.9,-26.1,-30.8,0.573,0.491,GEV,,121,15.6,15.0,,False
