rank,ticker,name,sector,industry,category,mcap_B,current_price,entry_level,fundamental,technical,visibility,corr_penalty,corr_status,leverage_penalty,lev_status,nd_ebitda,dte_pct,broken_base,composite,fwd_pe,fcf_yield_pct,rev_growth_pct,gross_margin_pct,roe_pct,rsi,ma200_dist_pct,rel_str_6m_pct,portfolio_corr,max_corr,max_corr_with,corr_null_reason,n_corr_obs,technical_precap,visibility_legacy,data_flags,in_portfolio
1,AVGO,Broadcom Inc.,Technology,Semiconductors,Growth,1619.5,344.72,382.74,20.0,19.8,22.0,-2.0,ok,0.0,ok,0.68,,False,59.8,17.5,1.9,85.5,75.5,44.2,35.4,-6.8,-5.7,0.547,0.586,TSM,,123,19.8,22.0,,True
2,GEV,GE Vernova Inc.,Industrials,Specialty Industrial Machinery,Compounder,235.1,874.76,1000.68,20.0,18.3,23.0,-2.0,ok,0.0,ok,-2.29,,False,59.3,34.9,6.7,21.9,20.6,82.6,35.4,-2.1,-4.2,0.586,0.696,ETN,,123,18.3,23.0,,False
3,TSM,Taiwan Semiconductor Manufactu,Technology,Semiconductors,Growth,2145.9,418.01,418.63,24.0,17.0,21.0,-4.0,ok,0.0,ok,-0.77,,False,58.0,18.9,,36.0,64.2,40.0,49.4,11.5,11.2,0.717,0.654,ETN,,123,17.0,21.0,fcf_yield_out_of_range(34.1),True
4,LMT,Lockheed Martin Corporation,Industrials,Aerospace & Defense,Compounder,123.1,529.38,556.52,18.0,17.1,22.0,0.0,ok,-0.5,ok,1.73,,False,56.6,16.3,4.5,10.5,11.8,89.2,31.0,-5.0,-31.0,-0.076,0.181,TSM,,123,17.1,22.0,,False
5,GOOG,Alphabet Inc.,Communication Services,Internet Content & Information,Compounder,4175.7,345.71,345.38,19.0,17.4,20.0,0.0,ok,0.0,ok,-0.7,,False,56.4,23.0,0.5,24.2,60.9,48.7,53.2,3.0,1.7,0.326,0.285,TSM,,123,17.4,20.0,,True
6,NOC,Northrop Grumman Corporation,Industrials,Aerospace & Defense,Compounder,75.5,527.39,544.86,16.0,18.9,21.0,0.0,ok,-1.5,ok,2.03,,False,54.4,17.4,3.3,5.1,20.1,27.0,35.0,-12.3,-41.1,-0.073,0.244,TSM,,123,18.9,21.0,,False
7,VRT,"Vertiv Holdings, LLC",Industrials,Electrical Equipment & Parts,Core,90.3,237.39,278.34,20.5,17.4,16.1,0.0,ok,0.0,ok,0.08,,False,54.0,25.7,3.0,24.1,38.0,43.9,40.3,-8.5,-21.2,0.5,0.798,ETN,,123,17.4,20.0,,True
8,NVDA,NVIDIA Corporation,Technology,Semiconductors,Growth,5123.3,210.96,212.44,20.0,16.4,19.2,-2.0,ok,0.0,ok,-0.12,,False,53.6,13.6,0.8,105.9,74.7,117.2,47.7,6.9,4.1,0.593,0.648,TSM,,123,16.4,20.0,,True
9,BX,Blackstone Inc.,Financial Services,Asset Management,Core,151.4,128.29,133.58,22.5,20.6,10.0,0.0,ok,0.0,financial_na,,,False,53.1,16.9,,28.6,100.0,31.4,21.0,-0.9,8.3,0.289,0.337,GOOG,,123,20.6,16.0,,False
10,NXPI,NXP Semiconductors N.V.,Technology,Semiconductors,Core,57.1,224.23,245.92,22.0,20.4,10.0,0.0,ok,-0.5,ok,1.53,,False,51.9,12.5,6.2,19.5,56.1,27.9,48.2,-8.1,5.1,0.338,0.438,ETN,,123,20.4,14.0,,False
11,EXPE,"Expedia Group, Inc.",Consumer Cyclical,Travel Services,Core,35.2,287.86,295.99,23.0,18.7,10.0,0.0,ok,0.0,ok,-0.5,,False,51.7,12.0,9.8,14.0,90.4,89.5,36.8,11.0,13.1,0.024,0.228,GOOG,,123,18.7,15.0,,False
12,RTX,RTX Corporation,Industrials,Aerospace & Defense,Compounder,263.5,195.34,208.33,15.5,15.6,21.0,0.0,ok,-0.5,ok,1.92,,False,51.6,24.9,3.7,14.5,20.3,12.3,19.8,1.0,-17.4,-0.007,0.131,AVGO,,123,15.6,21.0,,False
13,FDS,FactSet Research Systems Inc.,Financial Services,Financial Data & Stock Exchang,Speculative,9.9,276.93,276.12,21.0,20.5,10.0,0.0,ok,0.0,financial_na,,,False,51.5,14.0,6.3,6.4,51.4,27.0,39.8,11.1,21.7,-0.142,0.439,ETN,,123,20.5,15.0,,False
14,ADBE,Adobe Inc.,Technology,Software - Application,Core,102.5,265.6,252.88,23.0,18.5,10.0,0.0,ok,0.0,ok,0.12,,False,51.5,9.3,8.9,12.9,89.3,61.9,44.9,-0.4,-6.4,-0.061,0.441,ETN,,123,18.5,17.0,,False
15,PATH,"UiPath, Inc.",Technology,Software - Infrastructure,Speculative,7.4,14.66,14.14,22.0,19.4,10.0,0.0,ok,0.0,ok,-6.52,,False,51.4,15.5,6.4,13.4,82.6,20.0,40.7,13.6,13.6,0.131,0.443,MSFT,,123,19.4,17.0,,False
16,APO,"Apollo Global Management, Inc.",Financial Services,Asset Management,Growth,75.0,128.31,127.96,21.0,20.3,10.0,0.0,ok,0.0,financial_na,,,False,51.3,11.8,,63.8,36.1,11.4,38.5,0.5,9.9,0.329,0.334,GOOG,,123,20.3,14.0,,False
17,ADSK,"Autodesk, Inc.",Technology,Software - Application,Core,47.3,228.93,232.15,23.0,18.0,10.0,0.0,ok,0.0,ok,-0.2,,False,51.0,15.9,6.7,16.1,92.5,53.9,38.6,-6.7,-21.8,-0.048,0.425,ETN,,123,18.0,17.0,,False
18,AXP,American Express Company,Financial Services,Credit Services,Core,219.1,327.78,340.02,21.5,19.0,10.0,0.0,ok,0.0,financial_na,,,False,50.5,16.1,,12.8,62.3,34.4,38.9,-2.5,-3.3,0.324,0.38,GOOG,,123,19.0,18.0,,False
19,ANET,"Arista Networks, Inc.",Technology,Computer Hardware,Growth,243.2,187.81,185.06,19.0,16.7,16.8,-2.0,ok,0.0,ok,-2.88,,False,50.5,37.4,1.6,37.7,63.0,31.5,49.1,22.5,27.7,0.565,0.553,AVGO,,123,16.7,20.0,,False
20,NFLX,"Netflix, Inc.",Communication Services,Entertainment,Core,324.4,80.32,76.3,23.0,17.4,10.0,0.0,ok,0.0,ok,0.51,,False,50.4,20.4,7.8,13.4,49.1,49.5,51.8,-6.9,-28.7,-0.03,0.354,ETN,,123,17.4,14.0,,False
21,RL,Ralph Lauren Corporation,Consumer Cyclical,Apparel Manufacturing,Core,20.0,341.43,374.01,22.0,18.3,10.0,0.0,ok,0.0,ok,0.67,,False,50.3,16.0,4.4,14.0,70.3,37.5,29.6,-6.7,-9.4,0.305,0.348,TSM,,123,18.3,13.0,,False
22,INCY,Incyte Corporation,Healthcare,Biotechnology,Growth,24.7,122.19,121.61,23.0,17.2,10.0,0.0,ok,0.0,ok,-2.32,,False,50.2,13.7,4.8,37.7,55.7,30.7,38.2,16.2,19.1,-0.15,0.201,AVGO,,123,17.2,16.0,,False
23,TROW,"T. Rowe Price Group, Inc.",Financial Services,Asset Management,Core,22.2,105.8,114.0,20.5,19.5,10.0,0.0,ok,0.0,financial_na,,,False,50.0,10.1,9.1,10.7,51.6,19.4,26.8,2.5,8.3,0.201,0.253,GOOG,,123,19.5,15.0,,False
24,ORCL,Oracle Corporation,Technology,Software - Infrastructure,Core,404.3,144.79,140.57,17.5,17.8,19.0,-2.0,ok,-2.5,ok,3.84,,False,49.8,12.8,-11.3,29.6,64.0,41.2,48.7,-13.4,-19.3,0.606,0.523,MSFT,,123,17.8,19.0,,False
25,CDNS,"Cadence Design Systems, Inc.",Technology,Software - Application,Core,75.6,279.06,334.24,20.5,19.2,10.0,0.0,ok,0.0,ok,0.52,,False,49.7,28.7,2.1,24.2,85.9,23.2,31.0,-14.6,-15.7,0.457,0.399,NVDA,,123,19.2,17.0,,False
26,ARES,Ares Management Corporation,Financial Services,Asset Management,Core,42.8,131.52,132.91,17.5,22.1,10.0,0.0,ok,0.0,financial_na,,,False,49.6,17.9,5.0,5.8,37.4,14.9,31.5,-0.5,18.1,0.391,0.392,GOOG,,123,22.1,14.0,,False
27,GS,"Goldman Sachs Group, Inc. (The",Financial Services,Capital Markets,Growth,284.4,988.45,1043.76,21.0,20.5,10.0,-2.0,ok,0.0,financial_na,,,False,49.5,13.2,,42.5,82.1,16.9,35.0,3.9,13.4,0.555,0.504,ETN,,123,20.5,16.0,,False
28,SYF,Synchrony Financial,Financial Services,Credit Services,Core,24.7,75.88,76.78,19.5,19.9,10.0,0.0,ok,0.0,financial_na,,,False,49.4,7.2,,0.6,0.0,20.8,37.2,1.3,6.5,0.323,0.315,GOOG,,123,19.9,16.0,,False
29,BRO,"Brown & Brown, Inc.",Financial Services,Insurance Brokers,Growth,22.5,68.33,70.23,21.5,17.9,10.0,0.0,ok,0.0,financial_na,,,False,49.4,13.9,7.3,32.4,56.3,10.0,36.4,-1.0,-12.6,-0.344,0.513,ETN,,123,17.9,15.0,,False
30,GDDY,GoDaddy Inc.,Technology,Software - Infrastructure,Core,13.0,104.47,99.25,22.0,17.8,10.0,0.0,ok,-0.5,ok,1.91,,False,49.3,9.3,9.3,6.6,63.8,442.9,59.5,9.3,15.7,-0.185,0.496,ETN,,123,17.8,17.0,,False
31,BLK,"BlackRock, Inc.",Financial Services,Asset Management,Growth,172.0,1065.6,1100.84,20.5,18.7,10.0,0.0,ok,0.0,financial_na,,,False,49.2,16.5,4.4,30.6,47.2,12.3,24.1,0.7,2.4,0.424,0.434,GOOG,,123,18.7,15.0,,False
32,PTC,PTC Inc.,Technology,Software - Application,Core,14.4,136.65,137.8,21.0,18.2,10.0,0.0,ok,0.0,ok,0.98,,False,49.2,14.9,7.2,-6.8,84.5,35.1,32.5,-7.6,-25.3,0.014,0.452,MSFT,,123,18.2,17.0,,False
33,PYPL,"PayPal Holdings, Inc.",Financial Services,Credit Services,Core,46.4,54.03,55.76,20.0,19.1,10.0,0.0,ok,0.0,financial_na,,,False,49.1,9.3,9.5,4.8,40.5,24.5,32.5,6.3,7.4,0.151,0.298,MSFT,,123,19.1,17.0,,False
34,MCO,Moody's Corporation,Financial Services,Financial Data & Stock Exchang,Core,80.9,477.93,490.77,20.5,18.6,10.0,0.0,ok,0.0,financial_na,,,False,49.1,24.7,3.2,15.1,75.0,76.9,38.4,1.2,-1.5,0.019,0.383,MSFT,,123,18.6,16.0,,False
35,UBER,"Uber Technologies, Inc.",Technology,Software - Application,Core,145.9,72.63,73.95,21.0,18.4,10.0,0.0,ok,-0.5,ok,1.25,,False,48.9,16.2,5.0,12.2,40.8,37.2,33.4,-4.5,-13.9,0.212,0.316,MSFT,,123,18.4,16.0,,False
36,MAS,Masco Corporation,Industrials,Building Products & Equipment,Core,13.6,69.41,75.17,20.0,19.2,10.0,0.0,ok,-0.5,ok,1.95,,False,48.7,14.8,6.6,-2.9,37.2,5862.5,36.7,-0.4,-0.1,0.328,0.331,ETN,,123,19.2,14.0,,False
37,AON,Aon plc,Financial Services,Insurance Brokers,Core,64.6,311.54,351.31,20.0,18.7,10.0,0.0,ok,0.0,financial_na,,,False,48.7,15.0,4.9,2.2,48.2,44.7,27.2,-7.3,-15.8,-0.301,0.465,ETN,,123,18.7,15.0,,False
38,CEG,Constellation Energy Corporati,Utilities,Utilities - Independent Power ,Compounder,92.1,264.57,269.12,12.5,17.7,21.0,0.0,ok,-2.5,ok,3.02,,False,48.7,19.5,-7.2,23.0,22.1,15.1,45.2,-10.2,-25.1,0.261,0.361,ETN,,123,17.7,21.0,,True
39,POWL,"Powell Industries, Inc.",Industrials,Electrical Equipment & Parts,Speculative,6.2,170.7,209.35,17.5,15.2,18.0,-2.0,ok,0.0,ok,-2.67,,False,48.7,24.5,3.0,8.9,30.1,28.3,26.8,-15.5,-11.1,0.612,0.759,ETN,,123,15.2,18.0,,False
40,TEL,TE Connectivity plc,Technology,Electronic Components,Core,58.4,203.37,205.95,20.0,18.6,10.0,0.0,ok,0.0,ok,0.92,,False,48.6,15.6,4.0,13.8,36.1,23.3,49.8,-5.7,-11.0,0.4,0.448,VRT,,123,18.6,13.0,,False
41,WSM,"Williams-Sonoma, Inc.",Consumer Cyclical,Specialty Retail,Core,26.1,229.43,232.14,20.0,18.6,10.0,0.0,ok,0.0,ok,0.3,,False,48.6,21.1,4.1,6.7,45.7,55.0,39.7,12.0,15.0,0.232,0.225,TSM,,123,18.6,12.0,,False
42,WDC,Western Digital Corporation,Technology,Computer Hardware,Growth,148.5,426.94,494.42,20.0,20.5,10.0,-2.0,ok,0.0,ok,-0.08,,False,48.5,13.0,1.5,43.8,48.9,130.9,41.0,12.6,43.8,0.547,0.629,ETN,,123,20.5,14.0,,False
43,AMP,"Ameriprise Financial, Inc.",Financial Services,Asset Management,Core,49.4,558.54,543.08,22.0,16.5,10.0,0.0,ok,0.0,financial_na,,,False,48.5,10.8,5.9,11.6,54.9,63.4,52.0,14.4,13.9,0.199,0.267,MSFT,,123,16.5,15.0,,False
44,TPR,"Tapestry, Inc.",Consumer Cyclical,Luxury Goods,Core,23.4,117.91,138.41,21.0,18.0,10.0,0.0,ok,-0.5,ok,1.39,,False,48.5,13.2,6.0,8.9,76.6,197.1,30.5,-14.8,-30.0,0.197,0.265,GOOG,,123,18.0,13.0,,False
45,SPGI,S&P Global Inc.,Financial Services,Financial Data & Stock Exchang,Core,121.6,418.54,428.48,19.5,19.0,10.0,0.0,ok,0.0,financial_na,,,False,48.5,20.4,4.5,10.4,70.9,14.3,44.0,-6.4,-13.9,-0.024,0.366,MSFT,,123,19.0,16.0,,False
46,GE,GE Aerospace,Industrials,Aerospace & Defense,Core,318.6,317.56,353.43,20.5,17.9,10.0,0.0,ok,0.0,ok,0.9,,False,48.4,33.8,2.1,21.1,31.1,48.2,28.3,-1.3,-7.0,0.341,0.421,ETN,,123,17.9,14.0,,False
47,ABNB,"Airbnb, Inc.",Consumer Cyclical,Travel Services,Core,100.8,170.65,164.95,20.5,17.8,10.0,0.0,ok,0.0,ok,-3.47,,False,48.3,27.2,3.2,16.5,82.9,34.5,31.3,21.4,22.2,0.189,0.266,GOOG,,123,17.8,15.0,,False
48,MMM,3M Company,Industrials,Conglomerates,Core,84.9,162.02,171.78,21.0,17.7,10.0,0.0,ok,-0.5,ok,1.21,,False,48.2,16.8,7.5,2.5,39.4,81.9,6.6,0.9,-5.6,0.199,0.246,VRT,,123,17.7,14.0,,False
49,BR,Broadridge Financial Solutions,Technology,Information Technology Service,Core,19.7,174.39,165.67,21.0,17.6,10.0,0.0,ok,-0.5,ok,1.72,,False,48.1,14.7,6.1,7.5,31.8,40.9,38.1,-0.6,-14.6,-0.057,0.397,MSFT,,123,17.6,15.0,,False
50,ALAB,"Astera Labs, Inc.",Technology,Semiconductors,Growth,43.8,257.04,317.84,19.0,21.0,10.0,-2.0,ok,0.0,ok,-4.23,,False,48.0,39.5,0.2,104.5,75.1,25.8,42.7,12.7,100.7,0.585,0.627,TSM,,123,21.0,15.0,,False
51,WDAY,"Workday, Inc.",Technology,Software - Application,Core,46.0,194.21,184.5,20.5,17.5,10.0,0.0,ok,0.0,ok,0.23,,False,48.0,14.4,6.6,12.8,75.8,16.0,45.9,21.8,33.0,-0.077,0.458,ETN,,123,17.5,17.0,,False
52,SCHW,Charles Schwab Corporation (Th,Financial Services,Capital Markets,Core,186.4,107.31,106.25,21.5,16.5,10.0,0.0,ok,0.0,financial_na,,,False,48.0,13.8,,20.9,97.5,20.3,36.0,10.1,2.8,0.02,0.199,GOOG,,123,16.5,16.0,,False
53,NEM,Newmont Corporation,Basic Materials,Gold,Cyclical,130.9,123.07,116.92,22.0,16.0,10.0,0.0,ok,0.0,ok,-0.2,,False,48.0,12.2,6.7,15.1,68.0,25.9,38.1,12.7,-0.6,0.442,0.434,CEG,,123,16.0,13.0,,False
54,DASH,"DoorDash, Inc.",Consumer Cyclical,Internet Retail,Growth,85.9,203.54,204.85,18.0,19.9,10.0,0.0,ok,0.0,ok,-1.42,,False,47.9,24.3,6.0,35.6,52.2,8.9,35.8,8.0,13.2,0.259,0.46,MSFT,,123,19.9,12.0,,False
55,COF,Capital One Financial Corporat,Financial Services,Credit Services,Growth,126.9,206.68,212.35,18.0,19.9,10.0,0.0,ok,0.0,financial_na,,,False,47.9,8.6,,1111.0,0.0,9.0,32.2,-0.4,2.0,0.333,0.356,GOOG,,123,19.9,16.0,,False
56,GD,General Dynamics Corporation,Industrials,Aerospace & Defense,Core,97.0,356.81,378.1,14.5,16.7,16.7,0.0,ok,0.0,ok,0.78,,False,47.9,19.3,4.5,8.1,15.4,17.8,22.7,0.8,-11.0,-0.009,0.134,GOOG,,123,16.7,21.0,,False
57,TXN,Texas Instruments Incorporated,Technology,Semiconductors,Core,240.6,263.42,277.54,19.0,18.9,10.0,0.0,ok,0.0,ok,0.74,,False,47.9,24.7,1.5,22.8,58.3,35.2,49.0,9.5,25.8,0.41,0.606,ETN,,123,18.9,14.0,,False
58,CBOE,"Cboe Global Markets, Inc.",Financial Services,Financial Data & Stock Exchang,Core,28.2,284.5,288.1,20.5,17.3,10.0,0.0,ok,0.0,financial_na,,,False,47.8,17.8,2.4,22.9,54.1,26.3,37.7,-0.4,-14.8,-0.156,0.248,TSM,,123,17.3,15.0,,False
59,AOS,A.O. Smith Corporation,Industrials,Specialty Industrial Machinery,Speculative,7.8,57.38,60.97,19.0,18.7,10.0,0.0,ok,0.0,ok,0.63,,False,47.7,14.0,6.2,-0.7,38.6,27.1,25.8,-11.5,-26.3,0.202,0.303,ETN,,121,18.7,14.0,,False
60,IT,"Gartner, Inc.",Technology,Information Technology Service,Core,12.4,197.07,187.22,21.0,17.2,10.0,0.0,ok,-0.5,ok,1.33,,False,47.7,12.0,8.5,-0.6,69.6,113.6,50.6,11.6,5.2,-0.175,0.439,ETN,,123,17.2,17.0,,False
61,ETN,"Eaton Corporation, PLC",Industrials,Specialty Industrial Machinery,Core,152.4,393.16,415.13,18.0,18.5,15.7,-2.0,ok,-2.5,ok,3.11,,False,47.7,24.3,2.0,21.4,36.0,19.7,38.2,3.0,-2.0,0.612,0.798,VRT,,123,18.5,19.0,,True
62,HAS,"Hasbro, Inc.",Consumer Cyclical,Leisure,Core,12.7,90.76,89.75,22.0,16.2,10.0,0.0,ok,-0.5,ok,1.92,,False,47.7,13.8,5.4,16.2,63.8,159.6,39.7,1.2,-15.8,0.112,0.165,GOOG,,123,16.2,13.0,,False
63,AMZN,"Amazon.com, Inc.",Consumer Cyclical,Internet Retail,Core,2679.5,253.54,255.19,17.0,18.2,14.4,-2.0,ok,0.0,ok,0.76,,False,47.6,23.9,0.1,19.6,50.8,30.6,44.2,5.7,9.1,0.527,0.645,GOOG,,123,18.2,17.0,,False
64,INTU,Intuit Inc.,Technology,Software - Application,Core,88.0,339.15,322.19,22.0,15.5,10.0,0.0,ok,0.0,ok,0.18,,False,47.5,12.0,7.2,13.7,81.0,23.6,38.0,-19.2,-35.6,-0.084,0.405,ETN,,123,15.5,17.0,,False
65,HSY,The Hershey Company,Consumer Defensive,Confectioners,Core,34.2,173.68,178.45,20.0,18.0,10.0,0.0,ok,-0.5,ok,1.89,,False,47.5,17.3,5.1,6.6,38.4,32.8,26.5,-9.1,-32.3,-0.31,0.338,AVGO,,123,18.0,16.0,,False
66,DXCM,"DexCom, Inc.",Healthcare,Medical Devices,Core,32.6,84.68,82.45,20.5,16.9,10.0,0.0,ok,0.0,ok,-0.39,,False,47.4,27.7,3.1,13.1,62.5,38.5,21.6,18.6,18.9,0.129,0.274,GOOG,,123,16.9,17.0,,False
67,AMAT,"Applied Materials, Inc.",Technology,Semiconductor Equipment & Mate,Core,334.2,424.21,516.21,19.0,20.4,10.0,-2.0,ok,0.0,ok,-0.19,,False,47.4,22.8,0.9,24.8,49.4,41.1,26.8,3.1,11.3,0.597,0.729,ETN,,123,20.4,14.0,,False
68,MS,Morgan Stanley,Financial Services,Capital Markets,Core,324.0,206.58,215.71,20.0,19.4,10.0,-2.0,ok,0.0,financial_na,,,False,47.4,15.1,,28.0,87.6,18.0,36.4,8.0,21.2,0.519,0.449,ETN,,123,19.4,16.0,,False
69,CINF,Cincinnati Financial Corporati,Financial Services,Insurance - Property & Casualt,Growth,26.3,172.02,176.06,22.0,15.3,10.0,0.0,ok,0.0,financial_na,,,False,47.3,19.0,11.3,31.6,31.1,21.5,59.3,3.0,-7.3,-0.262,0.331,AVGO,,123,15.3,14.0,,False
70,ROK,"Rockwell Automation, Inc.",Industrials,Specialty Industrial Machinery,Core,46.3,418.85,448.97,18.5,19.3,10.0,0.0,ok,-0.5,ok,1.5,,False,47.3,28.1,2.8,7.9,49.1,30.6,34.3,-0.4,3.5,0.438,0.562,ETN,,123,19.3,15.0,,False
71,PEP,"Pepsico, Inc.",Consumer Defensive,Beverages - Non-Alcoholic,Core,185.1,136.34,139.48,20.0,18.8,10.0,0.0,ok,-1.5,ok,2.25,,False,47.3,15.1,4.2,6.4,54.2,51.5,26.7,-7.9,-27.7,-0.276,0.363,ETN,,123,18.8,17.0,,False
72,ALL,Allstate Corporation (The),Financial Services,Insurance - Property & Casualt,Core,65.0,258.48,257.81,22.0,15.3,10.0,0.0,ok,0.0,financial_na,,,False,47.3,9.3,23.3,11.8,36.8,46.1,55.0,16.3,12.4,-0.373,0.445,TSM,,123,15.3,14.0,,False
73,CL,Colgate-Palmolive Company,Consumer Defensive,Household & Personal Products,Core,69.4,87.89,91.5,21.0,16.7,10.0,0.0,ok,-0.5,ok,1.29,,False,47.2,21.2,5.0,4.9,60.4,267.4,31.3,0.4,-13.4,-0.184,0.33,ETN,,123,16.7,18.0,,False
74,META,"Meta Platforms, Inc.",Communication Services,Internet Content & Information,Core,1707.4,665.6,632.32,18.0,12.1,17.0,0.0,ok,0.0,ok,0.2,,False,47.1,19.2,1.3,28.0,81.7,29.8,85.6,6.8,-4.4,0.299,0.341,GOOG,,123,12.1,15.0,,False
75,IBKR,"Interactive Brokers Group, Inc",Financial Services,Capital Markets,Core,151.3,90.75,92.06,20.0,19.0,10.0,-2.0,ok,0.0,financial_na,,,False,47.0,27.9,,26.3,93.0,24.0,44.1,14.3,24.2,0.563,0.417,TSM,,123,19.0,16.0,,False
76,HBAN,Huntington Bancshares Incorpor,Financial Services,Banks - Regional,Growth,33.8,16.77,17.42,18.0,19.0,10.0,0.0,ok,0.0,financial_na,,,False,47.0,8.9,,47.6,0.0,9.0,43.9,-1.0,-1.6,0.222,0.286,GOOG,,123,19.0,14.0,,False
77,GL,Globe Life Inc.,Financial Services,Insurance - Life,Core,13.3,172.92,177.84,20.0,17.0,10.0,0.0,ok,0.0,financial_na,,,False,47.0,10.5,8.7,8.0,33.9,20.9,53.8,11.9,12.2,0.101,0.249,GOOG,,123,17.0,14.0,,False
78,MSFT,Microsoft Corporation,Technology,Software - Infrastructure,Core,3691.4,505.41,480.14,18.0,14.1,14.9,0.0,ok,0.0,ok,0.27,,False,47.0,21.1,0.4,17.7,67.9,34.0,62.0,17.3,14.8,0.145,0.216,NVDA,,123,14.1,18.0,,True
79,ZTS,Zoetis Inc.,Healthcare,Drug Manufacturers - Specialty,Core,30.3,73.67,75.57,21.0,16.4,10.0,0.0,ok,-0.5,ok,1.86,,False,46.9,11.2,6.6,-0.2,71.7,64.9,32.4,-27.6,-49.0,-0.012,0.169,NVDA,,123,16.4,17.0,,False
80,TER,"Teradyne, Inc.",Technology,Semiconductor Equipment & Mate,Growth,52.0,329.2,364.81,20.0,18.9,10.0,-2.0,ok,0.0,ok,-0.17,,False,46.9,28.6,0.8,103.9,59.2,36.5,36.3,2.8,2.0,0.582,0.705,ETN,,123,18.9,14.0,,False
81,PODD,Insulet Corporation,Healthcare,Medical Devices,Speculative,9.7,137.8,152.82,20.5,16.4,10.0,0.0,ok,0.0,ok,0.67,,False,46.9,18.1,2.5,23.5,71.1,26.0,34.2,-33.2,-50.3,-0.095,0.268,VRT,,123,16.4,17.0,,False
82,RJF,"Raymond James Financial, Inc.",Financial Services,Asset Management,Core,32.5,170.8,174.06,20.0,16.9,10.0,0.0,ok,0.0,financial_na,,,False,46.9,11.9,,15.1,93.2,18.4,43.3,6.5,4.5,0.235,0.347,GOOG,,123,16.9,16.0,,False
83,MRSH,Marsh,Financial Services,Insurance Brokers,Core,85.8,180.43,185.75,19.0,17.9,10.0,0.0,ok,0.0,financial_na,,,False,46.9,15.8,5.6,6.2,44.0,25.9,31.4,1.8,-7.6,-0.388,0.559,ETN,,123,17.9,15.0,,False
84,VLTO,Veralto Corp,Industrials,Pollution & Treatment Controls,Core,23.3,96.3,95.61,19.5,17.9,10.0,0.0,ok,-0.5,ok,1.06,,False,46.9,20.0,3.5,7.5,60.2,34.3,39.2,3.2,-6.0,-0.13,0.222,ETN,,123,17.9,16.0,,False
85,CPAY,"Corpay, Inc.",Technology,Software - Infrastructure,Core,26.8,412.56,391.93,23.0,15.4,10.0,0.0,ok,-1.5,ok,2.7,,False,46.9,13.0,7.3,21.5,80.5,29.2,46.0,21.5,17.0,0.064,0.247,MSFT,,123,15.4,17.0,,False
86,ALLE,Allegion plc,Industrials,Security & Protection Services,Core,13.1,155.39,153.81,19.5,17.8,10.0,0.0,ok,-0.5,ok,1.81,,False,46.8,15.8,3.7,12.7,44.8,33.7,36.9,3.1,-6.0,0.162,0.252,ETN,,123,17.8,17.0,,False
87,EOG,"EOG Resources, Inc.",Energy,Oil & Gas E&P,Growth,81.9,148.54,142.84,23.0,13.8,10.0,0.0,ok,0.0,ok,0.23,,False,46.8,10.7,5.5,58.7,62.6,22.5,39.9,15.3,-0.9,-0.397,0.349,TSM,,123,13.8,14.0,,False
88,BMY,Bristol-Myers Squibb Company,Healthcare,Drug Manufacturers - General,Core,130.2,64.1,63.44,22.0,15.3,10.0,0.0,ok,-0.5,ok,1.8,,False,46.8,9.7,6.2,5.7,71.7,46.6,32.8,10.2,-3.3,-0.066,0.249,AVGO,,123,15.3,17.0,,False
89,GWW,"W.W. Grainger, Inc.",Industrials,Industrial Distribution,Core,59.9,1277.51,1333.67,19.5,17.2,10.0,0.0,ok,0.0,ok,0.69,,False,46.7,24.9,2.1,10.3,39.4,46.1,42.1,8.0,6.2,0.157,0.272,VRT,,123,17.2,14.0,,False
90,FSLR,"First Solar, Inc.",Technology,Solar,Core,21.7,207.04,216.87,18.5,20.1,10.0,-2.0,ok,0.0,ok,-0.64,,False,46.6,8.7,7.4,-3.7,44.0,18.5,43.6,-9.9,-7.4,0.538,0.562,ETN,,123,20.1,14.0,,False
91,UAL,"United Airlines Holdings, Inc.",Industrials,Airlines,Core,34.7,108.96,119.37,17.0,21.1,10.0,0.0,ok,-1.5,ok,2.4,,False,46.6,7.2,2.6,16.0,31.8,23.3,43.2,0.3,12.9,0.431,0.396,TSM,,123,21.1,14.0,,False
92,BKNG,Booking Holdings Inc. Common S,Consumer Cyclical,Travel Services,Core,132.8,175.35,193.82,18.0,18.5,10.0,0.0,ok,0.0,ok,0.36,,False,46.5,13.8,5.8,8.1,87.2,,21.6,-5.4,-9.6,0.015,0.219,ETN,,123,18.5,15.0,,False
93,CSCO,"Cisco Systems, Inc.",Technology,Communication Equipment,Core,434.0,110.06,113.69,19.5,17.0,10.0,0.0,ok,0.0,ok,0.82,,False,46.5,19.6,2.6,17.6,64.5,27.3,46.3,15.7,28.3,0.323,0.386,AVGO,,123,17.0,15.0,,False
94,KKR,KKR & Co. Inc.,Financial Services,Asset Management,Core,92.4,102.27,103.58,15.5,21.0,10.0,0.0,ok,0.0,financial_na,,,False,46.5,13.5,,7.8,54.8,7.3,35.8,-2.8,6.3,0.344,0.305,GOOG,,123,21.0,15.0,,False
95,LRCX,Lam Research Corporation,Technology,Semiconductor Equipment & Mate,Core,338.9,273.49,313.75,19.0,21.4,10.0,-4.0,ok,0.0,ok,-0.17,,False,46.4,23.2,0.9,30.0,50.5,65.1,33.8,3.6,15.9,0.66,0.762,TSM,,123,21.4,14.0,,False
96,LULU,lululemon athletica inc.,Consumer Cyclical,Apparel Retail,Core,10.9,100.3,117.15,20.0,16.4,10.0,0.0,ok,0.0,ok,0.32,,False,46.4,11.2,10.5,-4.3,54.9,30.9,31.2,-33.8,-49.4,0.204,0.349,MSFT,,123,16.4,12.0,,False
97,UHS,"Universal Health Services, Inc",Healthcare,Medical Care Facilities,Core,10.4,173.25,165.32,19.0,17.9,10.0,0.0,ok,-0.5,ok,1.9,,False,46.4,7.4,4.8,8.3,44.6,20.9,42.9,-6.3,-22.9,-0.086,0.138,GOOG,,123,17.9,16.0,,False
98,V,Visa Inc.,Financial Services,Credit Services,Core,701.3,375.28,365.32,20.5,15.9,10.0,0.0,ok,0.0,financial_na,,,False,46.4,25.0,2.9,14.4,97.7,61.2,53.9,12.2,9.5,-0.113,0.27,ETN,,123,15.9,18.0,,False
99,NTAP,"NetApp, Inc.",Technology,Software - Infrastructure,Core,37.3,188.28,181.24,21.5,14.8,10.0,0.0,ok,0.0,ok,-0.5,,False,46.3,17.2,3.1,29.9,70.6,114.8,45.5,42.7,78.9,0.266,0.29,AVGO,,123,14.8,17.0,,False
100,ESTC,Elastic N.V.,Technology,Software - Application,Speculative,8.9,85.11,80.85,21.0,15.3,10.0,0.0,ok,0.0,neg_ebitda_low_debt,,,False,46.3,21.5,5.6,15.1,75.6,33.1,49.3,33.2,52.3,0.161,0.474,MSFT,,123,15.3,17.0,,False
101,KMB,Kimberly-Clark Corporation,Consumer Defensive,Household & Personal Products,Core,32.8,99.09,108.9,18.5,18.2,10.0,0.0,ok,-0.5,ok,1.6,,False,46.2,13.2,2.9,0.6,37.6,104.9,24.4,-3.5,-12.7,-0.108,0.228,ETN,,123,18.2,16.0,,False
102,ADI,"Analog Devices, Inc.",Technology,Semiconductors,Growth,175.1,361.02,375.08,19.0,19.2,10.0,-2.0,ok,0.0,ok,0.99,,False,46.2,22.1,2.4,39.6,65.8,12.2,36.4,3.0,5.0,0.521,0.689,ETN,,123,19.2,15.0,,False
103,SNDK,Sandisk Corporation,Technology,Computer Hardware,Growth,224.2,1551.99,1516.24,22.5,15.7,10.0,-2.0,ok,0.0,ok,-0.36,,False,46.2,5.8,3.4,371.6,71.5,91.6,46.9,50.2,121.6,0.518,0.56,TSM,,123,15.7,15.0,,False
104,HON,Honeywell International Inc.,Industrials,Conglomerates,Core,64.5,201.38,226.91,20.0,18.7,10.0,0.0,ok,-2.5,ok,3.03,,False,46.2,20.5,4.0,4.3,36.5,46.6,28.3,-9.3,-26.6,-0.01,0.216,MSFT,,123,18.7,14.0,,False
105,ADP,"Automatic Data Processing, Inc",Technology,Software - Application,Core,109.9,276.63,265.38,20.0,16.2,10.0,0.0,ok,0.0,ok,0.2,,False,46.2,20.6,4.8,6.8,48.7,72.2,45.7,16.9,19.7,-0.275,0.555,ETN,,123,16.2,16.0,,False
106,ALGN,"Align Technology, Inc.",Healthcare,Medical Instruments & Supplies,Core,10.4,153.0,169.55,18.5,17.6,10.0,0.0,ok,0.0,ok,-1.06,,False,46.1,11.7,5.7,4.3,70.7,10.2,33.1,-10.5,-19.8,0.235,0.299,GOOG,,123,17.6,17.0,,False
107,A,"Agilent Technologies, Inc.",Healthcare,Diagnostics & Research,Core,42.4,146.8,143.26,17.5,19.1,10.0,0.0,ok,-0.5,ok,1.15,,False,46.1,22.2,2.5,8.1,53.6,21.0,31.4,11.7,19.0,0.16,0.152,NVDA,,123,19.1,16.0,,False
108,BF-B,Brown Forman Inc,Consumer Defensive,Beverages - Wineries & Distill,Core,12.0,26.24,27.17,17.5,19.1,10.0,0.0,ok,-0.5,ok,1.8,,False,46.1,15.3,5.7,-1.4,60.7,18.1,31.7,-3.2,-1.2,-0.148,0.182,AVGO,,123,19.1,18.0,,False
109,BAC,Bank of America Corporation,Financial Services,Banks - Diversified,Core,416.2,59.47,61.94,17.5,18.6,10.0,0.0,ok,0.0,financial_na,,,False,46.1,11.2,,16.8,0.0,11.2,37.3,8.2,14.3,0.171,0.248,GOOG,,123,18.6,14.0,,False
110,APP,Applovin Corporation,Communication Services,Advertising Agencies,Growth,110.9,334.24,377.79,22.5,13.6,10.0,0.0,ok,0.0,ok,0.09,,False,46.1,15.8,2.9,52.8,88.5,203.7,64.0,-30.6,-40.1,0.314,0.293,MSFT,,123,13.6,15.0,,False
111,FANG,"Diamondback Energy, Inc.",Energy,Oil & Gas E&P,Growth,59.5,205.72,197.26,21.0,15.5,10.0,0.0,ok,-0.5,ok,1.03,,False,46.0,11.4,8.5,52.5,72.4,3.5,41.9,13.6,0.5,-0.221,0.304,GOOG,,123,15.5,14.0,,False
112,PLTR,Palantir Technologies Inc.,Technology,Software - Infrastructure,Growth,414.7,173.31,164.64,20.0,16.0,10.0,0.0,ok,0.0,ok,-3.45,,False,46.0,74.3,0.5,92.8,84.8,38.1,45.6,14.4,1.9,0.337,0.423,MSFT,,123,16.0,17.0,,False
113,STZ,"Constellation Brands, Inc.",Consumer Defensive,Beverages - Brewers,Core,21.1,125.0,131.71,20.0,18.5,10.0,0.0,ok,-2.5,ok,3.02,,False,46.0,10.0,10.5,-3.3,52.7,23.7,26.4,-13.3,-29.1,-0.116,0.202,AVGO,,123,18.5,17.0,,False
114,AVY,Avery Dennison Corporation,Consumer Cyclical,Packaging & Containers,Core,13.1,170.92,170.59,20.5,17.0,10.0,0.0,ok,-1.5,ok,2.28,,False,46.0,15.3,7.7,10.9,29.0,31.2,27.6,-1.1,-12.9,0.128,0.169,MSFT,,123,17.0,11.0,,False
115,TLN,Talen Energy Corporation,Utilities,Utilities - Independent Power ,Growth,13.5,286.52,341.48,17.5,16.5,19.0,-2.0,ok,-5.0,ok,16.05,,False,46.0,9.2,9.3,111.2,42.1,-12.8,35.5,-19.7,-22.3,0.522,0.782,CEG,,123,16.5,19.0,,False
116,ON,ON Semiconductor Corporation,Technology,Semiconductors,Core,28.5,71.65,81.84,16.0,21.9,10.0,-2.0,ok,0.0,ok,0.4,,False,45.9,16.1,5.8,9.2,42.8,8.3,43.0,-9.1,9.4,0.51,0.637,ETN,,123,21.9,14.0,,False
117,MA,Mastercard Incorporated,Financial Services,Credit Services,Core,502.2,574.42,562.38,20.5,15.4,10.0,0.0,ok,0.0,financial_na,,,False,45.9,24.9,3.4,14.1,100.0,241.2,46.3,8.3,2.6,-0.083,0.423,MSFT,,123,15.4,18.0,,False
118,TPL,Texas Pacific Land Corporation,Energy,Oil & Gas E&P,Growth,25.6,365.27,384.3,18.0,17.8,10.0,0.0,ok,0.0,ok,-0.31,,False,45.8,5.1,-0.1,31.2,93.3,36.6,38.2,-7.0,-44.2,0.059,0.187,CEG,,123,17.8,14.0,,False
119,PAYX,"Paychex, Inc.",Technology,Software - Application,Core,42.1,118.51,117.67,18.5,18.8,10.0,0.0,ok,-1.5,ok,2.17,,False,45.8,18.5,,12.5,67.2,,37.4,14.9,16.7,-0.252,0.537,ETN,,123,18.8,17.0,,False
120,HIG,"The Hartford Insurance Group, ",Financial Services,Insurance - Diversified,Core,36.8,137.59,139.36,20.0,15.7,10.0,0.0,ok,0.0,financial_na,,,False,45.7,9.9,14.9,8.1,37.9,22.1,54.0,1.1,-9.4,-0.306,0.351,TSM,,123,15.7,14.0,,False
121,SNPS,"Synopsys, Inc.",Technology,Software - Infrastructure,Growth,70.5,381.43,407.84,20.0,18.2,10.0,0.0,ok,-2.5,ok,3.49,,False,45.7,21.0,4.9,42.4,82.9,3.7,45.2,-14.7,-20.5,0.423,0.421,NVDA,,123,18.2,17.0,,False
122,LLY,Eli Lilly and Company,Healthcare,Drug Manufacturers - General,Growth,1012.7,1138.28,1185.11,20.0,16.2,10.0,0.0,ok,-0.5,ok,1.1,,False,45.7,24.0,1.1,47.7,83.4,102.3,12.2,7.0,2.8,-0.104,0.183,GOOG,,123,16.2,17.0,,False
123,MKC,"McCormick & Company, Incorpora",Consumer Defensive,Packaged Foods,Core,13.4,50.39,52.82,20.0,18.1,10.0,0.0,ok,-2.5,ok,3.17,,False,45.6,15.1,5.3,16.7,38.9,24.7,23.6,-10.8,-25.7,-0.251,0.346,VRT,,123,18.1,16.0,,False
124,JPM,JP Morgan Chase & Co.,Financial Services,Banks - Diversified,Growth,937.0,350.13,351.62,19.0,16.6,10.0,0.0,ok,0.0,financial_na,,,False,45.6,14.1,,30.4,0.0,17.8,47.9,9.9,11.2,0.193,0.259,ETN,,123,16.6,14.0,,False
125,MSCI,MSCI Inc.,Financial Services,Financial Data & Stock Exchang,Core,39.6,553.65,577.59,17.5,18.1,10.0,0.0,ok,0.0,financial_na,,,False,45.6,24.2,3.0,12.2,83.0,,44.2,-3.1,-11.5,0.006,0.387,MSFT,,123,18.1,16.0,,False
126,CPRT,"Copart, Inc.",Industrials,Specialty Business Services,Core,29.9,31.73,30.31,17.0,18.5,10.0,0.0,ok,0.0,ok,-2.34,,False,45.5,17.3,3.0,2.4,49.0,16.2,36.9,-7.4,-19.9,-0.163,0.311,ETN,,123,18.5,17.0,,False
127,RMD,ResMed Inc.,Healthcare,Medical Instruments & Supplies,Core,33.1,222.99,217.06,18.5,17.0,10.0,0.0,ok,0.0,ok,-0.31,,False,45.5,17.3,2.8,8.6,61.6,24.3,37.7,-1.9,-16.1,-0.046,0.309,GOOG,,123,17.0,17.0,,False
128,UNP,Union Pacific Corporation,Industrials,Railroads,Core,168.7,285.08,294.65,20.5,16.5,10.0,0.0,ok,-1.5,ok,2.26,,False,45.5,20.1,2.8,11.5,56.3,39.7,13.7,9.2,4.6,-0.099,0.198,MSFT,,123,16.5,15.0,,False
129,LVS,Las Vegas Sands Corp.,Consumer Cyclical,Resorts & Casinos,Core,26.7,42.4,45.82,21.0,16.0,10.0,0.0,ok,-1.5,ok,2.57,,False,45.5,11.8,8.3,-0.7,79.3,122.9,22.1,-20.8,-33.5,0.185,0.342,MSFT,,123,16.0,13.0,,False
130,URI,"United Rentals, Inc.",Industrials,Rental & Leasing Services,Core,61.6,993.8,1078.43,18.5,19.4,10.0,0.0,ok,-2.5,ok,3.26,,False,45.4,17.3,2.8,11.8,38.5,28.9,27.9,6.8,22.1,0.164,0.438,ETN,,123,19.4,16.0,,False
131,PRU,"Prudential Financial, Inc.",Financial Services,Insurance - Life,Core,41.2,119.5,119.86,18.0,17.4,10.0,0.0,ok,0.0,financial_na,,,False,45.4,8.0,18.3,14.1,29.0,12.0,46.1,10.8,16.9,0.03,0.218,GOOG,,123,17.4,14.0,,False
132,IDXX,"IDEXX Laboratories, Inc.",Healthcare,Diagnostics & Research,Core,40.3,509.56,556.15,19.5,15.9,10.0,0.0,ok,0.0,ok,0.55,,False,45.4,30.5,2.3,9.7,62.4,74.2,26.5,-15.6,-24.1,0.148,0.351,GOOG,,123,15.9,17.0,,False
133,KLIC,"Kulicke and Soffa Industries, ",Technology,Semiconductor Equipment & Mate,Growth,4.1,79.45,93.82,16.5,20.9,10.0,-2.0,ok,0.0,ok,-2.49,,False,45.4,13.3,1.4,122.6,52.6,13.2,34.8,-0.5,10.9,0.54,0.652,ETN,,123,20.9,14.0,,False
134,QCOM,QUALCOMM Incorporated,Technology,Semiconductors,Core,200.6,180.15,171.14,19.0,16.3,10.0,0.0,ok,0.0,ok,0.58,,False,45.3,18.4,5.1,-4.0,54.2,33.8,77.3,7.4,25.8,0.373,0.412,ETN,,123,16.3,14.0,,False
135,DAL,"Delta Air Lines, Inc.",Industrials,Airlines,Core,51.9,79.8,85.44,17.0,19.8,10.0,0.0,ok,-1.5,ok,2.19,,False,45.3,9.2,5.4,18.7,18.7,20.1,41.7,7.2,23.2,0.423,0.413,TSM,,123,19.8,14.0,,False
136,CSX,CSX Corporation,Industrials,Railroads,Core,90.1,48.91,50.22,19.5,17.3,10.0,0.0,ok,-1.5,ok,2.64,,False,45.3,21.4,2.2,10.1,47.1,24.4,28.3,12.7,11.5,0.028,0.244,ETN,,123,17.3,15.0,,False
137,FITB,Fifth Third Bancorp,Financial Services,Banks - Regional,Growth,49.6,54.38,56.41,18.0,17.3,10.0,0.0,ok,0.0,financial_na,,,False,45.3,11.1,,51.8,0.0,8.4,45.9,6.8,13.5,0.114,0.2,GOOG,,123,17.3,14.0,,False
138,EQT,EQT Corporation,Energy,Oil & Gas E&P,Cyclical,33.2,53.21,52.82,18.5,16.8,10.0,0.0,ok,0.0,ok,0.79,,False,45.3,13.8,7.4,-3.9,80.7,11.1,46.0,-4.9,-30.1,-0.062,0.15,CEG,,123,16.8,14.0,,False
139,XYL,Xylem Inc.,Industrials,Specialty Industrial Machinery,Core,25.1,107.49,116.76,16.0,19.3,10.0,0.0,ok,0.0,ok,0.9,,False,45.3,17.2,4.7,1.5,39.2,9.2,34.5,-12.9,-23.3,0.189,0.303,ETN,,123,19.3,14.0,,False
140,AJG,Arthur J. Gallagher & Co.,Financial Services,Insurance Brokers,Growth,63.6,253.3,255.09,16.5,18.7,10.0,0.0,ok,0.0,financial_na,,,False,45.2,16.7,3.3,30.9,43.2,6.7,42.6,8.4,8.9,-0.359,0.527,ETN,,123,18.7,15.0,,False
141,DLTR,"Dollar Tree, Inc.",Consumer Defensive,Discount Stores,Core,21.2,119.17,127.14,18.5,18.2,10.0,0.0,ok,-1.5,ok,2.64,,False,45.2,14.3,5.0,7.0,37.2,46.0,33.9,1.4,-2.1,0.067,0.195,MSFT,,123,18.2,16.0,,False
142,ITW,Illinois Tool Works Inc.,Industrials,Specialty Industrial Machinery,Core,76.5,269.04,280.07,18.5,17.2,10.0,0.0,ok,-0.5,ok,1.84,,False,45.2,21.7,3.2,6.1,44.2,104.6,33.2,1.0,-11.5,0.119,0.26,ETN,,123,17.2,15.0,,False
143,NTRS,Northern Trust Corporation,Financial Services,Asset Management,Growth,32.7,181.71,184.63,17.5,17.7,10.0,0.0,ok,0.0,financial_na,,,False,45.2,14.1,,36.4,0.0,17.1,45.7,14.0,19.8,0.29,0.296,ETN,,123,17.7,14.0,,False
144,VRTX,Vertex Pharmaceuticals Incorpo,Healthcare,Biotechnology,Core,130.4,519.51,510.73,19.5,15.7,10.0,0.0,ok,0.0,ok,-1.15,,False,45.2,25.6,2.0,12.5,55.0,23.5,32.6,11.0,-2.3,-0.043,0.192,AVGO,,123,15.7,16.0,,False
145,EXE,Expand Energy Corporation,Energy,Oil & Gas E&P,Cyclical,22.5,93.4,93.4,16.5,18.6,10.0,0.0,ok,0.0,ok,0.46,,False,45.1,10.8,6.5,-10.6,47.1,14.9,41.0,-6.7,-25.1,-0.11,0.159,AVGO,,123,18.6,13.0,,False
146,ACMR,"ACM Research, Inc.",Technology,Semiconductor Equipment & Mate,Growth,4.5,66.86,82.3,14.5,22.6,10.0,-2.0,ok,0.0,ok,-6.83,,False,45.1,22.1,-4.2,36.0,43.8,11.6,32.1,4.3,31.2,0.575,0.679,TSM,,123,22.6,14.0,,False
147,NDAQ,"Nasdaq, Inc.",Financial Services,Financial Data & Stock Exchang,Core,49.9,91.57,93.89,18.0,17.1,10.0,0.0,ok,0.0,financial_na,,,False,45.1,19.1,3.4,14.9,100.0,16.5,28.2,1.3,-5.5,0.091,0.422,MSFT,,123,17.1,16.0,,False
148,EFX,"Equifax, Inc.",Industrials,Consulting Services,Core,19.6,172.29,179.02,18.5,18.1,10.0,0.0,ok,-1.5,ok,2.75,,False,45.1,16.4,4.8,10.6,55.5,14.3,28.8,-7.8,-19.5,-0.109,0.365,ETN,,123,18.1,17.0,,False
149,CMCSA,Comcast Corporation,Communication Services,Telecom Services,Core,86.7,24.88,24.95,18.5,18.0,10.0,0.0,ok,-1.5,ok,2.43,,False,45.0,6.7,14.7,-1.2,69.4,11.5,34.0,-6.9,-29.5,-0.071,0.188,GOOG,,123,18.0,17.0,,False
150,FIS,Fidelity National Information ,Technology,Information Technology Service,Core,19.3,38.18,41.85,22.0,16.4,10.0,0.0,ok,-3.5,ok,5.82,,False,44.9,5.6,13.7,29.1,35.8,22.3,33.0,-21.9,-36.1,-0.11,0.425,ETN,,123,16.4,15.0,,False
151,SPG,"Simon Property Group, Inc.",Real Estate,REIT - Retail,Core,77.5,204.97,221.07,20.5,17.9,10.0,0.0,ok,-3.5,ok,5.54,,False,44.9,29.7,3.3,19.5,81.4,120.5,25.0,1.8,-3.2,-0.089,0.209,GOOG,,123,17.9,17.0,,False
152,PSA,Public Storage,Real Estate,REIT - Industrial,Core,55.4,295.4,318.36,20.0,16.4,10.0,0.0,ok,-1.5,ok,2.89,,False,44.9,29.3,4.2,3.3,74.4,21.9,21.2,-0.6,-12.7,0.011,0.265,GOOG,,123,16.4,17.0,,False
153,CVNA,Carvana Co.,Consumer Cyclical,Auto & Truck Dealerships,Growth,74.2,70.87,69.36,16.0,19.4,10.0,0.0,ok,-0.5,ok,1.02,,False,44.9,29.6,0.6,52.4,19.4,58.8,52.6,-3.2,5.1,0.329,0.395,GOOG,,123,19.4,11.0,,False
154,KEY,KeyCorp,Financial Services,Banks - Regional,Core,23.2,21.93,22.6,17.5,17.3,10.0,0.0,ok,0.0,financial_na,,,False,44.8,10.2,,10.1,0.0,10.3,51.1,2.3,3.1,0.237,0.292,ETN,,123,17.3,14.0,,False
155,FISV,"Fiserv, Inc.",,,Core,26.6,50.99,52.19,15.5,19.3,10.0,0.0,ok,,unavailable,,,False,44.8,6.2,,,,,43.0,-12.2,-23.1,-0.011,0.309,MSFT,,123,19.3,12.5,,False
156,WRB,W.R. Berkley Corporation,Financial Services,Insurance - Property & Casualt,Core,26.5,70.87,71.02,20.0,14.8,10.0,0.0,ok,0.0,financial_na,,,False,44.8,14.7,11.5,1.2,43.8,20.2,64.5,2.7,-9.9,-0.369,0.392,TSM,,123,14.8,15.0,,False
157,NWS,News Corporation,Communication Services,Entertainment,Core,18.1,33.86,32.62,17.0,17.8,10.0,0.0,ok,0.0,ok,0.61,,False,44.8,22.3,5.8,10.8,57.2,8.0,43.6,13.2,13.6,-0.126,0.338,ETN,,123,17.8,14.0,,False
158,HOOD,"Robinhood Markets, Inc.",Financial Services,Capital Markets,Growth,99.3,114.33,108.61,18.5,16.2,10.0,0.0,ok,0.0,financial_na,,,False,44.7,32.6,,32.3,91.9,23.6,55.3,20.1,42.8,0.438,0.357,NVDA,,123,16.2,16.0,,False
159,AFL,AFLAC Incorporated,Financial Services,Insurance - Life,Core,58.9,117.01,121.21,17.5,17.2,10.0,0.0,ok,0.0,financial_na,,,False,44.7,15.6,8.7,-1.0,50.9,16.9,52.9,2.2,-5.3,-0.276,0.385,TSM,,123,17.2,15.0,,False
160,DHI,"D.R. Horton, Inc.",Consumer Cyclical,Residential Construction,Core,39.2,139.41,147.36,16.0,19.2,10.0,0.0,ok,-0.5,ok,1.24,,False,44.7,11.9,6.2,0.0,21.3,12.6,36.3,-6.7,-13.4,0.211,0.22,TSM,,123,19.2,11.0,,False
161,EBAY,eBay Inc.,Consumer Cyclical,Internet Retail,Core,48.1,108.99,108.94,20.5,14.7,10.0,0.0,ok,-0.5,ok,1.24,,False,44.7,16.1,3.3,14.8,72.1,46.6,58.9,10.0,6.4,0.073,0.234,GOOG,,123,14.7,13.0,,False
162,PNC,"PNC Financial Services Group, ",Financial Services,Banks - Regional,Core,96.1,242.72,249.05,18.5,16.2,10.0,0.0,ok,0.0,financial_na,,,False,44.7,11.2,,23.6,0.0,12.6,49.2,8.0,8.7,0.087,0.228,GOOG,,123,16.2,14.0,,False
163,TT,Trane Technologies plc,Industrials,Building Products & Equipment,Core,93.0,426.01,464.86,19.5,17.2,10.0,-2.0,ok,0.0,ok,0.77,,False,44.7,24.1,3.4,10.6,35.4,36.6,29.2,-4.2,-12.1,0.512,0.783,ETN,,123,17.2,14.0,,False
164,TRMB,Trimble Inc.,Technology,Scientific & Technical Instrum,Core,13.7,58.74,56.59,17.0,18.1,10.0,0.0,ok,-0.5,ok,1.41,,False,44.6,14.3,5.0,11.0,71.8,-1.9,44.1,-8.9,-24.6,0.205,0.336,MSFT,,123,18.1,15.0,,False
165,AMGN,Amgen Inc.,Healthcare,Drug Manufacturers - General,Core,203.1,381.5,399.18,21.0,15.1,10.0,0.0,ok,-1.5,ok,2.51,,False,44.6,15.4,4.3,9.5,71.9,91.5,19.7,6.8,-8.0,-0.069,0.125,AVGO,,123,15.1,17.0,,False
166,UPS,"United Parcel Service, Inc.",Industrials,Integrated Freight & Logistics,Core,87.1,102.46,107.1,18.5,16.6,10.0,0.0,ok,-0.5,ok,1.99,,False,44.6,12.7,6.4,7.6,22.4,29.6,51.5,-1.1,-5.8,0.236,0.254,ETN,,123,16.6,14.0,,False
167,STX,Seagate Technology Holdings PL,Technology,Computer Hardware,Growth,175.5,805.55,847.71,20.0,16.6,10.0,-2.0,ok,0.0,ok,0.49,,False,44.6,13.9,1.1,48.5,45.6,371.5,43.8,33.1,97.4,0.509,0.594,ETN,,123,16.6,14.0,,False
168,ICE,Intercontinental Exchange Inc.,Financial Services,Financial Data & Stock Exchang,Core,88.1,157.75,150.57,18.5,16.1,10.0,0.0,ok,0.0,financial_na,,,False,44.6,17.8,4.1,4.8,100.0,14.1,43.5,1.7,-13.5,-0.04,0.316,MSFT,,123,16.1,16.0,,False
169,UNH,UnitedHealth Group Incorporate,Healthcare,Healthcare Plans,Core,337.4,383.55,409.26,15.5,19.5,10.0,0.0,ok,-0.5,ok,1.57,,False,44.5,16.7,7.2,0.4,19.7,14.2,44.8,8.9,23.0,0.033,0.157,CEG,,123,19.5,15.0,,False
170,GOOGL,Alphabet Inc.,Communication Services,Internet Content & Information,Core,4219.1,349.39,347.4,19.0,17.5,10.0,-2.0,ok,0.0,ok,-0.7,,False,44.5,23.2,0.5,24.2,60.9,48.7,53.5,3.7,2.6,0.514,0.995,GOOG,,123,17.5,15.0,,False
171,KLAC,KLA Corporation,Technology,Semiconductor Equipment & Mate,Core,219.5,169.09,198.23,18.0,16.5,10.0,0.0,ok,0.0,ok,0.21,,False,44.5,25.1,1.2,15.2,61.3,87.5,36.6,-85.0,-101.0,0.263,0.347,ETN,,123,16.5,15.0,,False
172,STE,STERIS plc (Ireland),Healthcare,Medical Devices,Core,20.5,213.66,225.48,16.0,18.5,10.0,0.0,ok,0.0,ok,0.95,,False,44.5,17.2,3.9,7.3,44.4,11.4,10.0,-7.8,-13.4,-0.075,0.222,ETN,,123,18.5,16.0,,False
173,HWM,Howmet Aerospace Inc.,Industrials,Aerospace & Defense,Core,89.6,227.13,272.26,18.0,17.0,10.0,0.0,ok,-0.5,ok,1.47,,False,44.5,34.9,1.3,24.1,36.0,34.7,26.2,-7.7,-17.0,0.296,0.339,ETN,,123,17.0,14.0,,False
174,PPG,"PPG Industries, Inc.",Basic Materials,Specialty Chemicals,Cyclical,23.3,105.25,114.57,17.5,18.5,10.0,0.0,ok,-1.5,ok,2.17,,False,44.5,12.1,4.7,7.2,41.2,19.3,28.4,-5.2,-9.0,0.34,0.326,ETN,,123,18.5,12.0,,False
175,PG,Procter & Gamble Company (The),Consumer Defensive,Household & Personal Products,Core,340.9,146.13,146.44,18.5,16.5,10.0,0.0,ok,-0.5,ok,1.01,,False,44.5,19.8,3.9,1.5,50.9,30.3,53.9,-0.4,-15.2,-0.086,0.226,GOOG,,123,16.5,17.0,,False
176,GPN,Global Payments Inc.,Industrials,Specialty Business Services,Growth,23.5,90.19,85.97,21.0,17.0,10.0,0.0,ok,-3.5,ok,4.05,,False,44.5,5.6,,68.6,64.0,2.4,41.0,18.8,18.4,0.168,0.286,MSFT,,123,17.0,18.0,fcf_yield_out_of_range(33.4),False
177,ROL,"Rollins, Inc.",Consumer Cyclical,Personal Services,Core,16.2,35.31,38.91,18.5,16.4,10.0,0.0,ok,-0.5,ok,1.16,,False,44.4,26.0,3.1,7.9,52.4,37.0,36.5,-31.6,-48.7,-0.059,0.237,GOOG,,123,16.4,14.0,,False
178,MU,"Micron Technology, Inc.",Technology,Semiconductors,Growth,1047.6,924.03,927.59,20.0,16.4,10.0,-2.0,ok,0.0,ok,-0.29,,False,44.4,5.9,0.7,345.7,72.6,66.6,44.3,48.6,104.0,0.533,0.62,TSM,,123,16.4,15.0,,False
179,EMR,Emerson Electric Company,Industrials,Specialty Industrial Machinery,Core,82.3,148.3,150.03,18.5,18.4,10.0,-2.0,ok,-0.5,ok,1.92,,False,44.4,20.3,4.5,7.0,53.2,12.8,33.2,3.9,-0.4,0.521,0.644,ETN,,123,18.4,15.0,,False
180,HUBB,Hubbell Inc,Industrials,Electrical Equipment & Parts,Core,23.2,442.38,479.93,18.5,18.3,10.0,0.0,ok,-2.5,ok,3.41,,False,44.3,19.1,2.1,15.3,35.3,24.4,37.8,-9.0,-19.4,0.397,0.623,ETN,,123,18.3,14.0,,False
181,PGR,Progressive Corporation (The),Financial Services,Insurance - Property & Casualt,Core,128.6,221.02,217.1,19.5,14.8,10.0,0.0,ok,0.0,financial_na,,,False,44.3,13.6,11.8,7.3,18.5,34.9,52.5,5.9,-5.2,-0.419,0.442,TSM,,123,14.8,14.0,,False
182,GIS,"General Mills, Inc.",Consumer Defensive,Packaged Foods,Core,19.6,36.47,37.85,16.0,18.2,10.0,0.0,ok,0.0,ok,-0.12,,False,44.2,11.4,11.8,2.2,33.7,-1.0,32.4,-7.1,-18.8,-0.276,0.417,ETN,,123,18.2,16.0,,False
183,ERIE,Erie Indemnity Company,Financial Services,Insurance Brokers,Core,13.1,253.88,246.82,16.0,18.2,10.0,0.0,ok,0.0,financial_na,,,False,44.2,17.9,3.7,2.8,17.9,24.8,40.6,0.6,-9.5,-0.388,0.403,TSM,,123,18.2,14.0,,False
184,GEHC,GE HealthCare Technologies Inc,Healthcare,Medical Devices,Core,29.1,64.25,68.31,17.5,18.2,10.0,0.0,ok,-1.5,ok,2.36,,False,44.2,11.8,5.4,5.8,39.5,19.4,1.4,-11.4,-22.1,0.01,0.212,VRT,,123,18.2,15.0,,False
185,TGT,Target Corporation,Consumer Defensive,Discount Stores,Core,70.1,158.7,150.76,17.5,17.1,10.0,0.0,ok,-0.5,ok,1.6,,False,44.1,16.2,4.9,5.3,28.4,26.4,40.2,28.9,23.6,-0.015,0.149,GOOG,,123,17.1,16.0,,False
186,EME,"EMCOR Group, Inc.",Industrials,Engineering & Construction,Core,32.4,749.7,774.79,18.0,18.1,10.0,-2.0,ok,0.0,ok,-0.19,,False,44.1,20.0,3.0,19.8,19.4,40.3,42.5,-1.6,-7.3,0.638,0.715,ETN,,123,18.1,14.0,,False
187,SNA,Snap-On Incorporated,Industrials,Tools & Accessories,Core,19.4,377.78,400.85,17.5,16.6,10.0,0.0,ok,0.0,ok,-0.24,,False,44.1,17.6,5.7,4.2,51.8,17.9,28.8,0.3,-10.2,0.195,0.342,ETN,,123,16.6,15.0,,False
188,MDT,Medtronic plc.,Healthcare,Medical Devices,Core,119.9,93.8,89.11,19.5,15.0,10.0,0.0,ok,-0.5,ok,1.86,,False,44.0,14.6,4.5,13.7,65.3,10.6,51.5,5.2,-4.4,-0.141,0.294,AVGO,,123,15.0,17.0,,False
189,LII,"Lennox International, Inc.",Industrials,Building Products & Equipment,Core,12.5,365.51,457.37,18.5,16.0,10.0,0.0,ok,-0.5,ok,1.68,,False,44.0,13.9,2.2,3.0,33.3,71.8,27.8,-26.3,-36.7,0.375,0.522,VRT,,123,16.0,14.0,,False
190,OMC,Omnicom Group Inc.,Communication Services,Advertising Agencies,Growth,22.8,81.07,83.18,18.5,17.0,10.0,0.0,ok,-1.5,ok,2.2,,False,44.0,6.7,18.7,63.4,19.0,6.1,35.0,4.2,-8.7,-0.05,0.195,ETN,,123,17.0,13.0,,False
191,ROP,"Roper Technologies, Inc.",Technology,Software - Application,Core,38.0,394.61,388.13,18.5,18.0,10.0,0.0,ok,-2.5,ok,3.38,,False,44.0,15.8,6.0,8.5,69.5,13.1,38.6,5.4,-0.2,-0.239,0.445,ETN,,123,18.0,17.0,,False
192,FOX,Fox Corporation,Communication Services,Entertainment,Core,25.4,61.14,58.08,18.0,16.0,10.0,0.0,ok,0.0,ok,0.87,,False,44.0,10.5,2.2,28.1,36.6,14.3,50.3,7.5,4.6,-0.088,0.225,CEG,,123,16.0,13.0,,False
193,HD,"Home Depot, Inc. (The)",Consumer Cyclical,Home Improvement Retail,Core,304.8,310.87,335.87,17.0,18.4,10.0,0.0,ok,-1.5,ok,2.48,,False,43.9,19.1,3.5,5.7,32.8,104.3,24.6,-9.2,-21.3,0.178,0.269,GOOG,,123,18.4,11.0,,False
194,ROST,"Ross Stores, Inc.",Consumer Cyclical,Apparel Retail,Core,72.3,230.04,235.78,18.0,15.9,10.0,0.0,ok,0.0,ok,0.12,,False,43.9,25.3,2.8,13.3,33.4,42.6,34.9,7.6,-1.4,0.13,0.147,GOOG,,123,15.9,11.0,,False
195,CTSH,Cognizant Technology Solutions,Technology,Information Technology Service,Core,29.9,64.1,60.89,18.5,15.4,10.0,0.0,ok,0.0,ok,0.26,,False,43.9,10.0,7.4,4.5,33.4,14.9,55.7,3.2,-6.0,-0.208,0.508,VRT,,123,15.4,15.0,,False
196,MNST,Monster Beverage Corporation,Consumer Defensive,Beverages - Non-Alcoholic,Core,87.4,44.2,72.85,18.0,15.9,10.0,0.0,ok,0.0,ok,-1.13,,False,43.9,34.1,1.9,20.2,55.5,25.7,29.8,-43.7,-55.6,0.018,0.191,GOOG,,123,15.9,17.0,,False
197,NVR,"NVR, Inc.",Consumer Cyclical,Residential Construction,Core,16.7,6299.56,6368.3,16.5,17.4,10.0,0.0,ok,0.0,ok,-0.0,,False,43.9,15.2,5.5,-10.9,21.8,31.5,47.1,-7.2,-15.5,0.053,0.168,GOOG,,123,17.4,11.0,,False
198,OXY,Occidental Petroleum Corporati,Energy,Oil & Gas E&P,Growth,63.5,61.78,58.69,21.5,12.4,10.0,0.0,ok,0.0,ok,0.76,,False,43.9,15.7,6.0,53.4,73.3,10.6,52.8,17.2,-6.2,-0.339,0.366,GOOG,,123,12.4,14.0,,False
199,AIG,"American International Group, ",Financial Services,Insurance - Diversified,Core,39.7,76.29,77.87,17.0,16.9,10.0,0.0,ok,0.0,financial_na,,,False,43.9,8.6,18.5,0.5,35.1,7.2,50.9,-1.1,-12.9,-0.185,0.261,TSM,,123,16.9,14.0,,False
200,KEYS,Keysight Technologies Inc.,Technology,Scientific & Technical Instrum,Growth,53.3,314.96,325.13,20.5,15.3,10.0,-2.0,ok,0.0,ok,0.09,,False,43.8,22.6,3.5,36.5,63.3,20.9,49.1,8.0,-0.4,0.605,0.755,ETN,,123,15.3,15.0,,False
201,PH,Parker-Hannifin Corporation,Industrials,Specialty Industrial Machinery,Core,116.6,928.83,989.1,17.5,16.8,10.0,0.0,ok,-0.5,ok,1.45,,False,43.8,23.6,2.5,9.8,37.5,25.1,29.6,-0.9,-8.3,0.281,0.508,ETN,,123,16.8,14.0,,False
202,MDB,"MongoDB, Inc.",Technology,Software - Infrastructure,Growth,30.4,382.29,375.91,14.0,19.8,10.0,0.0,ok,0.0,ok,-170.08,,False,43.8,48.5,1.8,30.5,72.7,2.0,39.0,11.4,33.8,0.256,0.44,MSFT,,123,19.8,17.0,,False
203,RF,Regions Financial Corporation,Financial Services,Banks - Regional,Core,25.3,30.03,30.86,16.5,17.3,10.0,0.0,ok,0.0,financial_na,,,False,43.8,10.4,,3.4,0.0,11.9,44.6,5.5,7.2,0.092,0.262,GOOG,,123,17.3,14.0,,False
204,CB,Chubb Limited,Financial Services,Insurance - Property & Casualt,Core,131.9,341.85,347.48,18.5,15.3,10.0,0.0,ok,0.0,financial_na,,,False,43.8,11.7,8.0,6.1,31.1,14.8,51.0,4.6,-9.0,-0.445,0.458,TSM,,123,15.3,14.0,,False
205,USB,U.S. Bancorp,Financial Services,Banks - Regional,Core,96.9,62.68,63.16,17.5,16.3,10.0,0.0,ok,0.0,financial_na,,,False,43.8,10.8,,10.4,0.0,12.6,54.6,10.5,11.2,0.123,0.252,GOOG,,123,16.3,14.0,,False
206,MTD,"Mettler-Toledo International, ",Healthcare,Diagnostics & Research,Core,26.7,1285.75,1362.23,16.5,17.8,10.0,0.0,ok,-0.5,ok,1.64,,False,43.8,25.7,2.6,4.5,60.3,,16.8,-2.4,-3.4,0.161,0.16,CEG,,123,17.8,17.0,,False
207,BXP,"BXP, Inc.",Real Estate,REIT - Office,Core,11.5,64.5,68.43,18.0,20.7,10.0,0.0,ok,-5.0,ok,9.81,,False,43.7,28.7,7.6,3.7,56.5,5.3,40.1,2.3,12.8,0.056,0.187,GOOG,,123,20.7,16.0,,False
208,ONTO,Onto Innovation Inc.,Technology,Semiconductor Equipment & Mate,Growth,14.9,250.13,287.43,14.0,21.7,10.0,-2.0,ok,0.0,ok,-1.33,,False,43.7,20.9,1.4,35.3,55.5,6.8,32.0,2.6,19.0,0.607,0.734,ETN,,123,21.7,14.0,,False
209,JBL,Jabil Inc.,Technology,Electronic Components,Core,31.0,298.72,321.76,16.5,19.7,10.0,-2.0,ok,-0.5,ok,1.08,,False,43.7,17.6,3.9,11.8,9.2,65.9,38.5,1.3,6.3,0.637,0.732,ETN,,123,19.7,13.0,,False
210,ACGL,Arch Capital Group Ltd.,Financial Services,Insurance - Diversified,Core,33.1,97.95,99.96,16.5,17.2,10.0,0.0,ok,0.0,financial_na,,,False,43.7,9.9,13.0,-10.5,38.8,19.9,44.9,1.8,-8.2,-0.37,0.436,TSM,,123,17.2,14.0,,False
211,ALB,Albemarle Corporation,Basic Materials,Specialty Chemicals,Growth,13.4,115.03,127.14,19.0,14.6,10.0,0.0,ok,0.0,ok,0.25,,False,43.6,10.0,10.0,31.1,24.0,2.6,21.0,-26.5,-40.2,0.254,0.255,CEG,,123,14.6,11.0,,False
212,INVH,Invitation Homes Inc.,Real Estate,REIT - Residential,Core,16.3,27.59,29.69,19.0,18.1,10.0,0.0,ok,-3.5,ok,5.65,,False,43.6,38.9,7.2,10.1,56.3,7.1,11.8,-0.5,-1.2,-0.16,0.29,AVGO,,123,18.1,16.0,,False
213,WTW,Willis Towers Watson Public Li,Financial Services,Insurance Brokers,Core,29.9,323.71,320.26,17.5,16.1,10.0,0.0,ok,0.0,financial_na,,,False,43.6,14.1,4.7,9.1,42.5,19.8,38.5,8.0,-0.8,-0.138,0.456,MSFT,,123,16.1,15.0,,False
214,ABT,Abbott Laboratories,Healthcare,Medical Devices,Core,177.7,103.09,105.32,18.5,16.5,10.0,0.0,ok,-1.5,ok,2.32,,False,43.5,16.8,4.1,13.0,56.8,10.6,13.3,-2.2,-16.9,-0.198,0.322,AVGO,,123,16.5,16.0,,False
215,GEN,Gen Digital Inc.,Technology,Software - Infrastructure,Core,18.7,31.41,29.84,22.0,14.0,10.0,0.0,ok,-2.5,ok,3.17,,False,43.5,9.4,8.3,6.3,78.0,41.9,66.3,27.8,39.8,0.149,0.406,MSFT,,123,14.0,17.0,,False
216,NDSN,Nordson Corporation,Industrials,Specialty Industrial Machinery,Core,17.2,308.31,305.78,18.0,16.0,10.0,0.0,ok,-0.5,ok,1.78,,False,43.5,23.8,3.6,10.3,55.4,17.8,19.3,9.9,2.6,0.383,0.461,ETN,,123,16.0,15.0,,False
217,TRV,"The Travelers Companies, Inc.",Financial Services,Insurance - Property & Casualt,Core,78.8,378.05,366.23,20.0,13.5,10.0,0.0,ok,0.0,financial_na,,,False,43.5,12.5,18.7,0.3,34.7,26.5,64.7,20.5,12.0,-0.285,0.308,TSM,,123,13.5,14.0,,False
218,FDX,FedEx Corporation,Industrials,Integrated Freight & Logistics,Core,73.0,312.57,318.98,18.0,17.0,10.0,0.0,ok,-1.5,ok,2.48,,False,43.5,14.8,7.8,12.5,27.3,14.8,39.1,-6.4,-24.1,0.193,0.237,GOOG,,123,17.0,14.0,,False
219,DOV,Dover Corporation,Industrials,Specialty Industrial Machinery,Core,25.5,189.15,204.74,16.0,17.5,10.0,0.0,ok,0.0,ok,0.79,,False,43.5,16.3,3.6,6.9,40.1,14.9,32.6,-9.9,-20.2,0.371,0.52,ETN,,123,17.5,15.0,,False
220,ULTA,"Ulta Beauty, Inc.",Consumer Cyclical,Specialty Retail,Core,23.3,548.65,521.22,18.5,15.5,10.0,0.0,ok,-0.5,ok,1.19,,False,43.5,17.0,3.9,8.9,43.1,46.1,59.8,-1.5,-10.5,0.09,0.162,MSFT,,123,15.5,12.0,,False
221,CF,"CF Industries Holdings, Inc.",Basic Materials,Agricultural Inputs,Cyclical,20.5,131.24,124.68,22.0,11.4,10.0,0.0,ok,0.0,ok,0.29,,False,43.4,12.7,6.2,17.6,42.5,29.9,52.3,20.6,-11.2,-0.373,0.329,GOOG,,123,11.4,12.0,,False
222,EW,Edwards Lifesciences Corporati,Healthcare,Medical Devices,Core,49.4,85.52,89.25,16.5,16.9,10.0,0.0,ok,0.0,ok,-1.78,,False,43.4,25.4,2.5,13.6,77.8,9.2,27.8,0.6,-8.4,0.163,0.291,GOOG,,123,16.9,17.0,,False
223,TMUS,"T-Mobile US, Inc.",Communication Services,Telecom Services,Core,193.6,182.9,181.85,18.5,17.4,10.0,0.0,ok,-2.5,ok,3.42,,False,43.4,12.5,5.9,7.9,63.1,18.0,49.8,-5.5,-28.8,-0.224,0.356,TSM,,123,17.4,17.0,,False
224,ACN,Accenture plc,Technology,Information Technology Service,Core,118.3,195.0,185.25,18.5,14.9,10.0,0.0,ok,0.0,ok,-0.14,,False,43.4,13.2,10.2,5.6,32.0,24.4,58.2,-2.9,-12.9,-0.198,0.476,ETN,,123,14.9,15.0,,False
225,HST,"Host Hotels & Resorts, Inc.",Real Estate,REIT - Hotel & Motel,Core,15.4,22.37,23.33,17.0,17.9,10.0,0.0,ok,-1.5,ok,2.18,,False,43.4,21.0,11.0,3.6,29.2,15.6,33.8,7.0,9.2,0.087,0.29,GOOG,,123,17.9,15.0,,False
226,APA,APA Corporation,Energy,Oil & Gas E&P,Cyclical,16.6,45.03,42.78,21.0,12.3,10.0,0.0,ok,0.0,ok,0.6,,False,43.3,10.8,12.9,9.2,78.3,26.7,57.8,33.1,18.6,-0.346,0.31,GOOG,,123,12.3,14.0,,False
227,TTD,"The Trade Desk, Inc.",Communication Services,Advertising Agencies,Speculative,7.0,14.97,16.23,19.5,13.8,10.0,0.0,ok,0.0,ok,-1.51,,False,43.3,15.1,8.3,3.0,76.9,15.4,69.1,-39.0,-58.2,0.061,0.295,MSFT,,123,13.8,15.0,,False
228,CHD,"Church & Dwight Company, Inc.",Consumer Defensive,Household & Personal Products,Core,22.4,94.58,99.05,17.5,16.3,10.0,0.0,ok,-0.5,ok,1.6,,False,43.3,23.4,4.2,1.6,45.6,17.0,34.5,-0.3,-15.9,-0.139,0.246,AVGO,,123,16.3,17.0,,False
229,LDOS,"Leidos Holdings, Inc.",Technology,Information Technology Service,Core,16.3,132.83,126.19,17.0,17.8,10.0,0.0,ok,-1.5,ok,2.45,,False,43.3,10.1,7.1,7.2,17.8,27.8,36.4,-12.5,-36.4,0.075,0.201,MSFT,,123,17.8,15.0,,False
230,SHW,Sherwin-Williams Company (The),Basic Materials,Specialty Chemicals,Cyclical,78.5,324.5,341.21,18.5,17.3,10.0,0.0,ok,-2.5,ok,3.13,,False,43.3,23.8,3.2,7.5,49.0,65.1,28.5,-2.8,-11.5,0.236,0.313,GOOG,,123,17.3,12.0,,False
231,NWSA,News Corporation,Communication Services,Entertainment,Core,16.3,30.56,29.03,18.0,15.3,10.0,0.0,ok,0.0,ok,0.61,,False,43.3,20.1,6.4,10.8,57.2,8.0,52.0,16.4,16.0,-0.129,0.371,ETN,,123,15.3,14.0,,False
232,BKR,Baker Hughes Company,Energy,Oil & Gas Equipment & Services,Cyclical,56.3,56.78,60.39,16.0,17.3,10.0,0.0,ok,0.0,ok,-0.16,,False,43.3,18.2,7.8,-2.4,23.7,16.5,26.9,-3.1,-8.0,0.209,0.312,CEG,,123,17.3,14.0,,False
233,MCHP,Microchip Technology Incorpora,Technology,Semiconductors,Growth,38.8,71.48,78.52,17.5,20.2,10.0,-2.0,ok,-2.5,ok,3.4,,False,43.2,15.7,3.5,38.0,60.2,7.2,34.8,-8.0,2.5,0.551,0.611,ETN,,123,20.2,15.0,,False
234,CAT,"Caterpillar, Inc.",Industrials,Farm & Heavy Construction Mach,Core,360.2,784.0,855.49,18.0,18.7,10.0,-2.0,ok,-1.5,ok,2.41,,False,43.2,24.2,1.4,24.0,29.7,57.0,35.6,0.8,0.2,0.544,0.8,ETN,,123,18.7,14.0,,False
235,MCD,McDonald's Corporation,Consumer Cyclical,Restaurants,Core,178.9,257.49,268.33,16.5,19.2,10.0,0.0,ok,-2.5,ok,3.6,,False,43.2,18.1,3.5,3.7,57.4,,31.1,-12.5,-34.1,-0.142,0.248,NVDA,,123,19.2,12.0,,False
236,VRSK,"Verisk Analytics, Inc.",Industrials,Consulting Services,Core,23.6,187.03,190.4,18.0,16.6,10.0,0.0,ok,-1.5,ok,2.68,,False,43.1,20.7,4.5,4.4,70.2,,49.5,-3.3,-20.0,-0.339,0.552,ETN,,123,16.6,18.0,,False
237,IBM,International Business Machine,Technology,Information Technology Service,Core,234.0,249.09,238.11,20.0,15.6,10.0,0.0,ok,-2.5,ok,3.47,,False,43.1,18.9,5.1,1.1,58.1,34.5,60.6,-4.1,-11.1,0.085,0.314,MSFT,,123,15.6,16.0,,False
238,ARM,Arm Holdings plc,Technology,Semiconductors,Core,258.3,239.01,266.56,16.5,18.5,10.0,-2.0,ok,0.0,ok,-3.2,,False,43.0,79.3,0.5,22.4,97.5,13.4,47.9,17.1,93.5,0.578,0.609,TSM,,123,18.5,15.0,,False
239,FTV,Fortive Corporation,Technology,Scientific & Technical Instrum,Core,17.2,55.19,60.19,17.0,17.5,10.0,0.0,ok,-1.5,ok,2.61,,False,43.0,17.4,5.5,7.9,63.2,7.3,26.6,-5.0,-11.3,0.189,0.278,VRT,,123,17.5,15.0,,False
240,FRT,Federal Realty Investment Trus,Real Estate,REIT - Retail,Speculative,9.9,114.53,120.25,18.5,18.0,10.0,0.0,ok,-3.5,ok,5.65,,False,43.0,35.7,4.6,7.2,68.1,12.6,36.8,3.2,-2.2,-0.066,0.145,CEG,,123,18.0,17.0,,False
241,MAR,Marriott International,Consumer Cyclical,Lodging,Core,87.9,340.46,358.68,17.5,18.0,10.0,0.0,ok,-2.5,ok,3.6,,False,43.0,25.6,2.3,11.1,79.2,,36.8,-1.5,-4.5,0.076,0.249,GOOG,,123,18.0,13.0,,False
242,CMG,"Chipotle Mexican Grill, Inc.",Consumer Cyclical,Restaurants,Core,44.1,37.03,35.18,18.5,16.0,10.0,0.0,ok,-1.5,ok,2.08,,False,43.0,25.4,2.5,9.3,39.4,49.6,50.8,5.9,0.9,0.064,0.328,MSFT,,123,16.0,11.0,,False
243,CFG,"Citizens Financial Group, Inc.",Financial Services,Banks - Regional,Core,29.6,70.54,71.41,16.0,17.0,10.0,0.0,ok,0.0,financial_na,,,False,43.0,10.8,,14.7,0.0,8.3,53.8,10.1,14.7,0.182,0.229,ETN,,123,17.0,14.0,,False
244,DECK,Deckers Outdoor Corporation,Consumer Cyclical,Footwear & Accessories,Core,10.6,80.54,95.54,21.0,12.0,10.0,0.0,ok,0.0,ok,-0.85,,True,43.0,9.3,8.3,5.7,57.8,42.6,24.3,-21.4,-33.0,0.207,0.351,GOOG,,123,15.9,12.0,,False
245,TMO,Thermo Fisher Scientific Inc,Healthcare,Diagnostics & Research,Core,237.2,613.62,582.94,17.0,18.5,10.0,0.0,ok,-2.5,ok,3.28,,False,43.0,23.3,2.6,10.5,41.0,13.5,41.2,14.4,19.2,0.044,0.158,MSFT,,123,18.5,16.0,,False
246,TYL,"Tyler Technologies, Inc.",Technology,Software - Application,Core,14.5,359.54,341.56,16.0,17.5,10.0,0.0,ok,-0.5,ok,1.06,,False,43.0,23.0,4.1,8.2,47.2,9.7,53.6,1.2,-10.2,-0.237,0.552,ETN,,123,17.5,16.0,,False
247,AIZ,"Assurant, Inc.",Financial Services,Insurance - Property & Casualt,Core,14.1,283.27,281.68,15.5,17.4,10.0,0.0,ok,0.0,financial_na,,,False,42.9,12.2,15.2,9.4,13.3,18.3,48.9,14.8,16.7,-0.05,0.168,TSM,,123,17.4,14.0,,False
248,GRMN,Garmin Ltd.,Technology,Scientific & Technical Instrum,Core,53.8,280.38,275.69,17.0,15.9,10.0,0.0,ok,0.0,ok,-1.06,,False,42.9,25.3,1.9,11.4,60.1,21.9,30.8,17.0,7.1,0.188,0.194,TSM,,123,15.9,15.0,,False
249,MTB,M&T Bank Corporation,Financial Services,Banks - Regional,Core,34.1,237.82,244.79,16.5,16.3,10.0,0.0,ok,0.0,financial_na,,,False,42.8,11.2,,6.2,0.0,10.7,45.1,7.5,8.2,0.058,0.235,GOOG,,123,16.3,14.0,,False
250,AAPL,Apple Inc.,Technology,Consumer Electronics,Core,4835.6,333.08,317.99,20.5,12.3,10.0,0.0,ok,0.0,ok,0.13,,False,42.8,34.6,2.2,16.4,48.7,148.8,71.0,17.0,20.3,0.045,0.169,ETN,,123,12.3,14.0,,False
251,PHM,"PulteGroup, Inc.",Consumer Cyclical,Residential Construction,Core,22.8,118.94,127.37,15.0,17.7,10.0,0.0,ok,0.0,ok,0.42,,False,42.7,10.6,4.7,-9.6,25.6,14.9,29.9,-5.0,-12.9,0.168,0.214,GOOG,,123,17.7,11.0,,False
252,JKHY,"Jack Henry & Associates, Inc.",Technology,Information Technology Service,Core,10.8,164.55,157.0,17.5,15.2,10.0,0.0,ok,0.0,ok,0.09,,False,42.7,19.7,3.3,4.7,43.9,24.0,47.4,3.1,-15.4,-0.183,0.447,ETN,,123,15.2,16.0,,False
253,WM,"Waste Management, Inc.",Industrials,Waste Management,Core,86.8,218.09,227.76,17.5,16.7,10.0,0.0,ok,-1.5,ok,2.93,,False,42.7,23.8,2.7,4.0,40.6,29.8,39.4,-3.0,-21.5,-0.445,0.469,TSM,,123,16.7,15.0,,False
254,JNJ,Johnson & Johnson,Healthcare,Drug Manufacturers - General,Core,643.9,266.32,262.72,18.5,14.2,10.0,0.0,ok,0.0,ok,0.81,,False,42.7,21.8,2.6,6.6,68.1,25.7,45.0,12.5,-2.7,-0.414,0.408,AVGO,,123,14.2,17.0,,False
255,UDR,"UDR, Inc.",Real Estate,REIT - Residential,Core,12.9,35.37,38.33,18.5,17.7,10.0,0.0,ok,-3.5,ok,5.76,,False,42.7,62.3,6.0,-0.1,66.6,13.7,21.4,-4.0,-11.8,-0.232,0.355,AVGO,,123,17.7,17.0,,False
256,MAA,Mid-America Apartment Communit,Real Estate,REIT - Residential,Core,14.9,125.6,132.67,18.0,18.2,10.0,0.0,ok,-3.5,ok,4.57,,False,42.7,38.0,6.2,1.0,58.4,7.0,30.0,-4.2,-12.3,-0.277,0.371,AVGO,,123,18.2,16.0,,False
257,KVUE,Kenvue Inc.,Consumer Defensive,Household & Personal Products,Core,34.4,17.91,19.08,17.5,16.6,10.0,0.0,ok,-1.5,ok,2.16,,False,42.6,14.5,5.5,3.0,58.4,15.6,30.6,0.5,-9.3,-0.13,0.241,ETN,,123,16.6,17.0,,False
258,NOW,"ServiceNow, Inc.",Technology,Software - Application,Core,146.7,142.35,135.23,18.0,15.1,10.0,0.0,ok,-0.5,ok,1.31,,False,42.6,28.3,3.5,24.0,74.8,14.2,59.8,20.6,12.3,0.092,0.517,MSFT,,123,15.1,17.0,,False
259,ORLY,"O'Reilly Automotive, Inc.",Consumer Cyclical,Auto Parts,Core,68.9,87.22,88.61,15.5,18.6,10.0,0.0,ok,-1.5,ok,2.24,,False,42.6,23.3,2.3,8.1,51.6,,42.5,-5.1,-17.7,-0.149,0.193,NVDA,,123,18.6,12.0,,False
260,TDG,Transdigm Group Incorporated,Industrials,Aerospace & Defense,Core,60.7,1111.22,1226.35,18.5,19.0,10.0,0.0,ok,-5.0,ok,6.03,,False,42.5,22.4,2.4,22.5,59.8,,17.5,-12.2,-21.5,0.218,0.358,GOOG,,123,19.0,15.0,,False
261,FFIV,"F5, Inc.",Technology,Software - Infrastructure,Core,24.4,411.49,403.83,18.0,14.5,10.0,0.0,ok,0.0,ok,-1.47,,False,42.5,23.8,2.9,10.9,81.9,19.8,61.2,24.4,29.3,0.316,0.295,AVGO,,123,14.5,17.0,,False
262,AME,"AMETEK, Inc.",Industrials,Specialty Industrial Machinery,Core,53.7,233.65,241.11,17.0,17.5,10.0,-2.0,ok,0.0,ok,0.73,,False,42.5,24.5,2.8,15.0,36.9,14.6,40.5,3.1,-3.8,0.503,0.715,ETN,,123,17.5,14.0,,False
263,FAST,Fastenal Company,Industrials,Industrial Distribution,Core,56.7,49.44,48.81,17.0,15.5,10.0,0.0,ok,0.0,ok,0.12,,False,42.5,35.2,1.6,14.7,44.7,34.3,38.9,8.9,-3.6,0.097,0.268,ETN,,123,15.5,15.0,,False
264,NKE,"Nike, Inc.",Consumer Cyclical,Footwear & Accessories,Core,53.7,37.05,41.16,16.5,15.9,10.0,0.0,ok,0.0,ok,0.41,,False,42.4,15.8,3.5,-1.1,43.2,22.1,27.4,-27.0,-44.3,0.069,0.211,MSFT,,123,15.9,12.0,,False
265,KO,Coca-Cola Company (The),Consumer Defensive,Beverages - Non-Alcoholic,Core,381.7,89.35,86.57,17.0,15.9,10.0,0.0,ok,-0.5,ok,1.64,,False,42.4,25.2,1.4,6.7,61.9,42.1,41.7,13.7,2.6,-0.333,0.402,ETN,,123,15.9,18.0,,False
266,IEX,IDEX Corporation,Industrials,Specialty Industrial Machinery,Core,16.4,222.14,228.54,16.0,16.9,10.0,0.0,ok,-0.5,ok,1.31,,False,42.4,23.2,3.4,6.4,44.7,13.0,30.5,7.3,5.1,0.296,0.442,ETN,,123,16.9,15.0,,False
267,ZBRA,Zebra Technologies Corporation,Technology,Communication Equipment,Core,16.3,351.81,334.22,18.0,15.9,10.0,0.0,ok,-1.5,ok,2.37,,False,42.4,15.4,3.5,20.4,49.6,15.3,38.5,35.5,60.6,0.334,0.315,AVGO,,123,15.9,14.0,,False
268,TFC,Truist Financial Corporation,Financial Services,Banks - Regional,Core,61.6,50.1,51.52,15.0,17.4,10.0,0.0,ok,0.0,financial_na,,,False,42.4,10.1,,8.2,0.0,9.1,47.7,1.5,2.6,0.039,0.177,GOOG,,123,17.4,14.0,,False
269,FIX,"Comfort Systems USA, Inc.",Industrials,Engineering & Construction,Core,55.5,1582.8,1686.67,17.0,17.3,10.0,-2.0,ok,0.0,ok,0.12,,False,42.3,26.2,3.3,1.0,25.7,55.3,41.7,5.1,3.0,0.622,0.79,ETN,,123,17.3,14.0,,False
270,EL,"Estee Lauder Companies, Inc. (",Consumer Defensive,Household & Personal Products,Core,34.8,98.22,93.31,17.0,16.8,10.0,0.0,ok,-1.5,ok,2.34,,False,42.3,24.6,5.2,6.3,75.5,4.7,42.3,6.3,-1.2,0.188,0.283,GOOG,,123,16.8,18.0,,False
271,SWK,"Stanley Black & Decker, Inc.",Industrials,Tools & Accessories,Core,13.4,88.89,95.03,15.5,18.3,10.0,0.0,ok,-1.5,ok,2.58,,False,42.3,13.9,10.6,0.4,32.2,6.9,22.5,8.2,13.8,0.373,0.404,TSM,,123,18.3,14.0,,False
272,DLR,"Digital Realty Trust, Inc.",Real Estate,REIT - Specialty,Core,67.7,179.14,186.82,19.0,16.7,10.0,0.0,ok,-3.5,ok,5.66,,False,42.2,62.0,5.6,29.9,57.0,2.9,33.1,0.1,-13.2,0.238,0.366,CEG,,123,16.7,16.0,,False
273,HPE,Hewlett Packard Enterprise Com,Technology,Communication Equipment,Growth,74.2,55.41,52.64,19.0,14.6,10.0,0.0,ok,-1.5,ok,2.05,,False,42.1,12.2,6.4,33.7,36.6,10.9,53.9,63.4,145.5,0.433,0.507,AVGO,,123,14.6,13.0,,False
274,DDOG,"Datadog, Inc.",Technology,Software - Application,Growth,82.7,230.05,246.72,15.0,17.1,10.0,0.0,ok,0.0,ok,-44.73,,False,42.1,77.5,1.3,35.6,79.5,4.7,47.3,29.6,71.8,0.136,0.301,MSFT,,123,17.1,17.0,,False
275,COP,ConocoPhillips,Energy,Oil & Gas E&P,Growth,169.7,136.67,129.84,19.5,12.6,10.0,0.0,ok,0.0,ok,0.58,,False,42.1,14.6,4.5,35.5,47.6,14.2,54.7,20.9,0.0,-0.391,0.411,GOOG,,123,12.6,13.0,,False
276,PKG,Packaging Corporation of Ameri,Consumer Cyclical,Packaging & Containers,Core,20.6,233.26,241.69,15.5,17.1,10.0,0.0,ok,-0.5,ok,1.91,,False,42.1,17.6,2.1,14.7,21.4,14.9,29.7,4.4,-4.2,0.128,0.254,ETN,,123,17.1,11.0,,False
277,DOC,"Healthpeak Properties, Inc.",Real Estate,REIT - Healthcare Facilities,Core,14.3,20.37,21.45,18.0,17.5,10.0,0.0,ok,-3.5,ok,5.53,,False,42.0,144.0,11.5,11.1,57.6,3.0,23.9,10.3,9.1,0.02,0.153,GOOG,,123,17.5,16.0,,False
278,OTIS,Otis Worldwide Corporation,Industrials,Specialty Industrial Machinery,Core,26.1,70.18,72.13,15.5,19.0,10.0,0.0,ok,-2.5,ok,3.04,,False,42.0,15.1,5.5,7.3,30.3,,44.2,-11.4,-28.1,0.047,0.206,GOOG,,123,19.0,14.0,,False
279,REGN,"Regeneron Pharmaceuticals, Inc",Healthcare,Biotechnology,Core,79.7,793.74,754.05,17.0,15.0,10.0,0.0,ok,0.0,ok,-1.12,,False,42.0,12.8,3.8,16.7,44.5,14.0,37.9,8.2,-6.5,0.138,0.189,MSFT,,123,15.0,16.0,,False
280,L,Loews Corporation,Financial Services,Insurance - Property & Casualt,Core,22.3,109.2,113.37,16.0,15.9,10.0,0.0,ok,0.0,financial_na,,,False,41.9,37.7,5.7,3.9,36.3,9.3,46.7,0.3,-11.9,-0.241,0.287,TSM,,123,15.9,14.0,,False
281,C,"Citigroup, Inc.",Financial Services,Banks - Diversified,Core,228.4,136.18,134.98,16.0,15.9,10.0,0.0,ok,0.0,financial_na,,,False,41.9,10.6,,15.5,0.0,8.5,63.9,10.2,16.5,0.452,0.417,TSM,,123,15.9,14.0,,False
282,WAB,Westinghouse Air Brake Technol,Industrials,Railroads,Core,47.0,278.42,284.47,17.0,16.3,10.0,0.0,ok,-1.5,ok,2.37,,False,41.8,22.4,2.3,17.5,35.7,11.6,23.2,8.8,4.6,0.335,0.552,ETN,,123,16.3,14.0,,False
283,MSI,"Motorola Solutions, Inc.",Technology,Communication Equipment,Core,77.6,474.13,450.42,19.5,13.8,10.0,0.0,ok,-1.5,ok,2.37,,False,41.8,24.2,2.5,13.3,52.1,91.6,44.7,11.8,-12.5,0.025,0.119,MSFT,,123,13.8,14.0,,False
284,BSX,Boston Scientific Corporation,Healthcare,Medical Devices,Core,63.6,45.05,46.98,17.0,16.3,10.0,0.0,ok,-1.5,ok,2.12,,False,41.8,12.8,3.9,7.5,69.2,15.3,33.8,-31.4,-47.8,0.034,0.18,CEG,,123,16.3,17.0,,False
285,FOXA,Fox Corporation,Communication Services,Entertainment,Core,28.4,68.53,65.1,15.5,16.3,10.0,0.0,ok,0.0,ok,0.87,,False,41.8,11.6,2.0,28.1,36.6,14.3,50.0,8.2,6.5,-0.067,0.227,CEG,,123,16.3,13.0,,False
286,VEEV,Veeva Systems Inc.,Healthcare,Health Information Services,Core,43.2,265.67,252.39,18.0,13.8,10.0,0.0,ok,0.0,ok,-6.59,,False,41.8,26.0,2.9,17.6,75.0,14.4,59.3,33.8,35.6,0.05,0.413,MSFT,,123,13.8,19.0,,False
287,MRK,"Merck & Company, Inc.",Healthcare,Drug Manufacturers - General,Core,354.8,144.85,137.61,16.0,16.2,10.0,0.0,ok,-0.5,ok,1.62,,False,41.7,15.1,4.3,5.1,75.9,7.0,36.6,21.7,13.3,-0.18,0.294,AVGO,,123,16.2,17.0,,False
288,PFG,Principal Financial Group Inc,Financial Services,Asset Management,Core,25.3,116.9,112.78,17.5,14.2,10.0,0.0,ok,0.0,financial_na,,,False,41.7,11.4,4.2,6.4,47.3,12.9,64.3,17.9,23.3,0.133,0.279,GOOG,,123,14.2,15.0,,False
289,NSC,Norfolk Southern Corporation,Industrials,Railroads,Core,71.9,320.05,335.79,15.5,17.7,10.0,0.0,ok,-1.5,ok,2.84,,False,41.7,22.4,1.9,11.4,45.2,17.0,14.2,3.7,-1.9,-0.079,0.173,MSFT,,123,17.7,15.0,,False
290,JBHT,"J.B. Hunt Transport Services, ",Industrials,Integrated Freight & Logistics,Core,25.6,274.99,275.08,14.0,17.7,10.0,0.0,ok,0.0,ok,0.84,,False,41.7,27.0,3.5,19.4,18.5,18.4,49.7,14.9,24.6,0.168,0.216,VRT,,123,17.7,14.0,,False
291,TKO,"TKO Group Holdings, Inc.",Communication Services,Entertainment,Core,36.0,193.72,188.43,16.5,16.7,10.0,0.0,ok,-1.5,ok,2.69,,False,41.7,40.5,2.4,18.2,59.5,7.1,50.7,-1.7,-13.0,0.106,0.164,GOOG,,123,16.7,14.0,,False
292,TXT,Textron Inc.,Industrials,Aerospace & Defense,Core,14.0,80.58,86.95,13.0,19.2,10.0,0.0,ok,-0.5,ok,1.65,,False,41.7,11.1,3.2,3.0,17.6,12.1,39.6,-10.5,-24.4,0.246,0.408,ETN,,123,19.2,14.0,,False
293,JCI,Johnson Controls International,Industrials,Building Products & Equipment,Core,83.8,137.76,144.61,16.0,17.2,10.0,0.0,ok,-1.5,ok,2.04,,False,41.7,22.9,3.6,9.3,36.7,14.3,40.0,1.9,-6.8,0.479,0.761,ETN,,123,17.2,14.0,,False
294,CSGP,"CoStar Group, Inc.",Real Estate,Real Estate Services,Core,12.8,31.52,30.37,16.5,15.1,10.0,0.0,ok,0.0,ok,-0.28,,False,41.6,17.8,3.2,18.4,78.7,0.9,45.7,-26.7,-40.7,-0.177,0.463,ETN,,123,15.1,19.0,,False
295,BDX,"Becton, Dickinson and Company",Healthcare,Medical Instruments & Supplies,Core,50.6,182.91,173.76,17.0,16.1,10.0,0.0,ok,-1.5,ok,2.63,,False,41.6,14.0,8.8,5.4,46.9,6.6,33.8,14.3,1.8,-0.103,0.267,VRT,,123,16.1,16.0,,False
296,FTNT,"Fortinet, Inc.",Technology,Software - Infrastructure,Core,126.5,170.18,161.67,19.0,12.6,10.0,0.0,ok,0.0,ok,-1.35,,False,41.6,45.6,1.8,25.6,80.2,117.4,62.5,52.4,91.0,0.207,0.286,MSFT,,123,12.6,17.0,,False
297,ESS,"Essex Property Trust, Inc.",Real Estate,REIT - Residential,Core,19.0,275.73,287.72,17.0,18.1,10.0,0.0,ok,-3.5,ok,5.43,,False,41.6,43.8,5.5,3.1,68.8,7.7,33.6,3.7,-1.4,-0.214,0.344,AVGO,,123,18.1,17.0,,False
298,LYV,"Live Nation Entertainment, Inc",Communication Services,Entertainment,Core,39.7,171.49,180.63,16.0,16.1,10.0,0.0,ok,-0.5,ok,1.43,,False,41.6,90.2,4.3,9.4,25.8,17.7,32.8,6.4,-1.6,0.175,0.228,GOOG,,123,16.1,13.0,,False
299,COST,Costco Wholesale Corporation,Consumer Defensive,Discount Stores,Core,399.7,918.91,941.07,14.0,17.6,10.0,0.0,ok,0.0,ok,-0.07,,False,41.6,39.8,1.7,21.5,12.9,29.2,39.0,-4.2,-21.7,-0.328,0.347,AVGO,,123,17.6,16.0,,False
300,APTV,Aptiv PLC,Consumer Cyclical,Auto Parts,Speculative,9.3,44.79,52.07,15.5,16.5,10.0,0.0,ok,-0.5,ok,1.52,,False,41.5,6.7,17.5,2.3,19.3,5.2,36.4,-31.9,-49.4,0.25,0.284,TSM,,123,16.5,11.0,,False
301,CPB,The Campbell's Company,Consumer Defensive,Packaged Foods,Speculative,6.4,21.25,22.6,16.0,19.0,10.0,0.0,ok,-3.5,ok,4.15,,False,41.5,11.6,11.7,-7.9,28.6,10.1,26.9,-10.1,-13.3,-0.275,0.359,ETN,,123,19.0,16.0,,False
302,EXPD,Expeditors International of Wa,Industrials,Integrated Freight & Logistics,Growth,25.2,193.61,183.93,17.5,14.0,10.0,0.0,ok,0.0,ok,-0.37,,False,41.5,24.5,3.2,32.1,13.5,42.7,63.7,21.3,22.9,-0.022,0.166,CEG,,123,14.0,14.0,,False
303,PLD,"Prologis, Inc.",Real Estate,REIT - Industrial,Core,132.0,135.19,141.93,18.0,16.9,10.0,0.0,ok,-3.5,ok,5.24,,False,41.4,39.9,4.1,12.3,75.5,7.7,30.7,-1.4,-9.5,0.039,0.174,CEG,,123,16.9,17.0,,False
304,CRM,"Salesforce, Inc.",Technology,Software - Application,Core,210.4,259.43,246.46,20.5,12.3,10.0,0.0,ok,-1.5,ok,2.4,,False,41.3,16.0,8.4,10.8,77.3,19.4,74.5,29.2,21.9,0.031,0.411,MSFT,,123,12.3,17.0,,False
305,TTWO,"Take-Two Interactive Software,",Communication Services,Electronic Gaming & Multimedia,Core,39.6,222.91,237.23,13.5,18.3,10.0,0.0,ok,-0.5,ok,1.46,,False,41.3,20.6,3.2,2.0,57.1,-9.0,32.3,-2.0,-6.1,0.206,0.311,MSFT,,123,18.3,14.0,,False
306,COIN,"Coinbase Global, Inc.",Financial Services,Financial Data & Stock Exchang,Core,45.4,191.45,181.88,14.0,17.2,10.0,0.0,ok,0.0,financial_na,,,False,41.2,61.7,5.9,-17.3,85.8,-7.8,52.0,0.0,-15.0,0.376,0.342,NVDA,,123,17.2,16.0,,False
307,SJM,The J.M. Smucker Company,Consumer Defensive,Packaged Foods,Core,13.0,121.3,120.11,17.0,16.7,10.0,0.0,ok,-2.5,ok,3.05,,False,41.2,11.2,11.3,5.0,38.0,3.9,42.8,14.2,2.7,-0.329,0.454,ETN,,123,16.7,16.0,,False
308,PSX,Phillips 66,Energy,Oil & Gas Refining & Marketing,Growth,105.7,257.06,244.21,19.0,12.6,10.0,0.0,ok,-0.5,ok,1.66,,False,41.1,10.8,4.3,53.1,13.1,23.5,67.2,47.8,36.9,-0.232,0.302,NVDA,,123,12.6,12.0,,False
309,WFC,Wells Fargo & Company,Financial Services,Banks - Diversified,Core,271.3,88.71,87.05,16.5,14.6,10.0,0.0,ok,0.0,financial_na,,,False,41.1,11.4,,9.5,0.0,12.6,70.1,4.7,7.5,0.068,0.144,ETN,,123,14.6,14.0,,False
310,MPC,Marathon Petroleum Corporation,Energy,Oil & Gas Refining & Marketing,Growth,119.9,396.45,376.63,21.0,10.6,10.0,0.0,ok,-0.5,ok,1.72,,False,41.1,9.6,7.7,53.7,12.8,42.1,77.5,61.5,62.3,-0.176,0.23,NVDA,,123,10.6,12.0,,False
311,CTAS,Cintas Corporation,Industrials,Specialty Business Services,Core,79.6,200.82,199.57,16.0,15.1,10.0,0.0,ok,0.0,ok,0.81,,False,41.1,32.5,1.8,8.9,50.7,40.7,43.6,7.5,-9.3,-0.148,0.247,AVGO,,123,15.1,17.0,,False
312,FICO,Fair Isaac Corporation,Technology,Software - Application,Core,21.3,1001.5,1149.92,18.5,16.1,10.0,0.0,ok,-3.5,ok,4.23,,False,41.1,18.6,3.6,25.7,85.1,,30.6,-22.3,-24.4,-0.248,0.382,ETN,,123,16.1,17.0,,False
313,AMCR,Amcor plc,Consumer Cyclical,Packaging & Containers,Core,19.6,42.25,45.33,16.0,17.6,10.0,0.0,ok,-2.5,ok,3.97,,False,41.1,9.7,7.7,25.9,20.0,9.4,12.1,-0.8,-8.8,0.221,0.302,GOOG,,123,17.6,11.0,,False
314,YUM,"Yum! Brands, Inc.",Consumer Cyclical,Restaurants,Core,38.4,146.33,152.21,16.5,18.0,10.0,0.0,ok,-3.5,ok,4.15,,False,41.0,20.1,2.2,12.2,45.3,,38.5,-5.3,-21.7,-0.039,0.141,ETN,,123,18.0,12.0,,False
315,TECH,Bio-Techne Corp,Healthcare,Biotechnology,Core,11.3,72.27,71.95,15.5,15.5,10.0,0.0,ok,0.0,ok,0.07,,False,41.0,31.4,2.0,1.3,66.2,9.0,48.2,18.1,29.4,0.047,0.135,CEG,,123,15.5,17.0,,False
316,DD,"DuPont de Nemours, Inc.",Basic Materials,Specialty Chemicals,Cyclical,17.3,124.29,137.58,15.5,15.5,10.0,0.0,ok,0.0,ok,0.91,,False,41.0,16.1,10.6,4.0,35.1,1.8,18.3,74.7,165.0,0.006,0.091,MSFT,,123,15.5,11.0,,False
317,HAL,Halliburton Company,Energy,Oil & Gas Equipment & Services,Cyclical,29.8,35.01,34.29,15.5,16.0,10.0,0.0,ok,-0.5,ok,1.49,,False,41.0,12.3,6.9,3.7,15.1,14.9,48.1,0.2,-9.0,-0.028,0.125,GOOG,,123,16.0,14.0,,False
318,VRSN,"VeriSign, Inc.",Technology,Software - Infrastructure,Core,26.9,298.6,283.67,16.5,14.9,10.0,0.0,ok,-0.5,ok,1.1,,False,40.9,27.0,3.1,6.0,88.5,,65.7,13.8,12.2,-0.122,0.316,TSM,,123,14.9,17.0,,False
319,MO,"Altria Group, Inc.",Consumer Defensive,Tobacco,Core,116.6,70.61,69.51,19.0,12.4,10.0,0.0,ok,-0.5,ok,1.41,,False,40.9,11.9,7.7,1.2,87.0,,69.0,6.9,-7.2,-0.489,0.466,TSM,,123,12.4,18.0,,False
320,XOM,ExxonMobil Holdings Corporatio,Energy,Oil & Gas Integrated,Growth,696.2,165.08,156.83,17.5,13.4,10.0,0.0,ok,0.0,ok,0.47,,False,40.9,15.7,3.0,44.1,29.8,12.6,49.9,13.9,-6.5,-0.417,0.374,TSM,,123,13.4,12.0,,False
321,SOLV,Solventum Corporation,Healthcare,Medical Instruments & Supplies,Core,15.3,89.82,85.33,18.5,15.9,10.0,0.0,ok,-3.5,ok,4.29,,False,40.9,12.5,3.2,2.2,54.8,34.0,51.1,15.8,21.6,0.02,0.282,GOOG,,123,15.9,16.0,,False
322,DHR,Danaher Corporation,Healthcare,Diagnostics & Research,Core,147.2,203.25,202.44,14.5,17.8,10.0,0.0,ok,-1.5,ok,2.93,,False,40.8,22.5,2.9,5.5,58.8,7.6,25.9,0.5,-4.2,-0.058,0.202,AVGO,,123,17.8,16.0,,False
323,EQR,Equity Residential,Real Estate,REIT - Residential,Core,24.6,63.66,67.42,17.0,17.3,10.0,0.0,ok,-3.5,ok,4.51,,False,40.8,41.4,5.8,2.1,62.3,8.0,32.1,1.2,-11.5,-0.2,0.303,AVGO,,106,17.3,17.0,,False
324,DVN,Devon Energy Corporation,Energy,Oil & Gas E&P,Growth,56.5,49.73,47.24,17.5,13.8,10.0,0.0,ok,-0.5,ok,1.23,,False,40.8,9.6,1.4,64.2,50.3,11.5,54.1,13.8,-5.4,-0.311,0.293,TSM,,123,13.8,13.0,,False
325,TAP,Molson Coors Beverage Company,Consumer Defensive,Beverages - Brewers,Speculative,7.3,39.08,40.97,13.5,18.8,10.0,0.0,ok,-1.5,ok,2.56,,False,40.8,8.0,12.8,-3.3,37.0,-19.5,22.5,-10.7,-23.3,-0.22,0.323,ETN,,123,18.8,16.0,,False
326,CVX,Chevron Corporation,Energy,Oil & Gas Integrated,Growth,427.2,212.17,201.56,20.5,10.3,10.0,0.0,ok,0.0,ok,0.56,,False,40.8,16.2,5.1,53.5,44.3,12.2,62.2,16.6,-5.1,-0.406,0.433,TSM,,123,10.3,13.0,,False
327,CRH,CRH PLC,Basic Materials,Building Materials,Cyclical,58.3,88.98,98.22,16.0,16.3,10.0,0.0,ok,-1.5,ok,2.17,,False,40.8,13.5,3.5,5.6,36.2,15.8,35.2,-19.6,-23.5,0.296,0.356,ETN,,123,16.3,11.0,,False
328,IVZ,Invesco Ltd,Financial Services,Asset Management,Core,13.6,31.51,30.87,16.5,16.3,10.0,-2.0,ok,0.0,financial_na,,,False,40.8,9.4,8.4,20.5,29.5,-0.6,45.6,15.7,25.1,0.52,0.406,VRT,,123,16.3,14.0,,False
329,ECL,Ecolab Inc.,Basic Materials,Specialty Chemicals,Cyclical,77.0,275.51,278.37,15.0,17.3,10.0,0.0,ok,-1.5,ok,2.12,,False,40.8,29.2,1.9,9.7,44.2,22.0,41.0,1.0,-12.2,0.042,0.206,GOOG,,123,17.3,12.0,,False
330,FCX,"Freeport-McMoRan, Inc.",Basic Materials,Copper,Cyclical,99.6,69.34,67.35,15.0,17.7,10.0,-2.0,ok,0.0,ok,0.66,,False,40.7,16.7,2.2,-7.3,38.3,14.8,35.3,12.7,10.3,0.542,0.558,TSM,,123,17.7,11.0,,False
331,LITE,Lumentum Holdings Inc.,Technology,Communication Equipment,Growth,75.3,835.03,824.6,14.0,16.7,10.0,0.0,ok,0.0,ok,-1.33,,False,40.7,21.1,0.3,109.3,44.2,-240.0,47.4,19.5,21.2,0.461,0.596,VRT,,123,16.7,14.0,,False
332,HLT,Hilton Worldwide Holdings Inc.,Consumer Cyclical,Lodging,Core,69.3,310.6,322.9,16.5,17.7,10.0,0.0,ok,-3.5,ok,4.21,,False,40.7,29.4,2.0,2.5,79.0,,33.6,-0.9,-6.4,0.194,0.313,GOOG,,123,17.7,13.0,,False
333,COHU,"Cohu, Inc.",Technology,Semiconductor Equipment & Mate,Growth,2.4,49.97,52.21,14.0,18.7,10.0,-2.0,ok,0.0,ok,-13.22,,False,40.7,27.1,2.8,38.4,44.0,-4.8,43.0,22.0,70.4,0.582,0.723,ETN,,123,18.7,14.0,,False
334,KDP,Keurig Dr Pepper Inc.,Consumer Defensive,Beverages - Non-Alcoholic,Growth,42.9,31.58,31.18,20.0,15.6,10.0,0.0,ok,-5.0,ok,6.66,,False,40.6,12.4,10.8,75.6,51.0,5.1,45.4,8.5,3.3,-0.143,0.175,NVDA,,123,15.6,17.0,,False
335,ZBH,"Zimmer Biomet Holdings, Inc.",Healthcare,Medical Devices,Core,18.8,96.54,95.39,17.0,15.1,10.0,0.0,ok,-1.5,ok,2.83,,False,40.6,10.9,5.7,4.8,69.5,6.4,38.2,5.7,-9.1,-0.079,0.203,ETN,,123,15.1,17.0,,False
336,BMNR,BitMine Immersion Technologies,Financial Services,Capital Markets,Growth,14.2,25.76,24.47,14.0,16.6,10.0,0.0,ok,0.0,financial_na,,,False,40.6,25.1,-3.6,2167.8,84.4,-150.9,59.4,15.8,12.5,0.499,0.413,TSM,,123,16.6,16.0,,False
337,CBRE,CBRE Group Inc,Real Estate,Real Estate Services,Core,40.6,140.9,145.07,15.5,18.6,10.0,0.0,ok,-3.5,ok,4.21,,False,40.6,15.4,4.0,15.5,18.6,15.8,35.1,-4.1,-7.6,0.072,0.278,MSFT,,123,18.6,17.0,,False
338,VLO,Valero Energy Corporation,Energy,Oil & Gas Refining & Marketing,Growth,114.3,382.95,363.8,20.0,10.6,10.0,0.0,ok,0.0,ok,0.26,,False,40.6,11.2,7.4,51.7,16.1,27.6,75.9,57.2,53.1,-0.226,0.29,GOOG,,123,10.6,12.0,,False
339,DIS,Walt Disney Company (The),Communication Services,Entertainment,Core,183.8,108.59,103.16,14.5,16.6,10.0,0.0,ok,-0.5,ok,1.95,,False,40.6,14.2,2.6,6.8,37.6,8.0,51.9,4.5,-3.6,0.144,0.352,GOOG,,123,16.6,13.0,,False
340,APH,Amphenol Corporation,Technology,Electronic Components,Growth,191.5,78.55,150.59,19.0,12.0,10.0,0.0,ok,-0.5,ok,1.42,,True,40.5,23.7,2.0,55.0,39.0,38.1,11.7,-45.3,-54.2,0.225,0.308,TSM,,123,16.0,13.0,,False
341,BBY,"Best Buy Co., Inc.",Consumer Cyclical,Specialty Retail,Core,19.6,94.83,90.09,18.0,12.5,10.0,0.0,ok,0.0,ok,0.66,,False,40.5,12.9,7.2,3.6,22.6,43.1,63.8,33.0,40.9,-0.047,0.166,VRT,,123,12.5,11.0,,False
342,ODFL,"Old Dominion Freight Line, Inc",Industrials,Trucking,Core,37.5,181.91,211.79,18.5,12.0,10.0,0.0,ok,0.0,ok,-0.15,,True,40.5,27.2,2.6,10.4,39.6,24.8,16.9,-7.9,-12.3,0.144,0.187,ETN,,123,17.4,14.0,,False
343,WYNN,"Wynn Resorts, Limited",Consumer Cyclical,Resorts & Casinos,Speculative,8.9,87.76,97.31,18.0,16.0,10.0,0.0,ok,-3.5,ok,5.66,,False,40.5,16.8,5.3,6.9,68.3,,17.2,-17.4,-25.3,0.287,0.28,TSM,,123,16.0,13.0,,False
344,MRVL,"Marvell Technology, Inc.",Technology,Semiconductors,Growth,199.2,218.82,216.5,15.5,17.0,10.0,-2.0,ok,0.0,ok,0.47,,False,40.5,32.8,1.2,36.5,52.2,16.5,41.5,41.4,136.2,0.538,0.643,ETN,,123,17.0,14.0,,False
345,AVB,"AvalonBay Communities, Inc.",Real Estate,REIT - Residential,Core,26.3,184.06,188.04,17.0,17.0,10.0,0.0,ok,-3.5,ok,4.9,,False,40.5,36.6,5.4,2.3,62.7,8.5,44.5,3.1,-7.3,-0.168,0.309,AVGO,,105,17.0,17.0,,False
346,BRK-B,Berkshire Hathaway Inc. New,Financial Services,Insurance - Diversified,Core,1106.2,514.95,503.94,18.5,12.0,10.0,0.0,ok,0.0,financial_na,,,False,40.5,23.3,6.5,10.0,30.3,12.1,80.4,4.6,-7.9,-0.077,0.219,AVGO,,123,12.0,14.0,,False
347,EPAM,"EPAM Systems, Inc.",Technology,Information Technology Service,Speculative,6.4,123.61,117.43,17.0,13.4,10.0,0.0,ok,0.0,ok,-0.85,,False,40.4,8.8,10.2,4.5,29.5,11.2,70.8,-9.8,-22.8,-0.178,0.351,VRT,,123,13.4,15.0,,False
348,CME,CME Group Inc.,Financial Services,Financial Data & Stock Exchang,Core,98.9,280.46,266.44,17.0,13.4,10.0,0.0,ok,0.0,financial_na,,,False,40.4,21.3,2.9,0.8,100.0,15.8,56.3,1.5,-22.9,-0.228,0.387,TSM,,123,13.4,16.0,,False
349,PFE,"Pfizer, Inc.",Healthcare,Drug Manufacturers - General,Core,157.0,27.72,26.33,18.0,13.9,10.0,0.0,ok,-1.5,ok,2.04,,False,40.4,9.5,8.0,2.6,74.7,5.0,45.4,7.0,-6.9,-0.077,0.206,AVGO,,123,13.9,17.0,,False
350,CHTR,"Charter Communications, Inc.",Communication Services,Telecom Services,Core,19.0,143.35,143.3,19.0,14.9,10.0,0.0,ok,-3.5,ok,4.41,,False,40.4,3.4,11.6,-1.7,55.2,27.2,45.3,-20.8,-47.2,-0.097,0.194,NVDA,,123,14.9,16.0,,False
351,WST,"West Pharmaceutical Services, ",Healthcare,Medical Instruments & Supplies,Core,25.7,355.2,349.01,14.5,15.9,10.0,0.0,ok,0.0,ok,-0.13,,False,40.4,36.6,1.1,13.8,36.8,19.1,52.0,20.3,38.0,0.092,0.12,CEG,,123,15.9,15.0,,False
352,AMT,American Tower Corporation (RE,Real Estate,REIT - Specialty,Core,82.8,176.94,171.66,19.5,15.8,10.0,0.0,ok,-5.0,ok,6.14,,False,40.3,25.4,3.5,4.7,73.8,33.9,52.1,0.2,-16.0,-0.21,0.367,VRT,,123,15.8,17.0,,False
353,DVA,DaVita Inc.,Healthcare,Medical Care Facilities,Core,12.3,189.32,205.21,19.5,14.3,10.0,0.0,ok,-3.5,ok,4.5,,False,40.3,11.1,8.5,5.2,32.4,88.5,70.2,14.5,12.7,-0.002,0.162,GOOG,,123,14.3,15.0,,False
354,DPZ,Domino's Pizza Inc,Consumer Cyclical,Restaurants,Core,10.3,323.77,335.8,15.5,18.3,10.0,0.0,ok,-3.5,ok,4.84,,False,40.3,14.9,5.2,4.3,28.7,,40.6,-10.6,-32.3,-0.097,0.25,NVDA,,123,18.3,11.0,,False
355,GLW,Corning Incorporated,Technology,Electronic Components,Core,123.4,143.6,159.01,14.5,18.3,10.0,-2.0,ok,-0.5,ok,1.68,,False,40.3,33.0,0.6,16.6,36.4,16.8,45.5,-1.2,-1.7,0.527,0.692,ETN,,123,18.3,13.0,,False
356,GPC,Genuine Parts Company,Consumer Cyclical,Auto Parts,Core,18.1,133.21,130.65,14.5,17.3,10.0,0.0,ok,-1.5,ok,2.97,,False,40.3,15.8,5.1,6.0,37.6,0.7,48.3,11.4,13.0,0.018,0.182,CEG,,123,17.3,11.0,,False
357,KHC,The Kraft Heinz Company,Consumer Defensive,Packaged Foods,Core,29.3,24.27,25.46,13.5,18.3,10.0,0.0,ok,-1.5,ok,2.97,,False,40.3,11.8,11.1,-1.4,33.5,-8.8,35.7,1.6,-5.5,-0.234,0.389,ETN,,123,18.3,16.0,,False
358,LH,Labcorp Holdings Inc.,Healthcare,Diagnostics & Research,Core,26.3,315.31,309.6,14.5,17.3,10.0,0.0,ok,-1.5,ok,2.88,,False,40.3,16.3,3.4,5.8,28.9,11.7,30.3,14.1,6.6,-0.032,0.181,MSFT,,123,17.3,15.0,,False
359,REG,Regency Centers Corporation,Real Estate,REIT - Retail,Core,13.8,74.53,78.32,17.0,16.6,10.0,0.0,ok,-3.5,ok,4.62,,False,40.1,29.4,5.4,8.9,71.5,8.2,39.2,-1.6,-15.6,-0.225,0.262,AVGO,,123,16.6,17.0,,False
360,ISRG,"Intuitive Surgical, Inc.",Healthcare,Medical Instruments & Supplies,Core,135.1,377.94,377.64,15.5,14.6,10.0,0.0,ok,0.0,ok,-1.25,,False,40.1,31.2,1.9,18.5,66.7,17.4,49.5,-17.8,-32.9,0.157,0.318,GOOG,,123,14.6,17.0,,False
361,IONQ,"IonQ, Inc.",Technology,Computer Hardware,Growth,15.0,37.5,40.11,11.0,21.1,10.0,-2.0,ok,0.0,neg_ebitda_low_debt,,,False,40.1,,-0.6,286.8,,-60.5,32.8,-14.9,0.8,0.58,0.464,TSM,,123,21.1,13.0,,False
362,ELV,"Elevance Health, Inc.",Healthcare,Healthcare Plans,Core,90.6,424.24,403.03,16.0,14.1,10.0,0.0,ok,0.0,ok,-0.78,,False,40.1,14.1,4.8,1.4,26.0,11.1,63.6,17.8,32.5,0.006,0.187,CEG,,123,14.1,15.0,,False
363,EQIX,"Equinix, Inc.",Real Estate,REIT - Specialty,Core,99.4,998.72,1043.17,17.0,16.5,10.0,0.0,ok,-3.5,ok,4.93,,False,40.0,53.9,3.8,16.7,52.0,10.7,31.2,3.5,-10.0,0.225,0.283,CEG,,123,16.5,16.0,,False
364,CRDO,Credo Technology Group Holding,Technology,Semiconductors,Growth,28.3,150.09,222.84,20.0,12.0,10.0,-2.0,ok,0.0,ok,-1.36,,True,40.0,15.5,0.9,114.7,67.1,30.7,18.8,-14.6,14.6,0.523,0.545,VRT,,123,22.2,15.0,,False
365,CCI,Crown Castle Inc.,Real Estate,REIT - Specialty,Core,31.2,74.17,76.12,15.5,19.4,10.0,0.0,ok,-5.0,ok,8.31,,False,39.9,25.4,3.3,-4.9,73.7,,43.3,-11.7,-28.2,-0.205,0.323,VRT,,123,19.4,17.0,,False
366,ABBV,AbbVie Inc.,Healthcare,Drug Manufacturers - General,Core,464.8,261.77,254.6,17.5,13.9,10.0,0.0,ok,-1.5,ok,2.09,,False,39.9,16.2,3.6,10.2,72.8,,46.4,15.0,7.2,-0.363,0.381,AVGO,,123,13.9,17.0,,False
367,AKAM,"Akamai Technologies, Inc.",Technology,Software - Infrastructure,Core,15.1,105.57,115.39,16.0,17.4,10.0,0.0,ok,-3.5,ok,5.54,,False,39.9,14.7,4.7,5.4,57.5,8.9,42.5,-4.0,-14.9,0.297,0.3,AVGO,,123,17.4,16.0,,False
368,EXR,Extra Space Storage Inc,Real Estate,REIT - Industrial,Core,30.3,139.4,145.66,17.0,16.3,10.0,0.0,ok,-3.5,ok,5.94,,False,39.8,28.6,4.9,3.8,74.9,7.0,28.6,-1.0,-13.2,-0.053,0.189,GOOG,,123,16.3,17.0,,False
369,BAX,Baxter International Inc.,Healthcare,Medical Instruments & Supplies,Core,12.3,23.86,24.92,14.5,17.8,10.0,0.0,ok,-2.5,ok,3.99,,False,39.8,11.6,8.2,5.3,34.1,-14.4,22.8,16.6,24.2,0.196,0.319,MSFT,,123,17.8,15.0,,False
370,GNRC,Generac Holdlings Inc.,Industrials,Specialty Industrial Machinery,Core,10.3,176.98,208.74,15.5,14.7,10.0,0.0,ok,-0.5,ok,1.79,,False,39.7,14.8,2.8,10.6,39.5,9.5,26.1,-15.4,-24.7,0.42,0.64,ETN,,123,14.7,14.0,,False
371,HCA,"HCA Healthcare, Inc.",Healthcare,Medical Care Facilities,Core,94.0,425.49,404.95,15.5,16.7,10.0,0.0,ok,-2.5,ok,3.2,,False,39.7,13.2,4.0,8.7,42.6,,47.2,-5.5,-33.0,-0.072,0.16,GOOG,,123,16.7,16.0,,False
372,CI,The Cigna Group,Healthcare,Healthcare Plans,Core,76.3,290.05,283.67,15.5,14.7,10.0,0.0,ok,-0.5,ok,1.93,,False,39.7,8.6,10.5,6.7,9.1,16.8,63.0,3.9,-4.4,-0.22,0.309,AVGO,,123,14.7,15.0,,False
373,MDLZ,"Mondelez International, Inc.",Consumer Defensive,Confectioners,Core,79.7,62.39,61.74,16.0,16.2,10.0,0.0,ok,-2.5,ok,3.35,,False,39.7,18.5,2.8,4.1,31.1,13.3,34.5,5.8,1.7,-0.436,0.432,VRT,,123,16.2,16.0,,False
374,XYZ,"Block, Inc.",Technology,Software - Infrastructure,Core,47.0,79.49,80.52,11.0,18.7,10.0,0.0,ok,0.0,ok,0.28,,False,39.7,15.2,-0.1,9.3,46.6,1.6,43.8,14.9,20.0,0.403,0.348,MSFT,,123,18.7,16.0,,False
375,ARE,Alexandria Real Estate Equitie,Real Estate,REIT - Office,Speculative,9.1,51.96,50.48,15.0,19.6,10.0,0.0,ok,-5.0,ok,7.13,,False,39.6,,14.8,-11.9,68.2,-4.1,42.7,4.5,-3.9,0.023,0.177,CEG,,123,19.6,17.0,,False
376,GILD,"Gilead Sciences, Inc.",Healthcare,Drug Manufacturers - General,Core,181.4,146.41,139.09,17.0,13.1,10.0,0.0,ok,-0.5,ok,1.46,,False,39.6,14.8,5.4,10.2,79.6,-20.7,50.7,8.9,-12.0,-0.01,0.141,AVGO,,123,13.1,17.0,,False
377,DRI,"Darden Restaurants, Inc.",Consumer Cyclical,Restaurants,Core,23.7,218.57,210.04,18.0,14.1,10.0,0.0,ok,-2.5,ok,3.7,,False,39.6,16.9,3.3,13.7,21.7,53.7,47.2,8.6,-4.1,-0.077,0.129,NVDA,,123,14.1,11.0,,False
378,CIEN,Ciena Corporation,Technology,Communication Equipment,Growth,47.4,319.64,393.18,17.0,14.6,10.0,-2.0,ok,0.0,ok,0.64,,False,39.6,28.6,1.3,37.0,44.1,22.4,30.6,-15.9,-18.2,0.512,0.6,ETN,,123,14.6,14.0,,False
379,CCL,Carnival Corporation Ltd.,Consumer Cyclical,Travel Services,Core,30.3,22.56,26.34,20.0,12.0,10.0,0.0,ok,-2.5,ok,3.28,,True,39.5,8.4,6.3,5.3,55.7,26.7,20.0,-18.2,-18.3,0.444,0.453,GOOG,,123,16.0,14.0,,False
380,BIIB,Biogen Inc.,Healthcare,Drug Manufacturers - General,Core,31.9,217.36,209.48,15.5,15.4,10.0,0.0,ok,-1.5,ok,2.1,,False,39.4,13.1,4.0,3.4,78.3,4.6,50.7,13.3,6.8,-0.152,0.192,AVGO,,123,15.4,17.0,,False
381,VTRS,Viatris Inc.,Healthcare,Drug Manufacturers - Specialty,Core,19.1,16.66,16.79,16.0,14.8,10.0,0.0,ok,-1.5,ok,2.82,,False,39.3,6.3,14.0,4.9,40.3,-2.8,55.9,12.5,10.4,0.038,0.129,GOOG,,123,14.8,16.0,,False
382,EG,"Everest Group, Ltd.",Financial Services,Insurance - Reinsurance,Core,14.6,379.54,374.51,15.0,14.3,10.0,0.0,ok,0.0,financial_na,,,False,39.3,6.4,14.2,-11.3,15.3,12.6,57.9,10.6,5.5,-0.289,0.326,AVGO,,123,14.3,14.0,,False
383,PWR,"Quanta Services, Inc.",Industrials,Engineering & Construction,Growth,92.2,622.02,646.04,16.0,16.7,10.0,-2.0,ok,-1.5,ok,2.0,,False,39.2,31.1,2.1,41.1,15.5,15.3,43.5,5.1,-1.7,0.554,0.726,ETN,,123,16.7,14.0,,False
384,SW,Smurfit WestRock plc,Consumer Cyclical,Packaging & Containers,Core,22.9,43.75,46.44,13.0,17.7,10.0,0.0,ok,-1.5,ok,2.95,,False,39.2,12.8,5.3,1.1,18.2,2.7,25.7,3.6,-1.6,0.25,0.275,TSM,,123,17.7,11.0,,False
385,PCAR,PACCAR Inc.,Industrials,Farm & Heavy Construction Mach,Core,64.5,122.86,127.96,13.0,16.7,10.0,0.0,ok,-0.5,ok,1.88,,False,39.2,17.0,3.0,0.5,13.7,12.8,23.3,2.5,-6.1,0.306,0.443,ETN,,123,16.7,14.0,,False
386,VTR,"Ventas, Inc.",Real Estate,REIT - Healthcare Facilities,Core,45.4,89.1,92.88,16.5,16.2,10.0,0.0,ok,-3.5,ok,5.34,,False,39.2,112.1,3.3,21.7,40.0,2.0,29.2,4.7,-9.4,-0.348,0.357,AVGO,,123,16.2,15.0,,False
387,LIN,Linde plc,Basic Materials,Specialty Chemicals,Cyclical,213.4,464.41,497.07,13.5,16.1,10.0,0.0,ok,-0.5,ok,1.67,,False,39.1,23.7,1.9,9.3,48.3,18.4,26.7,-3.4,-18.9,-0.191,0.199,TSM,,123,16.1,12.0,,False
388,KR,Kroger Company (The),Consumer Defensive,Grocery Stores,Core,37.1,60.91,57.86,15.5,15.1,10.0,0.0,ok,-1.5,ok,2.8,,False,39.1,11.3,6.8,2.0,23.9,14.4,62.4,-4.2,-32.0,-0.456,0.505,TSM,,123,15.1,16.0,,False
389,STLD,"Steel Dynamics, Inc.",Basic Materials,Steel,Growth,34.3,234.53,242.4,12.5,17.1,10.0,0.0,ok,-0.5,ok,1.43,,False,39.1,12.2,0.7,33.4,14.7,17.6,57.4,10.8,25.0,0.228,0.321,ETN,,123,17.1,11.0,,False
390,VST,Vistra Corp.,Utilities,Utilities - Independent Power ,Core,47.5,140.73,148.7,15.0,16.6,10.0,0.0,ok,-2.5,ok,3.02,,False,39.1,13.7,0.1,-5.5,38.3,43.0,56.8,-10.4,-24.3,0.423,0.779,CEG,,123,16.6,18.0,,False
391,MPWR,"Monolithic Power Systems, Inc.",Technology,Semiconductors,Growth,56.1,1143.24,1316.76,19.0,12.0,10.0,-2.0,ok,0.0,ok,-1.39,,True,39.0,32.8,0.8,47.6,55.2,22.0,17.9,-9.0,-4.1,0.602,0.737,ETN,,123,19.1,14.0,,False
392,CHRW,"C.H. Robinson Worldwide, Inc.",Industrials,Integrated Freight & Logistics,Core,18.4,157.31,165.52,16.5,13.0,10.0,0.0,ok,-0.5,ok,1.95,,False,39.0,21.0,2.6,19.3,8.4,37.1,77.3,-8.8,-20.1,-0.06,0.23,MSFT,,123,13.0,14.0,,False
393,DGX,Quest Diagnostics Incorporated,Healthcare,Diagnostics & Research,Core,27.3,237.89,229.33,15.5,15.0,10.0,0.0,ok,-1.5,ok,2.55,,False,39.0,20.5,3.3,10.2,33.2,14.6,39.7,18.0,6.7,-0.256,0.265,AVGO,,123,15.0,15.0,,False
394,KIM,Kimco Realty Corporation (HC),Real Estate,REIT - Retail,Core,15.4,23.22,24.75,17.0,17.0,10.0,0.0,ok,-5.0,ok,6.12,,False,39.0,26.1,5.7,4.9,68.9,5.8,32.9,0.9,-11.6,-0.141,0.196,CEG,,123,17.0,17.0,,False
395,PLAB,"Photronics, Inc.",Technology,Semiconductor Equipment & Mate,Speculative,1.6,27.16,30.06,13.5,15.5,10.0,0.0,ok,0.0,ok,-2.44,,False,39.0,13.1,1.8,2.7,33.7,13.8,33.4,-23.9,-32.0,0.467,0.589,ETN,,123,15.5,13.0,,False
396,TJX,"TJX Companies, Inc. (The)",Consumer Cyclical,Apparel Retail,Core,137.6,125.99,148.01,17.0,12.0,10.0,0.0,ok,0.0,ok,0.93,,True,39.0,21.6,3.2,5.4,31.5,62.2,11.9,-18.1,-31.6,-0.045,0.138,ETN,,123,16.0,11.0,,False
397,CTVA,"Corteva, Inc.",Basic Materials,Agricultural Inputs,Cyclical,55.6,82.54,83.42,15.0,14.0,10.0,0.0,ok,0.0,ok,0.59,,False,39.0,20.3,4.3,-1.2,49.5,4.3,52.2,6.2,-8.7,-0.226,0.256,MSFT,,123,14.0,12.0,,False
398,LOW,"Lowe's Companies, Inc.",Consumer Cyclical,Home Improvement Retail,Core,109.2,198.17,211.53,15.5,15.9,10.0,0.0,ok,-2.5,ok,3.05,,False,38.9,14.9,4.2,8.3,33.0,,24.2,-15.6,-29.1,0.101,0.274,GOOG,,123,15.9,11.0,,False
399,SYY,Sysco Corporation,Consumer Defensive,Food Distribution,Core,38.1,83.54,82.98,17.0,13.4,10.0,0.0,ok,-1.5,ok,2.95,,False,38.9,14.8,5.0,4.7,18.5,77.7,47.2,5.5,-14.5,0.014,0.063,GOOG,,123,13.4,16.0,,False
400,PM,Philip Morris International In,Consumer Defensive,Tobacco,Core,302.5,194.86,188.58,17.5,12.9,10.0,0.0,ok,-1.5,ok,2.39,,False,38.9,21.2,3.2,10.4,67.5,,59.7,11.8,-0.4,-0.215,0.225,ETN,,123,12.9,18.0,,False
401,WAT,Waters Corporation,Healthcare,Diagnostics & Research,Growth,41.0,410.01,394.16,14.0,17.4,10.0,0.0,ok,-2.5,ok,3.4,,False,38.9,25.2,-0.3,113.4,56.3,1.9,49.4,13.5,30.1,0.192,0.216,AVGO,,123,17.4,16.0,,False
402,STT,State Street Corporation,Financial Services,Asset Management,Core,50.9,188.16,186.18,13.0,15.9,10.0,0.0,ok,0.0,financial_na,,,False,38.9,12.1,,-2.8,0.0,12.4,52.1,25.4,43.2,0.376,0.406,ETN,,123,15.9,14.0,,False
403,BEN,"Franklin Templeton, Inc.",Financial Services,Asset Management,Core,16.9,33.47,33.76,11.5,17.3,10.0,0.0,ok,0.0,financial_na,,,False,38.8,10.5,-17.7,14.3,37.7,7.9,42.7,17.1,27.8,0.45,0.451,GOOG,,123,17.3,14.0,,False
404,NUE,Nucor Corporation,Basic Materials,Steel,Cyclical,58.7,254.63,250.85,14.0,14.7,10.0,0.0,ok,0.0,ok,0.78,,False,38.7,13.0,1.2,23.0,15.6,14.5,64.1,22.5,43.3,0.234,0.311,ETN,,123,14.7,11.0,,False
405,AZO,"AutoZone, Inc.",Consumer Cyclical,Auto Parts,Core,46.7,2965.52,3016.6,13.0,18.2,10.0,0.0,ok,-2.5,ok,3.01,,False,38.7,16.3,1.9,8.4,51.8,,50.7,-11.8,-29.7,-0.091,0.199,ETN,,123,18.2,12.0,,False
406,J,Jacobs Solutions Inc.,Industrials,Engineering & Construction,Growth,17.1,144.07,139.86,13.5,16.7,10.0,0.0,ok,-1.5,ok,2.72,,False,38.7,17.5,3.8,34.5,22.1,8.0,36.7,8.6,-0.4,0.095,0.141,GOOG,,123,16.7,14.0,,False
407,EA,Electronic Arts Inc.,Communication Services,Electronic Gaming & Multimedia,Core,52.9,209.7,205.27,18.0,10.7,10.0,0.0,ok,0.0,ok,-0.31,,False,38.7,21.7,3.2,18.9,79.9,16.5,80.9,3.4,-8.7,-0.027,0.174,MSFT,,97,10.7,15.0,,False
408,O,Realty Income Corporation,Real Estate,REIT - Retail,Core,55.6,59.27,63.05,15.5,16.6,10.0,0.0,ok,-3.5,ok,5.74,,False,38.6,37.8,2.8,9.6,92.7,3.2,21.0,-3.6,-20.2,-0.249,0.281,TSM,,123,16.6,17.0,,False
409,SLB,SLB Limited,Energy,Oil & Gas Equipment & Services,Cyclical,80.4,53.32,51.56,13.0,16.1,10.0,0.0,ok,-0.5,ok,1.18,,False,38.6,16.8,3.7,5.0,17.0,12.9,48.3,8.0,6.3,0.123,0.176,ETN,,123,16.1,14.0,,False
410,TRGP,"Targa Resources, Inc.",Energy,Oil & Gas Midstream,Cyclical,61.3,287.25,279.66,16.0,15.1,10.0,0.0,ok,-2.5,ok,3.54,,False,38.6,23.6,0.1,4.2,43.2,70.8,38.7,19.9,7.3,-0.214,0.188,NVDA,,123,15.1,13.0,,False
411,PSKY,Paramount Skydance Corporation,Communication Services,Entertainment,Core,12.3,10.87,10.33,14.5,17.6,10.0,0.0,ok,-3.5,ok,4.4,,False,38.6,12.9,,0.9,33.3,-0.9,59.0,-0.1,-0.5,0.227,0.238,NVDA,,123,17.6,13.0,fcf_yield_out_of_range(142.8),False
412,TSN,"Tyson Foods, Inc.",Consumer Defensive,Farm Products,Core,18.5,53.16,57.14,12.0,18.1,10.0,0.0,ok,-1.5,ok,2.62,,False,38.6,12.6,6.4,-0.1,6.6,3.3,26.8,-11.8,-24.8,-0.185,0.226,NVDA,,123,18.1,16.0,,False
413,NRG,"NRG Energy, Inc.",Utilities,Utilities - Independent Power ,Core,22.3,108.47,124.88,17.0,16.5,10.0,0.0,ok,-5.0,ok,7.16,,False,38.5,9.5,3.5,11.0,18.8,23.8,43.1,-25.4,-41.8,0.374,0.676,CEG,,123,16.5,18.0,,False
414,PEG,Public Service Enterprise Grou,Utilities,Utilities - Regulated Electric,Core,35.1,70.92,76.52,12.5,19.5,10.0,0.0,ok,-3.5,ok,5.49,,False,38.5,15.1,0.3,-8.9,33.3,11.8,39.0,-10.8,-28.2,-0.05,0.465,CEG,,123,19.5,18.0,,False
415,DG,Dollar General Corporation,Consumer Defensive,Discount Stores,Core,27.5,129.17,123.56,17.0,14.0,10.0,0.0,ok,-2.5,ok,3.96,,False,38.5,15.1,6.3,5.2,31.2,19.7,57.6,2.3,-14.5,0.049,0.24,ETN,,123,14.0,16.0,,False
416,SYK,Stryker Corporation,Healthcare,Medical Devices,Core,108.0,281.87,325.15,17.0,12.0,10.0,0.0,ok,-0.5,ok,1.62,,True,38.5,16.8,3.8,9.4,65.6,16.5,24.7,-16.2,-29.0,-0.169,0.305,ETN,,123,15.5,17.0,,False
417,PANW,"Palo Alto Networks, Inc.",Technology,Software - Infrastructure,Growth,306.8,373.94,355.24,14.0,14.4,10.0,0.0,ok,0.0,ok,-0.32,,False,38.4,76.9,1.4,34.5,70.4,1.7,54.3,58.4,110.9,0.374,0.368,MSFT,,123,14.4,17.0,,False
418,LYB,LyondellBasell Industries NV,Basic Materials,Specialty Chemicals,Cyclical,21.1,62.75,61.48,14.5,16.4,10.0,0.0,ok,-2.5,ok,3.27,,False,38.4,10.2,5.8,19.8,12.9,-2.3,34.0,3.4,-26.2,-0.228,0.285,TSM,,123,16.4,11.0,,False
419,VICI,VICI Properties Inc.,Real Estate,REIT - Diversified,Core,27.3,25.04,26.24,13.0,18.8,10.0,0.0,ok,-3.5,ok,4.82,,False,38.3,8.3,1.0,5.7,99.3,9.8,25.9,-9.2,-23.4,-0.224,0.335,TSM,,123,18.8,17.0,,False
420,LUV,Southwest Airlines Company,Industrials,Airlines,Core,19.2,39.52,44.42,10.5,18.3,10.0,0.0,ok,-0.5,ok,1.33,,False,38.3,8.3,-4.3,16.4,22.4,11.1,44.1,-8.4,-11.0,0.444,0.409,GOOG,,123,18.3,14.0,,False
421,SBAC,SBA Communications Corporation,Real Estate,REIT - Specialty,Core,19.4,183.07,183.57,16.5,16.6,10.0,0.0,ok,-5.0,ok,8.12,,False,38.1,22.4,3.9,2.3,74.2,,50.7,-4.8,-15.6,-0.09,0.208,ETN,,123,16.6,17.0,,False
422,AMD,"Advanced Micro Devices, Inc.",Technology,Semiconductors,Growth,823.1,493.41,496.09,16.5,13.5,10.0,-2.0,ok,0.0,ok,-0.92,,False,38.0,32.4,1.1,50.1,55.7,10.2,56.0,42.3,142.2,0.627,0.684,TSM,,123,13.5,14.0,,False
423,HPQ,HP Inc.,Technology,Computer Hardware,Core,30.5,34.02,32.32,16.0,12.5,10.0,0.0,ok,-0.5,ok,1.33,,False,38.0,10.8,11.1,12.5,19.7,,67.4,48.4,66.8,0.026,0.076,AVGO,,123,12.5,13.0,,False
424,PNR,Pentair plc.,Industrials,Specialty Industrial Machinery,Speculative,9.1,56.18,65.52,16.5,12.0,10.0,0.0,ok,-0.5,ok,1.62,,True,38.0,10.9,6.1,-17.0,41.4,17.1,7.9,-33.6,-49.1,0.186,0.228,TSM,,123,16.0,15.0,,False
425,BA,Boeing Company (The),Industrials,Aerospace & Defense,Core,165.6,210.27,218.72,14.5,17.5,10.0,0.0,ok,-4.0,neg_ebitda_debt,,,False,38.0,51.3,3.4,8.0,4.7,173.5,43.7,-4.7,-12.8,0.465,0.424,GOOG,,123,17.5,14.0,,False
426,ATO,Atmos Energy Corporation,Utilities,Utilities - Regulated Gas,Core,27.4,163.84,172.22,11.5,19.0,10.0,0.0,ok,-2.5,ok,3.74,,False,38.0,18.0,-8.1,4.8,62.2,9.8,40.5,-6.4,-26.1,-0.285,0.302,TSM,,123,19.0,20.0,,False
427,CASY,"Caseys General Stores, Inc.",Consumer Cyclical,Specialty Retail,Core,21.7,621.61,816.2,16.5,12.0,10.0,0.0,ok,-0.5,ok,1.51,,True,38.0,25.1,2.3,24.3,23.8,20.0,13.1,-14.7,-18.8,-0.063,0.128,NVDA,,123,17.6,11.0,,False
428,CVS,CVS Health Corporation,Healthcare,Healthcare Plans,Core,120.8,95.55,100.12,14.0,16.4,10.0,0.0,ok,-2.5,ok,3.74,,False,37.9,11.1,6.7,7.1,13.6,6.2,60.2,10.5,13.7,-0.057,0.195,CEG,,123,16.4,15.0,,False
429,SMCI,"Super Micro Computer, Inc.",Technology,Computer Hardware,Growth,23.1,36.74,34.9,13.5,16.4,10.0,-2.0,ok,0.0,ok,0.61,,False,37.9,6.7,-35.8,93.2,10.8,21.5,48.5,16.7,6.5,0.556,0.551,TSM,,123,16.4,13.0,,False
430,CAG,"ConAgra Brands, Inc.",Consumer Defensive,Packaged Foods,Speculative,7.2,14.79,15.09,14.5,16.9,10.0,0.0,ok,-3.5,ok,4.17,,False,37.9,9.6,12.0,3.6,24.0,-25.1,20.3,-4.8,-20.5,-0.284,0.361,ETN,,123,16.9,16.0,,False
431,TDY,Teledyne Technologies Incorpor,Technology,Scientific & Technical Instrum,Core,27.7,597.11,642.55,14.5,15.8,10.0,-2.0,ok,-0.5,ok,1.06,,False,37.8,22.4,3.3,9.8,43.3,9.2,21.3,-3.1,-19.5,0.552,0.584,ETN,,123,15.8,14.0,,False
432,LEN,Lennar Corporation,Consumer Cyclical,Residential Construction,Core,19.3,79.99,84.86,12.0,16.3,10.0,0.0,ok,-0.5,ok,1.92,,False,37.8,12.6,5.6,-5.2,16.4,7.4,32.5,-17.7,-28.3,0.267,0.271,TSM,,123,16.3,11.0,,False
433,TSCO,Tractor Supply Company,Consumer Cyclical,Specialty Retail,Core,17.2,33.83,32.96,14.5,15.7,10.0,0.0,ok,-2.5,ok,3.27,,False,37.7,16.1,0.6,2.3,36.5,39.5,40.0,-18.3,-41.3,-0.002,0.093,AVGO,,123,15.7,11.0,,False
434,FN,Fabrinet,Technology,Electronic Components,Growth,13.4,382.55,471.8,14.0,15.7,10.0,-2.0,ok,0.0,ok,-1.64,,False,37.7,17.2,-0.4,44.6,12.0,21.3,29.8,-28.7,-36.8,0.521,0.635,VRT,,123,15.7,13.0,,False
435,CDW,CDW Corporation,Technology,Information Technology Service,Core,19.2,151.7,144.11,15.5,14.7,10.0,0.0,ok,-2.5,ok,3.02,,False,37.7,12.8,3.5,10.0,21.4,44.0,62.7,15.2,17.6,0.073,0.225,MSFT,,123,14.7,15.0,,False
436,AEHR,Aehr Test Systems,Technology,Semiconductor Equipment & Mate,Growth,2.7,83.37,90.75,10.5,19.0,10.0,-2.0,ok,0.0,neg_ebitda_low_debt,,,False,37.5,59.0,-0.1,33.7,35.3,-4.2,35.7,29.9,120.8,0.582,0.612,ETN,,123,19.0,13.0,,False
437,BWXT,"BWX Technologies, Inc.",Industrials,Aerospace & Defense,Core,13.4,148.53,168.03,14.5,16.5,10.0,-2.0,ok,-1.5,ok,2.96,,False,37.5,27.9,1.1,18.0,22.1,28.3,42.4,-22.7,-36.4,0.555,0.604,VRT,,123,16.5,14.0,,False
438,CRWD,"CrowdStrike Holdings, Inc.",Technology,Software - Infrastructure,Core,248.3,235.38,223.61,14.0,13.5,10.0,0.0,ok,0.0,ok,-39.24,,False,37.5,,0.8,25.8,75.2,1.5,65.0,-44.6,-59.7,0.236,0.24,AVGO,,123,13.5,17.0,,False
439,POOL,Pool Corporation,Industrials,Industrial Distribution,Speculative,6.1,171.76,194.59,17.0,12.0,10.0,0.0,ok,-1.5,ok,2.58,,True,37.5,14.1,3.5,2.2,29.6,31.3,23.7,-19.3,-29.2,0.094,0.178,GOOG,,123,16.0,14.0,,False
440,LHX,"L3Harris Technologies, Inc.",Industrials,Aerospace & Defense,Growth,46.5,248.93,279.47,18.0,12.0,10.0,0.0,ok,-2.5,ok,3.23,,True,37.5,18.6,,190.0,30.4,,21.0,-20.5,-43.6,-0.122,0.221,TSM,,123,16.0,14.0,,False
441,COO,"The Cooper Companies, Inc.",Healthcare,Medical Instruments & Supplies,Core,10.1,54.22,71.71,17.0,12.0,10.0,0.0,ok,-1.5,ok,2.84,,True,37.5,11.3,5.4,0.6,65.9,6.8,6.4,-25.9,-35.4,-0.006,0.176,GOOG,,123,16.0,17.0,,False
442,COHR,Coherent Corp.,Technology,Scientific & Technical Instrum,Growth,53.1,266.5,299.72,11.5,18.5,10.0,-2.0,ok,-0.5,ok,1.1,,False,37.5,19.4,-1.2,33.7,37.5,8.0,41.8,-4.6,-3.2,0.556,0.685,ETN,,123,18.5,13.0,,False
443,ES,Eversource Energy (D/B/A),Utilities,Utilities - Regulated Electric,Core,25.3,68.33,72.53,14.5,16.4,10.0,0.0,ok,-3.5,ok,5.67,,False,37.4,13.7,3.2,2.3,52.8,9.0,39.4,-1.6,-18.4,-0.136,0.2,CEG,,123,16.4,19.0,,False
444,T,AT&T Inc.,Communication Services,Telecom Services,Core,183.1,26.51,25.18,18.5,11.4,10.0,0.0,ok,-2.5,ok,3.3,,False,37.4,10.4,5.5,2.3,59.7,18.3,63.5,6.1,-16.3,-0.272,0.346,TSM,,123,11.4,16.0,,False
445,RVTY,"Revvity, Inc.",Healthcare,Diagnostics & Research,Core,15.6,128.49,122.07,14.5,14.3,10.0,0.0,ok,-1.5,ok,2.65,,False,37.3,23.8,3.9,1.3,55.0,3.2,55.6,24.8,37.3,0.212,0.195,TSM,,123,14.3,16.0,,False
446,BALL,Ball Corporation,Consumer Cyclical,Packaging & Containers,Core,16.2,60.71,62.79,14.0,15.8,10.0,0.0,ok,-2.5,ok,3.41,,False,37.3,13.5,2.3,19.7,18.6,17.2,32.7,2.4,-15.3,0.053,0.18,CEG,,123,15.8,11.0,,False
447,WBD,"Warner Bros. Discovery, Inc. -",Communication Services,Entertainment,Core,70.3,28.1,27.2,14.0,15.8,10.0,0.0,ok,-2.5,ok,3.67,,False,37.3,,23.0,-11.2,47.8,-8.8,39.4,2.6,-9.4,0.113,0.232,NVDA,,123,15.8,14.0,,False
448,WMT,Walmart Inc.,Consumer Defensive,Discount Stores,Core,857.6,109.08,110.37,12.0,15.7,10.0,0.0,ok,-0.5,ok,1.44,,False,37.2,33.5,0.8,5.9,24.8,22.3,64.6,-7.9,-26.4,-0.144,0.165,AVGO,,123,15.7,16.0,,False
449,CARR,Carrier Global Corporation,Industrials,Building Products & Equipment,Core,46.1,57.26,63.5,10.5,19.1,10.0,0.0,ok,-2.5,ok,3.57,,False,37.1,16.8,1.9,3.9,24.7,9.0,34.3,-6.7,-9.7,0.412,0.576,ETN,,123,19.1,14.0,,False
450,SO,Southern Company (The),Utilities,Utilities - Regulated Electric,Core,98.9,87.0,92.73,12.5,18.1,10.0,0.0,ok,-3.5,ok,5.2,,False,37.1,17.5,-4.0,0.1,48.3,11.5,37.2,-5.2,-23.4,-0.292,0.274,TSM,,123,18.1,19.0,,False
451,MLM,"Martin Marietta Materials, Inc",Basic Materials,Building Materials,Cyclical,36.0,500.92,545.88,12.5,16.0,10.0,0.0,ok,-1.5,ok,2.93,,False,37.0,23.0,1.6,21.0,28.2,8.9,27.6,-16.4,-27.1,0.166,0.266,CEG,,123,16.0,11.0,,False
452,HSIC,"Henry Schein, Inc.",Healthcare,Medical Distribution,Speculative,10.0,88.93,87.75,14.5,15.0,10.0,0.0,ok,-2.5,ok,3.39,,False,37.0,14.6,4.5,6.7,31.3,8.9,51.8,12.0,4.7,0.074,0.177,GOOG,,123,15.0,15.0,,False
453,IQV,"IQVIA Holdings, Inc.",Healthcare,Diagnostics & Research,Core,44.4,265.67,252.39,17.5,12.8,10.0,0.0,ok,-3.5,ok,4.65,,False,36.8,18.7,4.8,8.7,33.0,22.8,56.5,31.1,48.3,-0.082,0.294,ETN,,123,12.8,15.0,,False
454,VZ,Verizon Communications Inc.,Communication Services,Telecom Services,Core,213.8,51.29,48.73,18.5,10.8,10.0,0.0,ok,-2.5,ok,3.76,,False,36.8,9.7,8.2,-0.7,59.5,15.8,65.2,12.8,-11.6,-0.274,0.401,TSM,,123,10.8,16.0,,False
455,DELL,Dell Technologies Inc.,Technology,Computer Hardware,Growth,345.6,534.28,507.57,14.5,12.5,10.0,0.0,ok,-0.5,ok,1.34,,False,36.5,19.0,1.7,57.7,19.9,,67.6,104.5,240.5,0.403,0.385,AVGO,,123,12.5,13.0,,False
456,WELL,Welltower Inc.,Real Estate,REIT - Healthcare Facilities,Growth,167.7,234.21,237.72,14.0,16.0,10.0,0.0,ok,-3.5,ok,5.32,,False,36.5,73.2,1.6,39.1,39.6,3.8,40.1,11.0,0.1,-0.244,0.325,AVGO,,123,16.0,15.0,,False
457,INTC,Intel Corporation,Technology,Semiconductors,Core,513.5,97.19,98.24,13.0,15.9,10.0,-2.0,ok,-0.5,ok,1.24,,False,36.4,47.5,0.9,25.4,38.9,-10.7,59.6,28.7,99.4,0.538,0.593,TSM,,123,15.9,13.0,,False
458,COR,"Cencora, Inc.",Healthcare,Medical Distribution,Core,61.7,326.23,315.22,14.5,13.4,10.0,0.0,ok,-1.5,ok,2.1,,False,36.4,16.3,3.3,5.1,4.0,96.9,57.5,1.8,-19.5,-0.258,0.337,TSM,,123,13.4,15.0,,False
459,NEE,"NextEra Energy, Inc.",Utilities,Utilities - Regulated Electric,Core,169.1,81.63,86.14,14.0,17.3,10.0,0.0,ok,-5.0,ok,7.35,,False,36.3,18.4,-10.5,12.4,61.0,11.7,38.0,-6.8,-25.0,-0.021,0.235,MSFT,,123,17.3,20.0,,False
460,RGTI,"Rigetti Computing, Inc.",Technology,Computer Hardware,Growth,5.0,15.27,16.14,12.0,16.2,10.0,-2.0,ok,0.0,neg_ebitda_low_debt,,,False,36.2,,0.5,185.3,,-43.8,31.2,-20.1,-18.5,0.564,0.487,TSM,,123,16.2,13.0,,False
461,SBUX,Starbucks Corporation,Consumer Cyclical,Restaurants,Core,110.1,99.07,105.16,13.0,15.6,10.0,0.0,ok,-2.5,ok,3.34,,False,36.1,30.9,2.8,-1.4,22.3,,25.9,1.6,-12.4,0.11,0.13,AVGO,,123,15.6,11.0,,False
462,CAH,"Cardinal Health, Inc.",Healthcare,Medical Distribution,Core,54.1,234.89,234.26,14.0,12.5,10.0,0.0,ok,-0.5,ok,1.21,,False,36.0,16.5,8.8,5.8,3.8,,56.6,8.7,-4.5,-0.148,0.287,AVGO,,123,12.5,15.0,,False
463,CMI,Cummins Inc.,Industrials,Specialty Industrial Machinery,Core,74.2,541.1,621.45,16.0,12.0,10.0,-2.0,ok,0.0,ok,0.87,,True,36.0,15.6,3.0,9.4,25.8,21.1,24.6,-10.0,-11.9,0.558,0.789,ETN,,123,17.6,14.0,,False
464,IR,Ingersoll Rand Inc.,Industrials,Specialty Industrial Machinery,Core,27.9,72.13,81.04,14.5,12.0,10.0,0.0,ok,-0.5,ok,1.85,,True,36.0,18.4,4.0,8.5,42.8,9.5,21.3,-12.0,-25.1,0.335,0.441,ETN,,123,18.4,15.0,,False
465,WEC,"WEC Energy Group, Inc.",Utilities,Utilities - Regulated Electric,Core,33.7,105.17,110.33,12.0,17.5,10.0,0.0,ok,-3.5,ok,5.79,,False,36.0,17.3,-7.0,2.6,41.9,12.0,45.8,-5.1,-22.6,-0.236,0.268,AVGO,,123,17.5,19.0,,False
466,PPL,PPL Corporation,Utilities,Utilities - Regulated Electric,Core,25.0,33.79,35.39,10.5,18.9,10.0,0.0,ok,-3.5,ok,5.33,,False,35.9,15.7,-7.8,4.2,44.1,8.6,42.5,-6.5,-25.2,-0.169,0.26,CEG,,123,18.9,19.0,,False
467,TSLA,"Tesla, Inc.",Consumer Cyclical,Auto Manufacturers,Core,1408.3,358.97,354.37,11.0,16.9,10.0,-2.0,ok,0.0,ok,-2.55,,False,35.9,,0.3,25.5,18.9,4.7,48.5,-10.0,-21.2,0.526,0.459,TSM,,123,16.9,11.0,,False
468,CPT,Camden Property Trust,Real Estate,REIT - Residential,Core,10.3,103.83,110.28,11.0,18.3,10.0,0.0,ok,-3.5,ok,5.4,,False,35.8,94.3,1.4,-0.8,61.6,7.9,33.3,-2.7,-8.6,-0.27,0.332,AVGO,,123,18.3,17.0,,False
469,KMI,"Kinder Morgan, Inc.",Energy,Oil & Gas Midstream,Cyclical,68.5,30.96,31.89,14.5,14.8,10.0,0.0,ok,-3.5,ok,4.23,,False,35.8,19.9,1.6,10.8,49.4,11.0,49.8,0.0,-19.4,-0.209,0.192,TSM,,123,14.8,13.0,,False
470,EIX,Edison International,Utilities,Utilities - Regulated Electric,Core,21.0,56.13,71.16,13.5,15.6,10.0,0.0,ok,-3.5,ok,4.85,,False,35.6,8.4,0.4,-4.1,61.0,19.7,30.6,-17.5,-33.8,-0.075,0.117,NVDA,,123,15.6,20.0,,False
471,CNC,Centene Corporation,Healthcare,Healthcare Plans,Core,33.4,69.41,65.94,13.0,12.5,10.0,0.0,ok,0.0,ok,-2.38,,False,35.5,12.7,28.8,4.6,11.4,-20.4,63.8,36.3,88.5,-0.021,0.145,AVGO,,123,12.5,15.0,,False
472,MGM,MGM Resorts International,Consumer Cyclical,Resorts & Casinos,Speculative,9.9,39.83,44.31,18.5,12.0,10.0,0.0,ok,-5.0,ok,12.25,,True,35.5,19.0,8.9,1.0,44.2,18.9,16.4,0.2,-4.4,0.188,0.214,MSFT,,123,18.1,12.0,,False
473,MCK,McKesson Corporation,Healthcare,Medical Distribution,Core,104.9,910.95,865.4,14.0,11.5,10.0,0.0,ok,0.0,ok,0.94,,False,35.5,17.8,6.5,7.7,3.6,,63.7,8.0,-16.1,-0.352,0.353,TSM,,123,11.5,15.0,,False
474,HUM,Humana Inc.,Healthcare,Healthcare Plans,Core,47.6,407.02,388.98,15.0,10.5,10.0,0.0,ok,0.0,ok,-2.54,,False,35.5,23.9,4.1,26.2,13.7,6.9,72.3,44.0,134.3,0.097,0.276,CEG,,123,10.5,15.0,,False
475,SOUN,"SoundHound AI, Inc.",Technology,Software - Application,Growth,2.7,6.47,6.74,11.5,15.8,10.0,-2.0,ok,0.0,neg_ebitda_low_debt,,,False,35.3,,-1.7,45.0,42.3,-32.2,27.0,-21.5,-24.3,0.56,0.453,MSFT,,123,15.8,16.0,,False
476,UCTT,"Ultra Clean Holdings, Inc.",Technology,Semiconductor Equipment & Mate,Speculative,2.9,66.39,84.85,9.0,20.8,10.0,-2.0,ok,-2.5,ok,3.74,,False,35.3,11.2,-2.8,24.3,15.8,-1.6,35.9,-2.6,7.8,0.593,0.681,ETN,,123,20.8,13.0,,False
477,VMC,Vulcan Materials Company (Hold,Basic Materials,Building Materials,Cyclical,32.3,250.54,278.51,14.5,12.0,10.0,0.0,ok,-1.5,ok,2.03,,True,35.0,23.3,2.6,2.5,27.5,13.2,19.5,-12.9,-18.6,0.168,0.254,ETN,,123,19.0,11.0,,False
478,WMB,"Williams Companies, Inc. (The)",Energy,Oil & Gas Midstream,Cyclical,87.6,71.95,73.29,15.0,13.3,10.0,0.0,ok,-3.5,ok,4.35,,False,34.8,27.6,-1.7,7.8,63.6,21.5,55.6,2.4,-14.8,-0.044,0.158,VRT,,123,13.3,14.0,,False
479,IRM,Iron Mountain Incorporated (De,Real Estate,REIT - Specialty,Core,33.4,112.06,121.37,13.0,16.8,10.0,0.0,ok,-5.0,ok,7.74,,False,34.8,41.1,-1.3,18.5,54.2,,28.9,2.1,-7.2,0.393,0.409,ETN,,123,16.8,16.0,,False
480,AEE,Ameren Corporation,Utilities,Utilities - Regulated Electric,Core,28.5,103.97,109.47,11.0,17.3,10.0,0.0,ok,-3.5,ok,5.57,,False,34.8,17.7,-6.3,-6.2,52.4,11.9,36.3,-3.3,-20.2,-0.205,0.237,AVGO,,123,17.3,19.0,,False
481,SWKS,"Skyworks Solutions, Inc.",Technology,Semiconductors,Core,13.5,79.26,75.3,12.0,12.8,10.0,0.0,ok,0.0,ok,-0.13,,False,34.8,18.1,3.3,-3.1,40.7,5.1,71.6,23.9,31.8,0.287,0.326,AVGO,,123,12.8,14.0,,False
482,HII,"Huntington Ingalls Industries,",Industrials,Aerospace & Defense,Core,11.0,280.01,297.55,10.5,15.7,10.0,0.0,ok,-1.5,ok,2.5,,False,34.7,13.4,-2.7,10.9,12.4,13.0,28.4,-19.3,-45.6,0.291,0.336,MSFT,,123,15.7,14.0,,False
483,EXC,Exelon Corporation,Utilities,Utilities - Regulated Electric,Core,43.5,42.72,45.51,10.5,19.1,10.0,0.0,ok,-5.0,ok,6.09,,False,34.6,13.9,-6.2,9.9,42.4,9.7,38.7,-6.7,-27.2,-0.318,0.277,AVGO,,123,19.1,19.0,,False
484,GM,General Motors Company,Consumer Cyclical,Auto Manufacturers,Core,77.2,87.16,84.01,14.0,15.6,10.0,0.0,ok,-5.0,ok,6.32,,False,34.6,5.8,28.4,1.9,10.2,3.2,47.4,8.8,7.5,0.322,0.381,TSM,,123,15.6,11.0,,False
485,CRWV,"CoreWeave, Inc.",Technology,Software - Infrastructure,Growth,44.6,82.98,85.41,12.5,19.1,10.0,-2.0,ok,-5.0,ok,12.16,,False,34.6,,-20.4,112.5,67.4,-43.6,44.9,-9.7,-10.6,0.62,0.57,TSM,,123,19.1,17.0,,False
486,LNT,Alliant Energy Corporation,Utilities,Utilities - Regulated Electric,Core,17.1,66.92,71.39,12.0,17.5,10.0,0.0,ok,-5.0,ok,6.61,,False,34.5,17.9,-6.7,1.0,44.5,11.1,40.6,-4.5,-20.3,-0.197,0.233,AVGO,,123,17.5,19.0,,False
487,RCL,Royal Caribbean Cruises Ltd.,Consumer Cyclical,Travel Services,Core,66.7,255.34,292.81,15.0,12.0,10.0,0.0,ok,-2.5,ok,3.27,,True,34.5,12.3,-2.3,6.5,50.3,44.7,2.6,-11.1,-19.3,0.414,0.419,TSM,,123,18.5,14.0,,False
488,OKE,"ONEOK, Inc.",Energy,Oil & Gas Midstream,Growth,59.7,96.97,92.39,15.0,12.9,10.0,0.0,ok,-3.5,ok,4.28,,False,34.4,15.2,1.5,52.8,27.2,16.3,64.4,14.5,2.0,-0.38,0.329,TSM,,123,12.9,12.0,,False
489,MET,"MetLife, Inc.",Financial Services,Insurance - Life,Core,62.4,97.75,95.18,10.0,14.3,10.0,0.0,ok,0.0,financial_na,,,False,34.3,9.0,-33.6,10.5,24.0,13.1,60.5,19.3,32.0,0.056,0.226,MSFT,,123,14.3,14.0,,False
490,APD,"Air Products and Chemicals, In",Basic Materials,Specialty Chemicals,Cyclical,64.7,287.13,300.68,11.0,15.7,10.0,0.0,ok,-2.5,ok,3.71,,False,34.2,20.1,-2.3,4.6,32.1,0.0,28.7,1.7,-12.6,-0.017,0.099,GOOG,,123,15.7,11.0,,False
491,ETR,Entergy Corporation,Utilities,Utilities - Regulated Electric,Core,49.2,103.64,109.62,12.0,15.6,10.0,0.0,ok,-3.5,ok,5.56,,False,34.1,20.2,-8.9,5.9,47.0,10.2,46.3,-1.6,-14.3,-0.058,0.327,CEG,,123,15.6,19.0,,False
492,RSG,"Republic Services, Inc.",Industrials,Waste Management,Core,68.3,225.85,218.19,16.0,11.6,10.0,-2.0,ok,-1.5,ok,2.7,,False,34.1,27.7,2.8,4.6,43.0,18.2,59.0,5.2,-12.0,-0.518,0.505,TSM,,123,11.6,15.0,,False
493,IP,International Paper Company,Consumer Cyclical,Packaging & Containers,Core,18.0,34.25,39.22,13.5,12.0,10.0,0.0,ok,-1.5,ok,2.33,,True,34.0,11.3,9.1,-2.2,29.6,-16.5,13.5,-10.4,-21.0,0.133,0.178,NVDA,,123,17.7,11.0,,False
494,HRL,Hormel Foods Corporation,Consumer Defensive,Packaged Foods,Core,11.4,20.96,24.07,12.0,12.0,10.0,0.0,ok,0.0,ok,-0.26,,True,34.0,13.4,5.4,-2.9,15.7,4.3,21.5,-9.7,-19.1,-0.196,0.255,NVDA,,123,18.1,16.0,,False
495,CNP,"CenterPoint Energy, Inc (Holdi",Utilities,Utilities - Regulated Electric,Core,25.0,38.65,41.49,11.5,17.5,10.0,0.0,ok,-5.0,ok,6.28,,False,34.0,18.2,-20.8,10.7,47.0,9.8,48.7,-6.6,-25.1,-0.25,0.272,AVGO,,123,17.5,19.0,,False
496,CMS,CMS Energy Corporation,Utilities,Utilities - Regulated Electric,Core,20.4,66.82,71.61,9.5,19.5,10.0,0.0,ok,-5.0,ok,6.32,,False,34.0,15.9,-10.8,-0.5,40.3,9.2,36.3,-8.4,-26.4,-0.28,0.283,MSFT,,123,19.5,19.0,,False
497,AI,"C3.ai, Inc.",Technology,Software - Infrastructure,Speculative,1.7,11.17,10.61,6.0,17.9,10.0,0.0,ok,0.0,neg_ebitda_low_debt,,,False,33.9,,0.9,-25.5,29.1,-59.8,60.4,5.7,12.4,0.4,0.511,MSFT,,123,17.9,15.0,,False
498,MRNA,"Moderna, Inc.",Healthcare,Biotechnology,Core,57.4,146.69,139.36,9.0,14.9,10.0,0.0,ok,0.0,neg_ebitda_low_debt,,,False,33.9,,0.5,2.1,,-39.0,50.8,156.7,166.1,0.004,0.121,CEG,,123,14.9,15.0,,False
499,FE,FirstEnergy Corp.,Utilities,Utilities - Regulated Electric,Core,26.2,45.83,47.62,11.5,15.9,10.0,0.0,ok,-3.5,ok,5.33,,False,33.9,15.4,-7.7,8.8,68.6,9.5,48.4,-2.8,-22.4,-0.234,0.31,AVGO,,123,15.9,20.0,,False
500,CRL,Charles River Laboratories Int,Healthcare,Diagnostics & Research,Core,13.0,273.11,259.45,11.0,15.3,10.0,0.0,ok,-2.5,ok,3.35,,False,33.8,21.5,3.6,-2.7,34.6,-7.5,29.4,34.9,62.7,0.143,0.186,TSM,,123,15.3,15.0,,False
501,DUK,Duke Energy Corporation (Holdi,Utilities,Utilities - Regulated Electric,Core,91.8,119.02,124.16,11.0,16.3,10.0,0.0,ok,-3.5,ok,5.51,,False,33.8,16.4,-4.9,1.1,52.0,9.9,46.1,-3.5,-22.8,-0.363,0.323,TSM,,123,16.3,19.0,,False
502,D,"Dominion Energy, Inc.",Utilities,Utilities - Regulated Electric,Core,56.2,64.46,68.47,11.5,17.2,10.0,0.0,ok,-5.0,ok,6.43,,False,33.7,16.7,-16.3,17.6,46.2,8.3,34.0,0.8,-11.0,-0.141,0.19,MSFT,,123,17.2,19.0,,False
503,IREN,IREN LIMITED,Financial Services,Capital Markets,Core,16.4,43.17,41.01,7.5,18.2,10.0,-2.0,ok,0.0,financial_na,,,False,33.7,,-25.8,-26.7,68.9,-23.4,52.2,-5.4,-9.1,0.638,0.599,TSM,,123,18.2,16.0,,False
504,ED,"Consolidated Edison, Inc.",Utilities,Utilities - Regulated Electric,Core,38.9,105.78,109.38,12.0,15.1,10.0,0.0,ok,-3.5,ok,4.36,,False,33.6,16.2,-2.2,13.2,53.4,9.0,47.7,-0.8,-20.1,-0.441,0.402,TSM,,123,15.1,19.0,,False
505,WULF,TeraWulf Inc.,Financial Services,Capital Markets,Speculative,7.2,15.47,17.77,7.0,18.5,10.0,-2.0,ok,0.0,financial_na,,,False,33.5,,-3.2,-6.0,,-1211.8,49.1,-13.9,-7.5,0.633,0.64,TSM,,123,18.5,16.0,,False
506,CLX,Clorox Company (The),Consumer Defensive,Household & Personal Products,Core,10.5,89.31,99.31,15.0,12.0,10.0,0.0,ok,-3.5,ok,4.79,,True,33.5,13.9,1.0,-2.0,42.3,163.8,5.3,-12.5,-31.2,-0.02,0.323,GOOG,,123,18.6,17.0,,False
507,DOW,Dow Inc.,Basic Materials,Chemicals,Cyclical,21.6,28.9,30.13,9.0,17.0,10.0,0.0,ok,-2.5,ok,3.84,,False,33.5,16.4,1.1,19.7,9.8,-5.5,23.7,-8.3,-34.0,-0.197,0.241,TSM,,123,17.0,11.0,,False
508,DTE,DTE Energy Company,Utilities,Utilities - Regulated Electric,Core,27.1,131.13,142.06,9.5,18.7,10.0,0.0,ok,-5.0,ok,7.69,,False,33.2,15.6,-9.6,-1.5,29.3,11.0,35.7,-7.0,-24.6,-0.136,0.222,CEG,,123,18.7,18.0,,False
509,BLDR,"Builders FirstSource, Inc.",Industrials,Building Products & Equipment,Speculative,6.5,60.24,70.93,14.5,12.0,10.0,0.0,ok,-3.5,ok,5.06,,True,33.0,13.6,7.2,-8.8,29.2,2.5,24.5,-32.6,-44.6,0.319,0.347,TSM,,123,15.9,14.0,,False
510,NI,NiSource Inc,Utilities,Utilities - Regulated Gas,Core,19.5,41.07,43.68,10.5,15.8,10.0,0.0,ok,-3.5,ok,5.74,,False,32.8,18.0,-9.1,4.6,51.0,8.5,55.4,-8.3,-25.7,-0.051,0.243,CEG,,123,15.8,19.0,,False
511,XEL,Xcel Energy Inc.,Utilities,Utilities - Regulated Electric,Core,45.3,74.16,78.32,9.5,18.2,10.0,0.0,ok,-5.0,ok,6.47,,False,32.7,16.0,-17.5,-5.1,46.8,9.9,38.8,-5.2,-22.4,-0.116,0.268,CEG,,123,18.2,19.0,,False
512,OKLO,Oklo Inc.,Utilities,Utilities - Independent Power ,Speculative,6.7,36.21,43.16,8.0,16.5,10.0,-2.0,ok,0.0,neg_ebitda_low_debt,,,False,32.5,,-3.6,,,-7.7,39.2,-43.2,-50.9,0.606,0.563,TSM,,123,16.5,19.0,,False
513,SRE,DBA Sempra,Utilities,Utilities - Diversified,Core,53.1,82.99,88.08,9.5,17.9,10.0,0.0,ok,-5.0,ok,6.23,,False,32.4,14.7,-52.1,-0.1,44.0,6.7,50.3,-8.4,-25.1,-0.077,0.262,CEG,,123,17.9,19.0,,False
514,AEP,American Electric Power Compan,Utilities,Utilities - Regulated Electric,Core,65.7,122.23,128.23,12.0,13.9,10.0,0.0,ok,-3.5,ok,5.86,,False,32.4,17.6,-9.1,7.0,46.4,10.1,56.3,-3.1,-20.8,-0.176,0.235,CEG,,123,13.9,19.0,,False
515,IFF,International Flavors & Fragra,Basic Materials,Specialty Chemicals,Cyclical,21.5,83.43,81.98,8.0,15.9,10.0,0.0,ok,-1.5,ok,2.99,,False,32.4,21.3,-8.0,1.8,36.6,-5.5,46.2,11.5,7.6,0.198,0.258,GOOG,,123,15.9,11.0,,False
516,NBIS,Nebius Group N.V.,Communication Services,Internet Content & Information,Growth,52.7,212.19,211.43,13.5,15.8,10.0,-2.0,ok,-5.0,ok,8.35,,False,32.3,,-18.3,454.0,74.3,0.6,47.3,34.6,74.9,0.543,0.551,TSM,,123,15.8,15.0,,False
517,ADM,Archer-Daniels-Midland Company,Consumer Defensive,Farm Products,Core,41.7,86.44,82.12,11.5,12.2,10.0,0.0,ok,-1.5,ok,2.75,,False,32.2,15.1,2.8,7.2,6.9,7.6,69.1,19.2,7.1,-0.076,0.139,GOOG,,123,12.2,16.0,,False
518,PNW,Pinnacle West Capital Corporat,Utilities,Utilities - Regulated Electric,Core,11.5,95.4,102.07,10.5,16.7,10.0,0.0,ok,-5.0,ok,7.68,,False,32.2,17.0,-8.1,7.1,43.4,9.4,36.0,-2.7,-19.4,-0.213,0.247,AVGO,,123,16.7,19.0,,False
519,EVRG,"Evergy, Inc.",Utilities,Utilities - Regulated Electric,Core,18.5,80.86,83.74,10.5,15.2,10.0,0.0,ok,-3.5,ok,5.8,,False,32.2,17.6,-7.8,4.4,52.7,9.3,49.6,0.4,-15.1,-0.197,0.256,AVGO,,123,15.2,19.0,,False
520,BBAI,"BigBear.ai, Inc.",Technology,Information Technology Service,Speculative,1.4,2.88,3.06,7.5,16.3,10.0,-2.0,ok,0.0,neg_ebitda_low_debt,,,False,31.8,,-15.4,13.2,27.9,-16.6,33.0,-32.0,-39.9,0.629,0.515,TSM,,123,16.3,15.0,,False
521,PCG,Pacific Gas & Electric Co.,Utilities,Utilities - Regulated Electric,Core,29.0,13.6,16.86,10.5,16.2,10.0,0.0,ok,-5.0,ok,6.1,,False,31.7,7.3,-21.2,0.1,39.8,9.3,30.2,-18.6,-37.8,-0.004,0.151,CEG,,123,16.2,18.0,,False
522,NCLH,Norwegian Cruise Line Holdings,Consumer Cyclical,Travel Services,Speculative,6.6,14.72,18.25,14.5,12.0,10.0,0.0,ok,-5.0,ok,6.08,,True,31.5,8.4,-25.6,4.9,42.5,36.7,10.9,-25.6,-34.9,0.314,0.433,GOOG,,123,15.9,14.0,,False
523,DE,Deere & Company,Industrials,Farm & Heavy Construction Mach,Core,184.4,681.46,647.39,12.5,12.1,10.0,0.0,ok,-3.5,ok,4.61,,False,31.1,30.1,2.4,-11.1,25.2,18.2,62.5,19.3,5.4,0.131,0.361,ETN,,123,12.1,14.0,,False
524,AXON,"Axon Enterprise, Inc.",Industrials,Aerospace & Defense,Growth,35.9,490.18,563.52,14.0,12.0,10.0,0.0,ok,-5.0,ok,7.01,,True,31.0,41.8,0.6,35.3,59.5,6.2,23.7,-2.9,-14.2,0.232,0.34,MSFT,,123,17.2,15.0,,False
525,WY,Weyerhaeuser Company,Real Estate,REIT - Specialty,Core,16.1,22.23,23.98,8.0,17.9,10.0,0.0,ok,-5.0,ok,7.15,,False,30.9,33.1,0.1,-0.9,14.5,5.0,10.4,-8.2,-18.2,0.028,0.236,CEG,,123,17.9,15.0,,False
526,AWK,"American Water Works Company, ",Utilities,Utilities - Regulated Water,Core,27.4,138.92,135.72,13.0,11.4,10.0,0.0,ok,-3.5,ok,5.44,,False,30.9,21.0,-6.5,6.2,61.5,10.1,61.2,6.1,-12.8,-0.451,0.415,TSM,,123,11.4,20.0,,False
527,QBTS,D-Wave Quantum Inc.,Technology,Computer Hardware,Speculative,6.2,16.83,18.8,7.0,15.9,10.0,-2.0,ok,0.0,neg_ebitda_low_debt,,,False,30.9,,-1.2,-0.6,,-28.0,30.8,-21.4,-17.1,0.545,0.441,TSM,,123,15.9,15.0,,False
528,AES,The AES Corporation,Utilities,Utilities - Diversified,Core,10.6,14.8,14.75,10.0,15.2,10.0,0.0,ok,-5.0,ok,7.64,,False,30.2,6.2,-29.3,19.9,20.3,9.6,56.0,2.2,-7.4,0.158,0.24,AVGO,,123,15.2,18.0,,False
529,F,Ford Motor Company,Consumer Cyclical,Auto Manufacturers,Core,53.8,13.86,14.1,4.5,20.4,10.0,0.0,ok,-5.0,ok,18.47,,False,29.9,7.0,-14.7,-3.8,7.1,-18.3,41.5,3.5,7.3,0.241,0.242,NVDA,,123,20.4,11.0,,False
530,APLD,Applied Digital Corporation,Technology,Information Technology Service,Growth,6.7,24.58,28.39,9.5,15.4,10.0,-2.0,ok,-4.0,neg_ebitda_debt,,,False,28.9,,,406.6,25.9,-8.4,41.7,-23.9,-22.1,0.642,0.607,TSM,,123,15.4,15.0,fcf_yield_out_of_range(-74.5),False
531,MOS,Mosaic Company (The),Basic Materials,Agricultural Inputs,Cyclical,8.1,25.05,23.8,5.5,14.8,10.0,0.0,ok,-2.5,ok,3.37,,False,27.8,16.3,-9.2,-6.0,11.2,-5.1,55.0,2.4,-27.5,0.222,0.314,CEG,,123,14.8,11.0,,False
532,BG,Bunge Limited,Consumer Defensive,Farm Products,Growth,23.4,121.23,115.17,9.5,11.1,10.0,0.0,ok,-3.5,ok,5.21,,False,27.1,10.7,-27.7,88.3,4.9,7.2,62.2,5.8,-15.8,-0.037,0.14,VRT,,123,11.1,16.0,,False
533,CIFR,Cipher Digital Inc.,Technology,Information Technology Service,Speculative,6.3,15.64,18.82,5.5,16.2,10.0,-2.0,ok,-5.0,ok,49.49,,False,24.7,69.6,-46.3,-43.0,,-167.5,49.5,-15.1,-1.9,0.581,0.561,TSM,,123,16.2,15.0,,False
