rank,ticker,name,sector,industry,category,mcap_B,current_price,entry_level,fundamental,technical,visibility,corr_penalty,corr_status,leverage_penalty,lev_status,nd_ebitda,dte_pct,broken_base,composite,fwd_pe,fcf_yield_pct,rev_growth_pct,gross_margin_pct,roe_pct,rsi,ma200_dist_pct,rel_str_6m_pct,portfolio_corr,max_corr,max_corr_with,corr_null_reason,n_corr_obs,technical_precap,visibility_legacy,data_flags,in_portfolio
1,AVGO,Broadcom Inc.,Technology,Semiconductors,Growth,1706.8,358.76,387.97,20.0,19.2,22.0,0.0,ok,-0.5,ok,1.08,,False,60.7,18.4,1.6,47.9,76.3,37.3,18.4,-2.7,-0.6,0.4,0.488,NVDA,,126,19.2,22.0,,True
2,GEV,GE Vernova Inc.,Industrials,Specialty Industrial Machinery,Compounder,250.9,942.1,1035.76,20.0,16.3,23.0,0.0,ok,0.0,ok,-2.29,,False,59.3,37.5,6.3,21.9,20.6,82.6,34.9,8.3,-3.9,0.391,0.452,AVGO,,126,16.3,23.0,,False
3,TSM,Taiwan Semiconductor Manufactu,Technology,Semiconductors,Growth,2127.1,410.12,424.3,24.0,15.7,21.0,-2.0,ok,0.0,ok,-0.77,,False,58.7,18.8,,36.0,64.2,40.0,44.7,12.1,-4.2,0.595,0.662,NVDA,,126,15.7,21.0,fcf_yield_out_of_range(34.4),False
4,VRT,"Vertiv Holdings, LLC",Industrials,Electrical Equipment & Parts,Core,98.2,254.97,293.03,20.5,17.3,18.7,0.0,ok,0.0,ok,0.08,,False,56.5,28.0,2.7,24.1,38.0,43.9,41.5,0.6,-10.3,0.369,0.498,NVDA,,126,17.3,20.0,,False
5,GOOG,Alphabet Inc.,Communication Services,Internet Content & Information,Compounder,4214.3,344.59,349.92,19.0,17.4,20.0,0.0,ok,0.0,ok,-0.7,,False,56.4,23.3,0.5,24.2,60.9,48.7,20.6,3.7,-0.2,0.34,0.303,BMNR,,126,17.4,20.0,,True
6,LMT,Lockheed Martin Corporation,Industrials,Aerospace & Defense,Compounder,130.2,564.14,548.86,18.0,16.3,22.0,0.0,ok,-0.5,ok,1.73,,False,55.8,17.2,4.3,10.5,11.8,89.2,41.2,2.3,-25.7,-0.11,0.169,AVGO,,126,16.3,22.0,,False
7,ANET,"Arista Networks, Inc.",Technology,Computer Hardware,Growth,237.3,188.15,178.74,19.0,16.7,19.3,0.0,ok,0.0,ok,-2.88,,False,55.0,36.5,1.6,37.7,63.0,31.5,48.4,26.1,35.0,0.446,0.577,AVGO,,126,16.7,20.0,,False
8,META,"Meta Platforms, Inc.",Communication Services,Internet Content & Information,Core,1424.1,559.02,592.8,18.0,18.8,17.0,0.0,ok,0.0,ok,0.2,,False,53.8,16.1,1.5,28.0,81.7,29.8,37.4,-10.3,-23.6,0.401,0.37,GOOG,,126,18.8,15.0,,False
9,NVDA,NVIDIA Corporation,Technology,Semiconductors,Growth,5049.6,208.48,207.65,20.0,15.5,20.0,-2.0,ok,0.0,ok,-0.24,,False,53.5,16.0,0.9,85.2,74.1,114.3,46.0,6.7,-3.0,0.526,0.488,AVGO,,126,15.5,20.0,,True
10,POWL,"Powell Industries, Inc.",Industrials,Electrical Equipment & Parts,Speculative,6.9,188.98,238.37,17.5,17.9,18.0,0.0,ok,0.0,ok,-2.67,,False,53.4,26.6,2.8,8.9,30.1,28.3,32.2,-4.3,-9.7,0.387,0.462,AVGO,,126,17.9,18.0,,False
11,NOC,Northrop Grumman Corporation,Industrials,Aerospace & Defense,Compounder,78.0,549.28,542.12,16.0,17.5,21.0,0.0,ok,-1.5,ok,2.03,,False,53.0,18.0,3.2,5.1,20.1,27.0,49.0,-8.9,-35.6,-0.062,0.246,AVGO,,126,17.5,21.0,,False
12,MSFT,Microsoft Corporation,Technology,Software - Infrastructure,Core,3618.5,487.31,462.94,18.0,17.5,16.9,0.0,ok,0.0,ok,0.27,,False,52.4,20.7,0.5,17.7,67.9,34.0,46.2,13.1,14.2,0.306,0.31,BMNR,,126,17.5,18.0,,True
13,RTX,RTX Corporation,Industrials,Aerospace & Defense,Compounder,282.0,209.22,203.86,15.5,15.2,21.0,0.0,ok,-0.5,ok,1.92,,False,51.2,26.6,3.5,14.5,20.3,12.3,37.3,9.3,-5.6,-0.048,0.138,AVGO,,126,15.2,21.0,,False
14,QCOM,QUALCOMM Incorporated,Technology,Semiconductors,Core,166.5,158.53,177.64,20.0,20.5,10.0,0.0,ok,0.0,ok,0.58,,False,50.5,15.5,6.2,-4.0,54.2,33.8,44.2,-5.4,-0.9,0.288,0.392,AVGO,,126,20.5,14.0,,False
15,NFLX,"Netflix, Inc.",Communication Services,Entertainment,Core,333.2,80.01,76.01,23.0,17.2,10.0,0.0,ok,0.0,ok,0.51,,False,50.2,20.9,7.6,13.4,49.1,49.5,68.6,-9.4,-8.5,0.082,0.192,MSFT,,126,17.2,14.0,,False
16,CINF,Cincinnati Financial Corporati,Financial Services,Insurance - Property & Casualt,Growth,26.3,171.21,177.52,22.0,17.9,10.0,0.0,ok,0.0,financial_na,,,False,49.9,19.0,11.4,31.6,31.1,21.5,28.1,2.9,-3.9,-0.167,0.31,AVGO,,126,17.9,14.0,,False
17,NXPI,NXP Semiconductors N.V.,Technology,Semiconductors,Core,56.1,222.44,264.78,22.0,18.3,10.0,0.0,ok,-0.5,ok,1.53,,False,49.8,12.3,6.3,19.5,56.1,27.9,34.5,-8.1,-15.8,0.233,0.387,AVGO,,126,18.3,14.0,,False
18,AXP,American Express Company,Financial Services,Credit Services,Core,227.8,337.33,342.66,21.5,18.2,10.0,0.0,ok,0.0,financial_na,,,False,49.7,16.8,,12.8,62.3,34.4,39.4,-0.2,-5.5,0.382,0.378,BMNR,,126,18.2,18.0,,False
19,AMZN,"Amazon.com, Inc.",Consumer Cyclical,Internet Retail,Core,2826.8,262.07,250.14,17.0,18.5,16.1,-2.0,ok,0.0,ok,0.76,,False,49.6,25.2,0.1,19.6,50.8,30.6,33.6,9.9,14.6,0.572,0.628,GOOG,,126,18.5,17.0,,False
20,BX,Blackstone Inc.,Financial Services,Asset Management,Core,171.7,143.64,136.46,22.5,16.9,10.0,0.0,ok,0.0,financial_na,,,False,49.4,19.2,,28.6,100.0,31.4,58.0,10.8,13.5,0.317,0.332,BMNR,,126,16.9,16.0,,False
21,ADBE,Adobe Inc.,Technology,Software - Application,Core,109.8,276.27,262.46,23.0,16.2,10.0,0.0,ok,0.0,ok,0.15,,False,49.2,10.0,8.4,12.7,89.4,63.0,61.7,2.3,-2.8,0.154,0.388,MSFT,,126,16.2,17.0,,False
22,ADSK,"Autodesk, Inc.",Technology,Software - Application,Core,53.7,254.42,241.7,22.0,17.2,10.0,0.0,ok,0.0,ok,-0.09,,False,49.2,17.9,5.7,18.4,92.4,50.4,63.5,2.1,4.1,0.109,0.321,MSFT,,126,17.2,17.0,,False
23,DECK,Deckers Outdoor Corporation,Consumer Cyclical,Footwear & Accessories,Core,12.5,92.08,101.0,21.0,18.1,10.0,0.0,ok,0.0,ok,-0.85,,False,49.1,11.0,6.9,5.7,57.8,42.6,32.7,-10.0,-34.9,0.263,0.348,GOOG,,126,18.1,12.0,,False
24,WDC,Western Digital Corporation,Technology,Computer Hardware,Growth,157.0,435.38,546.55,20.0,18.8,10.0,0.0,ok,0.0,ok,-0.08,,False,48.8,13.7,1.4,43.8,48.9,130.9,32.9,21.1,49.9,0.4,0.509,AVGO,,126,18.8,14.0,,False
25,GD,General Dynamics Corporation,Industrials,Aerospace & Defense,Core,103.8,383.77,374.55,14.5,14.5,19.5,0.0,ok,0.0,ok,0.78,,False,48.5,20.7,4.2,8.1,15.4,17.8,47.6,9.0,-1.3,-0.014,0.137,NVDA,,126,14.5,21.0,,False
26,GDDY,GoDaddy Inc.,Technology,Software - Infrastructure,Core,12.7,100.52,95.49,22.0,16.9,10.0,0.0,ok,-0.5,ok,1.91,,False,48.4,9.1,9.5,6.6,63.8,442.9,66.7,3.0,-2.2,-0.059,0.166,AVGO,,126,16.9,17.0,,False
27,IDXX,"IDEXX Laboratories, Inc.",Healthcare,Diagnostics & Research,Core,44.1,559.51,560.03,19.5,18.8,10.0,0.0,ok,0.0,ok,0.55,,False,48.3,33.4,2.1,9.7,62.4,74.2,37.8,-8.9,-24.9,0.262,0.361,GOOG,,126,18.8,17.0,,False
28,SNDK,Sandisk Corporation,Technology,Computer Hardware,Growth,218.6,1493.12,1646.41,22.5,15.8,10.0,0.0,ok,0.0,ok,-0.36,,False,48.3,5.6,3.5,371.6,71.5,91.6,52.9,57.9,122.8,0.367,0.442,AVGO,,126,15.8,15.0,,False
29,TROW,"T. Rowe Price Group, Inc.",Financial Services,Asset Management,Core,24.0,112.3,113.86,20.5,17.7,10.0,0.0,ok,0.0,financial_na,,,False,48.2,10.9,8.4,10.7,51.6,19.4,32.0,9.6,9.2,0.246,0.31,BMNR,,126,17.7,15.0,,False
30,APO,"Apollo Global Management, Inc.",Financial Services,Asset Management,Growth,78.4,132.79,126.8,20.0,18.2,10.0,0.0,ok,0.0,financial_na,,,False,48.2,12.4,,63.8,36.1,11.4,49.5,4.2,5.3,0.321,0.287,GOOG,,126,18.2,14.0,,False
31,IT,"Gartner, Inc.",Technology,Information Technology Service,Core,12.8,202.78,192.64,21.0,17.7,10.0,0.0,ok,-0.5,ok,1.33,,False,48.2,12.3,8.2,-0.6,69.6,113.6,65.2,13.1,26.6,-0.03,0.231,MSFT,,126,17.7,17.0,,False
32,TLN,Talen Energy Corporation,Utilities,Utilities - Independent Power ,Growth,14.6,305.54,366.45,17.5,16.4,19.0,0.0,ok,-5.0,ok,16.05,,False,47.9,9.9,8.6,111.2,42.1,-12.8,36.9,-15.5,-29.6,0.356,0.369,AVGO,,126,16.4,19.0,,False
33,TXN,Texas Instruments Incorporated,Technology,Semiconductors,Core,236.5,258.94,289.39,19.0,18.7,10.0,0.0,ok,0.0,ok,0.74,,False,47.7,24.6,1.5,22.8,58.3,35.2,30.1,10.7,10.9,0.237,0.403,AVGO,,126,18.7,14.0,,False
34,EBAY,eBay Inc.,Consumer Cyclical,Internet Retail,Core,47.7,107.08,109.97,20.5,17.7,10.0,0.0,ok,-0.5,ok,1.24,,False,47.7,15.9,3.3,14.8,72.1,46.6,45.3,9.7,14.9,0.153,0.205,GOOG,,126,17.7,13.0,,False
35,UBER,"Uber Technologies, Inc.",Technology,Software - Application,Core,162.0,79.29,75.33,21.0,17.0,10.0,0.0,ok,-0.5,ok,1.25,,False,47.5,18.1,4.5,12.2,40.8,37.2,65.3,2.9,0.0,0.283,0.317,MSFT,,126,17.0,16.0,,False
36,ALL,Allstate Corporation (The),Financial Services,Insurance - Property & Casualt,Core,65.8,260.19,250.57,22.0,15.4,10.0,0.0,ok,0.0,financial_na,,,False,47.4,9.5,23.0,11.8,36.8,46.1,48.1,18.9,13.6,-0.274,0.358,NVDA,,126,15.4,14.0,,False
37,CRDO,Credo Technology Group Holding,Technology,Semiconductors,Growth,41.5,222.61,240.68,20.0,17.4,10.0,0.0,ok,0.0,ok,-2.96,,False,47.4,24.4,0.6,157.0,68.0,34.4,45.4,28.6,73.2,0.397,0.501,AVGO,,126,17.4,15.0,,False
38,FTNT,"Fortinet, Inc.",Technology,Software - Infrastructure,Core,111.5,151.99,156.18,21.5,15.9,10.0,0.0,ok,0.0,ok,-1.35,,False,47.4,40.4,2.0,25.6,80.2,117.4,31.6,42.7,91.0,0.271,0.296,MSFT,,126,15.9,17.0,,False
39,TEL,TE Connectivity plc,Technology,Electronic Components,Core,58.6,202.41,206.42,18.5,18.9,10.0,0.0,ok,0.0,ok,0.92,,False,47.4,15.7,4.0,13.8,36.1,23.3,32.2,-7.0,-27.2,0.307,0.291,AVGO,,126,18.9,13.0,,False
40,MS,Morgan Stanley,Financial Services,Capital Markets,Core,336.2,214.08,216.85,20.0,17.3,10.0,0.0,ok,0.0,financial_na,,,False,47.3,15.7,,28.0,87.6,18.0,45.4,14.0,16.4,0.467,0.435,BMNR,,126,17.3,16.0,,False
41,GL,Globe Life Inc.,Financial Services,Insurance - Life,Core,13.3,173.13,178.1,20.0,17.3,10.0,0.0,ok,0.0,financial_na,,,False,47.3,10.5,8.7,8.0,33.9,20.9,29.7,14.0,10.9,0.166,0.251,GOOG,,126,17.3,14.0,,False
42,WRB,W.R. Berkley Corporation,Financial Services,Insurance - Property & Casualt,Core,25.9,69.7,71.07,20.0,17.2,10.0,0.0,ok,0.0,financial_na,,,False,47.2,14.4,11.8,1.2,43.8,20.2,39.1,0.4,-13.8,-0.302,0.33,AVGO,,126,17.2,15.0,,False
43,AMAT,"Applied Materials, Inc.",Technology,Semiconductor Equipment & Mate,Core,384.4,484.19,559.34,19.0,18.2,10.0,0.0,ok,0.0,ok,-0.19,,False,47.2,26.4,0.8,24.8,49.4,41.1,33.9,22.1,17.0,0.401,0.54,AVGO,,126,18.2,14.0,,False
44,ETN,"Eaton Corporation, PLC",Industrials,Specialty Industrial Machinery,Core,158.7,408.67,416.61,15.5,16.1,18.0,0.0,ok,-2.5,ok,3.11,,False,47.1,25.5,2.0,21.4,36.0,19.7,29.8,8.0,-1.3,0.399,0.482,AVGO,,126,16.1,19.0,,False
45,MPWR,"Monolithic Power Systems, Inc.",Technology,Semiconductors,Growth,63.2,1285.03,1373.52,19.0,18.1,10.0,0.0,ok,0.0,ok,-1.39,,False,47.1,36.9,0.7,47.6,55.2,22.0,43.9,4.0,-5.0,0.448,0.545,AVGO,,126,18.1,14.0,,False
46,CSCO,"Cisco Systems, Inc.",Technology,Communication Equipment,Core,434.5,110.23,116.0,19.5,17.5,10.0,0.0,ok,0.0,ok,0.73,,False,47.0,19.9,2.7,17.6,64.6,27.3,28.8,18.8,30.8,0.223,0.355,AVGO,,126,17.5,15.0,,False
47,IBM,International Business Machine,Technology,Information Technology Service,Core,217.7,231.04,246.48,20.0,19.5,10.0,0.0,ok,-2.5,ok,3.47,,False,47.0,17.6,5.5,1.1,58.1,34.5,44.9,-12.4,-9.6,0.123,0.327,MSFT,,126,19.5,16.0,,False
48,COF,Capital One Financial Corporat,Financial Services,Credit Services,Growth,132.7,216.27,208.57,18.0,18.9,10.0,0.0,ok,0.0,financial_na,,,False,46.9,9.0,,1111.0,0.0,9.0,42.1,4.4,-1.0,0.339,0.306,GOOG,,126,18.9,16.0,,False
49,CEG,Constellation Energy Corporati,Utilities,Utilities - Independent Power ,Compounder,96.9,273.43,263.65,12.5,15.9,21.0,0.0,ok,-2.5,ok,3.02,,False,46.9,20.5,-6.8,23.0,22.1,15.1,55.9,-8.5,-23.4,0.205,0.235,BMNR,,126,15.9,21.0,,False
50,RL,Ralph Lauren Corporation,Consumer Cyclical,Apparel Manufacturing,Core,22.1,370.82,389.59,20.5,16.4,10.0,0.0,ok,0.0,ok,0.67,,False,46.9,17.7,4.0,14.0,70.3,37.5,44.8,1.7,-11.7,0.281,0.259,BMNR,,126,16.4,13.0,,False
51,ULTA,"Ulta Beauty, Inc.",Consumer Cyclical,Specialty Retail,Core,23.2,538.76,511.82,21.0,16.3,10.0,0.0,ok,-0.5,ok,1.1,,False,46.8,16.9,4.2,11.1,43.2,47.4,48.5,-3.0,-32.6,0.156,0.191,MSFT,,126,16.3,12.0,,False
52,PODD,Insulet Corporation,Healthcare,Medical Devices,Core,10.1,145.42,154.37,20.5,16.2,10.0,0.0,ok,0.0,ok,0.67,,False,46.7,18.9,2.3,23.5,71.1,26.0,35.5,-33.4,-51.8,0.05,0.212,GOOG,,126,16.2,17.0,,False
53,STX,Seagate Technology Holdings PL,Technology,Computer Hardware,Growth,180.1,794.65,889.97,20.0,16.6,10.0,0.0,ok,0.0,ok,0.49,,False,46.6,14.4,1.1,48.5,45.6,371.5,45.0,39.9,89.9,0.354,0.468,AVGO,,126,16.6,14.0,,False
54,FSLR,"First Solar, Inc.",Technology,Solar,Core,22.4,208.31,228.73,18.5,18.1,10.0,0.0,ok,0.0,ok,-0.64,,False,46.6,9.0,7.1,-3.7,44.0,18.5,27.4,-10.7,-25.4,0.363,0.353,AVGO,,126,18.1,14.0,,False
55,CF,"CF Industries Holdings, Inc.",Basic Materials,Agricultural Inputs,Cyclical,19.6,129.24,122.78,22.0,14.6,10.0,0.0,ok,0.0,ok,0.29,,False,46.6,12.4,6.5,17.6,42.5,29.9,65.8,22.5,23.9,-0.348,0.324,GOOG,,126,14.6,12.0,,False
56,ORCL,Oracle Corporation,Technology,Software - Infrastructure,Core,410.3,142.45,144.59,17.5,15.4,19.0,-2.0,ok,-3.5,ok,4.44,,False,46.4,13.1,-6.0,20.6,65.8,53.4,46.8,-17.2,-13.3,0.617,0.53,MSFT,,126,15.4,19.0,,False
57,TPR,"Tapestry, Inc.",Consumer Cyclical,Luxury Goods,Core,26.4,132.16,144.97,21.0,15.9,10.0,0.0,ok,-0.5,ok,1.39,,False,46.4,14.9,5.3,8.9,76.6,197.1,27.9,-3.7,-25.3,0.212,0.246,GOOG,,126,15.9,13.0,,False
58,PTC,PTC Inc.,Technology,Software - Application,Core,16.7,154.31,146.59,21.0,15.4,10.0,0.0,ok,0.0,ok,0.98,,False,46.4,17.4,6.2,-6.8,84.5,35.1,65.9,2.9,-10.6,0.164,0.449,MSFT,,126,15.4,17.0,,False
59,AAPL,Apple Inc.,Technology,Consumer Electronics,Core,4529.2,310.34,310.5,20.5,15.8,10.0,0.0,ok,0.0,ok,0.13,,False,46.3,32.5,2.4,16.4,48.7,148.8,51.2,10.3,3.1,0.209,0.285,BMNR,,126,15.8,14.0,,False
60,WDAY,"Workday, Inc.",Technology,Software - Application,Core,49.2,199.15,189.19,20.5,15.8,10.0,0.0,ok,0.0,ok,-0.36,,False,46.3,15.8,6.3,13.5,75.8,10.9,66.7,23.3,41.9,0.135,0.417,MSFT,,126,15.8,17.0,,False
61,TRV,"The Travelers Companies, Inc.",Financial Services,Insurance - Property & Casualt,Core,77.3,370.55,352.73,20.0,16.1,10.0,0.0,ok,0.0,financial_na,,,False,46.1,12.3,19.1,0.3,34.7,26.5,43.4,20.3,10.7,-0.235,0.276,AVGO,,126,16.1,14.0,,False
62,SPGI,S&P Global Inc.,Financial Services,Financial Data & Stock Exchang,Core,128.4,435.42,422.94,19.5,16.6,10.0,0.0,ok,0.0,financial_na,,,False,46.1,21.5,4.2,10.4,70.9,14.3,66.8,-3.4,-6.7,0.112,0.345,MSFT,,126,16.6,16.0,,False
63,HIG,"The Hartford Insurance Group, ",Financial Services,Insurance - Diversified,Core,37.6,138.98,137.65,20.0,16.1,10.0,0.0,ok,0.0,financial_na,,,False,46.1,10.2,14.6,8.1,37.9,22.1,42.1,2.5,-11.8,-0.174,0.298,AVGO,,126,16.1,14.0,,False
64,TT,Trane Technologies plc,Industrials,Building Products & Equipment,Core,99.7,452.96,473.94,19.5,16.5,10.0,0.0,ok,0.0,ok,0.77,,False,46.0,25.9,3.1,10.6,35.4,36.6,36.8,2.3,-13.2,0.269,0.417,NVDA,,126,16.5,14.0,,False
65,EOG,"EOG Resources, Inc.",Energy,Oil & Gas E&P,Growth,78.8,150.21,142.7,23.0,13.0,10.0,0.0,ok,0.0,ok,0.23,,False,46.0,10.3,5.7,58.7,62.6,22.5,58.8,19.0,11.3,-0.339,0.306,NVDA,,126,13.0,14.0,,False
66,BRO,"Brown & Brown, Inc.",Financial Services,Insurance Brokers,Growth,25.0,74.62,70.89,21.5,14.5,10.0,0.0,ok,0.0,financial_na,,,False,46.0,15.5,6.6,32.4,56.3,10.0,66.5,7.3,-3.9,-0.169,0.374,AVGO,,126,14.5,15.0,,False
67,LVS,Las Vegas Sands Corp.,Consumer Cyclical,Resorts & Casinos,Core,30.4,46.97,46.73,21.0,16.5,10.0,0.0,ok,-1.5,ok,2.57,,False,46.0,13.3,7.3,-0.7,79.3,122.9,58.5,-14.3,-25.3,0.288,0.339,MSFT,,126,16.5,13.0,,False
68,GS,"Goldman Sachs Group, Inc. (The",Financial Services,Capital Markets,Growth,301.7,1036.28,1053.39,21.0,17.0,10.0,-2.0,ok,0.0,financial_na,,,False,46.0,14.0,,42.5,82.1,16.9,44.8,10.8,4.4,0.505,0.527,NVDA,,126,17.0,16.0,,False
69,PYPL,"PayPal Holdings, Inc.",Financial Services,Credit Services,Core,52.8,61.68,58.6,20.0,15.9,10.0,0.0,ok,0.0,financial_na,,,False,45.9,10.6,8.4,4.8,40.5,24.5,65.9,20.1,20.5,0.242,0.336,MSFT,,126,15.9,17.0,,False
70,FFIV,"F5, Inc.",Technology,Software - Infrastructure,Core,21.5,379.04,403.46,18.0,17.8,10.0,0.0,ok,0.0,ok,-1.47,,False,45.8,21.0,3.3,10.9,81.9,19.8,32.7,18.4,28.3,0.318,0.276,AVGO,,126,17.8,17.0,,False
71,KEYS,Keysight Technologies Inc.,Technology,Scientific & Technical Instrum,Growth,52.9,310.66,332.29,20.5,15.3,10.0,0.0,ok,0.0,ok,0.08,,False,45.8,22.8,3.6,36.5,64.7,20.9,33.6,10.1,-8.0,0.279,0.409,AVGO,,126,15.3,15.0,,False
72,ROK,"Rockwell Automation, Inc.",Industrials,Specialty Industrial Machinery,Core,47.8,429.69,460.64,18.5,17.8,10.0,0.0,ok,-0.5,ok,1.5,,False,45.8,29.0,2.7,7.9,49.1,30.6,39.8,3.1,-4.7,0.252,0.307,NVDA,,126,17.8,15.0,,False
73,AON,Aon plc,Financial Services,Insurance Brokers,Core,76.2,359.1,350.62,20.0,15.8,10.0,0.0,ok,0.0,financial_na,,,False,45.8,16.8,4.2,2.2,48.2,44.7,52.6,6.5,1.7,-0.183,0.384,AVGO,,126,15.8,15.0,,False
74,CRM,"Salesforce, Inc.",Technology,Software - Application,Core,171.2,209.06,198.61,20.5,16.7,10.0,0.0,ok,-1.5,ok,2.38,,False,45.7,13.5,9.7,13.3,77.6,16.9,64.8,4.4,2.0,0.188,0.461,MSFT,,126,16.7,17.0,,False
75,ZTS,Zoetis Inc.,Healthcare,Drug Manufacturers - Specialty,Core,31.9,77.17,75.85,21.0,15.2,10.0,0.0,ok,-0.5,ok,1.86,,False,45.7,11.6,6.3,-0.2,71.7,64.9,52.1,-26.2,-50.8,0.057,0.161,GOOG,,126,15.2,17.0,,False
76,LULU,lululemon athletica inc.,Consumer Cyclical,Apparel Retail,Core,13.9,122.78,117.65,21.0,14.7,10.0,0.0,ok,0.0,ok,0.24,,False,45.7,10.9,8.1,4.3,55.7,32.0,49.6,-20.8,-42.7,0.344,0.36,MSFT,,126,14.7,12.0,,False
77,LRCX,Lam Research Corporation,Technology,Semiconductor Equipment & Mate,Core,388.1,310.17,336.23,19.0,16.7,10.0,0.0,ok,0.0,ok,-0.17,,False,45.7,26.8,0.8,30.0,50.5,65.1,46.8,22.0,16.1,0.471,0.571,AVGO,,126,16.7,14.0,,False
78,BRK-B,Berkshire Hathaway Inc. New,Financial Services,Insurance - Diversified,Core,1079.6,504.32,500.76,18.5,17.1,10.0,0.0,ok,0.0,financial_na,,,False,45.6,22.7,6.7,10.0,30.3,12.1,40.7,2.5,-9.1,-0.029,0.176,NVDA,,126,17.1,14.0,,False
79,PLTR,Palantir Technologies Inc.,Technology,Software - Infrastructure,Growth,422.7,175.89,167.1,20.0,15.6,10.0,0.0,ok,0.0,ok,-3.45,,False,45.6,76.0,0.5,92.8,84.8,38.1,60.9,16.2,25.4,0.461,0.405,MSFT,,126,15.6,17.0,,False
80,ODFL,"Old Dominion Freight Line, Inc",Industrials,Trucking,Core,41.9,201.48,220.38,18.5,17.1,10.0,0.0,ok,0.0,ok,-0.15,,False,45.6,30.3,2.3,10.4,39.6,24.8,30.7,3.9,-8.5,0.09,0.173,NVDA,,126,17.1,14.0,,False
81,ALGN,"Align Technology, Inc.",Healthcare,Medical Instruments & Supplies,Core,11.3,159.64,174.38,18.5,17.1,10.0,0.0,ok,0.0,ok,-1.08,,False,45.6,12.7,5.2,4.3,70.4,10.2,37.5,-5.9,-25.0,0.307,0.316,GOOG,,126,17.1,17.0,,False
82,EXPE,"Expedia Group, Inc.",Consumer Cyclical,Travel Services,Core,40.7,339.12,322.17,23.0,12.5,10.0,0.0,ok,0.0,ok,-0.5,,False,45.5,14.0,8.4,14.0,90.4,89.5,64.9,32.7,60.5,0.141,0.197,MSFT,,126,12.5,15.0,,False
83,MMM,3M Company,Industrials,Conglomerates,Core,92.3,179.01,170.06,21.0,15.0,10.0,0.0,ok,-0.5,ok,1.21,,False,45.5,18.3,6.9,2.5,39.4,81.9,41.8,11.7,-3.5,0.085,0.231,GOOG,,126,15.0,14.0,,False
84,SNPS,"Synopsys, Inc.",Technology,Software - Infrastructure,Growth,75.5,394.51,418.85,20.0,19.0,10.0,0.0,ok,-3.5,ok,4.93,,False,45.5,22.9,4.7,41.9,82.6,3.8,42.5,-11.5,-21.6,0.436,0.379,NVDA,,126,19.0,17.0,,False
85,BR,Broadridge Financial Solutions,Technology,Information Technology Service,Core,21.1,185.45,176.18,20.0,16.0,10.0,0.0,ok,-0.5,ok,1.72,,False,45.5,16.0,5.6,7.5,31.8,40.9,69.3,4.0,-6.2,0.066,0.362,MSFT,,126,16.0,15.0,,False
86,ARM,Arm Holdings plc,Technology,Semiconductors,Core,255.0,238.78,300.29,16.5,19.0,10.0,0.0,ok,0.0,ok,-3.2,,False,45.5,78.0,0.5,22.4,97.5,13.4,27.3,20.9,75.3,0.473,0.512,AVGO,,126,19.0,15.0,,False
87,SYF,Synchrony Financial,Financial Services,Credit Services,Core,26.0,80.02,76.19,19.5,16.0,10.0,0.0,ok,0.0,financial_na,,,False,45.5,7.6,,0.6,0.0,20.8,54.0,7.3,2.5,0.34,0.318,BMNR,,126,16.0,16.0,,False
88,NTAP,"NetApp, Inc.",Technology,Software - Infrastructure,Core,36.7,186.86,177.52,20.5,14.9,10.0,0.0,ok,0.0,ok,-0.45,,False,45.4,18.6,3.5,12.5,70.7,106.7,46.4,47.3,77.0,0.277,0.31,AVGO,,126,14.9,17.0,,False
89,HBAN,Huntington Bancshares Incorpor,Financial Services,Banks - Regional,Growth,34.4,17.04,17.59,18.0,17.4,10.0,0.0,ok,0.0,financial_na,,,False,45.4,9.1,,47.6,0.0,9.0,37.1,1.2,-9.9,0.223,0.236,GOOG,,126,17.4,14.0,,False
90,MU,"Micron Technology, Inc.",Technology,Semiconductors,Growth,1028.2,910.43,962.88,20.0,15.4,10.0,0.0,ok,0.0,ok,-0.29,,False,45.4,5.9,0.7,345.7,72.6,66.6,52.5,58.5,106.8,0.399,0.511,AVGO,,126,15.4,15.0,,False
91,ARES,Ares Management Corporation,Financial Services,Asset Management,Core,46.2,140.01,133.01,17.5,17.9,10.0,0.0,ok,0.0,financial_na,,,False,45.4,19.5,4.7,5.8,37.4,14.9,46.1,5.6,10.1,0.379,0.347,GOOG,,126,17.9,14.0,,False
92,OXY,Occidental Petroleum Corporati,Energy,Oil & Gas E&P,Growth,60.1,60.11,57.1,22.5,12.9,10.0,0.0,ok,0.0,ok,0.76,,False,45.4,15.7,6.3,53.4,73.3,10.6,68.8,16.8,5.2,-0.312,0.346,GOOG,,126,12.9,14.0,,False
93,PG,Procter & Gamble Company (The),Consumer Defensive,Household & Personal Products,Core,340.8,146.6,147.58,18.5,17.2,10.0,0.0,ok,-0.5,ok,1.01,,False,45.2,19.8,3.9,1.5,50.9,30.3,44.9,-0.1,-21.7,-0.034,0.249,GOOG,,126,17.2,17.0,,False
94,ON,ON Semiconductor Corporation,Technology,Semiconductors,Core,28.0,71.93,91.89,16.0,19.2,10.0,0.0,ok,0.0,ok,0.4,,False,45.2,15.9,5.9,9.2,42.8,8.3,34.2,-6.8,-8.4,0.351,0.476,AVGO,,126,19.2,14.0,,False
95,ROST,"Ross Stores, Inc.",Consumer Cyclical,Apparel Retail,Core,77.5,241.52,234.52,19.5,15.6,10.0,0.0,ok,0.0,ok,0.12,,False,45.1,27.0,2.8,13.3,34.2,42.6,39.6,15.4,9.6,0.155,0.141,BMNR,,126,15.6,11.0,,False
96,TPL,Texas Pacific Land Corporation,Energy,Oil & Gas E&P,Growth,25.8,373.45,387.73,18.0,17.1,10.0,0.0,ok,0.0,ok,-0.31,,False,45.1,5.1,-0.1,31.2,93.3,36.6,43.1,-4.1,-40.8,-0.037,0.078,MSFT,,126,17.1,14.0,,False
97,TJX,"TJX Companies, Inc. (The)",Consumer Cyclical,Apparel Retail,Core,155.4,140.71,155.46,17.0,18.1,10.0,0.0,ok,0.0,ok,0.93,,False,45.1,24.4,2.8,5.4,31.5,62.2,20.6,-9.1,-21.5,-0.018,0.063,GOOG,,126,18.1,11.0,,False
98,TER,"Teradyne, Inc.",Technology,Semiconductor Equipment & Mate,Growth,57.0,364.9,385.7,20.0,15.1,10.0,0.0,ok,0.0,ok,-0.17,,False,45.1,31.6,0.8,103.9,59.2,36.5,40.4,18.3,-0.2,0.417,0.516,AVGO,,126,15.1,14.0,,False
99,KLIC,"Kulicke and Soffa Industries, ",Technology,Semiconductor Equipment & Mate,Growth,4.4,83.51,104.83,16.5,18.5,10.0,0.0,ok,0.0,ok,-2.49,,False,45.0,14.1,1.3,122.6,52.6,13.2,38.1,8.5,6.6,0.383,0.475,NVDA,,126,18.5,14.0,,False
100,VRSN,"VeriSign, Inc.",Technology,Software - Infrastructure,Core,26.3,290.79,276.25,16.5,19.0,10.0,0.0,ok,-0.5,ok,1.1,,False,45.0,26.5,3.2,6.0,88.5,,43.5,12.1,25.2,-0.038,0.173,BMNR,,126,19.0,17.0,,False
101,NOW,"ServiceNow, Inc.",Technology,Software - Application,Core,132.4,128.05,121.65,18.0,17.5,10.0,0.0,ok,-0.5,ok,1.31,,False,45.0,25.6,3.9,24.0,74.8,14.2,62.6,6.7,13.9,0.268,0.506,MSFT,,126,17.5,17.0,,False
102,AFL,AFLAC Incorporated,Financial Services,Insurance - Life,Core,59.3,118.2,121.58,17.5,17.4,10.0,0.0,ok,0.0,financial_na,,,False,44.9,15.6,8.7,-1.0,50.9,16.9,29.8,3.5,-6.0,-0.203,0.268,AVGO,,126,17.4,15.0,,False
103,JPM,JP Morgan Chase & Co.,Financial Services,Banks - Diversified,Growth,947.4,356.39,344.8,19.0,15.9,10.0,0.0,ok,0.0,financial_na,,,False,44.9,14.3,,30.4,0.0,17.8,48.5,13.1,9.4,0.175,0.211,BMNR,,126,15.9,14.0,,False
104,AMP,"Ameriprise Financial, Inc.",Financial Services,Asset Management,Core,49.6,561.13,533.07,22.0,12.8,10.0,0.0,ok,0.0,financial_na,,,False,44.8,10.9,5.9,11.6,54.9,63.4,55.1,16.5,9.7,0.262,0.275,MSFT,,126,12.8,15.0,,False
105,ADP,"Automatic Data Processing, Inc",Technology,Software - Application,Core,112.4,283.01,268.86,20.0,14.8,10.0,0.0,ok,0.0,ok,0.2,,False,44.8,21.1,4.7,6.8,48.7,72.2,63.2,20.6,27.7,-0.058,0.29,MSFT,,126,14.8,16.0,,False
106,HOOD,"Robinhood Markets, Inc.",Financial Services,Capital Markets,Growth,93.2,103.62,100.54,18.5,18.3,10.0,-2.0,ok,0.0,financial_na,,,False,44.8,31.9,,32.3,91.9,23.6,61.6,8.0,30.1,0.541,0.572,BMNR,,126,18.3,16.0,,False
107,MAS,Masco Corporation,Industrials,Building Products & Equipment,Core,14.4,73.21,76.58,20.0,15.2,10.0,0.0,ok,-0.5,ok,1.95,,False,44.7,15.7,6.2,-2.9,37.2,5862.5,37.1,6.1,-12.0,0.256,0.27,BMNR,,126,15.2,14.0,,False
108,MSCI,MSCI Inc.,Financial Services,Financial Data & Stock Exchang,Core,41.5,571.36,581.95,17.5,17.2,10.0,0.0,ok,0.0,financial_na,,,False,44.7,25.4,2.9,12.2,83.0,,49.9,0.0,-6.6,0.177,0.366,MSFT,,126,17.2,16.0,,False
109,ADI,"Analog Devices, Inc.",Technology,Semiconductors,Growth,180.8,371.17,387.79,19.0,15.7,10.0,0.0,ok,0.0,ok,0.99,,False,44.7,22.7,2.3,39.6,65.8,12.2,42.5,8.5,-6.5,0.347,0.511,AVGO,,126,15.7,15.0,,False
110,FISV,"Fiserv, Inc.",,,Core,28.2,52.96,51.46,15.5,19.2,10.0,0.0,ok,,unavailable,,,False,44.7,6.5,,,,,40.9,-9.9,-21.5,0.11,0.315,MSFT,,126,19.2,12.5,,False
111,AOS,A.O. Smith Corporation,Industrials,Specialty Industrial Machinery,Speculative,8.5,62.72,61.08,18.0,16.6,10.0,0.0,ok,0.0,ok,0.63,,False,44.6,15.3,5.7,-0.7,38.6,27.1,47.4,-3.7,-28.9,0.096,0.216,NVDA,,124,16.6,14.0,,False
112,PNC,"PNC Financial Services Group, ",Financial Services,Banks - Regional,Core,97.2,243.68,248.29,18.5,16.1,10.0,0.0,ok,0.0,financial_na,,,False,44.6,11.4,,23.6,0.0,12.6,31.3,10.4,1.6,0.095,0.187,GOOG,,126,16.1,14.0,,False
113,KLAC,KLA Corporation,Technology,Semiconductor Equipment & Mate,Core,237.2,181.57,218.88,18.0,16.5,10.0,0.0,ok,0.0,ok,0.21,,False,44.5,27.5,1.1,15.2,61.3,87.5,38.8,-84.8,-99.0,0.189,0.271,AVGO,,126,16.5,15.0,,False
114,GOOGL,Alphabet Inc.,Communication Services,Internet Content & Information,Core,4256.8,348.06,351.57,19.0,17.5,10.0,-2.0,ok,0.0,ok,-0.7,,False,44.5,23.5,0.5,24.2,60.9,48.7,24.4,4.4,1.0,0.56,0.995,GOOG,,126,17.5,15.0,,False
115,CPAY,"Corpay, Inc.",Technology,Software - Infrastructure,Core,27.2,413.92,393.22,23.0,13.0,10.0,0.0,ok,-1.5,ok,2.7,,False,44.5,13.2,7.2,21.5,80.5,29.2,61.6,25.0,11.1,0.204,0.239,MSFT,,126,13.0,17.0,,False
116,EME,"EMCOR Group, Inc.",Industrials,Engineering & Construction,Core,33.7,764.9,796.48,18.0,16.5,10.0,0.0,ok,0.0,ok,-0.19,,False,44.5,20.8,2.9,19.8,19.4,40.3,35.3,1.4,-16.2,0.472,0.436,NVDA,,126,16.5,14.0,,False
117,INCY,Incyte Corporation,Healthcare,Biotechnology,Growth,25.9,127.98,121.58,23.0,11.5,10.0,0.0,ok,0.0,ok,-2.32,,False,44.5,14.3,4.6,37.7,55.7,30.7,71.5,23.3,15.6,-0.09,0.184,AVGO,,126,11.5,16.0,,False
118,CCL,Carnival Corporation Ltd.,Consumer Cyclical,Travel Services,Core,35.2,25.71,27.79,19.0,18.0,10.0,0.0,ok,-2.5,ok,3.28,,False,44.5,9.7,5.4,5.3,55.7,26.7,20.9,-7.3,-29.2,0.389,0.441,GOOG,,126,18.0,14.0,,False
119,POOL,Pool Corporation,Industrials,Industrial Distribution,Speculative,6.8,188.24,199.82,17.0,19.0,10.0,0.0,ok,-1.5,ok,2.58,,False,44.5,15.9,3.1,2.2,29.6,31.3,36.2,-13.1,-23.3,0.108,0.179,GOOG,,126,19.0,14.0,,False
120,APP,Applovin Corporation,Communication Services,Advertising Agencies,Growth,100.3,298.59,423.65,22.5,12.0,10.0,0.0,ok,0.0,ok,0.09,,True,44.5,14.2,3.2,52.8,88.5,203.7,15.2,-40.1,-35.1,0.405,0.347,BMNR,,126,16.0,15.0,,False
121,AIG,"American International Group, ",Financial Services,Insurance - Diversified,Core,40.5,77.38,77.69,17.0,17.4,10.0,0.0,ok,0.0,financial_na,,,False,44.4,8.8,18.2,0.5,35.1,7.2,38.9,0.3,-13.6,-0.064,0.202,NVDA,,126,17.4,14.0,,False
122,MA,Mastercard Incorporated,Financial Services,Credit Services,Core,525.5,599.86,569.87,20.5,13.9,10.0,0.0,ok,0.0,financial_na,,,False,44.4,26.1,3.2,14.1,100.0,241.2,68.4,13.6,9.6,0.127,0.433,MSFT,,126,13.9,18.0,,False
123,FIS,Fidelity National Information ,Technology,Information Technology Service,Core,21.4,41.4,41.43,22.0,15.9,10.0,0.0,ok,-3.5,ok,5.82,,False,44.4,6.2,12.4,29.1,35.8,22.3,34.8,-17.9,-24.3,0.056,0.339,MSFT,,126,15.9,15.0,,False
124,MCO,Moody's Corporation,Financial Services,Financial Data & Stock Exchang,Core,88.6,511.35,485.78,20.5,13.9,10.0,0.0,ok,0.0,financial_na,,,False,44.4,27.0,2.9,15.1,75.0,76.9,68.4,8.6,2.4,0.175,0.347,MSFT,,126,13.9,16.0,,False
125,KKR,KKR & Co. Inc.,Financial Services,Asset Management,Core,99.1,107.32,101.95,15.5,18.9,10.0,0.0,ok,0.0,financial_na,,,False,44.4,14.5,,7.8,54.8,7.3,48.7,1.3,1.3,0.348,0.292,BMNR,,126,18.9,15.0,,False
126,ALLE,Allegion plc,Industrials,Security & Protection Services,Core,13.8,162.63,154.5,19.5,15.3,10.0,0.0,ok,-0.5,ok,1.81,,False,44.3,16.6,3.5,12.7,44.8,33.7,44.3,7.6,-8.3,0.036,0.115,NVDA,,126,15.3,17.0,,False
127,ROL,"Rollins, Inc.",Consumer Cyclical,Personal Services,Core,17.9,37.26,41.16,18.5,16.3,10.0,0.0,ok,-0.5,ok,1.16,,False,44.3,28.6,2.8,7.9,52.4,37.0,44.5,-29.8,-49.1,0.02,0.22,GOOG,,126,16.3,14.0,,False
128,CBOE,"Cboe Global Markets, Inc.",Financial Services,Financial Data & Stock Exchang,Core,32.2,308.09,292.69,20.5,13.8,10.0,0.0,ok,0.0,financial_na,,,False,44.3,20.3,2.1,22.9,54.1,26.3,63.9,8.9,-5.6,-0.106,0.184,AVGO,,126,13.8,15.0,,False
129,BAC,Bank of America Corporation,Financial Services,Banks - Diversified,Core,435.9,62.33,60.66,17.5,16.7,10.0,0.0,ok,0.0,financial_na,,,False,44.2,11.8,,16.8,0.0,11.2,46.3,14.8,13.3,0.223,0.222,BMNR,,126,16.7,14.0,,False
130,GEN,Gen Digital Inc.,Technology,Software - Infrastructure,Core,17.4,29.11,27.65,22.0,14.7,10.0,0.0,ok,-2.5,ok,3.17,,False,44.2,8.8,8.9,6.3,78.0,41.9,55.8,19.9,22.1,0.329,0.396,MSFT,,126,14.7,17.0,,False
131,XYL,Xylem Inc.,Industrials,Specialty Industrial Machinery,Core,26.7,114.18,117.9,16.0,18.1,10.0,0.0,ok,0.0,ok,0.9,,False,44.1,18.3,4.4,1.5,39.2,9.2,30.0,-9.2,-22.0,0.085,0.225,GOOG,,126,18.1,14.0,,False
132,UNH,UnitedHealth Group Incorporate,Healthcare,Healthcare Plans,Core,357.9,398.76,413.66,15.5,19.1,10.0,0.0,ok,-0.5,ok,1.57,,False,44.1,17.8,6.8,0.4,19.7,14.2,43.6,14.9,35.6,0.083,0.101,MSFT,,126,19.1,15.0,,False
133,RJF,"Raymond James Financial, Inc.",Financial Services,Asset Management,Core,33.9,176.68,168.47,19.0,15.0,10.0,0.0,ok,0.0,financial_na,,,False,44.0,12.5,,15.1,93.2,18.4,46.0,11.0,3.0,0.288,0.291,GOOG,,126,15.0,16.0,,False
134,PRU,"Prudential Financial, Inc.",Financial Services,Insurance - Life,Core,42.3,122.67,116.88,18.0,16.0,10.0,0.0,ok,0.0,financial_na,,,False,44.0,8.3,17.8,14.1,29.0,12.0,47.2,14.9,11.1,0.132,0.196,BMNR,,126,16.0,14.0,,False
135,KEY,KeyCorp,Financial Services,Banks - Regional,Core,23.3,21.87,22.89,17.5,16.5,10.0,0.0,ok,0.0,financial_na,,,False,44.0,10.2,,10.1,0.0,10.3,27.0,3.5,-5.9,0.217,0.216,BMNR,,126,16.5,14.0,,False
136,CIEN,Ciena Corporation,Technology,Communication Equipment,Growth,52.7,371.95,420.09,15.5,18.5,10.0,0.0,ok,0.0,ok,0.48,,False,44.0,38.5,1.3,39.5,43.0,15.5,40.5,0.6,-2.5,0.337,0.517,AVGO,,126,18.5,14.0,,False
137,HON,Honeywell International Inc.,Industrials,Conglomerates,Core,68.1,214.77,235.79,18.5,18.0,10.0,0.0,ok,-2.5,ok,3.03,,False,44.0,21.5,3.8,4.3,36.5,46.6,19.3,-2.8,-22.0,0.036,0.211,MSFT,,126,18.0,14.0,,False
138,BBY,"Best Buy Co., Inc.",Consumer Cyclical,Specialty Retail,Core,18.4,87.48,83.11,18.0,15.9,10.0,0.0,ok,0.0,ok,0.85,,False,43.9,12.3,6.2,1.9,22.5,39.1,52.4,24.1,30.5,0.051,0.083,NVDA,,126,15.9,11.0,,False
139,WFC,Wells Fargo & Company,Financial Services,Banks - Diversified,Core,256.2,84.72,86.08,16.5,17.4,10.0,0.0,ok,0.0,financial_na,,,False,43.9,10.7,,9.5,0.0,12.6,34.9,0.3,-10.3,0.121,0.155,BMNR,,126,17.4,14.0,,False
140,MO,"Altria Group, Inc.",Consumer Defensive,Tobacco,Core,114.3,68.47,70.16,19.0,15.4,10.0,0.0,ok,-0.5,ok,1.41,,False,43.9,11.7,7.9,1.2,87.2,,51.3,5.0,-10.5,-0.421,0.396,MSFT,,126,15.4,18.0,,False
141,HSY,The Hershey Company,Consumer Defensive,Confectioners,Core,38.2,189.94,180.44,20.0,14.4,10.0,0.0,ok,-0.5,ok,1.89,,False,43.9,19.2,4.6,6.6,38.4,32.8,69.1,-0.4,-27.9,-0.206,0.352,AVGO,,126,14.4,16.0,,False
142,FDS,FactSet Research Systems Inc.,Financial Services,Financial Data & Stock Exchang,Core,10.9,305.31,290.04,20.0,13.9,10.0,0.0,ok,0.0,financial_na,,,False,43.9,15.5,5.7,6.4,51.4,27.0,70.8,23.4,41.2,0.016,0.336,MSFT,,126,13.9,15.0,,False
143,GWW,"W.W. Grainger, Inc.",Industrials,Industrial Distribution,Core,62.3,1321.9,1343.44,19.5,14.3,10.0,0.0,ok,0.0,ok,0.69,,False,43.8,25.9,2.0,10.3,39.4,46.1,59.6,14.1,6.5,0.035,0.211,GOOG,,126,14.3,14.0,,False
144,APH,Amphenol Corporation,Technology,Electronic Components,Growth,191.8,155.55,160.99,19.0,15.3,10.0,0.0,ok,-0.5,ok,1.42,,False,43.8,24.0,2.0,55.0,39.0,38.1,30.8,7.6,-8.2,0.364,0.435,AVGO,,126,15.3,13.0,,False
145,UHS,"Universal Health Services, Inc",Healthcare,Medical Care Facilities,Core,10.4,176.4,167.58,19.0,15.3,10.0,0.0,ok,-0.5,ok,1.9,,False,43.8,7.3,4.8,8.3,44.6,20.9,64.1,-6.4,-34.3,0.002,0.167,GOOG,,126,15.3,16.0,,False
146,VRSK,"Verisk Analytics, Inc.",Industrials,Consulting Services,Core,24.7,189.55,188.21,18.0,17.3,10.0,0.0,ok,-1.5,ok,2.68,,False,43.8,21.8,4.3,4.4,70.2,,46.7,-3.0,-11.7,-0.156,0.307,AVGO,,126,17.3,18.0,,False
147,C,"Citigroup, Inc.",Financial Services,Banks - Diversified,Core,221.0,131.72,136.95,16.0,17.8,10.0,0.0,ok,0.0,financial_na,,,False,43.8,10.2,,15.5,0.0,8.5,38.2,8.7,9.7,0.393,0.352,NVDA,,126,17.8,14.0,,False
148,USB,U.S. Bancorp,Financial Services,Banks - Regional,Core,97.3,62.42,62.44,17.5,16.2,10.0,0.0,ok,0.0,financial_na,,,False,43.7,10.8,,10.4,0.0,12.6,35.7,12.1,3.5,0.15,0.209,GOOG,,126,16.2,14.0,,False
149,EQT,EQT Corporation,Energy,Oil & Gas E&P,Cyclical,33.6,53.79,52.03,18.5,15.2,10.0,0.0,ok,0.0,ok,0.79,,False,43.7,13.6,7.3,-3.9,80.7,11.1,56.5,-4.2,-18.7,-0.067,0.1,AVGO,,126,15.2,14.0,,False
150,JBL,Jabil Inc.,Technology,Electronic Components,Core,31.9,304.89,339.84,16.5,17.6,10.0,0.0,ok,-0.5,ok,1.08,,False,43.6,18.1,3.8,11.8,9.2,65.9,36.3,5.7,3.5,0.454,0.545,AVGO,,126,17.6,13.0,,False
151,CRH,CRH PLC,Basic Materials,Building Materials,Cyclical,63.7,95.79,102.7,16.0,19.1,10.0,0.0,ok,-1.5,ok,2.17,,False,43.6,14.5,3.2,5.6,36.2,15.8,42.7,-14.4,-32.4,0.24,0.329,GOOG,,126,19.1,11.0,,False
152,IONQ,"IonQ, Inc.",Technology,Computer Hardware,Growth,16.6,41.06,44.21,11.0,22.5,10.0,0.0,ok,0.0,neg_ebitda_low_debt,,,False,43.5,,-0.5,286.8,,-60.5,48.7,-8.3,18.8,0.481,0.418,BMNR,,126,22.5,13.0,,False
153,FIX,"Comfort Systems USA, Inc.",Industrials,Engineering & Construction,Core,56.7,1609.69,1779.48,17.0,16.5,10.0,0.0,ok,0.0,ok,0.12,,False,43.5,26.7,3.3,1.0,25.7,55.3,36.2,10.0,-1.4,0.406,0.439,AVGO,,126,16.5,14.0,,False
154,V,Visa Inc.,Financial Services,Credit Services,Core,714.0,382.41,363.29,20.5,13.0,10.0,0.0,ok,0.0,financial_na,,,False,43.5,25.5,2.9,14.4,97.7,61.2,62.0,15.4,13.7,0.037,0.229,MSFT,,126,13.0,18.0,,False
155,FITB,Fifth Third Bancorp,Financial Services,Banks - Regional,Growth,49.8,54.9,56.52,18.0,15.5,10.0,0.0,ok,0.0,financial_na,,,False,43.5,11.1,,51.8,0.0,8.4,26.1,9.6,-0.7,0.12,0.168,GOOG,,126,15.5,14.0,,False
156,FANG,"Diamondback Energy, Inc.",Energy,Oil & Gas E&P,Growth,57.6,205.6,195.32,21.0,12.9,10.0,0.0,ok,-0.5,ok,1.03,,False,43.4,11.4,8.7,52.5,72.4,3.5,64.8,15.9,9.5,-0.242,0.287,GOOG,,126,12.9,14.0,,False
157,UPS,"United Parcel Service, Inc.",Industrials,Integrated Freight & Logistics,Core,87.4,102.72,108.28,18.5,15.4,10.0,0.0,ok,-0.5,ok,2.0,,False,43.4,12.7,6.4,7.6,22.4,29.6,30.0,-0.1,-20.5,0.126,0.16,GOOG,,126,15.4,14.0,,False
158,SYK,Stryker Corporation,Healthcare,Medical Devices,Core,125.7,327.81,327.04,17.0,16.9,10.0,0.0,ok,-0.5,ok,1.62,,False,43.4,19.6,3.3,9.4,65.6,16.5,42.3,-3.5,-24.9,-0.064,0.232,AVGO,,126,16.9,17.0,,False
159,TRMB,Trimble Inc.,Technology,Scientific & Technical Instrum,Core,14.1,60.67,57.64,17.0,16.8,10.0,0.0,ok,-0.5,ok,1.41,,False,43.3,14.7,4.9,11.0,71.8,-1.9,53.2,-7.6,-20.2,0.32,0.338,MSFT,,126,16.8,15.0,,False
160,CL,Colgate-Palmolive Company,Consumer Defensive,Household & Personal Products,Core,73.8,92.55,91.84,21.0,12.8,10.0,0.0,ok,-0.5,ok,1.29,,False,43.3,22.5,4.7,4.9,60.4,267.4,50.1,6.7,-16.2,-0.093,0.239,AVGO,,126,12.8,18.0,,False
161,SPG,"Simon Property Group, Inc.",Real Estate,REIT - Retail,Core,83.8,220.73,223.15,20.5,16.3,10.0,0.0,ok,-3.5,ok,5.54,,False,43.3,33.0,3.1,19.5,81.4,120.5,39.8,10.8,0.9,-0.082,0.184,AVGO,,126,16.3,17.0,,False
162,WSM,"Williams-Sonoma, Inc.",Consumer Cyclical,Specialty Retail,Core,28.0,237.77,232.42,18.5,14.8,10.0,0.0,ok,0.0,ok,0.51,,False,43.3,23.0,3.2,4.4,46.1,54.0,30.7,17.7,3.2,0.21,0.226,GOOG,,126,14.8,12.0,,False
163,DDOG,"Datadog, Inc.",Technology,Software - Application,Growth,81.1,225.77,249.25,15.0,18.2,10.0,0.0,ok,0.0,ok,-44.73,,False,43.2,76.1,1.3,35.6,79.5,4.7,30.6,29.3,105.1,0.236,0.309,MSFT,,126,18.2,17.0,,False
164,HAS,"Hasbro, Inc.",Consumer Cyclical,Leisure,Core,13.5,95.41,90.64,22.0,11.6,10.0,0.0,ok,-0.5,ok,1.92,,False,43.1,14.6,5.1,16.2,63.8,159.6,62.4,7.7,-15.5,0.124,0.161,GOOG,,126,11.6,13.0,,False
165,INTU,Intuit Inc.,Technology,Software - Application,Core,101.2,369.92,351.42,21.0,12.1,10.0,0.0,ok,0.0,ok,0.02,,False,43.1,13.6,5.2,10.4,80.8,22.5,71.4,-15.9,-7.6,0.11,0.341,MSFT,,126,12.1,17.0,,False
166,HUBB,Hubbell Inc,Industrials,Electrical Equipment & Parts,Core,24.7,466.76,494.51,18.5,17.0,10.0,0.0,ok,-2.5,ok,3.41,,False,43.0,20.4,2.0,15.3,35.3,24.4,33.8,-3.7,-22.2,0.193,0.348,NVDA,,126,17.0,14.0,,False
167,ROP,"Roper Technologies, Inc.",Technology,Software - Application,Core,41.1,415.51,394.73,18.5,17.0,10.0,0.0,ok,-2.5,ok,3.38,,False,43.0,17.1,5.5,8.5,69.5,13.1,69.2,10.3,12.3,-0.089,0.277,NVDA,,126,17.0,17.0,,False
168,BMY,Bristol-Myers Squibb Company,Healthcare,Drug Manufacturers - General,Core,137.4,67.28,63.92,21.0,12.5,10.0,0.0,ok,-0.5,ok,1.8,,False,43.0,10.3,5.9,5.7,71.7,46.6,54.9,18.4,-0.7,-0.017,0.224,AVGO,,126,12.5,17.0,,False
169,KMB,Kimberly-Clark Corporation,Consumer Defensive,Household & Personal Products,Core,37.0,111.37,108.82,18.5,15.0,10.0,0.0,ok,-0.5,ok,1.6,,False,43.0,14.9,2.5,0.6,37.6,104.9,49.5,8.8,-9.6,-0.082,0.182,GOOG,,126,15.0,16.0,,False
170,AMD,"Advanced Micro Devices, Inc.",Technology,Semiconductors,Growth,745.6,456.74,509.6,16.5,16.4,10.0,0.0,ok,0.0,ok,-0.92,,False,42.9,29.5,1.2,50.1,55.7,10.2,32.8,38.0,102.5,0.482,0.53,AVGO,,126,16.4,14.0,,False
171,PGR,Progressive Corporation (The),Financial Services,Insurance - Property & Casualt,Core,130.2,223.92,215.43,19.5,13.3,10.0,0.0,ok,0.0,financial_na,,,False,42.8,13.8,11.6,7.3,18.5,34.9,65.4,7.7,-2.4,-0.319,0.387,AVGO,,126,13.3,14.0,,False
172,HD,"Home Depot, Inc. (The)",Consumer Cyclical,Home Improvement Retail,Core,336.5,337.43,340.31,17.0,17.3,10.0,0.0,ok,-1.5,ok,2.39,,False,42.8,21.0,3.3,5.7,33.2,104.3,40.9,-2.1,-22.7,0.135,0.269,GOOG,,126,17.3,11.0,,False
173,DAL,"Delta Air Lines, Inc.",Industrials,Airlines,Core,54.2,82.48,87.63,17.0,17.3,10.0,0.0,ok,-1.5,ok,2.19,,False,42.8,9.4,5.2,18.7,18.7,20.1,23.0,12.9,8.7,0.344,0.327,GOOG,,126,17.3,14.0,,False
174,RMD,ResMed Inc.,Healthcare,Medical Instruments & Supplies,Core,33.5,232.45,220.83,18.5,14.2,10.0,0.0,ok,0.0,ok,-0.31,,False,42.7,17.6,2.8,8.6,61.6,24.3,59.1,1.8,-18.4,0.026,0.298,GOOG,,126,14.2,17.0,,False
175,PFG,Principal Financial Group Inc,Financial Services,Asset Management,Core,24.0,111.89,111.72,17.5,15.2,10.0,0.0,ok,0.0,financial_na,,,False,42.7,10.8,4.4,6.4,47.3,12.9,36.2,15.2,8.0,0.185,0.238,MSFT,,126,15.2,15.0,,False
176,CAT,"Caterpillar, Inc.",Industrials,Farm & Heavy Construction Mach,Core,372.8,811.02,903.82,18.0,16.1,10.0,0.0,ok,-1.5,ok,2.41,,False,42.6,25.1,1.4,24.0,29.7,57.0,31.9,6.5,-5.3,0.299,0.466,AVGO,,126,16.1,14.0,,False
177,ESTC,Elastic N.V.,Technology,Software - Application,Speculative,8.7,83.24,79.08,21.0,11.6,10.0,0.0,ok,0.0,neg_ebitda_low_debt,,,False,42.6,21.5,5.3,16.0,76.2,33.4,70.6,30.4,36.6,0.339,0.484,MSFT,,126,11.6,17.0,,False
178,MRSH,Marsh,Financial Services,Insurance Brokers,Core,92.9,194.67,184.94,19.0,13.6,10.0,0.0,ok,0.0,financial_na,,,False,42.6,17.1,5.2,6.2,44.0,25.9,57.2,10.1,-1.4,-0.181,0.401,AVGO,,126,13.6,15.0,,False
179,STZ,"Constellation Brands, Inc.",Consumer Defensive,Beverages - Brewers,Core,23.5,137.6,135.39,20.0,15.0,10.0,0.0,ok,-2.5,ok,3.02,,False,42.5,11.1,9.4,-3.3,52.7,23.7,60.4,-4.6,-24.5,-0.097,0.192,AVGO,,126,15.0,17.0,,False
180,CVNA,Carvana Co.,Consumer Cyclical,Auto & Truck Dealerships,Growth,107.6,72.33,68.71,16.0,17.0,10.0,0.0,ok,-0.5,ok,1.02,,False,42.5,32.1,0.4,52.4,19.4,58.8,56.1,-0.3,0.2,0.347,0.382,GOOG,,126,17.0,11.0,,False
181,VLTO,Veralto Corp,Industrials,Pollution & Treatment Controls,Core,24.2,99.37,94.4,19.5,13.5,10.0,0.0,ok,-0.5,ok,1.06,,False,42.5,20.8,3.3,7.5,60.2,34.3,60.5,6.4,-4.8,-0.045,0.142,AVGO,,126,13.5,16.0,,False
182,EFX,"Equifax, Inc.",Industrials,Consulting Services,Core,22.9,194.63,184.9,18.5,15.4,10.0,0.0,ok,-1.5,ok,2.75,,False,42.4,19.2,4.1,10.6,55.5,14.3,69.8,3.3,-10.6,0.019,0.213,MSFT,,126,15.4,17.0,,False
183,IBKR,"Interactive Brokers Group, Inc",Financial Services,Capital Markets,Core,158.5,93.05,91.89,20.0,14.4,10.0,-2.0,ok,0.0,financial_na,,,False,42.4,29.2,,26.3,93.0,24.0,59.7,19.7,18.4,0.594,0.548,BMNR,,126,14.4,16.0,,False
184,GE,GE Aerospace,Industrials,Aerospace & Defense,Core,354.7,341.84,359.95,18.0,14.4,10.0,0.0,ok,0.0,ok,0.9,,False,42.4,37.7,1.9,21.1,31.1,48.2,28.5,7.0,-12.0,0.247,0.374,GOOG,,126,14.4,14.0,,False
185,CDW,CDW Corporation,Technology,Information Technology Service,Core,16.6,132.51,136.42,17.0,17.9,10.0,0.0,ok,-2.5,ok,3.02,,False,42.4,11.1,4.1,10.0,21.4,44.0,29.2,1.0,-5.0,0.124,0.203,MSFT,,126,17.9,15.0,,False
186,L,Loews Corporation,Financial Services,Insurance - Property & Casualt,Core,22.8,111.45,113.65,16.0,16.3,10.0,0.0,ok,0.0,financial_na,,,False,42.3,38.4,5.5,3.9,36.3,9.3,24.9,2.7,-9.1,-0.166,0.212,AVGO,,126,16.3,14.0,,False
187,CFG,"Citizens Financial Group, Inc.",Financial Services,Banks - Regional,Core,29.6,70.23,71.15,16.0,16.3,10.0,0.0,ok,0.0,financial_na,,,False,42.3,10.8,,14.7,0.0,8.3,31.0,11.8,2.9,0.184,0.194,BMNR,,126,16.3,14.0,,False
188,PPG,"PPG Industries, Inc.",Basic Materials,Specialty Chemicals,Cyclical,25.2,113.23,117.08,17.5,16.3,10.0,0.0,ok,-1.5,ok,2.17,,False,42.3,13.1,4.4,7.2,41.2,19.3,37.7,3.0,-20.3,0.275,0.308,BMNR,,126,16.3,12.0,,False
189,MGM,MGM Resorts International,Consumer Cyclical,Resorts & Casinos,Core,11.2,43.69,45.93,18.5,18.8,10.0,0.0,ok,-5.0,ok,12.25,,False,42.3,21.1,7.9,1.0,44.2,18.9,31.0,11.6,13.6,0.204,0.216,MSFT,,126,18.8,12.0,,False
190,HST,"Host Hotels & Resorts, Inc.",Real Estate,REIT - Hotel & Motel,Core,16.1,23.19,23.98,17.0,16.7,10.0,0.0,ok,-1.5,ok,2.18,,False,42.2,22.1,10.5,3.6,29.2,15.6,29.3,12.8,6.8,0.112,0.248,GOOG,,126,16.7,15.0,,False
191,SCHW,Charles Schwab Corporation (Th,Financial Services,Capital Markets,Core,196.5,113.65,107.97,21.5,10.7,10.0,0.0,ok,0.0,financial_na,,,False,42.2,14.6,,20.9,97.5,20.3,77.0,17.9,11.4,0.114,0.2,MSFT,,126,10.7,16.0,,False
192,CB,Chubb Limited,Financial Services,Insurance - Property & Casualt,Core,133.4,345.83,345.67,18.5,13.7,10.0,0.0,ok,0.0,financial_na,,,False,42.2,11.9,7.9,6.1,31.1,14.8,46.8,6.8,-8.1,-0.377,0.412,AVGO,,126,13.7,14.0,,False
193,DXCM,"DexCom, Inc.",Healthcare,Medical Devices,Core,34.4,91.06,86.51,20.5,11.7,10.0,0.0,ok,0.0,ok,-0.39,,False,42.2,29.1,3.0,13.1,62.5,38.5,60.0,31.1,13.5,0.205,0.27,GOOG,,126,11.7,17.0,,False
194,GRMN,Garmin Ltd.,Technology,Scientific & Technical Instrum,Core,56.2,291.25,276.69,17.0,15.1,10.0,0.0,ok,0.0,ok,-1.06,,False,42.1,26.5,1.9,11.4,60.1,21.9,32.8,24.4,5.2,0.177,0.17,GOOG,,126,15.1,15.0,,False
195,PEP,"Pepsico, Inc.",Consumer Defensive,Beverages - Non-Alcoholic,Core,197.6,144.67,140.07,18.5,15.1,10.0,0.0,ok,-1.5,ok,2.25,,False,42.1,16.1,4.0,6.4,54.2,51.5,67.9,-2.4,-25.0,-0.14,0.311,AVGO,,126,15.1,17.0,,False
196,MCHP,Microchip Technology Incorpora,Technology,Semiconductors,Growth,40.3,74.21,84.0,17.5,17.1,10.0,0.0,ok,-2.5,ok,3.4,,False,42.1,16.3,3.4,38.0,60.2,7.2,40.2,-2.9,-13.3,0.394,0.501,AVGO,,126,17.1,15.0,,False
197,LLY,Eli Lilly and Company,Healthcare,Drug Manufacturers - General,Growth,1111.9,1246.93,1184.58,20.0,12.6,10.0,0.0,ok,-0.5,ok,1.1,,False,42.1,26.4,1.0,47.7,83.4,102.3,68.9,18.4,8.8,-0.07,0.198,GOOG,,126,12.6,17.0,,False
198,TMUS,"T-Mobile US, Inc.",Communication Services,Telecom Services,Core,195.9,182.62,181.67,18.5,16.1,10.0,0.0,ok,-2.5,ok,3.42,,False,42.1,12.6,5.8,7.9,63.1,18.0,58.5,-6.5,-28.4,-0.134,0.204,NVDA,,126,16.1,17.0,,False
199,NVR,"NVR, Inc.",Consumer Cyclical,Residential Construction,Core,17.1,6397.59,6438.22,16.5,15.6,10.0,0.0,ok,0.0,ok,-0.0,,False,42.1,15.5,5.4,-10.9,21.8,31.5,55.4,-6.6,-25.8,0.005,0.161,GOOG,,126,15.6,11.0,,False
200,NWSA,News Corporation,Communication Services,Entertainment,Core,16.6,30.76,29.22,18.0,14.1,10.0,0.0,ok,0.0,ok,0.61,,False,42.1,20.3,6.3,10.8,57.2,8.0,69.9,18.5,22.2,0.051,0.205,AVGO,,126,14.1,14.0,,False
201,PAYX,"Paychex, Inc.",Technology,Software - Application,Core,44.8,126.01,119.71,18.5,15.0,10.0,0.0,ok,-1.5,ok,2.17,,False,42.0,19.7,,12.5,67.2,,65.4,23.2,33.2,-0.05,0.288,MSFT,,126,15.0,17.0,,False
202,TTWO,"Take-Two Interactive Software,",Communication Services,Electronic Gaming & Multimedia,Core,43.7,233.5,240.98,13.5,19.0,10.0,0.0,ok,-0.5,ok,1.46,,False,42.0,22.7,2.9,2.0,57.1,-9.0,45.0,2.1,3.3,0.292,0.321,MSFT,,126,19.0,14.0,,False
203,TDG,Transdigm Group Incorporated,Industrials,Aerospace & Defense,Core,66.3,1199.08,1265.07,18.5,18.5,10.0,0.0,ok,-5.0,ok,6.03,,False,42.0,24.8,2.2,22.5,59.8,,32.0,-6.0,-18.4,0.165,0.336,GOOG,,126,18.5,15.0,,False
204,DOV,Dover Corporation,Industrials,Specialty Industrial Machinery,Core,27.4,203.62,212.29,16.0,16.0,10.0,0.0,ok,0.0,ok,0.79,,False,42.0,17.5,3.3,6.9,40.1,14.9,31.5,-2.6,-22.9,0.236,0.271,GOOG,,126,16.0,15.0,,False
205,URI,"United Rentals, Inc.",Industrials,Rental & Leasing Services,Core,67.4,1083.56,1098.52,18.5,15.9,10.0,0.0,ok,-2.5,ok,3.26,,False,41.9,18.9,2.5,11.8,38.5,28.9,33.4,18.1,10.0,-0.01,0.15,MSFT,,126,15.9,16.0,,False
206,VST,Vistra Corp.,Utilities,Utilities - Independent Power ,Core,45.5,135.66,153.13,15.0,19.4,10.0,0.0,ok,-2.5,ok,3.02,,False,41.9,13.1,0.1,-5.5,38.3,43.0,37.0,-14.9,-31.9,0.264,0.262,AVGO,,126,19.4,18.0,,False
207,VEEV,Veeva Systems Inc.,Healthcare,Health Information Services,Core,40.4,248.46,236.04,18.0,13.9,10.0,0.0,ok,0.0,ok,-7.03,,False,41.9,24.8,3.1,16.3,75.0,13.9,75.6,24.5,30.3,0.207,0.441,MSFT,,126,13.9,19.0,,False
208,GNRC,Generac Holdlings Inc.,Industrials,Specialty Industrial Machinery,Core,12.0,203.56,232.29,15.5,16.9,10.0,0.0,ok,-0.5,ok,1.79,,False,41.9,17.2,2.4,10.6,39.5,9.5,37.0,-1.6,-24.5,0.231,0.422,AVGO,,126,16.9,14.0,,False
209,DASH,"DoorDash, Inc.",Consumer Cyclical,Internet Retail,Growth,99.8,229.06,217.61,18.0,13.9,10.0,0.0,ok,0.0,ok,-1.42,,False,41.9,28.1,5.2,35.6,52.2,8.9,77.8,22.2,28.3,0.423,0.47,MSFT,,126,13.9,12.0,,False
210,OTIS,Otis Worldwide Corporation,Industrials,Specialty Industrial Machinery,Core,27.5,72.19,72.55,15.5,18.9,10.0,0.0,ok,-2.5,ok,3.04,,False,41.9,15.8,5.2,7.3,30.3,,42.8,-10.1,-30.3,0.012,0.179,GOOG,,126,18.9,14.0,,False
211,EMR,Emerson Electric Company,Industrials,Specialty Industrial Machinery,Core,87.9,157.57,149.69,18.5,13.9,10.0,0.0,ok,-0.5,ok,1.92,,False,41.9,21.8,4.2,7.0,53.2,12.8,47.9,11.7,-6.2,0.342,0.36,NVDA,,126,13.9,15.0,,False
212,ACN,Accenture plc,Technology,Information Technology Service,Core,114.1,186.53,177.2,18.5,13.3,10.0,0.0,ok,0.0,ok,-0.14,,False,41.8,12.7,10.6,5.6,32.0,24.4,70.1,-8.7,-15.5,-0.044,0.264,MSFT,,126,13.3,15.0,,False
213,SNA,Snap-On Incorporated,Industrials,Tools & Accessories,Core,20.4,394.49,402.8,17.5,14.3,10.0,0.0,ok,0.0,ok,-0.24,,False,41.8,18.5,5.4,4.2,51.8,17.9,16.9,5.7,-9.1,0.123,0.262,GOOG,,126,14.3,15.0,,False
214,APA,APA Corporation,Energy,Oil & Gas E&P,Cyclical,15.1,42.96,40.81,21.0,10.8,10.0,0.0,ok,0.0,ok,0.6,,False,41.8,10.2,14.3,9.2,78.3,26.7,74.9,32.0,40.0,-0.356,0.321,NVDA,,126,10.8,14.0,,False
215,SHW,Sherwin-Williams Company (The),Basic Materials,Specialty Chemicals,Cyclical,84.2,346.73,340.04,18.5,15.8,10.0,0.0,ok,-2.5,ok,3.13,,False,41.8,25.5,3.0,7.5,49.0,65.1,38.9,3.9,-15.8,0.208,0.309,GOOG,,126,15.8,12.0,,False
216,MTB,M&T Bank Corporation,Financial Services,Banks - Regional,Core,34.9,241.79,243.39,16.5,15.3,10.0,0.0,ok,0.0,financial_na,,,False,41.8,11.5,,6.2,0.0,10.7,29.0,11.1,0.3,0.084,0.189,GOOG,,126,15.3,14.0,,False
217,NKE,"Nike, Inc.",Consumer Cyclical,Footwear & Accessories,Core,60.5,40.75,42.39,16.5,15.3,10.0,0.0,ok,0.0,ok,0.41,,False,41.8,17.8,3.1,-1.1,43.2,22.1,46.1,-22.1,-47.1,0.183,0.203,MSFT,,126,15.3,12.0,,False
218,NTRS,Northern Trust Corporation,Financial Services,Asset Management,Growth,34.2,186.66,181.76,17.5,14.3,10.0,0.0,ok,0.0,financial_na,,,False,41.8,14.7,,36.4,0.0,17.1,58.7,20.0,21.7,0.274,0.254,NVDA,,126,14.3,14.0,,False
219,AME,"AMETEK, Inc.",Industrials,Specialty Industrial Machinery,Core,55.6,242.33,240.79,17.0,14.7,10.0,0.0,ok,0.0,ok,0.73,,False,41.7,26.9,2.7,15.0,36.9,14.6,33.5,8.2,-8.6,0.257,0.343,AVGO,,126,14.7,14.0,,False
220,HWM,Howmet Aerospace Inc.,Industrials,Aerospace & Defense,Core,105.0,263.29,278.14,18.0,14.2,10.0,0.0,ok,-0.5,ok,1.47,,False,41.7,41.0,1.1,24.1,36.0,34.7,28.4,8.4,-10.1,0.24,0.331,NVDA,,126,14.2,14.0,,False
221,CTSH,Cognizant Technology Solutions,Technology,Information Technology Service,Core,28.0,62.2,59.09,18.5,13.2,10.0,0.0,ok,0.0,ok,0.26,,False,41.7,9.9,7.9,4.5,33.4,14.9,73.4,-0.9,-8.5,-0.025,0.289,MSFT,,126,13.2,15.0,,False
222,TFC,Truist Financial Corporation,Financial Services,Banks - Regional,Core,62.1,50.81,51.33,15.0,16.6,10.0,0.0,ok,0.0,financial_na,,,False,41.6,10.2,,8.2,0.0,9.1,34.2,3.9,-7.7,0.087,0.153,GOOG,,126,16.6,14.0,,False
223,ALB,Albemarle Corporation,Basic Materials,Specialty Chemicals,Growth,16.7,141.51,134.43,19.0,12.6,10.0,0.0,ok,0.0,ok,0.25,,False,41.6,12.3,8.0,31.1,24.0,2.6,75.3,-8.7,-35.1,0.281,0.275,BMNR,,126,12.6,11.0,,False
224,EXE,Expand Energy Corporation,Energy,Oil & Gas E&P,Cyclical,22.3,96.33,91.51,16.5,15.1,10.0,0.0,ok,0.0,ok,0.46,,False,41.6,10.8,6.6,-10.6,47.1,14.9,60.1,-4.8,-16.6,-0.088,0.137,AVGO,,126,15.1,13.0,,False
225,RF,Regions Financial Corporation,Financial Services,Banks - Regional,Core,26.1,30.63,30.68,16.5,15.1,10.0,0.0,ok,0.0,financial_na,,,False,41.6,10.8,,3.4,0.0,11.9,29.1,9.1,-2.3,0.145,0.211,GOOG,,126,15.1,14.0,,False
226,WM,"Waste Management, Inc.",Industrials,Waste Management,Core,90.5,226.46,228.03,17.5,15.6,10.0,0.0,ok,-1.5,ok,2.93,,False,41.6,24.8,2.6,4.0,40.6,29.8,53.5,1.1,-12.0,-0.394,0.378,NVDA,,126,15.6,15.0,,False
227,EXPD,Expeditors International of Wa,Industrials,Integrated Freight & Logistics,Growth,24.4,187.83,178.44,17.5,14.0,10.0,0.0,ok,0.0,ok,-0.37,,False,41.5,23.7,3.3,32.1,13.5,42.7,64.2,20.1,24.2,-0.038,0.087,MSFT,,126,14.0,14.0,,False
228,ITW,Illinois Tool Works Inc.,Industrials,Specialty Industrial Machinery,Core,80.9,283.95,277.99,18.5,13.5,10.0,0.0,ok,-0.5,ok,1.84,,False,41.5,22.9,3.0,6.1,44.2,104.6,25.7,7.4,-14.1,0.019,0.184,NVDA,,126,13.5,15.0,,False
229,TTD,"The Trade Desk, Inc.",Communication Services,Advertising Agencies,Speculative,6.2,13.27,17.39,19.5,12.0,10.0,0.0,ok,0.0,ok,-1.51,,True,41.5,13.3,9.3,3.0,76.9,15.4,16.3,-49.7,-57.9,0.187,0.284,MSFT,,126,16.0,15.0,,False
230,BLK,"BlackRock, Inc.",Financial Services,Asset Management,Growth,190.5,1172.61,1113.98,19.0,12.5,10.0,0.0,ok,0.0,financial_na,,,False,41.5,18.2,4.0,30.6,47.2,12.3,62.2,11.4,-2.0,0.429,0.408,GOOG,,126,12.5,15.0,,False
231,LHX,"L3Harris Technologies, Inc.",Industrials,Aerospace & Defense,Growth,48.9,262.83,289.2,18.0,16.0,10.0,0.0,ok,-2.5,ok,3.23,,False,41.5,19.5,,190.0,30.4,,29.8,-16.5,-36.6,-0.145,0.18,MSFT,,126,16.0,14.0,,False
232,PATH,"UiPath, Inc.",Technology,Software - Infrastructure,Speculative,8.6,16.57,15.74,19.5,11.9,10.0,0.0,ok,0.0,ok,-9.9,,False,41.4,18.3,6.0,17.3,83.0,18.2,70.1,30.1,53.0,0.258,0.418,MSFT,,126,11.9,17.0,,False
233,CVX,Chevron Corporation,Energy,Oil & Gas Integrated,Growth,398.4,203.09,192.94,20.5,10.9,10.0,0.0,ok,0.0,ok,0.56,,False,41.4,15.4,5.5,53.5,44.3,12.2,70.1,14.0,-1.5,-0.339,0.334,NVDA,,126,10.9,13.0,,False
234,EW,Edwards Lifesciences Corporati,Healthcare,Medical Devices,Core,52.2,90.5,89.09,16.5,14.9,10.0,0.0,ok,0.0,ok,-1.78,,False,41.4,26.8,2.4,13.6,77.8,9.2,53.5,6.9,-1.2,0.272,0.304,GOOG,,126,14.9,17.0,,False
235,PNR,Pentair plc.,Industrials,Specialty Industrial Machinery,Core,10.1,63.31,69.43,15.5,16.3,10.0,0.0,ok,-0.5,ok,1.62,,False,41.3,12.2,5.5,-17.0,41.4,17.1,34.3,-27.7,-49.4,0.152,0.222,NVDA,,126,16.3,15.0,,False
236,AKAM,"Akamai Technologies, Inc.",Technology,Software - Infrastructure,Core,15.2,105.66,119.2,16.0,18.8,10.0,0.0,ok,-3.5,ok,5.54,,False,41.3,14.7,4.7,5.4,57.5,8.9,32.2,-2.7,-5.5,0.245,0.278,AVGO,,126,18.8,16.0,,False
237,EPAM,"EPAM Systems, Inc.",Technology,Information Technology Service,Speculative,5.7,111.26,105.7,17.0,14.3,10.0,0.0,ok,0.0,ok,-0.85,,False,41.3,7.9,11.3,4.5,29.5,11.2,49.1,-21.1,-24.7,-0.025,0.232,NVDA,,126,14.3,15.0,,False
238,DLR,"Digital Realty Trust, Inc.",Real Estate,REIT - Specialty,Core,71.0,188.55,187.13,19.0,15.7,10.0,0.0,ok,-3.5,ok,5.66,,False,41.2,65.2,5.3,29.9,57.0,2.9,41.8,6.4,-4.6,0.183,0.212,NVDA,,126,15.7,16.0,,False
239,ELV,"Elevance Health, Inc.",Healthcare,Healthcare Plans,Core,87.3,402.63,394.81,16.0,15.2,10.0,0.0,ok,0.0,ok,-0.78,,False,41.2,13.6,4.9,1.4,26.0,11.1,68.8,13.6,12.8,0.046,0.139,GOOG,,126,15.2,15.0,,False
240,PWR,"Quanta Services, Inc.",Industrials,Engineering & Construction,Growth,92.7,616.78,670.43,16.0,16.7,10.0,0.0,ok,-1.5,ok,2.0,,False,41.2,31.4,2.1,41.1,15.5,15.3,32.5,6.3,-2.5,0.364,0.361,AVGO,,126,16.7,14.0,,False
241,FOX,Fox Corporation,Communication Services,Entertainment,Core,25.8,61.59,58.51,18.0,13.2,10.0,0.0,ok,0.0,ok,0.87,,False,41.2,10.7,2.1,28.1,36.6,14.3,78.1,8.5,9.3,-0.032,0.168,AVGO,,126,13.2,13.0,,False
242,GLW,Corning Incorporated,Technology,Electronic Components,Core,125.4,145.55,173.49,14.5,17.2,10.0,0.0,ok,-0.5,ok,1.68,,False,41.2,33.7,0.6,16.6,36.4,16.8,41.1,3.3,-14.9,0.314,0.44,NVDA,,126,17.2,13.0,,False
243,MRVL,"Marvell Technology, Inc.",Technology,Semiconductors,Core,205.8,229.29,232.82,15.5,15.7,10.0,0.0,ok,0.0,ok,0.53,,False,41.2,36.7,1.1,27.6,51.5,16.0,54.2,57.3,181.6,0.354,0.523,AVGO,,126,15.7,14.0,,False
244,FTV,Fortive Corporation,Technology,Scientific & Technical Instrum,Core,18.3,60.46,61.08,17.0,15.6,10.0,0.0,ok,-1.5,ok,2.61,,False,41.1,18.6,5.1,7.9,63.2,7.3,49.6,4.8,-6.1,0.08,0.136,NVDA,,126,15.6,15.0,,False
245,MPC,Marathon Petroleum Corporation,Energy,Oil & Gas Refining & Marketing,Growth,101.8,362.52,344.39,21.0,10.6,10.0,0.0,ok,-0.5,ok,1.72,,False,41.1,11.3,9.1,53.7,12.8,42.1,75.1,55.4,74.6,-0.143,0.217,GOOG,,126,10.6,12.0,,False
246,EQR,Equity Residential,Real Estate,REIT - Residential,Core,24.6,63.66,67.42,17.0,17.6,10.0,0.0,ok,-3.5,ok,4.51,,False,41.1,41.1,5.8,2.1,62.3,8.0,32.1,1.2,-9.6,-0.131,0.28,AVGO,,121,17.6,17.0,,False
247,WMT,Walmart Inc.,Consumer Defensive,Discount Stores,Core,847.5,106.49,113.32,13.5,18.1,10.0,0.0,ok,-0.5,ok,1.32,,False,41.1,33.0,1.1,5.9,25.2,22.3,38.6,-10.0,-26.7,-0.14,0.172,AVGO,,126,18.1,16.0,,False
248,JBHT,"J.B. Hunt Transport Services, ",Industrials,Integrated Freight & Logistics,Core,24.4,259.88,278.42,14.0,17.0,10.0,0.0,ok,0.0,ok,0.84,,False,41.0,25.7,3.7,19.4,18.5,18.4,38.7,11.7,5.7,0.08,0.155,NVDA,,126,17.0,14.0,,False
249,NUE,Nucor Corporation,Basic Materials,Steel,Cyclical,55.5,244.64,247.82,14.0,17.0,10.0,0.0,ok,0.0,ok,0.78,,False,41.0,12.8,1.2,23.0,15.6,14.5,22.2,21.9,29.1,0.18,0.246,AVGO,,126,17.0,11.0,,False
250,BKNG,Booking Holdings Inc. Common S,Consumer Cyclical,Travel Services,Core,160.3,213.36,202.69,18.0,13.0,10.0,0.0,ok,0.0,ok,0.36,,False,41.0,17.2,4.8,8.1,87.2,,70.2,15.0,20.3,0.147,0.183,MSFT,,126,13.0,15.0,,False
251,HPQ,HP Inc.,Technology,Computer Hardware,Core,26.1,28.58,27.15,15.0,16.5,10.0,0.0,ok,-0.5,ok,1.52,,False,41.0,9.5,13.2,9.0,20.3,,48.8,27.5,48.5,0.062,0.091,AVGO,,126,16.5,13.0,,False
252,INVH,Invitation Homes Inc.,Real Estate,REIT - Residential,Core,18.1,30.46,29.88,19.0,15.5,10.0,0.0,ok,-3.5,ok,5.65,,False,41.0,44.6,6.5,10.1,56.3,7.1,49.8,10.2,9.0,-0.112,0.302,AVGO,,126,15.5,16.0,,False
253,ABNB,"Airbnb, Inc.",Consumer Cyclical,Travel Services,Core,113.9,190.21,180.7,20.5,10.5,10.0,0.0,ok,0.0,ok,-3.47,,False,41.0,31.0,2.8,16.5,82.9,34.5,80.4,39.3,40.3,0.337,0.278,BMNR,,126,10.5,15.0,,False
254,NWS,News Corporation,Communication Services,Entertainment,Core,18.9,35.05,33.3,17.0,14.0,10.0,0.0,ok,0.0,ok,0.61,,False,41.0,23.2,5.5,10.8,57.2,8.0,68.9,18.5,24.0,0.047,0.207,GOOG,,126,14.0,14.0,,False
255,ZBRA,Zebra Technologies Corporation,Technology,Communication Equipment,Core,17.2,363.3,345.13,18.0,14.5,10.0,0.0,ok,-1.5,ok,2.37,,False,41.0,16.3,3.4,20.4,49.6,15.3,46.2,43.8,43.0,0.31,0.317,AVGO,,126,14.5,14.0,,False
256,DD,"DuPont de Nemours, Inc.",Basic Materials,Specialty Chemicals,Cyclical,18.5,136.67,129.84,15.5,15.5,10.0,0.0,ok,0.0,ok,0.91,,False,41.0,17.2,9.9,4.0,35.1,1.8,38.4,110.1,158.7,-0.047,0.1,BMNR,,126,15.5,11.0,,False
257,CSX,CSX Corporation,Industrials,Railroads,Core,95.3,51.44,49.47,19.5,13.0,10.0,0.0,ok,-1.5,ok,2.64,,False,41.0,22.6,2.0,10.1,47.1,24.4,55.5,21.3,10.4,-0.041,0.211,MSFT,,126,13.0,15.0,,False
258,ALAB,"Astera Labs, Inc.",Technology,Semiconductors,Growth,48.1,277.53,349.12,19.0,12.0,10.0,0.0,ok,0.0,ok,-4.23,,True,41.0,43.4,0.2,104.5,75.1,25.8,20.0,26.6,105.1,0.458,0.562,AVGO,,126,18.7,15.0,,False
259,TXT,Textron Inc.,Industrials,Aerospace & Defense,Core,14.1,82.13,89.53,13.0,18.4,10.0,0.0,ok,-0.5,ok,1.65,,False,40.9,11.3,3.2,3.0,17.6,12.1,23.8,-8.8,-28.1,0.138,0.167,GOOG,,126,18.4,14.0,,False
260,TYL,"Tyler Technologies, Inc.",Technology,Software - Application,Core,14.6,355.79,338.0,16.0,15.4,10.0,0.0,ok,-0.5,ok,1.06,,False,40.9,23.2,4.1,8.2,47.2,9.7,75.3,-1.7,-1.2,-0.082,0.315,MSFT,,126,15.4,16.0,,False
261,PSA,Public Storage,Real Estate,REIT - Industrial,Core,60.7,324.97,322.32,18.5,13.9,10.0,0.0,ok,-1.5,ok,2.89,,False,40.9,31.9,3.8,3.3,74.4,21.9,47.0,10.3,-3.1,-0.036,0.208,GOOG,,126,13.9,17.0,,False
262,CHRW,"C.H. Robinson Worldwide, Inc.",Industrials,Integrated Freight & Logistics,Core,16.7,142.86,174.85,16.5,14.9,10.0,0.0,ok,-0.5,ok,1.95,,False,40.9,19.0,2.9,19.3,8.4,37.1,28.9,-17.2,-30.2,-0.093,0.223,MSFT,,126,14.9,14.0,,False
263,ACMR,"ACM Research, Inc.",Technology,Semiconductor Equipment & Mate,Growth,5.4,77.35,90.38,14.5,16.4,10.0,0.0,ok,0.0,ok,-6.83,,False,40.9,28.5,-3.5,36.0,43.8,11.6,42.1,26.1,3.1,0.423,0.487,AVGO,,126,16.4,14.0,,False
264,BF-B,Brown Forman Inc,Consumer Defensive,Beverages - Wineries & Distill,Core,13.2,28.75,27.31,18.5,12.8,10.0,0.0,ok,-0.5,ok,1.94,,False,40.8,16.9,5.6,2.0,60.5,17.8,53.1,6.0,-15.7,-0.134,0.174,AVGO,,126,12.8,18.0,,False
265,JKHY,"Jack Henry & Associates, Inc.",Technology,Information Technology Service,Core,12.1,170.51,161.98,17.0,13.8,10.0,0.0,ok,0.0,ok,0.14,,False,40.8,21.8,,4.7,43.9,23.6,67.5,7.0,-1.5,-0.025,0.27,NVDA,,126,13.8,16.0,,False
266,FRT,Federal Realty Investment Trus,Real Estate,REIT - Retail,Core,10.3,117.54,122.0,18.5,15.8,10.0,0.0,ok,-3.5,ok,5.65,,False,40.8,38.0,4.4,7.2,68.1,12.6,29.5,7.3,-0.8,-0.042,0.133,AVGO,,126,15.8,17.0,,False
267,FICO,Fair Isaac Corporation,Technology,Software - Application,Core,25.2,1166.4,1172.81,18.5,15.8,10.0,0.0,ok,-3.5,ok,4.23,,False,40.8,22.0,3.1,25.7,85.1,,65.3,-12.5,-16.1,-0.129,0.21,AVGO,,126,15.8,17.0,,False
268,AVB,"AvalonBay Communities, Inc.",Real Estate,REIT - Residential,Core,26.3,184.06,188.04,17.0,17.3,10.0,0.0,ok,-3.5,ok,4.9,,False,40.8,36.8,5.4,2.3,62.7,8.5,44.5,3.1,-5.4,-0.062,0.269,AVGO,,120,17.3,17.0,,False
269,DHI,"D.R. Horton, Inc.",Consumer Cyclical,Residential Construction,Core,41.7,148.97,151.58,15.0,16.3,10.0,0.0,ok,-0.5,ok,1.24,,False,40.8,12.7,5.8,0.0,21.3,12.6,48.5,-0.3,-19.9,0.14,0.191,GOOG,,126,16.3,11.0,,False
270,WYNN,"Wynn Resorts, Limited",Consumer Cyclical,Resorts & Casinos,Core,10.2,99.41,99.88,18.0,16.3,10.0,0.0,ok,-3.5,ok,5.66,,False,40.8,19.3,4.7,6.9,68.3,,56.1,-8.1,-20.0,0.262,0.199,AVGO,,126,16.3,13.0,,False
271,INTC,Intel Corporation,Technology,Semiconductors,Core,461.3,87.26,107.59,13.0,18.3,10.0,0.0,ok,-0.5,ok,1.24,,False,40.8,42.8,1.1,25.4,38.9,-10.7,29.8,21.6,78.1,0.413,0.492,AVGO,,126,18.3,13.0,,False
272,COIN,"Coinbase Global, Inc.",Financial Services,Financial Data & Stock Exchang,Core,47.4,179.48,170.51,14.0,18.7,10.0,-2.0,ok,0.0,financial_na,,,False,40.7,62.1,5.6,-17.3,85.8,-7.8,67.3,-9.3,-0.3,0.541,0.738,BMNR,,126,18.7,16.0,,False
273,MTD,"Mettler-Toledo International, ",Healthcare,Diagnostics & Research,Core,28.0,1398.89,1328.95,16.5,14.7,10.0,0.0,ok,-0.5,ok,1.64,,False,40.7,27.1,2.5,4.5,60.3,,36.3,5.9,-9.7,0.153,0.17,GOOG,,126,14.7,17.0,,False
274,UAL,"United Airlines Holdings, Inc.",Industrials,Airlines,Core,36.9,113.57,123.55,17.0,15.2,10.0,0.0,ok,-1.5,ok,2.4,,False,40.7,7.4,2.5,16.0,31.8,23.3,19.8,5.5,-10.2,0.362,0.317,GOOG,,126,15.2,14.0,,False
275,VMC,Vulcan Materials Company (Hold,Basic Materials,Building Materials,Cyclical,35.8,275.94,288.22,14.5,17.7,10.0,0.0,ok,-1.5,ok,2.03,,False,40.7,25.6,2.4,2.5,27.5,13.2,41.5,-4.5,-24.1,0.064,0.228,GOOG,,126,17.7,11.0,,False
276,ORLY,"O'Reilly Automotive, Inc.",Consumer Cyclical,Auto Parts,Core,73.4,90.68,89.01,15.5,16.7,10.0,0.0,ok,-1.5,ok,2.24,,False,40.7,24.8,2.1,8.1,51.6,,45.0,-2.1,-14.9,-0.099,0.185,NVDA,,126,16.7,12.0,,False
277,DVN,Devon Energy Corporation,Energy,Oil & Gas E&P,Growth,53.1,48.23,45.82,17.5,13.6,10.0,0.0,ok,-0.5,ok,1.23,,False,40.6,8.8,1.5,64.2,50.3,11.5,66.7,12.7,0.9,-0.274,0.282,GOOG,,126,13.6,13.0,,False
278,NDAQ,"Nasdaq, Inc.",Financial Services,Financial Data & Stock Exchang,Core,55.2,98.79,93.85,18.0,12.6,10.0,0.0,ok,0.0,financial_na,,,False,40.6,21.1,3.1,14.9,100.0,16.5,78.3,10.1,11.1,0.216,0.395,MSFT,,126,12.6,16.0,,False
279,LDOS,"Leidos Holdings, Inc.",Technology,Information Technology Service,Core,17.4,138.43,131.51,17.0,15.1,10.0,0.0,ok,-1.5,ok,2.45,,False,40.6,10.8,6.6,7.2,17.8,27.8,61.1,-11.0,-31.4,0.088,0.182,MSFT,,126,15.1,15.0,,False
280,VLO,Valero Energy Corporation,Energy,Oil & Gas Refining & Marketing,Growth,99.6,346.0,328.7,20.0,10.6,10.0,0.0,ok,0.0,ok,0.26,,False,40.6,11.3,8.4,51.7,16.1,27.6,72.0,49.7,62.5,-0.174,0.298,GOOG,,126,10.6,12.0,,False
281,IR,Ingersoll Rand Inc.,Industrials,Specialty Industrial Machinery,Core,31.0,79.99,81.75,14.5,16.6,10.0,0.0,ok,-0.5,ok,1.85,,False,40.6,20.4,3.6,8.5,42.8,9.5,15.3,-2.4,-26.5,0.221,0.257,GOOG,,126,16.6,15.0,,False
282,ONTO,Onto Innovation Inc.,Technology,Semiconductor Equipment & Mate,Growth,17.3,282.91,304.23,14.0,16.5,10.0,0.0,ok,0.0,ok,-1.33,,False,40.5,24.3,1.2,35.3,55.5,6.8,48.9,20.5,15.1,0.403,0.53,AVGO,,126,16.5,14.0,,False
283,CVS,CVS Health Corporation,Healthcare,Healthcare Plans,Core,120.4,94.11,101.88,14.0,19.0,10.0,0.0,ok,-2.5,ok,3.74,,False,40.5,11.1,6.7,7.1,13.6,6.2,26.1,10.4,16.9,-0.085,0.161,AVGO,,126,19.0,15.0,,False
284,BSX,Boston Scientific Corporation,Healthcare,Medical Devices,Core,71.0,49.01,46.56,17.0,15.0,10.0,0.0,ok,-1.5,ok,2.12,,False,40.5,14.3,3.5,7.5,69.2,15.3,49.7,-29.2,-45.9,0.09,0.173,MSFT,,126,15.0,17.0,,False
285,APTV,Aptiv PLC,Consumer Cyclical,Auto Parts,Speculative,9.8,47.34,56.5,15.5,15.4,10.0,0.0,ok,-0.5,ok,1.52,,False,40.4,7.3,16.4,2.3,19.3,5.2,48.6,-30.4,-50.1,0.196,0.238,AVGO,,126,15.4,11.0,,False
286,MCD,McDonald's Corporation,Consumer Cyclical,Restaurants,Core,192.9,272.54,272.28,16.5,16.4,10.0,0.0,ok,-2.5,ok,3.6,,False,40.4,19.5,3.2,3.7,57.4,,56.8,-8.2,-28.8,-0.041,0.218,NVDA,,126,16.4,12.0,,False
287,SWKS,"Skyworks Solutions, Inc.",Technology,Semiconductors,Core,10.1,66.86,65.62,13.5,16.8,10.0,0.0,ok,0.0,ok,-0.13,,False,40.3,13.4,4.5,-3.1,40.7,5.1,50.3,5.2,0.5,0.27,0.345,AVGO,,126,16.8,14.0,,False
288,DOC,"Healthpeak Properties, Inc.",Real Estate,REIT - Healthcare Facilities,Core,15.3,21.63,21.4,18.0,15.8,10.0,0.0,ok,-3.5,ok,5.53,,False,40.3,,10.7,11.1,57.6,3.0,50.1,18.7,16.5,0.041,0.16,GOOG,,126,15.8,16.0,,False
289,FAST,Fastenal Company,Industrials,Industrial Distribution,Core,58.8,51.28,48.72,17.0,13.3,10.0,0.0,ok,0.0,ok,0.12,,False,40.3,36.6,1.6,14.7,44.7,34.3,63.4,14.5,2.3,-0.019,0.155,MSFT,,126,13.3,15.0,,False
290,NEM,Newmont Corporation,Basic Materials,Gold,Cyclical,138.9,131.84,125.25,22.0,8.3,10.0,0.0,ok,0.0,ok,-0.2,,False,40.3,12.5,6.3,15.1,68.0,25.9,84.0,23.8,-4.6,0.378,0.419,BMNR,,126,8.3,13.0,,False
291,COP,ConocoPhillips,Energy,Oil & Gas E&P,Growth,160.2,133.35,126.68,19.5,10.7,10.0,0.0,ok,0.0,ok,0.58,,False,40.2,14.0,4.8,35.5,47.6,14.2,75.8,21.3,10.4,-0.346,0.408,GOOG,,126,10.7,13.0,,False
292,MLM,"Martin Marietta Materials, Inc",Basic Materials,Building Materials,Cyclical,32.0,533.11,567.41,12.5,19.2,10.0,0.0,ok,-1.5,ok,2.93,,False,40.2,24.8,1.9,21.0,28.2,8.9,39.3,-11.8,-34.5,0.095,0.214,GOOG,,126,19.2,11.0,,False
293,CHTR,"Charter Communications, Inc.",Communication Services,Telecom Services,Core,20.3,150.3,142.79,19.0,14.7,10.0,0.0,ok,-3.5,ok,4.41,,False,40.2,3.4,10.9,-1.7,55.2,27.2,47.5,-18.7,-46.2,-0.013,0.228,NVDA,,126,14.7,16.0,,False
294,PLAB,"Photronics, Inc.",Technology,Semiconductor Equipment & Mate,Speculative,1.7,29.53,30.9,15.0,15.2,10.0,0.0,ok,0.0,ok,-2.31,,False,40.2,14.6,2.2,-0.5,33.8,13.2,30.7,-16.2,-33.3,0.333,0.418,AVGO,,126,15.2,13.0,,False
295,CPRT,"Copart, Inc.",Industrials,Specialty Business Services,Core,30.8,33.26,31.6,17.0,13.2,10.0,0.0,ok,0.0,ok,-2.09,,False,40.2,19.8,3.2,2.1,47.5,17.6,72.2,-4.5,-16.8,-0.053,0.283,AVGO,,126,13.2,17.0,,False
296,ISRG,"Intuitive Surgical, Inc.",Healthcare,Medical Instruments & Supplies,Core,133.8,373.57,387.51,15.5,14.7,10.0,0.0,ok,0.0,ok,-1.25,,False,40.2,30.9,2.0,18.5,66.7,17.4,53.0,-20.9,-35.5,0.271,0.335,GOOG,,126,14.7,17.0,,False
297,KR,Kroger Company (The),Consumer Defensive,Grocery Stores,Core,36.2,59.08,58.06,15.5,16.1,10.0,0.0,ok,-1.5,ok,2.64,,False,40.1,10.7,8.3,2.2,24.0,13.8,57.6,-7.7,-25.9,-0.323,0.363,NVDA,,126,16.1,16.0,,False
298,UDR,"UDR, Inc.",Real Estate,REIT - Residential,Core,14.1,38.39,38.94,17.5,16.1,10.0,0.0,ok,-3.5,ok,5.76,,False,40.1,68.6,5.5,-0.1,66.6,13.7,48.3,4.7,-7.5,-0.139,0.319,AVGO,,126,16.1,17.0,,False
299,CSGP,"CoStar Group, Inc.",Real Estate,Real Estate Services,Core,13.3,32.84,31.2,16.5,13.6,10.0,0.0,ok,0.0,ok,-0.28,,False,40.1,19.0,3.1,18.4,78.7,0.9,62.0,-27.6,-44.3,0.015,0.335,MSFT,,126,13.6,19.0,,False
300,REG,Regency Centers Corporation,Real Estate,REIT - Retail,Core,14.3,76.69,79.28,17.0,16.6,10.0,0.0,ok,-3.5,ok,4.62,,False,40.1,30.4,5.2,8.9,71.5,8.2,31.0,1.9,-10.9,-0.147,0.254,AVGO,,126,16.6,17.0,,False
301,PHM,"PulteGroup, Inc.",Consumer Cyclical,Residential Construction,Core,24.7,129.61,128.89,15.0,15.0,10.0,0.0,ok,0.0,ok,0.42,,False,40.0,11.5,4.4,-9.6,25.6,14.9,46.8,3.9,-18.9,0.115,0.207,GOOG,,126,15.0,11.0,,False
302,GPN,Global Payments Inc.,Industrials,Specialty Business Services,Growth,25.0,94.3,89.59,21.0,12.5,10.0,0.0,ok,-3.5,ok,4.05,,False,40.0,5.9,,68.6,64.0,2.4,65.0,26.1,9.7,0.282,0.306,MSFT,,126,12.5,18.0,fcf_yield_out_of_range(31.5),False
303,LII,"Lennox International, Inc.",Industrials,Building Products & Equipment,Core,13.8,399.1,499.27,18.5,12.0,10.0,0.0,ok,-0.5,ok,1.68,,True,40.0,15.2,2.0,3.0,33.3,71.8,24.9,-20.4,-39.4,0.177,0.264,NVDA,,126,16.0,14.0,,False
304,COHU,"Cohu, Inc.",Technology,Semiconductor Equipment & Mate,Growth,2.4,51.3,56.5,14.0,16.0,10.0,0.0,ok,0.0,ok,-13.22,,False,40.0,27.8,2.7,38.4,44.0,-4.8,47.5,30.9,56.6,0.396,0.509,AVGO,,126,16.0,14.0,,False
305,STE,STERIS plc (Ireland),Healthcare,Medical Devices,Core,23.2,237.87,225.98,16.0,14.0,10.0,0.0,ok,0.0,ok,0.95,,False,40.0,19.4,3.4,7.3,44.4,11.4,59.0,1.7,-14.7,0.05,0.166,GOOG,,126,14.0,16.0,,False
306,CDNS,"Cadence Design Systems, Inc.",Technology,Software - Application,Core,87.0,315.92,352.49,18.0,12.0,10.0,0.0,ok,0.0,ok,0.52,,True,40.0,33.1,1.9,24.2,85.9,23.2,21.5,-3.4,-2.4,0.491,0.387,NVDA,,126,19.0,17.0,,False
307,WTW,Willis Towers Watson Public Li,Financial Services,Insurance Brokers,Core,32.6,350.75,333.21,17.5,12.5,10.0,0.0,ok,0.0,financial_na,,,False,40.0,15.3,4.3,9.1,42.5,19.8,60.7,17.4,9.8,0.01,0.443,MSFT,,126,12.5,15.0,,False
308,MNST,Monster Beverage Corporation,Consumer Defensive,Beverages - Non-Alcoholic,Core,95.8,48.92,85.65,18.0,12.0,10.0,0.0,ok,0.0,ok,-1.13,,True,40.0,37.4,1.8,20.2,55.5,25.7,10.5,-39.0,-53.9,0.086,0.189,GOOG,,126,15.7,17.0,,False
309,GEHC,GE HealthCare Technologies Inc,Healthcare,Medical Devices,Core,33.5,74.19,70.48,17.5,13.9,10.0,0.0,ok,-1.5,ok,2.36,,False,39.9,13.7,4.7,5.8,39.5,19.4,68.7,1.9,-22.8,0.12,0.225,GOOG,,126,13.9,15.0,,False
310,MKC,"McCormick & Company, Incorpora",Consumer Defensive,Packaged Foods,Core,15.1,56.2,53.39,20.0,12.4,10.0,0.0,ok,-2.5,ok,3.17,,False,39.9,17.0,4.7,16.7,38.9,24.7,72.7,-1.8,-30.1,-0.121,0.244,NVDA,,126,12.4,16.0,,False
311,FDX,FedEx Corporation,Industrials,Integrated Freight & Logistics,Core,79.1,334.05,319.63,18.0,13.4,10.0,0.0,ok,-1.5,ok,2.48,,False,39.9,16.0,7.2,12.5,27.3,14.8,67.3,1.2,-24.3,0.185,0.237,GOOG,,126,13.4,14.0,,False
312,PANW,"Palo Alto Networks, Inc.",Technology,Software - Infrastructure,Growth,286.0,350.9,337.27,14.0,15.9,10.0,0.0,ok,0.0,ok,-0.66,,False,39.9,85.2,1.3,31.1,72.0,4.8,42.8,54.8,136.6,0.396,0.392,MSFT,,126,15.9,17.0,,False
313,AIZ,"Assurant, Inc.",Financial Services,Insurance - Property & Casualt,Core,14.2,287.81,276.46,15.5,14.4,10.0,0.0,ok,0.0,financial_na,,,False,39.9,12.3,15.1,9.4,13.3,18.3,55.8,18.6,18.1,0.012,0.095,BMNR,,126,14.4,14.0,,False
314,HPE,Hewlett Packard Enterprise Com,Technology,Communication Equipment,Growth,69.4,52.43,49.81,16.5,14.9,10.0,0.0,ok,-1.5,ok,2.84,,False,39.9,12.9,5.5,40.0,33.8,6.3,50.1,64.7,149.5,0.323,0.527,AVGO,,126,14.9,13.0,,False
315,KVUE,Kenvue Inc.,Consumer Defensive,Household & Personal Products,Core,37.3,19.43,19.05,17.5,13.8,10.0,0.0,ok,-1.5,ok,2.16,,False,39.8,15.7,5.1,3.0,58.4,15.6,47.7,10.1,-7.6,-0.102,0.211,AVGO,,126,13.8,17.0,,False
316,IVZ,Invesco Ltd,Financial Services,Asset Management,Core,14.3,32.45,30.83,16.5,13.2,10.0,0.0,ok,0.0,financial_na,,,False,39.7,9.9,8.0,20.5,29.5,-0.6,55.0,21.9,14.1,0.477,0.418,BMNR,,126,13.2,14.0,,False
317,TKO,"TKO Group Holdings, Inc.",Communication Services,Entertainment,Core,36.6,193.42,192.16,16.5,14.6,10.0,0.0,ok,-1.5,ok,2.69,,False,39.6,48.5,2.3,18.2,59.5,7.1,59.1,-1.7,-18.3,0.164,0.175,BMNR,,126,14.6,14.0,,False
318,IEX,IDEX Corporation,Industrials,Specialty Industrial Machinery,Core,17.2,233.69,227.9,16.0,14.1,10.0,0.0,ok,-0.5,ok,1.31,,False,39.6,24.4,3.2,6.4,44.7,13.0,41.6,15.1,1.0,0.158,0.236,AVGO,,126,14.1,15.0,,False
319,STLD,"Steel Dynamics, Inc.",Basic Materials,Steel,Growth,32.9,229.27,245.89,12.5,17.6,10.0,0.0,ok,-0.5,ok,1.43,,False,39.6,12.1,0.7,33.4,14.7,17.6,26.8,11.2,9.4,0.179,0.244,AVGO,,126,17.6,11.0,,False
320,BXP,"BXP, Inc.",Real Estate,REIT - Office,Core,12.7,69.99,67.93,18.0,16.5,10.0,0.0,ok,-5.0,ok,9.81,,False,39.5,33.5,7.0,3.7,56.5,5.3,47.5,10.9,8.2,0.139,0.212,BMNR,,126,16.5,16.0,,False
321,CI,The Cigna Group,Healthcare,Healthcare Plans,Core,74.1,280.45,284.4,15.5,14.5,10.0,0.0,ok,-0.5,ok,1.93,,False,39.5,8.4,10.8,6.7,9.1,16.8,56.0,0.8,-10.7,-0.153,0.274,AVGO,,126,14.5,15.0,,False
322,LEN,Lennar Corporation,Consumer Cyclical,Residential Construction,Core,21.2,88.16,86.57,12.0,18.0,10.0,0.0,ok,-0.5,ok,1.92,,False,39.5,13.6,5.1,-5.2,16.4,7.4,52.2,-11.4,-34.9,0.18,0.209,GOOG,,126,18.0,11.0,,False
323,AJG,Arthur J. Gallagher & Co.,Financial Services,Insurance Brokers,Growth,69.7,271.99,258.39,16.5,12.9,10.0,0.0,ok,0.0,financial_na,,,False,39.4,18.3,3.0,30.9,43.2,6.7,75.9,16.7,15.2,-0.188,0.344,AVGO,,126,12.9,15.0,,False
324,MAA,Mid-America Apartment Communit,Real Estate,REIT - Residential,Core,15.8,133.16,134.79,17.0,15.9,10.0,0.0,ok,-3.5,ok,4.57,,False,39.4,40.6,5.8,1.0,58.4,7.0,49.9,1.6,-10.5,-0.184,0.339,AVGO,,126,15.9,16.0,,False
325,CRWD,"CrowdStrike Holdings, Inc.",Technology,Software - Infrastructure,Core,194.2,190.68,330.16,13.0,16.4,10.0,0.0,ok,0.0,ok,-62.9,,False,39.4,121.7,1.0,25.6,75.1,-0.2,34.6,-57.2,-56.6,0.198,0.22,AVGO,,126,16.4,17.0,,False
326,SMCI,"Super Micro Computer, Inc.",Technology,Computer Hardware,Growth,22.8,35.17,33.41,13.5,15.9,10.0,0.0,ok,0.0,ok,0.63,,False,39.4,6.6,-36.2,93.2,10.8,21.5,59.2,12.0,1.9,0.434,0.521,NVDA,,126,15.9,13.0,,False
327,EXR,Extra Space Storage Inc,Real Estate,REIT - Industrial,Core,32.3,146.25,147.33,17.0,15.8,10.0,0.0,ok,-3.5,ok,5.94,,False,39.3,30.4,4.6,3.8,74.9,7.0,34.6,4.5,-12.2,-0.053,0.155,AVGO,,126,15.8,17.0,,False
328,COHR,Coherent Corp.,Technology,Scientific & Technical Instrum,Growth,53.9,275.49,327.81,11.5,18.3,10.0,0.0,ok,-0.5,ok,1.1,,False,39.3,19.7,-1.2,33.7,37.5,8.0,41.3,1.8,-3.0,0.37,0.492,NVDA,,126,18.3,13.0,,False
329,AMT,American Tower Corporation (RE,Real Estate,REIT - Specialty,Core,83.1,178.39,171.73,19.5,14.7,10.0,0.0,ok,-5.0,ok,6.14,,False,39.2,25.4,3.5,4.7,73.8,33.9,55.1,1.0,-16.3,-0.117,0.345,AVGO,,126,14.7,17.0,,False
330,FOXA,Fox Corporation,Communication Services,Entertainment,Core,29.0,69.21,65.75,15.5,13.7,10.0,0.0,ok,0.0,ok,0.87,,False,39.2,11.9,1.9,28.1,36.6,14.3,79.5,9.5,13.2,-0.027,0.136,AVGO,,126,13.7,13.0,,False
331,BKR,Baker Hughes Company,Energy,Oil & Gas Equipment & Services,Cyclical,61.5,61.99,59.35,16.0,13.2,10.0,0.0,ok,0.0,ok,-0.16,,False,39.2,19.6,7.2,-2.4,23.7,16.5,51.1,7.5,-15.0,0.163,0.174,BMNR,,126,13.2,14.0,,False
332,DPZ,Domino's Pizza Inc,Consumer Cyclical,Restaurants,Core,11.5,349.01,331.56,15.5,17.1,10.0,0.0,ok,-3.5,ok,4.84,,False,39.1,16.7,4.6,4.3,28.7,,36.5,-4.7,-26.4,-0.006,0.226,NVDA,,126,17.1,11.0,,False
333,FN,Fabrinet,Technology,Electronic Components,Growth,15.1,421.14,514.63,14.0,15.1,10.0,0.0,ok,0.0,ok,-1.64,,False,39.1,19.3,-0.4,44.6,12.0,21.3,34.1,-21.6,-39.2,0.371,0.488,AVGO,,126,15.1,13.0,,False
334,PSX,Phillips 66,Energy,Oil & Gas Refining & Marketing,Growth,97.0,241.96,229.86,19.0,10.6,10.0,0.0,ok,-0.5,ok,1.66,,False,39.1,11.4,4.7,53.1,13.1,23.5,82.9,45.5,46.8,-0.173,0.253,NVDA,,126,10.6,12.0,,False
335,LITE,Lumentum Holdings Inc.,Technology,Communication Equipment,Growth,74.5,830.17,813.22,14.0,15.1,10.0,0.0,ok,0.0,ok,-1.33,,False,39.1,25.1,0.3,109.3,44.2,-240.0,48.5,26.6,9.5,0.324,0.409,NVDA,,126,15.1,14.0,,False
336,TDY,Teledyne Technologies Incorpor,Technology,Scientific & Technical Instrum,Core,29.0,625.21,647.16,14.5,15.1,10.0,0.0,ok,-0.5,ok,1.06,,False,39.1,23.4,3.1,9.8,43.3,9.2,20.4,2.7,-19.6,0.4,0.414,NVDA,,126,15.1,14.0,,False
337,LOW,"Lowe's Companies, Inc.",Consumer Cyclical,Home Improvement Retail,Core,121.7,216.98,215.84,14.0,17.6,10.0,0.0,ok,-2.5,ok,3.01,,False,39.1,16.6,3.7,8.3,33.1,,48.4,-8.2,-32.8,0.08,0.253,GOOG,,126,17.6,11.0,,False
338,A,"Agilent Technologies, Inc.",Healthcare,Diagnostics & Research,Core,43.3,153.43,145.76,17.5,11.5,10.0,0.0,ok,0.0,ok,0.86,,False,39.0,23.2,2.1,10.0,52.6,21.3,74.1,17.0,12.5,0.179,0.139,GOOG,,126,11.5,16.0,,False
339,DG,Dollar General Corporation,Consumer Defensive,Discount Stores,Core,27.6,125.33,120.48,17.0,15.5,10.0,0.0,ok,-3.5,ok,4.26,,False,39.0,15.6,6.8,3.4,30.8,18.9,46.0,0.7,-29.3,0.214,0.254,MSFT,,126,15.5,16.0,,False
340,EA,Electronic Arts Inc.,Communication Services,Electronic Gaming & Multimedia,Core,52.9,209.7,205.27,18.0,11.0,10.0,0.0,ok,0.0,ok,-0.31,,False,39.0,21.7,3.2,18.9,79.9,16.5,80.9,3.4,-6.8,0.169,0.292,BMNR,,112,11.0,15.0,,False
341,WST,"West Pharmaceutical Services, ",Healthcare,Medical Instruments & Supplies,Core,24.9,353.32,348.27,14.5,14.5,10.0,0.0,ok,0.0,ok,-0.13,,False,39.0,35.5,1.1,13.8,36.8,19.1,56.7,21.7,33.0,0.068,0.128,GOOG,,126,14.5,15.0,,False
342,CMCSA,Comcast Corporation,Communication Services,Telecom Services,Core,95.9,27.02,25.67,18.5,12.0,10.0,0.0,ok,-1.5,ok,2.43,,False,39.0,7.5,13.2,-1.2,69.4,11.5,72.3,1.4,-24.6,-0.039,0.151,NVDA,,126,12.0,17.0,,False
343,UNP,Union Pacific Corporation,Industrials,Railroads,Core,184.1,309.86,294.37,20.5,9.9,10.0,0.0,ok,-1.5,ok,2.26,,False,38.9,21.9,2.6,11.5,56.3,39.7,70.9,21.0,5.7,-0.176,0.208,MSFT,,126,9.9,15.0,,False
344,XOM,ExxonMobil Holdings Corporatio,Energy,Oil & Gas Integrated,Growth,674.6,164.05,155.85,17.5,11.4,10.0,0.0,ok,0.0,ok,0.47,,False,38.9,15.4,3.1,44.1,29.8,12.6,69.0,15.6,-0.4,-0.352,0.339,GOOG,,126,11.4,12.0,,False
345,ACGL,Arch Capital Group Ltd.,Financial Services,Insurance - Diversified,Core,34.5,101.14,98.92,16.5,12.4,10.0,0.0,ok,0.0,financial_na,,,False,38.9,10.4,12.5,-10.5,38.8,19.9,58.9,5.7,-9.1,-0.276,0.408,AVGO,,126,12.4,14.0,,False
346,HAL,Halliburton Company,Energy,Oil & Gas Equipment & Services,Cyclical,28.9,34.63,34.08,15.5,13.9,10.0,0.0,ok,-0.5,ok,1.49,,False,38.9,11.9,7.1,3.7,15.1,14.9,62.9,0.9,-13.8,-0.059,0.093,BMNR,,126,13.9,14.0,,False
347,RCL,Royal Caribbean Cruises Ltd.,Consumer Cyclical,Travel Services,Core,78.4,293.0,303.7,15.0,16.4,10.0,0.0,ok,-2.5,ok,3.27,,False,38.9,14.4,-1.9,6.5,50.3,44.7,19.4,2.4,-18.0,0.353,0.405,GOOG,,126,16.4,14.0,,False
348,AZO,"AutoZone, Inc.",Consumer Cyclical,Auto Parts,Core,49.1,3009.44,3053.38,13.0,18.2,10.0,0.0,ok,-2.5,ok,3.01,,False,38.7,17.2,1.8,8.4,51.8,,47.9,-11.9,-31.5,0.006,0.181,GOOG,,126,18.2,12.0,,False
349,EG,"Everest Group, Ltd.",Financial Services,Insurance - Reinsurance,Core,14.4,376.79,366.44,15.0,13.7,10.0,0.0,ok,0.0,financial_na,,,False,38.7,6.3,14.3,-11.3,15.3,12.6,57.2,11.0,0.6,-0.244,0.314,AVGO,,126,13.7,14.0,,False
350,VTRS,Viatris Inc.,Healthcare,Drug Manufacturers - Specialty,Core,19.0,16.54,16.61,16.0,14.2,10.0,0.0,ok,-1.5,ok,2.82,,False,38.7,6.2,14.1,4.9,40.3,-2.8,29.4,14.9,-7.3,0.147,0.206,BMNR,,126,14.2,16.0,,False
351,PH,Parker-Hannifin Corporation,Industrials,Specialty Industrial Machinery,Core,127.9,1014.24,984.23,17.5,11.6,10.0,0.0,ok,-0.5,ok,1.45,,False,38.6,25.7,2.3,9.8,37.5,25.1,55.8,9.4,-11.7,0.134,0.324,NVDA,,126,11.6,14.0,,False
352,ERIE,Erie Indemnity Company,Financial Services,Insurance Brokers,Core,14.0,268.64,255.21,16.0,12.6,10.0,0.0,ok,0.0,financial_na,,,False,38.6,19.2,3.4,2.8,17.9,24.8,70.5,5.6,-5.9,-0.225,0.344,AVGO,,126,12.6,14.0,,False
353,WAB,Westinghouse Air Brake Technol,Industrials,Railroads,Core,50.3,297.62,282.74,17.0,13.1,10.0,0.0,ok,-1.5,ok,2.37,,False,38.6,23.9,2.2,17.5,35.7,11.6,47.9,18.9,1.5,0.159,0.299,AVGO,,126,13.1,14.0,,False
354,TAP,Molson Coors Beverage Company,Consumer Defensive,Beverages - Brewers,Speculative,8.0,42.99,40.93,13.5,16.5,10.0,0.0,ok,-1.5,ok,2.56,,False,38.5,8.8,11.7,-3.3,37.0,-19.5,53.8,-2.4,-24.0,-0.203,0.261,BMNR,,126,16.5,16.0,,False
355,NRG,"NRG Energy, Inc.",Utilities,Utilities - Independent Power ,Core,23.5,111.78,131.57,17.0,16.5,10.0,0.0,ok,-5.0,ok,7.16,,False,38.5,10.0,3.3,11.0,18.8,23.8,43.5,-24.8,-50.1,0.21,0.214,NVDA,,126,16.5,18.0,,False
356,CCI,Crown Castle Inc.,Real Estate,REIT - Specialty,Core,33.4,76.4,78.06,15.5,18.0,10.0,0.0,ok,-5.0,ok,8.31,,False,38.5,26.5,3.1,-4.9,73.7,,45.6,-10.0,-23.8,-0.101,0.332,AVGO,,126,18.0,17.0,,False
357,CME,CME Group Inc.,Financial Services,Financial Data & Stock Exchang,Core,100.4,279.17,265.21,17.0,11.5,10.0,0.0,ok,0.0,financial_na,,,False,38.5,21.6,2.9,0.8,100.0,15.8,70.4,1.3,-21.5,-0.136,0.305,AVGO,,126,11.5,16.0,,False
358,AVY,Avery Dennison Corporation,Consumer Cyclical,Packaging & Containers,Core,13.9,183.69,174.51,20.5,9.5,10.0,0.0,ok,-1.5,ok,2.28,,False,38.5,16.4,7.2,10.9,29.0,31.2,72.2,6.5,-17.6,0.131,0.15,MSFT,,126,9.5,11.0,,False
359,BMNR,BitMine Immersion Technologies,Financial Services,Capital Markets,Growth,14.6,24.14,22.93,14.0,16.4,10.0,-2.0,ok,0.0,financial_na,,,False,38.4,25.7,-3.6,2167.8,84.4,-150.9,81.9,5.3,13.1,0.502,0.427,NVDA,,126,16.4,16.0,,True
360,JCI,Johnson Controls International,Industrials,Building Products & Equipment,Core,86.6,142.99,145.18,16.0,13.9,10.0,0.0,ok,-1.5,ok,2.04,,False,38.4,23.7,3.4,9.3,36.7,14.3,29.2,7.0,-12.0,0.261,0.396,AVGO,,126,13.9,14.0,,False
361,CTAS,Cintas Corporation,Industrials,Specialty Business Services,Core,83.0,207.4,197.03,16.0,12.4,10.0,0.0,ok,0.0,ok,0.81,,False,38.4,33.9,1.8,8.9,50.7,40.7,57.9,11.7,-6.3,-0.071,0.227,AVGO,,126,12.4,17.0,,False
362,COST,Costco Wholesale Corporation,Consumer Defensive,Discount Stores,Core,430.8,971.4,948.14,14.0,14.4,10.0,0.0,ok,0.0,ok,-0.07,,False,38.4,42.9,1.6,21.5,12.9,29.2,59.3,1.4,-13.6,-0.238,0.346,AVGO,,126,14.4,16.0,,False
363,CMG,"Chipotle Mexican Grill, Inc.",Consumer Cyclical,Restaurants,Core,48.1,38.02,36.12,18.5,11.3,10.0,0.0,ok,-1.5,ok,2.08,,False,38.3,27.8,2.3,9.3,39.4,49.6,70.9,10.0,-6.9,0.203,0.351,MSFT,,126,11.3,11.0,,False
364,EQIX,"Equinix, Inc.",Real Estate,REIT - Specialty,Core,104.1,1055.2,1053.0,17.0,14.8,10.0,0.0,ok,-3.5,ok,4.93,,False,38.3,56.4,3.6,16.7,52.0,10.7,51.2,11.3,0.4,0.124,0.194,NVDA,,126,14.8,16.0,,False
365,DELL,Dell Technologies Inc.,Technology,Computer Hardware,Growth,279.9,433.19,428.85,13.0,15.8,10.0,0.0,ok,-0.5,ok,1.45,,False,38.3,19.5,1.9,87.5,19.2,,41.3,81.9,251.7,0.284,0.372,AVGO,,126,15.8,13.0,,False
366,PEG,Public Service Enterprise Grou,Utilities,Utilities - Regulated Electric,Core,36.6,73.53,78.57,12.5,19.2,10.0,0.0,ok,-3.5,ok,5.49,,False,38.2,15.7,0.3,-8.9,33.3,11.8,34.4,-8.1,-25.1,-0.135,0.184,MSFT,,126,19.2,18.0,,False
367,GILD,"Gilead Sciences, Inc.",Healthcare,Drug Manufacturers - General,Core,182.0,146.74,139.4,17.0,11.7,10.0,0.0,ok,-0.5,ok,1.46,,False,38.2,14.8,5.4,10.2,79.6,-20.7,69.9,10.5,-11.1,0.048,0.14,GOOG,,126,11.7,17.0,,False
368,SWK,"Stanley Black & Decker, Inc.",Industrials,Tools & Accessories,Core,14.9,98.51,93.58,15.5,14.2,10.0,0.0,ok,-1.5,ok,2.58,,False,38.2,15.4,9.5,0.4,32.2,6.9,39.9,22.9,0.5,0.222,0.26,GOOG,,126,14.2,14.0,,False
369,BEN,"Franklin Templeton, Inc.",Financial Services,Asset Management,Core,17.6,34.62,33.5,11.5,16.6,10.0,0.0,ok,0.0,financial_na,,,False,38.1,10.9,-17.0,14.3,37.7,7.9,36.0,24.7,18.4,0.448,0.417,GOOG,,126,16.6,14.0,,False
370,ICE,Intercontinental Exchange Inc.,Financial Services,Financial Data & Stock Exchang,Core,91.5,162.99,154.84,17.0,11.1,10.0,0.0,ok,0.0,financial_na,,,False,38.1,18.5,4.0,4.8,100.0,14.1,93.6,5.5,-5.8,0.156,0.288,MSFT,,126,11.1,16.0,,False
371,PM,Philip Morris International In,Consumer Defensive,Tobacco,Core,298.4,191.46,186.25,17.5,12.1,10.0,0.0,ok,-1.5,ok,2.39,,False,38.1,20.9,3.3,10.4,67.5,,57.1,11.4,-7.8,-0.109,0.167,AVGO,,126,12.1,18.0,,False
372,MAR,Marriott International,Consumer Cyclical,Lodging,Core,93.9,360.2,370.37,17.5,13.1,10.0,0.0,ok,-2.5,ok,3.6,,False,38.1,27.4,2.2,11.1,79.2,,64.4,5.4,-5.9,0.149,0.255,GOOG,,126,13.1,13.0,,False
373,CTVA,"Corteva, Inc.",Basic Materials,Agricultural Inputs,Cyclical,55.3,82.81,82.02,15.0,13.1,10.0,0.0,ok,0.0,ok,0.59,,False,38.1,20.1,4.4,-1.2,49.5,4.3,68.6,8.4,-4.6,-0.199,0.256,MSFT,,126,13.1,12.0,,False
374,CMI,Cummins Inc.,Industrials,Specialty Industrial Machinery,Core,78.7,571.62,657.91,16.0,12.0,10.0,0.0,ok,0.0,ok,0.87,,True,38.0,16.6,2.8,9.4,25.8,21.1,23.9,-3.9,-15.9,0.328,0.458,NVDA,,126,15.9,14.0,,False
375,HUM,Humana Inc.,Healthcare,Healthcare Plans,Core,46.4,386.61,383.61,15.0,13.0,10.0,0.0,ok,0.0,ok,-2.54,,False,38.0,23.3,4.2,26.2,13.7,6.9,64.6,42.0,111.4,0.065,0.17,NVDA,,126,13.0,15.0,,False
376,XYZ,"Block, Inc.",Technology,Software - Infrastructure,Core,48.9,81.38,78.71,11.0,17.0,10.0,0.0,ok,0.0,ok,0.28,,False,38.0,15.7,-0.1,9.3,46.6,1.6,41.9,19.6,48.5,0.381,0.299,BMNR,,126,17.0,16.0,,False
377,CHD,"Church & Dwight Company, Inc.",Consumer Defensive,Household & Personal Products,Core,24.3,102.53,98.67,16.0,12.5,10.0,0.0,ok,-0.5,ok,1.6,,False,38.0,25.4,3.9,1.6,45.6,17.0,48.4,9.2,-13.2,-0.084,0.232,AVGO,,126,12.5,17.0,,False
378,DVA,DaVita Inc.,Healthcare,Medical Care Facilities,Core,11.3,176.5,213.85,19.5,12.0,10.0,0.0,ok,-3.5,ok,4.5,,True,38.0,10.4,9.3,5.2,32.4,88.5,15.0,9.3,5.9,-0.051,0.168,GOOG,,126,17.7,15.0,,False
379,SOLV,Solventum Corporation,Healthcare,Medical Instruments & Supplies,Core,15.5,91.25,86.69,18.5,13.0,10.0,0.0,ok,-3.5,ok,4.29,,False,38.0,12.6,3.1,2.2,54.8,34.0,58.7,19.2,13.2,0.099,0.264,GOOG,,126,13.0,16.0,,False
380,MDB,"MongoDB, Inc.",Technology,Software - Infrastructure,Core,32.4,402.69,382.56,13.0,15.0,10.0,0.0,ok,0.0,neg_ebitda_low_debt,,,False,38.0,54.9,1.6,25.2,72.0,-1.0,55.2,18.4,17.8,0.353,0.373,MSFT,,126,15.0,17.0,,False
381,PKG,Packaging Corporation of Ameri,Consumer Cyclical,Packaging & Containers,Core,22.2,248.88,241.22,13.0,15.4,10.0,0.0,ok,-0.5,ok,1.91,,False,37.9,19.2,2.0,14.7,21.4,14.9,39.9,12.8,-1.7,0.059,0.157,NVDA,,126,15.4,11.0,,False
382,MSI,"Motorola Solutions, Inc.",Technology,Communication Equipment,Core,79.7,481.52,457.44,19.5,9.9,10.0,0.0,ok,-1.5,ok,2.37,,False,37.9,25.2,2.5,13.3,52.1,91.6,66.8,15.3,-8.5,0.032,0.125,GOOG,,126,9.9,14.0,,False
383,GIS,"General Mills, Inc.",Consumer Defensive,Packaged Foods,Core,21.9,40.92,38.87,16.0,11.9,10.0,0.0,ok,0.0,ok,-0.12,,False,37.9,12.7,10.6,2.2,33.7,-1.0,78.0,3.2,-19.5,-0.142,0.349,AVGO,,126,11.9,16.0,,False
384,AMGN,Amgen Inc.,Healthcare,Drug Manufacturers - General,Core,240.0,443.84,421.65,19.5,9.9,10.0,0.0,ok,-1.5,ok,2.51,,False,37.9,18.2,3.6,9.5,71.9,91.5,80.5,26.5,5.7,-0.023,0.106,BMNR,,126,9.9,17.0,,False
385,SBAC,SBA Communications Corporation,Real Estate,REIT - Specialty,Core,19.6,185.07,183.6,16.5,16.3,10.0,0.0,ok,-5.0,ok,8.12,,False,37.8,22.6,3.8,2.3,74.2,,46.0,-4.0,-18.6,-0.025,0.171,AVGO,,126,16.3,17.0,,False
386,KIM,Kimco Realty Corporation (HC),Real Estate,REIT - Retail,Core,16.2,24.22,25.13,17.0,15.7,10.0,0.0,ok,-5.0,ok,6.12,,False,37.7,27.1,5.4,4.9,68.9,5.8,33.0,6.4,-6.0,-0.114,0.176,AVGO,,126,15.7,17.0,,False
387,KHC,The Kraft Heinz Company,Consumer Defensive,Packaged Foods,Core,30.4,25.67,25.03,13.5,15.7,10.0,0.0,ok,-1.5,ok,2.97,,False,37.7,12.3,10.7,-1.4,33.5,-8.8,41.5,7.9,-5.7,-0.072,0.206,AVGO,,126,15.7,16.0,,False
388,LYV,"Live Nation Entertainment, Inc",Communication Services,Entertainment,Core,43.0,184.59,180.2,14.5,13.7,10.0,0.0,ok,-0.5,ok,1.43,,False,37.7,97.8,3.9,9.4,25.8,17.7,51.4,16.4,5.8,0.206,0.242,GOOG,,126,13.7,13.0,,False
389,KDP,Keurig Dr Pepper Inc.,Consumer Defensive,Beverages - Non-Alcoholic,Growth,44.2,32.51,31.15,20.0,12.6,10.0,0.0,ok,-5.0,ok,6.66,,False,37.6,12.8,10.4,75.6,51.0,5.1,59.3,13.2,-5.4,-0.133,0.177,NVDA,,126,12.6,17.0,,False
390,HCA,"HCA Healthcare, Inc.",Healthcare,Medical Care Facilities,Core,92.9,429.24,407.78,17.0,13.1,10.0,0.0,ok,-2.5,ok,3.2,,False,37.6,13.4,4.0,8.7,42.6,,71.6,-5.5,-29.4,0.02,0.192,GOOG,,126,13.1,16.0,,False
391,ZBH,"Zimmer Biomet Holdings, Inc.",Healthcare,Medical Devices,Core,19.3,100.98,95.93,17.0,12.1,10.0,0.0,ok,-1.5,ok,2.79,,False,37.6,11.1,5.7,4.8,69.9,6.4,64.4,11.3,-9.7,-0.049,0.135,AVGO,,126,12.1,17.0,,False
392,TGT,Target Corporation,Consumer Defensive,Discount Stores,Core,77.2,169.89,161.4,17.5,10.5,10.0,0.0,ok,-0.5,ok,1.59,,False,37.5,17.9,4.5,5.3,28.4,26.4,81.7,43.7,37.4,0.018,0.127,GOOG,,126,10.5,16.0,,False
393,NCLH,Norwegian Cruise Line Holdings,Consumer Cyclical,Travel Services,Speculative,7.9,17.22,19.49,14.5,18.0,10.0,0.0,ok,-5.0,ok,6.08,,False,37.5,10.1,-21.3,4.9,42.5,36.7,27.3,-13.7,-39.2,0.268,0.421,GOOG,,126,18.0,14.0,,False
394,JNJ,Johnson & Johnson,Healthcare,Drug Manufacturers - General,Core,658.0,273.04,259.39,18.5,9.0,10.0,0.0,ok,0.0,ok,0.81,,False,37.5,22.2,2.6,6.6,68.1,25.7,73.3,17.8,-0.2,-0.344,0.383,AVGO,,126,9.0,17.0,,False
395,CNC,Centene Corporation,Healthcare,Healthcare Plans,Core,32.4,65.65,65.01,13.0,14.4,10.0,0.0,ok,0.0,ok,-2.38,,False,37.4,12.4,29.7,4.6,11.4,-20.4,53.8,34.0,43.9,-0.007,0.101,AVGO,,126,14.4,15.0,,False
396,MCK,McKesson Corporation,Healthcare,Medical Distribution,Core,101.9,873.79,830.1,14.0,13.4,10.0,0.0,ok,0.0,ok,0.94,,False,37.4,17.3,6.7,7.7,3.6,,59.5,4.0,-19.7,-0.255,0.33,AVGO,,126,13.4,15.0,,False
397,T,AT&T Inc.,Communication Services,Telecom Services,Core,176.0,25.69,24.41,18.5,11.4,10.0,0.0,ok,-2.5,ok,3.3,,False,37.4,10.0,5.8,2.3,59.7,18.3,79.8,3.1,-19.5,-0.215,0.257,NVDA,,126,11.4,16.0,,False
398,AEHR,Aehr Test Systems,Technology,Semiconductor Equipment & Mate,Growth,3.1,96.43,95.03,10.5,16.9,10.0,0.0,ok,0.0,neg_ebitda_low_debt,,,False,37.4,69.7,-0.1,33.7,35.3,-4.2,44.3,60.8,134.7,0.463,0.486,AVGO,,126,16.9,13.0,,False
399,BAX,Baxter International Inc.,Healthcare,Medical Instruments & Supplies,Core,13.7,26.49,25.17,14.5,15.4,10.0,0.0,ok,-2.5,ok,3.99,,False,37.4,13.0,7.3,5.3,34.1,-14.4,32.6,32.5,17.4,0.273,0.296,MSFT,,126,15.4,15.0,,False
400,DLTR,"Dollar Tree, Inc.",Consumer Defensive,Discount Stores,Core,26.3,136.75,129.91,18.5,10.3,10.0,0.0,ok,-1.5,ok,2.74,,False,37.3,17.7,5.5,7.2,37.0,34.0,63.3,17.9,-7.2,0.17,0.194,MSFT,,126,10.3,16.0,,False
401,CPB,The Campbell's Company,Consumer Defensive,Packaged Foods,Speculative,7.2,24.16,22.95,16.0,14.8,10.0,0.0,ok,-3.5,ok,4.07,,False,37.3,12.6,8.4,-4.4,29.2,15.4,63.6,0.2,-20.9,-0.163,0.3,AVGO,,126,14.8,16.0,,False
402,TRGP,"Targa Resources, Inc.",Energy,Oil & Gas Midstream,Cyclical,63.1,294.26,279.55,16.0,13.7,10.0,0.0,ok,-2.5,ok,3.54,,False,37.2,24.4,0.1,4.2,43.2,70.8,69.0,27.1,16.6,-0.264,0.214,BMNR,,126,13.7,13.0,,False
403,PCAR,PACCAR Inc.,Industrials,Farm & Heavy Construction Mach,Core,68.4,129.94,126.68,13.0,14.7,10.0,0.0,ok,-0.5,ok,1.88,,False,37.2,18.2,2.8,0.5,13.7,12.8,33.3,10.1,-7.8,0.212,0.282,NVDA,,126,14.7,14.0,,False
404,BLDR,"Builders FirstSource, Inc.",Industrials,Building Products & Equipment,Speculative,7.6,70.22,75.63,14.5,16.2,10.0,0.0,ok,-3.5,ok,5.06,,False,37.2,15.7,6.1,-8.8,29.2,2.5,41.1,-23.6,-47.0,0.202,0.29,NVDA,,126,16.2,14.0,,False
405,GPC,Genuine Parts Company,Consumer Cyclical,Auto Parts,Core,18.7,135.69,128.91,14.5,14.2,10.0,0.0,ok,-1.5,ok,2.97,,False,37.2,16.3,4.9,6.0,37.6,0.7,57.8,14.2,4.2,0.025,0.146,GOOG,,126,14.2,11.0,,False
406,REGN,"Regeneron Pharmaceuticals, Inc",Healthcare,Biotechnology,Core,85.3,828.5,787.08,17.0,10.1,10.0,0.0,ok,0.0,ok,-1.12,,False,37.1,13.7,3.6,16.7,44.5,14.0,75.2,14.3,-3.8,0.222,0.244,BMNR,,126,10.1,16.0,,False
407,ESS,"Essex Property Trust, Inc.",Real Estate,REIT - Residential,Core,20.2,293.61,288.81,17.0,13.5,10.0,0.0,ok,-3.5,ok,5.43,,False,37.0,47.6,5.2,3.1,68.8,7.7,59.2,11.2,3.8,-0.111,0.301,AVGO,,126,13.5,17.0,,False
408,CBRE,CBRE Group Inc,Real Estate,Real Estate Services,Core,44.0,151.93,144.33,14.0,16.5,10.0,0.0,ok,-3.5,ok,4.21,,False,37.0,16.7,3.7,15.5,18.6,15.8,51.3,3.1,-7.1,0.175,0.251,MSFT,,126,16.5,17.0,,False
409,SYY,Sysco Corporation,Consumer Defensive,Food Distribution,Core,40.1,83.86,82.65,17.0,11.5,10.0,0.0,ok,-1.5,ok,2.95,,False,37.0,15.6,4.8,4.7,18.5,77.7,56.5,6.6,-17.1,-0.01,0.078,GOOG,,126,11.5,16.0,,False
410,ADM,Archer-Daniels-Midland Company,Consumer Defensive,Farm Products,Core,37.7,78.16,80.03,11.5,17.0,10.0,0.0,ok,-1.5,ok,2.75,,False,37.0,13.8,3.1,7.2,6.9,7.6,44.9,10.4,3.8,-0.116,0.122,GOOG,,126,17.0,16.0,,False
411,NDSN,Nordson Corporation,Industrials,Specialty Industrial Machinery,Core,18.6,333.93,317.23,18.0,9.4,10.0,0.0,ok,-0.5,ok,1.78,,False,36.9,25.8,3.3,10.3,55.4,17.8,73.4,21.6,2.5,0.226,0.278,AVGO,,126,9.4,15.0,,False
412,LYB,LyondellBasell Industries NV,Basic Materials,Specialty Chemicals,Cyclical,21.1,65.2,61.94,14.5,14.9,10.0,0.0,ok,-2.5,ok,3.27,,False,36.9,10.2,5.8,19.8,12.9,-2.3,59.8,10.1,2.1,-0.185,0.229,GOOG,,126,14.9,11.0,,False
413,BA,Boeing Company (The),Industrials,Aerospace & Defense,Core,166.3,210.46,221.65,14.5,16.4,10.0,0.0,ok,-4.0,neg_ebitda_debt,,,False,36.9,51.1,3.4,8.0,4.7,173.5,17.3,-4.2,-20.9,0.405,0.383,GOOG,,126,16.4,14.0,,False
414,ATO,Atmos Energy Corporation,Utilities,Utilities - Regulated Gas,Core,28.4,167.82,173.4,11.5,17.9,10.0,0.0,ok,-2.5,ok,3.74,,False,36.9,18.6,-7.8,4.8,62.2,9.8,32.3,-4.4,-18.9,-0.312,0.298,MSFT,,126,17.9,20.0,,False
415,LIN,Linde plc,Basic Materials,Specialty Chemicals,Cyclical,225.9,490.03,507.16,13.5,13.8,10.0,0.0,ok,-0.5,ok,1.67,,False,36.8,25.0,1.8,9.3,48.3,18.4,55.1,2.8,-13.5,-0.141,0.143,AVGO,,126,13.8,12.0,,False
416,RGTI,"Rigetti Computing, Inc.",Technology,Computer Hardware,Growth,5.5,16.37,17.34,12.0,16.8,10.0,-2.0,ok,0.0,neg_ebitda_low_debt,,,False,36.8,,0.5,185.3,,-43.8,44.6,-18.0,-11.7,0.516,0.484,BMNR,,126,16.8,13.0,,False
417,O,Realty Income Corporation,Real Estate,REIT - Retail,Core,59.8,63.17,63.21,15.5,14.8,10.0,0.0,ok,-3.5,ok,5.74,,False,36.8,39.8,2.6,9.6,92.7,3.2,52.6,3.4,-14.9,-0.22,0.26,AVGO,,126,14.8,17.0,,False
418,VICI,VICI Properties Inc.,Real Estate,REIT - Diversified,Core,29.5,26.78,26.63,13.0,17.3,10.0,0.0,ok,-3.5,ok,4.82,,False,36.8,9.0,0.9,5.7,99.3,9.8,53.1,-3.6,-21.2,-0.129,0.274,AVGO,,126,17.3,17.0,,False
419,CAH,"Cardinal Health, Inc.",Healthcare,Medical Distribution,Core,54.0,232.37,231.91,14.0,13.2,10.0,0.0,ok,-0.5,ok,1.21,,False,36.7,16.5,8.8,5.8,3.8,,48.4,8.7,-8.0,-0.147,0.255,AVGO,,126,13.2,15.0,,False
420,MDT,Medtronic plc.,Healthcare,Medical Devices,Core,118.9,92.9,88.26,15.5,11.7,10.0,0.0,ok,-0.5,ok,1.97,,False,36.7,14.5,3.9,9.9,65.3,9.8,74.8,4.0,-14.3,-0.052,0.256,AVGO,,126,11.7,17.0,,False
421,WMB,"Williams Companies, Inc. (The)",Energy,Oil & Gas Midstream,Cyclical,86.8,70.97,73.3,15.0,15.2,10.0,0.0,ok,-3.5,ok,4.35,,False,36.7,27.1,-1.7,7.8,63.6,21.5,48.4,2.5,-13.8,-0.142,0.142,MSFT,,126,15.2,14.0,,False
422,ES,Eversource Energy (D/B/A),Utilities,Utilities - Regulated Electric,Core,26.8,71.25,72.64,14.5,15.7,10.0,0.0,ok,-3.5,ok,5.67,,False,36.7,14.5,3.0,2.3,52.8,9.0,40.3,2.8,-14.1,-0.166,0.166,AVGO,,126,15.7,19.0,,False
423,AXON,"Axon Enterprise, Inc.",Industrials,Aerospace & Defense,Growth,48.5,597.59,567.71,14.0,17.6,10.0,0.0,ok,-5.0,ok,7.01,,False,36.6,56.6,0.5,35.3,59.5,6.2,48.7,18.0,24.0,0.286,0.341,MSFT,,126,17.6,15.0,,False
424,COR,"Cencora, Inc.",Healthcare,Medical Distribution,Core,61.8,323.77,307.58,14.5,13.5,10.0,0.0,ok,-1.5,ok,2.1,,False,36.5,16.4,3.3,5.1,4.0,96.9,60.7,0.3,-22.0,-0.17,0.252,NVDA,,126,13.5,15.0,,False
425,IP,International Paper Company,Consumer Cyclical,Packaging & Containers,Core,21.7,41.04,39.22,13.5,14.5,10.0,0.0,ok,-1.5,ok,2.33,,False,36.5,13.7,7.6,-2.2,29.6,-16.5,42.6,7.5,-17.8,0.101,0.208,NVDA,,126,14.5,11.0,,False
426,HRL,Hormel Foods Corporation,Consumer Defensive,Packaged Foods,Core,13.3,24.09,24.91,10.5,16.0,10.0,0.0,ok,0.0,ok,-0.26,,False,36.5,15.4,3.6,-2.9,15.8,5.8,28.7,3.8,-16.4,-0.094,0.157,NVDA,,126,16.0,16.0,,False
427,RSG,"Republic Services, Inc.",Industrials,Waste Management,Core,68.3,223.08,215.17,16.0,11.9,10.0,0.0,ok,-1.5,ok,2.7,,False,36.4,27.7,2.8,4.6,43.0,18.2,84.4,4.3,-9.7,-0.419,0.421,AVGO,,126,11.9,15.0,,False
428,ABT,Abbott Laboratories,Healthcare,Medical Devices,Core,201.9,116.67,110.84,17.0,10.9,10.0,0.0,ok,-1.5,ok,2.32,,False,36.4,19.2,3.6,13.0,56.8,10.6,90.4,9.6,-8.6,-0.075,0.285,AVGO,,126,10.9,16.0,,False
429,TSN,"Tyson Foods, Inc.",Consumer Defensive,Farm Products,Core,20.4,57.87,57.97,11.0,16.9,10.0,0.0,ok,-1.5,ok,2.62,,False,36.4,12.9,5.9,-0.1,6.6,3.3,44.9,-3.8,-19.1,-0.106,0.216,NVDA,,126,16.9,16.0,,False
430,WAT,Waters Corporation,Healthcare,Diagnostics & Research,Growth,40.3,410.75,390.21,14.0,14.9,10.0,0.0,ok,-2.5,ok,3.4,,False,36.4,24.8,-0.4,113.4,56.3,1.9,60.9,14.4,14.8,0.188,0.205,AVGO,,126,14.9,16.0,,False
431,CASY,"Caseys General Stores, Inc.",Consumer Cyclical,Specialty Retail,Core,31.6,854.21,839.47,11.5,15.4,10.0,0.0,ok,-0.5,ok,1.6,,False,36.4,36.2,1.7,14.5,24.6,19.2,50.9,19.3,14.4,-0.085,0.136,MSFT,,126,15.4,11.0,,False
432,VRTX,Vertex Pharmaceuticals Incorpo,Healthcare,Biotechnology,Core,138.8,547.59,520.21,17.0,9.3,10.0,0.0,ok,0.0,ok,-1.15,,False,36.3,25.0,1.9,12.5,55.0,23.5,74.1,18.9,1.3,-0.008,0.167,AVGO,,126,9.3,16.0,,False
433,PFE,"Pfizer, Inc.",Healthcare,Drug Manufacturers - General,Core,159.4,27.97,26.57,18.0,9.8,10.0,0.0,ok,-1.5,ok,2.04,,False,36.3,9.7,7.8,2.6,74.7,5.0,74.8,9.1,-6.3,-0.019,0.176,AVGO,,126,9.8,17.0,,False
434,TECH,Bio-Techne Corp,Healthcare,Biotechnology,Core,11.3,72.39,69.23,13.0,13.2,10.0,0.0,ok,0.0,ok,0.07,,False,36.2,31.2,2.0,1.3,66.2,9.0,57.9,20.0,14.8,0.072,0.137,GOOG,,126,13.2,17.0,,False
435,COO,"The Cooper Companies, Inc.",Healthcare,Medical Instruments & Supplies,Core,14.8,75.8,72.01,14.5,13.2,10.0,0.0,ok,-1.5,ok,2.92,,False,36.2,15.2,2.9,7.9,65.6,2.9,55.8,3.3,-20.4,-0.016,0.202,GOOG,,126,13.2,17.0,,False
436,VTR,"Ventas, Inc.",Real Estate,REIT - Healthcare Facilities,Core,47.9,93.47,91.41,16.5,13.2,10.0,0.0,ok,-3.5,ok,5.34,,False,36.2,102.2,3.1,21.7,40.0,2.0,57.9,11.1,-2.2,-0.288,0.346,AVGO,,126,13.2,15.0,,False
437,AMCR,Amcor plc,Consumer Cyclical,Packaging & Containers,Core,22.2,47.91,45.51,16.0,12.6,10.0,0.0,ok,-2.5,ok,3.97,,False,36.1,10.6,6.8,25.9,20.0,9.4,54.4,13.2,-14.3,0.183,0.293,GOOG,,126,12.6,11.0,,False
438,KO,Coca-Cola Company (The),Consumer Defensive,Beverages - Non-Alcoholic,Core,395.8,91.99,87.39,17.0,9.6,10.0,0.0,ok,-0.5,ok,1.64,,False,36.1,26.1,1.3,6.7,61.9,42.1,83.8,18.9,3.7,-0.234,0.307,AVGO,,126,9.6,18.0,,False
439,ABBV,AbbVie Inc.,Healthcare,Drug Manufacturers - General,Core,467.4,264.52,251.29,17.5,10.0,10.0,0.0,ok,-1.5,ok,2.09,,False,36.0,16.2,3.6,10.2,72.8,,76.0,17.4,5.7,-0.297,0.34,AVGO,,126,10.0,17.0,,False
440,RVTY,"Revvity, Inc.",Healthcare,Diagnostics & Research,Core,13.7,123.0,116.85,16.0,11.5,10.0,0.0,ok,-1.5,ok,2.65,,False,36.0,20.9,4.4,1.3,55.0,3.2,72.8,22.2,15.0,0.194,0.188,BMNR,,126,11.5,16.0,,False
441,KMI,"Kinder Morgan, Inc.",Energy,Oil & Gas Midstream,Cyclical,69.0,31.0,32.02,14.5,15.0,10.0,0.0,ok,-3.5,ok,4.23,,False,36.0,20.2,1.6,10.8,49.4,11.0,46.7,1.3,-15.4,-0.281,0.222,AVGO,,126,15.0,13.0,,False
442,PSKY,Paramount Skydance Corporation,Communication Services,Entertainment,Core,11.6,10.35,9.83,14.5,14.8,10.0,0.0,ok,-3.5,ok,4.4,,False,35.8,12.0,,0.9,33.3,-0.9,88.0,-7.4,-10.9,0.072,0.116,GOOG,,126,14.8,13.0,fcf_yield_out_of_range(151.5),False
443,WEC,"WEC Energy Group, Inc.",Utilities,Utilities - Regulated Electric,Core,35.1,107.58,112.65,12.0,17.3,10.0,0.0,ok,-3.5,ok,5.79,,False,35.8,17.9,-6.7,2.6,41.9,12.0,44.3,-3.1,-17.5,-0.314,0.29,AVGO,,126,17.3,19.0,,False
444,SO,Southern Company (The),Utilities,Utilities - Regulated Electric,Core,103.6,90.1,94.38,12.5,16.7,10.0,0.0,ok,-3.5,ok,5.2,,False,35.7,18.3,-3.8,0.1,48.3,11.5,31.7,-1.8,-16.3,-0.303,0.276,AVGO,,126,16.7,19.0,,False
445,HSIC,"Henry Schein, Inc.",Healthcare,Medical Distribution,Speculative,10.0,89.51,85.82,14.5,13.7,10.0,0.0,ok,-2.5,ok,3.39,,False,35.7,14.9,4.5,6.7,31.3,8.9,52.5,14.3,-3.7,0.108,0.183,GOOG,,126,13.7,15.0,,False
446,OMC,Omnicom Group Inc.,Communication Services,Advertising Agencies,Growth,24.4,88.94,84.49,18.5,8.7,10.0,0.0,ok,-1.5,ok,2.2,,False,35.7,7.4,17.5,63.4,19.0,6.1,72.4,15.5,-2.1,0.05,0.138,AVGO,,126,8.7,13.0,,False
447,MET,"MetLife, Inc.",Financial Services,Insurance - Life,Core,61.1,96.21,92.58,10.0,15.7,10.0,0.0,ok,0.0,financial_na,,,False,35.7,8.8,-34.3,10.5,24.0,13.1,50.3,19.4,17.6,0.172,0.227,MSFT,,126,15.7,14.0,,False
448,STT,State Street Corporation,Financial Services,Asset Management,Core,52.4,190.92,181.37,13.0,12.6,10.0,0.0,ok,0.0,financial_na,,,False,35.6,12.5,,-2.8,0.0,12.4,59.2,31.6,40.0,0.338,0.376,NVDA,,126,12.6,14.0,,False
449,MDLZ,"Mondelez International, Inc.",Consumer Defensive,Confectioners,Core,82.6,64.7,61.46,16.0,12.0,10.0,0.0,ok,-2.5,ok,3.35,,False,35.5,19.2,2.7,4.1,31.1,13.3,66.5,10.6,-4.3,-0.277,0.31,AVGO,,126,12.0,16.0,,False
450,DRI,"Darden Restaurants, Inc.",Consumer Cyclical,Restaurants,Core,25.6,225.56,214.28,18.0,10.0,10.0,0.0,ok,-2.5,ok,3.7,,False,35.5,18.2,3.1,13.7,21.7,53.7,70.8,13.7,-4.8,-0.078,0.119,MSFT,,126,10.0,11.0,,False
451,SJM,The J.M. Smucker Company,Consumer Defensive,Packaged Foods,Core,13.5,125.87,119.58,16.0,11.9,10.0,0.0,ok,-2.5,ok,3.67,,False,35.4,11.7,7.5,5.8,34.3,-2.4,66.5,20.2,5.3,-0.241,0.339,AVGO,,126,11.9,16.0,,False
452,TMO,Thermo Fisher Scientific Inc,Healthcare,Diagnostics & Research,Core,232.5,628.74,597.3,17.0,10.9,10.0,0.0,ok,-2.5,ok,3.28,,False,35.4,22.9,2.7,10.5,41.0,13.5,80.8,17.8,11.0,0.126,0.153,MSFT,,126,10.9,16.0,,False
453,VZ,Verizon Communications Inc.,Communication Services,Telecom Services,Core,208.4,50.15,47.64,18.5,9.3,10.0,0.0,ok,-2.5,ok,3.76,,False,35.3,9.5,8.4,-0.7,59.5,15.8,77.7,12.0,-9.0,-0.223,0.285,NVDA,,126,9.3,16.0,,False
454,ETR,Entergy Corporation,Utilities,Utilities - Regulated Electric,Core,49.4,105.79,111.35,12.0,16.8,10.0,0.0,ok,-3.5,ok,5.56,,False,35.3,20.8,-8.9,5.9,47.0,10.2,39.3,1.3,-10.0,-0.169,0.241,MSFT,,126,16.8,19.0,,False
455,CLX,Clorox Company (The),Consumer Defensive,Household & Personal Products,Core,13.0,107.17,101.81,15.0,13.8,10.0,0.0,ok,-3.5,ok,4.79,,False,35.3,17.0,0.9,-2.0,42.3,163.8,58.3,4.7,-25.4,0.007,0.297,GOOG,,126,13.8,17.0,,False
456,BIIB,Biogen Inc.,Healthcare,Drug Manufacturers - General,Core,32.2,218.12,207.21,15.5,11.3,10.0,0.0,ok,-1.5,ok,2.1,,False,35.3,13.2,3.9,3.4,78.3,4.6,62.2,15.8,0.7,-0.125,0.172,NVDA,,126,11.3,17.0,,False
457,NSC,Norfolk Southern Corporation,Industrials,Railroads,Core,79.3,352.98,335.33,15.5,11.2,10.0,0.0,ok,-1.5,ok,2.84,,False,35.2,24.7,1.7,11.4,45.2,17.0,64.6,15.7,1.1,-0.146,0.18,MSFT,,126,11.2,15.0,,False
458,ECL,Ecolab Inc.,Basic Materials,Specialty Chemicals,Cyclical,80.4,286.98,276.55,15.0,11.7,10.0,0.0,ok,-1.5,ok,2.12,,False,35.2,30.5,1.8,9.7,44.2,22.0,55.4,5.8,-17.7,0.01,0.201,GOOG,,126,11.7,12.0,,False
459,PLD,"Prologis, Inc.",Real Estate,REIT - Industrial,Core,139.4,143.36,142.77,16.5,12.1,10.0,0.0,ok,-3.5,ok,5.24,,False,35.1,42.1,3.9,12.3,75.5,7.7,65.4,5.4,-8.1,0.052,0.17,BMNR,,126,12.1,17.0,,False
460,TSCO,Tractor Supply Company,Consumer Cyclical,Specialty Retail,Core,18.7,35.92,34.12,14.5,13.0,10.0,0.0,ok,-2.5,ok,3.27,,False,35.0,17.5,0.6,2.3,36.5,39.5,69.4,-15.8,-43.6,0.064,0.114,BMNR,,126,13.0,11.0,,False
461,OKE,"ONEOK, Inc.",Energy,Oil & Gas Midstream,Growth,58.6,93.02,90.31,15.0,13.5,10.0,0.0,ok,-3.5,ok,4.28,,False,35.0,14.8,1.5,52.8,27.2,16.3,65.5,12.2,2.5,-0.384,0.303,AVGO,,126,13.5,12.0,,False
462,BWXT,"BWX Technologies, Inc.",Industrials,Aerospace & Defense,Core,13.7,149.52,179.61,14.5,12.0,10.0,0.0,ok,-1.5,ok,2.96,,True,35.0,28.5,1.1,18.0,22.1,28.3,23.4,-23.0,-37.8,0.41,0.425,NVDA,,126,16.0,14.0,,False
463,EL,"Estee Lauder Companies, Inc. (",Consumer Defensive,Household & Personal Products,Core,37.7,104.13,98.92,17.0,9.5,10.0,0.0,ok,-1.5,ok,2.34,,False,35.0,26.7,4.8,6.3,75.5,4.7,75.9,13.8,-20.5,0.243,0.324,BMNR,,126,9.5,18.0,,False
464,NI,NiSource Inc,Utilities,Utilities - Regulated Gas,Core,19.6,40.83,45.34,10.5,17.9,10.0,0.0,ok,-3.5,ok,5.74,,False,34.9,18.1,-9.1,4.6,51.0,8.5,21.8,-9.1,-22.6,-0.121,0.12,AVGO,,126,17.9,19.0,,False
465,WULF,TeraWulf Inc.,Financial Services,Capital Markets,Speculative,7.7,15.48,20.59,7.0,17.9,10.0,0.0,ok,0.0,financial_na,,,False,34.9,,-3.0,-6.0,,-1211.8,32.8,-12.8,-22.9,0.488,0.446,BMNR,,126,17.9,16.0,,False
466,AEP,American Electric Power Compan,Utilities,Utilities - Regulated Electric,Core,66.4,121.98,130.7,12.0,16.4,10.0,0.0,ok,-3.5,ok,5.86,,False,34.9,17.8,-9.0,7.0,46.4,10.1,31.0,-3.1,-18.3,-0.249,0.249,MSFT,,126,16.4,19.0,,False
467,DIS,Walt Disney Company (The),Communication Services,Entertainment,Core,191.0,110.61,105.08,14.5,10.9,10.0,0.0,ok,-0.5,ok,1.95,,False,34.9,14.9,2.5,6.8,37.6,8.0,76.8,6.4,-6.8,0.229,0.344,GOOG,,126,10.9,13.0,,False
468,NEE,"NextEra Energy, Inc.",Utilities,Utilities - Regulated Electric,Core,175.4,84.1,87.13,14.0,15.9,10.0,0.0,ok,-5.0,ok,7.35,,False,34.9,19.1,-10.1,12.4,61.0,11.7,28.6,-4.0,-22.6,-0.097,0.25,MSFT,,126,15.9,20.0,,False
469,MRK,"Merck & Company, Inc.",Healthcare,Drug Manufacturers - General,Core,371.7,150.66,143.13,16.0,9.3,10.0,0.0,ok,-0.5,ok,1.62,,False,34.8,15.8,4.1,5.1,75.9,7.0,82.0,30.8,11.4,-0.178,0.27,AVGO,,126,9.3,17.0,,False
470,TSLA,"Tesla, Inc.",Consumer Cyclical,Auto Manufacturers,Core,1378.2,348.95,364.85,11.0,15.7,10.0,-2.0,ok,0.0,ok,-2.55,,False,34.7,,0.4,25.5,18.9,4.7,61.0,-13.4,-25.8,0.531,0.46,BMNR,,126,15.7,11.0,,False
471,SLB,SLB Limited,Energy,Oil & Gas Equipment & Services,Cyclical,80.1,54.0,51.3,13.0,12.2,10.0,0.0,ok,-0.5,ok,1.18,,False,34.7,16.7,3.7,5.0,17.0,12.9,63.8,12.4,-6.9,0.084,0.121,AVGO,,126,12.2,14.0,,False
472,ARE,Alexandria Real Estate Equitie,Real Estate,REIT - Office,Speculative,9.3,54.04,51.34,15.0,14.6,10.0,0.0,ok,-5.0,ok,7.13,,False,34.6,,14.5,-11.9,68.2,-4.1,65.3,8.8,-8.9,0.074,0.118,BMNR,,126,14.6,17.0,,False
473,IQV,"IQVIA Holdings, Inc.",Healthcare,Diagnostics & Research,Core,42.8,260.24,247.23,17.5,10.5,10.0,0.0,ok,-3.5,ok,4.65,,False,34.5,18.0,5.0,8.7,33.0,22.8,78.6,30.3,46.8,0.028,0.102,GOOG,,126,10.5,15.0,,False
474,QBTS,D-Wave Quantum Inc.,Technology,Computer Hardware,Speculative,7.0,18.68,20.52,7.0,19.5,10.0,-2.0,ok,0.0,neg_ebitda_low_debt,,,False,34.5,,-1.1,-0.6,,-28.0,35.7,-14.9,-11.0,0.544,0.504,BMNR,,126,19.5,15.0,,False
475,FE,FirstEnergy Corp.,Utilities,Utilities - Regulated Electric,Core,26.9,46.57,47.89,11.5,16.5,10.0,0.0,ok,-3.5,ok,5.33,,False,34.5,15.8,-7.5,8.8,68.6,9.5,32.2,-1.1,-18.2,-0.22,0.291,AVGO,,126,16.5,20.0,,False
476,CPT,Camden Property Trust,Real Estate,REIT - Residential,Core,11.0,109.15,112.17,11.0,17.0,10.0,0.0,ok,-3.5,ok,5.4,,False,34.5,100.1,1.3,-0.8,61.6,7.9,44.0,2.6,-9.6,-0.161,0.301,AVGO,,126,17.0,17.0,,False
477,AEE,Ameren Corporation,Utilities,Utilities - Regulated Electric,Core,29.7,107.16,110.94,11.0,17.0,10.0,0.0,ok,-3.5,ok,5.57,,False,34.5,18.4,-6.0,-6.2,52.4,11.9,40.0,-0.2,-14.1,-0.261,0.259,AVGO,,126,17.0,19.0,,False
478,IREN,IREN LIMITED,Financial Services,Capital Markets,Core,14.2,39.81,43.22,9.5,16.8,10.0,-2.0,ok,0.0,financial_na,,,False,34.3,,-16.2,-0.0,68.4,7.7,47.7,-14.3,-23.5,0.563,0.495,AVGO,,126,16.8,16.0,,False
479,DUK,Duke Energy Corporation (Holdi,Utilities,Utilities - Regulated Electric,Core,95.1,121.97,125.52,11.0,16.8,10.0,0.0,ok,-3.5,ok,5.51,,False,34.3,17.0,-4.7,1.1,52.0,9.9,43.2,-1.1,-15.3,-0.375,0.323,AVGO,,126,16.8,19.0,,False
480,LNT,Alliant Energy Corporation,Utilities,Utilities - Regulated Electric,Core,17.7,68.42,73.16,12.0,17.3,10.0,0.0,ok,-5.0,ok,6.61,,False,34.3,18.6,-6.4,1.0,44.5,11.1,36.9,-2.2,-14.8,-0.281,0.26,AVGO,,126,17.3,19.0,,False
481,NBIS,Nebius Group N.V.,Communication Services,Internet Content & Information,Growth,57.3,210.91,222.87,13.5,15.7,10.0,0.0,ok,-5.0,ok,8.35,,False,34.2,,-16.8,454.0,74.3,0.6,46.5,40.8,94.5,0.414,0.474,NVDA,,126,15.7,15.0,,False
482,HII,"Huntington Ingalls Industries,",Industrials,Aerospace & Defense,Core,11.6,294.63,296.72,10.5,15.2,10.0,0.0,ok,-1.5,ok,2.5,,False,34.2,14.1,-2.6,10.9,12.4,13.0,25.7,-15.4,-45.1,0.22,0.304,MSFT,,126,15.2,14.0,,False
483,CNP,"CenterPoint Energy, Inc (Holdi",Utilities,Utilities - Regulated Electric,Core,25.8,39.1,42.58,11.5,17.7,10.0,0.0,ok,-5.0,ok,6.28,,False,34.2,18.7,-20.2,10.7,47.0,9.8,24.7,-5.5,-19.7,-0.298,0.289,AVGO,,126,17.7,19.0,,False
484,BALL,Ball Corporation,Consumer Cyclical,Packaging & Containers,Core,17.1,64.42,62.09,14.0,12.6,10.0,0.0,ok,-2.5,ok,3.41,,False,34.1,14.2,2.2,19.7,18.6,17.2,54.7,10.5,-13.9,0.017,0.136,GOOG,,126,12.6,11.0,,False
485,SW,Smurfit WestRock plc,Consumer Cyclical,Packaging & Containers,Core,25.5,48.69,46.27,13.0,12.6,10.0,0.0,ok,-1.5,ok,2.95,,False,34.1,14.5,4.8,1.1,18.2,2.7,50.6,17.4,-3.8,0.177,0.246,NVDA,,126,12.6,11.0,,False
486,DHR,Danaher Corporation,Healthcare,Diagnostics & Research,Core,151.2,215.11,204.35,14.5,11.0,10.0,0.0,ok,-1.5,ok,2.93,,False,34.0,23.1,2.9,5.5,58.8,7.6,71.3,6.1,-8.0,0.029,0.17,AVGO,,126,11.0,16.0,,False
487,D,"Dominion Energy, Inc.",Utilities,Utilities - Regulated Electric,Core,58.6,66.61,69.13,11.5,17.4,10.0,0.0,ok,-5.0,ok,6.43,,False,33.9,17.5,-15.7,17.6,46.2,8.3,31.8,4.8,-5.5,-0.175,0.209,MSFT,,126,17.4,19.0,,False
488,DGX,Quest Diagnostics Incorporated,Healthcare,Diagnostics & Research,Core,26.9,243.87,231.68,15.5,9.9,10.0,0.0,ok,-1.5,ok,2.55,,False,33.9,20.2,3.4,10.2,33.2,14.6,74.3,23.2,5.8,-0.223,0.27,AVGO,,126,9.9,15.0,,False
489,CMS,CMS Energy Corporation,Utilities,Utilities - Regulated Electric,Core,21.5,68.42,73.46,9.5,19.4,10.0,0.0,ok,-5.0,ok,6.32,,False,33.9,16.5,-10.2,-0.5,40.3,9.2,30.0,-6.6,-21.3,-0.332,0.3,MSFT,,126,19.4,19.0,,False
490,YUM,"Yum! Brands, Inc.",Consumer Cyclical,Restaurants,Core,42.9,157.35,153.31,14.0,13.3,10.0,0.0,ok,-3.5,ok,4.15,,False,33.8,21.1,1.9,12.2,45.3,,63.1,1.9,-16.3,-0.016,0.097,AVGO,,126,13.3,12.0,,False
491,J,Jacobs Solutions Inc.,Industrials,Engineering & Construction,Growth,17.7,151.61,144.03,13.5,11.8,10.0,0.0,ok,-1.5,ok,2.72,,False,33.8,18.4,3.6,34.5,22.1,8.0,71.0,14.2,1.6,0.105,0.146,BMNR,,126,11.8,14.0,,False
492,BDX,"Becton, Dickinson and Company",Healthcare,Medical Instruments & Supplies,Core,52.0,190.74,181.2,17.0,8.2,10.0,0.0,ok,-1.5,ok,2.63,,False,33.7,14.3,8.6,5.4,46.9,6.6,82.2,21.2,-5.9,0.014,0.225,AVGO,,126,8.2,16.0,,False
493,EVRG,"Evergy, Inc.",Utilities,Utilities - Regulated Electric,Core,18.8,81.39,84.66,10.5,16.6,10.0,0.0,ok,-3.5,ok,5.8,,False,33.6,17.8,-7.7,4.4,52.7,9.3,35.5,1.6,-11.6,-0.261,0.282,AVGO,,126,16.6,19.0,,False
494,IRM,Iron Mountain Incorporated (De,Real Estate,REIT - Specialty,Core,36.1,121.19,124.57,13.0,15.6,10.0,0.0,ok,-5.0,ok,7.74,,False,33.6,44.4,-1.2,18.5,54.2,,41.9,12.0,-3.2,0.312,0.297,AVGO,,126,15.6,16.0,,False
495,ED,"Consolidated Edison, Inc.",Utilities,Utilities - Regulated Electric,Core,39.8,107.71,109.87,12.0,15.1,10.0,0.0,ok,-3.5,ok,4.36,,False,33.6,16.6,-2.1,13.2,53.4,9.0,46.8,1.6,-13.2,-0.441,0.387,AVGO,,126,15.1,19.0,,False
496,PPL,PPL Corporation,Utilities,Utilities - Regulated Electric,Core,26.4,35.04,35.81,10.5,16.5,10.0,0.0,ok,-3.5,ok,5.33,,False,33.5,16.6,-7.4,4.2,44.1,8.6,48.7,-3.3,-18.5,-0.217,0.256,AVGO,,126,16.5,19.0,,False
497,HLT,Hilton Worldwide Holdings Inc.,Consumer Cyclical,Lodging,Core,74.3,330.07,329.65,14.0,12.8,10.0,0.0,ok,-3.5,ok,4.21,,False,33.3,31.6,1.9,2.5,79.0,,63.4,6.3,-5.5,0.216,0.314,GOOG,,126,12.8,13.0,,False
498,SBUX,Starbucks Corporation,Consumer Cyclical,Restaurants,Core,122.5,107.49,104.56,13.0,12.8,10.0,0.0,ok,-2.5,ok,3.34,,False,33.3,34.5,2.5,-1.4,22.3,,58.1,11.9,1.0,0.161,0.165,AVGO,,126,12.8,11.0,,False
499,EXC,Exelon Corporation,Utilities,Utilities - Regulated Electric,Core,45.7,44.34,46.19,10.5,17.6,10.0,0.0,ok,-5.0,ok,6.09,,False,33.1,14.6,-5.9,9.9,42.4,9.7,37.3,-3.3,-19.0,-0.33,0.286,AVGO,,126,17.6,19.0,,False
500,SOUN,"SoundHound AI, Inc.",Technology,Software - Application,Growth,3.1,7.0,6.72,11.5,13.6,10.0,-2.0,ok,0.0,neg_ebitda_low_debt,,,False,33.1,,-1.5,45.0,42.3,-32.2,56.3,-18.9,-27.3,0.613,0.479,BMNR,,126,13.6,16.0,,False
501,LH,Labcorp Holdings Inc.,Healthcare,Diagnostics & Research,Core,27.5,339.34,322.37,14.5,10.1,10.0,0.0,ok,-1.5,ok,2.88,,False,33.1,17.1,3.2,5.8,28.9,11.7,83.7,24.8,7.4,0.024,0.156,MSFT,,126,10.1,15.0,,False
502,UCTT,"Ultra Clean Holdings, Inc.",Technology,Semiconductor Equipment & Mate,Speculative,3.3,72.78,97.52,9.0,16.4,10.0,0.0,ok,-2.5,ok,3.74,,False,32.9,12.4,-2.5,24.3,15.8,-1.6,40.2,11.7,-9.9,0.371,0.464,AVGO,,126,16.4,13.0,,False
503,GM,General Motors Company,Consumer Cyclical,Auto Manufacturers,Core,78.7,86.98,82.63,14.0,13.9,10.0,0.0,ok,-5.0,ok,6.32,,False,32.9,5.9,27.9,1.9,10.2,3.2,46.1,10.0,-3.8,0.327,0.396,BMNR,,126,13.9,11.0,,False
504,WELL,Welltower Inc.,Real Estate,REIT - Healthcare Facilities,Growth,172.9,240.01,232.61,14.0,12.3,10.0,0.0,ok,-3.5,ok,5.32,,False,32.8,75.7,1.6,39.1,39.6,3.8,62.7,15.4,4.4,-0.227,0.308,AVGO,,126,12.3,15.0,,False
505,CRWV,"CoreWeave, Inc.",Technology,Software - Infrastructure,Growth,47.6,86.25,89.73,12.5,17.0,10.0,-2.0,ok,-5.0,ok,12.16,,False,32.5,,-19.1,112.5,67.4,-43.6,45.0,-6.1,-24.2,0.503,0.516,NVDA,,126,17.0,17.0,,False
506,OKLO,Oklo Inc.,Utilities,Utilities - Independent Power ,Speculative,7.4,39.69,47.03,8.0,16.4,10.0,-2.0,ok,0.0,neg_ebitda_low_debt,,,False,32.4,,-3.2,,,-7.7,43.5,-41.5,-50.1,0.56,0.546,BMNR,,126,16.4,19.0,,False
507,PNW,Pinnacle West Capital Corporat,Utilities,Utilities - Regulated Electric,Core,11.8,97.71,104.0,10.5,16.9,10.0,0.0,ok,-5.0,ok,7.68,,False,32.4,17.6,-7.8,7.1,43.4,9.4,30.2,0.4,-12.5,-0.279,0.28,AVGO,,126,16.9,19.0,,False
508,SRE,DBA Sempra,Utilities,Utilities - Diversified,Core,55.3,84.57,90.18,9.5,17.9,10.0,0.0,ok,-5.0,ok,6.23,,False,32.4,15.3,-50.0,-0.1,44.0,6.7,43.8,-7.1,-20.4,-0.181,0.196,MSFT,,126,17.9,19.0,,False
509,AI,"C3.ai, Inc.",Technology,Software - Infrastructure,Speculative,1.6,10.11,9.6,6.0,18.3,10.0,-2.0,ok,0.0,neg_ebitda_low_debt,,,False,32.3,,-1.7,-52.5,,-63.0,51.0,-6.7,-11.2,0.549,0.462,MSFT,,126,18.3,15.0,,False
510,LUV,Southwest Airlines Company,Industrials,Airlines,Core,19.9,40.71,47.03,10.5,12.0,10.0,0.0,ok,-0.5,ok,1.33,,True,32.0,8.3,-4.2,16.4,22.4,11.1,14.6,-4.6,-30.3,0.389,0.405,GOOG,,126,16.3,14.0,,False
511,DTE,DTE Energy Company,Utilities,Utilities - Regulated Electric,Core,28.2,135.66,145.76,9.5,17.4,10.0,0.0,ok,-5.0,ok,7.69,,False,31.9,16.2,-9.2,-1.5,29.3,11.0,31.4,-3.7,-17.5,-0.239,0.23,MSFT,,126,17.4,18.0,,False
512,AWK,"American Water Works Company, ",Utilities,Utilities - Regulated Water,Core,27.8,139.91,133.04,13.0,12.4,10.0,0.0,ok,-3.5,ok,5.44,,False,31.9,21.3,-6.4,6.2,61.5,10.1,65.5,7.4,-6.0,-0.386,0.371,AVGO,,126,12.4,20.0,,False
513,EIX,Edison International,Utilities,Utilities - Regulated Electric,Core,28.5,73.97,74.15,13.5,11.8,10.0,0.0,ok,-3.5,ok,4.85,,False,31.8,11.4,0.3,-4.1,61.0,19.7,58.4,9.4,-11.6,-0.198,0.219,MSFT,,126,11.8,20.0,,False
514,DOW,Dow Inc.,Basic Materials,Chemicals,Cyclical,22.7,31.44,30.22,9.0,15.1,10.0,0.0,ok,-2.5,ok,3.84,,False,31.6,17.3,1.0,19.7,9.8,-5.5,55.9,1.5,-8.6,-0.165,0.191,GOOG,,126,15.1,11.0,,False
515,APD,"Air Products and Chemicals, In",Basic Materials,Specialty Chemicals,Cyclical,68.2,306.24,295.72,11.0,12.8,10.0,0.0,ok,-2.5,ok,3.71,,False,31.3,21.2,-2.2,4.6,32.1,0.0,63.1,9.7,-0.8,-0.013,0.1,GOOG,,126,12.8,11.0,,False
516,CAG,"ConAgra Brands, Inc.",Consumer Defensive,Packaged Foods,Speculative,8.0,16.67,15.84,14.5,10.1,10.0,0.0,ok,-3.5,ok,4.17,,False,31.1,10.7,10.8,3.6,24.0,-25.1,79.1,7.0,-21.6,-0.145,0.326,AVGO,,126,10.1,16.0,,False
517,MRNA,"Moderna, Inc.",Healthcare,Biotechnology,Core,55.4,138.89,131.95,9.0,11.7,10.0,0.0,ok,0.0,neg_ebitda_low_debt,,,False,30.7,,0.5,2.1,,-39.0,72.0,181.7,163.8,0.089,0.263,BMNR,,126,11.7,15.0,,False
518,BBAI,"BigBear.ai, Inc.",Technology,Information Technology Service,Speculative,1.5,3.07,3.26,7.5,15.1,10.0,-2.0,ok,0.0,neg_ebitda_low_debt,,,False,30.6,,-14.2,13.2,27.9,-16.6,47.1,-30.7,-32.4,0.621,0.482,BMNR,,126,15.1,15.0,,False
519,FCX,"Freeport-McMoRan, Inc.",Basic Materials,Copper,Cyclical,111.7,77.8,73.91,12.5,8.1,10.0,0.0,ok,0.0,ok,0.66,,False,30.6,18.9,1.9,-7.3,38.3,14.8,70.4,31.3,3.8,0.497,0.514,BMNR,,126,8.1,11.0,,False
520,WBD,"Warner Bros. Discovery, Inc. -",Communication Services,Entertainment,Core,72.0,28.7,27.27,14.0,9.0,10.0,0.0,ok,-2.5,ok,3.67,,False,30.5,,22.5,-11.2,47.8,-8.8,90.1,6.2,-12.6,0.105,0.266,NVDA,,126,9.0,14.0,,False
521,CARR,Carrier Global Corporation,Industrials,Building Products & Equipment,Core,49.4,59.97,67.12,10.5,12.0,10.0,0.0,ok,-2.5,ok,3.57,,True,30.0,18.1,1.7,3.9,24.7,9.0,10.1,-1.8,-16.3,0.204,0.292,GOOG,,126,16.6,14.0,,False
522,XEL,Xcel Energy Inc.,Utilities,Utilities - Regulated Electric,Core,48.3,77.33,79.29,9.5,15.3,10.0,0.0,ok,-5.0,ok,6.47,,False,29.8,17.0,-16.4,-5.1,46.8,9.9,47.9,-1.5,-18.2,-0.198,0.216,MSFT,,126,15.3,19.0,,False
523,WY,Weyerhaeuser Company,Real Estate,REIT - Specialty,Core,17.6,24.39,24.35,8.0,16.8,10.0,0.0,ok,-5.0,ok,7.15,,False,29.8,35.9,0.1,-0.9,14.5,5.0,31.3,1.1,-12.2,-0.034,0.168,GOOG,,126,16.8,15.0,,False
524,BG,Bunge Limited,Consumer Defensive,Farm Products,Growth,21.2,110.16,113.44,9.5,13.4,10.0,0.0,ok,-3.5,ok,5.21,,False,29.4,9.7,-30.6,88.3,4.9,7.2,57.9,-2.5,-21.2,-0.082,0.116,MSFT,,126,13.4,16.0,,False
525,CRL,Charles River Laboratories Int,Healthcare,Diagnostics & Research,Core,14.4,298.58,283.65,11.0,10.5,10.0,0.0,ok,-2.5,ok,3.35,,False,29.0,23.5,3.3,-2.7,34.6,-7.5,86.6,53.4,68.7,0.157,0.163,BMNR,,126,10.5,15.0,,False
526,SATS,EchoStar Corporation,Communication Services,Telecom Services,Core,30.1,97.39,122.33,7.5,16.4,10.0,0.0,ok,-5.0,ok,17.47,,False,28.9,,-1.5,-5.2,27.1,-112.3,34.2,-5.9,-20.0,0.332,0.365,NVDA,,86,16.4,15.0,,False
527,AES,The AES Corporation,Utilities,Utilities - Diversified,Core,10.5,14.75,14.72,10.0,13.8,10.0,0.0,ok,-5.0,ok,7.64,,False,28.8,6.2,-29.4,19.9,20.3,9.6,62.1,2.4,-19.3,-0.036,0.116,BMNR,,126,13.8,18.0,,False
528,DE,Deere & Company,Industrials,Farm & Heavy Construction Mach,Core,175.1,648.64,616.21,12.5,9.7,10.0,0.0,ok,-3.5,ok,4.48,,False,28.7,28.9,3.2,-11.1,26.1,18.2,60.9,16.1,-10.1,0.002,0.276,MSFT,,126,9.7,14.0,,False
529,APLD,Applied Digital Corporation,Technology,Information Technology Service,Growth,7.6,26.89,32.58,9.5,14.7,10.0,-2.0,ok,-4.0,neg_ebitda_debt,,,False,28.2,,,406.6,25.9,-8.4,30.6,-16.7,-23.4,0.53,0.473,NVDA,,126,14.7,15.0,fcf_yield_out_of_range(-64.9),False
530,MOS,Mosaic Company (The),Basic Materials,Agricultural Inputs,Cyclical,7.6,24.0,22.8,5.5,15.2,10.0,0.0,ok,-2.5,ok,3.37,,False,28.2,14.9,-9.8,-6.0,11.2,-5.1,58.5,-1.8,-26.1,0.162,0.185,AVGO,,126,15.2,11.0,,False
531,IFF,International Flavors & Fragra,Basic Materials,Specialty Chemicals,Cyclical,21.9,85.81,81.52,8.0,10.5,10.0,0.0,ok,-1.5,ok,2.99,,False,27.0,21.7,-7.9,1.8,36.6,-5.5,61.0,16.9,-5.9,0.141,0.237,GOOG,,126,10.5,11.0,,False
532,PCG,Pacific Gas & Electric Co.,Utilities,Utilities - Regulated Electric,Core,39.9,18.11,17.31,10.5,11.4,10.0,0.0,ok,-5.0,ok,6.1,,False,26.9,10.0,-15.4,0.1,39.8,9.3,58.0,8.0,-13.7,-0.093,0.121,MSFT,,126,11.4,18.0,,False
533,F,Ford Motor Company,Consumer Cyclical,Auto Manufacturers,Core,55.5,13.93,14.14,4.5,16.5,10.0,0.0,ok,-5.0,ok,18.47,,False,26.0,7.3,-14.3,-3.8,7.1,-18.3,45.9,4.7,-11.7,0.234,0.242,GOOG,,126,16.5,11.0,,False
534,CIFR,Cipher Digital Inc.,Technology,Information Technology Service,Speculative,6.4,15.36,21.35,5.5,14.5,10.0,0.0,ok,-5.0,ok,49.49,,False,25.0,66.8,-45.5,-43.0,,-167.5,32.7,-16.9,-21.4,0.444,0.431,AVGO,,126,14.5,15.0,,False
