rank,ticker,name,sector,industry,category,mcap_B,current_price,entry_level,fundamental,technical,visibility,corr_penalty,corr_status,leverage_penalty,lev_status,nd_ebitda,dte_pct,broken_base,composite,fwd_pe,fcf_yield_pct,rev_growth_pct,gross_margin_pct,roe_pct,rsi,ma200_dist_pct,rel_str_6m_pct,portfolio_corr,max_corr,max_corr_with,corr_null_reason,n_corr_obs,technical_precap,visibility_legacy,data_flags,in_portfolio
1,AVGO,Broadcom Inc.,Technology,Semiconductors,Growth,1733.6,364.38,383.57,20.0,17.7,22.0,-2.0,ok,0.0,ok,0.68,,False,57.7,18.8,1.8,85.5,75.5,44.2,51.4,-1.4,-5.8,0.55,0.577,TSM,,126,17.7,22.0,,True
2,GEV,GE Vernova Inc.,Industrials,Specialty Industrial Machinery,Compounder,253.3,951.04,1010.89,20.0,16.7,23.0,-2.0,ok,0.0,ok,-2.29,,False,57.7,37.6,6.2,21.9,20.6,82.6,42.3,6.9,-0.4,0.59,0.685,ETN,,126,16.7,23.0,,False
3,LMT,Lockheed Martin Corporation,Industrials,Aerospace & Defense,Compounder,121.0,524.46,555.95,18.0,17.2,22.0,0.0,ok,-0.5,ok,1.73,,False,56.7,16.0,4.6,10.5,11.8,89.2,20.4,-5.7,-31.9,-0.071,0.181,TSM,,126,17.2,22.0,,False
4,GOOG,Alphabet Inc.,Communication Services,Internet Content & Information,Compounder,4016.1,328.38,346.09,19.0,17.7,20.0,0.0,ok,0.0,ok,-0.7,,False,56.7,22.1,0.6,24.2,60.9,48.7,36.9,-2.0,-6.2,0.335,0.294,TSM,,126,17.7,20.0,,True
5,TSM,Taiwan Semiconductor Manufactu,Technology,Semiconductors,Growth,2258.0,435.36,420.15,24.0,13.5,21.0,-4.0,ok,0.0,ok,-0.77,,False,54.5,19.9,,36.0,64.2,40.0,65.6,16.6,10.7,0.709,0.648,ETN,,126,13.5,21.0,fcf_yield_out_of_range(32.4),True
6,NOC,Northrop Grumman Corporation,Industrials,Aerospace & Defense,Compounder,73.2,515.57,544.52,16.0,18.6,21.0,0.0,ok,-1.5,ok,2.03,,False,54.1,16.9,3.4,5.1,20.1,27.0,16.0,-14.3,-42.4,-0.071,0.244,TSM,,126,18.6,21.0,,False
7,NVDA,NVIDIA Corporation,Technology,Semiconductors,Growth,5401.0,223.67,212.49,20.0,16.0,19.9,-2.0,ok,0.0,ok,-0.12,,False,53.9,14.4,0.8,105.9,74.7,117.2,54.2,13.5,7.5,0.596,0.644,TSM,,126,16.0,20.0,,True
8,BX,Blackstone Inc.,Financial Services,Asset Management,Core,154.3,129.07,133.25,22.5,20.6,10.0,0.0,ok,0.0,financial_na,,,False,53.1,17.2,,28.6,100.0,31.4,18.2,-0.4,8.8,0.277,0.336,GOOG,,126,20.6,16.0,,False
9,POWL,"Powell Industries, Inc.",Industrials,Electrical Equipment & Parts,Speculative,6.6,180.26,213.42,17.5,18.9,18.0,-2.0,ok,0.0,ok,-2.67,,False,52.4,25.8,2.9,8.9,30.1,28.3,31.9,-10.4,-7.7,0.611,0.753,ETN,,126,18.9,18.0,,False
10,NFLX,"Netflix, Inc.",Communication Services,Entertainment,Core,316.6,76.03,75.54,23.0,18.8,10.0,0.0,ok,0.0,ok,0.51,,False,51.8,19.9,8.0,13.4,49.1,49.5,37.7,-12.1,-32.6,-0.031,0.342,ETN,,126,18.8,14.0,,False
11,FDS,FactSet Research Systems Inc.,Financial Services,Financial Data & Stock Exchang,Speculative,9.9,279.17,274.83,21.0,20.5,10.0,0.0,ok,0.0,financial_na,,,False,51.5,14.2,6.3,6.4,51.4,27.0,38.9,11.9,23.1,-0.149,0.441,ETN,,126,20.5,15.0,,False
12,RTX,RTX Corporation,Industrials,Aerospace & Defense,Compounder,266.2,197.55,208.09,15.5,15.4,21.0,0.0,ok,-0.5,ok,1.92,,False,51.4,25.1,3.7,14.5,20.3,12.3,13.5,2.3,-17.4,0.003,0.127,AVGO,,126,15.4,21.0,,False
13,GDDY,GoDaddy Inc.,Technology,Software - Infrastructure,Core,11.9,93.6,93.78,22.0,19.6,10.0,0.0,ok,-0.5,ok,1.91,,False,51.1,8.5,10.2,6.6,63.8,442.9,44.7,-2.4,-4.5,-0.157,0.46,ETN,,126,19.6,17.0,,False
14,NXPI,NXP Semiconductors N.V.,Technology,Semiconductors,Core,56.3,223.32,248.11,22.0,19.6,10.0,0.0,ok,-0.5,ok,1.53,,False,51.1,12.3,6.3,19.5,56.1,27.9,46.4,-8.3,-0.4,0.348,0.444,ETN,,126,19.6,14.0,,False
15,VRT,"Vertiv Holdings, LLC",Industrials,Electrical Equipment & Parts,Core,101.2,262.89,281.55,20.5,15.6,16.8,-2.0,ok,0.0,ok,0.08,,False,50.9,28.8,2.7,24.1,38.0,43.9,50.9,1.7,-14.7,0.501,0.793,ETN,,126,15.6,20.0,,True
16,EXPE,"Expedia Group, Inc.",Consumer Cyclical,Travel Services,Core,32.7,272.6,295.11,23.0,17.5,10.0,0.0,ok,0.0,ok,-0.5,,False,50.5,11.2,10.5,14.0,90.4,89.5,27.1,5.3,5.6,0.033,0.23,GOOG,,126,17.5,15.0,,False
17,ADBE,Adobe Inc.,Technology,Software - Application,Core,101.3,254.86,250.91,23.0,17.2,10.0,0.0,ok,0.0,ok,0.15,,False,50.2,9.3,9.1,12.7,89.4,63.0,38.5,-4.6,-19.6,-0.039,0.439,ETN,,126,17.2,17.0,,False
18,APO,"Apollo Global Management, Inc.",Financial Services,Asset Management,Growth,77.3,130.98,127.58,20.0,20.1,10.0,0.0,ok,0.0,financial_na,,,False,50.1,12.2,,63.8,36.1,11.4,44.0,2.6,10.7,0.315,0.331,GOOG,,126,20.1,14.0,,False
19,MSFT,Microsoft Corporation,Technology,Software - Infrastructure,Core,3650.8,491.65,467.07,18.0,16.6,15.4,0.0,ok,0.0,ok,0.27,,False,50.0,20.9,0.5,17.7,67.9,34.0,54.4,14.1,8.7,0.153,0.222,NVDA,,126,16.6,18.0,,True
20,TROW,"T. Rowe Price Group, Inc.",Financial Services,Asset Management,Core,23.0,107.74,114.33,20.5,19.4,10.0,0.0,ok,0.0,financial_na,,,False,49.9,10.4,8.8,10.7,51.6,19.4,29.8,4.5,9.7,0.203,0.258,GOOG,,126,19.4,15.0,,False
21,INCY,Incyte Corporation,Healthcare,Biotechnology,Growth,25.5,126.01,121.25,23.0,16.9,10.0,0.0,ok,0.0,ok,-2.32,,False,49.9,14.2,4.6,37.7,55.7,30.7,44.4,20.1,20.4,-0.142,0.195,AVGO,,126,16.9,16.0,,False
22,ALL,Allstate Corporation (The),Financial Services,Insurance - Property & Casualt,Core,64.1,253.58,257.23,22.0,17.8,10.0,0.0,ok,0.0,financial_na,,,False,49.8,9.2,23.6,11.8,36.8,46.1,43.0,14.3,10.6,-0.369,0.44,TSM,,126,17.8,14.0,,False
23,AXP,American Express Company,Financial Services,Credit Services,Core,217.3,321.8,340.77,21.5,18.3,10.0,0.0,ok,0.0,financial_na,,,False,49.8,16.0,,12.8,62.3,34.4,28.7,-4.3,-7.2,0.327,0.384,GOOG,,126,18.3,18.0,,False
24,CDNS,"Cadence Design Systems, Inc.",Technology,Software - Application,Core,78.4,284.6,338.02,20.5,19.0,10.0,0.0,ok,0.0,ok,0.52,,False,49.5,29.8,2.1,24.2,85.9,23.2,35.6,-12.9,-16.0,0.463,0.406,NVDA,,126,19.0,17.0,,False
25,PYPL,"PayPal Holdings, Inc.",Financial Services,Credit Services,Core,44.6,52.17,55.36,20.0,19.5,10.0,0.0,ok,0.0,financial_na,,,False,49.5,9.0,9.9,4.8,40.5,24.5,28.8,2.5,1.8,0.161,0.297,MSFT,,126,19.5,17.0,,False
26,ARES,Ares Management Corporation,Financial Services,Asset Management,Core,44.3,134.37,132.16,17.5,22.0,10.0,0.0,ok,0.0,financial_na,,,False,49.5,18.7,4.9,5.8,37.4,14.9,32.9,1.6,18.9,0.369,0.38,GOOG,,126,22.0,14.0,,False
27,IT,"Gartner, Inc.",Technology,Information Technology Service,Core,10.7,169.69,165.4,21.0,18.9,10.0,0.0,ok,-0.5,ok,1.33,,False,49.4,10.4,9.8,-0.6,69.6,113.6,33.8,-4.2,-6.9,-0.184,0.433,ETN,,126,18.9,17.0,,False
28,PATH,"UiPath, Inc.",Technology,Software - Infrastructure,Speculative,7.0,13.57,14.02,22.0,17.4,10.0,0.0,ok,0.0,ok,-6.57,,False,49.4,14.7,6.9,13.4,82.6,20.0,37.5,5.2,-3.1,0.141,0.431,MSFT,,126,17.4,17.0,,False
29,WDAY,"Workday, Inc.",Technology,Software - Application,Core,44.8,186.05,176.75,20.5,18.8,10.0,0.0,ok,0.0,ok,0.23,,False,49.3,14.1,6.8,12.8,75.8,16.0,40.4,16.4,22.3,-0.068,0.446,ETN,,126,18.8,17.0,,False
30,ANET,"Arista Networks, Inc.",Technology,Computer Hardware,Growth,243.3,192.93,184.26,19.0,14.9,17.4,-2.0,ok,0.0,ok,-2.88,,False,49.3,37.4,1.6,37.7,63.0,31.5,56.5,26.4,26.9,0.567,0.552,AVGO,,126,14.9,20.0,,False
31,DASH,"DoorDash, Inc.",Consumer Cyclical,Internet Retail,Growth,85.5,197.24,204.23,19.0,20.2,10.0,0.0,ok,0.0,ok,-1.42,,False,49.2,24.2,6.0,35.6,52.2,8.9,32.9,4.7,3.7,0.277,0.461,MSFT,,126,20.2,12.0,,False
32,BRO,"Brown & Brown, Inc.",Financial Services,Insurance Brokers,Growth,22.3,66.53,70.16,21.5,17.7,10.0,0.0,ok,0.0,financial_na,,,False,49.2,13.8,7.4,32.4,56.3,10.0,34.6,-3.8,-15.1,-0.337,0.501,ETN,,126,17.7,15.0,,False
33,UBER,"Uber Technologies, Inc.",Technology,Software - Application,Core,145.2,71.08,73.94,21.0,18.7,10.0,0.0,ok,-0.5,ok,1.25,,False,49.2,16.1,5.0,12.2,40.8,37.2,30.4,-6.6,-17.9,0.222,0.313,MSFT,,126,18.7,16.0,,False
34,PTC,PTC Inc.,Technology,Software - Application,Core,14.0,128.89,137.16,21.0,18.1,10.0,0.0,ok,0.0,ok,0.98,,False,49.1,14.5,7.4,-6.8,84.5,35.1,24.1,-13.1,-31.7,0.019,0.453,MSFT,,126,18.1,17.0,,False
35,AON,Aon plc,Financial Services,Insurance Brokers,Core,64.6,304.69,352.43,20.0,19.1,10.0,0.0,ok,0.0,financial_na,,,False,49.1,15.0,4.9,2.2,48.2,44.7,27.1,-9.4,-16.3,-0.294,0.444,ETN,,126,19.1,15.0,,False
36,SYF,Synchrony Financial,Financial Services,Credit Services,Core,25.2,77.35,76.81,19.5,19.6,10.0,0.0,ok,0.0,financial_na,,,False,49.1,7.4,,0.6,0.0,20.8,43.4,3.3,6.4,0.325,0.325,GOOG,,126,19.6,16.0,,False
37,CINF,Cincinnati Financial Corporati,Financial Services,Insurance - Property & Casualt,Growth,26.0,169.21,176.68,22.0,16.9,10.0,0.0,ok,0.0,financial_na,,,False,48.9,18.7,11.5,31.6,31.1,21.5,52.0,1.4,-8.9,-0.25,0.321,AVGO,,126,16.9,14.0,,False
38,TXN,Texas Instruments Incorporated,Technology,Semiconductors,Core,238.9,261.59,279.02,19.0,19.9,10.0,0.0,ok,0.0,ok,0.74,,False,48.9,24.6,1.5,22.8,58.3,35.2,43.3,9.2,19.6,0.415,0.606,ETN,,126,19.9,14.0,,False
39,GD,General Dynamics Corporation,Industrials,Aerospace & Defense,Core,95.4,352.67,378.22,14.5,16.7,17.5,0.0,ok,0.0,ok,0.78,,False,48.7,19.0,4.6,8.1,15.4,17.8,13.4,-0.3,-12.6,-0.001,0.134,GOOG,,126,16.7,21.0,,False
40,BLK,"BlackRock, Inc.",Financial Services,Asset Management,Growth,174.2,1072.03,1097.12,20.5,18.2,10.0,0.0,ok,0.0,financial_na,,,False,48.7,16.7,4.4,30.6,47.2,12.3,28.1,1.4,0.0,0.431,0.438,GOOG,,126,18.2,15.0,,False
41,MCO,Moody's Corporation,Financial Services,Financial Data & Stock Exchang,Core,82.2,474.57,490.29,20.5,18.1,10.0,0.0,ok,0.0,financial_na,,,False,48.6,25.1,3.1,15.1,75.0,76.9,38.5,0.5,-6.0,0.034,0.378,MSFT,,126,18.1,16.0,,False
42,IDXX,"IDEXX Laboratories, Inc.",Healthcare,Diagnostics & Research,Core,40.6,515.15,557.1,19.5,19.0,10.0,0.0,ok,0.0,ok,0.55,,False,48.5,30.8,2.2,9.7,62.4,74.2,29.8,-14.9,-26.9,0.162,0.361,GOOG,,126,19.0,17.0,,False
43,EOG,"EOG Resources, Inc.",Energy,Oil & Gas E&P,Growth,77.1,147.01,142.09,23.0,15.4,10.0,0.0,ok,0.0,ok,0.23,,False,48.4,10.2,5.8,58.7,62.6,22.5,45.0,14.5,-0.9,-0.392,0.331,TSM,,126,15.4,14.0,,False
44,ADSK,"Autodesk, Inc.",Technology,Software - Application,Core,43.2,206.62,231.22,23.0,15.3,10.0,0.0,ok,0.0,ok,-0.2,,False,48.3,14.5,7.3,16.1,92.5,53.9,25.2,-16.1,-30.7,-0.042,0.417,ETN,,126,15.3,17.0,,False
45,AMP,"Ameriprise Financial, Inc.",Financial Services,Asset Management,Core,48.7,551.88,539.61,22.0,16.2,10.0,0.0,ok,0.0,financial_na,,,False,48.2,10.7,6.0,11.6,54.9,63.4,45.5,13.3,10.2,0.206,0.266,MSFT,,126,16.2,15.0,,False
46,ADP,"Automatic Data Processing, Inc",Technology,Software - Application,Core,105.4,265.22,263.69,20.0,18.2,10.0,0.0,ok,0.0,ok,0.2,,False,48.2,19.8,5.0,6.8,48.7,72.2,35.2,12.2,12.8,-0.258,0.526,ETN,,126,18.2,16.0,,False
47,SCHW,Charles Schwab Corporation (Th,Financial Services,Capital Markets,Core,184.2,106.54,105.72,21.5,16.7,10.0,0.0,ok,0.0,financial_na,,,False,48.2,13.7,,20.9,97.5,20.3,39.4,9.5,2.7,0.024,0.2,GOOG,,126,16.7,16.0,,False
48,BR,Broadridge Financial Solutions,Technology,Information Technology Service,Core,19.2,168.1,162.3,21.0,17.6,10.0,0.0,ok,-0.5,ok,1.72,,False,48.1,14.5,6.2,7.5,31.8,40.9,37.8,-4.5,-20.4,-0.042,0.396,MSFT,,126,17.6,15.0,,False
49,APP,Applovin Corporation,Communication Services,Advertising Agencies,Growth,102.5,305.06,386.41,22.5,15.4,10.0,0.0,ok,0.0,ok,0.09,,False,47.9,14.5,3.1,52.8,88.5,203.7,46.3,-37.0,-46.6,0.316,0.29,MSFT,,126,15.4,15.0,,False
50,TLN,Talen Energy Corporation,Utilities,Utilities - Independent Power ,Growth,15.3,319.67,344.42,17.5,18.4,19.0,-2.0,ok,-5.0,ok,16.05,,False,47.9,10.4,8.2,111.2,42.1,-12.8,48.1,-10.6,-11.6,0.514,0.783,CEG,,126,18.4,19.0,,False
51,HAS,"Hasbro, Inc.",Consumer Cyclical,Leisure,Core,12.5,88.97,89.41,22.0,16.3,10.0,0.0,ok,-0.5,ok,1.92,,False,47.8,13.6,5.5,16.2,63.8,159.6,31.7,-0.6,-18.3,0.116,0.161,GOOG,,126,16.3,13.0,,False
52,MMM,3M Company,Industrials,Conglomerates,Core,84.8,164.4,171.72,21.0,17.3,10.0,0.0,ok,-0.5,ok,1.21,,False,47.8,16.8,7.5,2.5,39.4,81.9,10.5,2.3,-6.8,0.202,0.253,TSM,,126,17.3,14.0,,False
53,COF,Capital One Financial Corporat,Financial Services,Credit Services,Growth,129.4,210.86,212.19,18.0,19.8,10.0,0.0,ok,0.0,financial_na,,,False,47.8,8.8,,1111.0,0.0,9.0,38.0,1.7,3.1,0.331,0.36,GOOG,,126,19.8,16.0,,False
54,PEP,"Pepsico, Inc.",Consumer Defensive,Beverages - Non-Alcoholic,Core,186.7,136.69,139.55,20.0,19.2,10.0,0.0,ok,-1.5,ok,2.25,,False,47.7,15.2,4.2,6.4,54.2,51.5,32.5,-7.7,-27.3,-0.276,0.355,ETN,,126,19.2,17.0,,False
55,AMZN,"Amazon.com, Inc.",Consumer Cyclical,Internet Retail,Core,2722.5,252.4,254.68,17.0,17.8,14.8,-2.0,ok,0.0,ok,0.76,,False,47.6,24.3,0.1,19.6,50.8,30.6,36.2,5.4,6.0,0.533,0.647,GOOG,,126,17.8,17.0,,False
56,AOS,A.O. Smith Corporation,Industrials,Specialty Industrial Machinery,Speculative,7.9,57.83,61.19,19.0,18.6,10.0,0.0,ok,0.0,ok,0.63,,False,47.6,14.1,6.2,-0.7,38.6,27.1,25.1,-10.9,-29.4,0.201,0.307,ETN,,124,18.6,14.0,,False
57,CSCO,"Cisco Systems, Inc.",Technology,Communication Equipment,Core,431.4,109.43,114.03,19.5,18.1,10.0,0.0,ok,0.0,ok,0.82,,False,47.6,19.5,2.6,17.6,64.5,27.3,45.0,15.4,28.2,0.318,0.38,AVGO,,126,18.1,15.0,,False
58,HSY,The Hershey Company,Consumer Defensive,Confectioners,Core,34.6,172.19,178.57,20.0,18.1,10.0,0.0,ok,-0.5,ok,1.89,,False,47.6,17.4,5.0,6.6,38.4,32.8,18.9,-9.9,-33.1,-0.297,0.334,AVGO,,126,18.1,16.0,,False
59,EBAY,eBay Inc.,Consumer Cyclical,Internet Retail,Core,46.1,103.51,109.12,20.5,17.5,10.0,0.0,ok,-0.5,ok,1.24,,False,47.5,15.4,3.4,14.8,72.1,46.6,51.8,4.8,0.2,0.078,0.235,GOOG,,126,17.5,13.0,,False
60,NTAP,"NetApp, Inc.",Technology,Software - Infrastructure,Core,36.3,184.74,180.03,21.5,16.0,10.0,0.0,ok,0.0,ok,-0.5,,False,47.5,16.8,3.2,29.9,70.6,114.8,38.0,40.9,77.6,0.266,0.285,AVGO,,126,16.0,17.0,,False
61,ABNB,"Airbnb, Inc.",Consumer Cyclical,Travel Services,Core,101.6,169.63,163.99,20.5,17.0,10.0,0.0,ok,0.0,ok,-3.47,,False,47.5,27.6,3.2,16.5,82.9,34.5,30.6,21.2,14.5,0.203,0.277,GOOG,,126,17.0,15.0,,False
62,SPGI,S&P Global Inc.,Financial Services,Financial Data & Stock Exchang,Core,123.3,418.36,428.34,19.5,17.8,10.0,0.0,ok,0.0,financial_na,,,False,47.3,20.7,4.4,10.4,70.9,14.3,45.7,-6.6,-15.2,-0.019,0.367,MSFT,,126,17.8,16.0,,False
63,INTU,Intuit Inc.,Technology,Software - Application,Core,85.9,313.94,317.66,22.0,15.3,10.0,0.0,ok,0.0,ok,0.17,,False,47.3,11.5,7.5,13.7,81.0,23.6,24.2,-25.8,-41.2,-0.079,0.39,ETN,,126,15.3,17.0,,False
64,AMAT,"Applied Materials, Inc.",Technology,Semiconductor Equipment & Mate,Core,372.1,468.85,526.12,19.0,20.3,10.0,-2.0,ok,0.0,ok,-0.19,,False,47.3,25.4,0.8,24.8,49.4,41.1,37.2,14.5,20.8,0.594,0.727,ETN,,126,20.3,14.0,,False
65,DXCM,"DexCom, Inc.",Healthcare,Medical Devices,Core,31.7,83.88,81.79,20.5,16.7,10.0,0.0,ok,0.0,ok,-0.39,,False,47.2,26.8,3.2,13.1,62.5,38.5,30.2,17.9,13.8,0.145,0.277,GOOG,,126,16.7,17.0,,False
66,CL,Colgate-Palmolive Company,Consumer Defensive,Household & Personal Products,Core,70.2,88.03,91.67,21.0,16.6,10.0,0.0,ok,-0.5,ok,1.29,,False,47.1,21.4,4.9,4.9,60.4,267.4,37.0,0.7,-13.9,-0.164,0.293,ETN,,126,16.6,18.0,,False
67,ROK,"Rockwell Automation, Inc.",Industrials,Specialty Industrial Machinery,Core,47.4,426.08,451.73,18.5,18.9,10.0,0.0,ok,-0.5,ok,1.5,,False,46.9,28.7,2.8,7.9,49.1,30.6,43.8,1.5,1.8,0.441,0.564,ETN,,126,18.9,15.0,,False
68,ZTS,Zoetis Inc.,Healthcare,Drug Manufacturers - Specialty,Core,30.3,73.31,75.53,21.0,16.4,10.0,0.0,ok,-0.5,ok,1.86,,False,46.9,11.2,6.7,-0.2,71.7,64.9,38.5,-28.3,-51.2,0.001,0.158,NVDA,,126,16.4,17.0,,False
69,DECK,Deckers Outdoor Corporation,Consumer Cyclical,Footwear & Accessories,Core,10.9,80.23,96.33,21.0,15.9,10.0,0.0,ok,0.0,ok,-0.85,,False,46.9,9.6,8.0,5.7,57.8,42.6,28.4,-21.8,-34.6,0.212,0.352,GOOG,,126,15.9,12.0,,False
70,ORCL,Oracle Corporation,Technology,Software - Infrastructure,Core,465.6,161.63,153.55,17.5,15.9,19.0,-2.0,ok,-3.5,ok,4.44,,False,46.9,14.7,-5.3,20.6,65.8,53.4,67.0,-3.7,-13.3,0.591,0.515,MSFT,,126,15.9,19.0,,False
71,AAPL,Apple Inc.,Technology,Consumer Electronics,Core,4602.1,315.34,316.47,20.5,16.3,10.0,0.0,ok,0.0,ok,0.13,,False,46.8,32.9,2.3,16.4,48.7,148.8,48.4,11.0,8.3,0.079,0.156,ETN,,126,16.3,14.0,,False
72,TEL,TE Connectivity plc,Technology,Electronic Components,Core,59.3,204.68,205.85,18.5,18.2,10.0,0.0,ok,0.0,ok,0.92,,False,46.7,15.9,3.9,13.8,36.1,23.3,51.5,-5.1,-12.9,0.406,0.451,ETN,,126,18.2,13.0,,False
73,WRB,W.R. Berkley Corporation,Financial Services,Insurance - Property & Casualt,Core,26.0,69.91,71.03,20.0,16.7,10.0,0.0,ok,0.0,financial_na,,,False,46.7,14.4,11.7,1.2,43.8,20.2,51.9,1.2,-9.7,-0.374,0.398,TSM,,126,16.7,15.0,,False
74,BMY,Bristol-Myers Squibb Company,Healthcare,Drug Manufacturers - General,Core,131.6,64.41,63.16,22.0,15.1,10.0,0.0,ok,-0.5,ok,1.8,,False,46.6,9.8,6.2,5.7,71.7,46.6,35.6,11.1,-4.2,-0.058,0.242,AVGO,,126,15.1,17.0,,False
75,GL,Globe Life Inc.,Financial Services,Insurance - Life,Core,13.1,169.82,178.14,20.0,16.6,10.0,0.0,ok,0.0,financial_na,,,False,46.6,10.3,8.9,8.0,33.9,20.9,46.3,10.1,8.0,0.117,0.254,GOOG,,126,16.6,14.0,,False
76,HBAN,Huntington Bancshares Incorpor,Financial Services,Banks - Regional,Growth,33.6,16.63,17.47,18.0,18.6,10.0,0.0,ok,0.0,financial_na,,,False,46.6,8.9,,47.6,0.0,9.0,37.6,-1.7,-5.3,0.237,0.285,GOOG,,126,18.6,14.0,,False
77,LULU,lululemon athletica inc.,Consumer Cyclical,Apparel Retail,Core,11.0,99.72,117.82,20.0,16.5,10.0,0.0,ok,0.0,ok,0.32,,False,46.5,10.9,10.4,-4.3,54.9,30.9,33.1,-34.5,-51.4,0.207,0.351,MSFT,,126,16.5,12.0,,False
78,FANG,"Diamondback Energy, Inc.",Energy,Oil & Gas E&P,Growth,56.7,202.63,195.99,21.0,16.0,10.0,0.0,ok,-0.5,ok,1.03,,False,46.5,11.2,8.9,52.5,72.4,3.5,40.3,12.3,2.6,-0.225,0.306,GOOG,,126,16.0,14.0,,False
79,WSM,"Williams-Sonoma, Inc.",Consumer Cyclical,Specialty Retail,Core,26.8,227.52,232.3,18.5,18.0,10.0,0.0,ok,0.0,ok,0.3,,False,46.5,21.6,4.0,6.7,45.7,55.0,30.8,11.3,10.3,0.24,0.237,TSM,,126,18.0,12.0,,False
80,KKR,KKR & Co. Inc.,Financial Services,Asset Management,Core,96.1,104.09,103.21,15.5,21.0,10.0,0.0,ok,0.0,financial_na,,,False,46.5,14.0,,7.8,54.8,7.3,35.6,-1.2,7.0,0.336,0.308,GOOG,,126,21.0,15.0,,False
81,V,Visa Inc.,Financial Services,Credit Services,Core,685.9,367.39,364.36,20.5,15.9,10.0,0.0,ok,0.0,financial_na,,,False,46.4,24.5,3.0,14.4,97.7,61.2,51.8,10.0,6.5,-0.102,0.256,VRT,,126,15.9,18.0,,False
82,PG,Procter & Gamble Company (The),Consumer Defensive,Household & Personal Products,Core,331.3,142.64,146.54,20.0,16.9,10.0,0.0,ok,-0.5,ok,1.01,,False,46.4,19.3,4.0,1.5,50.9,30.3,45.2,-2.8,-19.0,-0.066,0.23,GOOG,,126,16.9,17.0,,False
83,PODD,Insulet Corporation,Healthcare,Medical Devices,Speculative,9.6,137.92,153.61,20.5,15.9,10.0,0.0,ok,0.0,ok,0.67,,False,46.4,17.9,2.5,23.5,71.1,26.0,28.9,-33.8,-54.9,-0.077,0.259,VRT,,126,15.9,17.0,,False
84,FOXA,Fox Corporation,Communication Services,Entertainment,Core,26.8,63.86,61.28,18.0,18.4,10.0,0.0,ok,0.0,ok,0.87,,False,46.4,11.0,2.1,28.1,36.6,14.3,36.1,0.9,-2.0,-0.06,0.214,CEG,,126,18.4,13.0,,False
85,ACN,Accenture plc,Technology,Information Technology Service,Core,107.6,175.8,167.01,18.5,17.9,10.0,0.0,ok,0.0,ok,-0.14,,False,46.4,12.0,11.2,5.6,32.0,24.4,42.0,-12.7,-24.7,-0.185,0.463,ETN,,126,17.9,15.0,,False
86,MRSH,Marsh,Financial Services,Insurance Brokers,Core,84.4,176.84,185.37,19.0,17.4,10.0,0.0,ok,0.0,financial_na,,,False,46.4,15.5,5.7,6.2,44.0,25.9,29.6,-0.3,-10.5,-0.373,0.542,ETN,,126,17.4,15.0,,False
87,GS,"Goldman Sachs Group, Inc. (The",Financial Services,Capital Markets,Growth,299.6,1028.78,1044.21,21.0,17.3,10.0,-2.0,ok,0.0,financial_na,,,False,46.3,13.9,,42.5,82.1,16.9,51.9,8.4,12.2,0.561,0.505,ETN,,126,17.3,16.0,,False
88,VLTO,Veralto Corp,Industrials,Pollution & Treatment Controls,Core,23.1,94.72,95.4,19.5,17.3,10.0,0.0,ok,-0.5,ok,1.06,,False,46.3,19.9,3.5,7.5,60.2,34.3,18.9,1.5,-8.9,-0.122,0.211,ETN,,126,17.3,16.0,,False
89,PGR,Progressive Corporation (The),Financial Services,Insurance - Property & Casualt,Core,125.2,215.5,217.23,19.5,16.8,10.0,0.0,ok,0.0,financial_na,,,False,46.3,13.2,12.1,7.3,18.5,34.9,47.3,3.3,-5.5,-0.416,0.453,TSM,,126,16.8,14.0,,False
90,AJG,Arthur J. Gallagher & Co.,Financial Services,Insurance Brokers,Growth,62.6,244.28,254.54,16.5,19.8,10.0,0.0,ok,0.0,financial_na,,,False,46.3,16.4,3.3,30.9,43.2,6.7,40.1,4.6,3.7,-0.342,0.498,ETN,,126,19.8,15.0,,False
91,ESTC,Elastic N.V.,Technology,Software - Application,Speculative,9.1,86.58,82.25,21.0,15.2,10.0,0.0,ok,0.0,neg_ebitda_low_debt,,,False,46.2,22.0,5.5,15.1,75.6,33.1,49.3,35.6,51.1,0.164,0.478,MSFT,,126,15.2,17.0,,False
92,GWW,"W.W. Grainger, Inc.",Industrials,Industrial Distribution,Core,60.2,1278.83,1336.66,19.5,16.7,10.0,0.0,ok,0.0,ok,0.69,,False,46.2,25.1,2.1,10.3,39.4,46.1,43.7,8.4,2.7,0.165,0.266,VRT,,126,16.7,14.0,,False
93,MDT,Medtronic plc.,Healthcare,Medical Devices,Core,117.5,91.89,87.3,19.5,17.2,10.0,0.0,ok,-0.5,ok,1.86,,False,46.2,14.4,4.6,13.7,65.3,10.6,42.8,3.0,-8.6,-0.126,0.28,AVGO,,126,17.2,17.0,,False
94,ALLE,Allegion plc,Industrials,Security & Protection Services,Core,12.9,151.73,153.28,19.5,17.2,10.0,0.0,ok,-0.5,ok,1.81,,False,46.2,15.5,3.8,12.7,44.8,33.7,26.5,0.6,-8.8,0.164,0.254,ETN,,126,17.2,17.0,,False
95,HON,Honeywell International Inc.,Industrials,Conglomerates,Core,65.0,204.93,227.75,20.0,18.7,10.0,0.0,ok,-2.5,ok,3.03,,False,46.2,20.6,4.0,4.3,36.5,46.6,26.5,-7.7,-26.6,-0.009,0.216,MSFT,,126,18.7,14.0,,False
96,ALGN,"Align Technology, Inc.",Healthcare,Medical Instruments & Supplies,Core,10.9,152.92,170.48,18.5,17.6,10.0,0.0,ok,0.0,ok,-1.08,,False,46.1,12.2,5.4,4.3,70.4,10.2,34.0,-10.4,-25.2,0.248,0.31,GOOG,,126,17.6,17.0,,False
97,FOX,Fox Corporation,Communication Services,Entertainment,Core,24.0,57.1,54.77,18.0,18.1,10.0,0.0,ok,0.0,ok,0.87,,False,46.1,9.9,2.3,28.1,36.6,14.3,37.0,0.5,-4.5,-0.078,0.214,CEG,,126,18.1,13.0,,False
98,FSLR,"First Solar, Inc.",Technology,Solar,Core,21.8,203.1,217.94,18.5,19.6,10.0,-2.0,ok,0.0,ok,-0.64,,False,46.1,8.8,7.3,-3.7,44.0,18.5,34.2,-11.8,-11.3,0.545,0.563,ETN,,126,19.6,14.0,,False
99,CPAY,"Corpay, Inc.",Technology,Software - Infrastructure,Core,26.7,406.09,387.33,23.0,14.6,10.0,0.0,ok,-1.5,ok,2.7,,False,46.1,12.9,7.3,21.5,80.5,29.2,49.2,20.1,10.2,0.074,0.247,MSFT,,126,14.6,17.0,,False
100,KMB,Kimberly-Clark Corporation,Consumer Defensive,Household & Personal Products,Core,32.8,98.7,109.37,18.5,18.1,10.0,0.0,ok,-0.5,ok,1.6,,False,46.1,13.2,2.9,0.6,37.6,104.9,23.3,-3.9,-14.0,-0.094,0.216,GOOG,,126,18.1,16.0,,False
101,LVS,Las Vegas Sands Corp.,Consumer Cyclical,Resorts & Casinos,Core,28.1,43.33,45.97,21.0,16.5,10.0,0.0,ok,-1.5,ok,2.57,,False,46.0,12.3,7.9,-0.7,79.3,122.9,32.0,-19.4,-33.1,0.186,0.342,MSFT,,126,16.5,13.0,,False
102,META,"Meta Platforms, Inc.",Communication Services,Internet Content & Information,Core,1665.3,653.69,621.01,18.0,11.0,17.0,0.0,ok,0.0,ok,0.2,,False,46.0,18.7,1.3,28.0,81.7,29.8,89.6,5.0,-12.8,0.312,0.348,GOOG,,126,11.0,15.0,,False
103,CEG,Constellation Energy Corporati,Utilities,Utilities - Independent Power ,Compounder,104.1,293.9,279.21,12.5,15.0,21.0,0.0,ok,-2.5,ok,3.02,,False,46.0,22.0,-6.4,23.0,22.1,15.1,67.1,-0.5,-14.8,0.252,0.36,ETN,,126,15.0,21.0,,True
104,IBKR,"Interactive Brokers Group, Inc",Financial Services,Capital Markets,Core,153.8,90.28,92.06,20.0,18.0,10.0,-2.0,ok,0.0,financial_na,,,False,46.0,28.3,,26.3,93.0,24.0,49.6,14.1,19.3,0.568,0.419,TSM,,126,18.0,16.0,,False
105,CTSH,Cognizant Technology Solutions,Technology,Information Technology Service,Core,26.2,58.2,55.29,18.5,17.4,10.0,0.0,ok,0.0,ok,0.26,,False,45.9,9.2,8.5,4.5,33.4,14.9,40.6,-6.5,-18.8,-0.194,0.502,VRT,,126,17.4,15.0,,False
106,MPWR,"Monolithic Power Systems, Inc.",Technology,Semiconductors,Growth,59.2,1203.75,1324.46,19.0,18.8,10.0,-2.0,ok,0.0,ok,-1.39,,False,45.8,34.5,0.8,47.6,55.2,22.0,28.6,-3.9,-0.1,0.6,0.736,ETN,,126,18.8,14.0,,False
107,AFL,AFLAC Incorporated,Financial Services,Insurance - Life,Core,57.5,114.74,121.3,17.5,18.3,10.0,0.0,ok,0.0,financial_na,,,False,45.8,15.2,9.0,-1.0,50.9,16.9,43.5,0.3,-7.8,-0.268,0.387,TSM,,126,18.3,15.0,,False
108,MS,Morgan Stanley,Financial Services,Capital Markets,Core,338.2,215.35,215.74,20.0,17.8,10.0,-2.0,ok,0.0,financial_na,,,False,45.8,15.8,,28.0,87.6,18.0,51.7,12.9,21.9,0.521,0.45,ETN,,126,17.8,16.0,,False
109,CBOE,"Cboe Global Markets, Inc.",Financial Services,Financial Data & Stock Exchang,Core,30.5,291.87,286.47,20.5,15.3,10.0,0.0,ok,0.0,financial_na,,,False,45.8,19.2,2.2,22.9,54.1,26.3,57.0,2.3,-9.9,-0.163,0.26,TSM,,126,15.3,15.0,,False
110,AVY,Avery Dennison Corporation,Consumer Cyclical,Packaging & Containers,Core,12.9,169.79,170.31,20.5,16.8,10.0,0.0,ok,-1.5,ok,2.28,,False,45.8,15.2,7.8,10.9,29.0,31.2,25.2,-1.7,-15.4,0.137,0.172,MSFT,,126,16.8,11.0,,False
111,PLTR,Palantir Technologies Inc.,Technology,Software - Infrastructure,Growth,407.4,169.53,161.05,20.0,15.8,10.0,0.0,ok,0.0,ok,-3.45,,False,45.8,72.9,0.5,92.8,84.8,38.1,46.0,12.0,-0.9,0.334,0.424,MSFT,,126,15.8,17.0,,False
112,PRU,"Prudential Financial, Inc.",Financial Services,Insurance - Life,Core,40.6,117.59,119.48,18.0,17.8,10.0,0.0,ok,0.0,financial_na,,,False,45.8,7.9,18.6,14.1,29.0,12.0,39.2,9.2,11.2,0.057,0.228,GOOG,,126,17.8,14.0,,False
113,MA,Mastercard Incorporated,Financial Services,Credit Services,Core,497.1,567.5,560.31,20.5,15.3,10.0,0.0,ok,0.0,financial_na,,,False,45.8,24.7,3.4,14.1,100.0,241.2,46.1,7.0,0.1,-0.066,0.422,MSFT,,126,15.3,18.0,,False
114,MDB,"MongoDB, Inc.",Technology,Software - Infrastructure,Growth,28.8,358.38,374.69,14.0,21.8,10.0,0.0,ok,0.0,ok,-170.08,,False,45.8,46.0,1.9,30.5,72.7,2.0,31.9,4.6,19.8,0.27,0.443,MSFT,,126,21.8,17.0,,False
115,UAL,"United Airlines Holdings, Inc.",Industrials,Airlines,Core,34.8,107.12,120.48,17.0,20.2,10.0,0.0,ok,-1.5,ok,2.4,,False,45.7,7.1,2.6,16.0,31.8,23.3,37.1,-1.2,5.4,0.439,0.405,TSM,,126,20.2,14.0,,False
116,ADI,"Analog Devices, Inc.",Technology,Semiconductors,Growth,176.9,365.07,376.36,19.0,18.6,10.0,-2.0,ok,0.0,ok,0.99,,False,45.6,22.3,2.3,39.6,65.8,12.2,41.1,4.5,1.7,0.526,0.687,ETN,,126,18.6,15.0,,False
117,HIG,"The Hartford Insurance Group, ",Financial Services,Insurance - Diversified,Core,37.0,136.56,139.2,20.0,15.6,10.0,0.0,ok,0.0,financial_na,,,False,45.6,10.0,14.9,8.1,37.9,22.1,47.5,0.4,-11.5,-0.284,0.343,TSM,,126,15.6,14.0,,False
118,RMD,ResMed Inc.,Healthcare,Medical Instruments & Supplies,Core,31.7,219.95,216.13,18.5,17.1,10.0,0.0,ok,0.0,ok,-0.31,,False,45.6,16.6,3.0,8.6,61.6,24.3,35.3,-3.3,-20.8,-0.029,0.311,GOOG,,126,17.1,17.0,,False
119,ON,ON Semiconductor Corporation,Technology,Semiconductors,Core,27.6,70.98,82.78,16.0,21.6,10.0,-2.0,ok,0.0,ok,0.4,,False,45.6,15.7,6.0,9.2,42.8,8.3,34.8,-9.7,7.1,0.509,0.638,ETN,,126,21.6,14.0,,False
120,MSCI,MSCI Inc.,Financial Services,Financial Data & Stock Exchang,Core,40.3,554.54,578.4,17.5,18.1,10.0,0.0,ok,0.0,financial_na,,,False,45.6,24.6,3.0,12.2,83.0,,43.4,-2.9,-11.0,0.004,0.38,MSFT,,126,18.1,16.0,,False
121,NDAQ,"Nasdaq, Inc.",Financial Services,Financial Data & Stock Exchang,Core,52.7,94.22,93.45,18.0,17.5,10.0,0.0,ok,0.0,financial_na,,,False,45.5,20.1,3.2,14.9,100.0,16.5,42.6,4.3,-2.2,0.086,0.418,MSFT,,126,17.5,16.0,,False
122,SNPS,"Synopsys, Inc.",Technology,Software - Infrastructure,Growth,75.4,393.22,410.28,20.0,18.0,10.0,0.0,ok,-2.5,ok,3.49,,False,45.5,22.5,4.5,42.4,82.9,3.7,47.4,-12.1,-21.9,0.437,0.434,NVDA,,126,18.0,17.0,,False
123,LLY,Eli Lilly and Company,Healthcare,Drug Manufacturers - General,Growth,1002.5,1124.21,1187.7,20.0,15.9,10.0,0.0,ok,-0.5,ok,1.1,,False,45.4,23.8,1.1,47.7,83.4,102.3,7.9,5.8,-0.1,-0.096,0.188,GOOG,,126,15.9,17.0,,False
124,PAYX,"Paychex, Inc.",Technology,Software - Application,Core,40.8,114.75,117.01,18.5,18.4,10.0,0.0,ok,-1.5,ok,2.17,,False,45.4,18.0,,12.5,67.2,,32.3,11.3,10.9,-0.236,0.513,ETN,,126,18.4,17.0,,False
125,CPRT,"Copart, Inc.",Industrials,Specialty Business Services,Core,29.7,32.03,30.43,17.0,18.4,10.0,0.0,ok,0.0,ok,-2.09,,False,45.4,19.1,3.4,2.1,47.5,17.6,36.4,-6.8,-22.6,-0.156,0.299,ETN,,126,18.4,17.0,,False
126,A,"Agilent Technologies, Inc.",Healthcare,Diagnostics & Research,Core,40.8,144.75,142.78,17.5,18.4,10.0,0.0,ok,-0.5,ok,1.15,,False,45.4,21.4,2.6,8.1,53.6,21.0,32.8,10.1,13.0,0.168,0.155,NVDA,,126,18.4,16.0,,False
127,ROP,"Roper Technologies, Inc.",Technology,Software - Application,Core,38.6,390.35,386.33,18.5,19.4,10.0,0.0,ok,-2.5,ok,3.38,,False,45.4,16.1,5.9,8.5,69.5,13.1,38.3,4.1,-1.6,-0.234,0.431,ETN,,126,19.4,17.0,,False
128,DAL,"Delta Air Lines, Inc.",Industrials,Airlines,Core,51.8,78.75,86.01,17.0,19.9,10.0,0.0,ok,-1.5,ok,2.19,,False,45.4,9.1,5.4,18.7,18.7,20.1,36.8,6.1,20.8,0.424,0.415,TSM,,126,19.9,14.0,,False
129,EFX,"Equifax, Inc.",Industrials,Consulting Services,Core,19.7,168.09,178.63,18.5,18.3,10.0,0.0,ok,-1.5,ok,2.75,,False,45.3,16.5,4.8,10.6,55.5,14.3,22.9,-10.2,-24.9,-0.092,0.339,ETN,,126,18.3,17.0,,False
130,PNC,"PNC Financial Services Group, ",Financial Services,Banks - Regional,Core,96.0,240.69,249.3,18.5,16.8,10.0,0.0,ok,0.0,financial_na,,,False,45.3,11.3,,23.6,0.0,12.6,39.7,7.4,5.2,0.105,0.232,GOOG,,126,16.8,14.0,,False
131,MKC,"McCormick & Company, Incorpora",Consumer Defensive,Packaged Foods,Core,13.8,51.48,52.86,20.0,17.8,10.0,0.0,ok,-2.5,ok,3.17,,False,45.3,15.6,5.2,16.7,38.9,24.7,24.6,-9.1,-26.0,-0.227,0.332,VRT,,126,17.8,16.0,,False
132,QCOM,QUALCOMM Incorporated,Technology,Semiconductors,Core,188.4,176.4,168.76,19.0,16.3,10.0,0.0,ok,0.0,ok,0.58,,False,45.3,17.3,5.4,-4.0,54.2,33.8,72.0,5.3,18.8,0.377,0.411,ETN,,126,16.3,14.0,,False
133,GE,GE Aerospace,Industrials,Aerospace & Defense,Core,337.6,325.42,355.57,18.0,17.2,10.0,0.0,ok,0.0,ok,0.9,,False,45.2,35.8,2.0,21.1,31.1,48.2,30.4,1.2,-12.6,0.358,0.419,ETN,,126,17.2,14.0,,False
134,CSX,CSX Corporation,Industrials,Railroads,Core,89.6,48.37,50.17,19.5,17.2,10.0,0.0,ok,-1.5,ok,2.64,,False,45.2,21.3,2.2,10.1,47.1,24.4,31.6,11.8,7.2,0.053,0.262,ETN,,126,17.2,15.0,,False
135,KEY,KeyCorp,Financial Services,Banks - Regional,Core,23.2,21.73,22.66,17.5,17.7,10.0,0.0,ok,0.0,financial_na,,,False,45.2,10.2,,10.1,0.0,10.3,43.4,1.6,-2.1,0.256,0.291,ETN,,126,17.7,14.0,,False
136,CMCSA,Comcast Corporation,Communication Services,Telecom Services,Core,87.3,24.59,24.91,18.5,18.2,10.0,0.0,ok,-1.5,ok,2.43,,False,45.2,6.8,14.6,-1.2,69.4,11.5,33.0,-7.9,-31.3,-0.058,0.189,GOOG,,126,18.2,17.0,,False
137,BF-B,Brown Forman Inc,Consumer Defensive,Beverages - Wineries & Distill,Core,12.0,26.15,27.17,17.5,18.1,10.0,0.0,ok,-0.5,ok,1.8,,False,45.1,15.3,5.7,-1.4,60.7,18.1,28.3,-3.6,-4.7,-0.131,0.173,AVGO,,126,18.1,18.0,,False
138,WTW,Willis Towers Watson Public Li,Financial Services,Insurance Brokers,Core,29.1,313.72,318.2,17.5,17.6,10.0,0.0,ok,0.0,financial_na,,,False,45.1,13.7,4.9,9.1,42.5,19.8,35.7,4.7,-4.1,-0.132,0.454,MSFT,,126,17.6,15.0,,False
139,UPS,"United Parcel Service, Inc.",Industrials,Integrated Freight & Logistics,Core,84.4,99.22,107.4,18.5,17.0,10.0,0.0,ok,-0.5,ok,1.99,,False,45.0,12.3,6.6,7.6,22.4,29.6,35.6,-4.1,-12.6,0.25,0.26,ETN,,126,17.0,14.0,,False
140,VRSK,"Verisk Analytics, Inc.",Industrials,Consulting Services,Core,23.2,177.99,190.41,18.0,18.5,10.0,0.0,ok,-1.5,ok,2.68,,False,45.0,20.5,4.6,4.4,70.2,,38.8,-8.2,-24.9,-0.331,0.533,ETN,,126,18.5,18.0,,False
141,NVR,"NVR, Inc.",Consumer Cyclical,Residential Construction,Core,16.6,6187.3,6389.68,16.5,18.4,10.0,0.0,ok,0.0,ok,-0.0,,False,44.9,15.0,5.5,-10.9,21.8,31.5,37.1,-9.0,-19.1,0.062,0.176,GOOG,,126,18.4,11.0,,False
142,TTD,"The Trade Desk, Inc.",Communication Services,Advertising Agencies,Speculative,6.5,13.88,16.4,19.5,15.4,10.0,0.0,ok,0.0,ok,-1.51,,False,44.9,13.8,8.9,3.0,76.9,15.4,54.3,-44.0,-61.8,0.06,0.289,MSFT,,126,15.4,15.0,,False
143,FIS,Fidelity National Information ,Technology,Information Technology Service,Core,19.6,38.07,41.91,22.0,16.4,10.0,0.0,ok,-3.5,ok,5.82,,False,44.9,5.7,13.5,29.1,35.8,22.3,36.2,-22.5,-36.8,-0.1,0.408,ETN,,126,16.4,15.0,,False
144,PSA,Public Storage,Real Estate,REIT - Industrial,Core,55.0,294.6,319.38,20.0,16.4,10.0,0.0,ok,-1.5,ok,2.89,,False,44.9,29.1,4.2,3.3,74.4,21.9,18.8,-0.7,-13.5,0.011,0.259,GOOG,,126,16.4,17.0,,False
145,UNP,Union Pacific Corporation,Industrials,Railroads,Core,169.2,284.74,294.22,20.5,15.9,10.0,0.0,ok,-1.5,ok,2.26,,False,44.9,20.1,2.8,11.5,56.3,39.7,26.4,9.3,0.7,-0.078,0.186,MSFT,,126,15.9,15.0,,False
146,URI,"United Rentals, Inc.",Industrials,Rental & Leasing Services,Core,64.0,1028.77,1083.66,18.5,18.9,10.0,0.0,ok,-2.5,ok,3.26,,False,44.9,18.0,2.7,11.8,38.5,28.9,29.7,10.8,19.4,0.171,0.438,ETN,,126,18.9,16.0,,False
147,TMUS,"T-Mobile US, Inc.",Communication Services,Telecom Services,Core,190.2,177.34,181.47,18.5,18.8,10.0,0.0,ok,-2.5,ok,3.42,,False,44.8,12.3,6.0,7.9,63.1,18.0,42.0,-8.5,-29.6,-0.229,0.358,TSM,,126,18.8,17.0,,False
148,XYL,Xylem Inc.,Industrials,Specialty Industrial Machinery,Core,25.1,107.64,117.19,16.0,18.8,10.0,0.0,ok,0.0,ok,0.9,,False,44.8,17.2,4.7,1.5,39.2,9.2,28.4,-13.0,-24.7,0.196,0.307,ETN,,126,18.8,14.0,,False
149,GOOGL,Alphabet Inc.,Communication Services,Internet Content & Information,Core,4043.8,330.65,348.13,19.0,17.8,10.0,-2.0,ok,0.0,ok,-0.7,,False,44.8,22.3,0.6,24.2,60.9,48.7,37.4,-1.7,-5.6,0.519,0.995,GOOG,,126,17.8,15.0,,False
150,IBM,International Business Machine,Technology,Information Technology Service,Core,226.1,239.94,239.8,20.0,17.3,10.0,0.0,ok,-2.5,ok,3.47,,False,44.8,18.2,5.3,1.1,58.1,34.5,52.9,-7.8,-15.6,0.084,0.315,MSFT,,126,17.3,16.0,,False
151,TT,Trane Technologies plc,Industrials,Building Products & Equipment,Core,97.7,444.17,467.06,19.5,17.3,10.0,-2.0,ok,0.0,ok,0.77,,False,44.8,25.3,3.2,10.6,35.4,36.6,39.6,-0.1,-10.0,0.512,0.78,ETN,,126,17.3,14.0,,False
152,TRMB,Trimble Inc.,Technology,Scientific & Technical Instrum,Core,13.4,57.4,56.35,17.0,18.3,10.0,0.0,ok,-0.5,ok,1.41,,False,44.8,13.9,5.1,11.0,71.8,-1.9,41.8,-11.2,-27.8,0.208,0.336,MSFT,,126,18.3,15.0,,False
153,SPG,"Simon Property Group, Inc.",Real Estate,REIT - Retail,Core,77.6,204.53,221.81,20.5,17.7,10.0,0.0,ok,-3.5,ok,5.54,,False,44.7,30.6,3.3,19.5,81.4,120.5,20.0,1.7,-4.8,-0.072,0.213,GOOG,,126,17.7,17.0,,False
154,GPN,Global Payments Inc.,Industrials,Specialty Business Services,Growth,23.0,87.02,85.35,21.0,17.2,10.0,0.0,ok,-3.5,ok,4.05,,False,44.7,5.4,,68.6,64.0,2.4,36.0,14.9,6.8,0.185,0.291,MSFT,,126,17.2,18.0,fcf_yield_out_of_range(34.2),False
155,NEM,Newmont Corporation,Basic Materials,Gold,Cyclical,135.6,128.71,122.27,22.0,12.7,10.0,0.0,ok,0.0,ok,-0.2,,False,44.7,12.8,6.5,15.1,68.0,25.9,54.9,18.3,-1.9,0.447,0.431,CEG,,126,12.7,13.0,,False
156,BAC,Bank of America Corporation,Financial Services,Banks - Diversified,Core,438.2,62.67,61.81,17.5,17.1,10.0,0.0,ok,0.0,financial_na,,,False,44.6,11.8,,16.8,0.0,11.2,46.4,14.2,16.5,0.192,0.259,GOOG,,126,17.1,14.0,,False
157,RJF,"Raymond James Financial, Inc.",Financial Services,Asset Management,Core,33.7,175.47,173.38,19.0,15.6,10.0,0.0,ok,0.0,financial_na,,,False,44.6,12.4,,15.1,93.2,18.4,46.7,9.5,6.0,0.23,0.348,GOOG,,126,15.6,16.0,,False
158,ITW,Illinois Tool Works Inc.,Industrials,Specialty Industrial Machinery,Core,75.2,263.99,280.18,18.5,16.6,10.0,0.0,ok,-0.5,ok,1.84,,False,44.6,21.3,3.2,6.1,44.2,104.6,22.2,-0.8,-14.9,0.132,0.273,ETN,,126,16.6,15.0,,False
159,HOOD,"Robinhood Markets, Inc.",Financial Services,Capital Markets,Growth,103.6,115.28,109.52,18.5,16.1,10.0,0.0,ok,0.0,financial_na,,,False,44.6,34.1,,32.3,91.9,23.6,64.0,21.2,33.8,0.445,0.362,NVDA,,126,16.1,16.0,,False
160,ROL,"Rollins, Inc.",Consumer Cyclical,Personal Services,Core,16.6,34.54,39.19,18.5,16.5,10.0,0.0,ok,-0.5,ok,1.16,,False,44.5,26.6,3.0,7.9,52.4,37.0,35.2,-33.4,-50.9,-0.052,0.239,GOOG,,126,16.5,14.0,,False
161,NOW,"ServiceNow, Inc.",Technology,Software - Application,Core,135.5,131.11,124.55,18.0,16.9,10.0,0.0,ok,-0.5,ok,1.31,,False,44.4,26.2,3.8,24.0,74.8,14.2,53.1,10.9,0.7,0.097,0.516,MSFT,,126,16.9,17.0,,False
162,NWSA,News Corporation,Communication Services,Entertainment,Core,15.9,29.61,28.64,18.0,16.3,10.0,0.0,ok,0.0,ok,0.61,,False,44.3,19.6,6.6,10.8,57.2,8.0,52.0,12.9,9.5,-0.11,0.351,ETN,,126,16.3,14.0,,False
163,SNDK,Sandisk Corporation,Technology,Computer Hardware,Growth,258.3,1764.17,1675.96,22.5,13.8,10.0,-2.0,ok,0.0,ok,-0.36,,False,44.3,6.7,3.0,371.6,71.5,91.6,68.5,73.1,156.5,0.511,0.563,TSM,,126,13.8,15.0,,False
164,KLIC,"Kulicke and Soffa Industries, ",Technology,Semiconductor Equipment & Mate,Growth,4.4,83.78,95.92,16.5,19.8,10.0,-2.0,ok,0.0,ok,-2.49,,False,44.3,14.2,1.3,122.6,52.6,13.2,43.1,5.5,15.5,0.54,0.654,ETN,,126,19.8,14.0,,False
165,DLTR,"Dollar Tree, Inc.",Consumer Defensive,Discount Stores,Core,22.2,118.39,127.23,18.5,17.3,10.0,0.0,ok,-1.5,ok,2.64,,False,44.3,15.0,4.7,7.0,37.2,46.0,34.7,0.9,-8.2,0.09,0.206,MSFT,,126,17.3,16.0,,False
166,AMGN,Amgen Inc.,Healthcare,Drug Manufacturers - General,Core,211.5,391.27,398.37,21.0,14.7,10.0,0.0,ok,-1.5,ok,2.51,,False,44.2,16.0,4.1,9.5,71.9,91.5,24.4,9.7,-8.3,-0.062,0.118,AVGO,,126,14.7,17.0,,False
167,PPG,"PPG Industries, Inc.",Basic Materials,Specialty Chemicals,Cyclical,23.8,107.16,115.24,17.5,18.2,10.0,0.0,ok,-1.5,ok,2.17,,False,44.2,12.4,4.6,7.2,41.2,19.3,32.9,-3.4,-9.1,0.341,0.334,ETN,,126,18.2,12.0,,False
168,CB,Chubb Limited,Financial Services,Insurance - Property & Casualt,Core,130.3,337.62,347.72,18.5,15.7,10.0,0.0,ok,0.0,financial_na,,,False,44.2,11.6,8.1,6.1,31.1,14.8,46.1,3.4,-7.8,-0.447,0.471,TSM,,126,15.7,14.0,,False
169,GEN,Gen Digital Inc.,Technology,Software - Infrastructure,Core,17.8,29.76,28.27,22.0,14.6,10.0,0.0,ok,-2.5,ok,3.17,,False,44.1,9.0,8.7,6.3,78.0,41.9,65.1,21.3,28.2,0.157,0.408,MSFT,,126,14.6,17.0,,False
170,TPL,Texas Pacific Land Corporation,Energy,Oil & Gas E&P,Growth,25.8,374.06,386.72,18.0,16.1,10.0,0.0,ok,0.0,ok,-0.31,,False,44.1,5.1,-0.1,31.2,93.3,36.6,50.5,-4.6,-41.4,0.049,0.175,CEG,,126,16.1,14.0,,False
171,ELV,"Elevance Health, Inc.",Healthcare,Healthcare Plans,Core,86.1,396.9,396.6,16.0,18.0,10.0,0.0,ok,0.0,ok,-0.78,,False,44.0,13.4,5.0,1.4,26.0,11.1,48.8,10.5,24.3,0.018,0.187,CEG,,126,18.0,15.0,,False
172,TER,"Teradyne, Inc.",Technology,Semiconductor Equipment & Mate,Growth,60.0,383.69,369.04,20.0,16.0,10.0,-2.0,ok,0.0,ok,-0.17,,False,44.0,32.9,0.7,103.9,59.2,36.5,51.6,20.5,14.4,0.584,0.704,ETN,,126,16.0,14.0,,False
173,GIS,"General Mills, Inc.",Consumer Defensive,Packaged Foods,Core,19.8,37.09,37.85,16.0,18.0,10.0,0.0,ok,0.0,ok,-0.12,,False,44.0,11.6,11.6,2.2,33.7,-1.0,34.0,-5.7,-19.9,-0.265,0.398,ETN,,126,18.0,16.0,,False
174,OXY,Occidental Petroleum Corporati,Energy,Oil & Gas E&P,Growth,61.3,61.3,58.23,22.5,11.5,10.0,0.0,ok,0.0,ok,0.76,,False,44.0,15.9,6.2,53.4,73.3,10.6,56.4,16.8,-2.4,-0.345,0.363,GOOG,,126,11.5,14.0,,False
175,LII,"Lennox International, Inc.",Industrials,Building Products & Equipment,Core,13.0,375.78,465.48,18.5,16.0,10.0,0.0,ok,-0.5,ok,1.68,,False,44.0,14.3,2.1,3.0,33.3,71.8,25.9,-24.3,-38.6,0.38,0.52,VRT,,126,16.0,14.0,,False
176,WDC,Western Digital Corporation,Technology,Computer Hardware,Growth,173.9,482.28,501.4,20.0,16.0,10.0,-2.0,ok,0.0,ok,-0.08,,False,44.0,15.2,1.3,43.8,48.9,130.9,57.1,28.3,66.7,0.541,0.63,ETN,,126,16.0,14.0,,False
177,SNA,Snap-On Incorporated,Industrials,Tools & Accessories,Core,19.5,377.42,401.91,17.5,16.5,10.0,0.0,ok,0.0,ok,-0.24,,False,44.0,17.7,5.7,4.2,51.8,17.9,27.2,0.3,-10.6,0.196,0.348,ETN,,126,16.5,15.0,,False
178,DHI,"D.R. Horton, Inc.",Consumer Cyclical,Residential Construction,Core,38.9,138.93,148.26,16.0,18.5,10.0,0.0,ok,-0.5,ok,1.24,,False,44.0,11.8,6.2,0.0,21.3,12.6,29.2,-7.1,-15.0,0.211,0.227,ETN,,126,18.5,11.0,,False
179,STE,STERIS plc (Ireland),Healthcare,Medical Devices,Core,21.0,215.09,225.42,16.0,18.0,10.0,0.0,ok,0.0,ok,0.95,,False,44.0,17.6,3.8,7.3,44.4,11.4,13.5,-7.4,-15.6,-0.054,0.212,VRT,,126,18.0,16.0,,False
180,GEHC,GE HealthCare Technologies Inc,Healthcare,Medical Devices,Core,29.4,65.17,68.31,17.5,18.0,10.0,0.0,ok,-1.5,ok,2.36,,False,44.0,12.0,5.3,5.8,39.5,19.4,8.0,-10.3,-23.0,0.019,0.213,GOOG,,126,18.0,15.0,,False
181,RL,Ralph Lauren Corporation,Consumer Cyclical,Apparel Manufacturing,Core,20.0,335.61,376.43,22.0,12.0,10.0,0.0,ok,0.0,ok,0.67,,True,44.0,16.0,4.4,14.0,70.3,37.5,22.2,-8.3,-13.4,0.315,0.343,TSM,,126,17.9,13.0,,False
182,HD,"Home Depot, Inc. (The)",Consumer Cyclical,Home Improvement Retail,Core,309.7,310.45,337.61,17.0,18.5,10.0,0.0,ok,-1.5,ok,2.48,,False,44.0,19.4,3.5,5.7,32.8,104.3,16.0,-9.4,-23.6,0.186,0.276,GOOG,,126,18.5,11.0,,False
183,AIG,"American International Group, ",Financial Services,Insurance - Diversified,Core,39.2,75.03,77.86,17.0,16.9,10.0,0.0,ok,0.0,financial_na,,,False,43.9,8.5,18.8,0.5,35.1,7.2,46.0,-2.7,-15.9,-0.171,0.234,TSM,,126,16.9,14.0,,False
184,JKHY,"Jack Henry & Associates, Inc.",Technology,Information Technology Service,Core,11.1,158.48,156.08,17.5,16.4,10.0,0.0,ok,0.0,ok,0.09,,False,43.9,20.2,3.2,4.7,43.9,24.0,42.1,-0.7,-17.8,-0.179,0.429,ETN,,126,16.4,16.0,,False
185,EME,"EMCOR Group, Inc.",Industrials,Engineering & Construction,Core,33.3,754.29,777.52,18.0,17.9,10.0,-2.0,ok,0.0,ok,-0.19,,False,43.9,20.5,2.9,19.8,19.4,40.3,37.2,-0.8,-7.9,0.638,0.715,ETN,,126,17.9,14.0,,False
186,HUBB,Hubbell Inc,Industrials,Electrical Equipment & Parts,Core,24.0,454.97,482.84,18.5,17.9,10.0,0.0,ok,-2.5,ok,3.41,,False,43.9,19.9,2.1,15.3,35.3,24.4,37.2,-6.3,-17.5,0.402,0.623,ETN,,126,17.9,14.0,,False
187,UHS,"Universal Health Services, Inc",Healthcare,Medical Care Facilities,Core,10.4,175.78,166.99,19.0,15.3,10.0,0.0,ok,-0.5,ok,1.9,,False,43.8,7.3,4.8,8.3,44.6,20.9,55.8,-5.2,-18.3,-0.102,0.134,ETN,,126,15.3,16.0,,False
188,FTNT,"Fortinet, Inc.",Technology,Software - Infrastructure,Core,115.4,157.22,158.94,19.0,14.8,10.0,0.0,ok,0.0,ok,-1.35,,False,43.8,41.7,2.0,25.6,80.2,117.4,53.7,41.9,75.6,0.21,0.288,MSFT,,126,14.8,17.0,,False
189,BBY,"Best Buy Co., Inc.",Consumer Cyclical,Specialty Retail,Core,18.5,88.03,84.46,18.0,15.8,10.0,0.0,ok,0.0,ok,0.66,,False,43.8,12.2,7.6,3.6,22.6,43.1,48.0,23.8,28.8,-0.041,0.163,VRT,,126,15.8,11.0,,False
190,ICE,Intercontinental Exchange Inc.,Financial Services,Financial Data & Stock Exchang,Core,87.9,156.5,149.29,18.5,15.3,10.0,0.0,ok,0.0,financial_na,,,False,43.8,17.8,4.1,4.8,100.0,14.1,48.7,1.0,-12.7,-0.042,0.312,MSFT,,126,15.3,16.0,,False
191,ERIE,Erie Indemnity Company,Financial Services,Insurance Brokers,Core,12.7,243.83,246.71,16.0,17.8,10.0,0.0,ok,0.0,financial_na,,,False,43.8,17.4,3.8,2.8,17.9,24.8,26.1,-3.6,-11.7,-0.392,0.401,TSM,,126,17.8,14.0,,False
192,ACGL,Arch Capital Group Ltd.,Financial Services,Insurance - Diversified,Core,32.8,96.11,99.99,16.5,17.2,10.0,0.0,ok,0.0,financial_na,,,False,43.7,9.9,13.1,-10.5,38.8,19.9,40.9,-0.0,-11.3,-0.354,0.426,TSM,,126,17.2,14.0,,False
193,BXP,"BXP, Inc.",Real Estate,REIT - Office,Core,11.6,64.29,68.54,18.0,20.7,10.0,0.0,ok,-5.0,ok,9.81,,False,43.7,28.9,7.6,3.7,56.5,5.3,40.4,2.0,12.3,0.056,0.182,GOOG,,126,20.7,16.0,,False
194,ISRG,"Intuitive Surgical, Inc.",Healthcare,Medical Instruments & Supplies,Core,126.6,353.24,378.87,18.0,15.6,10.0,0.0,ok,0.0,ok,-1.25,,False,43.6,29.3,2.1,18.5,66.7,17.4,23.6,-23.5,-41.0,0.176,0.325,GOOG,,126,15.6,17.0,,False
195,GRMN,Garmin Ltd.,Technology,Scientific & Technical Instrum,Core,52.5,272.18,274.14,17.0,16.6,10.0,0.0,ok,0.0,ok,-1.06,,False,43.6,24.7,2.0,11.4,60.1,21.9,15.3,14.0,3.0,0.191,0.186,TSM,,126,16.6,15.0,,False
196,ALB,Albemarle Corporation,Basic Materials,Specialty Chemicals,Growth,14.9,125.91,127.82,19.0,14.6,10.0,0.0,ok,0.0,ok,0.25,,False,43.6,11.1,9.0,31.1,24.0,2.6,41.1,-19.5,-37.6,0.262,0.243,CEG,,126,14.6,11.0,,False
197,FDX,FedEx Corporation,Industrials,Integrated Freight & Logistics,Core,73.2,309.19,319.03,18.0,17.1,10.0,0.0,ok,-1.5,ok,2.48,,False,43.6,14.8,7.7,12.5,27.3,14.8,33.2,-7.3,-27.1,0.202,0.242,GOOG,,126,17.1,14.0,,False
198,TRV,"The Travelers Companies, Inc.",Financial Services,Insurance - Property & Casualt,Core,76.5,366.85,364.61,20.0,13.6,10.0,0.0,ok,0.0,financial_na,,,False,43.6,12.1,19.3,0.3,34.7,26.5,55.6,17.3,9.8,-0.283,0.314,TSM,,126,13.6,14.0,,False
199,EQT,EQT Corporation,Energy,Oil & Gas E&P,Cyclical,34.2,54.63,52.77,18.5,15.0,10.0,0.0,ok,0.0,ok,0.79,,False,43.5,13.9,7.2,-3.9,80.7,11.1,60.3,-2.4,-26.9,-0.066,0.122,CEG,,126,15.0,14.0,,False
200,TPR,"Tapestry, Inc.",Consumer Cyclical,Luxury Goods,Core,22.7,113.71,139.54,22.0,12.0,10.0,0.0,ok,-0.5,ok,1.39,,True,43.5,12.8,6.2,8.9,76.6,197.1,19.4,-17.8,-34.5,0.207,0.265,GOOG,,126,14.8,13.0,,False
201,KLAC,KLA Corporation,Technology,Semiconductor Equipment & Mate,Core,239.0,182.91,202.66,18.0,15.5,10.0,0.0,ok,0.0,ok,0.21,,False,43.5,27.3,1.1,15.2,61.3,87.5,45.2,-83.9,-100.2,0.262,0.347,ETN,,126,15.5,15.0,,False
202,ETN,"Eaton Corporation, PLC",Industrials,Specialty Industrial Machinery,Core,161.3,415.22,415.85,15.5,16.2,16.3,-2.0,ok,-2.5,ok,3.11,,False,43.5,25.7,1.9,21.4,36.0,19.7,45.4,9.0,4.3,0.605,0.793,VRT,,126,16.2,19.0,,True
203,APA,APA Corporation,Energy,Oil & Gas E&P,Cyclical,15.7,44.84,42.6,21.0,12.5,10.0,0.0,ok,0.0,ok,0.6,,False,43.5,10.3,13.7,9.2,78.3,26.7,56.0,33.4,24.2,-0.354,0.309,GOOG,,126,12.5,14.0,,False
204,INVH,Invitation Homes Inc.,Real Estate,REIT - Residential,Core,16.7,28.18,29.8,19.0,17.9,10.0,0.0,ok,-3.5,ok,5.65,,False,43.4,41.2,7.0,10.1,56.3,7.1,14.9,1.7,0.4,-0.159,0.284,AVGO,,126,17.9,16.0,,False
205,ALAB,"Astera Labs, Inc.",Technology,Semiconductors,Growth,52.1,300.54,325.28,19.0,16.4,10.0,-2.0,ok,0.0,ok,-4.23,,False,43.4,47.0,0.2,104.5,75.1,25.8,53.7,32.6,128.3,0.582,0.627,TSM,,126,16.4,15.0,,False
206,USB,U.S. Bancorp,Financial Services,Banks - Regional,Core,96.8,62.11,63.1,17.5,15.9,10.0,0.0,ok,0.0,financial_na,,,False,43.4,10.7,,10.4,0.0,12.6,45.3,9.8,7.4,0.138,0.259,GOOG,,126,15.9,14.0,,False
207,STZ,"Constellation Brands, Inc.",Consumer Defensive,Beverages - Brewers,Core,20.8,121.55,132.25,20.0,15.9,10.0,0.0,ok,-2.5,ok,3.02,,False,43.4,9.8,10.6,-3.3,52.7,23.7,21.9,-15.8,-31.1,-0.108,0.203,AVGO,,126,15.9,17.0,,False
208,NWS,News Corporation,Communication Services,Entertainment,Core,17.8,33.08,32.43,17.0,16.3,10.0,0.0,ok,0.0,ok,0.61,,False,43.3,21.9,5.9,10.8,57.2,8.0,45.5,10.8,7.9,-0.107,0.321,VRT,,126,16.3,14.0,,False
209,ROST,"Ross Stores, Inc.",Consumer Cyclical,Apparel Retail,Core,72.3,225.27,235.16,18.0,15.3,10.0,0.0,ok,0.0,ok,0.12,,False,43.3,25.2,2.8,13.3,33.4,42.6,38.4,5.7,-6.7,0.143,0.154,GOOG,,126,15.3,11.0,,False
210,CVNA,Carvana Co.,Consumer Cyclical,Auto & Truck Dealerships,Growth,81.4,73.41,69.74,16.0,17.7,10.0,0.0,ok,-0.5,ok,1.02,,False,43.2,32.5,0.5,52.4,19.4,58.8,58.4,0.4,5.9,0.328,0.4,GOOG,,126,17.7,11.0,,False
211,TGT,Target Corporation,Consumer Defensive,Discount Stores,Core,71.6,157.52,149.64,17.5,16.2,10.0,0.0,ok,-0.5,ok,1.6,,False,43.2,16.5,4.8,5.3,28.4,26.4,48.0,28.8,21.2,-0.011,0.154,GOOG,,126,16.2,16.0,,False
212,UNH,UnitedHealth Group Incorporate,Healthcare,Healthcare Plans,Core,352.8,393.06,410.66,15.5,18.2,10.0,0.0,ok,-0.5,ok,1.57,,False,43.2,17.5,6.9,0.4,19.7,14.2,53.6,11.9,25.1,0.038,0.164,CEG,,126,18.2,15.0,,False
213,SHW,Sherwin-Williams Company (The),Basic Materials,Specialty Chemicals,Cyclical,77.8,320.64,342.17,18.5,17.2,10.0,0.0,ok,-2.5,ok,3.13,,False,43.2,23.6,3.2,7.5,49.0,65.1,15.8,-4.0,-13.4,0.237,0.314,GOOG,,126,17.2,12.0,,False
214,MTB,M&T Bank Corporation,Financial Services,Banks - Regional,Core,34.4,238.0,244.86,16.5,16.7,10.0,0.0,ok,0.0,financial_na,,,False,43.2,11.3,,6.2,0.0,10.7,39.8,7.8,4.4,0.084,0.245,GOOG,,126,16.7,14.0,,False
215,NTRS,Northern Trust Corporation,Financial Services,Asset Management,Growth,33.8,184.69,184.24,17.5,15.7,10.0,0.0,ok,0.0,financial_na,,,False,43.2,14.6,,36.4,0.0,17.1,48.4,16.3,18.4,0.301,0.295,ETN,,126,15.7,14.0,,False
216,ZBH,"Zimmer Biomet Holdings, Inc.",Healthcare,Medical Devices,Core,18.0,94.61,95.02,18.0,16.6,10.0,0.0,ok,-1.5,ok,2.79,,False,43.1,10.4,6.0,4.8,69.9,6.4,31.2,3.7,-11.5,-0.084,0.206,ETN,,126,16.6,17.0,,False
217,OMC,Omnicom Group Inc.,Communication Services,Advertising Agencies,Growth,21.5,78.3,82.95,18.5,16.1,10.0,0.0,ok,-1.5,ok,2.2,,False,43.1,6.5,19.8,63.4,19.0,6.1,26.7,0.7,-14.9,-0.03,0.179,ETN,,126,16.1,13.0,,False
218,WST,"West Pharmaceutical Services, ",Healthcare,Medical Instruments & Supplies,Core,23.7,336.94,349.5,14.5,18.6,10.0,0.0,ok,0.0,ok,-0.13,,False,43.1,33.8,1.2,13.8,36.8,19.1,28.4,14.5,28.8,0.107,0.13,VRT,,126,18.6,15.0,,False
219,AIZ,"Assurant, Inc.",Financial Services,Insurance - Property & Casualt,Core,13.8,280.44,281.25,15.5,17.6,10.0,0.0,ok,0.0,financial_na,,,False,43.1,12.0,15.5,9.4,13.3,18.3,52.8,14.0,16.7,-0.044,0.158,TSM,,126,17.6,14.0,,False
220,MTD,"Mettler-Toledo International, ",Healthcare,Diagnostics & Research,Core,25.9,1290.36,1362.46,16.5,17.1,10.0,0.0,ok,-0.5,ok,1.64,,False,43.1,25.0,2.7,4.5,60.3,,13.4,-2.1,-7.7,0.175,0.179,TSM,,126,17.1,17.0,,False
221,EXE,Expand Energy Corporation,Energy,Oil & Gas E&P,Cyclical,22.4,96.62,93.21,16.5,16.6,10.0,0.0,ok,0.0,ok,0.46,,False,43.1,11.1,6.6,-10.6,47.1,14.9,52.6,-3.7,-23.2,-0.1,0.148,AVGO,,126,16.6,13.0,,False
222,MCD,McDonald's Corporation,Consumer Cyclical,Restaurants,Core,179.4,253.48,268.92,16.5,19.0,10.0,0.0,ok,-2.5,ok,3.6,,False,43.0,18.1,3.5,3.7,57.4,,29.6,-14.0,-34.8,-0.143,0.25,NVDA,,126,19.0,12.0,,False
223,CFG,"Citizens Financial Group, Inc.",Financial Services,Banks - Regional,Core,29.2,69.37,71.45,16.0,17.0,10.0,0.0,ok,0.0,financial_na,,,False,43.0,10.6,,14.7,0.0,8.3,42.4,8.6,6.7,0.208,0.233,GOOG,,126,17.0,14.0,,False
224,PH,Parker-Hannifin Corporation,Industrials,Specialty Industrial Machinery,Core,119.7,949.47,990.67,17.5,16.0,10.0,0.0,ok,-0.5,ok,1.45,,False,43.0,24.2,2.5,9.8,37.5,25.1,29.8,1.5,-11.5,0.294,0.504,ETN,,126,16.0,14.0,,False
225,CHD,"Church & Dwight Company, Inc.",Consumer Defensive,Household & Personal Products,Core,22.6,95.19,99.16,17.5,16.0,10.0,0.0,ok,-0.5,ok,1.6,,False,43.0,23.6,4.2,1.6,45.6,17.0,37.0,0.4,-16.9,-0.13,0.231,AVGO,,126,16.0,17.0,,False
226,RF,Regions Financial Corporation,Financial Services,Banks - Regional,Core,25.5,29.89,30.88,16.5,16.5,10.0,0.0,ok,0.0,financial_na,,,False,43.0,10.5,,3.4,0.0,11.9,41.2,5.2,1.3,0.122,0.269,GOOG,,126,16.5,14.0,,False
227,WM,"Waste Management, Inc.",Industrials,Waste Management,Core,86.5,216.44,228.04,17.5,16.9,10.0,0.0,ok,-1.5,ok,2.93,,False,42.9,23.7,2.7,4.0,40.6,29.8,32.2,-3.7,-20.8,-0.455,0.473,TSM,,126,16.9,15.0,,False
228,CIEN,Ciena Corporation,Technology,Communication Equipment,Growth,47.9,338.0,399.16,17.0,17.9,10.0,-2.0,ok,0.0,ok,0.64,,False,42.9,29.2,1.3,37.0,44.1,22.4,33.7,-10.7,-13.3,0.511,0.6,VRT,,126,17.9,14.0,,False
229,MO,"Altria Group, Inc.",Consumer Defensive,Tobacco,Core,113.4,67.89,69.59,19.0,14.4,10.0,0.0,ok,-0.5,ok,1.41,,False,42.9,11.6,8.0,1.2,87.2,,58.5,3.0,-8.6,-0.49,0.474,TSM,,126,14.4,18.0,,False
230,L,Loews Corporation,Financial Services,Insurance - Property & Casualt,Core,22.2,108.68,113.56,16.0,16.9,10.0,0.0,ok,0.0,financial_na,,,False,42.9,37.5,5.7,3.9,36.3,9.3,37.9,-0.1,-12.8,-0.23,0.278,TSM,,126,16.9,14.0,,False
231,EW,Edwards Lifesciences Corporati,Healthcare,Medical Devices,Core,49.7,86.18,89.46,16.5,16.3,10.0,0.0,ok,0.0,ok,-1.78,,False,42.8,25.5,2.5,13.6,77.8,9.2,20.3,1.4,-11.4,0.185,0.293,GOOG,,126,16.3,17.0,,False
232,TFC,Truist Financial Corporation,Financial Services,Banks - Regional,Core,61.3,50.15,51.52,15.0,17.8,10.0,0.0,ok,0.0,financial_na,,,False,42.8,10.1,,8.2,0.0,9.1,44.5,1.7,-1.7,0.067,0.186,GOOG,,126,17.8,14.0,,False
233,BRK-B,Berkshire Hathaway Inc. New,Financial Services,Insurance - Diversified,Core,1084.7,506.72,503.5,18.5,14.3,10.0,0.0,ok,0.0,financial_na,,,False,42.8,22.8,6.6,10.0,30.3,12.1,63.1,2.9,-10.0,-0.067,0.21,MSFT,,126,14.3,14.0,,False
234,NDSN,Nordson Corporation,Industrials,Specialty Industrial Machinery,Core,17.5,313.94,305.41,18.0,15.3,10.0,0.0,ok,-0.5,ok,1.78,,False,42.8,24.3,3.5,10.3,55.4,17.8,53.4,12.3,2.4,0.386,0.46,ETN,,126,15.3,15.0,,False
235,ULTA,"Ulta Beauty, Inc.",Consumer Cyclical,Specialty Retail,Core,23.2,541.86,514.77,18.5,14.7,10.0,0.0,ok,-0.5,ok,1.19,,False,42.7,16.9,3.9,8.9,43.1,46.1,55.1,-2.7,-29.7,0.121,0.169,MSFT,,126,14.7,12.0,,False
236,TYL,"Tyler Technologies, Inc.",Technology,Software - Application,Core,14.0,342.68,327.37,16.0,17.2,10.0,0.0,ok,-0.5,ok,1.06,,False,42.7,22.3,4.2,8.2,47.2,9.7,47.8,-3.8,-14.3,-0.241,0.546,ETN,,126,17.2,16.0,,False
237,FRT,Federal Realty Investment Trus,Real Estate,REIT - Retail,Core,10.1,115.16,120.53,18.5,17.7,10.0,0.0,ok,-3.5,ok,5.65,,False,42.7,36.1,4.5,7.2,68.1,12.6,36.0,4.0,-3.9,-0.04,0.14,CEG,,126,17.7,17.0,,False
238,FFIV,"F5, Inc.",Technology,Software - Infrastructure,Core,22.9,404.63,404.44,18.0,14.6,10.0,0.0,ok,0.0,ok,-1.47,,False,42.6,22.4,3.1,10.9,81.9,19.8,59.8,23.0,27.1,0.303,0.28,AVGO,,126,14.6,17.0,,False
239,KEYS,Keysight Technologies Inc.,Technology,Scientific & Technical Instrum,Growth,56.4,331.01,326.03,20.5,14.1,10.0,-2.0,ok,0.0,ok,0.09,,False,42.6,24.2,3.3,36.5,63.3,20.9,61.0,14.1,3.7,0.606,0.75,ETN,,126,14.1,15.0,,False
240,FTV,Fortive Corporation,Technology,Scientific & Technical Instrum,Core,16.9,55.81,60.46,17.0,17.0,10.0,0.0,ok,-1.5,ok,2.61,,False,42.5,17.2,5.6,7.9,63.2,7.3,34.0,-3.9,-13.5,0.192,0.265,VRT,,126,17.0,15.0,,False
241,MNST,Monster Beverage Corporation,Consumer Defensive,Beverages - Non-Alcoholic,Core,83.9,42.84,74.97,20.5,12.0,10.0,0.0,ok,0.0,ok,-1.13,,True,42.5,32.7,2.0,20.2,55.5,25.7,20.9,-45.7,-57.4,0.019,0.191,GOOG,,126,16.0,17.0,,False
242,TDG,Transdigm Group Incorporated,Industrials,Aerospace & Defense,Core,62.2,1125.68,1234.42,18.5,19.0,10.0,0.0,ok,-5.0,ok,6.03,,False,42.5,23.3,2.3,22.5,59.8,,23.4,-11.2,-23.2,0.236,0.365,GOOG,,126,19.0,15.0,,False
243,NKE,"Nike, Inc.",Consumer Cyclical,Footwear & Accessories,Core,55.4,37.35,41.37,16.5,16.0,10.0,0.0,ok,0.0,ok,0.41,,False,42.5,16.3,3.4,-1.1,43.2,22.1,28.0,-26.8,-45.6,0.077,0.216,GOOG,,126,16.0,12.0,,False
244,MCHP,Microchip Technology Incorpora,Technology,Semiconductors,Growth,39.6,73.01,79.25,17.5,19.5,10.0,-2.0,ok,-2.5,ok,3.4,,False,42.5,16.0,3.4,38.0,60.2,7.2,36.6,-5.8,-1.7,0.557,0.608,ETN,,126,19.5,15.0,,False
245,OTIS,Otis Worldwide Corporation,Industrials,Specialty Industrial Machinery,Core,26.4,69.3,72.21,15.5,19.5,10.0,0.0,ok,-2.5,ok,3.04,,False,42.5,15.3,5.4,7.3,30.3,,33.7,-12.7,-30.3,0.051,0.213,GOOG,,126,19.5,14.0,,False
246,ZBRA,Zebra Technologies Corporation,Technology,Communication Equipment,Core,16.3,344.83,327.59,18.0,16.0,10.0,0.0,ok,-1.5,ok,2.37,,False,42.5,15.5,3.5,20.4,49.6,15.3,43.7,33.4,48.7,0.342,0.319,AVGO,,126,16.0,14.0,,False
247,DOC,"Healthpeak Properties, Inc.",Real Estate,REIT - Healthcare Facilities,Core,14.5,20.39,21.49,18.0,17.9,10.0,0.0,ok,-3.5,ok,5.53,,False,42.4,145.6,11.4,11.1,57.6,3.0,42.9,10.6,8.8,0.028,0.156,GOOG,,126,17.9,16.0,,False
248,KO,Coca-Cola Company (The),Consumer Defensive,Beverages - Non-Alcoholic,Core,376.7,87.55,86.28,17.0,15.9,10.0,0.0,ok,-0.5,ok,1.64,,False,42.4,24.8,1.4,6.7,61.9,42.1,35.2,11.7,0.9,-0.327,0.394,ETN,,126,15.9,18.0,,False
249,MAA,Mid-America Apartment Communit,Real Estate,REIT - Residential,Core,15.2,127.48,133.25,18.0,17.9,10.0,0.0,ok,-3.5,ok,4.57,,False,42.4,38.9,6.1,1.0,58.4,7.0,32.7,-2.8,-11.8,-0.277,0.362,AVGO,,126,17.9,16.0,,False
250,COST,Costco Wholesale Corporation,Consumer Defensive,Discount Stores,Core,400.3,902.6,941.84,14.0,18.4,10.0,0.0,ok,0.0,ok,-0.07,,False,42.4,39.9,1.7,21.5,12.9,29.2,32.1,-5.9,-21.6,-0.336,0.352,AVGO,,126,18.4,16.0,,False
251,GNRC,Generac Holdlings Inc.,Industrials,Specialty Industrial Machinery,Core,11.0,186.48,212.83,15.5,17.4,10.0,0.0,ok,-0.5,ok,1.79,,False,42.4,15.8,2.6,10.6,39.5,9.5,28.3,-10.7,-25.0,0.424,0.635,ETN,,126,17.4,14.0,,False
252,TKO,"TKO Group Holdings, Inc.",Communication Services,Entertainment,Core,36.2,191.08,188.84,16.5,17.4,10.0,0.0,ok,-1.5,ok,2.69,,False,42.4,47.9,2.4,18.2,59.5,7.1,38.3,-3.0,-17.7,0.122,0.169,GOOG,,126,17.4,14.0,,False
253,ORLY,"O'Reilly Automotive, Inc.",Consumer Cyclical,Auto Parts,Core,69.6,86.08,88.85,15.5,18.3,10.0,0.0,ok,-1.5,ok,2.24,,False,42.3,23.6,2.3,8.1,51.6,,29.5,-6.5,-21.5,-0.14,0.189,NVDA,,126,18.3,12.0,,False
254,JBL,Jabil Inc.,Technology,Electronic Components,Core,32.6,311.37,324.95,16.5,18.3,10.0,-2.0,ok,-0.5,ok,1.08,,False,42.3,18.5,3.7,11.8,9.2,65.9,40.5,5.9,9.2,0.636,0.726,ETN,,126,18.3,13.0,,False
255,CMG,"Chipotle Mexican Grill, Inc.",Consumer Cyclical,Restaurants,Core,45.6,36.03,35.0,18.5,15.3,10.0,0.0,ok,-1.5,ok,2.08,,False,42.3,26.3,2.4,9.3,39.4,49.6,57.6,3.2,-6.3,0.084,0.331,MSFT,,126,15.3,11.0,,False
256,LRCX,Lam Research Corporation,Technology,Semiconductor Equipment & Mate,Core,395.2,315.84,318.81,19.0,17.3,10.0,-4.0,ok,0.0,ok,-0.17,,False,42.3,27.1,0.8,30.0,50.5,65.1,54.8,20.3,31.6,0.658,0.762,TSM,,126,17.3,14.0,,False
257,CSGP,"CoStar Group, Inc.",Real Estate,Real Estate Services,Core,12.0,29.58,30.3,16.5,15.8,10.0,0.0,ok,0.0,ok,-0.28,,False,42.3,17.1,3.4,18.4,78.7,0.9,23.8,-31.8,-47.5,-0.163,0.441,ETN,,126,15.8,19.0,,False
258,MSI,"Motorola Solutions, Inc.",Technology,Communication Equipment,Core,76.1,459.89,446.77,19.5,14.3,10.0,0.0,ok,-1.5,ok,2.37,,False,42.3,24.1,2.6,13.3,52.1,91.6,32.6,8.7,-13.0,0.018,0.112,GOOG,,126,14.3,14.0,,False
259,KR,Kroger Company (The),Consumer Defensive,Grocery Stores,Core,34.6,56.44,57.7,15.5,18.3,10.0,0.0,ok,-1.5,ok,2.64,,False,42.3,10.2,8.7,2.2,24.0,13.8,50.9,-11.3,-34.1,-0.465,0.517,TSM,,126,18.3,16.0,,False
260,DRI,"Darden Restaurants, Inc.",Consumer Cyclical,Restaurants,Core,23.8,209.42,209.68,18.0,16.7,10.0,0.0,ok,-2.5,ok,3.7,,False,42.2,16.9,3.3,13.7,21.7,53.7,37.1,4.3,-9.0,-0.068,0.124,NVDA,,126,16.7,11.0,,False
261,HST,"Host Hotels & Resorts, Inc.",Real Estate,REIT - Hotel & Motel,Core,15.3,22.04,23.38,17.0,16.7,10.0,0.0,ok,-1.5,ok,2.18,,False,42.2,21.0,11.1,3.6,29.2,15.6,27.3,5.7,3.4,0.109,0.298,GOOG,,126,16.7,15.0,,False
262,IR,Ingersoll Rand Inc.,Industrials,Specialty Industrial Machinery,Core,28.5,73.58,81.39,14.5,18.2,10.0,0.0,ok,-0.5,ok,1.85,,False,42.2,18.8,3.9,8.5,42.8,9.5,26.6,-10.3,-26.3,0.342,0.45,ETN,,126,18.2,15.0,,False
263,FAST,Fastenal Company,Industrials,Industrial Distribution,Core,56.0,48.79,48.75,17.0,15.2,10.0,0.0,ok,0.0,ok,0.12,,False,42.2,34.8,1.6,14.7,44.7,34.3,35.1,7.7,-7.4,0.111,0.276,ETN,,126,15.2,15.0,,False
264,PHM,"PulteGroup, Inc.",Consumer Cyclical,Residential Construction,Core,22.7,118.93,128.06,15.0,17.2,10.0,0.0,ok,0.0,ok,0.42,,False,42.2,10.6,4.8,-9.6,25.6,14.9,25.9,-5.0,-16.1,0.179,0.225,GOOG,,126,17.2,11.0,,False
265,DDOG,"Datadog, Inc.",Technology,Software - Application,Growth,80.9,225.27,248.18,15.0,17.2,10.0,0.0,ok,0.0,ok,-44.73,,False,42.2,75.9,1.3,35.6,79.5,4.7,45.7,27.4,64.0,0.138,0.303,MSFT,,126,17.2,17.0,,False
266,PM,Philip Morris International In,Consumer Defensive,Tobacco,Core,289.5,185.71,188.06,17.5,16.2,10.0,0.0,ok,-1.5,ok,2.39,,False,42.2,20.2,3.4,10.4,67.5,,42.9,6.8,-0.4,-0.219,0.239,TSM,,126,16.2,18.0,,False
267,VEEV,Veeva Systems Inc.,Healthcare,Health Information Services,Core,42.2,260.8,247.76,18.0,14.0,10.0,0.0,ok,0.0,ok,-6.59,,False,42.0,25.4,3.0,17.6,75.0,14.4,55.2,31.4,26.7,0.067,0.417,MSFT,,126,14.0,19.0,,False
268,FIX,"Comfort Systems USA, Inc.",Industrials,Engineering & Construction,Core,56.8,1615.14,1700.14,17.0,17.0,10.0,-2.0,ok,0.0,ok,0.12,,False,42.0,26.8,3.2,1.0,25.7,55.3,41.0,7.8,2.1,0.623,0.784,ETN,,126,17.0,14.0,,False
269,KVUE,Kenvue Inc.,Consumer Defensive,Household & Personal Products,Core,34.1,17.75,19.14,17.5,16.0,10.0,0.0,ok,-1.5,ok,2.16,,False,42.0,14.3,5.6,3.0,58.4,15.6,28.0,-0.3,-10.9,-0.115,0.218,ETN,,126,16.0,17.0,,False
270,VRTX,Vertex Pharmaceuticals Incorpo,Healthcare,Biotechnology,Core,132.1,521.12,509.94,17.0,15.0,10.0,0.0,ok,0.0,ok,-1.15,,False,42.0,25.8,2.0,12.5,55.0,23.5,32.8,11.6,-6.9,-0.026,0.169,AVGO,,126,15.0,16.0,,False
271,EMR,Emerson Electric Company,Industrials,Specialty Industrial Machinery,Core,83.9,150.34,149.75,18.5,16.0,10.0,-2.0,ok,-0.5,ok,1.92,,False,42.0,20.8,4.4,7.0,53.2,12.8,37.9,5.5,-4.5,0.524,0.639,ETN,,126,16.0,15.0,,False
272,TECH,Bio-Techne Corp,Healthcare,Biotechnology,Core,11.3,72.25,71.9,15.5,16.5,10.0,0.0,ok,0.0,ok,0.07,,False,42.0,31.3,2.0,1.3,66.2,9.0,40.9,18.3,22.3,0.053,0.125,GOOG,,126,16.5,17.0,,False
273,ABBV,AbbVie Inc.,Healthcare,Drug Manufacturers - General,Core,443.4,250.91,254.32,17.5,15.9,10.0,0.0,ok,-1.5,ok,2.09,,False,41.9,15.4,3.8,10.2,72.8,,31.5,10.4,-1.6,-0.333,0.351,AVGO,,126,15.9,17.0,,False
274,IEX,IDEX Corporation,Industrials,Specialty Industrial Machinery,Core,16.6,225.1,228.71,16.0,16.4,10.0,0.0,ok,-0.5,ok,1.31,,False,41.9,23.4,3.3,6.4,44.7,13.0,33.6,9.1,3.0,0.304,0.444,ETN,,126,16.4,15.0,,False
275,MGM,MGM Resorts International,Consumer Cyclical,Resorts & Casinos,Core,10.4,40.66,44.6,18.5,18.4,10.0,0.0,ok,-5.0,ok,12.25,,False,41.9,19.7,8.4,1.0,44.2,18.9,26.6,2.5,-0.7,0.176,0.204,MSFT,,126,18.4,12.0,,False
276,FISV,"Fiserv, Inc.",,,Core,25.9,48.65,52.19,15.5,16.4,10.0,0.0,ok,,unavailable,,,False,41.9,6.0,,,,,34.4,-16.4,-29.5,0.004,0.309,MSFT,,126,16.4,12.5,,False
277,AME,"AMETEK, Inc.",Industrials,Specialty Industrial Machinery,Core,54.2,236.27,241.33,17.0,16.8,10.0,-2.0,ok,0.0,ok,0.73,,False,41.8,24.6,2.8,15.0,36.9,14.6,39.5,4.4,-7.2,0.508,0.706,ETN,,126,16.8,14.0,,False
278,ONTO,Onto Innovation Inc.,Technology,Semiconductor Equipment & Mate,Growth,17.0,278.4,291.65,14.0,19.8,10.0,-2.0,ok,0.0,ok,-1.33,,False,41.8,23.8,1.2,35.3,55.5,6.8,39.2,14.8,31.7,0.603,0.736,ETN,,126,19.8,14.0,,False
279,MRK,"Merck & Company, Inc.",Healthcare,Drug Manufacturers - General,Core,364.0,147.53,140.15,16.0,16.3,10.0,0.0,ok,-0.5,ok,1.62,,False,41.8,15.5,4.2,5.1,75.9,7.0,42.8,24.4,15.2,-0.18,0.291,AVGO,,126,16.3,17.0,,False
280,MAR,Marriott International,Consumer Cyclical,Lodging,Core,86.4,331.52,360.07,17.5,16.8,10.0,0.0,ok,-2.5,ok,3.6,,False,41.8,25.2,2.4,11.1,79.2,,21.6,-3.9,-11.1,0.096,0.261,GOOG,,126,16.8,13.0,,False
281,CI,The Cigna Group,Healthcare,Healthcare Plans,Core,73.5,278.17,283.3,15.5,16.8,10.0,0.0,ok,-0.5,ok,1.93,,False,41.8,8.3,10.9,6.7,9.1,16.8,50.8,-0.3,-6.1,-0.224,0.311,AVGO,,126,16.8,15.0,,False
282,ABT,Abbott Laboratories,Healthcare,Medical Devices,Core,182.1,105.23,104.85,17.0,16.3,10.0,0.0,ok,-1.5,ok,2.32,,False,41.8,17.4,4.0,13.0,56.8,10.6,25.9,-0.4,-16.7,-0.188,0.313,AVGO,,126,16.3,16.0,,False
283,WAB,Westinghouse Air Brake Technol,Industrials,Railroads,Core,47.4,280.47,283.97,17.0,16.2,10.0,0.0,ok,-1.5,ok,2.37,,False,41.7,22.5,2.3,17.5,35.7,11.6,34.9,10.0,1.3,0.348,0.55,ETN,,126,16.2,14.0,,False
284,EXPD,Expeditors International of Wa,Industrials,Integrated Freight & Logistics,Growth,24.5,188.31,179.33,17.5,14.2,10.0,0.0,ok,0.0,ok,-0.37,,False,41.7,23.8,3.3,32.1,13.5,42.7,55.4,18.3,21.0,-0.024,0.157,CEG,,126,14.2,14.0,,False
285,ESS,"Essex Property Trust, Inc.",Real Estate,REIT - Residential,Core,18.9,274.37,288.52,17.0,18.2,10.0,0.0,ok,-3.5,ok,5.43,,False,41.7,43.6,5.5,3.1,68.8,7.7,31.3,3.3,-1.9,-0.215,0.337,AVGO,,126,18.2,17.0,,False
286,DIS,Walt Disney Company (The),Communication Services,Entertainment,Core,179.9,104.18,101.45,14.5,17.7,10.0,0.0,ok,-0.5,ok,1.95,,False,41.7,13.9,2.7,6.8,37.6,8.0,42.1,0.3,-9.4,0.154,0.353,GOOG,,126,17.7,13.0,,False
287,SWK,"Stanley Black & Decker, Inc.",Industrials,Tools & Accessories,Core,13.8,91.68,95.18,15.5,17.7,10.0,0.0,ok,-1.5,ok,2.58,,False,41.7,14.4,10.2,0.4,32.2,6.9,29.2,11.9,11.6,0.381,0.411,TSM,,126,17.7,14.0,,False
288,CHTR,"Charter Communications, Inc.",Communication Services,Telecom Services,Core,18.0,133.89,143.27,19.0,16.2,10.0,0.0,ok,-3.5,ok,4.41,,False,41.7,3.0,12.2,-1.7,55.2,27.2,36.9,-26.3,-53.0,-0.084,0.18,NVDA,,126,16.2,16.0,,False
289,ACMR,"ACM Research, Inc.",Technology,Semiconductor Equipment & Mate,Growth,5.1,73.83,84.39,14.5,19.2,10.0,-2.0,ok,0.0,ok,-6.83,,False,41.7,25.5,-3.6,36.0,43.8,11.6,43.7,15.9,41.5,0.573,0.679,TSM,,126,19.2,14.0,,False
290,STX,Seagate Technology Holdings PL,Technology,Computer Hardware,Growth,200.8,885.92,851.96,20.0,13.7,10.0,-2.0,ok,0.0,ok,0.49,,False,41.7,16.0,1.0,48.5,45.6,371.5,58.9,47.8,117.2,0.507,0.596,ETN,,126,13.7,14.0,,False
291,PKG,Packaging Corporation of Ameri,Consumer Cyclical,Packaging & Containers,Core,20.3,227.28,241.9,15.5,16.7,10.0,0.0,ok,-0.5,ok,1.91,,False,41.7,17.6,2.1,14.7,21.4,14.9,23.6,1.9,-10.0,0.146,0.269,ETN,,126,16.7,11.0,,False
292,PSKY,PSKY,,,Core,11.5,10.22,9.71,12.0,19.6,10.0,0.0,ok,,unavailable,,,False,41.6,,,,,,42.7,-6.5,-9.4,0.231,0.239,NVDA,,126,19.6,12.5,,False
293,APTV,Aptiv PLC,Consumer Cyclical,Auto Parts,Speculative,9.2,44.51,52.69,15.5,16.5,10.0,0.0,ok,-0.5,ok,1.52,,False,41.5,6.8,17.5,2.3,19.3,5.2,34.1,-32.6,-49.4,0.255,0.282,TSM,,126,16.5,11.0,,False
294,PFG,Principal Financial Group Inc,Financial Services,Asset Management,Core,24.4,114.02,112.48,17.5,14.0,10.0,0.0,ok,0.0,financial_na,,,False,41.5,11.0,4.3,6.4,47.3,12.9,56.0,15.4,16.6,0.153,0.285,GOOG,,126,14.0,15.0,,False
295,REGN,"Regeneron Pharmaceuticals, Inc",Healthcare,Biotechnology,Core,83.2,807.65,767.27,17.0,14.5,10.0,0.0,ok,0.0,ok,-1.12,,False,41.5,13.4,3.7,16.7,44.5,14.0,40.5,10.2,-8.4,0.149,0.2,GOOG,,126,14.5,16.0,,False
296,BKR,Baker Hughes Company,Energy,Oil & Gas Equipment & Services,Cyclical,63.2,63.64,60.46,16.0,15.5,10.0,0.0,ok,0.0,ok,-0.16,,False,41.5,20.1,7.0,-2.4,23.7,16.5,44.2,8.8,-4.4,0.225,0.292,CEG,,126,15.5,14.0,,False
297,CF,"CF Industries Holdings, Inc.",Basic Materials,Agricultural Inputs,Cyclical,20.9,138.11,131.2,22.0,9.5,10.0,0.0,ok,0.0,ok,0.29,,False,41.5,13.3,6.1,17.6,42.5,29.9,74.6,27.6,2.7,-0.363,0.328,TSM,,126,9.5,12.0,,False
298,C,"Citigroup, Inc.",Financial Services,Banks - Diversified,Core,231.2,137.8,135.09,16.0,15.4,10.0,0.0,ok,0.0,financial_na,,,False,41.4,10.7,,15.5,0.0,8.5,63.3,11.9,14.1,0.462,0.435,TSM,,126,15.4,14.0,,False
299,CHRW,"C.H. Robinson Worldwide, Inc.",Industrials,Integrated Freight & Logistics,Core,17.6,150.45,166.92,16.5,15.4,10.0,0.0,ok,-0.5,ok,1.95,,False,41.4,20.1,2.7,19.3,8.4,37.1,62.0,-12.8,-27.1,-0.045,0.222,MSFT,,126,15.4,14.0,,False
300,DVA,DaVita Inc.,Healthcare,Medical Care Facilities,Core,11.7,183.01,206.81,19.5,15.4,10.0,0.0,ok,-3.5,ok,4.5,,False,41.4,10.6,8.9,5.2,32.4,88.5,58.9,11.1,5.5,-0.0,0.164,GOOG,,126,15.4,15.0,,False
301,POOL,Pool Corporation,Industrials,Industrial Distribution,Speculative,6.5,177.92,196.25,17.0,15.9,10.0,0.0,ok,-1.5,ok,2.58,,False,41.4,15.1,3.3,2.2,29.6,31.3,22.4,-16.6,-27.2,0.096,0.185,GOOG,,126,15.9,14.0,,False
302,MU,"Micron Technology, Inc.",Technology,Semiconductors,Growth,1160.8,1027.77,976.38,20.0,13.4,10.0,-2.0,ok,0.0,ok,-0.29,,False,41.4,6.6,0.7,345.7,72.6,66.6,64.5,67.3,132.9,0.525,0.618,TSM,,126,13.4,15.0,,False
303,UDR,"UDR, Inc.",Real Estate,REIT - Residential,Core,13.0,35.4,38.53,17.5,17.4,10.0,0.0,ok,-3.5,ok,5.76,,False,41.4,63.2,6.0,-0.1,66.6,13.7,23.4,-3.9,-13.3,-0.216,0.331,AVGO,,126,17.4,17.0,,False
304,XOM,ExxonMobil Holdings Corporatio,Energy,Oil & Gas Integrated,Growth,675.3,164.23,156.02,17.5,13.9,10.0,0.0,ok,0.0,ok,0.47,,False,41.4,15.2,3.1,44.1,29.8,12.6,49.1,13.7,-3.6,-0.42,0.365,TSM,,126,13.9,12.0,,False
305,COP,ConocoPhillips,Energy,Oil & Gas E&P,Growth,164.0,136.53,129.7,19.5,11.8,10.0,0.0,ok,0.0,ok,0.58,,False,41.3,14.3,4.7,35.5,47.6,14.2,63.2,21.3,4.8,-0.401,0.413,GOOG,,126,11.8,13.0,,False
306,TXT,Textron Inc.,Industrials,Aerospace & Defense,Core,13.7,79.89,87.43,13.0,18.8,10.0,0.0,ok,-0.5,ok,1.65,,False,41.3,11.0,3.3,3.0,17.6,12.1,24.8,-11.3,-27.0,0.252,0.406,ETN,,126,18.8,14.0,,False
307,CVX,Chevron Corporation,Energy,Oil & Gas Integrated,Growth,419.4,213.81,203.12,20.5,10.8,10.0,0.0,ok,0.0,ok,0.56,,False,41.3,15.9,5.2,53.5,44.3,12.2,64.9,18.0,-1.2,-0.412,0.434,TSM,,126,10.8,13.0,,False
308,BSX,Boston Scientific Corporation,Healthcare,Medical Devices,Core,65.2,44.96,46.93,17.0,15.8,10.0,0.0,ok,-1.5,ok,2.12,,False,41.3,13.1,3.8,7.5,69.2,15.3,28.4,-32.1,-48.1,0.028,0.171,CEG,,126,15.8,17.0,,False
309,NSC,Norfolk Southern Corporation,Industrials,Railroads,Core,72.6,323.3,335.6,15.5,17.2,10.0,0.0,ok,-1.5,ok,2.84,,False,41.2,22.6,1.9,11.4,45.2,17.0,24.9,4.9,-3.6,-0.061,0.162,MSFT,,126,17.2,15.0,,False
310,BDX,"Becton, Dickinson and Company",Healthcare,Medical Instruments & Supplies,Core,49.0,179.8,170.96,17.0,15.7,10.0,0.0,ok,-1.5,ok,2.63,,False,41.2,13.5,9.1,5.4,46.9,6.6,32.8,12.6,-2.5,-0.095,0.275,VRT,,126,15.7,16.0,,False
311,T,AT&T Inc.,Communication Services,Telecom Services,Core,172.3,25.15,23.89,18.5,15.2,10.0,0.0,ok,-2.5,ok,3.3,,False,41.2,9.8,5.9,2.3,59.7,18.3,50.5,0.7,-19.1,-0.271,0.347,TSM,,126,15.2,16.0,,False
312,PFE,"Pfizer, Inc.",Healthcare,Drug Manufacturers - General,Core,158.3,27.78,26.39,18.0,14.6,10.0,0.0,ok,-1.5,ok,2.04,,False,41.1,9.6,7.9,2.6,74.7,5.0,44.7,7.4,-9.3,-0.061,0.189,AVGO,,126,14.6,17.0,,False
313,PLD,"Prologis, Inc.",Real Estate,REIT - Industrial,Core,131.9,135.66,141.98,18.0,16.6,10.0,0.0,ok,-3.5,ok,5.24,,False,41.1,39.8,4.1,12.3,75.5,7.7,33.2,-1.0,-11.0,0.053,0.181,CEG,,126,16.6,17.0,,False
314,JBHT,"J.B. Hunt Transport Services, ",Industrials,Integrated Freight & Logistics,Core,25.2,267.8,275.81,14.0,17.1,10.0,0.0,ok,0.0,ok,0.84,,False,41.1,26.5,3.6,19.4,18.5,18.4,46.4,12.4,14.8,0.186,0.223,ETN,,126,17.1,14.0,,False
315,MPC,Marathon Petroleum Corporation,Energy,Oil & Gas Refining & Marketing,Growth,112.2,399.44,379.47,21.0,10.5,10.0,0.0,ok,-0.5,ok,1.72,,False,41.0,12.2,8.2,53.7,12.8,42.1,82.8,64.1,63.5,-0.174,0.226,NVDA,,126,10.5,12.0,,False
316,TAP,Molson Coors Beverage Company,Consumer Defensive,Beverages - Brewers,Speculative,7.2,38.48,40.98,13.5,19.0,10.0,0.0,ok,-1.5,ok,2.56,,False,41.0,7.8,13.0,-3.3,37.0,-19.5,20.5,-12.2,-27.1,-0.208,0.307,ETN,,126,19.0,16.0,,False
317,CRH,CRH PLC,Basic Materials,Building Materials,Cyclical,59.4,89.35,98.93,16.0,16.5,10.0,0.0,ok,-1.5,ok,2.17,,False,41.0,13.5,3.4,5.6,36.2,15.8,37.3,-19.4,-26.5,0.305,0.364,ETN,,126,16.5,11.0,,False
318,BIIB,Biogen Inc.,Healthcare,Drug Manufacturers - General,Core,31.1,210.73,209.34,17.0,15.5,10.0,0.0,ok,-1.5,ok,2.1,,False,41.0,12.7,4.1,3.4,78.3,4.6,37.1,10.1,-2.1,-0.126,0.17,AVGO,,126,15.5,17.0,,False
319,EG,"Everest Group, Ltd.",Financial Services,Insurance - Reinsurance,Core,14.1,367.87,373.84,15.0,16.0,10.0,0.0,ok,0.0,financial_na,,,False,41.0,6.2,14.6,-11.3,15.3,12.6,53.6,7.4,2.4,-0.281,0.318,AVGO,,126,16.0,14.0,,False
320,WFC,Wells Fargo & Company,Financial Services,Banks - Diversified,Core,271.2,89.67,86.85,16.5,14.5,10.0,0.0,ok,0.0,financial_na,,,False,41.0,11.3,,9.5,0.0,12.6,63.8,5.9,4.6,0.091,0.153,ETN,,126,14.5,14.0,,False
321,VRSN,"VeriSign, Inc.",Technology,Software - Infrastructure,Core,25.9,286.94,280.24,16.5,15.0,10.0,0.0,ok,-0.5,ok,1.1,,False,41.0,26.1,3.2,6.0,88.5,,63.7,9.6,9.0,-0.119,0.309,TSM,,126,15.0,17.0,,False
322,CPB,The Campbell's Company,Consumer Defensive,Packaged Foods,Speculative,6.5,21.88,22.67,16.0,18.4,10.0,0.0,ok,-3.5,ok,4.15,,False,40.9,11.9,11.5,-7.9,28.6,10.1,29.9,-7.8,-15.6,-0.247,0.325,VRT,,126,18.4,16.0,,False
323,CRM,"Salesforce, Inc.",Technology,Software - Application,Core,200.9,244.16,231.95,20.5,11.9,10.0,0.0,ok,-1.5,ok,2.4,,False,40.9,15.3,8.8,10.8,77.3,19.4,71.3,21.7,13.4,0.034,0.412,MSFT,,126,11.9,17.0,,False
324,CAT,"Caterpillar, Inc.",Industrials,Farm & Heavy Construction Mach,Core,374.9,815.56,864.84,18.0,16.3,10.0,-2.0,ok,-1.5,ok,2.41,,False,40.8,25.2,1.3,24.0,29.7,57.0,49.8,5.2,2.8,0.544,0.796,ETN,,126,16.3,14.0,,False
325,CTAS,Cintas Corporation,Industrials,Specialty Business Services,Core,80.0,200.04,198.47,16.0,14.8,10.0,0.0,ok,0.0,ok,0.81,,False,40.8,32.7,1.8,8.9,50.7,40.7,42.3,7.2,-11.6,-0.141,0.242,AVGO,,126,14.8,17.0,,False
326,BMNR,BitMine Immersion Technologies,Financial Services,Capital Markets,Growth,14.6,24.21,23.0,14.0,16.8,10.0,0.0,ok,0.0,financial_na,,,False,40.8,25.8,-3.5,2167.8,84.4,-150.9,61.9,8.8,2.3,0.497,0.405,TSM,,126,16.8,16.0,,False
327,EQR,Equity Residential,Real Estate,REIT - Residential,Core,24.6,63.66,67.42,17.0,17.3,10.0,0.0,ok,-3.5,ok,4.51,,False,40.8,41.4,5.8,2.1,62.3,8.0,32.1,1.2,-11.2,-0.19,0.289,AVGO,,110,17.3,17.0,,False
328,DD,"DuPont de Nemours, Inc.",Basic Materials,Specialty Chemicals,Cyclical,17.3,127.92,138.03,15.5,15.3,10.0,0.0,ok,0.0,ok,0.91,,False,40.8,16.1,10.6,4.0,35.1,1.8,20.4,82.0,166.6,0.008,0.089,MSFT,,126,15.3,11.0,,False
329,CBRE,CBRE Group Inc,Real Estate,Real Estate Services,Core,40.4,139.68,144.95,15.5,18.8,10.0,0.0,ok,-3.5,ok,4.21,,False,40.8,15.4,4.0,15.5,18.6,15.8,29.0,-5.0,-7.3,0.068,0.275,MSFT,,126,18.8,17.0,,False
330,DLR,"Digital Realty Trust, Inc.",Real Estate,REIT - Specialty,Core,71.4,189.08,186.65,19.0,15.2,10.0,0.0,ok,-3.5,ok,5.66,,False,40.7,65.4,5.3,29.9,57.0,2.9,44.5,5.8,-7.3,0.233,0.358,CEG,,126,15.2,16.0,,False
331,DHR,Danaher Corporation,Healthcare,Diagnostics & Research,Core,144.0,204.85,202.05,14.5,17.7,10.0,0.0,ok,-1.5,ok,2.93,,False,40.7,22.0,3.0,5.5,58.8,7.6,39.8,1.2,-7.5,-0.042,0.191,AVGO,,126,17.7,16.0,,False
332,CME,CME Group Inc.,Financial Services,Financial Data & Stock Exchang,Core,98.8,274.7,260.97,17.0,13.7,10.0,0.0,ok,0.0,financial_na,,,False,40.7,21.3,2.9,0.8,100.0,15.8,58.8,-0.6,-22.1,-0.235,0.402,TSM,,126,13.7,16.0,,False
333,FICO,Fair Isaac Corporation,Technology,Software - Application,Core,21.2,983.19,1158.71,18.5,15.7,10.0,0.0,ok,-3.5,ok,4.23,,False,40.7,18.5,3.6,25.7,85.1,,28.3,-24.2,-28.3,-0.229,0.342,ETN,,126,15.7,17.0,,False
334,ECL,Ecolab Inc.,Basic Materials,Specialty Chemicals,Cyclical,76.3,272.21,278.57,15.0,17.2,10.0,0.0,ok,-1.5,ok,2.12,,False,40.7,28.9,1.9,9.7,44.2,22.0,30.3,-0.2,-14.2,0.046,0.205,GOOG,,126,17.2,12.0,,False
335,EL,"Estee Lauder Companies, Inc. (",Consumer Defensive,Household & Personal Products,Core,35.7,98.77,93.83,17.0,15.2,10.0,0.0,ok,-1.5,ok,2.34,,False,40.7,25.2,5.1,6.3,75.5,4.7,51.4,7.0,-4.8,0.19,0.287,GOOG,,126,15.2,18.0,,False
336,SYY,Sysco Corporation,Consumer Defensive,Food Distribution,Core,39.1,81.57,83.0,17.0,15.2,10.0,0.0,ok,-1.5,ok,2.95,,False,40.7,15.2,4.9,4.7,18.5,77.7,45.4,3.1,-15.5,0.009,0.058,GOOG,,126,15.2,16.0,,False
337,AMT,American Tower Corporation (RE,Real Estate,REIT - Specialty,Core,81.7,175.43,171.25,19.5,16.0,10.0,0.0,ok,-5.0,ok,6.14,,False,40.5,25.0,3.6,4.7,73.8,33.9,52.2,-0.6,-15.8,-0.212,0.375,VRT,,126,16.0,17.0,,False
338,WYNN,"Wynn Resorts, Limited",Consumer Cyclical,Resorts & Casinos,Speculative,9.3,90.23,97.65,18.0,16.0,10.0,0.0,ok,-3.5,ok,5.66,,False,40.5,17.4,5.1,6.9,68.3,,22.3,-15.3,-22.3,0.277,0.272,TSM,,126,16.0,13.0,,False
339,IVZ,Invesco Ltd,Financial Services,Asset Management,Core,14.2,32.09,30.67,16.5,16.0,10.0,-2.0,ok,0.0,financial_na,,,False,40.5,9.8,8.1,20.5,29.5,-0.6,49.1,18.2,22.3,0.522,0.408,ETN,,126,16.0,14.0,,False
340,MAS,MAS,,,Core,13.7,69.38,75.69,12.0,18.5,10.0,0.0,ok,,unavailable,,,False,40.5,,,,,,27.5,-0.3,-1.7,0.327,0.338,ETN,,126,18.5,12.5,,False
341,ODFL,"Old Dominion Freight Line, Inc",Industrials,Trucking,Core,37.8,181.96,213.23,18.5,12.0,10.0,0.0,ok,0.0,ok,-0.15,,True,40.5,27.4,2.6,10.4,39.6,24.8,18.6,-7.6,-16.3,0.154,0.207,ETN,,126,16.8,14.0,,False
342,APH,Amphenol Corporation,Technology,Electronic Components,Growth,200.6,81.34,154.39,19.0,12.0,10.0,0.0,ok,-0.5,ok,1.42,,True,40.5,25.0,1.9,55.0,39.0,38.1,14.9,-43.6,-52.1,0.224,0.307,TSM,,126,16.0,13.0,,False
343,VLO,Valero Energy Corporation,Energy,Oil & Gas Refining & Marketing,Growth,112.0,388.95,369.5,20.0,10.5,10.0,0.0,ok,0.0,ok,0.26,,False,40.5,11.9,7.5,51.7,16.1,27.6,79.7,61.1,55.6,-0.22,0.277,GOOG,,126,10.5,12.0,,False
344,AVB,"AvalonBay Communities, Inc.",Real Estate,REIT - Residential,Core,26.3,184.06,188.04,17.0,17.0,10.0,0.0,ok,-3.5,ok,4.9,,False,40.5,36.6,5.4,2.3,62.7,8.5,44.5,3.1,-7.1,-0.151,0.286,AVGO,,109,17.0,17.0,,False
345,AMCR,Amcor plc,Consumer Cyclical,Packaging & Containers,Core,19.9,43.13,45.36,16.0,16.9,10.0,0.0,ok,-2.5,ok,3.97,,False,40.4,9.9,7.5,25.9,20.0,9.4,24.9,1.3,-11.2,0.23,0.31,GOOG,,126,16.9,11.0,,False
346,DPZ,Domino's Pizza Inc,Consumer Cyclical,Restaurants,Core,10.6,321.46,334.98,15.5,18.4,10.0,0.0,ok,-3.5,ok,4.84,,False,40.4,15.4,5.0,4.3,28.7,,42.1,-11.4,-30.6,-0.112,0.265,NVDA,,126,18.4,11.0,,False
347,COIN,"Coinbase Global, Inc.",Financial Services,Financial Data & Stock Exchang,Core,46.1,174.72,165.98,14.0,16.3,10.0,0.0,ok,0.0,financial_na,,,False,40.3,63.8,5.8,-17.3,85.8,-7.8,55.8,-9.0,-24.7,0.377,0.344,NVDA,,126,16.3,16.0,,False
348,PANW,"Palo Alto Networks, Inc.",Technology,Software - Infrastructure,Growth,273.1,335.1,350.02,14.0,16.2,10.0,0.0,ok,0.0,ok,-0.31,,False,40.2,68.7,1.6,34.4,70.5,1.7,42.6,42.9,90.5,0.371,0.368,MSFT,,126,16.2,17.0,,False
349,YUM,"Yum! Brands, Inc.",Consumer Cyclical,Restaurants,Core,39.6,145.16,152.83,16.5,17.2,10.0,0.0,ok,-3.5,ok,4.15,,False,40.2,19.5,2.1,12.2,45.3,,48.8,-6.1,-20.0,-0.049,0.135,ETN,,126,17.2,12.0,,False
350,EXR,Extra Space Storage Inc,Real Estate,REIT - Industrial,Core,29.9,135.63,146.0,17.0,16.6,10.0,0.0,ok,-3.5,ok,5.94,,False,40.1,28.2,5.0,3.8,74.9,7.0,8.0,-3.6,-15.8,-0.046,0.181,GOOG,,126,16.6,17.0,,False
351,DG,Dollar General Corporation,Consumer Defensive,Discount Stores,Core,27.5,124.57,123.12,17.0,15.6,10.0,0.0,ok,-2.5,ok,3.96,,False,40.1,15.1,6.3,5.2,31.2,19.7,53.2,-1.1,-26.3,0.08,0.248,MSFT,,126,15.6,16.0,,False
352,LDOS,"Leidos Holdings, Inc.",Technology,Information Technology Service,Core,16.1,128.14,124.08,17.0,14.6,10.0,0.0,ok,-1.5,ok,2.45,,False,40.1,10.0,7.1,7.2,17.8,27.8,21.5,-15.9,-38.6,0.068,0.193,MSFT,,126,14.6,15.0,,False
353,WMT,Walmart Inc.,Consumer Defensive,Discount Stores,Core,842.2,105.83,110.51,12.0,18.6,10.0,0.0,ok,-0.5,ok,1.44,,False,40.1,32.8,0.8,5.9,24.8,22.3,33.5,-10.7,-26.7,-0.154,0.173,AVGO,,126,18.6,16.0,,False
354,WAT,Waters Corporation,Healthcare,Diagnostics & Research,Growth,39.7,404.81,392.99,14.0,18.6,10.0,0.0,ok,-2.5,ok,3.4,,False,40.1,24.5,-0.4,113.4,56.3,1.9,41.4,12.1,23.4,0.202,0.216,AVGO,,126,18.6,16.0,,False
355,VTRS,Viatris Inc.,Healthcare,Drug Manufacturers - Specialty,Core,19.0,16.5,16.78,16.0,15.6,10.0,0.0,ok,-1.5,ok,2.82,,False,40.1,6.2,14.1,4.9,40.3,-2.8,54.6,11.9,5.4,0.049,0.135,GOOG,,126,15.6,16.0,,False
356,HPE,Hewlett Packard Enterprise Com,Technology,Communication Equipment,Growth,78.2,58.9,55.96,19.0,12.6,10.0,0.0,ok,-1.5,ok,2.05,,False,40.1,12.8,6.1,33.7,36.6,10.9,63.2,75.5,163.9,0.427,0.506,AVGO,,126,12.6,13.0,,False
357,AZO,"AutoZone, Inc.",Consumer Cyclical,Auto Parts,Core,47.5,2910.97,3027.94,13.0,19.5,10.0,0.0,ok,-2.5,ok,3.01,,False,40.0,16.6,1.9,8.4,51.8,,34.0,-13.7,-34.3,-0.081,0.196,ETN,,126,19.5,12.0,,False
358,CRDO,Credo Technology Group Holding,Technology,Semiconductors,Growth,31.6,167.92,227.26,20.0,12.0,10.0,-2.0,ok,0.0,ok,-1.36,,True,40.0,17.4,0.8,114.7,67.1,30.7,21.0,-4.4,32.2,0.512,0.534,VRT,,126,22.1,15.0,,False
359,BKNG,Booking Holdings Inc. Common S,Consumer Cyclical,Travel Services,Core,130.3,173.43,194.05,18.0,12.0,10.0,0.0,ok,0.0,ok,0.36,,True,40.0,14.0,5.9,8.1,87.2,,18.0,-6.5,-12.4,0.026,0.217,GOOG,,126,18.2,15.0,,False
360,CDW,CDW Corporation,Technology,Information Technology Service,Core,17.8,142.37,140.23,15.5,17.0,10.0,0.0,ok,-2.5,ok,3.02,,False,40.0,11.8,3.8,10.0,21.4,44.0,54.7,8.2,7.0,0.081,0.224,MSFT,,126,17.0,15.0,,False
361,KHC,The Kraft Heinz Company,Consumer Defensive,Packaged Foods,Core,29.2,24.61,25.46,13.5,17.9,10.0,0.0,ok,-1.5,ok,2.97,,False,39.9,11.8,11.1,-1.4,33.5,-8.8,37.8,3.1,-6.3,-0.216,0.378,VRT,,126,17.9,16.0,,False
362,LYV,"Live Nation Entertainment, Inc",Communication Services,Entertainment,Core,39.6,169.99,181.14,16.0,14.4,10.0,0.0,ok,-0.5,ok,1.43,,False,39.9,90.0,4.3,9.4,25.8,17.7,27.0,5.7,-10.2,0.203,0.238,GOOG,,126,14.4,13.0,,False
363,HLT,Hilton Worldwide Holdings Inc.,Consumer Cyclical,Lodging,Core,69.1,306.99,323.82,16.5,16.9,10.0,0.0,ok,-3.5,ok,4.21,,False,39.9,29.4,2.0,2.5,79.0,,23.2,-2.0,-9.3,0.205,0.318,GOOG,,126,16.9,13.0,,False
364,REG,Regency Centers Corporation,Real Estate,REIT - Retail,Core,14.1,75.34,78.5,17.0,16.3,10.0,0.0,ok,-3.5,ok,4.62,,False,39.8,29.9,5.3,8.9,71.5,8.2,42.3,-0.4,-15.7,-0.205,0.249,AVGO,,126,16.3,17.0,,False
365,HCA,"HCA Healthcare, Inc.",Healthcare,Medical Care Facilities,Core,91.3,421.83,403.68,17.0,15.3,10.0,0.0,ok,-2.5,ok,3.2,,False,39.8,13.2,4.1,8.7,42.6,,58.7,-6.5,-34.1,-0.072,0.159,GOOG,,126,15.3,16.0,,False
366,GPC,Genuine Parts Company,Consumer Cyclical,Auto Parts,Core,18.6,135.24,130.01,14.5,16.8,10.0,0.0,ok,-1.5,ok,2.97,,False,39.8,16.3,4.9,6.0,37.6,0.7,51.5,13.2,11.1,0.024,0.171,CEG,,126,16.8,11.0,,False
367,EPAM,"EPAM Systems, Inc.",Technology,Information Technology Service,Speculative,5.9,114.68,108.95,17.0,12.7,10.0,0.0,ok,0.0,ok,-0.85,,False,39.7,8.2,11.0,4.5,29.5,11.2,63.6,-16.7,-31.9,-0.167,0.349,VRT,,126,12.7,15.0,,False
368,IONQ,"IonQ, Inc.",Technology,Computer Hardware,Growth,15.5,38.14,40.72,11.0,20.7,10.0,-2.0,ok,0.0,neg_ebitda_low_debt,,,False,39.7,,-0.6,286.8,,-60.5,39.4,-13.6,-1.4,0.579,0.461,TSM,,126,20.7,13.0,,False
369,LIN,Linde plc,Basic Materials,Specialty Chemicals,Cyclical,215.1,466.65,499.6,13.5,16.7,10.0,0.0,ok,-0.5,ok,1.67,,False,39.7,23.9,1.9,9.3,48.3,18.4,35.0,-2.9,-15.8,-0.207,0.214,TSM,,126,16.7,12.0,,False
370,GILD,"Gilead Sciences, Inc.",Healthcare,Drug Manufacturers - General,Core,180.6,145.65,138.37,17.0,13.2,10.0,0.0,ok,-0.5,ok,1.46,,False,39.7,14.7,5.4,10.2,79.6,-20.7,46.2,8.5,-12.4,-0.01,0.14,AVGO,,126,13.2,17.0,,False
371,BAX,Baxter International Inc.,Healthcare,Medical Instruments & Supplies,Core,12.6,24.39,24.82,14.5,17.6,10.0,0.0,ok,-2.5,ok,3.99,,False,39.6,12.0,7.9,5.3,34.1,-14.4,24.0,19.5,22.4,0.195,0.318,MSFT,,126,17.6,15.0,,False
372,ARM,Arm Holdings plc,Technology,Semiconductors,Core,282.2,264.23,270.54,16.5,15.1,10.0,-2.0,ok,0.0,ok,-3.2,,False,39.6,86.2,0.5,22.4,97.5,13.4,58.7,30.1,107.3,0.579,0.607,TSM,,126,15.1,15.0,,False
373,DVN,Devon Energy Corporation,Energy,Oil & Gas E&P,Growth,53.9,48.98,46.53,17.5,12.6,10.0,0.0,ok,-0.5,ok,1.23,,False,39.6,9.1,1.5,64.2,50.3,11.5,55.1,12.5,-4.2,-0.309,0.292,GOOG,,126,12.6,13.0,,False
374,FITB,FITB,,,Core,49.1,54.19,56.51,12.0,17.6,10.0,0.0,ok,,unavailable,,,False,39.6,,,,,,43.5,6.7,8.6,0.138,0.205,GOOG,,126,17.6,12.5,,False
375,MDLZ,"Mondelez International, Inc.",Consumer Defensive,Confectioners,Core,79.7,62.42,61.59,16.0,16.1,10.0,0.0,ok,-2.5,ok,3.35,,False,39.6,18.6,2.8,4.1,31.1,13.3,37.3,6.0,1.0,-0.394,0.403,VRT,,126,16.1,16.0,,False
376,AKAM,"Akamai Technologies, Inc.",Technology,Software - Infrastructure,Core,15.9,110.75,115.76,16.0,17.0,10.0,0.0,ok,-3.5,ok,5.54,,False,39.5,15.4,4.5,5.4,57.5,8.9,46.5,0.9,-8.7,0.286,0.29,AVGO,,126,17.0,16.0,,False
377,HWM,Howmet Aerospace Inc.,Industrials,Aerospace & Defense,Core,92.8,232.62,273.88,18.0,12.0,10.0,0.0,ok,-0.5,ok,1.47,,True,39.5,36.2,1.3,24.1,36.0,34.7,24.6,-5.3,-20.2,0.308,0.336,ETN,,126,16.6,14.0,,False
378,CCL,Carnival Corporation Ltd.,Consumer Cyclical,Travel Services,Core,31.1,22.7,26.58,20.0,12.0,10.0,0.0,ok,-2.5,ok,3.28,,True,39.5,8.6,6.1,5.3,55.7,26.7,20.0,-17.8,-24.8,0.452,0.457,GOOG,,126,16.0,14.0,,False
379,PCAR,PACCAR Inc.,Industrials,Farm & Heavy Construction Mach,Core,64.2,121.88,127.88,13.0,16.9,10.0,0.0,ok,-0.5,ok,1.88,,False,39.4,17.0,3.0,0.5,13.7,12.8,34.4,1.9,-9.2,0.316,0.443,ETN,,126,16.9,14.0,,False
380,SOLV,Solventum Corporation,Healthcare,Medical Instruments & Supplies,Core,15.3,90.03,85.53,18.5,14.4,10.0,0.0,ok,-3.5,ok,4.29,,False,39.4,12.5,3.2,2.2,54.8,34.0,62.7,16.1,20.4,0.02,0.292,GOOG,,126,14.4,16.0,,False
381,DOV,DOV,,,Core,25.8,191.42,206.04,12.0,17.4,10.0,0.0,ok,,unavailable,,,False,39.4,,,,,,34.5,-8.8,-21.7,0.377,0.522,ETN,,126,17.4,12.5,,False
382,TMO,Thermo Fisher Scientific Inc,,,Core,224.0,605.69,575.41,13.0,16.3,10.0,0.0,ok,,unavailable,,,False,39.3,22.0,,,,,45.7,13.0,9.6,0.069,0.169,MSFT,,126,16.3,12.5,,False
383,CRWD,"CrowdStrike Holdings, Inc.",Technology,Software - Infrastructure,Core,212.8,207.8,224.99,14.0,15.3,10.0,0.0,ok,0.0,ok,-39.24,,False,39.3,129.5,0.9,25.8,75.2,1.5,52.4,-51.4,-65.7,0.232,0.237,AVGO,,126,15.3,17.0,,False
384,RVTY,"Revvity, Inc.",Healthcare,Diagnostics & Research,Core,13.8,123.85,117.66,16.0,14.7,10.0,0.0,ok,-1.5,ok,2.65,,False,39.2,21.0,4.4,1.3,55.0,3.2,57.8,20.7,25.6,0.219,0.216,TSM,,126,14.7,16.0,,False
385,PWR,"Quanta Services, Inc.",Industrials,Engineering & Construction,Growth,94.3,626.98,649.45,16.0,16.6,10.0,-2.0,ok,-1.5,ok,2.0,,False,39.1,32.0,2.1,41.1,15.5,15.3,34.3,6.3,-2.2,0.554,0.719,ETN,,126,16.6,14.0,,False
386,MRVL,"Marvell Technology, Inc.",Technology,Semiconductors,Growth,211.2,235.01,223.26,15.5,15.6,10.0,-2.0,ok,0.0,ok,0.47,,False,39.1,35.0,1.1,36.5,52.2,16.5,49.0,53.4,147.3,0.538,0.644,ETN,,126,15.6,14.0,,False
387,CNC,Centene Corporation,Healthcare,Healthcare Plans,Core,31.6,64.06,65.5,13.0,16.1,10.0,0.0,ok,0.0,ok,-2.38,,False,39.1,12.1,,4.6,11.4,-20.4,47.3,26.6,65.9,-0.002,0.13,AVGO,,126,16.1,15.0,fcf_yield_out_of_range(30.5),False
388,TRGP,"Targa Resources, Inc.",Energy,Oil & Gas Midstream,Cyclical,62.5,291.38,278.59,16.0,15.5,10.0,0.0,ok,-2.5,ok,3.54,,False,39.0,24.1,0.1,4.2,43.2,70.8,44.8,22.2,11.1,-0.219,0.19,NVDA,,126,15.5,13.0,,False
389,TJX,"TJX Companies, Inc. (The)",Consumer Cyclical,Apparel Retail,Core,138.7,126.12,149.02,17.0,12.0,10.0,0.0,ok,0.0,ok,0.93,,True,39.0,21.8,3.2,5.4,31.5,62.2,8.8,-18.2,-32.6,-0.034,0.127,VRT,,126,16.0,11.0,,False
390,TSN,"Tyson Foods, Inc.",Consumer Defensive,Farm Products,Core,18.2,51.74,57.34,12.0,18.5,10.0,0.0,ok,-1.5,ok,2.62,,False,39.0,12.1,6.5,-0.1,6.6,3.3,16.9,-14.2,-26.2,-0.175,0.213,NVDA,,126,18.5,16.0,,False
391,LOW,"Lowe's Companies, Inc.",Consumer Cyclical,Home Improvement Retail,Core,111.4,198.6,212.48,15.5,16.0,10.0,0.0,ok,-2.5,ok,3.05,,False,39.0,15.2,4.1,8.3,33.0,,19.4,-15.5,-31.9,0.117,0.283,GOOG,,126,16.0,11.0,,False
392,KDP,Keurig Dr Pepper Inc.,Consumer Defensive,Beverages - Non-Alcoholic,Growth,43.7,32.08,31.24,20.0,14.0,10.0,0.0,ok,-5.0,ok,6.66,,False,39.0,12.7,10.6,75.6,51.0,5.1,59.7,10.4,4.3,-0.138,0.18,NVDA,,126,14.0,17.0,,False
393,PSX,Phillips 66,Energy,Oil & Gas Refining & Marketing,Growth,104.6,260.78,247.74,19.0,10.5,10.0,0.0,ok,-0.5,ok,1.66,,False,39.0,12.2,4.3,53.1,13.1,23.5,71.6,51.1,42.3,-0.237,0.3,NVDA,,126,10.5,12.0,,False
394,KIM,Kimco Realty Corporation (HC),Real Estate,REIT - Retail,Core,15.8,23.57,24.82,17.0,16.9,10.0,0.0,ok,-5.0,ok,6.12,,False,38.9,26.8,5.5,4.9,68.9,5.8,33.6,2.6,-11.0,-0.132,0.188,CEG,,126,16.9,17.0,,False
395,DGX,Quest Diagnostics Incorporated,Healthcare,Diagnostics & Research,Core,26.0,235.46,228.51,15.5,14.9,10.0,0.0,ok,-1.5,ok,2.55,,False,38.9,19.5,3.5,10.2,33.2,14.6,36.8,17.1,5.2,-0.262,0.263,AVGO,,126,14.9,15.0,,False
396,EA,Electronic Arts Inc.,Communication Services,Electronic Gaming & Multimedia,Core,52.9,209.7,205.27,18.0,10.8,10.0,0.0,ok,0.0,ok,-0.31,,False,38.8,21.7,3.2,18.9,79.9,16.5,80.9,3.4,-8.5,0.002,0.181,MSFT,,101,10.8,15.0,,False
397,PLAB,"Photronics, Inc.",Technology,Semiconductor Equipment & Mate,Speculative,1.7,29.1,30.2,13.5,15.2,10.0,0.0,ok,0.0,ok,-2.44,,False,38.7,14.0,1.7,2.7,33.7,13.8,40.4,-18.3,-28.1,0.466,0.59,ETN,,126,15.2,13.0,,False
398,CCI,Crown Castle Inc.,Real Estate,REIT - Specialty,Core,32.9,75.18,76.21,15.5,18.2,10.0,0.0,ok,-5.0,ok,8.31,,False,38.7,26.0,3.2,-4.9,73.7,,52.9,-10.6,-25.8,-0.209,0.334,VRT,,126,18.2,17.0,,False
399,JCI,Johnson Controls International,Industrials,Building Products & Equipment,Core,87.8,144.92,144.81,16.0,14.2,10.0,0.0,ok,-1.5,ok,2.04,,False,38.7,24.0,3.4,9.3,36.7,14.3,50.0,7.4,-5.0,0.484,0.755,ETN,,126,14.2,14.0,,False
400,IQV,"IQVIA Holdings, Inc.",Healthcare,Diagnostics & Research,Core,42.3,256.98,244.13,17.5,14.6,10.0,0.0,ok,-3.5,ok,4.65,,False,38.6,17.8,5.1,8.7,33.0,22.8,58.2,27.0,37.1,-0.066,0.274,ETN,,126,14.6,15.0,,False
401,EQIX,"Equinix, Inc.",Real Estate,REIT - Specialty,Core,102.9,1043.06,1043.84,17.0,15.1,10.0,0.0,ok,-3.5,ok,4.93,,False,38.6,55.8,3.7,16.7,52.0,10.7,39.1,8.4,-5.5,0.221,0.269,ETN,,126,15.1,16.0,,False
402,NUE,Nucor Corporation,Basic Materials,Steel,Cyclical,58.5,257.91,249.48,14.0,14.6,10.0,0.0,ok,0.0,ok,0.78,,False,38.6,13.4,1.2,23.0,15.6,14.5,59.7,24.7,37.9,0.244,0.307,ETN,,126,14.6,11.0,,False
403,STLD,"Steel Dynamics, Inc.",Basic Materials,Steel,Growth,34.5,240.69,241.99,12.5,16.6,10.0,0.0,ok,-0.5,ok,1.43,,False,38.6,12.6,0.7,33.4,14.7,17.6,58.8,14.1,18.3,0.246,0.317,ETN,,126,16.6,11.0,,False
404,SYK,Stryker Corporation,Healthcare,Medical Devices,Core,105.6,275.39,326.68,17.0,12.0,10.0,0.0,ok,-0.5,ok,1.62,,True,38.5,16.4,3.9,9.4,65.6,16.5,14.4,-18.3,-32.8,-0.15,0.28,ETN,,126,16.0,17.0,,False
405,VICI,VICI Properties Inc.,Real Estate,REIT - Diversified,Core,27.8,25.21,26.3,13.0,19.0,10.0,0.0,ok,-3.5,ok,4.82,,False,38.5,8.4,1.0,5.7,99.3,9.8,27.0,-8.6,-22.6,-0.222,0.355,TSM,,126,19.0,17.0,,False
406,PEG,Public Service Enterprise Grou,Utilities,Utilities - Regulated Electric,Core,36.2,72.6,76.88,12.5,19.5,10.0,0.0,ok,-3.5,ok,5.49,,False,38.5,15.5,0.3,-8.9,33.3,11.8,34.3,-8.8,-24.5,-0.054,0.47,CEG,,126,19.5,18.0,,False
407,SJM,The J.M. Smucker Company,Consumer Defensive,Packaged Foods,Core,13.2,123.31,119.81,17.0,14.0,10.0,0.0,ok,-2.5,ok,3.05,,False,38.5,11.3,11.1,5.0,38.0,3.9,51.2,16.3,3.2,-0.327,0.451,ETN,,126,14.0,16.0,,False
408,VTR,"Ventas, Inc.",Real Estate,REIT - Healthcare Facilities,Core,45.8,89.38,92.86,16.5,15.4,10.0,0.0,ok,-3.5,ok,5.34,,False,38.4,113.1,3.2,21.7,40.0,2.0,35.2,5.2,-7.9,-0.34,0.353,AVGO,,126,15.4,15.0,,False
409,LH,Labcorp Holdings Inc.,Healthcare,Diagnostics & Research,Core,26.0,321.1,308.43,14.5,15.4,10.0,0.0,ok,-1.5,ok,2.88,,False,38.4,16.2,3.4,5.8,28.9,11.7,37.3,16.4,6.0,-0.032,0.191,MSFT,,126,15.4,15.0,,False
410,VZ,Verizon Communications Inc.,Communication Services,Telecom Services,Core,206.7,49.74,47.25,18.5,12.4,10.0,0.0,ok,-2.5,ok,3.76,,False,38.4,9.4,8.5,-0.7,59.5,15.8,53.9,9.6,-13.1,-0.278,0.391,TSM,,126,12.4,16.0,,False
411,JPM,JPM,,,Core,942.9,354.71,350.77,12.0,16.3,10.0,0.0,ok,,unavailable,,,False,38.3,,,,,,46.5,11.6,11.3,0.202,0.267,ETN,,126,16.3,12.5,,False
412,O,Realty Income Corporation,Real Estate,REIT - Retail,Core,56.9,60.11,63.15,15.5,16.3,10.0,0.0,ok,-3.5,ok,5.74,,False,38.3,38.6,2.8,9.6,92.7,3.2,25.1,-2.2,-19.0,-0.246,0.289,TSM,,126,16.3,17.0,,False
413,SW,Smurfit WestRock plc,Consumer Cyclical,Packaging & Containers,Core,22.1,42.2,46.57,13.0,16.6,10.0,0.0,ok,-1.5,ok,2.95,,False,38.1,12.4,5.5,1.1,18.2,2.7,22.4,0.2,-11.6,0.26,0.294,TSM,,126,16.6,11.0,,False
414,NRG,"NRG Energy, Inc.",Utilities,Utilities - Independent Power ,Core,24.3,115.37,126.21,17.0,16.1,10.0,0.0,ok,-5.0,ok,7.16,,False,38.1,10.3,3.2,11.0,18.8,23.8,42.4,-20.9,-34.8,0.358,0.677,CEG,,126,16.1,18.0,,False
415,HPQ,HP Inc.,Technology,Computer Hardware,Core,29.2,32.39,30.77,16.0,12.6,10.0,0.0,ok,-0.5,ok,1.33,,False,38.1,10.3,11.6,12.5,19.7,,60.7,42.0,62.8,0.02,0.081,ETN,,126,12.6,13.0,,False
416,LEN,Lennar Corporation,Consumer Cyclical,Residential Construction,Core,19.5,80.76,85.25,12.0,16.5,10.0,0.0,ok,-0.5,ok,1.92,,False,38.0,12.6,5.5,-5.2,16.4,7.4,32.5,-17.2,-28.6,0.263,0.278,TSM,,126,16.5,11.0,,False
417,J,Jacobs Solutions Inc.,Industrials,Engineering & Construction,Growth,16.6,141.75,139.18,13.5,16.0,10.0,0.0,ok,-1.5,ok,2.72,,False,38.0,17.2,3.9,34.5,22.1,8.0,36.3,6.9,-6.0,0.107,0.152,GOOG,,126,16.0,14.0,,False
418,VST,Vistra Corp.,Utilities,Utilities - Independent Power ,Core,50.7,151.1,149.18,15.0,15.5,10.0,0.0,ok,-2.5,ok,3.02,,False,38.0,14.6,0.1,-5.5,38.3,43.0,64.2,-4.0,-17.6,0.418,0.78,CEG,,126,15.5,18.0,,False
419,PNR,Pentair plc.,Industrials,Specialty Industrial Machinery,Speculative,9.2,57.52,66.32,16.5,12.0,10.0,0.0,ok,-0.5,ok,1.62,,True,38.0,11.1,6.1,-17.0,41.4,17.1,12.8,-32.4,-49.2,0.19,0.24,TSM,,126,16.0,15.0,,False
420,CVS,CVS Health Corporation,Healthcare,Healthcare Plans,Core,122.0,95.38,100.46,14.0,16.5,10.0,0.0,ok,-2.5,ok,3.74,,False,38.0,11.2,6.6,7.1,13.6,6.2,56.8,10.6,14.4,-0.059,0.187,CEG,,126,16.5,15.0,,False
421,CASY,"Caseys General Stores, Inc.",Consumer Cyclical,Specialty Retail,Core,23.3,629.03,822.8,16.5,12.0,10.0,0.0,ok,-0.5,ok,1.51,,True,38.0,26.8,2.2,24.3,23.8,20.0,15.2,-13.6,-20.8,-0.05,0.118,NVDA,,126,17.6,11.0,,False
422,TDY,Teledyne Technologies Incorpor,Technology,Scientific & Technical Instrum,Core,27.6,595.23,645.24,14.5,15.8,10.0,-2.0,ok,-0.5,ok,1.06,,False,37.8,22.3,3.3,9.8,43.3,9.2,17.9,-3.2,-21.9,0.561,0.582,ETN,,126,15.8,14.0,,False
423,HSIC,"Henry Schein, Inc.",Healthcare,Medical Distribution,Speculative,9.8,87.97,87.59,14.5,15.8,10.0,0.0,ok,-2.5,ok,3.39,,False,37.8,14.7,4.5,6.7,31.3,8.9,43.7,11.0,2.3,0.073,0.181,GOOG,,126,15.8,15.0,,False
424,AMD,"Advanced Micro Devices, Inc.",Technology,Semiconductors,Growth,850.7,521.09,498.59,16.5,13.2,10.0,-2.0,ok,0.0,ok,-0.92,,False,37.7,33.6,1.0,50.1,55.7,10.2,68.5,51.5,141.7,0.629,0.682,TSM,,126,13.2,14.0,,False
425,CAG,"ConAgra Brands, Inc.",Consumer Defensive,Packaged Foods,Speculative,7.2,15.11,15.06,14.5,16.7,10.0,0.0,ok,-3.5,ok,4.17,,False,37.7,9.7,11.9,3.6,24.0,-25.1,27.5,-2.8,-21.5,-0.263,0.334,VRT,,126,16.7,16.0,,False
426,HUM,Humana Inc.,Healthcare,Healthcare Plans,Core,48.0,400.02,388.96,15.0,12.7,10.0,0.0,ok,0.0,ok,-2.54,,False,37.7,24.1,4.0,26.2,13.7,6.9,68.2,42.4,122.5,0.113,0.255,CEG,,126,12.7,15.0,,False
427,FN,Fabrinet,Technology,Electronic Components,Growth,15.0,418.27,478.26,14.0,15.7,10.0,-2.0,ok,0.0,ok,-1.64,,False,37.7,19.2,-0.4,44.6,12.0,21.3,34.4,-22.0,-32.9,0.522,0.634,VRT,,126,15.7,13.0,,False
428,LUV,Southwest Airlines Company,Industrials,Airlines,Core,18.9,38.68,44.9,10.5,17.7,10.0,0.0,ok,-0.5,ok,1.33,,False,37.7,8.1,-4.4,16.4,22.4,11.1,33.9,-10.1,-19.9,0.452,0.418,TSM,,126,17.7,14.0,,False
429,ARE,Alexandria Real Estate Equitie,Real Estate,REIT - Office,Speculative,8.7,50.34,50.56,15.0,17.7,10.0,0.0,ok,-5.0,ok,7.13,,False,37.7,,15.5,-11.9,68.2,-4.1,49.0,1.3,-10.8,0.028,0.178,CEG,,126,17.7,17.0,,False
430,BA,Boeing Company (The),Industrials,Aerospace & Defense,Core,163.1,206.42,219.11,14.5,17.2,10.0,0.0,ok,-4.0,neg_ebitda_debt,,,False,37.7,50.1,3.4,8.0,4.7,173.5,25.5,-6.4,-16.3,0.461,0.424,GOOG,,126,17.2,14.0,,False
431,CTVA,"Corteva, Inc.",Basic Materials,Agricultural Inputs,Cyclical,56.5,84.75,83.45,15.0,12.7,10.0,0.0,ok,0.0,ok,0.59,,False,37.7,20.6,4.3,-1.2,49.5,4.3,67.2,9.3,-4.9,-0.229,0.255,MSFT,,126,12.7,12.0,,False
432,TSCO,Tractor Supply Company,Consumer Cyclical,Specialty Retail,Core,17.7,34.0,32.89,14.5,15.7,10.0,0.0,ok,-2.5,ok,3.27,,False,37.7,16.6,0.6,2.3,36.5,39.5,36.7,-18.3,-44.0,0.017,0.092,MSFT,,126,15.7,11.0,,False
433,GLW,Corning Incorporated,Technology,Electronic Components,Core,145.1,168.46,162.4,14.5,15.6,10.0,-2.0,ok,-0.5,ok,1.68,,False,37.6,38.8,0.5,16.6,36.4,16.8,67.0,16.5,15.2,0.526,0.691,ETN,,126,15.6,13.0,,False
434,COHU,"Cohu, Inc.",Technology,Semiconductor Equipment & Mate,Growth,2.7,56.68,53.85,14.0,15.6,10.0,-2.0,ok,0.0,ok,-13.22,,False,37.6,30.7,2.5,38.4,44.0,-4.8,52.8,39.4,85.2,0.585,0.721,ETN,,126,15.6,14.0,,False
435,MLM,"Martin Marietta Materials, Inc",Basic Materials,Building Materials,Cyclical,35.7,502.99,548.93,12.5,16.5,10.0,0.0,ok,-1.5,ok,2.93,,False,37.5,23.2,1.7,21.0,28.2,8.9,32.6,-16.1,-28.5,0.175,0.273,CEG,,126,16.5,11.0,,False
436,BALL,Ball Corporation,Consumer Cyclical,Packaging & Containers,Core,16.0,60.29,62.86,14.0,16.0,10.0,0.0,ok,-2.5,ok,3.41,,False,37.5,13.3,2.4,19.7,18.6,17.2,35.1,1.9,-14.7,0.044,0.181,CEG,,126,16.0,11.0,,False
437,BEN,"Franklin Templeton, Inc.",Financial Services,Asset Management,Core,17.3,34.12,33.76,11.5,16.0,10.0,0.0,ok,0.0,financial_na,,,False,37.5,10.7,-17.3,14.3,37.7,7.9,51.3,19.9,25.9,0.449,0.453,GOOG,,126,16.0,14.0,,False
438,HAL,Halliburton Company,Energy,Oil & Gas Equipment & Services,Cyclical,30.9,37.13,35.27,15.5,12.5,10.0,0.0,ok,-0.5,ok,1.49,,False,37.5,12.8,6.6,3.7,15.1,14.9,63.8,6.6,-9.4,-0.009,0.104,GOOG,,126,12.5,14.0,,False
439,LHX,"L3Harris Technologies, Inc.",Industrials,Aerospace & Defense,Growth,46.6,250.41,281.18,18.0,12.0,10.0,0.0,ok,-2.5,ok,3.23,,True,37.5,18.6,,190.0,30.4,,15.3,-20.1,-44.0,-0.112,0.201,TSM,,126,16.0,14.0,,False
440,RSG,"Republic Services, Inc.",Industrials,Waste Management,Core,68.1,222.47,217.81,16.0,14.9,10.0,-2.0,ok,-1.5,ok,2.7,,False,37.4,27.6,2.9,4.6,43.0,18.2,52.8,3.6,-13.0,-0.518,0.509,TSM,,126,14.9,15.0,,False
441,ATO,Atmos Energy Corporation,Utilities,Utilities - Regulated Gas,Core,28.2,166.59,172.56,11.5,18.1,10.0,0.0,ok,-2.5,ok,3.74,,False,37.1,18.5,-7.9,4.8,62.2,9.8,36.5,-4.9,-22.3,-0.306,0.317,TSM,,126,18.1,20.0,,False
442,STT,State Street Corporation,Financial Services,Asset Management,Core,52.7,191.89,185.37,13.0,14.1,10.0,0.0,ok,0.0,financial_na,,,False,37.1,12.5,,-2.8,0.0,12.4,60.9,28.5,40.6,0.376,0.382,ETN,,126,14.1,14.0,,False
443,JNJ,JNJ,,,Core,643.6,267.08,262.23,12.0,15.1,10.0,0.0,ok,,unavailable,,,False,37.1,,,,,,43.3,13.1,-2.8,-0.405,0.4,AVGO,,126,15.1,12.5,,False
444,BWXT,"BWX Technologies, Inc.",Industrials,Aerospace & Defense,Core,14.4,156.71,169.72,14.5,16.1,10.0,-2.0,ok,-1.5,ok,2.96,,False,37.1,29.8,1.0,18.0,22.1,28.3,44.7,-18.6,-32.7,0.548,0.599,VRT,,126,16.1,14.0,,False
445,LITE,Lumentum Holdings Inc.,Technology,Communication Equipment,Growth,88.7,988.98,939.53,14.0,12.9,10.0,0.0,ok,0.0,ok,-1.33,,False,36.9,29.7,0.3,109.3,44.2,-240.0,65.5,42.8,34.5,0.462,0.588,VRT,,126,12.9,14.0,,False
446,SBAC,SBA Communications Corporation,Real Estate,REIT - Specialty,Core,19.8,186.74,183.42,16.5,15.2,10.0,0.0,ok,-5.0,ok,8.12,,False,36.7,22.8,3.8,2.3,74.2,,57.2,-2.9,-13.0,-0.095,0.198,ETN,,126,15.2,17.0,,False
447,ES,Eversource Energy (D/B/A),Utilities,Utilities - Regulated Electric,Core,26.5,70.44,72.67,14.5,15.7,10.0,0.0,ok,-3.5,ok,5.67,,False,36.7,14.3,3.1,2.3,52.8,9.0,41.3,1.5,-16.3,-0.138,0.183,CEG,,126,15.7,19.0,,False
448,WBD,"Warner Bros. Discovery, Inc. -",Communication Services,Entertainment,Core,70.0,27.91,27.14,14.0,15.2,10.0,0.0,ok,-2.5,ok,3.67,,False,36.7,,23.1,-11.2,47.8,-8.8,36.9,2.1,-12.3,0.142,0.256,NVDA,,126,15.2,14.0,,False
449,KMI,"Kinder Morgan, Inc.",Energy,Oil & Gas Midstream,Cyclical,69.9,31.41,31.92,14.5,15.6,10.0,0.0,ok,-3.5,ok,4.23,,False,36.6,20.4,1.5,10.8,49.4,11.0,43.8,1.6,-16.9,-0.222,0.204,TSM,,126,15.6,13.0,,False
450,SMCI,"Super Micro Computer, Inc.",Technology,Computer Hardware,Growth,25.6,38.93,36.98,13.5,15.1,10.0,-2.0,ok,0.0,ok,0.61,,False,36.6,7.3,-32.3,93.2,10.8,21.5,57.7,23.9,9.8,0.555,0.546,TSM,,126,15.1,13.0,,False
451,COR,"Cencora, Inc.",Healthcare,Medical Distribution,Core,61.7,323.32,313.71,14.5,13.6,10.0,0.0,ok,-1.5,ok,2.1,,False,36.6,16.3,3.3,5.1,4.0,96.9,55.9,0.7,-20.2,-0.26,0.34,TSM,,126,13.6,15.0,,False
452,CARR,Carrier Global Corporation,Industrials,Building Products & Equipment,Core,47.8,57.95,64.13,10.5,18.4,10.0,0.0,ok,-2.5,ok,3.57,,False,36.4,17.5,1.8,3.9,24.7,9.0,32.4,-5.5,-13.6,0.418,0.571,ETN,,126,18.4,14.0,,False
453,CAH,"Cardinal Health, Inc.",Healthcare,Medical Distribution,Core,55.8,240.0,234.35,14.0,12.8,10.0,0.0,ok,-0.5,ok,1.21,,False,36.3,17.0,8.5,5.8,3.8,,56.0,11.2,-1.0,-0.156,0.284,AVGO,,126,12.8,15.0,,False
454,SBUX,Starbucks Corporation,Consumer Cyclical,Restaurants,Core,114.0,100.04,105.31,13.0,15.8,10.0,0.0,ok,-2.5,ok,3.34,,False,36.3,32.1,2.7,-1.4,22.3,,37.5,2.8,-13.5,0.112,0.135,AVGO,,126,15.8,11.0,,False
455,MET,"MetLife, Inc.",Financial Services,Insurance - Life,Core,60.8,95.69,94.72,10.0,16.2,10.0,0.0,ok,0.0,financial_na,,,False,36.2,8.8,-34.5,10.5,24.0,13.1,51.7,17.2,25.1,0.083,0.236,MSFT,,126,16.2,14.0,,False
456,RGTI,"Rigetti Computing, Inc.",Technology,Computer Hardware,Growth,5.1,15.24,16.29,12.0,16.2,10.0,-2.0,ok,0.0,neg_ebitda_low_debt,,,False,36.2,,0.5,185.3,,-43.8,40.8,-20.6,-22.7,0.564,0.49,TSM,,126,16.2,13.0,,False
457,WEC,"WEC Energy Group, Inc.",Utilities,Utilities - Regulated Electric,Core,34.6,106.15,110.78,12.0,17.7,10.0,0.0,ok,-3.5,ok,5.79,,False,36.2,17.7,-6.8,2.6,41.9,12.0,37.0,-4.3,-18.2,-0.254,0.286,AVGO,,126,17.7,19.0,,False
458,NEE,"NextEra Energy, Inc.",Utilities,Utilities - Regulated Electric,Core,172.4,82.65,86.34,14.0,17.1,10.0,0.0,ok,-5.0,ok,7.35,,False,36.1,18.8,-10.3,12.4,61.0,11.7,33.1,-5.7,-22.5,-0.029,0.239,MSFT,,126,17.1,20.0,,False
459,CMI,Cummins Inc.,Industrials,Specialty Industrial Machinery,Core,76.4,554.76,627.53,16.0,12.0,10.0,-2.0,ok,0.0,ok,0.87,,True,36.0,16.1,2.9,9.4,25.8,21.1,22.9,-7.6,-12.9,0.563,0.787,ETN,,126,17.1,14.0,,False
460,OKE,"ONEOK, Inc.",Energy,Oil & Gas Midstream,Growth,60.4,95.82,91.99,15.0,14.3,10.0,0.0,ok,-3.5,ok,4.28,,False,35.8,15.4,1.5,52.8,27.2,16.3,49.3,13.5,0.4,-0.374,0.312,TSM,,126,14.3,12.0,,False
461,WELL,Welltower Inc.,Real Estate,REIT - Healthcare Facilities,Growth,170.0,235.9,237.47,14.0,15.3,10.0,0.0,ok,-3.5,ok,5.32,,False,35.8,74.2,1.6,39.1,39.6,3.8,50.3,12.0,2.6,-0.243,0.324,AVGO,,126,15.3,15.0,,False
462,XYZ,"Block, Inc.",Technology,Software - Infrastructure,Core,47.7,79.4,80.41,11.0,14.8,10.0,0.0,ok,0.0,ok,0.28,,False,35.8,15.4,-0.1,9.3,46.6,1.6,46.8,15.1,10.2,0.411,0.345,MSFT,,126,14.8,16.0,,False
463,SOUN,"SoundHound AI, Inc.",Technology,Software - Application,Growth,2.9,6.48,6.75,11.5,16.3,10.0,-2.0,ok,0.0,neg_ebitda_low_debt,,,False,35.8,,-1.6,45.0,42.3,-32.2,33.0,-21.8,-29.5,0.564,0.457,MSFT,,126,16.3,16.0,,False
464,SO,Southern Company (The),Utilities,Utilities - Regulated Electric,Core,101.6,88.34,93.05,12.5,16.7,10.0,0.0,ok,-3.5,ok,5.2,,False,35.7,17.9,-3.9,0.1,48.3,11.5,29.7,-3.7,-20.2,-0.299,0.29,TSM,,126,16.7,19.0,,False
465,MCK,McKesson Corporation,Healthcare,Medical Distribution,Core,104.0,891.68,852.64,14.0,11.7,10.0,0.0,ok,0.0,ok,0.94,,False,35.7,17.7,6.5,7.7,3.6,,60.3,5.7,-17.3,-0.357,0.359,TSM,,126,11.7,15.0,,False
466,LYB,LyondellBasell Industries NV,Basic Materials,Specialty Chemicals,Cyclical,20.8,64.51,61.28,14.5,13.6,10.0,0.0,ok,-2.5,ok,3.27,,False,35.6,10.0,5.9,19.8,12.9,-2.3,45.1,6.7,-16.9,-0.24,0.314,TSM,,126,13.6,11.0,,False
467,AEHR,Aehr Test Systems,Technology,Semiconductor Equipment & Mate,Growth,3.1,95.56,90.82,10.5,17.0,10.0,-2.0,ok,0.0,neg_ebitda_low_debt,,,False,35.5,69.1,-0.1,33.7,35.3,-4.2,39.4,50.6,112.4,0.589,0.608,ETN,,126,17.0,13.0,,False
468,EIX,Edison International,Utilities,Utilities - Regulated Electric,Core,22.1,57.44,71.86,13.5,15.4,10.0,0.0,ok,-3.5,ok,4.85,,False,35.4,8.8,0.4,-4.1,61.0,19.7,31.3,-15.5,-31.4,-0.075,0.117,NVDA,,126,15.4,20.0,,False
469,GM,General Motors Company,Consumer Cyclical,Auto Manufacturers,Core,75.8,83.76,83.6,14.0,16.3,10.0,0.0,ok,-5.0,ok,6.32,,False,35.3,5.6,29.0,1.9,10.2,3.2,45.8,4.8,-0.7,0.343,0.396,TSM,,126,16.3,11.0,,False
470,AI,"C3.ai, Inc.",Technology,Software - Infrastructure,Speculative,1.7,10.38,9.86,6.0,19.3,10.0,0.0,ok,0.0,neg_ebitda_low_debt,,,False,35.3,,1.3,-25.5,29.1,-59.8,50.0,-2.0,-0.6,0.401,0.505,MSFT,,126,19.3,15.0,,False
471,MRNA,"Moderna, Inc.",Healthcare,Biotechnology,Core,54.1,135.61,128.83,9.0,16.3,10.0,0.0,ok,0.0,neg_ebitda_low_debt,,,False,35.3,,0.6,2.1,,-39.0,35.6,142.3,129.6,0.008,0.119,CEG,,126,16.3,15.0,,False
472,APD,"Air Products and Chemicals, In",Basic Materials,Specialty Chemicals,Cyclical,65.7,295.24,301.05,11.0,16.7,10.0,0.0,ok,-2.5,ok,3.71,,False,35.2,20.4,-2.3,4.6,32.1,0.0,40.4,4.7,-5.7,-0.039,0.114,TSM,,126,16.7,11.0,,False
473,CPT,Camden Property Trust,Real Estate,REIT - Residential,Core,12.0,104.11,110.75,11.0,17.7,10.0,0.0,ok,-3.5,ok,5.4,,False,35.2,95.5,1.2,-0.8,61.6,7.9,26.6,-2.5,-9.4,-0.265,0.319,AVGO,,126,17.7,17.0,,False
474,SWKS,"Skyworks Solutions, Inc.",Technology,Semiconductors,Core,11.5,76.54,72.71,12.0,13.1,10.0,0.0,ok,0.0,ok,-0.13,,False,35.1,15.4,3.9,-3.1,40.7,5.1,73.6,20.0,25.6,0.314,0.346,AVGO,,126,13.1,14.0,,False
475,VMC,Vulcan Materials Company (Hold,Basic Materials,Building Materials,Cyclical,32.4,249.89,280.29,14.5,12.0,10.0,0.0,ok,-1.5,ok,2.03,,True,35.0,23.2,2.6,2.5,27.5,13.2,24.6,-13.2,-19.0,0.17,0.263,ETN,,126,19.0,11.0,,False
476,COO,"The Cooper Companies, Inc.",Healthcare,Medical Instruments & Supplies,Core,12.4,63.48,72.42,14.5,12.0,10.0,0.0,ok,-1.5,ok,2.92,,True,35.0,12.7,3.4,7.9,65.6,2.9,9.9,-13.4,-26.6,-0.026,0.24,GOOG,,126,18.1,17.0,,False
477,TTWO,"Take-Two Interactive Software,",Communication Services,Electronic Gaming & Multimedia,Core,39.5,211.14,238.44,13.5,12.0,10.0,0.0,ok,-0.5,ok,1.46,,True,35.0,20.5,3.2,2.0,57.1,-9.0,16.8,-7.2,-12.7,0.216,0.313,MSFT,,126,18.1,14.0,,False
478,SLB,SLB Limited,Energy,Oil & Gas Equipment & Services,Cyclical,84.7,57.05,54.2,13.0,12.4,10.0,0.0,ok,-0.5,ok,1.18,,False,34.9,17.6,3.5,5.0,17.0,12.9,63.3,16.0,5.7,0.139,0.186,ETN,,126,12.4,14.0,,False
479,PPL,PPL Corporation,Utilities,Utilities - Regulated Electric,Core,26.0,34.55,35.47,10.5,17.9,10.0,0.0,ok,-3.5,ok,5.33,,False,34.9,16.3,-7.5,4.2,44.1,8.6,39.0,-4.4,-20.9,-0.184,0.258,CEG,,126,17.9,19.0,,False
480,FE,FirstEnergy Corp.,Utilities,Utilities - Regulated Electric,Core,26.7,46.21,47.67,11.5,16.7,10.0,0.0,ok,-3.5,ok,5.33,,False,34.7,15.7,-7.5,8.8,68.6,9.5,39.5,-2.0,-20.5,-0.232,0.311,AVGO,,126,16.7,20.0,,False
481,HII,"Huntington Ingalls Industries,",Industrials,Aerospace & Defense,Core,11.1,280.85,297.49,10.5,15.6,10.0,0.0,ok,-1.5,ok,2.5,,False,34.6,13.5,-2.7,10.9,12.4,13.0,20.9,-19.1,-44.8,0.288,0.333,MSFT,,126,15.6,14.0,,False
482,COHR,Coherent Corp.,Technology,Scientific & Technical Instrum,Growth,59.4,303.48,303.79,11.5,15.6,10.0,-2.0,ok,-0.5,ok,1.1,,False,34.6,21.7,-1.1,33.7,37.5,8.0,57.5,9.1,8.0,0.555,0.686,ETN,,126,15.6,13.0,,False
483,RCL,Royal Caribbean Cruises Ltd.,Consumer Cyclical,Travel Services,Core,69.5,259.76,295.0,15.0,12.0,10.0,0.0,ok,-2.5,ok,3.27,,True,34.5,12.8,-2.2,6.5,50.3,44.7,10.4,-9.6,-22.0,0.417,0.439,TSM,,126,18.3,14.0,,False
484,AEP,American Electric Power Compan,Utilities,Utilities - Regulated Electric,Core,67.9,124.67,128.75,12.0,16.0,10.0,0.0,ok,-3.5,ok,5.86,,False,34.5,18.2,-8.8,7.0,46.4,10.1,43.9,-1.2,-17.0,-0.187,0.237,CEG,,126,16.0,19.0,,False
485,DELL,Dell Technologies Inc.,Technology,Computer Hardware,Growth,345.8,535.25,508.49,14.5,10.5,10.0,0.0,ok,-0.5,ok,1.31,,False,34.5,18.7,0.1,57.7,19.9,,72.7,108.1,251.6,0.396,0.38,AVGO,,126,10.5,13.0,,False
486,DUK,Duke Energy Corporation (Holdi,Utilities,Utilities - Regulated Electric,Core,93.9,120.43,124.44,11.0,16.9,10.0,0.0,ok,-3.5,ok,5.51,,False,34.4,16.8,-4.8,1.1,52.0,9.9,37.8,-2.3,-19.3,-0.378,0.336,TSM,,126,16.9,19.0,,False
487,AEE,Ameren Corporation,Utilities,Utilities - Regulated Electric,Core,29.4,106.25,109.79,11.0,16.9,10.0,0.0,ok,-3.5,ok,5.57,,False,34.4,18.3,-6.1,-6.2,52.4,11.9,32.7,-1.2,-15.5,-0.219,0.253,AVGO,,126,16.9,19.0,,False
488,ETR,Entergy Corporation,Utilities,Utilities - Regulated Electric,Core,51.2,107.17,109.98,12.0,15.8,10.0,0.0,ok,-3.5,ok,5.56,,False,34.3,21.0,-8.6,5.9,47.0,10.2,47.0,1.9,-8.9,-0.07,0.327,CEG,,126,15.8,19.0,,False
489,LNT,Alliant Energy Corporation,Utilities,Utilities - Regulated Electric,Core,17.6,67.86,71.75,12.0,17.3,10.0,0.0,ok,-5.0,ok,6.61,,False,34.3,18.4,-6.5,1.0,44.5,11.1,32.0,-3.1,-16.1,-0.215,0.251,AVGO,,126,17.3,19.0,,False
490,TSLA,"Tesla, Inc.",Consumer Cyclical,Auto Manufacturers,Core,1452.7,367.81,356.84,11.0,15.2,10.0,-2.0,ok,0.0,ok,-2.55,,False,34.2,,0.3,25.5,18.9,4.7,55.7,-7.9,-22.5,0.528,0.466,TSM,,126,15.2,11.0,,False
491,CRL,Charles River Laboratories Int,Healthcare,Diagnostics & Research,Core,13.4,278.35,264.43,11.0,15.7,10.0,0.0,ok,-2.5,ok,3.35,,False,34.2,21.9,3.5,-2.7,34.6,-7.5,39.1,38.3,52.1,0.15,0.22,TSM,,126,15.7,15.0,,False
492,IP,International Paper Company,Consumer Cyclical,Packaging & Containers,Core,18.3,34.64,39.37,13.5,12.0,10.0,0.0,ok,-1.5,ok,2.33,,True,34.0,11.6,9.0,-2.2,29.6,-16.5,21.7,-9.4,-23.1,0.137,0.2,TSM,,126,17.6,11.0,,False
493,NI,NiSource Inc,Utilities,Utilities - Regulated Gas,Core,20.0,41.67,43.92,10.5,17.0,10.0,0.0,ok,-3.5,ok,5.74,,False,34.0,18.5,-8.9,4.6,51.0,8.5,50.4,-7.0,-22.1,-0.068,0.243,CEG,,126,17.0,19.0,,False
494,HRL,Hormel Foods Corporation,Consumer Defensive,Packaged Foods,Core,11.5,20.97,24.22,12.0,12.0,10.0,0.0,ok,0.0,ok,-0.26,,True,34.0,13.5,5.4,-2.9,15.7,4.3,18.1,-9.7,-20.3,-0.188,0.252,NVDA,,126,18.1,16.0,,False
495,UCTT,"Ultra Clean Holdings, Inc.",Technology,Semiconductor Equipment & Mate,Speculative,3.4,75.0,87.54,9.0,19.5,10.0,-2.0,ok,-2.5,ok,3.74,,False,34.0,12.8,-2.4,24.3,15.8,-1.6,50.0,10.8,17.9,0.592,0.674,ETN,,126,19.5,13.0,,False
496,DOW,Dow Inc.,Basic Materials,Chemicals,Cyclical,21.2,29.4,30.04,9.0,17.4,10.0,0.0,ok,-2.5,ok,3.84,,False,33.9,16.0,1.1,19.7,9.8,-5.5,33.8,-6.5,-27.2,-0.209,0.273,TSM,,126,17.4,11.0,,False
497,IRM,Iron Mountain Incorporated (De,Real Estate,REIT - Specialty,Core,34.3,115.22,121.83,13.0,15.9,10.0,0.0,ok,-5.0,ok,7.74,,False,33.9,42.2,-1.3,18.5,54.2,,34.5,5.2,-4.7,0.391,0.406,ETN,,126,15.9,16.0,,False
498,CMS,CMS Energy Corporation,Utilities,Utilities - Regulated Electric,Core,21.4,68.17,71.96,9.5,19.4,10.0,0.0,ok,-5.0,ok,6.32,,False,33.9,16.4,-10.3,-0.5,40.3,9.2,30.6,-6.6,-22.1,-0.293,0.287,MSFT,,126,19.4,19.0,,False
499,CNP,"CenterPoint Energy, Inc (Holdi",Utilities,Utilities - Regulated Electric,Core,26.2,39.77,41.69,11.5,17.3,10.0,0.0,ok,-5.0,ok,6.28,,False,33.8,19.1,-19.8,10.7,47.0,9.8,44.0,-3.9,-20.1,-0.27,0.289,AVGO,,126,17.3,19.0,,False
500,FCX,"Freeport-McMoRan, Inc.",Basic Materials,Copper,Cyclical,109.5,76.23,72.42,12.5,13.1,10.0,-2.0,ok,0.0,ok,0.66,,False,33.6,18.4,2.0,-7.3,38.3,14.8,64.0,24.5,11.4,0.55,0.553,TSM,,126,13.1,11.0,,False
501,IREN,IREN LIMITED,Financial Services,Capital Markets,Core,17.9,45.37,43.1,7.5,18.1,10.0,-2.0,ok,0.0,financial_na,,,False,33.6,,-23.6,-26.7,68.9,-23.4,54.6,-0.6,-4.6,0.628,0.593,TSM,,126,18.1,16.0,,False
502,CLX,Clorox Company (The),Consumer Defensive,Household & Personal Products,Core,10.8,89.62,99.59,15.0,12.0,10.0,0.0,ok,-3.5,ok,4.79,,True,33.5,14.3,1.0,-2.0,42.3,163.8,5.6,-12.2,-31.8,-0.013,0.323,GOOG,,126,18.6,17.0,,False
503,D,"Dominion Energy, Inc.",Utilities,Utilities - Regulated Electric,Core,57.3,65.1,68.6,11.5,17.0,10.0,0.0,ok,-5.0,ok,6.43,,False,33.5,17.1,-16.0,17.6,46.2,8.3,29.4,1.9,-8.1,-0.147,0.191,MSFT,,126,17.0,19.0,,False
504,EVRG,"Evergy, Inc.",Utilities,Utilities - Regulated Electric,Core,18.7,81.22,83.95,10.5,16.5,10.0,0.0,ok,-3.5,ok,5.8,,False,33.5,17.8,-7.7,4.4,52.7,9.3,38.7,0.9,-12.5,-0.202,0.263,AVGO,,126,16.5,19.0,,False
505,EXC,Exelon Corporation,Utilities,Utilities - Regulated Electric,Core,45.0,43.7,45.65,10.5,18.0,10.0,0.0,ok,-5.0,ok,6.09,,False,33.5,14.4,-6.0,9.9,42.4,9.7,34.7,-4.6,-23.2,-0.325,0.284,AVGO,,126,18.0,19.0,,False
506,ED,"Consolidated Edison, Inc.",Utilities,Utilities - Regulated Electric,Core,39.8,107.49,109.56,12.0,14.8,10.0,0.0,ok,-3.5,ok,4.36,,False,33.3,16.6,-2.1,13.2,53.4,9.0,48.0,0.8,-15.7,-0.453,0.408,TSM,,126,14.8,19.0,,False
507,WMB,"Williams Companies, Inc. (The)",Energy,Oil & Gas Midstream,Cyclical,91.9,75.15,73.33,15.0,11.7,10.0,0.0,ok,-3.5,ok,4.35,,False,33.2,28.9,-1.7,7.8,63.6,21.5,57.6,7.2,-11.0,-0.049,0.157,MSFT,,126,11.7,14.0,,False
508,BLDR,"Builders FirstSource, Inc.",Industrials,Building Products & Equipment,Speculative,6.6,61.39,72.03,14.5,12.0,10.0,0.0,ok,-3.5,ok,5.06,,True,33.0,13.7,7.0,-8.8,29.2,2.5,19.3,-31.6,-45.3,0.315,0.35,TSM,,126,16.0,14.0,,False
509,AWK,"American Water Works Company, ",Utilities,Utilities - Regulated Water,Core,27.9,140.33,135.42,13.0,13.4,10.0,0.0,ok,-3.5,ok,5.44,,False,32.9,21.4,-6.4,6.2,61.5,10.1,54.6,7.2,-7.5,-0.465,0.428,TSM,,126,13.4,20.0,,False
510,CRWV,"CoreWeave, Inc.",Technology,Software - Infrastructure,Growth,52.4,94.94,90.19,12.5,17.4,10.0,-2.0,ok,-5.0,ok,12.16,,False,32.9,,-17.4,112.5,67.4,-43.6,55.3,3.5,3.1,0.609,0.567,TSM,,126,17.4,17.0,,False
511,IFF,International Flavors & Fragra,Basic Materials,Specialty Chemicals,Cyclical,21.5,84.31,81.84,8.0,16.2,10.0,0.0,ok,-1.5,ok,2.99,,False,32.7,21.3,-8.0,1.8,36.6,-5.5,54.4,13.0,10.7,0.192,0.246,GOOG,,126,16.2,11.0,,False
512,ADM,Archer-Daniels-Midland Company,Consumer Defensive,Farm Products,Core,41.7,86.55,82.22,11.5,12.5,10.0,0.0,ok,-1.5,ok,2.75,,False,32.5,15.2,2.8,7.2,6.9,7.6,66.5,19.8,9.5,-0.086,0.145,GOOG,,126,12.5,16.0,,False
513,INTC,Intel Corporation,Technology,Semiconductors,Core,561.6,106.24,100.93,13.0,12.0,10.0,-2.0,ok,-0.5,ok,1.24,,False,32.5,52.0,0.9,25.4,38.9,-10.7,71.8,41.9,108.7,0.535,0.597,TSM,,126,12.0,13.0,,False
514,WULF,TeraWulf Inc.,Financial Services,Capital Markets,Speculative,8.5,17.13,18.1,7.0,17.1,10.0,-2.0,ok,0.0,financial_na,,,False,32.1,,-2.7,-6.0,,-1211.8,58.7,-4.4,-0.2,0.624,0.631,TSM,,126,17.1,16.0,,False
515,PNW,Pinnacle West Capital Corporat,Utilities,Utilities - Regulated Electric,Core,11.8,97.18,102.5,10.5,16.6,10.0,0.0,ok,-5.0,ok,7.68,,False,32.1,17.5,-7.9,7.1,43.4,9.4,34.6,-0.8,-15.3,-0.227,0.262,AVGO,,126,16.6,19.0,,False
516,BBAI,"BigBear.ai, Inc.",Technology,Information Technology Service,Speculative,1.4,2.83,3.09,7.5,16.3,10.0,-2.0,ok,0.0,neg_ebitda_low_debt,,,False,31.8,,-15.4,13.2,27.9,-16.6,35.6,-33.6,-44.3,0.631,0.517,TSM,,126,16.3,15.0,,False
517,DTE,DTE Energy Company,Utilities,Utilities - Regulated Electric,Core,28.3,136.06,142.81,9.5,17.3,10.0,0.0,ok,-5.0,ok,7.69,,False,31.8,16.3,-9.2,-1.5,29.3,11.0,38.3,-3.5,-19.1,-0.151,0.223,CEG,,126,17.3,18.0,,False
518,NCLH,Norwegian Cruise Line Holdings,Consumer Cyclical,Travel Services,Speculative,6.8,14.85,18.5,14.5,12.0,10.0,0.0,ok,-5.0,ok,6.08,,True,31.5,8.8,-24.6,4.9,42.5,36.7,17.8,-25.1,-40.1,0.328,0.44,GOOG,,126,16.0,14.0,,False
519,SRE,DBA Sempra,Utilities,Utilities - Diversified,Core,55.6,85.01,88.42,9.5,17.0,10.0,0.0,ok,-5.0,ok,6.23,,False,31.5,15.4,-49.8,-0.1,44.0,6.7,48.5,-6.2,-20.4,-0.091,0.255,CEG,,126,17.0,19.0,,False
520,OKLO,Oklo Inc.,Utilities,Utilities - Independent Power ,Speculative,7.9,42.57,43.74,8.0,15.3,10.0,-2.0,ok,0.0,neg_ebitda_low_debt,,,False,31.3,,-3.0,,,-7.7,49.2,-33.8,-44.9,0.607,0.564,TSM,,126,15.3,19.0,,False
521,XEL,Xcel Energy Inc.,Utilities,Utilities - Regulated Electric,Core,47.6,76.19,78.53,9.5,16.8,10.0,0.0,ok,-5.0,ok,6.47,,False,31.3,16.8,-16.6,-5.1,46.8,9.9,34.9,-2.7,-17.9,-0.129,0.268,CEG,,126,16.8,19.0,,False
522,PCG,Pacific Gas & Electric Co.,Utilities,Utilities - Regulated Electric,Core,31.3,14.19,16.98,10.5,15.7,10.0,0.0,ok,-5.0,ok,6.1,,False,31.2,7.9,-19.7,0.1,39.8,9.3,33.0,-15.1,-34.3,-0.003,0.15,CEG,,126,15.7,18.0,,False
523,AXON,"Axon Enterprise, Inc.",Industrials,Aerospace & Defense,Growth,39.8,490.0,567.23,14.0,12.0,10.0,0.0,ok,-5.0,ok,7.01,,True,31.0,46.3,0.6,35.3,59.5,6.2,22.6,-3.0,-18.0,0.234,0.341,MSFT,,126,16.8,15.0,,False
524,WY,Weyerhaeuser Company,Real Estate,REIT - Specialty,Core,16.3,22.59,24.04,8.0,17.8,10.0,0.0,ok,-5.0,ok,7.15,,False,30.8,33.6,0.1,-0.9,14.5,5.0,2.3,-6.6,-15.5,0.021,0.252,CEG,,126,17.8,15.0,,False
525,QBTS,D-Wave Quantum Inc.,Technology,Computer Hardware,Speculative,6.4,17.12,19.08,7.0,15.8,10.0,-2.0,ok,0.0,neg_ebitda_low_debt,,,False,30.8,,-1.2,-0.6,,-28.0,39.8,-20.2,-22.2,0.545,0.444,TSM,,126,15.8,15.0,,False
526,AES,The AES Corporation,Utilities,Utilities - Diversified,Core,10.6,14.82,14.75,10.0,15.2,10.0,0.0,ok,-5.0,ok,7.64,,False,30.2,6.3,-29.2,19.9,20.3,9.6,70.0,2.4,-7.3,0.163,0.247,AVGO,,126,15.2,18.0,,False
527,NBIS,Nebius Group N.V.,Communication Services,Internet Content & Information,Growth,65.3,240.35,228.33,13.5,13.6,10.0,-2.0,ok,-5.0,ok,8.35,,False,30.1,,-14.7,454.0,74.3,0.6,58.0,53.8,101.9,0.527,0.545,TSM,,126,13.6,15.0,,False
528,F,Ford Motor Company,Consumer Cyclical,Auto Manufacturers,Core,53.6,13.45,14.1,4.5,19.6,10.0,0.0,ok,-5.0,ok,18.47,,False,29.1,7.0,-14.8,-3.8,7.1,-18.3,35.8,0.6,-0.2,0.257,0.258,NVDA,,126,19.6,11.0,,False
529,DE,Deere & Company,Industrials,Farm & Heavy Construction Mach,Core,182.6,677.21,643.35,12.5,9.6,10.0,0.0,ok,-3.5,ok,4.61,,False,28.6,29.9,2.5,-11.1,25.2,18.2,74.3,19.0,1.6,0.138,0.356,ETN,,126,9.6,14.0,,False
530,CIFR,Cipher Digital Inc.,Technology,Information Technology Service,Speculative,7.0,16.9,19.14,5.5,20.1,10.0,-2.0,ok,-5.0,ok,49.49,,False,28.6,78.0,-41.3,-43.0,,-167.5,53.7,-8.2,7.1,0.576,0.556,TSM,,126,20.1,15.0,,False
531,BG,Bunge Limited,Consumer Defensive,Farm Products,Growth,23.7,123.5,117.32,9.5,11.4,10.0,0.0,ok,-3.5,ok,5.21,,False,27.4,10.9,-27.3,88.3,4.9,7.2,63.7,8.0,-12.1,-0.045,0.139,VRT,,126,11.4,16.0,,False
532,APLD,Applied Digital Corporation,Technology,Information Technology Service,Growth,7.7,27.14,28.84,9.5,13.8,10.0,-2.0,ok,-4.0,neg_ebitda_debt,,,False,27.3,,,406.6,25.9,-8.4,46.4,-15.8,-17.5,0.64,0.606,TSM,,126,13.8,15.0,fcf_yield_out_of_range(-64.3),False
533,MOS,Mosaic Company (The),Basic Materials,Agricultural Inputs,Cyclical,8.3,26.21,24.9,5.5,10.9,10.0,0.0,ok,-2.5,ok,3.37,,False,23.9,16.8,-9.0,-6.0,11.2,-5.1,77.0,7.2,-22.8,0.176,0.222,CEG,,126,10.9,11.0,,False
