date,R_t_v3_raw,R_t_v3
2005-03-28,0.8911709915710125,0.8939008492462919
2005-03-29,0.713677222722198,0.7156754571796754
2005-03-30,0.7777045147029438,0.7799666674584546
2005-03-31,0.8391534525991785,0.8416688957657597
2005-04-01,0.7129015475454156,0.7148965846964608
2005-04-04,0.7214028103508746,0.7234328894151625
2005-04-05,0.8185820306389378,0.8210126791108829
2005-04-06,0.8534019405338213,0.8559761154781949
2005-04-07,0.9633797860723733,0.9664072859180192
2005-04-08,0.9402682361101186,0.9432004709407644
2005-04-11,0.9403844434645817,0.9433171572979507
2005-04-12,0.8740412939900651,0.8767005436403674
2005-04-13,0.5183517720559491,0.5195448817157398
2005-04-14,0.39957146166139573,0.4002749629621662
2005-04-15,0.22554644618159336,0.2255326223467879
2005-04-18,0.1997040714861102,0.19958372627056567
2005-04-19,0.17537202578545402,0.17515138471340322
2005-04-20,0.17650274748735018,0.17628676721131123
2005-04-21,0.29031278995020693,0.2905659307595159
2005-04-22,0.2255483390661733,0.22553452303377305
2005-04-25,0.36319977298537626,0.36375335143489046
2005-04-26,0.4045240577561737,0.40524797348791175
2005-04-27,0.3221115334668933,0.32249574760460487
2005-04-28,0.33627347046920214,0.3367160596247363
2005-04-29,0.38212097596801187,0.3827525469662258
2005-05-02,0.28794412661965535,0.2881875038800858
2005-05-03,0.27898697707243253,0.27919343327013174
2005-05-04,0.2844455931101614,0.2846745495356498
2005-05-05,0.2540922141739236,0.2541960550141578
2005-05-06,0.38468290107344916,0.3853250322389386
2005-05-09,0.46229751383266626,0.4632595697656765
2005-05-10,0.3079198407043258,0.30824555717199326
2005-05-11,0.3059217674901964,0.30623924796871443
2005-05-12,0.18177009404058322,0.18157582558608906
2005-05-13,0.14375312232193482,0.14340214921600258
2005-05-16,0.08748924075488827,0.08690634986195375
2005-05-17,0.11575138247619286,0.11528498716055226
2005-05-18,0.11807265760879877,0.11761583050951266
2005-05-19,0.1325862775366537,0.13218927508012795
2005-05-20,0.14555983916056878,0.14521631327937976
2005-05-23,0.1121579354621557,0.11167672808136789
2005-05-24,0.11817940815998432,0.11772302108280303
2005-05-25,0.15364069886372292,0.15333048200863084
2005-05-26,0.1532275037247066,0.15291558369344585
2005-05-27,0.16319205204538606,0.16292120553999387
2005-05-31,0.08877531655614869,0.08819772682348677
2005-06-01,0.07458889487341201,0.07395282919791595
2005-06-02,0.09153028009234139,0.09096404622473517
2005-06-03,0.11950085348680421,0.11904991336186484
2005-06-06,0.1215187713665388,0.12107614902977873
2005-06-07,0.12449193215822009,0.12406156508810719
2005-06-08,0.10274073906306351,0.1022207143222249
2005-06-09,0.13243338439348284,0.13203575171667326
2005-06-10,0.19268932014930412,0.19254006036972504
2005-06-13,0.258276434605819,0.2583975226589342
2005-06-14,0.23303451249410395,0.23305155421140325
2005-06-15,0.25497024894109716,0.2550777090104788
2005-06-16,0.291802983440723,0.2920622667764077
2005-06-17,0.30140705451555977,0.30170592550228903
2005-06-20,0.32140914355073524,0.3217904624613414
2005-06-21,0.24678302421590062,0.24685673682621845
2005-06-22,0.22153980160113468,0.22150946251500767
2005-06-23,0.22114281520844556,0.22111083975804546
2005-06-24,0.2732557829537768,0.27343861536620095
2005-06-27,0.3042842414675708,0.3045949721200771
2005-06-28,0.4317232460303177,0.4325592758817558
2005-06-29,0.4167032089442854,0.4174773267188339
2005-06-30,0.42058521525860076,0.42137533452981946
2005-07-01,0.19809563265184535,0.19796865750668025
2005-07-05,0.13710614100718307,0.1367277692726133
2005-07-06,0.05745923395656207,0.056752560407217115
2005-07-07,0.045723607772830015,0.04496856037550634
2005-07-08,0.0845503367917186,0.08395533183760721
2005-07-11,0.10751515112253722,0.10701480634419375
2005-07-12,0.1329218368107554,0.13252621751803015
2005-07-13,0.19146066408917292,0.19130633983152165
2005-07-14,0.2186402854266153,0.21859799463442317
2005-07-15,0.2593985594159183,0.2595242728289527
2005-07-18,0.3735151487600106,0.3741112468341066
2005-07-19,0.28197299180759555,0.2821917562554554
2005-07-20,0.33231496898607615,0.3327412413344821
2005-07-21,0.22967064567516943,0.22967382164899902
2005-07-22,0.13865231099129283,0.1382803125162824
2005-07-25,0.08994753529608655,0.08937477740880176
2005-07-26,0.0935155887137117,0.09295753822004203
2005-07-27,0.11686932696593026,0.11640753977907192
2005-07-28,0.09904082880188587,0.09850555315805266
2005-07-29,0.11560452178592444,0.1151375211155636
2005-08-01,0.03504289836510769,0.03424382545051675
2005-08-02,0.05230434234022752,0.051576420504724566
2005-08-03,0.05632304914226081,0.05561169227814234
2005-08-04,0.03618410081742844,0.035389731900142565
2005-08-05,0.03938831357440955,0.03860715231203454
2005-08-08,0.02253980265890001,0.02168919241332336
2005-08-09,0.025988112056385147,0.025151715623686142
2005-08-10,0.031807466715856894,0.030995057463153602
2005-08-11,0.02832024699519898,0.0274934635426026
2005-08-12,0.017374634488755883,0.016502733597419453
2005-08-15,0.028783740328187903,0.02795886737918785
2005-08-16,0.012590189271928245,0.011698567061766734
2005-08-17,0.014773788486045002,0.013891166996831518
2005-08-18,0.016143994325854224,0.015267020778042144
2005-08-19,0.014097186510353856,0.013211776091039688
2005-08-22,0.016765027695024012,0.015890614025425468
2005-08-23,0.018584531874645125,0.01771761813877007
2005-08-24,0.011381621092468788,0.010485017205789142
2005-08-25,0.012064967493385256,0.011171180337095384
2005-08-26,0.020749160958528242,0.019891169749376065
2005-08-29,0.020175047193203413,0.019314689506832936
2005-08-30,0.012415811156538725,0.01152347016577594
2005-08-31,0.016253070554035298,0.015376546614688714
2005-09-01,0.12645317144855175,0.1260308885394197
2005-09-02,0.15229921046462058,0.15198346404043117
2005-09-06,0.32675295584125474,0.327156301762548
2005-09-07,0.544269475818337,0.5455694173626927
2005-09-08,0.5646456705482492,0.566029602067304
2005-09-09,0.7922384378071943,0.794560498894461
2005-09-12,0.9123311939940385,0.9151482732967952
2005-09-13,0.8484363579370262,0.850990064920517
2005-09-14,0.7769841067691526,0.7792432900279083
2005-09-15,0.8935249924978044,0.8962645532840376
2005-09-16,0.982170516483661,0.9852754710745496
2005-09-19,0.9495240217141241,0.9524944085750683
2005-09-20,0.935428690766192,0.9383409771571817
2005-09-21,0.7455717185215719,0.7477014209950718
2005-09-22,0.7509869473026103,0.7531389711631178
2005-09-23,0.890791545134539,0.8935198387446421
2005-09-26,0.9057854810391381,0.9085755791379577
2005-09-27,0.9377477537508823,0.9406695992398288
2005-09-28,0.9329701722116844,0.9358723246736493
2005-09-29,0.9688850486944455,0.9719352410434988
2005-09-30,0.9849651440495456,0.9880816179992576
2005-10-03,0.9720642825549878,0.975127579596799
2005-10-04,0.9476877886820972,0.950650606653563
2005-10-05,0.8971673720826301,0.8999219466323863
2005-10-06,0.8468489645485673,0.8493961283510421
2005-10-07,0.7893683077950244,0.7916785383049777
2005-10-10,0.7443883457550777,0.7465131704066862
2005-10-11,0.6549086028856576,0.6566645951110304
2005-10-12,0.6816163501874783,0.6834824308297457
2005-10-13,0.6650962189203664,0.6668942041490621
2005-10-14,0.7631096539270887,0.7653116471678545
2005-10-17,0.8101987780621195,0.8125948710549306
2005-10-18,0.7913226819626188,0.7936409683357529
2005-10-19,0.9298118667751821,0.9327010008106341
2005-10-20,0.7636056472386751,0.7658096849468324
2005-10-21,0.7018075549739947,0.7037568630687694
2005-10-24,0.8453289107682053,0.8478698089612154
2005-10-25,0.8768758385919402,0.8795467721377171
2005-10-26,0.9236298058069313,0.9264934575994428
2005-10-27,0.8472661611395431,0.849815044612034
2005-10-28,0.9399810553379716,0.9429121064193402
2005-10-31,0.9199794621872185,0.9228280673887287
2005-11-01,0.6937787869786007,0.6956950007675083
2005-11-02,0.8428800721674512,0.8454108763318733
2005-11-03,0.8906979536539297,0.8934258614831649
2005-11-04,0.8657775872459355,0.8684027741809193
2005-11-07,0.8733638774434433,0.8760203348060116
2005-11-08,0.8129632037583705,0.815370691618936
2005-11-09,0.8844316297873733,0.8871337080448959
2005-11-10,0.8597272135133235,0.8623274610156282
2005-11-11,0.8580803787789468,0.8606738380850497
2005-11-14,0.805163148253519,0.8075384845532466
2005-11-15,0.8293927453589236,0.8318679552255672
2005-11-16,0.772638113279491,0.7748793825023789
2005-11-17,0.8478715723228201,0.850422951279411
2005-11-18,0.8435364061392958,0.8460699156898029
2005-11-21,0.8620202971026988,0.8646299966167853
2005-11-22,0.8838164723415761,0.8865160149412394
2005-11-23,0.8832949507630452,0.8859923436686775
2005-11-25,0.9077556613767459,0.9105538804912361
2005-11-28,0.8347923178904924,0.8372897846096211
2005-11-29,0.857694617005506,0.8602864862148307
2005-11-30,0.837779230776292,0.8402890094477274
2005-12-01,0.7778130033261157,0.7800756032680043
2005-12-02,0.7918482660451659,0.794168718857833
2005-12-05,0.770226887888836,0.7724582181234957
2005-12-06,0.7461514057543925,0.7482834976787524
2005-12-07,0.6510279956214136,0.6527679921169526
2005-12-08,0.662088602248765,0.66387419018486
2005-12-09,0.8080171848577243,0.8104042853982906
2005-12-12,0.7810021338454566,0.7832778792737906
2005-12-13,0.8384345240198298,0.840947003787504
2005-12-14,0.8754579342799071,0.8781230232728188
2005-12-15,0.8675568680457589,0.8701893891150765
2005-12-16,0.8822693243558882,0.8849624896647033
2005-12-19,0.8584382131406145,0.8610331474276636
2005-12-20,0.8686677545953169,0.8713048547008297
2005-12-21,0.8899740252277504,0.8926989490488818
2005-12-22,0.892727701033551,0.8954639754117578
2005-12-23,0.8600572932258429,0.8626589013053835
2005-12-27,0.7801057715618676,0.7823778222156611
2005-12-28,0.8016190338932858,0.8039797614753704
2005-12-29,0.7324009660828039,0.7344763791672023
2005-12-30,0.6566961571574625,0.6584595176201364
2006-01-03,0.685647788906214,0.6875304870003891
2006-01-04,0.6351947286327387,0.6368694609456661
2006-01-05,0.6111254237161069,0.612700943181014
2006-01-06,0.6269562237253472,0.6285969972040614
2006-01-09,0.6552087757161547,0.656966005243623
2006-01-10,0.6670653682753382,0.6688714702700295
2006-01-11,0.5764225102442486,0.5778549854919639
2006-01-12,0.6487811446646587,0.6505118797177395
2006-01-13,0.5103592334434809,0.5115193981336764
2006-01-17,0.40113343164990095,0.40184337133730613
2006-01-18,0.38635446179506894,0.38700348307643023
2006-01-19,0.3699069572686325,0.37048818250135224
2006-01-20,0.07968453478846416,0.07906947316564887
2006-01-23,0.10610100802812729,0.10559483420052831
2006-01-24,0.13426284424831128,0.1338727525421764
2006-01-25,0.2538324386295617,0.25393520868392605
2006-01-26,0.282548809530168,0.2827699474788994
2006-01-27,0.2409778800460277,0.24102766405149978
2006-01-30,0.22626514523285324,0.2262542838508478
2006-01-31,0.17835603494027472,0.1781476938514513
2006-02-01,0.2833756892270294,0.28360023554546565
2006-02-02,0.18838587600637646,0.18821887757787523
2006-02-03,0.12281870047886038,0.12238143640524521
2006-02-06,0.12882323348040417,0.12841071988554936
2006-02-07,0.11170890961673034,0.11122585136683295
2006-02-08,0.11448298375463331,0.11401136014303537
2006-02-09,0.09300985584515317,0.0924497207379726
2006-02-10,0.09913800327094427,0.09860312817693431
2006-02-13,0.07044770105277226,0.06979456551860877
2006-02-14,0.1792070527929928,0.17900221957052348
2006-02-15,0.1310009340230995,0.13059739683507177
2006-02-16,0.18108220184462917,0.18088509792213425
2006-02-17,0.13205444459541824,0.13165524994177863
2006-02-21,0.13126360908526566,0.13086115463482056
2006-02-22,0.16639259152258107,0.16613493753096667
2006-02-23,0.18884924158056013,0.1886841531290378
2006-02-24,0.1546689533615409,0.1543629749361655
2006-02-27,0.1789619461661983,0.17875610262263342
2006-02-28,0.10223121001446422,0.101709085012391
2006-03-01,0.1099442145264092,0.10945388226397157
2006-03-02,0.09482021400087526,0.09426754112782186
2006-03-03,0.10426242037947224,0.10374866795674599
2006-03-06,0.09762051750032581,0.09707938738209912
2006-03-07,0.1431322652459018,0.1427787329884303
2006-03-08,0.23169528186859845,0.2317068033232656
2006-03-09,0.18732430218106155,0.1871529279817203
2006-03-10,0.3052499945717801,0.30556470602540564
2006-03-13,0.2842032962337759,0.2844312539198634
2006-03-14,0.20061183507521288,0.2004952316299985
2006-03-15,0.12907196053848397,0.1286604721880181
2006-03-16,0.040417411073180205,0.03964049171534284
2006-03-17,0.035096068967997565,0.034297215220805186
2006-03-20,0.06753229317325637,0.0668671404279657
2006-03-21,0.08550914761702255,0.08491809484819532
2006-03-22,0.08253151639669769,0.08192818993427
2006-03-23,0.07881261317110119,0.078193957517332
2006-03-24,0.05067371685343031,0.049939073635687184
2006-03-27,0.07123740304053355,0.0705875226308352
2006-03-28,0.07098339264944509,0.07033246521764062
2006-03-29,0.09049672907327262,0.08992623494387109
2006-03-30,0.0789249487792712,0.07830675616901986
2006-03-31,0.10331052705905318,0.10279285096476028
2006-04-03,0.08599297959945174,0.08540392116943514
2006-04-04,0.0800940718425847,0.07948069831743779
2006-04-05,0.059462288153018315,0.058763871124260805
2006-04-06,0.055978161776914975,0.055265383298924366
2006-04-07,0.06340861115613551,0.06272646073522994
2006-04-10,0.06257672633423629,0.061891146912672355
2006-04-11,0.03477551586900244,0.03397534081294787
2006-04-12,0.0764005082427723,0.0757719099753509
2006-04-13,0.09062905606146729,0.0900591073793653
2006-04-17,0.060039114782884435,0.05934307541367967
2006-04-18,0.1198805987707687,0.11943122394284454
2006-04-19,0.09751765531538557,0.09697610120276615
2006-04-20,0.06352111068735845,0.06283942398565591
2006-04-21,0.04646697612123867,0.04571499286271042
2006-04-24,0.038500332689655095,0.03771551120057769
2006-04-25,0.03846034375249216,0.037675357430389494
2006-04-26,0.05683918326886916,0.05612995389188996
2006-04-27,0.0451497267668141,0.044392313851698
2006-04-28,0.05999174988265116,0.059295515276954744
2006-05-01,0.042352994202583136,0.04158405325191263
2006-05-02,0.0861530766148065,0.08556467809918743
2006-05-03,0.08668402765147716,0.08609781769779164
2006-05-04,0.10214761954526265,0.10162514998614694
2006-05-05,0.11690705360630134,0.1164454219273586
2006-05-08,0.08765411364414745,0.08707190235159862
2006-05-09,0.0761697854264009,0.07554023612745638
2006-05-10,0.09048233500320435,0.08991178154194047
2006-05-11,0.06527707842588451,0.06460262976287791
2006-05-12,0.04057467158483388,0.039798400449423225
2006-05-15,0.059866765817636454,0.05917001603191759
2006-05-16,0.0637970792305465,0.06311653006169872
2006-05-17,0.09278228915501976,0.09222121602576
2006-05-18,0.04982319473545404,0.049085045694758356
2006-05-19,0.06169351324111801,0.06100429324552501
2006-05-22,0.0950434065552718,0.09449165367426035
2006-05-23,0.06681026853612622,0.06614213963008479
2006-05-24,0.07297091570229143,0.07232818077223399
2006-05-25,0.08494536432606764,0.08435198766188258
2006-05-26,0.19971586505168318,0.19959556844881082
2006-05-30,0.19865508520992242,0.19853041610898298
2006-05-31,0.224226518667117,0.22420725413643994
2006-06-01,0.24043774791983913,0.24048530551924208
2006-06-02,0.18977797529584087,0.1896167150527884
2006-06-05,0.1684021874671636,0.16815281696099768
2006-06-06,0.12495305522954997,0.12452458889289626
2006-06-07,0.15822198814848815,0.15793065521044813
2006-06-08,0.18120069978543304,0.18100408430737938
2006-06-09,0.15047473020869978,0.1501514633395713
2006-06-12,0.1434591294732833,0.14310694453892836
2006-06-13,0.11574213072687876,0.1152756972758453
2006-06-14,0.11991834844438629,0.11946912921931997
2006-06-15,0.22150266128520218,0.22147216910796877
2006-06-16,0.2527312431388812,0.25282947410326206
2006-06-19,0.3003168121653496,0.30061118921056407
2006-06-20,0.3490011104942321,0.3494961625447204
2006-06-21,0.35719751057268423,0.3577263479027273
2006-06-22,0.48313387611179703,0.48418181881433625
2006-06-23,0.5274564378395081,0.5286870766188887
2006-06-26,0.4678540426256286,0.4688390023794416
2006-06-27,0.36998977748229367,0.3705713440970891
2006-06-28,0.4764817623515024,0.4775022852696399
2006-06-29,0.5681614967724606,0.5695599204064336
2006-06-30,0.59625060242133,0.5977648083838505
2006-07-03,0.5387340164760015,0.5400111410471062
2006-07-05,0.563661973082914,0.5650418498348094
2006-07-06,0.6559726391524879,0.6577330172988001
2006-07-07,0.5914754350497674,0.5929699579364223
2006-07-10,0.5352242837246148,0.5364869412978872
2006-07-11,0.5861316301105246,0.5876041260167941
2006-07-12,0.4617795044791848,0.46273942519543504
2006-07-13,0.2381565972408663,0.23819475201553422
2006-07-14,0.2129448399517338,0.21287907272894824
2006-07-17,0.24483174693554735,0.24489741644794724
2006-07-18,0.3748814222612367,0.3754831520677696
2006-07-19,0.41353603915709936,0.414297101966586
2006-07-20,0.34003701633476197,0.3404951186970659
2006-07-21,0.1968526762637761,0.19672057769507828
2006-07-24,0.23802750102950074,0.23806512367402022
2006-07-25,0.3774019118567043,0.37801403103476405
2006-07-26,0.4121425421615794,0.4128978610243209
2006-07-27,0.40504815619775153,0.40577423224526155
2006-07-28,0.2932133149029613,0.29347841157648463
2006-07-31,0.1499210489432394,0.14959549981895517
2006-08-01,0.24974123357453148,0.24982713982220306
2006-08-02,0.28837758239199224,0.2886227463422259
2006-08-03,0.33143763211391486,0.33186028810987267
2006-08-04,0.2800510898079417,0.28026193224178153
2006-08-07,0.22001004774828656,0.2199734030693293
2006-08-08,0.21194398521478566,0.21187409250315647
2006-08-09,0.16908679833437049,0.16884024977068096
2006-08-10,0.2554807862136531,0.2555903507001339
2006-08-11,0.19591069277256615,0.19577471138027727
2006-08-14,0.25220147165030965,0.2522975189148137
2006-08-15,0.24565927074572624,0.245728351282844
2006-08-16,0.3059149803361116,0.30623243283821366
2006-08-17,0.4250376229790701,0.42584609492196024
2006-08-18,0.24591825912736984,0.24598840720569978
2006-08-21,0.18663357925964205,0.18645935792414692
2006-08-22,0.2009672827028272,0.20085214440052326
2006-08-23,0.2018197270033806,0.20170810244719978
2006-08-24,0.14184448424247367,0.1414856437959448
2006-08-25,0.08737819513652977,0.08679484651737109
2006-08-28,0.1445481704362545,0.14420047449133744
2006-08-29,0.154187872926724,0.1538799115043227
2006-08-30,0.13163214962509184,0.13123121428609155
2006-08-31,0.12227682663609934,0.12183732897711914
2006-09-01,0.04844699925439445,0.04770317758320189
2006-09-05,0.056882878721421185,0.05617382945559635
2006-09-06,0.039265095098921225,0.038483425934223145
2006-09-07,0.03345217274481108,0.032646542913859024
2006-09-08,0.04132845899436808,0.040555294944764876
2006-09-11,0.04142759396140711,0.04065483854273249
2006-09-12,0.05815840677468778,0.05745461519168066
2006-09-13,0.08171511452032486,0.08110842287740838
2006-09-14,0.07977781495567303,0.07916313783050255
2006-09-15,0.058214609880188915,0.05751104996445194
2006-09-18,0.06990318835322913,0.0692478083564236
2006-09-19,0.04842993735005726,0.04768604535028115
2006-09-20,0.06315597367340622,0.06247278188947562
2006-09-21,0.03432872334833691,0.033526706628860696
2006-09-22,0.02634334953789227,0.02550841738188867
2006-09-25,0.02491553594925353,0.02407471839468683
2006-09-26,0.03701209273290911,0.036221136769855077
2006-09-27,0.056519450288158274,0.05580890298281628
2006-09-28,0.06297542388026274,0.06229148787628718
2006-09-29,0.05021684618978271,0.04948031976685878
2006-10-02,0.03414698250843428,0.033344216659459275
2006-10-03,0.03516303715579482,0.034364459449172005
2006-10-04,0.03402060293943835,0.033217316158221426
2006-10-05,0.045044465257505294,0.04428661845806384
2006-10-06,0.05909687205003822,0.05839694878865726
2006-10-09,0.057035940788276826,0.056327522439033474
2006-10-10,0.06602645323410618,0.06535509346831601
2006-10-11,0.07321840943300945,0.07257669466360794
2006-10-12,0.07721838914175905,0.07659316215130685
2006-10-13,0.08786139299758479,0.08728003610341022
2006-10-16,0.08101970468108279,0.08041014658269817
2006-10-17,0.06459494743689047,0.06391768705338029
2006-10-18,0.07992715128071792,0.07931308971474917
2006-10-19,0.0858325799664027,0.08524286037460883
2006-10-20,0.08008332156182082,0.0794699037243859
2006-10-23,0.07741377444400269,0.07678935282505431
2006-10-24,0.08786783085960455,0.08728650050207606
2006-10-25,0.087234483395126,0.08665054240110615
2006-10-26,0.07482038282390052,0.07418527133378414
2006-10-27,0.061732412969244976,0.061043353316995
2006-10-30,0.05215517777870013,0.05142664109199876
2006-10-31,0.046109214211132274,0.045355756270300654
2006-11-01,0.017485334900795096,0.01661389031275423
2006-11-02,0.021344664733533154,0.020489128170484375
2006-11-03,0.03299688869165046,0.032189382195471516
2006-11-06,0.02840508159572391,0.027578647828436595
2006-11-07,0.02350977864404771,0.022663166606160533
2006-11-08,0.02037195527087406,0.019512409232835412
2006-11-09,0.018367410513280794,0.017499601810612903
2006-11-10,0.017659971686249363,0.01678924694503889
2006-11-13,0.018988077385667008,0.0181228270505255
2006-11-14,0.018324222659617542,0.017456235938100473
2006-11-15,0.021723572349768946,0.02086959763089779
2006-11-16,0.027533264059200074,0.026703236689976508
2006-11-17,0.02298179998767885,0.02213301163990762
2006-11-20,0.018478137278117385,0.017610784987370384
2006-11-21,0.016883746002513998,0.01600982168570063
2006-11-22,0.014495426002492257,0.013611657112684077
2006-11-24,0.013023537261305103,0.012133701296669124
2006-11-27,0.005467431152844248,0.004546449178401952
2006-11-28,0.0069015633832106805,0.005986492852555619
2006-11-29,0.008106630678653595,0.0071965273939930165
2006-11-30,0.00690454905239048,0.005989490828561213
2006-12-01,0.008137356023155634,0.007227379387309593
2006-12-04,0.011185257547427635,0.010287844256960952
2006-12-05,0.00988683614904737,0.008984070810180862
2006-12-06,0.01023299449391043,0.00933165600784997
2006-12-07,0.006467925416406973,0.005551067444949389
2006-12-08,0.012072877313318488,0.011179122761034659
2006-12-11,0.023621157829536492,0.02277500489282572
2006-12-12,0.014567526729961129,0.013684055036874719
2006-12-13,0.01708653581739724,0.01621344739323444
2006-12-14,0.02070852209157213,0.019850363370406417
2006-12-15,0.015674179334711182,0.01479526922564503
2006-12-18,0.015472939974378014,0.014593200363581688
2006-12-19,0.014496140776803059,0.013612374833270033
2006-12-20,0.018862131203535352,0.017996361722557693
2006-12-21,0.01863202674269896,0.017765308779038445
2006-12-22,0.021870597565673108,0.02101722887969119
2006-12-26,0.01934160382996952,0.018477810718686833
2006-12-27,0.02327397817663961,0.022426394177326163
2006-12-28,0.026378746292541555,0.02554396004074464
2006-12-29,0.020439134973058874,0.019579865847444828
2007-01-03,0.07481092212303338,0.07417577163623301
2007-01-04,0.07955380895589513,0.07893820848568878
2007-01-05,0.042935061904261204,0.04216852021666141
2007-01-08,0.041407071805068675,0.04063423179477062
2007-01-09,0.055200334922823974,0.05448435026926127
2007-01-10,0.09967134111029659,0.09913866441653883
2007-01-11,0.15499675692204432,0.15469212969168436
2007-01-12,0.1401905636451844,0.13982490579477017
2007-01-16,0.1410079401744909,0.14064565152205136
2007-01-17,0.14547736022322078,0.14513349436668538
2007-01-18,0.12934754552141345,0.12893719312278012
2007-01-19,0.1393342395165382,0.13896505192748274
2007-01-22,0.18957763857367055,0.1894155525495314
2007-01-23,0.17543097991610312,0.17521058185095365
2007-01-24,0.21243039629879626,0.21236250855694583
2007-01-25,0.2426810467511734,0.2427378511512957
2007-01-26,0.24184385125370947,0.24189720476275114
2007-01-29,0.2950494704767937,0.2953221357205154
2007-01-30,0.19884576703810408,0.19872188392110998
2007-01-31,0.19568922036222033,0.19555232606826417
2007-02-01,0.16242920468827574,0.16215521375228342
2007-02-02,0.09462375934779059,0.09407027669540592
2007-02-05,0.09758411034083175,0.09704283015354431
2007-02-06,0.09400398483173167,0.09344794749008274
2007-02-07,0.07392266846017882,0.0732838566222941
2007-02-08,0.04634889225409556,0.045596422257923444
2007-02-09,0.06428749455490029,0.06360896686117239
2007-02-12,0.07977907657765818,0.07916440465285018
2007-02-13,0.05241534632756943,0.051687882046689004
2007-02-14,0.04304872002822625,0.04228264683550898
2007-02-15,0.05697771953016557,0.05626906119489634
2007-02-16,0.0636283444718047,0.06294709978407786
2007-02-20,0.05338974599523253,0.05266629815630894
2007-02-21,0.08127176747948027,0.0806632483752916
2007-02-22,0.10015003219231057,0.09961932864674854
2007-02-23,0.0843285439775542,0.08373262480108201
2007-02-26,0.08006915495892229,0.07945567872723688
2007-02-27,0.00967980327550188,0.00877618455424276
2007-02-28,0.012750978720616387,0.011860019279038814
2007-03-01,0.0060260196854016465,0.00510734019370152
2007-03-02,0.0031159793707614476,0.00218530479285216
2007-03-05,0.0034449304358326136,0.0025156117829131875
2007-03-06,0.004501567711199362,0.0035766044808306385
2007-03-07,0.004427539663275332,0.0035022712918361294
2007-03-08,0.0065550307984556045,0.005638531872390518
2007-03-09,0.018117828744128185,0.01724899127398166
2007-03-12,0.014755964373389769,0.013873269413796227
2007-03-13,0.004670681493833827,0.0037464153446676043
2007-03-14,0.006738667590375231,0.005822925608858015
2007-03-15,0.012659780608625968,0.011768445251563673
2007-03-16,0.017513762791691315,0.01664243538244015
2007-03-19,0.04745770617442473,0.04670980667114144
2007-03-20,0.07034482142726795,0.06969126182682232
2007-03-21,0.06851823165190082,0.06785714291114946
2007-03-22,0.07948449507367289,0.07886860889402514
2007-03-23,0.07927635112694702,0.07865960698510117
2007-03-26,0.05829846645902927,0.05759525219722957
2007-03-27,0.1247238933003601,0.1242944823661066
2007-03-28,0.11112237656490781,0.1106369006459198
2007-03-29,0.0956619168531216,0.09511271345031037
2007-03-30,0.09387649785611364,0.09331993501753075
2007-04-02,0.07844168822914317,0.07782150363550552
2007-04-03,0.09325487150577902,0.0926957463447346
2007-04-04,0.10546135273372581,0.10495254226897721
2007-04-05,0.11578370628493287,0.11531744420692147
2007-04-09,0.19458899169101088,0.19444756229226784
2007-04-10,0.1279229685569256,0.12750674410098276
2007-04-11,0.14173448842534284,0.1413751945798344
2007-04-12,0.12939251529319426,0.1289823482584154
2007-04-13,0.17146635391931367,0.17122961380200108
2007-04-16,0.13054073580586517,0.13013530169659504
2007-04-17,0.08256084476468536,0.08195763919278301
2007-04-18,0.055445889258799785,0.05473091677177451
2007-04-19,0.07976765111457071,0.07915293209439636
2007-04-20,0.10801674435318484,0.10751846712490701
2007-04-23,0.08913588797232705,0.088559784502656
2007-04-24,0.0651132082255571,0.06443808409521415
2007-04-25,0.09035184886328594,0.08978075754263587
2007-04-26,0.13533636623447362,0.13495069954908728
2007-04-27,0.18623037841485585,0.18605449509932956
2007-04-30,0.13197808996963536,0.13157858058485128
2007-05-01,0.3224723570601895,0.32285805850035737
2007-05-02,0.373100821301001,0.3736952115315443
2007-05-03,0.40592596998774877,0.4066556643535459
2007-05-04,0.3823612399119289,0.38299380126986593
2007-05-07,0.4458032563520607,0.4466973235223584
2007-05-08,0.43782725566310937,0.4386884460325645
2007-05-09,0.5773364007096187,0.5787726429824376
2007-05-10,0.5249990177324511,0.5262195271105693
2007-05-11,0.4630800152936712,0.46404529667082267
2007-05-14,0.5212978691451934,0.5225031225159795
2007-05-15,0.4921260121855288,0.49321102016405965
2007-05-16,0.4690895152567976,0.47007956758635444
2007-05-17,0.4887816167218728,0.4898528392171915
2007-05-18,0.6489014461884731,0.6506326771203023
2007-05-21,0.45035517108691514,0.45126800109337933
2007-05-22,0.5168468694219405,0.5180337759247713
2007-05-23,0.5590989554675041,0.5604600236175409
2007-05-24,0.6044380114616109,0.6059859656429357
2007-05-25,0.6355218671249391,0.6371979478914932
2007-05-29,0.6400288183113926,0.6417234765759113
2007-05-30,0.6499725167831175,0.6517081626311436
2007-05-31,0.6803669362580861,0.6822278668590572
2007-06-01,0.7164156246605263,0.718425146716722
2007-06-04,0.6466370922000695,0.6483589895425452
2007-06-05,0.5644157690179655,0.5657987528908103
2007-06-06,0.5642883067840704,0.5656707652619657
2007-06-07,0.6258148324059062,0.6274509011088115
2007-06-08,0.5538905577290906,0.5552301570425722
2007-06-11,0.5861594247052504,0.5876320351798845
2007-06-12,0.5811771836054451,0.5826292574534193
2007-06-13,0.5624018507835006,0.5637765333545665
2007-06-14,0.6037350060099268,0.6052800624269299
2007-06-15,0.5815026828293955,0.5829560983739891
2007-06-18,0.624590119221158,0.626221139698388
2007-06-19,0.6383945527467468,0.6400824746247495
2007-06-20,0.6755203654419615,0.6773613186445214
2007-06-21,0.6715152779462831,0.6733397223157714
2007-06-22,0.7262958445856605,0.7283460925689752
2007-06-25,0.7355686511658452,0.7376571213393374
2007-06-26,0.7866520131805534,0.788951047217418
2007-06-27,0.7032562607023406,0.7052115403123604
2007-06-28,0.652031142274794,0.6537752737063774
2007-06-29,0.5806087341215103,0.5820584648402395
2007-07-02,0.48293906450349433,0.48398620419927646
2007-07-03,0.46855796758971585,0.4695458288980491
2007-07-05,0.47823652562192104,0.47926428161397827
2007-07-06,0.5059844767291949,0.5071266088224988
2007-07-09,0.49339812831498486,0.4944883799125007
2007-07-10,0.5815779647375835,0.5830316905916165
2007-07-11,0.5497219261944234,0.5510443425519229
2007-07-12,0.48195848951398856,0.48300158731334936
2007-07-13,0.470930973374159,0.47192861613081655
2007-07-16,0.29973926124544004,0.30003125764560307
2007-07-17,0.2787930955547508,0.27899875257949447
2007-07-18,0.3498630064746453,0.3503616112307564
2007-07-19,0.359391807788215,0.35992968993600044
2007-07-20,0.36186356681015674,0.36241163746371896
2007-07-23,0.26452841711734576,0.2646752756276009
2007-07-24,0.44584572138588224,0.4467399635955906
2007-07-25,0.3138368842430792,0.3141869905609469
2007-07-26,0.34833368404536147,0.34882598498695544
2007-07-27,0.46387401231662706,0.4648425665222312
2007-07-30,0.3975540975639532,0.39824928335921594
2007-07-31,0.3635153020526171,0.3640701811021072
2007-08-01,0.12287938912500958,0.12244237520790902
2007-08-02,0.11466880582285298,0.11419794816343674
2007-08-03,0.12208169049029477,0.12164138848682503
2007-08-06,0.16605369639339707,0.16579464548770212
2007-08-07,0.12081931157532111,0.12037380608932999
2007-08-08,0.14910447155889295,0.14877555653068208
2007-08-09,0.3795829441417232,0.38020405345993746
2007-08-10,0.566893995209219,0.5682871942452903
2007-08-13,0.4730746829022277,0.4740811619559177
2007-08-14,0.519951224756079,0.521150927304954
2007-08-15,0.5812635435657135,0.5827159733864773
2007-08-16,0.523458010709822,0.5246721681099308
2007-08-17,0.4986263253372678,0.49973812738330675
2007-08-20,0.585589789363009,0.5870600518203309
2007-08-21,0.6360505851671304,0.6377288452912916
2007-08-22,0.5621415948618033,0.5635152046669004
2007-08-23,0.5295854159564446,0.530824830310487
2007-08-24,0.4673381910541178,0.4683210244854739
2007-08-27,0.23910407309529028,0.23914613333288176
2007-08-28,0.3855716865443819,0.38621748125305033
2007-08-29,0.3985847623152671,0.39928419647522867
2007-08-30,0.3749561131027194,0.3755581507823351
2007-08-31,0.37814177619254646,0.37875694506598223
2007-09-04,0.22341240407313323,0.22338978379006683
2007-09-05,0.24856868663766965,0.24864975968714767
2007-09-06,0.3025909588511681,0.3028947098508984
2007-09-07,0.32428775597165926,0.3246809404237763
2007-09-10,0.34181619912134065,0.3422816352139711
2007-09-11,0.2865385745992776,0.2867761582225646
2007-09-12,0.3396310841276659,0.34008751325135705
2007-09-13,0.3905452632684903,0.39121155888955966
2007-09-14,0.3831752356348957,0.3838111522552398
2007-09-17,0.2880359620398245,0.2882797178427021
2007-09-18,0.39509409943518287,0.39577914520266644
2007-09-19,0.5037295882404058,0.5048624257608205
2007-09-20,0.5867668946829537,0.5882420091279678
2007-09-21,0.601456200381299,0.602991863639784
2007-09-24,0.5325567244741152,0.5338083864597949
2007-09-25,0.6485650138952037,0.6502948580646775
2007-09-26,0.6108806180013754,0.6124551283855361
2007-09-27,0.5788288219857632,0.5802712159678137
2007-09-28,0.5168909934563103,0.518078081836895
2007-10-01,0.5754559786886071,0.576884469926453
2007-10-02,0.5237040416743661,0.5249192132056589
2007-10-03,0.5578960423224169,0.5592521521057928
2007-10-04,0.5742831945551597,0.575706851617096
2007-10-05,0.5587541562723045,0.5601138031719034
2007-10-08,0.6384854250130173,0.6401737214633799
2007-10-09,0.6602076973993676,0.6619855323102877
2007-10-10,0.6984173697117467,0.7003527035793324
2007-10-11,0.7548444332810155,0.7570123575662109
2007-10-12,0.7016094859766808,0.7035579776378528
2007-10-15,0.5669185264435853,0.568311826596562
2007-10-16,0.5467029720734439,0.548012944405766
2007-10-17,0.5663609179159154,0.5677519196256963
2007-10-18,0.5026255210423898,0.503753807635742
2007-10-19,0.36719906819616616,0.36776913160315255
2007-10-22,0.4385121896046111,0.4393762032482438
2007-10-23,0.45436471494945474,0.45529407215798157
2007-10-24,0.4845299222107365,0.48558361936733757
2007-10-25,0.4243644152561771,0.42517011225996
2007-10-26,0.5903535638131066,0.5918434623850632
2007-10-29,0.5534397046122412,0.5547774455246632
2007-10-30,0.539661406766731,0.5409423540087558
2007-10-31,0.6221855877344971,0.6238066968155412
2007-11-01,0.8268735991524595,0.8293384251849796
2007-11-02,0.8770982722602216,0.879770122669938
2007-11-05,0.8838936903964544,0.8865935512862873
2007-11-06,0.9076540864336012,0.9104518868596652
2007-11-07,0.8847323425201272,0.8874356603052039
2007-11-08,0.8924015506568242,0.8951364806543822
2007-11-09,0.8802613364603097,0.882946224911999
2007-11-12,0.8390030430445317,0.8415178662280955
2007-11-13,0.8343568981295412,0.8368525700633731
2007-11-14,0.8125507142304866,0.8149565018233883
2007-11-15,0.7395926808538293,0.741697737939459
2007-11-16,0.7177938260107577,0.7198090289655741
2007-11-19,0.7057937007692675,0.7077594396200754
2007-11-20,0.7451186760822149,0.747246511130343
2007-11-21,0.7708453138625119,0.7730791932277905
2007-11-23,0.7147567125465101,0.7167593966239599
2007-11-26,0.6895525892656335,0.6914513828127495
2007-11-27,0.7224725568096548,0.7245070453320971
2007-11-28,0.8073672640752322,0.8097516856646595
2007-11-29,0.8163597930141591,0.8187812814989549
2007-11-30,0.8326898039738503,0.8351786042028417
2007-12-03,0.7857669955087081,0.7880623815331321
2007-12-04,0.796604202611744,0.7989442592315592
2007-12-05,0.8175294160734493,0.8199557257043157
2007-12-06,0.8337301279448489,0.8362232163535108
2007-12-07,0.8745571343207003,0.8772185102471249
2007-12-10,0.8888361635582248,0.8915563971526431
2007-12-11,0.7925530570692079,0.7948764150062646
2007-12-12,0.8103476281198381,0.8127443346674736
2007-12-13,0.8716650276900256,0.8743144824522704
2007-12-14,0.8954471428247722,0.8981946266486222
2007-12-17,0.8583107454401326,0.8609051543096992
2007-12-18,0.8422055413230487,0.8447335650945021
2007-12-19,0.8305590534990209,0.8330390708477522
2007-12-20,0.8260083005323801,0.8284695598337135
2007-12-21,0.9149380896050395,0.9177659144419508
2007-12-24,0.8748433206647137,0.8775058762414172
2007-12-26,0.8644262753524374,0.8670458922262174
2007-12-27,0.8347577355214719,0.8372550596932636
2007-12-28,0.7883203754505883,0.7906262864194172
2007-12-31,0.6871029812490258,0.6889916775960482
2008-01-02,0.40826850277032134,0.40900785297577585
2008-01-03,0.3825091222874376,0.3831422932114463
2008-01-04,0.3961628627586558,0.39685231393184384
2008-01-07,0.4094216648649336,0.41016576836492785
2008-01-08,0.3992142695101295,0.399916298477123
2008-01-09,0.5458086699313426,0.5471149559809566
2008-01-10,0.6434706446791565,0.6451794900337271
2008-01-11,0.7251994807061432,0.7272452095152095
2008-01-14,0.7136608385995215,0.7156590055222081
2008-01-15,0.6817357058804199,0.6836022785027533
2008-01-16,0.6700123833440544,0.6718306328336209
2008-01-17,0.6555291591311755,0.6572877092680746
2008-01-18,0.5859891912793569,0.5874611000576575
2008-01-22,0.7639937767606695,0.7661994143253832
2008-01-23,0.8007489169441966,0.8031060579341079
2008-01-24,0.7751929188981865,0.7774447189420702
2008-01-25,0.7717221114538307,0.7739596049486605
2008-01-28,0.718355308037483,0.7203728254019252
2008-01-29,0.7831377595822172,0.7854223079864736
2008-01-30,0.7774494941238775,0.779710595693322
2008-01-31,0.816695372041871,0.819118243771891
2008-02-01,0.8937083388575322,0.8964486553911618
2008-02-04,0.8765147633285745,0.8791842085345197
2008-02-05,0.8727474132305788,0.8754013295488389
2008-02-06,0.8709723887387494,0.873618988467031
2008-02-07,0.8793357652992702,0.8820168385784295
2008-02-08,0.869458123200816,0.8720984811785694
2008-02-11,0.8173498712110218,0.8197754407641331
2008-02-12,0.8669270397705481,0.8695569647093515
2008-02-13,0.8623605372488705,0.8649716392211514
2008-02-14,0.857035869455352,0.8596250233299048
2008-02-15,0.8974440583878887,0.9001997734290903
2008-02-19,0.8966100848059224,0.8993623622366684
2008-02-20,0.9348187854247529,0.9377285578068772
2008-02-21,0.9054728640141324,0.9082616735163141
2008-02-22,0.9156706429788068,0.9185014873755596
2008-02-25,0.9393319047363942,0.9422602800412831
2008-02-26,0.9166536998897374,0.9194885964133064
2008-02-27,0.9174666934475457,0.9203049411026314
2008-02-28,0.831751961763038,0.8342368962386539
2008-02-29,0.8040217639693209,0.8063923955222386
2008-03-03,0.7828019761288909,0.7850851404452878
2008-03-04,0.8500748661390587,0.852635326997071
2008-03-05,0.8342482199456012,0.8367434439116923
2008-03-06,0.7702167199084773,0.7724480082310713
2008-03-07,0.7809007419323716,0.7831760694267229
2008-03-10,0.7749442730824698,0.7771950482168427
2008-03-11,0.8710304663182862,0.8736773054403555
2008-03-12,0.7837777828875658,0.7860649694459003
2008-03-13,0.7746335482362449,0.7768830425734758
2008-03-14,0.7082907270027575,0.7102667585099202
2008-03-17,0.6738939017216271,0.6757281506966053
2008-03-18,0.6827998705944361,0.6846708296671637
2008-03-19,0.6761433788147937,0.6779869000570742
2008-03-20,0.7975636020710511,0.7999076133024796
2008-03-24,0.8473084423097473,0.8498575000637694
2008-03-25,0.8440311874802673,0.8465667365024648
2008-03-26,0.8079571198357847,0.8103439727903938
2008-03-27,0.8223978723893602,0.8248442496299162
2008-03-28,0.8540282181753269,0.8566049746146244
2008-03-31,0.9139554653462945,0.916779239839767
2008-04-01,0.9200199921744426,0.9228687644391679
2008-04-02,0.8834880687260086,0.8861862576572501
2008-04-03,0.8577652676408359,0.8603574280696524
2008-04-04,0.8430935656141242,0.8456252497911994
2008-04-07,0.818758621871966,0.8211899982469074
2008-04-08,0.7424959110917119,0.7446129351926483
2008-04-09,0.6914453989845697,0.6933519946283241
2008-04-10,0.7850644400825605,0.7873569301976526
2008-04-11,0.6575827729337043,0.6593497879961502
2008-04-14,0.5723609788625778,0.5737767126174624
2008-04-15,0.62160310985971,0.623221817986964
2008-04-16,0.7185038908862214,0.7205220207040617
2008-04-17,0.7078921333962124,0.7098665219142216
2008-04-18,0.6414997235004178,0.6432004447855961
2008-04-21,0.6289994749548885,0.6306486706449796
2008-04-22,0.612968623551822,0.614551740623133
2008-04-23,0.6460480533009729,0.6477675226453417
2008-04-24,0.6933463525597197,0.695260783868808
2008-04-25,0.7429612492597153,0.7450801914685945
2008-04-28,0.7101686460905485,0.7121524183156794
2008-04-29,0.6208859080804427,0.6225016599266004
2008-04-30,0.621733552666468,0.6233527984744904
2008-05-01,0.6437709515180818,0.6454810347271261
2008-05-02,0.6891919259973139,0.6910892329028278
2008-05-05,0.6945752828000664,0.6964947797173883
2008-05-06,0.7227863365432496,0.7248221184549747
2008-05-07,0.6841403121140005,0.686016796440624
2008-05-08,0.7080200241010185,0.7099949397801195
2008-05-09,0.6269461090004774,0.6285868407866432
2008-05-12,0.675859904689501,0.6777022574611752
2008-05-13,0.6557166000064508,0.6574759227681987
2008-05-14,0.771036716394794,0.7732713847147354
2008-05-15,0.7764073045877703,0.778664110287749
2008-05-16,0.7701769801022883,0.7724081046187664
2008-05-19,0.7899586498545388,0.7922713137341816
2008-05-20,0.7773272800190706,0.7795878778261734
2008-05-21,0.7742205588281403,0.7764683508372184
2008-05-22,0.8451560177171404,0.8476962032509334
2008-05-23,0.7799280282881972,0.7821993462903226
2008-05-27,0.8170232056080597,0.8194474286567776
2008-05-28,0.8137862116712187,0.8161970919421284
2008-05-29,0.8159568776724859,0.8183767053540846
2008-05-30,0.8784913473467603,0.8811689399641275
2008-06-02,0.8781364517185614,0.8808125814683407
2008-06-03,0.8861962948196038,0.8889056469657682
2008-06-04,0.9283741288552764,0.9312573365844127
2008-06-05,0.9248644881325457,0.9277332292431887
2008-06-06,0.8020142400068815,0.80437659661499
2008-06-09,0.8821367287821621,0.8848293475365773
2008-06-10,0.9095007829840226,0.9123061954298283
2008-06-11,0.8250290942714508,0.8274863173182151
2008-06-12,0.8668867298774731,0.869516488660282
2008-06-13,0.8929345700192775,0.8956716971043368
2008-06-16,0.8506333097939557,0.8531960725375295
2008-06-17,0.8029097593721037,0.8052758072802721
2008-06-18,0.7671188670998015,0.7693373861795378
2008-06-19,0.8597245308791408,0.8623247673237195
2008-06-20,0.8255599347003614,0.8280193458531379
2008-06-23,0.8096039467373302,0.8119975878558545
2008-06-24,0.767025606138248,0.7692437407995045
2008-06-25,0.7968343972297812,0.7991754027039042
2008-06-26,0.7003986988899049,0.7023421997282989
2008-06-27,0.7231792244202319,0.725216625802289
2008-06-30,0.688133492361491,0.6900264364399181
2008-07-01,0.798198384912895,0.800545012697391
2008-07-02,0.6875837664772027,0.6894744446044193
2008-07-03,0.7114818982938559,0.713471083699455
2008-07-07,0.6716532902822425,0.6734783035338386
2008-07-08,0.8569620032127597,0.859550852613198
2008-07-09,0.8533195332974416,0.8558933685620177
2008-07-10,0.8148332599727487,0.8172484561407883
2008-07-11,0.7258506190866528,0.7278990318657553
2008-07-14,0.7136443573364514,0.7156424563239377
2008-07-15,0.8047060976567946,0.8070795500096634
2008-07-16,0.9192307787253696,0.9220762978793694
2008-07-17,0.9488900954767597,0.9518578693155306
2008-07-18,0.9362032787993669,0.9391187580156203
2008-07-21,0.9291255478701874,0.93201185292269
2008-07-22,0.9663889893386788,0.969428893016814
2008-07-23,0.9474209983897738,0.9503827166608196
2008-07-24,0.9157712308283819,0.9186024898447951
2008-07-25,0.8932259886094917,0.8959643169119689
2008-07-28,0.8575203754051133,0.8601115263965469
2008-07-29,0.9193896520651267,0.9222358260895752
2008-07-30,0.939074208060247,0.9420015211482894
2008-07-31,0.914029902166574,0.9168539834860626
2008-08-01,0.9596393386717347,0.9626514205216896
2008-08-04,0.9444574128431914,0.9474069153164214
2008-08-05,0.9656136302055722,0.9686503378799964
2008-08-06,0.9725757499264926,0.9756411552192389
2008-08-07,0.9650623297090819,0.9680967649417983
2008-08-08,0.9659712266718675,0.9690094083466414
2008-08-11,0.9657441293110047,0.9687813748982586
2008-08-12,0.9406633798147988,0.9435972434142211
2008-08-13,0.9602858006004172,0.9633005471442345
2008-08-14,0.9468380256717974,0.9497973409493264
2008-08-15,0.9476908008703894,0.9506536312579918
2008-08-18,0.9382996045154195,0.9412237247142599
2008-08-19,0.9574722927064542,0.9604754420673841
2008-08-20,0.9567394880150288,0.9597396167801946
2008-08-21,0.9601882391009517,0.9632025834996196
2008-08-22,0.9728670434934209,0.9759336494882432
2008-08-25,0.9617625291526349,0.9647833627208148
2008-08-26,0.9601266993485146,0.963140790082437
2008-08-27,0.9611016590410429,0.9641197685253254
2008-08-28,0.9505867642446705,0.9535615316938175
2008-08-29,0.9570653082716591,0.9600667800567299
2008-09-02,0.9531453344905351,0.9561306482783417
2008-09-03,0.9494602427308048,0.9524303666969708
2008-09-04,0.9296771944168195,0.9325657733374366
2008-09-05,0.9554804179889304,0.958475356910701
2008-09-08,0.950582190529516,0.9535569391259663
2008-09-09,0.9203981455827629,0.9232484765828466
2008-09-10,0.9347845678764415,0.9376941992150071
2008-09-11,0.9278624369536518,0.9307435355063476
2008-09-12,0.9454913557164604,0.9484451200666952
2008-09-15,0.9773450685420211,0.9804301328022614
2008-09-16,0.9569933742647135,0.9599945495402787
2008-09-17,0.9925811670156729,0.9957290339504203
2008-09-18,0.9864513832657363,0.9895739834424412
2008-09-19,0.9735433627345954,0.9766127564940965
2008-09-22,0.976957164730987,0.9800406300650438
2008-09-23,0.9870088145598869,0.990133712449237
2008-09-24,0.9894755113193475,0.9926105768480024
2008-09-25,0.9877459388954897,0.9908738751860289
2008-09-26,0.9906496394529328,0.9937895446974199
2008-09-29,0.9912227738660511,0.9943650415509002
2008-09-30,0.9948931445014034,0.9980505413279243
2008-10-01,0.9904512537671406,0.9935903412726459
2008-10-02,0.9923949559394284,0.9955420553185164
2008-10-03,0.991311390228331,0.9944540231867813
2008-10-06,0.994074572228427,0.9972285949281589
2008-10-07,0.9940468576269148,0.9972007660880113
2008-10-08,0.9949836009237724,0.9981413706085588
2008-10-09,0.9955617856224229,0.998721938564675
2008-10-10,0.9959779517347332,0.9991398200994038
2008-10-13,0.9955342628933305,0.9986943023878387
2008-10-14,0.9937076300025673,0.9968601401790497
2008-10-15,0.9935508729954341,0.9967027370249181
2008-10-16,0.9945079782126922,0.9976637873970026
2008-10-17,0.9924375493576589,0.9955848243053537
2008-10-20,0.9888127660239405,0.9919450997392548
2008-10-21,0.9887155974589701,0.9918475306487976
2008-10-22,0.9880981696754415,0.9912275578491556
2008-10-23,0.9879912651831431,0.9911202127002123
2008-10-24,0.9911676809483401,0.994309721542075
2008-10-27,0.9917378561021676,0.9948822469382995
2008-10-28,0.9914057505429779,0.9945487724514035
2008-10-29,0.9921325538210182,0.9952785715875883
2008-10-30,0.9919113156618804,0.9950564214923586
2008-10-31,0.990342832081649,0.9934814726766912
2008-11-03,0.9909545005446238,0.9940956624160578
2008-11-04,0.9905567465782815,0.9936962689215303
2008-11-05,0.9910001846876416,0.9941415348675439
2008-11-06,0.9919708431643517,0.9951161943651502
2008-11-07,0.9915179442653861,0.9946614286324814
2008-11-10,0.9918340969418072,0.994978884479374
2008-11-11,0.9917980612461349,0.9949427002458021
2008-11-12,0.9922661310623646,0.9954126994297348
2008-11-13,0.9910278333109138,0.9941692974574914
2008-11-14,0.9923079994081785,0.9954547403554318
2008-11-17,0.9935844368842496,0.9967364392629302
2008-11-18,0.9916239700808569,0.9947678914827213
2008-11-19,0.9908493557893583,0.9939900842577233
2008-11-20,0.9905347679109401,0.9936741996588772
2008-11-21,0.9884707047654016,0.9916016285159589
2008-11-24,0.9864383013609853,0.9895608476145282
2008-11-25,0.9838233431122398,0.9869351105977123
2008-11-26,0.9829096956034178,0.9860176970652451
2008-11-28,0.9816465240575679,0.9847493187696766
2008-12-01,0.9689391631064747,0.9719895785132754
2008-12-02,0.9645752986027075,0.9676077263099343
2008-12-03,0.9615029929619155,0.964522756730833
2008-12-04,0.9527432957377311,0.9557269523356099
2008-12-05,0.9452938437117747,0.9482467939243114
2008-12-08,0.9390166986248005,0.9419437746609257
2008-12-09,0.9277912504550845,0.9306720555794786
2008-12-10,0.9462908237299189,0.9492478834598413
2008-12-11,0.9467653350270592,0.9497243506762477
2008-12-12,0.9408656264103177,0.943800323663259
2008-12-15,0.9107296333141813,0.9135401110388336
2008-12-16,0.8572340249631375,0.8598239956278861
2008-12-17,0.7838893377127559,0.7861769840962476
2008-12-18,0.8226000480259746,0.8250472586275595
2008-12-19,0.88160448676442,0.8842949116355221
2008-12-22,0.8948594000004738,0.8976044611685926
2008-12-23,0.9099165901808952,0.9127237165696823
2008-12-24,0.9103301933972151,0.9131390246442515
2008-12-26,0.874926195144205,0.8775890923266659
2008-12-29,0.85066387562066,0.8532267643555215
2008-12-30,0.8052022189858299,0.8075777163337738
2008-12-31,0.8744550352136449,0.8771159902910577
2009-01-02,0.9281344228371595,0.9310166425063238
2009-01-05,0.9480107172633011,0.9509748663352852
2009-01-06,0.9510169537388325,0.9539934944142964
2009-01-07,0.9492334500660689,0.9522026392006617
2009-01-08,0.9307801734351866,0.9336732987974271
2009-01-09,0.9192090157562739,0.9220544452040627
2009-01-12,0.9050809039027992,0.9078680977588669
2009-01-13,0.9049749558916057,0.9077617130336109
2009-01-14,0.8788196817945957,0.8814986277952777
2009-01-15,0.8464971794685818,0.8490428932250417
2009-01-16,0.8988340557221077,0.9015955002845708
2009-01-20,0.8991689779997304,0.9019318031003164
2009-01-21,0.9373886586030677,0.9403090239141509
2009-01-22,0.9450891572337813,0.9480412637356872
2009-01-23,0.9293092788587661,0.9321963412440919
2009-01-26,0.9247844337120802,0.9276528448411521
2009-01-27,0.9371259829633811,0.9400452655345011
2009-01-28,0.953089164407593,0.9560742466642473
2009-01-29,0.9650599169362594,0.9680943422236091
2009-01-30,0.9593513328258945,0.9623622275256466
2009-02-02,0.9299490112755385,0.9328387106159097
2009-02-03,0.9404988283729313,0.9434320136969631
2009-02-04,0.9500754202241461,0.9530480799308066
2009-02-05,0.9501984845476068,0.953171651521181
2009-02-06,0.9687050769185215,0.9717545274300969
2009-02-09,0.9671153932468898,0.9701582911369807
2009-02-10,0.9477353321617569,0.9506983461058126
2009-02-11,0.9233213132750749,0.9261836934719676
2009-02-12,0.9404182889766327,0.9433511423200397
2009-02-13,0.9423237099078742,0.9452644173309033
2009-02-17,0.8630941463791759,0.8657082722630904
2009-02-18,0.8721269127973297,0.8747782714341197
2009-02-19,0.8890569804048545,0.8917781241987289
2009-02-20,0.8586578924858846,0.8612537322836483
2009-02-23,0.8688435844983308,0.8714814093686636
2009-02-24,0.8593964758642421,0.861995360077319
2009-02-25,0.9042441506732888,0.9070278954612893
2009-02-26,0.901516814410914,0.9042893172125324
2009-02-27,0.8998870795327399,0.9026528646231763
2009-03-02,0.8459783717342516,0.848521946983053
2009-03-03,0.8170936892463181,0.8195182028261715
2009-03-04,0.7387071252564137,0.740808532112292
2009-03-05,0.6975400735563468,0.6994717912393175
2009-03-06,0.6665043321475062,0.6683081215705515
2009-03-09,0.6881226999064175,0.6900155994987155
2009-03-10,0.7369816099272194,0.7390759042681869
2009-03-11,0.8197189376626062,0.8221542724262472
2009-03-12,0.7163410537317441,0.718350268409133
2009-03-13,0.6680681365213154,0.6698783718922686
2009-03-16,0.6916776826749432,0.6935852357840898
2009-03-17,0.5887265256584309,0.5902097176350071
2009-03-18,0.20808515493753577,0.20799935626006505
2009-03-19,0.19388505056748503,0.1937407195476131
2009-03-20,0.2135398786811818,0.21347656418759783
2009-03-23,0.23000285150281885,0.23000739681765786
2009-03-24,0.24701187426738683,0.24708653018975527
2009-03-25,0.3804779129044779,0.3811027112531876
2009-03-26,0.39454224483991973,0.3952250158817193
2009-03-27,0.4073417956567378,0.408077326007305
2009-03-30,0.39793187363068033,0.39862861660591253
2009-03-31,0.3376731197501434,0.33812147821193184
2009-04-01,0.4373514314001942,0.4382106604383835
2009-04-02,0.4130805633680392,0.41383974872197016
2009-04-03,0.41866046909442867,0.4194426546280789
2009-04-06,0.4379420996627695,0.438803763415246
2009-04-07,0.4796983796469189,0.48073216135104857
2009-04-08,0.42061103550407675,0.4214012612054603
2009-04-09,0.4776013506360422,0.47862648845862765
2009-04-13,0.3598638965480843,0.3604037246295204
2009-04-14,0.2914653059822569,0.2917231974230579
2009-04-15,0.3602544004495073,0.3607958381746102
2009-04-16,0.40011823594413304,0.4008239910297138
2009-04-17,0.5210668411808372,0.5222711422622907
2009-04-20,0.506349644508819,0.5074932818111662
2009-04-21,0.5799443728181343,0.5813913650623936
2009-04-22,0.5398770446889373,0.5411588807830696
2009-04-23,0.4491774984152618,0.45008547409542965
2009-04-24,0.39305834864687905,0.3937350031195468
2009-04-27,0.3749977336296335,0.3755999428676313
2009-04-28,0.4440104002508184,0.4448970773298563
2009-04-29,0.4609779057542335,0.4619345223080766
2009-04-30,0.43047799699104833,0.43130889396872424
2009-05-01,0.29413848068986403,0.294407390864979
2009-05-04,0.2855904071512129,0.2858240824608511
2009-05-05,0.3120408606568044,0.31238356382714777
2009-05-06,0.3041597766071627,0.30446999421979004
2009-05-07,0.4147276215462387,0.41549359601739927
2009-05-08,0.34308467827211103,0.34355534299222523
2009-05-11,0.30407584310267904,0.3043857147442843
2009-05-12,0.3297633289593579,0.33017908353522946
2009-05-13,0.32933806815410677,0.32975206981954797
2009-05-14,0.3177753399675442,0.3181416804646115
2009-05-15,0.3180141707102575,0.3183814956594418
2009-05-18,0.29183343954348995,0.292092848418184
2009-05-19,0.3117484646533129,0.3120899625773745
2009-05-20,0.3203684201617994,0.32074544924634807
2009-05-21,0.4506412105864955,0.4515552196379507
2009-05-22,0.478321321847134,0.4793494273663186
2009-05-26,0.5480790478330683,0.5493946923023996
2009-05-27,0.5472172276742814,0.5485293197505241
2009-05-28,0.5162893341260772,0.5174739424875713
2009-05-29,0.4566546265236205,0.4575934226689914
2009-06-01,0.3356252822120298,0.33606519955783487
2009-06-02,0.32862675436522526,0.32903782401966425
2009-06-03,0.3365200013671824,0.336963606714609
2009-06-04,0.3348295066629918,0.3352661438493208
2009-06-05,0.3692566369731673,0.3698351816079694
2009-06-08,0.3954236492733027,0.3961100534338981
2009-06-09,0.3496990443311972,0.35019697324098553
2009-06-10,0.4408751146174156,0.44174886815677816
2009-06-11,0.4185183475406689,0.4192999472541568
2009-06-12,0.38246443892851245,0.38309742566925065
2009-06-15,0.40214112622186615,0.4028552195916799
2009-06-16,0.3538967605784667,0.3544119923304233
2009-06-17,0.336525364795563,0.33696899225085714
2009-06-18,0.3985486256548761,0.3992479108607649
2009-06-19,0.3643685761413168,0.3649269723572882
2009-06-22,0.43162202563292107,0.4324576382573583
2009-06-23,0.35598702461683024,0.3565108723653468
2009-06-24,0.3517734258085085,0.3522799052474857
2009-06-25,0.31330340048271854,0.31365130779885264
2009-06-26,0.2238957202128626,0.22387509214232096
2009-06-29,0.23237999110738225,0.23239433491001005
2009-06-30,0.24787994542988934,0.24795817951176902
2009-07-01,0.21931416048649374,0.219274647384149
2009-07-02,0.23368505294733202,0.2337047761700317
2009-07-06,0.24470255263169846,0.24476768960961606
2009-07-07,0.29132487185006456,0.291582184426197
2009-07-08,0.225974809863331,0.22596275172890617
2009-07-09,0.2050332293751634,0.20493485076536652
2009-07-10,0.16635867673751056,0.16610088295031716
2009-07-13,0.21029389724260103,0.2102172029250355
2009-07-14,0.26560953312412394,0.2657608479574197
2009-07-15,0.2861221429189232,0.28635801002512934
2009-07-16,0.22964373855934095,0.22964680362296344
2009-07-17,0.2680741592587538,0.26823563319630994
2009-07-20,0.22755545765656052,0.22754991489803986
2009-07-21,0.18643061518963747,0.18625555724321816
2009-07-22,0.18745342220073138,0.1872825802296756
2009-07-23,0.20408992296996548,0.2039876560835715
2009-07-24,0.18877299092421185,0.18860758817010348
2009-07-27,0.19738210385310104,0.19725218756673915
2009-07-28,0.19399134676699314,0.19384745389640404
2009-07-29,0.22165330830531796,0.22162343708992635
2009-07-30,0.1701695787202851,0.16992749334014987
2009-07-31,0.1413609621632035,0.14100012865527417
2009-08-03,0.14040293896708897,0.14003815652045595
2009-08-04,0.15448582934022811,0.15417909608392766
2009-08-05,0.156370367725425,0.15607140247160933
2009-08-06,0.1785389031474589,0.17833131583510348
2009-08-07,0.20381617728477455,0.20371278202807014
2009-08-10,0.1717080481188267,0.17147230425670165
2009-08-11,0.1578041664702424,0.15751111128559797
2009-08-12,0.1892311213097536,0.18906760695335642
2009-08-13,0.1443755808712449,0.1440271735180698
2009-08-14,0.17586754755968478,0.17564894901136485
2009-08-17,0.18455784444432702,0.1843750670012303
2009-08-18,0.15546564669734994,0.15516295221453616
2009-08-19,0.09448951329133647,0.09393547728131882
2009-08-20,0.09907896891048089,0.09854385047886509
2009-08-21,0.12936776129676592,0.12895749222686415
2009-08-24,0.1188462952870681,0.11839265709571525
2009-08-25,0.12517843712197796,0.12475089980174235
2009-08-26,0.13229739854429387,0.13189920533848543
2009-08-27,0.11680867310989317,0.11634663590992386
2009-08-28,0.12014157577955632,0.11969327668989711
2009-08-31,0.10992084129837947,0.10943041269229883
2009-09-01,0.05968558335470002,0.05898808674109304
2009-09-02,0.04324881048218654,0.04248356205544684
2009-09-03,0.05332559053465058,0.05260187824912238
2009-09-04,0.08445607922275465,0.083860685742182
2009-09-08,0.0676609001078459,0.0669962774759216
2009-09-09,0.06825719883889902,0.06759503412985965
2009-09-10,0.039651611264987105,0.038871535306647664
2009-09-11,0.04607155100607841,0.04531793781880939
2009-09-14,0.054614143926098854,0.0538957430133849
2009-09-15,0.06062737680312398,0.05993376222975825
2009-09-16,0.06964079245113737,0.06898433086743744
2009-09-17,0.047598915991126,0.04685159854985621
2009-09-18,0.06175802628677896,0.06106907221174398
2009-09-21,0.05968919517631134,0.05899171345050897
2009-09-22,0.05126074383028349,0.05052852031757298
2009-09-23,0.06017725316545679,0.05948178319791956
2009-09-24,0.06190484040675055,0.061216491494474626
2009-09-25,0.047728542323368754,0.04698175919738746
2009-09-28,0.03518208571262825,0.034383586523502326
2009-09-29,0.02816700630393839,0.027339591198476867
2009-09-30,0.024312945461724675,0.023469644049869003
2009-10-01,0.05296415601414942,0.052238953907943975
2009-10-02,0.05954107386601382,0.058842981589258776
2009-10-05,0.05946622458990019,0.05876782378700028
2009-10-06,0.06833416049265696,0.06767231301691053
2009-10-07,0.06011575347635111,0.05942003000920807
2009-10-08,0.06545307873977986,0.06477935554402105
2009-10-09,0.08493833223965919,0.08434492658945553
2009-10-12,0.09100000296865164,0.09043158331695804
2009-10-13,0.07532736611392074,0.07469434439150956
2009-10-14,0.09880103311711187,0.09826476904370365
2009-10-15,0.09963870158582329,0.09910589035306691
2009-10-16,0.10463377147775017,0.10412154975149411
2009-10-19,0.10285350701559198,0.10233394710037982
2009-10-20,0.09790109578795857,0.09736112220379486
2009-10-21,0.13856935376229418,0.13819701334043563
2009-10-22,0.1228147275997553,0.12237744715006893
2009-10-23,0.18088809515800847,0.1806901911344194
2009-10-26,0.2458674630795654,0.24593740177833126
2009-10-27,0.1959346195059098,0.1957987367387938
2009-10-28,0.25083141830834493,0.2509218182600385
2009-10-29,0.1927314082715152,0.19258232197773004
2009-10-30,0.27501253015615756,0.27520260382020095
2009-11-02,0.31334289569057455,0.31369096580459865
2009-11-03,0.3783528046515449,0.3789688433770393
2009-11-04,0.3468327289311106,0.3473188429872855
2009-11-05,0.2547781051480255,0.2548847732072928
2009-11-06,0.20119926789747355,0.20108508583017262
2009-11-09,0.17344775408410948,0.1732191812302097
2009-11-10,0.13627238135959235,0.1358905728963971
2009-11-11,0.18419500420542698,0.18401073114733005
2009-11-12,0.3158594621980822,0.3162179055127994
2009-11-13,0.2909929456753995,0.29124889006324256
2009-11-16,0.34995440648997783,0.35045338799381226
2009-11-17,0.325889533416495,0.3262893203402143
2009-11-18,0.2997068141955702,0.29999867685010834
2009-11-19,0.2750322653885925,0.275222420400586
2009-11-20,0.24442534436394883,0.24448933869890963
2009-11-23,0.23578383709893175,0.23581221143780537
2009-11-24,0.20133566509441514,0.2012220452516744
2009-11-25,0.15877018996044245,0.1584811166914391
2009-11-27,0.24864143579101827,0.24872280871000726
2009-11-30,0.18745964185655226,0.1872888255227041
2009-12-01,0.09536074595181475,0.09481030113289438
2009-12-02,0.13650921331545207,0.13612838106544306
2009-12-03,0.17215356890093522,0.17191966146016918
2009-12-04,0.16378453079087968,0.16351612646252317
2009-12-07,0.15336412787428483,0.15305277100307524
2009-12-08,0.14388979980646865,0.14353939008043243
2009-12-09,0.22875595895327439,0.22875536461985832
2009-12-10,0.24014482024824804,0.24019117040985155
2009-12-11,0.24776241916022432,0.24784016880285778
2009-12-14,0.22096224071902187,0.2209295209467796
2009-12-15,0.2063408755837795,0.20624788704673333
2009-12-16,0.2905852788021314,0.2908395428011273
2009-12-17,0.18802795444752465,0.1878594806786534
2009-12-18,0.15035870639129376,0.15003496127597568
2009-12-21,0.1604954300464222,0.16021346815778656
2009-12-22,0.09613853678347545,0.09559129799164395
2009-12-23,0.07935732879772095,0.07874091844305224
2009-12-24,0.10362158740903242,0.10310519349481637
2009-12-28,0.10801138548287188,0.10751308616551472
2009-12-29,0.09680093924369673,0.09625643085205095
2009-12-30,0.10127248803425486,0.10074641121311391
2009-12-31,0.1306991936962382,0.13029441274494874
2010-01-04,0.22273250401023423,0.22270708120246496
2010-01-05,0.20624802461679959,0.2061546533512572
2010-01-06,0.21729731810041825,0.2172494916430421
2010-01-07,0.25674692341153293,0.2568617068720481
2010-01-08,0.2536497950744803,0.25375181227838495
2010-01-11,0.2810871032280669,0.2813022160736346
2010-01-12,0.3180851223104601,0.318452739719703
2010-01-13,0.43487378161948864,0.43572279787039586
2010-01-14,0.41711142971173304,0.4178872301582615
2010-01-15,0.4064215024361536,0.4071532393696801
2010-01-19,0.4384990892487313,0.4393630488931471
2010-01-20,0.5851231307808551,0.5865914696875324
2010-01-21,0.6609866339157461,0.6627676795762281
2010-01-22,0.6097225867436695,0.6112923237627674
2010-01-25,0.6620891633950838,0.6638747536442048
2010-01-26,0.7077171242567318,0.7096907913930801
2010-01-27,0.6897352410196317,0.6916347874510032
2010-01-28,0.7362754380379117,0.7383668215626105
2010-01-29,0.7445389034976065,0.7466643487430576
2010-02-01,0.6413477135651912,0.6430478082706385
2010-02-02,0.57433646217639,0.575760338805631
2010-02-03,0.5931566035632665,0.5946580561687813
2010-02-04,0.6254902466881469,0.6271249774598741
2010-02-05,0.548058931652024,0.5493744932031481
2010-02-08,0.5870019395867557,0.5884780228787887
2010-02-09,0.586481133341868,0.5879550698884507
2010-02-10,0.6764644170279611,0.6783092615787278
2010-02-11,0.6870098582800744,0.6888981707774178
2010-02-12,0.7591066158012354,0.7612921086563617
2010-02-16,0.5839968331695184,0.5854605295161331
2010-02-17,0.6572353868289768,0.6590009699778326
2010-02-18,0.6073825451807944,0.6089426366289569
2010-02-19,0.6011112439612231,0.6026454853211948
2010-02-22,0.49504778717489406,0.49614483860956016
2010-02-23,0.46890343031569515,0.4698927156095173
2010-02-24,0.42124904946775105,0.4220419050407753
2010-02-25,0.35774338024274194,0.3582744676288129
2010-02-26,0.28664843438909937,0.28688647085066604
2010-03-01,0.2456932862881436,0.24576250703615868
2010-03-02,0.2604210840098287,0.2605510122341127
2010-03-03,0.24835363554665135,0.2484338221629198
2010-03-04,0.17859535312811398,0.17838799850063958
2010-03-05,0.20031661313606855,0.2001987927961627
2010-03-08,0.17372881561751657,0.1735014012896023
2010-03-09,0.15669588609214088,0.15639826261385037
2010-03-10,0.18851098225745846,0.18834449951262644
2010-03-11,0.1614153769969397,0.16113720709803142
2010-03-12,0.10549324401228054,0.10498456500228659
2010-03-15,0.14279659215862758,0.1424416762682216
2010-03-16,0.12836824569581107,0.12795385665693823
2010-03-17,0.1047402414910776,0.10422845863055893
2010-03-18,0.17673860796137927,0.17652359989411184
2010-03-19,0.1632992034224759,0.16302879859137914
2010-03-22,0.15867675718272845,0.15838729878702504
2010-03-23,0.22904317738739713,0.22904376695849976
2010-03-24,0.4564817240628206,0.45741980751018774
2010-03-25,0.5667483884212198,0.568140987271113
2010-03-26,0.4943063786136966,0.49540037398774284
2010-03-29,0.4015698883161407,0.4022816270629307
2010-03-30,0.3436795587752899,0.3441526755724025
2010-03-31,0.3277211017958014,0.32812843838146083
2010-04-01,0.6922692880703952,0.6941792797566586
2010-04-05,0.725198812124772,0.727244538177969
2010-04-06,0.7424422263508137,0.7445590291650923
2010-04-07,0.7817418046892756,0.7840205990154181
2010-04-08,0.7566617919573255,0.7588372073325534
2010-04-09,0.7677287954997841,0.7699498286834324
2010-04-12,0.762054905763688,0.7642525513687576
2010-04-13,0.7075233156458145,0.7094961839097265
2010-04-14,0.7515977570752155,0.7537522986726227
2010-04-15,0.7617715773306687,0.7639680550656706
2010-04-16,0.7329126753138551,0.7349901976461253
2010-04-19,0.7285149527862036,0.7305743478572885
2010-04-20,0.654052070943041,0.6558045325731705
2010-04-21,0.7178474005830742,0.7198628243704371
2010-04-22,0.7536151108493553,0.755777967909718
2010-04-23,0.7808681143597491,0.783143307364367
2010-04-26,0.7950141783540001,0.7973476809484465
2010-04-27,0.6320125960381848,0.6336742117098724
2010-04-28,0.8082661559130068,0.81065428270371
2010-04-29,0.7998917317734375,0.8022453394755217
2010-04-30,0.6746603836086881,0.676497791995674
2010-05-03,0.6890953457394129,0.6909922545444215
2010-05-04,0.41315714342835763,0.41391664444266646
2010-05-05,0.40842123395641605,0.4091612137145729
2010-05-06,0.1508086563849812,0.15048676594808008
2010-05-07,0.19793073487639684,0.19780308002826602
2010-05-10,0.44561340747701345,0.4465066920967701
2010-05-11,0.462573662068894,0.46353685627544755
2010-05-12,0.6648584038058337,0.6666554087687968
2010-05-13,0.5800301578345375,0.5814775036816875
2010-05-14,0.3338118684538451,0.3342443109704346
2010-05-17,0.3859755892058867,0.3866230487874507
2010-05-18,0.2564414886848791,0.2565550131539435
2010-05-19,0.2004828906204313,0.20036575567060388
2010-05-20,0.1192370755210301,0.11878504811237729
2010-05-21,0.12278051104792267,0.12234308955878509
2010-05-24,0.12813870050925177,0.12772336529300543
2010-05-25,0.11039243980469811,0.10990395511145983
2010-05-26,0.13503140998198526,0.13464448627740225
2010-05-27,0.2221254185865553,0.22209749339352466
2010-05-28,0.21205445916641122,0.21198502182461557
2010-06-01,0.13208172271957783,0.13168264050542894
2010-06-02,0.1620336036772158,0.16175798208744588
2010-06-03,0.2096131511501986,0.20953365082062567
2010-06-04,0.11692846913334588,0.11646692572846994
2010-06-07,0.12590302651381646,0.1254784759261624
2010-06-08,0.1284106989579425,0.12799648490995777
2010-06-09,0.13466210185717492,0.13427365587718817
2010-06-10,0.22157329658194413,0.2215430955609774
2010-06-11,0.1836035235531957,0.18341681243216926
2010-06-14,0.21824594981404827,0.21820203358400764
2010-06-15,0.25178784255387004,0.2518821848534479
2010-06-16,0.19393682425311842,0.19379270664260012
2010-06-17,0.18569911998357103,0.18552104683904114
2010-06-18,0.20818522118800512,0.20809983498018128
2010-06-21,0.22433894046197167,0.22432013933007103
2010-06-22,0.15733943614186935,0.15704446535477612
2010-06-23,0.1562596512878404,0.15596022966467238
2010-06-24,0.14052640799260635,0.14016213448105502
2010-06-25,0.10306888319726626,0.1025502110552762
2010-06-28,0.10449127800906348,0.10397846892962452
2010-06-29,0.14583225495302443,0.1454898519603737
2010-06-30,0.16981983190425765,0.1695763048797615
2010-07-01,0.11433736060988442,0.11386513674468637
2010-07-02,0.10778294211998739,0.10728370116693606
2010-07-06,0.1067203947212043,0.10621677398427658
2010-07-07,0.09240748701996893,0.09184486896918395
2010-07-08,0.10520253617305524,0.1046926588753346
2010-07-09,0.09799610465199758,0.09745652269110763
2010-07-12,0.12658018675249064,0.1261584273960781
2010-07-13,0.09716220661480426,0.09661918735485167
2010-07-14,0.08213156866422185,0.08152659363098018
2010-07-15,0.08244183289649432,0.08183813676175966
2010-07-16,0.08429817443731534,0.08370213007864157
2010-07-19,0.08189406545256153,0.08128811143924028
2010-07-20,0.10199480721476367,0.10147170776847116
2010-07-21,0.09114215590534946,0.09057432220317758
2010-07-22,0.04969921165076946,0.048960551556057864
2010-07-23,0.045052965185985734,0.04429515342295748
2010-07-26,0.04956647145890986,0.04882726421368741
2010-07-27,0.0685723750954653,0.06791150953212832
2010-07-28,0.06089828520777167,0.06020578730954346
2010-07-29,0.04654315559324528,0.045791486343883664
2010-07-30,0.027105666925390327,0.02627387701547032
2010-08-02,0.012993733034219605,0.012103774217583435
2010-08-03,0.008228310638722054,0.00731870891467684
2010-08-04,0.010165484293030939,0.009263867532241612
2010-08-05,0.010562604319922148,0.009662624474241516
2010-08-06,0.011117479764663821,0.010219787096504937
2010-08-09,0.007312586795603744,0.0063992104893347964
2010-08-10,0.008308855861067936,0.007399586141662285
2010-08-11,0.014748762697354822,0.01386603805270006
2010-08-12,0.020398260809441675,0.019538823201929338
2010-08-13,0.02305544794992928,0.02220696317652844
2010-08-16,0.014889979928121048,0.01400783737604031
2010-08-17,0.01643669498253465,0.015560927936774343
2010-08-18,0.014870317795564136,0.013988094196848447
2010-08-19,0.012184693892377804,0.011291400244191653
2010-08-20,0.026287693550778653,0.025452531982708103
2010-08-23,0.04518829152218606,0.04443103756966679
2010-08-24,0.046095111221967695,0.04534159514909922
2010-08-25,0.033084381504570486,0.03227723565076079
2010-08-26,0.027058609167227837,0.026226625286845245
2010-08-27,0.033685164793136484,0.03288049534740371
2010-08-30,0.01986784378691877,0.019006219818660856
2010-08-31,0.03594622768816286,0.03515087826600974
2010-09-01,0.006288605064328294,0.005371007940539582
2010-09-02,0.008117140323577037,0.007207080359311798
2010-09-03,0.009543944903860438,0.008639766179060517
2010-09-07,0.006585699896726882,0.005669327387631304
2010-09-08,0.011720037710962031,0.010824828765958286
2010-09-09,0.017082015924422465,0.016208908869416092
2010-09-10,0.013567197835463838,0.012679602821038324
2010-09-13,0.007531052799420546,0.006618577002514432
2010-09-14,0.007417959706746952,0.006505017743997891
2010-09-15,0.01106514800866015,0.010167239630800755
2010-09-16,0.010390240440135473,0.009489550116463527
2010-09-17,0.006943470281886685,0.006028572490028351
2010-09-20,0.0051787692566199325,0.00425659742775772
2010-09-21,0.0055915333045668675,0.004671062874930727
2010-09-22,0.005486750348558164,0.004565848007176934
2010-09-23,0.0034950566027613407,0.002565944568180025
2010-09-24,0.0025518086578127644,0.0016188085876054981
2010-09-27,0.0016309021936509664,0.0006941061786340625
2010-09-28,0.0013138691735530862,0.0003757663593182838
2010-09-29,0.0010166173526628018,7.728927663369673e-05
2010-09-30,0.0009396453519717563,0.0
2010-10-01,0.001636702240767363,0.0006999301333454254
2010-10-04,0.001955753819603716,0.0010202968318294538
2010-10-05,0.0015947956482131591,0.0006578508032563184
2010-10-06,0.0021055632628454598,0.0011707237844498792
2010-10-07,0.0022491546774947163,0.001314907077977565
2010-10-08,0.002064881433051192,0.0011298742655507306
2010-10-11,0.0034147519208125626,0.0024853088730909375
2010-10-12,0.00404623958673972,0.003119399509483731
2010-10-13,0.005827122099941413,0.0049076227592266914
2010-10-14,0.005927405243000809,0.00500831926595678
2010-10-15,0.010086145655849872,0.009184201863923583
2010-10-18,0.0071301142499486355,0.006215985798114925
2010-10-19,0.010218220602860617,0.009316821219328773
2010-10-20,0.004021095865663442,0.003094152146852931
2010-10-21,0.005693813561634684,0.004773764727704572
2010-10-22,0.005462399100497082,0.004541396384107875
2010-10-25,0.0052659571507572694,0.004344144707399551
2010-10-26,0.00871674855417831,0.0078091601544414396
2010-10-27,0.010132283399090208,0.009230529785356599
2010-10-28,0.006940415184347612,0.006025504799482172
2010-10-29,0.005634053184061678,0.004713758019908141
2010-11-01,0.00535943163365282,0.004438004488902494
2010-11-02,0.004530416541163398,0.00360557222468075
2010-11-03,0.004273029465222116,0.0033471242080543835
2010-11-04,0.002867075990479377,0.0019353754413870738
2010-11-05,0.003762186259547112,0.002834175324234438
2010-11-08,0.003721774804490849,0.0027935972945486763
2010-11-09,0.005077967651527256,0.00415538032191166
2010-11-10,0.005912469833887012,0.004993322293599688
2010-11-11,0.005837002981985546,0.004917544369927175
2010-11-12,0.007011618456153277,0.006097001568728195
2010-11-15,0.011200363961319239,0.01030301293897167
2010-11-16,0.008147100155695792,0.007237163684829345
2010-11-17,0.008899304747935157,0.00799246883855765
2010-11-18,0.009226660598110994,0.00832117403830235
2010-11-19,0.011529279453874943,0.010633284209888549
2010-11-22,0.00830060801453446,0.007391304297788733
2010-11-23,0.013181128738050496,0.012291942360067965
2010-11-24,0.010340093805799106,0.0094391967794231
2010-11-26,0.013188442175536028,0.012299285943291577
2010-11-29,0.01093069987940754,0.010032237310978024
2010-11-30,0.011029858909280627,0.010131805070965866
2010-12-01,0.021035779262777422,0.020178969484429245
2010-12-02,0.023019651890042687,0.022171019566512688
2010-12-03,0.021147817465890412,0.02029146950516665
2010-12-06,0.015261337457062315,0.014380725627958734
2010-12-07,0.042136058167547015,0.04136622301399243
2010-12-08,0.05167161039619648,0.05094108046135628
2010-12-09,0.03490576503613399,0.03410612686267192
2010-12-10,0.04150717772322909,0.04073475034608678
2010-12-13,0.040545513499272615,0.039769122175234935
2010-12-14,0.07406400834188588,0.07342577910213814
2010-12-15,0.1096221378679361,0.10913047801657645
2010-12-16,0.08448001057712619,0.08388471574077415
2010-12-17,0.08486294861642507,0.08426923223751606
2010-12-20,0.07884981018325164,0.07823130785428872
2010-12-21,0.0797134459689464,0.07909850351702388
2010-12-22,0.10226239264565015,0.10174039617731147
2010-12-23,0.10779227041963164,0.107293067917511
2010-12-27,0.09491733736963544,0.09436506483577162
2010-12-28,0.1734726815327012,0.1732442114288882
2010-12-29,0.1191609425956011,0.11870860136964505
2010-12-30,0.15550498313986694,0.1552024508005179
2010-12-31,0.11687267719827492,0.11641090382095921
2011-01-03,0.09216614185883239,0.09160252899158407
2011-01-04,0.12348344468612907,0.12304892066530049
2011-01-05,0.19088396686891826,0.19072726548513622
2011-01-06,0.20177522020850958,0.20166341219684922
2011-01-07,0.17986124553097863,0.179659108868502
2011-01-10,0.12432825795876486,0.12389721622922445
2011-01-11,0.11000327872570292,0.10951318992386577
2011-01-12,0.1148575223551954,0.11438744257884256
2011-01-13,0.06932777748794558,0.06867002566732029
2011-01-14,0.05830714819382095,0.05760396971783382
2011-01-18,0.06222103453726909,0.061533988966337036
2011-01-19,0.08152955265513193,0.08092209613258167
2011-01-20,0.10750211650854369,0.10700171800196911
2011-01-21,0.0951760316881479,0.09462482548337812
2011-01-24,0.09481917408338131,0.09426649692382372
2011-01-25,0.09349066464669883,0.09293251141688115
2011-01-26,0.0893471434951023,0.08877191081343892
2011-01-27,0.10344425320225707,0.1029271283225326
2011-01-28,0.10878561209468506,0.108290504112825
2011-01-31,0.07553958000944562,0.07490743302542167
2011-02-01,0.1584552390807667,0.15816486759505674
2011-02-02,0.1632354460452541,0.16296477840843868
2011-02-03,0.22036926871016344,0.22033410472767084
2011-02-04,0.2905557480065332,0.2908098902806041
2011-02-07,0.34451912908849336,0.3449957065655954
2011-02-08,0.38264930331813424,0.38328305206353586
2011-02-09,0.3055065219240878,0.3058222907746472
2011-02-10,0.34927889940296125,0.34977509648978855
2011-02-11,0.2881234154671995,0.2883675317501005
2011-02-14,0.22777481219234114,0.22777017360568155
2011-02-15,0.3031613011554416,0.3034674030865573
2011-02-16,0.2561535710009951,0.2562659086832574
2011-02-17,0.23145961868519246,0.2314701687443133
2011-02-18,0.2615053418628527,0.2616397393607596
2011-02-22,0.20184228809913277,0.2017307565390136
2011-02-23,0.1609462918045015,0.16066618835254437
2011-02-24,0.14979710276582126,0.1494710427396516
2011-02-25,0.09088350991034073,0.09031461007826262
2011-02-28,0.08972663931354619,0.08915297090060974
2011-03-01,0.07444968095114526,0.07381304144064399
2011-03-02,0.07420103809088686,0.07356337368305717
2011-03-03,0.07422364395224026,0.0735860727249945
2011-03-04,0.055001961568552304,0.05428515922683795
2011-03-07,0.06639086873450925,0.06572101107689308
2011-03-08,0.06659252561341707,0.0659234991785283
2011-03-09,0.07094705047852864,0.07029597324554411
2011-03-10,0.07367351232442756,0.07303367347351046
2011-03-11,0.08627984094460793,0.08569196494720159
2011-03-14,0.06749342016781583,0.06682810718933212
2011-03-15,0.05557768362750492,0.05486325439233995
2011-03-16,0.05647314284163011,0.055762404658584314
2011-03-17,0.04922148208662895,0.048480852807065274
2011-03-18,0.06801546440778894,0.06735230327772876
2011-03-21,0.08835349833822771,0.08777416988536212
2011-03-22,0.09908131318420764,0.0985462044156076
2011-03-23,0.09409957999059748,0.09354393668890945
2011-03-24,0.12030755708963238,0.1198599421692314
2011-03-25,0.11589156964576071,0.11542575217681725
2011-03-28,0.12386518471277212,0.12343223421121956
2011-03-29,0.11482332815814994,0.11435310743449155
2011-03-30,0.10550169054638109,0.10499304635271055
2011-03-31,0.08612530278089368,0.08553678978248533
2011-04-01,0.08224564565581788,0.08164114084401672
2011-04-04,0.0804265486384788,0.07981454557126308
2011-04-05,0.09855570092923725,0.09801842560497843
2011-04-06,0.14216557430391202,0.14180805737958607
2011-04-07,0.13879395401047873,0.13842253938312757
2011-04-08,0.1456231486578886,0.1452798837362727
2011-04-11,0.18411952347457466,0.18393493928749813
2011-04-12,0.19695045026433888,0.1968187547167126
2011-04-13,0.1603298163862099,0.16004717184375616
2011-04-14,0.1894369776764039,0.18927431185287832
2011-04-15,0.15188476877930188,0.15156731404072277
2011-04-18,0.19135782457206943,0.1912030764134615
2011-04-19,0.1566779426074616,0.15638024516674362
2011-04-20,0.1469518169786386,0.14661402878219745
2011-04-21,0.14940580106766094,0.1490781281093337
2011-04-25,0.13509982979509846,0.1347131881146347
2011-04-26,0.11826033609395831,0.11780428259894075
2011-04-27,0.13871227981079096,0.1383405285251944
2011-04-28,0.14269424848549736,0.14233891073798652
2011-04-29,0.16239207463631092,0.16211793065151991
2011-05-02,0.20534600298629363,0.2052489136185772
2011-05-03,0.19051490939159524,0.1903566867655698
2011-05-04,0.16213137175225495,0.16185615315913174
2011-05-05,0.1808969921630486,0.18069912481260866
2011-05-06,0.24309574718706303,0.24315426096813597
2011-05-09,0.16264679801630214,0.16237370399253304
2011-05-10,0.14707015602521684,0.1467328556182604
2011-05-11,0.2715188171691637,0.2716944898682932
2011-05-12,0.31037411057898695,0.3107099434627669
2011-05-13,0.27822534545461713,0.2784286622329518
2011-05-16,0.3137546719928275,0.3141044394346239
2011-05-17,0.2937640178488992,0.29403138450104754
2011-05-18,0.4833044221949315,0.4843530678825667
2011-05-19,0.5018341060431174,0.5029591304510299
2011-05-20,0.5413874487066237,0.5426755106342305
2011-05-23,0.6347377074253631,0.6364105559125736
2011-05-24,0.5420979019338297,0.5433888923252329
2011-05-25,0.5263904970935445,0.5276167421017881
2011-05-26,0.42614849100792024,0.426961541910664
2011-05-27,0.4115016743804598,0.4122543516082231
2011-05-31,0.39067945474438254,0.3913463034981057
2011-06-01,0.34857148069161187,0.3490647618228127
2011-06-02,0.34899688704325593,0.3494919216848244
2011-06-03,0.35685450362686383,0.35738192709405947
2011-06-06,0.4410170672652337,0.44189140592853415
2011-06-07,0.309447007539984,0.3097790189368857
2011-06-08,0.36137594703024384,0.36192200773182437
2011-06-09,0.26721566306133493,0.267373598307057
2011-06-10,0.4325959469413471,0.43343557403596084
2011-06-13,0.572239511084737,0.5736547441536143
2011-06-14,0.6124889621776402,0.6140701021012444
2011-06-15,0.46933896550190873,0.4703300460568066
2011-06-16,0.4030201584421812,0.40373787515261
2011-06-17,0.42662382931899845,0.4274388395499313
2011-06-20,0.5145259906951779,0.5157033306156255
2011-06-21,0.5758123910385738,0.5772423513958826
2011-06-22,0.6391849546444445,0.640876134531917
2011-06-23,0.4698409265238577,0.47083407614484435
2011-06-24,0.3872772590574226,0.38793008407739876
2011-06-27,0.42385558856160516,0.4246591881992326
2011-06-28,0.4728441806730463,0.473849709604466
2011-06-29,0.5216960258329022,0.5229029203918772
2011-06-30,0.4674444043039332,0.46842767554265635
2011-07-01,0.38407049417288264,0.3847101010181658
2011-07-05,0.40617418500374947,0.4069049025033157
2011-07-06,0.4689556687422792,0.46994516936110114
2011-07-07,0.4399722237650653,0.4408422556193512
2011-07-08,0.3720873826487908,0.3726775955200241
2011-07-11,0.4848573596061184,0.4859124064484149
2011-07-12,0.35598354158218487,0.35650737497375223
2011-07-13,0.29231304142905284,0.29257442720624355
2011-07-14,0.39614046654546264,0.3968298254022293
2011-07-15,0.3620065022775488,0.3625551621061974
2011-07-18,0.4535701381934314,0.45449622018386576
2011-07-19,0.3965006821158001,0.39719152576877326
2011-07-20,0.36421020356871786,0.36476794697838555
2011-07-21,0.38342716904363666,0.38406412412483704
2011-07-22,0.42763350158922675,0.4284526736545725
2011-07-25,0.6103535771680231,0.6119259151079739
2011-07-26,0.49489528841806546,0.49599171125809466
2011-07-27,0.497264347072364,0.49837053509078266
2011-07-28,0.44596905958498295,0.446863810190511
2011-07-29,0.32373916805762104,0.32413009124920195
2011-08-01,0.4094731581354094,0.4102174738888956
2011-08-02,0.3508487562904966,0.3513514242734855
2011-08-03,0.36496687744385437,0.36552773983724157
2011-08-04,0.3086827266741265,0.3090115877315543
2011-08-05,0.4560051793768412,0.45694129852338333
2011-08-08,0.37297132053002946,0.3735651769628435
2011-08-09,0.2904074587557892,0.29066098978666266
2011-08-10,0.4420665864224368,0.4429452511676494
2011-08-11,0.3872797858954148,0.3879326213309303
2011-08-12,0.39904728802882483,0.39974862870388866
2011-08-15,0.33942613863275756,0.33988172297815916
2011-08-16,0.3147633470194916,0.31511727218509716
2011-08-17,0.258932821145321,0.2590566148012034
2011-08-18,0.2942183490575871,0.2944875884473701
2011-08-19,0.33541016108927396,0.33584919171320105
2011-08-22,0.38758814335715774,0.38824224983153766
2011-08-23,0.2842265334148344,0.284454586883784
2011-08-24,0.31492509170092153,0.31527968357254754
2011-08-25,0.3621564530920782,0.3627057310128331
2011-08-26,0.28519382214382577,0.2854258627436873
2011-08-29,0.23780247832235668,0.23783917343100747
2011-08-30,0.2332502110519032,0.2332681418712479
2011-08-31,0.24127924995647745,0.24133027619836753
2011-09-01,0.2803436363437257,0.2805556846443363
2011-09-02,0.28933025127547296,0.28957934209411756
2011-09-06,0.37481622055719627,0.375417681604545
2011-09-07,0.28826308329658684,0.2885077752854826
2011-09-08,0.3734787667100038,0.37407471481853954
2011-09-09,0.45946797898158853,0.46041837166914484
2011-09-12,0.4335078136148411,0.43435119939255784
2011-09-13,0.30728618058069834,0.30760928512310415
2011-09-14,0.35966416763000353,0.3602031724357005
2011-09-15,0.30548951102941574,0.30580520976165165
2011-09-16,0.28081392855914866,0.2810279153881154
2011-09-19,0.30664232340450326,0.30696277398974703
2011-09-20,0.26841999680431494,0.26858289627235343
2011-09-21,0.3626140612770999,0.36316522544307334
2011-09-22,0.5221857545696736,0.5233946677736782
2011-09-23,0.5247445436027884,0.5259640040472862
2011-09-26,0.47105418571254176,0.4720523363462254
2011-09-27,0.3982755503358756,0.39897370993468034
2011-09-28,0.5016304687788913,0.502754653800996
2011-09-29,0.46352791448026437,0.46449504208247644
2011-09-30,0.543396959498002,0.5446933045600587
2011-10-03,0.6000525069843103,0.6015823842668336
2011-10-04,0.5442234325915303,0.5455231843472869
2011-10-05,0.4409830855264682,0.4418572841182088
2011-10-06,0.40311493614264204,0.40383304352349625
2011-10-07,0.4022025687656013,0.4029169153994696
2011-10-10,0.27402603421648936,0.2742120415781582
2011-10-11,0.2797914147650626,0.2800011868272962
2011-10-12,0.26765945648822626,0.26781922103520844
2011-10-13,0.29087505560680327,0.2911305140558334
2011-10-14,0.28738831072297055,0.2876293969293687
2011-10-17,0.35350129484612625,0.3540148965019195
2011-10-18,0.28238152638546404,0.2826019747988196
2011-10-19,0.3873560970098321,0.3880092469971398
2011-10-20,0.36792262142507753,0.3684956672936175
2011-10-21,0.25762235275101897,0.2577407447011982
2011-10-24,0.17197829853717003,0.17174366863798557
2011-10-25,0.1698077950812617,0.16956421844139466
2011-10-26,0.29240292158636927,0.2926646778464808
2011-10-27,0.27410464853156036,0.27429097993873536
2011-10-28,0.2171742706952005,0.2171259370406471
2011-10-31,0.2132045768341706,0.21313988023789177
2011-11-01,0.16601558497513577,0.16575637697548398
2011-11-02,0.16759550740103626,0.16734281178734942
2011-11-03,0.20054345541330176,0.20042657010947001
2011-11-04,0.24360330274466227,0.24366390865230772
2011-11-07,0.21684390809881576,0.2167942127009889
2011-11-08,0.19020420551030015,0.19004470217354955
2011-11-09,0.26613822010116855,0.2662917141640219
2011-11-10,0.24274612929170802,0.24280320195982663
2011-11-11,0.17581551370998894,0.17559670067992805
2011-11-14,0.1733091486543883,0.17308000447366867
2011-11-15,0.14903521124954866,0.14870601073272197
2011-11-16,0.13280937173292612,0.13241328886301354
2011-11-17,0.14590577304974955,0.14556367309616797
2011-11-18,0.1679716913903589,0.1677205463941531
2011-11-21,0.14753902488840978,0.1472036571428005
2011-11-22,0.14077257886932734,0.14040932006567322
2011-11-23,0.2067695445671146,0.2066783229888918
2011-11-25,0.20168641596544587,0.20157424190574627
2011-11-28,0.16722138257759805,0.16696714483424122
2011-11-29,0.16170013453639714,0.16142313839828432
2011-11-30,0.17246544305256925,0.17223282114634253
2011-12-01,0.12545740038657546,0.12503101294333338
2011-12-02,0.12033228654924806,0.11988477356283009
2011-12-05,0.11101947291022178,0.11053357282590417
2011-12-06,0.12744724065429766,0.12702905526428274
2011-12-07,0.11266075788820094,0.11218162312417998
2011-12-08,0.10800718472306554,0.10750886809032076
2011-12-09,0.10195650530496106,0.10143324797951211
2011-12-12,0.10562018230034591,0.10511202652561469
2011-12-13,0.10410374573785948,0.1035893392637114
2011-12-14,0.15548667635107838,0.15518406855177483
2011-12-15,0.16282500406224615,0.16255264459767654
2011-12-16,0.1097050105438548,0.10921369229081838
2011-12-19,0.08477330102112489,0.0841792151179077
2011-12-20,0.07972123713656443,0.07910632679956718
2011-12-21,0.1093098719290304,0.10881692492819776
2011-12-22,0.0857778582337144,0.08518791308081823
2011-12-23,0.09221767788712035,0.09165427744961023
2011-12-27,0.0743577691716364,0.07372075080393742
2011-12-28,0.0870160205641414,0.08643117907383702
2011-12-29,0.060723455069361276,0.06003023652730843
2011-12-30,0.05883763697056438,0.05813664515109126
2012-01-03,0.06353138632036068,0.06284974197446437
2012-01-04,0.06750453244101205,0.06683926526693672
2012-01-05,0.07853318804454755,0.07791338061000573
2012-01-06,0.06080958771654568,0.06011672421030563
2012-01-09,0.060877404884942955,0.06018482091874133
2012-01-10,0.059056117644730684,0.05835602639509107
2012-01-11,0.06905939750345874,0.06840053942975698
2012-01-12,0.06664393445163103,0.06597511992220734
2012-01-13,0.06624979221841323,0.06557935304824408
2012-01-17,0.04124932386756386,0.04047583362568648
2012-01-18,0.029156049730579295,0.02833271142814606
2012-01-19,0.032725011552286756,0.031916384387879075
2012-01-20,0.05649555229066295,0.05578490647859624
2012-01-23,0.07479703409965102,0.07416182636689536
2012-01-24,0.05202879596980493,0.05129973834162885
2012-01-25,0.06317563347439059,0.06249252272748428
2012-01-26,0.07568670704436242,0.07505516651292218
2012-01-27,0.055878887836921694,0.055165700155160764
2012-01-30,0.05300479207597304,0.05227975747021847
2012-01-31,0.04738067810571353,0.04663246109537714
2012-02-01,0.05919935215839204,0.058499851316497244
2012-02-02,0.06421593462042789,0.06353711195910837
2012-02-03,0.05562402291930836,0.05490978469311233
2012-02-06,0.05831168788931695,0.057608528125798704
2012-02-07,0.06155029088492435,0.06086048053169919
2012-02-08,0.11837310451759443,0.1179175158501452
2012-02-09,0.13790182086573582,0.13752672889620923
2012-02-10,0.10632934282337884,0.10582411018396198
2012-02-13,0.12448315209071566,0.12405274882946611
2012-02-14,0.1527430339507102,0.1524291169516839
2012-02-15,0.11630953455953454,0.11584543992760742
2012-02-16,0.12693667491511804,0.12651638499066553
2012-02-17,0.11469922980864113,0.11422849755584917
2012-02-21,0.12578228841302225,0.1253572401470644
2012-02-22,0.07927271641150109,0.07865595728748304
2012-02-23,0.05673960411860045,0.056029964279784655
2012-02-24,0.058110503023573026,0.05740651398294943
2012-02-27,0.06704982048675748,0.06638267900562729
2012-02-28,0.06655537582351725,0.06588619625847071
2012-02-29,0.0751081569763721,0.07447423168142638
2012-03-01,0.09892591645436377,0.09839016714578162
2012-03-02,0.09827043839028046,0.09773198722363562
2012-03-05,0.10488949145445399,0.10437832379715722
2012-03-06,0.11595573962740348,0.11549018666491993
2012-03-07,0.1030574363231368,0.1025387169975248
2012-03-08,0.10960831242974416,0.10911659559040322
2012-03-09,0.12796125441323788,0.12754518777027954
2012-03-12,0.15889794325922335,0.1586093965849289
2012-03-13,0.19010821830847224,0.1899483193157731
2012-03-14,0.36823196189467605,0.368806282854005
2012-03-15,0.29543376609814787,0.29570801539521924
2012-03-16,0.25514439572912195,0.25525257362558146
2012-03-19,0.3364911438799266,0.3369346302777821
2012-03-20,0.41554746751928373,0.41631682136738124
2012-03-21,0.33523681428809965,0.3356751303824672
2012-03-22,0.3294249729738793,0.32983933285800215
2012-03-23,0.23471750780675163,0.2347414867729142
2012-03-26,0.21104410240006655,0.21097050040238852
2012-03-27,0.2146996482042481,0.214641114240797
2012-03-28,0.2529475204966615,0.25304664294888146
2012-03-29,0.31470418773980186,0.3150578690528888
2012-03-30,0.3340733503371055,0.3345068706730352
2012-04-02,0.2880326015934134,0.2882763435446463
2012-04-03,0.3333767256856693,0.33380737455871673
2012-04-04,0.3123863514983725,0.31273047877009624
2012-04-05,0.2548429016661837,0.25494983681447286
2012-04-09,0.16258613562002558,0.16231279154794293
2012-04-10,0.15958100307932466,0.1592952719541437
2012-04-11,0.2041931297135189,0.20409128824177644
2012-04-12,0.1916608291880511,0.1915073300040612
2012-04-13,0.19852375596336486,0.19839854552778263
2012-04-16,0.1838687465768677,0.18368312869603368
2012-04-17,0.1388862041884015,0.13851516981311468
2012-04-18,0.14465064046403173,0.14430336689704903
2012-04-19,0.15214827604532488,0.15183190747464415
2012-04-20,0.15914899458700507,0.15886148273765943
2012-04-23,0.1560965995720221,0.15579650585528276
2012-04-24,0.15797785800472547,0.1576855187706194
2012-04-25,0.08480226412707745,0.08420829760878804
2012-04-26,0.07058642558063523,0.06993386186421002
2012-04-27,0.06459367283587962,0.06391640719850786
2012-04-30,0.05638554640344478,0.05567444715088996
2012-05-01,0.02169918139580106,0.02084510613825554
2012-05-02,0.018783277357758695,0.017917182843937587
2012-05-03,0.027961110103624356,0.027132846301098232
2012-05-04,0.038442308145812676,0.037657247481558846
2012-05-07,0.04381454851523081,0.04305163204122868
2012-05-08,0.04094802407447712,0.0401732918852031
2012-05-09,0.0928415157022868,0.09228068670282027
2012-05-10,0.0943134258992027,0.09375866406300376
2012-05-11,0.09736020359810064,0.09681800047491147
2012-05-14,0.10140768862673412,0.10088216909779087
2012-05-15,0.1204181191941593,0.11997096000695508
2012-05-16,0.13712315432849181,0.136744852722248
2012-05-17,0.12323459674313367,0.12279904697963266
2012-05-18,0.16196354311811684,0.16168763274112907
2012-05-21,0.15289097711957095,0.15257766993720445
2012-05-22,0.1855278730633285,0.18534909404487618
2012-05-23,0.10601201095780079,0.10550547028733522
2012-05-24,0.10871448672767554,0.10821908556949603
2012-05-25,0.12124247546916654,0.12079871425020902
2012-05-29,0.08223128622303848,0.08162672222214869
2012-05-30,0.08976222525158345,0.08918870352266112
2012-05-31,0.09160376044324285,0.0910378294591188
2012-06-01,0.2408893744325718,0.2409387936209456
2012-06-04,0.22627637159409972,0.2262655564867697
2012-06-05,0.21293426006831007,0.2128684492356085
2012-06-06,0.19358847430830237,0.19344292081127828
2012-06-07,0.21540976528865743,0.2153541584034338
2012-06-08,0.20851819140051212,0.20843417768446582
2012-06-11,0.3385783039813546,0.3390303935814485
2012-06-12,0.34002599239261044,0.3404840493146035
2012-06-13,0.3938571849932717,0.3945371322419171
2012-06-14,0.44625443614430943,0.44715036306221156
2012-06-15,0.4035470966864588,0.4042669854182287
2012-06-18,0.3235090621892575,0.3238990368923538
2012-06-19,0.2932193852719871,0.293484506967363
2012-06-20,0.2653028851129649,0.2654529359536929
2012-06-21,0.32432501915292733,0.3247183572025975
2012-06-22,0.3173079732925767,0.3176723873202651
2012-06-25,0.25197061244679597,0.25206570811759377
2012-06-26,0.20513016675756907,0.2050321877203324
2012-06-27,0.1773147935619903,0.17710216051197505
2012-06-28,0.15583561255751607,0.15553444306126857
2012-06-29,0.11573383768684634,0.11526737005218675
2012-07-02,0.10086619821755426,0.10033844668374603
2012-07-03,0.1318517457771258,0.13145171560592045
2012-07-05,0.1429163421397486,0.14256191985465105
2012-07-06,0.11144565180953815,0.11096150842000313
2012-07-09,0.1036394279667803,0.10312310759073041
2012-07-10,0.13993899735185347,0.1395723025538201
2012-07-11,0.16801666315849345,0.167765703534371
2012-07-12,0.1407927628828223,0.14042958727697843
2012-07-13,0.10566492792516659,0.10515695659036375
2012-07-16,0.12713764005302275,0.12671817849996497
2012-07-17,0.12798771603848824,0.12757175846944016
2012-07-18,0.13093186999366144,0.13052804812607688
2012-07-19,0.13223758349987513,0.13183914373850839
2012-07-20,0.14025592525190747,0.1398905368197908
2012-07-23,0.16834314257739935,0.16809352869022617
2012-07-24,0.15381596277788712,0.15350646835462842
2012-07-25,0.1444025661221219,0.1440542700012239
2012-07-26,0.11970457490927086,0.11925447451703651
2012-07-27,0.13089684693331977,0.1304928807018836
2012-07-30,0.11956787108564904,0.11911720720494987
2012-07-31,0.14176419205844124,0.14140502065028804
2012-08-01,0.47986076456505805,0.48089521561424187
2012-08-02,0.3721480296311257,0.37273849248713675
2012-08-03,0.352145317835557,0.3526533302006942
2012-08-06,0.3799572134500561,0.38057986549350215
2012-08-07,0.4193965795051429,0.4201817992606187
2012-08-08,0.43817037064214187,0.43903297531975366
2012-08-09,0.3913033007184588,0.39197272094385627
2012-08-10,0.35562924271428303,0.35615161569808806
2012-08-13,0.3559799608021023,0.35650377943381717
2012-08-14,0.48574324375449013,0.4868019421808137
2012-08-15,0.6881220118284597,0.690014908584524
2012-08-16,0.6115961769418948,0.6131736368354269
2012-08-17,0.4502981743153824,0.4512107693831123
2012-08-20,0.4548749484312991,0.45580640880471024
2012-08-21,0.39815870010155313,0.39885637804770613
2012-08-22,0.30196273665370094,0.30226389814311444
2012-08-23,0.28625509113003955,0.2864915062442048
2012-08-24,0.2125313606847333,0.2124638891146133
2012-08-27,0.1884076307827358,0.18824072202667538
2012-08-28,0.1784616239033889,0.17825371804864415
2012-08-29,0.16716705620155944,0.1669125945267468
2012-08-30,0.165473026934672,0.16521158252941578
2012-08-31,0.09078043615835177,0.09021111145980883
2012-09-04,0.1128002091281459,0.11232164917734545
2012-09-05,0.0882003028057258,0.08762034288613792
2012-09-06,0.13339821952904224,0.13300456386951673
2012-09-07,0.10859487058445985,0.10809897637264713
2012-09-10,0.1567970880859703,0.15649988175882176
2012-09-11,0.14016098765459584,0.1397952078929644
2012-09-12,0.19730669877166132,0.19717647166814412
2012-09-13,0.20385695973476706,0.2037537325819205
2012-09-14,0.3218524427503651,0.32223558892504367
2012-09-17,0.24439246356072009,0.24445632236213952
2012-09-18,0.20730408471569098,0.2072150664935977
2012-09-19,0.20181061880591442,0.2016989567060565
2012-09-20,0.20954271786534617,0.20946292721219265
2012-09-21,0.16988684052792882,0.16964358971067753
2012-09-24,0.13519392084428422,0.1348076670038929
2012-09-25,0.2605307996972107,0.26066118016578904
2012-09-26,0.23933626131948946,0.2393792786289648
2012-09-27,0.22250617380289814,0.2224798180697893
2012-09-28,0.2437938078216004,0.24385519898462862
2012-10-01,0.012923713024786128,0.01203346558807645
2012-10-02,0.01457879242718973,0.013695367170920288
2012-10-03,0.018121715865305484,0.017252894417738918
2012-10-04,0.021088013974302558,0.020231419505640884
2012-10-05,0.02830316608886804,0.02747631222936254
2012-10-08,0.03582059921791752,0.035024731959525726
2012-10-09,0.039288587555596347,0.03850701522599765
2012-10-10,0.060030275294796105,0.059334199489525105
2012-10-11,0.03913717846042935,0.03835498202774169
2012-10-12,0.03918467053480411,0.03840266986281554
2012-10-15,0.04313944922497351,0.04237375001488843
2012-10-16,0.03614609498718307,0.03535156941117053
2012-10-17,0.04310587955963707,0.04234004197654469
2012-10-18,0.06605990229355568,0.0653886804036395
2012-10-19,0.05880301034283087,0.05810187579358775
2012-10-22,0.09240024048475058,0.09183759256399637
2012-10-23,0.09388543750591753,0.09332891151626403
2012-10-24,0.0863064908224469,0.08571872467492152
2012-10-25,0.1057655452079376,0.10525798861411786
2012-10-26,0.042692173326297336,0.041924630460323055
2012-10-31,0.047480783302931505,0.04673297892277916
2012-11-01,0.04694026590982004,0.04619023353554153
2012-11-02,0.06052363950210829,0.05982959732715143
2012-11-05,0.03811251157055061,0.03732609149614296
2012-11-06,0.05627938933319948,0.055567852504847894
2012-11-07,0.045643047535402013,0.04488766807154712
2012-11-08,0.03288810976481057,0.03208015488563204
2012-11-09,0.03589278670353974,0.03509721699948385
2012-11-12,0.041395441438460676,0.04062255348819099
2012-11-13,0.031694197478447206,0.030881321333838415
2012-11-14,0.04357287564885109,0.04280896300759586
2012-11-15,0.0410063298893203,0.0402318380346121
2012-11-16,0.04674271070790228,0.04599186401786802
2012-11-19,0.043706614041498906,0.042943252665303897
2012-11-20,0.06027546054062125,0.05958039538051076
2012-11-21,0.058086579302908115,0.057382491649529785
2012-11-23,0.042943356233703975,0.04217684873504521
2012-11-26,0.035476978675650396,0.034679695025187675
2012-11-27,0.02961205086278979,0.028790592181358647
2012-11-28,0.021416353308044807,0.020561112242837472
2012-11-29,0.022933349959913144,0.022084361902791855
2012-11-30,0.017362383365700652,0.016490431975655848
2012-12-03,0.015434508546314014,0.014554610522491431
2012-12-04,0.009766411634665517,0.008863149910087638
2012-12-05,0.014455499218028557,0.01357156575138641
2012-12-06,0.015790786814473868,0.014912357357433514
2012-12-07,0.03334618676999209,0.03254012006849274
2012-12-10,0.02817259108100539,0.027345198995803087
2012-12-11,0.031331804117938976,0.030517434200347367
2012-12-12,0.053402792677244036,0.0526793986162955
2012-12-13,0.05401811856878418,0.05329726086002247
2012-12-14,0.031410641449646774,0.03059659649682819
2012-12-17,0.03450952885552542,0.03370825741013867
2012-12-18,0.040120718210524695,0.039342575894899666
2012-12-19,0.01782427982213222,0.016954232353413427
2012-12-20,0.01133538350105569,0.010438589024612626
2012-12-21,0.009087478633716398,0.008181418370631799
2012-12-24,0.011407173320591324,0.010510674759318212
2012-12-26,0.005339472285991463,0.004417962869495734
2012-12-27,0.004874514002070717,0.003951088043501246
2012-12-28,0.009951810229000093,0.009049312711059116
2012-12-31,0.013239990536687195,0.012351046785016582
2013-01-02,0.01031686600106769,0.009415873230478518
2013-01-03,0.029070747186457028,0.028247057269867294
2013-01-04,0.030725083679056023,0.029908212880657835
2013-01-07,0.023871975085397935,0.023026856008799574
2013-01-08,0.028346516867961306,0.02751984169887801
2013-01-09,0.030152774599163365,0.029333544762398227
2013-01-10,0.030280061109028276,0.029461355942884165
2013-01-11,0.022200728607935642,0.021348720710769035
2013-01-14,0.018187149272100862,0.01731859753878929
2013-01-15,0.0174421932132491,0.016570570796654204
2013-01-16,0.01392702791357491,0.01304091610637023
2013-01-17,0.018535540843519004,0.01766842516829662
2013-01-18,0.014066033259261451,0.01318049442731648
2013-01-22,0.009904861318345075,0.0090021702786072
2013-01-23,0.010233436891064538,0.00933210022854995
2013-01-24,0.01212140481318113,0.011227850289584682
2013-01-25,0.01956726990101509,0.018704406977525012
2013-01-28,0.02392701305779536,0.023082120845828516
2013-01-29,0.026026451456322357,0.02519021305731283
2013-01-30,0.02310405564152652,0.022255771227360638
2013-01-31,0.02109339862086815,0.020236826347534643
2013-02-01,0.07986260586413801,0.07924827824417943
2013-02-04,0.08342022921101248,0.08282056599227569
2013-02-05,0.08536876480024663,0.08477713337827118
2013-02-06,0.09549254075275339,0.09494263918747498
2013-02-07,0.11702947836564843,0.1165683513173581
2013-02-08,0.09158214005731706,0.09101611995470495
2013-02-11,0.09387297654247827,0.09331639918916153
2013-02-12,0.08954769247506482,0.08897328644940745
2013-02-13,0.0972719787911892,0.0967294120083767
2013-02-14,0.08966804899384895,0.08909413907362744
2013-02-15,0.12014320772225483,0.11969491535940736
2013-02-19,0.1077385535711525,0.10723912965002774
2013-02-20,0.17710592572009792,0.17689243172401356
2013-02-21,0.21809043386429702,0.21804587660285393
2013-02-22,0.21371430783455314,0.21365171233194724
2013-02-25,0.10435545513463304,0.10384208619797157
2013-02-26,0.11452375628575445,0.11405230073712914
2013-02-27,0.17441684584138795,0.17419226755042075
2013-02-28,0.19131324491456614,0.19115831300014138
2013-03-01,0.20504498183035708,0.20494665166377676
2013-03-04,0.24271829035091613,0.24277524826787714
2013-03-05,0.24996174985651395,0.25004856506472456
2013-03-06,0.27238368849325045,0.2725629261622672
2013-03-07,0.2540980427170109,0.25420190758229955
2013-03-08,0.27691795716083734,0.2771158849295374
2013-03-11,0.3179678408745241,0.31833497485371703
2013-03-12,0.3150670319561717,0.3154222089006538
2013-03-13,0.3880139405849809,0.38866980218090663
2013-03-14,0.38210058157655086,0.38273206850978375
2013-03-15,0.3861959302551845,0.3868442980749844
2013-03-18,0.4716694560594752,0.4726701428163927
2013-03-19,0.5668796986561833,0.568272838762354
2013-03-20,0.5883840328643408,0.5898658130973854
2013-03-21,0.6374585589089204,0.6391426226524776
2013-03-22,0.5443006827356385,0.5456007529138353
2013-03-25,0.5226565101821481,0.5238673638246155
2013-03-26,0.4654160222498994,0.46639093256747627
2013-03-27,0.3869062094292277,0.387557504995383
2013-03-28,0.4194525664201901,0.4202380169518064
2013-04-01,0.24917876121154223,0.24926234896745603
2013-04-02,0.26467608800872944,0.26482355521332596
2013-04-03,0.25257288163423347,0.2526704598379323
2013-04-04,0.17256710163851602,0.1723348987654883
2013-04-05,0.1118608634894734,0.11137843158821942
2013-04-08,0.17360832935651388,0.17338041838837076
2013-04-09,0.16045076256022028,0.16016861655374098
2013-04-10,0.26781815913323936,0.26797857784707246
2013-04-11,0.2933249665814325,0.2935905234793389
2013-04-12,0.20378719256102434,0.20368367783028432
2013-04-15,0.1876397988880202,0.1874697251552669
2013-04-16,0.20640670056473046,0.2063139833559945
2013-04-17,0.29308396768287204,0.2933485311915976
2013-04-18,0.23107251844217608,0.23108147288739314
2013-04-19,0.3260762798243662,0.3264768365103635
2013-04-22,0.2897459180841942,0.28999672226714507
2013-04-23,0.287236422152158,0.287476882279085
2013-04-24,0.22925096376149778,0.22925240982089645
2013-04-25,0.27250414845890497,0.272683882659762
2013-04-26,0.2016428630545199,0.20153050947121762
2013-04-29,0.15428377859199602,0.15397621248945234
2013-04-30,0.11467566172916652,0.1142048323295606
2013-05-01,0.04835761998287362,0.047613429893394274
2013-05-02,0.042393730719875934,0.0416249576837303
2013-05-03,0.09412113867211314,0.09356558423456972
2013-05-06,0.08964015247579542,0.08906612756708482
2013-05-07,0.0979921815947433,0.09745258346314611
2013-05-08,0.08118252890388535,0.08057364196135366
2013-05-09,0.08209669585342143,0.08149157707565162
2013-05-10,0.15086383757861363,0.15054217459669705
2013-05-13,0.14001068140432935,0.13964428208549776
2013-05-14,0.1854012547227088,0.18522195378780612
2013-05-15,0.1998731223938699,0.1997534740003598
2013-05-16,0.10667424668729784,0.10617043572975966
2013-05-17,0.09413523225580685,0.09357973591153125
2013-05-20,0.11891792567107869,0.11846458273770805
2013-05-21,0.14120016492396104,0.14083866861533537
2013-05-22,0.17830853655025458,0.1780999996746992
2013-05-23,0.12957421911719053,0.12916480105933215
2013-05-24,0.10279378572694425,0.10227397964263187
2013-05-28,0.08334968424426915,0.08274973024160286
2013-05-29,0.05588685547590896,0.05517370063648222
2013-05-30,0.040570086143962264,0.03979379610752186
2013-05-31,0.03872734799301558,0.03794346225322003
2013-06-03,0.041649531755286545,0.04087769115657413
2013-06-04,0.05459680946403389,0.05387833709926279
2013-06-05,0.04877819533566145,0.048035738843338394
2013-06-06,0.0384541188563422,0.03766910687543144
2013-06-07,0.04157934335222648,0.04080721343932781
2013-06-10,0.033458009360211566,0.03265240358758768
2013-06-11,0.03699915148994163,0.03620814218352865
2013-06-12,0.04089645167730999,0.040121506908386506
2013-06-13,0.03506194603176982,0.034262951631006525
2013-06-14,0.02955552019556301,0.02873382849666354
2013-06-17,0.025559946323148994,0.024721785006006247
2013-06-18,0.026974735229650645,0.026142405623778658
2013-06-19,0.03709104189946485,0.036300411362163235
2013-06-20,0.07528574336807896,0.07465255007813927
2013-06-21,0.12856355052480037,0.12814996652572339
2013-06-24,0.1420706573603608,0.14171274919165422
2013-06-25,0.13307430368920123,0.13267931285971127
2013-06-26,0.13557986127418845,0.1351951982669911
2013-06-27,0.06150634126356534,0.060816349751510734
2013-06-28,0.06213939434040485,0.061452012251385885
2013-07-01,0.167191141493743,0.16693677909767737
2013-07-02,0.14472570826458714,0.14437874412449955
2013-07-03,0.1296606612115073,0.12925159946499218
2013-07-05,0.14343151420768552,0.14307921544415445
2013-07-08,0.13046822966265306,0.1300624966855514
2013-07-09,0.14540320586977482,0.14505903435154194
2013-07-10,0.16658781495396335,0.16633096566662664
2013-07-11,0.12743156444314188,0.12701331443632308
2013-07-12,0.13084468545632752,0.1304405042170751
2013-07-15,0.1557614972348827,0.15546002223782135
2013-07-16,0.14194417663647563,0.14158574711857014
2013-07-17,0.15147357912190634,0.15115442947368493
2013-07-18,0.13582749098487654,0.1354438486988399
2013-07-19,0.1557481184279639,0.15544658828392005
2013-07-22,0.16269618276007802,0.16242329229852626
2013-07-23,0.1482540869549928,0.14792166667065765
2013-07-24,0.1415679340790267,0.14120795370222436
2013-07-25,0.12942274300072548,0.12901270056351866
2013-07-26,0.09830458671303507,0.09776627630460354
2013-07-29,0.10333571789295473,0.1028181456344138
2013-07-30,0.1321504914528336,0.1317516927010408
2013-07-31,0.10387014525968472,0.10335477589239042
2013-08-01,0.10544854686437552,0.10493968361427337
2013-08-02,0.09384754547172591,0.09329086329240917
2013-08-05,0.10210962926285153,0.10158700310909678
2013-08-06,0.09436672353414115,0.0938121813889625
2013-08-07,0.0844528673447966,0.08385746062497335
2013-08-08,0.0658007809352293,0.06512849095597562
2013-08-09,0.041351367383027186,0.04057829776101507
2013-08-12,0.0790421064234142,0.07842439673294734
2013-08-13,0.10291703947445664,0.1023977414378574
2013-08-14,0.08339770968581432,0.08279795364236828
2013-08-15,0.07325319732098273,0.0726116259460604
2013-08-16,0.06057839535263179,0.059884578879409775
2013-08-19,0.05971730901126223,0.05901994316972174
2013-08-20,0.07928171050275457,0.07866498845207169
2013-08-21,0.08903629011207188,0.08845977610344233
2013-08-22,0.06317684501757709,0.062493739264610174
2013-08-23,0.053165309422049854,0.05244093646328161
2013-08-26,0.04930479877045433,0.04856451291939923
2013-08-27,0.05813378330830904,0.057429890228219385
2013-08-28,0.06543594461821743,0.06476215079619815
2013-08-29,0.07202163171907304,0.07137498387304725
2013-08-30,0.08561096506472438,0.08502033198391887
2013-09-03,0.09961379327053776,0.09908087936656144
2013-09-04,0.09984333680812685,0.09931136907472703
2013-09-05,0.0890667520681807,0.08849036362268776
2013-09-06,0.07667007483214576,0.07604258770894541
2013-09-09,0.05694507355802554,0.05623628065718063
2013-09-10,0.0821698930841418,0.08156507602284249
2013-09-11,0.08039151647555108,0.07977936900696322
2013-09-12,0.07423978755412267,0.07360228287024928
2013-09-13,0.07182974822059637,0.07118230943738157
2013-09-16,0.07329288122297886,0.0726514734237373
2013-09-17,0.05305496251035804,0.052330134705410515
2013-09-18,0.05424163052058159,0.05352169412040694
2013-09-19,0.06810909446137095,0.06744631927117518
2013-09-20,0.08476399884816092,0.08416987460170633
2013-09-23,0.06809404072924977,0.06743120348808734
2013-09-24,0.05579470703201819,0.05508117235987129
2013-09-25,0.06395910216416072,0.06327922084827936
2013-09-26,0.06398201367570813,0.0633022268002903
2013-09-27,0.03964171140946515,0.03886159464426134
2013-09-30,0.05354322561159924,0.05282041041038187
2013-10-01,0.03410812690387627,0.03330520089343407
2013-10-02,0.04165197184251179,0.040880141301755095
2013-10-03,0.07803622456572758,0.0774143686647981
2013-10-04,0.05385650376074784,0.0531349798812993
2013-10-07,0.06653013053563132,0.06586084691037536
2013-10-08,0.07477261791258911,0.07413730953714916
2013-10-09,0.09398182407246501,0.09342569538492768
2013-10-10,0.1488711547230694,0.14854127797087632
2013-10-11,0.11776409676716171,0.11730599779068628
2013-10-14,0.10502909779770009,0.10451850559295432
2013-10-15,0.0845049294109031,0.08390973728912786
2013-10-16,0.11053830563005577,0.11005042219073874
2013-10-17,0.05687263666554934,0.05616354518232204
2013-10-18,0.05679559352777432,0.056086184475379754
2013-10-21,0.06542204211240148,0.06474819098473081
2013-10-22,0.057137389504221835,0.056429389323100564
2013-10-23,0.04762153994505869,0.04687431575894982
2013-10-24,0.05658886504843661,0.0558786038683519
2013-10-25,0.05068849068748023,0.04995390836697353
2013-10-28,0.051426995310471915,0.050695457080651554
2013-10-29,0.04970335497720997,0.04896471196114763
2013-10-30,0.05294138109468938,0.0522160851110483
2013-10-31,0.05077881996890373,0.05004460998259201
2013-11-01,0.017823591445472787,0.01695354113928905
2013-11-04,0.020086025215458846,0.01922530058355425
2013-11-05,0.023413199896161592,0.022566189763993372
2013-11-06,0.032559437541599866,0.03175012788680805
2013-11-07,0.020893143342444805,0.020035745623732948
2013-11-08,0.04042117207117694,0.03964426821604411
2013-11-11,0.042163098881583344,0.041393375188923096
2013-11-12,0.04207518338837691,0.041305097311073805
2013-11-13,0.036453823750343194,0.035660566621721075
2013-11-14,0.03783201026135939,0.037044433970191235
2013-11-15,0.0407787718305149,0.04000334198930554
2013-11-18,0.03416268405930138,0.03335998293157966
2013-11-19,0.029556351127249407,0.028734662853421807
2013-11-20,0.0357121465953549,0.034915832298978544
2013-11-21,0.042412179892467185,0.041643482903177195
2013-11-22,0.03372482343790913,0.032920317463747725
2013-11-25,0.03089282228394243,0.030076642898311304
2013-11-26,0.02422802495020455,0.023384373498917643
2013-11-27,0.024719913100221473,0.02387828919499124
2013-11-29,0.0192098649803922,0.018345528846097147
2013-12-02,0.02126123064255924,0.02040535016705366
2013-12-03,0.01695129235291998,0.016077646459842585
2013-12-04,0.014438065460293031,0.013554060132300396
2013-12-05,0.013837382691424647,0.01295090136969382
2013-12-06,0.018489725816999935,0.017622421293812113
2013-12-09,0.018635874819214825,0.017769172717193516
2013-12-10,0.011789572164196498,0.010894649837820288
2013-12-11,0.01309736568966816,0.012207834043277686
2013-12-12,0.01803293258596672,0.017163745176772667
2013-12-13,0.018185029390681614,0.017316468919291655
2013-12-16,0.013051672797130539,0.012161952806206699
2013-12-17,0.00996018544370395,0.00905772244811027
2013-12-18,0.011318676572964531,0.010421813231137805
2013-12-19,0.01179595822885193,0.01090106222561485
2013-12-20,0.010668541113968795,0.009768997936114006
2013-12-23,0.015287261924818012,0.014406756955479945
2013-12-24,0.01985129562631872,0.01898960344711129
2013-12-26,0.019695037607236066,0.018832701337841862
2013-12-27,0.022638244521965972,0.02178804005036714
2013-12-30,0.014727749220058319,0.013844937958572012
2013-12-31,0.01816173230801391,0.017293075806849512
2014-01-02,0.054894790852793515,0.05417754675707041
2014-01-03,0.07028413752022968,0.0696303277828039
2014-01-06,0.07449476525526048,0.073858311580712
2014-01-07,0.11068439944800741,0.11019711820238924
2014-01-08,0.10319485307375248,0.1026767001752659
2014-01-09,0.11615726880723043,0.11569254654110306
2014-01-10,0.08763951035535379,0.08705723886855021
2014-01-13,0.0766255579258414,0.07599788730548254
2014-01-14,0.0703924341085149,0.06973907076590574
2014-01-15,0.06534114234763234,0.06466695775391042
2014-01-16,0.06308263477374017,0.062399140689384534
2014-01-17,0.05958454026862303,0.05888662715888635
2014-01-21,0.0509490624934015,0.05021555424092746
2014-01-22,0.04401995801959926,0.04325788823651776
2014-01-23,0.02231454102981877,0.0214630022635454
2014-01-24,0.023661235660749153,0.02281524792348186
2014-01-27,0.029688731794370222,0.02886758918910486
2014-01-28,0.017901627848512857,0.01703189920570169
2014-01-29,0.017231771599610153,0.01635928183235239
2014-01-30,0.01842891008697937,0.01756135488344159
2014-01-31,0.018905140235199257,0.018039548035972637
2014-02-03,0.01278299501372244,0.011892167542205203
2014-02-04,0.018467412069891914,0.01760001557020505
2014-02-05,0.02000858253045616,0.01914753868246435
2014-02-06,0.024159493746456123,0.023315559811901598
2014-02-07,0.013033734937683145,0.012143941007518878
2014-02-10,0.009351592949343233,0.008446621356394603
2014-02-11,0.015606208204422432,0.014727017920692222
2014-02-12,0.02130290775550103,0.02044719907162327
2014-02-13,0.0128005260268217,0.011909770817538221
2014-02-14,0.01110103599323399,0.010203275544414159
2014-02-18,0.010043647405224418,0.00914152843696898
2014-02-19,0.010253329639429943,0.009352074974140747
2014-02-20,0.010919769559292436,0.010021261936458893
2014-02-21,0.007919475260405803,0.007008600527540504
2014-02-24,0.009321366841224182,0.008416270657296233
2014-02-25,0.011927464460897014,0.011033110521830829
2014-02-26,0.006166053720980985,0.005247951444764968
2014-02-27,0.007801365862574492,0.006890004286828711
2014-02-28,0.008440560567682671,0.007531833730553272
2014-03-03,0.007959991900452771,0.007049284175785889
2014-03-04,0.01703265617618989,0.016159345661996945
2014-03-05,0.02328222543886178,0.022434675434479898
2014-03-06,0.02171199280740004,0.020857970358053025
2014-03-07,0.028608196831236724,0.027782600297972634
2014-03-10,0.045926051217668115,0.045171838285269585
2014-03-11,0.04504448085677637,0.044286634121634576
2014-03-12,0.04679403144770048,0.04604339629999266
2014-03-13,0.025289595694397517,0.024450320001250334
2014-03-14,0.028604458898761648,0.0277788469578683
2014-03-17,0.033700577783625,0.032895971869709544
2014-03-18,0.022586864697022525,0.02173644843955031
2014-03-19,0.021845377048921297,0.020991904404835723
2014-03-20,0.02562706443882974,0.02478917978025414
2014-03-21,0.024478146405116467,0.023635525945874356
2014-03-24,0.020050345496587806,0.01918947379410772
2014-03-25,0.027840896676670335,0.027012137358527966
2014-03-26,0.02533014077957176,0.02449103221187283
2014-03-27,0.019811406663808845,0.018949550063668243
2014-03-28,0.018349077243390376,0.017481192971613792
2014-03-31,0.013008120792897869,0.012118221282108712
2014-04-01,0.03788937376625079,0.0371020339254792
2014-04-02,0.053036465232260584,0.052311561182168176
2014-04-03,0.04180349989379926,0.041032293946464564
2014-04-04,0.03499957172667954,0.03420032022117339
2014-04-07,0.02020430689300582,0.01934406981411278
2014-04-08,0.021284111610632647,0.020428325449691438
2014-04-09,0.021525721321632912,0.020670931067620496
2014-04-10,0.018697204848060974,0.017830755546311715
2014-04-11,0.021684548902317226,0.020830413330136233
2014-04-14,0.03517169513475193,0.034373153116020946
2014-04-15,0.027174332112042093,0.02634282523766263
2014-04-16,0.039724349354362115,0.03894457321992833
2014-04-17,0.20521631700153692,0.20511869307264638
2014-04-21,0.2684719989500665,0.2686351127691634
2014-04-22,0.2741180313295713,0.27430441790017995
2014-04-23,0.25591894640466806,0.25603031697240425
2014-04-24,0.2961826040232055,0.29645994000447934
2014-04-25,0.33920403676499455,0.33965870561412703
2014-04-28,0.35580281100536737,0.3563258994317057
2014-04-29,0.35563446217017064,0.35615685666839353
2014-04-30,0.33340082826851425,0.3338315764915802
2014-05-01,0.2960702688530729,0.2963471417926345
2014-05-02,0.26139868674904265,0.2615326446182344
2014-05-05,0.26523170847090605,0.2653814659239606
2014-05-06,0.2266001537396868,0.22659067325123808
2014-05-07,0.25418411166038624,0.25428833129890277
2014-05-08,0.23343358284181787,0.23345226951338127
2014-05-09,0.2693034444830535,0.2694699854920749
2014-05-12,0.3104868216800412,0.3108231191551078
2014-05-13,0.2122394091545997,0.21217073417030183
2014-05-14,0.21484541749553515,0.21478748438809514
2014-05-15,0.17013792178628528,0.16989570591735562
2014-05-16,0.1478326985587093,0.14749854132588056
2014-05-19,0.12391375847217818,0.12348100818999325
2014-05-20,0.11374975329365034,0.11327510733128068
2014-05-21,0.1183467648232148,0.11789106758445018
2014-05-22,0.17270733299033034,0.17247570814611748
2014-05-23,0.10831375311264944,0.10781670014427507
2014-05-27,0.08855598796080755,0.08797749416321016
2014-05-28,0.10873184649530682,0.10823651689349312
2014-05-29,0.08699712531909275,0.08641220594323737
2014-05-30,0.08658280693221705,0.08599617975020393
2014-06-02,0.1341520572122602,0.13376150884576854
2014-06-03,0.1988351590344125,0.1987112321915916
2014-06-04,0.17253690904232546,0.17230458171645346
2014-06-05,0.1383676926208075,0.13799452095865136
2014-06-06,0.12844737743862927,0.12803331457808195
2014-06-09,0.16190689579774595,0.1616307519224496
2014-06-10,0.21873054687499793,0.2186886281373953
2014-06-11,0.211316672096476,0.21124419362172306
2014-06-12,0.1348552795605862,0.13446762985245675
2014-06-13,0.168303352867126,0.16805357496813397
2014-06-16,0.14933675388263104,0.1490087963141791
2014-06-17,0.24759312404220418,0.2476701758561769
2014-06-18,0.1841449919764769,0.1839605127696903
2014-06-19,0.27291162802763713,0.27309304184527844
2014-06-20,0.26898951423924633,0.2691547612385871
2014-06-23,0.26802527376204816,0.2681865461952662
2014-06-24,0.22374376259149276,0.22372250815685596
2014-06-25,0.14271801537011422,0.14236277558888533
2014-06-26,0.0884805915806307,0.08790178700174428
2014-06-27,0.09692032168741091,0.09637630538609701
2014-06-30,0.07560652270029843,0.07497465165174651
2014-07-01,0.05313555372537799,0.05241105811465025
2014-07-02,0.09556225326961117,0.09501263905693243
2014-07-03,0.17371215163206752,0.17348466861577766
2014-07-07,0.18049239346428622,0.18029285837190906
2014-07-08,0.1647875964669424,0.1645233267408446
2014-07-09,0.19826892746907546,0.1981426666391938
2014-07-10,0.2775015937729199,0.27770192727168547
2014-07-11,0.2936042775044476,0.2938709857123836
2014-07-14,0.2447399074943529,0.2448051984477311
2014-07-15,0.33645922266211686,0.3369025774818091
2014-07-16,0.2876138715277135,0.2878558874880001
2014-07-17,0.08319268598968253,0.08259208484560415
2014-07-18,0.18986668452431302,0.1897057899376529
2014-07-21,0.1310920108636944,0.13068884909127484
2014-07-22,0.08910512133798924,0.08852889104930838
2014-07-23,0.14556601401156832,0.145222513582903
2014-07-24,0.23102686984330809,0.23103563612656877
2014-07-25,0.18850511654120924,0.18833860961809634
2014-07-28,0.20852295884703925,0.20843896478224377
2014-07-29,0.17310186178510945,0.17287186317503553
2014-07-30,0.30553195947719414,0.30584783318047354
2014-07-31,0.21630920934122574,0.21625730993348843
2014-08-01,0.12197528869591649,0.12153454810790551
2014-08-04,0.1552111948506044,0.15490745152601942
2014-08-05,0.09579227209103376,0.09524360600803516
2014-08-06,0.13012789190648127,0.1297207560688402
2014-08-07,0.10315995451813628,0.1026416577690023
2014-08-08,0.14828002680933652,0.1479477134481899
2014-08-11,0.18917164037611822,0.18900788084135592
2014-08-12,0.25122639558291404,0.2513184236173648
2014-08-13,0.27158454945138644,0.2717604930967252
2014-08-14,0.21280437936587093,0.21273803316937565
2014-08-15,0.14652158165290574,0.14618202004123168
2014-08-18,0.22451801193269852,0.22449994892724862
2014-08-19,0.2446162767278316,0.24468105807943727
2014-08-20,0.25708767436421753,0.257203862388454
2014-08-21,0.22605239355573534,0.2260406552186254
2014-08-22,0.18864551977304675,0.18847959158723226
2014-08-25,0.17419256166519492,0.17396705888255823
2014-08-26,0.2352389902439662,0.2352651187428206
2014-08-27,0.1590915086438879,0.15880375983945955
2014-08-28,0.11106922482972731,0.1105835298211128
2014-08-29,0.1246730885537042,0.12424346820403026
2014-09-02,0.13735898940530125,0.13698165990314248
2014-09-03,0.1115619141987212,0.11107825003876047
2014-09-04,0.15374004217349554,0.15343023480811363
2014-09-05,0.2163598708539926,0.21630818027127058
2014-09-08,0.19968293175820248,0.19956249940542573
2014-09-09,0.1486165920135259,0.14828566596258902
2014-09-10,0.3323020990020118,0.33272831830078553
2014-09-11,0.4275394892327206,0.4283582737823624
2014-09-12,0.6646150656161315,0.666411067547436
2014-09-15,0.5707703164273965,0.572179493526367
2014-09-16,0.712680876322473,0.7146750038743179
2014-09-17,0.5448169716348819,0.5461191699381854
2014-09-18,0.5393642167670669,0.5406439390021223
2014-09-19,0.4142508462810145,0.41501485550091033
2014-09-22,0.4049561927682748,0.40568188974568775
2014-09-23,0.24537315741454557,0.24544105860234097
2014-09-24,0.5019390900606594,0.5030645472090857
2014-09-25,0.16146308141412657,0.16118510815118717
2014-09-26,0.19480843304608536,0.19466790817706953
2014-09-29,0.09689381508278751,0.09634968952215991
2014-09-30,0.15275004825529792,0.15243616016899417
2014-10-01,0.5021294069519956,0.5032556485801101
2014-10-02,0.49577304766868563,0.4968730886021925
2014-10-03,0.6168453325604979,0.6184444292931671
2014-10-06,0.48584927239738285,0.48690840787013
2014-10-07,0.5265609313619526,0.5277878788943957
2014-10-08,0.5424618049815761,0.5437542953688411
2014-10-09,0.596364313687854,0.5978789883643089
2014-10-10,0.5840339773507125,0.5854978268043661
2014-10-13,0.6275362365269967,0.6291794007985543
2014-10-14,0.6459908644424207,0.6477100980562791
2014-10-15,0.711792052691722,0.7137825165430944
2014-10-16,0.6621022459731917,0.6638878901482501
2014-10-17,0.603997157074647,0.6055432940693332
2014-10-20,0.6547879904606821,0.6565434855257826
2014-10-21,0.6267717202798568,0.6284117332417068
2014-10-22,0.6261202319107425,0.6277575594599154
2014-10-23,0.5974308597779275,0.5989499307207269
2014-10-24,0.6742933989208248,0.6761292946095343
2014-10-27,0.670094896627582,0.6719134862340687
2014-10-28,0.737951243727904,0.7400495348660884
2014-10-29,0.7263026890902116,0.7283529652863389
2014-10-30,0.7869919790699781,0.7892924144345601
2014-10-31,0.8386114023953203,0.841124611249582
2014-11-03,0.7978709144513028,0.8002161924138056
2014-11-04,0.7664755335210084,0.7686914008018332
2014-11-05,0.8065402005599468,0.808921213021976
2014-11-06,0.8475519459402404,0.8501020074078623
2014-11-07,0.7697099983911888,0.7719391980250958
2014-11-10,0.843379066987032,0.8459119279909586
2014-11-11,0.8281129819799824,0.8305829167059414
2014-11-12,0.8207202628869295,0.8231597250787468
2014-11-13,0.7643907587509263,0.7665980326617665
2014-11-14,0.7026512727414592,0.7046040586118874
2014-11-17,0.7284440448906382,0.7305031476818135
2014-11-18,0.6668858973559756,0.6686912595777025
2014-11-19,0.7370758841190017,0.7391705670549492
2014-11-20,0.5978489634537397,0.5993697578055277
2014-11-21,0.653870394499479,0.6556221072655494
2014-11-24,0.6350001012605085,0.6366740313260936
2014-11-25,0.6434653497615039,0.6451741732906058
2014-11-26,0.5686594442946231,0.5700599204511765
2014-11-28,0.5050899660931378,0.5062284110443288
2014-12-01,0.5827843656604491,0.584243064257643
2014-12-02,0.7747626496873886,0.7770126761763663
2014-12-03,0.7627880174987852,0.7649886849652426
2014-12-04,0.7116401424959614,0.7136299801787255
2014-12-05,0.7826111965591791,0.7848935744887434
2014-12-08,0.6085120723405177,0.6100768196608303
2014-12-09,0.5210567592262406,0.5222610187502236
2014-12-10,0.44510205872152236,0.44599323557927506
2014-12-11,0.43386085835330856,0.43470569936930925
2014-12-12,0.4229642895028395,0.42376421523636526
2014-12-15,0.38387571632693474,0.384514520304628
2014-12-16,0.44275376615297846,0.4436352634294338
2014-12-17,0.5107459524080458,0.5119077111405284
2014-12-18,0.6009620953207611,0.6024957218951604
2014-12-19,0.4919737619522265,0.49305814236052586
2014-12-22,0.5585144426712183,0.5598731014795884
2014-12-23,0.6858695844676409,0.687753196795501
2014-12-24,0.7341934711769172,0.7362762729057362
2014-12-26,0.7160262192441673,0.7180341361846139
2014-12-29,0.693519539766037,0.6954346849468402
2014-12-30,0.5571225881493549,0.5584755097811998
2014-12-31,0.4816744435655279,0.48271637053724686
2015-01-02,0.5982610707383763,0.5997835637822346
2015-01-05,0.5813952760424712,0.5828482488599788
2015-01-06,0.6662983551266837,0.6681012955195251
2015-01-07,0.6792810102796111,0.6811374647310035
2015-01-08,0.638180222368108,0.6398672607836527
2015-01-09,0.6813934632810172,0.6832586251911129
2015-01-12,0.7072810485437252,0.7092529181909649
2015-01-13,0.7021085451663271,0.7040590939323348
2015-01-14,0.6627750704214245,0.6645634879557453
2015-01-15,0.7554601327647004,0.7576305949420166
2015-01-16,0.6640850973176573,0.6658789147378413
2015-01-20,0.729704373357966,0.7317686711797879
2015-01-21,0.593471910200357,0.5949746624889982
2015-01-22,0.5799747714152408,0.5814218889614732
2015-01-23,0.6258086579799361,0.6274447012320697
2015-01-26,0.5883986754338416,0.5898805160230547
2015-01-27,0.6351245070569415,0.6367989499189457
2015-01-28,0.6575950641378584,0.6593621298642256
2015-01-29,0.5383679669427189,0.5396435826702223
2015-01-30,0.6125169929428506,0.6140982484083061
2015-02-02,0.5520209512428014,0.5533528441025726
2015-02-03,0.500462229229418,0.501581598808232
2015-02-04,0.4974369514746647,0.4985438509625002
2015-02-05,0.48611252034634445,0.487172740918094
2015-02-06,0.4074470243057754,0.40818298840521905
2015-02-09,0.3359782710520609,0.3364196434057385
2015-02-10,0.37912700900222046,0.37974623897145227
2015-02-11,0.3406252832458763,0.3410858104241793
2015-02-12,0.33553482907748416,0.33597437357857596
2015-02-13,0.37077006502539933,0.37135484795864243
2015-02-17,0.37810244479570965,0.3787174515464788
2015-02-18,0.3503730907432898,0.35087379804923347
2015-02-19,0.34401802725030806,0.34449253920284734
2015-02-20,0.45598011599399885,0.4569161318301379
2015-02-23,0.2900495443357633,0.2903016000556927
2015-02-24,0.24597341357940752,0.24604378900249405
2015-02-25,0.20942308029397458,0.20934279649886173
2015-02-26,0.33072183158131613,0.3311415370720682
2015-02-27,0.33264095248830033,0.333068568529504
2015-03-02,0.3897240853806957,0.3903869961347212
2015-03-03,0.41637527898611276,0.417148045044639
2015-03-04,0.33823131619378816,0.3386819755221417
2015-03-05,0.28366039017159994,0.2838861100175495
2015-03-06,0.44104629656294103,0.4419207557084025
2015-03-09,0.3322412390632814,0.3326672074994784
2015-03-10,0.1873093096062932,0.1871378736080738
2015-03-11,0.17941141240486527,0.1792074215456958
2015-03-12,0.21644949504546954,0.21639817389058594
2015-03-13,0.24606332157368244,0.2461340675944328
2015-03-16,0.2259918718321227,0.22597988402654712
2015-03-17,0.16012729739280882,0.15984381807402134
2015-03-18,0.07629208128901764,0.07566303608941763
2015-03-19,0.1356793994620913,0.13529514674788506
2015-03-20,0.10791234685826533,0.10741363930709978
2015-03-23,0.0992594758671779,0.0987251014790367
2015-03-24,0.08230817089159823,0.08170392380667103
2015-03-25,0.06732759090513601,0.06666159438412822
2015-03-26,0.06901031329280972,0.06835125289567784
2015-03-27,0.0846781808994094,0.08408370291431813
2015-03-30,0.07428615986786379,0.07364884632907462
2015-03-31,0.07155527367315734,0.07090670351528695
2015-04-01,0.06617460312649304,0.06550385402946994
2015-04-02,0.07001592404218583,0.06936100873801741
2015-04-06,0.06918779131481291,0.06852946247599087
2015-04-07,0.044919421053946126,0.04416105882659321
2015-04-08,0.06967483384594493,0.06901851257970498
2015-04-09,0.08262299959376829,0.08202005022193622
2015-04-10,0.07943417825164964,0.07881808466779003
2015-04-13,0.08364954814892506,0.08305083017497261
2015-04-14,0.06553974671625458,0.06486638076291752
2015-04-15,0.07485527593485075,0.07422030827293903
2015-04-16,0.07361321324144597,0.07297312583978026
2015-04-17,0.07482032522716375,0.0741852134996356
2015-04-20,0.05371968026852953,0.052997592407346326
2015-04-21,0.06293000141524342,0.06224587818142744
2015-04-22,0.08750104766936596,0.08691820544412732
2015-04-23,0.10508578219625335,0.10457542364265116
2015-04-24,0.09328172075249566,0.09272270626312386
2015-04-27,0.08848360297830371,0.08790481081229506
2015-04-28,0.14085822383951963,0.1404953180614905
2015-04-29,0.1629421523563057,0.16267027577297985
2015-04-30,0.1387745020721512,0.13840300726457846
2015-05-01,0.28985499278620896,0.2901062465713345
2015-05-04,0.3270846614759371,0.32748937467646155
2015-05-05,0.3521743284943896,0.3526824604404659
2015-05-06,0.5022347150934143,0.5033613907980701
2015-05-07,0.3160745646621971,0.316433894621882
2015-05-08,0.32351082705717366,0.32390080903499485
2015-05-11,0.5040578150224858,0.5051920054824208
2015-05-12,0.4776260570688375,0.47865129673049017
2015-05-13,0.5248435301029672,0.5260633985664183
2015-05-14,0.5033199200867577,0.5044510689691163
2015-05-15,0.31834641381037554,0.318715108254205
2015-05-18,0.4763133484261552,0.4773331771478778
2015-05-19,0.48262758279928136,0.48367343857817896
2015-05-20,0.4772553680742054,0.4782790797685564
2015-05-21,0.37560309755953175,0.3762078020868527
2015-05-22,0.407253855050207,0.4079890229126151
2015-05-26,0.24826627070554763,0.24834609720694226
2015-05-27,0.22941723960731897,0.22941937105004206
2015-05-28,0.22050269222067628,0.22046807820531056
2015-05-29,0.21569990152156537,0.2156454905679268
2015-06-01,0.22022796672193332,0.22019222029749932
2015-06-02,0.3730810236799284,0.37367533230535777
2015-06-03,0.5157478029099118,0.5169301790983359
2015-06-04,0.4908207471242009,0.49190037484498833
2015-06-05,0.6438198490884273,0.6455301338515768
2015-06-08,0.5439834555715087,0.5452822181502326
2015-06-09,0.6302536975290634,0.6319080630815193
2015-06-10,0.7172002747540454,0.7192130311109717
2015-06-11,0.57943563715338,0.5808805324067057
2015-06-12,0.6047184175819643,0.6062675275876844
2015-06-15,0.6140840645873489,0.6156717794682898
2015-06-16,0.6038325200900315,0.6053779784567229
2015-06-17,0.623760069989744,0.6253876690325565
2015-06-18,0.7025411391570288,0.7044934710606052
2015-06-19,0.612779531780964,0.6143618694224913
2015-06-22,0.7500920956419777,0.7522404309546806
2015-06-23,0.7451963448055842,0.7473245000015218
2015-06-24,0.6594498537573906,0.6612245648628524
2015-06-25,0.6488420325955528,0.650573018626593
2015-06-26,0.775050565795958,0.7773017790652444
2015-06-29,0.5798118117310982,0.5812582575631106
2015-06-30,0.6651318711316848,0.6669300033175708
2015-07-01,0.9115533768176832,0.914367249984759
2015-07-02,0.8853834918639161,0.8880894936642191
2015-07-06,0.8411399905635063,0.8436636221713334
2015-07-07,0.8316943107878374,0.834179007628114
2015-07-08,0.7256903395099339,0.7277380916221272
2015-07-09,0.8552544607379405,0.8578362717069563
2015-07-10,0.9484019040950732,0.9513676656257395
2015-07-13,0.9470113273914447,0.9499713570127087
2015-07-14,0.9455421030717347,0.9484960766008247
2015-07-15,0.9432724886160618,0.946217106872333
2015-07-16,0.9396752794328025,0.9426050701163942
2015-07-17,0.9110000281205385,0.9138116204032938
2015-07-20,0.9323502054814197,0.9352498024618199
2015-07-21,0.9077111587732264,0.9105091944495136
2015-07-22,0.8741419256560681,0.8768015901066407
2015-07-23,0.8450156028430804,0.8475552095915861
2015-07-24,0.8252655826664173,0.8277237805102216
2015-07-27,0.7635719866154234,0.765775885575648
2015-07-28,0.8202184687628773,0.8226558625765533
2015-07-29,0.8561710714174067,0.8587566606241551
2015-07-30,0.8446833742114273,0.8472216115249263
2015-07-31,0.7751291896074488,0.7773807269613853
2015-08-03,0.6716870135346003,0.6735121657922841
2015-08-04,0.73547092891076,0.7375589962764737
2015-08-05,0.8431401405090354,0.8456720166662275
2015-08-06,0.8077400990590838,0.8101260574615067
2015-08-07,0.7429160224310022,0.7450347782164471
2015-08-10,0.7626682063024715,0.7648683799112934
2015-08-11,0.6299769867008906,0.6316302116608186
2015-08-12,0.7141077648110848,0.7161077739482623
2015-08-13,0.7506343804538891,0.7527849510459578
2015-08-14,0.839430383979218,0.8419469686474343
2015-08-17,0.770249615490088,0.7724810394071393
2015-08-18,0.8039138892935197,0.8062840761907296
2015-08-19,0.669368393247,0.6711839882315093
2015-08-20,0.6765907433297967,0.6784361085932399
2015-08-21,0.6944031429891628,0.6963219303520977
2015-08-24,0.6333848924010667,0.6350521646312199
2015-08-25,0.7388243368599069,0.7409262268579883
2015-08-26,0.7652722186549633,0.7674831259132474
2015-08-27,0.6947321950264786,0.6966523387306074
2015-08-28,0.6492204285195353,0.6509529742855752
2015-08-31,0.6202838055354627,0.6218970755356138
2015-09-01,0.759445980876275,0.7616328725825824
2015-09-02,0.764107746560991,0.7663138539053065
2015-09-03,0.7284933465710912,0.7305526525820997
2015-09-04,0.6318736437789142,0.6335346866941625
2015-09-08,0.6911843632205519,0.6930898828838543
2015-09-09,0.7297525928136247,0.7318170893943864
2015-09-10,0.7790648121604761,0.7813325720153769
2015-09-11,0.7759966860846357,0.7782517992292503
2015-09-14,0.6325410102313809,0.6342048040082203
2015-09-15,0.8060220794199906,0.8084009562044797
2015-09-16,0.8566639567006228,0.8592515775635767
2015-09-17,0.8542656839648929,0.8568434192300174
2015-09-18,0.824848790762011,0.8273052706039034
2015-09-21,0.8263826182724487,0.828845420498648
2015-09-22,0.7463130308116307,0.7484457889489241
2015-09-23,0.7579141758928163,0.7600947535516035
2015-09-24,0.7644351082333865,0.7666425649512698
2015-09-25,0.8108715981314402,0.8132704644654638
2015-09-28,0.7430135665983313,0.745132724457483
2015-09-29,0.5498456509029034,0.5511685772494009
2015-09-30,0.5666204504229433,0.5680125219168025
2015-10-01,0.28150463355748884,0.2817214674487311
2015-10-02,0.26422846205501077,0.2643740841608032
2015-10-05,0.315752654868009,0.3161106579265808
2015-10-06,0.25405673419701363,0.2541604287900019
2015-10-07,0.3355075734733733,0.3359470056278012
2015-10-08,0.4047041990155838,0.4054288572834048
2015-10-09,0.3528895978289238,0.35340067809062564
2015-10-12,0.43357355349415516,0.4344172102493961
2015-10-13,0.3513641628744925,0.351868955345715
2015-10-14,0.2572098784429015,0.25732657018815225
2015-10-15,0.37374027524105846,0.3743373012787757
2015-10-16,0.3922301028717241,0.39290334334375915
2015-10-19,0.35751372951186305,0.35804387028551043
2015-10-20,0.46337209039256716,0.4643385756932427
2015-10-21,0.4362049697640599,0.4370594731267691
2015-10-22,0.622508028251164,0.6241304664209412
2015-10-23,0.6024608229716106,0.6040006272499014
2015-10-26,0.45044762067581273,0.4513608317563064
2015-10-27,0.34680595945457865,0.3472919631678909
2015-10-28,0.35266283966617745,0.3531729852385222
2015-10-29,0.43473866122068594,0.435587120509951
2015-10-30,0.317614604526665,0.3179802824777667
2015-11-02,0.36716004105854166,0.3677299435970075
2015-11-03,0.4645535063251798,0.4655248613817447
2015-11-04,0.5240069455253745,0.5252233656159356
2015-11-05,0.555849932278383,0.5571976080664469
2015-11-06,0.6654418882247705,0.6672412982904642
2015-11-09,0.6439816816808013,0.6456926335123371
2015-11-10,0.5552941711520785,0.5566395561118717
2015-11-11,0.6187701687629531,0.6203771996043255
2015-11-12,0.4941637514025261,0.4952571588721076
2015-11-13,0.469888231929728,0.4708815765419726
2015-11-16,0.51079466766524,0.5119566272003392
2015-11-17,0.46820331057505166,0.4691897099993539
2015-11-18,0.6074275202995828,0.6089877971336399
2015-11-19,0.5566949334336762,0.5580460922874741
2015-11-20,0.7736643752757775,0.7759098747153592
2015-11-23,0.6874549487746713,0.6893450959197432
2015-11-24,0.7005311299107552,0.7024751766252678
2015-11-25,0.5207018288480987,0.5219046253612558
2015-11-27,0.6589340085583666,0.6607065933676387
2015-11-30,0.5865913940874586,0.5880657851250469
2015-12-01,0.4542558638218649,0.45518477234978316
2015-12-02,0.5120115264805211,0.5131785018658545
2015-12-03,0.7613543856696112,0.7635491437549179
2015-12-04,0.7695809387856906,0.7718096064403372
2015-12-07,0.6023964066971679,0.6039359454537883
2015-12-08,0.6142678353140584,0.6158563076916218
2015-12-09,0.5711604828416541,0.5725712681931808
2015-12-10,0.6908644815710967,0.6927686826932289
2015-12-11,0.41010798377081187,0.4108549162537592
2015-12-14,0.5464470417822652,0.547755959178719
2015-12-15,0.7674405749530302,0.7696604201014859
2015-12-16,0.8776135665252762,0.8802875409602514
2015-12-17,0.8478658147060656,0.8504171699299581
2015-12-18,0.7919256561837433,0.7942464279959031
2015-12-21,0.8126824058778732,0.8150887362992215
2015-12-22,0.863603007571271,0.8662192309635385
2015-12-23,0.9341290384356729,0.9370359677044028
2015-12-24,0.9090032095177294,0.9118065709828
2015-12-28,0.8351882941627831,0.8376873930825034
2015-12-29,0.9295850307533544,0.9324732297785169
2015-12-30,0.9452379418409678,0.9481906616279133
2015-12-31,0.9593379896675835,0.9623488293672955
2016-01-04,0.7907596859031681,0.7930756516258857
2016-01-05,0.8790978876048074,0.881777980360282
2016-01-06,0.7491383721561299,0.7512827762533872
2016-01-07,0.7394484143579156,0.7415528767820051
2016-01-08,0.6844404601108764,0.6863181816372321
2016-01-11,0.7178547593509216,0.7198702134708729
2016-01-12,0.6010837841659525,0.6026179123375914
2016-01-13,0.656482860151678,0.6582453414114213
2016-01-14,0.5753229662399972,0.5767509092050993
2016-01-15,0.6153845897001009,0.61697766530088
2016-01-19,0.6368220178928753,0.6385034578362312
2016-01-20,0.6564858225640258,0.6582483160347311
2016-01-21,0.5819055608157163,0.5833606370095296
2016-01-22,0.47446314023098185,0.47547534245808365
2016-01-25,0.5919225033002538,0.5934188689868791
2016-01-26,0.5866056874310105,0.5880801373852699
2016-01-27,0.5800905112563843,0.5815381058782659
2016-01-28,0.5108171719763772,0.5119792242734739
2016-01-29,0.548361282544314,0.5496780903754296
2016-02-01,0.5747471257976287,0.576172695168209
2016-02-02,0.6362338324496712,0.637912847912836
2016-02-03,0.49876198718287523,0.4998743484223814
2016-02-04,0.3964787626922534,0.3971695159941157
2016-02-05,0.49252862006321485,0.4936152875775869
2016-02-08,0.45017336194729063,0.4510854425427269
2016-02-09,0.39891722117527967,0.3996180257192413
2016-02-10,0.41793801938594544,0.4187172270067154
2016-02-11,0.4062974231760194,0.40702864865909816
2016-02-12,0.38049946665190937,0.38112435384442556
2016-02-16,0.3395482067384751,0.34000429424441503
2016-02-17,0.29473704779142557,0.29500842523957077
2016-02-18,0.29036877309679915,0.2906221446667152
2016-02-19,0.3310905562970839,0.3315117816584477
2016-02-22,0.4522481666909384,0.45316879956025286
2016-02-23,0.44013818781743896,0.44100890376984747
2016-02-24,0.3960118554349968,0.3967006841611842
2016-02-25,0.3929309737050139,0.393607103142547
2016-02-26,0.4479187466458317,0.4488215337944475
2016-02-29,0.3814062777822605,0.38203490281910457
2016-03-01,0.6801518150879972,0.6820118589668952
2016-03-02,0.6674996928109692,0.669307585076476
2016-03-03,0.5964586287703977,0.5979736922103828
2016-03-04,0.5597920472662927,0.5611559723169145
2016-03-07,0.4493389132725382,0.45024755429920277
2016-03-08,0.4348888827144,0.43573796121150166
2016-03-09,0.4933960452356156,0.49448628824674984
2016-03-10,0.4177467629853421,0.4185251822537989
2016-03-11,0.5345511065676521,0.5358109893278089
2016-03-14,0.413339743314563,0.41409999699933003
2016-03-15,0.42088938475035614,0.4216807577977708
2016-03-16,0.42282241128595116,0.42362175220234083
2016-03-17,0.3589941620447322,0.3595304051104232
2016-03-18,0.39536160780943236,0.396047756237245
2016-03-21,0.46563511473259217,0.4666109281418563
2016-03-22,0.4056901051136364,0.406418827252525
2016-03-23,0.34686029572658394,0.3473465234121428
2016-03-24,0.4118514639219576,0.4126055829701947
2016-03-28,0.27214698801480536,0.27232525001258123
2016-03-29,0.3154552137533296,0.3158119907698445
2016-03-30,0.37747483742778326,0.3780872572025418
2016-03-31,0.3379566076422498,0.33840613463139085
2016-04-01,0.2891903855029959,0.28943889979973114
2016-04-04,0.28691419026711423,0.2871533221652806
2016-04-05,0.26408140723647633,0.2642264231873585
2016-04-06,0.1847673527778626,0.18458543892091953
2016-04-07,0.16756906064837138,0.16731625602207856
2016-04-08,0.19497754823238525,0.1948377204503578
2016-04-11,0.17906525182747068,0.17885983410629275
2016-04-12,0.1729544993021031,0.17272389326893653
2016-04-13,0.16726516532020103,0.16701110804780514
2016-04-14,0.16502246597542755,0.16475916437337532
2016-04-15,0.17710174297684317,0.1768882317396348
2016-04-18,0.16974882631242924,0.1695050066053228
2016-04-19,0.2133901294821355,0.21332619772749736
2016-04-20,0.23077071537032576,0.2307784257936484
2016-04-21,0.22010310710401318,0.2200668460125234
2016-04-22,0.26655390754496444,0.26670911505718115
2016-04-25,0.27741770709281954,0.27761769481357146
2016-04-26,0.27688557266662855,0.277083366947556
2016-04-27,0.23169329694477556,0.2317048102176549
2016-04-28,0.24202395049921221,0.24207804637115696
2016-04-29,0.2523193499586913,0.2524158831135331
2016-05-02,0.3058304854990094,0.3061475897162955
2016-05-03,0.24516344308974852,0.24523047984230137
2016-05-04,0.22092752377857183,0.22089466090429363
2016-05-05,0.20271149705173158,0.20260354834105532
2016-05-06,0.2466693646528872,0.2467426087623908
2016-05-09,0.189723027724199,0.18956154098914382
2016-05-10,0.2110314245839374,0.21095777032873678
2016-05-11,0.21194287580882643,0.21187297852426398
2016-05-12,0.22344997119298668,0.22342750576029777
2016-05-13,0.22522055129302637,0.2252053841306856
2016-05-16,0.21587625691283702,0.21582257289006299
2016-05-17,0.19959567760251257,0.1994748855911035
2016-05-18,0.22818980226837804,0.22818687425655584
2016-05-19,0.20026062821800525,0.20014257711019037
2016-05-20,0.17354764995977215,0.17331948887324017
2016-05-23,0.13812860668463695,0.13775444951846516
2016-05-24,0.1613902597611102,0.1611119863298187
2016-05-25,0.14931328237641592,0.14898522805922165
2016-05-26,0.13047625643044655,0.130070556539406
2016-05-27,0.14404086580789627,0.1436910787707284
2016-05-31,0.1395954548712341,0.13922734400289724
2016-06-01,0.057290255443871854,0.05658288537090246
2016-06-02,0.05037471266599193,0.04963883696325979
2016-06-03,0.051769861355420596,0.05103973640765913
2016-06-06,0.061438773202233114,0.06074850317695084
2016-06-07,0.05322949246988493,0.052505384071435
2016-06-08,0.06321400313337758,0.06253105054488751
2016-06-09,0.06621797360521066,0.06554740327981094
2016-06-10,0.09708411056097835,0.0965407693917747
2016-06-13,0.07546950212271156,0.07483706628004586
2016-06-14,0.07702719421328927,0.07640117912390998
2016-06-15,0.07481766514256885,0.07418254245026337
2016-06-16,0.09638540416796561,0.09583918295501243
2016-06-17,0.09005816674934342,0.08948586488110845
2016-06-20,0.09637053839272018,0.09582425590355212
2016-06-21,0.10626381578738567,0.10575831304777747
2016-06-22,0.06706381818898567,0.06639673440590321
2016-06-23,0.09571931006215159,0.09517034323217638
2016-06-24,0.056374319225411175,0.05566317369481418
2016-06-27,0.05218018389100165,0.05145175027863616
2016-06-28,0.07063491860368795,0.0699825547738379
2016-06-29,0.07492742910299052,0.07429275885395921
2016-06-30,0.09417052110770223,0.09361517022286188
2016-07-01,0.16187453887563127,0.16159826162621352
2016-07-05,0.21521967466388428,0.21516328423163544
2016-07-06,0.22554764836935493,0.22553382948992612
2016-07-07,0.2988596306945412,0.2991480012877911
2016-07-08,0.23929216025788377,0.23933499578429818
2016-07-11,0.2874844787936693,0.28772596140155116
2016-07-12,0.2668960485736738,0.2670526663794574
2016-07-13,0.2466336026578844,0.24670669935767311
2016-07-14,0.28830173105630064,0.28854658234993424
2016-07-15,0.40070951967679536,0.40141771201360993
2016-07-18,0.41901689032455375,0.4198005450142705
2016-07-19,0.44911253513104965,0.45002024303479166
2016-07-20,0.4249979987818791,0.42580630739518965
2016-07-21,0.4809370207515448,0.48197590809175705
2016-07-22,0.4817388840266475,0.4827810766197335
2016-07-25,0.4721804471875569,0.4731832402323504
2016-07-26,0.4197605484258526,0.4205472684487162
2016-07-27,0.3226383537181522,0.32302473939084175
2016-07-28,0.33315555695617716,0.33358529417931937
2016-07-29,0.22719892119340426,0.22719190880383047
2016-08-01,0.06873832262608215,0.06807814109276564
2016-08-02,0.07589726091700975,0.07526658828139947
2016-08-03,0.05821735102497571,0.057513802408143376
2016-08-04,0.06138975910059829,0.060699287040872844
2016-08-05,0.08186512930086232,0.08125905601371779
2016-08-08,0.07037490972231195,0.06972147414478488
2016-08-09,0.05170962096990888,0.05097924771334776
2016-08-10,0.050043295514333716,0.04930605372148752
2016-08-11,0.11296969327385499,0.11249183193088091
2016-08-12,0.062391776729898346,0.06170543495241885
2016-08-15,0.04985168562767993,0.04911365402546326
2016-08-16,0.03775312229714122,0.03696522083249457
2016-08-17,0.027175852923551812,0.026344352317905145
2016-08-18,0.024728137481930014,0.023886547477318654
2016-08-19,0.030315616167018528,0.02949705755760204
2016-08-22,0.029952451803294037,0.02913239624284596
2016-08-23,0.02640147906209852,0.025566786513996787
2016-08-24,0.027455561318251578,0.026625213660999122
2016-08-25,0.025703146801626522,0.024865575751936733
2016-08-26,0.0357627435692577,0.03496663783186963
2016-08-29,0.027113866320341542,0.026282110208045852
2016-08-30,0.025853459124433886,0.025016507656975072
2016-08-31,0.0349017886020134,0.03410213403782649
2016-09-01,0.06365254097973075,0.06297139602917838
2016-09-02,0.11319354788541053,0.11271660926345528
2016-09-06,0.0815300842331597,0.08092262990175582
2016-09-07,0.07707471810493052,0.0764488989074
2016-09-08,0.10955161551871175,0.10905966497665123
2016-09-09,0.23617782087272954,0.23620781919918435
2016-09-12,0.18696556430847414,0.1867927114039457
2016-09-13,0.2824869639777018,0.28270784700119045
2016-09-14,0.3032184966802324,0.30352483436933647
2016-09-15,0.39865660956659316,0.39935633987845653
2016-09-16,0.4593210088542407,0.46027079573598095
2016-09-19,0.4897849546480957,0.4908603128678789
2016-09-20,0.4403737379848489,0.44124542486695567
2016-09-21,0.4378011500099038,0.43866223277275324
2016-09-22,0.43853007870686944,0.4393941660887671
2016-09-23,0.5183962809230727,0.5195895740468847
2016-09-26,0.3419270565979939,0.3423929496413348
2016-09-27,0.2214651543317618,0.2214345075521548
2016-09-28,0.1845186924780429,0.18433575365188612
2016-09-29,0.2026610895535711,0.20255293306491906
2016-09-30,0.16655085818542162,0.16629385656355455
2016-10-03,0.16019342196498512,0.15991021520941262
2016-10-04,0.14175150209203383,0.14139227837627502
2016-10-05,0.20074069698642508,0.20062462470558196
2016-10-06,0.20910713164063222,0.20902554551602398
2016-10-07,0.17266521751648994,0.17243341907374068
2016-10-10,0.19088832676197623,0.1907316433495236
2016-10-11,0.24657930347153287,0.24665217635194078
2016-10-12,0.3160135516331427,0.3163726300992178
2016-10-13,0.2913709026869616,0.2916284050006224
2016-10-14,0.3618640856335661,0.3624121584257006
2016-10-17,0.2638820459342001,0.26402624012464293
2016-10-18,0.23600620922147733,0.23603550017060101
2016-10-19,0.20039404652164808,0.20027654535949754
2016-10-20,0.17926588424716436,0.17906129352592812
2016-10-21,0.11364218176800017,0.11316709239949717
2016-10-24,0.13201764146553807,0.1316182951106614
2016-10-25,0.13857462869725604,0.1382023100184982
2016-10-26,0.16250034364142452,0.16222664593775327
2016-10-27,0.29957986659824015,0.2998712059791431
2016-10-28,0.35746086864194165,0.35799079152489915
2016-10-31,0.3184261072840651,0.31879513022165545
2016-11-01,0.29101349058981235,0.2912695196630868
2016-11-02,0.23102769640167492,0.2310364660919808
2016-11-03,0.1348238923362696,0.13443611325107974
2016-11-04,0.0913602711973487,0.0907933365589176
2016-11-07,0.17595485907101807,0.17573662041774846
2016-11-08,0.23031474380165673,0.2303205747258372
2016-11-09,0.5760163348904885,0.5774471358973489
2016-11-10,0.728800892626845,0.7308614663321302
2016-11-11,0.6480041277805497,0.6497316599967268
2016-11-14,0.6702239886326955,0.6720431103519926
2016-11-15,0.5894048397282674,0.5908908276921376
2016-11-16,0.6123627081053825,0.613943327614038
2016-11-17,0.6019702475049981,0.603508029648068
2016-11-18,0.5824465311252172,0.5839038371800623
2016-11-21,0.5095232379982964,0.5106799567439855
2016-11-22,0.4488610264343825,0.4497676976279169
2016-11-23,0.45385484218589695,0.45478209771640793
2016-11-25,0.46280812278839006,0.46377228343397503
2016-11-28,0.40234012577796613,0.40305503941711396
2016-11-29,0.45500643774891913,0.4559384401167805
2016-11-30,0.4353417384068161,0.4361926835595251
2016-12-01,0.45783901715395736,0.4587826953168195
2016-12-02,0.4790135223161996,0.4800444810619387
2016-12-05,0.3773831708592609,0.377995212787573
2016-12-06,0.3663667832429523,0.36693341599995283
2016-12-07,0.4094900355392892,0.41023442086085443
2016-12-08,0.43550110564022065,0.43635270769919104
2016-12-09,0.43562857492469,0.436480702407672
2016-12-12,0.4029618790486517,0.40367935553342243
2016-12-13,0.4447744544812477,0.4456642809655761
2016-12-14,0.5169996192655227,0.5181871553979613
2016-12-15,0.48686304771085975,0.48792636193062316
2016-12-16,0.49911095333915195,0.5002247530051663
2016-12-19,0.4105582348500021,0.4113070232524305
2016-12-20,0.49157527443584964,0.49265801229229567
2016-12-21,0.4179657305226015,0.4187450523677248
2016-12-22,0.4878818287162582,0.4889493423163279
2016-12-23,0.5315955694083976,0.5328432695459147
2016-12-27,0.46764903722395873,0.46863315195254857
2016-12-28,0.49652100531571625,0.4976241293049498
2016-12-29,0.4795093797134498,0.48054238236634633
2016-12-30,0.49749498735430164,0.4986021260640393
2017-01-03,0.5037595208974939,0.5048924817992928
2017-01-04,0.47123659065007034,0.4722354931506404
2017-01-05,0.392932907441174,0.3936090448495011
2017-01-06,0.4733894588354247,0.4743972353846979
2017-01-09,0.5323679818402592,0.533618865835286
2017-01-10,0.6053745601750066,0.606926374777955
2017-01-11,0.5794070643137438,0.5808518417908061
2017-01-12,0.5806953763311631,0.5821454641861041
2017-01-13,0.6140116216661744,0.6155990379398829
2017-01-17,0.5587809373571594,0.5601406946474701
2017-01-18,0.5028379704121225,0.5039671327144786
2017-01-19,0.517347562094825,0.5185365324356532
2017-01-20,0.47707661134645,0.47809958621170995
2017-01-23,0.4250806301479952,0.42588927936495824
2017-01-24,0.3892914029311246,0.3899525301829568
2017-01-25,0.4812283586628165,0.4822684468878907
2017-01-26,0.43304883118676024,0.43389032505467573
2017-01-27,0.43113025912903263,0.43196384470883437
2017-01-30,0.548451625528967,0.5497688057507617
2017-01-31,0.4143222462517344,0.41508654977985676
2017-02-01,0.35814324581622375,0.3586759814344521
2017-02-02,0.38529193126999667,0.3859365728370344
2017-02-03,0.4219966756900196,0.4227926129526491
2017-02-06,0.43491561530784834,0.4357648039957819
2017-02-07,0.45482870001522646,0.45575996975425526
2017-02-08,0.4290139171652605,0.42983877925618963
2017-02-09,0.44937619762314657,0.4502849923346235
2017-02-10,0.2924260697764513,0.29268792145260714
2017-02-13,0.3568211884449467,0.3573484745881069
2017-02-14,0.3264747411991656,0.32687694032926157
2017-02-15,0.3189745903666636,0.31934587413267856
2017-02-16,0.2858114722638488,0.2860460587962871
2017-02-17,0.34440936605539585,0.34488549109304617
2017-02-21,0.37893245331844444,0.37955088133583126
2017-02-22,0.36980811938786073,0.37038893721423133
2017-02-23,0.27616929882888547,0.27636414065365966
2017-02-24,0.3036630050770617,0.30397117501450743
2017-02-27,0.29020195490678957,0.29045463885785705
2017-02-28,0.4413920566611282,0.44226794101783656
2017-03-01,0.2507862277431832,0.2508764414209196
2017-03-02,0.32904146463326395,0.32945424370918136
2017-03-03,0.2791553914728988,0.27936254186897125
2017-03-06,0.23084527694799237,0.23085329471157678
2017-03-07,0.2055852869578769,0.20548918391047127
2017-03-08,0.31912855636151277,0.3195004747700693
2017-03-09,0.3405411072135224,0.3410012874211117
2017-03-10,0.33329762910515026,0.33372795194481
2017-03-13,0.33705696209619024,0.33750278077729573
2017-03-14,0.35671359606757425,0.357240438718651
2017-03-15,0.23660825383140058,0.2366400263877245
2017-03-16,0.2568577986877631,0.2569730391723581
2017-03-17,0.25342262247468456,0.2535237032809368
2017-03-20,0.2038184151839635,0.20371502915180267
2017-03-21,0.1989339810436267,0.19881046154173296
2017-03-22,0.1672309225514701,0.1669767241315578
2017-03-23,0.22169839934796276,0.22166871399629992
2017-03-24,0.1927429981885036,0.19259395966795811
2017-03-27,0.16004372291993815,0.15975989911004454
2017-03-28,0.173057976040832,0.17282779653522778
2017-03-29,0.16886645133459321,0.16861899450814014
2017-03-30,0.13864662803195205,0.13827460613197845
2017-03-31,0.10944197319073996,0.10894957070677005
2017-04-03,0.09919566560455487,0.09866102819270318
2017-04-04,0.11854039036457124,0.11808549124363654
2017-04-05,0.10296709278504111,0.10244800106646863
2017-04-06,0.07961159681620704,0.07899623454557572
2017-04-07,0.11113703796443754,0.11065162247923474
2017-04-10,0.1183832597068537,0.11792771289874575
2017-04-11,0.0775391454090458,0.0769152405649085
2017-04-12,0.08017345234302431,0.07956040602157327
2017-04-13,0.06346676397991487,0.0627848532629512
2017-04-17,0.060885742513831054,0.06019319291504929
2017-04-18,0.04267511953069564,0.04190750636956173
2017-04-19,0.04612018923559982,0.04536677653344204
2017-04-20,0.07424787384254959,0.07361040249007932
2017-04-21,0.06396124947253612,0.06328137700778612
2017-04-24,0.06678068845255548,0.06611243761842574
2017-04-25,0.07826544408598833,0.07764453302004706
2017-04-26,0.05995370111907115,0.05925730967767834
2017-04-27,0.0670024745606235,0.06633513792121225
2017-04-28,0.0628518743498061,0.062167429078910263
2017-05-01,0.1327331174409617,0.13233672025347717
2017-05-02,0.10749693357008382,0.10699651369961495
2017-05-03,0.10137437454664375,0.10084871769820679
2017-05-04,0.10079066277656241,0.10026259988826126
2017-05-05,0.08859547517968075,0.08801714414704306
2017-05-08,0.12486245923615992,0.12443361946593368
2017-05-09,0.1590955540867233,0.15880782195747134
2017-05-10,0.1819214215150066,0.18172777682716348
2017-05-11,0.1672142558470187,0.16695998872752324
2017-05-12,0.08129007292982285,0.08068162928007165
2017-05-15,0.06028796541212171,0.05959295179666197
2017-05-16,0.04167867592755427,0.04090695546011876
2017-05-17,0.037597313129143696,0.03680876942445903
2017-05-18,0.036414226109302575,0.035620805760564374
2017-05-19,0.030481164991878168,0.0296632887690307
2017-05-22,0.029837878905921298,0.02901735107992614
2017-05-23,0.043108129265759854,0.04234230095587883
2017-05-24,0.033260212227070034,0.03245379114145821
2017-05-25,0.035384876475460625,0.034587213182892686
2017-05-26,0.03248947795874637,0.03167987993295733
2017-05-30,0.03268593941430148,0.03187715119588325
2017-05-31,0.03271228805624729,0.03190360844602602
2017-06-01,0.0810552758677428,0.08044586439256762
2017-06-02,0.052175035312251594,0.051446580477621365
2017-06-05,0.059942441481808335,0.05924600362857753
2017-06-06,0.049249825392639085,0.048509312943209114
2017-06-07,0.06558012862476367,0.06490692912426627
2017-06-08,0.043191025652178465,0.04242553903835454
2017-06-09,0.05729998506216393,0.056592655094346904
2017-06-12,0.05591908797755605,0.05520606599939383
2017-06-13,0.04312355929272444,0.04235779458488449
2017-06-14,0.048905800390102706,0.048163869881430475
2017-06-15,0.0468027418310617,0.046052142587254874
2017-06-16,0.036470041772340075,0.0356768514938475
2017-06-19,0.03376681806309845,0.03296248518933945
2017-06-20,0.05742284429122273,0.05671602074492733
2017-06-21,0.05923555312587836,0.058536201503127945
2017-06-22,0.05434855817329902,0.05362906252523562
2017-06-23,0.04867807553903429,0.047935206356348924
2017-06-26,0.04739962857777854,0.046651489680636996
2017-06-27,0.06586715861928821,0.06519514224656797
2017-06-28,0.05220033551952225,0.05147198497147726
2017-06-29,0.08295242907743812,0.08235083760262095
2017-06-30,0.07054615161902203,0.06989342189471058
2017-07-03,0.096008472946778,0.09546069803627968
2017-07-05,0.10002703512292027,0.0994958245876635
2017-07-06,0.13480558811558363,0.1344177335810249
2017-07-07,0.12028060350752662,0.11983287748538612
2017-07-10,0.08434212566917063,0.08374626247596471
2017-07-11,0.07837493567134873,0.07775447592596098
2017-07-12,0.06374009364119014,0.06305930957970063
2017-07-13,0.05536937036168377,0.054654082466393215
2017-07-14,0.0324975199358444,0.0316879550588087
2017-07-17,0.025515231706096653,0.024676886076838486
2017-07-18,0.017524422748557388,0.016653139279282227
2017-07-19,0.013877493818096996,0.012991177833052385
2017-07-20,0.01374866222717239,0.012861815202735704
2017-07-21,0.015475609526188365,0.014595880919192894
2017-07-24,0.01354397664547084,0.012656285914097884
2017-07-25,0.014536983930102198,0.013653386340643997
2017-07-26,0.011935595749071808,0.011041275326896147
2017-07-27,0.01293410565789206,0.01204390105925903
2017-07-28,0.011523409788999975,0.010627390350456605
2017-07-31,0.0065231467835986864,0.005606516432719663
2017-08-01,0.001988435593128642,0.001053113318502142
2017-08-02,0.002235753391991647,0.0013014505528360226
2017-08-03,0.002053509905124969,0.0011184558645770388
2017-08-04,0.0030002135074155838,0.0020690617465944565
2017-08-07,0.005310959133289465,0.004389332186557803
2017-08-08,0.008950966012173154,0.008044343048752131
2017-08-09,0.011076672970101337,0.01017881209773709
2017-08-10,0.00458435172827458,0.0036597297307803846
2017-08-11,0.005082480150474362,0.004159911421224409
2017-08-14,0.010319443246656807,0.009418461099385418
2017-08-15,0.014587764419083157,0.013704376145056088
2017-08-16,0.014630940172497078,0.013747729867442377
2017-08-17,0.010574779789984627,0.009674850131173333
2017-08-18,0.01451215589142262,0.013628455961641894
2017-08-21,0.012246740086772843,0.011353702190868533
2017-08-22,0.013978885393979713,0.013092987341527817
2017-08-23,0.012759243326448858,0.011868317951292614
2017-08-24,0.01207850401241756,0.011184772653194125
2017-08-25,0.01031059796996394,0.009409579362765883
2017-08-28,0.014046088281030988,0.013160467236570914
2017-08-29,0.01069556165985191,0.009796129859759023
2017-08-30,0.01523122195863042,0.014350485994476851
2017-08-31,0.005442454678683287,0.004521369752072509
2017-09-01,0.007635551939445848,0.006723506884405089
2017-09-05,0.004209258328563084,0.0032830902089607547
2017-09-06,0.004228594708753171,0.003302506293045728
2017-09-07,0.004433727411288317,0.003508484545533858
2017-09-08,0.005565734062344104,0.004645157289117795
2017-09-11,0.004984607894382922,0.004061635739055539
2017-09-12,0.0056119500044163,0.004691563731715569
2017-09-13,0.0036247916471112292,0.0026962143759259724
2017-09-14,0.004018599099146604,0.0030916450887502824
2017-09-15,0.0034080435670544823,0.0024785728677291165
2017-09-18,0.004068638584559449,0.003141890835203006
2017-09-19,0.004639642358661172,0.003715248267246047
2017-09-20,0.004168717626208835,0.0032423823992240846
2017-09-21,0.0044783082653300395,0.0035532491603244673
2017-09-22,0.004466739706734458,0.0035416329165277667
2017-09-25,0.005447799441821485,0.004526736546140757
2017-09-26,0.005801891083415403,0.004882287741317315
2017-09-27,0.009668583248638818,0.008764918278814406
2017-09-28,0.007078480489708158,0.006164139205288497
2017-09-29,0.005001164739596058,0.00407826083101587
2017-10-02,0.007423928540059051,0.0065110111806358575
2017-10-03,0.004374024826852052,0.003448535869095493
2017-10-04,0.006421837652380852,0.005504789708743192
2017-10-05,0.007955279835952926,0.0070445526883180475
2017-10-06,0.018978489492373123,0.01811319963626483
2017-10-09,0.020208242367871165,0.019348021510870325
2017-10-10,0.009773063712398097,0.008869829407456115
2017-10-11,0.010445529671410405,0.009545067248050439
2017-10-12,0.016388447769347263,0.015512481850231621
2017-10-13,0.006862460494393936,0.005947228782974463
2017-10-16,0.0036002741457832085,0.0026715958142997202
2017-10-17,0.003978445792133149,0.0030513262711846924
2017-10-18,0.004760963226980543,0.003837069216016929
2017-10-19,0.005361677082738705,0.004440259193652374
2017-10-20,0.009815355988812233,0.008912296011180775
2017-10-23,0.008821415124007288,0.007914258156275672
2017-10-24,0.01144454047978881,0.010548195944662248
2017-10-25,0.013196649108142788,0.012307526704592611
2017-10-26,0.016045077660062704,0.015167696381152286
2017-10-27,0.013647232513259193,0.012759967399026143
2017-10-30,0.012858234076689378,0.011967716738005025
2017-10-31,0.010977768758649491,0.010079500206523267
2017-11-01,0.005357040504722201,0.004435603503820565
2017-11-02,0.008994925867366877,0.008088484104958823
2017-11-03,0.005782340874377655,0.004862656946989516
2017-11-06,0.006257321673240081,0.005339595600387973
2017-11-07,0.00654304491734052,0.005626496585885225
2017-11-08,0.00792160758562604,0.007010741642132047
2017-11-09,0.007995832328752304,0.0070852723370996564
2017-11-10,0.007647786431578405,0.006735791806693928
2017-11-13,0.008545442265610529,0.0076371477472370174
2017-11-14,0.00707746743454556,0.0061631219743473195
2017-11-15,0.0024720970822113496,0.0015387684436277635
2017-11-16,0.004812351168403517,0.003888668976769133
2017-11-17,0.003022840042060692,0.002091781547038089
2017-11-20,0.0036183102742781905,0.0026897062870967687
2017-11-21,0.0037290953841356824,0.002800948049371324
2017-11-22,0.002565538426980652,0.0016325949504102408
2017-11-24,0.002135841517387792,0.0012011268449172948
2017-11-27,0.0019969537332552457,0.0010616665701097265
2017-11-28,0.002364211757298338,0.0014304384191116141
2017-11-29,0.00296744247703703,0.002036155635154456
2017-11-30,0.00334397813965021,0.0024142433648339052
2017-12-01,0.00903159263911526,0.00812530201588075
2017-12-04,0.010716374403359725,0.009817028392680602
2017-12-05,0.008436128159162644,0.007527383051797591
2017-12-06,0.015655862294902012,0.014776876683627007
2017-12-07,0.025673402527141977,0.02483570887257456
2017-12-08,0.019416205501821313,0.01855271989606723
2017-12-11,0.024604019103407853,0.023761917487104028
2017-12-12,0.030110479236073923,0.02929107505927509
2017-12-13,0.02243181610939714,0.021580760746973075
2017-12-14,0.023568101300374514,0.022721729666473175
2017-12-15,0.029919601351595555,0.02909941038271408
2017-12-18,0.019859602271403598,0.018997944331901852
2017-12-19,0.04273226889984266,0.041964891306445144
2017-12-20,0.03835359751622099,0.03756817118979944
2017-12-21,0.06632590563177171,0.06565578019847772
2017-12-22,0.06223113301405004,0.06154412906869236
2017-12-26,0.027220943090509063,0.026389628344981625
2017-12-27,0.024983284888029565,0.02414274659226114
2017-12-28,0.03527575914911243,0.034477646078673756
2017-12-29,0.025331541546686542,0.02449243875290154
2018-01-02,0.05163015583812329,0.05089945502901879
2018-01-03,0.04686776109018398,0.046117429853529665
2018-01-04,0.05487011999507868,0.05415277420692759
2018-01-05,0.06830368476529865,0.06764171166965097
2018-01-08,0.06223153337096073,0.06154453107586049
2018-01-09,0.06405919716093308,0.06337972843318988
2018-01-10,0.07607987755583913,0.07544995765974073
2018-01-11,0.06104625667110283,0.06035436870616325
2018-01-12,0.06163017354797565,0.0609406924683434
2018-01-16,0.0584932838398856,0.057790872608637286
2018-01-17,0.035519413553082115,0.03472230481772642
2018-01-18,0.04644189722161328,0.0456898105887223
2018-01-19,0.07531514023490027,0.07468206811783576
2018-01-22,0.0969345271312027,0.09639056938424011
2018-01-23,0.0716418167156469,0.07099360328522467
2018-01-24,0.07564017549420124,0.07500844316130972
2018-01-25,0.08558650737042547,0.08499577347584425
2018-01-26,0.12315755971167222,0.12272169240417397
2018-01-29,0.1016086656109977,0.10108397450227948
2018-01-30,0.15726958961182336,0.1569743309197327
2018-01-31,0.14466467916224393,0.144317463462293
2018-02-01,0.08201743413893546,0.08141198864710139
2018-02-02,0.16959775853349982,0.16935331613019822
2018-02-05,0.12446301536799205,0.1240325291038632
2018-02-06,0.09700955573470982,0.09646590725307345
2018-02-07,0.12273063296227561,0.12229300587738244
2018-02-08,0.18559624455132856,0.18541774735780103
2018-02-09,0.24987928377944588,0.24996575906531973
2018-02-12,0.12416502609778235,0.12373331153211843
2018-02-13,0.15399432888254075,0.15368556967823807
2018-02-14,0.296363620006198,0.2966417021291353
2018-02-15,0.3039582471270558,0.3042676340420893
2018-02-16,0.2643438671822001,0.2644899649839624
2018-02-20,0.20856105062916755,0.20847721357738944
2018-02-21,0.39501671491954177,0.39570144171071026
2018-02-22,0.32878159607194196,0.3291933039785768
2018-02-23,0.26571713617317266,0.2658688945425402
2018-02-26,0.23000164425487765,0.2300061845934821
2018-02-27,0.2896627429502214,0.2899132042881273
2018-02-28,0.24045285480766246,0.24050047467713803
2018-03-01,0.47974453450626414,0.48077850645913844
2018-03-02,0.6284361198946091,0.6300829934544945
2018-03-05,0.5102298071972268,0.5113894383968813
2018-03-06,0.47468882294093573,0.4757019554244152
2018-03-07,0.5218239500555071,0.5230313719137332
2018-03-08,0.5303434994410152,0.5315860385891388
2018-03-09,0.7107484510197996,0.7127346131809309
2018-03-12,0.49188059834455755,0.49296459473566656
2018-03-13,0.41811590892615197,0.4188958498014957
2018-03-14,0.3548079360790304,0.355326923665099
2018-03-15,0.33639143002366767,0.33683450540443305
2018-03-16,0.32542791742467914,0.3258258015831379
2018-03-19,0.3268064103200049,0.3272099765788232
2018-03-20,0.3224088135538558,0.32279425306987347
2018-03-21,0.3683668441663614,0.36894172110578066
2018-03-22,0.5038416189637566,0.5049749182709644
2018-03-23,0.5354443207175137,0.5367078852757119
2018-03-26,0.46509519877740485,0.46606878667164925
2018-03-27,0.41077115515566565,0.41152082120827965
2018-03-28,0.4352000135895216,0.4360503745574023
2018-03-29,0.3184753078605994,0.31884453360127607
2018-04-02,0.5660742121397976,0.5674640320582185
2018-04-03,0.5338032243227195,0.5350600243379545
2018-04-04,0.5180860192664466,0.5192780335023682
2018-04-05,0.5006756936756479,0.5017959431475763
2018-04-06,0.5826329947571,0.5840910694086302
2018-04-09,0.5524549827639684,0.5537886646867597
2018-04-10,0.5067145915324852,0.507859733133927
2018-04-11,0.5463018371846742,0.5476101560527649
2018-04-12,0.5086222026856255,0.5097752073947088
2018-04-13,0.4334782947347386,0.43432155883664564
2018-04-16,0.4421683042560459,0.44304738827867435
2018-04-17,0.3561254490105003,0.3566498673396123
2018-04-18,0.3183345002879227,0.31870314562462193
2018-04-19,0.5100908132777339,0.5112498715492271
2018-04-20,0.6954237443254355,0.697346738572018
2018-04-23,0.5994455995162081,0.6009729751469969
2018-04-24,0.7474338981914126,0.7495712765055407
2018-04-25,0.8103913463976409,0.8127882331505157
2018-04-26,0.7264709316550637,0.7285219013412637
2018-04-27,0.5925815299521934,0.5940806121240386
2018-04-30,0.46048388122497563,0.4614384614266802
2018-05-01,0.5111180709246197,0.5122813635168443
2018-05-02,0.5411544507854504,0.5424415523036302
2018-05-03,0.35520914430874795,0.3557297856613569
2018-05-04,0.22519186361461574,0.22517657820265005
2018-05-07,0.2324233944587078,0.23243791716845874
2018-05-08,0.2205528960699531,0.22051848899312945
2018-05-09,0.2956460518028666,0.29592117613432023
2018-05-10,0.1704856592039105,0.17024487669667054
2018-05-11,0.12492565139201614,0.12449707209768551
2018-05-14,0.1406441619233638,0.14028037378946986
2018-05-15,0.3460281588218848,0.34651095646770863
2018-05-16,0.4215341751131955,0.42232820596433546
2018-05-17,0.48752057578297275,0.48858660031086154
2018-05-18,0.3760212184296542,0.3766276464368382
2018-05-21,0.27449808727815234,0.27468604042632505
2018-05-22,0.2639116500735797,0.26405596629126804
2018-05-23,0.18382732477648805,0.18364153615641582
2018-05-24,0.1452772452924561,0.14493255456905058
2018-05-25,0.1580965640254279,0.1578047140934613
2018-05-29,0.13541320258120831,0.1350278526126037
2018-05-30,0.1184216616403812,0.11796627312372404
2018-05-31,0.14267197704110562,0.14231654749146608
2018-06-01,0.23124243656937574,0.23125209141127598
2018-06-04,0.25732785273620956,0.25744503076744457
2018-06-05,0.2709709066382857,0.2711443208690292
2018-06-06,0.30097861430484435,0.3012757192757431
2018-06-07,0.22519648074087195,0.2251812143605421
2018-06-08,0.32583954399863235,0.32623912486768847
2018-06-11,0.3326167497658041,0.33304426604421705
2018-06-12,0.41404324134330794,0.41480639482278236
2018-06-13,0.4471831144460654,0.44808286934402475
2018-06-14,0.4929014544315699,0.4939896587564004
2018-06-15,0.7005846973311872,0.7025289648487667
2018-06-18,0.6537705852354261,0.6555218865911386
2018-06-19,0.7270057574630471,0.729058931682855
2018-06-20,0.6508436405693474,0.6525828771596949
2018-06-21,0.6675138520932086,0.6693218027227904
2018-06-22,0.5514109089181565,0.552740287204422
2018-06-25,0.5502005753641918,0.5515249646971262
2018-06-26,0.3696729516756008,0.37025321234530484
2018-06-27,0.24993063587493264,0.25001732283238
2018-06-28,0.19373663870956584,0.19359169594111392
2018-06-29,0.1637001400915481,0.16343138790762798
2018-07-02,0.1651302112980737,0.16486735381854006
2018-07-03,0.20776752601676657,0.20768041808379586
2018-07-05,0.30269847452273246,0.3030026686983675
2018-07-06,0.283792007329426,0.2840182696967787
2018-07-09,0.34282589520648926,0.3432954932316969
2018-07-10,0.3388064614993796,0.339259491556925
2018-07-11,0.5662562815180798,0.5676468519202235
2018-07-12,0.5668447766268558,0.5682377727856214
2018-07-13,0.5647934074569434,0.5661779479424607
2018-07-16,0.6030140185121683,0.6045561030434735
2018-07-17,0.6307679824309558,0.6324244678481102
2018-07-18,0.631211249685232,0.6328695622347811
2018-07-19,0.5681733071106098,0.5695717794263907
2018-07-20,0.5349639817387466,0.5362255663561752
2018-07-23,0.6646094650446176,0.6664054438905587
2018-07-24,0.5657171810745859,0.567105529323221
2018-07-25,0.5264890515795548,0.5277157028260042
2018-07-26,0.5540621686227917,0.5554024753104818
2018-07-27,0.5047133365065523,0.5058502290035256
2018-07-30,0.4731698600866693,0.47417673145744393
2018-07-31,0.46228724016719996,0.4632492537525141
2018-08-01,0.5456147627429951,0.5469202495138401
2018-08-02,0.5043852954901213,0.5055208358132941
2018-08-03,0.40818066954769405,0.4089196577076222
2018-08-06,0.3510657655922216,0.3515693280800973
2018-08-07,0.3923116270891341,0.3929852036011927
2018-08-08,0.36815905713166464,0.36873307758006496
2018-08-09,0.3725421991743571,0.37313428678368454
2018-08-10,0.29974896222189745,0.3000409986091522
2018-08-13,0.34096642568795843,0.3414283590436885
2018-08-14,0.3342829446189828,0.3347173288953423
2018-08-15,0.3669105635235281,0.3674794377241648
2018-08-16,0.36677528388684894,0.3673436004694705
2018-08-17,0.3325253482948265,0.33295248781951603
2018-08-20,0.29380642100877025,0.2940739624452869
2018-08-21,0.2626343003243343,0.2627733513502367
2018-08-22,0.18616368565678848,0.18598752743600452
2018-08-23,0.2096457811380265,0.20956641530814246
2018-08-24,0.15501989424388704,0.15471536238477288
2018-08-27,0.13105999560236767,0.13065670186414075
2018-08-28,0.10566759552463185,0.10515963518558237
2018-08-29,0.10759069663828374,0.10709066325596099
2018-08-30,0.068756112340575,0.0680960041358505
2018-08-31,0.0846205504908545,0.08402583495519893
2018-09-04,0.0977659408631258,0.09722541017500488
2018-09-05,0.12181314243445748,0.12137173348512693
2018-09-06,0.13981495989892465,0.13944775382277133
2018-09-07,0.15469452007585088,0.15438864703559357
2018-09-10,0.15796782158973197,0.15767544098586808
2018-09-11,0.11061437993375356,0.110126810070103
2018-09-12,0.11040875239869394,0.10992033494540773
2018-09-13,0.09599910611299771,0.09545129259273233
2018-09-14,0.11924575315560801,0.11879376151586683
2018-09-17,0.11343452924921651,0.11295858394416451
2018-09-18,0.18359181170632222,0.18340505230946527
2018-09-19,0.19817047644704974,0.19804380980543737
2018-09-20,0.21829002262035296,0.2182462880569059
2018-09-21,0.30973567992390494,0.3100688812184565
2018-09-24,0.27588937686015597,0.27608306485619116
2018-09-25,0.3040834196321992,0.3043933225039988
2018-09-26,0.24304879484263714,0.24310711508775928
2018-09-27,0.2714813841037098,0.27165690250502944
2018-09-28,0.23305822445992072,0.23307536391712855
2018-10-01,0.19659000090469822,0.1964568195971939
2018-10-02,0.19232702868191595,0.192176275549354
2018-10-03,0.28706987009350915,0.2873096436985719
2018-10-04,0.3545357996224946,0.355053665471438
2018-10-05,0.49666052098417796,0.49776422005220416
2018-10-08,0.5201147534938816,0.5213151301025962
2018-10-09,0.2788862587074596,0.2790922997475183
2018-10-10,0.4223177781972347,0.42311503903336817
2018-10-11,0.30550085980037495,0.3058166053118549
2018-10-12,0.4074279876289449,0.4081638732598606
2018-10-15,0.4056694283283497,0.4063980652382396
2018-10-16,0.32473781490775094,0.32513285448734186
2018-10-17,0.46504561494591057,0.4660189984573049
2018-10-18,0.5266782941836917,0.5279057254816543
2018-10-19,0.6818053540874804,0.6836722137973308
2018-10-22,0.5817022362917087,0.5831564743888187
2018-10-23,0.5318709436884845,0.5331197789093243
2018-10-24,0.4844057826854406,0.48545896814318296
2018-10-25,0.4334585225366207,0.4343017051382063
2018-10-26,0.4748431556803478,0.47585692431807736
2018-10-29,0.47859424588693106,0.479623476389632
2018-10-30,0.5398560305546667,0.5411377800292594
2018-10-31,0.5158955005193038,0.5170784855122
2018-11-01,0.5701204697501288,0.5715269682034195
2018-11-02,0.8017983249079385,0.8041597915214264
2018-11-05,0.7588496495351983,0.7610340831842034
2018-11-06,0.8027023462678883,0.8050675392263663
2018-11-07,0.7733328177665763,0.775576950537495
2018-11-08,0.7959769555858169,0.7983144267149389
2018-11-09,0.8099980614736191,0.8123933271195475
2018-11-12,0.8117608937888142,0.8141634257689878
2018-11-13,0.7405689635396874,0.7426780448290101
2018-11-14,0.734528806787355,0.7366129907580404
2018-11-15,0.7289872120631677,0.7310485537707689
2018-11-16,0.7706909471225191,0.7729241901933984
2018-11-19,0.7290091400677592,0.731070572161842
2018-11-20,0.6377073322911883,0.639392421470081
2018-11-21,0.5602358789415475,0.5616016334510878
2018-11-23,0.5429891727613714,0.5442838369405082
2018-11-26,0.5704248472033248,0.5718326002900214
2018-11-27,0.5577720270114512,0.5591276256079757
2018-11-28,0.6573945458758094,0.6591607850727887
2018-11-29,0.6399919448741616,0.6416864511476387
2018-11-30,0.6886237987486574,0.690518763853169
2018-12-03,0.6581638891727056,0.6599332995763257
2018-12-04,0.4649503348364662,0.4659233256065225
2018-12-06,0.40406087197697216,0.40478287847284
2018-12-07,0.4056792619177997,0.40640793936140757
2018-12-10,0.36470518926449724,0.3652649729881988
2018-12-11,0.3655765182998476,0.3661398936119004
2018-12-12,0.3832351835481911,0.38387134727177447
2018-12-13,0.4247642825381657,0.42557162778114843
2018-12-14,0.44908395004114543,0.44999154011812886
2018-12-17,0.5149928566809343,0.516172121006937
2018-12-18,0.5406405434763483,0.541925526686254
2018-12-19,0.5912682021021519,0.5927618707817157
2018-12-20,0.6480996092464945,0.649827535033994
2018-12-21,0.6472740435365425,0.6489985663705461
2018-12-24,0.7026208169266102,0.7045734772592157
2018-12-26,0.5059850041681214,0.5071271384355105
2018-12-27,0.4779486926837219,0.47897526223829573
2018-12-28,0.42903710403869955,0.4298620617051245
2018-12-31,0.3923335319654121,0.3930071987686183
2019-01-02,0.15425926258155195,0.15395159542485543
2019-01-03,0.16219273549513621,0.16191776984125314
2019-01-04,0.1677862471127401,0.16753433772159246
2019-01-07,0.12696471577111273,0.12654454143010535
2019-01-08,0.13939704760553334,0.1390281189092631
2019-01-09,0.1363374523906446,0.13595591214800398
2019-01-10,0.146887939120244,0.14654988762146492
2019-01-11,0.16607051131736605,0.16581152972221008
2019-01-14,0.13217859787085456,0.13177991497275132
2019-01-15,0.13471792328742183,0.13432970740145295
2019-01-16,0.12811846911582173,0.1277030505064667
2019-01-17,0.14560866079295895,0.1452653361528615
2019-01-18,0.13174254407927058,0.13134206378241806
2019-01-22,0.13712338934532,0.1367450887078075
2019-01-23,0.15576189240832605,0.15546041904015606
2019-01-24,0.1156700214570863,0.1152032907741199
2019-01-25,0.0908282931680735,0.09025916573448062
2019-01-28,0.09049577478915602,0.08992527672622815
2019-01-29,0.08158973523693433,0.08098252678491882
2019-01-30,0.06862895451705572,0.06796832217215089
2019-01-31,0.08410112074116967,0.08350426413392972
2019-02-01,0.04844007538237808,0.04769622517122293
2019-02-04,0.051548349043522936,0.05081731102962138
2019-02-05,0.05438742310959706,0.053668087661465955
2019-02-06,0.05182648975315607,0.05109659822570473
2019-02-07,0.0457572277191197,0.0450023189020597
2019-02-08,0.030677743291113477,0.029860677357262458
2019-02-11,0.03367265750122422,0.032867936500863844
2019-02-12,0.022545260474443322,0.021694672725794853
2019-02-13,0.02673485009553618,0.02590153169138208
2019-02-14,0.017983894220211342,0.017114504676558246
2019-02-15,0.013965927107513874,0.013079975641450317
2019-02-19,0.016491577944003466,0.015616037123924955
2019-02-20,0.013008085749414044,0.01211818609417685
2019-02-21,0.016287417169355216,0.015411034805577081
2019-02-22,0.00915342630643656,0.00824763787739343
2019-02-25,0.008996117522522142,0.0080896806720757
2019-02-26,0.007276378259548291,0.0063628527029375844
2019-02-27,0.007081469315983194,0.006167140351402764
2019-02-28,0.008773527400496903,0.007866173041214048
2019-03-01,0.0070360702763140725,0.006121554178451707
2019-03-04,0.005880675682696143,0.004961397088009825
2019-03-05,0.006373148745679565,0.005455900108041078
2019-03-06,0.0047796734407165396,0.0038558565526111985
2019-03-07,0.005912959428979158,0.0049938139067859846
2019-03-08,0.005040046607803552,0.004117302968948418
2019-03-11,0.005202812276833811,0.004280739552474978
2019-03-12,0.004818320368247249,0.0038946627814495627
2019-03-13,0.005781853447465049,0.0048621675109199215
2019-03-14,0.006053428421336752,0.0051348619075045855
2019-03-15,0.005865614051177244,0.004946273372963213
2019-03-18,0.005531525164806472,0.0046108073836796815
2019-03-19,0.005325222594768275,0.00440365444153484
2019-03-20,0.003525676752273039,0.002596690932896125
2019-03-21,0.003766240760620126,0.002838246537821592
2019-03-22,0.0050653244584030685,0.004142685013979743
2019-03-25,0.00473045537646673,0.0038064356131913253
2019-03-26,0.003580626793314211,0.0026518674761187855
2019-03-27,0.0031325077516199196,0.002201901303128736
2019-03-28,0.0023636242639570575,0.001429848504142963
2019-03-29,0.00285133210844469,0.001919566663611485
2019-04-01,0.004558742507540745,0.0036340149497184307
2019-04-02,0.0038898648501789626,0.002962380201630767
2019-04-03,0.003926690501702925,0.0029993576472252498
2019-04-04,0.003968623831563151,0.003041463824830636
2019-04-05,0.004050444503035274,0.003123621758299805
2019-04-08,0.004354429636222612,0.0034288599077634263
2019-04-09,0.005073756813387438,0.004151152126841684
2019-04-10,0.006376459253640987,0.005459224261802592
2019-04-11,0.007221218695542234,0.006307465773103576
2019-04-12,0.009373034886108116,0.008468151676086243
2019-04-15,0.007703176997415323,0.00679141069054041
2019-04-16,0.00885137998973146,0.007944346536146982
2019-04-17,0.008074625810880871,0.007164390603254788
2019-04-18,0.009227374467928671,0.008321890850666893
2019-04-22,0.008719114988429158,0.007811536343052975
2019-04-23,0.007710539016523328,0.006798803055638272
2019-04-24,0.007635003097931109,0.00672295578058448
2019-04-25,0.009196826959184598,0.008291217426141166
2019-04-26,0.010248218953782706,0.009346943222422837
2019-04-29,0.010779415525068168,0.009880329367727094
2019-04-30,0.013133201813736032,0.012243817882617898
2019-05-01,0.031061194019873475,0.03024570865675383
2019-05-02,0.02361089948765162,0.022764704266408003
2019-05-03,0.025009433095077544,0.02416900258132031
2019-05-06,0.02496246921018834,0.02412184511291093
2019-05-07,0.023539354374211823,0.022692864246468377
2019-05-08,0.018563503878944534,0.01769650346639357
2019-05-09,0.015034373001754276,0.01415282563296276
2019-05-10,0.024719331022652367,0.02387770471811839
2019-05-13,0.026290699936487257,0.02545555076063532
2019-05-14,0.025513804923518155,0.024675453413111212
2019-05-15,0.02439824930217354,0.02355529950981778
2019-05-16,0.033324094993425306,0.032517937230381856
2019-05-17,0.04150477892445443,0.04073234165954598
2019-05-20,0.03839101403957089,0.037605741942773226
2019-05-21,0.03062633048197879,0.02980905262629469
2019-05-22,0.02796069617259118,0.02713243066385556
2019-05-23,0.04123449794020195,0.0404609465863613
2019-05-24,0.037442725996402644,0.036653545088867305
2019-05-28,0.024912012838291732,0.024071180761582676
2019-05-29,0.025659560685584417,0.024821809975421605
2019-05-30,0.03116432277257326,0.030349262502629492
2019-05-31,0.05631794510750576,0.05560656720473137
2019-06-03,0.06170126511014241,0.06101207706748722
2019-06-04,0.04135446109171501,0.040581404221863834
2019-06-05,0.06260212725240252,0.06191665253255068
2019-06-06,0.05294154508773635,0.05221624978006898
2019-06-07,0.038926678567751324,0.03814361446173729
2019-06-10,0.04007340505499732,0.03929506771617054
2019-06-11,0.036598551769929294,0.03580589120523211
2019-06-12,0.06096786306922091,0.0602756519685474
2019-06-13,0.05205877820437556,0.05132984416194041
2019-06-14,0.06836610604951916,0.0677043902522607
2019-06-17,0.06356896614252472,0.06288747669936441
2019-06-18,0.05663793491168208,0.05592787599588798
2019-06-19,0.04960125318991741,0.04886218931379532
2019-06-20,0.036155405156134995,0.03536091795631904
2019-06-21,0.034834462338054116,0.034034530257320006
2019-06-24,0.026350017804269522,0.025515113134630854
2019-06-25,0.02878093580838625,0.027956051299251918
2019-06-26,0.023784726466174657,0.022939247753765084
2019-06-27,0.02485223902923819,0.02401116056694161
2019-06-28,0.028609458348533984,0.027783867015200855
2019-07-01,0.029515832235840225,0.02869397694453417
2019-07-02,0.04322996297136285,0.042464636855830996
2019-07-03,0.05265254407112353,0.05192605751119365
2019-07-05,0.055779198432800686,0.05506559983474057
2019-07-08,0.06685046721998485,0.06618250401153736
2019-07-09,0.05794053475279217,0.057235845108795286
2019-07-10,0.07284117541337767,0.07219790569830625
2019-07-11,0.11535105045916598,0.11488300498870367
2019-07-12,0.09335465643942067,0.09279594258844484
2019-07-15,0.07978033539352043,0.07916566865750818
2019-07-16,0.1521260473088031,0.15180958711203404
2019-07-17,0.1384503444198344,0.13807751344555452
2019-07-18,0.11767433969085911,0.11721587073879855
2019-07-19,0.12825347148582708,0.1278386093516035
2019-07-22,0.09027252912388474,0.0897011108499937
2019-07-23,0.11468202606116513,0.11421122289511708
2019-07-24,0.11996958997661111,0.11952058196738034
2019-07-25,0.13659354140367463,0.13621305675114836
2019-07-26,0.149621700668317,0.14929491764072697
2019-07-29,0.15178640356260747,0.15146854336598428
2019-07-30,0.17054346005169704,0.17030291579756604
2019-07-31,0.12318923311099918,0.12275349636016487
2019-08-01,0.08363138494797434,0.08303259210593154
2019-08-02,0.0995984479023695,0.09906547074531276
2019-08-05,0.05764012915922139,0.05693420125368756
2019-08-06,0.08105952863704237,0.08045013469163616
2019-08-07,0.10642125169115772,0.10591639789693652
2019-08-08,0.11257841091680228,0.11209893672139405
2019-08-09,0.11601455942238183,0.11554924891307257
2019-08-12,0.08259733004955419,0.0819942748687427
2019-08-13,0.1106842369788943,0.11019695506358404
2019-08-14,0.11495228726340716,0.11448259810475053
2019-08-15,0.15296826638537595,0.15265527778670798
2019-08-16,0.22474477073514185,0.22472764242168583
2019-08-19,0.15186541257137,0.15154787804716674
2019-08-20,0.142128131182371,0.14177045991878434
2019-08-21,0.14695529914357947,0.1466175253005026
2019-08-22,0.15550368346140941,0.1552011457648304
2019-08-23,0.1392009423253413,0.13883120528984286
2019-08-26,0.12665505456695972,0.12623360381310653
2019-08-27,0.09560078710391955,0.09505133172638208
2019-08-28,0.08776681130816759,0.08718506455151838
2019-08-29,0.06332111395990271,0.06263860287856003
2019-08-30,0.08898169392933879,0.08840495487711952
2019-09-03,0.11669990508960451,0.11623741955159206
2019-09-04,0.08746873604271513,0.08688576063006141
2019-09-05,0.0711535418464168,0.07050331576375717
2019-09-06,0.06410757825652126,0.06342830895399205
2019-09-09,0.06753604255211733,0.06687090526163751
2019-09-10,0.0884962323632111,0.08791749225509318
2019-09-11,0.1449065280832687,0.14456030927626207
2019-09-12,0.186340743135321,0.18616531473938114
2019-09-13,0.34166859647824865,0.3421334241578548
2019-09-16,0.1950039156059831,0.19486419650936382
2019-09-17,0.2442656928398092,0.24432902909667195
2019-09-18,0.2792324583923526,0.2794399264556196
2019-09-19,0.24885320631391836,0.24893545214372784
2019-09-20,0.30799346078317597,0.30831948071027937
2019-09-23,0.25179888233308423,0.25189327013825275
2019-09-24,0.24603030415474875,0.2461009140788325
2019-09-25,0.3117992951384272,0.31214100258400224
2019-09-26,0.285079691292874,0.28531126144928864
2019-09-27,0.31213985863928256,0.31248296987590884
2019-09-30,0.24434871062308677,0.2444123890764003
2019-10-01,0.2374644179719329,0.23749971960743252
2019-10-02,0.2238014501246187,0.22378043347601173
2019-10-03,0.26167414305336484,0.2618092363439803
2019-10-04,0.26062804486352287,0.2607588261733361
2019-10-07,0.2518388027372767,0.2519333550929799
2019-10-08,0.22116664857345614,0.22113477136336787
2019-10-09,0.2729962165692826,0.2731779790579867
2019-10-10,0.3066460591937593,0.30696652517779804
2019-10-11,0.2954571379240913,0.2957314835590263
2019-10-14,0.2968826059195838,0.29716282728462756
2019-10-15,0.31091887335405727,0.311256951731282
2019-10-16,0.2690735790097718,0.2692391725212089
2019-10-17,0.2470904344521287,0.24716541419687987
2019-10-18,0.20351664993527843,0.20341202003712897
2019-10-21,0.22029295072515617,0.2202574721625511
2019-10-22,0.27774243795553666,0.27794376420574934
2019-10-23,0.26941505099721147,0.2695820520444503
2019-10-24,0.2978096175162218,0.2980936599912215
2019-10-25,0.19868936860486489,0.19856484081890166
2019-10-28,0.2865965126822237,0.28683433512429823
2019-10-29,0.32294955205066445,0.3233372204721901
2019-10-30,0.20164583592813015,0.20153349459891076
2019-10-31,0.14128383923008495,0.1409226878240747
2019-11-01,0.11295703758109185,0.11247912407178697
2019-11-04,0.25628739672710793,0.25640028603441595
2019-11-05,0.38750590019211323,0.38815966766299215
2019-11-06,0.41529645427511797,0.416064773455246
2019-11-07,0.5415790971291076,0.5428679490249281
2019-11-08,0.524546465886167,0.5257651098611213
2019-11-11,0.5136314246727292,0.5148050772227629
2019-11-12,0.4916896406245806,0.4927728498945278
2019-11-13,0.5681182560663445,0.5695165014636121
2019-11-14,0.41824122644859957,0.4190216838784658
2019-11-15,0.3713262343807644,0.3719133098249844
2019-11-18,0.3501904535452212,0.35069040802690854
2019-11-19,0.37525861618968137,0.3758619007766297
2019-11-20,0.28495305782820113,0.28518410600582456
2019-11-21,0.3441440397999051,0.3446190711718449
2019-11-22,0.40055746202734327,0.4012650275877504
2019-11-25,0.2180707051339154,0.21802606655132342
2019-11-26,0.16991206350837082,0.16966891665937842
2019-11-27,0.24027698641166015,0.24032388135764896
2019-11-29,0.3631211119454612,0.3636743661568711
2019-12-02,0.5040820801382183,0.5052163706181267
2019-12-03,0.3971182544309549,0.3978116436957958
2019-12-04,0.5106808824431585,0.5118423729594811
2019-12-05,0.4951787131949049,0.4962763043021279
2019-12-06,0.5838308685186191,0.5852938807646442
2019-12-09,0.5091042140798072,0.510259205623299
2019-12-10,0.6875493520051997,0.689439888277145
2019-12-11,0.5606519229173123,0.5620193923458284
2019-12-12,0.7082447231353606,0.7102205650161622
2019-12-13,0.6309343615590695,0.6325915327852744
2019-12-16,0.7061924958530091,0.7081598785234524
2019-12-17,0.7834299971552784,0.7857157501527717
2019-12-18,0.822164602402972,0.8246100181126574
2019-12-19,0.7860213403566867,0.7883177747818366
2019-12-20,0.8625956780795363,0.8652077492942434
2019-12-23,0.8473115478399272,0.8498606183948381
2019-12-24,0.7961023254025352,0.7984403133017349
2019-12-26,0.7476439185927173,0.7497821626037248
2019-12-27,0.5891548560450065,0.590639813584722
2019-12-30,0.5239455997572868,0.5251617669826992
2019-12-31,0.5486821760565621,0.5500003065997116
2020-01-02,0.5474986149775884,0.548811866922629
2020-01-03,0.37709686910470147,0.37770773090701654
2020-01-06,0.35813495530511275,0.3586676567501391
2020-01-07,0.4363473037040817,0.4372023937624021
2020-01-08,0.6109296403094394,0.6125043527618699
2020-01-09,0.5723497160319857,0.5737654033618697
2020-01-10,0.4002701931254128,0.4009765745732746
2020-01-13,0.4610284521394877,0.4619852770437944
2020-01-14,0.41011481238687136,0.41086177301713955
2020-01-15,0.4589070786669536,0.45985515934268145
2020-01-16,0.4445013284310088,0.4453900290991407
2020-01-17,0.4985739860280844,0.49968557233328886
2020-01-21,0.49511427085753834,0.4962115963356604
2020-01-22,0.5031526505488351,0.5042831099519045
2020-01-23,0.5800624964598794,0.5815099756057321
2020-01-24,0.5679529475773923,0.5693505115787474
2020-01-27,0.31527190773492986,0.315627929170334
2020-01-28,0.369954971981233,0.3705363951289487
2020-01-29,0.22241256238601353,0.2223858207898601
2020-01-30,0.3089192963880346,0.3092491325776963
2020-01-31,0.12693412721910458,0.1265138267931366
2020-02-03,0.17256101369502447,0.17232878572770283
2020-02-04,0.244651426251409,0.24471635248814338
2020-02-05,0.40916102573309315,0.4099040548875396
2020-02-06,0.4497105753896377,0.45062074839478133
2020-02-07,0.4656618059978746,0.4666377294276173
2020-02-10,0.4658932095665053,0.46687008683380854
2020-02-11,0.48781650750588484,0.4888837518541694
2020-02-12,0.6698742708559221,0.671691951050557
2020-02-13,0.6743154083096652,0.6761513947203194
2020-02-14,0.9062078029575081,0.9089996418527674
2020-02-18,0.8425617675105576,0.8450912596341186
2020-02-19,0.8356929039049686,0.8381940828087115
2020-02-20,0.7824756324449949,0.7847574515839375
2020-02-21,0.7932941913513256,0.7956206042184333
2020-02-24,0.711380357074849,0.7133691239310317
2020-02-25,0.6243765861017507,0.626006726402798
2020-02-26,0.5869177040714683,0.588393440147601
2020-02-27,0.5606630703911548,0.5620305857691752
2020-02-28,0.3750211068740899,0.37562341245579844
2020-03-02,0.4423769092022441,0.4432568530872946
2020-03-03,0.6973337529272952,0.6992646201637205
2020-03-04,0.8993199831421291,0.9020834306807246
2020-03-05,0.892253834165227,0.8949881552804811
2020-03-06,0.8751559075665739,0.8778197516157485
2020-03-09,0.8611785131069949,0.8637847428163686
2020-03-10,0.8868329317296066,0.8895449080712439
2020-03-11,0.9006130059024349,0.9033817832364295
2020-03-12,0.9467087945825322,0.9496675771739508
2020-03-13,0.9730317018702569,0.976098986581252
2020-03-16,0.9686595836647404,0.9717088466546866
2020-03-17,0.9802147366507977,0.9833116295844015
2020-03-18,0.980783192669392,0.9838824287591764
2020-03-19,0.9776481359747117,0.9807344494684984
2020-03-20,0.97685836700082,0.979941425094027
2020-03-23,0.9663171622972432,0.9693567699067811
2020-03-24,0.9437187493636819,0.9466652070914245
2020-03-25,0.9422636893821645,0.9452041494026486
2020-03-26,0.9482498759947346,0.951215010870794
2020-03-27,0.9612855706372597,0.964304438198824
2020-03-30,0.9687877833720031,0.9718375747967386
2020-03-31,0.9621576454658304,0.9651801076898799
2020-04-01,0.9908814613409439,0.9940223221472896
2020-04-02,0.9912985821766046,0.9944411623407057
2020-04-03,0.9908412886387764,0.9939819838546238
2020-04-06,0.9898038371799179,0.9929402560564912
2020-04-07,0.9880949222357174,0.9912242970235965
2020-04-08,0.9879748761053564,0.99110375606721
2020-04-09,0.9878033534174402,0.9909315263686665
2020-04-13,0.985058234231128,0.9881750918953707
2020-04-14,0.9829639219132961,0.9860721468941099
2020-04-15,0.9821964439678204,0.9853015054309079
2020-04-16,0.9772791095627285,0.980363901942322
2020-04-17,0.9758145078058278,0.9788932631472924
2020-04-20,0.9702871911653265,0.9733431630974774
2020-04-21,0.976195124113086,0.979275448341894
2020-04-22,0.9672503548966385,0.9702938090940134
2020-04-23,0.9590448708623222,0.9620545023363882
2020-04-24,0.952439826618315,0.9554222323269086
2020-04-27,0.9544306203951844,0.9574212320873371
2020-04-28,0.9512030985226417,0.9541804064805098
2020-04-29,0.9341515304784164,0.9370585524585738
2020-04-30,0.9164328571518311,0.9192668433692209
2020-05-01,0.9740690841320477,0.9771406448970892
2020-05-04,0.9787379104169657,0.9818287159235667
2020-05-05,0.977813625089043,0.980900620723274
2020-05-06,0.9811926116308863,0.9842935353315654
2020-05-07,0.9774967415562957,0.9805824310074905
2020-05-08,0.9791109061784526,0.9822032491607691
2020-05-11,0.983714139110614,0.9868254564609432
2020-05-12,0.9824050463649668,0.9855109676799694
2020-05-13,0.9831857490524837,0.986294888397145
2020-05-14,0.9826774831393456,0.9857845274293732
2020-05-15,0.9780578456072054,0.9811458479100227
2020-05-18,0.9768303331875507,0.9799132757263426
2020-05-19,0.9697690123169136,0.9728228483336522
2020-05-20,0.9663963845101979,0.9694363186709761
2020-05-21,0.963249494659101,0.9662764574480173
2020-05-22,0.9578276995682117,0.9608323139040166
2020-05-26,0.9203524654373916,0.9232026081454853
2020-05-27,0.9262038045725884,0.929078066299588
2020-05-28,0.9036118409059984,0.9063929793348596
2020-05-29,0.8245558348325464,0.8270111071201612
2020-06-01,0.6987442961643292,0.7006809776115216
2020-06-02,0.5849301239834678,0.5863976673227566
2020-06-03,0.4352897166562947,0.4361404473771351
2020-06-04,0.5163050126383734,0.5174896856261565
2020-06-05,0.46584805927667267,0.4668247504360322
2020-06-08,0.46011228297964774,0.4610653314661505
2020-06-09,0.4005232422675278,0.4012306667752605
2020-06-10,0.36591076783843285,0.3664755209156013
2020-06-11,0.22851439408623533,0.22851280403073573
2020-06-12,0.37636324389727094,0.376971081721683
2020-06-15,0.336127658560132,0.336569646683986
2020-06-16,0.3982623559977307,0.3989604612099269
2020-06-17,0.39984232245435286,0.4005469402340071
2020-06-18,0.4150443710168662,0.41581165111846347
2020-06-19,0.3897819694255095,0.3904451187755793
2020-06-22,0.36977718192562853,0.3703578722288426
2020-06-23,0.3775707269555632,0.3781835419836612
2020-06-24,0.34857703638881754,0.3490703404204114
2020-06-25,0.34625256280578215,0.3467362854371187
2020-06-26,0.2891652651079655,0.28941367585929534
2020-06-29,0.30806080367930766,0.3083871011915155
2020-06-30,0.3471077934333848,0.3475950412959889
2020-07-01,0.2811643498496368,0.28137978110312495
2020-07-02,0.26377040820991565,0.263914142233494
2020-07-06,0.2538949426106476,0.25399797030427484
2020-07-07,0.20833898993319933,0.2082542375548608
2020-07-08,0.19615869822623253,0.196023739103904
2020-07-09,0.15187450208806388,0.15155700503053618
2020-07-10,0.1559762480434915,0.15567565824188598
2020-07-13,0.17079246694455458,0.1705529490882819
2020-07-14,0.1454104029160133,0.14506626106375775
2020-07-15,0.7206339961631117,0.7226609062017285
2020-07-16,0.16641731872048562,0.16615976665353152
2020-07-17,0.20441367192114135,0.20431273951680246
2020-07-20,0.16784329534497325,0.16759162110467912
2020-07-21,0.19544082052642067,0.19530290233687456
2020-07-22,0.17366648064306298,0.17343880937252534
2020-07-23,0.16534998540979337,0.1650880338315984
2020-07-24,0.1512402090845472,0.1509200974930487
2020-07-27,0.17115684973233788,0.1709188338493989
2020-07-28,0.1625233082691075,0.16224970522484267
2020-07-29,0.16355294155112562,0.16328358261987858
2020-07-30,0.18235189122021417,0.18216002091370814
2020-07-31,0.17922732189965526,0.17902257222574733
2020-08-03,0.17997515986949883,0.17977349275801233
2020-08-04,0.16074853343485151,0.16046761482968822
2020-08-05,0.18306252727468286,0.18287358618558106
2020-08-06,0.21149625675409184,0.21142451852112837
2020-08-07,0.2283995812417196,0.22839751793161905
2020-08-10,0.2866533312120634,0.2868913878581661
2020-08-11,0.36661775220606896,0.36718541944851396
2020-08-12,0.45785545582749143,0.4587992017500011
2020-08-13,0.5213635583292572,0.5225690824686035
2020-08-14,0.4987665952129726,0.4998789754466205
2020-08-17,0.4770015251723355,0.4780241905349652
2020-08-18,0.4696660619085681,0.4706584907436176
2020-08-19,0.463270346518404,0.4642364124343254
2020-08-20,0.3432669773522648,0.34373839350292495
2020-08-21,0.3387564402769546,0.33920926414873953
2020-08-24,0.34368771971316986,0.344160870149388
2020-08-25,0.3469828653998065,0.3474695983133478
2020-08-26,0.39340443334509917,0.39408251436700403
2020-08-27,0.5061779180549848,0.5073208475067884
2020-08-28,0.5392628152454315,0.5405421195068981
2020-08-31,0.545986510603868,0.5472935297066249
2020-09-01,0.16401267212774873,0.1637452081901455
2020-09-02,0.1584817972343846,0.15819153522047152
2020-09-03,0.12765548382929934,0.12723815681049805
2020-09-04,0.17167686429867923,0.17144099189791878
2020-09-08,0.18931753926623954,0.1891543811216903
2020-09-09,0.22679812379852363,0.22678945933585662
2020-09-10,0.20394767635347047,0.20384482313140986
2020-09-11,0.19938743361232855,0.19926578322634567
2020-09-14,0.2169330643766295,0.216883736477917
2020-09-15,0.18902685369648764,0.18886249735600572
2020-09-16,0.15389776949145376,0.1535886122726581
2020-09-17,0.12912922988944656,0.128717977601278
2020-09-18,0.12663263778974646,0.12621109463470767
2020-09-21,0.13345399637321545,0.13306057062392554
2020-09-22,0.13255859121543537,0.1321614746368447
2020-09-23,0.11674712134728919,0.1162848304330689
2020-09-24,0.09105250145385194,0.09048429819911086
2020-09-25,0.09441386887420108,0.0938595210604946
2020-09-28,0.1110550987554686,0.11056934551966126
2020-09-29,0.11658033279606374,0.11611735438516495
2020-09-30,0.1433552549878732,0.14300264188645778
2020-10-01,0.16876962085512484,0.16852176489676177
2020-10-02,0.19230389507694454,0.19215304658845758
2020-10-05,0.24178355052313635,0.24183665547463812
2020-10-06,0.21455775212750927,0.21449863327330435
2020-10-07,0.24056448675889572,0.2406125667714394
2020-10-08,0.24550795334974296,0.24557641016175263
2020-10-09,0.3008296893549813,0.3011261804623527
2020-10-12,0.29954232965691335,0.29983351431183364
2020-10-13,0.22289008168306518,0.22286530840505012
2020-10-14,0.252418756010513,0.2525156989136855
2020-10-15,0.27196605930567774,0.27214357552152996
2020-10-16,0.26840467568710585,0.26856751200202555
2020-10-19,0.2924495139146569,0.29271146222674505
2020-10-20,0.30559706179399254,0.3059132038467854
2020-10-21,0.3371445070028257,0.337590686541029
2020-10-22,0.396560052619512,0.3972511409956619
2020-10-23,0.36023159262584614,0.3607729363378834
2020-10-26,0.384001498694173,0.38464082114246306
2020-10-27,0.36397241260980095,0.36452917585330474
2020-10-28,0.3452974770769359,0.345777262877708
2020-10-29,0.4236059822664903,0.424408553035544
2020-10-30,0.44969666903176925,0.45060678471538346
2020-11-02,0.4377211969367959,0.43858195013582457
2020-11-03,0.4066512658466315,0.40738394985704307
2020-11-04,0.22607099859441443,0.2260593369466348
2020-11-05,0.24367951600981635,0.24374043606592263
2020-11-06,0.30628488104617424,0.3066038582662961
2020-11-09,0.34087596523599784,0.3413375257168525
2020-11-10,0.3912566274913187,0.3919258553312772
2020-11-11,0.4173540796500822,0.41813088029132084
2020-11-12,0.35500070747121515,0.35552048965434013
2020-11-13,0.32280137132744724,0.3231884289531222
2020-11-16,0.3354371218310264,0.3358762635862048
2020-11-17,0.3045635267873537,0.3048754086443539
2020-11-18,0.29978789031636266,0.3000800871638855
2020-11-19,0.23847382221915794,0.23851328458428886
2020-11-20,0.20271859396639386,0.20261067450895603
2020-11-23,0.17726034669251942,0.1770474892143786
2020-11-24,0.14552031878058658,0.1451766299977489
2020-11-25,0.13777303717705386,0.13739741436558658
2020-11-27,0.1122981710178122,0.11181754168316733
2020-11-30,0.12907543260201015,0.12866395856327087
2020-12-01,0.07826902515974814,0.07764812885486988
2020-12-02,0.07370157760940446,0.07306185444262792
2020-12-03,0.0693901905943649,0.06873269603842021
2020-12-04,0.06849534495360791,0.06783416187467241
2020-12-07,0.06838566769029154,0.06772403252544436
2020-12-08,0.06428535004566482,0.06360681351234353
2020-12-09,0.08569717416768813,0.08510689643784351
2020-12-10,0.08080982063905331,0.08019939740585753
2020-12-11,0.09593183264159313,0.09538374182238965
2020-12-14,0.09891235758523086,0.09837655238745592
2020-12-15,0.08327564325101701,0.08267538405392004
2020-12-16,0.06549751718210846,0.06482397716008234
2020-12-17,0.06953081567164299,0.06887390076743598
2020-12-18,0.07052090216873017,0.06986806836705199
2020-12-21,0.08294684366775655,0.08234522917007255
2020-12-22,0.08105826659500377,0.08044886744750362
2020-12-23,0.07669276639986163,0.07606537281052389
2020-12-24,0.07394687760536497,0.07330816555674506
2020-12-28,0.06197078833552047,0.06128271125834144
2020-12-29,0.0574194192054188,0.05671258154103738
2020-12-30,0.05646659949265292,0.05575583433814742
2020-12-31,0.06326714279939606,0.06258440925078383
2021-01-04,0.15659036111972793,0.1562923026711262
2021-01-05,0.15076398745755082,0.15044191289686534
2021-01-06,0.1537118536542306,0.15340193009674064
2021-01-07,0.11697652311045778,0.1165151777824247
2021-01-08,0.12201946779145093,0.12157890930815406
2021-01-11,0.16277469227490102,0.16250212542687234
2021-01-12,0.15282061628405574,0.15250701907674233
2021-01-13,0.15616579661325883,0.15586598812434638
2021-01-14,0.18560800186066212,0.18542955313035978
2021-01-15,0.19919902868491432,0.19907660170029287
2021-01-19,0.16984602035637028,0.16960260127977408
2021-01-20,0.1427510614989863,0.14239595793276538
2021-01-21,0.12456029484617526,0.12413020956471366
2021-01-22,0.12030410322465018,0.1198564740675364
2021-01-25,0.12428905576345757,0.12385785244381481
2021-01-26,0.11807164051355543,0.11761480922183766
2021-01-27,0.12592048985315996,0.12549601124879076
2021-01-28,0.1512082051140956,0.15088796160333032
2021-01-29,0.15058977559689105,0.15026698294090057
2021-02-01,0.17375093232642197,0.173523609162822
2021-02-02,0.14758153025551263,0.1472463377155664
2021-02-03,0.12852089874763564,0.12810713893939837
2021-02-04,0.12599649318727574,0.12557232786603886
2021-02-05,0.14635578479273145,0.14601553977209533
2021-02-08,0.1457771588436877,0.14543452874676696
2021-02-09,0.13862011296781088,0.13824798177365374
2021-02-10,0.15586210366942205,0.15556104336862778
2021-02-11,0.16195604567487737,0.16168010439368613
2021-02-12,0.19703680164576648,0.19690546203556802
2021-02-16,0.23370549177334943,0.2337252992441878
2021-02-17,0.23261181915141435,0.23262711854127574
2021-02-18,0.18638138275822136,0.186206121877411
2021-02-19,0.18094524285109076,0.1807475743883294
2021-02-22,0.16869226029608744,0.16844408546015757
2021-02-23,0.16855653188549227,0.16830779758171657
2021-02-24,0.17042529837088344,0.17018426705836331
2021-02-25,0.20691836208841988,0.2068277539309076
2021-02-26,0.19949511218877167,0.19937390565018184
2021-03-01,0.16087604264218855,0.1605956496255976
2021-03-02,0.15282582195157776,0.15251224620184706
2021-03-03,0.17038989747726832,0.17014872024348082
2021-03-04,0.18225328439176008,0.18206100763129457
2021-03-05,0.1756847335855381,0.17546538148429688
2021-03-08,0.1817664556100019,0.18157217215802188
2021-03-09,0.14581282626619085,0.1454703431891604
2021-03-10,0.22753655941127007,0.22753093875483155
2021-03-11,0.18417121687861615,0.18398684576997526
2021-03-12,0.20755697058479627,0.20746899474956815
2021-03-15,0.21260465204325796,0.21253748257760002
2021-03-16,0.2589246619791423,0.259048422003222
2021-03-17,0.21531777840493654,0.2152617923529382
2021-03-18,0.35535622008838735,0.3558774676823075
2021-03-19,0.30991667530995987,0.31025062266127507
2021-03-22,0.2513585446481354,0.25145111739649334
2021-03-23,0.32866223329174504,0.32907344918910036
2021-03-24,0.2985852470265743,0.29887248661977067
2021-03-25,0.2928379379911842,0.2931014873739724
2021-03-26,0.28541405153200106,0.28564699990983516
2021-03-29,0.29009654869854984,0.29034879816884795
2021-03-30,0.28809034491965696,0.28833432488689703
2021-03-31,0.28672445856213996,0.28696280839273625
2021-04-01,0.3262590030698264,0.32666031293476444
2021-04-05,0.3670333484730016,0.3676027287889821
2021-04-06,0.32104411339576744,0.32142392766461464
2021-04-07,0.3218060346198059,0.3221889895017645
2021-04-08,0.33245187569108875,0.3328787123642296
2021-04-09,0.35246352668510283,0.3529728506961865
2021-04-12,0.38432647004766435,0.3849671320167099
2021-04-13,0.3533979982316544,0.35391117410235134
2021-04-14,0.3763212188216385,0.3769288834201325
2021-04-15,0.36693016864014444,0.36749912365239834
2021-04-16,0.34092298306464924,0.3413847373513784
2021-04-19,0.3803541534086906,0.38097844162501016
2021-04-20,0.47139787586897697,0.47239744318167876
2021-04-21,0.4375089895829558,0.43836886807056186
2021-04-22,0.4429628910115391,0.44384525029347743
2021-04-23,0.331741018585667,0.3321649251302392
2021-04-26,0.25650602888695306,0.25661981938851336
2021-04-27,0.27722104589360796,0.2774202229836526
2021-04-28,0.2795153190806575,0.27972395308596465
2021-04-29,0.28920360193955985,0.28945217071399254
2021-04-30,0.37072030777078285,0.3713048856063317
2021-05-03,0.3166131076281243,0.3169746574434143
2021-05-04,0.361276146621885,0.36182179594961067
2021-05-05,0.39437261055402756,0.3950546823691281
2021-05-06,0.3553071117914344,0.35582815696264153
2021-05-07,0.3195135198465118,0.319887025061329
2021-05-10,0.44618246221418406,0.4470780924580187
2021-05-11,0.39612863505580415,0.3968179451435768
2021-05-12,0.5002540317667313,0.5013725431627564
2021-05-13,0.6653150656056263,0.6671139529128406
2021-05-14,0.5952543462707872,0.5967644456996792
2021-05-17,0.6144401203370891,0.6160293028675989
2021-05-18,0.6585595299235206,0.6603305711447243
2021-05-19,0.7097401285792442,0.7117221344699142
2021-05-20,0.701655313279354,0.7036039938390933
2021-05-21,0.7002588052134686,0.7022017294149341
2021-05-24,0.5413595874681723,0.5426475345527112
2021-05-25,0.4663497261884055,0.4673284852015416
2021-05-26,0.3398562331307342,0.34031359031088154
2021-05-27,0.32874616960381436,0.3291577314837646
2021-05-28,0.3821977381168945,0.3828296255260491
2021-06-01,0.4714889176265553,0.4724888602102543
2021-06-02,0.4637441149721037,0.46471213374531606
2021-06-03,0.5261225817716826,0.5273477224421731
2021-06-04,0.37340899969340097,0.374004660224691
2021-06-07,0.3594299485277829,0.35996798789038664
2021-06-08,0.31287818135349654,0.3132243359309874
2021-06-09,0.46300030267607417,0.4639652554805543
2021-06-10,0.38943290112821494,0.3900946116307547
2021-06-11,0.37770589973143204,0.3783192719370686
2021-06-14,0.41368743628547644,0.41444912314872534
2021-06-15,0.4695533009804204,0.47054526501879773
2021-06-16,0.4428792287210162,0.44376124314986704
2021-06-17,0.3976698072440405,0.3983654699906296
2021-06-18,0.42389464013547473,0.42469840074234816
2021-06-21,0.3842424520957606,0.38488276774569463
2021-06-22,0.2785587943827382,0.2787634856260997
2021-06-23,0.24520545004364722,0.24527265994742098
2021-06-24,0.20444802791824104,0.20434723712814198
2021-06-25,0.1936388518476706,0.1934935060051332
2021-06-28,0.2015043061690283,0.20139138145900384
2021-06-29,0.17281730714698057,0.17258613561246353
2021-06-30,0.1853102770310857,0.1851306010892635
2021-07-01,0.23296530659070164,0.23298206304364452
2021-07-02,0.17955778739663578,0.179354399890154
2021-07-06,0.22458643304856268,0.22456865207260193
2021-07-07,0.22919758884528205,0.22919881489510963
2021-07-08,0.23058692022132893,0.2305938730473613
2021-07-09,0.23907352372228516,0.23911545803641057
2021-07-12,0.24756213473195143,0.24763905880905188
2021-07-13,0.36575940148701613,0.3663235306372839
2021-07-14,0.3837166362567883,0.3843547845118973
2021-07-15,0.4341751943883489,0.4350213310866877
2021-07-16,0.4772744334974474,0.47829822377881803
2021-07-19,0.39678003022937675,0.3974720253456777
2021-07-20,0.4783929599602074,0.47942136076923314
2021-07-21,0.4121107263044235,0.41286591402329476
2021-07-22,0.33051656610859903,0.330935425502124
2021-07-23,0.357110485097538,0.3576389637115621
2021-07-26,0.36655038204494256,0.3671177715898978
2021-07-27,0.3574049303382973,0.3579346226454888
2021-07-28,0.31997837375898536,0.32035379508566075
2021-07-29,0.2712908080852573,0.2714655409387757
2021-07-30,0.28909646018275437,0.28934458732254614
2021-08-02,0.33230099487555725,0.33272720962315966
2021-08-03,0.3001657223215877,0.30045947657965655
2021-08-04,0.35532582434531956,0.35584694664903094
2021-08-05,0.3509270199125135,0.35143001049546374
2021-08-06,0.5679009939636086,0.5692983438139524
2021-08-09,0.6012241472104803,0.6027588539537669
2021-08-10,0.6055520544251941,0.6071046006533444
2021-08-11,0.672227785815865,0.6740551671183151
2021-08-12,0.6898756154827351,0.6917757405328213
2021-08-13,0.5821917726947277,0.5836480286440741
2021-08-16,0.5411174174620005,0.5424043663300931
2021-08-17,0.6734103410404371,0.675242596794899
2021-08-18,0.6685031893501985,0.6703152179939672
2021-08-19,0.6920695880085156,0.6939787565379841
2021-08-20,0.6998855247494243,0.7018269103016402
2021-08-23,0.5145825161277626,0.5157600890441015
2021-08-24,0.45759392883398076,0.45853659675120734
2021-08-25,0.4997322549904887,0.5008486156405665
2021-08-26,0.6282354402542935,0.6298814866195953
2021-08-27,0.5046242589568393,0.5057607842792128
2021-08-30,0.44423729660280503,0.4451249089408113
2021-08-31,0.434022083239777,0.43486758881922116
2021-09-01,0.4322306923480067,0.43306881387573415
2021-09-02,0.38388469517934715,0.38452353616756163
2021-09-03,0.38735987794540416,0.3880130435175984
2021-09-07,0.5092985487146953,0.5104543412988761
2021-09-08,0.5922182201662011,0.5937158047875891
2021-09-09,0.5868473980846409,0.5883228443619112
2021-09-10,0.6541544052095093,0.6559072886579698
2021-09-13,0.569907732149258,0.5713133537054661
2021-09-14,0.6037910843911932,0.6053363719613575
2021-09-15,0.45580617730661827,0.45674147617346317
2021-09-16,0.46627499754645685,0.467253448530698
2021-09-17,0.5739891515151694,0.575411596541796
2021-09-20,0.5174621899961441,0.5186516328292439
2021-09-21,0.5789851016360731,0.5804281397974735
2021-09-22,0.4846280103401442,0.4856821118126451
2021-09-23,0.48109098761904645,0.48213050960539733
2021-09-24,0.5133497764099965,0.5145222680155667
2021-09-27,0.548815448550244,0.5501341284380341
2021-09-28,0.7039610822900076,0.7059192671503993
2021-09-29,0.7062863703204527,0.708254139938226
2021-09-30,0.6322983790670055,0.6339611727265204
2021-10-01,0.5255484393434056,0.5267712134185301
2021-10-04,0.5810435338448955,0.582495056793148
2021-10-05,0.5686902815779091,0.5700908848446848
2021-10-06,0.6334766384079096,0.6351442888119513
2021-10-07,0.6122458359582239,0.6138259737239037
2021-10-08,0.6292034826239488,0.6308535192266435
2021-10-11,0.6092972618076303,0.610865245651953
2021-10-12,0.40797940484158945,0.408717563395313
2021-10-13,0.47529625895924027,0.47631189527312007
2021-10-14,0.5121593568803383,0.5133269416175014
2021-10-15,0.5735989771463581,0.5750198138876399
2021-10-18,0.5211265808786655,0.5223311282051012
2021-10-19,0.55992362594293,0.5612880933563368
2021-10-20,0.5419677215599297,0.5432581753523038
2021-10-21,0.6516502196549734,0.6533927809366037
2021-10-22,0.7373259282884967,0.7394216418979211
2021-10-25,0.7157295978950019,0.717736292172437
2021-10-26,0.5961570751331033,0.5976708955793546
2021-10-27,0.6026803656313477,0.6042210748569401
2021-10-28,0.4590188314279593,0.459967372744729
2021-10-29,0.5505731407263369,0.5518990657608954
2021-11-01,0.5435715652681838,0.544868630049227
2021-11-02,0.4713950117037558,0.47239456721046696
2021-11-03,0.6324259081120344,0.6340892274418919
2021-11-04,0.6930108926458669,0.6949239412007142
2021-11-05,0.688204012606082,0.6900972473665347
2021-11-08,0.6996550175634971,0.7015954529730112
2021-11-09,0.546659213595536,0.5479690055569154
2021-11-10,0.8118440098593178,0.8142468844410787
2021-11-11,0.8007332813431719,0.803090357883673
2021-11-12,0.8181804113315575,0.8206094043425144
2021-11-15,0.7938154824229886,0.7961440440339859
2021-11-16,0.8384678678588326,0.8409804850686659
2021-11-17,0.8921348528420495,0.8948686835203769
2021-11-18,0.8751762465208843,0.87784017440653
2021-11-19,0.8832164247852666,0.8859134940095161
2021-11-22,0.9262438460006738,0.9291182727770644
2021-11-23,0.8946541744851104,0.897398389720705
2021-11-24,0.8427311383490528,0.8452613286133916
2021-11-26,0.8699571456113627,0.8725995605423497
2021-11-29,0.907859579053932,0.9106582265135177
2021-11-30,0.8299315229588242,0.8324089536482262
2021-12-01,0.7210738971321811,0.7231026204274805
2021-12-02,0.7668306881700462,0.7690480193861338
2021-12-03,0.6363577639446447,0.6380372902491744
2021-12-06,0.7773881520673788,0.7796490007869736
2021-12-07,0.770953148501513,0.7731874723574692
2021-12-08,0.8366909938502027,0.8391962868464128
2021-12-09,0.8543115756732892,0.8568895001024591
2021-12-10,0.8494923314056136,0.8520503910754663
2021-12-13,0.8441832649259113,0.8467194408061156
2021-12-14,0.869839950008749,0.872481881863488
2021-12-15,0.8950457067487546,0.8977915358668896
2021-12-16,0.9247115406108741,0.9275796512770869
2021-12-17,0.8806111983277051,0.8832975288979931
2021-12-20,0.881128934215645,0.8838173988754775
2021-12-21,0.9132080968586126,0.916028790724853
2021-12-22,0.9115960858075836,0.9144101350196486
2021-12-23,0.9137519135928748,0.9165748490530122
2021-12-27,0.8879926598089689,0.8907094165099094
2021-12-28,0.8978233059776295,0.9005805842643678
2021-12-29,0.9268362821971622,0.929713150975203
2021-12-30,0.920077584211456,0.9229265938685793
2021-12-31,0.9134692841961664,0.9162910546676397
2022-01-03,0.9457146918213325,0.9486693767553195
2022-01-04,0.9590729636024504,0.9620827108738262
2022-01-05,0.9831294349952389,0.9862383422152907
2022-01-06,0.9772666792726495,0.9803514204150144
2022-01-07,0.9816597558372769,0.9847626050903271
2022-01-10,0.9727799615364193,0.9758462085824064
2022-01-11,0.9696885408663036,0.9727420451824872
2022-01-12,0.9687345735408583,0.9717841456364977
2022-01-13,0.9686627803100579,0.9717120564764663
2022-01-14,0.9752934778611666,0.9783700855350982
2022-01-18,0.9749162971328968,0.9779913500808237
2022-01-19,0.9724304634367616,0.9754952698635881
2022-01-20,0.9743827082384708,0.9774555617513051
2022-01-21,0.957796978186139,0.9608014658894624
2022-01-24,0.9622032552973087,0.9652259055235167
2022-01-25,0.9662418059974696,0.9692811029909285
2022-01-26,0.9734449462238832,0.976513934313908
2022-01-27,0.9540606277819363,0.9570497143772474
2022-01-28,0.958635929492454,0.9616438753242418
2022-01-31,0.9262568677283558,0.9291313481798606
2022-02-01,0.9763834388842946,0.9794645393401203
2022-02-02,0.9812404942525176,0.9843416153237181
2022-02-03,0.9836686674731232,0.9867797973909248
2022-02-04,0.9897466512022157,0.9928828343601533
2022-02-07,0.9851993623900271,0.9883168017796926
2022-02-08,0.9901471824579698,0.9932850165919843
2022-02-09,0.9885007546864513,0.9916318023017509
2022-02-10,0.9872671911758154,0.9903931540847004
2022-02-11,0.9809135088482013,0.9840132820967981
2022-02-14,0.9748925462584407,0.9779675013060789
2022-02-15,0.9836677464615495,0.986778872582973
2022-02-16,0.9673937240091927,0.9704377691691244
2022-02-17,0.9843086571409237,0.9874224250741506
2022-02-18,0.9818552136629196,0.9849588685864126
2022-02-22,0.9730088846127741,0.9760760752718178
2022-02-23,0.9706541090860931,0.9737115934413088
2022-02-24,0.9736742272465292,0.9767441604250529
2022-02-25,0.961926457885792,0.9649479671625785
2022-02-28,0.8702550674149613,0.8728987103693882
2022-03-01,0.8003247072851442,0.8026800996974137
2022-03-02,0.9581916936137129,0.9611978083204692
2022-03-03,0.9315286254455907,0.9344248359013068
2022-03-04,0.8456485829711256,0.8481907988419745
2022-03-07,0.7835895868597849,0.7858759976805578
2022-03-08,0.9093713882427672,0.9121762673278945
2022-03-09,0.9709164756132181,0.9739750414342456
2022-03-10,0.9776341754341707,0.980720431383089
2022-03-11,0.9699469190373664,0.9730014883794951
2022-03-14,0.9868126719515654,0.989936761347822
2022-03-15,0.9891093424569753,0.9922428986501584
2022-03-16,0.9845123576482393,0.9876269652279597
2022-03-17,0.9789587378500422,0.9820504535997363
2022-03-18,0.9707853372478549,0.9738433625210452
2022-03-21,0.9786810629742917,0.9817716341576869
2022-03-22,0.9739027103731646,0.9769735853512872
2022-03-23,0.9781148669961951,0.9812031043392189
2022-03-24,0.9791824013817999,0.9822750390648884
2022-03-25,0.9845574982420734,0.9876722918897708
2022-03-28,0.9849108966796102,0.9880271470235269
2022-03-29,0.9758756833228862,0.9789546908277307
2022-03-30,0.9813388899358365,0.9844404165906636
2022-03-31,0.9896562082558377,0.9927920186110573
2022-04-01,0.9902527321691802,0.9933910013754784
2022-04-04,0.9837711826585886,0.986882735140463
2022-04-05,0.9914031712346205,0.9945461825112257
2022-04-06,0.9925382376485503,0.9956859276299211
2022-04-07,0.9950328110256194,0.9981907835527551
2022-04-08,0.9949659579355955,0.9981236548965908
2022-04-11,0.9965316301122172,0.9996957807201394
2022-04-12,0.9951842129097095,0.9983428095102104
2022-04-13,0.9946859844378847,0.9978425273577403
2022-04-14,0.9949508849678028,0.9981085197985426
2022-04-18,0.9940820434839459,0.9972360969799363
2022-04-19,0.9949990068954196,0.998156840083092
2022-04-20,0.9942346403248393,0.9973893228197658
2022-04-21,0.9949107643745384,0.998068233829571
2022-04-22,0.9967781130094447,0.999943279611402
2022-04-25,0.9958910331182678,0.9990525432073871
2022-04-26,0.9965189376956306,0.9996830359858476
2022-04-27,0.9961445678672117,0.9993071230178566
2022-04-28,0.9942691802121563,0.9974240050793117
2022-04-29,0.9953801560633524,0.9985395603348014
2022-05-02,0.9965582207882444,0.9997224810020198
2022-05-03,0.9965587694244596,0.9997230318996946
2022-05-04,0.9912892766206303,0.9944318184275492
2022-05-05,0.9941096110699186,0.9972637781985514
2022-05-06,0.9929491578668727,0.9960985416472672
2022-05-09,0.9968346005583069,1.0
2022-05-10,0.996693168022058,0.9998579844836953
2022-05-11,0.9963793746843602,0.9995428977006392
2022-05-12,0.9911924519129479,0.994334594611748
2022-05-13,0.9898124195809677,0.9929488738339032
2022-05-16,0.9777651389370893,0.9808519347130675
2022-05-17,0.9836772812478842,0.9867884466713694
2022-05-18,0.9866127959369869,0.9897360614511778
2022-05-19,0.9628266250957035,0.9658518448308061
2022-05-20,0.9487941534961354,0.9517615318653581
2022-05-23,0.9680603308035955,0.971107123693834
2022-05-24,0.9574532240706434,0.9604562948313116
2022-05-25,0.9744728241302167,0.9775460490976611
2022-05-26,0.9839283294977197,0.9870405297334666
2022-05-27,0.9822545539846753,0.9853598549752561
2022-05-31,0.9900278891759873,0.9931652315871915
2022-06-01,0.9938735848735629,0.9970267791103224
2022-06-02,0.9945405422097028,0.9976964856216901
2022-06-03,0.9879207276075066,0.9910493843711122
2022-06-06,0.9876348746054593,0.9907623530928104
2022-06-07,0.9885452910935757,0.9916765222864155
2022-06-08,0.9828698552994943,0.9859776925409576
2022-06-09,0.9624336769111874,0.9654572769273723
2022-06-10,0.9565878663314787,0.9595873701172735
2022-06-13,0.9757995173533066,0.978878210904641
2022-06-14,0.9618091631489138,0.9648301889408243
2022-06-15,0.9732807697048754,0.9763490810649288
2022-06-16,0.9732433943783346,0.9763115516785759
2022-06-17,0.9667389378858448,0.9697802840398697
2022-06-21,0.9700429685079656,0.9730979337627125
2022-06-22,0.94205473937523,0.9449943381109634
2022-06-23,0.869275738891431,0.8719153450873265
2022-06-24,0.8939055269126259,0.8966466562486447
2022-06-27,0.9038284181414702,0.906610449294256
2022-06-28,0.7796679226746118,0.7819381685303334
2022-06-29,0.6466546756438223,0.6483766454646491
2022-06-30,0.6606897136720183,0.6624695354374557
2022-07-01,0.5709376581138819,0.5723475249895353
2022-07-05,0.4908678719489035,0.49194769391659954
2022-07-06,0.5748199482569131,0.576245817799169
2022-07-07,0.6045165518586085,0.6060648297807516
2022-07-08,0.6038446262918625,0.605390134559902
2022-07-11,0.578373252995264,0.5798137691375856
2022-07-12,0.6032502046321643,0.6047932627145425
2022-07-13,0.5831099415717377,0.5845699821816535
2022-07-14,0.6022392092810511,0.6037781000753224
2022-07-15,0.6392508775790081,0.6409423291985523
2022-07-18,0.5862545340837177,0.5877275365959427
2022-07-19,0.6533352769448401,0.6550847839747329
2022-07-20,0.6538907374653777,0.6556425340844546
2022-07-21,0.6276538963189214,0.6292975455800993
2022-07-22,0.6549742058027609,0.6567304684411044
2022-07-25,0.6532163425754359,0.6549653593619438
2022-07-26,0.6155596628748822,0.6171534601212735
2022-07-27,0.7127434507801583,0.7147378362617682
2022-07-28,0.7816141644938602,0.783892432691502
2022-07-29,0.7809526426164564,0.7832281840436446
2022-08-01,0.53652153109577,0.5377895358781423
2022-08-02,0.5645584626650364,0.5659420347161924
2022-08-03,0.6167464759871643,0.6183451652364341
2022-08-04,0.6136626313476596,0.6152486090952639
2022-08-05,0.6266348790964338,0.6282743280036266
2022-08-08,0.6385635843288748,0.6402522029492523
2022-08-09,0.6548005202012877,0.6565560669135484
2022-08-10,0.675045675503858,0.6768846720507999
2022-08-11,0.6954625417978342,0.6973856959662651
2022-08-12,0.669610898068982,0.6714274926500368
2022-08-15,0.6388842308734346,0.6405741711878538
2022-08-16,0.6397697921673302,0.6414633827349814
2022-08-17,0.6644781645401718,0.6662736021699441
2022-08-18,0.6626454303309094,0.6644333134932305
2022-08-19,0.6885142128779065,0.6904087262732235
2022-08-22,0.6495963467260996,0.6513304420140731
2022-08-23,0.6394609564359379,0.6411532739933136
2022-08-24,0.6436647147099644,0.6453743600145352
2022-08-25,0.6488994380241591,0.6506306606784039
2022-08-26,0.5442195796882142,0.5455193155624357
2022-08-29,0.5044286385934975,0.5055643575754534
2022-08-30,0.500751703587078,0.5018722663692501
2022-08-31,0.46595553888311003,0.46693267306971514
2022-09-01,0.5034852150387323,0.5046170452612047
2022-09-02,0.5459308581434916,0.5472376478487186
2022-09-06,0.5658889787110203,0.5672780351036111
2022-09-07,0.6297409618837181,0.6313932139574577
2022-09-08,0.6527949606344418,0.6545422404990644
2022-09-09,0.6746215619344138,0.6764588102997919
2022-09-12,0.6064918049183857,0.6080482247657859
2022-09-13,0.603184575149706,0.604727362709612
2022-09-14,0.6276819004557176,0.6293256651489854
2022-09-15,0.5754260373649821,0.5768544051857206
2022-09-16,0.5840519603866223,0.5855158839657322
2022-09-19,0.5397546376424083,0.5410359691788998
2022-09-20,0.512267843852606,0.513435875769342
2022-09-21,0.46384324184750636,0.46481166921829387
2022-09-22,0.5792781847984019,0.5807224310385293
2022-09-23,0.5588987030429795,0.5602589457594016
2022-09-26,0.6044677074803488,0.6060157840676427
2022-09-27,0.7028018774136175,0.7047552840713306
2022-09-28,0.5457569902822743,0.5470630633101502
2022-09-29,0.5150401498071757,0.5162196090738201
2022-09-30,0.5435007229675902,0.544797495739104
2022-10-03,0.53564595628795,0.5369103519810428
2022-10-04,0.5396928737708191,0.5409739507187536
2022-10-05,0.47544943670446516,0.47646570441174874
2022-10-06,0.4660518514242516,0.46702938260784266
2022-10-07,0.46924220914234366,0.4702328908708513
2022-10-10,0.5319764255874837,0.5332256956010876
2022-10-11,0.5197870930709796,0.5209861190746871
2022-10-12,0.5255123179563336,0.5267349431403414
2022-10-13,0.498695625054983,0.4998077127520777
2022-10-14,0.4775089535563191,0.47853371052131605
2022-10-17,0.45100848321120707,0.45192400614780454
2022-10-18,0.4409163406660422,0.44179026413776096
2022-10-19,0.40457009345395784,0.4052941989432607
2022-10-20,0.48545134866820583,0.4865088439130111
2022-10-21,0.4767865167321292,0.47780829583735446
2022-10-24,0.47876386721163733,0.47979379688761176
2022-10-25,0.37559971166760064,0.3762044022383914
2022-10-26,0.40080453200525706,0.40151311597962563
2022-10-27,0.3499919575034554,0.35049109379127746
2022-10-28,0.35499012434994653,0.3555098629098092
2022-10-31,0.41276114075156844,0.4135190094564473
2022-11-01,0.6202553759353584,0.6218685287496746
2022-11-02,0.6576642128571857,0.6594315636121985
2022-11-03,0.6703498428642243,0.6721694833503402
2022-11-04,0.7044084497905122,0.7063684786843727
2022-11-07,0.6940840412529837,0.696001513289524
2022-11-08,0.6540947882938047,0.6558474260033867
2022-11-09,0.6727461375992333,0.6745756555299277
2022-11-10,0.6673173847581682,0.6691245255561441
2022-11-11,0.6238770325374324,0.6255051136958486
2022-11-14,0.647753645219033,0.6494801449546962
2022-11-15,0.599435664344063,0.6009629990224135
2022-11-16,0.649641962973772,0.6513762462903514
2022-11-17,0.7006161396153437,0.7025605367369384
2022-11-18,0.6844948685386394,0.6863728143346652
2022-11-21,0.7537805109547864,0.7559440497887017
2022-11-22,0.7642626559613116,0.7664694018368536
2022-11-23,0.7483034618018015,0.7504444244272598
2022-11-25,0.7199333028940873,0.7219573246991199
2022-11-28,0.7093041850694105,0.7112843940159088
2022-11-29,0.7229653782321631,0.7250018981475792
2022-11-30,0.6695226951762153,0.6713389261879761
2022-12-01,0.504987220348284,0.5061252417850444
2022-12-02,0.5415955030099927,0.5428844225302907
2022-12-05,0.6051681214726187,0.6067190851423275
2022-12-06,0.5776626790138112,0.5791002661945915
2022-12-07,0.5529812286107424,0.5543170797008361
2022-12-08,0.572268651550704,0.5736840047355809
2022-12-09,0.5655840493593806,0.566971848843659
2022-12-12,0.4785205473530232,0.4795494740728991
2022-12-13,0.5041711200326343,0.5053057775319287
2022-12-14,0.4837573571533346,0.4848078698233088
2022-12-15,0.4240949724961435,0.4248995588661256
2022-12-16,0.4877731046771651,0.4888401701204807
2022-12-19,0.47505669321449046,0.4760713420466001
2022-12-20,0.504898300334201,0.506035955245718
2022-12-21,0.540306868716506,0.5415904765305143
2022-12-22,0.5400014280152536,0.5412837768131841
2022-12-23,0.5620254041060633,0.5633985349768567
2022-12-27,0.5753247747655985,0.576752725185381
2022-12-28,0.6510443797104117,0.6527844437406027
2022-12-29,0.6469924455704807,0.6487158076673419
2022-12-30,0.6093247715496012,0.6108928687881352
2023-01-03,0.6192581143336042,0.6208671564698566
2023-01-04,0.6593129155497605,0.6610870622006346
2023-01-05,0.6108658005181682,0.6124402498251721
2023-01-06,0.5362684372692356,0.5375353988075493
2023-01-09,0.45214161570736555,0.453061809377186
2023-01-10,0.5467056740333678,0.5480156575030759
2023-01-11,0.45264749372636104,0.4535697726079975
2023-01-12,0.3865626544947526,0.38721253393927
2023-01-13,0.3092726376775562,0.30960393032787503
2023-01-17,0.36117820198085915,0.36172344758413916
2023-01-18,0.2649510062021135,0.26509960661005894
2023-01-19,0.2453599053405848,0.24542775190378657
2023-01-20,0.238204585286904,0.23824293786664918
2023-01-23,0.2296558362990403,0.22965895122913024
2023-01-24,0.2578633878059848,0.25798277329438035
2023-01-25,0.25775113042762837,0.2578700531949667
2023-01-26,0.2316381610595865,0.23164944706424118
2023-01-27,0.20147871259832914,0.20136568239248545
2023-01-30,0.2649651842542415,0.2651138431036308
2023-01-31,0.2275094690311805,0.22750373670912585
2023-02-01,0.15579972308204323,0.1554984056506107
2023-02-02,0.12978418638161845,0.1293756338016111
2023-02-03,0.13154084888548143,0.1311395372079689
2023-02-06,0.1582711170885667,0.15797998665833
2023-02-07,0.1153705552878474,0.11490259021561888
2023-02-08,0.17292955019030717,0.17269884131775887
2023-02-09,0.1927653303410901,0.1926163838729104
2023-02-10,0.1908579226670934,0.1907011139300061
2023-02-13,0.13168389730961264,0.13128317527279026
2023-02-14,0.10720071232749324,0.10669907144323842
2023-02-15,0.08089518564459484,0.08028511428301939
2023-02-16,0.09653663408780953,0.09599103623939079
2023-02-17,0.12600388684155264,0.1255797519967047
2023-02-21,0.21419378099098443,0.21413316186025816
2023-02-22,0.1636203619038445,0.16335128087697526
2023-02-23,0.09049512731180952,0.08992462658000226
2023-02-24,0.14148167844597853,0.14112134252641986
2023-02-27,0.13520914941231765,0.13482295834356064
2023-02-28,0.14021123333380708,0.13984566068313928
2023-03-01,0.22104571337493045,0.2210133376741083
2023-03-02,0.2547502393656979,0.2548567925631677
2023-03-03,0.22542598219192886,0.22541166180869626
2023-03-06,0.17919117962584555,0.17898628097472655
2023-03-07,0.13526401190685183,0.1348780469794126
2023-03-08,0.11086252644196681,0.11037597942969861
2023-03-09,0.14205154513079074,0.14169355818213042
2023-03-10,0.12734720608957922,0.12692860836052497
2023-03-13,0.1172482235515481,0.11678799816339955
2023-03-14,0.3309350755786232,0.3313556600538067
2023-03-15,0.3272449641572894,0.32765033811995947
2023-03-16,0.4078039339836189,0.40854136925249385
2023-03-17,0.3510736479324463,0.35157724291105763
2023-03-20,0.4393944528578366,0.44026210316029096
2023-03-21,0.526859248403564,0.5280874255886047
2023-03-22,0.37724036731783583,0.3778518206148559
2023-03-23,0.40981338433787046,0.4105591024920755
2023-03-24,0.5002174921269504,0.5013358529078356
2023-03-27,0.49689484932403516,0.49799951428542844
2023-03-28,0.47569567387210204,0.4767129565605317
2023-03-29,0.5083663229460897,0.5095182729276768
2023-03-30,0.298833565690905,0.29912182884510535
2023-03-31,0.19014680211444804,0.18998706216287167
2023-04-03,0.1289674036114086,0.12855548428088115
2023-04-04,0.10102509658781184,0.10049800002762722
2023-04-05,0.11929380033529907,0.11884200674438203
2023-04-06,0.11708801478361085,0.11662712902042446
2023-04-10,0.1569633395399934,0.15666681849562716
2023-04-11,0.15243470149601146,0.15211951356119896
2023-04-12,0.13466108466241714,0.13427263448958854
2023-04-13,0.13972735708109418,0.13935978990913517
2023-04-14,0.1096880891775088,0.1091967011751816
2023-04-17,0.15195924581395975,0.15164209806715903
2023-04-18,0.1880685191942704,0.18790021263189172
2023-04-19,0.3128290421949036,0.3131749942224708
2023-04-20,0.35822370388764935,0.3587567711512842
2023-04-21,0.27483078510858133,0.27502010962578205
2023-04-24,0.2292476606643999,0.22924909310854577
2023-04-25,0.1968506511038592,0.19671854418752177
2023-04-26,0.16142739367368497,0.16114927330710543
2023-04-27,0.1511623062975691,0.15084187359345885
2023-04-28,0.06741753739998493,0.066751911635339
2023-05-01,0.0751085078653919,0.07447458401679866
2023-05-02,0.08531312901645442,0.08472126826568942
2023-05-03,0.11192524701958577,0.11144308050503117
2023-05-04,0.19520885349765932,0.19506997914798935
2023-05-05,0.13083174234342346,0.13042750775310427
2023-05-08,0.11937277395310082,0.1189213058887234
2023-05-09,0.13987805433455971,0.13951110833150263
2023-05-10,0.1740823063116114,0.1738563490601948
2023-05-11,0.168839831187152,0.16859226463336563
2023-05-12,0.2107909648238911,0.21071631940182
2023-05-15,0.14587491842522976,0.14553269128994584
2023-05-16,0.11378797133118358,0.11331348290225175
2023-05-17,0.06940188610231807,0.06874443975485539
2023-05-18,0.041355418935023196,0.04058236601336923
2023-05-19,0.08023845922272181,0.07962568085739573
2023-05-22,0.08717370796124527,0.08658951645297476
2023-05-23,0.08900099555066104,0.08842433605906182
2023-05-24,0.07990388486177076,0.07928972739242238
2023-05-25,0.11215040469673061,0.11166916627438643
2023-05-26,0.07858946446001905,0.07796988899492856
2023-05-30,0.08425635968362132,0.08366014296596927
2023-05-31,0.1016651336122537,0.10114067526269682
2023-06-01,0.03188155836119795,0.031069454511711503
2023-06-02,0.022582836339431405,0.021732403477207583
2023-06-05,0.020035818433699552,0.019174886851165286
2023-06-06,0.026403401048260274,0.025568716422519476
2023-06-07,0.016274992595494638,0.01539855901804987
2023-06-08,0.01485482396357661,0.013972536499817724
2023-06-09,0.014170720789741907,0.013285613476201275
2023-06-12,0.022478788048087044,0.021627926302380644
2023-06-13,0.014412243964103663,0.013528132200790773
2023-06-14,0.01739985962213112,0.01652806270792791
2023-06-15,0.015144686605049364,0.014263593945141059
2023-06-16,0.013674678860306187,0.012787526878972808
2023-06-20,0.018952870689134427,0.018087475233199257
2023-06-21,0.012487102602555502,0.011595055472684144
2023-06-22,0.02218014450021071,0.021328051756059178
2023-06-23,0.02703062632316102,0.02619852709845647
2023-06-26,0.026993227678191768,0.026160974297557402
2023-06-27,0.030889691381948928,0.03007349909084734
2023-06-28,0.0168566056831024,0.015982569494824763
2023-06-29,0.03524238682510046,0.03444413619508864
2023-06-30,0.025799261962650692,0.02496208709635283
2023-07-03,0.03497003709898077,0.03417066385275384
2023-07-05,0.03917628406508293,0.03839424882435427
2023-07-06,0.06240310246129155,0.06171680736808779
2023-07-07,0.04835904478080254,0.04761486056429131
2023-07-10,0.061546513698997204,0.060856687776341414
2023-07-11,0.035280252336762734,0.034482157787089206
2023-07-12,0.03139787172324947,0.030583774134057346
2023-07-13,0.01794774841931726,0.017078209883914584
2023-07-14,0.017520601124252244,0.01664930190237298
2023-07-17,0.01741462803252712,0.016542891993204228
2023-07-18,0.008949822816563873,0.008043195140929821
2023-07-19,0.010345402853516308,0.00944452771085261
2023-07-20,0.01591367210359051,0.015035749175490453
2023-07-21,0.009653355893257139,0.008749628156796946
2023-07-24,0.007629653300281515,0.006717583931252755
2023-07-25,0.00628426868866548,0.005366653690485252
2023-07-26,0.004454420217980439,0.003529262647264311
2023-07-27,0.009989730321468888,0.009087389108846409
2023-07-28,0.0047622880847376,0.003838399534792148
2023-07-31,0.0043323544064115685,0.003406693684613446
2023-08-01,0.0042981610599632765,0.003372359394365728
2023-08-02,0.00822138709367872,0.00731175683101868
2023-08-03,0.008028123430863924,0.0071176965420248935
2023-08-04,0.007397150193559066,0.006484122454711509
2023-08-07,0.006216645291934113,0.005298751552435606
2023-08-08,0.005594615468312027,0.004674157743248963
2023-08-09,0.006808045911528244,0.005892589905067487
2023-08-10,0.009526139859926596,0.008621887743347231
2023-08-11,0.012307676106445904,0.01141488938672137
2023-08-14,0.011130620277228895,0.01023298177381139
2023-08-15,0.01166229306347692,0.010766846097019927
2023-08-16,0.014651574778895667,0.013768449528979687
2023-08-17,0.014030574555504298,0.013144889564000542
2023-08-18,0.010030557327098262,0.009128384401990468
2023-08-21,0.012713521585096943,0.011822407746493513
2023-08-22,0.010716830036277566,0.009817485903701679
2023-08-23,0.007124141291322866,0.006209988219158888
2023-08-24,0.008271164409450811,0.007361739327176398
2023-08-25,0.005129593359634518,0.004207218829414257
2023-08-28,0.004160390083602737,0.003234020530773437
2023-08-29,0.002623191103548174,0.0016904852693300483
2023-08-30,0.0022748479991013095,0.0013407063065731851
2023-08-31,0.002347995905708434,0.001414155726338515
2023-09-01,0.0025180050658146795,0.0015848656583624422
2023-09-05,0.004516987129623892,0.003592087457568215
2023-09-06,0.005729105285759296,0.004809201923103659
2023-09-07,0.006022015239911139,0.005103319242024264
2023-09-08,0.005205557948803376,0.0042834965420100795
2023-09-11,0.005228752472321631,0.004306786672557482
2023-09-12,0.005147478331717064,0.00422517752273733
2023-09-13,0.005407319800161522,0.004486090048788457
2023-09-14,0.0055741691861365,0.004653627182200693
2023-09-15,0.0075989205331779995,0.006686724484738993
2023-09-18,0.008642301104387332,0.007734405834819894
2023-09-19,0.010306250744512593,0.009405214218200564
2023-09-20,0.012676582726642478,0.011785316627333448
2023-09-21,0.023767888839154577,0.022922340722624845
2023-09-22,0.01887690610926902,0.018011197529945237
2023-09-25,0.02509200121062099,0.024251911039799585
2023-09-26,0.027847748367478036,0.027019017291769802
2023-09-27,0.030324330527871743,0.02950580783875133
2023-09-28,0.03135523607283575,0.030540962740957276
2023-09-29,0.028584048332393232,0.027758352259846474
2023-10-02,0.03968398911020849,0.03890404661223479
2023-10-03,0.051050355924853234,0.05031726520042394
2023-10-04,0.04456466084303472,0.0438048363062794
2023-10-05,0.0471853755422548,0.046436353501461004
2023-10-06,0.05720064624677584,0.056492906807774336
2023-10-09,0.03958006721640664,0.03879969635595668
2023-10-10,0.029896091419075874,0.02907580354306018
2023-10-11,0.04173675729232052,0.04096527623427532
2023-10-12,0.0733682953790647,0.07272719843438384
2023-10-13,0.07706515974325243,0.07643930114648342
2023-10-16,0.14016221972818393,0.1397964450451175
2023-10-17,0.18778412433083552,0.18761464550259951
2023-10-18,0.3142648341458998,0.31461670445856565
2023-10-19,0.3433646723695529,0.34383649121571824
2023-10-20,0.4280419004629202,0.42886275593439366
2023-10-23,0.49475277690521907,0.495848612317688
2023-10-24,0.5687712572154883,0.5701721942610604
2023-10-25,0.6259318858191345,0.627568437012188
2023-10-26,0.5865683873316427,0.5880426835361738
2023-10-27,0.5657530617584209,0.5671415579060022
2023-10-30,0.683860113147058,0.6857354425031653
2023-10-31,0.6529829221912457,0.6547309768269485
2023-11-01,0.8446298028879856,0.8471678193823298
2023-11-02,0.7812355868876066,0.7835122946013606
2023-11-03,0.6632302462020782,0.6650205399553303
2023-11-06,0.7412576236783691,0.7433695436011262
2023-11-07,0.6965485984799243,0.6984762293366898
2023-11-08,0.6405637206561324,0.6422605837697408
2023-11-09,0.7774645418678581,0.7797257054635863
2023-11-10,0.6546404427281518,0.6563953296065674
2023-11-13,0.6691292703637881,0.6709438796919872
2023-11-14,0.34018667314941414,0.34064539239196695
2023-11-15,0.4799041931848909,0.4809388232453538
2023-11-16,0.4020494984528798,0.4027632141361775
2023-11-17,0.30805015033949656,0.30837640393900373
2023-11-20,0.24675976789323403,0.24683338464178875
2023-11-21,0.21773792762621294,0.217691917346166
2023-11-22,0.28270961882090956,0.28293141962001317
2023-11-24,0.3029370030582182,0.3032421804402824
2023-11-27,0.2698134814166279,0.26998212478036837
2023-11-28,0.2633291366005149,0.2634710517176782
2023-11-29,0.26735647426148684,0.2675149899261387
2023-11-30,0.4216993389303786,0.4224940505810992
2023-12-01,0.10486227690965552,0.10435099707493999
2023-12-04,0.13256647327591492,0.13216938918690677
2023-12-05,0.08115848283533283,0.08054949677573263
2023-12-06,0.07952519342908555,0.07890947500666072
2023-12-07,0.08593000048826213,0.08534068246051271
2023-12-08,0.09059423150450316,0.09002413927677369
2023-12-11,0.0828231904758422,0.08222106628394894
2023-12-12,0.07408516454519827,0.07344702251059382
2023-12-13,0.026839628346810408,0.026006741835008642
2023-12-14,0.01810251609906274,0.017233615510719284
2023-12-15,0.0293439822668526,0.02852141861587789
2023-12-18,0.0391449996233695,0.0383628354292468
2023-12-19,0.03804097985285517,0.037254264927164486
2023-12-20,0.03197740139825209,0.031165692610471907
2023-12-21,0.03278058665487976,0.031972188569135813
2023-12-22,0.029729140435938602,0.028908164393705638
2023-12-26,0.02652329987714729,0.02568910947026031
2023-12-27,0.013725209232430365,0.012838265535555027
2023-12-28,0.017957676946691644,0.017088179336337734
2023-12-29,0.020920930064526756,0.02006364688172877
2024-01-02,0.055206766036652394,0.054490807891919964
2024-01-03,0.03961036523328022,0.038830119260215006
2024-01-04,0.05714574533225046,0.05643777959356528
2024-01-05,0.06085202808816926,0.0601593395196831
2024-01-08,0.03904603654043657,0.038263464423885674
2024-01-09,0.03683561083751331,0.03604392742214909
2024-01-10,0.05397136611939015,0.053250315698638105
2024-01-11,0.03471563973775129,0.03391521787434061
2024-01-12,0.06135859535045715,0.060667994834824185
2024-01-16,0.17607420753607728,0.1758564608330807
2024-01-17,0.1678495948821755,0.1675979466083573
2024-01-18,0.1950499313321688,0.1949104019107921
2024-01-19,0.16199795028873581,0.16172218173692335
2024-01-22,0.0864494380528355,0.08586226112888316
2024-01-23,0.12595611097788542,0.12553177920256867
2024-01-24,0.10068553793428947,0.1001570417249998
2024-01-25,0.09849411752018919,0.09795658835123384
2024-01-26,0.08855697988462005,0.08797849017569855
2024-01-29,0.07811849795154724,0.0774969811786878
2024-01-30,0.0554696206295105,0.05475474596238006
2024-01-31,0.06760249072270053,0.06693762732929717
2024-02-01,0.01976364298180827,0.018901589501411274
2024-02-02,0.05542127010540665,0.054706196139076825
2024-02-05,0.11435038236846001,0.11387821217850348
2024-02-06,0.050886117735161156,0.05015235002655598
2024-02-07,0.06563451358986609,0.06496153826232656
2024-02-08,0.09406799307111842,0.09351221956923339
2024-02-09,0.09131862548609407,0.09075151918547181
2024-02-12,0.09305401041006149,0.09249405730648064
2024-02-13,0.21319477941006892,0.21313004242914452
2024-02-14,0.11003692591478126,0.10954697580550161
2024-02-15,0.12189328864913827,0.12145221005975139
2024-02-16,0.16866957596512025,0.1684213076251574
2024-02-20,0.1696207425056983,0.16937639484154057
2024-02-21,0.17972492928793377,0.17952223073458615
2024-02-22,0.13975134567506767,0.13938387738326893
2024-02-23,0.133056441538546,0.13266137708188466
2024-02-26,0.15352998070765456,0.15321930747612664
2024-02-27,0.18194626449237247,0.18175272220642866
2024-02-28,0.13756783217199947,0.1371913635125507
2024-02-29,0.10960421712704226,0.10911248340700427
2024-03-01,0.06945266149323207,0.06879542444018646
2024-03-04,0.07197768784061946,0.07133085885943628
2024-03-05,0.045307530165092404,0.04455076771016303
2024-03-06,0.032265664741282424,0.03145514416509959
2024-03-07,0.02591571788232575,0.025079023043328208
2024-03-08,0.04203932929190228,0.04126909542524519
2024-03-11,0.033594911606871294,0.03278987014060518
2024-03-12,0.04811813500333367,0.04737295776499562
2024-03-13,0.06895217470387972,0.06829287466148148
2024-03-14,0.10997494096302479,0.10948473535390335
2024-03-15,0.20406065808848234,0.20395827057325222
2024-03-18,0.13988089417409927,0.1395139598767632
2024-03-19,0.12071028224310912,0.12026432734195606
2024-03-20,0.10096563625520699,0.10043829460157401
2024-03-21,0.09523693603806979,0.09468598087893818
2024-03-22,0.1059663085175025,0.10545957946314802
2024-03-25,0.09225016852829585,0.09168690201609252
2024-03-26,0.07177843097889104,0.07113078066776883
2024-03-27,0.07452126955468504,0.07388492512994829
2024-03-28,0.07095728916789253,0.07030625413843383
2024-04-01,0.19830221246282692,0.1981760888325461
2024-04-02,0.23837672963416148,0.23841579178699243
2024-04-03,0.25054832708689506,0.25063756014629873
2024-04-04,0.17991054384782065,0.17970861039131253
2024-04-05,0.2859059905514179,0.2861409666849906
2024-04-08,0.2728550957567659,0.27303627655032875
2024-04-09,0.25606091887465626,0.25617287464803656
2024-04-10,0.5121633443191473,0.5133309454923962
2024-04-11,0.5841367501518492,0.5856010232314586
2024-04-12,0.598910303321689,0.6004354724799529
2024-04-15,0.6904686628151577,0.6923712323859753
2024-04-16,0.6755724539419627,0.6774136218515303
2024-04-17,0.7382558554157134,0.7403554021528107
2024-04-18,0.72844532987576,0.7305044379635999
2024-04-19,0.7882578183989729,0.790563471509784
2024-04-22,0.7687179064966839,0.7709430167618828
2024-04-23,0.6839278787993753,0.6858034874831735
2024-04-24,0.6715965313982152,0.6734213106916411
2024-04-25,0.7229881016407925,0.7250247152213184
2024-04-26,0.6434896723904338,0.6451985961765766
2024-04-29,0.6109229550981349,0.612497639994354
2024-04-30,0.6267915030306849,0.6284315975363542
2024-05-01,0.8017383759929773,0.8040995954990972
2024-05-02,0.7745185395027124,0.7767675597778947
2024-05-03,0.7522488636205915,0.7544060890568115
2024-05-06,0.7818990519893362,0.7841784944834477
2024-05-07,0.8093859377814923,0.8117786802745899
2024-05-08,0.8157631056641311,0.8181821346241679
2024-05-09,0.8496230693555863,0.8521816679227776
2024-05-10,0.8763124997288095,0.8789811112111449
2024-05-13,0.8171937193710107,0.8196186452716018
2024-05-14,0.8311973132336729,0.8336799614671044
2024-05-15,0.7219786311402844,0.7240110837180852
2024-05-16,0.7432250367421718,0.7453450662739919
2024-05-17,0.8083582983190355,0.810746804917571
2024-05-20,0.7979779974116726,0.8003237167664595
2024-05-21,0.7902488332887807,0.7925626932945709
2024-05-22,0.8430560379788736,0.8455875674683255
2024-05-23,0.8551549031015743,0.857736303697433
2024-05-24,0.7704708402597533,0.7727031760577056
2024-05-28,0.7991546731209974,0.8015052426926362
2024-05-29,0.7993360357150331,0.8016873528570542
2024-05-30,0.7952972759049206,0.7976319454177467
2024-05-31,0.8356870859943784,0.8381882409168936
2024-06-03,0.7364927664231964,0.7385850457680334
2024-06-04,0.5801846622565352,0.5816326449656051
2024-06-05,0.4769707325442855,0.47799327098076017
2024-06-06,0.41517275089231614,0.41594056017134984
2024-06-07,0.6629981284223595,0.6647874653940975
2024-06-10,0.6851767450748499,0.6870575015425338
2024-06-11,0.5253274549659134,0.5265493181510252
2024-06-12,0.2874851661614725,0.28772665160266087
2024-06-13,0.20060088027831008,0.2004842316777992
2024-06-14,0.20574981483364366,0.20565438996448998
2024-06-17,0.19205265419748208,0.1919007701027208
2024-06-18,0.16262724423652972,0.16235406961275212
2024-06-20,0.2854793738109387,0.2857125914449626
2024-06-21,0.2505294620269894,0.25061861732526425
2024-06-24,0.2858884480583655,0.28612335188238447
2024-06-25,0.266913819810792,0.26707051086900446
2024-06-26,0.3989329810069269,0.3996338505123732
2024-06-27,0.4149476386918111,0.41571452006608756
2024-06-28,0.6021894322980978,0.6037281179133555
2024-07-01,0.6304451290278849,0.6321002836544027
2024-07-02,0.5224365336550431,0.5236464805618225
2024-07-03,0.3753965897583463,0.3760004430676049
2024-07-05,0.26655292161877336,0.2667081250670362
2024-07-08,0.283469533035885,0.2836944661752776
2024-07-09,0.2822612304623545,0.2824811830200475
2024-07-10,0.3274957122024916,0.3279021197399901
2024-07-11,0.26188290300605666,0.26201885679802567
2024-07-12,0.19846139525054401,0.19833592776624578
2024-07-15,0.25744206841316614,0.257559717237498
2024-07-16,0.21191975061319765,0.21184975800737324
2024-07-17,0.2281802029321101,0.22817723535215356
2024-07-18,0.2816008208964731,0.28181805126862236
2024-07-19,0.42365519593642137,0.42445796956253184
2024-07-22,0.47741450375133765,0.47843887139748303
2024-07-23,0.5416344398101182,0.5429235198265687
2024-07-24,0.7298306309782273,0.7318954492296227
2024-07-25,0.6362224645605272,0.6379014331656434
2024-07-26,0.6255063014250951,0.6271410983738964
2024-07-29,0.4962350594204191,0.49733700475049525
2024-07-30,0.5888076826676308,0.5902912091706111
2024-07-31,0.2541868083732376,0.25429103912751183
2024-08-01,0.27923934503059755,0.2794468414803508
2024-08-02,0.17054294278099713,0.17030239639469408
2024-08-05,0.10370714512834227,0.10319110388010608
2024-08-06,0.16037235494849764,0.16008988574853633
2024-08-07,0.15335077493492494,0.15303936302335802
2024-08-08,0.20145068654896153,0.20133754082070512
2024-08-09,0.15097243527898557,0.1506512199330593
2024-08-12,0.11505176620445029,0.11458248709457128
2024-08-13,0.11776796389338468,0.11730988085707068
2024-08-14,0.16843922769020997,0.16819000986257102
2024-08-15,0.18673494566448245,0.18656114215782588
2024-08-16,0.18388175891800768,0.18369619467359682
2024-08-19,0.14865444620667773,0.14832367618942463
2024-08-20,0.11053638297491447,0.11004849161047899
2024-08-21,0.125105500522146,0.12467766255975146
2024-08-22,0.1421780376228689,0.14182057207191556
2024-08-23,0.09095202744977732,0.090383410044643
2024-08-26,0.08851987623409496,0.0879412335852006
2024-08-27,0.08483083375059129,0.08423698499530856
2024-08-28,0.08230805294266952,0.0817038053715609
2024-08-29,0.07744808628011461,0.07682380609337598
2024-08-30,0.08516302311241633,0.08457054363027143
2024-09-03,0.0907120027757067,0.09014239599711135
2024-09-04,0.07026575303694356,0.06961186751930923
2024-09-05,0.07959784723268801,0.07898242828674576
2024-09-06,0.0667560475227334,0.06608769511953741
2024-09-09,0.08179040787787462,0.08118402659159142
2024-09-10,0.09347228549275613,0.09291405650469726
2024-09-11,0.07855722577258215,0.07793751742072952
2024-09-12,0.10749634515141984,0.10699592285550946
2024-09-13,0.12997501297677017,0.12956724697743263
2024-09-16,0.10552737051107576,0.10501883216933751
2024-09-17,0.09318372515816963,0.09262430673432442
2024-09-18,0.2123592047502042,0.2122910235592361
2024-09-19,0.2655529238320154,0.2657040053237538
2024-09-20,0.3206297023067164,0.32100780838729065
2024-09-23,0.45215546907199466,0.4530757198449082
2024-09-24,0.4358662712052554,0.43671937846414044
2024-09-25,0.5291329957647654,0.5303705452583195
2024-09-26,0.48812676673604355,0.48919528996221656
2024-09-27,0.4653983637004516,0.4663732012300943
2024-09-30,0.4977437369115607,0.4988519009584282
2024-10-01,0.5067349293256788,0.5078801547588053
2024-10-02,0.5576490593398586,0.559004151067865
2024-10-03,0.5449446928475006,0.546247417613255
2024-10-04,0.5862909179473753,0.5877640704326363
2024-10-07,0.5262928910625281,0.5275187337420649
2024-10-08,0.5495632964658027,0.5508850589570102
2024-10-09,0.56886852562871,0.57026986361134
2024-10-10,0.6405290629590379,0.6422257832148094
2024-10-11,0.667797785540183,0.6696069065336794
2024-10-14,0.6764570184076109,0.6783018324615187
2024-10-15,0.760113182942275,0.7623028248325783
2024-10-16,0.7250233889176445,0.7270683918824079
2024-10-17,0.774966177176627,0.7772170425989235
2024-10-18,0.7996730248060772,0.8020257310055551
2024-10-21,0.79315510476484,0.7954809443218162
2024-10-22,0.7689460516976764,0.7711721023695564
2024-10-23,0.8381298398213901,0.8406410636912651
2024-10-24,0.8906143710082775,0.8933419343127187
2024-10-25,0.8135755430982043,0.8159855550004931
2024-10-28,0.8653374642538573,0.8679608370169871
2024-10-29,0.8353485632822574,0.8378483228257825
2024-10-30,0.8188795732843303,0.8213114482168384
2024-10-31,0.9045548472841158,0.9073398727528729
2024-11-01,0.6033401841604262,0.6048836131353289
2024-11-04,0.44559871628771947,0.4464919403508985
2024-11-05,0.4195208951414599,0.42030662732171803
2024-11-06,0.48172905179300496,0.48277120385796163
2024-11-07,0.2989020295265275,0.29919057488630635
2024-11-08,0.3985723823303021,0.39927176546039095
2024-11-11,0.43574390977513705,0.4365965126644106
2024-11-12,0.3689504506947734,0.36952773324025434
2024-11-13,0.38977284933100864,0.3904359610883622
2024-11-14,0.2632704878008144,0.2634121611696401
2024-11-15,0.40247534008321467,0.4031908110710838
2024-11-18,0.4002212946873842,0.4009274745775643
2024-11-19,0.4483094005949466,0.44921379800572064
2024-11-20,0.4394538081523896,0.4403217031153291
2024-11-21,0.39727458564151835,0.39796861929823885
2024-11-22,0.4375852404449646,0.43844543323600443
2024-11-25,0.2276027564130238,0.22759740861835245
2024-11-26,0.1910841929461846,0.19092831688741474
2024-11-27,0.1913704959999223,0.19121580007250466
2024-11-29,0.1883880329600656,0.18822104342245335
2024-12-02,0.1522328027723808,0.15191678261796526
2024-12-03,0.1413901308119963,0.14102941753623527
2024-12-04,0.10154758400073659,0.1010226411157192
2024-12-05,0.09020637162433058,0.08963468065149907
2024-12-06,0.1359811258798953,0.13559811687161816
2024-12-09,0.14537610639279827,0.14503182317145222
2024-12-10,0.22129582324666658,0.22126447849014377
2024-12-11,0.2963477293942058,0.29662574601658637
2024-12-12,0.29148695836557503,0.2917449390567563
2024-12-13,0.22013896549231254,0.2201028522078675
2024-12-16,0.18626204640118568,0.18608629362001117
2024-12-17,0.13325200698627204,0.13285774864366803
2024-12-18,0.19457190452658238,0.19443040469513456
2024-12-19,0.13976418130247517,0.13939676591869168
2024-12-20,0.1327183602686928,0.13232190225265114
2024-12-23,0.13988374147467159,0.13951681891381068
2024-12-24,0.11791626935297861,0.11745879762667437
2024-12-26,0.18353435754626252,0.18334736132533153
2024-12-27,0.17837384070800513,0.17816557301394462
2024-12-30,0.25804689216017285,0.2581670340472125
2024-12-31,0.3118180624251201,0.3121598472288062
2025-01-02,0.678030622353258,0.6798819227485721
2025-01-03,0.3991649006904665,0.3998667261608813
2025-01-06,0.39583480799960297,0.3965229069423437
2025-01-07,0.5837451506997156,0.5852078096198358
2025-01-08,0.6079337492460071,0.609496112738391
2025-01-10,0.3918349768488551,0.39250658862499754
2025-01-13,0.281538850725061,0.2817558256582926
2025-01-14,0.30776488580604966,0.30808996355494955
2025-01-15,0.2523751233338672,0.25247188638464546
2025-01-16,0.3013225196416584,0.3016210421785414
2025-01-17,0.35679750690640166,0.35732469543507356
2025-01-21,0.336710203670375,0.3371545930251614
2025-01-22,0.33807930242053374,0.338529335153336
2025-01-23,0.4245981218641857,0.42540478219857836
2025-01-24,0.3158648785516551,0.3162233441923957
2025-01-27,0.291713841953576,0.29197275785111293
2025-01-28,0.34124984721294593,0.3417129488224657
2025-01-29,0.45329566624726186,0.454220616873763
2025-01-30,0.471608863608195,0.4726093006051098
2025-01-31,0.594164215485414,0.5956698214326577
2025-02-03,0.58837183466673,0.5898535646192231
2025-02-04,0.4838700170053867,0.48492099405540084
2025-02-05,0.5735699157642166,0.5749906327154796
2025-02-06,0.4961534903707507,0.4972550994760062
2025-02-07,0.4297171824842361,0.430544943410651
2025-02-10,0.38678693179463897,0.38743773570248197
2025-02-11,0.38434893547952537,0.3849896900503093
2025-02-12,0.4947088247147418,0.49580447895779145
2025-02-13,0.3940632141436459,0.3947440106373715
2025-02-14,0.46434373516448124,0.465314225551528
2025-02-18,0.45653673239103126,0.4574750425808376
2025-02-19,0.3992505266383676,0.3999527050559981
2025-02-20,0.36650047511525746,0.3670676589455629
2025-02-21,0.6087550446008007,0.6103207934444234
2025-02-24,0.5111436919076713,0.5123070901087079
2025-02-25,0.5367264495882336,0.5379952990375922
2025-02-26,0.4724265472723941,0.4734303547332831
2025-02-27,0.48094221480859217,0.4819811235585291
2025-02-28,0.5076671086752589,0.5088161765196415
2025-03-03,0.6448933269372006,0.6466080365391658
2025-03-04,0.5403955032540939,0.5416794764166213
2025-03-05,0.6437384245351849,0.6454483736691231
2025-03-06,0.5379249616123134,0.5391987512870632
2025-03-07,0.6215014896809676,0.6231197789333358
2025-03-10,0.6042971693755635,0.6058445430106479
2025-03-11,0.6717523739578137,0.6735777956289167
2025-03-12,0.589545637633308,0.591032205961306
2025-03-13,0.6041625056434003,0.6057093241992069
2025-03-14,0.6024529579585051,0.603992729817482
2025-03-17,0.5486218139392582,0.5499396956718338
2025-03-18,0.5617478923245508,0.5631198793013141
2025-03-19,0.5078262630515841,0.5089759869248386
2025-03-20,0.40268319616879666,0.4033995239323101
2025-03-21,0.5185788042911711,0.5197728497700361
2025-03-24,0.625251953534548,0.626885702070082
2025-03-25,0.6005814638324631,0.6021135214569434
2025-03-26,0.6870923151984444,0.6889809675803726
2025-03-27,0.6952585037576227,0.6971808168882611
2025-03-28,0.7719753611910878,0.7742138985726347
2025-03-31,0.6783592407096466,0.6802118956585368
2025-04-01,0.9314519624793299,0.9343478569329327
2025-04-02,0.9568591824710752,0.9598598046126768
2025-04-03,0.9552960966705641,0.9582902758261924
2025-04-04,0.9624240072716458,0.9654475674299087
2025-04-07,0.9691646091349027,0.9722159538224878
2025-04-08,0.9737846316826051,0.9768550199444216
2025-04-09,0.9873627768421207,0.9904891337518386
2025-04-10,0.9820536313776216,0.9851581041721184
2025-04-11,0.9877095305314566,0.99083731674797
2025-04-14,0.9848491204993735,0.9879651162039974
2025-04-15,0.9782470836581166,0.9813358659936788
2025-04-16,0.969498817234614,0.9725515395165052
2025-04-17,0.9628012736713407,0.965826388908743
2025-04-21,0.967926539120734,0.9709727805262519
2025-04-22,0.9698247399540217,0.9728788056781661
2025-04-23,0.9726246963491565,0.9756903033973755
2025-04-24,0.9669110734056147,0.9699531290963388
2025-04-25,0.9458297443074105,0.9487849034837927
2025-04-28,0.9489616448361468,0.9519297135989192
2025-04-29,0.9414950620634569,0.9444323538285376
2025-04-30,0.9524391132904516,0.9554215160587322
2025-05-01,0.9330186545643078,0.9359210068688647
2025-05-02,0.9340923187529602,0.9369990966644194
2025-05-05,0.9478506759504687,0.9508141653376592
2025-05-06,0.9405399032775633,0.9434732579109409
2025-05-07,0.9291066614935155,0.9319928886970221
2025-05-08,0.9494851185810658,0.952455345084632
2025-05-09,0.9096833798517343,0.912489544955556
2025-05-12,0.8975568830284544,0.9003130631289487
2025-05-13,0.8667992967716821,0.8694286951582325
2025-05-14,0.9166046978266726,0.9194393923654209
2025-05-15,0.9242691777819191,0.9271354650437472
2025-05-16,0.9036977668366736,0.9064792594492692
2025-05-19,0.8842520294407142,0.8869533673917777
2025-05-20,0.9002628953163013,0.9030302295064871
2025-05-21,0.9196548318411452,0.9225020989275208
2025-05-22,0.9008154425447228,0.9035850543156027
2025-05-23,0.891222968940928,0.8939530408651406
2025-05-27,0.8211186662160684,0.8235597706127223
2025-05-28,0.7999581309691467,0.8023120123664346
2025-05-29,0.725394777260316,0.7274413110750697
2025-05-30,0.7357690379248362,0.737858334085665
2025-06-02,0.6443795438382978,0.6460921356439792
2025-06-03,0.5723239872280552,0.5737395685046932
2025-06-04,0.4987412585032241,0.4998535342998248
2025-06-05,0.5324863606547376,0.533737732603171
2025-06-06,0.49368363647804625,0.49477506493040224
2025-06-09,0.41300454696448513,0.413763418981412
2025-06-10,0.42311910430896627,0.42391966818380455
2025-06-11,0.285005905659652,0.2852371716742212
2025-06-12,0.26163383087886916,0.26176875800408617
2025-06-13,0.223532366793003,0.22351024099214686
2025-06-16,0.22554655519652583,0.22553273181107616
2025-06-17,0.19925332874439816,0.19913112558275656
2025-06-18,0.1773830969772283,0.17717074547154424
2025-06-20,0.20113312751818216,0.20101867282250988
2025-06-23,0.27928314734825577,0.27949082434965766
2025-06-24,0.33175531171319633,0.3321792771735492
2025-06-25,0.3446294441980447,0.3451064763902387
2025-06-26,0.31382187182456944,0.3141719162617638
2025-06-27,0.35281357166445115,0.3533243385489147
2025-06-30,0.16684297911470763,0.16658718160527594
2025-07-01,0.026944972642918424,0.02611252035668635
2025-07-02,0.026352112384606306,0.02551721634875583
2025-07-03,0.031182978070110026,0.030367994696661845
2025-07-07,0.04120861226442381,0.040434954210716835
2025-07-08,0.03582823397666787,0.035032398188489376
2025-07-09,0.030439885955751624,0.02962183958213529
2025-07-10,0.03397453260238432,0.033171055920820695
2025-07-11,0.046845855030152435,0.0460954334974712
2025-07-14,0.061483873421822745,0.060793789298096305
2025-07-15,0.06563098463775707,0.06495799476399818
2025-07-16,0.07479644857120218,0.07416123842491838
2025-07-17,0.05717278397633845,0.056464929690015354
2025-07-18,0.052996167991440024,0.05227109783750527
2025-07-21,0.04074997943325791,0.039974430910776154
2025-07-22,0.03736985676798144,0.03658037549598981
2025-07-23,0.03283718163078747,0.032029016827590025
2025-07-24,0.03621713029665578,0.03542289752574863
2025-07-25,0.03973935378198192,0.038959639495283346
2025-07-28,0.034313840287875076,0.03351176222093491
2025-07-29,0.034290449551128414,0.033488275068374915
2025-07-30,0.03838326987117839,0.037597965853184645
2025-07-31,0.03855469150115744,0.03777009407723367
2025-08-01,0.02659361366598818,0.025759713090123336
2025-08-04,0.0214707446768131,0.020615727810959335
2025-08-05,0.02917338164064138,0.02835011477974602
2025-08-06,0.04567655341501952,0.0449213120612494
2025-08-07,0.054749194058043106,0.054031349817333686
2025-08-08,0.053621957321845826,0.05289946665003344
2025-08-11,0.05370580327736477,0.0529836582157007
2025-08-12,0.05553950842282259,0.05482492183077535
2025-08-13,0.06896794298179963,0.0683087079357013
2025-08-14,0.05697150232677607,0.056262818364408045
2025-08-15,0.06236733817113058,0.06168089565875138
2025-08-18,0.0541178325914734,0.053397385900487766
2025-08-19,0.06501602208996558,0.06434049736171032
2025-08-20,0.05904295818395947,0.05834281269147462
2025-08-21,0.07906888375070527,0.07845128443546162
2025-08-22,0.04977397435457346,0.04903562242915864
2025-08-25,0.0438871207131374,0.04312450337924199
2025-08-26,0.05943349096448786,0.058734955234708494
2025-08-27,0.07286009098459867,0.07221689923886203
2025-08-28,0.04893605092020618,0.04819424510317984
2025-08-29,0.08178231829979424,0.0811759036685481
2025-09-02,0.09234273664590033,0.09177985169629779
2025-09-03,0.09635658637716511,0.09581024637826821
2025-09-04,0.06618051848942295,0.06550979377532265
2025-09-05,0.1320414255083309,0.13164217719046156
2025-09-08,0.07484191809280435,0.0742068953703266
2025-09-09,0.15502267717980922,0.15471815679186135
2025-09-10,0.13444003308084118,0.13405067174098706
2025-09-11,0.14866793698429537,0.14833722257556414
2025-09-12,0.1924359757726545,0.19228567171625793
2025-09-15,0.18355967450555713,0.18337278264026263
2025-09-16,0.11485744902603873,0.11438736894742563
2025-09-17,0.05858117423648542,0.05787912528643262
2025-09-18,0.0922050958213121,0.09164164352095895
2025-09-19,0.1299134571761155,0.12950543744588228
2025-09-22,0.1647431694536186,0.16447871660089808
2025-09-23,0.12516828226652027,0.12474070308831932
2025-09-24,0.10915834374194955,0.10866477214713517
2025-09-25,0.150839982688527,0.15051822137757295
2025-09-26,0.12814412951387652,0.12772881667580074
2025-09-29,0.1271888098198432,0.12676955918680646
2025-09-30,0.21309857580664213,0.21303344227776924
2025-10-01,0.15430248213411177,0.15399499312692616
2025-10-02,0.130828701134545,0.1304244540084673
2025-10-03,0.13239755258206065,0.1319997722077553
2025-10-06,0.2207391342570984,0.22070549484768437
2025-10-07,0.19600914906599504,0.19587357350716542
2025-10-08,0.164180187776649,0.16391341433279594
2025-10-09,0.18760920907194134,0.187439009249017
2025-10-10,0.16557074361826585,0.16530970199782255
2025-10-13,0.1587172547503691,0.1584279632842483
2025-10-14,0.13754106904091729,0.13716449006476159
2025-10-15,0.16418327618459164,0.16391651547105002
2025-10-16,0.06280003883231959,0.06211537989720136
2025-10-17,0.13251675767635898,0.13211946866135732
2025-10-20,0.10931123392879454,0.10881829254207814
2025-10-21,0.11307292786314067,0.11259549204959725
2025-10-22,0.1135621348423046,0.1130867155231237
2025-10-23,0.20215192167953433,0.2020416664183968
2025-10-24,0.2489201942047241,0.24900271615631828
2025-10-27,0.2364469707268946,0.23647807847980226
2025-10-28,0.2317643427236327,0.23177614884477188
2025-10-29,0.30366205360537407,0.3039702196208862
2025-10-30,0.3253744491656562,0.3257721129297881
2025-10-31,0.3550081489392763,0.355527961795877
2025-11-03,0.2665774127525669,0.26673271715244184
2025-11-04,0.22017025465698095,0.22013427034539781
2025-11-05,0.29943749324568003,0.2997282457685146
2025-11-06,0.23956443763989219,0.23960839548432175
2025-11-07,0.27327021475425817,0.2734531066540682
2025-11-10,0.22706327544084576,0.22705570392413973
2025-11-11,0.23471705146416783,0.23474102854930193
2025-11-12,0.28232579933023993,0.2825460180385882
2025-11-13,0.3360129140614423,0.3364544292124144
2025-11-14,0.3447957069659331,0.3452734244875448
2025-11-17,0.30409938183880636,0.30440935050627327
2025-11-18,0.3074580449491859,0.3077818579106146
2025-11-19,0.31853908677283255,0.31890857540799444
2025-11-20,0.28223122952022234,0.28245105841506246
2025-11-21,0.33504681212441434,0.3354843450363903
2025-11-24,0.18641521674385775,0.1862400953255739
2025-11-25,0.17067199311864728,0.1704319786734028
2025-11-26,0.11544949090045742,0.11498185119811243
2025-11-28,0.18653099101425588,0.18635634681353747
2025-12-01,0.1691583069091068,0.16891205310130583
2025-12-02,0.1895188069240331,0.18935647839785522
2025-12-03,0.18149167552846213,0.18129625944242544
2025-12-04,0.21418768894290674,0.21412704470096755
2025-12-05,0.1650819482205853,0.16481889180230422
2025-12-08,0.21676477389565282,0.216714752309359
2025-12-09,0.256462744967202,0.256576357053932
2025-12-10,0.32865821125158073,0.32906941057022465
2025-12-11,0.3221899213267225,0.3225744585764994
2025-12-12,0.27540039185518495,0.2755920642718276
2025-12-15,0.24394244574167012,0.24400444958509876
2025-12-16,0.2464963492443203,0.24656888019025333
2025-12-17,0.2641318201955146,0.2642770439468822
2025-12-18,0.22665724701564668,0.22664800186372017
2025-12-19,0.19110744972270885,0.1909516695275729
2025-12-22,0.16995437632937851,0.16971140389238076
2025-12-23,0.12632688145706575,0.1259040779849272
2025-12-24,0.11381510400561548,0.11334072741663558
2025-12-26,0.1279861844925487,0.12757022061052087
2025-12-29,0.07648655138584741,0.07585830778530595
2025-12-30,0.0960416972961932,0.09549405933532183
2025-12-31,0.13383658440559568,0.1334447356710323
2026-01-02,0.1162509784858037,0.11578664248775222
2026-01-05,0.10696740607626862,0.10646480351166096
2026-01-06,0.11291035316309203,0.1124322472222199
2026-01-07,0.09981257054162691,0.09928047599073349
2026-01-08,0.07215295736771225,0.07150685084149876
2026-01-09,0.05195065097866481,0.05122127123951974
2026-01-12,0.057913343609442273,0.05720854188448659
2026-01-13,0.06513806551950582,0.0644630438500746
2026-01-14,0.06670589389033318,0.06603733475558736
2026-01-15,0.08350122474944022,0.08290189539153041
2026-01-16,0.09857564719786864,0.09803845409144392
2026-01-20,0.10791422716057786,0.10741552735995384
2026-01-21,0.19252258974430522,0.1923726427077244
2026-01-22,0.17989985979428494,0.17969788229847516
2026-01-23,0.16592608118373123,0.165666504252526
2026-01-26,0.11016759292808692,0.10967818142374736
2026-01-27,0.10265499594477667,0.10213461777375
2026-01-28,0.11026111322344882,0.10977208720655406
2026-01-29,0.10288354048080962,0.10236410436250935
2026-01-30,0.15988489098327188,0.15960041247359164
2026-02-02,0.15321413724996968,0.15290216212255925
2026-02-03,0.1577920021594416,0.15749889683392596
2026-02-04,0.1668594434465194,0.16660371380249783
2026-02-05,0.20214963839179395,0.2020393737190228
2026-02-06,0.13769930021248822,0.13732337345978607
2026-02-09,0.13636131078074054,0.1359798688815643
2026-02-10,0.0973943415519522,0.09685227914423607
2026-02-11,0.13991813113763155,0.13955135032977997
2026-02-12,0.1490950729046305,0.14876611913548962
2026-02-13,0.17086383975339897,0.17062461609339247
2026-02-17,0.12917993181112655,0.12876888851453744
2026-02-18,0.15115630018945808,0.15083584272837652
2026-02-19,0.15834432432403361,0.15805349565150661
2026-02-20,0.18258250065849452,0.18239158091617103
2026-02-23,0.15066592215695443,0.1503434433744687
2026-02-24,0.15085849322963593,0.15053680821849647
2026-02-25,0.15229187177738412,0.15197609510337803
2026-02-26,0.1383582651879077,0.13798505466619698
2026-02-27,0.15397752195003192,0.1536686934681308
2026-03-02,0.22303304437674873,0.22300886038604587
2026-03-03,0.23802262177864145,0.2380602243110565
2026-03-04,0.21469795116276708,0.21463941020416927
2026-03-05,0.29920943322121174,0.2994992456884599
2026-03-06,0.4142804904908564,0.4150446219031669
2026-03-09,0.38459130382446377,0.3852330574292395
2026-03-10,0.3819701059488817,0.38260105506605957
2026-03-11,0.4652515151731309,0.4662257473981886
2026-03-12,0.596978637139275,0.5984958440358928
2026-03-13,0.7368785997352558,0.7389724694717508
2026-03-16,0.6779033686855324,0.6797541445455997
2026-03-17,0.6091378493101959,0.6107051760616803
2026-03-18,0.7144865445171701,0.716488114971284
2026-03-19,0.5768638442664069,0.5782981386778006
2026-03-20,0.6888733886546182,0.6907693825601481
2026-03-23,0.5419104480333607,0.5432006657462258
2026-03-24,0.6271666448103557,0.6288082856375536
2026-03-25,0.6311999109758263,0.6328581767876047
2026-03-26,0.6648295982537129,0.6666264844811798
2026-03-27,0.747364440410148,0.7495015324216878
2026-03-30,0.7176648663978611,0.7196795377855832
2026-03-31,0.7110528289632103,0.7130402457597682
2026-04-01,0.8079895090466991,0.810376495508523
2026-04-02,0.8120537190797446,0.814457458075708
2026-04-06,0.7978466080948381,0.8001917858673746
2026-04-07,0.7800417882595341,0.7823135751763534
2026-04-08,0.7956867605152447,0.7980230354702548
2026-04-09,0.8127538578831213,0.8151604828271806
2026-04-10,0.7930706690903169,0.7953961606063432
2026-04-13,0.6031896625153151,0.6047324710451675
2026-04-14,0.47918235749951354,0.48021401217807835
2026-04-15,0.5920332557073481,0.5935300779115908
2026-04-16,0.6414300364448814,0.6431304704824107
2026-04-17,0.5686059224891142,0.5700061780306239
2026-04-20,0.47339518173461403,0.4744029818734811
2026-04-21,0.5778945785807827,0.5793331216436117
2026-04-22,0.5640167587587611,0.5653980979250245
2026-04-23,0.6330605742780405,0.6347265096800319
2026-04-24,0.4967434196808155,0.4978474604544214
2026-04-27,0.48782380623232985,0.4888910806657141
2026-04-28,0.5167702269455017,0.5179568175306775
2026-04-29,0.4964075391918325,0.4975101954776013
2026-04-30,0.49193681585695176,0.49302104397471563
2026-05-01,0.326609772634552,0.32701252835958594
2026-05-04,0.32964930459605496,0.33006458916741804
2026-05-05,0.32372208115684376,0.3241129339168066
2026-05-06,0.24240054384820642,0.2424561920249987
2026-05-07,0.3198441021906823,0.3202189700545658
2026-05-08,0.2389141674098021,0.23895544486268178
2026-05-11,0.21230515032486783,0.2122367463234154
2026-05-12,0.2782769234910412,0.2784804528722702
2026-05-13,0.29771032202956227,0.297993955211977
2026-05-14,0.34527452777340756,0.34575421897793884
2026-05-15,0.2996353938722317,0.29992696213465053
2026-05-18,0.32193856646397084,0.32232206763763827
2026-05-19,0.4303919555151635,0.43122249783283156
2026-05-20,0.4269076519189004,0.42772383205683995
2026-05-21,0.39144407019047567,0.39211407066280096
2026-05-22,0.3936085255665068,0.3942874478495372
2026-05-26,0.4086999496721561,0.4094410782869186
2026-05-27,0.5486841057200109,0.5500022442171668
2026-05-28,0.5419271968575514,0.5432174836084944
2026-05-29,0.6242770993221176,0.6259068295420769
2026-06-01,0.7166400075600754,0.7186504545148749
2026-06-02,0.7116424384226342,0.7136322855691292
