ticker,shortName,sector,industry,marketCap,tech_score,fund_score,composite,composite_rank,tech_rank,fund_rank,ma200_dist,rsi,rel_str_6m,ma200_rank,rsi_rank,rs6m_rank,forwardPE,revenueGrowth,grossMargins,returnOnEquity,operatingMargins,freeCashflow,nd_ebitda,forwardPE_rank,revenueGrowth_rank,grossMargins_rank,returnOnEquity_rank,operatingMargins_rank,nd_ebitda_rank
MU,"Micron Technology, Inc.",Technology,Semiconductors,801818869760.0,16.619496855345915,22.352053966429274,38.97155082177519,1,4,3,,,2.1005554964009665,,,0.9943396226415094,6.9310336,1.963,0.58437,0.39823002,0.67624,2893499904.0,-0.287971626575836,0.9458955223880597,0.9906191369606003,0.7009345794392523,0.8611111111111112,0.9906542056074766,0.8752783964365256
SNDK,Sandisk Corporation,Technology,Computer Hardware,203958108160.0,16.572327044025155,22.147475885305255,38.71980292933041,2,7,4,,,1.8122127582058498,,,0.9886792452830189,7.9333606,2.51,0.56038,0.39297,0.69983,2259500032.0,-0.36149638544311397,0.9253731343283582,0.9906191369606003,0.6691588785046729,0.8531746031746031,0.9906542056074766,0.8864142538975501
NVDA,NVIDIA Corporation,Technology,Semiconductors,5393210671104.0,15.518867924528301,20.873376041165425,36.39224396569372,3,74,8,,,0.1664109546674728,,,0.8622641509433963,19.152542,0.732,0.71068,1.01485,0.65024,58128998400.0,-0.11730247270052462,0.3955223880597015,0.9643527204502814,0.8467289719626169,0.9682539682539683,0.9906542056074766,0.844097995545657
META,"Meta Platforms, Inc.",Communication Services,Internet Content & Information,1528815943680.0,15.534591194968552,20.262386089612598,35.796977284581146,4,73,10,,,0.16816090398294659,,,0.8641509433962264,16.654716,0.331,0.81941,0.32930002,0.40617,25558249472.0,0.20115818318464143,0.5093283582089552,0.9043151969981238,0.9383177570093458,0.7896825396825397,0.908411214953271,0.8129175946547884
FTNT,"Fortinet, Inc.",Technology,Software - Infrastructure,92661702656.0,16.39937106918239,18.91869155490028,35.31806262408267,5,18,26,,,1.016730846811957,,,0.9679245283018868,36.923664,0.201,0.80304,1.32392,0.31282,1813049984.0,-1.3514908365454144,0.09328358208955223,0.8076923076923077,0.9289719626168225,0.9900793650793651,0.7850467289719626,0.9354120267260579
NEM,Newmont Corporation,Basic Materials,Gold,112071696384.0,13.553459119496855,21.62060500781908,35.17406412731594,6,199,5,,,-0.07372893670384228,,,0.6264150943396226,9.2590065,0.458,0.67356,0.25832,0.61379004,9804874752.0,-0.19996484614817098,0.8824626865671642,0.9399624765478424,0.7981308411214953,0.7222222222222222,0.9775700934579439,0.8685968819599109
LLY,Eli Lilly and Company,Healthcare,Drug Manufacturers - General,905926737920.0,15.345911949685535,19.81070045967713,35.156612409362666,7,85,13,,,0.12920198407782313,,,0.8415094339622642,22.862606,0.555,0.82832,1.07459,0.49386,9156599808.0,1.1019253075879267,0.27611940298507465,0.9512195121951219,0.9439252336448598,0.9722222222222222,0.9607476635514018,0.6503340757238307
CRDO,Credo Technology Group Holding ,Technology,Semiconductors,31214460928.0,16.38364779874214,18.648107577272075,35.03175537601422,8,19,32,,,0.9813230215513573,,,0.9660377358490566,30.681175,2.015,0.67825997,0.27544,0.36761,172241120.0,-1.358598061030235,0.14365671641791045,0.9906191369606003,0.8018691588785046,0.7400793650793651,0.8616822429906542,0.9376391982182628
INCY,Incyte Corporation,Healthcare,Biotechnology,19119151104.0,15.455974842767295,19.516469545701163,34.97244438846846,9,78,16,,,0.15468579890049727,,,0.8547169811320755,10.5753565,0.209,0.52766,0.30823,0.25552,558867008.0,-2.315524324154229,0.8134328358208955,0.8161350844277674,0.6242990654205608,0.7718253968253969,0.702803738317757,0.955456570155902
ANET,"Arista Networks, Inc.",Technology,Computer Hardware,176032006144.0,16.19496855345912,18.7306327810313,34.92560133449042,10,31,27,,,0.5376333835944302,,,0.9433962264150944,31.418644,0.351,0.63537,0.31520998,0.42738998,4362237440.0,-2.8759589654015976,0.13619402985074625,0.9183864915572233,0.7700934579439253,0.7777777777777778,0.9196261682242991,0.9732739420935412
PLTR,Palantir Technologies Inc.,Technology,Software - Infrastructure,324643979264.0,15.440251572327043,19.38796915662261,34.82822072894965,11,79,19,,,0.1500854045097677,,,0.8528301886792453,65.590126,0.847,0.84073997,0.32587,0.46183997,1752997120.0,-3.454366223954893,0.02425373134328357,0.9681050656660413,0.9514018691588785,0.7876984126984127,0.9439252336448598,0.977728285077951
CPAY,"Corpay, Inc.",Technology,Software - Infrastructure,22576007168.0,15.39308176100629,19.244759508398115,34.637841269404404,12,82,21,,,0.14325702065139945,,,0.8471698113207548,11.313447,0.254,0.79714996,0.32124,0.41404,2095142784.0,2.7011218873095664,0.7742537313432836,0.8649155722326454,0.9233644859813084,0.7817460317460317,0.9158878504672897,0.3585746102449888
V,Visa Inc.,Financial Services,Credit Services,629344043008.0,14.528301886792452,19.80150350363905,34.3298053904315,13,137,14,,,0.01480302884013529,,,0.7433962264150943,22.283422,0.171,0.97778,0.60349,0.67346,20839749632.0,,0.29850746268656714,0.7598499061913696,0.9906542056074766,0.9206349206349206,0.9906542056074766,
MSFT,Microsoft Corporation,Technology,Software - Infrastructure,3114259709952.0,15.70754716981132,18.561229293729284,34.268776463540604,14,62,33,,,0.20867176174521918,,,0.8849056603773585,21.642368,0.183,0.68309,0.34013999,0.46326,37011251200.0,0.26755971977394727,0.3246268656716418,0.7720450281425891,0.8093457943925234,0.8055555555555556,0.9457943925233645,0.7973273942093542
WDC,Western Digital Corporation,Technology,Computer Hardware,157118185472.0,16.242138364779876,17.99580131152244,34.23793967630232,15,28,43,,,0.5926813695126036,,,0.9490566037735849,26.1666,0.455,0.45428002,0.85920995,0.37008998,2075000064.0,-0.07756897439600734,0.20149253731343286,0.9380863039399625,0.5196261682242991,0.9543650793650794,0.8635514018691589,0.8418708240534521
NTAP,"NetApp, Inc.",Technology,Software - Infrastructure,23935592448.0,16.352201257861633,17.832271851721217,34.184473109582854,16,21,45,,,0.8687919826378496,,,0.9622641509433962,14.163658,0.044,0.70458,1.12587,0.25160998,1116000000.0,-0.4973746253785317,0.6156716417910448,0.2598499061913696,0.8411214953271028,0.9761904761904762,0.6915887850467289,0.8953229398663697
VEEV,Veeva Systems Inc.,Healthcare,Health Information Services,26784987136.0,16.053459119496857,18.07696076322797,34.13041988272482,17,40,41,,,0.3739417715449591,,,0.9264150943396227,16.605154,0.16,0.75526,0.13933,0.29413,1048066496.0,-6.59442139257445,0.5167910447761195,0.7354596622889306,0.8878504672897196,0.45436507936507936,0.7551401869158878,0.9888641425389755
GEN,Gen Digital Inc.,Technology,Software - Infrastructure,14766082048.0,13.742138364779874,20.274839106924674,34.01697747170455,18,187,9,,,-0.065002499513229,,,0.6490566037735849,7.4117756,0.27,0.7846,0.39876997,0.63367003,1448249984.0,3.1713694630436895,0.9347014925373134,0.8799249530956847,0.9102803738317757,0.8630952380952381,0.9906542056074766,0.2873051224944321
STX,Seagate Technology Holdings PLC,Technology,Computer Hardware,164355358720.0,16.47798742138365,17.341598305045522,33.81958572642917,19,13,60,,,1.3111467356016742,,,0.9773584905660377,27.993015,0.441,0.41571,17.8797,0.35668,1610000000.0,0.4873389181742822,0.17537313432835822,0.9362101313320825,0.44672897196261685,0.9900793650793651,0.8429906542056075,0.7706013363028953
ALAB,"Astera Labs, Inc.",Technology,Semiconductors,42984824832.0,16.650943396226413,17.033293890908595,33.684237287135005,20,2,68,,,2.3595623132344055,,,0.9981132075471698,59.61409,0.934,0.75988996,0.21110001,0.20052,240004880.0,-4.234624703920167,0.035447761194029814,0.9774859287054409,0.8934579439252337,0.6488095238095238,0.5439252336448598,0.9888641425389755
MA,Mastercard Incorporated,Financial Services,Credit Services,442370686976.0,13.69496855345912,19.975145279824726,33.67011383328385,21,190,11,,,-0.06639133977164957,,,0.6433962264150943,21.993086,0.158,1.0,2.32076,0.60836,16148124672.0,,0.3097014925373134,0.7288930581613509,0.9906542056074766,0.9900793650793651,0.9757009345794393,
TER,"Teradyne, Inc.",Technology,Semiconductor Equipment & Materials,50327519232.0,15.864779874213838,17.78923640381288,33.65401627802672,22,52,47,,,0.24916583360103783,,,0.9037735849056604,33.79455,0.87,0.58702,0.2875,0.37614,298311264.0,-0.16924912992141522,0.10820895522388063,0.9699812382739212,0.708411214953271,0.753968253968254,0.8691588785046729,0.8596881959910914
LRCX,Lam Research Corporation,Technology,Semiconductor Equipment & Materials,342493888512.0,16.147798742138363,17.337042045231872,33.48484078737023,23,34,61,,,0.41066483349435656,,,0.9377358490566038,34.594524,0.238,0.49979,0.66762,0.35042998,4352341504.0,-0.16867845618279478,0.10447761194029848,0.8574108818011257,0.5813084112149532,0.9265873015873016,0.8336448598130841,0.8574610244988864
AVGO,Broadcom Inc.,Technology,Semiconductors,1949026222080.0,14.355345911949685,18.928928638444763,33.28427455039445,24,148,25,,,0.0010497656725934057,,,0.7226415094339622,22.552814,0.295,0.76725996,0.33370999,0.44943002,25503750144.0,0.6782242813169808,0.292910447761194,0.8893058161350844,0.9018691588785047,0.7956349206349206,0.9327102803738317,0.7305122494432071
HOOD,"Robinhood Markets, Inc.",Financial Services,Capital Markets,67330760704.0,16.21069182389937,17.061267876520027,33.2719597004194,25,30,67,,,0.5744073889055406,,,0.9452830188679245,27.6412,0.151,0.92239,0.21461001,0.38519,,,0.17910447761194026,0.7185741088180112,0.9738317757009346,0.6547619047619048,0.8859813084112149,
FISV,"Fiserv, Inc.",,,29899550720.0,9.339622641509433,23.92723880597015,33.266861447479585,26,473,1,,,-0.37736638942132117,,,0.12075471698113208,6.258343,,,,,,,0.957089552238806,,,,,
IBKR,"Interactive Brokers Group, Inc.",Financial Services,Capital Markets,143068397568.0,15.40880503144654,17.831926028368024,33.240731059814564,27,81,46,,,0.14391458677019475,,,0.8490566037735849,29.469957,0.168,0.93017995,0.2356,0.76811,,,0.15671641791044777,0.7570356472795498,0.9794392523364486,0.6825396825396826,0.9906542056074766,
MS,Morgan Stanley,Financial Services,Capital Markets,302231453696.0,14.5125786163522,18.67882241012487,33.19140102647707,28,138,30,,,0.01448854105448305,,,0.7415094339622641,15.088104,0.163,0.87388,0.16388,0.40616,,,0.582089552238806,0.7429643527204502,0.9644859813084112,0.5396825396825397,0.9065420560747663,
EXPE,"Expedia Group, Inc.",Consumer Cyclical,Travel Services,25837154304.0,14.040880503144654,19.084925276311758,33.125805779456414,29,168,23,,,-0.03340415876570546,,,0.6849056603773584,9.324146,0.147,0.90271,0.71494,0.07093,3478249984.0,-0.4972319223687495,0.878731343283582,0.7110694183864915,0.9719626168224299,0.9404761904761905,0.18504672897196262,0.8930957683741648
GOOGL,Alphabet Inc.,Communication Services,Internet Content & Information,4723811287040.0,14.795597484276731,18.136687859557064,32.9322853438338,30,120,37,,,0.037306169773380304,,,0.7754716981132076,26.980177,0.218,0.60368,0.38884997,0.36121,27921750016.0,-0.7027037421946938,0.18470149253731338,0.8320825515947468,0.7336448598130841,0.8482142857142857,0.8532710280373832,0.9008908685968819
GOOG,Alphabet Inc.,Communication Services,Internet Content & Information,4680801845248.0,14.66981132075472,18.152235123238654,32.82204644399337,31,128,36,,,0.025768931673400886,,,0.7603773584905661,26.734526,0.218,0.60368,0.38884997,0.36121,27921750016.0,-0.7027037421946938,0.18843283582089554,0.8320825515947468,0.7336448598130841,0.8482142857142857,0.8532710280373832,0.9008908685968819
FFIV,"F5, Inc.",Technology,Software - Infrastructure,21545381888.0,16.02201257861635,16.77718008107674,32.79919265969309,32,42,77,,,0.3568436885709303,,,0.9226415094339623,21.845695,0.11,0.81542,0.2034,0.22016001,759182528.0,-1.4658249244019304,0.3152985074626866,0.5863039399624765,0.9345794392523364,0.6329365079365079,0.6130841121495327,0.9443207126948775
AMP,"Ameriprise Financial, Inc.",Financial Services,Asset Management,42156789760.0,13.569182389937106,19.13992923797587,32.709111627912975,33,198,22,,,-0.07073922192724513,,,0.6283018867924528,9.843355,0.09,0.56601,0.66936,0.37188,3355624960.0,,0.8395522388059702,0.5131332082551595,0.6794392523364486,0.9285714285714286,0.8672897196261682,
ARM,Arm Holdings plc,Technology,Semiconductors,238335688704.0,16.367924528301888,16.270978165654164,32.638902693956055,34,20,99,,,0.9350005738333973,,,0.9641509433962264,73.31858,0.201,0.97495,0.112679996,0.29597,824750016.0,-3.1992103999010366,0.009328358208955279,0.8076923076923077,0.9906542056074766,0.3611111111111111,0.7607476635514019,0.9755011135857461
DXCM,"DexCom, Inc.",Healthcare,Medical Devices,26054144000.0,15.644654088050313,16.975892013992937,32.62054610204325,35,66,72,,,0.19047474784604645,,,0.8773584905660378,22.134365,0.15,0.61504,0.35624,0.2142,1056637504.0,-0.3909635575826682,0.30597014925373134,0.7157598499061913,0.7439252336448599,0.8214285714285714,0.5962616822429907,0.8908685968819599
SCHW,Charles Schwab Corporation (The,Financial Services,Capital Markets,160765689856.0,12.70440251572327,19.851942867321153,32.55634538304442,36,253,12,,,-0.14047653634683743,,,0.5245283018867924,12.863348,0.158,0.9746,0.19083,0.49352002,,,0.6828358208955223,0.7288930581613509,0.9906542056074766,0.6091269841269841,0.9588785046728971,
TXN,Texas Instruments Incorporated,Technology,Semiconductors,276317831168.0,15.974842767295597,16.554025959160455,32.528868726456054,37,45,85,,,0.3095260241811002,,,0.9169811320754717,32.250748,0.186,0.57322,0.32347,0.37824002,1068249984.0,0.7406512403361345,0.125,0.7776735459662288,0.6878504672897197,0.7857142857142857,0.8728971962616823,0.7238307349665924
AMAT,"Applied Materials, Inc.",Technology,Semiconductor Equipment & Materials,324007100416.0,16.069182389937104,16.279201595479446,32.34838398541655,38,39,98,,,0.37537952775356276,,,0.9283018867924528,25.428068,0.114,0.48956,0.39692003,0.31896,3154374912.0,-0.18581985343943003,0.21455223880597019,0.6031894934333959,0.5738317757009346,0.8591269841269841,0.794392523364486,0.8619153674832962
AAPL,Apple Inc.,Technology,Consumer Electronics,4375069589504.0,15.330188679245282,16.916147725063137,32.24633640430842,39,86,74,,,0.12763232562136806,,,0.839622641509434,31.074162,0.166,0.47862,1.4147099,0.32275,101090746368.0,0.13065685929459028,0.1399253731343284,0.7476547842401501,0.5588785046728972,0.9900793650793651,0.8037383177570093,0.8195991091314031
ADBE,Adobe Inc.,Technology,Software - Application,102969950208.0,11.022012578616353,21.20144644332024,32.22345902193659,40,366,6,,,-0.24221337193934622,,,0.32264150943396225,9.654734,0.12,0.89396006,0.58774,0.38762,9321374720.0,0.11545830119458066,0.8544776119402985,0.6332082551594747,0.9700934579439252,0.9126984126984127,0.891588785046729,0.8262806236080178
EBAY,eBay Inc.,Consumer Cyclical,Internet Retail,50913480704.0,14.229559748427672,17.847474146313044,32.077033894740715,41,156,44,,,-0.013769808197950928,,,0.7075471698113207,16.952084,0.195,0.71786004,0.42875,0.23146999,1124125056.0,1.23740303875969,0.4925373134328358,0.7964352720450282,0.8560747663551402,0.871031746031746,0.6392523364485981,0.6280623608017817
ABBV,AbbVie Inc.,Healthcare,Drug Manufacturers - General,376521228288.0,14.779874213836477,17.25855471724234,32.03842893107882,42,121,63,,,0.03645435087498017,,,0.7735849056603774,13.130808,0.124,0.72026,,0.32156,20811624448.0,2.0906933534900083,0.6716417910447761,0.6529080675422139,0.8616822429906542,,0.8,0.465478841870824
NXPI,NXP Semiconductors N.V.,Technology,Semiconductors,74850099200.0,14.858490566037737,16.906384493147442,31.76487505918518,43,116,75,,,0.05271156062238558,,,0.7830188679245284,16.817444,0.122,0.55632,0.25812998,0.47375,3119000064.0,1.529992004799141,0.5037313432835822,0.6463414634146342,0.6654205607476635,0.7182539682539683,0.9514018691588785,0.5723830734966593
GS,"Goldman Sachs Group, Inc. (The)",Financial Services,Capital Markets,275495616512.0,13.537735849056604,18.127041835564345,31.66477768462095,44,200,38,,,-0.07468004319452937,,,0.6245283018867924,14.28174,0.145,0.82271004,0.14548,0.38599998,,,0.6119402985074627,0.7063789868667918,0.9420560747663551,0.4771825396825397,0.8878504672897196,
MPWR,"Monolithic Power Systems, Inc.",Technology,Semiconductors,72450293760.0,15.424528301886795,16.224418111723672,31.648946413610467,45,80,102,,,0.14632696793228206,,,0.8509433962264151,48.89658,0.261,0.55175,0.19574,0.29986998,491719136.0,-1.3944338159748362,0.042910447761194015,0.8696060037523452,0.6542056074766355,0.6190476190476191,0.7682242990654206,0.9398663697104677
WDAY,"Workday, Inc.",Technology,Software - Application,32331784192.0,15.89622641509434,15.669761471031372,31.56598788612571,46,50,112,,,0.2598511819608875,,,0.9075471698113208,10.404188,0.145,0.75701,0.08231,0.120459996,3012750080.0,0.23266074148802018,0.8171641791044776,0.7063789868667918,0.891588785046729,0.24404761904761904,0.2953271028037383,0.8062360801781737
TPL,Texas Pacific Land Corporation,Energy,Oil & Gas E&P,27211792384.0,8.71069182389937,22.80545926567009,31.516151089569462,47,513,2,,,-0.505904899001794,,,0.045283018867924525,5.395514,0.208,0.93242997,0.36466,0.77222,-56057624.0,-0.3109501844524843,0.9664179104477612,0.8142589118198874,0.9906542056074766,0.8293650793650794,0.9906542056074766,0.8819599109131403
MRK,"Merck & Company, Inc.",Healthcare,Drug Manufacturers - General,282498531328.0,14.874213836477987,16.54574580253452,31.419959639012504,48,115,87,,,0.05481144782239111,,,0.7849056603773585,12.01121,0.049,0.76725996,0.18944,0.38604,14049250304.0,1.619964626937836,0.7350746268656716,0.28236397748592873,0.9018691588785047,0.6051587301587301,0.8897196261682243,0.5567928730512249
FDS,FactSet Research Systems Inc.,Financial Services,Financial Data & Stock Exchanges,8208479744.0,14.952830188679245,16.394223109128326,31.34705329780757,49,110,93,,,0.061734082410341395,,,0.7943396226415095,11.60317,0.071,0.51936,0.28084,0.29799,590249344.0,,0.7518656716417911,0.40337711069418386,0.6130841121495327,0.746031746031746,0.7644859813084112,
PAYX,"Paychex, Inc.",Technology,Software - Application,33987473408.0,12.830188679245284,18.514407502446282,31.344596181691564,50,245,34,,,-0.12901169622658015,,,0.539622641509434,16.077394,0.199,0.67197996,,0.44375,,1.1977581828092763,0.5354477611940298,0.8030018761726079,0.794392523364486,,0.930841121495327,0.6391982182628062
GRMN,Garmin Ltd.,Technology,Scientific & Technical Instruments,44341497856.0,15.031446540880502,16.303160436127083,31.334606977007585,51,105,96,,,0.07500148242149751,,,0.8037735849056604,22.68364,0.142,0.59139,0.19899,0.24617,810156096.0,-1.0553181505759999,0.2854477611940298,0.6923076923076923,0.7158878504672898,0.623015873015873,0.6785046728971963,0.9175946547884187
GDDY,GoDaddy Inc.,Technology,Software - Infrastructure,12012882944.0,13.80503144654088,17.508246515490843,31.313277962031723,52,183,55,,,-0.05848030497613799,,,0.6566037735849056,8.421259,0.061,0.6377,3.98215,0.24681999,1347612544.0,1.9136330482432813,0.914179104477612,0.3424015009380863,0.7738317757009345,0.9900793650793651,0.680373831775701,0.5011135857461024
PATH,"UiPath, Inc.",Technology,Software - Infrastructure,5493280256.0,13.522012578616351,17.78114790721988,31.30316048583623,53,201,48,,,-0.07580745794265886,,,0.6226415094339622,11.729603,0.136,0.83242,0.14374,0.16688,473554368.0,-6.522855794335551,0.7481343283582089,0.6754221388367729,0.9495327102803738,0.4662698412698413,0.4392523364485981,0.9888641425389755
ADP,"Automatic Data Processing, Inc.",Technology,Software - Application,88776982528.0,14.968553459119496,16.327334356167192,31.29588781528669,54,109,95,,,0.06494977132913182,,,0.7962264150943397,18.271193,0.07,0.48497,0.71208,0.30184,4749387264.0,0.20036807586723235,0.4347014925373134,0.39587242026266417,0.5663551401869159,0.9345238095238095,0.77196261682243,0.8151447661469933
ABNB,"Airbnb, Inc.",Consumer Cyclical,Travel Services,77677920256.0,14.98427672955975,16.22705336077429,31.211330090334037,55,108,101,,,0.06585889040766735,,,0.7981132075471699,21.65124,0.179,0.82913,0.32325,0.03211,3191000064.0,-3.4672221709171382,0.3227611940298507,0.7692307692307693,0.9476635514018692,0.7837301587301587,0.08224299065420561,0.9888641425389755
RJF,"Raymond James Financial, Inc.",Financial Services,Asset Management,29706020864.0,13.616352201257861,17.5902833055449,31.206635506802762,56,195,53,,,-0.0703817365597843,,,0.6339622641509434,11.388835,0.131,0.93031,0.17289,0.19323999,,,0.7667910447761194,0.6679174484052532,0.9906542056074766,0.5674603174603174,0.525233644859813,
CSCO,"Cisco Systems, Inc.",Technology,Communication Equipment,461090783232.0,15.613207547169813,15.578889002769024,31.19209654993884,57,68,114,,,0.1864297365013512,,,0.8735849056603774,24.590649,0.12,0.64276004,0.25229,0.25035998,9671874560.0,0.8189572162228582,0.22947761194029848,0.6332082551594747,0.7775700934579439,0.7083333333333334,0.688785046728972,0.7015590200445434
LITE,Lumentum Holdings Inc.,Technology,Communication Equipment,69241987072.0,15.927672955974845,15.249310828794094,31.17698378476894,58,48,117,,,0.2775188623909193,,,0.9113207547169812,49.169823,0.901,0.40837002,0.22834998,0.21771,93350000.0,-1.3328337171841151,0.04104477611940294,0.9737335834896811,0.4355140186915888,0.6726190476190477,0.6037383177570094,0.933184855233853
AMGN,Amgen Inc.,Healthcare,Drug Manufacturers - General,179107201024.0,14.49685534591195,16.53960447944359,31.03645982535554,59,139,88,,,0.013832663050197036,,,0.7396226415094339,14.136666,0.058,0.71443003,1.01318,0.33800998,7436624896.0,2.5083968233467244,0.6212686567164178,0.32082551594746717,0.8485981308411215,0.9662698412698413,0.8205607476635514,0.3919821826280624
CDNS,"Cadence Design Systems, Inc.",Technology,Software - Application,94064287744.0,14.276729559748427,16.683968312098738,30.960697871847167,60,153,80,,,-0.012472899042488272,,,0.7132075471698113,36.355576,0.187,0.86079,0.20656,0.29699,1499152256.0,0.5192801960400844,0.09514925373134331,0.7804878048780488,0.9588785046728971,0.6408730158730159,0.7626168224299066,0.7661469933184855
MRVL,"Marvell Technology, Inc.",Technology,Semiconductors,156119875584.0,16.556603773584907,14.342082223780775,30.898685997365682,61,8,146,,,1.7904764314693118,,,0.9867924528301887,32.85748,0.221,0.51023996,0.19253999,0.18655,1442787456.0,0.47479213190893754,0.12126865671641796,0.8377110694183865,0.5962616822429907,0.6130952380952381,0.5009345794392523,0.7728285077951003
PTC,PTC Inc.,Technology,Software - Application,16893876224.0,11.352201257861633,19.50821369317216,30.860414951033793,62,346,17,,,-0.22423866657816882,,,0.3622641509433962,16.92777,0.217,0.84713,0.344,0.41625,986047232.0,0.9845403272955046,0.4944029850746269,0.8283302063789869,0.9551401869158879,0.8115079365079365,0.9177570093457944,0.6748329621380846
PANW,"Palo Alto Networks, Inc.",Technology,Software - Infrastructure,196890525696.0,16.462264150943394,14.291120706943714,30.753384857887106,63,14,149,,,1.307221530546692,,,0.9754716981132076,61.000122,0.149,0.73502,0.16259001,0.15496999,2859225088.0,-0.3230769230769231,0.03171641791044777,0.7129455909943715,0.8691588785046729,0.5337301587301587,0.3981308411214953,0.8841870824053453
GILD,"Gilead Sciences, Inc.",Healthcare,Drug Manufacturers - General,162173861888.0,13.223270440251572,17.483350063903135,30.706620504154706,64,220,57,,,-0.099623091471287,,,0.5867924528301887,13.593634,0.044,0.79367995,0.4336,0.39282,7934125056.0,1.4631875119268545,0.6567164179104478,0.2598499061913696,0.9214953271028037,0.875,0.897196261682243,0.5857461024498887
BKNG,Booking Holdings Inc. Common St,Consumer Cyclical,Travel Services,120416108544.0,11.367924528301888,19.321483378460705,30.689407906762593,65,345,20,,,-0.223533567439836,,,0.3641509433962264,12.629987,0.162,0.86987,,0.25035998,7075125248.0,0.35628553404507546,0.6902985074626866,0.7382739212007504,0.9607476635514018,,0.688785046728972,0.7861915367483296
VRTX,Vertex Pharmaceuticals Incorpor,Healthcare,Biotechnology,110966267904.0,14.213836477987421,16.453330703911963,30.667167181899384,66,157,92,,,-0.020624670965181613,,,0.7056603773584905,20.277111,0.078,0.54390997,0.24197,0.38126,2783225088.0,-1.151808678533061,0.3619402985074627,0.4427767354596623,0.6467289719626168,0.6904761904761905,0.8803738317757009,0.9265033407572383
NDAQ,"Nasdaq, Inc.",Financial Services,Financial Data & Stock Exchanges,52634882048.0,13.050314465408805,17.46264395057471,30.512958415983512,67,231,58,,,-0.10946549004299011,,,0.5660377358490566,21.034052,0.137,1.0,0.162,0.48401,1559624960.0,,0.33582089552238803,0.6772983114446529,0.9906542056074766,0.5317460317460317,0.9570093457943926,
SMCI,"Super Micro Computer, Inc.",Technology,Computer Hardware,18656002048.0,16.305031446540884,14.108812996115509,30.41384444265639,68,24,161,,,0.7385662462173859,,,0.9566037735849057,9.6334505,1.227,0.08394,0.17877,0.061100002,-7448383488.0,0.6073675081951194,0.8563432835820896,0.9906191369606003,0.05794392523364486,0.5773809523809523,0.15327102803738318,0.7505567928730512
APP,Applovin Corporation,Communication Services,Advertising Agencies,160501825536.0,9.229559748427674,21.066340483308522,30.295900231736198,69,480,7,,,-0.38771206437506556,,,0.10754716981132076,21.789774,0.59,0.88367,2.66444,0.78151,3180097280.0,0.08527680818094725,0.31902985074626866,0.9549718574108818,0.9682242990654205,0.9900793650793651,0.9906542056074766,0.8329621380846325
A,"Agilent Technologies, Inc.",Healthcare,Diagnostics & Research,31580807168.0,16.037735849056602,14.185476110859002,30.223211959915602,70,41,155,,,0.35699182786836436,,,0.9245283018867925,17.003258,0.07,0.523,0.19945998,0.22859,855875008.0,1.1490384615384615,0.48880597014925375,0.39587242026266417,0.616822429906542,0.625,0.6299065420560748,0.6481069042316259
KLIC,"Kulicke and Soffa Industries, I",Technology,Semiconductor Equipment & Materials,5118678528.0,15.959119496855346,14.198969437949952,30.1580889348053,71,46,153,,,0.30754817448612237,,,0.9150943396226415,23.086527,0.498,0.53565,0.063930005,0.15896,17709250.0,-2.492991829929137,0.2723880597014925,0.9437148217636022,0.6336448598130842,0.18055555555555555,0.4130841121495327,0.9643652561247216
KEYS,Keysight Technologies Inc.,Technology,Scientific & Technical Instruments,58007289856.0,15.361635220125788,14.740942138920204,30.10257735904599,72,84,129,,,0.1294638269293047,,,0.8433962264150944,32.65427,0.233,0.61864,0.17222999,0.16313,1077250048.0,0.09481754534746761,0.12313432835820892,0.850844277673546,0.7495327102803738,0.5615079365079365,0.42429906542056073,0.8285077951002227
IT,"Gartner, Inc.",Technology,Information Technology Services,10411018240.0,13.930817610062892,16.119398806945537,30.05021641700843,73,175,104,,,-0.041362425126889146,,,0.6716981132075471,10.139104,-0.015,0.68987,0.94878,0.20499,1064192896.0,1.3301456834786893,0.8264925373134329,0.08818011257035648,0.822429906542056,0.9583333333333334,0.5607476635514018,0.6124721603563474
TROW,"T. Rowe Price Group, Inc.",Financial Services,Asset Management,21893763072.0,14.00943396226415,15.947293949070312,29.95672791133446,74,170,109,,,-0.035328090859340966,,,0.6811320754716981,10.632508,0.053,0.51999,0.18688999,0.37183997,1880349952.0,,0.8115671641791045,0.29831144465290804,0.6149532710280374,0.5992063492063492,0.8654205607476636,
WST,"West Pharmaceutical Services, I",Healthcare,Medical Instruments & Supplies,21584959488.0,15.990566037735851,13.96601012445863,29.95657616219448,75,44,164,,,0.32834322084436063,,,0.9188679245283019,31.981585,0.21,0.36278,0.19131,0.21695,275662496.0,-0.1307827230870423,0.12873134328358204,0.8180112570356473,0.34579439252336447,0.6111111111111112,0.6018691588785047,0.846325167037862
AMD,"Advanced Micro Devices, Inc.",Technology,Semiconductors,680987721728.0,16.58805031446541,13.355310312452795,29.943360626918206,76,6,201,,,1.8900124835188286,,,0.9905660377358491,32.239487,0.378,0.5306,0.08063,0.14396,7173374976.0,-0.9239698503655697,0.12686567164179108,0.9230769230769231,0.6261682242990654,0.23809523809523808,0.37570093457943926,0.9153674832962138
KO,Coca-Cola Company (The),Consumer Defensive,Beverages - Non-Alcoholic,352050610176.0,13.584905660377359,16.289067804784185,29.873973465161544,77,197,97,,,-0.07061550367910985,,,0.630188679245283,23.48843,0.121,0.61744,0.43372002,0.35055,3124250112.0,1.6407812376785502,0.2593283582089553,0.6397748592870544,0.7476635514018691,0.876984126984127,0.8355140186915888,0.5501113585746102
MCO,Moody's Corporation,Financial Services,Financial Data & Stock Exchanges,76646277120.0,12.547169811320755,17.305407463011,29.852577274331757,78,263,62,,,-0.15398786771702166,,,0.5056603773584906,23.595276,0.081,0.74432,0.71361,0.45743,2266125056.0,,0.2574626865671642,0.4521575984990619,0.8766355140186916,0.9365079365079365,0.9383177570093458,
ADI,"Analog Devices, Inc.",Technology,Semiconductors,203727585280.0,15.20440251572327,14.619907062902513,29.824309578625783,79,94,135,,,0.1046216920786609,,,0.8245283018867925,31.50083,0.304,0.62842,0.07862,0.33067,4139530752.0,0.987927541805649,0.13432835820895528,0.8949343339587242,0.7626168224299066,0.23214285714285715,0.8121495327102803,0.6726057906458798
EOG,"EOG Resources, Inc.",Energy,Oil & Gas E&P,76778397696.0,10.676100628930818,19.05263214359512,29.728732772525937,80,388,24,,,-0.27021770097385356,,,0.2811320754716981,10.142138,0.156,0.61994,0.18195,0.37877998,2864250112.0,0.2306312636994002,0.8246268656716418,0.724202626641651,0.7514018691588785,0.5873015873015873,0.8766355140186916,0.8084632516703786
QCOM,QUALCOMM Incorporated,Technology,Semiconductors,209714380800.0,15.833333333333332,13.891080641763963,29.724413975097296,81,54,169,,,0.2396056892619085,,,0.9,18.70692,-0.035,0.54799,0.36083,0.22059,9589624832.0,0.5805483687045312,0.417910447761194,0.06566604127579738,0.6485981308411215,0.8253968253968254,0.616822429906542,0.7594654788418709
BMY,Bristol-Myers Squibb Company,Healthcare,Drug Manufacturers - General,118674980864.0,12.641509433962264,17.074778233906276,29.716287667868542,82,257,66,,,-0.1459483222015303,,,0.5169811320754717,9.418216,0.026,0.71981,0.38731998,0.33040002,9851750400.0,1.7953514078079758,0.8731343283582089,0.1848030018761726,0.8598130841121495,0.8452380952380952,0.8093457943925234,0.5256124721603563
EW,Edwards Lifesciences Corporatio,Healthcare,Medical Devices,47520772096.0,13.20754716981132,16.498386853722895,29.705934023534216,83,221,90,,,-0.10127755467956145,,,0.5849056603773585,24.539202,0.167,0.77866,0.1046,0.31219998,902137472.0,-1.776993141025641,0.23134328358208955,0.7523452157598499,0.908411214953271,0.3333333333333333,0.7831775700934579,0.9510022271714922
MO,"Altria Group, Inc.",Consumer Defensive,Tobacco,123196227584.0,11.981132075471697,17.708460939183208,29.689593014654903,84,306,50,,,-0.18383647392185698,,,0.4377358490566038,12.573669,0.053,0.87378997,,0.62294996,8542875136.0,1.4088169419287755,0.6977611940298507,0.29831144465290804,0.9626168224299065,,0.9794392523364486,0.6035634743875278
IONQ,"IonQ, Inc.",Technology,Computer Hardware,18265966592.0,16.163522012578614,13.498223295525536,29.66174530810415,85,33,195,,,0.4421705752738425,,,0.939622641509434,-46.9441,7.547,0.36110002,0.11286,-4.01755,-91360376.0,,0.9888059701492538,0.9906191369606003,0.34392523364485983,0.36507936507936506,0.011214953271028037,
BX,Blackstone Inc.,Financial Services,Asset Management,140816809984.0,12.122641509433961,17.538171841248648,29.66081335068261,86,297,54,,,-0.17823153821972482,,,0.4547169811320755,15.296171,0.057,1.0,0.29533002,0.38032,,,0.5671641791044777,0.3123827392120075,0.9906542056074766,0.7589285714285714,0.8785046728971962,
RL,Ralph Lauren Corporation,Consumer Cyclical,Apparel Manufacturing,19616647168.0,12.955974842767295,16.700915293516335,29.65689013628363,87,237,79,,,-0.11942866211803738,,,0.5547169811320755,17.920553,0.122,0.69649005,0.33846,0.20091,571950016.0,0.6667712176751193,0.45149253731343286,0.6463414634146342,0.8280373831775701,0.8015873015873016,0.5457943925233645,0.734966592427617
SPG,"Simon Property Group, Inc.",Real Estate,REIT - Retail,76125118464.0,13.380503144654089,16.248536261690305,29.629039406344393,88,210,100,,,-0.08893892015258453,,,0.6056603773584905,29.098038,0.193,0.81582,1.1359,0.43376,2494690560.0,5.544868189221154,0.16417910447761197,0.7879924953095685,0.9364485981308411,0.9781746031746031,0.9214953271028037,0.11135857461024501
JNJ,Johnson & Johnson,Healthcare,Drug Manufacturers - General,551421214720.0,13.09748427672956,16.508903399021253,29.606387675750813,89,228,89,,,-0.10577515536442816,,,0.5716981132075472,18.02276,0.099,0.68035007,0.26416,0.27408,12511375360.0,0.8109085010557137,0.4477611940298507,0.5459662288930581,0.805607476635514,0.7281746031746031,0.7308411214953271,0.7037861915367483
ACMR,"ACM Research, Inc.",Technology,Semiconductor Equipment & Materials,4664890368.0,16.336477987421382,13.266983883551644,29.603461870973028,90,22,205,,,0.78420680519157,,,0.960377358490566,29.955666,0.342,0.44235,0.07602,0.15642999,-142420128.0,-6.8292399759422615,0.1548507462686567,0.9136960600375235,0.502803738317757,0.21825396825396826,0.405607476635514,0.9888641425389755
FCX,"Freeport-McMoRan, Inc.",Basic Materials,Copper,85046034432.0,15.110062893081762,14.461457070373543,29.571519963455305,91,100,144,,,0.08898415094205814,,,0.8132075471698114,15.915377,0.088,0.38636002,0.15630999,0.31072,1709874944.0,0.6572116546078178,0.5447761194029851,0.49906191369606,0.3981308411214953,0.5099206349206349,0.7794392523364486,0.7394209354120267
CRM,"Salesforce, Inc.",Technology,Software - Application,148018642944.0,14.465408805031446,15.092222702098242,29.55763150712969,92,141,118,,,0.01153779256671017,,,0.7358490566037735,12.105982,0.121,0.77676004,0.123959996,0.19239001,16366999552.0,2.401193806622062,0.7276119402985075,0.6397748592870544,0.9046728971962616,0.4146825396825397,0.5233644859813084,0.41202672605790647
FSLR,"First Solar, Inc.",Technology,Solar,24177006592.0,10.880503144654087,18.668602774472912,29.549105919127,93,375,31,,,-0.2512703485736424,,,0.30566037735849055,9.51328,0.236,0.41743,0.18436001,0.33067,1147664768.0,-0.6425055314304132,0.8656716417910448,0.8555347091932458,0.4523364485981308,0.5972222222222222,0.8121495327102803,0.8975501113585747
NOW,"ServiceNow, Inc.",Technology,Software - Application,106482556928.0,14.70125786163522,14.84566736507299,29.54692522670821,94,126,124,,,0.028675391655516247,,,0.7641509433962265,20.54342,0.221,0.76562,0.1607,0.13342,5108125184.0,1.3079048241994853,0.3470149253731343,0.8377110694183865,0.8990654205607477,0.5257936507936508,0.3364485981308411,0.6169265033407572
ZBRA,Zebra Technologies Corporation,Technology,Communication Equipment,11875004416.0,16.28930817610063,13.251395710957611,29.540703887058243,95,25,206,,,0.6772504552694418,,,0.9547169811320755,12.05852,0.143,0.48182,0.11781,0.14983,559000000.0,2.36908772972973,0.7313432835820896,0.6960600375234521,0.5644859813084112,0.38095238095238093,0.38878504672897196,0.41870824053452116
RMD,ResMed Inc.,Healthcare,Medical Instruments & Supplies,30260140032.0,11.80817610062893,17.684265651522978,29.492441752151908,96,317,52,,,-0.19346503242596258,,,0.4169811320754717,17.102406,0.108,0.62181,0.25246,0.35327,1446655104.0,-0.3069580844160246,0.48320895522388063,0.5787992495309568,0.7551401869158878,0.7103174603174603,0.8392523364485981,0.8775055679287305
ICE,Intercontinental Exchange Inc.,Financial Services,Financial Data & Stock Exchanges,88149262336.0,11.069182389937106,18.384339808379714,29.45352219831682,97,363,35,,,-0.23946844936841616,,,0.3283018867924528,17.74099,0.204,1.0,0.13853,0.57306,3743124992.0,,0.45895522388059706,0.8105065666041276,0.9906542056074766,0.4503968253968254,0.9663551401869159,
MSCI,MSCI Inc.,Financial Services,Financial Data & Stock Exchanges,42784915456.0,11.886792452830191,17.496254205620563,29.383046658450752,98,312,56,,,-0.19072178063160483,,,0.42641509433962266,26.199284,0.141,0.82856005,,0.53701997,1206103936.0,,0.19962686567164178,0.6894934333958724,0.9457943925233645,,0.9644859813084112,
BLK,"BlackRock, Inc.",Financial Services,Asset Management,162203992064.0,13.71069182389937,15.61884713383247,29.32953895773184,99,189,113,,,-0.06587090223910796,,,0.6452830188679245,17.226053,0.27,0.46890998,0.118990004,0.35638002,7082375168.0,,0.47574626865671643,0.8799249530956847,0.5420560747663551,0.38492063492063494,0.8411214953271028,
ADSK,"Autodesk, Inc.",Technology,Software - Application,51656683520.0,9.748427672955975,19.52592827485063,29.274355947806605,100,447,15,,,-0.34710095619179615,,,0.16981132075471697,17.336199,0.194,0.92326,0.39675,0.27236,2787000064.0,-0.1968504386715415,0.4720149253731343,0.7917448405253283,0.9757009345794393,0.8551587301587301,0.7252336448598131,0.866369710467706
VRSN,"VeriSign, Inc.",Technology,Software - Infrastructure,27675830272.0,13.39622641509434,15.786924959675646,29.183151374769984,101,209,110,,,-0.08836260431049836,,,0.6075471698113207,28.55091,0.066,0.8835,,0.68454003,807275008.0,1.1013491264755482,0.17164179104477617,0.37617260787992496,0.9663551401869159,,0.9906542056074766,0.6525612472160356
PYPL,"PayPal Holdings, Inc.",Financial Services,Credit Services,38909673472.0,14.323899371069182,14.81519720011541,29.13909657118459,102,150,128,,,-0.0027995629502859387,,,0.7188679245283018,7.629785,0.072,0.40929002,0.25120002,0.17969999,4083500032.0,,0.9291044776119403,0.4099437148217636,0.4392523364485981,0.7043650793650794,0.4803738317757009,
WSM,"Williams-Sonoma, Inc.",Consumer Cyclical,Specialty Retail,20157544448.0,15.141509433962263,13.922566983899918,29.064076417862182,103,98,166,,,0.0963637969722988,,,0.8169811320754717,16.893242,-0.043,0.46153,0.51523995,0.20326,867585280.0,0.30066276653684915,0.4981343283582089,0.05628517823639775,0.5364485981308411,0.9047619047619048,0.5551401869158878,0.7906458797327394
AFL,AFLAC Incorporated,Financial Services,Insurance - Life,60466950144.0,12.40566037735849,16.626771579911622,29.032431957270113,104,279,82,,,-0.15844861071824679,,,0.48867924528301887,15.582294,0.279,0.50049996,0.16469,0.29567,4923125248.0,,0.5559701492537313,0.8836772983114447,0.5831775700934579,0.5436507936507936,0.7588785046728972,
DDOG,"Datadog, Inc.",Technology,Software - Application,75702050816.0,16.430817610062896,12.504506176326014,28.93532378638891,105,16,246,,,1.1097686497082329,,,0.9716981132075472,74.762184,0.322,0.79906,0.039300002,0.00797,936726528.0,-44.72583142936415,0.009328358208955279,0.8968105065666041,0.9252336448598131,0.12103174603174603,0.059813084112149535,0.9888641425389755
DELL,Dell Technologies Inc.,Technology,Computer Hardware,153658621952.0,16.60377358490566,12.295417296681162,28.899190881586822,106,5,255,,,2.077932375601369,,,0.9924528301886792,16.002087,0.395,0.20125,,0.09623,6606750208.0,1.3378089864987506,0.541044776119403,0.9305816135084428,0.15327102803738318,,0.2261682242990654,0.6080178173719377
GPN,Global Payments Inc.,Industrials,Specialty Business Services,18700802048.0,14.842767295597485,13.944729616257016,28.7874969118545,107,117,165,,,0.04766060884937473,,,0.7811320754716982,4.204285,0.631,0.67403,0.02935,0.12515001,7124387840.0,4.048658409441881,0.9701492537313433,0.9568480300187617,0.8,0.10714285714285714,0.3121495327102804,0.20044543429844097
VLTO,Veralto Corp,Industrials,Pollution & Treatment Controls,21321701376.0,13.459119496855346,15.305227924506207,28.764347421361553,108,205,116,,,-0.08379460682023021,,,0.6150943396226415,18.665718,0.068,0.59861,0.36463,0.23768999,768249984.0,1.060431562589928,0.4197761194029851,0.38367729831144465,0.7289719626168224,0.8273809523809523,0.6542056074766355,0.6592427616926504
AXP,American Express Company,Financial Services,Credit Services,211241451520.0,12.09119496855346,16.653118529791552,28.74431349834501,109,299,81,,,-0.17936757771433665,,,0.4509433962264151,15.395387,0.116,0.62759,0.34419,0.21245001,,,0.5578358208955223,0.6116322701688556,0.7588785046728972,0.8134920634920635,0.5887850467289719,
PM,Philip Morris International Inc,Consumer Defensive,Tobacco,299149787136.0,14.072327044025156,14.587155813778532,28.659482857803688,110,166,137,,,-0.03283863005351151,,,0.6886792452830188,21.013197,0.091,0.67280996,,0.36044,8575249920.0,2.394448965239933,0.3376865671641791,0.5187617260787992,0.7962616822429907,,0.8504672897196262,0.4142538975501113
BRO,"Brown & Brown, Inc.",Financial Services,Insurance Brokers,19816585216.0,10.518867924528303,18.12242531608858,28.641293240616882,111,398,39,,,-0.2778866751717848,,,0.2622641509433962,11.989599,0.357,0.53372,0.11926,0.47180998,1522499968.0,,0.7369402985074627,0.9212007504690432,0.6299065420560748,0.3869047619047619,0.9495327102803738,
EA,Electronic Arts Inc.,Communication Services,Electronic Gaming & Multimedia,50515140608.0,12.5,16.119357625071544,28.619357625071544,112,266,105,,,,,,,20.648222,0.119,0.78967005,0.1349,0.24009001,2219124992.0,-0.3088064519119351,0.34141791044776115,0.6275797373358349,0.9177570093457944,0.44047619047619047,0.6616822429906543,0.8797327394209354
NDSN,Nordson Corporation,Industrials,Specialty Industrial Machinery,15259602944.0,15.047169811320757,13.519723856931524,28.56689366825228,113,104,193,,,0.07722041923734202,,,0.8056603773584906,22.176643,0.088,0.55280995,0.17473,0.24996,514465248.0,1.7792086508447524,0.30410447761194026,0.49906191369606,0.6560747663551402,0.5694444444444444,0.685981308411215,0.5300668151447662
DASH,"DoorDash, Inc.",Consumer Cyclical,Internet Retail,68246626304.0,14.88993710691824,13.60733066404898,28.49726777096722,114,114,189,,,0.05490175891071658,,,0.7867924528301887,20.120392,0.331,0.51763,0.09922,0.052529998,2295624960.0,-1.4220054818941503,0.3656716417910447,0.9043151969981238,0.6093457943925233,0.3134920634920635,0.1308411214953271,0.9420935412026726
EQT,EQT Corporation,Energy,Oil & Gas E&P,37184667648.0,8.930817610062892,19.489045312026263,28.419862922089155,115,499,18,,,-0.4485295611560064,,,0.07169811320754717,12.606877,0.499,0.80966,0.13402,0.57368,2503225856.0,0.7923608466311044,0.6921641791044777,0.9455909943714822,0.9327102803738317,0.42857142857142855,0.9700934579439252,0.7082405345211582
JPM,JP Morgan Chase & Co.,Financial Services,Banks - Diversified,797717299200.0,14.19811320754717,14.158168680802124,28.356281888349294,116,158,157,,,-0.02269771686749067,,,0.7037735849056603,12.649681,0.127,0.0,0.16465001,0.43741,,,0.6865671641791045,0.6594746716697936,0.020560747663551402,0.5416666666666666,0.9233644859813084,
CTAS,Cintas Corporation,Industrials,Specialty Business Services,69424750592.0,14.025157232704402,14.322278269785016,28.347435502489418,117,169,147,,,-0.033596352071193714,,,0.6830188679245283,31.970182,0.089,0.50361997,0.41303003,0.23224,1508147456.0,0.7948198786878365,0.13059701492537312,0.5075046904315197,0.5850467289719626,0.8670634920634921,0.6411214953271028,0.7060133630289532
MAR,Marriott International,Consumer Cyclical,Lodging,95163899904.0,13.5062893081761,14.824707563092264,28.330996871268365,118,202,127,,,-0.07669764989855032,,,0.620754716981132,27.57854,0.126,0.79037005,,0.59006,1796875008.0,3.5961777456770356,0.18097014925373134,0.6566604127579737,0.9196261682242991,,0.9738317757009346,0.23385300668151443
GL,Globe Life Inc.,Financial Services,Insurance - Life,12008150016.0,14.433962264150942,13.892255425505375,28.326217689656318,119,143,168,,,0.010814028274267473,,,0.7320754716981132,9.304453,0.054,0.33731997,0.20455,0.23746,1317225088.0,,0.8805970149253731,0.30393996247654786,0.30467289719626167,0.6369047619047619,0.6523364485981309,
REGN,"Regeneron Pharmaceuticals, Inc.",Healthcare,Biotechnology,66214236160.0,11.635220125786166,16.623124591187846,28.258344716974012,120,328,83,,,-0.2075738555710862,,,0.39622641509433965,11.746115,0.19,0.43885,0.14548,0.20658001,3273349888.0,-1.1245321537938073,0.7444029850746269,0.7823639774859287,0.4934579439252336,0.4771825396825397,0.5700934579439252,0.9220489977728286
ROK,"Rockwell Automation, Inc.",Industrials,Specialty Industrial Machinery,47313670144.0,14.732704402515726,13.505393773537769,28.238098176053494,121,124,194,,,0.03283160965221055,,,0.7679245283018868,29.41831,0.119,0.48921,0.27183,0.20724002,974499968.0,1.4980879235181643,0.15858208955223885,0.6275797373358349,0.5719626168224299,0.7321428571428571,0.5719626168224299,0.5790645879732739
UNP,Union Pacific Corporation,Industrials,Railroads,162873344000.0,13.757861635220126,14.462087431771689,28.219949066991816,122,186,143,,,-0.06323379604999446,,,0.6509433962264151,20.045229,0.032,0.56526,0.40686,0.40357,4034374912.0,2.2551226328245417,0.3675373134328358,0.22045028142589118,0.6766355140186916,0.8650793650793651,0.9046728971962616,0.4365256124721604
AMZN,"Amazon.com, Inc.",Consumer Cyclical,Internet Retail,2787613605888.0,14.575471698113207,13.640056328746303,28.21552802685951,123,134,184,,,0.018317186920166595,,,0.7490566037735849,26.385044,0.166,0.50604,0.24285,0.1314,9806624768.0,0.7616214837282254,0.1977611940298507,0.7476547842401501,0.5887850467289719,0.6944444444444444,0.3233644859813084,0.7216035634743876
ONTO,Onto Innovation Inc.,Technology,Semiconductor Equipment & Materials,12359037952.0,16.10062893081761,12.094903713385738,28.195532644203347,124,37,273,,,0.4006145345714416,,,0.9320754716981132,26.157095,0.095,0.54186,0.052529998,0.16753,197242256.0,-1.328169745978758,0.20335820895522383,0.5375234521575984,0.6411214953271028,0.14682539682539683,0.44299065420560746,0.9309576837416481
APA,APA Corporation,Energy,Oil & Gas E&P,14483442688.0,11.132075471698112,16.989378140198184,28.121453611896296,125,359,71,,,-0.23818258975796736,,,0.33584905660377357,9.854994,-0.119,0.72273004,0.26217,0.38487998,1691250048.0,0.6008741146853147,0.8376865671641791,0.01125703564727955,0.8672897196261682,0.7261904761904762,0.8822429906542056,0.7527839643652561
UAL,"United Airlines Holdings, Inc.",Industrials,Airlines,29104166912.0,15.251572327044025,12.79311813226032,28.044690459304345,126,91,233,,,0.11282585709205817,,,0.8301886792452831,6.3421626,0.106,0.33795,0.25726998,0.043470003,1647000064.0,2.401776974353572,0.9552238805970149,0.5722326454033771,0.30654205607476637,0.7162698412698413,0.1102803738317757,0.4097995545657016
MMM,3M Company,Industrials,Conglomerates,77992566784.0,14.166666666666666,13.87550664159731,28.042173308263976,127,160,171,,,-0.02698206361830402,,,0.7,15.815074,0.013,0.39714,0.71458,0.23316999,2322374912.0,1.211004843403206,0.5466417910447761,0.14446529080675422,0.41869158878504675,0.9384920634920635,0.6448598130841121,0.6369710467706013
NUE,Nucor Corporation,Basic Materials,Steel,50909208576.0,15.770440251572326,12.25853113096565,28.028971382537975,128,58,257,,,0.22961878429896831,,,0.8924528301886793,14.160675,0.213,0.14062999,0.12285,0.11826,-384100000.0,0.77574368203619,0.6175373134328358,0.8217636022514071,0.09719626168224299,0.4027777777777778,0.28785046728971964,0.7149220489977728
BMNR,,,,,15.880503144654087,12.112569238499068,27.993072383153155,129,51,268,,,0.2514536675726602,,,0.9056603773584906,,,,,,,,,,,,,
URI,"United Rentals, Inc.",Industrials,Rental & Leasing Services,58647199744.0,15.723270440251572,12.253609013062821,27.976879453314393,130,61,259,,,0.21493629624314337,,,0.8867924528301887,17.387764,0.072,0.38393003,0.28237,0.23087,1870625024.0,3.255809115564986,0.4701492537313433,0.4099437148217636,0.3925233644859813,0.748015873015873,0.6373831775700934,0.28285077951002224
GE,GE Aerospace,Industrials,Aerospace & Defense,298131685376.0,13.883647798742139,14.077359691067937,27.961007489810076,131,178,162,,,-0.04583517225900802,,,0.6660377358490566,32.944096,0.247,0.31149,0.45428002,0.20207001,5667999744.0,0.8956719390376219,0.1175373134328358,0.8592870544090057,0.27289719626168224,0.8888888888888888,0.5495327102803739,0.6904231625835189
MTD,"Mettler-Toledo International, I",Healthcare,Diagnostics & Research,21477343232.0,14.638364779874212,13.312910736229755,27.95127551610397,132,130,204,,,0.022701838829454646,,,0.7566037735849057,20.727068,0.072,0.59186,,0.23291999,615044352.0,1.6351733538467035,0.3395522388059702,0.4099437148217636,0.7177570093457943,,0.6429906542056075,0.5523385300668151
TSM,,,,,15.817610062893081,12.112569238499068,27.93017930139215,133,55,268,,,0.23790720976695368,,,0.8981132075471698,,,,,,,,,,,,,
NTRS,Northern Trust Corporation,Financial Services,Asset Management,30604965888.0,14.937106918238992,12.984265326553345,27.921372244792337,134,111,220,,,0.06026869972062188,,,0.7924528301886793,13.932577,0.139,0.0,0.14462,0.31721002,,,0.6305970149253731,0.6848030018761726,0.020560747663551402,0.47023809523809523,0.7906542056074767,
IDXX,"IDEXX Laboratories, Inc.",Healthcare,Diagnostics & Research,43284676608.0,10.864779874213838,16.925168914511115,27.789948788724953,135,376,73,,,-0.2516548933082263,,,0.30377358490566037,33.22368,0.143,0.62053,0.72915,0.31783,786844480.0,0.5544529525990705,0.11380597014925375,0.6960600375234521,0.7532710280373832,0.9424603174603174,0.7925233644859813,0.7639198218262806
C,"Citigroup, Inc.",Financial Services,Banks - Diversified,206170144768.0,14.544025157232705,13.237809975090917,27.78183513232362,136,136,209,,,0.01591895926222997,,,0.7452830188679245,9.673117,0.159,0.0,0.07649,0.34078,,,0.8488805970149254,0.7335834896810507,0.020560747663551402,0.22023809523809523,0.8242990654205608,
MDB,"MongoDB, Inc.",Technology,Software - Infrastructure,26967191552.0,15.754716981132075,12.008543965074992,27.76326094620707,137,59,282,,,0.22436786472153858,,,0.8905660377358491,47.375324,0.267,0.71749,-0.02481,0.00044,463322496.0,-170.07658553486357,0.04664179104477617,0.874296435272045,0.8542056074766355,0.06944444444444445,0.048598130841121495,0.9888641425389755
ALLE,Allegion plc,Industrials,Security & Protection Services,10906979328.0,12.924528301886792,14.838579430939806,27.763107732826597,138,239,125,,,-0.121442337382488,,,0.5509433962264151,13.297251,0.097,0.4497,0.34179002,0.18876,494362496.0,1.812351054984498,0.667910447761194,0.5440900562851783,0.5121495327102804,0.8075396825396826,0.508411214953271,0.5211581291759466
FAST,Fastenal Company,Industrials,Industrial Distribution,50169135104.0,13.270440251572326,14.484654585227224,27.75509483679955,139,217,139,,,-0.09603242701412285,,,0.5924528301886792,31.94608,0.124,0.44893003,0.33842,0.2033,903862528.0,0.12114390756811529,0.1324626865671642,0.6529080675422139,0.5102803738317757,0.7996031746031746,0.5570093457943925,0.8240534521158129
GWW,"W.W. Grainger, Inc.",Industrials,Industrial Distribution,59071877120.0,14.182389937106917,13.541202550854688,27.723592487961604,140,159,192,,,-0.025725281396591804,,,0.7018867924528301,24.917389,0.101,0.39150003,0.46129,0.16723,1152125056.0,0.686567144278607,0.22574626865671643,0.5525328330206379,0.4093457943925234,0.8928571428571429,0.4411214953271028,0.7282850779510022
DAL,"Delta Air Lines, Inc.",Industrials,Airlines,45036965888.0,15.377358490566037,12.309182567250145,27.686541057816182,141,83,254,,,0.13745350566432046,,,0.8452830188679246,8.566095,0.129,0.19900998,0.2499,0.03179,3093374976.0,2.187158750490806,0.9104477611940298,0.6641651031894934,0.15140186915887852,0.7023809523809523,0.08037383177570094,0.4454342984409799
BBY,"Best Buy Co., Inc.",Consumer Cyclical,Specialty Retail,12536153088.0,15.581761006289307,12.034248077770544,27.61600908405985,142,70,280,,,0.17946946669639186,,,0.869811320754717,8.501885,-0.01,0.22482,0.37041,0.05017,842499968.0,0.6611918062003633,0.9123134328358209,0.09662288930581614,0.17570093457943925,0.8392857142857143,0.12710280373831775,0.7371937639198218
EXE,Expand Energy Corporation,Energy,Oil & Gas E&P,24032929792.0,8.915094339622643,18.696283218532137,27.61137755815478,143,500,28,,,-0.4493177438737217,,,0.06981132075471698,10.203274,0.41,0.47955,0.17568001,0.3404,1695624960.0,0.45603333271628227,0.8227611940298507,0.9324577861163227,0.5607476635514018,0.5714285714285714,0.822429906542056,0.77728285077951
SYF,Synchrony Financial,Financial Services,Credit Services,23542552576.0,12.971698113207546,14.613048306467041,27.584746419674588,144,236,136,,,-0.11829170692340152,,,0.5566037735849056,6.675282,0.061,0.0,0.2178,0.48032,,,0.9477611940298507,0.3424015009380863,0.020560747663551402,0.6567460317460317,0.9551401869158879,
TECH,Bio-Techne Corp,Healthcare,Biotechnology,7185331712.0,15.59748427672956,11.920314701225491,27.517798977955053,145,69,291,,,0.18422541020355254,,,0.8716981132075472,22.232262,-0.015,0.66399,0.053400002,0.25191,299849376.0,0.0706602130179147,0.3003731343283582,0.08818011257035648,0.788785046728972,0.15079365079365079,0.6953271028037383,0.8374164810690423
ORCL,Oracle Corporation,Technology,Software - Infrastructure,525942521856.0,11.525157232704403,15.986652269781649,27.511809502486052,146,335,107,,,-0.21301170315803408,,,0.38301886792452833,22.766233,0.217,0.67084,0.57572,0.32676,-22298499072.0,3.8354484045310686,0.28171641791044777,0.8283302063789869,0.7925233644859813,0.9107142857142857,0.8074766355140187,0.21603563474387533
TPR,"Tapestry, Inc.",Consumer Cyclical,Luxury Goods,26655758336.0,9.38679245283019,18.11466399437184,27.501456447202028,147,470,40,,,-0.37572267077600996,,,0.12641509433962264,17.20924,0.212,0.76177,0.60914004,0.22415,1529737472.0,1.385767260516653,0.4776119402985075,0.8198874296435272,0.897196261682243,0.9246031746031746,0.6224299065420561,0.6057906458797327
MAS,Masco Corporation,Industrials,Building Products & Equipment,13038095360.0,13.915094339622641,13.578981005239585,27.494075344862225,148,176,191,,,-0.04247847927534032,,,0.6698113207547169,13.740626,0.065,0.35682,84.57143,0.16528,738499968.0,1.952917729442971,0.6455223880597014,0.3696060037523452,0.33271028037383177,0.9900793650793651,0.4355140186915888,0.4855233853006682
LVS,Las Vegas Sands Corp.,Consumer Cyclical,Resorts & Casinos,33343909888.0,8.80503144654088,18.682677387713966,27.487708834254846,149,507,29,,,-0.462534858585126,,,0.05660377358490566,13.665335,0.253,0.80095,0.90455,0.25439,1622625024.0,2.566932437964286,0.6529850746268657,0.8630393996247655,0.9271028037383178,0.9563492063492064,0.6990654205607477,0.3853006681514477
BIIB,Biogen Inc.,Healthcare,Drug Manufacturers - General,28254054400.0,14.371069182389936,13.112529157723674,27.48359834011361,150,147,215,,,0.0013859328924636927,,,0.7245283018867924,11.5328455,0.019,0.78720003,0.077010006,0.22899,1915987456.0,2.1046976137175517,0.7593283582089552,0.15478424015009382,0.9158878504672897,0.22420634920634921,0.6317757009345795,0.4610244988864143
BEN,"Franklin Resources, Inc.",Financial Services,Asset Management,16285428736.0,15.801886792452832,11.641404690955348,27.44329148340818,151,56,310,,,0.23765344222962503,,,0.8962264150943396,10.634399,0.087,0.37355998,0.06704,0.17238002,-242137504.0,,0.8097014925373134,0.48686679174484054,0.3775700934579439,0.19246031746031747,0.4616822429906542,
HPQ,HP Inc.,Technology,Computer Hardware,19117027328.0,16.116352201257865,11.278668378462449,27.395020579720313,152,36,326,,,0.4039212941413681,,,0.9339622641509434,6.9967313,0.069,0.20251,,0.06185,2825374976.0,1.3308887064910464,0.9421641791044776,0.3893058161350844,0.1588785046728972,,0.15514018691588785,0.6102449888641426
PFE,"Pfizer, Inc.",Healthcare,Drug Manufacturers - General,146247745536.0,12.421383647798741,14.970390786562266,27.391774434361007,153,278,121,,,-0.15792113242771744,,,0.49056603773584906,9.043459,0.054,0.74801004,0.083100006,0.31617,12376625152.0,2.039790405761865,0.8955223880597015,0.30393996247654786,0.8822429906542056,0.24801587301587302,0.788785046728972,0.47438752783964366
AJG,Arthur J. Gallagher & Co.,Financial Services,Insurance Brokers,53053382656.0,12.515723270440251,14.84726182347717,27.362985093917423,154,265,123,,,-0.15455981280444697,,,0.5018867924528302,13.904255,0.346,0.42929,0.07007,0.28402,1080225024.0,,0.6324626865671642,0.9155722326454033,0.47102803738317756,0.20833333333333334,0.7420560747663552,
TEL,TE Connectivity plc,Technology,Electronic Components,57487421440.0,12.720125786163521,14.633088861654908,27.35321464781843,155,252,133,,,-0.13897457383926892,,,0.5264150943396226,15.588492,0.145,0.36071998,0.22719999,0.20341,2322249984.0,0.9248636131708198,0.5541044776119404,0.7063789868667918,0.3401869158878505,0.6686507936507936,0.5588785046728972,0.6837416481069043
RCL,Royal Caribbean Cruises Ltd.,Consumer Cyclical,Travel Services,66874417152.0,11.572327044025158,15.773790643409816,27.346117687434976,156,332,111,,,-0.21188023166889858,,,0.3886792452830189,12.46173,0.113,0.50914,0.49576,0.26168,-194875008.0,3.269130621650488,0.7052238805970149,0.5966228893058161,0.5925233644859813,0.9007936507936508,0.7121495327102804,0.2783964365256125
CAT,"Caterpillar, Inc.",Industrials,Farm & Heavy Construction Machinery,397675134976.0,14.716981132075471,12.61333599638608,27.33031712846155,157,125,242,,,0.031697755215542855,,,0.7660377358490567,29.052046,0.222,0.28601998,0.51331,0.18180001,3776624896.0,2.412220905491749,0.16604477611940294,0.8405253283302064,0.22429906542056074,0.9027777777777778,0.48598130841121495,0.40757238307349664
VST,Vistra Corp.,Utilities,Utilities - Independent Power Producers,45718568960.0,10.849056603773583,16.46768442037948,27.316741024153064,158,377,91,,,-0.25468124225066424,,,0.3018867924528302,12.199104,0.434,0.38637,0.42898,0.26578,476875008.0,3.020312950556717,0.7220149253731343,0.9343339587242027,0.4,0.873015873015873,0.7177570093457943,0.3051224944320713
ULTA,"Ulta Beauty, Inc.",Consumer Cyclical,Specialty Retail,21272623104.0,12.79874213836478,14.490584567711714,27.289326706076494,159,247,138,,,-0.13509749980305896,,,0.5358490566037736,15.364816,0.118,0.43047002,0.43595,0.12234,900096128.0,1.1944981926764104,0.5615671641791045,0.6210131332082551,0.47570093457943924,0.878968253968254,0.29906542056074764,0.6414253897550111
IVZ,Invesco Ltd,Financial Services,Asset Management,11969009664.0,15.220125786163521,12.06901065116059,27.28913643732411,160,93,276,,,0.10714384823945222,,,0.8264150943396227,9.097158,0.141,0.28915,-0.01535,0.191,861862528.0,,0.8936567164179104,0.6894934333958724,0.23551401869158878,0.07738095238095238,0.5177570093457944,
COHU,"Cohu, Inc.",Technology,Semiconductor Equipment & Materials,2015463040.0,16.41509433962264,10.858691075805442,27.273785415428083,161,17,363,,,1.0990554656032545,,,0.969811320754717,29.319628,0.293,0.43469003,-0.06956,-0.08298001,69161000.0,-13.2246883219775,0.16044776119402981,0.8874296435272045,0.48598130841121495,0.051587301587301584,0.03177570093457944,0.9888641425389755
MPC,Marathon Petroleum Corporation,Energy,Oil & Gas Refining & Marketing,76464046080.0,16.08490566037736,11.169999412922705,27.254905073300066,162,38,338,,,0.38987601816368067,,,0.930188679245283,11.701697,0.088,0.10739,0.27458,0.03556,3518749952.0,1.7226732764335084,0.75,0.49906191369606,0.07102803738317758,0.7361111111111112,0.08785046728971962,0.5367483296213809
VRT,"Vertiv Holdings, LLC",Industrials,Electrical Equipment & Parts,122594426880.0,12.625786163522012,14.621853937156295,27.247640100678307,163,258,134,,,-0.14891692522800848,,,0.5150943396226415,36.253403,0.301,0.37151,0.45097,0.16364999,1964749952.0,0.08496346829749289,0.09701492537313428,0.8921200750469043,0.3719626168224299,0.8849206349206349,0.4280373831775701,0.8351893095768375
DECK,Deckers Outdoor Corporation,Consumer Cyclical,Footwear & Accessories,13541316608.0,9.19811320754717,18.029902445900795,27.228015653447965,164,482,42,,,-0.39125960515319713,,,0.10377358490566038,12.995071,0.071,0.57545,0.39688,0.31384,758731904.0,-0.8517505459378262,0.6772388059701493,0.40337711069418386,0.6915887850467289,0.8571428571428571,0.7869158878504673,0.910913140311804
AME,"AMETEK, Inc.",Industrials,Specialty Industrial Machinery,50869338112.0,14.30817610062893,12.895870335541368,27.204046436170298,165,151,228,,,-0.005669905332491565,,,0.7169811320754716,25.188005,0.113,0.36681,0.14626999,0.26299,1385356544.0,0.7260011451340148,0.2201492537313433,0.5966228893058161,0.35700934579439253,0.48115079365079366,0.7140186915887851,0.7260579064587973
IQV,"IQVIA Holdings, Inc.",Healthcare,Diagnostics & Research,29055621120.0,16.132075471698112,11.06793692773526,27.200012399433373,166,35,344,,,0.4096591380037986,,,0.9358490566037736,12.270073,0.084,0.32991,0.22490999,0.13611001,2156750080.0,4.650590404199475,0.7164179104477613,0.4718574108818011,0.29158878504672897,0.6646825396825397,0.3514018691588785,0.16035634743875282
CF,"CF Industries Holdings, Inc.",Basic Materials,Agricultural Inputs,19682981888.0,9.512578616352203,17.685554130727237,27.19813274707944,167,462,51,,,-0.3648532538089442,,,0.14150943396226415,12.51492,0.194,0.39125,0.273,0.33585,1076375040.0,0.29253807248190977,0.7033582089552239,0.7917448405253283,0.405607476635514,0.7341269841269841,0.8168224299065421,0.7928730512249443
CL,Colgate-Palmolive Company,Consumer Defensive,Household & Personal Products,71764975616.0,11.776729559748428,15.399320008701075,27.176049568449503,168,319,115,,,-0.19441934547845374,,,0.41320754716981134,22.19327,0.084,0.60063,3.6357698,0.20924,3319500032.0,1.2851695600540132,0.3022388059701493,0.4718574108818011,0.7308411214953271,0.9900793650793651,0.5794392523364486,0.6213808463251671
CME,CME Group Inc.,Financial Services,Financial Data & Stock Exchanges,110686289920.0,9.921383647798743,17.2507646689996,27.172148316798342,169,436,64,,,-0.3246668109735662,,,0.19056603773584907,23.725859,0.144,1.0,0.15919,0.69806,3030237440.0,,0.24626865671641796,0.700750469043152,0.9906542056074766,0.5218253968253969,0.9906542056074766,
STLD,"Steel Dynamics, Inc.",Basic Materials,Steel,32316641280.0,15.09433962264151,12.072956692941595,27.167296315583105,170,101,275,,,0.08656428170311448,,,0.8113207547169812,13.302473,0.191,0.14038,0.15247,0.103369996,-31788876.0,1.4305154046100161,0.666044776119403,0.7851782363977486,0.09532710280373832,0.503968253968254,0.2523364485981308,0.5946547884187082
HUM,Humana Inc.,Healthcare,Healthcare Plans,37221466112.0,16.446540880503143,10.708291793047382,27.154832673550523,171,15,373,,,1.1213400332465828,,,0.9735849056603774,20.209776,0.235,0.14006,0.062800005,0.04671,1431374976.0,-2.5380979043381533,0.36380597014925375,0.8536585365853658,0.09345794392523364,0.1765873015873016,0.11588785046728972,0.9665924276169265
HPE,Hewlett Packard Enterprise Comp,Technology,Communication Equipment,43321790464.0,16.50943396226415,10.582620715224635,27.092054677488786,172,11,379,,,1.5103909952052983,,,0.9811320754716981,11.980421,0.184,0.32071,-0.00471,0.07644,2551500032.0,2.047169765752936,0.7388059701492538,0.774859287054409,0.2822429906542056,0.08333333333333333,0.19065420560747665,0.46993318485523383
ALL,Allstate Corporation (The),Financial Services,Insurance - Property & Casualty,58069012480.0,12.90880503144654,14.168435544356683,27.077240575803224,173,240,156,,,-0.12163519559548952,,,0.5490566037735849,8.603553,0.03,0.34428,0.45221,0.18954,12428999680.0,,0.9067164179104478,0.2176360225140713,0.3121495327102804,0.8869047619047619,0.5102803738317757,
JBL,Jabil Inc.,Technology,Electronic Components,35095445504.0,15.062893081761006,11.992493817867551,27.05538689962856,174,103,284,,,0.0794353916606656,,,0.8075471698113208,22.837946,0.231,0.09037,0.59696996,0.046729997,1203750016.0,1.0775970517172346,0.2779850746268657,0.8470919324577861,0.0616822429906542,0.9166666666666666,0.11775700934579439,0.6570155902004454
ESTC,Elastic N.V.,Technology,Software - Application,5555416576.0,16.22641509433962,10.827501638458111,27.05391673279773,175,29,365,,,0.5880050044092033,,,0.9471698113207547,18.87831,0.177,0.76066,-0.10244001,0.00233,387170752.0,,0.40671641791044777,0.7673545966228893,0.8953271028037383,0.04563492063492063,0.05046728971962617,
PNC,"PNC Financial Services Group, I",Financial Services,Banks - Regional,86171754496.0,13.176100628930817,13.875885768406581,27.051986397337398,176,223,170,,,-0.10163152400364606,,,0.5811320754716981,10.219378,0.138,0.0,0.12104,0.36725,,,0.8208955223880597,0.6810506566604128,0.020560747663551402,0.39285714285714285,0.8598130841121495,
HLT,Hilton Worldwide Holdings Inc.,Consumer Cyclical,Lodging,72084856832.0,12.9874213836478,14.046669615264367,27.034090998912166,177,235,163,,,-0.11601926294327103,,,0.5584905660377358,30.402534,0.11,0.78505,,0.5736,1684499968.0,4.214378259067358,0.15111940298507465,0.5863039399624765,0.9121495327102803,,0.9682242990654205,0.19153674832962142
TRV,"The Travelers Companies, Inc.",Financial Services,Insurance - Property & Casualty,64939565056.0,14.764150943396226,12.243486374785938,27.007637318182162,178,122,260,,,0.035434938531287985,,,0.7716981132075472,10.709096,0.01,0.32878,0.25272,0.18744,13304375296.0,,0.8041044776119403,0.1378986866791745,0.2897196261682243,0.7123015873015873,0.5046728971962616,
HBAN,Huntington Bancshares Incorpora,Financial Services,Banks - Regional,31501608960.0,11.855345911949684,15.072001266899523,26.927347178849207,179,314,119,,,-0.1925576324862348,,,0.4226415094339623,8.169917,0.336,0.0,0.083859995,0.40698,,,0.9235074626865671,0.9080675422138836,0.020560747663551402,0.251984126984127,0.9102803738317757,
IEX,IDEX Corporation,Industrials,Specialty Industrial Machinery,15276338176.0,14.827044025157232,12.036166341344453,26.863210366501683,180,118,279,,,0.04661557221067314,,,0.779245283018868,22.369078,0.089,0.44435,0.12748,0.1989,525024992.0,1.3063967198560453,0.29664179104477617,0.5075046904315197,0.508411214953271,0.41865079365079366,0.5383177570093458,0.6191536748329621
ISRG,"Intuitive Surgical, Inc.",Healthcare,Medical Instruments & Supplies,157032267776.0,10.235849056603774,16.612175392599564,26.848024449203336,181,416,84,,,-0.2988703913021864,,,0.22830188679245284,37.609722,0.23,0.66292,0.17232999,0.30868,2254087424.0,-1.247655996938385,0.08582089552238803,0.8442776735459663,0.7869158878504673,0.5654761904761905,0.7757009345794392,0.9287305122494433
COF,Capital One Financial Corporati,Financial Services,Credit Services,113904467968.0,13.081761006289309,13.760721042929926,26.842482049219235,182,229,177,,,-0.10629972388479114,,,0.569811320754717,7.5810666,0.463,0.0,0.03259,0.28586,,,0.9309701492537313,0.9418386491557224,0.020560747663551402,0.1111111111111111,0.7476635514018691,
VLO,Valero Energy Corporation,Energy,Oil & Gas Refining & Marketing,77686521856.0,16.0062893081761,10.828251707699417,26.834541015875516,183,43,364,,,0.34000472901169987,,,0.9207547169811321,13.578014,0.066,0.14563,0.1585,0.060510002,4786625024.0,0.2597354239393575,0.6585820895522387,0.37617260787992496,0.09906542056074766,0.5158730158730159,0.14953271028037382,0.799554565701559
ARES,Ares Management Corporation,Financial Services,Asset Management,40148930560.0,13.11320754716981,13.69707972686966,26.81028727403947,184,227,182,,,-0.10414918780924975,,,0.5735849056603773,16.623987,0.283,0.37561,0.14182,0.18434,1757137152.0,,0.5149253731343284,0.8855534709193246,0.38317757009345793,0.4623015873015873,0.4934579439252336,
EMR,Emerson Electric Company,Industrials,Specialty Industrial Machinery,74132029440.0,15.0,11.7791802196518,26.7791802196518,185,107,300,,,0.07121543047935974,,,0.8,18.49528,0.029,0.52669996,0.12328,0.24244,3272250112.0,1.9184550395447746,0.4253731343283582,0.2101313320825516,0.6224299065420561,0.40476190476190477,0.6654205607476635,0.49888641425389757
MRNA,"Moderna, Inc.",Healthcare,Biotechnology,18236297216.0,16.666666666666664,10.109753151807102,26.776419818473766,186,1,402,,,3.0093342540312,,,1.0,-11.043988,2.602,-0.69888,-0.36556998,-1.3110499,-20000000.0,,0.9757462686567164,0.9906191369606003,0.020560747663551402,0.023809523809523808,0.011214953271028037,
SPGI,S&P Global Inc.,Financial Services,Financial Data & Stock Exchanges,122168082432.0,10.691823899371068,16.08278870898075,26.774612608351816,187,387,106,,,-0.26940465959802606,,,0.2830188679245283,18.587774,0.104,0.7047,0.13939999,0.44282,5298874880.0,,0.42164179104477617,0.5666041275797373,0.8429906542056075,0.45634920634920634,0.9289719626168225,
SNA,Snap-On Incorporated,Industrials,Tools & Accessories,18752813056.0,12.044025157232703,14.682659033891019,26.726684191123724,188,302,130,,,-0.17981349050776063,,,0.44528301886792454,16.999765,0.052,0.51616,0.18202,0.24566,1048337472.0,-0.23610026735767675,0.4906716417910447,0.2926829268292683,0.6037383177570094,0.5892857142857143,0.6766355140186916,0.8708240534521158
SOLV,Solventum Corporation,Healthcare,Medical Instruments & Supplies,13067763712.0,15.67610062893082,11.038292649687525,26.714393278618346,189,64,345,,,0.19852048848314086,,,0.8811320754716981,10.66262,-0.03,0.53655,0.34794998,0.0558,378500000.0,4.294995425039765,0.8078358208955224,0.06941838649155722,0.6355140186915887,0.8154761904761905,0.1383177570093458,0.18262806236080176
CRWV,"CoreWeave, Inc.",Technology,Software - Infrastructure,54186049536.0,14.748427672955975,11.916881829564936,26.665309502520913,190,123,293,,,0.033458753119111284,,,0.769811320754717,-158.59734,1.116,0.69375,-0.40673,-0.069299996,-8560327168.0,12.159936830360506,0.9888059701492538,0.9906191369606003,0.8242990654205608,0.011904761904761904,0.03551401869158879,0.008908685968819552
GEV,GE Vernova Inc.,Industrials,Specialty Industrial Machinery,272081682432.0,14.08805031446541,12.521306686337228,26.60935700080264,191,165,245,,,-0.03162821602307986,,,0.690566037735849,41.3074,0.163,0.20282,0.75708,0.05461,9315624960.0,-2.29182578388672,0.06716417910447758,0.7429643527204502,0.16074766355140188,0.9464285714285714,0.13457943925233645,0.953229398663697
PG,Procter & Gamble Company (The),Consumer Defensive,Household & Personal Products,329194045440.0,12.138364779874216,14.464010325419508,26.602375105293724,192,296,142,,,-0.17660907937074288,,,0.45660377358490567,19.938704,0.074,0.50984,0.31112,0.23047,12733750272.0,1.0133725657040438,0.37126865671641796,0.42401500938086306,0.594392523364486,0.7757936507936508,0.6355140186915887,0.6703786191536749
MCHP,Microchip Technology Incorporat,Technology,Semiconductors,50141618176.0,15.188679245283017,11.325566945761386,26.514246191044403,193,95,322,,,0.10248615535783201,,,0.8226415094339623,22.742447,0.351,0.57735,0.03405,0.17145,,3.4037581441605873,0.28358208955223885,0.9183864915572233,0.6934579439252336,0.1130952380952381,0.45794392523364486,0.25167037861915365
BAC,Bank of America Corporation,Financial Services,Banks - Diversified,362316464128.0,13.89937106918239,12.454722636144,26.35409370532639,194,177,247,,,-0.04553495341656366,,,0.6679245283018868,10.125701,0.081,0.0,0.10644,0.35956,,,0.8283582089552239,0.4521575984990619,0.020560747663551402,0.3412698412698413,0.8485981308411215,
ROST,"Ross Stores, Inc.",Consumer Cyclical,Apparel Retail,69003739136.0,13.427672955974842,12.910119629670591,26.33779258564543,195,207,223,,,-0.08654296796162275,,,0.6113207547169811,26.013964,0.122,0.32562,0.36678,0.12269,1636926336.0,0.12332908965149472,0.2052238805970149,0.6463414634146342,0.28785046728971964,0.8353174603174603,0.3018691588785047,0.8218262806236081
PFG,Principal Financial Group Inc,Financial Services,Asset Management,22048382976.0,15.078616352201257,11.252327650800156,26.330944003001413,196,102,328,,,0.08253536292471741,,,0.809433962264151,10.000216,-0.045,0.47612998,0.13385999,0.148,1457624960.0,,0.832089552238806,0.05347091932457786,0.5570093457943925,0.42658730158730157,0.3813084112149533,
CSX,CSX Corporation,Industrials,Railroads,86152609792.0,14.10377358490566,12.212260854202698,26.316034439108357,197,164,264,,,-0.029166909508716365,,,0.6924528301886792,21.542973,0.017,0.46816003,0.23684,0.36157,1129874944.0,2.643976088828214,0.32649253731343286,0.15196998123827393,0.5401869158878505,0.6865079365079365,0.8560747663551402,0.36971046770601335
CFG,"Citizens Financial Group, Inc.",Financial Services,Banks - Regional,25956495360.0,13.364779874213836,12.94987801234931,26.314657886563147,198,211,222,,,-0.08910400401781615,,,0.6037735849056604,9.600495,0.138,0.0,0.07739,0.32051,,,0.8600746268656716,0.6810506566604128,0.020560747663551402,0.23015873015873015,0.7981308411214953,
NBIS,Nebius Group N.V.,Communication Services,Internet Content & Information,50350551040.0,16.4937106918239,9.820933786439811,26.31464447826371,199,12,422,,,1.3634728368837994,,,0.9792452830188679,549.0006,6.215,0.72058,0.14136,-0.3208,-6128775168.0,8.345736930232558,0.009328358208955279,0.9906191369606003,0.8635514018691589,0.4603174603174603,0.024299065420560748,0.008908685968819552
ETN,"Eaton Corporation, PLC",Industrials,Specialty Industrial Machinery,144822337536.0,14.90566037735849,11.38659553824603,26.29225591560452,200,113,319,,,0.05551223115120307,,,0.7886792452830189,23.719584,0.168,0.37105,0.20844999,0.16104999,2646500096.0,3.107546306539695,0.24813432835820892,0.7570356472795498,0.36822429906542054,0.6448412698412699,0.4205607476635514,0.29398663697104677
PH,Parker-Hannifin Corporation,Industrials,Specialty Industrial Machinery,107803869184.0,13.49056603773585,12.751795033672716,26.242361071408567,201,203,237,,,-0.08025733373090915,,,0.6188679245283019,25.119715,0.106,0.37442002,0.24841999,0.21528,2774481920.0,1.4533897740112995,0.22201492537313428,0.5722326454033771,0.3794392523364486,0.6984126984126984,0.5981308411214953,0.5902004454342984
PRU,"Prudential Financial, Inc.",Financial Services,Insurance - Life,35401113600.0,14.40251572327044,11.833098094142002,26.235613817412442,202,145,296,,,0.008621702945351473,,,0.7283018867924528,6.9641547,0.153,0.28956,0.10711,0.04721,10378999808.0,,0.9440298507462687,0.7223264540337712,0.23738317757009345,0.34325396825396826,0.11962616822429907,
INTU,Intuit Inc.,Technology,Software - Application,111983058944.0,8.474842767295598,17.73632232473782,26.21116509203342,203,528,49,,,-0.5825366218772798,,,0.016981132075471698,15.195059,0.174,0.80896,0.23457001,0.18383,5301374976.0,0.1782742303123888,0.5746268656716418,0.7636022514071295,0.930841121495327,0.6805555555555556,0.4897196261682243,0.8173719376391982
WAT,Waters Corporation,Healthcare,Diagnostics & Research,32934481920.0,15.943396226415093,10.240840157683435,26.184236384098526,204,47,393,,,0.30172272318908844,,,0.9132075471698113,20.435104,0.914,0.55154,0.05212,0.02841,-502370624.0,3.400714158209646,0.3526119402985075,0.975609756097561,0.6523364485981309,0.14484126984126985,0.07850467289719626,0.2538975501113586
ITW,Illinois Tool Works Inc.,Industrials,Specialty Industrial Machinery,71306444800.0,12.358490566037734,13.813436858786702,26.171927424824435,205,282,173,,,-0.16014088595179343,,,0.4830188679245283,20.363329,0.046,0.44122002,0.96848,0.25672,2215749888.0,1.842488533533389,0.35820895522388063,0.27204502814258913,0.497196261682243,0.9623015873015873,0.7065420560747664,0.5189309576837416
EXPD,Expeditors International of Was,Industrials,Integrated Freight & Logistics,20578676736.0,15.298742138364782,10.872289267896353,26.171031406261136,206,88,361,,,0.12073858768325807,,,0.8358490566037736,23.062672,0.044,0.1362,0.36641,0.10594,783248512.0,-0.3673006632589084,0.27425373134328357,0.2598499061913696,0.09158878504672897,0.8333333333333334,0.2616822429906542,0.888641425389755
SWKS,"Skyworks Solutions, Inc.",Technology,Semiconductors,10641222656.0,16.17924528301887,9.97908701491793,26.1583322979368,207,32,412,,,0.4677502923774144,,,0.9415094339622642,13.7485695,-0.01,0.41075,0.06171,0.07704,687837504.0,-0.13417401499659168,0.6436567164179104,0.09662288930581614,0.44299065420560746,0.17063492063492064,0.1925233644859813,0.8485523385300668
TMO,Thermo Fisher Scientific Inc,Healthcare,Diagnostics & Research,167941324800.0,15.691823899371068,10.438229529984321,26.13005342935539,208,63,385,,,0.20650459669059074,,,0.8830188679245283,16.554646,0.062,0.40932,0.13523,0.17892,5520625152.0,3.2783881739032736,0.5205223880597014,0.3527204502814259,0.4411214953271028,0.44246031746031744,0.4766355140186916,0.2717149220489977
USB,U.S. Bancorp,Financial Services,Banks - Regional,83164463104.0,13.852201257861635,12.22315833300693,26.075359590868565,209,180,262,,,-0.05471444348369614,,,0.6622641509433962,9.480053,0.046,0.0,0.123500004,0.37837002,,,0.8675373134328358,0.27204502814258913,0.020560747663551402,0.4097222222222222,0.874766355140187,
WTW,Willis Towers Watson Public Lim,Financial Services,Insurance Brokers,24152236032.0,11.603773584905658,14.467335699972667,26.071109284878325,210,330,141,,,-0.20986010031674285,,,0.39245283018867927,11.5397005,0.085,0.42407,0.20611,0.20522,2052125056.0,,0.7537313432835822,0.47654784240150094,0.45981308411214955,0.6388888888888888,0.5644859813084112,
PSA,Public Storage,Real Estate,REIT - Industrial,51491078144.0,12.814465408805031,13.249631598526058,26.06409700733109,211,246,207,,,-0.1320702035022392,,,0.5377358490566038,29.014353,0.032,0.74767995,0.20175,0.46032003,2337331968.0,2.8866928540082895,0.1697761194029851,0.22045028142589118,0.8803738317757009,0.6309523809523809,0.9420560747663551,0.3363028953229399
RVTY,"Revvity, Inc.",Healthcare,Diagnostics & Research,10794524672.0,16.257861635220124,9.729494165054508,25.98735580027463,212,27,427,,,0.5941659199844813,,,0.9509433962264151,16.651638,0.07,0.54316,0.03227,0.12355,508969248.0,2.6472805926250698,0.5111940298507462,0.39587242026266417,0.6429906542056075,0.10912698412698413,0.308411214953271,0.3674832962138085
GLW,Corning Incorporated,Technology,Electronic Components,151472259072.0,14.654088050314465,11.332753783854322,25.986841834168786,213,129,321,,,0.025414797495677544,,,0.7584905660377359,41.67022,0.2,0.36383,0.1674,0.15661,612000000.0,1.6829866408105618,0.06529850746268662,0.8048780487804879,0.3514018691588785,0.5496031746031746,0.4074766355140187,0.5412026726057906
IREN,IREN LIMITED,Financial Services,Capital Markets,17197883392.0,15.17295597484277,10.759904181693543,25.932860156536314,214,96,369,,,0.09946329467710435,,,0.8207547169811321,-35.77866,-0.0,0.68397003,0.07729,-0.64468,-2311044352.0,,0.9888059701492538,0.1125703564727955,0.811214953271028,0.22817460317460317,0.011214953271028037,
HWM,Howmet Aerospace Inc.,Industrials,Aerospace & Defense,101667315712.0,12.201257861635222,13.690976161919401,25.89223402355462,215,292,183,,,-0.17309413390430328,,,0.4641509433962264,42.415108,0.191,0.35046002,0.33818,0.28188,1192749952.0,1.4677881846373972,0.057835820895522416,0.7851782363977486,0.32149532710280376,0.7976190476190477,0.7401869158878505,0.5835189309576838
MSI,"Motorola Solutions, Inc.",Technology,Communication Equipment,66471272448.0,12.295597484276728,13.592191305115811,25.887788789392538,216,286,190,,,-0.16388602655060858,,,0.47547169811320755,21.653845,0.074,0.51508,0.99289,0.19823,1815124992.0,2.370675895836478,0.32089552238805974,0.42401500938086306,0.6,0.9642857142857143,0.5364485981308411,0.4164810690423163
MRSH,Marsh,Financial Services,Insurance Brokers,80211558400.0,11.21069182389937,14.670747693730709,25.881439517630078,217,355,131,,,-0.22879403647815322,,,0.3452830188679245,14.709599,0.076,0.43853,0.27571,0.24339001,4965374976.0,,0.5988805970149254,0.4324577861163227,0.491588785046729,0.7420634920634921,0.6691588785046729,
AIZ,"Assurant, Inc.",Financial Services,Insurance - Property & Casualty,12785266688.0,14.418238993710691,11.45339737766778,25.87163637137847,218,144,317,,,0.010778427751015673,,,0.730188679245283,11.477805,0.113,0.12745,0.18016,0.106400006,2029737472.0,,0.7630597014925373,0.5966228893058161,0.08224299065420561,0.5833333333333334,0.26542056074766357,
KMB,Kimberly-Clark Corporation,Consumer Defensive,Household & Personal Products,31952578560.0,12.012578616352203,13.840016740526718,25.852595356878922,219,304,172,,,-0.18180200812611336,,,0.44150943396226416,12.704589,0.027,0.37147,1.11727,0.19649,1054625024.0,1.603849442874566,0.6847014925373134,0.19606003752345216,0.37009345794392523,0.9742063492063492,0.5308411214953271,0.5657015590200445
ZTS,Zoetis Inc.,Healthcare,Drug Manufacturers - Specialty & Generic,33235779584.0,8.443396226415095,17.40324357312659,25.846639799541684,220,530,59,,,-0.6022582401214339,,,0.013207547169811321,10.664126,0.029,0.71839,0.67748,0.36561,1780875008.0,1.8639941718129007,0.8059701492537313,0.2101313320825516,0.8579439252336448,0.9325396825396826,0.8579439252336448,0.512249443207127
POWL,"Powell Industries, Inc.",Industrials,Electrical Equipment & Parts,9563672576.0,13.443396226415095,12.389779597216016,25.83317582363111,221,206,250,,,-0.08420209462778638,,,0.6132075471698113,38.186054,0.065,0.30103,0.29899,0.19413,142181632.0,-2.6714066295630197,0.08208955223880599,0.3696060037523452,0.25794392523364484,0.7638888888888888,0.5289719626168224,0.9710467706013363
ELV,"Elevance Health, Inc.",Healthcare,Healthcare Plans,87701028864.0,15.550314465408807,10.25936293374484,25.80967739915365,222,72,390,,,0.16981400832590654,,,0.8660377358490566,13.808019,0.026,0.25891,0.12086,0.05303,4298625024.0,-0.7772703977632415,0.6399253731343284,0.1848030018761726,0.20747663551401868,0.39087301587301587,0.13271028037383178,0.9064587973273942
ZBH,"Zimmer Biomet Holdings, Inc.",Healthcare,Medical Devices,16744178688.0,12.185534591194969,13.62192223561821,25.80745682681318,223,293,186,,,-0.1757104643350953,,,0.46226415094339623,9.624355,0.093,0.70176005,0.060650002,0.19687,1044124992.0,2.8266138696646683,0.8582089552238806,0.5290806754221389,0.8373831775700935,0.16666666666666666,0.5327102803738317,0.34521158129175944
AON,Aon plc,Financial Services,Insurance Brokers,69429592064.0,9.575471698113208,16.204699054535237,25.780170752648445,224,458,103,,,-0.35557059227140186,,,0.1490566037735849,15.184644,0.065,0.47341,0.46447,0.35836,3341625088.0,,0.5764925373134329,0.3696060037523452,0.5532710280373832,0.8948412698412699,0.8467289719626169,
STT,State Street Corporation,Financial Services,Asset Management,41996632064.0,15.849056603773585,9.929814204381362,25.77887080815495,225,53,413,,,0.24086954197478194,,,0.9018867924528302,10.98369,-0.028,0.0,0.11261,0.27818,,,0.792910447761194,0.075046904315197,0.020560747663551402,0.35912698412698413,0.7383177570093458,
NFLX,"Netflix, Inc.",Communication Services,Entertainment,374592634880.0,8.883647798742139,16.889327543623757,25.772975342365896,226,502,76,,,-0.4530441827188266,,,0.0660377358490566,23.149364,0.162,0.49029,0.48494998,0.32303002,25993676800.0,0.5110874747049546,0.26865671641791045,0.7382739212007504,0.5757009345794393,0.8968253968253969,0.805607476635514,0.7683741648106904
RGTI,"Rigetti Computing, Inc.",Technology,Computer Hardware,5426411008.0,14.449685534591195,11.293097943203922,25.742783477795115,227,142,325,,,0.010952951084896467,,,0.7339622641509433,-80.28821,1.989,0.29952,-0.57092,-5.8979497,-6209875.0,,0.9888059701492538,0.9906191369606003,0.2560747663551402,0.011904761904761904,0.011214953271028037,
VTRS,Viatris Inc.,Healthcare,Drug Manufacturers - Specialty & Generic,18819172352.0,15.628930817610062,10.101538261333195,25.73046907894326,228,67,403,,,0.18894610277486468,,,0.8754716981132076,6.045099,0.081,0.39816,-0.01957,0.06784,2238337536.0,2.821945393663891,0.960820895522388,0.4521575984990619,0.4205607476635514,0.07142857142857142,0.17196261682242991,0.3474387527839644
DVA,DaVita Inc.,Healthcare,Medical Care Facilities,12522172416.0,13.773584905660377,11.954192797448131,25.727777703108508,229,185,287,,,-0.059435038641375115,,,0.6528301886792452,11.354826,0.06,0.32454,0.80981004,0.13864,999662976.0,4.499906225749698,0.7686567164179104,0.3339587242026266,0.2841121495327103,0.9503968253968254,0.36261682242990656,0.16926503340757237
CVNA,Carvana Co.,Consumer Cyclical,Auto & Truck Dealerships,70844612608.0,13.018867924528301,12.700125348414792,25.718993272943095,230,233,239,,,-0.11532316690083433,,,0.5622641509433962,30.713993,0.52,0.20131001,0.60172004,0.09033,196750000.0,1.021912272986147,0.14179104477611937,0.949343339587242,0.15514018691588785,0.9186507936507936,0.21495327102803738,0.6681514476614699
ON,ON Semiconductor Corporation,Technology,Semiconductors,41586388992.0,15.471698113207546,10.241110928028952,25.712809041236497,231,77,392,,,0.1553325177099827,,,0.8566037735849057,25.076784,0.047,0.42665002,0.074939996,0.18232,1282174976.0,0.40408642091451,0.22388059701492535,0.27861163227016883,0.4672897196261682,0.21626984126984128,0.48785046728971965,0.7839643652561248
EME,"EMCOR Group, Inc.",Industrials,Engineering & Construction,38133682176.0,12.89308176100629,12.78901494547149,25.68209670647778,232,241,235,,,-0.12175441805604836,,,0.5471698113207547,26.4058,0.197,0.19294001,0.39229,0.08726,891520000.0,-0.18908719859785078,0.19589552238805974,0.801125703564728,0.14766355140186915,0.8511904761904762,0.20934579439252338,0.8641425389755011
KVUE,Kenvue Inc.,Consumer Defensive,Household & Personal Products,32880148480.0,12.452830188679247,13.223046598668828,25.675876787348074,233,276,211,,,-0.15782114089491706,,,0.49433962264150944,13.8476715,0.045,0.58599,0.15701,0.21617001,1858000000.0,2.155415205385399,0.6361940298507462,0.26641651031894936,0.7046728971962617,0.5119047619047619,0.6,0.4543429844097996
UBER,"Uber Technologies, Inc.",Technology,Software - Application,151733551104.0,11.415094339622641,14.255968439812033,25.671062779434674,234,342,151,,,-0.2170694071571515,,,0.36981132075471695,17.176224,0.145,0.39635,0.3531,0.14565,6536625152.0,1.2496654942409933,0.4794776119402985,0.7063789868667918,0.41495327102803736,0.8194444444444444,0.3775700934579439,0.623608017817372
RF,Regions Financial Corporation,Financial Services,Banks - Regional,22994311168.0,12.672955974842766,12.961071489708933,25.6340274645517,235,255,221,,,-0.1438296958118066,,,0.5207547169811321,9.440705,0.073,0.0,0.11895,0.40067002,,,0.8694029850746269,0.4165103189493433,0.020560747663551402,0.38293650793650796,0.902803738317757,
DLTR,"Dollar Tree, Inc.",Consumer Defensive,Discount Stores,17601228800.0,12.735849056603774,12.873562096428698,25.60941115303247,236,251,230,,,-0.13770593294075706,,,0.5283018867924528,12.229672,0.09,0.36693,0.31693,0.13514,1284562560.0,2.641065474467533,0.7201492537313433,0.5131332082551595,0.35887850467289717,0.7797619047619048,0.34579439252336447,0.3719376391982183
CCL,Carnival Corporation Ltd.,Consumer Cyclical,Travel Services,33153314816.0,12.5,13.10689229656298,25.606892296562982,237,266,216,,,-0.15478644018386234,,,0.5,9.20177,0.061,0.55966,0.27853,0.0983,2174000128.0,3.276773332864012,0.8843283582089552,0.3424015009380863,0.6672897196261682,0.7440476190476191,0.2336448598130841,0.2739420935412027
KLAC,KLA Corporation,Technology,Semiconductor Equipment & Materials,228613177344.0,8.349056603773587,17.224302795154653,25.57335939892824,238,536,65,,,-1.0668733908066697,,,0.0018867924528301887,35.136585,0.115,0.61446,0.94975996,0.41215,2890187008.0,0.2063343570642209,0.10074626865671643,0.6060037523452158,0.7420560747663552,0.9603174603174603,0.914018691588785,0.8106904231625836
BK,The Bank of New York Mellon Cor,Financial Services,Banks - Diversified,94171201536.0,12.5,13.067862426624663,25.567862426624664,239,266,218,,,,,,,14.22928,0.134,0.0,0.13472,0.37647998,,,0.6138059701492538,0.6716697936210131,0.020560747663551402,0.4365079365079365,0.8710280373831776,
LUV,Southwest Airlines Company,Industrials,Airlines,18329014272.0,13.867924528301886,11.699171244004326,25.56709577230621,240,179,307,,,-0.049653999938722215,,,0.6641509433962264,8.330982,0.128,0.23006001,0.10062,0.04552,-372375008.0,1.3250641751959857,0.917910447761194,0.6622889305816135,0.18130841121495328,0.3194444444444444,0.11214953271028037,0.6146993318485523
MET,"MetLife, Inc.",Financial Services,Insurance - Life,52504440832.0,15.660377358490566,9.887840811157327,25.548218169647892,241,65,414,,,0.19594665296661118,,,0.879245283018868,7.4227366,0.027,0.23754999,0.13014,0.09919,-17429749760.0,,0.9328358208955224,0.19606003752345216,0.18878504672897195,0.42063492063492064,0.23925233644859814,
MDT,Medtronic plc.,Healthcare,Medical Devices,100669423616.0,11.823899371069183,13.722401893240102,25.546301264309285,242,316,179,,,-0.1934568470007929,,,0.4188679245283019,12.932819,0.087,0.65159,0.0939,0.20007,4073125120.0,1.8576095856164592,0.6809701492537313,0.48686679174484054,0.7813084112149533,0.2876984126984127,0.5420560747663551,0.5144766146993318
DD,"DuPont de Nemours, Inc.",Basic Materials,Specialty Chemicals,19221209088.0,16.540880503144653,8.99045183635088,25.531332339495535,243,9,465,,,1.745034399708218,,,0.9849056603773585,17.91397,0.043,0.35009998,0.00896,0.13801,-124750000.0,0.9090334844105225,0.45335820895522383,0.2523452157598499,0.3177570093457944,0.09126984126984126,0.35700934579439253,0.6859688195991092
WAB,Westinghouse Air Brake Technolo,Industrials,Railroads,43527327744.0,14.559748427672956,10.939091952395815,25.49884038006877,244,135,354,,,0.01770111249366968,,,0.7471698113207547,21.149456,0.13,0.35239,0.11305001,0.18983,1123250048.0,2.367408467931293,0.332089552238806,0.6660412757973734,0.32710280373831774,0.36706349206349204,0.5121495327102804,0.420935412026726
APLD,Applied Digital Corporation,Technology,Information Technology Services,10636312576.0,14.685534591194967,10.799095151030592,25.484629742225557,245,127,367,,,0.0275951562425365,,,0.7622641509433963,-53.171284,1.393,0.45409,-0.055609997,-0.20466,-1496915328.0,99.0,0.9888059701492538,0.9906191369606003,0.5177570093457944,0.05952380952380952,0.026168224299065422,0.008908685968819552
BF-B,Brown Forman Inc,Consumer Defensive,Beverages - Wineries & Distilleries,11866662912.0,11.289308176100628,14.193471412468476,25.4827795885691,246,350,154,,,-0.22492648577177854,,,0.35471698113207545,15.221766,0.02,0.59335,0.20417,0.31913,598750016.0,1.804384431703204,0.5708955223880596,0.15947467166979362,0.7214953271028037,0.6349206349206349,0.7962616822429907,0.5233853006681515
KEY,KeyCorp,Financial Services,Banks - Regional,22757896192.0,12.232704402515722,13.21663897439935,25.449343376915074,247,290,212,,,-0.17208864029910909,,,0.4679245283018868,9.75984,0.118,0.0,0.09977,0.35779998,,,0.8414179104477612,0.6210131332082551,0.020560747663551402,0.31547619047619047,0.8448598130841122,
MNST,Monster Beverage Corporation,Consumer Defensive,Beverages - Non-Alcoholic,84646608896.0,8.411949685534593,16.99972696090816,25.41167664644275,248,532,70,,,-0.6239525006143847,,,0.009433962264150943,33.602516,0.269,0.55471003,0.26654,0.31019,1684340480.0,-1.1339803805461033,0.1100746268656716,0.8761726078799249,0.6616822429906543,0.7301587301587301,0.7775700934579439,0.9242761692650334
JKHY,"Jack Henry & Associates, Inc.",Technology,Information Technology Services,9993648128.0,10.566037735849056,14.838428678331308,25.404466414180362,249,395,126,,,-0.2744708647754621,,,0.2679245283018868,19.888998,0.087,0.44057,0.24892001,0.24369,373407744.0,0.09365378431865422,0.375,0.48686679174484054,0.4953271028037383,0.7003968253968254,0.6728971962616822,0.8307349665924276
TTD,"The Trade Desk, Inc.",Communication Services,Advertising Agencies,10243661824.0,8.380503144654089,16.99993077026557,25.38043391491966,250,534,69,,,-0.6617236841404797,,,0.005660377358490566,10.067037,0.118,0.77832,0.16735001,0.09675,569112640.0,-1.506088913328105,0.8302238805970149,0.6210131332082551,0.9065420560747663,0.5476190476190477,0.22803738317757008,0.9465478841870824
FIX,"Comfort Systems USA, Inc.",Industrials,Engineering & Construction,64628834304.0,15.157232704402515,10.191649066787546,25.34888177119006,251,97,399,,,0.0990987877783116,,,0.8188679245283019,35.045643,0.01,0.25128,0.53294,0.07885,1099853568.0,-0.7672103050595095,0.10261194029850751,0.1378986866791745,0.19813084112149532,0.9087301587301587,0.19439252336448598,0.9042316258351893
CB,Chubb Limited,Financial Services,Insurance - Property & Casualty,128267264000.0,11.918238993710691,13.406755714360614,25.324994708071305,252,310,199,,,-0.1885167507269787,,,0.43018867924528303,11.312043,0.102,0.30998,0.15433,0.20641,12622624768.0,,0.7779850746268657,0.5581613508442776,0.27102803738317754,0.5059523809523809,0.5682242990654206,
ROP,"Roper Technologies, Inc.",Technology,Software - Application,33393049600.0,11.509433962264152,13.802689061251819,25.312123023515973,253,336,174,,,-0.21380253891777878,,,0.38113207547169814,13.847759,0.113,0.69404,0.09012,0.27185,2169925120.0,3.3831068607048556,0.6343283582089552,0.5966228893058161,0.8261682242990654,0.27380952380952384,0.7233644859813084,0.25835189309576834
CDW,CDW Corporation,Technology,Information Technology Services,13297855488.0,13.034591194968554,12.272921853233703,25.307513048202257,254,232,256,,,-0.11469527641482857,,,0.5641509433962264,9.097679,0.092,0.21572,0.44157,0.066199996,884099968.0,3.017405142253202,0.8917910447761194,0.524390243902439,0.16635514018691588,0.8829365079365079,0.16822429906542055,0.311804008908686
UHS,"Universal Health Services, Inc.",Healthcare,Medical Care Facilities,10101700608.0,10.99056603773585,14.286198424540578,25.276764462276425,255,368,150,,,-0.24418294161199283,,,0.31886792452830187,6.5662465,0.096,0.44233,0.21369,0.111870006,650819008.0,1.8978184534757125,0.9496268656716418,0.5412757973733584,0.5009345794392523,0.6527777777777778,0.27850467289719627,0.5055679287305123
CNC,Centene Corporation,Healthcare,Healthcare Plans,29213030400.0,16.32075471698113,8.927258775299798,25.24801349228093,256,23,468,,,0.7470872203072654,,,0.9584905660377359,13.2613325,0.051,0.10559,-0.26044,0.05069,6847499776.0,-2.3777681736095686,0.6697761194029851,0.28893058161350843,0.0691588785046729,0.025793650793650792,0.12897196261682242,0.9599109131403119
PGR,Progressive Corporation (The),Financial Services,Insurance - Property & Casualty,119499726848.0,12.327044025157234,12.905277250719942,25.232321275877176,257,284,226,,,-0.16332624487939063,,,0.47924528301886793,12.640041,0.087,0.18562001,0.37903,0.16393,15501625344.0,,0.6884328358208955,0.48686679174484054,0.13271028037383178,0.8412698412698413,0.43177570093457945,
DHR,Danaher Corporation,Healthcare,Diagnostics & Research,118801063936.0,14.606918238993712,10.623792859035024,25.230711098028735,258,132,376,,,0.02039168027624294,,,0.7528301886792453,18.455774,0.037,0.58992,0.0708,0.22937,4568500224.0,2.9285001079103106,0.42910447761194026,0.2326454033771107,0.7121495327102804,0.21031746031746032,0.6336448598130842,0.33184855233853006
TT,Trane Technologies plc,Industrials,Building Products & Equipment,99948027904.0,13.474842767295597,11.72057952981514,25.19542229711074,259,204,304,,,-0.08130864774400859,,,0.6169811320754717,26.541842,0.06,0.35924998,0.36630002,0.15521,2662362624.0,0.7655974668098422,0.19216417910447758,0.3339587242026266,0.3364485981308411,0.8313492063492064,0.40186915887850466,0.7171492204899776
FICO,Fair Isaac Corporation,Technology,Software - Application,27669184512.0,8.427672955974842,16.764698270845084,25.192371226819926,260,531,78,,,-0.6195977110440997,,,0.011320754716981131,21.96056,0.387,0.84165,,0.58187,730540992.0,4.2343821665808346,0.31156716417910446,0.926829268292683,0.9532710280373832,,0.9719626168224299,0.18930957683741645
COHR,Coherent Corp.,Technology,Scientific & Technical Instruments,69016666112.0,15.314465408805031,9.875416641399942,25.18988205020497,261,87,417,,,0.12114162071007706,,,0.8377358490566038,43.575493,0.205,0.36990002,0.04718,0.13572,-197631744.0,1.0978152403073798,0.05410447761194026,0.8123827392120075,0.3663551401869159,0.13293650793650794,0.34953271028037386,0.6547884187082406
PSX,Phillips 66,Energy,Oil & Gas Refining & Marketing,73417220096.0,15.50314465408805,9.673904925198125,25.177049579286177,262,75,431,,,0.1656224903845278,,,0.8603773584905661,11.312501,0.069,0.1252,0.14547,0.0063899998,-1134499968.0,1.6590428019610863,0.7761194029850746,0.3893058161350844,0.08037383177570094,0.4742063492063492,0.056074766355140186,0.5456570155902005
KDP,Keurig Dr Pepper Inc.,Consumer Defensive,Beverages - Non-Alcoholic,39626293248.0,13.977987421383647,11.11266502613197,25.090652447515616,263,172,342,,,-0.03604521408171757,,,0.6773584905660377,11.537075,0.094,0.53777003,0.06312,0.19014,-16345499648.0,6.6573746798269235,0.7574626865671642,0.5328330206378987,0.6373831775700934,0.17857142857142858,0.514018691588785,0.04677060133630284
NWSA,News Corporation,Communication Services,Entertainment,14378477568.0,13.820754716981131,11.258605166953854,25.079359883934984,264,182,327,,,-0.05827395155498594,,,0.6584905660377358,20.591413,0.088,0.5717,0.06524,0.10114,1744000000.0,0.608370798206278,0.34328358208955223,0.49906191369606,0.6831775700934579,0.18353174603174602,0.2457943925233645,0.7472160356347439
PODD,Insulet Corporation,Healthcare,Medical Devices,10727712768.0,8.506289308176102,16.552649044729183,25.058938352905287,265,526,86,,,-0.5705789636360417,,,0.020754716981132074,19.228813,0.339,0.71008,0.22997999,0.1603,253375008.0,0.6724671028117536,0.39179104477611937,0.9118198874296435,0.8448598130841122,0.6746031746031746,0.41682242990654206,0.732739420935412
XYZ,"Block, Inc.",Technology,Software - Infrastructure,41332342784.0,15.125786163522012,9.878873172606035,25.004659336128046,266,99,416,,,0.08923739314066892,,,0.8150943396226416,14.0173435,0.049,0.45078,0.03743,-0.02632,-794561728.0,0.2798201510803033,0.625,0.28236397748592873,0.514018691588785,0.11706349206349206,0.037383177570093455,0.7951002227171492
HAS,"Hasbro, Inc.",Consumer Cyclical,Leisure,13662340096.0,11.383647798742137,13.610769940612705,24.994417739354844,267,344,188,,,-0.2218433104115416,,,0.3660377358490566,15.17442,0.127,0.63655,-0.23316,0.27583998,547924992.0,1.9227812052438065,0.5783582089552239,0.6594746716697936,0.77196261682243,0.027777777777777776,0.7345794392523365,0.49443207126948774
EL,"Estee Lauder Companies, Inc. (T",Consumer Defensive,Household & Personal Products,27568771072.0,15.566037735849056,9.397282128032055,24.96331986388111,268,71,446,,,0.17900027831237808,,,0.8679245283018868,23.971535,0.046,0.74651,-0.05949,0.14925,1807624960.0,2.341344238759254,0.23880597014925375,0.27204502814258913,0.8785046728971962,0.05555555555555555,0.3850467289719626,0.42538975501113585
LULU,lululemon athletica inc.,Consumer Cyclical,Apparel Retail,14295897088.0,8.569182389937108,16.344110215303875,24.913292605240983,269,522,94,,,-0.5449354837117688,,,0.02830188679245283,9.032991,0.008,0.56601,0.34013,0.22311,824078400.0,0.31519018415712446,0.8973880597014925,0.13320825515947468,0.6794392523364486,0.8035714285714286,0.6205607476635514,0.7884187082405345
DGX,Quest Diagnostics Incorporated,Healthcare,Diagnostics & Research,21076047872.0,14.135220125786162,10.756828267820161,24.892048393606323,270,162,370,,,-0.027512956834595537,,,0.6962264150943396,16.313932,0.092,0.33277,0.14538999,0.14197,947875008.0,2.54986763918052,0.5298507462686567,0.524390243902439,0.297196261682243,0.4722222222222222,0.36822429906542054,0.3897550111358574
ACGL,Arch Capital Group Ltd.,Financial Services,Insurance - Diversified,33665435648.0,11.4937106918239,13.368827461202235,24.862538153026136,271,337,200,,,-0.21443113744673514,,,0.37924528301886795,9.731364,-0.033,0.39369,0.21305999,0.25282,5276125184.0,,0.8451492537313433,0.0675422138836773,0.4130841121495327,0.6507936507936508,0.697196261682243,
AMT,American Tower Corporation (REI,Real Estate,REIT - Specialty,85300355072.0,11.430817610062894,13.430151572243043,24.860969182305936,272,341,198,,,-0.2170554563454863,,,0.37169811320754714,26.511269,0.068,0.73964,0.29952,0.45907003,4614362624.0,6.1350008038612085,0.19402985074626866,0.38367729831144465,0.8728971962616823,0.7678571428571429,0.9401869158878504,0.06458797327394206
SJM,The J.M. Smucker Company,Consumer Defensive,Packaged Foods,11053564928.0,15.015723270440251,9.825751538889088,24.84147480932934,273,106,420,,,0.0731321646759695,,,0.8018867924528302,10.433254,0.07,0.3421,-0.20683001,0.18778,884462528.0,3.046512756069272,0.8152985074626866,0.39587242026266417,0.3102803738317757,0.031746031746031744,0.5065420560747663,0.2984409799554566
TDG,Transdigm Group Incorporated,Industrials,Aerospace & Defense,66232074240.0,11.116352201257861,13.704093980536475,24.82044618179434,274,360,181,,,-0.23841081803753217,,,0.3339622641509434,25.276606,0.183,0.59718,,0.46659002,1524875008.0,6.026496627733899,0.21828358208955223,0.7720450281425891,0.7271028037383177,,0.9476635514018692,0.07572383073496658
FOXA,Fox Corporation,Communication Services,Entertainment,27360430080.0,12.562893081761006,12.25598952667113,24.818882608432133,275,262,258,,,-0.15254730449815512,,,0.5075471698113208,11.537725,-0.086,0.36843,0.152,0.21357,1406499968.0,0.8663060728715037,0.7555970149253731,0.03470919324577861,0.3616822429906542,0.5,0.5934579439252337,0.6959910913140313
FITB,Fifth Third Bancorp,Financial Services,Banks - Regional,43353411584.0,13.836477987421384,10.973979239527212,24.810457226948596,276,181,351,,,-0.05811803587277309,,,0.660377358490566,9.753804,0.33,0.0,0.07969,0.07955,,,0.8432835820895522,0.900562851782364,0.020560747663551402,0.23412698412698413,0.19626168224299065,
TGT,Target Corporation,Consumer Defensive,Discount Stores,57217126400.0,15.283018867924527,9.520075274549315,24.803094142473842,277,89,440,,,0.12021318665130809,,,0.8339622641509434,14.687949,-0.015,0.27934,0.24034001,0.049089998,2590125056.0,1.6042126997920063,0.6007462686567164,0.08818011257035648,0.2205607476635514,0.6884920634920635,0.1233644859813084,0.5634743875278396
BDX,"Becton, Dickinson and Company",Healthcare,Medical Instruments & Supplies,40581591040.0,14.056603773584905,10.73841135063774,24.795015124222644,278,167,371,,,-0.032849411277346974,,,0.6867924528301886,10.954055,0.052,0.47090998,0.06672,0.14743,4531250176.0,2.630125740292117,0.7947761194029851,0.2926829268292683,0.5476635514018692,0.1884920634920635,0.3794392523364486,0.3741648106904232
MTB,M&T Bank Corporation,Financial Services,Banks - Regional,30383689728.0,12.845911949685535,11.928767400391074,24.77467935007661,279,244,289,,,-0.12781198658945492,,,0.5415094339622641,9.9521,0.057,0.0,0.102910005,0.38896,,,0.833955223880597,0.3123827392120075,0.020560747663551402,0.3253968253968254,0.8934579439252337,
ALGN,"Align Technology, Inc.",Healthcare,Medical Instruments & Supplies,11106539520.0,9.79559748427673,14.97564263483078,24.77124011910751,280,444,120,,,-0.3430286471848274,,,0.17547169811320754,12.52867,0.062,0.70147,0.10824,0.16594,538981504.0,-1.0605911866648312,0.7014925373134329,0.3527204502814259,0.8355140186915888,0.3472222222222222,0.4373831775700935,0.9198218262806236
BR,"Broadridge Financial Solutions,",Technology,Information Technology Services,17228460032.0,11.320754716981131,13.436018494031456,24.756773211012586,281,348,197,,,-0.22443708800066842,,,0.3584905660377358,14.314297,0.078,0.31314,0.42314,0.18402,1187662464.0,1.7228856154033607,0.6100746268656716,0.4427767354596623,0.2766355140186916,0.8690476190476191,0.491588785046729,0.534521158129176
APH,Amphenol Corporation,Technology,Electronic Components,147369787392.0,8.757861635220127,15.966165903395844,24.72402753861597,282,510,108,,,-0.5013548944499948,,,0.0509433962264151,21.286123,0.584,0.37919998,0.36825,0.27305,3563725056.0,1.4151123768447922,0.3302238805970149,0.9530956848030019,0.3850467289719626,0.8373015873015873,0.7271028037383177,0.5991091314031181
FOX,Fox Corporation,Communication Services,Entertainment,24503162880.0,12.248427672955975,12.388141267964663,24.63656894092064,283,289,251,,,-0.1710837888271015,,,0.469811320754717,11.058476,-0.086,0.36843,0.152,0.21357,1406499968.0,0.8663060728715037,0.7873134328358209,0.03470919324577861,0.3616822429906542,0.5,0.5934579439252337,0.6959910913140313
CFLT,,,,,12.5,12.112569238499068,24.61256923849907,284,266,268,,,,,,,,,,,,,,,,,,,
PPG,"PPG Industries, Inc.",Basic Materials,Specialty Chemicals,22686760960.0,12.028301886792454,12.575034509433843,24.603336396226297,285,303,244,,,-0.18135366001062803,,,0.44339622641509435,11.750024,0.067,0.41691002,0.20748,0.1374,728374976.0,2.172350063032175,0.7425373134328358,0.3789868667917448,0.4504672897196262,0.6428571428571429,0.3532710280373832,0.44988864142538976
CBOE,"Cboe Global Markets, Inc.",Financial Services,Financial Data & Stock Exchanges,38464454656.0,10.440251572327043,14.134815107558952,24.575066679885992,286,403,159,,,-0.2819969649635574,,,0.2528301886792453,25.585943,0.065,0.54107,0.2514,0.39723,1003075008.0,,0.21082089552238803,0.3696060037523452,0.6392523364485981,0.7063492063492064,0.9009345794392524,
VICI,VICI Properties Inc.,Real Estate,REIT - Diversified,30532100096.0,9.622641509433961,14.94164506227142,24.56428657170538,287,455,122,,,-0.3534293195651431,,,0.15471698113207547,9.660988,0.035,0.99141,0.11331,1.0749099,1285280000.0,4.82045781504263,0.8526119402985075,0.225140712945591,0.9906542056074766,0.37103174603174605,0.9906542056074766,0.155902004454343
FRT,Federal Realty Investment Trust,Real Estate,REIT - Retail,9965194240.0,12.59433962264151,11.96587353867708,24.56021316131859,288,260,285,,,-0.15074576688744235,,,0.5113207547169811,37.090237,0.103,0.67989,0.14783,0.34120998,448925248.0,5.65421922766447,0.08955223880597019,0.5637898686679175,0.8037383177570093,0.4861111111111111,0.8261682242990654,0.10244988864142535
SNPS,"Synopsys, Inc.",Technology,Software - Infrastructure,94810750976.0,12.877358490566039,11.660723350233066,24.538081840799105,289,242,308,,,-0.1258122733990752,,,0.5452830188679245,29.019033,0.655,0.82024,0.055430003,0.13340001,3096222464.0,3.485506823608701,0.16791044776119401,0.9606003752345216,0.9401869158878504,0.15476190476190477,0.33457943925233646,0.24053452115812912
AMCR,Amcor plc,Consumer Cyclical,Packaging & Containers,17051310080.0,13.30188679245283,11.221384829427139,24.52327162187997,290,215,333,,,-0.09505887839737714,,,0.5962264150943396,8.58493,0.774,0.19143999,0.08737001,0.0859,149500000.0,3.9663460633484164,0.9085820895522388,0.9662288930581614,0.14392523364485982,0.2638888888888889,0.205607476635514,0.2048997772828508
TRMB,Trimble Inc.,Technology,Scientific & Technical Instruments,12802484224.0,10.314465408805031,14.127115412847061,24.441580821652092,291,411,160,,,-0.29234890305253836,,,0.23773584905660378,13.498733,0.118,0.71480006,0.08252,0.15874,370112512.0,1.414498367530903,0.6623134328358209,0.6210131332082551,0.8504672897196262,0.24603174603174602,0.4093457943925234,0.6013363028953229
ECL,Ecolab Inc.,Basic Materials,Specialty Chemicals,69357486080.0,12.61006289308176,11.792813784680312,24.402876677762073,292,259,299,,,-0.15060937693816223,,,0.5132075471698113,25.625038,0.1,0.44374,0.22427,0.16933,1586424960.0,2.123824224185114,0.20895522388059706,0.5487804878048781,0.5065420560747663,0.6626984126984127,0.44672897196261685,0.45657015590200445
IRM,Iron Mountain Incorporated (Del,Real Estate,REIT - Specialty,36953010176.0,13.679245283018867,10.651489987512837,24.330735270531704,293,191,375,,,-0.06678405536612764,,,0.6415094339622641,46.452866,0.216,0.55018,,0.20955999,-499464512.0,7.739014548071003,0.04850746268656714,0.8255159474671669,0.6504672897196262,,0.5813084112149532,0.024498886414253906
DIS,Walt Disney Company (The),Communication Services,Entertainment,178070568960.0,13.333333333333334,10.99094987183488,24.324283205168214,294,213,349,,,-0.09162360725226737,,,0.6,13.705138,0.065,0.3716,0.1101,0.15512,3751375104.0,1.9489577552990278,0.6492537313432836,0.3696060037523452,0.37383177570093457,0.3551587301587302,0.4,0.4899777282850779
ACN,Accenture plc,Technology,Information Technology Services,109181272064.0,10.125786163522012,14.150700824712883,24.276486988234893,295,423,158,,,-0.3050156461866097,,,0.21509433962264152,11.900242,0.083,0.32026002,0.24763,0.13819,12164313088.0,-0.13773403337458204,0.7406716417910448,0.46716697936210133,0.2803738317757009,0.6964285714285714,0.36074766355140186,0.8507795100222717
EG,"Everest Group, Ltd.",Financial Services,Insurance - Reinsurance,14151793664.0,13.632075471698112,10.607845050508926,24.239920522207036,296,194,378,,,-0.06854082226295488,,,0.6358490566037736,5.901341,-0.047,0.15487,0.13822,0.20232001,3993250048.0,,0.9626865671641791,0.05065666041275797,0.10841121495327102,0.44841269841269843,0.5514018691588785,
PKG,Packaging Corporation of Americ,Consumer Cyclical,Packaging & Containers,18318682112.0,13.317610062893081,10.915920191201211,24.23353025409429,297,214,355,,,-0.09324340781373874,,,0.5981132075471698,16.92415,0.106,0.21753,0.16313,0.13447,391424992.0,1.9051546607494372,0.49626865671641796,0.5722326454033771,0.17009345794392525,0.5376984126984127,0.3401869158878505,0.5033407572383073
WRB,W.R. Berkley Corporation,Financial Services,Insurance - Property & Casualty,25474897920.0,12.059748427672956,12.166958332648433,24.226706760321388,298,301,266,,,-0.1794662385312713,,,0.44716981132075473,14.160431,0.04,0.43651,0.20164,0.17093,3222230528.0,,0.6194029850746269,0.24296435272045028,0.48785046728971965,0.628968253968254,0.4542056074766355,
TFC,Truist Financial Corporation,Financial Services,Banks - Regional,58537627648.0,12.437106918238994,11.762914298707381,24.200021216946375,299,277,302,,,-0.15788873795877678,,,0.49245283018867925,9.164175,0.052,0.0,0.08579001,0.38990003,,,0.8880597014925373,0.2926829268292683,0.020560747663551402,0.25595238095238093,0.8953271028037383,
ESS,"Essex Property Trust, Inc.",Real Estate,REIT - Residential,18760331264.0,13.663522012578616,10.536263524962003,24.19978553754062,300,192,380,,,-0.06792226350167652,,,0.6396226415094339,45.997097,0.064,0.68883,0.105579995,0.35173,983003264.0,5.429079028968549,0.050373134328358216,0.3621013133208255,0.8168224299065421,0.3373015873015873,0.8373831775700935,0.12472160356347439
WFC,Wells Fargo & Company,Financial Services,Banks - Diversified,228917477376.0,12.484276729559747,11.713238458540468,24.197515188100216,301,274,305,,,-0.15529429446677723,,,0.4981132075471698,9.520046,0.057,0.0,0.12028,0.29447,,,0.8638059701492538,0.3123827392120075,0.020560747663551402,0.3888888888888889,0.7570093457943925,
NSC,Norfolk Southern Corporation,Industrials,Railroads,71874568192.0,13.286163522012579,10.908324239340285,24.194487761352864,302,216,356,,,-0.0957739003375695,,,0.5943396226415094,23.669487,0.002,0.45851,0.17615,0.32255,1298749952.0,2.839660947600512,0.2518656716417911,0.11913696060037524,0.5289719626168224,0.5753968253968254,0.8018691588785046,0.3407572383073497
VZ,Verizon Communications Inc.,Communication Services,Telecom Services,198151159808.0,10.455974842767295,13.719898619102185,24.17587346186948,303,402,180,,,-0.2813378284134952,,,0.25471698113207547,8.998273,0.029,0.58909,0.17198,0.25186002,19608500224.0,3.7557262524084507,0.9011194029850746,0.2101313320825516,0.7102803738317757,0.5595238095238095,0.6934579439252336,0.2182628062360802
CRL,Charles River Laboratories Inte,Healthcare,Diagnostics & Research,7430358528.0,16.27358490566038,7.877482411680246,24.151067317340626,304,26,495,,,0.6437905636152941,,,0.9528301886792453,12.531651,0.012,0.34457,-0.0587,0.15923999,510023744.0,3.347348729437393,0.6996268656716418,0.14165103189493433,0.31401869158878504,0.057539682539682536,0.41495327102803736,0.26280623608017817
SHW,Sherwin-Williams Company (The),Basic Materials,Specialty Chemicals,74020282368.0,12.342767295597485,11.804274254889986,24.147041550487472,305,283,298,,,-0.1631748542698348,,,0.4811320754716981,22.62011,0.068,0.49036,0.60723,0.14163,2140024960.0,3.1297276294512146,0.29104477611940294,0.38367729831144465,0.577570093457944,0.9226190476190477,0.3663551401869159,0.2917594654788419
CTSH,Cognizant Technology Solutions ,Technology,Information Technology Services,24177395712.0,10.644654088050315,13.495853307076446,24.14050739512676,306,390,196,,,-0.27175047199523816,,,0.27735849056603773,8.297661,0.058,0.33514,0.14876,0.15574001,1908875008.0,0.25842418235877107,0.9197761194029851,0.32082551594746717,0.30280373831775703,0.49007936507936506,0.40373831775700936,0.8017817371937639
NWS,News Corporation,Communication Services,Entertainment,16523090944.0,13.254716981132075,10.885470838595644,24.14018781972772,307,218,359,,,-0.09691395843436634,,,0.590566037735849,23.662714,0.088,0.5717,0.06524,0.10114,1744000000.0,0.608370798206278,0.25373134328358204,0.49906191369606,0.6831775700934579,0.18353174603174602,0.2457943925233645,0.7472160356347439
QBTS,D-Wave Quantum Inc.,Technology,Computer Hardware,6843975168.0,14.921383647798745,9.04114724972143,23.962530897520175,308,112,462,,,0.05659149064359026,,,0.7905660377358491,-48.802074,-0.809,0.66273004,-0.5527,-19.14871,-63507248.0,,0.9888059701492538,0.01125703564727955,0.7850467289719626,0.011904761904761904,0.011214953271028037,
HIG,"The Hartford Insurance Group, I",Financial Services,Insurance - Diversified,37180362752.0,10.61320754716981,13.346724163939799,23.95993171110961,309,392,202,,,-0.2730968085670804,,,0.27358490566037735,9.409928,0.061,0.38172,0.22735001,0.15296,5603250176.0,,0.875,0.3424015009380863,0.38878504672897196,0.6706349206349206,0.3925233644859813,
JCI,Johnson Controls International ,Industrials,Building Products & Equipment,83000123392.0,14.119496855345911,9.69385753947849,23.8133543948244,310,163,430,,,-0.028762889648465295,,,0.6943396226415094,23.898151,0.082,0.36561,0.13449,0.14017999,2870374912.0,2.0425433359148393,0.2425373134328358,0.4596622889305816,0.35514018691588783,0.43253968253968256,0.3644859813084112,0.4721603563474388
LIN,Linde plc,Basic Materials,Specialty Chemicals,234754523136.0,10.80188679245283,12.988914070852143,23.790800863304973,311,380,219,,,-0.26105888232657326,,,0.2962264150943396,25.760782,0.082,0.48766,0.18229,0.28471002,4694499840.0,1.6723340050601394,0.20708955223880599,0.4596622889305816,0.5700934579439252,0.5912698412698413,0.7457943925233644,0.5434298440979956
IBM,International Business Machines,Technology,Information Technology Services,210647089152.0,10.534591194968552,13.204601895922666,23.73919309089122,312,397,213,,,-0.2751278028278499,,,0.2641509433962264,16.657389,0.095,0.58358,0.35772,0.13809,13080750080.0,3.4687064280942885,0.5074626865671642,0.5375234521575984,0.6990654205607477,0.8234126984126984,0.35887850467289717,0.2427616926503341
VRSK,"Verisk Analytics, Inc.",Industrials,Consulting Services,22408665088.0,9.952830188679245,13.771120226421568,23.723950415100813,313,434,176,,,-0.32352745880588973,,,0.19433962264150945,19.755491,0.039,0.6998,,0.45004,944362496.0,2.681685977287305,0.3824626865671642,0.2401500938086304,0.8317757009345794,,0.9345794392523364,0.3652561247216035
TRGP,"Targa Resources, Inc.",Energy,Oil & Gas Midstream,59236352000.0,13.19182389937107,10.471606077056139,23.66342997642721,314,222,383,,,-0.1012834108962608,,,0.5830188679245283,23.09685,-0.102,0.41766,0.74097997,0.20899999,-318550016.0,3.5370609392891117,0.2705223880597015,0.02626641651031895,0.45607476635514016,0.9444444444444444,0.577570093457944,0.23830734966592426
ABT,Abbott Laboratories,Healthcare,Medical Devices,154411728896.0,11.540880503144653,12.086112112700336,23.62699261584499,315,334,274,,,-0.212114159203993,,,0.3849056603773585,14.619184,0.078,0.56503,0.123339996,0.13472,6341125120.0,2.3214620433169255,0.6044776119402986,0.4427767354596623,0.6747663551401869,0.40674603174603174,0.34205607476635513,0.4298440979955457
D,"Dominion Energy, Inc.",Utilities,Utilities - Regulated Electric,59723296768.0,11.226415094339622,12.35878276036852,23.58519785470814,316,354,253,,,-0.22860703421504613,,,0.3471698113207547,17.82059,0.231,0.47263,0.09787,0.28751,-9948250112.0,6.430164008800924,0.457089552238806,0.8470919324577861,0.5514018691588785,0.30753968253968256,0.7495327102803738,0.053452115812917644
GNRC,Generac Holdlings Inc.,Industrials,Specialty Industrial Machinery,14372788224.0,13.726415094339622,9.844030676593912,23.57044577093353,317,188,419,,,-0.06515897274833682,,,0.6471698113207547,22.11736,0.124,0.38138,0.07388,0.11071999,115297624.0,1.7902757056200138,0.3078358208955224,0.6529080675422139,0.38691588785046727,0.2123015873015873,0.27476635514018694,0.5278396436525612
INTC,Intel Corporation,Technology,Semiconductors,560850796544.0,16.5251572327044,7.013983914798572,23.539141147502974,318,10,511,,,1.6053160821468526,,,0.9830188679245283,72.474144,0.072,0.372,-0.02911,0.06879,-8301250048.0,1.2357482789016103,0.020522388059701524,0.4099437148217636,0.37570093457943926,0.06746031746031746,0.17943925233644858,0.6302895322939867
CTVA,"Corteva, Inc.",Basic Materials,Agricultural Inputs,53375176704.0,10.660377358490566,12.863286160143202,23.523663518633768,319,389,232,,,-0.2704437502396806,,,0.2792452830188679,19.50512,0.11,0.48561,0.051370002,0.2369,2576124928.0,0.5871344641926068,0.38619402985074625,0.5863039399624765,0.5682242990654206,0.14285714285714285,0.6485981308411215,0.755011135857461
UNH,UnitedHealth Group Incorporated,Healthcare,Healthcare Plans,355856384000.0,15.738993710691826,7.781805718000388,23.520799428692214,320,60,496,,,0.22301451877432776,,,0.8886792452830189,18.870852,0.02,0.18801,0.121759996,0.080469996,17687500800.0,1.5689067835692079,0.40858208955223885,0.15947467166979362,0.13457943925233645,0.3948412698412698,0.2,0.5701559020044543
TLN,Talen Energy Corporation,Utilities,Utilities - Independent Power Producers,14324927488.0,11.682389937106919,11.823321423807538,23.505711360914457,321,325,297,,,-0.2034199203903131,,,0.4018867924528302,9.165704,0.967,0.40142,-0.01864,0.17243999,1386875008.0,16.051545731958765,0.8861940298507462,0.9793621013133208,0.4261682242990654,0.07341269841269842,0.4635514018691589,0.008908685968819552
CMG,"Chipotle Mexican Grill, Inc.",Consumer Cyclical,Restaurants,42849726464.0,11.965408805031446,11.531979988051239,23.497388793082685,322,307,315,,,-0.18609558108161006,,,0.4358490566037736,24.609184,0.074,0.39648998,0.49231997,0.13271,1087909760.0,2.084086651242287,0.2276119402985075,0.42401500938086306,0.41682242990654206,0.8988095238095238,0.33271028037383177,0.46770601336302897
PHM,"PulteGroup, Inc.",Consumer Cyclical,Residential Construction,21128744960.0,12.279874213836479,11.19662908207756,23.47650329591404,323,287,334,,,-0.16716905353392209,,,0.47358490566037736,9.91337,-0.124,0.261,0.16178,0.13135,1483359744.0,0.4154020960412087,0.835820895522388,0.01125703564727955,0.20934579439252338,0.5297619047619048,0.32149532710280376,0.779510022271715
WMB,"Williams Companies, Inc. (The)",Energy,Oil & Gas Midstream,96769736704.0,10.770440251572328,12.695850504440296,23.466290756012626,324,382,240,,,-0.2621896029447701,,,0.29245283018867924,30.51885,0.09,0.63506,0.19656,0.33609,-190250000.0,4.34949541282066,0.14552238805970152,0.5131332082551595,0.7682242990654206,0.621031746031746,0.8186915887850468,0.1804008908685969
SYY,Sysco Corporation,Consumer Defensive,Food Distribution,36145819648.0,13.647798742138365,9.815302425587218,23.463101167725583,325,193,424,,,-0.06805191355243378,,,0.6377358490566037,15.257453,0.047,0.18537001,0.81894994,0.03748,1868375040.0,2.9523702704529065,0.5690298507462687,0.27861163227016883,0.1308411214953271,0.9523809523809523,0.10186915887850467,0.3229398663697105
HST,"Host Hotels & Resorts, Inc.",Real Estate,REIT - Hotel & Motel,15158793216.0,14.245283018867925,9.211227875721866,23.45651089458979,326,155,453,,,-0.013039923616134708,,,0.7094339622641509,21.85,0.028,0.28978002,0.1487,0.19163,1190875008.0,2.1781711602342453,0.31343283582089554,0.2026266416510319,0.23925233644859814,0.4880952380952381,0.5196261682242991,0.4476614699331849
PEP,"Pepsico, Inc.",Consumer Defensive,Beverages - Non-Alcoholic,204426018816.0,9.213836477987421,14.240400107793114,23.454236585780535,327,481,152,,,-0.38857975917651677,,,0.10566037735849057,16.3488,0.085,0.54383,0.43879002,0.16961999,8746250240.0,2.250714798822134,0.5279850746268657,0.47654784240150094,0.6448598130841121,0.8809523809523809,0.4485981308411215,0.43875278396436523
TMUS,"T-Mobile US, Inc.",Communication Services,Telecom Services,208389324800.0,8.962264150943396,14.475985652898213,23.438249803841607,328,497,140,,,-0.44739976017984395,,,0.07547169811320754,13.79425,0.106,0.63281,0.18024999,0.2401,11147374592.0,3.4215475220515583,0.6417910447761195,0.5722326454033771,0.7663551401869159,0.5853174603174603,0.6635514018691588,0.24498886414253895
BAX,Baxter International Inc.,Healthcare,Medical Instruments & Supplies,9466876928.0,15.91194968553459,7.524846885663434,23.436796571198023,329,49,504,,,0.2768737964414707,,,0.909433962264151,9.098806,0.029,0.34647,-0.15010999,0.060349997,900875008.0,3.9899151762208067,0.8899253731343284,0.2101313320825516,0.31588785046728973,0.03968253968253968,0.14766355140186915,0.20267260579064583
FTV,Fortive Corporation,Technology,Scientific & Technical Instruments,17872478208.0,12.169811320754716,11.251631019499646,23.421442340254362,330,294,329,,,-0.17581902225408386,,,0.46037735849056605,18.212177,0.077,0.63255,0.06814,0.17926,953612480.0,2.6112912158777237,0.4402985074626866,0.43808630393996245,0.7644859813084112,0.2003968253968254,0.4785046728971963,0.378619153674833
AVY,Avery Dennison Corporation,Consumer Cyclical,Packaging & Containers,11900756992.0,11.792452830188678,11.577108836912876,23.369561667101554,331,318,313,,,-0.19356127949989532,,,0.41509433962264153,13.933705,0.07,0.28755,0.30857,0.12604,809049984.0,2.278984259891411,0.6287313432835822,0.39587242026266417,0.22990654205607478,0.7738095238095238,0.31588785046728973,0.4342984409799554
DOV,Dover Corporation,Industrials,Specialty Industrial Machinery,28206180352.0,10.597484276729558,12.753698357097187,23.351182633826745,332,393,236,,,-0.27384389275076737,,,0.27169811320754716,18.071182,0.101,0.40041,0.14998001,0.16395001,840764352.0,0.7878596823707563,0.44589552238805974,0.5525328330206379,0.42429906542056073,0.49404761904761907,0.4336448598130841,0.7104677060133631
T,AT&T Inc.,Communication Services,Telecom Services,172631474176.0,9.70125786163522,13.630853389712282,23.332111251347502,333,450,185,,,-0.34970910801897725,,,0.1641509433962264,9.71483,0.029,0.59414,0.18370001,0.22723,8849000448.0,3.297491868885714,0.8470149253731343,0.2101313320825516,0.7233644859813084,0.5952380952380952,0.6261682242990654,0.26948775055679286
OMC,Omnicom Group Inc.,Communication Services,Advertising Agencies,20648699904.0,11.30503144654088,12.017356656751204,23.322388103292084,334,349,281,,,-0.22486859977296692,,,0.35660377358490564,5.826339,0.692,0.18431999,0.02015,0.11918,5066650112.0,2.1963824654655895,0.9645522388059702,0.9624765478424016,0.1252336448598131,0.09523809523809523,0.29345794392523367,0.44320712694877507
BSX,Boston Scientific Corporation,Healthcare,Medical Devices,84469571584.0,8.647798742138365,14.665946630245944,23.31374537238431,335,517,132,,,-0.5119193973639491,,,0.03773584905660377,15.107732,0.116,0.68943,0.14661,0.20603001,2807124992.0,2.116091729043973,0.5802238805970149,0.6116322701688556,0.8186915887850468,0.48412698412698413,0.5663551401869159,0.4587973273942093
STE,STERIS plc (Ireland),Healthcare,Medical Devices,21181106176.0,10.943396226415093,12.361125080319303,23.304521306734394,336,371,252,,,-0.24899612001677995,,,0.3132075471698113,17.835537,0.073,0.44278,0.11368,0.20001,587568000.0,0.9522706482612988,0.4552238805970149,0.4165103189493433,0.5046728971962616,0.373015873015873,0.5401869158878505,0.6770601336302895
CMCSA,Comcast Corporation,Communication Services,Telecom Services,88359075840.0,8.867924528301886,14.420221229358027,23.288145757659912,337,503,145,,,-0.4531064861269548,,,0.06415094339622641,6.4882946,0.053,0.70129997,0.20918,0.13145,4013125120.0,2.427728719730421,0.9514925373134329,0.29831144465290804,0.8336448598130841,0.6468253968253969,0.3252336448598131,0.4053452115812918
MKC,"McCormick & Company, Incorporat",Consumer Defensive,Packaged Foods,12684021760.0,10.188679245283017,13.091309895084654,23.27998914036767,338,419,217,,,-0.30020322652116405,,,0.22264150943396227,14.095911,0.167,0.38181,0.25347,0.14344,372775008.0,3.170719808843931,0.6231343283582089,0.7523452157598499,0.39065420560747666,0.7142857142857143,0.3719626168224299,0.28953229398663693
CPRT,"Copart, Inc.",Industrials,Specialty Business Services,31991472128.0,9.355345911949687,13.916121465929935,23.271467377879624,339,472,167,,,-0.3769420973758262,,,0.12264150943396226,19.77857,-0.036,0.47344002,0.17129,0.34654,1035371520.0,-2.338746947357639,0.37873134328358204,0.06285178236397748,0.5551401869158878,0.5555555555555556,0.8299065420560747,0.9576837416481069
AOS,A.O. Smith Corporation,Industrials,Specialty Industrial Machinery,7726672896.0,10.283018867924527,12.906715902293625,23.189734770218152,340,413,225,,,-0.2929039263326654,,,0.2339622641509434,13.413442,-0.019,0.38764998,0.28267,0.17111,495612512.0,0.6327676665159695,0.664179104477612,0.08161350844277673,0.40186915887850466,0.75,0.45607476635514016,0.7438752783964365
GPC,Genuine Parts Company,Consumer Cyclical,Auto Parts,12863229952.0,14.38679245283019,8.78316825170681,23.169960704536997,341,146,471,,,0.007376703805239915,,,0.7264150943396226,11.042531,0.068,0.37515998,0.01342,0.05771,755362496.0,2.9687755755424665,0.789179104477612,0.38367729831144465,0.3813084112149533,0.09325396825396826,0.14205607476635515,0.3184855233853007
EIX,Edison International,Utilities,Utilities - Regulated Electric,26939424768.0,8.852201257861637,14.309165462513526,23.161366720375163,342,504,148,,,-0.45465394389434366,,,0.062264150943396226,10.749155,0.077,0.58677,0.18864,0.27492002,-1134000000.0,4.848600379464821,0.8022388059701493,0.43808630393996245,0.7065420560747664,0.6031746031746031,0.7327102803738318,0.15144766146993316
TDY,Teledyne Technologies Incorpora,Technology,Scientific & Technical Instruments,28062947328.0,12.216981132075471,10.907615835663869,23.12459696773934,343,291,357,,,-0.1723571743078116,,,0.4660377358490566,23.266773,0.076,0.42873,0.09049,0.19031,760562496.0,1.0593444260236122,0.2630597014925373,0.4324577861163227,0.4691588785046729,0.2757936507936508,0.5158878504672897,0.6614699331848553
GEHC,GE HealthCare Technologies Inc.,Healthcare,Medical Devices,28112312320.0,11.0062893081761,12.114846405677564,23.121135713853665,344,367,267,,,-0.24232215190323747,,,0.32075471698113206,11.501226,0.074,0.39144,0.19462,0.11089,1717374976.0,2.355134919768615,0.7611940298507462,0.42401500938086306,0.4074766355140187,0.6150793650793651,0.2766355140186916,0.423162583518931
PLD,"Prologis, Inc.",Real Estate,REIT - Industrial,132499218432.0,12.075471698113208,11.028672094857143,23.10414379297035,345,300,346,,,-0.17946144855621982,,,0.4490566037735849,41.824608,0.083,0.756,0.06844,0.38491002,4854310400.0,5.2436180206309295,0.06343283582089554,0.46716697936210133,0.8897196261682243,0.20436507936507936,0.8841121495327103,0.13808463251670378
LH,Labcorp Holdings Inc.,Healthcare,Diagnostics & Research,20791920640.0,13.962264150943396,9.128918675130366,23.091182826073762,346,173,457,,,-0.03773662777401432,,,0.6754716981132075,13.0418005,0.058,0.28834,0.11047,0.10945,1142537472.0,2.8800758167407308,0.6735074626865671,0.32082551594746717,0.2336448598130841,0.35714285714285715,0.2672897196261682,0.33853006681514475
PWR,"Quanta Services, Inc.",Industrials,Engineering & Construction,107887247360.0,14.481132075471697,8.589114619441855,23.07024669491355,347,140,477,,,0.012121301125747053,,,0.7377358490566037,43.825478,0.263,0.15100001,0.13534,0.04244,1037176768.0,2.0021989803394784,0.052238805970149294,0.8724202626641651,0.102803738317757,0.4444444444444444,0.10841121495327102,0.48106904231625836
WELL,Welltower Inc.,Real Estate,REIT - Healthcare Facilities,152481054720.0,14.261006289308176,8.777842591541681,23.038848880849855,348,154,472,,,-0.012606625146069472,,,0.7113207547169811,64.86637,0.383,0.39870998,0.03665,0.18039,2600212736.0,5.315081440910481,0.026119402985074647,0.924953095684803,0.4224299065420561,0.11507936507936507,0.4822429906542056,0.13585746102449892
COP,ConocoPhillips,Energy,Oil & Gas E&P,152689885184.0,10.817610062893081,12.210604652854828,23.028214715747907,349,379,265,,,-0.25824839759608054,,,0.2981132075471698,13.960759,-0.053,0.45591,0.112840004,0.22051,5289124864.0,0.5824495502200491,0.6268656716417911,0.0450281425891182,0.5233644859813084,0.3630952380952381,0.6149532710280374,0.7572383073496659
REG,Regency Centers Corporation,Real Estate,REIT - Retail,14405209088.0,11.100628930817608,11.921728460411007,23.022357391228617,350,361,290,,,-0.23897905548231646,,,0.3320754716981132,30.412937,0.1,0.71702003,0.08003,0.40727,574623104.0,4.621566455769939,0.14925373134328357,0.5487804878048781,0.8523364485981308,0.2361111111111111,0.9121495327102803,0.16258351893095768
SWK,"Stanley Black & Decker, Inc.",Industrials,Tools & Accessories,11578331136.0,15.235849056603776,7.78164139908132,23.017490455685095,351,92,497,,,0.10776620201027276,,,0.8283018867924529,12.018138,0.027,0.30622998,0.04165,0.06437,842187520.0,2.5790619022557446,0.7332089552238805,0.19606003752345216,0.2635514018691589,0.13095238095238096,0.16074766355140188,0.38307349665924273
SOUN,"SoundHound AI, Inc.",Technology,Software - Application,3689360896.0,11.053459119496855,11.955842766194927,23.009301885691784,352,364,286,,,-0.24071123546790785,,,0.3264150943396226,-71.041664,0.517,0.40587002,-0.39402,-1.39299,-16690625.0,,0.9888059701492538,0.9474671669793621,0.43177570093457945,0.011904761904761904,0.011214953271028037,
J,Jacobs Solutions Inc.,Industrials,Engineering & Construction,13408083968.0,13.00314465408805,9.981429006513801,22.984573660601853,353,234,411,,,-0.11561242340005551,,,0.560377358490566,13.724078,0.27,0.2342,0.09380999,-0.00936,512446368.0,2.721801834000954,0.6473880597014925,0.8799249530956847,0.18504672897196262,0.2857142857142857,0.041121495327102804,0.35634743875278396
ES,Eversource Energy (D/B/A),Utilities,Utilities - Regulated Electric,25817894912.0,10.723270440251572,12.215647066537024,22.938917506788595,354,385,263,,,-0.2640400082787214,,,0.28679245283018867,13.833754,0.094,0.5349,0.10912,0.24872999,587291392.0,5.673690411173309,0.6380597014925373,0.5328330206378987,0.6317757009345795,0.3492063492063492,0.6841121495327103,0.09576837416481065
CINF,Cincinnati Financial Corporatio,Financial Services,Insurance - Property & Casualty,25912348672.0,12.106918238993709,10.817043010636107,22.923961249629816,355,298,366,,,-0.17909082376705032,,,0.4528301886792453,18.241901,0.116,0.27938998,0.18735,0.11841,2748250112.0,,0.43656716417910446,0.6116322701688556,0.22242990654205608,0.6011904761904762,0.29158878504672897,
YUM,"Yum! Brands, Inc.",Consumer Cyclical,Restaurants,42098384896.0,10.0,12.907769419444918,22.907769419444918,356,431,224,,,-0.31826479447823797,,,0.2,20.37582,0.152,0.45663,,0.31083,1261500032.0,4.149608740547588,0.35634328358208955,0.7204502814258912,0.525233644859813,,0.7813084112149533,0.1982182628062361
SBAC,SBA Communications Corporation,Real Estate,REIT - Specialty,21975728128.0,10.89622641509434,12.003358330176543,22.899584745270882,357,374,283,,,-0.25053758382535574,,,0.30754716981132074,25.563187,0.059,0.74191004,,0.52423,-301849504.0,8.116490384081743,0.2126865671641791,0.32833020637898686,0.874766355140187,,0.9626168224299065,0.022271714922049046
AI,"C3.ai, Inc.",Technology,Software - Infrastructure,1279289216.0,15.267295597484276,7.461847486853525,22.7291430843378,358,90,505,,,0.11814066718564709,,,0.8320754716981132,-10.484015,-0.461,0.43452,-0.55012,-2.63627,11594375.0,,0.9738805970149254,0.01125703564727955,0.48411214953271026,0.011904761904761904,0.011214953271028037,
CI,The Cigna Group,Healthcare,Healthcare Plans,77235527680.0,12.68867924528302,10.020062332928394,22.708741578211413,359,254,409,,,-0.14263350679153985,,,0.5226415094339623,8.703317,0.046,0.09149,0.16268998,0.054780003,6923375104.0,1.929848051815461,0.9048507462686567,0.27204502814258913,0.06355140186915888,0.5357142857142857,0.13644859813084112,0.4922048997772829
MCD,McDonald's Corporation,Consumer Cyclical,Restaurants,200657518592.0,8.89937106918239,13.790734786877707,22.690105856060097,360,501,175,,,-0.45083178010270175,,,0.06792452830188679,19.857908,0.094,0.57348996,,0.44252998,5952249856.0,3.602277410655828,0.3768656716417911,0.5328330206378987,0.6897196261682244,,0.9271028037383178,0.23162583518930957
NVR,"NVR, Inc.",Consumer Cyclical,Residential Construction,15497930752.0,10.927672955974844,11.745501678000338,22.67317463397518,361,372,303,,,-0.24993085190183695,,,0.3113207547169811,13.675723,-0.214,0.22489999,0.33257,0.13517,1250691712.0,-0.00226535631693297,0.6511194029850746,0.01125703564727955,0.17757009345794392,0.7916666666666666,0.34766355140186916,0.8396436525612472
EXR,Extra Space Storage Inc,Real Estate,REIT - Industrial,30802251776.0,12.264150943396228,10.379984065049095,22.644135008445325,362,288,388,,,-0.1685877720297564,,,0.4716981132075472,29.162872,0.038,0.74831,0.0683,0.43982,1340995200.0,5.936857794971012,0.1623134328358209,0.2373358348968105,0.8859813084112149,0.20238095238095238,0.9252336448598131,0.07795100222717144
EQIX,"Equinix, Inc.",Real Estate,REIT - Specialty,103812866048.0,12.468553459119496,10.060163018043326,22.528716477162824,363,275,407,,,-0.15607204804268737,,,0.4962264150943396,54.756905,0.121,0.51606,0.10059,0.24343,2725125120.0,4.928854404011734,0.03731343283582089,0.6397748592870544,0.6018691588785047,0.31746031746031744,0.6710280373831776,0.14699331848552344
CIEN,Ciena Corporation,Technology,Communication Equipment,75971960832.0,11.147798742138365,11.308913435322895,22.45671217746126,364,358,324,,,-0.23681850758143375,,,0.33773584905660375,61.463085,0.331,0.42125,0.08201,0.13399,699300736.0,0.6395428071323056,0.02985074626865669,0.9043151969981238,0.45794392523364486,0.24206349206349206,0.3383177570093458,0.7416481069042316
CEG,Constellation Energy Corporatio,Utilities,Utilities - Independent Power Producers,93728456704.0,9.968553459119496,12.426049684380686,22.394603143500184,365,433,248,,,-0.321786836331578,,,0.19622641509433963,19.12829,0.638,0.23263,0.16104999,0.21858,-4478875136.0,3.0184859476861168,0.3973880597014925,0.9587242026266416,0.18317757009345795,0.5277777777777778,0.6056074766355141,0.3095768374164811
CHD,"Church & Dwight Company, Inc.",Consumer Defensive,Household & Personal Products,22746585088.0,11.761006289308177,10.614206146477263,22.375212435785443,366,320,377,,,-0.19482683556387626,,,0.41132075471698115,23.939672,0.002,0.45470002,0.16779,0.20233999,1128824960.0,1.6042958606436375,0.24067164179104472,0.11913696060037524,0.5214953271028038,0.5515873015873016,0.5532710280373832,0.5612472160356348
ARE,Alexandria Real Estate Equities,Real Estate,REIT - Office,8048635904.0,12.657232704402515,9.707551585197294,22.36478428959981,367,256,429,,,-0.14556371353388542,,,0.5188679245283019,-52.482956,-0.115,0.6859,-0.04144,0.15890999,1408723072.0,7.125561329474147,0.9888059701492538,0.01125703564727955,0.8149532710280374,0.06349206349206349,0.411214953271028,0.04008908685968815
AIG,"American International Group, I",Financial Services,Insurance - Diversified,41422360576.0,11.839622641509434,10.52246241856743,22.362085060076865,368,315,381,,,-0.19272683874781538,,,0.4207547169811321,8.795147,0.014,0.35534,0.07723,0.18620001,9517249536.0,,0.9029850746268657,0.1472795497185741,0.33084112149532713,0.2261904761904762,0.497196261682243,
DHI,"D.R. Horton, Inc.",Consumer Cyclical,Residential Construction,38417240064.0,12.531446540880504,9.815382760846962,22.346829301727468,369,264,423,,,-0.15418208357292817,,,0.5037735849056604,11.255525,-0.023,0.21597,0.13084,0.11257,2875425024.0,1.2378737101380815,0.7817164179104478,0.07692307692307693,0.16822429906542055,0.4226190476190476,0.2803738317757009,0.6258351893095768
PLAB,"Photronics, Inc.",Technology,Semiconductor Equipment & Materials,2703019520.0,9.465408805031446,12.873081883308998,22.338490688340443,370,465,231,,,-0.3690182206855708,,,0.13584905660377358,19.423729,0.061,0.35141,0.12222999,0.24375,36507248.0,-2.4427507099671653,0.3880597014925373,0.3424015009380863,0.3233644859813084,0.39880952380952384,0.6747663551401869,0.9621380846325167
EFX,"Equifax, Inc.",Industrials,Consulting Services,19482488832.0,8.9937106918239,13.338698964703935,22.332409656527837,371,495,203,,,-0.41534637503068783,,,0.07924528301886792,15.690122,0.143,0.56124,0.1437,0.17448,1024662528.0,2.752689326983288,0.5503731343283582,0.6960600375234521,0.6710280373831776,0.4642857142857143,0.4654205607476635,0.3541202672605791
HSIC,"Henry Schein, Inc.",Healthcare,Medical Distribution,8337567744.0,13.946540880503145,8.382201453198268,22.328742333701413,372,174,484,,,-0.04042624923883742,,,0.6735849056603773,12.388246,0.063,0.31194,0.08762,0.05849,290124992.0,3.385185125925926,0.710820895522388,0.35834896810506567,0.27476635514018694,0.26587301587301587,0.14579439252336449,0.2561247216035635
FIS,Fidelity National Information S,Technology,Information Technology Services,22370529280.0,8.69496855345912,13.620607442348817,22.315575995807936,373,514,187,,,-0.5063570493667361,,,0.04339622641509434,6.3426,0.301,0.36285,0.17225,0.16388,2446874880.0,5.820658197502838,0.9533582089552238,0.8921200750469043,0.34766355140186916,0.5634920634920635,0.42990654205607476,0.08240534521158127
FE,FirstEnergy Corp.,Utilities,Utilities - Regulated Electric,25922392064.0,9.874213836477987,12.421583568753224,22.295797405231212,374,439,249,,,-0.3347456332534079,,,0.18490566037735848,15.210913,0.116,0.68425006,0.094610006,0.20514,-1835124992.0,5.33382485379388,0.5727611940298507,0.6116322701688556,0.8130841121495327,0.2896825396825397,0.5626168224299065,0.13140311804008908
TTWO,"Take-Two Interactive Software, ",Communication Services,Electronic Gaming & Multimedia,44024999936.0,12.389937106918241,9.8871035090146,22.27704061593284,375,280,415,,,-0.1589638790804293,,,0.4867924528301887,30.009378,0.249,0.59289,-0.86217004,-0.020480001,1484974976.0,1.4587084340230527,0.15298507462686572,0.8611632270168855,0.719626168224299,0.011904761904761904,0.03925233644859813,0.5879732739420935
AES,The AES Corporation,Utilities,Utilities - Diversified,10379296768.0,12.783018867924529,9.492284953849838,22.275303821774365,376,248,443,,,-0.13621894028940695,,,0.5339622641509434,6.0926247,0.087,0.19299999,0.052600004,0.18742001,-2964999936.0,7.638820304233661,0.9589552238805971,0.48686679174484054,0.14953271028037382,0.1488095238095238,0.502803738317757,0.031180400890868598
PSTG,"Everpure, Inc.",Technology,Computer Hardware,22405251072.0,12.5,9.73825797580854,22.23825797580854,377,266,426,,,,,,,23.884089,,0.70381,0.13675,-0.18452999,376732640.0,,0.24440298507462688,,0.8392523364485981,0.44642857142857145,0.028037383177570093,
GD,General Dynamics Corporation,Industrials,Aerospace & Defense,92314042368.0,11.194968553459118,10.962077233944283,22.1570457874034,378,356,352,,,-0.22946772543431848,,,0.3433962264150943,18.86392,0.103,0.15241,0.17974001,0.10541,5289500160.0,0.7758178684836942,0.4104477611940298,0.5637898686679175,0.10467289719626169,0.5813492063492064,0.25794392523364484,0.7126948775055679
ODFL,"Old Dominion Freight Line, Inc.",Industrials,Trucking,43111825408.0,10.581761006289309,11.564850575453727,22.146611581743038,379,394,314,,,-0.27397150409596904,,,0.269811320754717,33.49345,-0.029,0.38946,0.23331,0.23775999,861986240.0,-0.14718697177265114,0.11194029850746268,0.07223264540337711,0.40373831775700936,0.6785714285714286,0.6560747663551402,0.8530066815144766
ORLY,"O'Reilly Automotive, Inc.",Consumer Cyclical,Auto Parts,76125765632.0,10.550314465408805,11.582468980939305,22.13278344634811,380,396,312,,,-0.2747758860103723,,,0.2660377358490566,25.426683,0.102,0.51632,,0.18454,1330813184.0,2.23640894171449,0.21641791044776115,0.5581613508442776,0.6056074766355141,,0.4953271028037383,0.4409799554565702
BALL,Ball Corporation,Consumer Cyclical,Packaging & Containers,14739406848.0,11.179245283018869,10.943839084685775,22.123084367704642,381,357,353,,,-0.23298286221636078,,,0.34150943396226413,12.24768,0.163,0.1917,0.16785999,0.09353,403500000.0,3.411368077071291,0.7182835820895522,0.7429643527204502,0.14579439252336449,0.5535714285714286,0.21869158878504674,0.24721603563474392
NCLH,Norwegian Cruise Line Holdings ,Consumer Cyclical,Travel Services,6849923584.0,9.433962264150942,12.675182888159897,22.109145152310838,382,467,241,,,-0.3706751649026758,,,0.1320754716981132,7.2926693,0.096,0.43047002,0.29533002,0.10515001,-1500744960.0,6.07538660887455,0.9365671641791045,0.5412757973733584,0.47570093457943924,0.7589285714285714,0.2560747663551402,0.07349665924276172
CHTR,"Charter Communications, Inc.",Communication Services,Telecom Services,20028975104.0,8.364779874213836,13.733259445915666,22.0980393201295,383,535,178,,,-0.7082968966986909,,,0.0037735849056603774,3.20849,-0.01,0.55346,0.27504998,0.23879999,2403624960.0,4.4098558273418105,0.9720149253731343,0.09662288930581614,0.6598130841121496,0.7380952380952381,0.6579439252336449,0.17149220489977723
CAH,"Cardinal Health, Inc.",Healthcare,Medical Distribution,47384530944.0,12.940251572327044,9.156640945363243,22.096892517690286,384,238,456,,,-0.12126269066801276,,,0.5528301886792453,16.891743,0.11,0.037550002,,0.01413,4849999872.0,1.2115928671065033,0.5,0.5863039399624765,0.04299065420560748,,0.06728971962616823,0.6347438752783965
O,Realty Income Corporation,Real Estate,REIT - Retail,57758588928.0,10.220125786163521,11.87517913195617,22.09530491811969,385,417,294,,,-0.29957617945136683,,,0.22641509433962265,34.0616,0.12,0.92597,0.02831,0.45526,1797902592.0,5.7420518066512685,0.10634328358208955,0.6332082551594747,0.9775700934579439,0.10515873015873016,0.9364485981308411,0.09131403118040093
KMI,"Kinder Morgan, Inc.",Energy,Oil & Gas Midstream,77001228288.0,10.251572327044025,11.835527506877181,22.087099833921208,386,415,295,,,-0.29593250476932875,,,0.23018867924528302,22.643856,0.138,0.49446,0.10597,0.29909,1646875008.0,4.2349707626868875,0.2873134328358209,0.6810506566604128,0.5794392523364486,0.3392857142857143,0.7663551401869159,0.1870824053452116
LYV,"Live Nation Entertainment, Inc.",Communication Services,Entertainment,38260314112.0,13.78930817610063,8.250538717873264,22.039846893973895,387,184,490,,,-0.058553148257922905,,,0.6547169811320754,76.04216,0.122,0.25868,0.14927,-0.09927,2120347904.0,1.4255719531276632,0.009328358208955279,0.6463414634146342,0.205607476635514,0.49206349206349204,0.029906542056074768,0.5968819599109132
BXP,"BXP, Inc.",Real Estate,REIT - Office,10516807680.0,14.339622641509434,7.695313883181644,22.034936524691076,388,149,501,,,-0.002042474287091034,,,0.720754716981132,27.752811,0.006,0.56131,0.05525,0.25675,941118656.0,9.809181775612759,0.1772388059701493,0.12664165103189493,0.6728971962616822,0.1527777777777778,0.708411214953271,0.008908685968819552
AWK,"American Water Works Company, I",Utilities,Utilities - Regulated Water,24326094848.0,10.70754716981132,11.310593688014627,22.018140857825948,389,386,323,,,-0.26748979513350857,,,0.2849056603773585,18.943905,0.057,0.60826,0.10217,0.33223,-1896625024.0,5.438036420197161,0.4048507462686567,0.3123827392120075,0.7364485981308411,0.32341269841269843,0.8149532710280374,0.12249443207126953
OKE,"ONEOK, Inc.",Energy,Oil & Gas Midstream,59859419136.0,10.754716981132075,11.230901056873295,21.98561803800537,390,383,331,,,-0.2636245934037109,,,0.29056603773584905,15.33775,0.196,0.29636,0.15903,0.1492,454375008.0,4.284354440104646,0.5634328358208955,0.799249530956848,0.24485981308411214,0.5198412698412699,0.38317757009345793,0.18485523385300673
INVH,Invitation Homes Inc.,Real Estate,REIT - Residential,17037124608.0,12.767295597484276,9.212198037275964,21.97949363476024,391,249,452,,,-0.1365335874913567,,,0.5320754716981132,43.177166,0.092,0.57181,0.061929997,0.24277,1021075392.0,5.647137619053388,0.05597014925373134,0.524390243902439,0.685981308411215,0.17261904761904762,0.6672897196261682,0.10467706013363032
DVN,Devon Energy Corporation,Energy,Oil & Gas E&P,57447727104.0,10.141509433962264,11.77659002726301,21.918099461225275,392,422,301,,,-0.30469903807739385,,,0.2169811320754717,9.420246,-0.008,0.46929002,0.15178001,0.06856,1600499968.0,1.2262438231826065,0.8712686567164178,0.10600375234521577,0.5439252336448598,0.49603174603174605,0.1766355140186916,0.6325167037861915
FANG,"Diamondback Energy, Inc.",Energy,Oil & Gas E&P,58449870848.0,10.50314465408805,11.392112662993547,21.895257317081597,393,399,318,,,-0.2781086104663676,,,0.26037735849056604,12.19714,0.042,0.72246003,0.0047400002,0.0579,1397250048.0,1.0315789371888122,0.7238805970149254,0.24765478424015008,0.8654205607476636,0.0873015873015873,0.14392523364485982,0.665924276169265
EPAM,"EPAM Systems, Inc.",Technology,Information Technology Services,5280869376.0,8.977987421383649,12.900767251909349,21.878754673292995,394,496,227,,,-0.4224492410407634,,,0.07735849056603773,7.1654916,0.076,0.29055,0.10932,0.09511,692900224.0,-0.8457620449036188,0.9402985074626866,0.4324577861163227,0.2411214953271028,0.35119047619047616,0.22242990654205608,0.9086859688195991
IR,Ingersoll Rand Inc.,Industrials,Specialty Industrial Machinery,26986588160.0,11.462264150943396,10.384220850281745,21.84648500122514,395,339,387,,,-0.21490224750540143,,,0.3754716981132076,17.930317,0.076,0.43222,0.057150003,0.17069,1035425024.0,1.848910383101637,0.4496268656716418,0.4324577861163227,0.4803738317757009,0.16071428571428573,0.4523364485981308,0.5167037861915367
COST,Costco Wholesale Corporation,Consumer Defensive,Discount Stores,483463692288.0,10.4874213836478,11.345417584614548,21.832838968262347,396,400,320,,,-0.2800929361616129,,,0.25849056603773585,48.345707,0.215,0.12926,0.29650998,0.036730003,6690375168.0,-0.8862037840575916,0.04477611940298509,0.8236397748592871,0.08411214953271028,0.7619047619047619,0.09532710280373832,0.9131403118040089
TKO,"TKO Group Holdings, Inc.",Communication Services,Entertainment,14414034944.0,10.172955974842768,11.650890415350068,21.823846390192834,397,420,309,,,-0.30044616464368845,,,0.22075471698113208,41.24178,0.259,0.59119,0.06736,0.21215001,830904512.0,2.6918193920480356,0.06902985074626866,0.8667917448405253,0.7140186915887851,0.19642857142857142,0.5869158878504673,0.36302895322939865
DRI,"Darden Restaurants, Inc.",Consumer Cyclical,Restaurants,22215780352.0,11.729559748427672,10.087890709602831,21.817450458030503,398,322,405,,,-0.201193522110797,,,0.4075471698113208,17.056366,0.059,0.21507,0.51539004,0.13153,678150016.0,3.898053360996262,0.4850746268656716,0.32833020637898686,0.16448598130841122,0.9067460317460317,0.32710280373831774,0.20935412026726052
FN,Fabrinet,Technology,Electronic Components,24237207552.0,9.764150943396228,12.046837591441246,21.810988534837474,399,446,278,,,-0.34695930104688844,,,0.17169811320754716,39.174294,0.393,0.12037,0.1999,0.098859996,-79178376.0,-1.6412241375890182,0.07462686567164178,0.9287054409005628,0.07476635514018691,0.626984126984127,0.23738317757009345,0.9487750556792873
UPS,"United Parcel Service, Inc.",Industrials,Integrated Freight & Logistics,82080858112.0,11.698113207547172,10.090389617706162,21.78850282525333,400,324,404,,,-0.20326884819854985,,,0.4037735849056604,12.067065,-0.016,0.2245,0.33353,0.0633,4625500160.0,1.987752378423089,0.7294776119402986,0.08442776735459662,0.17383177570093458,0.7936507936507936,0.15700934579439252,0.4832962138084632
CSGP,"CoStar Group, Inc.",Real Estate,Real Estate Services,13831007232.0,8.537735849056604,13.247661496760852,21.785397345817458,401,524,208,,,-0.5499555292330509,,,0.024528301886792454,18.832884,0.225,0.78634,0.00303,0.0033399998,202200000.0,-0.2817257258883249,0.4123134328358209,0.8424015009380863,0.914018691588785,0.08531746031746032,0.052336448598130844,0.8730512249443207
AVB,"AvalonBay Communities, Inc.",Real Estate,REIT - Residential,25725992960.0,12.5,9.26411558917601,21.764115589176008,402,266,450,,,,,,,38.04095,0.025,0.62727,0.09719,0.2932,1392035584.0,4.896664814283789,0.08395522388059706,0.17636022514071295,0.7570093457943925,0.30357142857142855,0.7532710280373832,0.1492204899777283
SYK,Stryker Corporation,Healthcare,Medical Devices,121743884288.0,9.669811320754718,12.068997439744557,21.738808760499275,403,452,277,,,-0.35202853745286244,,,0.16037735849056603,19.002218,0.026,0.64697,0.152,0.17824,4359875072.0,1.6228307505422994,0.4029850746268657,0.1848030018761726,0.7794392523364486,0.5,0.4747663551401869,0.55456570155902
JBHT,"J.B. Hunt Transport Services, I",Industrials,Integrated Freight & Logistics,24365971456.0,13.41194968553459,8.321088817046592,21.73303850258118,404,208,487,,,-0.08742251752628705,,,0.6094339622641509,28.518421,0.046,0.18861,0.16676001,0.06774,829849984.0,0.8358452949125253,0.17350746268656714,0.27204502814258913,0.13644859813084112,0.5456349206349206,0.17009345794392525,0.6993318485523385
CMI,Cummins Inc.,Industrials,Specialty Industrial Machinery,91302535168.0,11.90251572327044,9.825304184846916,21.727819908117354,405,311,421,,,-0.19030434818776532,,,0.42830188679245285,19.925959,0.027,0.25847998,0.21993999,0.09764,1688625024.0,0.868924283975176,0.3731343283582089,0.19606003752345216,0.20373831775700935,0.6607142857142857,0.23177570093457944,0.6926503340757239
ALB,Albemarle Corporation,Basic Materials,Specialty Chemicals,19981666304.0,8.459119496855346,13.23747472371869,21.696594220574035,406,529,210,,,-0.6019342919672656,,,0.01509433962264151,15.003631,0.327,0.18531,-0.0182,0.24786,716711744.0,0.2477286540101879,0.5876865671641791,0.8986866791744841,0.12897196261682242,0.07539682539682539,0.6822429906542056,0.8040089086859689
CVS,CVS Health Corporation,Healthcare,Healthcare Plans,121021702144.0,14.81132075471698,6.863383423966159,21.67470417868314,407,119,515,,,0.043499520163255756,,,0.7773584905660378,11.341841,0.061,0.13387999,0.037520003,0.04124,5201625088.0,3.73788969555153,0.7705223880597015,0.3424015009380863,0.08785046728971962,0.11904761904761904,0.10467289719626169,0.22271714922049002
COR,"Cencora, Inc.",Healthcare,Medical Distribution,51938074624.0,11.477987421383647,10.196505050728517,21.674492472112163,408,338,398,,,-0.21443400996888506,,,0.37735849056603776,13.49874,0.038,0.03796,1.0713401,0.01716,-318246112.0,2.1000283302044567,0.6604477611940298,0.2373358348968105,0.044859813084112146,0.9702380952380952,0.07102803738317758,0.46325167037861914
TJX,"TJX Companies, Inc. (The)",Consumer Cyclical,Apparel Retail,167652507648.0,9.732704402515724,11.929347359005943,21.662051761521667,409,448,288,,,-0.3475405421058386,,,0.16792452830188678,26.701822,0.085,0.30963,0.59129,0.13267,3892000000.0,0.9337301894014678,0.19029850746268662,0.47654784240150094,0.2691588785046729,0.9146825396825397,0.33084112149532713,0.6815144766146993
HSY,The Hershey Company,Consumer Defensive,Confectioners,39286702080.0,8.946540880503145,12.713432413558861,21.659973294062006,410,498,238,,,-0.4475495374025652,,,0.07358490566037736,19.565216,0.106,0.35035,0.23234,0.21343,1527240576.0,1.885680925364621,0.3843283582089553,0.5722326454033771,0.31962616822429907,0.6765873015873016,0.5906542056074766,0.5077951002227171
DG,Dollar General Corporation,Consumer Defensive,Discount Stores,22731761664.0,12.31132075471698,9.327195499230758,21.63851625394774,411,285,448,,,-0.1635337241553616,,,0.47735849056603774,12.938923,0.059,0.30661,0.18992001,0.0608,2162651648.0,3.9597441319254902,0.6791044776119404,0.32833020637898686,0.26542056074766357,0.6071428571428571,0.15140186915887852,0.20712694877505566
GIS,"General Mills, Inc.",Consumer Defensive,Packaged Foods,18035755008.0,10.40880503144654,11.226055526029477,21.634860557476017,412,405,332,,,-0.2824750980306753,,,0.2490566037735849,10.344225,0.022,0.3314,0.23591,0.19194001,2263375104.0,3.8601755106731384,0.8190298507462687,0.16416510318949343,0.29345794392523367,0.6845238095238095,0.5214953271028038,0.2115812917594655
STZ,"Constellation Brands, Inc.",Consumer Defensive,Beverages - Brewers,25189578752.0,8.836477987421382,12.791257768084321,21.627735755505704,413,505,234,,,-0.45739761622019703,,,0.06037735849056604,11.734323,-0.113,0.51651,0.22636999,0.26685,2047600000.0,3.0201978536684235,0.7462686567164178,0.0225140712945591,0.6074766355140186,0.6666666666666666,0.719626168224299,0.30734966592427615
KKR,KKR & Co. Inc.,Financial Services,Asset Management,86717063168.0,12.154088050314465,9.460484043140484,21.61457209345495,414,295,444,,,-0.17597009689990184,,,0.45849056603773586,12.581629,-0.066,0.55542,0.076630004,0.11012,,,0.6958955223880596,0.039399624765478425,0.6635514018691588,0.2222222222222222,0.27102803738317754,
ROL,"Rollins, Inc.",Consumer Cyclical,Personal Services,25974964224.0,8.39622641509434,13.187106655172872,21.583333070267212,415,533,214,,,-0.6322028185132281,,,0.007547169811320755,38.598854,0.102,0.52603,0.38671002,0.16051,521446112.0,1.1632067277838574,0.07835820895522383,0.5581613508442776,0.6205607476635514,0.8432539682539683,0.41869158878504675,0.645879732739421
PEG,Public Service Enterprise Group,Utilities,Utilities - Regulated Electric,38599974912.0,9.323899371069183,12.241053802596348,21.56495317366553,416,474,261,,,-0.3776503083392404,,,0.11886792452830189,16.489832,0.194,0.3536,0.13441,0.2843,-171750000.0,5.486444160624597,0.5223880597014925,0.7917448405253283,0.32897196261682243,0.4305555555555556,0.7439252336448599,0.12026726057906456
TYL,"Tyler Technologies, Inc.",Technology,Software - Application,13322957824.0,10.424528301886793,11.13061030030877,21.555138602195562,417,404,340,,,-0.282161169698666,,,0.2509433962264151,22.551971,0.086,0.46754003,0.08930001,0.16268998,541551744.0,1.0577355610500019,0.2947761194029851,0.4803001876172608,0.5383177570093458,0.2718253968253968,0.4224299065420561,0.6636971046770601
DUK,Duke Energy Corporation (Holdin,Utilities,Utilities - Regulated Electric,96619257856.0,9.90566037735849,11.62165123981521,21.5273116171737,418,437,311,,,-0.3345766183296043,,,0.18867924528301888,17.289509,0.113,0.5105,0.09661,0.25507,-2246500096.0,5.508394922822247,0.47388059701492535,0.5966228893058161,0.5981308411214953,0.30158730158730157,0.7009345794392523,0.1180400890868597
EQR,Equity Residential,Real Estate,REIT - Residential,25281802240.0,12.5,8.969255772249655,21.469255772249653,419,266,466,,,,,,,42.1954,0.025,0.62775004,0.08671,0.27398002,1416540928.0,4.511189864757503,0.06156716417910446,0.17636022514071295,0.7607476635514019,0.25793650793650796,0.7289719626168224,0.1670378619153675
IFF,International Flavors & Fragran,Basic Materials,Specialty Chemicals,18422700032.0,14.29245283018868,7.166290676899073,21.458743507087753,420,152,509,,,-0.007821030761367087,,,0.7150943396226415,15.012816,-0.036,0.36346,0.060510002,0.10106,3702625024.0,2.9879643499582844,0.585820895522388,0.06285178236397748,0.34953271028037386,0.16468253968253968,0.24299065420560748,0.31403118040089084
DOC,"Healthpeak Properties, Inc.",Real Estate,REIT - Healthcare Facilities,13398872064.0,14.622641509433961,6.814297114289196,21.436938623723158,421,131,517,,,0.02085743357876013,,,0.7547169811320755,143.96295,0.071,0.58329,0.027999999,0.12307999,1109761536.0,5.525641690090712,0.009328358208955279,0.40337711069418386,0.697196261682243,0.10317460317460317,0.30654205607476637,0.11581291759465484
AEP,American Electric Power Company,Utilities,Utilities - Regulated Electric,69781471232.0,10.29874213836478,11.129379030623848,21.42812116898863,422,412,341,,,-0.29274069759173715,,,0.2358490566037736,18.707144,0.102,0.47243,0.12585,0.23738001,-6953449984.0,5.8613355927149815,0.41604477611940294,0.5581613508442776,0.5495327102803739,0.4166666666666667,0.6504672897196262,0.08017817371937641
KHC,The Kraft Heinz Company,Consumer Defensive,Packaged Foods,27539687424.0,12.374213836477988,9.02668819782072,21.40090203429871,423,281,463,,,-0.15951541833363758,,,0.4849056603773585,11.01724,0.008,0.33973998,-0.12576,0.20738001,3212250112.0,2.9710539649658907,0.791044776119403,0.13320825515947468,0.308411214953271,0.04365079365079365,0.5738317757009346,0.3162583518930958
PNR,Pentair plc.,Industrials,Specialty Industrial Machinery,11701048320.0,8.49056603773585,12.889517398232417,21.380083435968267,424,527,229,,,-0.5706357764511002,,,0.018867924528301886,12.4462385,0.026,0.41222998,0.1761,0.22687,574212480.0,1.6166409277155005,0.707089552238806,0.1848030018761726,0.44485981308411215,0.5734126984126984,0.6242990654205608,0.5590200445434299
ED,"Consolidated Edison, Inc.",Utilities,Utilities - Regulated Electric,39797522432.0,10.330188679245284,10.984757258069767,21.314945937315052,425,410,350,,,-0.29028919073882076,,,0.23962264150943396,16.639214,0.062,0.53192,0.08732,0.25613,-833249984.0,4.357351599763227,0.5130597014925373,0.3527204502814259,0.6280373831775701,0.2619047619047619,0.7046728971962617,0.17594654788418707
COO,"The Cooper Companies, Inc.",Healthcare,Medical Instruments & Supplies,12061972480.0,9.182389937106917,12.108501522769206,21.29089145987612,426,483,272,,,-0.3921482456344796,,,0.1018867924528302,12.313612,0.062,0.65444,0.04868,0.20778999,367087488.0,2.839592412017167,0.7145522388059702,0.3527204502814259,0.7831775700934579,0.13690476190476192,0.5757009345794393,0.3429844097995546
PCG,Pacific Gas & Electric Co.,Utilities,Utilities - Regulated Electric,35830194176.0,8.663522012578618,12.595587823950613,21.25910983652923,427,516,243,,,-0.5104068435484892,,,0.03962264150943396,9.026202,0.15,0.39353,0.08826999,0.23921,-5572125184.0,6.096909921112914,0.8992537313432836,0.7157598499061913,0.411214953271028,0.26785714285714285,0.6598130841121496,0.06904231625835189
DE,Deere & Company,Industrials,Farm & Heavy Construction Machinery,151189848064.0,14.59119496855346,6.664901939887071,21.25609690844053,428,133,518,,,0.019403357265376453,,,0.7509433962264151,24.319752,-0.111,0.26248,0.19566,0.17479,4200250112.0,6.702092460526589,0.2350746268656716,0.024390243902439025,0.21121495327102804,0.6170634920634921,0.4672897196261682,0.04454342984409798
KIM,Kimco Realty Corporation (HC),Real Estate,REIT - Retail,15713348608.0,11.650943396226415,9.59963275800689,21.250576154233308,429,327,437,,,-0.2047218021230357,,,0.39811320754716983,27.156294,0.04,0.68961,0.058579996,0.34428,838712128.0,6.12291398662384,0.18283582089552242,0.24296435272045028,0.8205607476635514,0.1626984126984127,0.8280373831775701,0.06681514476614703
LII,"Lennox International, Inc.",Industrials,Building Products & Equipment,16972988416.0,9.135220125786164,12.110292071320572,21.245512197106734,430,486,271,,,-0.39563047235552307,,,0.09622641509433963,18.317955,0.058,0.33193,0.76791,0.14316,187137504.0,1.6848309121967886,0.4328358208955224,0.32082551594746717,0.2953271028037383,0.9484126984126984,0.37009345794392523,0.5389755011135857
HON,Honeywell International Inc.,Industrials,Conglomerates,137993797632.0,10.738993710691824,10.482534951700586,21.22152866239241,431,384,382,,,-0.2637714868716863,,,0.28867924528301886,19.00501,0.024,0.36925,0.24264,0.21,2936875008.0,3.0261984962406014,0.40111940298507465,0.17166979362101314,0.3644859813084112,0.6924603174603174,0.5831775700934579,0.3028953229398663
APO,"Apollo Global Management, Inc. ",Financial Services,Asset Management,76065718272.0,12.861635220125786,8.310505590398014,21.1721408105238,432,243,488,,,-0.12689193499995355,,,0.5433962264150943,12.408551,-0.092,0.35222,0.08492,0.13489,,,0.708955223880597,0.0300187617260788,0.3252336448598131,0.25396825396825395,0.34392523364485983,
TXT,Textron Inc.,Industrials,Aerospace & Defense,15427430400.0,10.11006289308176,10.888309371195092,20.998372264276853,433,424,358,,,-0.30600257128683217,,,0.21320754716981133,12.158888,0.118,0.17836,0.12254,0.08011,622374976.0,1.6517857523809525,0.7257462686567164,0.6210131332082551,0.11962616822429907,0.4007936507936508,0.19813084112149532,0.5478841870824054
APD,"Air Products and Chemicals, Inc",Basic Materials,Specialty Chemicals,65176391680.0,10.959119496855346,10.038811321627204,20.99793081848255,434,370,408,,,-0.24562518467859362,,,0.3150943396226415,20.5488,0.088,0.31983998,0.12353,0.23595,-3519237376.0,3.712480002923073,0.3451492537313433,0.49906191369606,0.27850467289719627,0.4126984126984127,0.6467289719626168,0.22717149220489974
UDR,"UDR, Inc.",Real Estate,REIT - Residential,13872105472.0,11.933962264150944,9.060203919905979,20.994166184056922,435,309,461,,,-0.1879370269353824,,,0.4320754716981132,62.399994,0.042,0.66619,0.123500004,0.21954,1007130496.0,5.757254549078132,0.027985074626865725,0.24765478424015008,0.7906542056074767,0.4097222222222222,0.6093457943925233,0.08908685968819596
WEC,"WEC Energy Group, Inc.",Utilities,Utilities - Regulated Electric,36176752640.0,10.047169811320755,10.858716511488993,20.90588632280975,436,428,362,,,-0.3121349121388536,,,0.20566037735849058,18.49821,0.09,0.41764,0.11679,0.28952998,-2067012480.0,5.7937054871366644,0.42350746268656714,0.5131332082551595,0.4542056074766355,0.376984126984127,0.7514018691588785,0.0868596881959911
AZO,"AutoZone, Inc.",Consumer Cyclical,Auto Parts,55475945472.0,9.716981132075471,11.151874608373468,20.86885574044894,437,449,339,,,-0.3487798597673294,,,0.1660377358490566,19.126902,0.082,0.51875997,,0.16341999,853699648.0,2.887660718221093,0.39925373134328357,0.4596622889305816,0.611214953271028,,0.4261682242990654,0.3340757238307349
SW,Smurfit WestRock plc,Consumer Cyclical,Packaging & Containers,18969864192.0,13.9937106918239,6.85714419952206,20.85085489134596,438,171,516,,,-0.035686489989428694,,,0.6792452830188679,11.310052,0.007,0.19027,0.02113,0.06795,1360249984.0,2.94733386013986,0.7798507462686567,0.1294559099437148,0.14018691588785046,0.09722222222222222,0.17383177570093458,0.32516703786191536
PPL,PPL Corporation,Utilities,Utilities - Regulated Electric,26418784256.0,9.654088050314465,11.186769055159042,20.840857105473507,439,453,335,,,-0.35228465628215166,,,0.15849056603773584,16.588093,0.108,0.43287998,0.08316,0.27181,-1615124992.0,5.332269265957639,0.5186567164179104,0.5787992495309568,0.4822429906542056,0.25,0.7214953271028037,0.13363028953229394
HCA,"HCA Healthcare, Inc.",Healthcare,Medical Care Facilities,90734698496.0,10.361635220125788,10.428118763089225,20.789753983215014,440,408,386,,,-0.2865806040331006,,,0.24339622641509434,12.337383,0.043,0.41612998,,0.14982,5726000128.0,3.202006796428388,0.7126865671641791,0.2523452157598499,0.4485981308411215,,0.38691588785046727,0.2850779510022272
CLX,Clorox Company (The),Consumer Defensive,Household & Personal Products,11115696128.0,9.072327044025158,11.708847316168619,20.781174360193777,441,490,306,,,-0.40243970829700737,,,0.08867924528301886,14.602953,0.001,0.43846,5.46099,0.17006001,62750000.0,4.785087831578948,0.6063432835820896,0.11538461538461539,0.4897196261682243,0.9900793650793651,0.4504672897196262,0.15812917594654785
CBRE,CBRE Group Inc,Real Estate,Real Estate Services,38208172032.0,11.242138364779874,9.500530070227944,20.74266843500782,442,353,442,,,-0.22647717783498633,,,0.3490566037735849,14.736226,0.186,0.18501,0.15597,0.026500002,1094499968.0,4.20822002770905,0.5970149253731343,0.7776735459662288,0.12710280373831775,0.5079365079365079,0.07663551401869159,0.19376391982182628
DLR,"Digital Realty Trust, Inc.",Real Estate,REIT - Specialty,66891517952.0,11.713836477987421,9.002721098138066,20.71655757612549,443,323,464,,,-0.20132446621160716,,,0.4056603773584906,60.10684,0.167,0.55342996,0.05688,0.17191,3261901824.0,5.659031632853639,0.03358208955223885,0.7523452157598499,0.6579439252336449,0.15674603174603174,0.45981308411214955,0.10022271714922049
RSG,"Republic Services, Inc.",Industrials,Waste Management,66606202880.0,10.91194968553459,9.798308918106269,20.71025860364086,444,373,425,,,-0.2505140002538081,,,0.30943396226415093,26.85887,0.026,0.43049,0.18346001,0.20204,1808875008.0,2.6988777319247053,0.18656716417910446,0.1848030018761726,0.4785046728971963,0.5932539682539683,0.5476635514018692,0.3608017817371938
SO,Southern Company (The),Utilities,Utilities - Regulated Electric,106552500224.0,9.827044025157234,10.877803102660883,20.704847127818116,445,442,360,,,-0.34114327015971047,,,0.1792452830188679,19.219233,0.08,0.48002997,0.109910004,0.25819,-3950000128.0,5.197292691348959,0.39365671641791045,0.44840525328330205,0.5626168224299065,0.3531746031746032,0.7102803738317757,0.1425389755011136
CVX,Chevron Corporation,Energy,Oil & Gas Integrated,392494120960.0,11.084905660377359,9.58403089382971,20.668936554207068,446,362,438,,,-0.23924340272167155,,,0.330188679245283,16.15133,0.023,0.42421,0.06638,0.07312,11776499712.0,0.5634400984036094,0.5335820895522387,0.16791744840525327,0.4616822429906542,0.1865079365079365,0.18878504672897195,0.7616926503340757
ATO,Atmos Energy Corporation,Utilities,Utilities - Regulated Gas,29770151936.0,9.559748427672956,11.07489712080202,20.63464554847498,447,459,343,,,-0.3574022872683974,,,0.1471698113207547,19.97357,0.006,0.60988,0.096,0.3932,-2210371840.0,3.735440817573178,0.3694029850746269,0.12664165103189493,0.7383177570093458,0.2996031746031746,0.8990654205607477,0.22494432071269488
EVRG,"Evergy, Inc.",Utilities,Utilities - Regulated Electric,19100309504.0,10.974842767295597,9.620510469376198,20.595353236671794,448,369,433,,,-0.24425533691597023,,,0.3169811320754717,18.203188,0.05,0.52331,0.08866999,0.21916,-1101750016.0,5.800662094946046,0.4421641791044776,0.2861163227016886,0.6186915887850467,0.2698412698412698,0.6074766355140186,0.08463251670378624
WYNN,"Wynn Resorts, Limited",Consumer Cyclical,Resorts & Casinos,9923049472.0,9.119496855345911,11.462692652637559,20.582189507983472,449,487,316,,,-0.3986667846226548,,,0.09433962264150944,17.493528,0.092,0.68108004,,0.15323,356894624.0,5.66178588090094,0.46828358208955223,0.524390243902439,0.8074766355140187,,0.394392523364486,0.09799554565701563
CRWD,"CrowdStrike Holdings, Inc.",Technology,Software - Infrastructure,157986996224.0,8.60062893081761,11.917947339254297,20.518576270071907,450,520,292,,,-0.5178902291463824,,,0.03207547169811321,100.62921,0.233,0.74808997,-0.04137,0.0100300005,1604615040.0,-39.2441398826513,0.009328358208955279,0.850844277673546,0.8841121495327103,0.06547619047619048,0.0616822429906542,0.9888641425389755
AEE,Ameren Corporation,Utilities,Utilities - Regulated Electric,30109192192.0,10.267295597484278,10.2335894976255,20.50088509510978,451,414,394,,,-0.2951794973241002,,,0.2320754716981132,18.74958,0.037,0.50451,0.117469996,0.27786,-1869374976.0,5.574424631834693,0.41417910447761197,0.2326454033771107,0.5869158878504673,0.37896825396825395,0.7364485981308411,0.10690423162583518
COIN,"Coinbase Global, Inc.",Financial Services,Financial Data & Stock Exchanges,51132465152.0,14.150943396226415,6.344399845221897,20.49534324144831,452,161,522,,,-0.02741211778768582,,,0.6981132075471698,38.87836,-0.308,0.85475,0.06686,-0.07097,2407562752.0,,0.07649253731343286,0.01125703564727955,0.9570093457943926,0.19047619047619047,0.03364485981308411,
OXY,Occidental Petroleum Corporatio,Energy,Oil & Gas E&P,60389244928.0,9.30817610062893,11.186250396753435,20.494426497382364,453,475,336,,,-0.37979388743695086,,,0.1169811320754717,16.830494,-0.083,0.69757,0.04053,0.17725,3033374976.0,0.7636681759183976,0.5018656716417911,0.0375234521575985,0.8299065420560747,0.125,0.47102803738317756,0.7193763919821826
VTR,"Ventas, Inc.",Real Estate,REIT - Healthcare Facilities,42948231168.0,12.751572327044025,7.73243764401339,20.484009971057414,454,250,499,,,-0.13756219083061838,,,0.530188679245283,104.33817,0.219,0.40493,0.0214,0.13771,1483115264.0,5.3426255860874035,0.009328358208955279,0.8348968105065666,0.4280373831775701,0.0992063492063492,0.35514018691588783,0.12917594654788422
PSKY,Paramount Skydance Corporation,Communication Services,Entertainment,11023855616.0,13.349056603773585,7.082991635332596,20.43204823910618,455,212,510,,,-0.08924698430143363,,,0.6018867924528302,11.338391,0.022,0.32558998,-0.0076800003,0.095410004,16400374784.0,4.403323189237049,0.7723880597014925,0.16416510318949343,0.28598130841121494,0.07936507936507936,0.22429906542056074,0.1737193763919822
RTX,RTX Corporation,Industrials,Aerospace & Defense,236787335168.0,11.58805031446541,8.78930298355032,20.377353298015727,456,331,470,,,-0.2103241549685737,,,0.3905660377358491,23.254122,0.087,0.20212999,0.11571,0.13182001,7233375232.0,1.922050923497247,0.2649253731343284,0.48686679174484054,0.15700934579439252,0.375,0.32897196261682243,0.4966592427616926
AXON,"Axon Enterprise, Inc.",Industrials,Aerospace & Defense,31504934912.0,11.745283018867925,8.621639107385143,20.366922126253066,457,321,475,,,-0.19833651908013783,,,0.40943396226415096,36.967434,0.337,0.59463,0.06765,0.03748,62617500.0,7.014117960582898,0.09141791044776115,0.9099437148217636,0.7252336448598131,0.1984126984126984,0.10186915887850467,0.04231625835189312
NI,NiSource Inc,Utilities,Utilities - Regulated Gas,22711035904.0,9.528301886792452,10.788960528282272,20.317262415074723,458,461,368,,,-0.3583125210404178,,,0.14339622641509434,21.130907,0.082,0.50698,0.091120005,0.34759,-1562412544.0,5.7412429130466265,0.33395522388059706,0.4596622889305816,0.5906542056074766,0.27976190476190477,0.8317757009345794,0.0935412026726058
ETR,Entergy Corporation,Utilities,Utilities - Regulated Electric,50154639360.0,10.094339622641508,10.206673940434163,20.30101356307567,459,425,396,,,-0.3060466428689692,,,0.21132075471698114,21.7971,0.12,0.46976003,0.10751,0.18648,-3913097728.0,5.556477257514942,0.3171641791044776,0.6332082551594747,0.5457943925233645,0.34523809523809523,0.49906542056074765,0.10913140311804004
WM,"Waste Management, Inc.",Industrials,Waste Management,90310369280.0,10.062893081761006,10.226752632143187,20.289645713904193,460,427,395,,,-0.3086542268531558,,,0.20754716981132076,24.320162,0.035,0.40605,0.29936,0.1752,2136749952.0,2.9327244508118433,0.23320895522388063,0.225140712945591,0.4336448598130841,0.7658730158730159,0.4691588785046729,0.3273942093541202
IP,International Paper Company,Consumer Cyclical,Packaging & Containers,15758425088.0,10.833333333333334,9.442679831483476,20.27601316481681,461,378,445,,,-0.2572021147328907,,,0.3,11.114804,0.134,0.29687,-0.16036,0.03718,1711250048.0,2.3327400237440967,0.7854477611940298,0.6716697936210131,0.2485981308411215,0.03571428571428571,0.09719626168224299,0.4276169265033407
NEE,"NextEra Energy, Inc.",Utilities,Utilities - Regulated Electric,187329069056.0,9.245283018867925,10.993022859174422,20.238305878042347,462,479,348,,,-0.38475890260622314,,,0.10943396226415095,20.453335,0.073,0.61401004,0.10325,0.30175,-18453374976.0,7.354964364899333,0.35074626865671643,0.4165103189493433,0.7401869158878505,0.3273809523809524,0.7700934579439253,0.03340757238307346
SLB,SLB Limited,Energy,Oil & Gas Equipment & Services,85143535616.0,11.037735849056602,9.185884995149014,20.223620844205616,463,365,454,,,-0.24141634794519795,,,0.32452830188679244,17.013916,0.027,0.17802,0.14066,0.12269,3043124992.0,1.176486564906523,0.4869402985074627,0.19606003752345216,0.11775700934579439,0.4583333333333333,0.3018691588785047,0.643652561247216
LDOS,"Leidos Holdings, Inc.",Technology,Information Technology Services,15904314368.0,9.009433962264152,11.183372621282384,20.192806583546535,464,494,337,,,-0.4108364757847335,,,0.08113207547169811,9.596862,0.037,0.17906,0.30579,0.12227,1194749952.0,2.447522904583152,0.8619402985074627,0.2326454033771107,0.12149532710280374,0.7698412698412699,0.297196261682243,0.40089086859688194
TSLA,"Tesla, Inc.",Consumer Cyclical,Auto Manufacturers,1523227688960.0,11.446540880503143,8.727200146706032,20.173741027209175,465,340,473,,,-0.21606993547144648,,,0.37358490566037733,161.60362,0.158,0.19065,0.04901,0.04203,5251999744.0,-2.551743465870952,0.009328358208955279,0.7288930581613509,0.14205607476635515,0.1388888888888889,0.10654205607476636,0.9688195991091314
MCK,McKesson Corporation,Healthcare,Medical Distribution,93021274112.0,11.666666666666666,8.44417686164862,20.110843528315286,466,326,483,,,-0.203819568586187,,,0.4,15.377701,0.06,0.03601,,0.022090001,5657625088.0,0.9379153483203815,0.5597014925373134,0.3339587242026266,0.041121495327102804,,0.07476635514018691,0.6792873051224944
BKR,Baker Hughes Company,Energy,Oil & Gas Equipment & Services,65585659904.0,10.39308176100629,9.711343940557525,20.104425701563812,467,406,428,,,-0.28456477899407584,,,0.24716981132075472,23.716082,0.025,0.23643999,0.17184,0.12282,3151249920.0,-0.15933050419567013,0.25,0.17636022514071295,0.18691588785046728,0.5575396825396826,0.30467289719626167,0.8552338530066815
ERIE,Erie Indemnity Company,Financial Services,Insurance Brokers,11686523904.0,10.078616352201259,10.016292722191086,20.094909074392344,468,426,410,,,-0.3070815008987423,,,0.20943396226415095,15.952534,0.023,0.17913,0.2585,0.16876,447472992.0,,0.542910447761194,0.16791744840525327,0.1233644859813084,0.7242063492063492,0.44485981308411215,
XOM,Exxon Mobil Corporation,Energy,Oil & Gas Integrated,674030616576.0,10.786163522012577,9.303484374701936,20.089647896714514,469,381,449,,,-0.26183424137506617,,,0.2943396226415094,15.603352,0.026,0.29768,0.09873,0.06355,11630499840.0,0.4677863175503561,0.5522388059701493,0.1848030018761726,0.2523364485981308,0.30952380952380953,0.1588785046728972,0.7750556792873051
MDLZ,"Mondelez International, Inc.",Consumer Defensive,Confectioners,78694154240.0,11.99685534591195,8.078134372995525,20.074989718907474,470,305,492,,,-0.1820159641118646,,,0.439622641509434,18.086044,0.082,0.28771,0.101610005,0.093059994,2847500032.0,3.3458881263157894,0.44402985074626866,0.4596622889305816,0.23177570093457944,0.32142857142857145,0.21682242990654205,0.26503340757238303
HD,"Home Depot, Inc. (The)",Consumer Cyclical,Home Improvement Retail,300108087296.0,9.984276729559749,10.067526281225831,20.05180301078558,471,432,406,,,-0.3188156808360808,,,0.19811320754716982,18.481478,-0.038,0.33316,1.45541,0.100760005,8622749696.0,2.479024752566564,0.4272388059701493,0.0600375234521576,0.29906542056074764,0.9900793650793651,0.2411214953271028,0.3986636971046771
UCTT,"Ultra Clean Holdings, Inc.",Technology,Semiconductor Equipment & Materials,3467921408.0,15.786163522012577,4.142960585665122,19.9291241076777,472,57,533,,,0.23041141989700997,,,0.8943396226415095,20.506296,0.029,0.15625,-0.22466,0.021359999,-36637500.0,3.7383179870596694,0.34888059701492535,0.2101313320825516,0.11214953271028037,0.02976190476190476,0.07289719626168224,0.22048997772828505
BRK-B,Berkshire Hathaway Inc. New,Financial Services,Insurance - Diversified,1046376087552.0,12.578616352201259,7.33770738631734,19.9163237385186,473,261,507,,,-0.1508656078301005,,,0.5094339622641509,22.769054,0.044,0.2778,0.10499,0.14352,61228249088.0,,0.2798507462686567,0.2598499061913696,0.21869158878504674,0.3353174603174603,0.37383177570093457,
POOL,Pool Corporation,Industrials,Industrial Distribution,6540972544.0,9.166666666666668,10.700638980137994,19.86730564680466,474,484,374,,,-0.3925341971977587,,,0.1,14.910438,0.062,0.29686,0.34241,0.07259,224066624.0,2.583488911326868,0.5914179104477613,0.3527204502814259,0.2467289719626168,0.8095238095238095,0.18691588785046728,0.38084632516703787
SATS,EchoStar Corporation,Communication Services,Telecom Services,39776903168.0,12.5,7.359570563357873,19.859570563357874,475,266,506,,,,,,,-1203.9474,-0.052,0.27082002,-1.1228399,0.08908,-457875616.0,,0.9888059701492538,0.04690431519699812,0.2130841121495327,0.011904761904761904,0.21121495327102804,
LMT,Lockheed Martin Corporation,Industrials,Aerospace & Defense,121119678464.0,9.60691823899371,10.201278538019071,19.808196777012782,476,456,397,,,-0.35347927375477417,,,0.15283018867924528,16.373312,0.003,0.09906,0.6764,0.110039994,3987124992.0,1.7300619107438016,0.5261194029850746,0.12288930581613508,0.06728971962616823,0.9305555555555556,0.2691588785046729,0.532293986636971
MAA,Mid-America Apartment Communiti,Real Estate,REIT - Residential,15323329536.0,11.336477987421384,8.445110919179887,19.78158890660127,477,347,482,,,-0.22430405751031735,,,0.360377358490566,33.011566,0.008,0.58497,0.06711,0.26567,909082496.0,4.574462844761694,0.11567164179104472,0.13320825515947468,0.702803738317757,0.19444444444444445,0.7158878504672898,0.16481069042316254
AKAM,"Akamai Technologies, Inc.",Technology,Software - Infrastructure,21152131072.0,11.273584905660378,8.479626772227157,19.753211677887535,478,351,481,,,-0.22526093610665,,,0.35283018867924526,20.36007,0.058,0.58284,0.091680005,0.10611,700723392.0,5.540893403501344,0.3600746268656716,0.32082551594746717,0.6953271028037383,0.28174603174603174,0.2635514018691589,0.11358574610244987
EXC,Exelon Corporation,Utilities,Utilities - Regulated Electric,45466255360.0,9.261006289308177,10.4586592242198,19.71966551352798,479,478,384,,,-0.3814684260976723,,,0.11132075471698114,14.625485,0.079,0.42641,0.09764,0.22299999,-2807749888.0,6.087372909249025,0.6026119402985075,0.44652908067542213,0.4654205607476635,0.3055555555555556,0.6186915887850467,0.07126948775055675
F,Ford Motor Company,Consumer Cyclical,Auto Manufacturers,52378787840.0,13.238993710691824,6.447379933417491,19.686373644109317,480,219,520,,,-0.09813679580008294,,,0.5886792452830188,7.1913123,0.064,0.07064,-0.14813,0.05743,-2247500032.0,18.47128170960174,0.9384328358208955,0.3621013133208255,0.056074766355140186,0.041666666666666664,0.14018691588785046,0.008908685968819552
CCI,Crown Castle Inc.,Real Estate,REIT - Specialty,40336891904.0,9.49685534591195,10.155918990739101,19.65277433665105,481,463,400,,,-0.36746014519600034,,,0.13962264150943396,31.208738,-0.048,0.73819,,0.47722998,1202875008.0,8.31301126247786,0.13805970149253732,0.04878048780487805,0.8710280373831776,,0.9532710280373832,0.020044543429844075
CRH,CRH PLC,Basic Materials,Building Materials,66469277696.0,9.371069182389936,10.270676710785786,19.641745893175724,482,471,389,,,-0.3767282568274666,,,0.12452830188679245,14.8864,0.091,0.36089,0.15812,-0.00041,786124992.0,2.1712363926327622,0.5951492537313433,0.5187617260787992,0.34205607476635513,0.5138888888888888,0.04299065420560748,0.4521158129175946
LHX,"L3Harris Technologies, Inc.",Industrials,Aerospace & Defense,57482235904.0,8.632075471698114,11.007945685470936,19.640021157169052,483,518,347,,,-0.5135588667709552,,,0.035849056603773584,22.633215,1.9,0.30414,,0.097270004,,2.2882664980931646,0.28917910447761197,0.9906191369606003,0.25981308411214954,,0.22990654205607478,0.43207126948775054
GM,General Motors Company,Consumer Cyclical,Auto Manufacturers,65501466624.0,13.128930817610062,6.427867056105156,19.55679787371522,484,226,521,,,-0.10323730587466806,,,0.5754716981132075,5.173913,-0.009,0.111420006,0.040149998,0.0936,22466625536.0,6.320799254947011,0.9682835820895522,0.1022514071294559,0.07289719626168224,0.12301587301587301,0.2205607476635514,0.055679287305122505
XYL,Xylem Inc.,Industrials,Specialty Industrial Machinery,25408243712.0,9.842767295597483,9.670341342868188,19.51310863846567,485,441,432,,,-0.3404639407522818,,,0.1811320754716981,17.543816,0.027,0.3861,0.08724,0.12894,959124992.0,0.8993933589484328,0.4626865671641791,0.19606003752345216,0.394392523364486,0.25992063492063494,0.31962616822429907,0.688195991091314
PNW,Pinnacle West Capital Corporati,Utilities,Utilities - Regulated Electric,12330793984.0,10.628930817610062,8.846270237402692,19.475201055012754,486,391,469,,,-0.2720747341590073,,,0.27547169811320754,18.237642,0.114,0.43014,0.09559,0.11757,-831102848.0,7.67581131964219,0.43843283582089554,0.6031894934333959,0.47289719626168225,0.29365079365079366,0.28598130841121494,0.028953229398663738
CMS,CMS Energy Corporation,Utilities,Utilities - Regulated Electric,22603646976.0,9.276729559748427,10.124198750364311,19.40092831011274,487,477,401,,,-0.38103477007952524,,,0.11320754716981132,17.534443,0.116,0.40546,0.103719994,0.19816999,-2156000000.0,6.315440681370579,0.46641791044776115,0.6116322701688556,0.42990654205607476,0.32936507936507936,0.5345794392523364,0.057906458797327365
SBUX,Starbucks Corporation,Consumer Cyclical,Restaurants,121628778496.0,13.160377358490566,6.1951743273825395,19.355551685873106,488,224,524,,,-0.10231398858692353,,,0.5792452830188679,35.260105,0.088,0.21897,,0.084180005,-1304087552.0,3.339560278715734,0.09888059701492535,0.49906191369606,0.17196261682242991,,0.20186915887850468,0.267260579064588
TSCO,Tractor Supply Company,Consumer Cyclical,Specialty Retail,16525407232.0,8.616352201257861,10.713034494950545,19.329386696208406,489,519,372,,,-0.5153020766200003,,,0.033962264150943396,13.616289,0.036,0.36425,0.45504,0.06499,350726016.0,3.2686731111427587,0.6548507462686567,0.22889305816135083,0.3532710280373832,0.8908730158730159,0.16261682242990655,0.2806236080178174
OTIS,Otis Worldwide Corporation,Industrials,Specialty Industrial Machinery,27249596416.0,9.779874213836477,9.523343069413643,19.30321728325012,490,445,439,,,-0.3441733609005938,,,0.17358490566037735,15.040739,0.064,0.30546,,0.15395,1682125056.0,3.0428030787878786,0.583955223880597,0.3621013133208255,0.2616822429906542,,0.39626168224299063,0.30066815144766146
VMC,Vulcan Materials Company (Holdi,Basic Materials,Building Materials,33941932032.0,10.20440251572327,9.090823432292531,19.2952259480158,491,418,460,,,-0.2998217292254166,,,0.22452830188679246,24.122244,0.074,0.27684,0.13458,0.15064,239012496.0,2.0287569555526117,0.23694029850746268,0.42401500938086306,0.21682242990654205,0.43452380952380953,0.39065420560747666,0.4788418708240535
LNT,Alliant Energy Corporation,Utilities,Utilities - Regulated Electric,18809024512.0,10.157232704402515,9.107055453926838,19.264288158329354,492,421,459,,,-0.3024786408157645,,,0.2188679245283019,19.760244,0.05,0.45224,0.113120005,0.21030001,-1202625024.0,6.6118097535023646,0.3805970149253731,0.2861163227016886,0.5158878504672897,0.36904761904761907,0.5850467289719626,0.04899777282850781
PCAR,PACCAR Inc.,Industrials,Farm & Heavy Construction Machinery,57807278080.0,11.556603773584905,7.660098810209806,19.216702583794714,493,333,503,,,-0.21207159040459467,,,0.3867924528301887,16.216064,-0.089,0.13583,0.13108,0.103190005,1485162496.0,1.8794778088479156,0.5317164179104478,0.03189493433395872,0.08971962616822429,0.4246031746031746,0.2504672897196262,0.5100222717149221
CPB,The Campbell's Company,Consumer Defensive,Packaged Foods,6056846336.0,10.471698113207546,8.692187114931361,19.16388522813891,494,401,474,,,-0.2809430897627533,,,0.25660377358490566,9.339329,-0.045,0.29610002,0.13891,0.116610005,862499968.0,4.35555547654321,0.8768656716417911,0.05347091932457786,0.24299065420560748,0.4523809523809524,0.2822429906542056,0.17817371937639204
BA,Boeing Company (The),Industrials,Aerospace & Defense,171376918528.0,11.39937106918239,7.677513913981848,19.076884983164238,495,343,502,,,-0.21728843328907244,,,0.36792452830188677,51.01574,0.14,0.048249997,1.69947,0.01715,2554249984.0,99.0,0.03917910447761197,0.6866791744840526,0.048598130841121495,0.9900793650793651,0.0691588785046729,0.008908685968819552
BWXT,"BWX Technologies, Inc.",Industrials,Aerospace & Defense,18213908480.0,8.773584905660377,10.250582583301378,19.024167488961755,496,509,391,,,-0.48886181087917646,,,0.052830188679245285,38.19494,0.261,0.22658001,0.29032,0.1038,165500992.0,2.962681329382235,0.08022388059701491,0.8696060037523452,0.17943925233644858,0.7559523809523809,0.2542056074766355,0.32071269487750553
FDX,FedEx Corporation,Industrials,Integrated Freight & Logistics,89334366208.0,9.481132075471699,9.517724685163884,18.998856760635583,497,464,441,,,-0.368056293143766,,,0.13773584905660377,16.738033,0.083,0.27552,0.15869,0.06942,894000000.0,2.4816785784624886,0.5055970149253731,0.46716697936210133,0.21495327102803738,0.5178571428571429,0.1822429906542056,0.3964365256124721
LOW,"Lowe's Companies, Inc.",Consumer Cyclical,Home Improvement Retail,122538967040.0,9.088050314465407,9.608396592899512,18.69644690736492,498,489,436,,,-0.40019496763251317,,,0.09056603773584905,16.031134,0.109,0.33476,,0.08555,4987375104.0,3.0527929763044033,0.539179104477612,0.5816135084427767,0.30093457943925234,,0.20373831775700935,0.2962138084632516
NOC,Northrop Grumman Corporation,Industrials,Aerospace & Defense,78867636224.0,8.820754716981133,9.858949390515388,18.67970410749652,499,506,418,,,-0.45783599696896704,,,0.05849056603773585,18.396605,0.044,0.20517999,0.28511998,0.11689,2071624960.0,2.0323914627052995,0.43097014925373134,0.2598499061913696,0.16261682242990655,0.751984126984127,0.2841121495327103,0.4766146993318485
ADM,Archer-Daniels-Midland Company,Consumer Defensive,Farm Products,38339641344.0,13.144654088050315,5.499846067199518,18.644500155249833,500,225,530,,,-0.10258187568774435,,,0.5773584905660377,15.322535,0.016,0.062979996,0.047659997,0.01274,1578499968.0,2.754257100409865,0.5652985074626866,0.150093808630394,0.052336448598130844,0.1349206349206349,0.06542056074766354,0.35189309576837413
TAP,Molson Coors Beverage Company,Consumer Defensive,Beverages - Brewers,7835895808.0,9.449685534591195,9.180497925990727,18.63018346058192,501,466,455,,,-0.3701993134275342,,,0.1339622641509434,8.331406,0.02,0.38622,-0.18080999,0.124239996,774062528.0,2.5561544736210506,0.9160447761194029,0.15947467166979362,0.39626168224299063,0.03373015873015873,0.3102803738317757,0.38752783964365256
MLM,"Martin Marietta Materials, Inc.",Basic Materials,Building Materials,32274364416.0,9.40251572327044,9.2184685634517,18.62098428672214,502,469,451,,,-0.37392482473991584,,,0.12830188679245283,23.268248,0.172,0.29748,0.0947,0.12702,841750016.0,2.9317967714016935,0.26119402985074625,0.7617260787992496,0.2504672897196262,0.2916666666666667,0.3177570093457944,0.3296213808463252
BG,Bunge Limited,Consumer Defensive,Farm Products,23703191552.0,9.638364779874214,8.945436225615584,18.583801005489796,503,454,467,,,-0.352851136461803,,,0.15660377358490565,11.222681,0.878,0.04442,0.04933,0.01235,-6827500032.0,5.205694026126412,0.7835820895522388,0.9718574108818011,0.04672897196261682,0.14087301587301587,0.06355140186915888,0.14031180400890864
XEL,Xcel Energy Inc.,Utilities,Utilities - Regulated Electric,49629429760.0,10.015723270440253,8.501458303061767,18.51718157350202,504,430,480,,,-0.31631333405028317,,,0.2018867924528302,17.540182,0.029,0.45928,0.0959,0.18155001,-7471625216.0,6.472807535322398,0.4645522388059702,0.2101313320825516,0.5327102803738317,0.2976190476190476,0.48411214953271026,0.05122494432071267
AEHR,Aehr Test Systems,Technology,Semiconductor Equipment & Materials,2557464064.0,16.635220125786162,1.7995409731381684,18.43476109892433,505,3,536,,,2.136747295422818,,,0.9962264150943396,542.06665,-0.437,0.30724,-0.08681,-0.41006002,-7451625.0,,0.009328358208955279,0.01125703564727955,0.2672897196261682,0.0496031746031746,0.022429906542056073,
MOS,Mosaic Company (The),Basic Materials,Agricultural Inputs,6825757184.0,10.031446540880502,8.304366434367777,18.33581297524828,506,429,489,,,-0.3124021029618249,,,0.2037735849056604,10.862858,0.144,0.13307999,0.0059399996,0.00791,-289787488.0,3.365974164361917,0.7985074626865671,0.700750469043152,0.08598130841121496,0.08928571428571429,0.05794392523364486,0.2605790645879733
WBD,"Warner Bros. Discovery, Inc. - ",Communication Services,Entertainment,68194123776.0,13.60062893081761,4.714322029050622,18.31495095986823,507,196,531,,,-0.07040549443354749,,,0.6320754716981132,1813.3334,-0.01,0.45748,-0.049590003,0.08590999,18466875392.0,3.671499962912357,0.009328358208955279,0.09662288930581614,0.5271028037383177,0.061507936507936505,0.20747663551401868,0.2293986636971047
NKE,"Nike, Inc.",Consumer Cyclical,Footwear & Accessories,62789611520.0,8.679245283018867,9.61395227482699,18.293197557845858,508,515,434,,,-0.5097485740350822,,,0.04150943396226415,23.234661,0.001,0.40919998,0.16016,0.06942,1313874944.0,0.40900791766616085,0.26679104477611937,0.11538461538461539,0.4373831775700935,0.5238095238095238,0.1822429906542056,0.7817371937639198
DPZ,Domino's Pizza Inc,Consumer Cyclical,Restaurants,10423938048.0,9.591194968553458,8.617539858147936,18.208734826701395,509,457,476,,,-0.35407093507554455,,,0.1509433962264151,14.939796,0.035,0.28701,,0.19344999,524712736.0,4.844112480636122,0.5895522388059702,0.225140712945591,0.22803738317757008,,0.5271028037383177,0.15367483296213813
LEN,Lennar Corporation,Consumer Cyclical,Residential Construction,20430444544.0,11.257861635220126,6.918508442720962,18.176370077941087,510,352,512,,,-0.22604829140963367,,,0.35094339622641507,10.928968,-0.133,0.16871001,0.08076,0.03644,3444002816.0,2.4357178948789637,0.7966417910447761,0.01125703564727955,0.11588785046728972,0.2400793650793651,0.09345794392523364,0.4031180400890868
HAL,Halliburton Company,Energy,Oil & Gas Equipment & Services,35905396736.0,9.040880503144654,9.112421111392882,18.153301614537536,511,492,458,,,-0.40583984763497294,,,0.08490566037735849,14.9036875,-0.003,0.15283,0.14626999,0.12569,2027000064.0,1.486107747979972,0.5932835820895522,0.11069418386491557,0.10654205607476636,0.48115079365079366,0.31401869158878504,0.5812917594654788
APTV,Aptiv PLC,Consumer Cyclical,Auto Parts,11200016384.0,8.522012578616351,9.610853817169263,18.132866395785612,512,525,435,,,-0.5583917919513399,,,0.022641509433962263,7.802445,0.054,0.18922001,0.040799998,0.0987,1091124992.0,1.5227342534658188,0.9272388059701493,0.30393996247654786,0.1383177570093458,0.12698412698412698,0.23551401869158878,0.5746102449888641
CARR,Carrier Global Corporation,Industrials,Building Products & Equipment,51628961792.0,11.949685534591197,6.148076756766305,18.0977622913575,513,308,525,,,-0.18680959852163093,,,0.4339622641509434,19.423271,0.024,0.25180998,0.09907,0.06572,849750016.0,3.572583450580453,0.3899253731343284,0.17166979362101314,0.2,0.3115079365079365,0.16635514018691588,0.2360801781737194
CHRW,"C.H. Robinson Worldwide, Inc.",Industrials,Integrated Freight & Logistics,20453330944.0,10.377358490566037,7.700500219744718,18.077858710310757,514,407,500,,,-0.2846096627894812,,,0.24528301886792453,23.662573,-0.008,0.08574,0.34838,0.049060002,642142272.0,1.9492826942169768,0.2555970149253731,0.10600375234521577,0.059813084112149535,0.8174603174603174,0.12149532710280374,0.48775055679287305
HII,"Huntington Ingalls Industries, ",Industrials,Aerospace & Defense,12897924096.0,8.726415094339623,9.345869298367106,18.072284392706727,515,512,447,,,-0.5057231201715797,,,0.04716981132075472,16.034159,0.134,0.12445,0.12198,0.065510005,634124992.0,2.498290652991453,0.5373134328358209,0.6716697936210131,0.07850467289719626,0.3968253968253968,0.16448598130841122,0.39420935412026725
CNP,"CenterPoint Energy, Inc (Holdin",Utilities,Utilities - Regulated Electric,27808743424.0,9.685534591194967,8.362860324088334,18.048394915283303,516,451,486,,,-0.349932573925804,,,0.16226415094339622,20.418455,0.019,0.4592,0.09561,0.21982999,-4945375232.0,6.2763362980355355,0.3544776119402985,0.15478424015009382,0.5308411214953271,0.29563492063492064,0.611214953271028,0.060133630289532336
MGM,MGM Resorts International,Consumer Cyclical,Resorts & Casinos,9315543040.0,9.937106918238992,7.9969330456959975,17.93403996393499,517,435,494,,,-0.3243059408553921,,,0.19245283018867926,15.760677,0.042,0.4416,0.13488,0.06856,528360256.0,12.245069659988228,0.5485074626865671,0.24765478424015008,0.49906542056074765,0.4384920634920635,0.1766355140186916,0.008908685968819552
DTE,DTE Energy Company,Utilities,Utilities - Regulated Electric,29825019904.0,9.418238993710693,8.512824838080386,17.93106383179108,518,468,478,,,-0.3712587852179611,,,0.13018867924528302,17.16531,0.158,0.28689,0.10423,0.10231,-2188124928.0,7.68537475583743,0.48134328358208955,0.7288930581613509,0.2261682242990654,0.33134920634920634,0.2485981308411215,0.026726057906458767
WMT,Walmart Inc.,Consumer Defensive,Discount Stores,1069627277312.0,9.81132075471698,8.08344158153669,17.89476233625367,519,443,491,,,-0.3427743681253518,,,0.17735849056603772,40.747353,0.056,0.24927,0.21847,0.04567,10554250240.0,1.4422208483077619,0.07089552238805974,0.3076923076923077,0.19626168224299065,0.6587301587301587,0.11401869158878504,0.5924276169265034
HRL,Hormel Foods Corporation,Consumer Defensive,Packaged Foods,11217544192.0,9.88993710691824,7.780678641617651,17.67061574853589,520,438,498,,,-0.33463005912958554,,,0.18679245283018867,13.028973,-0.029,0.15609999,0.061160002,0.11057,381509632.0,1.57058006142509,0.6753731343283582,0.07223264540337711,0.1102803738317757,0.16865079365079366,0.27289719626168224,0.5679287305122495
WULF,TeraWulf Inc.,Financial Services,Capital Markets,10440872960.0,13.066037735849056,4.56570583621419,17.631743572063247,521,230,532,,,-0.10774222552637891,,,0.5679245283018868,69.4623,-0.011,0.64018995,-22.15947,-3.6618,-284243616.0,,0.02238805970149249,0.09193245778611632,0.7757009345794392,0.011904761904761904,0.011214953271028037,
SRE,DBA Sempra,Utilities,Utilities - Diversified,59466182656.0,9.10377358490566,8.50370508445646,17.60747866936212,522,488,479,,,-0.39971775290770506,,,0.09245283018867924,16.432858,-0.039,0.42457,0.05689,0.30616,-28243374080.0,6.233571894773102,0.5242537313432836,0.058161350844277676,0.4635514018691589,0.15873015873015872,0.7738317757009345,0.062360801781737196
CPT,Camden Property Trust,Real Estate,REIT - Residential,10393116672.0,11.871069182389938,5.698886397431501,17.56995557982144,523,313,529,,,-0.19184306397804307,,,0.42452830188679247,85.74149,-0.005,0.61622,0.09064999,0.037249997,688079616.0,5.400970560333876,0.009328358208955279,0.10881801125703565,0.7457943925233644,0.2777777777777778,0.09906542056074766,0.12694877505567925
CAG,"ConAgra Brands, Inc.",Consumer Defensive,Packaged Foods,6638315520.0,10.345911949685533,7.2205501906205045,17.566462140306037,524,409,508,,,-0.28826727416069375,,,0.24150943396226415,8.200597,-0.019,0.24274999,-0.00511,0.105670005,654675008.0,4.166915571887919,0.9216417910447761,0.08161350844277673,0.1925233644859813,0.08134920634920635,0.25981308411214954,0.19599109131403114
L,Loews Corporation,Financial Services,Insurance - Property & Casualty,22249789440.0,11.619496855345911,5.73366829395241,17.35316514929832,525,329,527,,,-0.20825720879737797,,,0.39433962264150946,37.286205,0.014,0.36041,0.09217,0.11833,2084000000.0,,0.08768656716417911,0.1472795497185741,0.3383177570093458,0.2837301587301587,0.2897196261682243,
KR,Kroger Company (The),Consumer Defensive,Grocery Stores,43674075136.0,9.29245283018868,8.034863042964698,17.327315873153378,526,476,493,,,-0.3802515439397235,,,0.11509433962264151,12.591367,0.012,0.241,0.14405,0.034360003,3398874880.0,2.795225617391933,0.6940298507462687,0.14165103189493433,0.19065420560747665,0.46825396825396826,0.08411214953271028,0.34966592427616927
NRG,"NRG Energy, Inc.",Utilities,Utilities - Independent Power Producers,26084255744.0,8.584905660377357,8.378269344203538,16.963175004580897,527,521,485,,,-0.5190684593522458,,,0.03018867924528302,10.832204,0.195,0.16445999,0.062480003,0.03637,431624992.0,7.164156245467568,0.8003731343283582,0.7964352720450282,0.11401869158878504,0.1746031746031746,0.08971962616822429,0.03563474387527843
CASY,"Caseys General Stores, Inc.",Consumer Cyclical,Specialty Retail,31618834432.0,9.544025157232705,6.9100810934329004,16.454106250665603,528,460,513,,,-0.35744807329950834,,,0.14528301886792452,42.318253,0.003,0.24535999,0.17882,0.04975,467817760.0,1.5113281004514318,0.05970149253731338,0.12288930581613508,0.19439252336448598,0.5793650793650794,0.1252336448598131,0.576837416481069
BBAI,"BigBear.ai, Inc.",Technology,Information Technology Services,1855929088.0,9.858490566037737,6.580231256665021,16.43872182270276,529,440,519,,,-0.33749153738840143,,,0.1830188679245283,-19.375,-0.009,0.25764,-0.58428,-0.669,-59485124.0,,0.9888059701492538,0.1022514071294559,0.20186915887850468,0.011904761904761904,0.011214953271028037,
CIFR,Cipher Digital Inc.,Technology,Information Technology Services,7667627520.0,15.487421383647801,0.802842270168464,16.290263653816265,530,76,537,,,0.16491356249383804,,,0.8584905660377359,39.88298,-0.288,0.12375,-1.21734,-2.49371,-2948059648.0,49.48816269267196,0.0727611940298507,0.01125703564727955,0.07663551401869159,0.011904761904761904,0.011214953271028037,0.008908685968819552
OKLO,Oklo Inc.,Utilities,Utilities - Independent Power Producers,9717970944.0,9.150943396226415,6.886534865724782,16.037478261951197,531,485,514,,,-0.39502924248667337,,,0.09811320754716982,-64.35824,,0.0,-0.08866999,0.0,-100000128.0,,0.9888059701492538,,0.020560747663551402,0.047619047619047616,0.044859813084112146,
TSN,"Tyson Foods, Inc.",Consumer Defensive,Farm Products,23184199680.0,9.025157232704402,6.214315467965495,15.239472700669896,532,493,523,,,-0.4096412389453158,,,0.0830188679245283,14.339695,0.044,0.06385,0.02619,0.0364,1029000000.0,2.621212167388167,0.6082089552238805,0.2598499061913696,0.05420560747663551,0.10119047619047619,0.09158878504672897,0.37639198218262804
BLDR,"Builders FirstSource, Inc.",Industrials,Building Products & Equipment,7232325632.0,8.78930817610063,6.0524772106180125,14.841785386718641,533,508,526,,,-0.47958891777517754,,,0.05471698113207547,11.435724,-0.101,0.29888,0.06958,0.0050199996,640900096.0,5.058682092728496,0.7649253731343284,0.028142589118198873,0.2542056074766355,0.20634920634920634,0.05420560747663551,0.14476614699331847
LYB,LyondellBasell Industries NV,Basic Materials,Specialty Chemicals,23598794752.0,8.742138364779874,5.721519286640789,14.463657651420665,534,511,528,,,-0.5029627002728659,,,0.04905660377358491,9.662826,-0.063,0.09227,-0.060089998,0.03474,987000000.0,3.2738229955156952,0.8507462686567164,0.04127579737335835,0.06542056074766354,0.05357142857142857,0.08598130841121496,0.27616926503340755
HUBB,Hubbell Inc,Industrials,Electrical Equipment & Parts,24618983424.0,2.830188679245283,11.235460492985263,14.065649172230547,535,537,330,-0.05774029721942697,53.027628194950154,-0.2366980510745732,0.0,0.0,0.33962264150943394,21.417725,0.111,0.35685003,0.25822002,0.17749001,541449984.0,3.4060704051506083,0.32835820895522383,0.5909943714821764,0.33457943925233646,0.7202380952380952,0.47289719626168225,0.24944320712694878
DOW,Dow Inc.,Basic Materials,Chemicals,27251234816.0,8.553459119496855,3.5528166797331346,12.10627579922999,536,523,534,,,-0.5497800540744783,,,0.026415094339622643,17.676155,-0.061,0.06255,-0.15262,0.0001,-675875008.0,3.8354779173680074,0.46082089552238803,0.043151969981238276,0.05046728971962617,0.037698412698412696,0.04672897196261682,0.21380846325167036
WY,Weyerhaeuser Company,Real Estate,REIT - Specialty,16522692608.0,9.056603773584905,2.829379564708775,11.88598333829368,537,491,535,,,-0.4040127038644533,,,0.08679245283018867,32.876614,-0.02,0.14675,0.04161,0.08975001,-45875000.0,7.154069674418604,0.11940298507462688,0.07879924953095685,0.10093457943925234,0.12896825396825398,0.2130841121495327,0.03786191536748329
