date,equal_weight,logistic_pc,elastic_net,y
2005-03-30,0.3284671532846715,0.4666666666666667,0.2868217054263566,0.0
2005-03-31,0.3284671532846715,0.4666666666666667,0.25531914893617025,0.0
2005-04-01,0.3284671532846715,0.4666666666666667,0.11702127659574466,0.0
2005-04-04,0.3284671532846715,0.4666666666666667,0.20238095238095238,0.0
2005-04-05,0.3618421052631579,0.4666666666666667,0.26164874551971323,0.0
2005-04-06,0.3618421052631579,0.4666666666666667,0.26164874551971323,0.0
2005-04-07,0.3284671532846715,0.4666666666666667,0.4831932773109244,0.0
2005-04-08,0.3618421052631579,0.4666666666666667,0.4750733137829913,0.0
2005-04-11,0.3618421052631579,0.3706563706563707,0.4750733137829913,0.0
2005-04-12,0.3618421052631579,0.31976744186046513,0.26164874551971323,0.0
2005-04-13,0.3618421052631579,0.4666666666666667,0.25531914893617025,0.0
2005-04-14,0.442577030812325,0.4666666666666667,0.11702127659574466,0.0
2005-04-15,0.442577030812325,0.4666666666666667,0.11702127659574466,0.0
2005-04-18,0.442577030812325,0.4666666666666667,0.08743169398907104,0.0
2005-04-19,0.442577030812325,0.4666666666666667,0.112,0.0
2005-04-20,0.442577030812325,0.4666666666666667,0.09219858156028368,0.0
2005-04-21,0.442577030812325,0.4666666666666667,0.20238095238095238,0.0
2005-04-22,0.442577030812325,0.4666666666666667,0.10810810810810811,0.0
2005-04-25,0.442577030812325,0.4666666666666667,0.12962962962962962,0.0
2005-04-26,0.442577030812325,0.4666666666666667,0.112,0.0
2005-04-27,0.442577030812325,0.7611940298507462,0.25531914893617025,0.0
2005-04-28,0.442577030812325,0.5625,0.20238095238095238,0.0
2005-04-29,0.442577030812325,0.5625,0.25531914893617025,0.0
2005-05-02,0.442577030812325,0.7611940298507462,0.26164874551971323,0.0
2005-05-03,0.442577030812325,0.56,0.25531914893617025,0.0
2005-05-04,0.3284671532846715,0.4666666666666667,0.26164874551971323,0.0
2005-05-05,0.3284671532846715,0.5625,0.29411764705882354,0.0
2005-05-06,0.3618421052631579,0.5625,0.29411764705882354,0.0
2005-05-09,0.3284671532846715,0.56,0.398876404494382,0.0
2005-05-10,0.442577030812325,0.4666666666666667,0.25531914893617025,0.0
2005-05-11,0.4090909090909091,0.5625,0.4750733137829913,0.0
2005-05-12,0.442577030812325,0.4666666666666667,0.25531914893617025,0.0
2005-05-13,0.442577030812325,0.4666666666666667,0.112,0.0
2005-05-16,0.3618421052631579,0.5625,0.20238095238095238,0.0
2005-05-17,0.3618421052631579,0.4666666666666667,0.20238095238095238,0.0
2005-05-18,0.3284671532846715,0.4666666666666667,0.2079207920792079,0.0
2005-05-19,0.3284671532846715,0.4666666666666667,0.25531914893617025,0.0
2005-05-20,0.3284671532846715,0.4666666666666667,0.2079207920792079,0.0
2005-05-23,0.3284671532846715,0.4666666666666667,0.20238095238095238,0.0
2005-05-24,0.3284671532846715,0.4666666666666667,0.20238095238095238,0.0
2005-05-25,0.3284671532846715,0.4666666666666667,0.20238095238095238,0.0
2005-05-26,0.3050847457627119,0.4666666666666667,0.20238095238095238,0.0
2005-05-27,0.273972602739726,0.4666666666666667,0.398876404494382,0.0
2005-05-31,0.3284671532846715,0.4666666666666667,0.2079207920792079,0.0
2005-06-01,0.29333333333333333,0.4666666666666667,0.4831932773109244,0.0
2005-06-02,0.273972602739726,0.4666666666666667,0.4831932773109244,0.0
2005-06-03,0.3050847457627119,0.4666666666666667,0.398876404494382,0.0
2005-06-06,0.3284671532846715,0.4666666666666667,0.34523809523809523,0.0
2005-06-07,0.3284671532846715,0.31976744186046513,0.25531914893617025,0.0
2005-06-08,0.3284671532846715,0.4666666666666667,0.26164874551971323,0.0
2005-06-09,0.3284671532846715,0.31976744186046513,0.25531914893617025,0.0
2005-06-10,0.3284671532846715,0.31976744186046513,0.26164874551971323,0.0
2005-06-13,0.3284671532846715,0.31976744186046513,0.2868217054263566,0.0
2005-06-14,0.29333333333333333,0.3706563706563707,0.398876404494382,0.0
2005-06-15,0.29333333333333333,0.31976744186046513,0.34523809523809523,0.0
2005-06-16,0.29333333333333333,0.31976744186046513,0.4750733137829913,0.0
2005-06-17,0.29333333333333333,0.3706563706563707,0.4860681114551084,0.0
2005-06-20,0.273972602739726,0.4666666666666667,0.4860681114551084,0.0
2005-06-21,0.273972602739726,0.4666666666666667,0.4860681114551084,0.0
2005-06-22,0.273972602739726,0.4666666666666667,0.4860681114551084,0.0
2005-06-23,0.3284671532846715,0.3706563706563707,0.4750733137829913,0.0
2005-06-24,0.3284671532846715,0.31976744186046513,0.25531914893617025,0.0
2005-06-27,0.3284671532846715,0.4666666666666667,0.26164874551971323,0.0
2005-06-28,0.3050847457627119,0.4666666666666667,0.4750733137829913,0.0
2005-06-29,0.3284671532846715,0.3706563706563707,0.398876404494382,0.0
2005-06-30,0.3284671532846715,0.4666666666666667,0.398876404494382,0.0
2005-07-01,0.3284671532846715,0.3706563706563707,0.34523809523809523,0.0
2005-07-05,0.3284671532846715,0.3706563706563707,0.26164874551971323,0.0
2005-07-06,0.3284671532846715,0.19645732689210949,0.20238095238095238,0.0
2005-07-07,0.3284671532846715,0.31976744186046513,0.20238095238095238,0.0
2005-07-08,0.3284671532846715,0.31976744186046513,0.2079207920792079,0.0
2005-07-11,0.3284671532846715,0.19645732689210949,0.20238095238095238,0.0
2005-07-12,0.3284671532846715,0.12623274161735698,0.11702127659574466,0.0
2005-07-13,0.3284671532846715,0.19047619047619047,0.20238095238095238,0.0
2005-07-14,0.29333333333333333,0.19645732689210949,0.26164874551971323,0.0
2005-07-15,0.273972602739726,0.19645732689210949,0.4831932773109244,0.0
2005-07-18,0.273972602739726,0.19645732689210949,0.4831932773109244,0.0
2005-07-19,0.273972602739726,0.19645732689210949,0.4831932773109244,0.0
2005-07-20,0.273972602739726,0.19645732689210949,0.4831932773109244,0.0
2005-07-21,0.273972602739726,0.19645732689210949,0.398876404494382,0.0
2005-07-22,0.273972602739726,0.19645732689210949,0.4084844021738089,0.0
2005-07-25,0.273972602739726,0.19645732689210949,0.34523809523809523,0.0
2005-07-26,0.273972602739726,0.19645732689210949,0.398876404494382,0.0
2005-07-27,0.273972602739726,0.19645732689210949,0.398876404494382,0.0
2005-07-28,0.273972602739726,0.19645732689210949,0.2868217054263566,0.0
2005-07-29,0.273972602739726,0.19645732689210949,0.398876404494382,0.0
2005-08-01,0.273972602739726,0.19645732689210949,0.4750733137829913,0.0
2005-08-02,0.273972602739726,0.31976744186046513,0.4860681114551084,0.0
2005-08-03,0.273972602739726,0.31976744186046513,0.4860681114551084,0.0
2005-08-04,0.273972602739726,0.31976744186046513,0.4750733137829913,0.0
2005-08-05,0.273972602739726,0.3706563706563707,0.4750733137829913,0.0
2005-08-08,0.273972602739726,0.3706563706563707,0.398876404494382,0.0
2005-08-09,0.273972602739726,0.31976744186046513,0.4750733137829913,0.0
2005-08-10,0.273972602739726,0.31976744186046513,0.4750733137829913,0.0
2005-08-11,0.273972602739726,0.31976744186046513,0.4831932773109244,0.0
2005-08-12,0.273972602739726,0.31976744186046513,0.4750733137829913,0.0
2005-08-15,0.273972602739726,0.19645732689210949,0.398876404494382,0.0
2005-08-16,0.3284671532846715,0.3706563706563707,0.2868217054263566,0.0
2005-08-17,0.29333333333333333,0.3706563706563707,0.34523809523809523,0.0
2005-08-18,0.3050847457627119,0.4666666666666667,0.34523809523809523,0.0
2005-08-19,0.3284671532846715,0.4666666666666667,0.26164874551971323,0.0
2005-08-22,0.3284671532846715,0.4666666666666667,0.26164874551971323,0.0
2005-08-23,0.3284671532846715,0.4666666666666667,0.26164874551971323,0.0
2005-08-24,0.3284671532846715,0.4666666666666667,0.25531914893617025,0.0
2005-08-25,0.3284671532846715,0.4666666666666667,0.25531914893617025,0.0
2005-08-26,0.3284671532846715,0.4666666666666667,0.26164874551971323,0.0
2005-08-29,0.3284671532846715,0.4666666666666667,0.26164874551971323,0.0
2005-08-30,0.3284671532846715,0.4666666666666667,0.20238095238095238,0.0
2005-08-31,0.3284671532846715,0.31976744186046513,0.20238095238095238,0.0
2005-09-01,0.3284671532846715,0.4666666666666667,0.26164874551971323,0.0
2005-09-02,0.3618421052631579,0.4666666666666667,0.20238095238095238,0.0
2005-09-06,0.3284671532846715,0.3706563706563707,0.26164874551971323,0.0
2005-09-07,0.3284671532846715,0.3706563706563707,0.34523809523809523,0.0
2005-09-08,0.3284671532846715,0.3706563706563707,0.34523809523809523,0.0
2005-09-09,0.3050847457627119,0.4666666666666667,0.6885245901639344,1.0
2005-09-12,0.3050847457627119,0.4666666666666667,0.8,1.0
2005-09-13,0.3284671532846715,0.4666666666666667,0.6115928319230334,0.0
2005-09-14,0.3284671532846715,0.56,0.6885245901639344,0.0
2005-09-15,0.3284671532846715,0.56,0.8,0.0
2005-09-16,0.3050847457627119,0.4666666666666667,0.96875,0.0
2005-09-19,0.3284671532846715,0.56,0.96875,0.0
2005-09-20,0.3284671532846715,0.4666666666666667,0.8,0.0
2005-09-21,0.442577030812325,0.4666666666666667,0.4860681114551084,0.0
2005-09-22,0.3618421052631579,0.4666666666666667,0.4860681114551084,0.0
2005-09-23,0.3618421052631579,0.56,0.6885245901639344,0.0
2005-09-26,0.3284671532846715,0.5625,0.6885245901639344,0.0
2005-09-27,0.3284671532846715,0.56,0.6885245901639344,0.0
2005-09-28,0.3618421052631579,0.56,0.6885245901639344,0.0
2005-09-29,0.3284671532846715,0.5625,0.8181818181818182,0.0
2005-09-30,0.3284671532846715,0.4666666666666667,0.9,0.0
2005-10-03,0.3284671532846715,0.7611940298507462,0.96875,0.0
2005-10-04,0.3618421052631579,0.4666666666666667,0.6885245901639344,0.0
2005-10-05,0.442577030812325,0.4666666666666667,0.4860681114551084,0.0
2005-10-06,0.442577030812325,0.4666666666666667,0.4860681114551084,0.0
2005-10-07,0.442577030812325,0.4666666666666667,0.398876404494382,0.0
2005-10-10,0.442577030812325,0.4666666666666667,0.2868217054263566,0.0
2005-10-11,0.442577030812325,0.4666666666666667,0.26164874551971323,0.0
2005-10-12,0.442577030812325,0.4666666666666667,0.26164874551971323,0.0
2005-10-13,0.442577030812325,0.4666666666666667,0.26164874551971323,0.0
2005-10-14,0.442577030812325,0.5625,0.34523809523809523,0.0
2005-10-17,0.442577030812325,0.7611940298507462,0.4750733137829913,0.0
2005-10-18,0.442577030812325,0.5625,0.29411764705882354,0.0
2005-10-19,0.442577030812325,0.4666666666666667,0.4750733137829913,0.0
2005-10-20,0.442577030812325,0.7611940298507462,0.4750733137829913,0.0
2005-10-21,0.442577030812325,0.5625,0.4860681114551084,0.0
2005-10-24,0.3618421052631579,0.7611940298507462,0.8,0.0
2005-10-25,0.3618421052631579,0.7611940298507462,0.8,0.0
2005-10-26,0.3618421052631579,0.7611940298507462,0.8,0.0
2005-10-27,0.442577030812325,0.5625,0.6885245901639344,0.0
2005-10-28,0.3618421052631579,0.4666666666666667,0.8,0.0
2005-10-31,0.3284671532846715,0.7611940298507462,0.8181818181818182,0.0
2005-11-01,0.3284671532846715,0.7611940298507462,0.8181818181818182,0.0
2005-11-02,0.3284671532846715,0.56,0.96875,0.0
2005-11-03,0.3284671532846715,0.5625,0.96875,0.0
2005-11-04,0.3284671532846715,0.56,0.96875,0.0
2005-11-07,0.3284671532846715,0.4666666666666667,0.96875,0.0
2005-11-08,0.3284671532846715,0.49475393269075146,0.96875,0.0
2005-11-09,0.3284671532846715,0.5317979138345208,0.96875,0.0
2005-11-10,0.29333333333333333,0.4666666666666667,1.0,0.0
2005-11-11,0.273972602739726,0.4666666666666667,0.96875,0.0
2005-11-14,0.273972602739726,0.4666666666666667,0.96875,0.0
2005-11-15,0.3050847457627119,0.4666666666666667,0.8181818181818182,0.0
2005-11-16,0.29333333333333333,0.4666666666666667,0.96875,0.0
2005-11-17,0.273972602739726,0.4666666666666667,0.96875,0.0
2005-11-18,0.273972602739726,0.4666666666666667,0.8181818181818182,0.0
2005-11-21,0.273972602739726,0.4666666666666667,0.8,0.0
2005-11-22,0.273972602739726,0.4666666666666667,0.8,0.0
2005-11-23,0.273972602739726,0.4666666666666667,0.8,0.0
2005-11-25,0.273972602739726,0.31976744186046513,0.6885245901639344,0.0
2005-11-28,0.273972602739726,0.4666666666666667,0.6885245901639344,0.0
2005-11-29,0.273972602739726,0.4666666666666667,0.6885245901639344,0.0
2005-11-30,0.29333333333333333,0.31976744186046513,0.4860681114551084,0.0
2005-12-01,0.273972602739726,0.4666666666666667,0.8,0.0
2005-12-02,0.273972602739726,0.4666666666666667,0.6885245901639344,0.0
2005-12-05,0.273972602739726,0.4666666666666667,0.6885245901639344,0.0
2005-12-06,0.29333333333333333,0.19645732689210949,0.4860681114551084,0.0
2005-12-07,0.29333333333333333,0.3706563706563707,0.4860681114551084,0.0
2005-12-08,0.29333333333333333,0.4666666666666667,0.4860681114551084,0.0
2005-12-09,0.29333333333333333,0.38461538461538464,0.6885245901639344,0.0
2005-12-12,0.29333333333333333,0.31976744186046513,0.4860681114551084,0.0
2005-12-13,0.273972602739726,0.4666666666666667,0.8,0.0
2005-12-14,0.273972602739726,0.31976744186046513,0.6885245901639344,0.0
2005-12-15,0.273972602739726,0.4666666666666667,0.8,0.0
2005-12-16,0.273972602739726,0.3706563706563707,0.6885245901639344,0.0
2005-12-19,0.29333333333333333,0.3706563706563707,0.6885245901639344,0.0
2005-12-20,0.29333333333333333,0.4666666666666667,0.6885245901639344,0.0
2005-12-21,0.29333333333333333,0.31976744186046513,0.56,0.0
2005-12-22,0.29333333333333333,0.3706563706563707,0.6885245901639344,0.0
2005-12-23,0.29333333333333333,0.3706563706563707,0.56,0.0
2005-12-27,0.3284671532846715,0.31976744186046513,0.4831932773109244,0.0
2005-12-28,0.3284671532846715,0.31976744186046513,0.4860681114551084,0.0
2005-12-29,0.3284671532846715,0.31976744186046513,0.4831932773109244,0.0
2005-12-30,0.3284671532846715,0.31976744186046513,0.29411764705882354,0.0
2006-01-03,0.3284671532846715,0.19645732689210949,0.4831932773109244,0.0
2006-01-04,0.3284671532846715,0.19645732689210949,0.4750733137829913,0.0
2006-01-05,0.3050847457627119,0.19645732689210949,0.4750733137829913,0.0
2006-01-06,0.273972602739726,0.19645732689210949,0.6885245901639344,0.0
2006-01-09,0.273972602739726,0.19645732689210949,0.6885245901639344,0.0
2006-01-10,0.273972602739726,0.19645732689210949,0.6885245901639344,0.0
2006-01-11,0.273972602739726,0.19645732689210949,0.6885245901639344,0.0
2006-01-12,0.273972602739726,0.19645732689210949,0.6885245901639344,0.0
2006-01-13,0.273972602739726,0.19645732689210949,0.6885245901639344,0.0
2006-01-17,0.29333333333333333,0.19645732689210949,0.4860681114551084,0.0
2006-01-18,0.3050847457627119,0.19645732689210949,0.4860681114551084,0.0
2006-01-19,0.29333333333333333,0.19645732689210949,0.4860681114551084,0.0
2006-01-20,0.3284671532846715,0.4666666666666667,0.4750733137829913,0.0
2006-01-23,0.3284671532846715,0.4666666666666667,0.4831932773109244,0.0
2006-01-24,0.3284671532846715,0.4666666666666667,0.4860681114551084,0.0
2006-01-25,0.3284671532846715,0.4666666666666667,0.4860681114551084,0.0
2006-01-26,0.29333333333333333,0.4666666666666667,0.4860681114551084,0.0
2006-01-27,0.273972602739726,0.4666666666666667,0.8,0.0
2006-01-30,0.29333333333333333,0.31976744186046513,0.4860681114551084,0.0
2006-01-31,0.3050847457627119,0.3706563706563707,0.4860681114551084,0.0
2006-02-01,0.273972602739726,0.19645732689210949,0.4860681114551084,0.0
2006-02-02,0.3050847457627119,0.31976744186046513,0.4860681114551084,0.0
2006-02-03,0.3050847457627119,0.31976744186046513,0.4750733137829913,0.0
2006-02-06,0.3050847457627119,0.3706563706563707,0.4831932773109244,0.0
2006-02-07,0.3284671532846715,0.3706563706563707,0.4750733137829913,0.0
2006-02-08,0.29333333333333333,0.31976744186046513,0.4831932773109244,0.0
2006-02-09,0.3050847457627119,0.31976744186046513,0.4831932773109244,0.0
2006-02-10,0.29333333333333333,0.31976744186046513,0.4750733137829913,0.0
2006-02-13,0.29333333333333333,0.3706563706563707,0.4750733137829913,0.0
2006-02-14,0.273972602739726,0.19645732689210949,0.4860681114551084,0.0
2006-02-15,0.273972602739726,0.4666666666666667,0.4860681114551084,0.0
2006-02-16,0.273972602739726,0.4666666666666667,0.6885245901639344,0.0
2006-02-17,0.273972602739726,0.4666666666666667,0.56,0.0
2006-02-21,0.273972602739726,0.4666666666666667,0.4860681114551084,0.0
2006-02-22,0.273972602739726,0.4666666666666667,0.6885245901639344,0.0
2006-02-23,0.273972602739726,0.4666666666666667,0.6885245901639344,0.0
2006-02-24,0.273972602739726,0.4666666666666667,0.56,0.0
2006-02-27,0.273972602739726,0.4666666666666667,0.4860681114551084,0.0
2006-02-28,0.273972602739726,0.4666666666666667,0.4860681114551084,0.0
2006-03-01,0.273972602739726,0.3706563706563707,0.4860681114551084,0.0
2006-03-02,0.273972602739726,0.31976744186046513,0.4831932773109244,0.0
2006-03-03,0.273972602739726,0.31976744186046513,0.4831932773109244,0.0
2006-03-06,0.273972602739726,0.19645732689210949,0.29411764705882354,0.0
2006-03-07,0.273972602739726,0.31976744186046513,0.398876404494382,0.0
2006-03-08,0.273972602739726,0.31976744186046513,0.4750733137829913,0.0
2006-03-09,0.273972602739726,0.31976744186046513,0.34523809523809523,0.0
2006-03-10,0.273972602739726,0.19645732689210949,0.4750733137829913,0.0
2006-03-13,0.273972602739726,0.19645732689210949,0.4750733137829913,0.0
2006-03-14,0.273972602739726,0.19645732689210949,0.4750733137829913,0.0
2006-03-15,0.273972602739726,0.19645732689210949,0.398876404494382,0.0
2006-03-16,0.273972602739726,0.3706563706563707,0.4750733137829913,0.0
2006-03-17,0.273972602739726,0.3706563706563707,0.41379310344827586,0.0
2006-03-20,0.273972602739726,0.31976744186046513,0.4750733137829913,0.0
2006-03-21,0.273972602739726,0.19645732689210949,0.34523809523809523,0.0
2006-03-22,0.273972602739726,0.19645732689210949,0.398876404494382,0.0
2006-03-23,0.273972602739726,0.19645732689210949,0.2868217054263566,0.0
2006-03-24,0.273972602739726,0.19645732689210949,0.398876404494382,0.0
2006-03-27,0.273972602739726,0.19645732689210949,0.26164874551971323,0.0
2006-03-28,0.273972602739726,0.19645732689210949,0.25531914893617025,0.0
2006-03-29,0.273972602739726,0.19645732689210949,0.26164874551971323,0.0
2006-03-30,0.273972602739726,0.19593117659219295,0.25531914893617025,0.0
2006-03-31,0.273972602739726,0.19645732689210949,0.26164874551971323,0.0
2006-04-03,0.273972602739726,0.19645732689210949,0.25531914893617025,0.0
2006-04-04,0.273972602739726,0.16032608695652176,0.26164874551971323,0.0
2006-04-05,0.273972602739726,0.16032608695652176,0.25531914893617025,0.0
2006-04-06,0.273972602739726,0.17073170731707318,0.25531914893617025,0.0
2006-04-07,0.273972602739726,0.19645732689210949,0.25531914893617025,0.0
2006-04-10,0.273972602739726,0.19645732689210949,0.25531914893617025,0.0
2006-04-11,0.273972602739726,0.19645732689210949,0.12962962962962962,0.0
2006-04-12,0.273972602739726,0.19645732689210949,0.2079207920792079,0.0
2006-04-13,0.273972602739726,0.19645732689210949,0.25531914893617025,0.0
2006-04-17,0.273972602739726,0.19645732689210949,0.20238095238095238,0.0
2006-04-18,0.273972602739726,0.16032608695652176,0.26164874551971323,1.0
2006-04-19,0.273972602739726,0.19645732689210949,0.34523809523809523,1.0
2006-04-20,0.273972602739726,0.19645732689210949,0.4750733137829913,1.0
2006-04-21,0.273972602739726,0.19645732689210949,0.2868217054263566,1.0
2006-04-24,0.273972602739726,0.19645732689210949,0.398876404494382,1.0
2006-04-25,0.273972602739726,0.19645732689210949,0.398876404494382,1.0
2006-04-26,0.273972602739726,0.19645732689210949,0.4750733137829913,1.0
2006-04-27,0.24,0.19645732689210949,0.4104210050907347,1.0
2006-04-28,0.273972602739726,0.19645732689210949,0.4750733137829913,1.0
2006-05-01,0.2181208053691275,0.19645732689210949,0.25531914893617025,1.0
2006-05-02,0.2181208053691275,0.19645732689210949,0.26164874551971323,1.0
2006-05-03,0.2181208053691275,0.19645732689210949,0.2868217054263566,1.0
2006-05-04,0.2181208053691275,0.19645732689210949,0.2868217054263566,1.0
2006-05-05,0.2181208053691275,0.19645732689210949,0.4750733137829913,1.0
2006-05-08,0.2181208053691275,0.19645732689210949,0.26164874551971323,1.0
2006-05-09,0.2181208053691275,0.19047619047619047,0.25531914893617025,1.0
2006-05-10,0.2181208053691275,0.16032608695652176,0.20238095238095238,1.0
2006-05-11,0.273972602739726,0.19047619047619047,0.20238095238095238,1.0
2006-05-12,0.273972602739726,0.19645732689210949,0.20238095238095238,1.0
2006-05-15,0.273972602739726,0.19645732689210949,0.2079207920792079,1.0
2006-05-16,0.273972602739726,0.4666666666666667,0.25531914893617025,1.0
2006-05-17,0.273972602739726,0.31976744186046513,0.2079207920792079,0.0
2006-05-18,0.29333333333333333,0.31976744186046513,0.20238095238095238,0.0
2006-05-19,0.29333333333333333,0.4666666666666667,0.20238095238095238,0.0
2006-05-22,0.3050847457627119,0.3706563706563707,0.20238095238095238,0.0
2006-05-23,0.3284671532846715,0.31976744186046513,0.20238095238095238,0.0
2006-05-24,0.3050847457627119,0.3706563706563707,0.20238095238095238,0.0
2006-05-25,0.3050847457627119,0.4666666666666667,0.25531914893617025,0.0
2006-05-26,0.3284671532846715,0.3706563706563707,0.25531914893617025,0.0
2006-05-30,0.3284671532846715,0.31976744186046513,0.20238095238095238,0.0
2006-05-31,0.3284671532846715,0.19645732689210949,0.20238095238095238,0.0
2006-06-01,0.3284671532846715,0.4666666666666667,0.25531914893617025,0.0
2006-06-02,0.3618421052631579,0.4666666666666667,0.398876404494382,1.0
2006-06-05,0.442577030812325,0.3706563706563707,0.25531914893617025,0.0
2006-06-06,0.442577030812325,0.3706563706563707,0.25531914893617025,0.0
2006-06-07,0.442577030812325,0.3706563706563707,0.25531914893617025,0.0
2006-06-08,0.442577030812325,0.3706563706563707,0.25531914893617025,0.0
2006-06-09,0.442577030812325,0.31976744186046513,0.112,0.0
2006-06-12,0.442577030812325,0.3706563706563707,0.11702127659574466,0.0
2006-06-13,0.442577030812325,0.3706563706563707,0.112,0.0
2006-06-14,0.442577030812325,0.4666666666666667,0.20238095238095238,0.0
2006-06-15,0.3761803784575706,0.4666666666666667,0.25531914893617025,0.0
2006-06-16,0.442577030812325,0.4666666666666667,0.25531914893617025,0.0
2006-06-19,0.442577030812325,0.4666666666666667,0.2391304347826087,0.0
2006-06-20,0.442577030812325,0.4666666666666667,0.25531914893617025,0.0
2006-06-21,0.4090909090909091,0.4666666666666667,0.25531914893617025,0.0
2006-06-22,0.442577030812325,0.4666666666666667,0.26164874551971323,0.0
2006-06-23,0.442577030812325,0.4666666666666667,0.2868217054263566,0.0
2006-06-26,0.36228290828789317,0.4666666666666667,0.29411764705882354,0.0
2006-06-27,0.442577030812325,0.3706563706563707,0.25531914893617025,0.0
2006-06-28,0.442577030812325,0.3706563706563707,0.25531914893617025,0.0
2006-06-29,0.3326138117439937,0.3706563706563707,0.398876404494382,0.0
2006-06-30,0.4,0.19645732689210949,0.34523809523809523,0.0
2006-07-03,0.3618421052631579,0.31976744186046513,0.41379310344827586,0.0
2006-07-05,0.3618421052631579,0.31976744186046513,0.398876404494382,0.0
2006-07-06,0.4,0.19645732689210949,0.398876404494382,0.0
2006-07-07,0.3618421052631579,0.19645732689210949,0.4750733137829913,0.0
2006-07-10,0.3618421052631579,0.19645732689210949,0.4750733137829913,0.0
2006-07-11,0.3284671532846715,0.31976744186046513,0.4831932773109244,0.0
2006-07-12,0.4090909090909091,0.31976744186046513,0.398876404494382,0.0
2006-07-13,0.442577030812325,0.31976744186046513,0.25531914893617025,0.0
2006-07-14,0.442577030812325,0.31976744186046513,0.112,0.0
2006-07-17,0.442577030812325,0.3706563706563707,0.12962962962962962,0.0
2006-07-18,0.442577030812325,0.4666666666666667,0.25531914893617025,0.0
2006-07-19,0.442577030812325,0.3706563706563707,0.25531914893617025,0.0
2006-07-20,0.442577030812325,0.31976744186046513,0.20238095238095238,0.0
2006-07-21,0.442577030812325,0.31976744186046513,0.112,0.0
2006-07-24,0.3618421052631579,0.31976744186046513,0.20238095238095238,0.0
2006-07-25,0.3618421052631579,0.31976744186046513,0.25531914893617025,0.0
2006-07-26,0.3618421052631579,0.31976744186046513,0.25531914893617025,0.0
2006-07-27,0.3618421052631579,0.31976744186046513,0.25531914893617025,0.0
2006-07-28,0.3284671532846715,0.31976744186046513,0.29411764705882354,0.0
2006-07-31,0.3284671532846715,0.19645732689210949,0.25531914893617025,0.0
2006-08-01,0.3284671532846715,0.19645732689210949,0.4750733137829913,0.0
2006-08-02,0.3284671532846715,0.19645732689210949,0.4750733137829913,0.0
2006-08-03,0.3284671532846715,0.19645732689210949,0.4750733137829913,0.0
2006-08-04,0.3284671532846715,0.19645732689210949,0.34523809523809523,0.0
2006-08-07,0.3284671532846715,0.19645732689210949,0.26164874551971323,0.0
2006-08-08,0.3284671532846715,0.19645732689210949,0.26164874551971323,0.0
2006-08-09,0.3284671532846715,0.19645732689210949,0.25531914893617025,0.0
2006-08-10,0.3284671532846715,0.19645732689210949,0.26164874551971323,0.0
2006-08-11,0.3284671532846715,0.19645732689210949,0.25531914893617025,0.0
2006-08-14,0.3050847457627119,0.19645732689210949,0.25531914893617025,0.0
2006-08-15,0.29333333333333333,0.19645732689210949,0.2868217054263566,0.0
2006-08-16,0.273972602739726,0.19645732689210949,0.398876404494382,0.0
2006-08-17,0.273972602739726,0.19645732689210949,0.4750733137829913,0.0
2006-08-18,0.273972602739726,0.19645732689210949,0.4831932773109244,0.0
2006-08-21,0.273972602739726,0.31976744186046513,0.4750733137829913,0.0
2006-08-22,0.273972602739726,0.19645732689210949,0.398876404494382,0.0
2006-08-23,0.273972602739726,0.19645732689210949,0.398876404494382,0.0
2006-08-24,0.273972602739726,0.19645732689210949,0.2868217054263566,0.0
2006-08-25,0.273972602739726,0.19645732689210949,0.25531914893617025,0.0
2006-08-28,0.273972602739726,0.19645732689210949,0.25531914893617025,0.0
2006-08-29,0.2181208053691275,0.19645732689210949,0.2868217054263566,0.0
2006-08-30,0.2181208053691275,0.19645732689210949,0.26164874551971323,0.0
2006-08-31,0.2181208053691275,0.19645732689210949,0.25531914893617025,0.0
2006-09-01,0.273972602739726,0.19645732689210949,0.2079207920792079,0.0
2006-09-05,0.273972602739726,0.19645732689210949,0.25531914893617025,0.0
2006-09-06,0.273972602739726,0.19645732689210949,0.16,0.0
2006-09-07,0.273972602739726,0.19645732689210949,0.09219858156028368,0.0
2006-09-08,0.273972602739726,0.19645732689210949,0.12962962962962962,0.0
2006-09-11,0.273972602739726,0.19645732689210949,0.16,0.0
2006-09-12,0.2181208053691275,0.19645732689210949,0.20238095238095238,0.0
2006-09-13,0.2181208053691275,0.17073170731707318,0.20238095238095238,0.0
2006-09-14,0.2181208053691275,0.16032608695652176,0.11702127659574466,0.0
2006-09-15,0.2181208053691275,0.19645732689210949,0.25531914893617025,0.0
2006-09-18,0.2181208053691275,0.19645732689210949,0.25531914893617025,0.0
2006-09-19,0.2181208053691275,0.19645732689210949,0.20238095238095238,0.0
2006-09-20,0.2181208053691275,0.19645732689210949,0.20238095238095238,0.0
2006-09-21,0.2181208053691275,0.16032608695652176,0.09219858156028368,0.0
2006-09-22,0.273972602739726,0.15,0.08739837398373984,0.0
2006-09-25,0.273972602739726,0.16032608695652176,0.08739837398373984,0.0
2006-09-26,0.2181208053691275,0.16032608695652176,0.08739837398373984,0.0
2006-09-27,0.273972602739726,0.12623274161735698,0.08739837398373984,0.0
2006-09-28,0.273972602739726,0.12623274161735698,0.08739837398373984,0.0
2006-09-29,0.24,0.16032608695652176,0.08739837398373984,0.0
2006-10-02,0.273972602739726,0.16032608695652176,0.08739837398373984,0.0
2006-10-03,0.273972602739726,0.12623274161735698,0.08739837398373984,0.0
2006-10-04,0.2181208053691275,0.12623274161735698,0.08739837398373984,0.0
2006-10-05,0.2181208053691275,0.12623274161735698,0.08739837398373984,0.0
2006-10-06,0.2181208053691275,0.12623274161735698,0.08739837398373984,0.0
2006-10-09,0.2181208053691275,0.12623274161735698,0.08739837398373984,0.0
2006-10-10,0.2181208053691275,0.12623274161735698,0.08739837398373984,0.0
2006-10-11,0.2181208053691275,0.12623274161735698,0.08739837398373984,0.0
2006-10-12,0.2181208053691275,0.12623274161735698,0.08739837398373984,0.0
2006-10-13,0.1564625850340136,0.12623274161735698,0.12962962962962962,0.0
2006-10-16,0.20610687022900764,0.12623274161735698,0.11702127659574466,0.0
2006-10-17,0.2181208053691275,0.12623274161735698,0.20238095238095238,0.0
2006-10-18,0.2181208053691275,0.12623274161735698,0.11702127659574466,0.0
2006-10-19,0.20610687022900764,0.12623274161735698,0.112,0.0
2006-10-20,0.20610687022900764,0.12623274161735698,0.08743169398907104,0.0
2006-10-23,0.2181208053691275,0.12623274161735698,0.08743169398907104,0.0
2006-10-24,0.2181208053691275,0.12623274161735698,0.11702127659574466,0.0
2006-10-25,0.2181208053691275,0.12623274161735698,0.11702127659574466,0.0
2006-10-26,0.2181208053691275,0.12623274161735698,0.112,0.0
2006-10-27,0.2181208053691275,0.12623274161735698,0.112,0.0
2006-10-30,0.2181208053691275,0.12623274161735698,0.09219858156028368,0.0
2006-10-31,0.2181208053691275,0.12623274161735698,0.112,0.0
2006-11-01,0.2181208053691275,0.12623274161735698,0.08739837398373984,0.0
2006-11-02,0.2181208053691275,0.12623274161735698,0.08739837398373984,0.0
2006-11-03,0.2181208053691275,0.12623274161735698,0.08739837398373984,0.0
2006-11-06,0.2181208053691275,0.12623274161735698,0.08739837398373984,0.0
2006-11-07,0.2181208053691275,0.12623274161735698,0.08739837398373984,0.0
2006-11-08,0.2181208053691275,0.12623274161735698,0.08739837398373984,0.0
2006-11-09,0.2181208053691275,0.09090909090909091,0.08739837398373984,0.0
2006-11-10,0.20610687022900764,0.11747120547419584,0.08739837398373984,0.0
2006-11-13,0.20610687022900764,0.12623274161735698,0.08739837398373984,0.0
2006-11-14,0.1564625850340136,0.0625,0.08739837398373984,0.0
2006-11-15,0.1564625850340136,0.0,0.08739837398373984,0.0
2006-11-16,0.1487603305785124,0.0,0.08739837398373984,0.0
2006-11-17,0.13423645320197042,0.12623274161735698,0.08739837398373984,0.0
2006-11-20,0.13423645320197042,0.12623274161735698,0.08739837398373984,0.0
2006-11-21,0.13423645320197042,0.12623274161735698,0.08739837398373984,0.0
2006-11-22,0.13423645320197042,0.12623274161735698,0.08739837398373984,0.0
2006-11-24,0.1487603305785124,0.0625,0.08739837398373984,0.0
2006-11-27,0.2181208053691275,0.12623274161735698,0.07142857142857142,0.0
2006-11-28,0.2181208053691275,0.12623274161735698,0.08739837398373984,0.0
2006-11-29,0.1487603305785124,0.12623274161735698,0.08739837398373984,0.0
2006-11-30,0.1564625850340136,0.12623274161735698,0.08739837398373984,0.0
2006-12-01,0.2181208053691275,0.12623274161735698,0.08739837398373984,0.0
2006-12-04,0.2181208053691275,0.12623274161735698,0.08739837398373984,0.0
2006-12-05,0.2181208053691275,0.12623274161735698,0.08739837398373984,0.0
2006-12-06,0.2181208053691275,0.12623274161735698,0.08739837398373984,0.0
2006-12-07,0.2669207149130058,0.12623274161735698,0.08739837398373984,0.0
2006-12-08,0.2181208053691275,0.12623274161735698,0.08739837398373984,0.0
2006-12-11,0.2181208053691275,0.12623274161735698,0.08739837398373984,0.0
2006-12-12,0.2181208053691275,0.12623274161735698,0.08739837398373984,0.0
2006-12-13,0.2181208053691275,0.12623274161735698,0.08739837398373984,0.0
2006-12-14,0.20610687022900764,0.12623274161735698,0.08743169398907104,0.0
2006-12-15,0.1564625850340136,0.12623274161735698,0.09219858156028368,0.0
2006-12-18,0.20610687022900764,0.12623274161735698,0.09219858156028368,0.0
2006-12-19,0.20610687022900764,0.12623274161735698,0.09219858156028368,0.0
2006-12-20,0.20610687022900764,0.12623274161735698,0.09219858156028368,0.0
2006-12-21,0.2181208053691275,0.12623274161735698,0.08739837398373984,0.0
2006-12-22,0.2181208053691275,0.12623274161735698,0.08739837398373984,0.0
2006-12-26,0.2181208053691275,0.12623274161735698,0.08739837398373984,0.0
2006-12-27,0.2181208053691275,0.12623274161735698,0.08739837398373984,0.0
2006-12-28,0.2181208053691275,0.12623274161735698,0.08739837398373984,0.0
2006-12-29,0.2181208053691275,0.12623274161735698,0.08739837398373984,0.0
2007-01-03,0.273972602739726,0.12623274161735698,0.112,0.0
2007-01-04,0.273972602739726,0.12623274161735698,0.09219858156028368,0.0
2007-01-05,0.273972602739726,0.12623274161735698,0.08739837398373984,0.0
2007-01-08,0.273972602739726,0.12623274161735698,0.08739837398373984,0.0
2007-01-09,0.273972602739726,0.12623274161735698,0.08739837398373984,0.0
2007-01-10,0.273972602739726,0.12623274161735698,0.08739837398373984,0.0
2007-01-11,0.273972602739726,0.12623274161735698,0.08743169398907104,0.0
2007-01-12,0.2181208053691275,0.12623274161735698,0.11702127659574466,0.0
2007-01-16,0.2181208053691275,0.12623274161735698,0.20238095238095238,0.0
2007-01-17,0.2181208053691275,0.12623274161735698,0.20238095238095238,0.0
2007-01-18,0.2181208053691275,0.16032608695652176,0.25531914893617025,0.0
2007-01-19,0.2181208053691275,0.16032608695652176,0.398876404494382,0.0
2007-01-22,0.2181208053691275,0.12623274161735698,0.26164874551971323,0.0
2007-01-23,0.2181208053691275,0.12623274161735698,0.29411764705882354,0.0
2007-01-24,0.2181208053691275,0.12623274161735698,0.398876404494382,0.0
2007-01-25,0.273972602739726,0.12623274161735698,0.29411764705882354,0.0
2007-01-26,0.273972602739726,0.12623274161735698,0.29411764705882354,0.0
2007-01-29,0.273972602739726,0.12623274161735698,0.34523809523809523,0.0
2007-01-30,0.273972602739726,0.12623274161735698,0.34523809523809523,0.0
2007-01-31,0.24,0.12623274161735698,0.26164874551971323,0.0
2007-02-01,0.2181208053691275,0.12623274161735698,0.20238095238095238,0.0
2007-02-02,0.2181208053691275,0.12623274161735698,0.112,1.0
2007-02-05,0.2181208053691275,0.12623274161735698,0.20238095238095238,1.0
2007-02-06,0.2181208053691275,0.12623274161735698,0.20238095238095238,1.0
2007-02-07,0.2181208053691275,0.12623274161735698,0.11702127659574466,1.0
2007-02-08,0.2181208053691275,0.12623274161735698,0.09219858156028368,1.0
2007-02-09,0.273972602739726,0.12623274161735698,0.09219858156028368,0.0
2007-02-12,0.273972602739726,0.12623274161735698,0.112,0.0
2007-02-13,0.24,0.12623274161735698,0.11702127659574466,0.0
2007-02-14,0.24,0.12623274161735698,0.10810810810810811,1.0
2007-02-15,0.2181208053691275,0.12623274161735698,0.09219858156028368,1.0
2007-02-16,0.2181208053691275,0.12623274161735698,0.09219858156028368,1.0
2007-02-20,0.2181208053691275,0.12623274161735698,0.08743169398907104,1.0
2007-02-21,0.273972602739726,0.12623274161735698,0.09219858156028368,1.0
2007-02-22,0.273972602739726,0.12623274161735698,0.112,1.0
2007-02-23,0.273972602739726,0.12623274161735698,0.08739837398373984,1.0
2007-02-26,0.273972602739726,0.12623274161735698,0.08743169398907104,1.0
2007-02-27,0.3284671532846715,0.12623274161735698,0.08739837398373984,0.0
2007-02-28,0.3284671532846715,0.16032608695652176,0.09219858156028368,0.0
2007-03-01,0.3284671532846715,0.31976744186046513,0.12962962962962962,0.0
2007-03-02,0.442577030812325,0.19645732689210949,0.07142857142857142,0.0
2007-03-05,0.442577030812325,0.19645732689210949,0.0,0.0
2007-03-06,0.3618421052631579,0.19645732689210949,0.08739837398373984,0.0
2007-03-07,0.3618421052631579,0.19645732689210949,0.08739837398373984,0.0
2007-03-08,0.3618421052631579,0.19645732689210949,0.08739837398373984,0.0
2007-03-09,0.3284671532846715,0.19645732689210949,0.08739837398373984,0.0
2007-03-12,0.3284671532846715,0.3706563706563707,0.08739837398373984,0.0
2007-03-13,0.3618421052631579,0.4666666666666667,0.08739837398373984,0.0
2007-03-14,0.3618421052631579,0.4666666666666667,0.08739837398373984,0.0
2007-03-15,0.3284671532846715,0.4666666666666667,0.08743169398907104,0.0
2007-03-16,0.3618421052631579,0.4666666666666667,0.112,0.0
2007-03-19,0.3284671532846715,0.3706563706563707,0.112,0.0
2007-03-20,0.3284671532846715,0.3706563706563707,0.20238095238095238,0.0
2007-03-21,0.3050847457627119,0.31976744186046513,0.25531914893617025,0.0
2007-03-22,0.3284671532846715,0.31976744186046513,0.25531914893617025,0.0
2007-03-23,0.3284671532846715,0.31976744186046513,0.4750733137829913,0.0
2007-03-26,0.3284671532846715,0.31976744186046513,0.4750733137829913,0.0
2007-03-27,0.3284671532846715,0.31976744186046513,0.29411764705882354,0.0
2007-03-28,0.3284671532846715,0.31976744186046513,0.2868217054263566,0.0
2007-03-29,0.3618421052631579,0.3706563706563707,0.4750733137829913,0.0
2007-03-30,0.3618421052631579,0.31976744186046513,0.26164874551971323,0.0
2007-04-02,0.3284671532846715,0.31976744186046513,0.26164874551971323,0.0
2007-04-03,0.3284671532846715,0.31976744186046513,0.2868217054263566,0.0
2007-04-04,0.3284671532846715,0.19645732689210949,0.2868217054263566,0.0
2007-04-05,0.3284671532846715,0.31976744186046513,0.398876404494382,0.0
2007-04-09,0.3284671532846715,0.31976744186046513,0.4750733137829913,0.0
2007-04-10,0.3050847457627119,0.31976744186046513,0.4750733137829913,0.0
2007-04-11,0.3284671532846715,0.3706563706563707,0.41379310344827586,0.0
2007-04-12,0.3050847457627119,0.31976744186046513,0.398876404494382,0.0
2007-04-13,0.273972602739726,0.31976744186046513,0.4831932773109244,0.0
2007-04-16,0.273972602739726,0.19645732689210949,0.4750733137829913,0.0
2007-04-17,0.273972602739726,0.19645732689210949,0.4750733137829913,0.0
2007-04-18,0.273972602739726,0.19645732689210949,0.398876404494382,0.0
2007-04-19,0.273972602739726,0.19645732689210949,0.29411764705882354,0.0
2007-04-20,0.273972602739726,0.31976744186046513,0.4831932773109244,0.0
2007-04-23,0.273972602739726,0.19645732689210949,0.4750733137829913,0.0
2007-04-24,0.273972602739726,0.19645732689210949,0.398876404494382,0.0
2007-04-25,0.273972602739726,0.19645732689210949,0.41379310344827586,0.0
2007-04-26,0.273972602739726,0.19645732689210949,0.4750733137829913,0.0
2007-04-27,0.273972602739726,0.31976744186046513,0.4831932773109244,0.0
2007-04-30,0.3050847457627119,0.31976744186046513,0.4750733137829913,0.0
2007-05-01,0.273972602739726,0.19645732689210949,0.4750733137829913,0.0
2007-05-02,0.273972602739726,0.19645732689210949,0.398876404494382,0.0
2007-05-03,0.273972602739726,0.19645732689210949,0.398876404494382,0.0
2007-05-04,0.273972602739726,0.19645732689210949,0.25531914893617025,0.0
2007-05-07,0.273972602739726,0.19645732689210949,0.2868217054263566,0.0
2007-05-08,0.273972602739726,0.19047619047619047,0.25531914893617025,0.0
2007-05-09,0.273972602739726,0.19645732689210949,0.26164874551971323,0.0
2007-05-10,0.29333333333333333,0.19645732689210949,0.25531914893617025,0.0
2007-05-11,0.273972602739726,0.19047619047619047,0.34523809523809523,0.0
2007-05-14,0.273972602739726,0.19645732689210949,0.34523809523809523,0.0
2007-05-15,0.273972602739726,0.19645732689210949,0.398876404494382,0.0
2007-05-16,0.273972602739726,0.19645732689210949,0.398876404494382,0.0
2007-05-17,0.273972602739726,0.19645732689210949,0.398876404494382,0.0
2007-05-18,0.273972602739726,0.19645732689210949,0.4750733137829913,0.0
2007-05-21,0.273972602739726,0.19645732689210949,0.398876404494382,0.0
2007-05-22,0.273972602739726,0.19645732689210949,0.398876404494382,0.0
2007-05-23,0.273972602739726,0.19645732689210949,0.29411764705882354,0.0
2007-05-24,0.273972602739726,0.19645732689210949,0.2868217054263566,0.0
2007-05-25,0.273972602739726,0.19645732689210949,0.4750733137829913,0.0
2007-05-29,0.273972602739726,0.19645732689210949,0.4750733137829913,0.0
2007-05-30,0.273972602739726,0.19645732689210949,0.4750733137829913,0.0
2007-05-31,0.273972602739726,0.19645732689210949,0.4831932773109244,0.0
2007-06-01,0.273972602739726,0.19645732689210949,0.34523809523809523,1.0
2007-06-04,0.273972602739726,0.19047619047619047,0.26164874551971323,1.0
2007-06-05,0.273972602739726,0.19645732689210949,0.25531914893617025,0.0
2007-06-06,0.273972602739726,0.17073170731707318,0.2391304347826087,0.0
2007-06-07,0.29333333333333333,0.19645732689210949,0.25531914893617025,0.0
2007-06-08,0.273972602739726,0.19645732689210949,0.20238095238095238,0.0
2007-06-11,0.273972602739726,0.19047619047619047,0.11702127659574466,1.0
2007-06-12,0.29333333333333333,0.19645732689210949,0.16,0.0
2007-06-13,0.273972602739726,0.19645732689210949,0.20238095238095238,1.0
2007-06-14,0.273972602739726,0.19645732689210949,0.20238095238095238,1.0
2007-06-15,0.273972602739726,0.17073170731707318,0.11702127659574466,1.0
2007-06-18,0.273972602739726,0.12623274161735698,0.112,1.0
2007-06-19,0.273972602739726,0.16032608695652176,0.12962962962962962,1.0
2007-06-20,0.29333333333333333,0.12623274161735698,0.112,1.0
2007-06-21,0.273972602739726,0.12623274161735698,0.09219858156028368,1.0
2007-06-22,0.3050847457627119,0.16032608695652176,0.112,1.0
2007-06-25,0.3284671532846715,0.17073170731707318,0.20238095238095238,1.0
2007-06-26,0.3284671532846715,0.19047619047619047,0.20238095238095238,1.0
2007-06-27,0.29333333333333333,0.16032608695652176,0.11702127659574466,1.0
2007-06-28,0.3050847457627119,0.16032608695652176,0.112,1.0
2007-06-29,0.3284671532846715,0.12623274161735698,0.09219858156028368,1.0
2007-07-02,0.29333333333333333,0.12623274161735698,0.09219858156028368,1.0
2007-07-03,0.29333333333333333,0.12623274161735698,0.09219858156028368,1.0
2007-07-05,0.29333333333333333,0.16032608695652176,0.112,1.0
2007-07-06,0.273972602739726,0.16032608695652176,0.11702127659574466,1.0
2007-07-09,0.273972602739726,0.16032608695652176,0.112,1.0
2007-07-10,0.3284671532846715,0.16032608695652176,0.20238095238095238,1.0
2007-07-11,0.3050847457627119,0.19047619047619047,0.20238095238095238,1.0
2007-07-12,0.273972602739726,0.12623274161735698,0.12962962962962962,1.0
2007-07-13,0.273972602739726,0.12623274161735698,0.08743169398907104,1.0
2007-07-16,0.273972602739726,0.12623274161735698,0.08739837398373984,1.0
2007-07-17,0.273972602739726,0.12623274161735698,0.08739837398373984,1.0
2007-07-18,0.273972602739726,0.12623274161735698,0.08739837398373984,1.0
2007-07-19,0.273972602739726,0.12623274161735698,0.08739837398373984,1.0
2007-07-20,0.3284671532846715,0.12623274161735698,0.08739837398373984,1.0
2007-07-23,0.3050847457627119,0.12623274161735698,0.08739837398373984,1.0
2007-07-24,0.3284671532846715,0.12623274161735698,0.09219858156028368,1.0
2007-07-25,0.3284671532846715,0.12623274161735698,0.08739837398373984,1.0
2007-07-26,0.3618421052631579,0.12623274161735698,0.08743169398907104,1.0
2007-07-27,0.442577030812325,0.12623274161735698,0.09219858156028368,0.0
2007-07-30,0.442577030812325,0.12623274161735698,0.09219858156028368,0.0
2007-07-31,0.442577030812325,0.12623274161735698,0.08743169398907104,0.0
2007-08-01,0.442577030812325,0.19645732689210949,0.08739837398373984,0.0
2007-08-02,0.442577030812325,0.19645732689210949,0.08739837398373984,0.0
2007-08-03,0.442577030812325,0.19047619047619047,0.08739837398373984,0.0
2007-08-06,0.442577030812325,0.19645732689210949,0.08739837398373984,0.0
2007-08-07,0.442577030812325,0.19047619047619047,0.08739837398373984,0.0
2007-08-08,0.3618421052631579,0.19645732689210949,0.08739837398373984,1.0
2007-08-09,0.442577030812325,0.19645732689210949,0.08739837398373984,0.0
2007-08-10,0.442577030812325,0.19645732689210949,0.09219858156028368,0.0
2007-08-13,0.442577030812325,0.19645732689210949,0.09219858156028368,0.0
2007-08-14,0.442577030812325,0.19645732689210949,0.08743169398907104,0.0
2007-08-15,0.442577030812325,0.19645732689210949,0.112,0.0
2007-08-16,0.442577030812325,0.19645732689210949,0.08743169398907104,0.0
2007-08-17,0.3618421052631579,0.4666666666666667,0.20238095238095238,0.0
2007-08-20,0.442577030812325,0.19645732689210949,0.09219858156028368,0.0
2007-08-21,0.442577030812325,0.19645732689210949,0.112,0.0
2007-08-22,0.4090909090909091,0.19645732689210949,0.112,0.0
2007-08-23,0.4090909090909091,0.31976744186046513,0.112,0.0
2007-08-24,0.3618421052631579,0.19645732689210949,0.09219858156028368,0.0
2007-08-27,0.442577030812325,0.19645732689210949,0.08739837398373984,0.0
2007-08-28,0.442577030812325,0.19645732689210949,0.08739837398373984,0.0
2007-08-29,0.3618421052631579,0.19645732689210949,0.08743169398907104,0.0
2007-08-30,0.442577030812325,0.19645732689210949,0.08743169398907104,0.0
2007-08-31,0.4090909090909091,0.19645732689210949,0.08739837398373984,0.0
2007-09-04,0.4090909090909091,0.19645732689210949,0.08739837398373984,0.0
2007-09-05,0.442577030812325,0.19645732689210949,0.08739837398373984,0.0
2007-09-06,0.442577030812325,0.19645732689210949,0.08739837398373984,0.0
2007-09-07,0.442577030812325,0.19645732689210949,0.08739837398373984,0.0
2007-09-10,0.442577030812325,0.19645732689210949,0.08739837398373984,0.0
2007-09-11,0.442577030812325,0.19645732689210949,0.08739837398373984,0.0
2007-09-12,0.442577030812325,0.19645732689210949,0.08739837398373984,0.0
2007-09-13,0.442577030812325,0.19645732689210949,0.09219858156028368,0.0
2007-09-14,0.442577030812325,0.19645732689210949,0.09219858156028368,0.0
2007-09-17,0.442577030812325,0.19645732689210949,0.08743169398907104,0.0
2007-09-18,0.3284671532846715,0.17073170731707318,0.08739837398373984,1.0
2007-09-19,0.3284671532846715,0.19645732689210949,0.20238095238095238,1.0
2007-09-20,0.3284671532846715,0.19645732689210949,0.20238095238095238,1.0
2007-09-21,0.3284671532846715,0.19645732689210949,0.20238095238095238,1.0
2007-09-24,0.3284671532846715,0.19645732689210949,0.20238095238095238,1.0
2007-09-25,0.3284671532846715,0.19645732689210949,0.11702127659574466,1.0
2007-09-26,0.3284671532846715,0.19645732689210949,0.09219858156028368,1.0
2007-09-27,0.3284671532846715,0.17073170731707318,0.08743169398907104,1.0
2007-09-28,0.3284671532846715,0.19645732689210949,0.112,1.0
2007-10-01,0.3284671532846715,0.16032608695652176,0.09219858156028368,1.0
2007-10-02,0.3284671532846715,0.17073170731707318,0.09219858156028368,1.0
2007-10-03,0.3284671532846715,0.19645732689210949,0.08743169398907104,1.0
2007-10-04,0.3284671532846715,0.16032608695652176,0.08739837398373984,1.0
2007-10-05,0.3284671532846715,0.12623274161735698,0.08739837398373984,1.0
2007-10-08,0.3284671532846715,0.12623274161735698,0.08739837398373984,1.0
2007-10-09,0.23619631901840488,0.17450682852807284,0.12789281364190017,1.0
2007-10-10,0.23619631901840488,0.17450682852807284,0.14260249554367202,1.0
2007-10-11,0.23619631901840488,0.17450682852807284,0.14260249554367202,1.0
2007-10-12,0.23619631901840488,0.17450682852807284,0.14260249554367202,1.0
2007-10-15,0.23619631901840488,0.17450682852807284,0.14260249554367202,1.0
2007-10-16,0.23619631901840488,0.17450682852807284,0.14260249554367202,1.0
2007-10-17,0.23619631901840488,0.14285714285714285,0.12789281364190017,1.0
2007-10-18,0.23619631901840488,0.14285714285714285,0.12789281364190017,1.0
2007-10-19,0.28160919540229884,0.17450682852807284,0.04294478527607362,1.0
2007-10-22,0.28160919540229884,0.17450682852807284,0.06716417910447761,1.0
2007-10-23,0.23619631901840488,0.14285714285714285,0.12789281364190017,1.0
2007-10-24,0.23619631901840488,0.12348178137651822,0.10869565217391304,1.0
2007-10-25,0.28160919540229884,0.17450682852807284,0.06716417910447761,1.0
2007-10-26,0.24183006535947713,0.12348178137651822,0.12789281364190017,1.0
2007-10-29,0.23619631901840488,0.14285714285714285,0.12789281364190017,1.0
2007-10-30,0.28160919540229884,0.17450682852807284,0.12789281364190017,1.0
2007-10-31,0.23619631901840488,0.17450682852807284,0.12789281364190017,1.0
2007-11-01,0.28160919540229884,0.19914163090128756,0.06716417910447761,1.0
2007-11-02,0.28160919540229884,0.19914163090128756,0.12789281364190017,1.0
2007-11-05,0.28160919540229884,0.19914163090128756,0.1065069622352259,1.0
2007-11-06,0.28160919540229884,0.19914163090128756,0.12789281364190017,1.0
2007-11-07,0.28160919540229884,0.19914163090128756,0.04294478527607362,0.0
2007-11-08,0.28160919540229884,0.19914163090128756,0.10526315789473684,1.0
2007-11-09,0.28160919540229884,0.19914163090128756,0.017595307917888565,0.0
2007-11-12,0.28160919540229884,0.2079207920792079,0.017595307917888565,0.0
2007-11-13,0.28160919540229884,0.19914163090128756,0.017595307917888565,1.0
2007-11-14,0.28160919540229884,0.19914163090128756,0.017595307917888565,1.0
2007-11-15,0.28160919540229884,0.19914163090128756,0.017595307917888565,0.0
2007-11-16,0.28160919540229884,0.19914163090128756,0.017595307917888565,1.0
2007-11-19,0.28160919540229884,0.19914163090128756,0.017595307917888565,1.0
2007-11-20,0.28160919540229884,0.19914163090128756,0.017595307917888565,1.0
2007-11-21,0.28160919540229884,0.19914163090128756,0.017595307917888565,1.0
2007-11-23,0.28160919540229884,0.19914163090128756,0.017595307917888565,1.0
2007-11-26,0.28160919540229884,0.19914163090128756,0.017595307917888565,1.0
2007-11-27,0.28160919540229884,0.19914163090128756,0.017595307917888565,1.0
2007-11-28,0.28160919540229884,0.19914163090128756,0.017595307917888565,1.0
2007-11-29,0.28160919540229884,0.19914163090128756,0.017595307917888565,1.0
2007-11-30,0.28160919540229884,0.17450682852807284,0.017595307917888565,1.0
2007-12-03,0.28160919540229884,0.17450682852807284,0.017595307917888565,1.0
2007-12-04,0.28160919540229884,0.17450682852807284,0.017595307917888565,1.0
2007-12-05,0.28160919540229884,0.17450682852807284,0.017595307917888565,1.0
2007-12-06,0.24183006535947713,0.17450682852807284,0.017595307917888565,1.0
2007-12-07,0.24183006535947713,0.14285714285714285,0.04294478527607362,1.0
2007-12-10,0.24183006535947713,0.17450682852807284,0.06716417910447761,1.0
2007-12-11,0.28160919540229884,0.17450682852807284,0.017595307917888565,1.0
2007-12-12,0.28160919540229884,0.17450682852807284,0.017595307917888565,1.0
2007-12-13,0.28160919540229884,0.17450682852807284,0.017595307917888565,1.0
2007-12-14,0.28160919540229884,0.17450682852807284,0.017595307917888565,1.0
2007-12-17,0.28160919540229884,0.17450682852807284,0.017595307917888565,1.0
2007-12-18,0.28160919540229884,0.17450682852807284,0.017595307917888565,1.0
2007-12-19,0.28160919540229884,0.17450682852807284,0.017595307917888565,1.0
2007-12-20,0.28160919540229884,0.17450682852807284,0.017595307917888565,1.0
2007-12-21,0.28160919540229884,0.17450682852807284,0.017595307917888565,1.0
2007-12-24,0.24183006535947713,0.17450682852807284,0.017595307917888565,1.0
2007-12-26,0.28160919540229884,0.17450682852807284,0.017595307917888565,1.0
2007-12-27,0.28160919540229884,0.17450682852807284,0.017595307917888565,1.0
2007-12-28,0.28160919540229884,0.17450682852807284,0.0,1.0
2007-12-31,0.28160919540229884,0.17450682852807284,0.017595307917888565,1.0
2008-01-02,0.28160919540229884,0.19914163090128756,0.0,1.0
2008-01-03,0.28160919540229884,0.19914163090128756,0.0,1.0
2008-01-04,0.28160919540229884,0.19914163090128756,0.0,1.0
2008-01-07,0.28160919540229884,0.19914163090128756,0.0,1.0
2008-01-08,0.28160919540229884,0.19914163090128756,0.0,1.0
2008-01-09,0.28160919540229884,0.17450682852807284,0.0,1.0
2008-01-10,0.28160919540229884,0.17450682852807284,0.0,1.0
2008-01-11,0.28160919540229884,0.17450682852807284,0.0,1.0
2008-01-14,0.28160919540229884,0.17450682852807284,0.0,1.0
2008-01-15,0.28160919540229884,0.12348178137651822,0.0,1.0
2008-01-16,0.28160919540229884,0.17450682852807284,0.0,1.0
2008-01-17,0.28160919540229884,0.19914163090128756,0.017595307917888565,0.0
2008-01-18,0.28160919540229884,0.19914163090128756,0.017595307917888565,0.0
2008-01-22,0.28160919540229884,0.19914163090128756,0.017595307917888565,0.0
2008-01-23,0.28160919540229884,0.19914163090128756,0.017595307917888565,0.0
2008-01-24,0.28160919540229884,0.19914163090128756,0.017595307917888565,1.0
2008-01-25,0.28160919540229884,0.19914163090128756,0.017595307917888565,0.0
2008-01-28,0.28160919540229884,0.19914163090128756,0.017595307917888565,1.0
2008-01-29,0.28160919540229884,0.19914163090128756,0.017595307917888565,1.0
2008-01-30,0.28160919540229884,0.19914163090128756,0.017595307917888565,1.0
2008-01-31,0.28160919540229884,0.19914163090128756,0.017595307917888565,1.0
2008-02-01,0.24183006535947713,0.17450682852807284,0.017595307917888565,1.0
2008-02-04,0.24183006535947713,0.17450682852807284,0.017595307917888565,1.0
2008-02-05,0.28160919540229884,0.19914163090128756,0.017595307917888565,0.0
2008-02-06,0.28160919540229884,0.19914163090128756,0.017595307917888565,0.0
2008-02-07,0.24183006535947713,0.19914163090128756,0.017595307917888565,0.0
2008-02-08,0.28160919540229884,0.19914163090128756,0.017595307917888565,0.0
2008-02-11,0.28160919540229884,0.19914163090128756,0.017595307917888565,0.0
2008-02-12,0.24183006535947713,0.17450682852807284,0.017595307917888565,1.0
2008-02-13,0.23619631901840488,0.17450682852807284,0.017595307917888565,1.0
2008-02-14,0.24183006535947713,0.17450682852807284,0.017595307917888565,1.0
2008-02-15,0.24183006535947713,0.17450682852807284,0.017595307917888565,1.0
2008-02-19,0.24183006535947713,0.17450682852807284,0.017595307917888565,1.0
2008-02-20,0.24183006535947713,0.17450682852807284,0.017595307917888565,1.0
2008-02-21,0.24183006535947713,0.17450682852807284,0.017595307917888565,1.0
2008-02-22,0.23619631901840488,0.17450682852807284,0.017595307917888565,1.0
2008-02-25,0.23619631901840488,0.17450682852807284,0.017595307917888565,1.0
2008-02-26,0.24183006535947713,0.17450682852807284,0.0,1.0
2008-02-27,0.24183006535947713,0.17450682852807284,0.0,1.0
2008-02-28,0.28160919540229884,0.19914163090128756,0.0,1.0
2008-02-29,0.28160919540229884,0.19914163090128756,0.0,0.0
2008-03-03,0.28160919540229884,0.19914163090128756,0.0,0.0
2008-03-04,0.28160919540229884,0.19914163090128756,0.0,0.0
2008-03-05,0.28160919540229884,0.19914163090128756,0.0,0.0
2008-03-06,0.28160919540229884,0.19914163090128756,0.0,0.0
2008-03-07,0.28160919540229884,0.19914163090128756,0.0,0.0
2008-03-10,0.28160919540229884,0.19914163090128756,0.0,0.0
2008-03-11,0.28160919540229884,0.19914163090128756,0.0,0.0
2008-03-12,0.28160919540229884,0.19914163090128756,0.0,0.0
2008-03-13,0.28160919540229884,0.19914163090128756,0.0,0.0
2008-03-14,0.28160919540229884,0.19914163090128756,0.017595307917888565,0.0
2008-03-17,0.28160919540229884,0.19914163090128756,0.017595307917888565,0.0
2008-03-18,0.28160919540229884,0.19914163090128756,0.0,0.0
2008-03-19,0.28160919540229884,0.19914163090128756,0.017595307917888565,0.0
2008-03-20,0.24183006535947713,0.17450682852807284,0.017595307917888565,0.0
2008-03-24,0.24183006535947713,0.17450682852807284,0.017595307917888565,0.0
2008-03-25,0.24183006535947713,0.17450682852807284,0.017595307917888565,0.0
2008-03-26,0.24183006535947713,0.17450682852807284,0.017595307917888565,0.0
2008-03-27,0.28160919540229884,0.17450682852807284,0.017595307917888565,0.0
2008-03-28,0.28160919540229884,0.17450682852807284,0.017595307917888565,0.0
2008-03-31,0.24183006535947713,0.17450682852807284,0.017595307917888565,0.0
2008-04-01,0.23619631901840488,0.17450682852807284,0.0,0.0
2008-04-02,0.23619631901840488,0.17450682852807284,0.017595307917888565,0.0
2008-04-03,0.23619631901840488,0.17450682852807284,0.0,0.0
2008-04-04,0.23619631901840488,0.17450682852807284,0.0,0.0
2008-04-07,0.23619631901840488,0.17450682852807284,0.0,0.0
2008-04-08,0.23619631901840488,0.17450682852807284,0.0,0.0
2008-04-09,0.24183006535947713,0.17450682852807284,0.0,0.0
2008-04-10,0.23619631901840488,0.17450682852807284,0.0,0.0
2008-04-11,0.24183006535947713,0.17450682852807284,0.0,0.0
2008-04-14,0.24183006535947713,0.19914163090128756,0.0,0.0
2008-04-15,0.23619631901840488,0.17450682852807284,0.0,0.0
2008-04-16,0.23619631901840488,0.17450682852807284,0.0,0.0
2008-04-17,0.23619631901840488,0.17450682852807284,0.0,0.0
2008-04-18,0.23619631901840488,0.17450682852807284,0.0,0.0
2008-04-21,0.23619631901840488,0.19914163090128756,0.0,0.0
2008-04-22,0.23619631901840488,0.17450682852807284,0.0,0.0
2008-04-23,0.23619631901840488,0.17450682852807284,0.0,0.0
2008-04-24,0.23619631901840488,0.19914163090128756,0.0,1.0
2008-04-25,0.23619631901840488,0.19914163090128756,0.0,1.0
2008-04-28,0.23619631901840488,0.19914163090128756,0.0,1.0
2008-04-29,0.23619631901840488,0.19914163090128756,0.0,1.0
2008-04-30,0.23619631901840488,0.19914163090128756,0.0,1.0
2008-05-01,0.22641509433962265,0.19914163090128756,0.0,1.0
2008-05-02,0.22641509433962265,0.19914163090128756,0.0,1.0
2008-05-05,0.22641509433962265,0.17450682852807284,0.0,1.0
2008-05-06,0.22641509433962265,0.17450682852807284,0.0,1.0
2008-05-07,0.22641509433962265,0.17450682852807284,0.0,1.0
2008-05-08,0.22641509433962265,0.17450682852807284,0.0,1.0
2008-05-09,0.22641509433962265,0.17450682852807284,0.0,1.0
2008-05-12,0.22641509433962265,0.17450682852807284,0.0,1.0
2008-05-13,0.22641509433962265,0.17450682852807284,0.0,1.0
2008-05-14,0.22641509433962265,0.17450682852807284,0.0,1.0
2008-05-15,0.22641509433962265,0.17450682852807284,0.0,1.0
2008-05-16,0.22641509433962265,0.17450682852807284,0.0,1.0
2008-05-19,0.22641509433962265,0.17450682852807284,0.0,1.0
2008-05-20,0.22641509433962265,0.14285714285714285,0.0,1.0
2008-05-21,0.22641509433962265,0.14285714285714285,0.0,1.0
2008-05-22,0.22641509433962265,0.14285714285714285,0.0,1.0
2008-05-23,0.22641509433962265,0.14285714285714285,0.0,1.0
2008-05-27,0.22641509433962265,0.17450682852807284,0.0,1.0
2008-05-28,0.22641509433962265,0.17450682852807284,0.0,1.0
2008-05-29,0.22641509433962265,0.17450682852807284,0.0,1.0
2008-05-30,0.22641509433962265,0.14285714285714285,0.0,1.0
2008-06-02,0.22641509433962265,0.17450682852807284,0.0,1.0
2008-06-03,0.22641509433962265,0.12348178137651822,0.0,1.0
2008-06-04,0.22641509433962265,0.12348178137651822,0.017595307917888565,1.0
2008-06-05,0.22641509433962265,0.12348178137651822,0.017595307917888565,1.0
2008-06-06,0.23619631901840488,0.19914163090128756,0.017595307917888565,1.0
2008-06-09,0.23619631901840488,0.17450682852807284,0.017595307917888565,1.0
2008-06-10,0.23619631901840488,0.17450682852807284,0.017595307917888565,1.0
2008-06-11,0.23619631901840488,0.19914163090128756,0.017595307917888565,1.0
2008-06-12,0.23619631901840488,0.19914163090128756,0.017595307917888565,1.0
2008-06-13,0.23619631901840488,0.19914163090128756,0.017595307917888565,1.0
2008-06-16,0.23619631901840488,0.19914163090128756,0.017595307917888565,1.0
2008-06-17,0.23619631901840488,0.19914163090128756,0.0,1.0
2008-06-18,0.23619631901840488,0.19914163090128756,0.0,1.0
2008-06-19,0.23619631901840488,0.18518518518518517,0.017595307917888565,1.0
2008-06-20,0.23619631901840488,0.19914163090128756,0.017595307917888565,1.0
2008-06-23,0.23619631901840488,0.19914163090128756,0.017595307917888565,1.0
2008-06-24,0.23619631901840488,0.19914163090128756,0.0,1.0
2008-06-25,0.23619631901840488,0.19914163090128756,0.0,1.0
2008-06-26,0.24183006535947713,0.19914163090128756,0.0,1.0
2008-06-27,0.28160919540229884,0.19914163090128756,0.0,0.0
2008-06-30,0.28160919540229884,0.19914163090128756,0.0,1.0
2008-07-01,0.28160919540229884,0.19914163090128756,0.0,1.0
2008-07-02,0.28160919540229884,0.19914163090128756,0.0,0.0
2008-07-03,0.28160919540229884,0.19914163090128756,0.0,0.0
2008-07-07,0.28160919540229884,0.19914163090128756,0.0,0.0
2008-07-08,0.28160919540229884,0.19914163090128756,0.0,0.0
2008-07-09,0.28160919540229884,0.19914163090128756,0.0,0.0
2008-07-10,0.28160919540229884,0.19914163090128756,0.0,0.0
2008-07-11,0.28160919540229884,0.19937624040423937,0.0,0.0
2008-07-14,0.28160919540229884,0.2079207920792079,0.0,0.0
2008-07-15,0.28160919540229884,0.19914163090128756,0.0,0.0
2008-07-16,0.28160919540229884,0.19914163090128756,0.0,0.0
2008-07-17,0.24183006535947713,0.19914163090128756,0.0,0.0
2008-07-18,0.24183006535947713,0.19914163090128756,0.0,1.0
2008-07-21,0.23619631901840488,0.19914163090128756,0.0,1.0
2008-07-22,0.23619631901840488,0.17450682852807284,0.0,1.0
2008-07-23,0.23619631901840488,0.17450682852807284,0.0,1.0
2008-07-24,0.23619631901840488,0.17450682852807284,0.0,1.0
2008-07-25,0.23619631901840488,0.17450682852807284,0.0,1.0
2008-07-28,0.23619631901840488,0.18518518518518517,0.0,1.0
2008-07-29,0.23619631901840488,0.17450682852807284,0.0,1.0
2008-07-30,0.23619631901840488,0.17450682852807284,0.0,1.0
2008-07-31,0.23619631901840488,0.17450682852807284,0.017595307917888565,1.0
2008-08-01,0.23619631901840488,0.17450682852807284,0.017595307917888565,1.0
2008-08-04,0.24183006535947713,0.17450682852807284,0.017595307917888565,1.0
2008-08-05,0.23619631901840488,0.17450682852807284,0.017595307917888565,1.0
2008-08-06,0.23619631901840488,0.14285714285714285,0.017595307917888565,1.0
2008-08-07,0.23619631901840488,0.17450682852807284,0.017595307917888565,1.0
2008-08-08,0.23619631901840488,0.17450682852807284,0.017595307917888565,1.0
2008-08-11,0.23619631901840488,0.17450682852807284,0.017595307917888565,1.0
2008-08-12,0.23619631901840488,0.17450682852807284,0.017595307917888565,1.0
2008-08-13,0.23619631901840488,0.17450682852807284,0.017595307917888565,1.0
2008-08-14,0.23619631901840488,0.17450682852807284,0.017595307917888565,1.0
2008-08-15,0.23619631901840488,0.17450682852807284,0.017595307917888565,1.0
2008-08-18,0.23619631901840488,0.17450682852807284,0.017595307917888565,1.0
2008-08-19,0.23619631901840488,0.17450682852807284,0.017595307917888565,1.0
2008-08-20,0.23619631901840488,0.17450682852807284,0.017595307917888565,1.0
2008-08-21,0.23619631901840488,0.14285714285714285,0.017595307917888565,1.0
2008-08-22,0.23619631901840488,0.17450682852807284,0.017595307917888565,1.0
2008-08-25,0.23619631901840488,0.17450682852807284,0.017595307917888565,1.0
2008-08-26,0.23619631901840488,0.17450682852807284,0.017595307917888565,1.0
2008-08-27,0.23619631901840488,0.17450682852807284,0.017595307917888565,1.0
2008-08-28,0.23619631901840488,0.17450682852807284,0.017595307917888565,1.0
2008-08-29,0.23619631901840488,0.17450682852807284,0.017595307917888565,1.0
2008-09-02,0.23619631901840488,0.19914163090128756,0.04294478527607362,1.0
2008-09-03,0.23619631901840488,0.19914163090128756,0.017595307917888565,1.0
2008-09-04,0.28160919540229884,0.19914163090128756,0.12789281364190017,1.0
2008-09-05,0.28160919540229884,0.19914163090128756,0.10526315789473684,1.0
2008-09-08,0.24183006535947713,0.19914163090128756,0.06716417910447761,1.0
2008-09-09,0.28160919540229884,0.2079207920792079,0.12789281364190017,1.0
2008-09-10,0.28160919540229884,0.2079207920792079,0.12789281364190017,1.0
2008-09-11,0.28160919540229884,0.2079207920792079,0.12789281364190017,1.0
2008-09-12,0.28160919540229884,0.28155339805825247,0.13274336283185842,1.0
2008-09-15,0.28160919540229884,0.3417085427135678,0.19553072625698323,1.0
2008-09-16,0.28160919540229884,0.3417085427135678,0.14260249554367202,1.0
2008-09-17,0.28160919540229884,0.28155339805825247,0.2986577181208054,1.0
2008-09-18,0.28160919540229884,0.28155339805825247,0.2986577181208054,1.0
2008-09-19,0.28160919540229884,0.3417085427135678,0.20689655172413793,1.0
2008-09-22,0.28160919540229884,0.2079207920792079,0.19808306709265175,1.0
2008-09-23,0.28160919540229884,0.2079207920792079,0.19808306709265175,1.0
2008-09-24,0.28160919540229884,0.2079207920792079,0.19808306709265175,1.0
2008-09-25,0.28160919540229884,0.2079207920792079,0.19808306709265175,1.0
2008-09-26,0.28160919540229884,0.2079207920792079,0.3543307086614173,1.0
2008-09-29,0.28160919540229884,0.2079207920792079,0.2986577181208054,1.0
2008-09-30,0.28160919540229884,0.28155339805825247,0.3543307086614173,1.0
2008-10-01,0.28160919540229884,0.3417085427135678,0.2986577181208054,1.0
2008-10-02,0.28160919540229884,0.3417085427135678,0.2986577181208054,1.0
2008-10-03,0.28160919540229884,0.3417085427135678,0.20689655172413793,1.0
2008-10-06,0.28160919540229884,0.3417085427135678,0.2986577181208054,1.0
2008-10-07,0.28160919540229884,0.3417085427135678,0.2986577181208054,1.0
2008-10-08,0.28160919540229884,0.3417085427135678,0.2986577181208054,1.0
2008-10-09,0.28160919540229884,0.3417085427135678,0.2986577181208054,1.0
2008-10-10,0.28160919540229884,0.3417085427135678,0.2986577181208054,1.0
2008-10-13,0.28160919540229884,0.3417085427135678,0.2986577181208054,1.0
2008-10-14,0.28160919540229884,0.3417085427135678,0.2986577181208054,1.0
2008-10-15,0.28160919540229884,0.3417085427135678,0.20689655172413793,1.0
2008-10-16,0.28160919540229884,0.3417085427135678,0.2986577181208054,1.0
2008-10-17,0.28160919540229884,0.3417085427135678,0.20689655172413793,1.0
2008-10-20,0.28160919540229884,0.3417085427135678,0.19808306709265175,1.0
2008-10-21,0.28160919540229884,0.3417085427135678,0.19808306709265175,1.0
2008-10-22,0.28160919540229884,0.3417085427135678,0.19808306709265175,1.0
2008-10-23,0.28160919540229884,0.3417085427135678,0.19808306709265175,1.0
2008-10-24,0.28160919540229884,0.3417085427135678,0.20689655172413793,1.0
2008-10-27,0.28160919540229884,0.3417085427135678,0.20689655172413793,1.0
2008-10-28,0.28160919540229884,0.3417085427135678,0.19808306709265175,1.0
2008-10-29,0.28160919540229884,0.3417085427135678,0.19808306709265175,1.0
2008-10-30,0.28160919540229884,0.3417085427135678,0.19808306709265175,1.0
2008-10-31,0.28160919540229884,0.3417085427135678,0.19808306709265175,1.0
2008-11-03,0.28160919540229884,0.2079207920792079,0.19808306709265175,1.0
2008-11-04,0.28160919540229884,0.2079207920792079,0.19808306709265175,1.0
2008-11-05,0.28160919540229884,0.28155339805825247,0.19808306709265175,1.0
2008-11-06,0.28160919540229884,0.3417085427135678,0.2,1.0
2008-11-07,0.28160919540229884,0.2079207920792079,0.20689655172413793,1.0
2008-11-10,0.28160919540229884,0.28155339805825247,0.2986577181208054,1.0
2008-11-11,0.28160919540229884,0.28155339805825247,0.2986577181208054,1.0
2008-11-12,0.28160919540229884,0.3417085427135678,0.2986577181208054,1.0
2008-11-13,0.28160919540229884,0.3417085427135678,0.19808306709265175,1.0
2008-11-14,0.28160919540229884,0.3417085427135678,0.2986577181208054,1.0
2008-11-17,0.28160919540229884,0.28155339805825247,0.2986577181208054,1.0
2008-11-18,0.28160919540229884,0.28155339805825247,0.2986577181208054,1.0
2008-11-19,0.28160919540229884,0.3417085427135678,0.20689655172413793,1.0
2008-11-20,0.28160919540229884,0.3417085427135678,0.2986577181208054,0.0
2008-11-21,0.28160919540229884,0.3417085427135678,0.19808306709265175,0.0
2008-11-24,0.28160919540229884,0.25,0.19808306709265175,1.0
2008-11-25,0.28160919540229884,0.2079207920792079,0.19808306709265175,1.0
2008-11-26,0.28160919540229884,0.19914163090128756,0.19808306709265175,1.0
2008-11-28,0.28160919540229884,0.19914163090128756,0.19808306709265175,1.0
2008-12-01,0.28160919540229884,0.28155339805825247,0.19808306709265175,0.0
2008-12-02,0.28160919540229884,0.2079207920792079,0.19808306709265175,1.0
2008-12-03,0.28160919540229884,0.2079207920792079,0.19808306709265175,1.0
2008-12-04,0.28160919540229884,0.2079207920792079,0.19808306709265175,0.0
2008-12-05,0.28160919540229884,0.2079207920792079,0.19553072625698323,1.0
2008-12-08,0.28160919540229884,0.2079207920792079,0.1875,1.0
2008-12-09,0.28160919540229884,0.2079207920792079,0.19553072625698323,1.0
2008-12-10,0.28160919540229884,0.19914163090128756,0.19553072625698323,1.0
2008-12-11,0.28160919540229884,0.19914163090128756,0.19553072625698323,1.0
2008-12-12,0.28160919540229884,0.19914163090128756,0.19553072625698323,1.0
2008-12-15,0.28160919540229884,0.19914163090128756,0.14260249554367202,1.0
2008-12-16,0.28160919540229884,0.19914163090128756,0.14260249554367202,1.0
2008-12-17,0.28160919540229884,0.19914163090128756,0.12789281364190017,1.0
2008-12-18,0.28160919540229884,0.19914163090128756,0.13274336283185842,1.0
2008-12-19,0.28160919540229884,0.19914163090128756,0.14260249554367202,1.0
2008-12-22,0.28160919540229884,0.19914163090128756,0.14260249554367202,1.0
2008-12-23,0.28160919540229884,0.19914163090128756,0.14260249554367202,1.0
2008-12-24,0.28160919540229884,0.19914163090128756,0.14260249554367202,1.0
2008-12-26,0.28160919540229884,0.19914163090128756,0.14260249554367202,1.0
2008-12-29,0.28160919540229884,0.17450682852807284,0.14260249554367202,1.0
2008-12-30,0.28160919540229884,0.17450682852807284,0.12789281364190017,1.0
2008-12-31,0.28160919540229884,0.17450682852807284,0.13274336283185842,1.0
2009-01-02,0.28160919540229884,0.19914163090128756,0.14260249554367202,1.0
2009-01-05,0.28160919540229884,0.18518518518518517,0.19553072625698323,1.0
2009-01-06,0.28160919540229884,0.19914163090128756,0.19808306709265175,1.0
2009-01-07,0.28160919540229884,0.19914163090128756,0.19808306709265175,1.0
2009-01-08,0.28160919540229884,0.19914163090128756,0.19553072625698323,1.0
2009-01-09,0.28160919540229884,0.19914163090128756,0.19808306709265175,1.0
2009-01-12,0.28160919540229884,0.17450682852807284,0.2986577181208054,1.0
2009-01-13,0.28160919540229884,0.17450682852807284,0.19808306709265175,1.0
2009-01-14,0.28160919540229884,0.17450682852807284,0.2986577181208054,1.0
2009-01-15,0.28160919540229884,0.19914163090128756,0.19808306709265175,1.0
2009-01-16,0.28160919540229884,0.17450682852807284,0.19808306709265175,1.0
2009-01-20,0.28160919540229884,0.19914163090128756,0.3543307086614173,1.0
2009-01-21,0.28160919540229884,0.19914163090128756,0.2986577181208054,1.0
2009-01-22,0.28160919540229884,0.19914163090128756,0.2986577181208054,1.0
2009-01-23,0.28160919540229884,0.19914163090128756,0.2986577181208054,1.0
2009-01-26,0.28160919540229884,0.19914163090128756,0.19808306709265175,1.0
2009-01-27,0.28160919540229884,0.18518518518518517,0.19808306709265175,1.0
2009-01-28,0.28160919540229884,0.19914163090128756,0.19808306709265175,1.0
2009-01-29,0.28160919540229884,0.19914163090128756,0.19808306709265175,1.0
2009-01-30,0.28160919540229884,0.19914163090128756,0.19808306709265175,1.0
2009-02-02,0.28160919540229884,0.19914163090128756,0.19553072625698323,1.0
2009-02-03,0.28160919540229884,0.19914163090128756,0.19553072625698323,1.0
2009-02-04,0.28160919540229884,0.19914163090128756,0.19808306709265175,1.0
2009-02-05,0.28160919540229884,0.19914163090128756,0.19808306709265175,1.0
2009-02-06,0.24183006535947713,0.19914163090128756,0.2986577181208054,1.0
2009-02-09,0.24183006535947713,0.19914163090128756,0.2986577181208054,1.0
2009-02-10,0.28160919540229884,0.19914163090128756,0.2986577181208054,1.0
2009-02-11,0.28160919540229884,0.19914163090128756,0.19808306709265175,1.0
2009-02-12,0.28160919540229884,0.19914163090128756,0.19808306709265175,1.0
2009-02-13,0.28160919540229884,0.19914163090128756,0.19808306709265175,1.0
2009-02-17,0.28160919540229884,0.19914163090128756,0.2986577181208054,1.0
2009-02-18,0.28160919540229884,0.19914163090128756,0.2986577181208054,1.0
2009-02-19,0.28160919540229884,0.19914163090128756,0.19808306709265175,1.0
2009-02-20,0.28160919540229884,0.19914163090128756,0.19808306709265175,1.0
2009-02-23,0.28160919540229884,0.19914163090128756,0.19808306709265175,1.0
2009-02-24,0.28160919540229884,0.19914163090128756,0.14260249554367202,1.0
2009-02-25,0.28160919540229884,0.19914163090128756,0.14260249554367202,1.0
2009-02-26,0.28160919540229884,0.19914163090128756,0.14260249554367202,1.0
2009-02-27,0.28160919540229884,0.19914163090128756,0.14260249554367202,1.0
2009-03-02,0.28160919540229884,0.2079207920792079,0.14260249554367202,0.0
2009-03-03,0.28160919540229884,0.19914163090128756,0.14260249554367202,0.0
2009-03-04,0.28160919540229884,0.2079207920792079,0.14260249554367202,1.0
2009-03-05,0.28160919540229884,0.2079207920792079,0.14260249554367202,0.0
2009-03-06,0.28160919540229884,0.2079207920792079,0.12789281364190017,0.0
2009-03-09,0.28160919540229884,0.2079207920792079,0.12789281364190017,0.0
2009-03-10,0.28160919540229884,0.2079207920792079,0.12789281364190017,0.0
2009-03-11,0.28160919540229884,0.19914163090128756,0.13274336283185842,0.0
2009-03-12,0.28160919540229884,0.19914163090128756,0.12789281364190017,0.0
2009-03-13,0.28160919540229884,0.19914163090128756,0.14260249554367202,0.0
2009-03-16,0.28160919540229884,0.2079207920792079,0.13274336283185842,0.0
2009-03-17,0.28160919540229884,0.2079207920792079,0.12789281364190017,0.0
2009-03-18,0.28160919540229884,0.19914163090128756,0.12789281364190017,0.0
2009-03-19,0.28160919540229884,0.19914163090128756,0.12789281364190017,0.0
2009-03-20,0.28160919540229884,0.19914163090128756,0.12789281364190017,0.0
2009-03-23,0.24183006535947713,0.19914163090128756,0.14260249554367202,0.0
2009-03-24,0.28160919540229884,0.19914163090128756,0.13274336283185842,0.0
2009-03-25,0.28160919540229884,0.19914163090128756,0.13274336283185842,0.0
2009-03-26,0.24183006535947713,0.19914163090128756,0.14260249554367202,1.0
2009-03-27,0.28160919540229884,0.19914163090128756,0.12789281364190017,0.0
2009-03-30,0.28160919540229884,0.19914163090128756,0.14260249554367202,0.0
2009-03-31,0.28160919540229884,0.19914163090128756,0.12789281364190017,0.0
2009-04-01,0.23619631901840488,0.19914163090128756,0.14260249554367202,0.0
2009-04-02,0.23619631901840488,0.19914163090128756,0.14260249554367202,0.0
2009-04-03,0.23619631901840488,0.19914163090128756,0.14260249554367202,0.0
2009-04-06,0.23619631901840488,0.19914163090128756,0.14260249554367202,0.0
2009-04-07,0.23619631901840488,0.19914163090128756,0.14260249554367202,0.0
2009-04-08,0.23619631901840488,0.19914163090128756,0.14260249554367202,0.0
2009-04-09,0.23619631901840488,0.19914163090128756,0.14260249554367202,0.0
2009-04-13,0.23619631901840488,0.19914163090128756,0.14260249554367202,0.0
2009-04-14,0.23619631901840488,0.19914163090128756,0.14260249554367202,0.0
2009-04-15,0.23619631901840488,0.19914163090128756,0.14260249554367202,0.0
2009-04-16,0.22641509433962265,0.19914163090128756,0.14260249554367202,0.0
2009-04-17,0.22641509433962265,0.19914163090128756,0.14260249554367202,0.0
2009-04-20,0.22641509433962265,0.19914163090128756,0.19553072625698323,0.0
2009-04-21,0.22641509433962265,0.19914163090128756,0.19553072625698323,0.0
2009-04-22,0.22641509433962265,0.19914163090128756,0.1875,0.0
2009-04-23,0.22641509433962265,0.19914163090128756,0.14260249554367202,0.0
2009-04-24,0.22641509433962265,0.19914163090128756,0.14260249554367202,0.0
2009-04-27,0.22641509433962265,0.19914163090128756,0.14260249554367202,0.0
2009-04-28,0.22641509433962265,0.19914163090128756,0.14260249554367202,0.0
2009-04-29,0.22641509433962265,0.19914163090128756,0.14260249554367202,0.0
2009-04-30,0.22641509433962265,0.19914163090128756,0.14260249554367202,0.0
2009-05-01,0.22641509433962265,0.19914163090128756,0.14260249554367202,0.0
2009-05-04,0.22641509433962265,0.19914163090128756,0.14260249554367202,0.0
2009-05-05,0.22641509433962265,0.19914163090128756,0.14260249554367202,0.0
2009-05-06,0.22641509433962265,0.19914163090128756,0.14260249554367202,0.0
2009-05-07,0.22641509433962265,0.19914163090128756,0.14260249554367202,0.0
2009-05-08,0.22641509433962265,0.19914163090128756,0.14260249554367202,1.0
2009-05-11,0.22641509433962265,0.19914163090128756,0.14260249554367202,0.0
2009-05-12,0.22641509433962265,0.19914163090128756,0.14260249554367202,0.0
2009-05-13,0.22641509433962265,0.19914163090128756,0.14260249554367202,0.0
2009-05-14,0.22641509433962265,0.17450682852807284,0.14260249554367202,0.0
2009-05-15,0.22641509433962265,0.19914163090128756,0.14260249554367202,0.0
2009-05-18,0.22641509433962265,0.19914163090128756,0.14260249554367202,0.0
2009-05-19,0.22641509433962265,0.17450682852807284,0.12789281364190017,0.0
2009-05-20,0.22641509433962265,0.17450682852807284,0.12789281364190017,0.0
2009-05-21,0.22641509433962265,0.17450682852807284,0.14260249554367202,0.0
2009-05-22,0.22641509433962265,0.17450682852807284,0.14260249554367202,0.0
2009-05-26,0.22641509433962265,0.17450682852807284,0.14260249554367202,0.0
2009-05-27,0.22641509433962265,0.18518518518518517,0.14260249554367202,0.0
2009-05-28,0.22641509433962265,0.17450682852807284,0.14260249554367202,0.0
2009-05-29,0.22641509433962265,0.17450682852807284,0.14260249554367202,0.0
2009-06-01,0.1650943396226415,0.17450682852807284,0.14260249554367202,1.0
2009-06-02,0.16099773242630386,0.12348178137651822,0.14260249554367202,1.0
2009-06-03,0.1650943396226415,0.14285714285714285,0.14260249554367202,1.0
2009-06-04,0.16099773242630386,0.17450682852807284,0.14260249554367202,1.0
2009-06-05,0.1650943396226415,0.17450682852807284,0.14260249554367202,1.0
2009-06-08,0.16099773242630386,0.17450682852807284,0.14260249554367202,1.0
2009-06-09,0.16099773242630386,0.17450682852807284,0.14260249554367202,1.0
2009-06-10,0.16099773242630386,0.17450682852807284,0.14260249554367202,1.0
2009-06-11,0.16099773242630386,0.14285714285714285,0.14260249554367202,1.0
2009-06-12,0.16099773242630386,0.17450682852807284,0.14260249554367202,1.0
2009-06-15,0.1650943396226415,0.17450682852807284,0.14260249554367202,0.0
2009-06-16,0.1650943396226415,0.17450682852807284,0.14260249554367202,0.0
2009-06-17,0.16099773242630386,0.12348178137651822,0.14260249554367202,0.0
2009-06-18,0.16099773242630386,0.17450682852807284,0.14260249554367202,0.0
2009-06-19,0.16099773242630386,0.12348178137651822,0.12789281364190017,0.0
2009-06-22,0.1650943396226415,0.12348178137651822,0.13274336283185842,0.0
2009-06-23,0.1650943396226415,0.12348178137651822,0.12789281364190017,0.0
2009-06-24,0.1650943396226415,0.12348178137651822,0.12789281364190017,0.0
2009-06-25,0.1650943396226415,0.12348178137651822,0.12789281364190017,0.0
2009-06-26,0.16099773242630386,0.12348178137651822,0.12789281364190017,0.0
2009-06-29,0.16099773242630386,0.12348178137651822,0.12789281364190017,1.0
2009-06-30,0.16099773242630386,0.12348178137651822,0.12789281364190017,0.0
2009-07-01,0.16099773242630386,0.12348178137651822,0.12789281364190017,0.0
2009-07-02,0.1650943396226415,0.12348178137651822,0.12789281364190017,0.0
2009-07-06,0.1650943396226415,0.12348178137651822,0.12789281364190017,0.0
2009-07-07,0.17647058823529413,0.12348178137651822,0.12789281364190017,0.0
2009-07-08,0.22641509433962265,0.12348178137651822,0.12789281364190017,0.0
2009-07-09,0.1650943396226415,0.044444444444444446,0.12789281364190017,0.0
2009-07-10,0.1650943396226415,0.044444444444444446,0.10526315789473684,0.0
2009-07-13,0.1650943396226415,0.044444444444444446,0.12789281364190017,0.0
2009-07-14,0.16099773242630386,0.044444444444444446,0.12789281364190017,0.0
2009-07-15,0.16099773242630386,0.12348178137651822,0.12789281364190017,0.0
2009-07-16,0.16099773242630386,0.12348178137651822,0.12789281364190017,0.0
2009-07-17,0.16099773242630386,0.12348178137651822,0.12789281364190017,0.0
2009-07-20,0.16099773242630386,0.12348178137651822,0.12789281364190017,0.0
2009-07-21,0.16099773242630386,0.044444444444444446,0.12789281364190017,0.0
2009-07-22,0.16099773242630386,0.08333333333333333,0.12789281364190017,0.0
2009-07-23,0.15053763440860216,0.12348178137651822,0.12789281364190017,0.0
2009-07-24,0.15053763440860216,0.12348178137651822,0.12789281364190017,0.0
2009-07-27,0.15053763440860216,0.12348178137651822,0.12789281364190017,0.0
2009-07-28,0.06896551724137931,0.12348178137651822,0.12789281364190017,0.0
2009-07-29,0.06896551724137931,0.12348178137651822,0.12789281364190017,0.0
2009-07-30,0.06896551724137931,0.12348178137651822,0.12789281364190017,0.0
2009-07-31,0.16099773242630386,0.08333333333333333,0.12789281364190017,0.0
2009-08-03,0.06896551724137931,0.12348178137651822,0.12789281364190017,0.0
2009-08-04,0.06896551724137931,0.12348178137651822,0.12789281364190017,0.0
2009-08-05,0.05714285714285714,0.12348178137651822,0.12789281364190017,0.0
2009-08-06,0.06896551724137931,0.12348178137651822,0.12789281364190017,0.0
2009-08-07,0.05714285714285714,0.12348178137651822,0.12789281364190017,0.0
2009-08-10,0.05714285714285714,0.12348178137651822,0.12789281364190017,0.0
2009-08-11,0.05714285714285714,0.12348178137651822,0.12789281364190017,0.0
2009-08-12,0.05714285714285714,0.12348178137651822,0.12789281364190017,0.0
2009-08-13,0.05714285714285714,0.12348178137651822,0.12789281364190017,0.0
2009-08-14,0.05714285714285714,0.044444444444444446,0.12789281364190017,0.0
2009-08-17,0.06896551724137931,0.044444444444444446,0.12789281364190017,0.0
2009-08-18,0.05714285714285714,0.044444444444444446,0.12789281364190017,0.0
2009-08-19,0.05714285714285714,0.044444444444444446,0.12789281364190017,0.0
2009-08-20,0.05714285714285714,0.044444444444444446,0.12789281364190017,0.0
2009-08-21,0.05714285714285714,0.048747313966018044,0.12789281364190017,0.0
2009-08-24,0.05714285714285714,0.044444444444444446,0.12789281364190017,0.0
2009-08-25,0.05714285714285714,0.044444444444444446,0.12789281364190017,0.0
2009-08-26,0.05714285714285714,0.044444444444444446,0.12789281364190017,0.0
2009-08-27,0.05714285714285714,0.044444444444444446,0.12789281364190017,0.0
2009-08-28,0.05714285714285714,0.044444444444444446,0.12789281364190017,0.0
2009-08-31,0.05714285714285714,0.044444444444444446,0.12789281364190017,0.0
2009-09-01,0.05714285714285714,0.044444444444444446,0.12789281364190017,0.0
2009-09-02,0.05714285714285714,0.044444444444444446,0.10869565217391304,0.0
2009-09-03,0.05714285714285714,0.044444444444444446,0.10869565217391304,0.0
2009-09-04,0.05714285714285714,0.044444444444444446,0.12789281364190017,0.0
2009-09-08,0.05714285714285714,0.044444444444444446,0.12789281364190017,0.0
2009-09-09,0.05714285714285714,0.044444444444444446,0.12789281364190017,0.0
2009-09-10,0.05714285714285714,0.044444444444444446,0.06716417910447761,0.0
2009-09-11,0.05714285714285714,0.044444444444444446,0.10869565217391304,0.0
2009-09-14,0.05714285714285714,0.044444444444444446,0.10869565217391304,0.0
2009-09-15,0.05714285714285714,0.044444444444444446,0.10869565217391304,0.0
2009-09-16,0.05714285714285714,0.044444444444444446,0.12789281364190017,0.0
2009-09-17,0.05714285714285714,0.044444444444444446,0.10526315789473684,0.0
2009-09-18,0.05714285714285714,0.044444444444444446,0.12789281364190017,0.0
2009-09-21,0.05714285714285714,0.044444444444444446,0.12789281364190017,0.0
2009-09-22,0.05714285714285714,0.044444444444444446,0.10526315789473684,0.0
2009-09-23,0.05714285714285714,0.044444444444444446,0.10869565217391304,0.0
2009-09-24,0.05714285714285714,0.044444444444444446,0.12789281364190017,0.0
2009-09-25,0.05714285714285714,0.044444444444444446,0.10526315789473684,0.0
2009-09-28,0.05714285714285714,0.044444444444444446,0.10526315789473684,0.0
2009-09-29,0.05714285714285714,0.12348178137651822,0.06716417910447761,0.0
2009-09-30,0.05714285714285714,0.12348178137651822,0.06716417910447761,0.0
2009-10-01,0.05714285714285714,0.044444444444444446,0.12789281364190017,0.0
2009-10-02,0.05714285714285714,0.044444444444444446,0.12789281364190017,0.0
2009-10-05,0.05714285714285714,0.044444444444444446,0.12789281364190017,0.0
2009-10-06,0.05714285714285714,0.044444444444444446,0.12789281364190017,0.0
2009-10-07,0.05714285714285714,0.044444444444444446,0.12789281364190017,0.0
2009-10-08,0.05714285714285714,0.044444444444444446,0.12789281364190017,0.0
2009-10-09,0.05714285714285714,0.044444444444444446,0.12789281364190017,0.0
2009-10-12,0.05714285714285714,0.044444444444444446,0.12789281364190017,0.0
2009-10-13,0.05714285714285714,0.044444444444444446,0.12789281364190017,0.0
2009-10-14,0.05714285714285714,0.12348178137651822,0.12789281364190017,1.0
2009-10-15,0.05714285714285714,0.12348178137651822,0.12789281364190017,1.0
2009-10-16,0.05714285714285714,0.044444444444444446,0.12789281364190017,0.0
2009-10-19,0.05714285714285714,0.044444444444444446,0.12789281364190017,1.0
2009-10-20,0.05714285714285714,0.044444444444444446,0.12789281364190017,1.0
2009-10-21,0.05714285714285714,0.044444444444444446,0.12789281364190017,0.0
2009-10-22,0.05714285714285714,0.044444444444444446,0.12789281364190017,1.0
2009-10-23,0.05714285714285714,0.044444444444444446,0.12789281364190017,0.0
2009-10-26,0.05714285714285714,0.12348178137651822,0.12789281364190017,0.0
2009-10-27,0.05714285714285714,0.12348178137651822,0.12789281364190017,0.0
2009-10-28,0.06896551724137931,0.12348178137651822,0.12789281364190017,0.0
2009-10-29,0.05714285714285714,0.12348178137651822,0.12789281364190017,0.0
2009-10-30,0.07407407407407407,0.12348178137651822,0.13274336283185842,0.0
2009-11-02,0.07407407407407407,0.12348178137651822,0.13274336283185842,0.0
2009-11-03,0.15053763440860216,0.12348178137651822,0.14260249554367202,0.0
2009-11-04,0.06896551724137931,0.12348178137651822,0.13274336283185842,0.0
2009-11-05,0.05714285714285714,0.12348178137651822,0.12789281364190017,0.0
2009-11-06,0.05714285714285714,0.12348178137651822,0.12789281364190017,0.0
2009-11-09,0.05714285714285714,0.12348178137651822,0.12789281364190017,0.0
2009-11-10,0.05714285714285714,0.12348178137651822,0.12789281364190017,0.0
2009-11-11,0.05714285714285714,0.12348178137651822,0.12789281364190017,0.0
2009-11-12,0.05714285714285714,0.044444444444444446,0.12789281364190017,0.0
2009-11-13,0.05714285714285714,0.044444444444444446,0.12789281364190017,0.0
2009-11-16,0.06896551724137931,0.044444444444444446,0.13274336283185842,0.0
2009-11-17,0.05714285714285714,0.044444444444444446,0.13274336283185842,0.0
2009-11-18,0.05714285714285714,0.044444444444444446,0.12789281364190017,0.0
2009-11-19,0.05714285714285714,0.044444444444444446,0.12789281364190017,0.0
2009-11-20,0.05714285714285714,0.044444444444444446,0.12789281364190017,0.0
2009-11-23,0.05714285714285714,0.044444444444444446,0.12789281364190017,0.0
2009-11-24,0.05714285714285714,0.044444444444444446,0.12789281364190017,0.0
2009-11-25,0.05714285714285714,0.044444444444444446,0.12789281364190017,0.0
2009-11-27,0.06896551724137931,0.044444444444444446,0.12789281364190017,0.0
2009-11-30,0.05714285714285714,0.044444444444444446,0.12789281364190017,0.0
2009-12-01,0.05714285714285714,0.044444444444444446,0.12789281364190017,0.0
2009-12-02,0.05714285714285714,0.044444444444444446,0.12789281364190017,0.0
2009-12-03,0.05714285714285714,0.044444444444444446,0.12789281364190017,0.0
2009-12-04,0.05714285714285714,0.044444444444444446,0.12789281364190017,0.0
2009-12-07,0.05714285714285714,0.044444444444444446,0.12789281364190017,0.0
2009-12-08,0.05714285714285714,0.044444444444444446,0.12789281364190017,0.0
2009-12-09,0.05714285714285714,0.044444444444444446,0.12789281364190017,0.0
2009-12-10,0.05714285714285714,0.044444444444444446,0.12789281364190017,0.0
2009-12-11,0.05714285714285714,0.044444444444444446,0.12789281364190017,0.0
2009-12-14,0.05714285714285714,0.044444444444444446,0.12789281364190017,1.0
2009-12-15,0.05714285714285714,0.12348178137651822,0.12789281364190017,0.0
2009-12-16,0.05714285714285714,0.044444444444444446,0.12789281364190017,0.0
2009-12-17,0.05714285714285714,0.12348178137651822,0.12789281364190017,0.0
2009-12-18,0.05714285714285714,0.12348178137651822,0.12789281364190017,0.0
2009-12-21,0.05714285714285714,0.12348178137651822,0.12789281364190017,1.0
2009-12-22,0.05714285714285714,0.17450682852807284,0.04294478527607362,1.0
2009-12-23,0.05714285714285714,0.17450682852807284,0.04294478527607362,1.0
2009-12-24,0.05714285714285714,0.17450682852807284,0.04294478527607362,1.0
2009-12-28,0.05714285714285714,0.17450682852807284,0.06716417910447761,1.0
2009-12-29,0.05714285714285714,0.17450682852807284,0.04294478527607362,1.0
2009-12-30,0.05714285714285714,0.17450682852807284,0.04294478527607362,1.0
2009-12-31,0.05714285714285714,0.17450682852807284,0.06716417910447761,1.0
2010-01-04,0.05714285714285714,0.12348178137651822,0.12789281364190017,1.0
2010-01-05,0.05714285714285714,0.12348178137651822,0.10526315789473684,1.0
2010-01-06,0.05714285714285714,0.12348178137651822,0.08435184693292468,1.0
2010-01-07,0.05714285714285714,0.12348178137651822,0.10869565217391304,1.0
2010-01-08,0.05714285714285714,0.12348178137651822,0.10526315789473684,1.0
2010-01-11,0.05714285714285714,0.12348178137651822,0.06716417910447761,1.0
2010-01-12,0.05714285714285714,0.12348178137651822,0.10526315789473684,1.0
2010-01-13,0.05714285714285714,0.12348178137651822,0.12789281364190017,1.0
2010-01-14,0.05714285714285714,0.12348178137651822,0.12789281364190017,1.0
2010-01-15,0.05714285714285714,0.08333333333333333,0.12789281364190017,1.0
2010-01-19,0.05714285714285714,0.12348178137651822,0.12789281364190017,1.0
2010-01-20,0.05714285714285714,0.12348178137651822,0.12789281364190017,1.0
2010-01-21,0.06896551724137931,0.17450682852807284,0.14260249554367202,1.0
2010-01-22,0.16099773242630386,0.17450682852807284,0.14260249554367202,0.0
2010-01-25,0.16099773242630386,0.17450682852807284,0.14260249554367202,0.0
2010-01-26,0.16099773242630386,0.17450682852807284,0.14260249554367202,0.0
2010-01-27,0.15053763440860216,0.17450682852807284,0.14260249554367202,0.0
2010-01-28,0.16099773242630386,0.17450682852807284,0.14260249554367202,0.0
2010-01-29,0.16099773242630386,0.17450682852807284,0.14260249554367202,0.0
2010-02-01,0.16099773242630386,0.17450682852807284,0.14260249554367202,0.0
2010-02-02,0.06896551724137931,0.14285714285714285,0.13274336283185842,0.0
2010-02-03,0.15053763440860216,0.17450682852807284,0.13274336283185842,0.0
2010-02-04,0.17647058823529413,0.19914163090128756,0.14260249554367202,0.0
2010-02-05,0.1650943396226415,0.19914163090128756,0.14260249554367202,0.0
2010-02-08,0.17647058823529413,0.19914163090128756,0.14260249554367202,0.0
2010-02-09,0.1650943396226415,0.19914163090128756,0.14260249554367202,0.0
2010-02-10,0.1650943396226415,0.19914163090128756,0.14260249554367202,0.0
2010-02-11,0.16099773242630386,0.17450682852807284,0.14260249554367202,0.0
2010-02-12,0.1650943396226415,0.17450682852807284,0.14260249554367202,0.0
2010-02-16,0.16099773242630386,0.17450682852807284,0.14260249554367202,0.0
2010-02-17,0.16099773242630386,0.17450682852807284,0.14260249554367202,0.0
2010-02-18,0.15053763440860216,0.17450682852807284,0.14260249554367202,0.0
2010-02-19,0.15053763440860216,0.17450682852807284,0.14260249554367202,0.0
2010-02-22,0.06896551724137931,0.17450682852807284,0.12789281364190017,0.0
2010-02-23,0.16099773242630386,0.19914163090128756,0.13274336283185842,0.0
2010-02-24,0.15053763440860216,0.17450682852807284,0.12789281364190017,0.0
2010-02-25,0.15053763440860216,0.17450682852807284,0.12789281364190017,0.0
2010-02-26,0.07407407407407407,0.17450682852807284,0.12789281364190017,0.0
2010-03-01,0.06896551724137931,0.17450682852807284,0.12789281364190017,0.0
2010-03-02,0.06896551724137931,0.17450682852807284,0.12789281364190017,0.0
2010-03-03,0.06896551724137931,0.17450682852807284,0.12789281364190017,0.0
2010-03-04,0.06896551724137931,0.17450682852807284,0.12789281364190017,0.0
2010-03-05,0.05714285714285714,0.17450682852807284,0.12789281364190017,0.0
2010-03-08,0.05714285714285714,0.17450682852807284,0.12789281364190017,0.0
2010-03-09,0.06896551724137931,0.19914163090128756,0.12789281364190017,0.0
2010-03-10,0.06896551724137931,0.19914163090128756,0.12789281364190017,0.0
2010-03-11,0.06896551724137931,0.17450682852807284,0.12789281364190017,0.0
2010-03-12,0.05714285714285714,0.17450682852807284,0.12789281364190017,0.0
2010-03-15,0.05714285714285714,0.17450682852807284,0.12789281364190017,0.0
2010-03-16,0.05714285714285714,0.17450682852807284,0.12789281364190017,0.0
2010-03-17,0.05714285714285714,0.17450682852807284,0.12789281364190017,0.0
2010-03-18,0.05714285714285714,0.17450682852807284,0.12789281364190017,0.0
2010-03-19,0.05714285714285714,0.17450682852807284,0.12789281364190017,0.0
2010-03-22,0.05714285714285714,0.17450682852807284,0.12789281364190017,0.0
2010-03-23,0.05714285714285714,0.17450682852807284,0.12789281364190017,1.0
2010-03-24,0.05714285714285714,0.19914163090128756,0.14260249554367202,1.0
2010-03-25,0.05714285714285714,0.19914163090128756,0.14260249554367202,1.0
2010-03-26,0.05714285714285714,0.19914163090128756,0.14260249554367202,1.0
2010-03-29,0.05714285714285714,0.19914163090128756,0.14260249554367202,1.0
2010-03-30,0.05714285714285714,0.19914163090128756,0.13274336283185842,1.0
2010-03-31,0.05714285714285714,0.19914163090128756,0.12789281364190017,1.0
2010-04-01,0.05714285714285714,0.17450682852807284,0.14260249554367202,1.0
2010-04-05,0.05714285714285714,0.19914163090128756,0.14260249554367202,1.0
2010-04-06,0.05714285714285714,0.19914163090128756,0.14260249554367202,1.0
2010-04-07,0.05714285714285714,0.19914163090128756,0.14260249554367202,1.0
2010-04-08,0.05714285714285714,0.19914163090128756,0.14260249554367202,1.0
2010-04-09,0.05714285714285714,0.19914163090128756,0.14260249554367202,1.0
2010-04-12,0.05714285714285714,0.17450682852807284,0.14260249554367202,1.0
2010-04-13,0.05714285714285714,0.17450682852807284,0.14260249554367202,1.0
2010-04-14,0.05714285714285714,0.17450682852807284,0.14260249554367202,1.0
2010-04-15,0.05714285714285714,0.17450682852807284,0.19553072625698323,1.0
2010-04-16,0.06896551724137931,0.19914163090128756,0.19808306709265175,1.0
2010-04-19,0.05714285714285714,0.19914163090128756,0.19808306709265175,1.0
2010-04-20,0.05714285714285714,0.17450682852807284,0.19553072625698323,1.0
2010-04-21,0.05714285714285714,0.17450682852807284,0.19808306709265175,1.0
2010-04-22,0.05714285714285714,0.17450682852807284,0.2986577181208054,1.0
2010-04-23,0.05714285714285714,0.19914163090128756,0.2986577181208054,1.0
2010-04-26,0.06896551724137931,0.19914163090128756,0.2986577181208054,1.0
2010-04-27,0.1650943396226415,0.19914163090128756,0.4599999999999999,1.0
2010-04-28,0.16099773242630386,0.19914163090128756,0.45454545454545453,1.0
2010-04-29,0.15053763440860216,0.19914163090128756,0.37267080745341613,1.0
2010-04-30,0.1650943396226415,0.19914163090128756,0.45454545454545453,1.0
2010-05-03,0.16099773242630386,0.19914163090128756,0.45454545454545453,1.0
2010-05-04,0.22641509433962265,0.19914163090128756,0.5294117647058824,1.0
2010-05-05,0.22641509433962265,0.19914163090128756,0.5625,1.0
2010-05-06,0.22641509433962265,0.19914163090128756,0.5625,1.0
2010-05-07,0.22641509433962265,0.19914163090128756,0.55,1.0
2010-05-10,0.22641509433962265,0.19914163090128756,0.5862068965517241,1.0
2010-05-11,0.22641509433962265,0.19914163090128756,0.5862068965517241,1.0
2010-05-12,0.22641509433962265,0.19914163090128756,0.5862068965517241,1.0
2010-05-13,0.22641509433962265,0.19914163090128756,0.5862068965517241,1.0
2010-05-14,0.22641509433962265,0.19914163090128756,0.5862068965517241,1.0
2010-05-17,0.22641509433962265,0.19914163090128756,0.5862068965517241,1.0
2010-05-18,0.22641509433962265,0.19914163090128756,0.5625,1.0
2010-05-19,0.22641509433962265,0.19914163090128756,0.5625,1.0
2010-05-20,0.23619631901840488,0.17450682852807284,0.37267080745341613,0.0
2010-05-21,0.23619631901840488,0.17450682852807284,0.37267080745341613,1.0
2010-05-24,0.23619631901840488,0.17450682852807284,0.3543307086614173,0.0
2010-05-25,0.23619631901840488,0.17450682852807284,0.2986577181208054,0.0
2010-05-26,0.23619631901840488,0.17450682852807284,0.2986577181208054,0.0
2010-05-27,0.23619631901840488,0.17450682852807284,0.45454545454545453,1.0
2010-05-28,0.23619631901840488,0.17450682852807284,0.39080459770114945,1.0
2010-06-01,0.23619631901840488,0.19914163090128756,0.19808306709265175,0.0
2010-06-02,0.23619631901840488,0.19914163090128756,0.2986577181208054,1.0
2010-06-03,0.23619631901840488,0.19914163090128756,0.2986577181208054,1.0
2010-06-04,0.23619631901840488,0.19914163090128756,0.19553072625698323,0.0
2010-06-07,0.23619631901840488,0.19914163090128756,0.14260249554367202,0.0
2010-06-08,0.23619631901840488,0.19914163090128756,0.19553072625698323,0.0
2010-06-09,0.23619631901840488,0.19914163090128756,0.19553072625698323,0.0
2010-06-10,0.23619631901840488,0.19914163090128756,0.2986577181208054,1.0
2010-06-11,0.23619631901840488,0.17450682852807284,0.19808306709265175,1.0
2010-06-14,0.23619631901840488,0.17450682852807284,0.19553072625698323,1.0
2010-06-15,0.22641509433962265,0.17450682852807284,0.19553072625698323,1.0
2010-06-16,0.23619631901840488,0.17450682852807284,0.14260249554367202,1.0
2010-06-17,0.22641509433962265,0.17450682852807284,0.14260249554367202,1.0
2010-06-18,0.22641509433962265,0.12348178137651822,0.14260249554367202,1.0
2010-06-21,0.23619631901840488,0.17450682852807284,0.14260249554367202,1.0
2010-06-22,0.23619631901840488,0.17450682852807284,0.14260249554367202,1.0
2010-06-23,0.23619631901840488,0.17450682852807284,0.14260249554367202,1.0
2010-06-24,0.23619631901840488,0.17450682852807284,0.14260249554367202,0.0
2010-06-25,0.23619631901840488,0.17450682852807284,0.14260249554367202,1.0
2010-06-28,0.23619631901840488,0.17450682852807284,0.14260249554367202,0.0
2010-06-29,0.24183006535947713,0.18518518518518517,0.14260249554367202,0.0
2010-06-30,0.24183006535947713,0.17450682852807284,0.14260249554367202,0.0
2010-07-01,0.23619631901840488,0.17450682852807284,0.14260249554367202,0.0
2010-07-02,0.23619631901840488,0.12348178137651822,0.12789281364190017,0.0
2010-07-06,0.23619631901840488,0.12348178137651822,0.12789281364190017,0.0
2010-07-07,0.23619631901840488,0.1111111111111111,0.12789281364190017,0.0
2010-07-08,0.23619631901840488,0.044444444444444446,0.10869565217391304,0.0
2010-07-09,0.23619631901840488,0.044444444444444446,0.10869565217391304,0.0
2010-07-12,0.23619631901840488,0.044444444444444446,0.10869565217391304,0.0
2010-07-13,0.22641509433962265,0.044444444444444446,0.12789281364190017,0.0
2010-07-14,0.23619631901840488,0.044444444444444446,0.10869565217391304,0.0
2010-07-15,0.23619631901840488,0.044444444444444446,0.10526315789473684,0.0
2010-07-16,0.23619631901840488,0.0,0.12789281364190017,0.0
2010-07-19,0.23619631901840488,0.044444444444444446,0.12789281364190017,0.0
2010-07-20,0.23619631901840488,0.0,0.06716417910447761,0.0
2010-07-21,0.23619631901840488,0.044444444444444446,0.12167072976574417,0.0
2010-07-22,0.23619631901840488,0.044444444444444446,0.06716417910447761,0.0
2010-07-23,0.22641509433962265,0.044444444444444446,0.017595307917888565,1.0
2010-07-26,0.22641509433962265,0.044444444444444446,0.017595307917888565,1.0
2010-07-27,0.22641509433962265,0.044444444444444446,0.04294478527607362,1.0
2010-07-28,0.22641509433962265,0.12348178137651822,0.04294478527607362,1.0
2010-07-29,0.22641509433962265,0.044444444444444446,0.017595307917888565,0.0
2010-07-30,0.22641509433962265,0.044444444444444446,0.017595307917888565,0.0
2010-08-02,0.22641509433962265,0.1111111111111111,0.017595307917888565,1.0
2010-08-03,0.22641509433962265,0.12348178137651822,0.017595307917888565,1.0
2010-08-04,0.22641509433962265,0.12348178137651822,0.017595307917888565,1.0
2010-08-05,0.22641509433962265,0.044444444444444446,0.017595307917888565,1.0
2010-08-06,0.22641509433962265,0.044444444444444446,0.017595307917888565,1.0
2010-08-09,0.22641509433962265,0.044444444444444446,0.017595307917888565,1.0
2010-08-10,0.22641509433962265,0.044444444444444446,0.017595307917888565,1.0
2010-08-11,0.23619631901840488,0.12348178137651822,0.04294478527607362,0.0
2010-08-12,0.23619631901840488,0.12348178137651822,0.04294478527607362,0.0
2010-08-13,0.23619631901840488,0.044444444444444446,0.04294478527607362,0.0
2010-08-16,0.23619631901840488,0.044444444444444446,0.017595307917888565,0.0
2010-08-17,0.23619631901840488,0.044444444444444446,0.017595307917888565,0.0
2010-08-18,0.22641509433962265,0.044444444444444446,0.017595307917888565,0.0
2010-08-19,0.23619631901840488,0.12348178137651822,0.017595307917888565,0.0
2010-08-20,0.23619631901840488,0.044444444444444446,0.017595307917888565,0.0
2010-08-23,0.23619631901840488,0.044444444444444446,0.017595307917888565,0.0
2010-08-24,0.23619631901840488,0.044444444444444446,0.04294478527607362,0.0
2010-08-25,0.23619631901840488,0.044444444444444446,0.017595307917888565,0.0
2010-08-26,0.23619631901840488,0.12348178137651822,0.017595307917888565,0.0
2010-08-27,0.23619631901840488,0.044444444444444446,0.017595307917888565,0.0
2010-08-30,0.23619631901840488,0.12348178137651822,0.017595307917888565,0.0
2010-08-31,0.23619631901840488,0.044444444444444446,0.017595307917888565,0.0
2010-09-01,0.23619631901840488,0.044444444444444446,0.017595307917888565,0.0
2010-09-02,0.22641509433962265,0.044444444444444446,0.017595307917888565,0.0
2010-09-03,0.22641509433962265,0.0,0.017595307917888565,0.0
2010-09-07,0.22641509433962265,0.044444444444444446,0.017595307917888565,0.0
2010-09-08,0.22641509433962265,0.044444444444444446,0.017595307917888565,0.0
2010-09-09,0.22641509433962265,0.0,0.017595307917888565,0.0
2010-09-10,0.22641509433962265,0.044444444444444446,0.017595307917888565,0.0
2010-09-13,0.22641509433962265,0.00890947774653521,0.017595307917888565,0.0
2010-09-14,0.22641509433962265,0.0,0.017595307917888565,0.0
2010-09-15,0.22641509433962265,0.044444444444444446,0.017595307917888565,0.0
2010-09-16,0.22641509433962265,0.0,0.017595307917888565,0.0
2010-09-17,0.22641509433962265,0.0,0.017595307917888565,0.0
2010-09-20,0.22641509433962265,0.0,0.017595307917888565,0.0
2010-09-21,0.22641509433962265,0.0,0.017595307917888565,0.0
2010-09-22,0.22641509433962265,0.0,0.017595307917888565,0.0
2010-09-23,0.22641509433962265,0.0,0.017595307917888565,0.0
2010-09-24,0.22641509433962265,0.0,0.017595307917888565,0.0
2010-09-27,0.22641509433962265,0.0,0.017595307917888565,0.0
2010-09-28,0.22641509433962265,0.0,0.017595307917888565,0.0
2010-09-29,0.22641509433962265,0.0,0.017595307917888565,0.0
2010-09-30,0.22641509433962265,0.0,0.017595307917888565,0.0
2010-10-01,0.22641509433962265,0.0,0.0,0.0
2010-10-04,0.22641509433962265,0.0,0.017595307917888565,0.0
2010-10-05,0.22641509433962265,0.0,0.0,0.0
2010-10-06,0.22641509433962265,0.0,0.0,0.0
2010-10-07,0.22641509433962265,0.0,0.0,0.0
2010-10-08,0.22641509433962265,0.0,0.0,0.0
2010-10-11,0.22641509433962265,0.0,0.0,0.0
2010-10-12,0.1650943396226415,0.0,0.017595307917888565,0.0
2010-10-13,0.22641509433962265,0.0,0.017595307917888565,0.0
2010-10-14,0.22641509433962265,0.0,0.017595307917888565,0.0
2010-10-15,0.16099773242630386,0.0,0.017595307917888565,0.0
2010-10-18,0.1650943396226415,0.0,0.017595307917888565,0.0
2010-10-19,0.22641509433962265,0.0,0.017595307917888565,0.0
2010-10-20,0.1650943396226415,0.0,0.017595307917888565,0.0
2010-10-21,0.1650943396226415,0.0,0.017595307917888565,0.0
2010-10-22,0.1650943396226415,0.0,0.017595307917888565,0.0
2010-10-25,0.17647058823529413,0.0,0.017595307917888565,0.0
2010-10-26,0.17647058823529413,0.0,0.017595307917888565,0.0
2010-10-27,0.1650943396226415,0.0,0.017595307917888565,0.0
2010-10-28,0.1650943396226415,0.0,0.017595307917888565,0.0
2010-10-29,0.1650943396226415,0.0,0.017595307917888565,0.0
2010-11-01,0.16099773242630386,0.0,0.017595307917888565,0.0
2010-11-02,0.16099773242630386,0.0,0.017595307917888565,0.0
2010-11-03,0.15053763440860216,0.0,0.017595307917888565,0.0
2010-11-04,0.15053763440860216,0.0,0.017595307917888565,0.0
2010-11-05,0.15053763440860216,0.0,0.017595307917888565,0.0
2010-11-08,0.15053763440860216,0.0,0.017595307917888565,0.0
2010-11-09,0.15053763440860216,0.044444444444444446,0.06716417910447761,0.0
2010-11-10,0.06896551724137931,0.044444444444444446,0.06716417910447761,0.0
2010-11-11,0.06896551724137931,0.044444444444444446,0.06716417910447761,0.0
2010-11-12,0.16099773242630386,0.044444444444444446,0.12789281364190017,0.0
2010-11-15,0.15053763440860216,0.044444444444444446,0.12789281364190017,0.0
2010-11-16,0.1650943396226415,0.12348178137651822,0.12789281364190017,0.0
2010-11-17,0.16099773242630386,0.044444444444444446,0.12789281364190017,0.0
2010-11-18,0.06896551724137931,0.0,0.12789281364190017,0.0
2010-11-19,0.15053763440860216,0.0,0.04294478527607362,0.0
2010-11-22,0.07407407407407407,0.044444444444444446,0.034482758620689655,0.0
2010-11-23,0.1650943396226415,0.044444444444444446,0.12789281364190017,0.0
2010-11-24,0.16099773242630386,0.12348178137651822,0.12789281364190017,0.0
2010-11-26,0.22641509433962265,0.17450682852807284,0.12789281364190017,0.0
2010-11-29,0.22641509433962265,0.12348178137651822,0.12789281364190017,0.0
2010-11-30,0.22641509433962265,0.12348178137651822,0.12789281364190017,0.0
2010-12-01,0.1650943396226415,0.12348178137651822,0.14260249554367202,0.0
2010-12-02,0.16099773242630386,0.12348178137651822,0.12789281364190017,0.0
2010-12-03,0.16099773242630386,0.12348178137651822,0.12789281364190017,0.0
2010-12-06,0.16099773242630386,0.044444444444444446,0.12789281364190017,0.0
2010-12-07,0.16099773242630386,0.12348178137651822,0.12789281364190017,0.0
2010-12-08,0.16099773242630386,0.12348178137651822,0.12789281364190017,0.0
2010-12-09,0.06896551724137931,0.12348178137651822,0.12789281364190017,0.0
2010-12-10,0.06896551724137931,0.17450682852807284,0.12789281364190017,0.0
2010-12-13,0.06896551724137931,0.12348178137651822,0.12789281364190017,0.0
2010-12-14,0.06896551724137931,0.12348178137651822,0.12789281364190017,0.0
2010-12-15,0.06896551724137931,0.17450682852807284,0.13274336283185842,0.0
2010-12-16,0.05714285714285714,0.17450682852807284,0.12789281364190017,0.0
2010-12-17,0.05714285714285714,0.12348178137651822,0.12789281364190017,0.0
2010-12-20,0.05714285714285714,0.12348178137651822,0.12789281364190017,0.0
2010-12-21,0.05714285714285714,0.14285714285714285,0.12789281364190017,0.0
2010-12-22,0.05714285714285714,0.12348178137651822,0.12789281364190017,0.0
2010-12-23,0.05714285714285714,0.12348178137651822,0.12789281364190017,0.0
2010-12-27,0.05714285714285714,0.12348178137651822,0.12789281364190017,0.0
2010-12-28,0.05714285714285714,0.12348178137651822,0.13274336283185842,0.0
2010-12-29,0.05714285714285714,0.12348178137651822,0.12789281364190017,0.0
2010-12-30,0.05714285714285714,0.12348178137651822,0.12789281364190017,0.0
2010-12-31,0.05714285714285714,0.12348178137651822,0.12789281364190017,0.0
2011-01-03,0.05714285714285714,0.12348178137651822,0.12789281364190017,0.0
2011-01-04,0.05714285714285714,0.12348178137651822,0.12789281364190017,0.0
2011-01-05,0.05714285714285714,0.17450682852807284,0.12789281364190017,0.0
2011-01-06,0.05714285714285714,0.17450682852807284,0.13274336283185842,0.0
2011-01-07,0.05714285714285714,0.17450682852807284,0.13274336283185842,0.0
2011-01-10,0.05714285714285714,0.17450682852807284,0.12789281364190017,0.0
2011-01-11,0.05714285714285714,0.17450682852807284,0.12789281364190017,0.0
2011-01-12,0.05714285714285714,0.17450682852807284,0.12789281364190017,0.0
2011-01-13,0.05714285714285714,0.17450682852807284,0.12789281364190017,0.0
2011-01-14,0.05714285714285714,0.17450682852807284,0.06716417910447761,0.0
2011-01-18,0.05714285714285714,0.17450682852807284,0.10526315789473684,0.0
2011-01-19,0.05714285714285714,0.17450682852807284,0.12789281364190017,0.0
2011-01-20,0.05714285714285714,0.17450682852807284,0.12789281364190017,0.0
2011-01-21,0.05714285714285714,0.17450682852807284,0.12789281364190017,0.0
2011-01-24,0.05714285714285714,0.17450682852807284,0.12789281364190017,0.0
2011-01-25,0.05714285714285714,0.17450682852807284,0.12789281364190017,0.0
2011-01-26,0.05714285714285714,0.17450682852807284,0.06716417910447761,0.0
2011-01-27,0.05714285714285714,0.14285714285714285,0.06716417910447761,0.0
2011-01-28,0.06896551724137931,0.17450682852807284,0.12789281364190017,0.0
2011-01-31,0.05714285714285714,0.19914163090128756,0.12789281364190017,0.0
2011-02-01,0.05714285714285714,0.14285714285714285,0.12789281364190017,0.0
2011-02-02,0.05714285714285714,0.12348178137651822,0.12789281364190017,0.0
2011-02-03,0.05714285714285714,0.12348178137651822,0.12789281364190017,0.0
2011-02-04,0.05714285714285714,0.12348178137651822,0.12789281364190017,0.0
2011-02-07,0.05714285714285714,0.12348178137651822,0.12789281364190017,0.0
2011-02-08,0.05714285714285714,0.12348178137651822,0.12789281364190017,1.0
2011-02-09,0.05714285714285714,0.12348178137651822,0.12789281364190017,0.0
2011-02-10,0.05714285714285714,0.12348178137651822,0.12789281364190017,0.0
2011-02-11,0.05714285714285714,0.12348178137651822,0.12789281364190017,1.0
2011-02-14,0.05714285714285714,0.14285714285714285,0.12789281364190017,1.0
2011-02-15,0.05714285714285714,0.12348178137651822,0.13274336283185842,1.0
2011-02-16,0.05714285714285714,0.17450682852807284,0.12789281364190017,1.0
2011-02-17,0.05714285714285714,0.14285714285714285,0.12789281364190017,1.0
2011-02-18,0.05714285714285714,0.12348178137651822,0.12789281364190017,1.0
2011-02-22,0.08543645678774847,0.17450682852807284,0.14260249554367202,0.0
2011-02-23,0.16099773242630386,0.17450682852807284,0.19553072625698323,0.0
2011-02-24,0.15053763440860216,0.17450682852807284,0.14260249554367202,0.0
2011-02-25,0.06896551724137931,0.17450682852807284,0.12789281364190017,0.0
2011-02-28,0.05714285714285714,0.17450682852807284,0.12789281364190017,1.0
2011-03-01,0.16099773242630386,0.17450682852807284,0.12789281364190017,0.0
2011-03-02,0.15053763440860216,0.17450682852807284,0.12789281364190017,0.0
2011-03-03,0.05714285714285714,0.17450682852807284,0.06716417910447761,1.0
2011-03-04,0.05714285714285714,0.17450682852807284,0.10869565217391304,0.0
2011-03-07,0.15053763440860216,0.17450682852807284,0.12789281364190017,0.0
2011-03-08,0.06896551724137931,0.17450682852807284,0.12789281364190017,0.0
2011-03-09,0.15053763440860216,0.17450682852807284,0.12789281364190017,0.0
2011-03-10,0.1650943396226415,0.17450682852807284,0.12789281364190017,0.0
2011-03-11,0.16099773242630386,0.17450682852807284,0.12789281364190017,0.0
2011-03-14,0.16099773242630386,0.17450682852807284,0.12789281364190017,0.0
2011-03-15,0.1650943396226415,0.17450682852807284,0.13274336283185842,0.0
2011-03-16,0.22641509433962265,0.17450682852807284,0.19553072625698323,0.0
2011-03-17,0.22641509433962265,0.19914163090128756,0.14260249554367202,0.0
2011-03-18,0.22641509433962265,0.17450682852807284,0.12789281364190017,0.0
2011-03-21,0.16099773242630386,0.17450682852807284,0.10869565217391304,0.0
2011-03-22,0.1650943396226415,0.17450682852807284,0.06716417910447761,0.0
2011-03-23,0.1650943396226415,0.17450682852807284,0.04294478527607362,0.0
2011-03-24,0.16099773242630386,0.14285714285714285,0.04294478527607362,0.0
2011-03-25,0.15053763440860216,0.17450682852807284,0.10869565217391304,0.0
2011-03-28,0.16099773242630386,0.17450682852807284,0.12789281364190017,0.0
2011-03-29,0.06896551724137931,0.17450682852807284,0.12789281364190017,0.0
2011-03-30,0.06896551724137931,0.17450682852807284,0.06716417910447761,0.0
2011-03-31,0.06896551724137931,0.17450682852807284,0.06716417910447761,0.0
2011-04-01,0.05714285714285714,0.17450682852807284,0.06716417910447761,0.0
2011-04-04,0.05714285714285714,0.17450682852807284,0.06716417910447761,0.0
2011-04-05,0.05714285714285714,0.17450682852807284,0.10526315789473684,0.0
2011-04-06,0.05714285714285714,0.12348178137651822,0.12789281364190017,0.0
2011-04-07,0.05714285714285714,0.14285714285714285,0.10869565217391304,0.0
2011-04-08,0.05714285714285714,0.14285714285714285,0.12789281364190017,0.0
2011-04-11,0.05714285714285714,0.12348178137651822,0.10869565217391304,0.0
2011-04-12,0.05714285714285714,0.12348178137651822,0.10526315789473684,0.0
2011-04-13,0.05714285714285714,0.12348178137651822,0.06716417910447761,0.0
2011-04-14,0.05714285714285714,0.044444444444444446,0.06716417910447761,0.0
2011-04-15,0.05714285714285714,0.044444444444444446,0.04294478527607362,0.0
2011-04-18,0.06896551724137931,0.044444444444444446,0.06716417910447761,0.0
2011-04-19,0.05714285714285714,0.044444444444444446,0.04294478527607362,0.0
2011-04-20,0.05714285714285714,0.044444444444444446,0.04294478527607362,0.0
2011-04-21,0.05714285714285714,0.044444444444444446,0.04294478527607362,1.0
2011-04-25,0.05714285714285714,0.12348178137651822,0.04294478527607362,1.0
2011-04-26,0.05714285714285714,0.12348178137651822,0.04294478527607362,1.0
2011-04-27,0.05714285714285714,0.12348178137651822,0.06716417910447761,1.0
2011-04-28,0.05714285714285714,0.12348178137651822,0.04294478527607362,1.0
2011-04-29,0.05714285714285714,0.044444444444444446,0.06716417910447761,1.0
2011-05-02,0.06896551724137931,0.12348178137651822,0.12789281364190017,1.0
2011-05-03,0.06896551724137931,0.12348178137651822,0.12789281364190017,1.0
2011-05-04,0.06896551724137931,0.12348178137651822,0.10526315789473684,1.0
2011-05-05,0.15053763440860216,0.12348178137651822,0.10869565217391304,1.0
2011-05-06,0.16099773242630386,0.12348178137651822,0.12789281364190017,1.0
2011-05-09,0.15053763440860216,0.12348178137651822,0.06716417910447761,1.0
2011-05-10,0.06896551724137931,0.12348178137651822,0.04294478527607362,1.0
2011-05-11,0.16099773242630386,0.12348178137651822,0.12789281364190017,1.0
2011-05-12,0.16099773242630386,0.12348178137651822,0.12789281364190017,1.0
2011-05-13,0.16099773242630386,0.12348178137651822,0.12789281364190017,1.0
2011-05-16,0.16099773242630386,0.12348178137651822,0.12789281364190017,0.0
2011-05-17,0.1650943396226415,0.044444444444444446,0.06716417910447761,0.0
2011-05-18,0.16099773242630386,0.044444444444444446,0.12789281364190017,1.0
2011-05-19,0.05714285714285714,0.0,0.12789281364190017,1.0
2011-05-20,0.15053763440860216,0.044444444444444446,0.12789281364190017,1.0
2011-05-23,0.16099773242630386,0.044444444444444446,0.12789281364190017,0.0
2011-05-24,0.1650943396226415,0.044444444444444446,0.12789281364190017,0.0
2011-05-25,0.16099773242630386,0.044444444444444446,0.12789281364190017,0.0
2011-05-26,0.06896551724137931,0.0,0.06716417910447761,0.0
2011-05-27,0.07407407407407407,0.0,0.04294478527607362,0.0
2011-05-31,0.06896551724137931,0.0,0.06716417910447761,1.0
2011-06-01,0.22641509433962265,0.044444444444444446,0.10869565217391304,0.0
2011-06-02,0.1650943396226415,0.044444444444444446,0.10526315789473684,0.0
2011-06-03,0.22641509433962265,0.0,0.04294478527607362,0.0
2011-06-06,0.22641509433962265,0.01212390148837197,0.10869565217391304,0.0
2011-06-07,0.22641509433962265,0.044444444444444446,0.034482758620689655,0.0
2011-06-08,0.22641509433962265,0.044444444444444446,0.04294478527607362,1.0
2011-06-09,0.22641509433962265,0.044444444444444446,0.034482758620689655,1.0
2011-06-10,0.22641509433962265,0.044444444444444446,0.10869565217391304,1.0
2011-06-13,0.22641509433962265,0.044444444444444446,0.12789281364190017,1.0
2011-06-14,0.22641509433962265,0.044444444444444446,0.12789281364190017,1.0
2011-06-15,0.22641509433962265,0.044444444444444446,0.14238977532562275,1.0
2011-06-16,0.22641509433962265,0.044444444444444446,0.14260249554367202,1.0
2011-06-17,0.22641509433962265,0.044444444444444446,0.14260249554367202,1.0
2011-06-20,0.22641509433962265,0.0,0.12789281364190017,1.0
2011-06-21,0.22641509433962265,0.0,0.12789281364190017,1.0
2011-06-22,0.22641509433962265,0.0,0.12789281364190017,1.0
2011-06-23,0.22641509433962265,0.0,0.12789281364190017,1.0
2011-06-24,0.22641509433962265,0.044444444444444446,0.14260249554367202,1.0
2011-06-27,0.22641509433962265,0.044444444444444446,0.14260249554367202,1.0
2011-06-28,0.22641509433962265,0.044444444444444446,0.12789281364190017,1.0
2011-06-29,0.1650943396226415,0.044444444444444446,0.10526315789473684,1.0
2011-06-30,0.16099773242630386,0.044444444444444446,0.04294478527607362,1.0
2011-07-01,0.16099773242630386,0.12348178137651822,0.04294478527607362,1.0
2011-07-05,0.16099773242630386,0.12348178137651822,0.10526315789473684,1.0
2011-07-06,0.1650943396226415,0.12348178137651822,0.12789281364190017,1.0
2011-07-07,0.16099773242630386,0.12348178137651822,0.12789281364190017,1.0
2011-07-08,0.1650943396226415,0.12348178137651822,0.10869565217391304,1.0
2011-07-11,0.22641509433962265,0.12348178137651822,0.13274336283185842,1.0
2011-07-12,0.22641509433962265,0.12348178137651822,0.14260249554367202,1.0
2011-07-13,0.22641509433962265,0.12348178137651822,0.14260249554367202,1.0
2011-07-14,0.22641509433962265,0.12348178137651822,0.19553072625698323,1.0
2011-07-15,0.22641509433962265,0.12348178137651822,0.12789281364190017,1.0
2011-07-18,0.22641509433962265,0.12348178137651822,0.14260249554367202,1.0
2011-07-19,0.22641509433962265,0.12348178137651822,0.12789281364190017,1.0
2011-07-20,0.22641509433962265,0.12348178137651822,0.12789281364190017,1.0
2011-07-21,0.22641509433962265,0.12348178137651822,0.034482758620689655,1.0
2011-07-22,0.22641509433962265,0.12348178137651822,0.12789281364190017,1.0
2011-07-25,0.22641509433962265,0.12348178137651822,0.14260249554367202,1.0
2011-07-26,0.22641509433962265,0.12348178137651822,0.14260249554367202,1.0
2011-07-27,0.22641509433962265,0.12348178137651822,0.2986577181208054,1.0
2011-07-28,0.22641509433962265,0.12348178137651822,0.26062716632512833,1.0
2011-07-29,0.23619631901840488,0.12348178137651822,0.20689655172413793,1.0
2011-08-01,0.23619631901840488,0.17450682852807284,0.14260249554367202,1.0
2011-08-02,0.24183006535947713,0.17450682852807284,0.14260249554367202,1.0
2011-08-03,0.23619631901840488,0.12348178137651822,0.13274336283185842,1.0
2011-08-04,0.28160919540229884,0.12348178137651822,0.12789281364190017,1.0
2011-08-05,0.28160919540229884,0.12348178137651822,0.12789281364190017,1.0
2011-08-08,0.28160919540229884,0.12348178137651822,0.12789281364190017,0.0
2011-08-09,0.28160919540229884,0.12348178137651822,0.12789281364190017,1.0
2011-08-10,0.28160919540229884,0.12348178137651822,0.10526315789473684,0.0
2011-08-11,0.28160919540229884,0.12348178137651822,0.12789281364190017,1.0
2011-08-12,0.28160919540229884,0.12348178137651822,0.12789281364190017,1.0
2011-08-15,0.28160919540229884,0.12348178137651822,0.12789281364190017,1.0
2011-08-16,0.28160919540229884,0.12348178137651822,0.12789281364190017,1.0
2011-08-17,0.28160919540229884,0.12348178137651822,0.10869565217391304,1.0
2011-08-18,0.28160919540229884,0.12348178137651822,0.12789281364190017,0.0
2011-08-19,0.28160919540229884,0.12348178137651822,0.12789281364190017,0.0
2011-08-22,0.28160919540229884,0.12348178137651822,0.12789281364190017,0.0
2011-08-23,0.28160919540229884,0.12348178137651822,0.12789281364190017,1.0
2011-08-24,0.28160919540229884,0.12348178137651822,0.12789281364190017,1.0
2011-08-25,0.28160919540229884,0.12348178137651822,0.12789281364190017,1.0
2011-08-26,0.28160919540229884,0.12348178137651822,0.12789281364190017,1.0
2011-08-29,0.28160919540229884,0.12348178137651822,0.12789281364190017,1.0
2011-08-30,0.28160919540229884,0.12348178137651822,0.12789281364190017,1.0
2011-08-31,0.28160919540229884,0.12348178137651822,0.12789281364190017,1.0
2011-09-01,0.28160919540229884,0.12348178137651822,0.12789281364190017,1.0
2011-09-02,0.28160919540229884,0.17450682852807284,0.12789281364190017,1.0
2011-09-06,0.28160919540229884,0.17450682852807284,0.12789281364190017,1.0
2011-09-07,0.28160919540229884,0.17450682852807284,0.12789281364190017,1.0
2011-09-08,0.28160919540229884,0.17450682852807284,0.12789281364190017,1.0
2011-09-09,0.28160919540229884,0.19914163090128756,0.13274336283185842,0.0
2011-09-12,0.28160919540229884,0.19914163090128756,0.14260249554367202,1.0
2011-09-13,0.28160919540229884,0.19914163090128756,0.12789281364190017,1.0
2011-09-14,0.28160919540229884,0.17450682852807284,0.13274336283185842,1.0
2011-09-15,0.28160919540229884,0.17450682852807284,0.12789281364190017,1.0
2011-09-16,0.28160919540229884,0.14285714285714285,0.12789281364190017,1.0
2011-09-19,0.28160919540229884,0.17450682852807284,0.13274336283185842,1.0
2011-09-20,0.28160919540229884,0.17450682852807284,0.12789281364190017,1.0
2011-09-21,0.28160919540229884,0.19914163090128756,0.13274336283185842,1.0
2011-09-22,0.28160919540229884,0.19914163090128756,0.14260249554367202,0.0
2011-09-23,0.28160919540229884,0.19914163090128756,0.14260249554367202,0.0
2011-09-26,0.28160919540229884,0.19914163090128756,0.14260249554367202,1.0
2011-09-27,0.28160919540229884,0.19914163090128756,0.14260249554367202,1.0
2011-09-28,0.28160919540229884,0.19914163090128756,0.14260249554367202,0.0
2011-09-29,0.28160919540229884,0.19914163090128756,0.14260249554367202,1.0
2011-09-30,0.28160919540229884,0.19914163090128756,0.14260249554367202,0.0
2011-10-03,0.28160919540229884,0.19914163090128756,0.19553072625698323,0.0
2011-10-04,0.28160919540229884,0.19914163090128756,0.19553072625698323,0.0
2011-10-05,0.28160919540229884,0.19914163090128756,0.14260249554367202,0.0
2011-10-06,0.28160919540229884,0.19914163090128756,0.14260249554367202,0.0
2011-10-07,0.28160919540229884,0.19914163090128756,0.14260249554367202,0.0
2011-10-10,0.28160919540229884,0.17450682852807284,0.12789281364190017,0.0
2011-10-11,0.28160919540229884,0.19914163090128756,0.12789281364190017,0.0
2011-10-12,0.28160919540229884,0.17450682852807284,0.12789281364190017,0.0
2011-10-13,0.28160919540229884,0.17450682852807284,0.12789281364190017,0.0
2011-10-14,0.28160919540229884,0.17450682852807284,0.12789281364190017,1.0
2011-10-17,0.28160919540229884,0.19914163090128756,0.14260249554367202,0.0
2011-10-18,0.28160919540229884,0.19914163090128756,0.13274336283185842,1.0
2011-10-19,0.28160919540229884,0.19914163090128756,0.14260249554367202,0.0
2011-10-20,0.28160919540229884,0.19914163090128756,0.14260249554367202,0.0
2011-10-21,0.28160919540229884,0.17450682852807284,0.12789281364190017,1.0
2011-10-24,0.24183006535947713,0.17450682852807284,0.12789281364190017,1.0
2011-10-25,0.28160919540229884,0.18518518518518517,0.12789281364190017,1.0
2011-10-26,0.28160919540229884,0.17450682852807284,0.12789281364190017,1.0
2011-10-27,0.23619631901840488,0.17450682852807284,0.06716417910447761,1.0
2011-10-28,0.23619631901840488,0.12348178137651822,0.12789281364190017,1.0
2011-10-31,0.28160919540229884,0.18518518518518517,0.12789281364190017,1.0
2011-11-01,0.28160919540229884,0.19914163090128756,0.19553072625698323,0.0
2011-11-02,0.28160919540229884,0.19914163090128756,0.14260249554367202,1.0
2011-11-03,0.28160919540229884,0.19914163090128756,0.14260249554367202,1.0
2011-11-04,0.28160919540229884,0.19914163090128756,0.14260249554367202,1.0
2011-11-07,0.28160919540229884,0.17450682852807284,0.13274336283185842,1.0
2011-11-08,0.24183006535947713,0.17450682852807284,0.12789281364190017,1.0
2011-11-09,0.28160919540229884,0.19914163090128756,0.14260249554367202,1.0
2011-11-10,0.28160919540229884,0.19914163090128756,0.14260249554367202,1.0
2011-11-11,0.28160919540229884,0.19914163090128756,0.14260249554367202,1.0
2011-11-14,0.28160919540229884,0.19914163090128756,0.14260249554367202,1.0
2011-11-15,0.28160919540229884,0.19914163090128756,0.14260249554367202,1.0
2011-11-16,0.28160919540229884,0.19914163090128756,0.1875,1.0
2011-11-17,0.28160919540229884,0.19914163090128756,0.14260249554367202,0.0
2011-11-18,0.28160919540229884,0.18518518518518517,0.14260249554367202,0.0
2011-11-21,0.28160919540229884,0.19914163090128756,0.14260249554367202,0.0
2011-11-22,0.28160919540229884,0.19914163090128756,0.13274336283185842,0.0
2011-11-23,0.28160919540229884,0.19914163090128756,0.14260249554367202,0.0
2011-11-25,0.28160919540229884,0.19914163090128756,0.14260249554367202,0.0
2011-11-28,0.28160919540229884,0.19914163090128756,0.14260249554367202,0.0
2011-11-29,0.28160919540229884,0.19914163090128756,0.14260249554367202,0.0
2011-11-30,0.28160919540229884,0.19914163090128756,0.13274336283185842,0.0
2011-12-01,0.28160919540229884,0.19914163090128756,0.12789281364190017,0.0
2011-12-02,0.28160919540229884,0.19914163090128756,0.12789281364190017,0.0
2011-12-05,0.28160919540229884,0.19914163090128756,0.14260249554367202,0.0
2011-12-06,0.28160919540229884,0.19914163090128756,0.14260249554367202,0.0
2011-12-07,0.28160919540229884,0.19914163090128756,0.14260249554367202,0.0
2011-12-08,0.28160919540229884,0.19914163090128756,0.14260249554367202,0.0
2011-12-09,0.24183006535947713,0.19914163090128756,0.12789281364190017,0.0
2011-12-12,0.24183006535947713,0.19914163090128756,0.12789281364190017,0.0
2011-12-13,0.28160919540229884,0.19914163090128756,0.12789281364190017,0.0
2011-12-14,0.28160919540229884,0.19914163090128756,0.12789281364190017,0.0
2011-12-15,0.24183006535947713,0.18518518518518517,0.12789281364190017,0.0
2011-12-16,0.24183006535947713,0.18518518518518517,0.12789281364190017,0.0
2011-12-19,0.28160919540229884,0.19914163090128756,0.12789281364190017,0.0
2011-12-20,0.24183006535947713,0.19914163090128756,0.06716417910447761,0.0
2011-12-21,0.24183006535947713,0.19914163090128756,0.04294478527607362,0.0
2011-12-22,0.23619631901840488,0.19914163090128756,0.04294478527607362,0.0
2011-12-23,0.23619631901840488,0.19914163090128756,0.06716417910447761,0.0
2011-12-27,0.23619631901840488,0.19914163090128756,0.10526315789473684,0.0
2011-12-28,0.23619631901840488,0.19914163090128756,0.12789281364190017,0.0
2011-12-29,0.23619631901840488,0.19914163090128756,0.06716417910447761,0.0
2011-12-30,0.23619631901840488,0.19914163090128756,0.06716417910447761,0.0
2012-01-03,0.23619631901840488,0.19914163090128756,0.10526315789473684,0.0
2012-01-04,0.23619631901840488,0.19914163090128756,0.06716417910447761,0.0
2012-01-05,0.23619631901840488,0.19914163090128756,0.06716417910447761,0.0
2012-01-06,0.23619631901840488,0.19914163090128756,0.04294478527607362,0.0
2012-01-09,0.23619631901840488,0.19914163090128756,0.04294478527607362,0.0
2012-01-10,0.23619631901840488,0.19914163090128756,0.04294478527607362,0.0
2012-01-11,0.23619631901840488,0.19914163090128756,0.06716417910447761,0.0
2012-01-12,0.23619631901840488,0.19914163090128756,0.04294478527607362,0.0
2012-01-13,0.23619631901840488,0.17450682852807284,0.04294478527607362,0.0
2012-01-17,0.23619631901840488,0.19914163090128756,0.04294478527607362,0.0
2012-01-18,0.22641509433962265,0.19914163090128756,0.034482758620689655,0.0
2012-01-19,0.22641509433962265,0.19914163090128756,0.017595307917888565,0.0
2012-01-20,0.22641509433962265,0.17450682852807284,0.017595307917888565,0.0
2012-01-23,0.22641509433962265,0.17450682852807284,0.04294478527607362,0.0
2012-01-24,0.22641509433962265,0.19914163090128756,0.017595307917888565,0.0
2012-01-25,0.22641509433962265,0.19914163090128756,0.017595307917888565,0.0
2012-01-26,0.22641509433962265,0.17450682852807284,0.017595307917888565,0.0
2012-01-27,0.22641509433962265,0.17450682852807284,0.017595307917888565,0.0
2012-01-30,0.22641509433962265,0.17450682852807284,0.017595307917888565,0.0
2012-01-31,0.22641509433962265,0.17450682852807284,0.017595307917888565,0.0
2012-02-01,0.22641509433962265,0.17450682852807284,0.017595307917888565,0.0
2012-02-02,0.22641509433962265,0.17450682852807284,0.017595307917888565,0.0
2012-02-03,0.22641509433962265,0.17450682852807284,0.04294478527607362,0.0
2012-02-06,0.22641509433962265,0.17450682852807284,0.034482758620689655,0.0
2012-02-07,0.22641509433962265,0.17450682852807284,0.04294478527607362,0.0
2012-02-08,0.22641509433962265,0.17450682852807284,0.12789281364190017,0.0
2012-02-09,0.22641509433962265,0.17450682852807284,0.12789281364190017,0.0
2012-02-10,0.22641509433962265,0.17450682852807284,0.12789281364190017,0.0
2012-02-13,0.22641509433962265,0.17450682852807284,0.12789281364190017,0.0
2012-02-14,0.22641509433962265,0.17450682852807284,0.12789281364190017,0.0
2012-02-15,0.22641509433962265,0.17450682852807284,0.14260249554367202,0.0
2012-02-16,0.22641509433962265,0.17450682852807284,0.13274336283185842,0.0
2012-02-17,0.22641509433962265,0.17450682852807284,0.12789281364190017,0.0
2012-02-21,0.22641509433962265,0.17450682852807284,0.12789281364190017,0.0
2012-02-22,0.22641509433962265,0.17450682852807284,0.12789281364190017,0.0
2012-02-23,0.22641509433962265,0.17450682852807284,0.10526315789473684,0.0
2012-02-24,0.22641509433962265,0.17450682852807284,0.12789281364190017,0.0
2012-02-27,0.22641509433962265,0.17450682852807284,0.12789281364190017,0.0
2012-02-28,0.22641509433962265,0.17450682852807284,0.12789281364190017,0.0
2012-02-29,0.22641509433962265,0.17450682852807284,0.12789281364190017,0.0
2012-03-01,0.1650943396226415,0.17450682852807284,0.12789281364190017,0.0
2012-03-02,0.1650943396226415,0.17450682852807284,0.12789281364190017,0.0
2012-03-05,0.1650943396226415,0.17450682852807284,0.12789281364190017,0.0
2012-03-06,0.22641509433962265,0.17450682852807284,0.12789281364190017,0.0
2012-03-07,0.22641509433962265,0.17450682852807284,0.12789281364190017,0.0
2012-03-08,0.22641509433962265,0.17450682852807284,0.12789281364190017,0.0
2012-03-09,0.22641509433962265,0.17450682852807284,0.12789281364190017,0.0
2012-03-12,0.1650943396226415,0.17450682852807284,0.12789281364190017,0.0
2012-03-13,0.22641509433962265,0.19914163090128756,0.12789281364190017,0.0
2012-03-14,0.22641509433962265,0.19914163090128756,0.14260249554367202,0.0
2012-03-15,0.1650943396226415,0.19914163090128756,0.14260249554367202,0.0
2012-03-16,0.16099773242630386,0.19914163090128756,0.14260249554367202,0.0
2012-03-19,0.16099773242630386,0.19914163090128756,0.14260249554367202,1.0
2012-03-20,0.16099773242630386,0.19914163090128756,0.14260249554367202,1.0
2012-03-21,0.1650943396226415,0.19914163090128756,0.14260249554367202,1.0
2012-03-22,0.1650943396226415,0.19914163090128756,0.14260249554367202,1.0
2012-03-23,0.1650943396226415,0.17450682852807284,0.12789281364190017,1.0
2012-03-26,0.1650943396226415,0.19914163090128756,0.12789281364190017,1.0
2012-03-27,0.1650943396226415,0.19914163090128756,0.13274336283185842,1.0
2012-03-28,0.1650943396226415,0.19914163090128756,0.14260249554367202,1.0
2012-03-29,0.1650943396226415,0.17450682852807284,0.14260249554367202,1.0
2012-03-30,0.16099773242630386,0.17450682852807284,0.14260249554367202,1.0
2012-04-02,0.1650943396226415,0.19914163090128756,0.13274336283185842,1.0
2012-04-03,0.16099773242630386,0.19914163090128756,0.14260249554367202,1.0
2012-04-04,0.1650943396226415,0.19914163090128756,0.14260249554367202,1.0
2012-04-05,0.1650943396226415,0.19914163090128756,0.14260249554367202,1.0
2012-04-09,0.22641509433962265,0.17450682852807284,0.13274336283185842,1.0
2012-04-10,0.22641509433962265,0.17450682852807284,0.13274336283185842,1.0
2012-04-11,0.22641509433962265,0.18518518518518517,0.14260249554367202,1.0
2012-04-12,0.22641509433962265,0.17450682852807284,0.13274336283185842,1.0
2012-04-13,0.22641509433962265,0.17450682852807284,0.12789281364190017,1.0
2012-04-16,0.22641509433962265,0.17450682852807284,0.12789281364190017,1.0
2012-04-17,0.22641509433962265,0.19914163090128756,0.12789281364190017,1.0
2012-04-18,0.22641509433962265,0.17450682852807284,0.12789281364190017,1.0
2012-04-19,0.22641509433962265,0.17450682852807284,0.12789281364190017,1.0
2012-04-20,0.22641509433962265,0.17450682852807284,0.12789281364190017,1.0
2012-04-23,0.22641509433962265,0.17450682852807284,0.12789281364190017,1.0
2012-04-24,0.22641509433962265,0.17450682852807284,0.12789281364190017,1.0
2012-04-25,0.17647058823529413,0.19914163090128756,0.10869565217391304,1.0
2012-04-26,0.17647058823529413,0.19914163090128756,0.06716417910447761,1.0
2012-04-27,0.22641509433962265,0.19914163090128756,0.06716417910447761,1.0
2012-04-30,0.22641509433962265,0.19914163090128756,0.06716417910447761,1.0
2012-05-01,0.22641509433962265,0.19914163090128756,0.04294478527607362,1.0
2012-05-02,0.22641509433962265,0.19914163090128756,0.04294478527607362,1.0
2012-05-03,0.22641509433962265,0.19914163090128756,0.04294478527607362,1.0
2012-05-04,0.22641509433962265,0.19914163090128756,0.06716417910447761,1.0
2012-05-07,0.22641509433962265,0.19914163090128756,0.06716417910447761,1.0
2012-05-08,0.22641509433962265,0.19914163090128756,0.04294478527607362,1.0
2012-05-09,0.22641509433962265,0.19914163090128756,0.12789281364190017,1.0
2012-05-10,0.22641509433962265,0.19914163090128756,0.10869565217391304,1.0
2012-05-11,0.22641509433962265,0.19914163090128756,0.12789281364190017,1.0
2012-05-14,0.22641509433962265,0.19914163090128756,0.12789281364190017,0.0
2012-05-15,0.22641509433962265,0.19914163090128756,0.12789281364190017,0.0
2012-05-16,0.22641509433962265,0.17450682852807284,0.12789281364190017,0.0
2012-05-17,0.22641509433962265,0.17450682852807284,0.12789281364190017,0.0
2012-05-18,0.23619631901840488,0.17450682852807284,0.10526315789473684,0.0
2012-05-21,0.22641509433962265,0.17450682852807284,0.04294478527607362,0.0
2012-05-22,0.22641509433962265,0.17450682852807284,0.10526315789473684,0.0
2012-05-23,0.22641509433962265,0.17450682852807284,0.04294478527607362,0.0
2012-05-24,0.22641509433962265,0.17450682852807284,0.04294478527607362,0.0
2012-05-25,0.22641509433962265,0.17450682852807284,0.06716417910447761,0.0
2012-05-29,0.22641509433962265,0.17450682852807284,0.06716417910447761,0.0
2012-05-30,0.22641509433962265,0.17450682852807284,0.12789281364190017,0.0
2012-05-31,0.22641509433962265,0.17450682852807284,0.10869565217391304,0.0
2012-06-01,0.23619631901840488,0.17450682852807284,0.12789281364190017,0.0
2012-06-04,0.23619631901840488,0.17450682852807284,0.12789281364190017,0.0
2012-06-05,0.23619631901840488,0.17450682852807284,0.12789281364190017,0.0
2012-06-06,0.22641509433962265,0.17450682852807284,0.12789281364190017,0.0
2012-06-07,0.22641509433962265,0.17450682852807284,0.06716417910447761,0.0
2012-06-08,0.22641509433962265,0.17450682852807284,0.10526315789473684,0.0
2012-06-11,0.23619631901840488,0.17450682852807284,0.12789281364190017,0.0
2012-06-12,0.22641509433962265,0.17450682852807284,0.12789281364190017,0.0
2012-06-13,0.23619631901840488,0.17450682852807284,0.12789281364190017,0.0
2012-06-14,0.23619631901840488,0.17450682852807284,0.12789281364190017,0.0
2012-06-15,0.22641509433962265,0.17450682852807284,0.12789281364190017,0.0
2012-06-18,0.22641509433962265,0.17450682852807284,0.10526315789473684,0.0
2012-06-19,0.22641509433962265,0.17450682852807284,0.12789281364190017,0.0
2012-06-20,0.22641509433962265,0.17450682852807284,0.06716417910447761,0.0
2012-06-21,0.22641509433962265,0.17450682852807284,0.12789281364190017,0.0
2012-06-22,0.22641509433962265,0.17450682852807284,0.12789281364190017,0.0
2012-06-25,0.22641509433962265,0.17450682852807284,0.12789281364190017,0.0
2012-06-26,0.22641509433962265,0.17450682852807284,0.12789281364190017,0.0
2012-06-27,0.22641509433962265,0.17450682852807284,0.12789281364190017,0.0
2012-06-28,0.22641509433962265,0.17450682852807284,0.10526315789473684,0.0
2012-06-29,0.22641509433962265,0.17450682852807284,0.04294478527607362,0.0
2012-07-02,0.22641509433962265,0.17450682852807284,0.04294478527607362,0.0
2012-07-03,0.22641509433962265,0.17450682852807284,0.06716417910447761,0.0
2012-07-05,0.22641509433962265,0.17450682852807284,0.06716417910447761,0.0
2012-07-06,0.22641509433962265,0.17450682852807284,0.04294478527607362,0.0
2012-07-09,0.22641509433962265,0.17450682852807284,0.017595307917888565,0.0
2012-07-10,0.22641509433962265,0.17450682852807284,0.017595307917888565,0.0
2012-07-11,0.22641509433962265,0.17450682852807284,0.017595307917888565,0.0
2012-07-12,0.22641509433962265,0.17450682852807284,0.017595307917888565,0.0
2012-07-13,0.22641509433962265,0.17450682852807284,0.017595307917888565,0.0
2012-07-16,0.22641509433962265,0.17450682852807284,0.017595307917888565,0.0
2012-07-17,0.22641509433962265,0.17450682852807284,0.017595307917888565,0.0
2012-07-18,0.22641509433962265,0.17450682852807284,0.017595307917888565,0.0
2012-07-19,0.22641509433962265,0.17450682852807284,0.017595307917888565,0.0
2012-07-20,0.22641509433962265,0.12348178137651822,0.017595307917888565,0.0
2012-07-23,0.22641509433962265,0.12348178137651822,0.04294478527607362,0.0
2012-07-24,0.22641509433962265,0.12348178137651822,0.04294478527607362,0.0
2012-07-25,0.22641509433962265,0.12348178137651822,0.017595307917888565,0.0
2012-07-26,0.22641509433962265,0.12348178137651822,0.017595307917888565,0.0
2012-07-27,0.22641509433962265,0.17450682852807284,0.04294478527607362,0.0
2012-07-30,0.22641509433962265,0.17450682852807284,0.04294478527607362,0.0
2012-07-31,0.22641509433962265,0.17450682852807284,0.04294478527607362,0.0
2012-08-01,0.22641509433962265,0.17450682852807284,0.12789281364190017,0.0
2012-08-02,0.22641509433962265,0.12348178137651822,0.06716417910447761,0.0
2012-08-03,0.22641509433962265,0.17450682852807284,0.12789281364190017,0.0
2012-08-06,0.22641509433962265,0.17450682852807284,0.12789281364190017,0.0
2012-08-07,0.22641509433962265,0.17450682852807284,0.13274336283185842,0.0
2012-08-08,0.22641509433962265,0.17450682852807284,0.14260249554367202,0.0
2012-08-09,0.22641509433962265,0.19914163090128756,0.14260249554367202,0.0
2012-08-10,0.22641509433962265,0.17450682852807284,0.14260249554367202,0.0
2012-08-13,0.22641509433962265,0.17450682852807284,0.14260249554367202,0.0
2012-08-14,0.22641509433962265,0.17450682852807284,0.19553072625698323,0.0
2012-08-15,0.22641509433962265,0.17450682852807284,0.20689655172413793,0.0
2012-08-16,0.17647058823529413,0.19914163090128756,0.2986577181208054,0.0
2012-08-17,0.1650943396226415,0.19914163090128756,0.19808306709265175,0.0
2012-08-20,0.1650943396226415,0.19914163090128756,0.19808306709265175,0.0
2012-08-21,0.1650943396226415,0.19914163090128756,0.19808306709265175,0.0
2012-08-22,0.22641509433962265,0.17450682852807284,0.14260249554367202,0.0
2012-08-23,0.22641509433962265,0.17450682852807284,0.14260249554367202,0.0
2012-08-24,0.22641509433962265,0.17450682852807284,0.14260249554367202,0.0
2012-08-27,0.22641509433962265,0.18518518518518517,0.14260249554367202,0.0
2012-08-28,0.22641509433962265,0.18518518518518517,0.13274336283185842,0.0
2012-08-29,0.22641509433962265,0.19914163090128756,0.14260249554367202,0.0
2012-08-30,0.22641509433962265,0.19914163090128756,0.13274336283185842,0.0
2012-08-31,0.22641509433962265,0.17450682852807284,0.12789281364190017,0.0
2012-09-04,0.22641509433962265,0.19914163090128756,0.12789281364190017,0.0
2012-09-05,0.22641509433962265,0.19914163090128756,0.12789281364190017,0.0
2012-09-06,0.22641509433962265,0.19914163090128756,0.12789281364190017,0.0
2012-09-07,0.17647058823529413,0.19914163090128756,0.12789281364190017,0.0
2012-09-10,0.22641509433962265,0.19914163090128756,0.12789281364190017,0.0
2012-09-11,0.22641509433962265,0.19914163090128756,0.12789281364190017,0.0
2012-09-12,0.22641509433962265,0.19914163090128756,0.13274336283185842,0.0
2012-09-13,0.22641509433962265,0.19914163090128756,0.13274336283185842,1.0
2012-09-14,0.22641509433962265,0.19914163090128756,0.14260249554367202,1.0
2012-09-17,0.1650943396226415,0.19914163090128756,0.14260249554367202,1.0
2012-09-18,0.1650943396226415,0.19914163090128756,0.14260249554367202,1.0
2012-09-19,0.1650943396226415,0.19914163090128756,0.14260249554367202,1.0
2012-09-20,0.16099773242630386,0.19914163090128756,0.14260249554367202,1.0
2012-09-21,0.16099773242630386,0.19914163090128756,0.13274336283185842,1.0
2012-09-24,0.1650943396226415,0.19914163090128756,0.12789281364190017,1.0
2012-09-25,0.22641509433962265,0.19914163090128756,0.12789281364190017,1.0
2012-09-26,0.22641509433962265,0.19914163090128756,0.12789281364190017,1.0
2012-09-27,0.17647058823529413,0.17450682852807284,0.12789281364190017,1.0
2012-09-28,0.22641509433962265,0.19914163090128756,0.12789281364190017,1.0
2012-10-01,0.22641509433962265,0.17450682852807284,0.017595307917888565,1.0
2012-10-02,0.22641509433962265,0.17450682852807284,0.017595307917888565,1.0
2012-10-03,0.22641509433962265,0.17450682852807284,0.034482758620689655,1.0
2012-10-04,0.17647058823529413,0.17450682852807284,0.034482758620689655,1.0
2012-10-05,0.16099773242630386,0.17450682852807284,0.04294478527607362,1.0
2012-10-08,0.1650943396226415,0.17450682852807284,0.04294478527607362,1.0
2012-10-09,0.22641509433962265,0.19914163090128756,0.06716417910447761,1.0
2012-10-10,0.22641509433962265,0.17450682852807284,0.04294478527607362,1.0
2012-10-11,0.22641509433962265,0.17450682852807284,0.017595307917888565,1.0
2012-10-12,0.22641509433962265,0.17450682852807284,0.017595307917888565,1.0
2012-10-15,0.22641509433962265,0.17450682852807284,0.017595307917888565,1.0
2012-10-16,0.17647058823529413,0.17450682852807284,0.04294478527607362,1.0
2012-10-17,0.1650943396226415,0.17450682852807284,0.04294478527607362,1.0
2012-10-18,0.1650943396226415,0.19914163090128756,0.06716417910447761,1.0
2012-10-19,0.22641509433962265,0.17450682852807284,0.06716417910447761,1.0
2012-10-22,0.22641509433962265,0.17450682852807284,0.06716417910447761,1.0
2012-10-23,0.22641509433962265,0.17450682852807284,0.10869565217391304,0.0
2012-10-24,0.22641509433962265,0.17450682852807284,0.10526315789473684,0.0
2012-10-25,0.22641509433962265,0.19914163090128756,0.10526315789473684,0.0
2012-10-26,0.22641509433962265,0.17450682852807284,0.017595307917888565,0.0
2012-10-31,0.22641509433962265,0.17450682852807284,0.017595307917888565,0.0
2012-11-01,0.22641509433962265,0.17450682852807284,0.017595307917888565,1.0
2012-11-02,0.22641509433962265,0.19914163090128756,0.04294478527607362,0.0
2012-11-05,0.22641509433962265,0.19914163090128756,0.06716417910447761,0.0
2012-11-06,0.22641509433962265,0.19914163090128756,0.06716417910447761,1.0
2012-11-07,0.22641509433962265,0.17450682852807284,0.04294478527607362,0.0
2012-11-08,0.22641509433962265,0.17450682852807284,0.017595307917888565,0.0
2012-11-09,0.22641509433962265,0.17450682852807284,0.017595307917888565,0.0
2012-11-12,0.22641509433962265,0.12348178137651822,0.017595307917888565,0.0
2012-11-13,0.22641509433962265,0.12348178137651822,0.017595307917888565,0.0
2012-11-14,0.22641509433962265,0.12348178137651822,0.017595307917888565,0.0
2012-11-15,0.22641509433962265,0.12348178137651822,0.017595307917888565,0.0
2012-11-16,0.22641509433962265,0.12348178137651822,0.0,0.0
2012-11-19,0.22641509433962265,0.12348178137651822,0.017595307917888565,0.0
2012-11-20,0.22641509433962265,0.17450682852807284,0.017595307917888565,0.0
2012-11-21,0.22641509433962265,0.17450682852807284,0.017595307917888565,0.0
2012-11-23,0.22641509433962265,0.12348178137651822,0.017595307917888565,0.0
2012-11-26,0.22641509433962265,0.12348178137651822,0.017595307917888565,0.0
2012-11-27,0.22641509433962265,0.12348178137651822,0.017595307917888565,0.0
2012-11-28,0.22641509433962265,0.14285714285714285,0.017595307917888565,0.0
2012-11-29,0.22641509433962265,0.12348178137651822,0.017595307917888565,0.0
2012-11-30,0.22641509433962265,0.17450682852807284,0.017595307917888565,0.0
2012-12-03,0.22641509433962265,0.14285714285714285,0.017595307917888565,0.0
2012-12-04,0.22641509433962265,0.12348178137651822,0.017595307917888565,0.0
2012-12-05,0.22641509433962265,0.12348178137651822,0.0,0.0
2012-12-06,0.22641509433962265,0.14285714285714285,0.017595307917888565,0.0
2012-12-07,0.22641509433962265,0.17450682852807284,0.017595307917888565,0.0
2012-12-10,0.22641509433962265,0.12348178137651822,0.017595307917888565,0.0
2012-12-11,0.22641509433962265,0.17450682852807284,0.017595307917888565,0.0
2012-12-12,0.22641509433962265,0.17450682852807284,0.017595307917888565,0.0
2012-12-13,0.22641509433962265,0.17450682852807284,0.017595307917888565,0.0
2012-12-14,0.22641509433962265,0.17450682852807284,0.017595307917888565,0.0
2012-12-17,0.22641509433962265,0.17450682852807284,0.017595307917888565,0.0
2012-12-18,0.1650943396226415,0.19914163090128756,0.017595307917888565,0.0
2012-12-19,0.22641509433962265,0.19914163090128756,0.017595307917888565,0.0
2012-12-20,0.1650943396226415,0.19914163090128756,0.017595307917888565,0.0
2012-12-21,0.22641509433962265,0.19914163090128756,0.017595307917888565,0.0
2012-12-24,0.22641509433962265,0.19914163090128756,0.017595307917888565,0.0
2012-12-26,0.22641509433962265,0.19914163090128756,0.04294478527607362,0.0
2012-12-27,0.22641509433962265,0.19914163090128756,0.017595307917888565,0.0
2012-12-28,0.22641509433962265,0.19914163090128756,0.12789281364190017,0.0
2012-12-31,0.22641509433962265,0.19914163090128756,0.04294478527607362,0.0
2013-01-02,0.16099773242630386,0.19914163090128756,0.017595307917888565,0.0
2013-01-03,0.16099773242630386,0.19914163090128756,0.017595307917888565,0.0
2013-01-04,0.16099773242630386,0.19914163090128756,0.017595307917888565,0.0
2013-01-07,0.16099773242630386,0.19914163090128756,0.017595307917888565,0.0
2013-01-08,0.16099773242630386,0.19914163090128756,0.017595307917888565,0.0
2013-01-09,0.16099773242630386,0.19914163090128756,0.017595307917888565,0.0
2013-01-10,0.16099773242630386,0.19914163090128756,0.017595307917888565,0.0
2013-01-11,0.16099773242630386,0.18518518518518517,0.017595307917888565,0.0
2013-01-14,0.16099773242630386,0.17450682852807284,0.017595307917888565,0.0
2013-01-15,0.16099773242630386,0.17450682852807284,0.017595307917888565,0.0
2013-01-16,0.16099773242630386,0.17450682852807284,0.017595307917888565,0.0
2013-01-17,0.16099773242630386,0.19914163090128756,0.017595307917888565,0.0
2013-01-18,0.06896551724137931,0.19914163090128756,0.017595307917888565,0.0
2013-01-22,0.06896551724137931,0.19914163090128756,0.017595307917888565,0.0
2013-01-23,0.06896551724137931,0.19914163090128756,0.017595307917888565,0.0
2013-01-24,0.06896551724137931,0.19914163090128756,0.017595307917888565,0.0
2013-01-25,0.06896551724137931,0.19914163090128756,0.017595307917888565,0.0
2013-01-28,0.07407407407407407,0.19914163090128756,0.017595307917888565,0.0
2013-01-29,0.06896551724137931,0.19914163090128756,0.017595307917888565,0.0
2013-01-30,0.09090909090909091,0.19914163090128756,0.017595307917888565,0.0
2013-01-31,0.06896551724137931,0.19914163090128756,0.017595307917888565,0.0
2013-02-01,0.07407407407407407,0.19914163090128756,0.017595307917888565,0.0
2013-02-04,0.16099773242630386,0.19914163090128756,0.017595307917888565,0.0
2013-02-05,0.15053763440860216,0.19914163090128756,0.017595307917888565,0.0
2013-02-06,0.16099773242630386,0.19914163090128756,0.04294478527607362,0.0
2013-02-07,0.16099773242630386,0.19914163090128756,0.04294478527607362,0.0
2013-02-08,0.07407407407407407,0.19914163090128756,0.04294478527607362,0.0
2013-02-11,0.15053763440860216,0.19914163090128756,0.04294478527607362,0.0
2013-02-12,0.06896551724137931,0.19914163090128756,0.04294478527607362,0.0
2013-02-13,0.06896551724137931,0.19914163090128756,0.04294478527607362,0.0
2013-02-14,0.07407407407407407,0.19914163090128756,0.06716417910447761,0.0
2013-02-15,0.06896551724137931,0.19914163090128756,0.10526315789473684,0.0
2013-02-19,0.06896551724137931,0.19914163090128756,0.06716417910447761,0.0
2013-02-20,0.16099773242630386,0.2079207920792079,0.12789281364190017,0.0
2013-02-21,0.1650943396226415,0.2079207920792079,0.13274336283185842,0.0
2013-02-22,0.1650943396226415,0.2079207920792079,0.12789281364190017,0.0
2013-02-25,0.22641509433962265,0.2079207920792079,0.3543307086614173,0.0
2013-02-26,0.22641509433962265,0.2079207920792079,0.19808306709265175,0.0
2013-02-27,0.17647058823529413,0.2079207920792079,0.14260249554367202,0.0
2013-02-28,0.22641509433962265,0.2079207920792079,0.1875,0.0
2013-03-01,0.22641509433962265,0.2079207920792079,0.19553072625698323,0.0
2013-03-04,0.1650943396226415,0.2,0.14260249554367202,0.0
2013-03-05,0.1650943396226415,0.2079207920792079,0.14260249554367202,0.0
2013-03-06,0.25781250000000006,0.33695652173913043,0.44508670520231214,0.0
2013-03-07,0.2564102564102564,0.31645569620253167,0.34012875536480686,0.0
2013-03-08,0.18518518518518517,0.3,0.34012875536480686,0.0
2013-03-11,0.18518518518518517,0.3,0.34012875536480686,0.0
2013-03-12,0.18518518518518517,0.31645569620253167,0.34012875536480686,0.0
2013-03-13,0.18518518518518517,0.3,0.44508670520231214,0.0
2013-03-14,0.18518518518518517,0.3,0.44508670520231214,0.0
2013-03-15,0.18518518518518517,0.23655913978494625,0.44508670520231214,0.0
2013-03-18,0.25781250000000006,0.33695652173913043,0.4754113211848439,0.0
2013-03-19,0.25781250000000006,0.33695652173913043,0.590909090909091,0.0
2013-03-20,0.25781250000000006,0.23655913978494625,0.590909090909091,0.0
2013-03-21,0.25781250000000006,0.25,0.590909090909091,0.0
2013-03-22,0.25781250000000006,0.23655913978494625,0.49999999999999994,0.0
2013-03-25,0.25781250000000006,0.21248688352570827,0.39285714285714285,0.0
2013-03-26,0.25781250000000006,0.21248688352570827,0.34012875536480686,0.0
2013-03-27,0.25781250000000006,0.21248688352570827,0.34012875536480686,0.0
2013-03-28,0.25781250000000006,0.21248688352570827,0.34012875536480686,0.0
2013-04-01,0.25781250000000006,0.21248688352570827,0.34012875536480686,0.0
2013-04-02,0.18518518518518517,0.21248688352570827,0.34012875536480686,0.0
2013-04-03,0.25781250000000006,0.21248688352570827,0.34012875536480686,0.0
2013-04-04,0.25781250000000006,0.21248688352570827,0.2936170212765957,0.0
2013-04-05,0.25781250000000006,0.16666666666666666,0.19868637110016424,0.0
2013-04-08,0.25781250000000006,0.21248688352570827,0.2936170212765957,0.0
2013-04-09,0.2564102564102564,0.16666666666666666,0.21428571428571427,0.0
2013-04-10,0.23684210526315788,0.21248688352570827,0.34012875536480686,0.0
2013-04-11,0.23684210526315788,0.16666666666666666,0.34012875536480686,0.0
2013-04-12,0.23684210526315788,0.14558058925476602,0.2936170212765957,0.0
2013-04-15,0.25781250000000006,0.21248688352570827,0.44508670520231214,0.0
2013-04-16,0.25781250000000006,0.21248688352570827,0.44508670520231214,0.0
2013-04-17,0.25781250000000006,0.21248688352570827,0.590909090909091,0.0
2013-04-18,0.25781250000000006,0.21248688352570827,0.590909090909091,0.0
2013-04-19,0.25781250000000006,0.21248688352570827,0.590909090909091,0.0
2013-04-22,0.25781250000000006,0.21248688352570827,0.49999999999999994,0.0
2013-04-23,0.25781250000000006,0.21248688352570827,0.590909090909091,0.0
2013-04-24,0.25781250000000006,0.21248688352570827,0.44508670520231214,0.0
2013-04-25,0.25781250000000006,0.21248688352570827,0.49999999999999994,0.0
2013-04-26,0.25781250000000006,0.21248688352570827,0.44508670520231214,0.0
2013-04-29,0.25781250000000006,0.21248688352570827,0.44508670520231214,0.0
2013-04-30,0.25781250000000006,0.21248688352570827,0.34012875536480686,0.0
2013-05-01,0.25781250000000006,0.14558058925476602,0.34012875536480686,0.0
2013-05-02,0.25781250000000006,0.14558058925476602,0.2936170212765957,0.0
2013-05-03,0.23684210526315788,0.21248688352570827,0.34012875536480686,0.0
2013-05-06,0.18518518518518517,0.21248688352570827,0.2936170212765957,0.0
2013-05-07,0.18518518518518517,0.21248688352570827,0.34012875536480686,0.0
2013-05-08,0.1592920353982301,0.19230769230769232,0.2936170212765957,0.0
2013-05-09,0.1592920353982301,0.21248688352570827,0.21428571428571427,0.0
2013-05-10,0.1278089887640449,0.21248688352570827,0.34012875536480686,0.0
2013-05-13,0.1278089887640449,0.21248688352570827,0.19868637110016424,0.0
2013-05-14,0.1278089887640449,0.1935483870967742,0.19868637110016424,0.0
2013-05-15,0.1278089887640449,0.21248688352570827,0.19868637110016424,1.0
2013-05-16,0.1278089887640449,0.21248688352570827,0.19868637110016424,0.0
2013-05-17,0.1278089887640449,0.21248688352570827,0.13333333333333333,1.0
2013-05-20,0.1278089887640449,0.19230769230769232,0.1276595744680851,1.0
2013-05-21,0.1278089887640449,0.14558058925476602,0.1276595744680851,1.0
2013-05-22,0.1278089887640449,0.21248688352570827,0.19868637110016424,0.0
2013-05-23,0.1278089887640449,0.21248688352570827,0.1968178179718165,0.0
2013-05-24,0.1278089887640449,0.21248688352570827,0.19642857142857142,0.0
2013-05-28,0.18518518518518517,0.21248688352570827,0.1276595744680851,1.0
2013-05-29,0.1592920353982301,0.21248688352570827,0.09484193011647254,0.0
2013-05-30,0.1278089887640449,0.21248688352570827,0.09484193011647254,0.0
2013-05-31,0.18518518518518517,0.21248688352570827,0.09484193011647254,0.0
2013-06-03,0.18518518518518517,0.21248688352570827,0.09484193011647254,0.0
2013-06-04,0.25781250000000006,0.21248688352570827,0.19642857142857142,0.0
2013-06-05,0.25781250000000006,0.21248688352570827,0.19868637110016424,0.0
2013-06-06,0.25781250000000006,0.21248688352570827,0.19868637110016424,0.0
2013-06-07,0.2564102564102564,0.21248688352570827,0.09484193011647254,0.0
2013-06-10,0.25781250000000006,0.21248688352570827,0.09484193011647254,0.0
2013-06-11,0.25781250000000006,0.21248688352570827,0.19868637110016424,0.0
2013-06-12,0.25781250000000006,0.21248688352570827,0.19868637110016424,0.0
2013-06-13,0.25781250000000006,0.21248688352570827,0.19868637110016424,0.0
2013-06-14,0.25781250000000006,0.21248688352570827,0.19868637110016424,0.0
2013-06-17,0.25781250000000006,0.21248688352570827,0.19868637110016424,0.0
2013-06-18,0.25781250000000006,0.21248688352570827,0.19868637110016424,0.0
2013-06-19,0.25781250000000006,0.21248688352570827,0.19868637110016424,0.0
2013-06-20,0.25781250000000006,0.31645569620253167,0.2936170212765957,0.0
2013-06-21,0.25781250000000006,0.33695652173913043,0.34012875536480686,0.0
2013-06-24,0.25781250000000006,0.33695652173913043,0.34012875536480686,0.0
2013-06-25,0.25781250000000006,0.31645569620253167,0.34012875536480686,0.0
2013-06-26,0.25781250000000006,0.23655913978494625,0.34012875536480686,0.0
2013-06-27,0.25781250000000006,0.21248688352570827,0.2936170212765957,0.0
2013-06-28,0.25781250000000006,0.3,0.23484848484848486,0.0
2013-07-01,0.25781250000000006,0.33695652173913043,0.34012875536480686,0.0
2013-07-02,0.25781250000000006,0.33695652173913043,0.34012875536480686,0.0
2013-07-03,0.25781250000000006,0.33695652173913043,0.34012875536480686,0.0
2013-07-05,0.25781250000000006,0.33695652173913043,0.34012875536480686,0.0
2013-07-08,0.25781250000000006,0.33695652173913043,0.34012875536480686,0.0
2013-07-09,0.25781250000000006,0.3,0.34012875536480686,0.0
2013-07-10,0.25781250000000006,0.23655913978494625,0.34012875536480686,0.0
2013-07-11,0.25781250000000006,0.21248688352570827,0.34012875536480686,0.0
2013-07-12,0.25781250000000006,0.21248688352570827,0.34012875536480686,0.0
2013-07-15,0.25781250000000006,0.21248688352570827,0.34012875536480686,0.0
2013-07-16,0.25781250000000006,0.21248688352570827,0.34012875536480686,0.0
2013-07-17,0.25781250000000006,0.21248688352570827,0.34012875536480686,0.0
2013-07-18,0.25781250000000006,0.21248688352570827,0.34012875536480686,0.0
2013-07-19,0.23684210526315788,0.21248688352570827,0.19868637110016424,0.0
2013-07-22,0.18518518518518517,0.21248688352570827,0.19868637110016424,0.0
2013-07-23,0.18518518518518517,0.21248688352570827,0.19868637110016424,0.0
2013-07-24,0.18518518518518517,0.21248688352570827,0.19868637110016424,0.0
2013-07-25,0.18518518518518517,0.21248688352570827,0.19868637110016424,0.0
2013-07-26,0.1592920353982301,0.21248688352570827,0.1276595744680851,0.0
2013-07-29,0.18518518518518517,0.21248688352570827,0.19868637110016424,0.0
2013-07-30,0.18518518518518517,0.21248688352570827,0.19868637110016424,0.0
2013-07-31,0.18518518518518517,0.21248688352570827,0.19868637110016424,0.0
2013-08-01,0.23684210526315788,0.21248688352570827,0.19642857142857142,0.0
2013-08-02,0.18518518518518517,0.21248688352570827,0.09484193011647254,0.0
2013-08-05,0.18518518518518517,0.21248688352570827,0.09484193011647254,0.0
2013-08-06,0.18518518518518517,0.21248688352570827,0.09484193011647254,0.0
2013-08-07,0.23684210526315788,0.21248688352570827,0.09484193011647254,0.0
2013-08-08,0.18518518518518517,0.21248688352570827,0.09484193011647254,0.0
2013-08-09,0.18518518518518517,0.21248688352570827,0.09484193011647254,0.0
2013-08-12,0.23684210526315788,0.21248688352570827,0.09484193011647254,0.0
2013-08-13,0.23684210526315788,0.21248688352570827,0.09484193011647254,0.0
2013-08-14,0.23684210526315788,0.21248688352570827,0.09484193011647254,0.0
2013-08-15,0.25781250000000006,0.21248688352570827,0.09484193011647254,0.0
2013-08-16,0.25781250000000006,0.21248688352570827,0.09484193011647254,0.0
2013-08-19,0.25781250000000006,0.21248688352570827,0.09484193011647254,0.0
2013-08-20,0.25781250000000006,0.21248688352570827,0.09484193011647254,0.0
2013-08-21,0.25781250000000006,0.21248688352570827,0.19642857142857142,0.0
2013-08-22,0.25781250000000006,0.21248688352570827,0.09484193011647254,0.0
2013-08-23,0.25781250000000006,0.21248688352570827,0.09484193011647254,0.0
2013-08-26,0.25781250000000006,0.21248688352570827,0.09484193011647254,0.0
2013-08-27,0.25781250000000006,0.33695652173913043,0.19868637110016424,0.0
2013-08-28,0.25781250000000006,0.31645569620253167,0.19868637110016424,0.0
2013-08-29,0.25781250000000006,0.3,0.19642857142857142,0.0
2013-08-30,0.25781250000000006,0.33695652173913043,0.19868637110016424,0.0
2013-09-03,0.25781250000000006,0.33695652173913043,0.19868637110016424,0.0
2013-09-04,0.25781250000000006,0.3,0.19868637110016424,0.0
2013-09-05,0.25781250000000006,0.3,0.19868637110016424,0.0
2013-09-06,0.25781250000000006,0.3,0.19868637110016424,0.0
2013-09-09,0.25781250000000006,0.23655913978494625,0.19868637110016424,0.0
2013-09-10,0.25781250000000006,0.21248688352570827,0.19868637110016424,0.0
2013-09-11,0.25781250000000006,0.21248688352570827,0.19868637110016424,0.0
2013-09-12,0.25781250000000006,0.21248688352570827,0.19868637110016424,0.0
2013-09-13,0.25781250000000006,0.21248688352570827,0.19868637110016424,0.0
2013-09-16,0.25781250000000006,0.21248688352570827,0.19868637110016424,0.0
2013-09-17,0.25781250000000006,0.21248688352570827,0.19868637110016424,0.0
2013-09-18,0.23684210526315788,0.16666666666666666,0.19848054481201852,0.0
2013-09-19,0.18518518518518517,0.16666666666666666,0.13333333333333333,0.0
2013-09-20,0.18518518518518517,0.16666666666666666,0.19868637110016424,0.0
2013-09-23,0.23684210526315788,0.21248688352570827,0.19868637110016424,0.0
2013-09-24,0.18518518518518517,0.21248688352570827,0.19868637110016424,0.0
2013-09-25,0.18518518518518517,0.21248688352570827,0.09484193011647254,0.0
2013-09-26,0.1278089887640449,0.21248688352570827,0.1276595744680851,0.0
2013-09-27,0.18518518518518517,0.21248688352570827,0.19868637110016424,0.0
2013-09-30,0.25781250000000006,0.21248688352570827,0.19868637110016424,0.0
2013-10-01,0.25781250000000006,0.3,0.19868637110016424,0.0
2013-10-02,0.25781250000000006,0.33695652173913043,0.19868637110016424,0.0
2013-10-03,0.25781250000000006,0.33695652173913043,0.19868637110016424,0.0
2013-10-04,0.25781250000000006,0.33695652173913043,0.19868637110016424,0.0
2013-10-07,0.25781250000000006,0.33695652173913043,0.19868637110016424,0.0
2013-10-08,0.25781250000000006,0.33695652173913043,0.19868637110016424,0.0
2013-10-09,0.25781250000000006,0.33695652173913043,0.19868637110016424,0.0
2013-10-10,0.25781250000000006,0.33695652173913043,0.34012875536480686,0.0
2013-10-11,0.25781250000000006,0.33695652173913043,0.34012875536480686,0.0
2013-10-14,0.25781250000000006,0.33695652173913043,0.34012875536480686,0.0
2013-10-15,0.25781250000000006,0.33695652173913043,0.34012875536480686,0.0
2013-10-16,0.25781250000000006,0.3,0.34012875536480686,0.0
2013-10-17,0.1592920353982301,0.21248688352570827,0.23484848484848486,0.0
2013-10-18,0.1278089887640449,0.21248688352570827,0.23484848484848486,0.0
2013-10-21,0.1278089887640449,0.21248688352570827,0.2936170212765957,0.0
2013-10-22,0.1278089887640449,0.21248688352570827,0.23484848484848486,0.0
2013-10-23,0.1278089887640449,0.21248688352570827,0.21428571428571427,0.0
2013-10-24,0.1278089887640449,0.21248688352570827,0.23484848484848486,0.0
2013-10-25,0.1278089887640449,0.21248688352570827,0.23484848484848486,0.0
2013-10-28,0.1278089887640449,0.21248688352570827,0.23484848484848486,0.0
2013-10-29,0.1278089887640449,0.21248688352570827,0.21428571428571427,0.0
2013-10-30,0.1278089887640449,0.21248688352570827,0.23484848484848486,0.0
2013-10-31,0.1278089887640449,0.21248688352570827,0.19868637110016424,0.0
2013-11-01,0.1278089887640449,0.21248688352570827,0.09484193011647254,0.0
2013-11-04,0.1278089887640449,0.21248688352570827,0.09484193011647254,0.0
2013-11-05,0.1278089887640449,0.21248688352570827,0.09484193011647254,0.0
2013-11-06,0.1278089887640449,0.14558058925476602,0.09484193011647254,0.0
2013-11-07,0.1278089887640449,0.21248688352570827,0.09484193011647254,0.0
2013-11-08,0.1278089887640449,0.21248688352570827,0.09484193011647254,0.0
2013-11-11,0.1278089887640449,0.1935483870967742,0.09484193011647254,0.0
2013-11-12,0.1278089887640449,0.21248688352570827,0.09484193011647254,0.0
2013-11-13,0.1278089887640449,0.16666666666666666,0.09484193011647254,0.0
2013-11-14,0.1278089887640449,0.14558058925476602,0.09484193011647254,0.0
2013-11-15,0.1278089887640449,0.14558058925476602,0.09484193011647254,0.0
2013-11-18,0.1278089887640449,0.21248688352570827,0.09484193011647254,0.0
2013-11-19,0.1278089887640449,0.21248688352570827,0.09484193011647254,0.0
2013-11-20,0.1278089887640449,0.21248688352570827,0.09484193011647254,0.0
2013-11-21,0.1278089887640449,0.14558058925476602,0.09484193011647254,0.0
2013-11-22,0.1278089887640449,0.14558058925476602,0.09484193011647254,0.0
2013-11-25,0.1278089887640449,0.21248688352570827,0.09484193011647254,0.0
2013-11-26,0.1278089887640449,0.16666666666666666,0.09484193011647254,0.0
2013-11-27,0.1278089887640449,0.19230769230769232,0.09484193011647254,0.0
2013-11-29,0.1278089887640449,0.21248688352570827,0.09484193011647254,0.0
2013-12-02,0.1278089887640449,0.21248688352570827,0.09484193011647254,0.0
2013-12-03,0.1278089887640449,0.21248688352570827,0.09484193011647254,0.0
2013-12-04,0.1278089887640449,0.21248688352570827,0.09484193011647254,0.0
2013-12-05,0.1278089887640449,0.21248688352570827,0.09484193011647254,0.0
2013-12-06,0.1278089887640449,0.21248688352570827,0.09484193011647254,0.0
2013-12-09,0.1278089887640449,0.19230769230769232,0.07591623036649214,0.0
2013-12-10,0.1278089887640449,0.21248688352570827,0.07591623036649214,0.0
2013-12-11,0.18518518518518517,0.21248688352570827,0.09484193011647254,0.0
2013-12-12,0.23684210526315788,0.21248688352570827,0.09484193011647254,0.0
2013-12-13,0.23684210526315788,0.21248688352570827,0.09484193011647254,0.0
2013-12-16,0.18518518518518517,0.21248688352570827,0.09484193011647254,0.0
2013-12-17,0.18518518518518517,0.21248688352570827,0.09484193011647254,0.0
2013-12-18,0.1278089887640449,0.21248688352570827,0.09484193011647254,0.0
2013-12-19,0.1278089887640449,0.21248688352570827,0.09484193011647254,0.0
2013-12-20,0.1278089887640449,0.21248688352570827,0.09484193011647254,0.0
2013-12-23,0.1278089887640449,0.21248688352570827,0.09484193011647254,0.0
2013-12-24,0.1278089887640449,0.21248688352570827,0.09484193011647254,0.0
2013-12-26,0.1278089887640449,0.21248688352570827,0.09484193011647254,1.0
2013-12-27,0.1278089887640449,0.21248688352570827,0.09484193011647254,1.0
2013-12-30,0.1278089887640449,0.21248688352570827,0.09484193011647254,1.0
2013-12-31,0.1278089887640449,0.21248688352570827,0.09484193011647254,1.0
2014-01-02,0.1278089887640449,0.21248688352570827,0.19868637110016424,0.0
2014-01-03,0.1278089887640449,0.21248688352570827,0.13333333333333333,0.0
2014-01-06,0.1278089887640449,0.21248688352570827,0.09484193011647254,0.0
2014-01-07,0.1278089887640449,0.21248688352570827,0.19642857142857142,1.0
2014-01-08,0.1278089887640449,0.21248688352570827,0.1276595744680851,1.0
2014-01-09,0.1278089887640449,0.21248688352570827,0.19642857142857142,1.0
2014-01-10,0.1278089887640449,0.16666666666666666,0.09484193011647254,1.0
2014-01-13,0.1278089887640449,0.21248688352570827,0.09484193011647254,0.0
2014-01-14,0.1278089887640449,0.21248688352570827,0.1276595744680851,1.0
2014-01-15,0.1278089887640449,0.21248688352570827,0.19642857142857142,1.0
2014-01-16,0.1278089887640449,0.21248688352570827,0.13333333333333333,1.0
2014-01-17,0.1278089887640449,0.21248688352570827,0.09484193011647254,1.0
2014-01-21,0.1278089887640449,0.21248688352570827,0.09484193011647254,1.0
2014-01-22,0.1278089887640449,0.21248688352570827,0.09484193011647254,1.0
2014-01-23,0.1278089887640449,0.21248688352570827,0.07591623036649214,0.0
2014-01-24,0.25781250000000006,0.33695652173913043,0.09484193011647254,0.0
2014-01-27,0.25781250000000006,0.33695652173913043,0.09484193011647254,0.0
2014-01-28,0.25781250000000006,0.33695652173913043,0.09484193011647254,0.0
2014-01-29,0.25781250000000006,0.33695652173913043,0.09484193011647254,0.0
2014-01-30,0.25781250000000006,0.33695652173913043,0.09484193011647254,0.0
2014-01-31,0.25781250000000006,0.38461538461538464,0.09484193011647254,0.0
2014-02-03,0.25781250000000006,0.33695652173913043,0.09484193011647254,0.0
2014-02-04,0.25781250000000006,0.47058823529411764,0.09484193011647254,0.0
2014-02-05,0.25781250000000006,0.4751203852327447,0.09484193011647254,0.0
2014-02-06,0.25781250000000006,0.33695652173913043,0.09484193011647254,0.0
2014-02-07,0.25781250000000006,0.33695652173913043,0.09484193011647254,0.0
2014-02-10,0.25781250000000006,0.33695652173913043,0.09484193011647254,0.0
2014-02-11,0.25781250000000006,0.3,0.09484193011647254,0.0
2014-02-12,0.25781250000000006,0.33695652173913043,0.1276595744680851,0.0
2014-02-13,0.25781250000000006,0.21248688352570827,0.1276595744680851,0.0
2014-02-14,0.1592920353982301,0.21248688352570827,0.19868637110016424,0.0
2014-02-18,0.23684210526315788,0.21248688352570827,0.19868637110016424,0.0
2014-02-19,0.25781250000000006,0.3,0.19868637110016424,0.0
2014-02-20,0.23684210526315788,0.3,0.19868637110016424,0.0
2014-02-21,0.2564102564102564,0.3,0.19868637110016424,0.0
2014-02-24,0.18518518518518517,0.21248688352570827,0.19868637110016424,0.0
2014-02-25,0.2,0.21248688352570827,0.19642857142857142,0.0
2014-02-26,0.23684210526315788,0.21248688352570827,0.19642857142857142,0.0
2014-02-27,0.18518518518518517,0.21248688352570827,0.19642857142857142,0.0
2014-02-28,0.1278089887640449,0.21248688352570827,0.19642857142857142,0.0
2014-03-03,0.25781250000000006,0.21248688352570827,0.19868637110016424,0.0
2014-03-04,0.1278089887640449,0.21248688352570827,0.09484193011647254,0.0
2014-03-05,0.1278089887640449,0.21248688352570827,0.09484193011647254,0.0
2014-03-06,0.1278089887640449,0.21248688352570827,0.09484193011647254,0.0
2014-03-07,0.1278089887640449,0.21248688352570827,0.09484193011647254,0.0
2014-03-10,0.1278089887640449,0.21248688352570827,0.13333333333333333,0.0
2014-03-11,0.1278089887640449,0.21248688352570827,0.1276595744680851,0.0
2014-03-12,0.1278089887640449,0.21248688352570827,0.09484193011647254,0.0
2014-03-13,0.25781250000000006,0.21248688352570827,0.09484193011647254,0.0
2014-03-14,0.25781250000000006,0.21248688352570827,0.09484193011647254,0.0
2014-03-17,0.23684210526315788,0.21248688352570827,0.1276595744680851,0.0
2014-03-18,0.1592920353982301,0.21248688352570827,0.09484193011647254,0.0
2014-03-19,0.18518518518518517,0.21248688352570827,0.09484193011647254,0.0
2014-03-20,0.1278089887640449,0.21248688352570827,0.1276595744680851,0.0
2014-03-21,0.18518518518518517,0.21248688352570827,0.19642857142857142,0.0
2014-03-24,0.23684210526315788,0.25,0.09484193011647254,0.0
2014-03-25,0.18518518518518517,0.21248688352570827,0.09484193011647254,0.0
2014-03-26,0.25781250000000006,0.21248688352570827,0.09484193011647254,0.0
2014-03-27,0.25781250000000006,0.21248688352570827,0.09484193011647254,0.0
2014-03-28,0.25781250000000006,0.21248688352570827,0.09484193011647254,0.0
2014-03-31,0.18518518518518517,0.21248688352570827,0.09484193011647254,0.0
2014-04-01,0.1278089887640449,0.21248688352570827,0.19642857142857142,0.0
2014-04-02,0.1278089887640449,0.21248688352570827,0.19868637110016424,0.0
2014-04-03,0.1592920353982301,0.21248688352570827,0.19868637110016424,0.0
2014-04-04,0.25781250000000006,0.33695652173913043,0.09484193011647254,0.0
2014-04-07,0.25781250000000006,0.33695652173913043,0.09484193011647254,0.0
2014-04-08,0.25781250000000006,0.33695652173913043,0.09484193011647254,0.0
2014-04-09,0.25781250000000006,0.3,0.19868637110016424,0.0
2014-04-10,0.25781250000000006,0.33695652173913043,0.19868637110016424,0.0
2014-04-11,0.25781250000000006,0.33695652173913043,0.19868637110016424,0.0
2014-04-14,0.25781250000000006,0.33695652173913043,0.19868637110016424,0.0
2014-04-15,0.25781250000000006,0.33695652173913043,0.19868637110016424,0.0
2014-04-16,0.25781250000000006,0.33695652173913043,0.19868637110016424,0.0
2014-04-17,0.25781250000000006,0.33695652173913043,0.34012875536480686,0.0
2014-04-21,0.25781250000000006,0.33695652173913043,0.44508670520231214,0.0
2014-04-22,0.25781250000000006,0.33695652173913043,0.44508670520231214,0.0
2014-04-23,0.25781250000000006,0.31645569620253167,0.44508670520231214,0.0
2014-04-24,0.25781250000000006,0.33695652173913043,0.49999999999999994,0.0
2014-04-25,0.25781250000000006,0.33695652173913043,0.49999999999999994,0.0
2014-04-28,0.25781250000000006,0.33695652173913043,0.590909090909091,0.0
2014-04-29,0.25781250000000006,0.31645569620253167,0.590909090909091,0.0
2014-04-30,0.25781250000000006,0.21248688352570827,0.590909090909091,0.0
2014-05-01,0.25781250000000006,0.21248688352570827,0.590909090909091,0.0
2014-05-02,0.25781250000000006,0.21248688352570827,0.44508670520231214,0.0
2014-05-05,0.25781250000000006,0.21248688352570827,0.44508670520231214,0.0
2014-05-06,0.25781250000000006,0.21248688352570827,0.34012875536480686,0.0
2014-05-07,0.25781250000000006,0.21248688352570827,0.49999999999999994,0.0
2014-05-08,0.25781250000000006,0.3,0.44508670520231214,0.0
2014-05-09,0.25781250000000006,0.21248688352570827,0.34012875536480686,0.0
2014-05-12,0.23684210526315788,0.21248688352570827,0.34012875536480686,0.0
2014-05-13,0.2564102564102564,0.21248688352570827,0.2936170212765957,0.0
2014-05-14,0.25781250000000006,0.21248688352570827,0.23484848484848486,0.0
2014-05-15,0.25781250000000006,0.21248688352570827,0.19868637110016424,0.0
2014-05-16,0.25781250000000006,0.21248688352570827,0.19868637110016424,0.0
2014-05-19,0.25781250000000006,0.21248688352570827,0.19868637110016424,0.0
2014-05-20,0.25781250000000006,0.21248688352570827,0.19868637110016424,0.0
2014-05-21,0.25781250000000006,0.21248688352570827,0.19868637110016424,0.0
2014-05-22,0.25781250000000006,0.21248688352570827,0.23484848484848486,0.0
2014-05-23,0.25781250000000006,0.21248688352570827,0.19868637110016424,0.0
2014-05-27,0.25781250000000006,0.21248688352570827,0.19868637110016424,0.0
2014-05-28,0.25781250000000006,0.21248688352570827,0.19868637110016424,0.0
2014-05-29,0.25781250000000006,0.21248688352570827,0.19868637110016424,0.0
2014-05-30,0.25781250000000006,0.21248688352570827,0.19868637110016424,0.0
2014-06-02,0.25781250000000006,0.21248688352570827,0.19868637110016424,0.0
2014-06-03,0.25781250000000006,0.21248688352570827,0.2936170212765957,0.0
2014-06-04,0.25781250000000006,0.21248688352570827,0.23484848484848486,0.0
2014-06-05,0.23684210526315788,0.21248688352570827,0.19868637110016424,0.0
2014-06-06,0.18518518518518517,0.21248688352570827,0.19868637110016424,0.0
2014-06-09,0.1854038490895448,0.21248688352570827,0.19868637110016424,0.0
2014-06-10,0.18518518518518517,0.21248688352570827,0.19868637110016424,0.0
2014-06-11,0.25781250000000006,0.21248688352570827,0.19868637110016424,0.0
2014-06-12,0.25781250000000006,0.21248688352570827,0.19868637110016424,0.0
2014-06-13,0.25781250000000006,0.21248688352570827,0.19868637110016424,0.0
2014-06-16,0.25781250000000006,0.21248688352570827,0.19868637110016424,0.0
2014-06-17,0.25781250000000006,0.21248688352570827,0.19868637110016424,0.0
2014-06-18,0.18518518518518517,0.21248688352570827,0.19868637110016424,0.0
2014-06-19,0.18518518518518517,0.21248688352570827,0.2936170212765957,0.0
2014-06-20,0.18518518518518517,0.21248688352570827,0.2936170212765957,0.0
2014-06-23,0.18518518518518517,0.21248688352570827,0.23484848484848486,0.0
2014-06-24,0.25781250000000006,0.21248688352570827,0.19868637110016424,0.0
2014-06-25,0.25781250000000006,0.21248688352570827,0.19868637110016424,0.0
2014-06-26,0.25781250000000006,0.21248688352570827,0.19868637110016424,0.0
2014-06-27,0.25781250000000006,0.21248688352570827,0.19868637110016424,0.0
2014-06-30,0.25781250000000006,0.21248688352570827,0.19868637110016424,0.0
2014-07-01,0.1278089887640449,0.21248688352570827,0.09484193011647254,0.0
2014-07-02,0.1278089887640449,0.21248688352570827,0.1276595744680851,0.0
2014-07-03,0.1278089887640449,0.21248688352570827,0.19868637110016424,0.0
2014-07-07,0.1592920353982301,0.21248688352570827,0.19642857142857142,0.0
2014-07-08,0.25781250000000006,0.21248688352570827,0.09484193011647254,0.0
2014-07-09,0.18518518518518517,0.21248688352570827,0.09484193011647254,0.0
2014-07-10,0.25781250000000006,0.21248688352570827,0.19642857142857142,0.0
2014-07-11,0.25781250000000006,0.21248688352570827,0.09484193011647254,0.0
2014-07-14,0.25781250000000006,0.21248688352570827,0.13333333333333333,0.0
2014-07-15,0.25781250000000006,0.21248688352570827,0.19642857142857142,0.0
2014-07-16,0.23684210526315788,0.21248688352570827,0.13333333333333333,0.0
2014-07-17,0.25781250000000006,0.33695652173913043,0.09484193011647254,0.0
2014-07-18,0.25781250000000006,0.21248688352570827,0.19642857142857142,0.0
2014-07-21,0.25781250000000006,0.31645569620253167,0.09484193011647254,0.0
2014-07-22,0.25781250000000006,0.21248688352570827,0.09484193011647254,0.0
2014-07-23,0.25781250000000006,0.21248688352570827,0.09484193011647254,0.0
2014-07-24,0.25781250000000006,0.21248688352570827,0.19868637110016424,0.0
2014-07-25,0.25781250000000006,0.33695652173913043,0.1276595744680851,0.0
2014-07-28,0.25781250000000006,0.31645569620253167,0.13333333333333333,0.0
2014-07-29,0.25781250000000006,0.33695652173913043,0.09484193011647254,0.0
2014-07-30,0.25781250000000006,0.33695652173913043,0.12197030360778842,0.0
2014-07-31,0.2792452830188679,0.4751203852327447,0.19868637110016424,0.0
2014-08-01,0.3425925925925926,0.4751203852327447,0.09484193011647254,0.0
2014-08-04,0.3425925925925926,0.4751203852327447,0.09484193011647254,0.0
2014-08-05,0.3425925925925926,0.4751203852327447,0.09484193011647254,0.0
2014-08-06,0.3425925925925926,0.4751203852327447,0.09484193011647254,0.0
2014-08-07,0.3425925925925926,0.4751203852327447,0.09484193011647254,0.0
2014-08-08,0.3425925925925926,0.33695652173913043,0.09484193011647254,0.0
2014-08-11,0.3425925925925926,0.33695652173913043,0.09484193011647254,0.0
2014-08-12,0.3425925925925926,0.33695652173913043,0.09484193011647254,0.0
2014-08-13,0.2792452830188679,0.33695652173913043,0.09484193011647254,0.0
2014-08-14,0.25781250000000006,0.33695652173913043,0.09484193011647254,0.0
2014-08-15,0.25781250000000006,0.33695652173913043,0.09484193011647254,0.0
2014-08-18,0.25781250000000006,0.33695652173913043,0.19868637110016424,0.0
2014-08-19,0.25781250000000006,0.31645569620253167,0.19868637110016424,1.0
2014-08-20,0.25781250000000006,0.3,0.19868637110016424,1.0
2014-08-21,0.25781250000000006,0.23655913978494625,0.19868637110016424,1.0
2014-08-22,0.25781250000000006,0.21248688352570827,0.19642857142857142,1.0
2014-08-25,0.25781250000000006,0.21248688352570827,0.19868637110016424,1.0
2014-08-26,0.25781250000000006,0.21248688352570827,0.19868637110016424,1.0
2014-08-27,0.25781250000000006,0.21248688352570827,0.19868637110016424,1.0
2014-08-28,0.25781250000000006,0.21248688352570827,0.07591623036649214,1.0
2014-08-29,0.25781250000000006,0.21248688352570827,0.07591623036649214,1.0
2014-09-02,0.25781250000000006,0.21248688352570827,0.09484193011647254,1.0
2014-09-03,0.25781250000000006,0.21248688352570827,0.09484193011647254,1.0
2014-09-04,0.25781250000000006,0.21248688352570827,0.09484193011647254,1.0
2014-09-05,0.25781250000000006,0.21248688352570827,0.09484193011647254,1.0
2014-09-08,0.25781250000000006,0.21248688352570827,0.09484193011647254,1.0
2014-09-09,0.25781250000000006,0.3,0.09484193011647254,1.0
2014-09-10,0.25781250000000006,0.21248688352570827,0.09484193011647254,1.0
2014-09-11,0.25781250000000006,0.21248688352570827,0.19642857142857142,1.0
2014-09-12,0.25781250000000006,0.33695652173913043,0.13333333333333333,1.0
2014-09-15,0.25781250000000006,0.33695652173913043,0.19868637110016424,1.0
2014-09-16,0.25781250000000006,0.21248688352570827,0.19868637110016424,1.0
2014-09-17,0.25781250000000006,0.31645569620253167,0.19868637110016424,1.0
2014-09-18,0.25781250000000006,0.23655913978494625,0.19868637110016424,1.0
2014-09-19,0.25781250000000006,0.23655913978494625,0.19868637110016424,1.0
2014-09-22,0.25781250000000006,0.33695652173913043,0.19868637110016424,1.0
2014-09-23,0.2792452830188679,0.33695652173913043,0.09484193011647254,1.0
2014-09-24,0.25781250000000006,0.21248688352570827,0.19868637110016424,1.0
2014-09-25,0.3425925925925926,0.4751203852327447,0.09484193011647254,1.0
2014-09-26,0.3425925925925926,0.33695652173913043,0.19642857142857142,1.0
2014-09-29,0.3425925925925926,0.4751203852327447,0.09484193011647254,1.0
2014-09-30,0.3425925925925926,0.33695652173913043,0.19642857142857142,1.0
2014-10-01,0.5188284518828453,0.4751203852327447,0.34012875536480686,0.0
2014-10-02,0.5188284518828453,0.4751203852327447,0.34012875536480686,0.0
2014-10-03,0.4279475982532751,0.4751203852327447,0.34012875536480686,1.0
2014-10-06,0.5188284518828453,0.4751203852327447,0.34012875536480686,1.0
2014-10-07,0.5188284518828453,0.4751203852327447,0.34012875536480686,0.0
2014-10-08,0.5188284518828453,0.4751203852327447,0.44508670520231214,1.0
2014-10-09,0.5188284518828453,0.4751203852327447,0.590909090909091,0.0
2014-10-10,0.5188284518828453,0.4751203852327447,0.590909090909091,0.0
2014-10-13,0.5188284518828453,0.4751203852327447,0.590909090909091,0.0
2014-10-14,0.5188284518828453,0.4751203852327447,0.590909090909091,0.0
2014-10-15,0.5188284518828453,0.4751203852327447,0.590909090909091,0.0
2014-10-16,0.5188284518828453,0.4751203852327447,0.590909090909091,0.0
2014-10-17,0.5188284518828453,0.4751203852327447,0.590909090909091,0.0
2014-10-20,0.5188284518828453,0.4751203852327447,0.590909090909091,0.0
2014-10-21,0.5188284518828453,0.4751203852327447,0.590909090909091,0.0
2014-10-22,0.5188284518828453,0.4751203852327447,0.590909090909091,0.0
2014-10-23,0.5188284518828453,0.4751203852327447,0.590909090909091,0.0
2014-10-24,0.5188284518828453,0.33695652173913043,0.590909090909091,0.0
2014-10-27,0.5188284518828453,0.33695652173913043,0.590909090909091,0.0
2014-10-28,0.4279475982532751,0.33695652173913043,0.590909090909091,0.0
2014-10-29,0.4279475982532751,0.33695652173913043,0.590909090909091,0.0
2014-10-30,0.4279475982532751,0.31645569620253167,0.590909090909091,0.0
2014-10-31,0.3425925925925926,0.23655913978494625,0.590909090909091,0.0
2014-11-03,0.4279475982532751,0.31645569620253167,0.6216216216216216,0.0
2014-11-04,0.4279475982532751,0.33695652173913043,0.590909090909091,0.0
2014-11-05,0.3425925925925926,0.3,0.6216216216216216,0.0
2014-11-06,0.3425925925925926,0.3,0.590909090909091,0.0
2014-11-07,0.3425925925925926,0.3,0.590909090909091,0.0
2014-11-10,0.3425925925925926,0.31645569620253167,0.590909090909091,0.0
2014-11-11,0.3425925925925926,0.3,0.590909090909091,0.0
2014-11-12,0.3425925925925926,0.23655913978494625,0.590909090909091,0.0
2014-11-13,0.3425925925925926,0.33695652173913043,0.590909090909091,0.0
2014-11-14,0.3425925925925926,0.3,0.590909090909091,0.0
2014-11-17,0.3425925925925926,0.23655913978494625,0.590909090909091,0.0
2014-11-18,0.3425925925925926,0.33695652173913043,0.590909090909091,0.0
2014-11-19,0.3425925925925926,0.23655913978494625,0.590909090909091,0.0
2014-11-20,0.3425925925925926,0.33695652173913043,0.44508670520231214,0.0
2014-11-21,0.2792452830188679,0.31645569620253167,0.34012875536480686,0.0
2014-11-24,0.2792452830188679,0.31645569620253167,0.34012875536480686,0.0
2014-11-25,0.3425925925925926,0.21248688352570827,0.34012875536480686,0.0
2014-11-26,0.2792452830188679,0.28854502511191005,0.34012875536480686,0.0
2014-11-28,0.3425925925925926,0.21248688352570827,0.34012875536480686,0.0
2014-12-01,0.3425925925925926,0.23655913978494625,0.34012875536480686,0.0
2014-12-02,0.3425925925925926,0.21248688352570827,0.34012875536480686,0.0
2014-12-03,0.2792452830188679,0.21248688352570827,0.34012875536480686,0.0
2014-12-04,0.3425925925925926,0.21248688352570827,0.34012875536480686,0.0
2014-12-05,0.3425925925925926,0.21248688352570827,0.34012875536480686,0.0
2014-12-08,0.3425925925925926,0.33695652173913043,0.34012875536480686,0.0
2014-12-09,0.3425925925925926,0.33695652173913043,0.34012875536480686,0.0
2014-12-10,0.4279475982532751,0.4751203852327447,0.34012875536480686,0.0
2014-12-11,0.4279475982532751,0.4751203852327447,0.34012875536480686,0.0
2014-12-12,0.5188284518828453,0.4751203852327447,0.34012875536480686,0.0
2014-12-15,0.5188284518828453,0.4751203852327447,0.34012875536480686,0.0
2014-12-16,0.5188284518828453,0.4751203852327447,0.34012875536480686,0.0
2014-12-17,0.5188284518828453,0.4751203852327447,0.49999999999999994,0.0
2014-12-18,0.4279475982532751,0.33695652173913043,0.590909090909091,0.0
2014-12-19,0.4117647058823529,0.33695652173913043,0.590909090909091,0.0
2014-12-22,0.3425925925925926,0.33695652173913043,0.590909090909091,0.0
2014-12-23,0.3425925925925926,0.33695652173913043,0.590909090909091,0.0
2014-12-24,0.3425925925925926,0.33695652173913043,0.590909090909091,0.0
2014-12-26,0.3425925925925926,0.31645569620253167,0.590909090909091,0.0
2014-12-29,0.3425925925925926,0.21248688352570827,0.590909090909091,0.0
2014-12-30,0.3425925925925926,0.33695652173913043,0.590909090909091,0.0
2014-12-31,0.4279475982532751,0.4751203852327447,0.590909090909091,0.0
2015-01-02,0.4279475982532751,0.33695652173913043,0.590909090909091,0.0
2015-01-05,0.5188284518828453,0.4751203852327447,0.590909090909091,0.0
2015-01-06,0.5188284518828453,0.4751203852327447,0.590909090909091,0.0
2015-01-07,0.5188284518828453,0.38461538461538464,0.590909090909091,0.0
2015-01-08,0.4279475982532751,0.33695652173913043,0.590909090909091,0.0
2015-01-09,0.5188284518828453,0.33695652173913043,0.590909090909091,0.0
2015-01-12,0.5188284518828453,0.33695652173913043,0.590909090909091,0.0
2015-01-13,0.5188284518828453,0.33695652173913043,0.590909090909091,0.0
2015-01-14,0.5188284518828453,0.4751203852327447,0.590909090909091,0.0
2015-01-15,0.5188284518828453,0.4751203852327447,0.590909090909091,0.0
2015-01-16,0.5188284518828453,0.4751203852327447,0.590909090909091,0.0
2015-01-20,0.5188284518828453,0.33695652173913043,0.590909090909091,0.0
2015-01-21,0.5188284518828453,0.4751203852327447,0.590909090909091,0.0
2015-01-22,0.4279475982532751,0.33695652173913043,0.590909090909091,0.0
2015-01-23,0.4279475982532751,0.33695652173913043,0.590909090909091,0.0
2015-01-26,0.4279475982532751,0.33695652173913043,0.590909090909091,0.0
2015-01-27,0.5188284518828453,0.4751203852327447,0.590909090909091,0.0
2015-01-28,0.5188284518828453,0.4751203852327447,0.590909090909091,0.0
2015-01-29,0.5188284518828453,0.4751203852327447,0.590909090909091,0.0
2015-01-30,0.5188284518828453,0.4751203852327447,0.590909090909091,0.0
2015-02-02,0.5188284518828453,0.4751203852327447,0.590909090909091,0.0
2015-02-03,0.5188284518828453,0.4751203852327447,0.590909090909091,0.0
2015-02-04,0.5188284518828453,0.4751203852327447,0.590909090909091,0.0
2015-02-05,0.5188284518828453,0.38461538461538464,0.590909090909091,0.0
2015-02-06,0.5188284518828453,0.47058823529411764,0.590909090909091,0.0
2015-02-09,0.5188284518828453,0.4751203852327447,0.44508670520231214,0.0
2015-02-10,0.4279475982532751,0.33695652173913043,0.590909090909091,0.0
2015-02-11,0.4279475982532751,0.38461538461538464,0.590909090909091,0.0
2015-02-12,0.4117647058823529,0.33695652173913043,0.590909090909091,0.0
2015-02-13,0.3425925925925926,0.33695652173913043,0.44508670520231214,0.0
2015-02-17,0.3425925925925926,0.33695652173913043,0.590909090909091,0.0
2015-02-18,0.3425925925925926,0.33695652173913043,0.590909090909091,0.0
2015-02-19,0.3425925925925926,0.33695652173913043,0.590909090909091,0.0
2015-02-20,0.3425925925925926,0.33695652173913043,0.44508670520231214,0.0
2015-02-23,0.3425925925925926,0.33695652173913043,0.44508670520231214,0.0
2015-02-24,0.3425925925925926,0.33695652173913043,0.34012875536480686,0.0
2015-02-25,0.3425925925925926,0.33695652173913043,0.34012875536480686,0.0
2015-02-26,0.3425925925925926,0.33695652173913043,0.34012875536480686,0.0
2015-02-27,0.3425925925925926,0.33695652173913043,0.2936170212765957,0.0
2015-03-02,0.3425925925925926,0.33695652173913043,0.2936170212765957,0.0
2015-03-03,0.3425925925925926,0.33695652173913043,0.2936170212765957,0.0
2015-03-04,0.3425925925925926,0.33695652173913043,0.19868637110016424,0.0
2015-03-05,0.3425925925925926,0.33695652173913043,0.19868637110016424,0.0
2015-03-06,0.3425925925925926,0.4751203852327447,0.19868637110016424,0.0
2015-03-09,0.3425925925925926,0.47058823529411764,0.19868637110016424,0.0
2015-03-10,0.4279475982532751,0.4751203852327447,0.19868637110016424,0.0
2015-03-11,0.4279475982532751,0.4751203852327447,0.19642857142857142,0.0
2015-03-12,0.4279475982532751,0.33695652173913043,0.19868637110016424,0.0
2015-03-13,0.4279475982532751,0.33695652173913043,0.19868637110016424,0.0
2015-03-16,0.3425925925925926,0.33695652173913043,0.19868637110016424,0.0
2015-03-17,0.4117647058823529,0.33695652173913043,0.19868637110016424,0.0
2015-03-18,0.3425925925925926,0.33695652173913043,0.19868637110016424,0.0
2015-03-19,0.3425925925925926,0.33695652173913043,0.19868637110016424,0.0
2015-03-20,0.3425925925925926,0.33695652173913043,0.19868637110016424,0.0
2015-03-23,0.3425925925925926,0.33695652173913043,0.19868637110016424,0.0
2015-03-24,0.4117647058823529,0.33695652173913043,0.19868637110016424,0.0
2015-03-25,0.4279475982532751,0.4751203852327447,0.19868637110016424,0.0
2015-03-26,0.5188284518828453,0.4751203852327447,0.19868637110016424,0.0
2015-03-27,0.4279475982532751,0.4751203852327447,0.19868637110016424,0.0
2015-03-30,0.4279475982532751,0.33695652173913043,0.19868637110016424,0.0
2015-03-31,0.4279475982532751,0.4751203852327447,0.19868637110016424,0.0
2015-04-01,0.4279475982532751,0.38461538461538464,0.19868637110016424,0.0
2015-04-02,0.4279475982532751,0.33695652173913043,0.19868637110016424,0.0
2015-04-06,0.4279475982532751,0.33695652173913043,0.19868637110016424,0.0
2015-04-07,0.4279475982532751,0.4751203852327447,0.19868637110016424,0.0
2015-04-08,0.4279475982532751,0.33695652173913043,0.19868637110016424,0.0
2015-04-09,0.3425925925925926,0.33695652173913043,0.19868637110016424,0.0
2015-04-10,0.3425925925925926,0.33695652173913043,0.19868637110016424,0.0
2015-04-13,0.3425925925925926,0.31645569620253167,0.19868637110016424,0.0
2015-04-14,0.3425925925925926,0.3,0.19868637110016424,0.0
2015-04-15,0.3425925925925926,0.21248688352570827,0.19868637110016424,0.0
2015-04-16,0.3425925925925926,0.21248688352570827,0.19868637110016424,0.0
2015-04-17,0.4279475982532751,0.33695652173913043,0.19868637110016424,0.0
2015-04-20,0.3425925925925926,0.33695652173913043,0.19868637110016424,0.0
2015-04-21,0.3425925925925926,0.33695652173913043,0.19868637110016424,0.0
2015-04-22,0.3425925925925926,0.33695652173913043,0.19868637110016424,0.0
2015-04-23,0.3425925925925926,0.3,0.19868637110016424,0.0
2015-04-24,0.3425925925925926,0.21248688352570827,0.19868637110016424,0.0
2015-04-27,0.3425925925925926,0.3,0.19868637110016424,0.0
2015-04-28,0.2792452830188679,0.21248688352570827,0.19868637110016424,0.0
2015-04-29,0.3425925925925926,0.33695652173913043,0.19868637110016424,0.0
2015-04-30,0.3425925925925926,0.33695652173913043,0.19868637110016424,0.0
2015-05-01,0.2792452830188679,0.33695652173913043,0.2936170212765957,0.0
2015-05-04,0.2792452830188679,0.33695652173913043,0.34012875536480686,0.0
2015-05-05,0.3425925925925926,0.4751203852327447,0.34012875536480686,0.0
2015-05-06,0.3425925925925926,0.4751203852327447,0.34012875536480686,0.0
2015-05-07,0.3425925925925926,0.4751203852327447,0.34012875536480686,0.0
2015-05-08,0.2792452830188679,0.33695652173913043,0.34012875536480686,0.0
2015-05-11,0.3425925925925926,0.4751203852327447,0.44508670520231214,0.0
2015-05-12,0.3425925925925926,0.4751203852327447,0.34012875536480686,0.0
2015-05-13,0.3425925925925926,0.4751203852327447,0.34012875536480686,0.0
2015-05-14,0.2792452830188679,0.47058823529411764,0.44508670520231214,0.0
2015-05-15,0.2792452830188679,0.33695652173913043,0.34012875536480686,0.0
2015-05-18,0.2792452830188679,0.4751203852327447,0.34012875536480686,0.0
2015-05-19,0.25781250000000006,0.4751203852327447,0.39285714285714285,0.0
2015-05-20,0.2792452830188679,0.4751203852327447,0.34012875536480686,0.0
2015-05-21,0.2543859649122807,0.20678617157490398,0.2946708463949843,0.0
2015-05-22,0.2543859649122807,0.21264367816091953,0.2946708463949843,0.0
2015-05-26,0.33811475409836067,0.21264367816091953,0.23728813559322035,0.0
2015-05-27,0.3282442748091603,0.21264367816091953,0.27722772277227725,0.0
2015-05-28,0.3,0.21264367816091953,0.2595419847328244,0.0
2015-05-29,0.33811475409836067,0.21264367816091953,0.18571428571428572,0.0
2015-06-01,0.33811475409836067,0.21264367816091953,0.18571428571428572,0.0
2015-06-02,0.33811475409836067,0.21264367816091953,0.27722772277227725,0.0
2015-06-03,0.2543859649122807,0.21264367816091953,0.2946708463949843,0.0
2015-06-04,0.33811475409836067,0.21264367816091953,0.27722772277227725,0.0
2015-06-05,0.3282442748091603,0.21264367816091953,0.2946708463949843,0.0
2015-06-08,0.33811475409836067,0.21264367816091953,0.2595419847328244,0.0
2015-06-09,0.33811475409836067,0.21264367816091953,0.2595419847328244,0.0
2015-06-10,0.2543859649122807,0.21264367816091953,0.34429824561403516,0.0
2015-06-11,0.2484472049689441,0.21264367816091953,0.2946708463949843,0.0
2015-06-12,0.33811475409836067,0.21264367816091953,0.27722772277227725,0.0
2015-06-15,0.33811475409836067,0.3915343915343915,0.2946708463949843,0.0
2015-06-16,0.33811475409836067,0.3915343915343915,0.2946708463949843,0.0
2015-06-17,0.33811475409836067,0.21264367816091953,0.30327868852459017,0.0
2015-06-18,0.2543859649122807,0.21264367816091953,0.34429824561403516,0.0
2015-06-19,0.3282442748091603,0.21264367816091953,0.30327868852459017,0.0
2015-06-22,0.2484472049689441,0.20678617157490398,0.34429824561403516,0.0
2015-06-23,0.2484472049689441,0.21264367816091953,0.34429824561403516,0.0
2015-06-24,0.2543859649122807,0.21264367816091953,0.2946708463949843,0.0
2015-06-25,0.2716049382716049,0.21264367816091953,0.2946708463949843,1.0
2015-06-26,0.2543859649122807,0.21264367816091953,0.46405228758169936,1.0
2015-06-29,0.4,0.3915343915343915,0.46405228758169936,1.0
2015-06-30,0.33811475409836067,0.3915343915343915,0.47641509433962265,1.0
2015-07-01,0.33811475409836067,0.3915343915343915,0.48546511627906974,1.0
2015-07-02,0.33811475409836067,0.3915343915343915,0.48546511627906974,1.0
2015-07-06,0.4308755760368664,0.3915343915343915,0.46405228758169936,1.0
2015-07-07,0.33811475409836067,0.3915343915343915,0.34429824561403516,1.0
2015-07-08,0.4308755760368664,0.3915343915343915,0.34429824561403516,1.0
2015-07-09,0.4308755760368664,0.3915343915343915,0.46405228758169936,1.0
2015-07-10,0.33811475409836067,0.3915343915343915,0.48546511627906974,1.0
2015-07-13,0.3,0.3915343915343915,0.47641509433962265,1.0
2015-07-14,0.2543859649122807,0.3915343915343915,0.48546511627906974,1.0
2015-07-15,0.2543859649122807,0.3915343915343915,0.47641509433962265,1.0
2015-07-16,0.2484472049689441,0.3181818181818182,0.47641509433962265,1.0
2015-07-17,0.2484472049689441,0.3915343915343915,0.48546511627906974,1.0
2015-07-20,0.2484472049689441,0.21264367816091953,0.48546511627906974,1.0
2015-07-21,0.2484472049689441,0.21264367816091953,0.48546511627906974,1.0
2015-07-22,0.2484472049689441,0.3915343915343915,0.48546511627906974,1.0
2015-07-23,0.2484472049689441,0.21264367816091953,0.46405228758169936,1.0
2015-07-24,0.2716049382716049,0.3915343915343915,0.34429824561403516,1.0
2015-07-27,0.33811475409836067,0.3915343915343915,0.34429824561403516,1.0
2015-07-28,0.2543859649122807,0.21264367816091953,0.3076923076923077,1.0
2015-07-29,0.2484472049689441,0.21264367816091953,0.34429824561403516,1.0
2015-07-30,0.2484472049689441,0.20678617157490398,0.34429824561403516,1.0
2015-07-31,0.2484472049689441,0.21264367816091953,0.27722772277227725,1.0
2015-08-03,0.2543859649122807,0.20678617157490398,0.18571428571428572,1.0
2015-08-04,0.2543859649122807,0.21264367816091953,0.23728813559322035,1.0
2015-08-05,0.2484472049689441,0.20678617157490398,0.2595419847328244,1.0
2015-08-06,0.2543859649122807,0.3915343915343915,0.2595419847328244,1.0
2015-08-07,0.2917363776236411,0.21264367816091953,0.17647058823529413,1.0
2015-08-10,0.2484472049689441,0.20678617157490398,0.23728813559322035,1.0
2015-08-11,0.2716049382716049,0.21264367816091953,0.18571428571428572,1.0
2015-08-12,0.3282442748091603,0.21264367816091953,0.18571428571428572,1.0
2015-08-13,0.2716049382716049,0.21264367816091953,0.18571428571428572,1.0
2015-08-14,0.2716049382716049,0.21264367816091953,0.23728813559322035,1.0
2015-08-17,0.2543859649122807,0.20678617157490398,0.23728813559322035,1.0
2015-08-18,0.2543859649122807,0.21264367816091953,0.27722772277227725,1.0
2015-08-19,0.33811475409836067,0.21264367816091953,0.23728813559322035,1.0
2015-08-20,0.4308755760368664,0.3915343915343915,0.34429824561403516,1.0
2015-08-21,0.5020746887966806,0.3915343915343915,0.46405228758169936,1.0
2015-08-24,0.4308755760368664,0.4999999999999999,0.46405228758169936,0.0
2015-08-25,0.4308755760368664,0.4999999999999999,0.47641509433962265,0.0
2015-08-26,0.4308755760368664,0.4081619757707443,0.47641509433962265,0.0
2015-08-27,0.4308755760368664,0.42857142857142855,0.46405228758169936,1.0
2015-08-28,0.4308755760368664,0.4999999999999999,0.47641509433962265,1.0
2015-08-31,0.4308755760368664,0.4999999999999999,0.47641509433962265,0.0
2015-09-01,0.5020746887966806,0.4999999999999999,0.47641509433962265,0.0
2015-09-02,0.4308755760368664,0.4999999999999999,0.47641509433962265,0.0
2015-09-03,0.4308755760368664,0.4999999999999999,0.47641509433962265,0.0
2015-09-04,0.4308755760368664,0.4999999999999999,0.46405228758169936,0.0
2015-09-08,0.4308755760368664,0.4999999999999999,0.47641509433962265,0.0
2015-09-09,0.4308755760368664,0.4999999999999999,0.47641509433962265,0.0
2015-09-10,0.4308755760368664,0.4999999999999999,0.47641509433962265,0.0
2015-09-11,0.4308755760368664,0.3915343915343915,0.46405228758169936,0.0
2015-09-14,0.4308755760368664,0.4999999999999999,0.46405228758169936,0.0
2015-09-15,0.33811475409836067,0.4999999999999999,0.47641509433962265,0.0
2015-09-16,0.33811475409836067,0.4999999999999999,0.48546511627906974,1.0
2015-09-17,0.4,0.4999999999999999,0.48546511627906974,1.0
2015-09-18,0.4308755760368664,0.3915343915343915,0.47641509433962265,0.0
2015-09-21,0.33811475409836067,0.4999999999999999,0.47641509433962265,0.0
2015-09-22,0.4308755760368664,0.4999999999999999,0.47641509433962265,0.0
2015-09-23,0.4308755760368664,0.4999999999999999,0.47641509433962265,0.0
2015-09-24,0.4308755760368664,0.4999999999999999,0.47641509433962265,0.0
2015-09-25,0.4308755760368664,0.4999999999999999,0.47641509433962265,0.0
2015-09-28,0.4308755760368664,0.4999999999999999,0.47641509433962265,0.0
2015-09-29,0.5020746887966806,0.4999999999999999,0.46405228758169936,0.0
2015-09-30,0.5020746887966806,0.3915343915343915,0.34429824561403516,0.0
2015-10-01,0.4308755760368664,0.42857142857142855,0.23728813559322035,0.0
2015-10-02,0.5020746887966806,0.3915343915343915,0.18571428571428572,0.0
2015-10-05,0.4308755760368664,0.4999999999999999,0.2595419847328244,0.0
2015-10-06,0.4308755760368664,0.4999999999999999,0.23728813559322035,0.0
2015-10-07,0.3793103448275862,0.4999999999999999,0.23728813559322035,0.0
2015-10-08,0.33811475409836067,0.4999999999999999,0.27722772277227725,0.0
2015-10-09,0.33811475409836067,0.4999999999999999,0.2946708463949843,0.0
2015-10-12,0.33811475409836067,0.4999999999999999,0.2946708463949843,0.0
2015-10-13,0.33811475409836067,0.4999999999999999,0.27722772277227725,0.0
2015-10-14,0.4,0.4999999999999999,0.2595419847328244,0.0
2015-10-15,0.33811475409836067,0.4999999999999999,0.27722772277227725,0.0
2015-10-16,0.33811475409836067,0.3915343915343915,0.23728813559322035,0.0
2015-10-19,0.33811475409836067,0.3915343915343915,0.18571428571428572,0.0
2015-10-20,0.33811475409836067,0.3915343915343915,0.2595419847328244,0.0
2015-10-21,0.33811475409836067,0.42857142857142855,0.23728813559322035,0.0
2015-10-22,0.33811475409836067,0.21264367816091953,0.23728813559322035,0.0
2015-10-23,0.3282442748091603,0.3915343915343915,0.30327868852459017,0.0
2015-10-26,0.3282442748091603,0.3915343915343915,0.23728813559322035,0.0
2015-10-27,0.33811475409836067,0.3915343915343915,0.18571428571428572,0.0
2015-10-28,0.2543859649122807,0.3915343915343915,0.23728813559322035,0.0
2015-10-29,0.2484472049689441,0.3915343915343915,0.2595419847328244,0.0
2015-10-30,0.2543859649122807,0.21264367816091953,0.18571428571428572,0.0
2015-11-02,0.2484472049689441,0.3915343915343915,0.2595419847328244,0.0
2015-11-03,0.2484472049689441,0.3915343915343915,0.2946708463949843,0.0
2015-11-04,0.2484472049689441,0.3915343915343915,0.34429824561403516,0.0
2015-11-05,0.2484472049689441,0.3915343915343915,0.30327868852459017,0.0
2015-11-06,0.2484472049689441,0.3915343915343915,0.34429824561403516,1.0
2015-11-09,0.2484472049689441,0.3915343915343915,0.34429824561403516,1.0
2015-11-10,0.2484472049689441,0.3915343915343915,0.30327868852459017,1.0
2015-11-11,0.2484472049689441,0.3915343915343915,0.34429824561403516,1.0
2015-11-12,0.2716049382716049,0.3915343915343915,0.30327868852459017,1.0
2015-11-13,0.33811475409836067,0.42857142857142855,0.27722772277227725,1.0
2015-11-16,0.2716049382716049,0.3915343915343915,0.27722772277227725,1.0
2015-11-17,0.2716049382716049,0.3915343915343915,0.2946708463949843,1.0
2015-11-18,0.2484472049689441,0.3915343915343915,0.34429824561403516,1.0
2015-11-19,0.2484472049689441,0.3915343915343915,0.3076923076923077,1.0
2015-11-20,0.2484472049689441,0.21264367816091953,0.34429824561403516,1.0
2015-11-23,0.2484472049689441,0.3915343915343915,0.34429824561403516,1.0
2015-11-24,0.2484472049689441,0.3915343915343915,0.34429824561403516,1.0
2015-11-25,0.2484472049689441,0.3915343915343915,0.27722772277227725,1.0
2015-11-27,0.2484472049689441,0.3915343915343915,0.30327868852459017,1.0
2015-11-30,0.2543859649122807,0.21264367816091953,0.27722772277227725,1.0
2015-12-01,0.2543859649122807,0.21264367816091953,0.2595419847328244,1.0
2015-12-02,0.3282442748091603,0.21264367816091953,0.27722772277227725,1.0
2015-12-03,0.33811475409836067,0.3915343915343915,0.46405228758169936,1.0
2015-12-04,0.2543859649122807,0.3915343915343915,0.34429824561403516,1.0
2015-12-07,0.3282442748091603,0.3611111111111111,0.2946708463949843,1.0
2015-12-08,0.33811475409836067,0.3181818181818182,0.34429824561403516,1.0
2015-12-09,0.33811475409836067,0.3915343915343915,0.34429824561403516,1.0
2015-12-10,0.33811475409836067,0.3915343915343915,0.34429824561403516,1.0
2015-12-11,0.4308755760368664,0.3915343915343915,0.27722772277227725,1.0
2015-12-14,0.4308755760368664,0.3915343915343915,0.30327868852459017,1.0
2015-12-15,0.33811475409836067,0.3915343915343915,0.34429824561403516,1.0
2015-12-16,0.33811475409836067,0.3915343915343915,0.46405228758169936,1.0
2015-12-17,0.3793103448275862,0.3915343915343915,0.34429824561403516,1.0
2015-12-18,0.4308755760368664,0.3915343915343915,0.34429824561403516,1.0
2015-12-21,0.4308755760368664,0.3915343915343915,0.30327868852459017,1.0
2015-12-22,0.33811475409836067,0.3915343915343915,0.34429824561403516,1.0
2015-12-23,0.33811475409836067,0.3915343915343915,0.46405228758169936,1.0
2015-12-24,0.33811475409836067,0.3915343915343915,0.46405228758169936,1.0
2015-12-28,0.33811475409836067,0.3915343915343915,0.46405228758169936,1.0
2015-12-29,0.3282442748091603,0.3915343915343915,0.48546511627906974,1.0
2015-12-30,0.33811475409836067,0.42857142857142855,0.48546511627906974,1.0
2015-12-31,0.4,0.3915343915343915,0.48546511627906974,1.0
2016-01-04,0.4308755760368664,0.4999999999999999,0.46405228758169936,1.0
2016-01-05,0.4308755760368664,0.4999999999999999,0.46405228758169936,1.0
2016-01-06,0.4308755760368664,0.4999999999999999,0.34429824561403516,1.0
2016-01-07,0.5020746887966806,0.4999999999999999,0.46405228758169936,1.0
2016-01-08,0.5020746887966806,0.4999999999999999,0.34429824561403516,0.0
2016-01-11,0.5020746887966806,0.4999999999999999,0.34429824561403516,0.0
2016-01-12,0.5020746887966806,0.4999999999999999,0.2946708463949843,1.0
2016-01-13,0.5020746887966806,0.4999999999999999,0.34429824561403516,0.0
2016-01-14,0.5020746887966806,0.4999999999999999,0.30327868852459017,0.0
2016-01-15,0.5020746887966806,0.4999999999999999,0.34429824561403516,0.0
2016-01-19,0.5020746887966806,0.4999999999999999,0.34429824561403516,0.0
2016-01-20,0.5020746887966806,0.4999999999999999,0.34429824561403516,0.0
2016-01-21,0.5020746887966806,0.4999999999999999,0.34429824561403516,0.0
2016-01-22,0.5020746887966806,0.4999999999999999,0.2946708463949843,0.0
2016-01-25,0.5020746887966806,0.4999999999999999,0.34429824561403516,0.0
2016-01-26,0.5020746887966806,0.4999999999999999,0.2946708463949843,0.0
2016-01-27,0.5020746887966806,0.4999999999999999,0.30327868852459017,0.0
2016-01-28,0.5020746887966806,0.4999999999999999,0.2946708463949843,0.0
2016-01-29,0.5020746887966806,0.3915343915343915,0.2595419847328244,1.0
2016-02-01,0.5020746887966806,0.42857142857142855,0.27722772277227725,1.0
2016-02-02,0.5020746887966806,0.3915343915343915,0.2946708463949843,0.0
2016-02-03,0.5020746887966806,0.3915343915343915,0.2946708463949843,0.0
2016-02-04,0.5020746887966806,0.3915343915343915,0.27722772277227725,0.0
2016-02-05,0.5020746887966806,0.3915343915343915,0.27722772277227725,0.0
2016-02-08,0.5020746887966806,0.3915343915343915,0.2946708463949843,0.0
2016-02-09,0.5020746887966806,0.3915343915343915,0.27722772277227725,0.0
2016-02-10,0.5020746887966806,0.3915343915343915,0.27722772277227725,0.0
2016-02-11,0.5020746887966806,0.3915343915343915,0.2946708463949843,0.0
2016-02-12,0.5020746887966806,0.3915343915343915,0.2595419847328244,0.0
2016-02-16,0.5020746887966806,0.3915343915343915,0.2595419847328244,0.0
2016-02-17,0.5020746887966806,0.3915343915343915,0.23728813559322035,0.0
2016-02-18,0.5020746887966806,0.3915343915343915,0.23728813559322035,0.0
2016-02-19,0.5020746887966806,0.3915343915343915,0.23728813559322035,0.0
2016-02-22,0.5020746887966806,0.3915343915343915,0.23728813559322035,0.0
2016-02-23,0.5020746887966806,0.3915343915343915,0.2595419847328244,0.0
2016-02-24,0.5020746887966806,0.3915343915343915,0.23728813559322035,0.0
2016-02-25,0.5020746887966806,0.3915343915343915,0.23728813559322035,0.0
2016-02-26,0.5020746887966806,0.3915343915343915,0.2595419847328244,0.0
2016-02-29,0.5020746887966806,0.3915343915343915,0.23728813559322035,0.0
2016-03-01,0.4308755760368664,0.3915343915343915,0.34429824561403516,0.0
2016-03-02,0.4308755760368664,0.42857142857142855,0.3076923076923077,0.0
2016-03-03,0.4308755760368664,0.42857142857142855,0.3076923076923077,0.0
2016-03-04,0.4308755760368664,0.3915343915343915,0.34429824561403516,0.0
2016-03-07,0.4308755760368664,0.3915343915343915,0.34429824561403516,0.0
2016-03-08,0.4308755760368664,0.3915343915343915,0.34429824561403516,0.0
2016-03-09,0.4308755760368664,0.3915343915343915,0.34429824561403516,0.0
2016-03-10,0.4308755760368664,0.3915343915343915,0.34429824561403516,0.0
2016-03-11,0.33811475409836067,0.3915343915343915,0.34429824561403516,0.0
2016-03-14,0.33811475409836067,0.42857142857142855,0.34429824561403516,0.0
2016-03-15,0.33811475409836067,0.3915343915343915,0.33592346081338315,0.0
2016-03-16,0.33811475409836067,0.3915343915343915,0.2946708463949843,0.0
2016-03-17,0.33811475409836067,0.3611111111111111,0.2946708463949843,0.0
2016-03-18,0.33811475409836067,0.21264367816091953,0.30327868852459017,0.0
2016-03-21,0.33811475409836067,0.3915343915343915,0.34429824561403516,0.0
2016-03-22,0.33811475409836067,0.3915343915343915,0.30327868852459017,0.0
2016-03-23,0.33811475409836067,0.3915343915343915,0.2946708463949843,0.0
2016-03-24,0.33811475409836067,0.21264367816091953,0.2595419847328244,0.0
2016-03-28,0.33811475409836067,0.3611111111111111,0.23728813559322035,0.0
2016-03-29,0.3282442748091603,0.3915343915343915,0.27722772277227725,0.0
2016-03-30,0.2716049382716049,0.21264367816091953,0.27722772277227725,0.0
2016-03-31,0.33811475409836067,0.20678617157490398,0.23728813559322035,0.0
2016-04-01,0.2543859649122807,0.21264367816091953,0.14883720930232558,0.0
2016-04-04,0.2543859649122807,0.21264367816091953,0.15873015873015872,0.0
2016-04-05,0.33811475409836067,0.20678617157490398,0.14883720930232558,0.0
2016-04-06,0.2716049382716049,0.20678617157490398,0.11049723756906077,0.0
2016-04-07,0.33811475409836067,0.21264367816091953,0.14883720930232558,0.0
2016-04-08,0.33811475409836067,0.20678617157490398,0.14883720930232558,0.0
2016-04-11,0.33811475409836067,0.20678617157490398,0.14883720930232558,0.0
2016-04-12,0.2716049382716049,0.21264367816091953,0.14883720930232558,0.0
2016-04-13,0.2543859649122807,0.21264367816091953,0.14883720930232558,0.0
2016-04-14,0.2543859649122807,0.20678617157490398,0.14883720930232558,0.0
2016-04-15,0.2543859649122807,0.20678617157490398,0.17647058823529413,0.0
2016-04-18,0.2484472049689441,0.20678617157490398,0.17647058823529413,0.0
2016-04-19,0.2922077922077922,0.2175632911392405,0.2692307692307692,0.0
2016-04-20,0.2922077922077922,0.2175632911392405,0.2865853658536585,0.0
2016-04-21,0.2922077922077922,0.2175632911392405,0.2865853658536585,0.0
2016-04-22,0.2922077922077922,0.2175632911392405,0.3137254901960784,0.0
2016-04-25,0.2922077922077922,0.2175632911392405,0.3401826484018265,0.0
2016-04-26,0.2664930555555556,0.2175632911392405,0.3401826484018265,0.0
2016-04-27,0.2922077922077922,0.2175632911392405,0.3401826484018265,0.0
2016-04-28,0.3089430894308943,0.2175632911392405,0.3401826484018265,0.0
2016-04-29,0.3333333333333333,0.2175632911392405,0.3401826484018265,0.0
2016-05-02,0.2922077922077922,0.2175632911392405,0.3401826484018265,0.0
2016-05-03,0.3137254901960784,0.2175632911392405,0.3401826484018265,0.0
2016-05-04,0.3333333333333333,0.2175632911392405,0.2865853658536585,0.0
2016-05-05,0.3333333333333333,0.2175632911392405,0.2692307692307692,0.0
2016-05-06,0.3333333333333333,0.2175632911392405,0.2692307692307692,0.0
2016-05-09,0.3137254901960784,0.2175632911392405,0.13471502590673576,0.0
2016-05-10,0.3089430894308943,0.2175632911392405,0.2692307692307692,0.0
2016-05-11,0.33875739644970415,0.2175632911392405,0.21551724137931033,0.0
2016-05-12,0.33875739644970415,0.2175632911392405,0.21551724137931033,0.0
2016-05-13,0.33875739644970415,0.2175632911392405,0.21551724137931033,0.0
2016-05-16,0.3333333333333333,0.2175632911392405,0.2692307692307692,0.0
2016-05-17,0.33875739644970415,0.2175632911392405,0.2692307692307692,0.0
2016-05-18,0.33875739644970415,0.2175632911392405,0.2692307692307692,0.0
2016-05-19,0.33875739644970415,0.2175632911392405,0.2692307692307692,0.0
2016-05-20,0.3137254901960784,0.2175632911392405,0.2692307692307692,0.0
2016-05-23,0.3333333333333333,0.2175632911392405,0.2692307692307692,0.0
2016-05-24,0.2922077922077922,0.2175632911392405,0.2692307692307692,0.0
2016-05-25,0.2831251485905463,0.2175632911392405,0.2692307692307692,0.0
2016-05-26,0.2664930555555556,0.2175632911392405,0.2692307692307692,0.0
2016-05-27,0.2664930555555556,0.2175632911392405,0.2692307692307692,0.0
2016-05-31,0.2664930555555556,0.2175632911392405,0.2692307692307692,0.0
2016-06-01,0.2922077922077922,0.2175632911392405,0.12802148612354522,0.0
2016-06-02,0.2664930555555556,0.2175632911392405,0.12802148612354522,0.0
2016-06-03,0.3089430894308943,0.192,0.12802148612354522,0.0
2016-06-06,0.3089430894308943,0.2175632911392405,0.12802148612354522,1.0
2016-06-07,0.3089430894308943,0.2175632911392405,0.12802148612354522,1.0
2016-06-08,0.3089430894308943,0.2175632911392405,0.13471502590673576,1.0
2016-06-09,0.3137254901960784,0.2175632911392405,0.13471502590673576,1.0
2016-06-10,0.33875739644970415,0.29366602687140114,0.2692307692307692,0.0
2016-06-13,0.33875739644970415,0.31189710610932475,0.2865853658536585,0.0
2016-06-14,0.33875739644970415,0.31189710610932475,0.2692307692307692,0.0
2016-06-15,0.33875739644970415,0.31313131313131315,0.2692307692307692,0.0
2016-06-16,0.33875739644970415,0.31189710610932475,0.2865853658536585,0.0
2016-06-17,0.33875739644970415,0.29366602687140114,0.13471502590673576,0.0
2016-06-20,0.33875739644970415,0.29366602687140114,0.13471502590673576,0.0
2016-06-21,0.33875739644970415,0.2727272727272727,0.13471502590673576,0.0
2016-06-22,0.33875739644970415,0.29366602687140114,0.13471502590673576,0.0
2016-06-23,0.33875739644970415,0.29366602687140114,0.13471502590673576,1.0
2016-06-24,0.4208566108007449,0.3141025641025641,0.2692307692307692,0.0
2016-06-27,0.4208566108007449,0.4,0.12962962962962962,0.0
2016-06-28,0.4208566108007449,0.43023255813953487,0.21551724137931033,0.0
2016-06-29,0.33875739644970415,0.29366602687140114,0.2692307692307692,0.0
2016-06-30,0.33875739644970415,0.31189710610932475,0.2692307692307692,0.0
2016-07-01,0.33875739644970415,0.2175632911392405,0.2692307692307692,0.0
2016-07-05,0.33875739644970415,0.2175632911392405,0.2692307692307692,0.0
2016-07-06,0.33875739644970415,0.2175632911392405,0.2692307692307692,0.0
2016-07-07,0.33875739644970415,0.2175632911392405,0.2692307692307692,0.0
2016-07-08,0.3333333333333333,0.2175632911392405,0.3401826484018265,0.0
2016-07-11,0.33875739644970415,0.2175632911392405,0.3401826484018265,0.0
2016-07-12,0.33875739644970415,0.2175632911392405,0.3401826484018265,0.0
2016-07-13,0.3333333333333333,0.2175632911392405,0.3401826484018265,0.0
2016-07-14,0.3089430894308943,0.2175632911392405,0.3401826484018265,0.0
2016-07-15,0.2922077922077922,0.29366602687140114,0.4444444444444444,0.0
2016-07-18,0.2922077922077922,0.2175632911392405,0.42038216560509545,0.0
2016-07-19,0.2922077922077922,0.29366602687140114,0.5,0.0
2016-07-20,0.2664930555555556,0.29366602687140114,0.42038216560509545,0.0
2016-07-21,0.2922077922077922,0.29366602687140114,0.52,0.0
2016-07-22,0.2922077922077922,0.29366602687140114,0.41025641025641024,0.0
2016-07-25,0.2664930555555556,0.2727272727272727,0.38571428571428573,0.0
2016-07-26,0.2664930555555556,0.2175632911392405,0.3401826484018265,0.0
2016-07-27,0.2664930555555556,0.2175632911392405,0.3137254901960784,0.0
2016-07-28,0.2664930555555556,0.2175632911392405,0.3401826484018265,0.0
2016-07-29,0.2664930555555556,0.2175632911392405,0.2692307692307692,0.0
2016-08-01,0.2664930555555556,0.15311909262759926,0.12802148612354522,0.0
2016-08-02,0.2664930555555556,0.15311909262759926,0.12802148612354522,0.0
2016-08-03,0.2664930555555556,0.15311909262759926,0.12802148612354522,0.0
2016-08-04,0.2664930555555556,0.15311909262759926,0.12802148612354522,0.0
2016-08-05,0.2664930555555556,0.2175632911392405,0.12802148612354522,0.0
2016-08-08,0.2664930555555556,0.2175632911392405,0.12802148612354522,0.0
2016-08-09,0.2664930555555556,0.2175632911392405,0.12802148612354522,0.0
2016-08-10,0.2664930555555556,0.2175632911392405,0.12802148612354522,0.0
2016-08-11,0.2664930555555556,0.2175632911392405,0.12802148612354522,0.0
2016-08-12,0.2664930555555556,0.2175632911392405,0.12802148612354522,0.0
2016-08-15,0.2664930555555556,0.2175632911392405,0.12802148612354522,0.0
2016-08-16,0.2664930555555556,0.15311909262759926,0.12802148612354522,0.0
2016-08-17,0.2664930555555556,0.2175632911392405,0.12802148612354522,0.0
2016-08-18,0.2664930555555556,0.192,0.12802148612354522,0.0
2016-08-19,0.2664930555555556,0.2175632911392405,0.12802148612354522,0.0
2016-08-22,0.2664930555555556,0.2175632911392405,0.12802148612354522,0.0
2016-08-23,0.2664930555555556,0.192,0.12802148612354522,0.0
2016-08-24,0.2664930555555556,0.15311909262759926,0.12802148612354522,0.0
2016-08-25,0.2664930555555556,0.192,0.12802148612354522,0.0
2016-08-26,0.2664930555555556,0.2175632911392405,0.12802148612354522,0.0
2016-08-29,0.2664930555555556,0.192,0.12802148612354522,0.0
2016-08-30,0.2664930555555556,0.2175632911392405,0.12802148612354522,0.0
2016-08-31,0.2664930555555556,0.192,0.12802148612354522,0.0
2016-09-01,0.2664930555555556,0.15311909262759926,0.12802148612354522,0.0
2016-09-02,0.2664930555555556,0.192,0.12962962962962962,0.0
2016-09-06,0.2664930555555556,0.192,0.13471502590673576,0.0
2016-09-07,0.2664930555555556,0.15311909262759926,0.12802148612354522,0.0
2016-09-08,0.2664930555555556,0.192,0.13471502590673576,0.0
2016-09-09,0.33875739644970415,0.2175632911392405,0.3137254901960784,0.0
2016-09-12,0.2922077922077922,0.2175632911392405,0.3333333333333333,0.0
2016-09-13,0.33875739644970415,0.2175632911392405,0.38571428571428573,0.0
2016-09-14,0.33875739644970415,0.2175632911392405,0.38571428571428573,0.0
2016-09-15,0.2922077922077922,0.2175632911392405,0.41025641025641024,0.0
2016-09-16,0.3089430894308943,0.2727272727272727,0.3401826484018265,0.0
2016-09-19,0.3333333333333333,0.2175632911392405,0.3401826484018265,0.0
2016-09-20,0.3333333333333333,0.2175632911392405,0.3401826484018265,0.0
2016-09-21,0.2922077922077922,0.15311909262759926,0.3401826484018265,0.0
2016-09-22,0.2664930555555556,0.2175632911392405,0.3401826484018265,0.0
2016-09-23,0.2664930555555556,0.2175632911392405,0.41025641025641024,0.0
2016-09-26,0.3333333333333333,0.2175632911392405,0.3401826484018265,0.0
2016-09-27,0.2922077922077922,0.2175632911392405,0.2865853658536585,0.0
2016-09-28,0.2664930555555556,0.2175632911392405,0.2692307692307692,0.0
2016-09-29,0.3137254901960784,0.2175632911392405,0.2692307692307692,0.0
2016-09-30,0.2922077922077922,0.2175632911392405,0.2692307692307692,0.0
2016-10-03,0.3089430894308943,0.2175632911392405,0.2692307692307692,0.0
2016-10-04,0.3089430894308943,0.2175632911392405,0.13471502590673576,0.0
2016-10-05,0.2922077922077922,0.2175632911392405,0.2692307692307692,0.0
2016-10-06,0.2922077922077922,0.2175632911392405,0.2692307692307692,0.0
2016-10-07,0.2664930555555556,0.2175632911392405,0.2692307692307692,0.0
2016-10-10,0.2664930555555556,0.2175632911392405,0.2692307692307692,0.0
2016-10-11,0.3333333333333333,0.2175632911392405,0.2692307692307692,0.0
2016-10-12,0.33875739644970415,0.29366602687140114,0.2865853658536585,0.0
2016-10-13,0.33875739644970415,0.29366602687140114,0.3137254901960784,0.0
2016-10-14,0.33875739644970415,0.29366602687140114,0.2692307692307692,0.0
2016-10-17,0.33875739644970415,0.29366602687140114,0.2692307692307692,0.0
2016-10-18,0.33875739644970415,0.2727272727272727,0.21551724137931033,0.0
2016-10-19,0.3089430894308943,0.2175632911392405,0.12962962962962962,0.0
2016-10-20,0.2922077922077922,0.2727272727272727,0.12802148612354522,0.0
2016-10-21,0.2922077922077922,0.2175632911392405,0.12802148612354522,0.0
2016-10-24,0.2664930555555556,0.2175632911392405,0.12802148612354522,0.0
2016-10-25,0.2922077922077922,0.2175632911392405,0.12802148612354522,0.0
2016-10-26,0.2922077922077922,0.2175632911392405,0.12802148612354522,0.0
2016-10-27,0.3089430894308943,0.29366602687140114,0.2692307692307692,0.0
2016-10-28,0.3089430894308943,0.29366602687140114,0.2865853658536585,0.0
2016-10-31,0.3137254901960784,0.29366602687140114,0.2692307692307692,0.0
2016-11-01,0.33875739644970415,0.29366602687140114,0.2865853658536585,0.0
2016-11-02,0.33875739644970415,0.31189710610932475,0.2692307692307692,0.0
2016-11-03,0.33875739644970415,0.47808764940239046,0.3137254901960784,0.0
2016-11-04,0.33875739644970415,0.31189710610932475,0.12802148612354522,0.0
2016-11-07,0.3137254901960784,0.31189710610932475,0.13471502590673576,0.0
2016-11-08,0.3089430894308943,0.31189710610932475,0.21551724137931033,0.0
2016-11-09,0.2664930555555556,0.31313131313131315,0.3137254901960784,0.0
2016-11-10,0.2664930555555556,0.29366602687140114,0.3401826484018265,0.0
2016-11-11,0.2664930555555556,0.2175632911392405,0.3401826484018265,0.0
2016-11-14,0.2664930555555556,0.2727272727272727,0.3401826484018265,0.0
2016-11-15,0.2664930555555556,0.2175632911392405,0.3401826484018265,0.0
2016-11-16,0.2664930555555556,0.2175632911392405,0.3401826484018265,0.0
2016-11-17,0.23684210526315788,0.2175632911392405,0.3401826484018265,0.0
2016-11-18,0.21967963386727687,0.2175632911392405,0.3401826484018265,0.0
2016-11-21,0.21967963386727687,0.2175632911392405,0.2865853658536585,0.0
2016-11-22,0.21967963386727687,0.2175632911392405,0.2865853658536585,0.0
2016-11-23,0.21967963386727687,0.2175632911392405,0.2692307692307692,0.0
2016-11-25,0.21967963386727687,0.2175632911392405,0.2692307692307692,0.0
2016-11-28,0.21967963386727687,0.2175632911392405,0.2692307692307692,0.0
2016-11-29,0.21967963386727687,0.2175632911392405,0.2692307692307692,0.0
2016-11-30,0.21967963386727687,0.2175632911392405,0.2692307692307692,0.0
2016-12-01,0.21967963386727687,0.2727272727272727,0.2692307692307692,0.0
2016-12-02,0.21967963386727687,0.2727272727272727,0.2692307692307692,0.0
2016-12-05,0.18614718614718614,0.2175632911392405,0.21551724137931033,0.0
2016-12-06,0.17307692307692307,0.2175632911392405,0.21551724137931033,0.0
2016-12-07,0.2,0.15311909262759926,0.13471502590673576,0.0
2016-12-08,0.21967963386727687,0.15311909262759926,0.13471502590673576,0.0
2016-12-09,0.208955223880597,0.15311909262759926,0.13471502590673576,0.0
2016-12-12,0.21967963386727687,0.192,0.21551724137931033,0.0
2016-12-13,0.21967963386727687,0.15311909262759926,0.21551724137931033,0.0
2016-12-14,0.21967963386727687,0.2175632911392405,0.2692307692307692,0.0
2016-12-15,0.18614718614718614,0.2175632911392405,0.2692307692307692,0.0
2016-12-16,0.18614718614718614,0.2727272727272727,0.2692307692307692,0.0
2016-12-19,0.18614718614718614,0.2175632911392405,0.2692307692307692,0.0
2016-12-20,0.18614718614718614,0.192,0.2692307692307692,0.0
2016-12-21,0.18614718614718614,0.2175632911392405,0.13471502590673576,0.0
2016-12-22,0.18614718614718614,0.2175632911392405,0.2692307692307692,0.0
2016-12-23,0.18614718614718614,0.192,0.2692307692307692,0.0
2016-12-27,0.18614718614718614,0.2175632911392405,0.2692307692307692,0.0
2016-12-28,0.21967963386727687,0.2175632911392405,0.2692307692307692,0.0
2016-12-29,0.21967963386727687,0.2175632911392405,0.2692307692307692,0.0
2016-12-30,0.21967963386727687,0.2175632911392405,0.2692307692307692,0.0
2017-01-03,0.208955223880597,0.2175632911392405,0.2692307692307692,0.0
2017-01-04,0.18614718614718614,0.2175632911392405,0.2692307692307692,0.0
2017-01-05,0.18614718614718614,0.2175632911392405,0.2692307692307692,0.0
2017-01-06,0.18614718614718614,0.192,0.2692307692307692,0.0
2017-01-09,0.18614718614718614,0.192,0.2692307692307692,0.0
2017-01-10,0.18614718614718614,0.192,0.2692307692307692,0.0
2017-01-11,0.18614718614718614,0.192,0.2692307692307692,0.0
2017-01-12,0.18614718614718614,0.2175632911392405,0.2692307692307692,0.0
2017-01-13,0.17307692307692307,0.2175632911392405,0.3137254901960784,0.0
2017-01-17,0.18614718614718614,0.2175632911392405,0.2865853658536585,0.0
2017-01-18,0.17307692307692307,0.29366602687140114,0.3401826484018265,0.0
2017-01-19,0.17307692307692307,0.29366602687140114,0.3401826484018265,0.0
2017-01-20,0.15202231520223153,0.29366602687140114,0.2865853658536585,0.0
2017-01-23,0.15202231520223153,0.2727272727272727,0.2692307692307692,0.0
2017-01-24,0.15202231520223153,0.2175632911392405,0.2692307692307692,0.0
2017-01-25,0.15202231520223153,0.2175632911392405,0.2692307692307692,0.0
2017-01-26,0.15202231520223153,0.2175632911392405,0.2692307692307692,0.0
2017-01-27,0.15202231520223153,0.2175632911392405,0.2692307692307692,0.0
2017-01-30,0.18614718614718614,0.2175632911392405,0.3137254901960784,0.0
2017-01-31,0.18614718614718614,0.2175632911392405,0.2692307692307692,0.0
2017-02-01,0.15202231520223153,0.2175632911392405,0.2692307692307692,0.0
2017-02-02,0.15202231520223153,0.2727272727272727,0.2692307692307692,0.0
2017-02-03,0.15202231520223153,0.2175632911392405,0.2692307692307692,0.0
2017-02-06,0.15202231520223153,0.2175632911392405,0.2692307692307692,0.0
2017-02-07,0.15202231520223153,0.2175632911392405,0.2692307692307692,0.0
2017-02-08,0.15202231520223153,0.29366602687140114,0.2692307692307692,0.0
2017-02-09,0.15202231520223153,0.2175632911392405,0.2692307692307692,0.0
2017-02-10,0.15202231520223153,0.2175632911392405,0.12962962962962962,0.0
2017-02-13,0.15202231520223153,0.2175632911392405,0.21551724137931033,0.0
2017-02-14,0.15202231520223153,0.2175632911392405,0.21551724137931033,0.0
2017-02-15,0.15202231520223153,0.2727272727272727,0.2692307692307692,0.0
2017-02-16,0.15202231520223153,0.2727272727272727,0.2692307692307692,0.0
2017-02-17,0.15202231520223153,0.29366602687140114,0.2692307692307692,0.0
2017-02-21,0.15202231520223153,0.2727272727272727,0.2692307692307692,0.0
2017-02-22,0.15202231520223153,0.29366602687140114,0.2692307692307692,0.0
2017-02-23,0.15202231520223153,0.29366602687140114,0.2692307692307692,0.0
2017-02-24,0.15202231520223153,0.29366602687140114,0.2692307692307692,0.0
2017-02-27,0.15202231520223153,0.2175632911392405,0.2692307692307692,0.0
2017-02-28,0.15202231520223153,0.2175632911392405,0.3137254901960784,0.0
2017-03-01,0.15202231520223153,0.2175632911392405,0.21551724137931033,0.0
2017-03-02,0.15202231520223153,0.2175632911392405,0.21551724137931033,0.0
2017-03-03,0.15202231520223153,0.2727272727272727,0.13471502590673576,0.0
2017-03-06,0.15202231520223153,0.29366602687140114,0.12802148612354522,0.0
2017-03-07,0.15202231520223153,0.29366602687140114,0.12802148612354522,0.0
2017-03-08,0.15202231520223153,0.31189710610932475,0.13471502590673576,0.0
2017-03-09,0.15202231520223153,0.31189710610932475,0.2692307692307692,0.0
2017-03-10,0.15202231520223153,0.31189710610932475,0.2692307692307692,0.0
2017-03-13,0.15202231520223153,0.31189710610932475,0.2692307692307692,0.0
2017-03-14,0.15202231520223153,0.31189710610932475,0.2692307692307692,0.0
2017-03-15,0.15202231520223153,0.29366602687140114,0.2222222222222222,0.0
2017-03-16,0.15202231520223153,0.29366602687140114,0.2692307692307692,0.0
2017-03-17,0.15202231520223153,0.29366602687140114,0.21551724137931033,0.0
2017-03-20,0.15202231520223153,0.29366602687140114,0.12802148612354522,0.0
2017-03-21,0.18614718614718614,0.31189710610932475,0.12802148612354522,0.0
2017-03-22,0.18614718614718614,0.29366602687140114,0.12802148612354522,0.0
2017-03-23,0.21967963386727687,0.29366602687140114,0.12802148612354522,0.0
2017-03-24,0.21967963386727687,0.29366602687140114,0.12802148612354522,0.0
2017-03-27,0.18614718614718614,0.2727272727272727,0.12802148612354522,0.0
2017-03-28,0.15202231520223153,0.2175632911392405,0.12802148612354522,0.0
2017-03-29,0.15202231520223153,0.2175632911392405,0.12802148612354522,0.0
2017-03-30,0.15202231520223153,0.2727272727272727,0.12802148612354522,0.0
2017-03-31,0.17307692307692307,0.2727272727272727,0.12802148612354522,0.0
2017-04-03,0.18614718614718614,0.2175632911392405,0.12802148612354522,0.0
2017-04-04,0.18614718614718614,0.2175632911392405,0.12802148612354522,0.0
2017-04-05,0.21967963386727687,0.2175632911392405,0.12801204819277104,0.0
2017-04-06,0.21967963386727687,0.2175632911392405,0.12801204819277104,0.0
2017-04-07,0.21967963386727687,0.2175632911392405,0.12802148612354522,0.0
2017-04-10,0.21967963386727687,0.2175632911392405,0.12802148612354522,0.0
2017-04-11,0.23684210526315788,0.29366602687140114,0.12802148612354522,0.0
2017-04-12,0.2664930555555556,0.2175632911392405,0.12802148612354522,0.0
2017-04-13,0.2664930555555556,0.29366602687140114,0.12801204819277104,0.0
2017-04-17,0.23684210526315788,0.28377221870761854,0.12801204819277104,0.0
2017-04-18,0.2664930555555556,0.2175632911392405,0.12801204819277104,0.0
2017-04-19,0.23684210526315788,0.2727272727272727,0.12801204819277104,0.0
2017-04-20,0.21967963386727687,0.29366602687140114,0.12802148612354522,0.0
2017-04-21,0.23684210526315788,0.31189710610932475,0.12802148612354522,0.0
2017-04-24,0.15202231520223153,0.2175632911392405,0.12802148612354522,0.0
2017-04-25,0.15202231520223153,0.2175632911392405,0.12802148612354522,0.0
2017-04-26,0.15202231520223153,0.2175632911392405,0.12802148612354522,0.0
2017-04-27,0.15202231520223153,0.2175632911392405,0.12802148612354522,0.0
2017-04-28,0.15202231520223153,0.2175632911392405,0.12802148612354522,0.0
2017-05-01,0.15202231520223153,0.15311909262759926,0.12802148612354522,0.0
2017-05-02,0.15202231520223153,0.15311909262759926,0.12802148612354522,0.0
2017-05-03,0.15202231520223153,0.15311909262759926,0.12802148612354522,0.0
2017-05-04,0.15202231520223153,0.15311909262759926,0.12802148612354522,0.0
2017-05-05,0.15202231520223153,0.15311909262759926,0.12802148612354522,0.0
2017-05-08,0.15202231520223153,0.15311909262759926,0.12802148612354522,0.0
2017-05-09,0.15202231520223153,0.192,0.12802148612354522,0.0
2017-05-10,0.15202231520223153,0.2175632911392405,0.12802148612354522,0.0
2017-05-11,0.15202231520223153,0.2175632911392405,0.12802148612354522,0.0
2017-05-12,0.15202231520223153,0.2175632911392405,0.12802148612354522,0.0
2017-05-15,0.15202231520223153,0.15311909262759926,0.12801204819277104,0.0
2017-05-16,0.15202231520223153,0.15311909262759926,0.12801204819277104,0.0
2017-05-17,0.2664930555555556,0.2175632911392405,0.12802148612354522,0.0
2017-05-18,0.23684210526315788,0.2727272727272727,0.12802148612354522,0.0
2017-05-19,0.21967963386727687,0.2175632911392405,0.12801204819277104,0.0
2017-05-22,0.18614718614718614,0.15311909262759926,0.12801204819277104,0.0
2017-05-23,0.18614718614718614,0.15311909262759926,0.12801204819277104,0.0
2017-05-24,0.17307692307692307,0.15311909262759926,0.12801204819277104,0.0
2017-05-25,0.17307692307692307,0.15311909262759926,0.12801204819277104,0.0
2017-05-26,0.17307692307692307,0.15311909262759926,0.12801204819277104,0.0
2017-05-30,0.18614718614718614,0.15311909262759926,0.12801204819277104,0.0
2017-05-31,0.18614718614718614,0.15311909262759926,0.12801204819277104,0.0
2017-06-01,0.18614718614718614,0.15311909262759926,0.12802148612354522,0.0
2017-06-02,0.18614718614718614,0.15311909262759926,0.12801204819277104,0.0
2017-06-05,0.18614718614718614,0.15311909262759926,0.12802148612354522,0.0
2017-06-06,0.21967963386727687,0.15311909262759926,0.12801204819277104,0.0
2017-06-07,0.208955223880597,0.15311909262759926,0.12802148612354522,0.0
2017-06-08,0.18614718614718614,0.15311909262759926,0.12801204819277104,0.0
2017-06-09,0.208955223880597,0.15311909262759926,0.12802148612354522,0.0
2017-06-12,0.21967963386727687,0.2175632911392405,0.12802148612354522,0.0
2017-06-13,0.18614718614718614,0.15311909262759926,0.12802148612354522,0.0
2017-06-14,0.18614718614718614,0.15311909262759926,0.12802148612354522,0.0
2017-06-15,0.18614718614718614,0.15311909262759926,0.12801204819277104,0.0
2017-06-16,0.15202231520223153,0.15311909262759926,0.12801204819277104,0.0
2017-06-19,0.15202231520223153,0.15311909262759926,0.12801204819277104,0.0
2017-06-20,0.18614718614718614,0.15311909262759926,0.12801204819277104,0.0
2017-06-21,0.18614718614718614,0.15311909262759926,0.12801204819277104,0.0
2017-06-22,0.18614718614718614,0.15311909262759926,0.12801204819277104,0.0
2017-06-23,0.17307692307692307,0.15311909262759926,0.12801204819277104,0.0
2017-06-26,0.18614718614718614,0.15311909262759926,0.12801204819277104,0.0
2017-06-27,0.21967963386727687,0.15311909262759926,0.12801204819277104,0.0
2017-06-28,0.18614718614718614,0.15311909262759926,0.12801204819277104,0.0
2017-06-29,0.21967963386727687,0.15311909262759926,0.12801204819277104,0.0
2017-06-30,0.21967963386727687,0.15311909262759926,0.12801204819277104,0.0
2017-07-03,0.21967963386727687,0.15311909262759926,0.12801204819277104,0.0
2017-07-05,0.21967963386727687,0.15311909262759926,0.12802148612354522,0.0
2017-07-06,0.2664930555555556,0.192,0.12802148612354522,0.0
2017-07-07,0.21967963386727687,0.192,0.12802148612354522,0.0
2017-07-10,0.18614718614718614,0.15311909262759926,0.12802148612354522,0.0
2017-07-11,0.18614718614718614,0.15311909262759926,0.12801204819277104,0.0
2017-07-12,0.15202231520223153,0.15311909262759926,0.12802148612354522,0.0
2017-07-13,0.15202231520223153,0.15311909262759926,0.12802148612354522,0.0
2017-07-14,0.15202231520223153,0.15311909262759926,0.12802148612354522,0.0
2017-07-17,0.15202231520223153,0.15311909262759926,0.12802148612354522,0.0
2017-07-18,0.15202231520223153,0.15311909262759926,0.12801204819277104,0.0
2017-07-19,0.15202231520223153,0.15311909262759926,0.12801204819277104,0.0
2017-07-20,0.15202231520223153,0.15311909262759926,0.12801204819277104,0.0
2017-07-21,0.15202231520223153,0.15311909262759926,0.12801204819277104,0.0
2017-07-24,0.15202231520223153,0.15311909262759926,0.12801204819277104,0.0
2017-07-25,0.15202231520223153,0.15311909262759926,0.12801204819277104,0.0
2017-07-26,0.15202231520223153,0.15311909262759926,0.12801204819277104,0.0
2017-07-27,0.17307692307692307,0.15311909262759926,0.12801204819277104,0.0
2017-07-28,0.17307692307692307,0.15311909262759926,0.12801204819277104,0.0
2017-07-31,0.18614718614718614,0.15311909262759926,0.12801204819277104,0.0
2017-08-01,0.15202231520223153,0.15311909262759926,0.12801204819277104,0.0
2017-08-02,0.15202231520223153,0.15311909262759926,0.12801204819277104,0.0
2017-08-03,0.15202231520223153,0.15311909262759926,0.1,0.0
2017-08-04,0.15202231520223153,0.15311909262759926,0.12801204819277104,0.0
2017-08-07,0.15202231520223153,0.15311909262759926,0.12801204819277104,0.0
2017-08-08,0.15202231520223153,0.15311909262759926,0.12801204819277104,0.0
2017-08-09,0.17307692307692307,0.15311909262759926,0.12801204819277104,0.0
2017-08-10,0.2664930555555556,0.2175632911392405,0.12801204819277104,0.0
2017-08-11,0.2664930555555556,0.15311909262759926,0.12801204819277104,0.0
2017-08-14,0.208955223880597,0.15311909262759926,0.12801204819277104,0.0
2017-08-15,0.18614718614718614,0.15311909262759926,0.12801204819277104,0.0
2017-08-16,0.18614718614718614,0.15311909262759926,0.12801204819277104,0.0
2017-08-17,0.2664930555555556,0.2175632911392405,0.12801204819277104,0.0
2017-08-18,0.2664930555555556,0.15311909262759926,0.12801204819277104,0.0
2017-08-21,0.2664930555555556,0.192,0.12801204819277104,0.0
2017-08-22,0.21967963386727687,0.192,0.12801204819277104,0.0
2017-08-23,0.2664930555555556,0.15311909262759926,0.12801204819277104,0.0
2017-08-24,0.2664930555555556,0.15311909262759926,0.12801204819277104,0.0
2017-08-25,0.23684210526315788,0.15311909262759926,0.12801204819277104,0.0
2017-08-28,0.2664930555555556,0.15311909262759926,0.12801204819277104,0.0
2017-08-29,0.2664930555555556,0.15311909262759926,0.12801204819277104,0.0
2017-08-30,0.21967963386727687,0.15311909262759926,0.12801204819277104,0.0
2017-08-31,0.21967963386727687,0.15311909262759926,0.12801204819277104,0.0
2017-09-01,0.21967963386727687,0.15311909262759926,0.12801204819277104,0.0
2017-09-05,0.2664930555555556,0.15311909262759926,0.12801204819277104,0.0
2017-09-06,0.22807017543859648,0.15311909262759926,0.12801204819277104,0.0
2017-09-07,0.23684210526315788,0.15311909262759926,0.12801204819277104,0.0
2017-09-08,0.2664930555555556,0.15311909262759926,0.12801204819277104,0.0
2017-09-11,0.21967963386727687,0.15311909262759926,0.12801204819277104,0.0
2017-09-12,0.21967963386727687,0.15311909262759926,0.12801204819277104,0.0
2017-09-13,0.21967963386727687,0.15311909262759926,0.12801204819277104,0.0
2017-09-14,0.21967963386727687,0.15311909262759926,0.12801204819277104,0.0
2017-09-15,0.18614718614718614,0.15311909262759926,0.12801204819277104,0.0
2017-09-18,0.18614718614718614,0.15311909262759926,0.12801204819277104,0.0
2017-09-19,0.18614718614718614,0.15311909262759926,0.12801204819277104,0.0
2017-09-20,0.17307692307692307,0.15311909262759926,0.12801204819277104,0.0
2017-09-21,0.15202231520223153,0.15311909262759926,0.12801204819277104,0.0
2017-09-22,0.15202231520223153,0.15311909262759926,0.12801204819277104,0.0
2017-09-25,0.208955223880597,0.15311909262759926,0.12801204819277104,0.0
2017-09-26,0.2,0.15311909262759926,0.12801204819277104,0.0
2017-09-27,0.18614718614718614,0.15311909262759926,0.12801204819277104,0.0
2017-09-28,0.17307692307692307,0.15311909262759926,0.12801204819277104,0.0
2017-09-29,0.15202231520223153,0.15311909262759926,0.12801204819277104,0.0
2017-10-02,0.15202231520223153,0.15311909262759926,0.12801204819277104,0.0
2017-10-03,0.15202231520223153,0.15311909262759926,0.12801204819277104,0.0
2017-10-04,0.15202231520223153,0.15311909262759926,0.12801204819277104,0.0
2017-10-05,0.15202231520223153,0.15311909262759926,0.12801204819277104,0.0
2017-10-06,0.15202231520223153,0.15311909262759926,0.12801204819277104,0.0
2017-10-09,0.17307692307692307,0.192,0.12801204819277104,0.0
2017-10-10,0.15202231520223153,0.15311909262759926,0.12801204819277104,0.0
2017-10-11,0.15202231520223153,0.15311909262759926,0.12801204819277104,0.0
2017-10-12,0.18614718614718614,0.15311909262759926,0.12801204819277104,0.0
2017-10-13,0.15202231520223153,0.15311909262759926,0.12801204819277104,0.0
2017-10-16,0.15202231520223153,0.15311909262759926,0.12801204819277104,0.0
2017-10-17,0.15202231520223153,0.15311909262759926,0.12801204819277104,0.0
2017-10-18,0.15202231520223153,0.15311909262759926,0.12801204819277104,0.0
2017-10-19,0.15202231520223153,0.15311909262759926,0.12801204819277104,0.0
2017-10-20,0.15202231520223153,0.15311909262759926,0.12801204819277104,0.0
2017-10-23,0.15202231520223153,0.15311909262759926,0.12801204819277104,0.0
2017-10-24,0.15202231520223153,0.15311909262759926,0.12801204819277104,0.0
2017-10-25,0.18614718614718614,0.15311909262759926,0.12801204819277104,0.0
2017-10-26,0.208955223880597,0.15311909262759926,0.12801204819277104,0.0
2017-10-27,0.15202231520223153,0.15311909262759926,0.12801204819277104,0.0
2017-10-30,0.18614718614718614,0.15311909262759926,0.12801204819277104,0.0
2017-10-31,0.18614718614718614,0.15311909262759926,0.12801204819277104,0.0
2017-11-01,0.208955223880597,0.0,0.0,0.0
2017-11-02,0.208955223880597,0.15311909262759926,0.12801204819277104,0.0
2017-11-03,0.15202231520223153,0.0,0.0,0.0
2017-11-06,0.18614718614718614,0.0,0.0,0.0
2017-11-07,0.21967963386727687,0.14285714285714285,0.0,0.0
2017-11-08,0.18614718614718614,0.14285714285714285,0.1,0.0
2017-11-09,0.21967963386727687,0.15311909262759926,0.0,0.0
2017-11-10,0.21967963386727687,0.14285714285714285,0.12801204819277104,0.0
2017-11-13,0.21967963386727687,0.14285714285714285,0.12801204819277104,0.0
2017-11-14,0.23684210526315788,0.15311909262759926,0.12801204819277104,0.0
2017-11-15,0.2664930555555556,0.15311909262759926,0.0,0.0
2017-11-16,0.21967963386727687,0.15311909262759926,0.12801204819277104,0.0
2017-11-17,0.21967963386727687,0.15311909262759926,0.0,0.0
2017-11-20,0.21967963386727687,0.15311909262759926,0.0,0.0
2017-11-21,0.18614718614718614,0.0,0.0,0.0
2017-11-22,0.18614718614718614,0.0,0.0,0.0
2017-11-24,0.17307692307692307,0.0,0.0,0.0
2017-11-27,0.17307692307692307,0.0,0.0,0.0
2017-11-28,0.18614718614718614,0.0,0.0,0.0
2017-11-29,0.208955223880597,0.0,0.0,0.0
2017-11-30,0.21967963386727687,0.0,0.12801204819277104,0.0
2017-12-01,0.21967963386727687,0.0,0.12801204819277104,0.0
2017-12-04,0.21967963386727687,0.14285714285714285,0.12801204819277104,0.0
2017-12-05,0.21967963386727687,0.14285714285714285,0.12801204819277104,0.0
2017-12-06,0.21967963386727687,0.15311909262759926,0.12801204819277104,0.0
2017-12-07,0.208955223880597,0.15311909262759926,0.12801204819277104,0.0
2017-12-08,0.15202231520223153,0.14285714285714285,0.12801204819277104,0.0
2017-12-11,0.17307692307692307,0.15311909262759926,0.12801204819277104,0.0
2017-12-12,0.18614718614718614,0.15311909262759926,0.12801204819277104,0.0
2017-12-13,0.18614718614718614,0.15311909262759926,0.12801204819277104,0.0
2017-12-14,0.21967963386727687,0.15311909262759926,0.12801204819277104,0.0
2017-12-15,0.17307692307692307,0.15311909262759926,0.12801204819277104,0.0
2017-12-18,0.17307692307692307,0.0,0.12801204819277104,0.0
2017-12-19,0.18614718614718614,0.14285714285714285,0.12801204819277104,0.0
2017-12-20,0.18614718614718614,0.15311909262759926,0.12801204819277104,0.0
2017-12-21,0.18614718614718614,0.15311909262759926,0.12801204819277104,0.0
2017-12-22,0.208955223880597,0.15311909262759926,0.12801204819277104,0.0
2017-12-26,0.21967963386727687,0.15311909262759926,0.12801204819277104,0.0
2017-12-27,0.21967963386727687,0.15311909262759926,0.12801204819277104,0.0
2017-12-28,0.21967963386727687,0.15311909262759926,0.12801204819277104,0.0
2017-12-29,0.23684210526315788,0.15311909262759926,0.12801204819277104,0.0
2018-01-02,0.18614718614718614,0.15311909262759926,0.12801204819277104,0.0
2018-01-03,0.18614718614718614,0.14285714285714285,0.12801204819277104,0.0
2018-01-04,0.18614718614718614,0.0,0.12801204819277104,1.0
2018-01-05,0.18614718614718614,0.0,0.12801204819277104,1.0
2018-01-08,0.18614718614718614,0.0,0.12801204819277104,1.0
2018-01-09,0.21967963386727687,0.0,0.12801204819277104,1.0
2018-01-10,0.2,0.0,0.12801204819277104,1.0
2018-01-11,0.208955223880597,0.0,0.12801204819277104,1.0
2018-01-12,0.21967963386727687,0.0,0.12801204819277104,1.0
2018-01-16,0.23684210526315788,0.0,0.12802148612354522,1.0
2018-01-17,0.21967963386727687,0.15311909262759926,0.12802148612354522,1.0
2018-01-18,0.23684210526315788,0.14285714285714285,0.12802148612354522,1.0
2018-01-19,0.21967963386727687,0.14285714285714285,0.12802148612354522,1.0
2018-01-22,0.21967963386727687,0.0,0.12802148612354522,1.0
2018-01-23,0.21967963386727687,0.0,0.12802148612354522,1.0
2018-01-24,0.21967963386727687,0.0,0.12802148612354522,1.0
2018-01-25,0.21967963386727687,0.0,0.12802148612354522,1.0
2018-01-26,0.18849840255591055,0.13071428571428573,0.1836734693877551,1.0
2018-01-29,0.2586477987421384,0.18677573278800272,0.1836734693877551,1.0
2018-01-30,0.2586477987421384,0.18677573278800272,0.15457413249211355,1.0
2018-01-31,0.2586477987421384,0.18677573278800272,0.15457413249211355,1.0
2018-02-01,0.2586477987421384,0.18725099601593626,0.10064585575888053,1.0
2018-02-02,0.2586477987421384,0.2920353982300885,0.10064585575888053,1.0
2018-02-05,0.29347826086956524,0.4175257731958762,0.15457413249211355,0.0
2018-02-06,0.2586477987421384,0.4175257731958762,0.10064585575888053,0.0
2018-02-07,0.2586477987421384,0.48792270531400966,0.1836734693877551,0.0
2018-02-08,0.29347826086956524,0.48412698412698413,0.1836734693877551,0.0
2018-02-09,0.29347826086956524,0.48412698412698413,0.1836734693877551,0.0
2018-02-12,0.2586477987421384,0.48792270531400966,0.22641509433962265,0.0
2018-02-13,0.2586477987421384,0.48792270531400966,0.22988505747126436,0.0
2018-02-14,0.29347826086956524,0.4423076923076923,0.22641509433962265,0.0
2018-02-15,0.2586477987421384,0.4423076923076923,0.22641509433962265,1.0
2018-02-16,0.29347826086956524,0.48412698412698413,0.3065134099616858,1.0
2018-02-20,0.29347826086956524,0.48792270531400966,0.22988505747126436,0.0
2018-02-21,0.29347826086956524,0.48792270531400966,0.3310344827586207,0.0
2018-02-22,0.2586477987421384,0.48792270531400966,0.3310344827586207,0.0
2018-02-23,0.2586477987421384,0.48792270531400966,0.43636363636363634,1.0
2018-02-26,0.2586477987421384,0.48412698412698413,0.3065134099616858,1.0
2018-02-27,0.29347826086956524,0.48792270531400966,0.3310344827586207,1.0
2018-02-28,0.29347826086956524,0.48792270531400966,0.4539473684210527,0.0
2018-03-01,0.3203125,0.48792270531400966,0.5354200988467874,0.0
2018-03-02,0.3203125,0.48792270531400966,0.5354200988467874,0.0
2018-03-05,0.3203125,0.48792270531400966,0.5354200988467874,1.0
2018-03-06,0.3203125,0.48792270531400966,0.5354200988467874,1.0
2018-03-07,0.3203125,0.48792270531400966,0.5354200988467874,1.0
2018-03-08,0.29347826086956524,0.48792270531400966,0.5354200988467874,1.0
2018-03-09,0.2586477987421384,0.48792270531400966,0.5354200988467874,1.0
2018-03-12,0.2586477987421384,0.48792270531400966,0.5354200988467874,1.0
2018-03-13,0.29347826086956524,0.48792270531400966,0.5354200988467874,1.0
2018-03-14,0.29347826086956524,0.48792270531400966,0.5354200988467874,1.0
2018-03-15,0.29347826086956524,0.6335877862595419,0.5354200988467874,1.0
2018-03-16,0.29347826086956524,0.6335877862595419,0.5354200988467874,1.0
2018-03-19,0.3203125,0.6335877862595419,0.5354200988467874,0.0
2018-03-20,0.3203125,0.6335877862595419,0.5354200988467874,0.0
2018-03-21,0.3203125,0.6335877862595419,0.5354200988467874,0.0
2018-03-22,0.3235294117647059,0.48792270531400966,0.5354200988467874,0.0
2018-03-23,0.4125,0.48792270531400966,0.5354200988467874,0.0
2018-03-26,0.4125,0.48792270531400966,0.5354200988467874,0.0
2018-03-27,0.4125,0.48792270531400966,0.5354200988467874,0.0
2018-03-28,0.4125,0.48792270531400966,0.5354200988467874,0.0
2018-03-29,0.3235294117647059,0.48792270531400966,0.5354200988467874,0.0
2018-04-02,0.4125,0.48792270531400966,0.5354200988467874,0.0
2018-04-03,0.4125,0.48792270531400966,0.5354200988467874,0.0
2018-04-04,0.3235294117647059,0.48792270531400966,0.5354200988467874,0.0
2018-04-05,0.3203125,0.48792270531400966,0.5354200988467874,0.0
2018-04-06,0.3888888888888889,0.48792270531400966,0.5354200988467874,0.0
2018-04-09,0.4125,0.48792270531400966,0.5354200988467874,0.0
2018-04-10,0.3235294117647059,0.48792270531400966,0.5354200988467874,0.0
2018-04-11,0.4125,0.48792270531400966,0.5354200988467874,0.0
2018-04-12,0.3235294117647059,0.48792270531400966,0.5354200988467874,0.0
2018-04-13,0.3203125,0.48792270531400966,0.5354200988467874,0.0
2018-04-16,0.3203125,0.48792270531400966,0.5354200988467874,0.0
2018-04-17,0.3203125,0.48792270531400966,0.5354200988467874,0.0
2018-04-18,0.3203125,0.6335877862595419,0.5354200988467874,0.0
2018-04-19,0.3203125,0.6335877862595419,0.5354200988467874,0.0
2018-04-20,0.3203125,0.48792270531400966,0.5354200988467874,0.0
2018-04-23,0.3203125,0.48792270531400966,0.5354200988467874,0.0
2018-04-24,0.3203125,0.48792270531400966,0.5354200988467874,0.0
2018-04-25,0.3203125,0.48792270531400966,0.5354200988467874,0.0
2018-04-26,0.3203125,0.48792270531400966,0.5354200988467874,0.0
2018-04-27,0.3203125,0.48792270531400966,0.5354200988467874,0.0
2018-04-30,0.3203125,0.48792270531400966,0.5354200988467874,0.0
2018-05-01,0.29347826086956524,0.48792270531400966,0.5,0.0
2018-05-02,0.3203125,0.48792270531400966,0.4645669291338583,0.0
2018-05-03,0.3203125,0.48792270531400966,0.4539473684210527,0.0
2018-05-04,0.29347826086956524,0.48792270531400966,0.25,0.0
2018-05-07,0.29347826086956524,0.4175257731958762,0.22641509433962265,0.0
2018-05-08,0.29347826086956524,0.4423076923076923,0.22641509433962265,0.0
2018-05-09,0.29347826086956524,0.48412698412698413,0.3065134099616858,0.0
2018-05-10,0.2586477987421384,0.4423076923076923,0.22988505747126436,0.0
2018-05-11,0.2586477987421384,0.4175257731958762,0.1836734693877551,0.0
2018-05-14,0.2586477987421384,0.48792270531400966,0.25,0.0
2018-05-15,0.2586477987421384,0.48792270531400966,0.4539473684210527,0.0
2018-05-16,0.2586477987421384,0.48792270531400966,0.4539473684210527,0.0
2018-05-17,0.2586477987421384,0.48792270531400966,0.4645669291338583,0.0
2018-05-18,0.2586477987421384,0.48792270531400966,0.3310344827586207,0.0
2018-05-21,0.2586477987421384,0.48792270531400966,0.3065134099616858,0.0
2018-05-22,0.2586477987421384,0.48792270531400966,0.3065134099616858,0.0
2018-05-23,0.2586477987421384,0.48792270531400966,0.22988505747126436,0.0
2018-05-24,0.2586477987421384,0.48792270531400966,0.22988505747126436,0.0
2018-05-25,0.2586477987421384,0.48792270531400966,0.22641509433962265,0.0
2018-05-29,0.29347826086956524,0.48792270531400966,0.22641509433962265,0.0
2018-05-30,0.2586477987421384,0.48792270531400966,0.22641509433962265,0.0
2018-05-31,0.2586477987421384,0.48792270531400966,0.22988505747126436,0.0
2018-06-01,0.2586477987421384,0.48792270531400966,0.22988505747126436,0.0
2018-06-04,0.2586477987421384,0.48792270531400966,0.22988505747126436,0.0
2018-06-05,0.2586477987421384,0.48792270531400966,0.25,0.0
2018-06-06,0.2586477987421384,0.48792270531400966,0.3310344827586207,0.0
2018-06-07,0.2586477987421384,0.48412698412698413,0.25,0.0
2018-06-08,0.2586477987421384,0.48412698412698413,0.3722627737226277,0.0
2018-06-11,0.2586477987421384,0.48792270531400966,0.4645669291338583,0.0
2018-06-12,0.2586477987421384,0.48792270531400966,0.5354200988467874,0.0
2018-06-13,0.2586477987421384,0.48792270531400966,0.5354200988467874,0.0
2018-06-14,0.2586477987421384,0.48792270531400966,0.5354200988467874,0.0
2018-06-15,0.2586477987421384,0.48792270531400966,0.5354200988467874,0.0
2018-06-18,0.2586477987421384,0.48792270531400966,0.5354200988467874,0.0
2018-06-19,0.2586477987421384,0.48792270531400966,0.5354200988467874,0.0
2018-06-20,0.2586477987421384,0.48792270531400966,0.5354200988467874,0.0
2018-06-21,0.2586477987421384,0.48792270531400966,0.5354200988467874,0.0
2018-06-22,0.2586477987421384,0.48792270531400966,0.5354200988467874,0.0
2018-06-25,0.29347826086956524,0.48792270531400966,0.5333333333333333,0.0
2018-06-26,0.29347826086956524,0.48792270531400966,0.3722627737226277,0.0
2018-06-27,0.3203125,0.48792270531400966,0.3065134099616858,0.0
2018-06-28,0.3203125,0.48792270531400966,0.3065134099616858,0.0
2018-06-29,0.29347826086956524,0.48792270531400966,0.3065134099616858,0.0
2018-07-02,0.29347826086956524,0.48792270531400966,0.3065134099616858,0.0
2018-07-03,0.3203125,0.48792270531400966,0.25,0.0
2018-07-05,0.2586477987421384,0.48792270531400966,0.3310344827586207,0.0
2018-07-06,0.2586477987421384,0.48792270531400966,0.3722627737226277,0.0
2018-07-09,0.2586477987421384,0.48792270531400966,0.4539473684210527,0.0
2018-07-10,0.2586477987421384,0.48792270531400966,0.4539473684210527,0.0
2018-07-11,0.2586477987421384,0.48792270531400966,0.5354200988467874,0.0
2018-07-12,0.2586477987421384,0.48792270531400966,0.5354200988467874,0.0
2018-07-13,0.2586477987421384,0.48792270531400966,0.5354200988467874,0.0
2018-07-16,0.2586477987421384,0.48792270531400966,0.5354200988467874,0.0
2018-07-17,0.2586477987421384,0.48792270531400966,0.5354200988467874,0.0
2018-07-18,0.2586477987421384,0.48792270531400966,0.5354200988467874,0.0
2018-07-19,0.26291931097008153,0.3960674157303371,0.36607142857142855,0.0
2018-07-20,0.26291931097008153,0.3960674157303371,0.36607142857142855,0.0
2018-07-23,0.26291931097008153,0.3960674157303371,0.44505494505494503,0.0
2018-07-24,0.2361111111111111,0.34705882352941175,0.36607142857142855,0.0
2018-07-25,0.2361111111111111,0.20631067961165053,0.36607142857142855,0.0
2018-07-26,0.2361111111111111,0.2962962962962963,0.36607142857142855,0.0
2018-07-27,0.2361111111111111,0.20631067961165053,0.36363636363636365,0.0
2018-07-30,0.26291931097008153,0.20631067961165053,0.2831858407079646,0.0
2018-07-31,0.2361111111111111,0.20631067961165053,0.2831858407079646,0.0
2018-08-01,0.19393939393939394,0.20245398773006135,0.36607142857142855,0.0
2018-08-02,0.18556701030927836,0.20245398773006135,0.36607142857142855,0.0
2018-08-03,0.1388888888888889,0.20245398773006135,0.2831858407079646,0.0
2018-08-06,0.1388888888888889,0.1862348178137652,0.20093457943925233,0.0
2018-08-07,0.1388888888888889,0.16666666666666666,0.20093457943925233,0.0
2018-08-08,0.1388888888888889,0.16666666666666666,0.20093457943925233,0.0
2018-08-09,0.1836734693877551,0.16666666666666666,0.1896551724137931,0.0
2018-08-10,0.19393939393939394,0.20245398773006135,0.2076923076923077,0.0
2018-08-13,0.22916666666666666,0.20245398773006135,0.2831858407079646,0.0
2018-08-14,0.19393939393939394,0.20245398773006135,0.27906976744186046,0.0
2018-08-15,0.2361111111111111,0.20245398773006135,0.2831858407079646,0.0
2018-08-16,0.19393939393939394,0.20245398773006135,0.2831858407079646,0.0
2018-08-17,0.19393939393939394,0.1862348178137652,0.20093457943925233,0.0
2018-08-20,0.18556701030927836,0.1862348178137652,0.1896551724137931,0.0
2018-08-21,0.19393939393939394,0.1862348178137652,0.20072053319866412,0.0
2018-08-22,0.1388888888888889,0.16666666666666666,0.1209677419354839,0.0
2018-08-23,0.18556701030927836,0.1862348178137652,0.1209677419354839,0.0
2018-08-24,0.1388888888888889,0.16666666666666666,0.1209677419354839,1.0
2018-08-27,0.1388888888888889,0.148473874806001,0.1209677419354839,1.0
2018-08-28,0.1388888888888889,0.148473874806001,0.1209677419354839,1.0
2018-08-29,0.1388888888888889,0.148473874806001,0.1209677419354839,1.0
2018-08-30,0.19393939393939394,0.148473874806001,0.1209677419354839,1.0
2018-08-31,0.1388888888888889,0.16666666666666666,0.1209677419354839,1.0
2018-09-04,0.18556701030927836,0.16666666666666666,0.1209677419354839,1.0
2018-09-05,0.19393939393939394,0.16666666666666666,0.1209677419354839,1.0
2018-09-06,0.19393939393939394,0.16666666666666666,0.1209677419354839,1.0
2018-09-07,0.19393939393939394,0.2,0.1209677419354839,1.0
2018-09-10,0.19393939393939394,0.1862348178137652,0.1209677419354839,1.0
2018-09-11,0.18556701030927836,0.1862348178137652,0.1209677419354839,1.0
2018-09-12,0.18556701030927836,0.1862348178137652,0.1209677419354839,1.0
2018-09-13,0.1388888888888889,0.16666666666666666,0.1209677419354839,1.0
2018-09-14,0.12580645161290321,0.16666666666666666,0.1209677419354839,1.0
2018-09-17,0.1836734693877551,0.16666666666666666,0.1209677419354839,1.0
2018-09-18,0.12580645161290321,0.1862348178137652,0.1896551724137931,1.0
2018-09-19,0.12580645161290321,0.16666666666666666,0.17105263157894737,1.0
2018-09-20,0.12580645161290321,0.14733698357391736,0.1579601990049751,1.0
2018-09-21,0.12580645161290321,0.14733698357391736,0.16279069767441862,1.0
2018-09-24,0.12580645161290321,0.14733698357391736,0.1579601990049751,1.0
2018-09-25,0.12580645161290321,0.14733698357391736,0.1579601990049751,1.0
2018-09-26,0.12580645161290321,0.14733698357391736,0.1579601990049751,1.0
2018-09-27,0.12580645161290321,0.14733698357391736,0.1579601990049751,1.0
2018-09-28,0.12580645161290321,0.14733698357391736,0.1579601990049751,1.0
2018-10-01,0.18556701030927836,0.14733698357391736,0.09348093480934809,1.0
2018-10-02,0.19393939393939394,0.14733698357391736,0.09348093480934809,1.0
2018-10-03,0.19393939393939394,0.14733698357391736,0.10934393638170974,1.0
2018-10-04,0.2356902356902357,0.20865533230293662,0.12790697674418605,1.0
2018-10-05,0.251959686450168,0.19534883720930232,0.1579601990049751,1.0
2018-10-08,0.251959686450168,0.19534883720930232,0.1579601990049751,1.0
2018-10-09,0.251959686450168,0.15706806282722516,0.10934393638170974,1.0
2018-10-10,0.3001017293997966,0.21413276231263384,0.1579601990049751,1.0
2018-10-11,0.3001017293997966,0.21413276231263384,0.1579601990049751,0.0
2018-10-12,0.3001017293997966,0.20865533230293662,0.1579601990049751,0.0
2018-10-15,0.3001017293997966,0.20865533230293662,0.1579601990049751,0.0
2018-10-16,0.3001017293997966,0.20865533230293662,0.1579601990049751,1.0
2018-10-17,0.2832369942196532,0.20865533230293662,0.1579601990049751,1.0
2018-10-18,0.3001017293997966,0.20865533230293662,0.1579601990049751,1.0
2018-10-19,0.3001017293997966,0.21413276231263384,0.18452380952380953,1.0
2018-10-22,0.3001017293997966,0.21413276231263384,0.1579601990049751,1.0
2018-10-23,0.3001017293997966,0.20865533230293662,0.1579601990049751,1.0
2018-10-24,0.3001017293997966,0.21413276231263384,0.1579601990049751,1.0
2018-10-25,0.3001017293997966,0.20865533230293662,0.12790697674418605,1.0
2018-10-26,0.39655172413793105,0.21413276231263384,0.1579601990049751,1.0
2018-10-29,0.4008438818565401,0.21413276231263384,0.12790697674418605,1.0
2018-10-30,0.3001017293997966,0.21413276231263384,0.11392405063291139,1.0
2018-10-31,0.3001017293997966,0.20865533230293662,0.10934393638170974,1.0
2018-11-01,0.3001017293997966,0.19534883720930232,0.12790697674418605,1.0
2018-11-02,0.3001017293997966,0.21413276231263384,0.2404692082111437,1.0
2018-11-05,0.3001017293997966,0.20865533230293662,0.18452380952380953,1.0
2018-11-06,0.3001017293997966,0.20865533230293662,0.27218934911242604,1.0
2018-11-07,0.3001017293997966,0.15706806282722516,0.2404692082111437,1.0
2018-11-08,0.3001017293997966,0.20865533230293662,0.2404692082111437,1.0
2018-11-09,0.3001017293997966,0.19534883720930232,0.27218934911242604,1.0
2018-11-12,0.3001017293997966,0.20865533230293662,0.3080568720379147,1.0
2018-11-13,0.3001017293997966,0.20865533230293662,0.2404692082111437,1.0
2018-11-14,0.3001017293997966,0.20865533230293662,0.2404692082111437,1.0
2018-11-15,0.3001017293997966,0.20865533230293662,0.2404692082111437,1.0
2018-11-16,0.3001017293997966,0.20865533230293662,0.16326530612244897,1.0
2018-11-19,0.4008438818565401,0.20865533230293662,0.16326530612244897,1.0
2018-11-20,0.4008438818565401,0.20865533230293662,0.1579601990049751,1.0
2018-11-21,0.4008438818565401,0.20865533230293662,0.12790697674418605,1.0
2018-11-23,0.4008438818565401,0.20865533230293662,0.11392405063291139,1.0
2018-11-26,0.39655172413793105,0.20865533230293662,0.10934393638170974,1.0
2018-11-27,0.39655172413793105,0.20865533230293662,0.10934393638170974,1.0
2018-11-28,0.3001017293997966,0.20865533230293662,0.11392405063291139,1.0
2018-11-29,0.3001017293997966,0.20865533230293662,0.11392405063291139,1.0
2018-11-30,0.3001017293997966,0.19534883720930232,0.1579601990049751,1.0
2018-12-03,0.3001017293997966,0.15706806282722516,0.12790697674418605,1.0
2018-12-04,0.4008438818565401,0.20865533230293662,0.11392405063291139,1.0
2018-12-06,0.4008438818565401,0.20865533230293662,0.10934393638170974,1.0
2018-12-07,0.45454545454545464,0.21413276231263384,0.10934393638170974,1.0
2018-12-10,0.45454545454545464,0.21413276231263384,0.10934393638170974,1.0
2018-12-11,0.4008438818565401,0.21413276231263384,0.10934393638170974,1.0
2018-12-12,0.4008438818565401,0.20865533230293662,0.10934393638170974,1.0
2018-12-13,0.4008438818565401,0.20865533230293662,0.10934393638170974,1.0
2018-12-14,0.45454545454545464,0.21413276231263384,0.10934393638170974,1.0
2018-12-17,0.45454545454545464,0.28,0.1579601990049751,1.0
2018-12-18,0.45454545454545464,0.28,0.1579601990049751,1.0
2018-12-19,0.45454545454545464,0.3123425692695214,0.1579601990049751,1.0
2018-12-20,0.45454545454545464,0.2857142857142857,0.2404692082111437,0.0
2018-12-21,0.45454545454545464,0.28,0.16326530612244897,0.0
2018-12-24,0.45454545454545464,0.21413276231263384,0.2404692082111437,0.0
2018-12-26,0.45454545454545464,0.21413276231263384,0.1579601990049751,0.0
2018-12-27,0.45454545454545464,0.21413276231263384,0.1579601990049751,0.0
2018-12-28,0.45454545454545464,0.21413276231263384,0.1111111111111111,0.0
2018-12-31,0.45454545454545464,0.21413276231263384,0.10934393638170974,0.0
2019-01-02,0.45454545454545464,0.3123425692695214,0.09348093480934809,0.0
2019-01-03,0.45454545454545464,0.3123425692695214,0.09348093480934809,0.0
2019-01-04,0.45454545454545464,0.21413276231263384,0.09348093480934809,0.0
2019-01-07,0.45454545454545464,0.21413276231263384,0.09348093480934809,0.0
2019-01-08,0.45454545454545464,0.21413276231263384,0.09348093480934809,0.0
2019-01-09,0.45454545454545464,0.21413276231263384,0.09348093480934809,0.0
2019-01-10,0.4008438818565401,0.21413276231263384,0.09348093480934809,0.0
2019-01-11,0.4008438818565401,0.20865533230293662,0.09348093480934809,0.0
2019-01-14,0.4008438818565401,0.21413276231263384,0.09348093480934809,0.0
2019-01-15,0.4008438818565401,0.21413276231263384,0.09348093480934809,0.0
2019-01-16,0.4008438818565401,0.3123425692695214,0.10934393638170974,0.0
2019-01-17,0.4008438818565401,0.3123425692695214,0.10934393638170974,0.0
2019-01-18,0.3001017293997966,0.21413276231263384,0.10934393638170974,0.0
2019-01-22,0.4008438818565401,0.21413276231263384,0.10934393638170974,0.0
2019-01-23,0.4008438818565401,0.20865533230293662,0.09348093480934809,0.0
2019-01-24,0.3990556547760097,0.21413276231263384,0.09348093480934809,0.0
2019-01-25,0.3001017293997966,0.19534883720930232,0.09348093480934809,0.0
2019-01-28,0.3001017293997966,0.19534883720930232,0.09348093480934809,0.0
2019-01-29,0.39655172413793105,0.19534883720930232,0.09348093480934809,0.0
2019-01-30,0.3001017293997966,0.15706806282722516,0.09348093480934809,0.0
2019-01-31,0.3001017293997966,0.19534883720930232,0.09348093480934809,0.0
2019-02-01,0.3001017293997966,0.14733698357391736,0.09348093480934809,0.0
2019-02-04,0.3001017293997966,0.14733698357391736,0.09348093480934809,0.0
2019-02-05,0.3001017293997966,0.14733698357391736,0.09348093480934809,0.0
2019-02-06,0.3001017293997966,0.14733698357391736,0.09348093480934809,0.0
2019-02-07,0.3001017293997966,0.14733698357391736,0.09348093480934809,0.0
2019-02-08,0.3001017293997966,0.14733698357391736,0.09348093480934809,0.0
2019-02-11,0.3001017293997966,0.14733698357391736,0.09348093480934809,0.0
2019-02-12,0.3001017293997966,0.14733698357391736,0.09348093480934809,0.0
2019-02-13,0.3001017293997966,0.14733698357391736,0.09348093480934809,0.0
2019-02-14,0.3001017293997966,0.14733698357391736,0.09348093480934809,0.0
2019-02-15,0.27167630057803466,0.14733698357391736,0.09348093480934809,0.0
2019-02-19,0.2832369942196532,0.14733698357391736,0.09348093480934809,0.0
2019-02-20,0.27167630057803466,0.14733698357391736,0.09348093480934809,0.0
2019-02-21,0.2832369942196532,0.14733698357391736,0.09348093480934809,0.0
2019-02-22,0.27167630057803466,0.14733698357391736,0.0,0.0
2019-02-25,0.27167630057803466,0.14733698357391736,0.09348093480934809,0.0
2019-02-26,0.27167630057803466,0.14733698357391736,0.0,0.0
2019-02-27,0.27167630057803466,0.14733698357391736,0.0,0.0
2019-02-28,0.27167630057803466,0.14733698357391736,0.0,0.0
2019-03-01,0.251959686450168,0.14733698357391736,0.0,0.0
2019-03-04,0.27167630057803466,0.14733698357391736,0.0,0.0
2019-03-05,0.251959686450168,0.14733698357391736,0.0,0.0
2019-03-06,0.27167630057803466,0.14733698357391736,0.0,0.0
2019-03-07,0.2832369942196532,0.14733698357391736,0.0,0.0
2019-03-08,0.2832369942196532,0.14733698357391736,0.0,0.0
2019-03-11,0.251959686450168,0.14733698357391736,0.0,0.0
2019-03-12,0.251959686450168,0.14733698357391736,0.0,0.0
2019-03-13,0.251959686450168,0.14733698357391736,0.0,0.0
2019-03-14,0.251959686450168,0.14733698357391736,0.0,0.0
2019-03-15,0.251959686450168,0.14733698357391736,0.0,0.0
2019-03-18,0.251959686450168,0.14733698357391736,0.0,0.0
2019-03-19,0.251959686450168,0.14733698357391736,0.0,0.0
2019-03-20,0.251959686450168,0.14733698357391736,0.0,0.0
2019-03-21,0.251959686450168,0.14733698357391736,0.0,0.0
2019-03-22,0.3001017293997966,0.14733698357391736,0.0,0.0
2019-03-25,0.3001017293997966,0.14733698357391736,0.0,0.0
2019-03-26,0.27167630057803466,0.14733698357391736,0.0,0.0
2019-03-27,0.2832369942196532,0.14733698357391736,0.0,0.0
2019-03-28,0.27167630057803466,0.14733698357391736,0.0,0.0
2019-03-29,0.27167630057803466,0.14733698357391736,0.0,0.0
2019-04-01,0.251959686450168,0.14733698357391736,0.0,0.0
2019-04-02,0.251959686450168,0.14733698357391736,0.0,0.0
2019-04-03,0.251959686450168,0.14733698357391736,0.0,0.0
2019-04-04,0.2354235423542355,0.13359273670557717,0.0,0.0
2019-04-05,0.2354235423542355,0.13359273670557717,0.0,1.0
2019-04-08,0.2354235423542355,0.13359273670557717,0.0,1.0
2019-04-09,0.2354235423542355,0.13359273670557717,0.09741144414168937,0.0
2019-04-10,0.2354235423542355,0.13359273670557717,0.09741144414168937,0.0
2019-04-11,0.2354235423542355,0.13359273670557717,0.09741144414168937,0.0
2019-04-12,0.2354235423542355,0.13359273670557717,0.09741144414168937,1.0
2019-04-15,0.2354235423542355,0.13359273670557717,0.09741144414168937,1.0
2019-04-16,0.2354235423542355,0.13359273670557717,0.09741144414168937,1.0
2019-04-17,0.2354235423542355,0.13359273670557717,0.09741144414168937,1.0
2019-04-18,0.2354235423542355,0.13359273670557717,0.09741144414168937,1.0
2019-04-22,0.2354235423542355,0.13359273670557717,0.09741144414168937,1.0
2019-04-23,0.2354235423542355,0.13359273670557717,0.09741144414168937,1.0
2019-04-24,0.2354235423542355,0.13359273670557717,0.09741144414168937,1.0
2019-04-25,0.2354235423542355,0.13359273670557717,0.09741144414168937,1.0
2019-04-26,0.2354235423542355,0.13359273670557717,0.09741144414168937,1.0
2019-04-29,0.2354235423542355,0.13359273670557717,0.09741144414168937,1.0
2019-04-30,0.2354235423542355,0.13359273670557717,0.09741144414168937,1.0
2019-05-01,0.2354235423542355,0.13359273670557717,0.09741144414168937,1.0
2019-05-02,0.2354235423542355,0.13359273670557717,0.09741144414168937,1.0
2019-05-03,0.2354235423542355,0.13359273670557717,0.09741144414168937,1.0
2019-05-06,0.2354235423542355,0.13359273670557717,0.09741144414168937,1.0
2019-05-07,0.2909090909090909,0.13359273670557717,0.09741144414168937,0.0
2019-05-08,0.2909090909090909,0.13359273670557717,0.09741144414168937,0.0
2019-05-09,0.2909090909090909,0.13359273670557717,0.09741144414168937,0.0
2019-05-10,0.26627218934911245,0.13359273670557717,0.09741144414168937,0.0
2019-05-13,0.328740157480315,0.13359273670557717,0.09741144414168937,0.0
2019-05-14,0.3188405797101449,0.13359273670557717,0.09741144414168937,0.0
2019-05-15,0.2909090909090909,0.13359273670557717,0.09741144414168937,0.0
2019-05-16,0.26627218934911245,0.13359273670557717,0.09741144414168937,0.0
2019-05-17,0.2909090909090909,0.13359273670557717,0.09741144414168937,0.0
2019-05-20,0.3142857142857143,0.13359273670557717,0.09741144414168937,0.0
2019-05-21,0.2909090909090909,0.13359273670557717,0.09741144414168937,0.0
2019-05-22,0.2909090909090909,0.13359273670557717,0.09741144414168937,0.0
2019-05-23,0.3188405797101449,0.13359273670557717,0.09741144414168937,0.0
2019-05-24,0.2909090909090909,0.13359273670557717,0.09741144414168937,0.0
2019-05-28,0.328740157480315,0.13359273670557717,0.09741144414168937,0.0
2019-05-29,0.328740157480315,0.13359273670557717,0.09741144414168937,0.0
2019-05-30,0.3188405797101449,0.13359273670557717,0.09741144414168937,0.0
2019-05-31,0.328740157480315,0.13359273670557717,0.09741144414168937,0.0
2019-06-03,0.328740157480315,0.13359273670557717,0.09741144414168937,0.0
2019-06-04,0.328740157480315,0.13359273670557717,0.09741144414168937,0.0
2019-06-05,0.3162410421454778,0.13359273670557717,0.09741144414168937,0.0
2019-06-06,0.3142857142857143,0.13359273670557717,0.09741144414168937,0.0
2019-06-07,0.2909090909090909,0.13359273670557717,0.09741144414168937,0.0
2019-06-10,0.2909090909090909,0.13359273670557717,0.09741144414168937,0.0
2019-06-11,0.26627218934911245,0.13359273670557717,0.09741144414168937,0.0
2019-06-12,0.26627218934911245,0.13359273670557717,0.09741144414168937,0.0
2019-06-13,0.26627218934911245,0.13359273670557717,0.09741144414168937,0.0
2019-06-14,0.26627218934911245,0.13359273670557717,0.09741144414168937,0.0
2019-06-17,0.26627218934911245,0.13359273670557717,0.09741144414168937,0.0
2019-06-18,0.2354235423542355,0.13359273670557717,0.09741144414168937,0.0
2019-06-19,0.2354235423542355,0.13359273670557717,0.09741144414168937,0.0
2019-06-20,0.2354235423542355,0.13359273670557717,0.09741144414168937,0.0
2019-06-21,0.2354235423542355,0.13359273670557717,0.09741144414168937,0.0
2019-06-24,0.2354235423542355,0.13359273670557717,0.09741144414168937,0.0
2019-06-25,0.26627218934911245,0.13359273670557717,0.09741144414168937,0.0
2019-06-26,0.26627218934911245,0.13359273670557717,0.09741144414168937,0.0
2019-06-27,0.2354235423542355,0.13359273670557717,0.09741144414168937,0.0
2019-06-28,0.2354235423542355,0.13359273670557717,0.09741144414168937,0.0
2019-07-01,0.26627218934911245,0.13359273670557717,0.09741144414168937,0.0
2019-07-02,0.2354235423542355,0.13359273670557717,0.09741144414168937,0.0
2019-07-03,0.2354235423542355,0.13359273670557717,0.09741144414168937,1.0
2019-07-05,0.2354235423542355,0.13359273670557717,0.09741144414168937,1.0
2019-07-08,0.2354235423542355,0.13359273670557717,0.09741144414168937,0.0
2019-07-09,0.2354235423542355,0.13359273670557717,0.09741144414168937,0.0
2019-07-10,0.2354235423542355,0.13359273670557717,0.09741144414168937,1.0
2019-07-11,0.2354235423542355,0.13359273670557717,0.09741144414168937,1.0
2019-07-12,0.2354235423542355,0.13359273670557717,0.09741144414168937,1.0
2019-07-15,0.2354235423542355,0.13359273670557717,0.09741144414168937,1.0
2019-07-16,0.2354235423542355,0.13359273670557717,0.09741144414168937,1.0
2019-07-17,0.2354235423542355,0.13359273670557717,0.09741144414168937,0.0
2019-07-18,0.2354235423542355,0.13359273670557717,0.09741144414168937,1.0
2019-07-19,0.2354235423542355,0.13359273670557717,0.09741144414168937,0.0
2019-07-22,0.2354235423542355,0.13359273670557717,0.09741144414168937,0.0
2019-07-23,0.2354235423542355,0.13359273670557717,0.09741144414168937,1.0
2019-07-24,0.2354235423542355,0.13359273670557717,0.09741144414168937,1.0
2019-07-25,0.2354235423542355,0.13359273670557717,0.09741144414168937,1.0
2019-07-26,0.2354235423542355,0.13359273670557717,0.09741144414168937,1.0
2019-07-29,0.2354235423542355,0.13359273670557717,0.09741144414168937,1.0
2019-07-30,0.2354235423542355,0.13359273670557717,0.09741144414168937,1.0
2019-07-31,0.2909090909090909,0.13359273670557717,0.09741144414168937,0.0
2019-08-01,0.3188405797101449,0.13359273670557717,0.09741144414168937,0.0
2019-08-02,0.328740157480315,0.13359273670557717,0.09741144414168937,0.0
2019-08-05,0.41767068273092367,0.18051831992850761,0.09741144414168937,0.0
2019-08-06,0.34375,0.13359273670557717,0.09741144414168937,0.0
2019-08-07,0.328740157480315,0.13359273670557717,0.09741144414168937,0.0
2019-08-08,0.328740157480315,0.13359273670557717,0.09741144414168937,0.0
2019-08-09,0.34375,0.18051831992850761,0.09741144414168937,0.0
2019-08-12,0.41767068273092367,0.18051831992850761,0.09741144414168937,0.0
2019-08-13,0.34375,0.18051831992850761,0.09741144414168937,0.0
2019-08-14,0.41767068273092367,0.18051831992850761,0.09741144414168937,0.0
2019-08-15,0.41767068273092367,0.18051831992850761,0.09741144414168937,0.0
2019-08-16,0.41767068273092367,0.18051831992850761,0.09741144414168937,0.0
2019-08-19,0.34375,0.18051831992850761,0.09741144414168937,0.0
2019-08-20,0.41767068273092367,0.18051831992850761,0.09741144414168937,0.0
2019-08-21,0.328740157480315,0.18051831992850761,0.09741144414168937,0.0
2019-08-22,0.34375,0.18051831992850761,0.09741144414168937,0.0
2019-08-23,0.41767068273092367,0.18051831992850761,0.09741144414168937,0.0
2019-08-26,0.41767068273092367,0.18051831992850761,0.09741144414168937,0.0
2019-08-27,0.41767068273092367,0.18051831992850761,0.09741144414168937,0.0
2019-08-28,0.41767068273092367,0.18051831992850761,0.09741144414168937,0.0
2019-08-29,0.41767068273092367,0.18051831992850761,0.09741144414168937,0.0
2019-08-30,0.41767068273092367,0.18051831992850761,0.09741144414168937,0.0
2019-09-03,0.41767068273092367,0.18051831992850761,0.09741144414168937,0.0
2019-09-04,0.39285714285714285,0.18051831992850761,0.09741144414168937,0.0
2019-09-05,0.328740157480315,0.18051831992850761,0.09741144414168937,0.0
2019-09-06,0.328740157480315,0.18051831992850761,0.09741144414168937,0.0
2019-09-09,0.328740157480315,0.18051831992850761,0.09741144414168937,0.0
2019-09-10,0.328740157480315,0.18051831992850761,0.09741144414168937,0.0
2019-09-11,0.328740157480315,0.18051831992850761,0.09741144414168937,0.0
2019-09-12,0.3188405797101449,0.18051831992850761,0.09741144414168937,0.0
2019-09-13,0.3142857142857143,0.18051831992850761,0.18840579710144928,0.0
2019-09-16,0.328740157480315,0.18051831992850761,0.1750465549348231,0.0
2019-09-17,0.3188405797101449,0.18051831992850761,0.1750465549348231,0.0
2019-09-18,0.3142857142857143,0.18051831992850761,0.1750465549348231,0.0
2019-09-19,0.3142857142857143,0.18051831992850761,0.1750465549348231,0.0
2019-09-20,0.328740157480315,0.18051831992850761,0.1750465549348231,0.0
2019-09-23,0.3188405797101449,0.18051831992850761,0.09741144414168937,0.0
2019-09-24,0.328740157480315,0.18051831992850761,0.10067114093959731,0.0
2019-09-25,0.328740157480315,0.18051831992850761,0.10067114093959731,0.0
2019-09-26,0.328740157480315,0.18051831992850761,0.10067114093959731,0.0
2019-09-27,0.328740157480315,0.18051831992850761,0.10067114093959731,0.0
2019-09-30,0.328740157480315,0.18051831992850761,0.09741144414168937,0.0
2019-10-01,0.39285714285714285,0.18051831992850761,0.10067114093959731,0.0
2019-10-02,0.41767068273092367,0.18051831992850761,0.09741144414168937,0.0
2019-10-03,0.41767068273092367,0.18051831992850761,0.09741144414168937,0.0
2019-10-04,0.34375,0.18051831992850761,0.09741144414168937,0.0
2019-10-07,0.39285714285714285,0.18051831992850761,0.09741144414168937,0.0
2019-10-08,0.41767068273092367,0.18051831992850761,0.10067114093959731,0.0
2019-10-09,0.41767068273092367,0.18051831992850761,0.10067114093959731,0.0
2019-10-10,0.34375,0.18051831992850761,0.11777669067152471,0.0
2019-10-11,0.328740157480315,0.18051831992850761,0.10067114093959731,0.0
2019-10-14,0.328740157480315,0.18253968253968253,0.10067114093959731,0.0
2019-10-15,0.2909090909090909,0.18253968253968253,0.10067114093959731,0.0
2019-10-16,0.2909090909090909,0.20087336244541487,0.10067114093959731,0.0
2019-10-17,0.2909090909090909,0.20087336244541487,0.10067114093959731,0.0
2019-10-18,0.2909090909090909,0.18051831992850761,0.1750465549348231,0.0
2019-10-21,0.26627218934911245,0.18253968253968253,0.1750465549348231,0.0
2019-10-22,0.2909090909090909,0.18253968253968253,0.1750465549348231,0.0
2019-10-23,0.2909090909090909,0.18051831992850761,0.1750465549348231,0.0
2019-10-24,0.26627218934911245,0.18051831992850761,0.1750465549348231,0.0
2019-10-25,0.2354235423542355,0.18051831992850761,0.09741144414168937,0.0
2019-10-28,0.2354235423542355,0.18051831992850761,0.10067114093959731,0.0
2019-10-29,0.2354235423542355,0.18051831992850761,0.10067114093959731,0.0
2019-10-30,0.2354235423542355,0.18051831992850761,0.09741144414168937,0.0
2019-10-31,0.2354235423542355,0.18051831992850761,0.09741144414168937,0.0
2019-11-01,0.2354235423542355,0.17839739879489466,0.09741144414168937,0.0
2019-11-04,0.2354235423542355,0.18051831992850761,0.10067114093959731,0.0
2019-11-05,0.2354235423542355,0.18051831992850761,0.10067114093959731,0.0
2019-11-06,0.2354235423542355,0.18051831992850761,0.10067114093959731,0.0
2019-11-07,0.2354235423542355,0.18051831992850761,0.1750465549348231,0.0
2019-11-08,0.23015873015873015,0.18051831992850761,0.10067114093959731,0.0
2019-11-11,0.2354235423542355,0.18051831992850761,0.10067114093959731,0.0
2019-11-12,0.2354235423542355,0.18051831992850761,0.10067114093959731,0.0
2019-11-13,0.2354235423542355,0.18051831992850761,0.1750465549348231,0.0
2019-11-14,0.2354235423542355,0.18051831992850761,0.10067114093959731,0.0
2019-11-15,0.23015873015873015,0.18051831992850761,0.10067114093959731,0.0
2019-11-18,0.23015873015873015,0.13359273670557717,0.10067114093959731,0.0
2019-11-19,0.2354235423542355,0.18051831992850761,0.10067114093959731,0.0
2019-11-20,0.2354235423542355,0.13359273670557717,0.09741144414168937,0.0
2019-11-21,0.2354235423542355,0.18051831992850761,0.10067114093959731,0.0
2019-11-22,0.2354235423542355,0.18051831992850761,0.09741144414168937,0.0
2019-11-25,0.2354235423542355,0.13359273670557717,0.09741144414168937,0.0
2019-11-26,0.2354235423542355,0.18051831992850761,0.09741144414168937,0.0
2019-11-27,0.23015873015873015,0.18051831992850761,0.09741144414168937,0.0
2019-11-29,0.23015873015873015,0.18051831992850761,0.10067114093959731,0.0
2019-12-02,0.2354235423542355,0.18051831992850761,0.24174372523117574,0.0
2019-12-03,0.2354235423542355,0.18051831992850761,0.22093023255813954,0.0
2019-12-04,0.2354235423542355,0.18051831992850761,0.24174372523117574,0.0
2019-12-05,0.2354235423542355,0.18051831992850761,0.24174372523117574,0.0
2019-12-06,0.2354235423542355,0.18253968253968253,0.24174372523117574,0.0
2019-12-09,0.2354235423542355,0.20087336244541487,0.25225225225225223,0.0
2019-12-10,0.2354235423542355,0.20087336244541487,0.3469387755102041,0.0
2019-12-11,0.2354235423542355,0.18051831992850761,0.25225225225225223,0.0
2019-12-12,0.2354235423542355,0.18253968253968253,0.3469387755102041,0.0
2019-12-13,0.2354235423542355,0.18051831992850761,0.29069767441860467,0.0
2019-12-16,0.23015873015873015,0.18051831992850761,0.3448275862068966,0.0
2019-12-17,0.2354235423542355,0.18253968253968253,0.4462809917355372,0.0
2019-12-18,0.2354235423542355,0.20087336244541487,0.4774193548387097,0.0
2019-12-19,0.2354235423542355,0.20087336244541487,0.4462809917355372,0.0
2019-12-20,0.2354235423542355,0.20087336244541487,0.5254237288135594,0.0
2019-12-23,0.2354235423542355,0.20087336244541487,0.5254237288135594,0.0
2019-12-24,0.2354235423542355,0.20087336244541487,0.4774193548387097,0.0
2019-12-26,0.2354235423542355,0.20087336244541487,0.4462809917355372,0.0
2019-12-27,0.2354235423542355,0.18051831992850761,0.3448275862068966,0.0
2019-12-30,0.2354235423542355,0.18051831992850761,0.3953488372093023,1.0
2019-12-31,0.2354235423542355,0.18051831992850761,0.29069767441860467,1.0
2020-01-02,0.1913265306122449,0.18051831992850761,0.24174372523117574,1.0
2020-01-03,0.2354235423542355,0.18051831992850761,0.24174372523117574,1.0
2020-01-06,0.23015873015873015,0.18051831992850761,0.24174372523117574,1.0
2020-01-07,0.2354235423542355,0.18051831992850761,0.24174372523117574,1.0
2020-01-08,0.22018348623853212,0.18051831992850761,0.24174372523117574,1.0
2020-01-09,0.1913265306122449,0.18051831992850761,0.24174372523117574,1.0
2020-01-10,0.1913265306122449,0.13359273670557717,0.1750465549348231,1.0
2020-01-13,0.1913265306122449,0.18051831992850761,0.1750465549348231,1.0
2020-01-14,0.1913265306122449,0.18051831992850761,0.1750465549348231,1.0
2020-01-15,0.1913265306122449,0.13359273670557717,0.1750465549348231,1.0
2020-01-16,0.1913265306122449,0.18051831992850761,0.1750465549348231,1.0
2020-01-17,0.18115942028985507,0.18051831992850761,0.21686746987951808,1.0
2020-01-21,0.1913265306122449,0.13359273670557717,0.21686746987951808,1.0
2020-01-22,0.18115942028985507,0.13359273670557717,0.1750465549348231,1.0
2020-01-23,0.1913265306122449,0.13359273670557717,0.24174372523117574,1.0
2020-01-24,0.2354235423542355,0.13359273670557717,0.24174372523117574,1.0
2020-01-27,0.26627218934911245,0.18051831992850761,0.1750465549348231,1.0
2020-01-28,0.2354235423542355,0.18051831992850761,0.21686746987951808,1.0
2020-01-29,0.2354235423542355,0.13359273670557717,0.10067114093959731,1.0
2020-01-30,0.2354235423542355,0.13359273670557717,0.10067114093959731,1.0
2020-01-31,0.2909090909090909,0.18051831992850761,0.09741144414168937,1.0
2020-02-03,0.26627218934911245,0.18051831992850761,0.09741144414168937,1.0
2020-02-04,0.2354235423542355,0.13359273670557717,0.10067114093959731,1.0
2020-02-05,0.2354235423542355,0.18051831992850761,0.1750465549348231,1.0
2020-02-06,0.2354235423542355,0.18051831992850761,0.1750465549348231,1.0
2020-02-07,0.2354235423542355,0.18051831992850761,0.25225225225225223,1.0
2020-02-10,0.2354235423542355,0.18051831992850761,0.25225225225225223,1.0
2020-02-11,0.2354235423542355,0.18051831992850761,0.25225225225225223,1.0
2020-02-12,0.23015873015873015,0.18051831992850761,0.29069767441860467,1.0
2020-02-13,0.2354235423542355,0.18051831992850761,0.3469387755102041,1.0
2020-02-14,0.2354235423542355,0.18051831992850761,0.5852090032154341,1.0
2020-02-18,0.2354235423542355,0.18051831992850761,0.5852090032154341,1.0
2020-02-19,0.25268292682926835,0.1651376146788991,0.5827338129496403,1.0
2020-02-20,0.25268292682926835,0.1651376146788991,0.5827338129496403,1.0
2020-02-21,0.2972972972972973,0.3247422680412371,0.5827338129496403,1.0
2020-02-24,0.3548387096774194,0.42696629213483145,0.4095940959409594,1.0
2020-02-25,0.3961904761904762,0.3939393939393939,0.38188976377952755,1.0
2020-02-26,0.3961904761904762,0.3669724770642202,0.38188976377952755,1.0
2020-02-27,0.3961904761904762,0.3669724770642202,0.38188976377952755,1.0
2020-02-28,0.3961904761904762,0.3939393939393939,0.16216216216216223,1.0
2020-03-02,0.3961904761904762,0.25149700598802394,0.16216216216216223,1.0
2020-03-03,0.3961904761904762,0.25149700598802394,0.20394736842105263,1.0
2020-03-04,0.3961904761904762,0.4309133489461358,0.38188976377952755,1.0
2020-03-05,0.3961904761904762,0.3939393939393939,0.36254980079681276,1.0
2020-03-06,0.3961904761904762,0.3939393939393939,0.3508771929824561,1.0
2020-03-09,0.3961904761904762,0.25149700598802394,0.261136712749616,1.0
2020-03-10,0.3961904761904762,0.3247422680412371,0.3508771929824561,1.0
2020-03-11,0.3961904761904762,0.3247422680412371,0.36254980079681276,1.0
2020-03-12,0.3961904761904762,0.3669724770642202,0.38188976377952755,1.0
2020-03-13,0.3961904761904762,0.4309133489461358,0.42613636363636365,1.0
2020-03-16,0.3961904761904762,0.42696629213483145,0.4095940959409594,1.0
2020-03-17,0.4653846153846153,0.4309133489461358,0.42613636363636365,1.0
2020-03-18,0.4653846153846153,0.4309133489461358,0.42613636363636365,1.0
2020-03-19,0.3961904761904762,0.4309133489461358,0.42613636363636365,1.0
2020-03-20,0.3961904761904762,0.4309133489461358,0.42613636363636365,0.0
2020-03-23,0.3961904761904762,0.4309133489461358,0.42613636363636365,0.0
2020-03-24,0.3961904761904762,0.4309133489461358,0.4095940959409594,0.0
2020-03-25,0.3961904761904762,0.4309133489461358,0.4095940959409594,0.0
2020-03-26,0.3961904761904762,0.4309133489461358,0.4095940959409594,1.0
2020-03-27,0.3961904761904762,0.42696629213483145,0.4095940959409594,0.0
2020-03-30,0.3961904761904762,0.4309133489461358,0.42613636363636365,1.0
2020-03-31,0.3961904761904762,0.4657534246575342,0.4210019905242283,0.0
2020-04-01,0.6,0.476923076923077,0.7777777777777778,0.0
2020-04-02,0.6,0.476923076923077,0.7777777777777778,0.0
2020-04-03,0.4653846153846153,0.476923076923077,0.7777777777777778,0.0
2020-04-06,0.4653846153846153,0.476923076923077,0.7777777777777778,0.0
2020-04-07,0.4653846153846153,0.476923076923077,0.7777777777777778,0.0
2020-04-08,0.4653846153846153,0.476923076923077,0.7777777777777778,0.0
2020-04-09,0.4653846153846153,0.476923076923077,0.7777777777777778,0.0
2020-04-13,0.4653846153846153,0.476923076923077,0.75,0.0
2020-04-14,0.4653846153846153,0.476923076923077,0.75,0.0
2020-04-15,0.4653846153846153,0.476923076923077,0.75,0.0
2020-04-16,0.4653846153846153,0.476923076923077,0.7407407407407407,0.0
2020-04-17,0.4653846153846153,0.476923076923077,0.7777777777777778,0.0
2020-04-20,0.4653846153846153,0.476923076923077,0.7777777777777778,0.0
2020-04-21,0.4653846153846153,0.476923076923077,0.7690781320817435,0.0
2020-04-22,0.4653846153846153,0.476923076923077,0.75,0.0
2020-04-23,0.4653846153846153,0.476923076923077,0.7407407407407407,0.0
2020-04-24,0.3961904761904762,0.476923076923077,0.5827338129496403,0.0
2020-04-27,0.3961904761904762,0.476923076923077,0.7407407407407407,0.0
2020-04-28,0.3961904761904762,0.476923076923077,0.5827338129496403,0.0
2020-04-29,0.3961904761904762,0.476923076923077,0.5827338129496403,0.0
2020-04-30,0.3961904761904762,0.476923076923077,0.5827338129496403,0.0
2020-05-01,0.32673267326732675,0.6666666666666666,1.0,0.0
2020-05-04,0.32673267326732675,0.6923076923076923,1.0,0.0
2020-05-05,0.32673267326732675,0.6923076923076923,1.0,0.0
2020-05-06,0.32673267326732675,0.6923076923076923,1.0,0.0
2020-05-07,0.31496062992125984,0.6923076923076923,1.0,0.0
2020-05-08,0.31496062992125984,0.6923076923076923,1.0,0.0
2020-05-11,0.31496062992125984,0.6923076923076923,1.0,0.0
2020-05-12,0.32673267326732675,0.476923076923077,1.0,0.0
2020-05-13,0.3961904761904762,0.476923076923077,1.0,0.0
2020-05-14,0.32673267326732675,0.476923076923077,1.0,0.0
2020-05-15,0.32673267326732675,0.476923076923077,1.0,0.0
2020-05-18,0.31496062992125984,0.476923076923077,1.0,0.0
2020-05-19,0.31496062992125984,0.476923076923077,0.7777777777777778,0.0
2020-05-20,0.31496062992125984,0.476923076923077,0.7777777777777778,0.0
2020-05-21,0.31496062992125984,0.476923076923077,0.7777777777777778,0.0
2020-05-22,0.31496062992125984,0.4657534246575342,0.7777777777777778,0.0
2020-05-26,0.2972972972972973,0.4523809523809524,0.7777777777777778,0.0
2020-05-27,0.2972972972972973,0.4657534246575342,0.7777777777777778,0.0
2020-05-28,0.2972972972972973,0.4309133489461358,0.75,0.0
2020-05-29,0.26666666666666666,0.4309133489461358,0.6666666666666666,0.0
2020-06-01,0.25268292682926835,0.42696629213483145,0.5827338129496403,0.0
2020-06-02,0.25268292682926835,0.42696629213483145,0.5604395604395606,0.0
2020-06-03,0.25268292682926835,0.3247422680412371,0.5604395604395606,0.0
2020-06-04,0.25268292682926835,0.3247422680412371,0.5604395604395606,0.0
2020-06-05,0.25268292682926835,0.20316622691292877,0.5604395604395606,1.0
2020-06-08,0.25268292682926835,0.20316622691292877,0.5604395604395606,1.0
2020-06-09,0.25268292682926835,0.20316622691292877,0.5604395604395606,1.0
2020-06-10,0.25268292682926835,0.1651376146788991,0.5604395604395606,1.0
2020-06-11,0.2972972972972973,0.20316622691292877,0.42613636363636365,0.0
2020-06-12,0.26666666666666666,0.3247422680412371,0.5604395604395606,0.0
2020-06-15,0.25268292682926835,0.25149700598802394,0.42613636363636365,0.0
2020-06-16,0.25268292682926835,0.3247422680412371,0.5604395604395606,0.0
2020-06-17,0.25268292682926835,0.3247422680412371,0.5604395604395606,0.0
2020-06-18,0.25268292682926835,0.3669724770642202,0.5604395604395606,0.0
2020-06-19,0.26666666666666666,0.3669724770642202,0.5604395604395606,0.0
2020-06-22,0.25268292682926835,0.3247422680412371,0.42613636363636365,0.0
2020-06-23,0.25268292682926835,0.3247422680412371,0.42613636363636365,0.0
2020-06-24,0.26666666666666666,0.3247422680412371,0.42613636363636365,0.0
2020-06-25,0.26666666666666666,0.3247422680412371,0.42613636363636365,0.0
2020-06-26,0.26666666666666666,0.3669724770642202,0.4095940959409594,0.0
2020-06-29,0.26666666666666666,0.3669724770642202,0.4095940959409594,0.0
2020-06-30,0.25268292682926835,0.3669724770642202,0.42613636363636365,0.0
2020-07-01,0.25268292682926835,0.3669724770642202,0.4095940959409594,0.0
2020-07-02,0.25268292682926835,0.3939393939393939,0.4095940959409594,0.0
2020-07-06,0.25268292682926835,0.3669724770642202,0.4095940959409594,0.0
2020-07-07,0.25268292682926835,0.3247422680412371,0.40705038709381675,0.0
2020-07-08,0.25268292682926835,0.3247422680412371,0.38461538461538464,0.0
2020-07-09,0.25268292682926835,0.3247422680412371,0.38188976377952755,0.0
2020-07-10,0.25268292682926835,0.25149700598802394,0.38188976377952755,0.0
2020-07-13,0.25268292682926835,0.25149700598802394,0.38461538461538464,0.0
2020-07-14,0.25268292682926835,0.1651376146788991,0.38188976377952755,0.0
2020-07-15,0.25268292682926835,0.3247422680412371,0.5827338129496403,0.0
2020-07-16,0.25268292682926835,0.25149700598802394,0.38461538461538464,0.0
2020-07-17,0.25268292682926835,0.25149700598802394,0.4095940959409594,0.0
2020-07-20,0.25268292682926835,0.25149700598802394,0.38188976377952755,0.0
2020-07-21,0.25268292682926835,0.20316622691292877,0.38461538461538464,0.0
2020-07-22,0.25268292682926835,0.21739130434782608,0.38461538461538464,0.0
2020-07-23,0.25268292682926835,0.23529411764705882,0.38188976377952755,0.0
2020-07-24,0.25268292682926835,0.20316622691292877,0.38188976377952755,0.0
2020-07-27,0.25268292682926835,0.20316622691292877,0.38461538461538464,0.0
2020-07-28,0.25268292682926835,0.20316622691292877,0.38188976377952755,0.0
2020-07-29,0.25268292682926835,0.20316622691292877,0.38188976377952755,0.0
2020-07-30,0.25268292682926835,0.20316622691292877,0.38461538461538464,0.0
2020-07-31,0.25268292682926835,0.20316622691292877,0.38188976377952755,0.0
2020-08-03,0.25268292682926835,0.20316622691292877,0.38461538461538464,0.0
2020-08-04,0.25268292682926835,0.20316622691292877,0.38188976377952755,0.0
2020-08-05,0.25268292682926835,0.20316622691292877,0.38461538461538464,0.0
2020-08-06,0.2549329123914759,0.35555555555555557,0.41784037558685444,0.0
2020-08-07,0.2549329123914759,0.28854314002828857,0.41784037558685444,0.0
2020-08-10,0.2549329123914759,0.28854314002828857,0.46616541353383434,0.0
2020-08-11,0.2549329123914759,0.35555555555555557,0.46823956442831216,0.0
2020-08-12,0.2549329123914759,0.41954022988505757,0.46823956442831216,0.0
2020-08-13,0.2549329123914759,0.41954022988505757,0.46823956442831216,0.0
2020-08-14,0.2549329123914759,0.41954022988505757,0.46823956442831216,0.0
2020-08-17,0.21568627450980393,0.41954022988505757,0.46823956442831216,0.0
2020-08-18,0.2549329123914759,0.41954022988505757,0.46823956442831216,0.0
2020-08-19,0.2549329123914759,0.41954022988505757,0.46823956442831216,0.0
2020-08-20,0.2549329123914759,0.41954022988505757,0.46823956442831216,0.0
2020-08-21,0.21568627450980393,0.41954022988505757,0.46823956442831216,0.0
2020-08-24,0.21568627450980393,0.41954022988505757,0.46823956442831216,1.0
2020-08-25,0.21568627450980393,0.41954022988505757,0.46823956442831216,1.0
2020-08-26,0.21568627450980393,0.41954022988505757,0.46823956442831216,1.0
2020-08-27,0.21568627450980393,0.41954022988505757,0.46823956442831216,1.0
2020-08-28,0.21568627450980393,0.41954022988505757,0.46823956442831216,1.0
2020-08-31,0.21568627450980393,0.45161290322580644,0.5330490405117271,1.0
2020-09-01,0.21568627450980393,0.41954022988505757,0.37333333333333335,1.0
2020-09-02,0.21568627450980393,0.28854314002828857,0.3377483443708609,1.0
2020-09-03,0.2549329123914759,0.41954022988505757,0.37333333333333335,1.0
2020-09-04,0.2549329123914759,0.41954022988505757,0.41784037558685444,1.0
2020-09-08,0.2549329123914759,0.28854314002828857,0.3377483443708609,0.0
2020-09-09,0.2549329123914759,0.28854314002828857,0.37333333333333335,0.0
2020-09-10,0.2549329123914759,0.28854314002828857,0.24675324675324675,0.0
2020-09-11,0.2549329123914759,0.21182266009852216,0.24675324675324675,0.0
2020-09-14,0.2549329123914759,0.21182266009852216,0.24675324675324675,0.0
2020-09-15,0.2549329123914759,0.28854314002828857,0.24675324675324675,0.0
2020-09-16,0.2549329123914759,0.28854314002828857,0.24675324675324675,0.0
2020-09-17,0.2549329123914759,0.28854314002828857,0.24675324675324675,0.0
2020-09-18,0.2549329123914759,0.41954022988505757,0.24675324675324675,0.0
2020-09-21,0.2549329123914759,0.28854314002828857,0.24675324675324675,0.0
2020-09-22,0.2549329123914759,0.28854314002828857,0.2083333333333333,0.0
2020-09-23,0.2549329123914759,0.28854314002828857,0.2083333333333333,0.0
2020-09-24,0.2549329123914759,0.28854314002828857,0.14163614163614166,0.0
2020-09-25,0.2549329123914759,0.2636363636363636,0.14163614163614166,0.0
2020-09-28,0.2549329123914759,0.2636363636363636,0.14163614163614166,0.0
2020-09-29,0.2549329123914759,0.21182266009852216,0.14163614163614166,0.0
2020-09-30,0.2549329123914759,0.20481927710843373,0.2083333333333333,0.0
2020-10-01,0.2549329123914759,0.20481927710843373,0.24675324675324675,0.0
2020-10-02,0.2549329123914759,0.13811854268624252,0.3377483443708609,0.0
2020-10-05,0.2549329123914759,0.20481927710843373,0.46616541353383434,0.0
2020-10-06,0.2549329123914759,0.20481927710843373,0.41784037558685444,0.0
2020-10-07,0.2549329123914759,0.20481927710843373,0.46616541353383434,0.0
2020-10-08,0.2549329123914759,0.20481927710843373,0.46616541353383434,1.0
2020-10-09,0.2549329123914759,0.20481927710843373,0.46823956442831216,1.0
2020-10-12,0.2549329123914759,0.20481927710843373,0.46823956442831216,1.0
2020-10-13,0.2549329123914759,0.13811854268624252,0.46616541353383434,1.0
2020-10-14,0.2549329123914759,0.13811854268624252,0.46616541353383434,1.0
2020-10-15,0.2549329123914759,0.20481927710843373,0.46823956442831216,1.0
2020-10-16,0.2549329123914759,0.20481927710843373,0.46616541353383434,1.0
2020-10-19,0.2549329123914759,0.21182266009852216,0.46823956442831216,0.0
2020-10-20,0.2549329123914759,0.21182266009852216,0.46823956442831216,1.0
2020-10-21,0.2549329123914759,0.21182266009852216,0.46823956442831216,0.0
2020-10-22,0.2549329123914759,0.21182266009852216,0.46823956442831216,1.0
2020-10-23,0.2549329123914759,0.21182266009852216,0.46823956442831216,1.0
2020-10-26,0.2549329123914759,0.2636363636363636,0.46823956442831216,0.0
2020-10-27,0.2549329123914759,0.2636363636363636,0.46823956442831216,0.0
2020-10-28,0.2549329123914759,0.28854314002828857,0.46823956442831216,0.0
2020-10-29,0.2549329123914759,0.28854314002828857,0.5330490405117271,0.0
2020-10-30,0.2549329123914759,0.28854314002828857,0.46823956442831216,0.0
2020-11-02,0.2549329123914759,0.28854314002828857,0.46823956442831216,0.0
2020-11-03,0.2549329123914759,0.41954022988505757,0.46823956442831216,0.0
2020-11-04,0.2549329123914759,0.28854314002828857,0.41784037558685444,0.0
2020-11-05,0.2549329123914759,0.28854314002828857,0.41784037558685444,0.0
2020-11-06,0.2549329123914759,0.21182266009852216,0.46823956442831216,0.0
2020-11-09,0.2549329123914759,0.20481927710843373,0.46823956442831216,0.0
2020-11-10,0.2549329123914759,0.23636363636363636,0.46823956442831216,0.0
2020-11-11,0.21568627450980393,0.21182266009852216,0.46823956442831216,0.0
2020-11-12,0.2549329123914759,0.2636363636363636,0.46823956442831216,0.0
2020-11-13,0.21568627450980393,0.2636363636363636,0.46823956442831216,0.0
2020-11-16,0.21568627450980393,0.21182266009852216,0.46823956442831216,0.0
2020-11-17,0.21568627450980393,0.21182266009852216,0.46823956442831216,0.0
2020-11-18,0.21568627450980393,0.21182266009852216,0.46823956442831216,0.0
2020-11-19,0.21568627450980393,0.28854314002828857,0.46616541353383434,0.0
2020-11-20,0.21568627450980393,0.28854314002828857,0.37333333333333335,0.0
2020-11-23,0.21568627450980393,0.28854314002828857,0.3377483443708609,0.0
2020-11-24,0.21568627450980393,0.28854314002828857,0.24675324675324675,0.0
2020-11-25,0.21568627450980393,0.28854314002828857,0.24675324675324675,0.0
2020-11-27,0.21568627450980393,0.28854314002828857,0.24675324675324675,0.0
2020-11-30,0.21568627450980393,0.21182266009852216,0.24675324675324675,0.0
2020-12-01,0.16299137104506228,0.21182266009852216,0.14163614163614166,0.0
2020-12-02,0.16299137104506228,0.20481927710843373,0.14163614163614166,0.0
2020-12-03,0.16299137104506228,0.21182266009852216,0.14163614163614166,0.0
2020-12-04,0.16299137104506228,0.20481927710843373,0.14163614163614166,0.0
2020-12-07,0.16299137104506228,0.20481927710843373,0.14163614163614166,0.0
2020-12-08,0.16299137104506228,0.20481927710843373,0.14163614163614166,0.0
2020-12-09,0.16299137104506228,0.21182266009852216,0.2083333333333333,0.0
2020-12-10,0.16299137104506228,0.21182266009852216,0.2083333333333333,0.0
2020-12-11,0.16299137104506228,0.21182266009852216,0.23529411764705882,0.0
2020-12-14,0.16299137104506228,0.28854314002828857,0.24675324675324675,0.0
2020-12-15,0.16299137104506228,0.2636363636363636,0.2083333333333333,0.0
2020-12-16,0.16299137104506228,0.2636363636363636,0.14163614163614166,0.0
2020-12-17,0.16299137104506228,0.28854314002828857,0.18518518518518517,0.0
2020-12-18,0.16299137104506228,0.28854314002828857,0.14163614163614166,0.0
2020-12-21,0.16299137104506228,0.28854314002828857,0.24675324675324675,0.0
2020-12-22,0.16299137104506228,0.28854314002828857,0.23529411764705882,0.0
2020-12-23,0.16299137104506228,0.28854314002828857,0.2083333333333333,0.0
2020-12-24,0.16299137104506228,0.28854314002828857,0.18518518518518517,0.0
2020-12-28,0.16299137104506228,0.28854314002828857,0.14163614163614166,0.0
2020-12-29,0.16299137104506228,0.28854314002828857,0.14163614163614166,0.0
2020-12-30,0.16299137104506228,0.28854314002828857,0.14163614163614166,0.0
2020-12-31,0.16299137104506228,0.28854314002828857,0.14163614163614166,0.0
2021-01-04,0.16299137104506228,0.41954022988505757,0.46616541353383434,0.0
2021-01-05,0.16299137104506228,0.35555555555555557,0.46616541353383434,0.0
2021-01-06,0.16299137104506228,0.41954022988505757,0.46616541353383434,0.0
2021-01-07,0.16299137104506228,0.41954022988505757,0.3377483443708609,0.0
2021-01-08,0.16299137104506228,0.41954022988505757,0.3377483443708609,0.0
2021-01-11,0.16299137104506228,0.28854314002828857,0.41784037558685444,0.0
2021-01-12,0.16299137104506228,0.28854314002828857,0.41784037558685444,0.0
2021-01-13,0.16299137104506228,0.28854314002828857,0.41784037558685444,0.0
2021-01-14,0.16299137104506228,0.28854314002828857,0.46616541353383434,0.0
2021-01-15,0.16299137104506228,0.28854314002828857,0.46616541353383434,0.0
2021-01-19,0.16299137104506228,0.28854314002828857,0.41784037558685444,0.0
2021-01-20,0.16299137104506228,0.28854314002828857,0.3377483443708609,0.0
2021-01-21,0.16299137104506228,0.28854314002828857,0.3377483443708609,0.0
2021-01-22,0.16299137104506228,0.28854314002828857,0.3377483443708609,0.0
2021-01-25,0.16299137104506228,0.28854314002828857,0.3377483443708609,0.0
2021-01-26,0.16299137104506228,0.28854314002828857,0.3377483443708609,0.0
2021-01-27,0.16299137104506228,0.41954022988505757,0.46823956442831216,0.0
2021-01-28,0.16299137104506228,0.28854314002828857,0.46823956442831216,0.0
2021-01-29,0.16299137104506228,0.41954022988505757,0.46823956442831216,0.0
2021-02-01,0.16299137104506228,0.28854314002828857,0.46823956442831216,0.0
2021-02-02,0.16299137104506228,0.41954022988505757,0.41784037558685444,0.0
2021-02-03,0.16299137104506228,0.41954022988505757,0.24675324675324675,0.0
2021-02-04,0.16299137104506228,0.28854314002828857,0.24675324675324675,0.0
2021-02-05,0.16299137104506228,0.28854314002828857,0.3377483443708609,0.0
2021-02-08,0.16299137104506228,0.28854314002828857,0.3377483443708609,0.0
2021-02-09,0.16299137104506228,0.28854314002828857,0.3377483443708609,0.0
2021-02-10,0.16299137104506228,0.28854314002828857,0.41784037558685444,0.0
2021-02-11,0.16299137104506228,0.28854314002828857,0.41784037558685444,0.0
2021-02-12,0.16299137104506228,0.28854314002828857,0.41784037558685444,0.0
2021-02-16,0.16299137104506228,0.28854314002828857,0.46823956442831216,0.0
2021-02-17,0.16299137104506228,0.28854314002828857,0.46823956442831216,0.0
2021-02-18,0.16299137104506228,0.41954022988505757,0.46616541353383434,0.0
2021-02-19,0.16299137104506228,0.35555555555555557,0.41784037558685444,0.0
2021-02-22,0.16299137104506228,0.35555555555555557,0.46616541353383434,0.0
2021-02-23,0.16299137104506228,0.28854314002828857,0.41784037558685444,0.0
2021-02-24,0.16299137104506228,0.28854314002828857,0.41784037558685444,0.0
2021-02-25,0.16299137104506228,0.41954022988505757,0.46823956442831216,0.0
2021-02-26,0.16299137104506228,0.41954022988505757,0.46823956442831216,0.0
2021-03-01,0.16299137104506228,0.28854314002828857,0.37333333333333335,0.0
2021-03-02,0.16299137104506228,0.41954022988505757,0.41784037558685444,0.0
2021-03-03,0.16299137104506228,0.41954022988505757,0.46616541353383434,0.0
2021-03-04,0.16299137104506228,0.41954022988505757,0.46616541353383434,0.0
2021-03-05,0.16299137104506228,0.28854314002828857,0.41784037558685444,0.0
2021-03-08,0.16299137104506228,0.28854314002828857,0.41784037558685444,0.0
2021-03-09,0.16299137104506228,0.28854314002828857,0.3377483443708609,0.0
2021-03-10,0.16299137104506228,0.28854314002828857,0.41784037558685444,0.0
2021-03-11,0.16299137104506228,0.28854314002828857,0.37333333333333335,0.0
2021-03-12,0.16299137104506228,0.28854314002828857,0.41784037558685444,0.0
2021-03-15,0.16299137104506228,0.35555555555555557,0.37333333333333335,0.0
2021-03-16,0.16299137104506228,0.41954022988505757,0.41784037558685444,0.0
2021-03-17,0.16299137104506228,0.41954022988505757,0.37333333333333335,0.0
2021-03-18,0.16299137104506228,0.41954022988505757,0.46823956442831216,0.0
2021-03-19,0.16299137104506228,0.41954022988505757,0.46616541353383434,0.0
2021-03-22,0.16299137104506228,0.41954022988505757,0.37333333333333335,0.0
2021-03-23,0.16299137104506228,0.41954022988505757,0.41784037558685444,0.0
2021-03-24,0.16299137104506228,0.41954022988505757,0.41784037558685444,0.0
2021-03-25,0.16299137104506228,0.41954022988505757,0.37333333333333335,0.0
2021-03-26,0.16299137104506228,0.41954022988505757,0.37333333333333335,0.0
2021-03-29,0.16299137104506228,0.41954022988505757,0.41784037558685444,0.0
2021-03-30,0.16299137104506228,0.41954022988505757,0.37333333333333335,0.0
2021-03-31,0.16299137104506228,0.41954022988505757,0.37333333333333335,0.0
2021-04-01,0.16299137104506228,0.41954022988505757,0.41784037558685444,0.0
2021-04-05,0.16299137104506228,0.28854314002828857,0.46616541353383434,0.0
2021-04-06,0.16299137104506228,0.28854314002828857,0.41784037558685444,0.0
2021-04-07,0.16299137104506228,0.41954022988505757,0.41784037558685444,0.0
2021-04-08,0.16299137104506228,0.28854314002828857,0.41784037558685444,0.0
2021-04-09,0.16299137104506228,0.28854314002828857,0.46616541353383434,0.0
2021-04-12,0.16299137104506228,0.22084987313269747,0.46616541353383434,0.0
2021-04-13,0.16299137104506228,0.23636363636363636,0.41784037558685444,0.0
2021-04-14,0.16299137104506228,0.2636363636363636,0.46616541353383434,0.0
2021-04-15,0.16299137104506228,0.28854314002828857,0.46616541353383434,0.0
2021-04-16,0.16299137104506228,0.28854314002828857,0.46616541353383434,0.0
2021-04-19,0.16299137104506228,0.28854314002828857,0.46823956442831216,0.0
2021-04-20,0.16299137104506228,0.28854314002828857,0.46823956442831216,0.0
2021-04-21,0.16299137104506228,0.2636363636363636,0.46823956442831216,0.0
2021-04-22,0.16299137104506228,0.28854314002828857,0.46823956442831216,0.0
2021-04-23,0.16299137104506228,0.28854314002828857,0.41784037558685444,0.0
2021-04-26,0.16299137104506228,0.28854314002828857,0.37333333333333335,0.0
2021-04-27,0.16299137104506228,0.28854314002828857,0.37333333333333335,0.0
2021-04-28,0.16299137104506228,0.28854314002828857,0.41784037558685444,0.0
2021-04-29,0.16299137104506228,0.28854314002828857,0.41784037558685444,0.0
2021-04-30,0.16299137104506228,0.28854314002828857,0.46616541353383434,0.0
2021-05-03,0.16299137104506228,0.41954022988505757,0.46616541353383434,0.0
2021-05-04,0.16299137104506228,0.41954022988505757,0.46823956442831216,0.0
2021-05-05,0.16299137104506228,0.28854314002828857,0.46823956442831216,0.0
2021-05-06,0.16299137104506228,0.28854314002828857,0.46823956442831216,0.0
2021-05-07,0.16299137104506228,0.28854314002828857,0.46616541353383434,0.0
2021-05-10,0.16299137104506228,0.41954022988505757,0.46823956442831216,0.0
2021-05-11,0.16299137104506228,0.41954022988505757,0.46823956442831216,0.0
2021-05-12,0.21568627450980393,0.45161290322580644,0.5330490405117271,0.0
2021-05-13,0.16299137104506228,0.41954022988505757,0.5330490405117271,0.0
2021-05-14,0.16299137104506228,0.28854314002828857,0.46823956442831216,0.0
2021-05-17,0.16299137104506228,0.28854314002828857,0.46823956442831216,0.0
2021-05-18,0.16299137104506228,0.28854314002828857,0.5330490405117271,0.0
2021-05-19,0.16299137104506228,0.41954022988505757,0.5330490405117271,0.0
2021-05-20,0.16299137104506228,0.41954022988505757,0.5330490405117271,0.0
2021-05-21,0.16299137104506228,0.41954022988505757,0.5330490405117271,0.0
2021-05-24,0.16299137104506228,0.28854314002828857,0.46823956442831216,0.0
2021-05-25,0.16299137104506228,0.41954022988505757,0.46823956442831216,0.0
2021-05-26,0.16299137104506228,0.28854314002828857,0.46616541353383434,0.0
2021-05-27,0.16299137104506228,0.28854314002828857,0.41784037558685444,0.0
2021-05-28,0.16299137104506228,0.28854314002828857,0.46823956442831216,0.0
2021-06-01,0.16299137104506228,0.41954022988505757,0.46823956442831216,0.0
2021-06-02,0.16299137104506228,0.35555555555555557,0.46823956442831216,0.0
2021-06-03,0.16299137104506228,0.41954022988505757,0.46823956442831216,0.0
2021-06-04,0.16299137104506228,0.28854314002828857,0.46823956442831216,0.0
2021-06-07,0.16299137104506228,0.35555555555555557,0.46823956442831216,0.0
2021-06-08,0.16299137104506228,0.41954022988505757,0.46616541353383434,0.0
2021-06-09,0.16299137104506228,0.41954022988505757,0.46823956442831216,0.0
2021-06-10,0.16299137104506228,0.28854314002828857,0.46823956442831216,0.0
2021-06-11,0.16299137104506228,0.41954022988505757,0.46616541353383434,0.0
2021-06-14,0.16299137104506228,0.28854314002828857,0.46823956442831216,0.0
2021-06-15,0.16299137104506228,0.35555555555555557,0.46823956442831216,0.0
2021-06-16,0.16299137104506228,0.41954022988505757,0.46823956442831216,0.0
2021-06-17,0.16299137104506228,0.41954022988505757,0.46616541353383434,0.0
2021-06-18,0.16299137104506228,0.45161290322580644,0.46823956442831216,0.0
2021-06-21,0.16299137104506228,0.41954022988505757,0.46616541353383434,0.0
2021-06-22,0.16299137104506228,0.41954022988505757,0.37333333333333335,0.0
2021-06-23,0.16299137104506228,0.41954022988505757,0.24675324675324675,0.0
2021-06-24,0.16299137104506228,0.41954022988505757,0.24675324675324675,0.0
2021-06-25,0.16299137104506228,0.41954022988505757,0.24675324675324675,0.0
2021-06-28,0.16299137104506228,0.41954022988505757,0.24675324675324675,0.0
2021-06-29,0.16299137104506228,0.41954022988505757,0.24675324675324675,0.0
2021-06-30,0.16299137104506228,0.41954022988505757,0.24675324675324675,0.0
2021-07-01,0.16299137104506228,0.41954022988505757,0.24675324675324675,0.0
2021-07-02,0.16299137104506228,0.41954022988505757,0.24675324675324675,0.0
2021-07-06,0.16299137104506228,0.41954022988505757,0.24675324675324675,0.0
2021-07-07,0.16299137104506228,0.41954022988505757,0.24675324675324675,0.0
2021-07-08,0.16299137104506228,0.41954022988505757,0.37333333333333335,0.0
2021-07-09,0.16299137104506228,0.41954022988505757,0.24675324675324675,0.0
2021-07-12,0.16299137104506228,0.41954022988505757,0.3377483443708609,0.0
2021-07-13,0.16299137104506228,0.45682451253481887,0.46616541353383434,0.0
2021-07-14,0.16299137104506228,0.45161290322580644,0.41784037558685444,0.0
2021-07-15,0.16299137104506228,0.45682451253481887,0.41784037558685444,0.0
2021-07-16,0.16299137104506228,0.45682451253481887,0.46823956442831216,0.0
2021-07-19,0.21568627450980393,0.45682451253481887,0.46616541353383434,0.0
2021-07-20,0.16299137104506228,0.45682451253481887,0.46823956442831216,0.0
2021-07-21,0.16299137104506228,0.45682451253481887,0.46823956442831216,0.0
2021-07-22,0.16299137104506228,0.4523261608584983,0.41784037558685444,0.0
2021-07-23,0.16299137104506228,0.45682451253481887,0.3377483443708609,0.0
2021-07-26,0.16299137104506228,0.45682451253481887,0.3377483443708609,0.0
2021-07-27,0.16299137104506228,0.45161290322580644,0.41784037558685444,0.0
2021-07-28,0.16299137104506228,0.45161290322580644,0.3377483443708609,0.0
2021-07-29,0.16299137104506228,0.41954022988505757,0.24675324675324675,0.0
2021-07-30,0.16299137104506228,0.41954022988505757,0.37333333333333335,0.0
2021-08-02,0.16299137104506228,0.41954022988505757,0.46616541353383434,0.0
2021-08-03,0.16299137104506228,0.41954022988505757,0.41784037558685444,0.0
2021-08-04,0.16299137104506228,0.41954022988505757,0.41784037558685444,0.0
2021-08-05,0.16299137104506228,0.28854314002828857,0.37333333333333335,0.0
2021-08-06,0.16299137104506228,0.41954022988505757,0.41784037558685444,0.0
2021-08-09,0.16299137104506228,0.41954022988505757,0.46616541353383434,0.0
2021-08-10,0.16299137104506228,0.45161290322580644,0.46823956442831216,0.0
2021-08-11,0.16299137104506228,0.45682451253481887,0.46823956442831216,0.0
2021-08-12,0.16299137104506228,0.45682451253481887,0.46823956442831216,0.0
2021-08-13,0.16299137104506228,0.41954022988505757,0.46823956442831216,0.0
2021-08-16,0.16299137104506228,0.41954022988505757,0.46616541353383434,0.0
2021-08-17,0.16299137104506228,0.41954022988505757,0.46823956442831216,0.0
2021-08-18,0.21568627450980393,0.45682451253481887,0.46823956442831216,0.0
2021-08-19,0.21568627450980393,0.45682451253481887,0.46823956442831216,0.0
2021-08-20,0.16299137104506228,0.45682451253481887,0.46616541353383434,0.0
2021-08-23,0.16299137104506228,0.41954022988505757,0.3377483443708609,0.0
2021-08-24,0.16299137104506228,0.41954022988505757,0.3377483443708609,0.0
2021-08-25,0.16299137104506228,0.45161290322580644,0.3377483443708609,0.0
2021-08-26,0.16299137104506228,0.45682451253481887,0.46823956442831216,0.0
2021-08-27,0.16299137104506228,0.41954022988505757,0.41784037558685444,0.0
2021-08-30,0.16299137104506228,0.41954022988505757,0.37333333333333335,1.0
2021-08-31,0.16299137104506228,0.41954022988505757,0.3377483443708609,0.0
2021-09-01,0.16299137104506228,0.41954022988505757,0.37333333333333335,0.0
2021-09-02,0.16299137104506228,0.28854314002828857,0.3377483443708609,1.0
2021-09-03,0.16299137104506228,0.41954022988505757,0.41784037558685444,1.0
2021-09-07,0.16299137104506228,0.45161290322580644,0.46823956442831216,0.0
2021-09-08,0.16299137104506228,0.41954022988505757,0.46823956442831216,0.0
2021-09-09,0.16299137104506228,0.41954022988505757,0.46823956442831216,0.0
2021-09-10,0.21568627450980393,0.45682451253481887,0.46823956442831216,0.0
2021-09-13,0.16299137104506228,0.41954022988505757,0.46823956442831216,0.0
2021-09-14,0.21568627450980393,0.41954022988505757,0.46616541353383434,0.0
2021-09-15,0.16299137104506228,0.41954022988505757,0.41784037558685444,0.0
2021-09-16,0.16299137104506228,0.45161290322580644,0.41784037558685444,0.0
2021-09-17,0.21568627450980393,0.45682451253481887,0.46823956442831216,0.0
2021-09-20,0.2549329123914759,0.45682451253481887,0.46823956442831216,0.0
2021-09-21,0.2549329123914759,0.45161290322580644,0.46823956442831216,0.0
2021-09-22,0.21568627450980393,0.45161290322580644,0.37333333333333335,0.0
2021-09-23,0.1956521739130435,0.45682451253481887,0.37333333333333335,0.0
2021-09-24,0.1956521739130435,0.45682451253481887,0.24675324675324675,0.0
2021-09-27,0.21568627450980393,0.45682451253481887,0.24675324675324675,0.0
2021-09-28,0.2549329123914759,0.45682451253481887,0.46823956442831216,0.0
2021-09-29,0.2549329123914759,0.45682451253481887,0.46823956442831216,0.0
2021-09-30,0.2549329123914759,0.45682451253481887,0.46823956442831216,0.0
2021-10-01,0.2549329123914759,0.45682451253481887,0.24675324675324675,0.0
2021-10-04,0.2549329123914759,0.45682451253481887,0.46616541353383434,0.0
2021-10-05,0.2549329123914759,0.45682451253481887,0.37333333333333335,0.0
2021-10-06,0.2549329123914759,0.45682451253481887,0.41784037558685444,0.0
2021-10-07,0.2549329123914759,0.45682451253481887,0.3377483443708609,0.0
2021-10-08,0.2549329123914759,0.45682451253481887,0.3377483443708609,0.0
2021-10-11,0.2549329123914759,0.45682451253481887,0.37333333333333335,0.0
2021-10-12,0.2549329123914759,0.45682451253481887,0.24675324675324675,0.0
2021-10-13,0.2549329123914759,0.45682451253481887,0.24675324675324675,0.0
2021-10-14,0.21568627450980393,0.45682451253481887,0.24675324675324675,0.0
2021-10-15,0.21568627450980393,0.45682451253481887,0.46616541353383434,0.0
2021-10-18,0.21568627450980393,0.45682451253481887,0.41784037558685444,0.0
2021-10-19,0.21568627450980393,0.45682451253481887,0.46823956442831216,0.0
2021-10-20,0.21568627450980393,0.45682451253481887,0.46823956442831216,0.0
2021-10-21,0.21568627450980393,0.45682451253481887,0.46823956442831216,0.0
2021-10-22,0.21568627450980393,0.45682451253481887,0.5330490405117271,0.0
2021-10-25,0.21568627450980393,0.45682451253481887,0.5330490405117271,0.0
2021-10-26,0.21568627450980393,0.45161290322580644,0.46823956442831216,0.0
2021-10-27,0.21568627450980393,0.45682451253481887,0.46823956442831216,0.0
2021-10-28,0.21568627450980393,0.45682451253481887,0.46823956442831216,0.0
2021-10-29,0.21568627450980393,0.45682451253481887,0.46823956442831216,0.0
2021-11-01,0.21568627450980393,0.45682451253481887,0.46823956442831216,0.0
2021-11-02,0.21568627450980393,0.45682451253481887,0.46823956442831216,0.0
2021-11-03,0.16299137104506228,0.45682451253481887,0.46823956442831216,0.0
2021-11-04,0.16299137104506228,0.45682451253481887,0.46823956442831216,0.0
2021-11-05,0.21568627450980393,0.45682451253481887,0.46823956442831216,0.0
2021-11-08,0.21568627450980393,0.45682451253481887,0.46823956442831216,0.0
2021-11-09,0.2549329123914759,0.45682451253481887,0.46616541353383434,0.0
2021-11-10,0.2549329123914759,0.45682451253481887,0.46823956442831216,0.0
2021-11-11,0.2549329123914759,0.45682451253481887,0.46823956442831216,0.0
2021-11-12,0.21568627450980393,0.45682451253481887,0.5330490405117271,0.0
2021-11-15,0.2549329123914759,0.45682451253481887,0.5330490405117271,0.0
2021-11-16,0.21568627450980393,0.45682451253481887,0.5330490405117271,0.0
2021-11-17,0.21568627450980393,0.45682451253481887,0.5330490405117271,0.0
2021-11-18,0.21568627450980393,0.45682451253481887,0.5330490405117271,0.0
2021-11-19,0.2549329123914759,0.45682451253481887,0.5330490405117271,0.0
2021-11-22,0.2549329123914759,0.45682451253481887,0.5330490405117271,0.0
2021-11-23,0.2549329123914759,0.45682451253481887,0.5330490405117271,1.0
2021-11-24,0.2549329123914759,0.45682451253481887,0.5330490405117271,1.0
2021-11-26,0.2827586206896552,0.7551020408163265,0.46823956442831216,1.0
2021-11-29,0.2549329123914759,0.7551020408163265,0.5330490405117271,1.0
2021-11-30,0.2972972972972973,0.7551020408163265,0.46823956442831216,1.0
2021-12-01,0.30343511450381677,1.0,0.46823956442831216,0.0
2021-12-02,0.30343511450381677,0.7551020408163265,0.46823956442831216,1.0
2021-12-03,0.30343511450381677,0.7551020408163265,0.24675324675324675,0.0
2021-12-06,0.30343511450381677,0.7551020408163265,0.46823956442831216,1.0
2021-12-07,0.2549329123914759,0.7551020408163265,0.46823956442831216,1.0
2021-12-08,0.2549329123914759,0.5,0.46823956442831216,1.0
2021-12-09,0.2549329123914759,0.7551020408163265,0.46823956442831216,1.0
2021-12-10,0.2549329123914759,0.45682451253481887,0.5330490405117271,1.0
2021-12-13,0.2549329123914759,0.45682451253481887,0.5330490405117271,1.0
2021-12-14,0.2549329123914759,0.45682451253481887,0.5330490405117271,1.0
2021-12-15,0.2549329123914759,0.45682451253481887,0.5330490405117271,1.0
2021-12-16,0.2549329123914759,0.45682451253481887,0.5330490405117271,1.0
2021-12-17,0.30343511450381677,0.45682451253481887,0.46823956442831216,1.0
2021-12-20,0.30343511450381677,0.45682451253481887,0.46823956442831216,1.0
2021-12-21,0.2827586206896552,0.45682451253481887,0.46823956442831216,1.0
2021-12-22,0.2549329123914759,0.45161290322580644,0.46823956442831216,1.0
2021-12-23,0.2549329123914759,0.45682451253481887,0.46823956442831216,1.0
2021-12-27,0.2549329123914759,0.45682451253481887,0.46823956442831216,1.0
2021-12-28,0.2549329123914759,0.45682451253481887,0.46823956442831216,1.0
2021-12-29,0.21568627450980393,0.45682451253481887,0.46823956442831216,1.0
2021-12-30,0.2549329123914759,0.45682451253481887,0.46823956442831216,1.0
2021-12-31,0.21568627450980393,0.45682451253481887,0.5330490405117271,1.0
2022-01-03,0.21669980119284293,0.3364485981308411,0.4932821497120922,1.0
2022-01-04,0.21669980119284293,0.3364485981308411,0.4932821497120922,1.0
2022-01-05,0.24546952224052715,0.4320388349514563,0.4932821497120922,1.0
2022-01-06,0.24546952224052715,0.3880597014925373,0.4932821497120922,1.0
2022-01-07,0.24546952224052715,0.3880597014925373,0.4652567975830816,1.0
2022-01-10,0.24546952224052715,0.4320388349514563,0.4652567975830816,1.0
2022-01-11,0.24546952224052715,0.3880597014925373,0.4652567975830816,1.0
2022-01-12,0.24546952224052715,0.3364485981308411,0.4652567975830816,1.0
2022-01-13,0.2627737226277372,0.4320388349514563,0.4652567975830816,1.0
2022-01-14,0.24546952224052715,0.4643799472295515,0.4652567975830816,1.0
2022-01-18,0.2823086574654956,0.4643799472295515,0.4932821497120922,1.0
2022-01-19,0.2823086574654956,0.4643799472295515,0.4932821497120922,1.0
2022-01-20,0.2823086574654956,0.4643799472295515,0.4932821497120922,1.0
2022-01-21,0.34146341463414637,0.4643799472295515,0.4652567975830816,1.0
2022-01-24,0.34146341463414637,0.4643799472295515,0.4652567975830816,1.0
2022-01-25,0.38485804416403785,0.5081967213114755,0.4932821497120922,0.0
2022-01-26,0.34146341463414637,0.5081967213114755,0.4932821497120922,0.0
2022-01-27,0.38485804416403785,0.5081967213114755,0.4652567975830816,0.0
2022-01-28,0.38485804416403785,0.5081967213114755,0.4652567975830816,1.0
2022-01-31,0.2823086574654956,0.4643799472295515,0.43636363636363634,1.0
2022-02-01,0.36666666666666664,0.5081967213114755,0.4932821497120922,1.0
2022-02-02,0.36666666666666664,0.5081967213114755,0.4932821497120922,1.0
2022-02-03,0.38485804416403785,0.5081967213114755,0.4932821497120922,1.0
2022-02-04,0.38485804416403785,0.5081967213114755,0.4932821497120922,1.0
2022-02-07,0.38485804416403785,0.5081967213114755,0.4932821497120922,1.0
2022-02-08,0.2823086574654956,0.5081967213114755,0.4932821497120922,1.0
2022-02-09,0.2823086574654956,0.5081967213114755,0.4932821497120922,1.0
2022-02-10,0.38485804416403785,0.5081967213114755,0.4932821497120922,1.0
2022-02-11,0.42574257425742573,0.5081967213114755,0.4932821497120922,1.0
2022-02-14,0.42574257425742573,0.5081967213114755,0.4932821497120922,1.0
2022-02-15,0.38485804416403785,0.5081967213114755,0.4932821497120922,1.0
2022-02-16,0.38485804416403785,0.5081967213114755,0.4932821497120922,1.0
2022-02-17,0.42574257425742573,0.5081967213114755,0.4932821497120922,0.0
2022-02-18,0.42574257425742573,0.5081967213114755,0.4932821497120922,0.0
2022-02-22,0.42574257425742573,0.5081967213114755,0.4932821497120922,0.0
2022-02-23,0.42574257425742573,0.5081967213114755,0.4932821497120922,0.0
2022-02-24,0.42574257425742573,0.5081967213114755,0.4932821497120922,0.0
2022-02-25,0.42574257425742573,0.5081967213114755,0.4932821497120922,0.0
2022-02-28,0.42574257425742573,0.5081967213114755,0.4652567975830816,0.0
2022-03-01,0.5555555555555556,0.5081967213114755,0.4652567975830816,0.0
2022-03-02,0.42574257425742573,0.5081967213114755,0.4932821497120922,0.0
2022-03-03,0.42574257425742573,0.5081967213114755,0.4932821497120922,1.0
2022-03-04,0.42574257425742573,0.5081967213114755,0.4652567975830816,0.0
2022-03-07,0.5555555555555556,0.5081967213114755,0.4652567975830816,0.0
2022-03-08,0.5555555555555556,0.5081967213114755,0.4932821497120922,0.0
2022-03-09,0.42574257425742573,0.5081967213114755,0.4932821497120922,0.0
2022-03-10,0.42574257425742573,0.5081967213114755,0.4932821497120922,0.0
2022-03-11,0.42574257425742573,0.5081967213114755,0.4932821497120922,1.0
2022-03-14,0.42574257425742573,0.5081967213114755,0.4932821497120922,0.0
2022-03-15,0.42574257425742573,0.5081967213114755,0.4932821497120922,1.0
2022-03-16,0.42574257425742573,0.5081967213114755,0.4932821497120922,1.0
2022-03-17,0.42574257425742573,0.5081967213114755,0.4932821497120922,1.0
2022-03-18,0.38485804416403785,0.5081967213114755,0.4932821497120922,1.0
2022-03-21,0.38485804416403785,0.5081967213114755,0.4932821497120922,1.0
2022-03-22,0.38485804416403785,0.5081967213114755,0.4932821497120922,1.0
2022-03-23,0.38485804416403785,0.5081967213114755,0.4932821497120922,1.0
2022-03-24,0.36666666666666664,0.5081967213114755,0.4932821497120922,1.0
2022-03-25,0.2823086574654956,0.5081967213114755,0.4932821497120922,1.0
2022-03-28,0.2823086574654956,0.5081967213114755,0.4932821497120922,1.0
2022-03-29,0.2823086574654956,0.5081967213114755,0.4932821497120922,1.0
2022-03-30,0.2823086574654956,0.5081967213114755,0.4932821497120922,1.0
2022-03-31,0.2823086574654956,0.5081967213114755,0.4932821497120922,1.0
2022-04-01,0.2823086574654956,0.5081967213114755,0.4932821497120922,1.0
2022-04-04,0.2823086574654956,0.5081967213114755,0.4932821497120922,1.0
2022-04-05,0.34146341463414637,0.5081967213114755,0.4932821497120922,1.0
2022-04-06,0.34146341463414637,0.5081967213114755,0.4932821497120922,1.0
2022-04-07,0.34146341463414637,0.5081967213114755,0.4932821497120922,1.0
2022-04-08,0.2823086574654956,0.5081967213114755,0.4932821497120922,1.0
2022-04-11,0.38485804416403785,0.5081967213114755,0.4932821497120922,1.0
2022-04-12,0.38485804416403785,0.5081967213114755,0.4932821497120922,1.0
2022-04-13,0.36666666666666664,0.5081967213114755,0.4932821497120922,1.0
2022-04-14,0.38485804416403785,0.5081967213114755,0.4932821497120922,1.0
2022-04-18,0.38485804416403785,0.4643799472295515,0.4932821497120922,1.0
2022-04-19,0.2823086574654956,0.4643799472295515,0.4932821497120922,1.0
2022-04-20,0.2823086574654956,0.4643799472295515,0.4932821497120922,1.0
2022-04-21,0.38485804416403785,0.4643799472295515,0.4932821497120922,1.0
2022-04-22,0.42574257425742573,0.5081967213114755,0.4932821497120922,1.0
2022-04-25,0.38485804416403785,0.4643799472295515,0.4932821497120922,1.0
2022-04-26,0.42574257425742573,0.5081967213114755,0.7098124305188056,1.0
2022-04-27,0.42574257425742573,0.5081967213114755,0.5454545454545454,1.0
2022-04-28,0.42574257425742573,0.5081967213114755,0.4932821497120922,1.0
2022-04-29,0.42574257425742573,0.5081967213114755,0.4932821497120922,1.0
2022-05-02,0.42574257425742573,0.5081967213114755,0.4932821497120922,1.0
2022-05-03,0.42574257425742573,0.5081967213114755,0.4932821497120922,1.0
2022-05-04,0.38485804416403785,0.4643799472295515,0.4932821497120922,1.0
2022-05-05,0.42574257425742573,0.5081967213114755,0.4932821497120922,1.0
2022-05-06,0.42574257425742573,0.5081967213114755,0.4932821497120922,1.0
2022-05-09,0.42574257425742573,0.5081967213114755,0.4932821497120922,1.0
2022-05-10,0.42574257425742573,0.5081967213114755,0.4932821497120922,1.0
2022-05-11,0.42574257425742573,0.5081967213114755,0.4932821497120922,1.0
2022-05-12,0.42574257425742573,0.5081967213114755,0.4932821497120922,1.0
2022-05-13,0.42574257425742573,0.4643799472295515,0.4932821497120922,1.0
2022-05-16,0.42574257425742573,0.4643799472295515,0.4932821497120922,1.0
2022-05-17,0.42574257425742573,0.4643799472295515,0.4932821497120922,1.0
2022-05-18,0.42574257425742573,0.5081967213114755,0.4932821497120922,1.0
2022-05-19,0.42574257425742573,0.4643799472295515,0.4932821497120922,1.0
2022-05-20,0.42574257425742573,0.4643799472295515,0.4652567975830816,1.0
2022-05-23,0.42574257425742573,0.4643799472295515,0.4932821497120922,1.0
2022-05-24,0.42574257425742573,0.4643799472295515,0.4652567975830816,1.0
2022-05-25,0.42574257425742573,0.4320388349514563,0.4932821497120922,1.0
2022-05-26,0.38485804416403785,0.4320388349514563,0.4932821497120922,1.0
2022-05-27,0.38485804416403785,0.4320388349514563,0.4652567975830816,1.0
2022-05-31,0.38485804416403785,0.3880597014925373,0.4932821497120922,1.0
2022-06-01,0.38485804416403785,0.40695809118550474,0.4932821497120922,1.0
2022-06-02,0.34146341463414637,0.3364485981308411,0.4932821497120922,1.0
2022-06-03,0.38485804416403785,0.4320388349514563,0.4932821497120922,1.0
2022-06-06,0.38485804416403785,0.4320388349514563,0.4932821497120922,1.0
2022-06-07,0.36666666666666664,0.3364485981308411,0.4932821497120922,1.0
2022-06-08,0.38485804416403785,0.3880597014925373,0.4652567975830816,1.0
2022-06-09,0.42574257425742573,0.4320388349514563,0.4652567975830816,1.0
2022-06-10,0.42574257425742573,0.4643799472295515,0.4652567975830816,1.0
2022-06-13,0.42574257425742573,0.4643799472295515,0.4932821497120922,0.0
2022-06-14,0.42574257425742573,0.4643799472295515,0.4932821497120922,0.0
2022-06-15,0.42574257425742573,0.4320388349514563,0.4932821497120922,0.0
2022-06-16,0.42574257425742573,0.4643799472295515,0.4932821497120922,0.0
2022-06-17,0.42574257425742573,0.4320388349514563,0.4932821497120922,0.0
2022-06-21,0.42574257425742573,0.4320388349514563,0.4932821497120922,0.0
2022-06-22,0.42574257425742573,0.3364485981308411,0.4523809523809524,0.0
2022-06-23,0.42574257425742573,0.3364485981308411,0.29411764705882354,0.0
2022-06-24,0.42574257425742573,0.3364485981308411,0.23904382470119523,0.0
2022-06-27,0.42574257425742573,0.3333333333333333,0.23904382470119523,0.0
2022-06-28,0.42574257425742573,0.3333333333333333,0.15526315789473685,0.0
2022-06-29,0.42574257425742573,0.3076923076923077,0.1328125,0.0
2022-06-30,0.42574257425742573,0.3076923076923077,0.1506849315068493,0.0
2022-07-01,0.42574257425742573,0.2727272727272727,0.11518324607329843,0.0
2022-07-05,0.42574257425742573,0.24324324324324326,0.1,0.0
2022-07-06,0.42574257425742573,0.19047619047619047,0.1,0.0
2022-07-07,0.38485804416403785,0.19047619047619047,0.09090909090909091,0.0
2022-07-08,0.38485804416403785,0.24324324324324326,0.08314606741573034,0.0
2022-07-11,0.42574257425742573,0.23255813953488372,0.09090909090909091,0.0
2022-07-12,0.42574257425742573,0.23255813953488372,0.11518324607329843,0.0
2022-07-13,0.38485804416403785,0.24324324324324326,0.11518324607329843,0.0
2022-07-14,0.38485804416403785,0.2727272727272727,0.11518324607329843,0.0
2022-07-15,0.38485804416403785,0.2727272727272727,0.09090909090909091,0.0
2022-07-18,0.38485804416403785,0.24324324324324326,0.09090909090909091,0.0
2022-07-19,0.36666666666666664,0.18961625282167044,0.09090909090909091,0.0
2022-07-20,0.2823086574654956,0.18961625282167044,0.08314606741573034,0.0
2022-07-21,0.2823086574654956,0.18961625282167044,0.08314606741573034,0.0
2022-07-22,0.2823086574654956,0.18961625282167044,0.1,0.0
2022-07-25,0.2823086574654956,0.1875,0.09090909090909091,0.0
2022-07-26,0.2823086574654956,0.18961625282167044,0.11518324607329843,0.0
2022-07-27,0.2823086574654956,0.16129032258064516,0.11518324607329843,1.0
2022-07-28,0.2823086574654956,0.15517241379310345,0.11518324607329843,1.0
2022-07-29,0.2823086574654956,0.15517241379310345,0.11518324607329843,1.0
2022-08-01,0.2823086574654956,0.11902530459231488,0.08314606741573034,1.0
2022-08-02,0.2823086574654956,0.11902530459231488,0.08314606741573034,1.0
2022-08-03,0.2823086574654956,0.11902530459231488,0.08314606741573034,1.0
2022-08-04,0.2823086574654956,0.11902530459231488,0.08314606741573034,1.0
2022-08-05,0.2823086574654956,0.11902530459231488,0.08314606741573034,1.0
2022-08-08,0.2823086574654956,0.11902530459231488,0.08314606741573034,1.0
2022-08-09,0.2823086574654956,0.11902530459231488,0.08314606741573034,1.0
2022-08-10,0.2627737226277372,0.11902530459231488,0.08314606741573034,1.0
2022-08-11,0.2627737226277372,0.11902530459231488,0.08314606741573034,1.0
2022-08-12,0.24546952224052715,0.11902530459231488,0.08314606741573034,1.0
2022-08-15,0.24546952224052715,0.11902530459231488,0.08314606741573034,1.0
2022-08-16,0.24546952224052715,0.11902530459231488,0.08314606741573034,1.0
2022-08-17,0.24546952224052715,0.11902530459231488,0.08314606741573034,1.0
2022-08-18,0.24546952224052715,0.11902530459231488,0.08314606741573034,1.0
2022-08-19,0.2627737226277372,0.11902530459231488,0.08314606741573034,1.0
2022-08-22,0.2823086574654956,0.11902530459231488,0.11518324607329843,1.0
2022-08-23,0.2823086574654956,0.11902530459231488,0.11518324607329843,1.0
2022-08-24,0.2823086574654956,0.11902530459231488,0.08314606741573034,1.0
2022-08-25,0.2823086574654956,0.11902530459231488,0.08314606741573034,1.0
2022-08-26,0.2823086574654956,0.11902530459231488,0.09090909090909091,1.0
2022-08-29,0.2823086574654956,0.11902530459231488,0.08314606741573034,1.0
2022-08-30,0.2823086574654956,0.11902530459231488,0.08314606741573034,1.0
2022-08-31,0.2823086574654956,0.11902530459231488,0.08314606741573034,1.0
2022-09-01,0.2823086574654956,0.11902530459231488,0.08314606741573034,1.0
2022-09-02,0.3333333333333333,0.11902530459231488,0.08314606741573034,1.0
2022-09-06,0.34146341463414637,0.11902530459231488,0.08314606741573034,1.0
2022-09-07,0.2823086574654956,0.11902530459231488,0.08314606741573034,1.0
2022-09-08,0.2823086574654956,0.11902530459231488,0.08080808080808081,1.0
2022-09-09,0.2823086574654956,0.11902530459231488,0.08314606741573034,1.0
2022-09-12,0.2823086574654956,0.11902530459231488,0.08314606741573034,1.0
2022-09-13,0.2823086574654956,0.11902530459231488,0.12499999999999997,1.0
2022-09-14,0.2823086574654956,0.11902530459231488,0.11518324607329843,1.0
2022-09-15,0.2823086574654956,0.11902530459231488,0.1,1.0
2022-09-16,0.2823086574654956,0.11902530459231488,0.11518324607329843,1.0
2022-09-19,0.2823086574654956,0.11902530459231488,0.08314606741573034,1.0
2022-09-20,0.2823086574654956,0.11902530459231488,0.11518324607329843,1.0
2022-09-21,0.36666666666666664,0.11902530459231488,0.11518324607329843,1.0
2022-09-22,0.34146341463414637,0.11902530459231488,0.11518324607329843,0.0
2022-09-23,0.38485804416403785,0.14492753623188406,0.11518324607329843,0.0
2022-09-26,0.38485804416403785,0.15517241379310345,0.12499999999999997,0.0
2022-09-27,0.38485804416403785,0.1875,0.1506849315068493,0.0
2022-09-28,0.38485804416403785,0.14492753623188406,0.11518324607329843,0.0
2022-09-29,0.42574257425742573,0.1875,0.12499999999999997,0.0
2022-09-30,0.42574257425742573,0.18961625282167044,0.12499999999999997,0.0
2022-10-03,0.42574257425742573,0.1875,0.11518324607329843,0.0
2022-10-04,0.38485804416403785,0.13013698630136986,0.09090909090909091,1.0
2022-10-05,0.38485804416403785,0.11902530459231488,0.08314606741573034,1.0
2022-10-06,0.38485804416403785,0.14492753623188406,0.09090909090909091,0.0
2022-10-07,0.42574257425742573,0.1875,0.11518324607329843,0.0
2022-10-10,0.42574257425742573,0.1875,0.12499999999999997,0.0
2022-10-11,0.42574257425742573,0.1651376146788991,0.12499999999999997,0.0
2022-10-12,0.42574257425742573,0.18961625282167044,0.12499999999999997,0.0
2022-10-13,0.42574257425742573,0.15517241379310345,0.11518324607329843,0.0
2022-10-14,0.42574257425742573,0.18961625282167044,0.11518324607329843,0.0
2022-10-17,0.42574257425742573,0.15517241379310345,0.09090909090909091,0.0
2022-10-18,0.38485804416403785,0.13013698630136986,0.08314606741573034,0.0
2022-10-19,0.38485804416403785,0.13013698630136986,0.08314606741573034,0.0
2022-10-20,0.38485804416403785,0.1651376146788991,0.08314606741573034,0.0
2022-10-21,0.38485804416403785,0.14492753623188406,0.12499999999999997,0.0
2022-10-24,0.38485804416403785,0.13013698630136986,0.12499999999999997,0.0
2022-10-25,0.36666666666666664,0.11902530459231488,0.08314606741573034,0.0
2022-10-26,0.34146341463414637,0.11902530459231488,0.08314606741573034,0.0
2022-10-27,0.38485804416403785,0.11902530459231488,0.08314606741573034,0.0
2022-10-28,0.2823086574654956,0.11902530459231488,0.08314606741573034,0.0
2022-10-31,0.2823086574654956,0.11902530459231488,0.08314606741573034,0.0
2022-11-01,0.2823086574654956,0.11902530459231488,0.11518324607329843,0.0
2022-11-02,0.2823086574654956,0.15517241379310345,0.12499999999999997,0.0
2022-11-03,0.2823086574654956,0.15517241379310345,0.11518324607329843,0.0
2022-11-04,0.2823086574654956,0.15517241379310345,0.11518324607329843,0.0
2022-11-07,0.2823086574654956,0.15517241379310345,0.12499999999999997,0.0
2022-11-08,0.2823086574654956,0.15517241379310345,0.12499999999999997,0.0
2022-11-09,0.2823086574654956,0.1875,0.1328125,0.0
2022-11-10,0.2823086574654956,0.13013698630136986,0.12499999999999997,0.0
2022-11-11,0.2823086574654956,0.13013698630136986,0.12499999999999997,1.0
2022-11-14,0.2823086574654956,0.11902530459231488,0.12499999999999997,0.0
2022-11-15,0.2823086574654956,0.11902530459231488,0.1328125,1.0
2022-11-16,0.2823086574654956,0.11902530459231488,0.12499999999999997,0.0
2022-11-17,0.2823086574654956,0.11902530459231488,0.12499999999999997,0.0
2022-11-18,0.2823086574654956,0.11902530459231488,0.11518324607329843,0.0
2022-11-21,0.2823086574654956,0.11902530459231488,0.11518324607329843,0.0
2022-11-22,0.2627737226277372,0.11902530459231488,0.11518324607329843,1.0
2022-11-23,0.24546952224052715,0.11902530459231488,0.11518324607329843,1.0
2022-11-25,0.24546952224052715,0.11902530459231488,0.11518324607329843,1.0
2022-11-28,0.2823086574654956,0.11902530459231488,0.11518324607329843,0.0
2022-11-29,0.2627737226277372,0.11902530459231488,0.1,0.0
2022-11-30,0.24546952224052715,0.11902530459231488,0.11518324607329843,1.0
2022-12-01,0.2823086574654956,0.11902530459231488,0.08314606741573034,1.0
2022-12-02,0.2823086574654956,0.11902530459231488,0.08314606741573034,1.0
2022-12-05,0.2823086574654956,0.11902530459231488,0.08314606741573034,1.0
2022-12-06,0.2823086574654956,0.11902530459231488,0.08314606741573034,0.0
2022-12-07,0.2823086574654956,0.11902530459231488,0.08314606741573034,0.0
2022-12-08,0.2823086574654956,0.11902530459231488,0.08314606741573034,0.0
2022-12-09,0.2823086574654956,0.11902530459231488,0.08080808080808081,0.0
2022-12-12,0.2823086574654956,0.11902530459231488,0.08314606741573034,1.0
2022-12-13,0.2823086574654956,0.11902530459231488,0.08080808080808081,1.0
2022-12-14,0.2627737226277372,0.11902530459231488,0.06367924528301887,1.0
2022-12-15,0.2823086574654956,0.11902530459231488,0.06367924528301887,0.0
2022-12-16,0.2823086574654956,0.11902530459231488,0.06367924528301887,0.0
2022-12-19,0.2823086574654956,0.11902530459231488,0.06367924528301887,0.0
2022-12-20,0.2823086574654956,0.11902530459231488,0.06367924528301887,0.0
2022-12-21,0.2823086574654956,0.11902530459231488,0.06367924528301887,0.0
2022-12-22,0.2823086574654956,0.11902530459231488,0.06367924528301887,0.0
2022-12-23,0.2823086574654956,0.11902530459231488,0.06367924528301887,0.0
2022-12-27,0.2823086574654956,0.11902530459231488,0.06367924528301887,0.0
2022-12-28,0.2823086574654956,0.11902530459231488,0.06367924528301887,0.0
2022-12-29,0.2823086574654956,0.11902530459231488,0.06367924528301887,0.0
2022-12-30,0.2627737226277372,0.11902530459231488,0.06367924528301887,0.0
2023-01-03,0.2823086574654956,0.11902530459231488,0.06367924528301887,0.0
2023-01-04,0.2627737226277372,0.11902530459231488,0.06367924528301887,0.0
2023-01-05,0.2823086574654956,0.11902530459231488,0.06367924528301887,0.0
2023-01-06,0.24546952224052715,0.11902530459231488,0.06367924528301887,0.0
2023-01-09,0.25996349929002494,0.11902530459231488,0.06367924528301887,0.0
2023-01-10,0.24546952224052715,0.11902530459231488,0.06367924528301887,0.0
2023-01-11,0.24546952224052715,0.0,0.08080808080808081,0.0
2023-01-12,0.24546952224052715,0.11902530459231488,0.06367924528301887,0.0
2023-01-13,0.24546952224052715,0.11902530459231488,0.08080808080808081,0.0
2023-01-17,0.24546952224052715,0.11902530459231488,0.08080808080808081,0.0
2023-01-18,0.24546952224052715,0.11902530459231488,0.06367924528301887,0.0
2023-01-19,0.24546952224052715,0.11902530459231488,0.06367924528301887,0.0
2023-01-20,0.24546952224052715,0.11902530459231488,0.06367924528301887,0.0
2023-01-23,0.24546952224052715,0.11902530459231488,0.08080808080808081,0.0
2023-01-24,0.24546952224052715,0.11902530459231488,0.08080808080808081,0.0
2023-01-25,0.24546952224052715,0.11902530459231488,0.08080808080808081,0.0
2023-01-26,0.24546952224052715,0.11902530459231488,0.08314606741573034,1.0
2023-01-27,0.24546952224052715,0.11902530459231488,0.08314606741573034,1.0
2023-01-30,0.24546952224052715,0.11902530459231488,0.08314606741573034,0.0
2023-01-31,0.24546952224052715,0.0,0.08314606741573034,1.0
2023-02-01,0.2328767123287671,0.0,0.08314606741573034,1.0
2023-02-02,0.21669980119284293,0.0,0.1,1.0
2023-02-03,0.21669980119284293,0.0,0.08314606741573034,1.0
2023-02-06,0.2328767123287671,0.08523398498853071,0.08314606741573034,1.0
2023-02-07,0.21669980119284293,0.0,0.08314606741573034,1.0
2023-02-08,0.24546952224052715,0.11902530459231488,0.11518324607329843,1.0
2023-02-09,0.24546952224052715,0.11902530459231488,0.11518324607329843,1.0
2023-02-10,0.24546952224052715,0.11902530459231488,0.11518324607329843,1.0
2023-02-13,0.2328767123287671,0.11902530459231488,0.09090909090909091,1.0
2023-02-14,0.21669980119284293,0.11902530459231488,0.08314606741573034,1.0
2023-02-15,0.21669980119284293,0.11902530459231488,0.08314606741573034,1.0
2023-02-16,0.2328767123287671,0.11902530459231488,0.08314606741573034,1.0
2023-02-17,0.24546952224052715,0.11902530459231488,0.08314606741573034,1.0
2023-02-21,0.24546952224052715,0.11902530459231488,0.11518324607329843,0.0
2023-02-22,0.24546952224052715,0.11902530459231488,0.08314606741573034,0.0
2023-02-23,0.24546952224052715,0.11902530459231488,0.08080808080808081,0.0
2023-02-24,0.24546952224052715,0.11902530459231488,0.06367924528301887,0.0
2023-02-27,0.24546952224052715,0.11902530459231488,0.06367924528301887,0.0
2023-02-28,0.24546952224052715,0.11902530459231488,0.08080808080808081,0.0
2023-03-01,0.24546952224052715,0.11902530459231488,0.08314606741573034,0.0
2023-03-02,0.24546952224052715,0.11902530459231488,0.08314606741573034,0.0
2023-03-03,0.24546952224052715,0.11902530459231488,0.09090909090909091,0.0
2023-03-06,0.24546952224052715,0.11902530459231488,0.08314606741573034,0.0
2023-03-07,0.24546952224052715,0.11902530459231488,0.08080808080808081,0.0
2023-03-08,0.24546952224052715,0.11902530459231488,0.06367924528301887,0.0
2023-03-09,0.2823086574654956,0.11902530459231488,0.08314606741573034,0.0
2023-03-10,0.2823086574654956,0.18961625282167044,0.12499999999999997,0.0
2023-03-13,0.2823086574654956,0.18961625282167044,0.1506849315068493,0.0
2023-03-14,0.2823086574654956,0.18961625282167044,0.1506849315068493,0.0
2023-03-15,0.2823086574654956,0.23255813953488372,0.19834710743801653,0.0
2023-03-16,0.2823086574654956,0.18961625282167044,0.15526315789473685,0.0
2023-03-17,0.2823086574654956,0.2727272727272727,0.15526315789473685,0.0
2023-03-20,0.2823086574654956,0.18961625282167044,0.15526315789473685,0.0
2023-03-21,0.2823086574654956,0.189590178372687,0.1506849315068493,0.0
2023-03-22,0.2823086574654956,0.1875,0.1328125,0.0
2023-03-23,0.2823086574654956,0.1875,0.1506849315068493,0.0
2023-03-24,0.2823086574654956,0.18961625282167044,0.15526315789473685,0.0
2023-03-27,0.2823086574654956,0.15517241379310345,0.1414141414141414,0.0
2023-03-28,0.2823086574654956,0.14285714285714285,0.12499999999999997,0.0
2023-03-29,0.2627737226277372,0.11902530459231488,0.1506849315068493,0.0
2023-03-30,0.24546952224052715,0.11902530459231488,0.12499999999999997,0.0
2023-03-31,0.24546952224052715,0.11902530459231488,0.15526315789473685,0.0
2023-04-03,0.24546952224052715,0.11902530459231488,0.1506849315068493,0.0
2023-04-04,0.24546952224052715,0.11902530459231488,0.1328125,0.0
2023-04-05,0.24546952224052715,0.11902530459231488,0.1328125,0.0
2023-04-06,0.24546952224052715,0.11902530459231488,0.1328125,0.0
2023-04-10,0.24546952224052715,0.11902530459231488,0.1506849315068493,0.0
2023-04-11,0.24546952224052715,0.11902530459231488,0.1506849315068493,0.0
2023-04-12,0.24546952224052715,0.11902530459231488,0.1414141414141414,0.0
2023-04-13,0.24546952224052715,0.11902530459231488,0.1506849315068493,0.0
2023-04-14,0.24546952224052715,0.11902530459231488,0.15526315789473685,0.0
2023-04-17,0.24546952224052715,0.11902530459231488,0.1875,0.0
2023-04-18,0.24546952224052715,0.11902530459231488,0.23904382470119523,0.0
2023-04-19,0.24546952224052715,0.11902530459231488,0.34394904458598724,0.0
2023-04-20,0.24546952224052715,0.125,0.3870967741935484,0.0
2023-04-21,0.24546952224052715,0.11902530459231488,0.29411764705882354,0.0
2023-04-24,0.24546952224052715,0.11902530459231488,0.29411764705882354,0.0
2023-04-25,0.24546952224052715,0.11902530459231488,0.23904382470119523,0.0
2023-04-26,0.24546952224052715,0.11902530459231488,0.1875,0.0
2023-04-27,0.24546952224052715,0.11902530459231488,0.23904382470119523,0.0
2023-04-28,0.24546952224052715,0.11902530459231488,0.1506849315068493,0.0
2023-05-01,0.2328767123287671,0.11902530459231488,0.1506849315068493,0.0
2023-05-02,0.24546952224052715,0.11902530459231488,0.1506849315068493,0.0
2023-05-03,0.24546952224052715,0.11902530459231488,0.15526315789473685,0.0
2023-05-04,0.24546952224052715,0.15517241379310345,0.23904382470119523,0.0
2023-05-05,0.2328767123287671,0.11902530459231488,0.15526315789473685,0.0
2023-05-08,0.2328767123287671,0.11902530459231488,0.15526315789473685,0.0
2023-05-09,0.2328767123287671,0.11902530459231488,0.15526315789473685,0.0
2023-05-10,0.2328767123287671,0.13013698630136986,0.19834710743801653,0.0
2023-05-11,0.2328767123287671,0.14492753623188406,0.1875,0.0
2023-05-12,0.2328767123287671,0.14492753623188406,0.23904382470119523,0.0
2023-05-15,0.21669980119284293,0.11902530459231488,0.15526315789473685,0.0
2023-05-16,0.2328767123287671,0.13013698630136986,0.15526315789473685,0.0
2023-05-17,0.21669980119284293,0.11902530459231488,0.1506849315068493,0.0
2023-05-18,0.21669980119284293,0.11902530459231488,0.12499999999999997,0.0
2023-05-19,0.21669980119284293,0.11902530459231488,0.1506849315068493,0.0
2023-05-22,0.21669980119284293,0.11902530459231488,0.1506849315068493,0.0
2023-05-23,0.2328767123287671,0.11902530459231488,0.15526315789473685,0.0
2023-05-24,0.24546952224052715,0.11902530459231488,0.15526315789473685,0.0
2023-05-25,0.2328767123287671,0.11902530459231488,0.15526315789473685,0.0
2023-05-26,0.21669980119284293,0.11902530459231488,0.1506849315068493,0.0
2023-05-30,0.21669980119284293,0.11902530459231488,0.1414141414141414,0.0
2023-05-31,0.21669980119284293,0.11902530459231488,0.1414141414141414,0.0
2023-06-01,0.21669980119284293,0.11902530459231488,0.08314606741573034,0.0
2023-06-02,0.1366906474820144,0.11902530459231488,0.08314606741573034,0.0
2023-06-05,0.1366906474820144,0.11902530459231488,0.08314606741573034,0.0
2023-06-06,0.1366906474820144,0.11902530459231488,0.08314606741573034,0.0
2023-06-07,0.1366906474820144,0.11902530459231488,0.08314606741573034,0.0
2023-06-08,0.14925373134328357,0.11902530459231488,0.08314606741573034,0.0
2023-06-09,0.14925373134328357,0.11902530459231488,0.08314606741573034,0.0
2023-06-12,0.21669980119284293,0.11902530459231488,0.08314606741573034,0.0
2023-06-13,0.14925373134328357,0.11902530459231488,0.08314606741573034,0.0
2023-06-14,0.1366906474820144,0.11902530459231488,0.08314606741573034,0.0
2023-06-15,0.14925373134328357,0.11902530459231488,0.08314606741573034,0.0
2023-06-16,0.1366906474820144,0.11902530459231488,0.08314606741573034,0.0
2023-06-20,0.14925373134328357,0.11902530459231488,0.08314606741573034,0.0
2023-06-21,0.1875,0.11902530459231488,0.08080808080808081,0.0
2023-06-22,0.1366906474820144,0.11902530459231488,0.08314606741573034,0.0
2023-06-23,0.1366906474820144,0.11902530459231488,0.08314606741573034,0.0
2023-06-26,0.21669980119284293,0.11902530459231488,0.08314606741573034,0.0
2023-06-27,0.1366906474820144,0.11902530459231488,0.08314606741573034,0.0
2023-06-28,0.1366906474820144,0.11902530459231488,0.08080808080808081,0.0
2023-06-29,0.1366906474820144,0.11902530459231488,0.08314606741573034,0.0
2023-06-30,0.1366906474820144,0.11902530459231488,0.08314606741573034,0.0
2023-07-03,0.1366906474820144,0.11902530459231488,0.08314606741573034,0.0
2023-07-05,0.1366906474820144,0.11902530459231488,0.08669926644270338,0.0
2023-07-06,0.1366906474820144,0.11902530459231488,0.1328125,0.0
2023-07-07,0.1366906474820144,0.11902530459231488,0.12499999999999997,0.0
2023-07-10,0.1366906474820144,0.11902530459231488,0.1328125,0.0
2023-07-11,0.1366906474820144,0.11902530459231488,0.11518324607329843,0.0
2023-07-12,0.1366906474820144,0.11902530459231488,0.11518324607329843,0.0
2023-07-13,0.1366906474820144,0.11902530459231488,0.08314606741573034,0.0
2023-07-14,0.1366906474820144,0.11902530459231488,0.08314606741573034,0.0
2023-07-17,0.1366906474820144,0.11902530459231488,0.08314606741573034,0.0
2023-07-18,0.1366906474820144,0.11902530459231488,0.06367924528301887,0.0
2023-07-19,0.1366906474820144,0.11902530459231488,0.08080808080808081,0.0
2023-07-20,0.1366906474820144,0.11902530459231488,0.08314606741573034,0.0
2023-07-21,0.1366906474820144,0.11902530459231488,0.06367924528301887,0.0
2023-07-24,0.1366906474820144,0.11902530459231488,0.06367924528301887,0.0
2023-07-25,0.1366906474820144,0.11902530459231488,0.06367924528301887,0.0
2023-07-26,0.1366906474820144,0.11902530459231488,0.06367924528301887,1.0
2023-07-27,0.14925373134328357,0.11902530459231488,0.08080808080808081,0.0
2023-07-28,0.1366906474820144,0.11902530459231488,0.06367924528301887,1.0
2023-07-31,0.1366906474820144,0.11902530459231488,0.06367924528301887,1.0
2023-08-01,0.1366906474820144,0.11902530459231488,0.06367924528301887,1.0
2023-08-02,0.1366906474820144,0.11902530459231488,0.06367924528301887,1.0
2023-08-03,0.1366906474820144,0.11902530459231488,0.06367924528301887,1.0
2023-08-04,0.21669980119284293,0.11902530459231488,0.06367924528301887,0.0
2023-08-07,0.1366906474820144,0.11902530459231488,0.06367924528301887,1.0
2023-08-08,0.1366906474820144,0.11902530459231488,0.06367924528301887,1.0
2023-08-09,0.14925373134328357,0.11902530459231488,0.06367924528301887,1.0
2023-08-10,0.14925373134328357,0.11902530459231488,0.06367924528301887,1.0
2023-08-11,0.1366906474820144,0.11902530459231488,0.06367924528301887,1.0
2023-08-14,0.1366906474820144,0.11902530459231488,0.06367924528301887,1.0
2023-08-15,0.21669980119284293,0.11902530459231488,0.06367924528301887,0.0
2023-08-16,0.21669980119284293,0.11902530459231488,0.08080808080808081,0.0
2023-08-17,0.21669980119284293,0.11902530459231488,0.08314606741573034,0.0
2023-08-18,0.21669980119284293,0.11902530459231488,0.06367924528301887,0.0
2023-08-21,0.21669980119284293,0.11902530459231488,0.06367924528301887,0.0
2023-08-22,0.21669980119284293,0.11902530459231488,0.06367924528301887,0.0
2023-08-23,0.21669980119284293,0.11902530459231488,0.06367924528301887,0.0
2023-08-24,0.21669980119284293,0.11902530459231488,0.06367924528301887,0.0
2023-08-25,0.1875,0.11902530459231488,0.06367924528301887,0.0
2023-08-28,0.14925373134328357,0.11902530459231488,0.06367924528301887,0.0
2023-08-29,0.1366906474820144,0.11902530459231488,0.06367924528301887,1.0
2023-08-30,0.1366906474820144,0.11902530459231488,0.0,1.0
2023-08-31,0.1366906474820144,0.11902530459231488,0.0,1.0
2023-09-01,0.1366906474820144,0.11902530459231488,0.0,1.0
2023-09-05,0.1366906474820144,0.11902530459231488,0.06367924528301887,1.0
2023-09-06,0.1366906474820144,0.11902530459231488,0.06367924528301887,1.0
2023-09-07,0.14925373134328357,0.11902530459231488,0.06367924528301887,1.0
2023-09-08,0.1366906474820144,0.11902530459231488,0.06367924528301887,1.0
2023-09-11,0.1366906474820144,0.11902530459231488,0.06367924528301887,1.0
2023-09-12,0.14925373134328357,0.11902530459231488,0.06367924528301887,1.0
2023-09-13,0.1366906474820144,0.11902530459231488,0.06367924528301887,1.0
2023-09-14,0.1366906474820144,0.11902530459231488,0.06367924528301887,1.0
2023-09-15,0.1366906474820144,0.11902530459231488,0.06367924528301887,1.0
2023-09-18,0.14925373134328357,0.11902530459231488,0.06367924528301887,1.0
2023-09-19,0.14925373134328357,0.11902530459231488,0.06367924528301887,1.0
2023-09-20,0.21669980119284293,0.11902530459231488,0.06367924528301887,1.0
2023-09-21,0.24546952224052715,0.11902530459231488,0.06367924528301887,0.0
2023-09-22,0.2328767123287671,0.11902530459231488,0.06367924528301887,0.0
2023-09-25,0.2328767123287671,0.11902530459231488,0.06367924528301887,1.0
2023-09-26,0.24546952224052715,0.15517241379310345,0.08314606741573034,0.0
2023-09-27,0.24546952224052715,0.15517241379310345,0.08080808080808081,0.0
2023-09-28,0.24546952224052715,0.13013698630136986,0.08080808080808081,0.0
2023-09-29,0.24546952224052715,0.13013698630136986,0.06367924528301887,0.0
2023-10-02,0.24546952224052715,0.15517241379310345,0.08080808080808081,0.0
2023-10-03,0.24546952224052715,0.1875,0.1,0.0
2023-10-04,0.24546952224052715,0.14492753623188406,0.08314606741573034,0.0
2023-10-05,0.24546952224052715,0.13013698630136986,0.08314606741573034,0.0
2023-10-06,0.24546952224052715,0.11902530459231488,0.08314606741573034,0.0
2023-10-09,0.24546952224052715,0.14492753623188406,0.08314606741573034,1.0
2023-10-10,0.24546952224052715,0.13013698630136986,0.08080808080808081,1.0
2023-10-11,0.24546952224052715,0.14492753623188406,0.08314606741573034,1.0
2023-10-12,0.24546952224052715,0.1651376146788991,0.08314606741573034,1.0
2023-10-13,0.24546952224052715,0.18961625282167044,0.1506849315068493,0.0
2023-10-16,0.24546952224052715,0.18961625282167044,0.1506849315068493,1.0
2023-10-17,0.24546952224052715,0.18961625282167044,0.1875,1.0
2023-10-18,0.24546952224052715,0.2890625,0.3870967741935484,0.0
2023-10-19,0.24546952224052715,0.3364485981308411,0.4652567975830816,0.0
2023-10-20,0.2627737226277372,0.3364485981308411,0.4652567975830816,0.0
2023-10-23,0.24546952224052715,0.3333333333333333,0.4523809523809524,0.0
2023-10-24,0.24546952224052715,0.2890625,0.3870967741935484,0.0
2023-10-25,0.2627737226277372,0.3364485981308411,0.44370860927152317,0.0
2023-10-26,0.2823086574654956,0.3364485981308411,0.3870967741935484,0.0
2023-10-27,0.2823086574654956,0.3364485981308411,0.44370860927152317,0.0
2023-10-30,0.2589551379715748,0.3333333333333333,0.4523809523809524,0.0
2023-10-31,0.24546952224052715,0.23255813953488372,0.29411764705882354,0.0
2023-11-01,0.24546952224052715,0.3364485981308411,0.44370860927152317,0.0
2023-11-02,0.2328767123287671,0.3364485981308411,0.34394904458598724,0.0
2023-11-03,0.21669980119284293,0.2890625,0.29411764705882354,0.0
2023-11-06,0.21669980119284293,0.3333333333333333,0.43636363636363634,0.0
2023-11-07,0.21669980119284293,0.3333333333333333,0.3870967741935484,0.0
2023-11-08,0.21669980119284293,0.2890625,0.29411764705882354,0.0
2023-11-09,0.21669980119284293,0.3364485981308411,0.44370860927152317,0.0
2023-11-10,0.1366906474820144,0.2890625,0.34394904458598724,0.0
2023-11-13,0.1875,0.18961625282167044,0.3870967741935484,0.0
2023-11-14,0.1366906474820144,0.18961625282167044,0.19834710743801653,0.0
2023-11-15,0.1366906474820144,0.18961625282167044,0.29411764705882354,0.0
2023-11-16,0.1366906474820144,0.18961625282167044,0.273972602739726,0.0
2023-11-17,0.1366906474820144,0.18961625282167044,0.15526315789473685,0.0
2023-11-20,0.1366906474820144,0.18961625282167044,0.15526315789473685,0.0
2023-11-21,0.1366906474820144,0.1875,0.1506849315068493,0.0
2023-11-22,0.1366906474820144,0.18961625282167044,0.15526315789473685,0.0
2023-11-24,0.1366906474820144,0.18961625282167044,0.15526315789473685,0.0
2023-11-27,0.1366906474820144,0.18961625282167044,0.15526315789473685,0.0
2023-11-28,0.1366906474820144,0.18961625282167044,0.15526315789473685,0.0
2023-11-29,0.1366906474820144,0.1875,0.15526315789473685,0.0
2023-11-30,0.1366906474820144,0.18961625282167044,0.23904382470119523,0.0
2023-12-01,0.1366906474820144,0.11902530459231488,0.08314606741573034,0.0
2023-12-04,0.1366906474820144,0.11902530459231488,0.08314606741573034,0.0
2023-12-05,0.1366906474820144,0.11902530459231488,0.08080808080808081,0.0
2023-12-06,0.1366906474820144,0.11902530459231488,0.08080808080808081,0.0
2023-12-07,0.1366906474820144,0.11902530459231488,0.08080808080808081,0.0
2023-12-08,0.1366906474820144,0.11902530459231488,0.06367924528301887,0.0
2023-12-11,0.1366906474820144,0.11902530459231488,0.06367924528301887,0.0
2023-12-12,0.1366906474820144,0.11902530459231488,0.06367924528301887,0.0
2023-12-13,0.1366906474820144,0.11902530459231488,0.06367924528301887,0.0
2023-12-14,0.1298819255222525,0.14896459585838343,0.11796246648793565,0.0
2023-12-15,0.1298819255222525,0.14896459585838343,0.11796246648793565,0.0
2023-12-18,0.1298819255222525,0.0,0.11796246648793565,0.0
2023-12-19,0.1298819255222525,0.0,0.11796246648793565,0.0
2023-12-20,0.1298819255222525,0.0,0.11796246648793565,0.0
2023-12-21,0.1298819255222525,0.0,0.11796246648793565,0.0
2023-12-22,0.1298819255222525,0.0,0.11796246648793565,0.0
2023-12-26,0.1298819255222525,0.0,0.11796246648793565,0.0
2023-12-27,0.1298819255222525,0.0,0.11796246648793565,0.0
2023-12-28,0.1298819255222525,0.0,0.11796246648793565,0.0
2023-12-29,0.1298819255222525,0.0,0.11796246648793565,0.0
2024-01-02,0.1298819255222525,0.0,0.2005420054200542,0.0
2024-01-03,0.1298819255222525,0.14896459585838343,0.14583333333333334,0.0
2024-01-04,0.1298819255222525,0.14896459585838343,0.2005420054200542,0.0
2024-01-05,0.1298819255222525,0.14896459585838343,0.1650485436893204,0.0
2024-01-08,0.1298819255222525,0.14896459585838343,0.15476190476190477,0.0
2024-01-09,0.1298819255222525,0.14896459585838343,0.14583333333333334,0.0
2024-01-10,0.1298819255222525,0.14896459585838343,0.2005420054200542,0.0
2024-01-11,0.1298819255222525,0.14896459585838343,0.15476190476190477,0.0
2024-01-12,0.1298819255222525,0.14896459585838343,0.2005420054200542,0.0
2024-01-16,0.1298819255222525,0.14896459585838343,0.391304347826087,0.0
2024-01-17,0.1298819255222525,0.14896459585838343,0.42997542997543,0.0
2024-01-18,0.1298819255222525,0.14896459585838343,0.42997542997543,0.0
2024-01-19,0.1298819255222525,0.14896459585838343,0.40540540540540543,0.0
2024-01-22,0.1298819255222525,0.14896459585838343,0.23404255319148937,0.0
2024-01-23,0.1298819255222525,0.14896459585838343,0.24390243902439024,0.0
2024-01-24,0.1298819255222525,0.14896459585838343,0.24390243902439024,0.0
2024-01-25,0.1298819255222525,0.14896459585838343,0.24390243902439024,0.0
2024-01-26,0.1298819255222525,0.14896459585838343,0.23404255319148937,0.0
2024-01-29,0.1298819255222525,0.14896459585838343,0.2005420054200542,0.0
2024-01-30,0.1298819255222525,0.14896459585838343,0.1650485436893204,0.0
2024-01-31,0.1298819255222525,0.14896459585838343,0.23404255319148937,0.0
2024-02-01,0.1298819255222525,0.14896459585838343,0.11796246648793565,0.0
2024-02-02,0.1298819255222525,0.14896459585838343,0.2005420054200542,0.0
2024-02-05,0.1298819255222525,0.14896459585838343,0.25757575757575757,0.0
2024-02-06,0.1298819255222525,0.14896459585838343,0.11796246648793565,0.0
2024-02-07,0.1298819255222525,0.14896459585838343,0.1650485436893204,0.0
2024-02-08,0.1298819255222525,0.14896459585838343,0.2005420054200542,0.0
2024-02-09,0.1298819255222525,0.14896459585838343,0.2005420054200542,0.0
2024-02-12,0.1298819255222525,0.14896459585838343,0.24193548387096775,0.0
2024-02-13,0.14925373134328357,0.14896459585838343,0.43870967741935485,0.0
2024-02-14,0.1298819255222525,0.14896459585838343,0.3157894736842105,0.0
2024-02-15,0.1298819255222525,0.14896459585838343,0.34051724137931033,0.0
2024-02-16,0.1298819255222525,0.14896459585838343,0.35,0.0
2024-02-20,0.1298819255222525,0.14896459585838343,0.42997542997543,0.0
2024-02-21,0.1298819255222525,0.14896459585838343,0.42997542997543,0.0
2024-02-22,0.1298819255222525,0.14896459585838343,0.42997542997543,0.0
2024-02-23,0.1298819255222525,0.14896459585838343,0.3888888888888889,0.0
2024-02-26,0.1298819255222525,0.14896459585838343,0.42997542997543,0.0
2024-02-27,0.1298819255222525,0.14896459585838343,0.42997542997543,0.0
2024-02-28,0.1298819255222525,0.14896459585838343,0.40540540540540543,0.0
2024-02-29,0.1298819255222525,0.14896459585838343,0.28346456692913385,0.0
2024-03-01,0.1298819255222525,0.14896459585838343,0.2005420054200542,0.0
2024-03-04,0.1298819255222525,0.14896459585838343,0.23404255319148937,0.0
2024-03-05,0.20802005012531327,0.14896459585838343,0.2005420054200542,0.0
2024-03-06,0.20802005012531327,0.14896459585838343,0.2005420054200542,0.0
2024-03-07,0.1298819255222525,0.14896459585838343,0.2005420054200542,0.0
2024-03-08,0.20802005012531327,0.14896459585838343,0.28346456692913385,0.0
2024-03-11,0.20802005012531327,0.14896459585838343,0.28346456692913385,0.0
2024-03-12,0.1298819255222525,0.14896459585838343,0.28346456692913385,0.0
2024-03-13,0.1298819255222525,0.14896459585838343,0.3157894736842105,0.0
2024-03-14,0.14925373134328357,0.14896459585838343,0.391304347826087,0.0
2024-03-15,0.20802005012531327,0.14896459585838343,0.42997542997543,0.0
2024-03-18,0.20802005012531327,0.14896459585838343,0.42997542997543,0.0
2024-03-19,0.1298819255222525,0.14896459585838343,0.34051724137931033,0.0
2024-03-20,0.1298819255222525,0.14896459585838343,0.3157894736842105,0.0
2024-03-21,0.1298819255222525,0.14896459585838343,0.2005420054200542,1.0
2024-03-22,0.1298819255222525,0.14896459585838343,0.23404255319148937,1.0
2024-03-25,0.1298819255222525,0.14896459585838343,0.2005420054200542,0.0
2024-03-26,0.1298819255222525,0.14896459585838343,0.1650485436893204,0.0
2024-03-27,0.1298819255222525,0.14896459585838343,0.1650485436893204,1.0
2024-03-28,0.1298819255222525,0.14896459585838343,0.1650485436893204,1.0
2024-04-01,0.1298819255222525,0.14896459585838343,0.28346456692913385,1.0
2024-04-02,0.20802005012531327,0.14896459585838343,0.35,0.0
2024-04-03,0.14925373134328357,0.14896459585838343,0.34051724137931033,0.0
2024-04-04,0.23958333333333334,0.14896459585838343,0.42997542997543,0.0
2024-04-05,0.2214765100671141,0.14896459585838343,0.5609756097560976,0.0
2024-04-08,0.20802005012531327,0.14896459585838343,0.42997542997543,0.0
2024-04-09,0.20802005012531327,0.14896459585838343,0.42997542997543,0.0
2024-04-10,0.2535211267605634,0.14896459585838343,0.600896860986547,0.0
2024-04-11,0.2260397456856551,0.14896459585838343,0.5714285714285714,0.0
2024-04-12,0.2629558541266795,0.14896459585838343,0.6820512820512821,0.0
2024-04-15,0.2629558541266795,0.14896459585838343,0.6820512820512821,0.0
2024-04-16,0.2629558541266795,0.14896459585838343,0.6820512820512821,0.0
2024-04-17,0.2629558541266795,0.14896459585838343,0.6820512820512821,0.0
2024-04-18,0.2629558541266795,0.14896459585838343,0.6820512820512821,0.0
2024-04-19,0.2887323943661972,0.17395727365208546,0.6820512820512821,0.0
2024-04-22,0.2629558541266795,0.17395727365208546,0.6820512820512821,0.0
2024-04-23,0.2629558541266795,0.17395727365208546,0.600896860986547,0.0
2024-04-24,0.2629558541266795,0.17395727365208546,0.600896860986547,0.0
2024-04-25,0.2629558541266795,0.17395727365208546,0.600896860986547,0.0
2024-04-26,0.2629558541266795,0.14896459585838343,0.600896860986547,0.0
2024-04-29,0.2629558541266795,0.14896459585838343,0.600896860986547,0.0
2024-04-30,0.2629558541266795,0.14896459585838343,0.600896860986547,0.0
2024-05-01,0.2629558541266795,0.14896459585838343,0.6820512820512821,0.0
2024-05-02,0.2629558541266795,0.14896459585838343,0.600896860986547,0.0
2024-05-03,0.23958333333333334,0.14896459585838343,0.600896860986547,0.0
2024-05-06,0.23958333333333334,0.14896459585838343,0.600896860986547,0.0
2024-05-07,0.23958333333333334,0.14896459585838343,0.600896860986547,0.0
2024-05-08,0.2214765100671141,0.14896459585838343,0.600896860986547,0.0
2024-05-09,0.2214765100671141,0.14896459585838343,0.6820512820512821,0.0
2024-05-10,0.20802005012531327,0.14896459585838343,0.6820512820512821,0.0
2024-05-13,0.2214765100671141,0.14896459585838343,0.6820512820512821,0.0
2024-05-14,0.20802005012531327,0.14896459585838343,0.6820512820512821,0.0
2024-05-15,0.20802005012531327,0.14896459585838343,0.600896860986547,0.0
2024-05-16,0.14925373134328357,0.14896459585838343,0.600896860986547,0.0
2024-05-17,0.20802005012531327,0.14896459585838343,0.600896860986547,0.0
2024-05-20,0.20802005012531327,0.14896459585838343,0.600896860986547,0.0
2024-05-21,0.1298819255222525,0.14896459585838343,0.600896860986547,0.0
2024-05-22,0.1298819255222525,0.14896459585838343,0.600896860986547,0.0
2024-05-23,0.1298819255222525,0.14896459585838343,0.6820512820512821,0.0
2024-05-24,0.1298819255222525,0.14896459585838343,0.600896860986547,0.0
2024-05-28,0.1298819255222525,0.14896459585838343,0.600896860986547,0.0
2024-05-29,0.20802005012531327,0.17395727365208546,0.600896860986547,0.0
2024-05-30,0.20802005012531327,0.17395727365208546,0.6820512820512821,0.0
2024-05-31,0.1298819255222525,0.14896459585838343,0.600896860986547,0.0
2024-06-03,0.20802005012531327,0.14896459585838343,0.5714285714285714,0.0
2024-06-04,0.20802005012531327,0.14896459585838343,0.42997542997543,0.0
2024-06-05,0.1298819255222525,0.14896459585838343,0.40540540540540543,0.0
2024-06-06,0.1298819255222525,0.14896459585838343,0.34051724137931033,0.0
2024-06-07,0.1298819255222525,0.14896459585838343,0.42997542997543,0.0
2024-06-10,0.1298819255222525,0.14896459585838343,0.42997542997543,0.0
2024-06-11,0.1298819255222525,0.14896459585838343,0.391304347826087,0.0
2024-06-12,0.1298819255222525,0.14896459585838343,0.2005420054200542,0.0
2024-06-13,0.1298819255222525,0.14896459585838343,0.11796246648793565,0.0
2024-06-14,0.1298819255222525,0.14896459585838343,0.11796246648793565,0.0
2024-06-17,0.1298819255222525,0.14896459585838343,0.15476190476190477,1.0
2024-06-18,0.1298819255222525,0.14896459585838343,0.11796246648793565,1.0
2024-06-20,0.1298819255222525,0.14896459585838343,0.2005420054200542,1.0
2024-06-21,0.1298819255222525,0.14896459585838343,0.2005420054200542,1.0
2024-06-24,0.14925373134328357,0.14896459585838343,0.2005420054200542,0.0
2024-06-25,0.1298819255222525,0.14896459585838343,0.1650485436893204,1.0
2024-06-26,0.1298819255222525,0.14896459585838343,0.2005420054200542,1.0
2024-06-27,0.1298819255222525,0.14896459585838343,0.2005420054200542,1.0
2024-06-28,0.1298819255222525,0.14896459585838343,0.34051724137931033,1.0
2024-07-01,0.1298819255222525,0.17395727365208546,0.391304347826087,1.0
2024-07-02,0.1298819255222525,0.17395727365208546,0.34051724137931033,1.0
2024-07-03,0.1298819255222525,0.14896459585838343,0.2005420054200542,1.0
2024-07-05,0.1298819255222525,0.14896459585838343,0.2005420054200542,1.0
2024-07-08,0.1298819255222525,0.14896459585838343,0.2005420054200542,1.0
2024-07-09,0.1298819255222525,0.14896459585838343,0.2005420054200542,1.0
2024-07-10,0.1298819255222525,0.14896459585838343,0.34051724137931033,1.0
2024-07-11,0.14925373134328357,0.14896459585838343,0.25757575757575757,1.0
2024-07-12,0.1298819255222525,0.14896459585838343,0.2005420054200542,1.0
2024-07-15,0.14925373134328357,0.14896459585838343,0.34051724137931033,1.0
2024-07-16,0.14285714285714285,0.14896459585838343,0.34051724137931033,1.0
2024-07-17,0.23958333333333334,0.14896459585838343,0.42997542997543,1.0
2024-07-18,0.2629558541266795,0.14896459585838343,0.5609756097560976,1.0
2024-07-19,0.2629558541266795,0.17395727365208546,0.600896860986547,1.0
2024-07-22,0.2629558541266795,0.14896459585838343,0.600896860986547,1.0
2024-07-23,0.2629558541266795,0.14896459585838343,0.600896860986547,1.0
2024-07-24,0.26666666666666666,0.17395727365208546,0.6820512820512821,0.0
2024-07-25,0.2887323943661972,0.17395727365208546,0.6820512820512821,0.0
2024-07-26,0.26666666666666666,0.17395727365208546,0.6820512820512821,0.0
2024-07-29,0.2887323943661972,0.14896459585838343,0.600896860986547,1.0
2024-07-30,0.2887323943661972,0.17395727365208546,0.6820512820512821,0.0
2024-07-31,0.2887323943661972,0.1637555290981212,0.5714285714285714,1.0
2024-08-01,0.3016759776536313,0.17395727365208546,0.600896860986547,0.0
2024-08-02,0.32195121951219513,0.19223985890652556,0.42997542997543,0.0
2024-08-05,0.32195121951219513,0.4483516483516483,0.2281793751100308,0.0
2024-08-06,0.3016759776536313,0.35947712418300654,0.42997542997543,0.0
2024-08-07,0.32195121951219513,0.35947712418300654,0.42997542997543,0.0
2024-08-08,0.3016759776536313,0.26277372262773724,0.5483870967741935,0.0
2024-08-09,0.3016759776536313,0.19223985890652556,0.42997542997543,0.0
2024-08-12,0.3016759776536313,0.19223985890652556,0.42997542997543,0.0
2024-08-13,0.2887323943661972,0.19223985890652556,0.42997542997543,0.0
2024-08-14,0.2887323943661972,0.19223985890652556,0.42997542997543,0.0
2024-08-15,0.2629558541266795,0.17757009345794392,0.43870967741935485,0.0
2024-08-16,0.2629558541266795,0.14896459585838343,0.5609756097560976,0.0
2024-08-19,0.2629558541266795,0.14896459585838343,0.5714285714285714,0.0
2024-08-20,0.2629558541266795,0.14896459585838343,0.600896860986547,0.0
2024-08-21,0.2629558541266795,0.17395727365208546,0.600896860986547,0.0
2024-08-22,0.2629558541266795,0.17395727365208546,0.6820512820512821,0.0
2024-08-23,0.2629558541266795,0.17395727365208546,0.600896860986547,0.0
2024-08-26,0.2629558541266795,0.17395727365208546,0.600896860986547,0.0
2024-08-27,0.2629558541266795,0.17395727365208546,0.600896860986547,0.0
2024-08-28,0.2629558541266795,0.17395727365208546,0.600896860986547,0.0
2024-08-29,0.2629558541266795,0.17395727365208546,0.5714285714285714,0.0
2024-08-30,0.2629558541266795,0.17395727365208546,0.600896860986547,0.0
2024-09-03,0.2629558541266795,0.17395727365208546,0.600896860986547,0.0
2024-09-04,0.26666666666666666,0.17395727365208546,0.600896860986547,0.0
2024-09-05,0.2629558541266795,0.17395727365208546,0.600896860986547,0.0
2024-09-06,0.2887323943661972,0.17395727365208546,0.42997542997543,0.0
2024-09-09,0.2887323943661972,0.17395727365208546,0.42997542997543,0.0
2024-09-10,0.2887323943661972,0.17395727365208546,0.42997542997543,0.0
2024-09-11,0.26666666666666666,0.14896459585838343,0.42997542997543,0.0
2024-09-12,0.2629558541266795,0.17395727365208546,0.43870967741935485,0.0
2024-09-13,0.2629558541266795,0.17395727365208546,0.5714285714285714,0.0
2024-09-16,0.2629558541266795,0.17395727365208546,0.600896860986547,0.0
2024-09-17,0.2629558541266795,0.17395727365208546,0.600896860986547,0.0
2024-09-18,0.2629558541266795,0.1917808219178082,0.6820512820512821,0.0
2024-09-19,0.2535211267605634,0.17757009345794392,0.6820512820512821,0.0
2024-09-20,0.23958333333333334,0.17757009345794392,0.6820512820512821,0.0
2024-09-23,0.2214765100671141,0.1917808219178082,0.6820512820512821,0.0
2024-09-24,0.2214765100671141,0.1917808219178082,0.6820512820512821,0.0
2024-09-25,0.20802005012531327,0.19223985890652556,0.6820512820512821,0.0
2024-09-26,0.20802005012531327,0.1917808219178082,0.6820512820512821,0.0
2024-09-27,0.23958333333333334,0.19223985890652556,0.6820512820512821,0.0
2024-09-30,0.23958333333333334,0.1917808219178082,0.7333333333333333,0.0
2024-10-01,0.2629558541266795,0.17757009345794392,0.6820512820512821,0.0
2024-10-02,0.2629558541266795,0.19223985890652556,0.7333333333333333,0.0
2024-10-03,0.2629558541266795,0.19223985890652556,0.7333333333333333,0.0
2024-10-04,0.2629558541266795,0.17395727365208546,0.7333333333333333,0.0
2024-10-07,0.2629558541266795,0.17395727365208546,0.6820512820512821,0.0
2024-10-08,0.2629558541266795,0.17757009345794392,0.7333333333333333,0.0
2024-10-09,0.2629558541266795,0.17757009345794392,0.7333333333333333,0.0
2024-10-10,0.2629558541266795,0.17757009345794392,0.7333333333333333,0.0
2024-10-11,0.2629558541266795,0.17757009345794392,0.7333333333333333,0.0
2024-10-14,0.2629558541266795,0.17395727365208546,0.7333333333333333,0.0
2024-10-15,0.2629558541266795,0.19223985890652556,0.8571428571428571,0.0
2024-10-16,0.2629558541266795,0.17757009345794392,0.7333333333333333,0.0
2024-10-17,0.2629558541266795,0.17395727365208546,0.7333333333333333,0.0
2024-10-18,0.2535211267605634,0.17395727365208546,0.7333333333333333,0.0
2024-10-21,0.2629558541266795,0.17395727365208546,0.7333333333333333,0.0
2024-10-22,0.2629558541266795,0.17395727365208546,0.6820512820512821,0.0
2024-10-23,0.2629558541266795,0.17395727365208546,0.7333333333333333,0.0
2024-10-24,0.2629558541266795,0.17395727365208546,0.8571428571428571,0.0
2024-10-25,0.2629558541266795,0.17532130341248633,0.7333333333333333,0.0
2024-10-28,0.2629558541266795,0.17395727365208546,0.8571428571428571,0.0
2024-10-29,0.2629558541266795,0.17395727365208546,0.7333333333333333,0.0
2024-10-30,0.2629558541266795,0.17395727365208546,0.7333333333333333,0.0
2024-10-31,0.2629558541266795,0.19223985890652556,0.8571428571428571,0.0
2024-11-01,0.2629558541266795,0.1917808219178082,0.6820512820512821,0.0
2024-11-04,0.2629558541266795,0.1917808219178082,0.600896860986547,0.0
2024-11-05,0.2629558541266795,0.1917808219178082,0.6820512820512821,0.0
2024-11-06,0.23958333333333334,0.17757009345794392,0.6820512820512821,0.0
2024-11-07,0.20802005012531327,0.17757009345794392,0.600896860986547,0.0
2024-11-08,0.20802005012531327,0.17395727365208546,0.600896860986547,0.0
2024-11-11,0.20802005012531327,0.17395727365208546,0.600896860986547,0.0
2024-11-12,0.20802005012531327,0.17395727365208546,0.5609756097560976,0.0
2024-11-13,0.20802005012531327,0.17395727365208546,0.43870967741935485,0.0
2024-11-14,0.20802005012531327,0.17757009345794392,0.42997542997543,0.0
2024-11-15,0.2214765100671141,0.17757009345794392,0.43870967741935485,0.0
2024-11-18,0.23958333333333334,0.17395727365208546,0.43870967741935485,0.0
2024-11-19,0.23958333333333334,0.17757009345794392,0.600896860986547,0.0
2024-11-20,0.2535211267605634,0.19223985890652556,0.600896860986547,0.0
2024-11-21,0.23958333333333334,0.1917808219178082,0.600896860986547,0.0
2024-11-22,0.20802005012531327,0.19223985890652556,0.600896860986547,0.0
2024-11-25,0.20802005012531327,0.19223985890652556,0.42997542997543,0.0
2024-11-26,0.1298819255222525,0.17757009345794392,0.42997542997543,0.0
2024-11-27,0.14925373134328357,0.17757009345794392,0.42997542997543,0.0
2024-11-29,0.1298819255222525,0.17395727365208546,0.35,0.0
2024-12-02,0.1298819255222525,0.17395727365208546,0.28346456692913385,0.0
2024-12-03,0.1298819255222525,0.17395727365208546,0.25757575757575757,0.0
2024-12-04,0.1298819255222525,0.17395727365208546,0.2005420054200542,0.0
2024-12-05,0.1298819255222525,0.17395727365208546,0.15476190476190477,0.0
2024-12-06,0.1298819255222525,0.17395727365208546,0.1650485436893204,0.0
2024-12-09,0.1298819255222525,0.17395727365208546,0.1650485436893204,0.0
2024-12-10,0.14285714285714285,0.17757009345794392,0.2005420054200542,0.0
2024-12-11,0.1298819255222525,0.17757009345794392,0.34051724137931033,0.0
2024-12-12,0.1298819255222525,0.1917808219178082,0.28346456692913385,0.0
2024-12-13,0.1298819255222525,0.19223985890652556,0.2005420054200542,0.0
2024-12-16,0.1298819255222525,0.1917808219178082,0.24193548387096775,0.0
2024-12-17,0.20802005012531327,0.19223985890652556,0.2005420054200542,0.0
2024-12-18,0.2629558541266795,0.35947712418300654,0.34051724137931033,0.0
2024-12-19,0.2629558541266795,0.35947712418300654,0.2005420054200542,0.0
2024-12-20,0.2629558541266795,0.35947712418300654,0.1650485436893204,0.0
2024-12-23,0.2629558541266795,0.35947712418300654,0.1650485436893204,0.0
2024-12-24,0.20802005012531327,0.2857142857142857,0.15476190476190477,0.0
2024-12-26,0.20802005012531327,0.2857142857142857,0.2005420054200542,0.0
2024-12-27,0.23958333333333334,0.2857142857142857,0.1650485436893204,0.0
2024-12-30,0.2629558541266795,0.35947712418300654,0.2005420054200542,0.0
2024-12-31,0.2629558541266795,0.4483516483516483,0.2005420054200542,0.0
2025-01-02,0.2535211267605634,0.35947712418300654,0.34051724137931033,0.0
2025-01-03,0.20802005012531327,0.26277372262773724,0.15476190476190477,0.0
2025-01-06,0.20802005012531327,0.19223985890652556,0.2005420054200542,0.0
2025-01-07,0.2535211267605634,0.2857142857142857,0.34051724137931033,0.0
2025-01-08,0.2535211267605634,0.35947712418300654,0.34051724137931033,1.0
2025-01-10,0.2629558541266795,0.19223985890652556,0.2005420054200542,0.0
2025-01-13,0.2629558541266795,0.35947712418300654,0.15476190476190477,0.0
2025-01-14,0.2629558541266795,0.35947712418300654,0.1650485436893204,1.0
2025-01-15,0.2214765100671141,0.19223985890652556,0.11796246648793565,1.0
2025-01-16,0.2214765100671141,0.19223985890652556,0.15476190476190477,1.0
2025-01-17,0.20802005012531327,0.19223985890652556,0.25757575757575757,1.0
2025-01-21,0.1298819255222525,0.19223985890652556,0.34051724137931033,1.0
2025-01-22,0.1298819255222525,0.1917808219178082,0.391304347826087,1.0
2025-01-23,0.1298819255222525,0.19223985890652556,0.42997542997543,1.0
2025-01-24,0.1298819255222525,0.17757009345794392,0.34051724137931033,1.0
2025-01-27,0.2214765100671141,0.19223985890652556,0.34051724137931033,1.0
2025-01-28,0.20802005012531327,0.17757009345794392,0.35,1.0
2025-01-29,0.20802005012531327,0.17395727365208546,0.35,1.0
2025-01-30,0.14925373134328357,0.17395727365208546,0.40540540540540543,1.0
2025-01-31,0.20802005012531327,0.19223985890652556,0.42997542997543,1.0
2025-02-03,0.2629558541266795,0.19223985890652556,0.42997542997543,1.0
2025-02-04,0.2214765100671141,0.19223985890652556,0.40540540540540543,1.0
2025-02-05,0.20802005012531327,0.19223985890652556,0.42997542997543,1.0
2025-02-06,0.20802005012531327,0.19223985890652556,0.42997542997543,1.0
2025-02-07,0.2214765100671141,0.26277372262773724,0.28346456692913385,1.0
2025-02-10,0.20802005012531327,0.19223985890652556,0.23404255319148937,1.0
2025-02-11,0.20802005012531327,0.19223985890652556,0.24193548387096775,1.0
2025-02-12,0.20802005012531327,0.19223985890652556,0.28346456692913385,1.0
2025-02-13,0.1298819255222525,0.17757009345794392,0.25757575757575757,1.0
2025-02-14,0.1298819255222525,0.19223985890652556,0.28346456692913385,1.0
2025-02-18,0.1298819255222525,0.19223985890652556,0.28346456692913385,1.0
2025-02-19,0.14391143911439114,0.4268707482993197,0.1333333333333333,1.0
2025-02-20,0.14391143911439114,0.4268707482993197,0.1333333333333333,1.0
2025-02-21,0.2567672080433101,0.4268707482993197,0.1344339622641509,1.0
2025-02-24,0.2567672080433101,0.4268707482993197,0.1333333333333333,1.0
2025-02-25,0.2567672080433101,0.4268707482993197,0.1333333333333333,1.0
2025-02-26,0.2567672080433101,0.4268707482993197,0.11196172248803826,1.0
2025-02-27,0.2567672080433101,0.4268707482993197,0.11196172248803826,1.0
2025-02-28,0.2567672080433101,0.4474885844748858,0.11196172248803826,1.0
2025-03-03,0.2840909090909091,0.4474885844748858,0.1344339622641509,1.0
2025-03-04,0.2840909090909091,0.4268707482993197,0.1344339622641509,1.0
2025-03-05,0.2840909090909091,0.4268707482993197,0.1344339622641509,1.0
2025-03-06,0.2840909090909091,0.32954545454545453,0.1344339622641509,1.0
2025-03-07,0.2840909090909091,0.4268707482993197,0.13671539122957868,1.0
2025-03-10,0.29752066115702486,0.4268707482993197,0.19457013574660634,1.0
2025-03-11,0.29752066115702486,0.4090909090909091,0.41729323308270677,1.0
2025-03-12,0.29752066115702486,0.4090909090909091,0.19457013574660634,1.0
2025-03-13,0.29752066115702486,0.4090909090909091,0.41729323308270677,1.0
2025-03-14,0.29752066115702486,0.4268707482993197,0.41729323308270677,1.0
2025-03-17,0.2840909090909091,0.4268707482993197,0.19457013574660634,1.0
2025-03-18,0.29752066115702486,0.4268707482993197,0.36363636363636365,1.0
2025-03-19,0.2840909090909091,0.4268707482993197,0.13671539122957868,1.0
2025-03-20,0.2840909090909091,0.4268707482993197,0.13671539122957868,1.0
2025-03-21,0.2840909090909091,0.4268707482993197,0.41729323308270677,1.0
2025-03-24,0.2567672080433101,0.4268707482993197,0.19457013574660634,1.0
2025-03-25,0.2567672080433101,0.4268707482993197,0.19457013574660634,1.0
2025-03-26,0.2840909090909091,0.4268707482993197,0.4883720930232558,1.0
2025-03-27,0.2840909090909091,0.4268707482993197,0.5503355704697985,1.0
2025-03-28,0.29752066115702486,0.44680851063829785,0.5606469002695417,1.0
2025-03-31,0.29752066115702486,0.4474885844748858,0.5606469002695417,1.0
2025-04-01,0.4117647058823529,0.4474885844748858,0.9821428571428571,1.0
2025-04-02,0.4117647058823529,0.4474885844748858,1.0,1.0
2025-04-03,0.4542124542124541,0.4474885844748858,1.0,1.0
2025-04-04,0.4542124542124541,0.4474885844748858,1.0,0.0
2025-04-07,0.4542124542124541,0.4474885844748858,1.0,0.0
2025-04-08,0.4542124542124541,0.4474885844748858,1.0,0.0
2025-04-09,0.4542124542124541,0.4474885844748858,1.0,1.0
2025-04-10,0.4542124542124541,0.4474885844748858,1.0,0.0
2025-04-11,0.4542124542124541,0.4474885844748858,1.0,0.0
2025-04-14,0.4542124542124541,0.4474885844748858,1.0,0.0
2025-04-15,0.4117647058823529,0.4474885844748858,1.0,0.0
2025-04-16,0.4542124542124541,0.4474885844748858,1.0,0.0
2025-04-17,0.4195392080981985,0.4474885844748858,1.0,0.0
2025-04-21,0.4542124542124541,0.4474885844748858,1.0,0.0
2025-04-22,0.4117647058823529,0.4474885844748858,1.0,0.0
2025-04-23,0.4117647058823529,0.4474885844748858,1.0,0.0
2025-04-24,0.4117647058823529,0.4474885844748858,1.0,0.0
2025-04-25,0.4117647058823529,0.4474885844748858,1.0,0.0
2025-04-28,0.4117647058823529,0.4474885844748858,1.0,0.0
2025-04-29,0.4117647058823529,0.4474885844748858,1.0,0.0
2025-04-30,0.4117647058823529,0.4474885844748858,1.0,0.0
2025-05-01,0.3173076923076923,0.4474885844748858,1.0,0.0
2025-05-02,0.29752066115702486,0.44680851063829785,1.0,0.0
2025-05-05,0.29752066115702486,0.4474885844748858,1.0,0.0
2025-05-06,0.3076923076923077,0.4474885844748858,1.0,0.0
2025-05-07,0.29752066115702486,0.4268707482993197,1.0,0.0
2025-05-08,0.29752066115702486,0.44680851063829785,1.0,0.0
2025-05-09,0.2840909090909091,0.4268707482993197,0.75,0.0
2025-05-12,0.2567672080433101,0.4268707482993197,0.5606469002695417,0.0
2025-05-13,0.2567672080433101,0.4268707482993197,0.5606469002695417,0.0
2025-05-14,0.2567672080433101,0.4268707482993197,0.5606469002695417,0.0
2025-05-15,0.2567672080433101,0.4268707482993197,0.5606469002695417,0.0
2025-05-16,0.2567672080433101,0.2603305785123967,0.5882352941176471,0.0
2025-05-19,0.2567672080433101,0.20168067226890757,0.5882352941176471,0.0
2025-05-20,0.2567672080433101,0.23684210526315788,0.5882352941176471,0.0
2025-05-21,0.2567672080433101,0.32954545454545453,0.9821428571428571,0.0
2025-05-22,0.2567672080433101,0.32954545454545453,0.9821428571428571,0.0
2025-05-23,0.2567672080433101,0.32954545454545453,0.5606469002695417,0.0
2025-05-27,0.2567672080433101,0.23684210526315788,0.5606469002695417,0.0
2025-05-28,0.2567672080433101,0.20168067226890757,0.5606469002695417,0.0
2025-05-29,0.2567672080433101,0.18939393939393936,0.5606469002695417,0.0
2025-05-30,0.2567672080433101,0.18939393939393936,0.5606469002695417,0.0
2025-06-02,0.2567672080433101,0.18939393939393936,0.5503355704697985,0.0
2025-06-03,0.2567672080433101,0.18939393939393936,0.5503355704697985,0.0
2025-06-04,0.2567672080433101,0.18939393939393936,0.5503355704697985,0.0
2025-06-05,0.2567672080433101,0.18939393939393936,0.5503355704697985,0.0
2025-06-06,0.21495327102803738,0.18939393939393936,0.5503355704697985,0.0
2025-06-09,0.22429906542056074,0.18939393939393936,0.5503355704697985,0.0
2025-06-10,0.21495327102803738,0.18939393939393936,0.5503355704697985,0.0
2025-06-11,0.2545454545454545,0.2113127001067236,0.5695538057742782,0.0
2025-06-12,0.2545454545454545,0.2113127001067236,0.5695538057742782,0.0
2025-06-13,0.2545454545454545,0.2113127001067236,0.5695538057742782,0.0
2025-06-16,0.2545454545454545,0.2727272727272727,0.5695538057742782,0.0
2025-06-17,0.2545454545454545,0.3225806451612903,0.5338645418326693,0.0
2025-06-18,0.2545454545454545,0.26696832579185525,0.5338645418326693,0.0
2025-06-20,0.2545454545454545,0.26696832579185525,0.4715025906735752,0.0
2025-06-23,0.2545454545454545,0.2727272727272727,0.5695538057742782,0.0
2025-06-24,0.2185792349726776,0.26696832579185525,0.5695538057742782,0.0
2025-06-25,0.1726027397260274,0.2113127001067236,0.5695538057742782,0.0
2025-06-26,0.19047619047619047,0.2113127001067236,0.5695538057742782,0.0
2025-06-27,0.1726027397260274,0.2113127001067236,0.5695538057742782,0.0
2025-06-30,0.2185792349726776,0.17185929648241205,0.4715025906735752,0.0
2025-07-01,0.1726027397260274,0.14211438474870014,0.10939226519337018,0.0
2025-07-02,0.1726027397260274,0.14211438474870014,0.10939226519337018,0.0
2025-07-03,0.1726027397260274,0.14211438474870014,0.13333333333333333,0.0
2025-07-07,0.1726027397260274,0.14211438474870014,0.22794117647058823,0.0
2025-07-08,0.1726027397260274,0.14211438474870014,0.22794117647058823,0.0
2025-07-09,0.1503448275862069,0.14211438474870014,0.16666666666666666,0.0
2025-07-10,0.1503448275862069,0.14211438474870014,0.2,0.0
2025-07-11,0.1726027397260274,0.17185929648241205,0.22794117647058823,0.0
2025-07-14,0.1726027397260274,0.17185929648241205,0.22794117647058823,0.0
2025-07-15,0.1726027397260274,0.17185929648241205,0.22794117647058823,0.0
2025-07-16,0.1726027397260274,0.17185929648241205,0.26072607260726066,0.0
2025-07-17,0.1503448275862069,0.17185929648241205,0.22794117647058823,0.0
2025-07-18,0.1503448275862069,0.17185929648241205,0.22794117647058823,0.0
2025-07-21,0.1503448275862069,0.17185929648241205,0.13333333333333333,0.0
2025-07-22,0.1503448275862069,0.17185929648241205,0.13333333333333333,0.0
2025-07-23,0.1503448275862069,0.17185929648241205,0.13333333333333333,0.0
2025-07-24,0.1503448275862069,0.17185929648241205,0.12698412698412698,0.0
2025-07-25,0.1503448275862069,0.14211438474870014,0.13333333333333333,0.0
2025-07-28,0.1503448275862069,0.17185929648241205,0.10939226519337018,0.0
2025-07-29,0.1726027397260274,0.17185929648241205,0.10939226519337018,0.0
2025-07-30,0.1503448275862069,0.17185929648241205,0.10939226519337018,0.0
2025-07-31,0.1726027397260274,0.17185929648241205,0.10939226519337018,0.0
2025-08-01,0.2185792349726776,0.17185929648241205,0.10939226519337018,0.0
2025-08-04,0.1726027397260274,0.17185929648241205,0.10939226519337018,0.0
2025-08-05,0.19047619047619047,0.17185929648241205,0.10939226519337018,0.0
2025-08-06,0.1726027397260274,0.17185929648241205,0.10939226519337018,0.0
2025-08-07,0.1726027397260274,0.17185929648241205,0.10939226519337018,0.0
2025-08-08,0.1726027397260274,0.17185929648241205,0.10939226519337018,0.0
2025-08-11,0.1726027397260274,0.17185929648241205,0.10939226519337018,0.0
2025-08-12,0.1503448275862069,0.17185929648241205,0.10939226519337018,0.0
2025-08-13,0.1503448275862069,0.17185929648241205,0.10939226519337018,0.0
2025-08-14,0.1503448275862069,0.17185929648241205,0.10939226519337018,0.0
2025-08-15,0.1503448275862069,0.17185929648241205,0.22794117647058823,0.0
2025-08-18,0.1503448275862069,0.17185929648241205,0.22794117647058823,0.0
2025-08-19,0.1503448275862069,0.17185929648241205,0.22794117647058823,0.0
2025-08-20,0.1726027397260274,0.17185929648241205,0.13333333333333333,0.0
2025-08-21,0.1726027397260274,0.17185929648241205,0.2,0.0
2025-08-22,0.1503448275862069,0.17185929648241205,0.10939226519337018,0.0
2025-08-25,0.1620396339092161,0.17185929648241205,0.10939226519337018,0.0
2025-08-26,0.1503448275862069,0.17185929648241205,0.13333333333333333,0.0
2025-08-27,0.1503448275862069,0.17185929648241205,0.2,0.0
2025-08-28,0.1503448275862069,0.17185929648241205,0.13333333333333333,0.0
2025-08-29,0.1726027397260274,0.17185929648241205,0.13333333333333333,0.0
2025-09-02,0.19047619047619047,0.17185929648241205,0.10939226519337018,0.0
2025-09-03,0.1726027397260274,0.17185929648241205,0.10939226519337018,0.0
2025-09-04,0.1503448275862069,0.17185929648241205,0.10939226519337018,0.0
2025-09-05,0.1503448275862069,0.17185929648241205,0.10939226519337018,0.0
2025-09-08,0.1503448275862069,0.17185929648241205,0.10939226519337018,0.0
2025-09-09,0.1503448275862069,0.17185929648241205,0.10939226519337018,0.0
2025-09-10,0.1503448275862069,0.17185929648241205,0.10939226519337018,0.0
2025-09-11,0.1503448275862069,0.17185929648241205,0.10939226519337018,0.0
2025-09-12,0.1503448275862069,0.17185929648241205,0.22794117647058823,0.0
2025-09-15,0.1503448275862069,0.17185929648241205,0.22794117647058823,0.0
2025-09-16,0.1726027397260274,0.17185929648241205,0.13333333333333333,0.0
2025-09-17,0.1726027397260274,0.17185929648241205,0.10939226519337018,0.0
2025-09-18,0.1503448275862069,0.17185929648241205,0.10939226519337018,0.0
2025-09-19,0.1503448275862069,0.17185929648241205,0.13333333333333333,0.0
2025-09-22,0.1503448275862069,0.17185929648241205,0.22794117647058823,0.0
2025-09-23,0.1726027397260274,0.17185929648241205,0.2,0.0
2025-09-24,0.1726027397260274,0.17185929648241205,0.13333333333333333,0.0
2025-09-25,0.1726027397260274,0.17185929648241205,0.13333333333333333,0.0
2025-09-26,0.1726027397260274,0.17185929648241205,0.10939226519337018,0.0
2025-09-29,0.1726027397260274,0.17185929648241205,0.10939226519337018,0.0
2025-09-30,0.1503448275862069,0.17185929648241205,0.22794117647058823,0.0
2025-10-01,0.1503448275862069,0.17185929648241205,0.10939226519337018,0.0
2025-10-02,0.1503448275862069,0.17185929648241205,0.10939226519337018,0.0
2025-10-03,0.1726027397260274,0.17185929648241205,0.10939226519337018,0.0
2025-10-06,0.1503448275862069,0.17185929648241205,0.13333333333333333,0.0
2025-10-07,0.1726027397260274,0.17185929648241205,0.13333333333333333,0.0
2025-10-08,0.1726027397260274,0.17185929648241205,0.10939226519337018,0.0
2025-10-09,0.1726027397260274,0.17185929648241205,0.10939226519337018,0.0
2025-10-10,0.2545454545454545,0.17185929648241205,0.10939226519337018,0.0
2025-10-13,0.2396694214876033,0.17185929648241205,0.13333333333333333,0.0
2025-10-14,0.2396694214876033,0.17185929648241205,0.13333333333333333,0.0
2025-10-15,0.2396694214876033,0.17185929648241205,0.2,0.0
2025-10-16,0.2545454545454545,0.17185929648241205,0.10939226519337018,0.0
2025-10-17,0.2396694214876033,0.17185929648241205,0.10939226519337018,0.0
2025-10-20,0.2185792349726776,0.17185929648241205,0.10939226519337018,0.0
2025-10-21,0.2185792349726776,0.17185929648241205,0.10939226519337018,0.0
2025-10-22,0.2185792349726776,0.17185929648241205,0.10939226519337018,0.0
2025-10-23,0.2185792349726776,0.2113127001067236,0.10939226519337018,0.0
2025-10-24,0.1726027397260274,0.2113127001067236,0.22794117647058823,0.0
2025-10-27,0.1726027397260274,0.2113127001067236,0.26072607260726066,0.0
2025-10-28,0.1726027397260274,0.17185929648241205,0.26072607260726066,1.0
2025-10-29,0.19047619047619047,0.17185929648241205,0.2773109243697479,1.0
2025-10-30,0.2185792349726776,0.2113127001067236,0.2773109243697479,0.0
2025-10-31,0.2185792349726776,0.2113127001067236,0.35798816568047337,0.0
2025-11-03,0.2185792349726776,0.2113127001067236,0.26072607260726066,0.0
2025-11-04,0.2396694214876033,0.2113127001067236,0.22794117647058823,0.0
2025-11-05,0.2185792349726776,0.2113127001067236,0.26072607260726066,0.0
2025-11-06,0.2545454545454545,0.2113127001067236,0.22794117647058823,0.0
2025-11-07,0.2545454545454545,0.2113127001067236,0.13333333333333333,0.0
2025-11-10,0.2185792349726776,0.2113127001067236,0.13333333333333333,0.0
2025-11-11,0.2185792349726776,0.2113127001067236,0.13333333333333333,0.0
2025-11-12,0.2396694214876033,0.17185929648241205,0.22794117647058823,0.0
2025-11-13,0.2545454545454545,0.2113127001067236,0.22794117647058823,0.0
2025-11-14,0.2545454545454545,0.2113127001067236,0.35798816568047337,0.0
2025-11-17,0.2545454545454545,0.2113127001067236,0.26072607260726066,0.0
2025-11-18,0.2545454545454545,0.2113127001067236,0.26072607260726066,0.0
2025-11-19,0.2545454545454545,0.2113127001067236,0.26072607260726066,0.0
2025-11-20,0.2545454545454545,0.2113127001067236,0.22794117647058823,0.0
2025-11-21,0.2545454545454545,0.26696832579185525,0.13333333333333333,0.0
2025-11-24,0.2545454545454545,0.2113127001067236,0.10939226519337018,0.0
2025-11-25,0.2396694214876033,0.2113127001067236,0.10939226519337018,0.0
2025-11-26,0.2396694214876033,0.2113127001067236,0.10939226519337018,0.0
2025-11-28,0.2185792349726776,0.2113127001067236,0.2,0.0
2025-12-01,0.2185792349726776,0.2113127001067236,0.22794117647058823,0.0
2025-12-02,0.1726027397260274,0.2113127001067236,0.22794117647058823,0.0
2025-12-03,0.1726027397260274,0.2113127001067236,0.26072607260726066,0.0
2025-12-04,0.1726027397260274,0.2113127001067236,0.26072607260726066,0.0
2025-12-05,0.1726027397260274,0.2113127001067236,0.22794117647058823,0.0
2025-12-08,0.1726027397260274,0.2113127001067236,0.26072607260726066,0.0
2025-12-09,0.1726027397260274,0.2113127001067236,0.2773109243697479,0.0
2025-12-10,0.1726027397260274,0.2113127001067236,0.35798816568047337,0.0
2025-12-11,0.1503448275862069,0.2113127001067236,0.35798816568047337,0.0
2025-12-12,0.1726027397260274,0.26696832579185525,0.26072607260726066,0.0
2025-12-15,0.1726027397260274,0.2727272727272727,0.26072607260726066,0.0
2025-12-16,0.1726027397260274,0.26696832579185525,0.23076923076923078,0.0
2025-12-17,0.19047619047619047,0.26696832579185525,0.22794117647058823,0.0
2025-12-18,0.1726027397260274,0.26696832579185525,0.22794117647058823,0.0
2025-12-19,0.1503448275862069,0.26696832579185525,0.13333333333333333,0.0
2025-12-22,0.1503448275862069,0.26696832579185525,0.2,0.0
2025-12-23,0.1503448275862069,0.26696832579185525,0.13333333333333333,0.0
2025-12-24,0.1503448275862069,0.2113127001067236,0.10939226519337018,0.0
2025-12-26,0.1503448275862069,0.2113127001067236,0.22794117647058823,0.0
2025-12-29,0.1503448275862069,0.2113127001067236,0.10939226519337018,0.0
2025-12-30,0.1503448275862069,0.2113127001067236,0.10939226519337018,0.0
2025-12-31,0.1503448275862069,0.2113127001067236,0.13333333333333333,0.0
2026-01-02,0.1503448275862069,0.17185929648241205,0.10939226519337018,0.0
2026-01-05,0.1503448275862069,0.17185929648241205,0.10939226519337018,0.0
2026-01-06,0.1503448275862069,0.2113127001067236,0.10939226519337018,0.0
2026-01-07,0.1503448275862069,0.17185929648241205,0.10939226519337018,0.0
2026-01-08,0.1503448275862069,0.2113127001067236,0.10939226519337018,0.0
2026-01-09,0.1503448275862069,0.17185929648241205,0.10939226519337018,0.0
2026-01-12,0.1503448275862069,0.2113127001067236,0.10939226519337018,0.0
2026-01-13,0.1726027397260274,0.2113127001067236,0.10939226519337018,0.0
2026-01-14,0.19047619047619047,0.2113127001067236,0.10939226519337018,0.0
2026-01-15,0.1726027397260274,0.2113127001067236,0.10939226519337018,0.0
2026-01-16,0.1726027397260274,0.2113127001067236,0.10939226519337018,0.0
2026-01-20,0.2396694214876033,0.26696832579185525,0.10939226519337018,0.0
2026-01-21,0.2185792349726776,0.2113127001067236,0.12698412698412698,0.0
2026-01-22,0.1726027397260274,0.2113127001067236,0.12698412698412698,1.0
2026-01-23,0.2185792349726776,0.2113127001067236,0.13333333333333333,1.0
2026-01-26,0.19047619047619047,0.2113127001067236,0.10939226519337018,1.0
2026-01-27,0.19047619047619047,0.2113127001067236,0.12698412698412698,1.0
2026-01-28,0.2185792349726776,0.2113127001067236,0.13333333333333333,1.0
2026-01-29,0.2185792349726776,0.2113127001067236,0.10939226519337018,1.0
2026-01-30,0.2396694214876033,0.2113127001067236,0.13333333333333333,1.0
2026-02-02,0.2185792349726776,0.2113127001067236,0.13333333333333333,1.0
2026-02-03,0.2396694214876033,0.2113127001067236,0.10939226519337018,1.0
2026-02-04,0.2545454545454545,0.2113127001067236,0.10939226519337018,1.0
2026-02-05,0.2545454545454545,0.17185929648241205,0.10939226519337018,1.0
2026-02-06,0.2545454545454545,0.2113127001067236,0.10939226519337018,1.0
2026-02-09,0.2396694214876033,0.2113127001067236,0.12698412698412698,1.0
2026-02-10,0.2396694214876033,0.2113127001067236,0.10939226519337018,1.0
2026-02-11,0.2545454545454545,0.2113127001067236,0.10939226519337018,1.0
2026-02-12,0.2545454545454545,0.17185929648241205,0.10939226519337018,1.0
2026-02-13,0.2545454545454545,0.17185929648241205,0.10939226519337018,1.0
2026-02-17,0.2545454545454545,0.17185929648241205,0.10939226519337018,1.0
2026-02-18,0.2545454545454545,0.17185929648241205,0.10939226519337018,1.0
2026-02-19,0.2545454545454545,0.17185929648241205,0.10939226519337018,1.0
2026-02-20,0.2545454545454545,0.2113127001067236,0.10939226519337018,1.0
2026-02-23,0.2545454545454545,0.17185929648241205,0.10939226519337018,1.0
2026-02-24,0.2545454545454545,0.17185929648241205,0.10939226519337018,1.0
2026-02-25,0.2545454545454545,0.2113127001067236,0.10939226519337018,1.0
2026-02-26,0.2545454545454545,0.2113127001067236,0.10939226519337018,1.0
2026-02-27,0.2545454545454545,0.2113127001067236,0.10939226519337018,1.0
2026-03-02,0.2545454545454545,0.2727272727272727,0.10939226519337018,1.0
2026-03-03,0.28187919463087246,0.36519258202567767,0.10939226519337018,1.0
2026-03-04,0.2545454545454545,0.36519258202567767,0.10939226519337018,1.0
2026-03-05,0.2580645161290323,0.36519258202567767,0.13333333333333333,1.0
2026-03-06,0.3047091412742382,0.36519258202567767,0.22794117647058823,1.0
2026-03-09,0.2945205479452055,0.36519258202567767,0.22794117647058823,1.0
2026-03-10,0.28205128205128205,0.36519258202567767,0.22794117647058823,1.0
2026-03-11,0.28205128205128205,0.4074074074074074,0.26072607260726066,1.0
2026-03-12,0.3047091412742382,0.36519258202567767,0.22794117647058823,0.0
2026-03-13,0.330188679245283,0.36519258202567767,0.22794117647058823,0.0
2026-03-16,0.3047091412742382,0.36519258202567767,0.26072607260726066,1.0
2026-03-17,0.3047091412742382,0.36519258202567767,0.23076923076923078,1.0
2026-03-18,0.330188679245283,0.36519258202567767,0.26072607260726066,0.0
2026-03-19,0.3047091412742382,0.36519258202567767,0.2,0.0
2026-03-20,0.330188679245283,0.36519258202567767,0.26072607260726066,0.0
2026-03-23,0.3047091412742382,0.36519258202567767,0.22794117647058823,0.0
2026-03-24,0.330188679245283,0.36519258202567767,0.22794117647058823,0.0
2026-03-25,0.330188679245283,0.36519258202567767,0.22794117647058823,0.0
2026-03-26,0.330188679245283,0.510054844606947,0.22794117647058823,0.0
2026-03-27,0.41404805914972276,0.4074074074074074,0.13333333333333333,0.0
2026-03-30,0.41404805914972276,0.510054844606947,0.10939226519337018,0.0
2026-03-31,0.41404805914972276,0.510054844606947,0.22794117647058823,0.0
2026-04-01,0.330188679245283,0.510054844606947,0.4441860465116279,0.0
2026-04-02,0.330188679245283,0.510054844606947,0.4441860465116279,0.0
2026-04-06,0.3047091412742382,0.510054844606947,0.4441860465116279,0.0
2026-04-07,0.330188679245283,0.510054844606947,0.4441860465116279,0.0
2026-04-08,0.2945205479452055,0.510054844606947,0.4715025906735752,0.0
2026-04-09,0.2878787878787879,0.510054844606947,0.5338645418326693,0.0
2026-04-10,0.2580645161290323,0.36519258202567767,0.5695538057742782,0.0
2026-04-13,0.2545454545454545,0.510054844606947,0.5695538057742782,0.0
2026-04-14,0.2545454545454545,0.36519258202567767,0.5695538057742782,0.0
2026-04-15,0.2545454545454545,0.36519258202567767,0.5695538057742782,0.0
2026-04-16,0.2545454545454545,0.36519258202567767,0.5695538057742782,0.0
2026-04-17,0.2545454545454545,0.3524279196226352,0.5695538057742782,0.0
2026-04-20,0.2545454545454545,0.3225806451612903,0.5695538057742782,0.0
2026-04-21,0.2545454545454545,0.36519258202567767,0.5695538057742782,0.0
2026-04-22,0.2545454545454545,0.36519258202567767,0.5695538057742782,0.0
2026-04-23,0.2545454545454545,0.36519258202567767,0.5695538057742782,0.0
2026-04-24,0.2545454545454545,0.36519258202567767,0.5695538057742782,0.0
2026-04-27,0.2545454545454545,0.36519258202567767,0.5695538057742782,0.0
2026-04-28,0.2545454545454545,0.36519258202567767,0.5338645418326693,0.0
2026-04-29,0.2545454545454545,0.36519258202567767,0.5338645418326693,0.0
2026-04-30,0.2545454545454545,0.36519258202567767,0.5695538057742782,0.0
2026-05-01,0.2396694214876033,0.2113127001067236,0.4715025906735752,0.0
2026-05-04,0.2396694214876033,0.26696832579185525,0.4715025906735752,0.0
2026-05-05,0.2396694214876033,0.2113127001067236,0.4715025906735752,0.0
2026-05-06,0.2185792349726776,0.2113127001067236,0.4715025906735752,0.0
2026-05-07,0.2396694214876033,0.2113127001067236,0.4715025906735752,0.0
2026-05-08,0.2185792349726776,0.2113127001067236,0.5338645418326693,0.0
2026-05-11,0.2185792349726776,0.2113127001067236,0.5338645418326693,0.0
2026-05-12,0.2185792349726776,0.2113127001067236,0.5338645418326693,0.0
2026-05-13,0.2185792349726776,0.2113127001067236,0.5338645418326693,0.0
2026-05-14,0.2185792349726776,0.2113127001067236,0.5338645418326693,0.0
2026-05-15,0.2396694214876033,0.36519258202567767,0.4441860465116279,0.0
2026-05-18,0.2396694214876033,0.3225806451612903,0.4441860465116279,0.0
2026-05-19,0.2545454545454545,0.36519258202567767,0.4441860465116279,0.0
2026-05-20,0.2396694214876033,0.26696832579185525,0.4715025906735752,0.0
2026-05-21,0.2396694214876033,0.26696832579185525,0.4441860465116279,0.0
2026-05-22,0.2185792349726776,0.26696832579185525,0.4715025906735752,0.0
2026-05-26,0.2185792349726776,0.26696832579185525,0.5338645418326693,0.0
2026-05-27,0.1726027397260274,0.26696832579185525,0.5338645418326693,0.0
2026-05-28,0.1726027397260274,0.2113127001067236,0.5338645418326693,0.0
2026-05-29,0.1503448275862069,0.3225806451612903,0.5695538057742782,0.0
2026-06-01,0.1726027397260274,0.2727272727272727,0.5338645418326693,0.0
2026-06-02,0.1726027397260274,0.36519258202567767,0.5338645418326693,0.0
2026-06-03,0.2185792349726776,0.26696832579185525,0.4441860465116279,0.0
2026-06-04,0.1726027397260274,0.2727272727272727,0.4441860465116279,0.0
2026-06-05,0.2396694214876033,0.510054844606947,0.5338645418326693,0.0
2026-06-08,0.2185792349726776,0.4074074074074074,0.4715025906735752,0.0
2026-06-09,0.2396694214876033,0.36519258202567767,0.4441860465116279,0.0
2026-06-10,0.2545454545454545,0.36519258202567767,0.4715025906735752,0.0
2026-06-11,0.2185792349726776,0.36519258202567767,0.4715025906735752,0.0
2026-06-12,0.1726027397260274,0.36519258202567767,0.4715025906735752,0.0
2026-06-15,0.1503448275862069,0.3225806451612903,0.5338645418326693,0.0
2026-06-16,0.1503448275862069,0.26696832579185525,0.4715025906735752,0.0
2026-06-17,0.19047619047619047,0.36519258202567767,0.4441860465116279,0.0
2026-06-18,0.1503448275862069,0.36519258202567767,0.4441860465116279,0.0
2026-06-22,0.1503448275862069,0.2727272727272727,0.4715025906735752,0.0
2026-06-23,0.2185792349726776,0.36519258202567767,0.4441860465116279,0.0
2026-06-24,0.2185792349726776,0.36519258202567767,0.4715025906735752,0.0
2026-06-25,0.2396694214876033,0.36519258202567767,0.4441860465116279,0.0
2026-06-26,0.2396694214876033,0.36519258202567767,0.23076923076923078,0.0
2026-06-29,0.2185792349726776,0.36519258202567767,0.26072607260726066,0.0
2026-06-30,0.1503448275862069,0.36519258202567767,0.4441860465116279,0.0
2026-07-01,0.1503448275862069,0.36519258202567767,0.4715025906735752,0.0
2026-07-02,0.1503448275862069,0.36519258202567767,0.4715025906735752,0.0
2026-07-06,0.1503448275862069,0.2113127001067236,0.4715025906735752,0.0
2026-07-07,0.1503448275862069,0.26696832579185525,0.4490327890369538,0.0
2026-07-08,0.1503448275862069,0.36519258202567767,0.4441860465116279,0.0
2026-07-09,0.1503448275862069,0.2113127001067236,0.4715025906735752,0.0
2026-07-10,0.1503448275862069,0.2113127001067236,0.4441860465116279,0.0
2026-07-13,0.1503448275862069,0.2113127001067236,0.35798816568047337,0.0
2026-07-14,0.1503448275862069,0.2113127001067236,0.35798816568047337,0.0
2026-07-15,0.1503448275862069,0.2113127001067236,0.35798816568047337,0.0
2026-07-16,0.1503448275862069,0.2113127001067236,0.35798816568047337,0.0
2026-07-17,0.19047619047619047,0.26696832579185525,0.12698412698412698,0.0
2026-07-20,0.1726027397260274,0.26696832579185525,0.10939226519337018,0.0
2026-07-21,0.1503448275862069,0.36519258202567767,0.10939226519337018,0.0
2026-07-22,0.1503448275862069,0.3225806451612903,0.10939226519337018,0.0
2026-07-23,0.2185792349726776,0.2727272727272727,0.10939226519337018,0.0
2026-07-24,0.1726027397260274,0.26696832579185525,0.10939226519337018,0.0
2026-07-27,0.19047619047619047,0.26696832579185525,0.10939226519337018,0.0
2026-07-28,0.19047619047619047,0.2113127001067236,0.10939226519337018,0.0
2026-07-29,0.2396694214876033,0.2113127001067236,0.13333333333333333,0.0
2026-07-30,0.19047619047619047,0.2113127001067236,0.10939226519337018,0.0
2026-07-31,0.19047619047619047,0.2113127001067236,0.09680851063829787,0.0
2026-08-03,0.1726027397260274,0.17185929648241205,0.09900990099009901,0.0
2026-08-04,0.1726027397260274,0.17185929648241205,0.10939226519337018,0.0
2026-08-05,0.1726027397260274,0.17185929648241205,0.10939226519337018,0.0
2026-08-06,0.1726027397260274,0.17185929648241205,0.10939226519337018,0.0
2026-08-07,0.1503448275862069,0.17185929648241205,0.13333333333333333,0.0
2026-08-10,0.1503448275862069,0.17185929648241205,0.13333333333333333,0.0
2026-08-11,0.1503448275862069,0.17185929648241205,0.13333333333333333,0.0
2026-08-12,0.1503448275862069,0.17185929648241205,0.13333333333333333,0.0
2026-08-13,0.1503448275862069,0.17185929648241205,0.16666666666666666,0.0
2026-08-14,0.1503448275862069,0.17185929648241205,0.10939226519337018,0.0
2026-08-17,0.1503448275862069,0.2113127001067236,0.13333333333333333,0.0
2026-08-18,0.1503448275862069,0.2113127001067236,0.10939226519337018,0.0
2026-08-19,0.1503448275862069,0.17185929648241205,0.10939226519337018,0.0
2026-08-20,0.1726027397260274,0.2113127001067236,0.10939226519337018,0.0
2026-08-21,0.1503448275862069,0.2113127001067236,0.10939226519337018,0.0
2026-08-24,0.1503448275862069,0.2113127001067236,0.10939226519337018,0.0
2026-08-25,0.1503448275862069,0.2113127001067236,0.10939226519337018,0.0
2026-08-26,0.1503448275862069,0.2113127001067236,0.10939226519337018,0.0
2026-08-27,0.1503448275862069,0.2113127001067236,0.10939226519337018,0.0
2026-08-28,0.1503448275862069,0.26696832579185525,0.10939226519337018,0.0
2026-08-31,0.1503448275862069,0.2113127001067236,0.09680851063829787,0.0
2026-09-01,0.1503448275862069,0.2727272727272727,0.09680851063829787,0.0
2026-09-02,0.1503448275862069,0.2113127001067236,0.09680851063829787,0.0
2026-09-03,0.1503448275862069,0.2113127001067236,0.10939226519337018,0.0
