rank,ticker,name,sector,industry,category,mcap_B,current_price,entry_level,fundamental,technical,visibility,corr_penalty,corr_status,leverage_penalty,lev_status,nd_ebitda,dte_pct,broken_base,composite,fwd_pe,fcf_yield_pct,rev_growth_pct,gross_margin_pct,roe_pct,rsi,ma200_dist_pct,rel_str_6m_pct,portfolio_corr,max_corr,max_corr_with,corr_null_reason,n_corr_obs,technical_precap,visibility_legacy,data_flags,in_portfolio
1,AVGO,Broadcom Inc.,Technology,Semiconductors,Growth,1807.9,380.0,389.82,20.0,18.4,22.0,0.0,ok,-0.5,ok,1.08,,False,59.9,19.5,1.5,47.9,76.3,37.3,54.5,3.0,1.6,0.416,0.483,NVDA,,126,18.4,22.0,,True
2,GEV,GE Vernova Inc.,Industrials,Specialty Industrial Machinery,Compounder,267.5,1004.53,1031.27,19.0,13.9,23.0,0.0,ok,0.0,ok,-2.29,,False,55.9,40.0,5.9,21.9,20.6,82.6,66.8,16.5,10.4,0.391,0.45,AVGO,,126,13.9,23.0,,False
3,GOOG,Alphabet Inc.,Communication Services,Internet Content & Information,Compounder,4173.8,341.28,351.26,19.0,16.9,20.0,0.0,ok,0.0,ok,-0.7,,False,55.9,23.1,0.5,24.2,60.9,48.7,53.2,3.1,-0.2,0.339,0.314,BMNR,,126,16.9,20.0,,True
4,TSM,Taiwan Semiconductor Manufactu,Technology,Semiconductors,Growth,2144.1,413.41,424.79,24.0,12.1,21.0,-2.0,ok,0.0,ok,-0.77,,False,55.1,19.0,,36.0,64.2,40.0,71.1,13.7,2.1,0.595,0.66,NVDA,,126,12.1,21.0,fcf_yield_out_of_range(34.1),False
5,META,"Meta Platforms, Inc.",Communication Services,Internet Content & Information,Core,1385.0,543.67,594.98,18.0,19.1,17.0,0.0,ok,0.0,ok,0.2,,False,54.1,15.6,1.6,28.0,81.7,29.8,39.5,-13.1,-28.0,0.407,0.375,GOOG,,126,19.1,15.0,,False
6,ANET,"Arista Networks, Inc.",Technology,Computer Hardware,Growth,243.6,193.18,183.52,19.0,14.9,20.0,0.0,ok,0.0,ok,-2.88,,False,53.9,37.4,1.6,37.7,63.0,31.5,68.9,30.0,25.9,0.447,0.57,AVGO,,126,14.9,20.0,,False
7,VRT,"Vertiv Holdings, LLC",Industrials,Electrical Equipment & Parts,Core,104.9,272.54,295.56,20.5,12.5,19.3,0.0,ok,0.0,ok,0.08,,False,52.3,30.0,2.6,24.1,38.0,43.9,72.4,8.1,-0.5,0.37,0.494,NVDA,,126,12.5,20.0,,False
8,POWL,"Powell Industries, Inc.",Industrials,Electrical Equipment & Parts,Speculative,7.4,203.55,245.32,17.5,16.5,18.0,0.0,ok,0.0,ok,-2.67,,False,52.0,28.6,2.6,8.9,30.1,28.3,59.4,3.8,-0.1,0.389,0.453,AVGO,,126,16.5,18.0,,False
9,GDDY,GoDaddy Inc.,Technology,Software - Infrastructure,Core,12.1,95.8,91.01,22.0,19.1,10.0,0.0,ok,-0.5,ok,1.91,,False,50.6,8.7,9.9,6.6,63.8,442.9,41.7,-2.5,-6.8,-0.048,0.156,AVGO,,126,19.1,17.0,,False
10,CF,"CF Industries Holdings, Inc.",Basic Materials,Agricultural Inputs,Cyclical,18.1,119.72,115.08,22.0,18.3,10.0,0.0,ok,0.0,ok,0.29,,False,50.3,11.5,7.0,17.6,42.5,29.9,38.3,14.4,12.9,-0.35,0.326,GOOG,,126,18.3,12.0,,False
11,NVDA,NVIDIA Corporation,Technology,Semiconductors,Growth,5322.3,219.74,208.75,20.0,12.3,20.0,-2.0,ok,0.0,ok,-0.24,,False,50.3,17.1,0.9,85.2,74.1,114.3,77.4,12.6,4.3,0.53,0.483,AVGO,,126,12.3,20.0,,True
12,NFLX,"Netflix, Inc.",Communication Services,Entertainment,Core,323.8,77.77,74.64,23.0,16.7,10.0,0.0,ok,0.0,ok,0.51,,False,49.7,20.3,7.8,13.4,49.1,49.5,61.8,-12.5,-12.9,0.097,0.203,MSFT,,126,16.7,14.0,,False
13,ADSK,"Autodesk, Inc.",Technology,Software - Application,Core,52.1,246.79,234.45,22.0,17.6,10.0,0.0,ok,0.0,ok,-0.09,,False,49.6,17.4,5.9,18.4,92.4,50.4,51.1,-1.4,-5.2,0.118,0.333,MSFT,,126,17.6,17.0,,False
14,ADBE,Adobe Inc.,Technology,Software - Application,Core,104.6,263.14,249.98,23.0,16.6,10.0,0.0,ok,0.0,ok,0.15,,False,49.6,9.6,8.8,12.7,89.4,63.0,49.8,-3.0,-12.6,0.165,0.401,MSFT,,126,16.6,17.0,,False
15,NXPI,NXP Semiconductors N.V.,Technology,Semiconductors,Core,57.6,228.56,270.57,22.0,18.1,10.0,0.0,ok,-0.5,ok,1.53,,False,49.6,12.6,6.2,19.5,56.1,27.9,41.9,-5.4,-15.8,0.231,0.384,AVGO,,126,18.1,14.0,,False
16,TLN,Talen Energy Corporation,Utilities,Utilities - Independent Power ,Growth,15.2,317.66,369.36,17.5,18.0,19.0,0.0,ok,-5.0,ok,16.05,,False,49.5,10.9,8.3,111.2,42.1,-12.8,50.5,-12.5,-29.0,0.364,0.376,AVGO,,126,18.0,19.0,,False
17,LMT,Lockheed Martin Corporation,Industrials,Aerospace & Defense,Compounder,140.1,607.17,576.81,16.5,11.4,22.0,0.0,ok,-0.5,ok,1.73,,False,49.4,18.6,4.0,10.5,11.8,89.2,65.9,10.5,-18.6,-0.111,0.187,AVGO,,126,11.4,22.0,,False
18,CINF,Cincinnati Financial Corporati,Financial Services,Insurance - Property & Casualt,Growth,26.3,171.35,177.21,22.0,17.3,10.0,0.0,ok,0.0,financial_na,,,False,49.3,19.0,11.3,31.6,31.1,21.5,29.1,3.2,-7.0,-0.159,0.32,AVGO,,126,17.3,14.0,,False
19,QCOM,QUALCOMM Incorporated,Technology,Semiconductors,Core,168.2,160.19,181.15,20.0,19.1,10.0,0.0,ok,0.0,ok,0.58,,False,49.1,15.7,6.1,-4.0,54.2,33.8,54.2,-4.6,-0.0,0.292,0.398,AVGO,,126,19.1,14.0,,False
20,FDS,FactSet Research Systems Inc.,Financial Services,Financial Data & Stock Exchang,Core,10.2,285.41,271.14,21.0,18.0,10.0,0.0,ok,0.0,financial_na,,,False,49.0,14.5,6.1,6.4,51.4,27.0,52.0,15.7,32.4,0.023,0.343,MSFT,,126,18.0,15.0,,False
21,HOOD,"Robinhood Markets, Inc.",Financial Services,Capital Markets,Growth,82.3,91.53,99.43,20.0,20.9,10.0,-2.0,ok,0.0,financial_na,,,False,48.9,28.6,,32.3,91.9,23.6,52.7,-5.4,9.1,0.558,0.59,BMNR,,126,20.9,16.0,,False
22,EBAY,eBay Inc.,Consumer Cyclical,Internet Retail,Core,45.5,102.27,110.26,20.5,18.9,10.0,0.0,ok,-0.5,ok,1.24,,False,48.9,15.2,3.5,14.8,72.1,46.6,30.2,5.3,12.3,0.172,0.228,GOOG,,126,18.9,13.0,,False
23,MSFT,Microsoft Corporation,Technology,Software - Infrastructure,Core,3576.4,481.63,457.55,18.0,13.3,17.5,0.0,ok,0.0,ok,0.27,,False,48.8,20.4,0.5,17.7,67.9,34.0,78.1,11.6,8.2,0.31,0.326,BMNR,,126,13.3,18.0,,True
24,BRO,"Brown & Brown, Inc.",Financial Services,Insurance Brokers,Growth,23.2,69.37,66.7,21.5,17.3,10.0,0.0,ok,0.0,financial_na,,,False,48.8,14.4,7.1,32.4,56.3,10.0,26.5,-0.4,-12.7,-0.17,0.359,AVGO,,126,17.3,15.0,,False
25,APP,Applovin Corporation,Communication Services,Advertising Agencies,Growth,102.8,307.26,440.3,22.5,16.0,10.0,0.0,ok,0.0,ok,0.09,,False,48.5,14.6,3.1,52.8,88.5,203.7,26.3,-39.2,-36.6,0.413,0.363,BMNR,,126,16.0,15.0,,False
26,IDXX,"IDEXX Laboratories, Inc.",Healthcare,Diagnostics & Research,Core,43.6,553.32,560.64,19.5,18.9,10.0,0.0,ok,0.0,ok,0.55,,False,48.4,33.1,2.1,9.7,62.4,74.2,43.0,-10.3,-25.4,0.27,0.361,GOOG,,126,18.9,17.0,,False
27,NOC,Northrop Grumman Corporation,Industrials,Aerospace & Defense,Compounder,83.7,589.14,559.68,16.0,12.8,21.0,0.0,ok,-1.5,ok,2.03,,False,48.3,19.4,3.0,5.1,20.1,27.0,78.4,-2.4,-31.0,-0.06,0.249,AVGO,,126,12.8,21.0,,False
28,INCY,Incyte Corporation,Healthcare,Biotechnology,Growth,25.0,123.47,117.3,23.0,15.3,10.0,0.0,ok,0.0,ok,-2.32,,False,48.3,13.9,4.7,37.7,55.7,30.7,41.4,19.7,7.3,-0.088,0.164,AVGO,,126,15.3,16.0,,False
29,ALL,Allstate Corporation (The),Financial Services,Insurance - Property & Casualt,Core,66.0,261.15,248.09,22.0,16.2,10.0,0.0,ok,0.0,financial_na,,,False,48.2,9.5,23.0,11.8,36.8,46.1,39.1,20.1,12.8,-0.265,0.35,NVDA,,126,16.2,14.0,,False
30,CBOE,"Cboe Global Markets, Inc.",Financial Services,Financial Data & Stock Exchang,Core,30.4,290.99,276.44,20.5,17.7,10.0,0.0,ok,0.0,financial_na,,,False,48.2,19.1,2.2,22.9,54.1,26.3,39.5,3.2,-10.4,-0.113,0.206,AVGO,,126,17.7,15.0,,False
31,AON,Aon plc,Financial Services,Insurance Brokers,Core,72.8,343.2,348.91,20.0,17.7,10.0,0.0,ok,0.0,financial_na,,,False,47.7,16.1,4.4,2.2,48.2,44.7,17.1,1.9,-6.0,-0.168,0.369,AVGO,,126,17.7,15.0,,False
32,SPGI,S&P Global Inc.,Financial Services,Financial Data & Stock Exchang,Core,123.2,418.04,422.06,19.5,18.2,10.0,0.0,ok,0.0,financial_na,,,False,47.7,20.7,4.4,10.4,70.9,14.3,48.8,-7.5,-12.7,0.127,0.361,MSFT,,126,18.2,16.0,,False
33,AMZN,"Amazon.com, Inc.",Consumer Cyclical,Internet Retail,Core,2798.5,259.45,248.59,17.0,16.1,16.6,-2.0,ok,0.0,ok,0.76,,False,47.7,24.9,0.1,19.6,50.8,30.6,67.5,9.0,14.1,0.584,0.635,GOOG,,126,16.1,17.0,,False
34,ULTA,"Ulta Beauty, Inc.",Consumer Cyclical,Specialty Retail,Core,22.2,516.74,490.9,21.0,17.2,10.0,0.0,ok,-0.5,ok,1.1,,False,47.7,16.2,4.4,11.1,43.2,47.4,52.5,-6.9,-37.6,0.158,0.191,MSFT,,126,17.2,12.0,,False
35,PGR,Progressive Corporation (The),Financial Services,Insurance - Property & Casualt,Core,120.5,207.23,213.95,19.5,18.1,10.0,0.0,ok,0.0,financial_na,,,False,47.6,12.7,12.5,7.3,18.5,34.9,31.1,-0.0,-10.6,-0.325,0.363,NVDA,,126,18.1,14.0,,False
36,NOW,"ServiceNow, Inc.",Technology,Software - Application,Core,123.5,119.49,113.52,19.5,18.6,10.0,0.0,ok,-0.5,ok,1.31,,False,47.6,23.9,4.2,24.0,74.8,14.2,54.5,-1.4,-1.7,0.274,0.515,MSFT,,126,18.6,17.0,,False
37,GD,General Dynamics Corporation,Industrials,Aerospace & Defense,Compounder,106.5,393.48,373.81,14.5,12.7,20.3,0.0,ok,0.0,ok,0.78,,False,47.5,21.2,4.1,8.1,15.4,17.8,66.6,12.0,0.5,-0.008,0.14,NVDA,,126,12.7,21.0,,False
38,IT,"Gartner, Inc.",Technology,Information Technology Service,Core,11.5,182.07,172.97,21.0,17.0,10.0,0.0,ok,-0.5,ok,1.33,,False,47.5,11.0,9.2,-0.6,69.6,113.6,59.7,1.1,0.3,-0.018,0.245,MSFT,,126,17.0,17.0,,False
39,TROW,"T. Rowe Price Group, Inc.",Financial Services,Asset Management,Core,23.5,110.32,113.42,20.5,16.9,10.0,0.0,ok,0.0,financial_na,,,False,47.4,10.7,8.6,10.7,51.6,19.4,26.6,8.0,5.4,0.263,0.313,BMNR,,126,16.9,15.0,,False
40,EXPE,"Expedia Group, Inc.",Consumer Cyclical,Travel Services,Core,38.6,321.42,305.35,23.0,14.4,10.0,0.0,ok,0.0,ok,-0.5,,False,47.4,13.3,8.9,14.0,90.4,89.5,59.1,26.9,45.5,0.164,0.217,MSFT,,126,14.4,15.0,,False
41,MCO,Moody's Corporation,Financial Services,Financial Data & Stock Exchang,Core,84.1,485.79,475.11,20.5,16.9,10.0,0.0,ok,0.0,financial_na,,,False,47.4,25.7,3.1,15.1,75.0,76.9,52.1,3.2,-4.3,0.178,0.346,MSFT,,126,16.9,16.0,,False
42,PEP,"Pepsico, Inc.",Consumer Defensive,Beverages - Non-Alcoholic,Core,191.4,140.13,140.05,20.0,18.7,10.0,0.0,ok,-1.5,ok,2.25,,False,47.2,15.6,4.1,6.4,54.2,51.5,38.4,-5.5,-26.6,-0.155,0.297,AVGO,,126,18.7,17.0,,False
43,CEG,Constellation Energy Corporati,Utilities,Utilities - Independent Power ,Compounder,94.5,266.83,261.61,12.5,16.1,21.0,0.0,ok,-2.5,ok,3.02,,False,47.1,20.0,-7.0,23.0,22.1,15.1,56.6,-11.3,-21.6,0.204,0.242,AVGO,,126,16.1,21.0,,False
44,EOG,"EOG Resources, Inc.",Energy,Oil & Gas E&P,Growth,79.2,148.7,141.26,23.0,14.0,10.0,0.0,ok,0.0,ok,0.23,,False,47.0,10.2,5.7,58.7,62.6,22.5,53.5,18.7,10.0,-0.336,0.314,NVDA,,126,14.0,14.0,,False
45,AAPL,Apple Inc.,Technology,Consumer Electronics,Core,4524.6,310.03,309.13,20.5,16.5,10.0,0.0,ok,0.0,ok,0.13,,False,47.0,32.6,2.4,16.4,48.7,148.8,28.1,10.5,4.8,0.212,0.287,BMNR,,126,16.5,14.0,,False
46,TPR,"Tapestry, Inc.",Consumer Cyclical,Luxury Goods,Core,26.4,132.26,145.95,21.0,16.4,10.0,0.0,ok,-0.5,ok,1.39,,False,46.9,14.9,5.3,8.9,76.6,197.1,33.9,-3.3,-27.0,0.221,0.257,GOOG,,126,16.4,13.0,,False
47,ZTS,Zoetis Inc.,Healthcare,Drug Manufacturers - Specialty,Core,30.6,73.96,76.19,21.0,16.4,10.0,0.0,ok,-0.5,ok,1.86,,False,46.9,11.1,6.6,-0.2,71.7,64.9,41.8,-30.1,-55.0,0.061,0.165,GOOG,,126,16.4,17.0,,False
48,OXY,Occidental Petroleum Corporati,Energy,Oil & Gas E&P,Growth,59.8,59.8,56.81,22.5,14.4,10.0,0.0,ok,0.0,ok,0.76,,False,46.9,15.1,6.3,53.4,73.3,10.6,64.0,17.1,15.0,-0.297,0.32,GOOG,,126,14.4,14.0,,False
49,ROP,"Roper Technologies, Inc.",Technology,Software - Application,Core,39.0,394.17,374.46,18.5,20.9,10.0,0.0,ok,-2.5,ok,3.38,,False,46.9,16.2,5.8,8.5,69.5,13.1,38.5,4.4,8.1,-0.085,0.256,NVDA,,126,20.9,17.0,,False
50,UBER,"Uber Technologies, Inc.",Technology,Software - Application,Core,152.5,74.66,72.39,21.0,16.2,10.0,0.0,ok,-0.5,ok,1.25,,False,46.7,17.0,4.8,12.2,40.8,37.2,58.0,-3.5,-10.0,0.298,0.332,MSFT,,126,16.2,16.0,,False
51,PODD,Insulet Corporation,Healthcare,Medical Devices,Core,10.3,148.03,154.75,20.5,16.2,10.0,0.0,ok,0.0,ok,0.67,,False,46.7,19.2,2.3,23.5,71.1,26.0,34.8,-33.2,-55.2,0.039,0.193,GOOG,,126,16.2,17.0,,False
52,BX,Blackstone Inc.,Financial Services,Asset Management,Core,168.0,140.59,133.56,22.5,14.2,10.0,0.0,ok,0.0,financial_na,,,False,46.7,18.8,,28.6,100.0,31.4,63.6,8.5,-5.8,0.319,0.329,BMNR,,126,14.2,16.0,,False
53,WRB,W.R. Berkley Corporation,Financial Services,Insurance - Property & Casualt,Core,26.0,70.17,70.92,20.0,16.6,10.0,0.0,ok,0.0,financial_na,,,False,46.6,14.5,11.7,1.2,43.8,20.2,20.7,1.0,-13.3,-0.297,0.334,AVGO,,126,16.6,15.0,,False
54,WDAY,"Workday, Inc.",Technology,Software - Application,Core,47.1,190.63,181.1,20.5,16.1,10.0,0.0,ok,0.0,ok,-0.36,,False,46.6,15.1,6.6,13.5,75.8,10.9,62.0,17.5,21.1,0.145,0.428,MSFT,,126,16.1,17.0,,False
55,CDNS,"Cadence Design Systems, Inc.",Technology,Software - Application,Core,87.3,316.52,358.3,18.0,18.5,10.0,0.0,ok,0.0,ok,0.52,,False,46.5,33.2,1.8,24.2,85.9,23.2,32.9,-3.3,-8.8,0.483,0.375,NVDA,,126,18.5,17.0,,False
56,CSCO,"Cisco Systems, Inc.",Technology,Communication Equipment,Core,439.9,111.61,116.88,19.5,16.9,10.0,0.0,ok,0.0,ok,0.73,,False,46.4,20.5,2.6,17.6,64.6,27.3,48.7,21.2,31.0,0.229,0.351,AVGO,,126,16.9,15.0,,False
57,VLTO,Veralto Corp,Industrials,Pollution & Treatment Controls,Core,23.4,96.07,91.47,19.5,17.3,10.0,0.0,ok,-0.5,ok,1.06,,False,46.3,20.1,3.4,7.5,60.2,34.3,40.7,2.9,-10.5,-0.041,0.106,AVGO,,126,17.3,16.0,,False
58,TRV,"The Travelers Companies, Inc.",Financial Services,Insurance - Property & Casualt,Core,76.7,367.93,349.53,20.0,16.2,10.0,0.0,ok,0.0,financial_na,,,False,46.2,12.2,19.3,0.3,34.7,26.5,30.1,20.2,11.2,-0.231,0.289,AVGO,,126,16.2,14.0,,False
59,BR,Broadridge Financial Solutions,Technology,Information Technology Service,Core,19.6,169.86,161.37,21.0,15.6,10.0,0.0,ok,-0.5,ok,1.72,,False,46.1,14.7,6.1,7.5,31.8,40.9,61.1,-5.2,-16.7,0.066,0.368,MSFT,,126,15.6,15.0,,False
60,PYPL,"PayPal Holdings, Inc.",Financial Services,Credit Services,Core,52.1,60.43,57.41,20.0,16.1,10.0,0.0,ok,0.0,financial_na,,,False,46.1,10.4,8.5,4.8,40.5,24.5,60.8,17.4,33.7,0.221,0.306,MSFT,,126,16.1,17.0,,False
61,TEL,TE Connectivity plc,Technology,Electronic Components,Core,59.4,204.97,206.75,18.5,17.6,10.0,0.0,ok,0.0,ok,0.92,,False,46.1,15.9,3.9,13.8,36.1,23.3,47.8,-6.2,-25.3,0.31,0.29,AVGO,,126,17.6,13.0,,False
62,V,Visa Inc.,Financial Services,Credit Services,Core,680.1,364.25,350.06,20.5,15.6,10.0,0.0,ok,0.0,financial_na,,,False,46.1,24.3,3.0,14.4,97.7,61.2,44.7,10.1,1.4,0.061,0.253,MSFT,,126,15.6,18.0,,False
63,GEN,Gen Digital Inc.,Technology,Software - Infrastructure,Core,16.5,27.64,26.26,22.0,16.5,10.0,0.0,ok,-2.5,ok,3.17,,False,46.0,8.4,9.4,6.3,78.0,41.9,50.1,14.1,7.7,0.332,0.408,MSFT,,126,16.5,17.0,,False
64,ROK,"Rockwell Automation, Inc.",Industrials,Specialty Industrial Machinery,Core,48.2,433.67,462.2,18.5,18.0,10.0,0.0,ok,-0.5,ok,1.5,,False,46.0,29.3,2.7,7.9,49.1,30.6,39.2,4.4,-2.5,0.259,0.303,NVDA,,126,18.0,15.0,,False
65,LVS,Las Vegas Sands Corp.,Consumer Cyclical,Resorts & Casinos,Core,29.5,45.47,47.08,21.0,16.4,10.0,0.0,ok,-1.5,ok,2.57,,False,45.9,12.9,7.5,-0.7,79.3,122.9,30.6,-17.4,-34.8,0.299,0.356,MSFT,,126,16.4,13.0,,False
66,WDC,Western Digital Corporation,Technology,Computer Hardware,Growth,178.9,496.16,551.31,20.0,15.9,10.0,0.0,ok,0.0,ok,-0.08,,False,45.9,15.7,1.3,43.8,48.9,130.9,54.5,40.4,54.8,0.408,0.497,AVGO,,126,15.9,14.0,,False
67,HSY,The Hershey Company,Consumer Defensive,Confectioners,Core,36.9,183.45,177.84,20.0,16.4,10.0,0.0,ok,-0.5,ok,1.89,,False,45.9,18.6,4.7,6.6,38.4,32.8,49.2,-3.6,-29.3,-0.213,0.331,AVGO,,126,16.4,16.0,,False
68,GWW,"W.W. Grainger, Inc.",Industrials,Industrial Distribution,Core,62.0,1314.12,1343.93,19.5,16.4,10.0,0.0,ok,0.0,ok,0.69,,False,45.9,25.7,2.0,10.3,39.4,46.1,38.1,14.1,3.5,0.039,0.206,GOOG,,126,16.4,14.0,,False
69,LULU,lululemon athletica inc.,Consumer Cyclical,Apparel Retail,Core,13.5,119.01,117.66,21.0,14.9,10.0,0.0,ok,0.0,ok,0.24,,False,45.9,10.6,8.4,4.3,55.7,32.0,50.0,-23.7,-47.2,0.354,0.37,MSFT,,126,14.9,12.0,,False
70,PTC,PTC Inc.,Technology,Software - Application,Core,15.9,146.48,139.16,21.0,14.9,10.0,0.0,ok,0.0,ok,0.98,,False,45.9,16.5,6.5,-6.8,84.5,35.1,67.4,-2.8,-18.4,0.173,0.46,MSFT,,126,14.9,17.0,,False
71,ADP,"Automatic Data Processing, Inc",Technology,Software - Application,Core,107.0,269.31,255.84,20.0,15.8,10.0,0.0,ok,0.0,ok,0.2,,False,45.8,20.1,4.9,6.8,48.7,72.2,45.9,15.0,12.4,-0.039,0.309,MSFT,,126,15.8,16.0,,False
72,PG,Procter & Gamble Company (The),Consumer Defensive,Household & Personal Products,Core,334.0,143.45,147.83,18.5,17.8,10.0,0.0,ok,-0.5,ok,1.01,,False,45.8,19.4,4.0,1.5,50.9,30.3,40.5,-2.3,-20.4,-0.053,0.237,GOOG,,126,17.8,17.0,,False
73,EQT,EQT Corporation,Energy,Oil & Gas E&P,Cyclical,33.2,53.14,51.92,18.5,17.3,10.0,0.0,ok,0.0,ok,0.79,,False,45.8,13.3,7.4,-3.9,80.7,11.1,53.3,-5.4,-21.7,-0.051,0.09,AVGO,,126,17.3,14.0,,False
74,HIG,"The Hartford Insurance Group, ",Financial Services,Insurance - Diversified,Core,38.1,138.96,136.94,20.0,15.8,10.0,0.0,ok,0.0,financial_na,,,False,45.8,10.2,14.5,8.1,37.9,22.1,32.6,2.7,-13.8,-0.16,0.298,AVGO,,126,15.8,14.0,,False
75,TPL,Texas Pacific Land Corporation,Energy,Oil & Gas E&P,Growth,25.2,365.36,388.19,18.0,17.8,10.0,0.0,ok,0.0,ok,-0.31,,False,45.8,5.0,-0.1,31.2,93.3,36.6,42.1,-5.9,-29.6,-0.04,0.08,MSFT,,126,17.8,14.0,,False
76,AXP,American Express Company,Financial Services,Credit Services,Core,228.6,338.52,341.03,21.5,14.2,10.0,0.0,ok,0.0,financial_na,,,False,45.7,16.8,,12.8,62.3,34.4,57.7,0.1,-14.5,0.392,0.401,BMNR,,126,14.2,18.0,,False
77,MSCI,MSCI Inc.,Financial Services,Financial Data & Stock Exchang,Core,40.9,562.77,584.84,17.5,18.1,10.0,0.0,ok,0.0,financial_na,,,False,45.6,25.0,2.9,12.2,83.0,,36.8,-1.5,-9.0,0.183,0.366,MSFT,,126,18.1,16.0,,False
78,RL,Ralph Lauren Corporation,Consumer Cyclical,Apparel Manufacturing,Core,22.5,378.25,390.38,20.5,15.0,10.0,0.0,ok,0.0,ok,0.67,,False,45.5,18.1,3.9,14.0,70.3,37.5,51.6,4.1,-12.3,0.295,0.286,BMNR,,126,15.0,13.0,,False
79,AOS,A.O. Smith Corporation,Industrials,Specialty Industrial Machinery,Speculative,8.3,60.86,60.69,18.0,17.5,10.0,0.0,ok,0.0,ok,0.63,,False,45.5,14.9,5.9,-0.7,38.6,27.1,45.4,-6.6,-35.6,0.102,0.231,NVDA,,124,17.5,14.0,,False
80,STZ,"Constellation Brands, Inc.",Consumer Defensive,Beverages - Brewers,Core,22.4,131.0,135.9,20.0,17.9,10.0,0.0,ok,-2.5,ok,3.02,,False,45.4,10.6,9.9,-3.3,52.7,23.7,48.6,-9.1,-28.2,-0.105,0.18,AVGO,,126,17.9,17.0,,False
81,BRK-B,Berkshire Hathaway Inc. New,Financial Services,Insurance - Diversified,Core,1076.7,502.96,499.72,18.5,16.8,10.0,0.0,ok,0.0,financial_na,,,False,45.3,22.9,6.7,10.0,30.3,12.1,45.0,2.3,-11.8,-0.02,0.171,NVDA,,126,16.8,14.0,,False
82,ROST,"Ross Stores, Inc.",Consumer Cyclical,Apparel Retail,Core,75.8,236.38,234.19,19.0,16.2,10.0,0.0,ok,0.0,ok,0.17,,False,45.2,27.6,2.7,20.6,32.7,39.0,25.5,13.8,5.6,0.15,0.145,BMNR,,126,16.2,11.0,,False
83,NWSA,News Corporation,Communication Services,Entertainment,Core,15.9,29.39,27.92,18.0,17.0,10.0,0.0,ok,0.0,ok,0.61,,False,45.0,19.6,6.6,10.8,57.2,8.0,54.5,13.6,13.8,0.062,0.203,AVGO,,126,17.0,14.0,,False
84,GL,Globe Life Inc.,Financial Services,Insurance - Life,Core,13.8,178.08,177.25,20.0,15.0,10.0,0.0,ok,0.0,financial_na,,,False,45.0,10.8,8.4,8.0,33.9,20.9,46.4,17.9,11.7,0.178,0.255,GOOG,,126,15.0,14.0,,False
85,BBY,"Best Buy Co., Inc.",Consumer Cyclical,Specialty Retail,Core,18.4,87.27,82.91,18.0,16.9,10.0,0.0,ok,0.0,ok,0.85,,False,44.9,12.4,6.2,1.9,22.5,39.1,43.4,24.1,19.8,0.06,0.082,BMNR,,126,16.9,11.0,,False
86,NVR,"NVR, Inc.",Consumer Cyclical,Residential Construction,Core,16.7,6248.37,6436.37,16.5,18.4,10.0,0.0,ok,0.0,ok,-0.0,,False,44.9,15.2,5.5,-10.9,21.8,31.5,44.3,-9.0,-29.5,0.012,0.163,GOOG,,126,18.4,11.0,,False
87,VRSN,"VeriSign, Inc.",Technology,Software - Infrastructure,Core,25.0,276.74,273.84,16.5,18.9,10.0,0.0,ok,-0.5,ok,1.1,,False,44.9,25.2,3.3,6.0,88.5,,38.2,7.0,14.5,-0.032,0.186,BMNR,,126,18.9,17.0,,False
88,FISV,"Fiserv, Inc.",,,Core,27.5,51.72,51.54,15.5,19.3,10.0,0.0,ok,,unavailable,,,False,44.8,6.3,,,,,38.1,-12.5,-30.5,0.12,0.327,MSFT,,126,19.3,12.5,,False
89,CRM,"Salesforce, Inc.",Technology,Software - Application,Core,160.6,196.14,186.33,20.5,15.8,10.0,0.0,ok,-1.5,ok,2.38,,False,44.8,12.6,10.3,13.3,77.6,16.9,56.0,-2.5,-7.9,0.197,0.473,MSFT,,126,15.8,17.0,,False
90,VRSK,"Verisk Analytics, Inc.",Industrials,Consulting Services,Core,23.4,178.86,187.72,18.0,18.3,10.0,0.0,ok,-1.5,ok,2.68,,False,44.8,20.6,4.5,4.4,70.2,,20.5,-8.7,-15.2,-0.153,0.288,NVDA,,126,18.3,18.0,,False
91,MO,"Altria Group, Inc.",Consumer Defensive,Tobacco,Core,108.9,65.19,70.56,19.0,16.3,10.0,0.0,ok,-0.5,ok,1.41,,False,44.8,11.1,8.3,1.2,87.2,,22.3,0.3,-13.3,-0.434,0.413,MSFT,,126,16.3,18.0,,False
92,RTX,RTX Corporation,Industrials,Aerospace & Defense,Compounder,303.9,225.49,214.22,15.5,8.7,21.0,0.0,ok,-0.5,ok,1.92,,False,44.7,28.7,3.3,14.5,20.3,12.3,72.9,18.2,-2.1,-0.037,0.156,AVGO,,126,8.7,21.0,,False
93,XYL,Xylem Inc.,Industrials,Specialty Industrial Machinery,Core,26.6,113.94,117.48,16.0,18.7,10.0,0.0,ok,0.0,ok,0.9,,False,44.7,18.4,4.4,1.5,39.2,9.2,33.5,-9.9,-24.1,0.091,0.219,GOOG,,126,18.7,14.0,,False
94,TXN,Texas Instruments Incorporated,Technology,Semiconductors,Core,248.6,272.24,291.44,19.0,15.7,10.0,0.0,ok,0.0,ok,0.74,,False,44.7,26.2,1.4,22.8,58.3,35.2,50.6,17.4,10.0,0.238,0.396,AVGO,,126,15.7,14.0,,False
95,EFX,"Equifax, Inc.",Industrials,Consulting Services,Core,21.4,181.84,172.75,18.5,17.6,10.0,0.0,ok,-1.5,ok,2.75,,False,44.6,17.9,4.4,10.6,55.5,14.3,44.8,-3.6,-17.9,0.035,0.228,MSFT,,126,17.6,17.0,,False
96,HAS,"Hasbro, Inc.",Consumer Cyclical,Leisure,Core,13.3,93.99,89.29,22.0,13.1,10.0,0.0,ok,-0.5,ok,1.92,,False,44.6,14.4,5.2,16.2,63.8,159.6,46.5,6.5,-19.7,0.136,0.165,GOOG,,126,13.1,13.0,,False
97,MRSH,Marsh,Financial Services,Insurance Brokers,Core,88.9,186.37,178.32,19.0,15.5,10.0,0.0,ok,0.0,financial_na,,,False,44.5,16.3,5.4,6.2,44.0,25.9,28.8,5.6,-7.4,-0.176,0.391,AVGO,,126,15.5,15.0,,False
98,SNDK,Sandisk Corporation,Technology,Computer Hardware,Growth,237.4,1625.78,1657.5,22.5,12.0,10.0,0.0,ok,0.0,ok,-0.38,,False,44.5,6.2,3.3,371.6,71.5,91.6,70.4,77.0,158.2,0.367,0.434,AVGO,,126,12.0,15.0,,False
99,ON,ON Semiconductor Corporation,Technology,Semiconductors,Core,30.9,79.42,95.22,16.0,18.5,10.0,0.0,ok,0.0,ok,0.4,,False,44.5,17.6,5.4,9.2,42.8,8.3,51.0,3.5,-0.2,0.351,0.469,AVGO,,126,18.5,14.0,,False
100,CL,Colgate-Palmolive Company,Consumer Defensive,Household & Personal Products,Core,72.9,91.46,91.62,21.0,14.0,10.0,0.0,ok,-0.5,ok,1.29,,False,44.5,22.3,4.7,4.9,60.4,267.4,42.3,5.8,-16.3,-0.106,0.245,AVGO,,126,14.0,18.0,,False
101,ALGN,"Align Technology, Inc.",Healthcare,Medical Instruments & Supplies,Core,11.9,167.91,175.44,18.5,16.0,10.0,0.0,ok,0.0,ok,-1.08,,False,44.5,13.4,4.9,4.3,70.4,10.2,38.8,-0.7,-24.6,0.319,0.317,GOOG,,126,16.0,17.0,,False
102,JKHY,"Jack Henry & Associates, Inc.",Technology,Information Technology Service,Core,10.9,153.12,145.46,17.5,17.0,10.0,0.0,ok,0.0,ok,0.16,,False,44.5,21.6,3.4,8.7,44.1,24.9,37.4,-3.7,-15.8,-0.021,0.285,MSFT,,126,17.0,16.0,,False
103,TYL,"Tyler Technologies, Inc.",Technology,Software - Application,Core,13.6,332.21,315.6,16.0,18.9,10.0,0.0,ok,-0.5,ok,1.06,,False,44.4,21.6,4.4,8.2,47.2,9.7,49.3,-8.8,-7.9,-0.085,0.314,MSFT,,126,18.9,16.0,,False
104,PLTR,Palantir Technologies Inc.,Technology,Software - Infrastructure,Growth,412.2,171.54,162.96,20.0,14.4,10.0,0.0,ok,0.0,ok,-3.45,,False,44.4,74.1,0.5,92.8,84.8,38.1,78.0,13.0,14.1,0.464,0.413,MSFT,,126,14.4,17.0,,False
105,PATH,"UiPath, Inc.",Technology,Software - Infrastructure,Speculative,8.1,15.58,14.8,20.5,13.9,10.0,0.0,ok,0.0,ok,-9.9,,False,44.4,17.2,6.3,17.3,83.0,18.2,71.0,22.4,27.8,0.261,0.429,MSFT,,126,13.9,17.0,,False
106,ODFL,"Old Dominion Freight Line, Inc",Industrials,Trucking,Core,43.1,208.0,223.62,18.5,15.9,10.0,0.0,ok,0.0,ok,-0.15,,False,44.4,31.4,2.3,10.4,39.6,24.8,36.5,8.0,-5.1,0.105,0.16,NVDA,,126,15.9,14.0,,False
107,FFIV,"F5, Inc.",Technology,Software - Infrastructure,Core,22.3,393.62,404.5,18.0,16.4,10.0,0.0,ok,0.0,ok,-1.47,,False,44.4,21.8,3.2,10.9,81.9,19.8,53.6,23.9,29.2,0.329,0.26,BMNR,,126,16.4,17.0,,False
108,HON,Honeywell International Inc.,Industrials,Conglomerates,Core,72.2,227.71,235.42,18.5,18.3,10.0,0.0,ok,-2.5,ok,3.03,,False,44.3,22.7,3.6,4.3,36.5,46.6,36.6,3.3,-17.2,0.037,0.21,MSFT,,126,18.3,14.0,,False
109,ORCL,Oracle Corporation,Technology,Software - Infrastructure,Core,411.3,142.79,149.16,17.5,13.3,19.0,-2.0,ok,-3.5,ok,4.44,,False,44.3,13.1,-6.0,20.6,65.8,53.4,68.5,-18.1,-20.8,0.612,0.537,MSFT,,126,13.3,19.0,,False
110,FSLR,"First Solar, Inc.",Technology,Solar,Core,23.6,220.01,232.71,18.5,15.7,10.0,0.0,ok,0.0,ok,-0.64,,False,44.2,9.5,6.8,-3.7,44.0,18.5,59.8,-6.0,-20.4,0.364,0.352,AVGO,,126,15.7,14.0,,False
111,GOOGL,Alphabet Inc.,Communication Services,Internet Content & Information,Core,4209.5,344.2,352.84,19.0,17.1,10.0,-2.0,ok,0.0,ok,-0.7,,False,44.1,23.3,0.5,24.2,60.9,48.7,54.0,3.7,1.0,0.56,0.995,GOOG,,126,17.1,15.0,,False
112,AMP,"Ameriprise Financial, Inc.",Financial Services,Asset Management,Core,49.7,562.12,534.01,22.0,12.1,10.0,0.0,ok,0.0,financial_na,,,False,44.1,10.9,5.8,11.6,54.9,63.4,68.8,17.2,5.5,0.276,0.294,MSFT,,126,12.1,15.0,,False
113,AJG,Arthur J. Gallagher & Co.,Financial Services,Insurance Brokers,Growth,63.7,248.36,241.34,16.5,17.6,10.0,0.0,ok,0.0,financial_na,,,False,44.1,16.7,3.3,30.9,43.2,6.7,26.6,6.7,3.6,-0.191,0.322,AVGO,,126,17.6,15.0,,False
114,KMB,Kimberly-Clark Corporation,Consumer Defensive,Household & Personal Products,Core,35.8,107.72,108.07,18.5,16.0,10.0,0.0,ok,-0.5,ok,1.6,,False,44.0,14.4,2.6,0.6,37.6,104.9,37.8,5.3,-13.3,-0.088,0.175,GOOG,,126,16.0,16.0,,False
115,UPS,"United Parcel Service, Inc.",Industrials,Integrated Freight & Logistics,Core,86.7,101.93,108.63,18.5,16.0,10.0,0.0,ok,-0.5,ok,2.0,,False,44.0,12.6,6.4,7.6,22.4,29.6,43.5,-0.6,-23.3,0.134,0.168,GOOG,,126,16.0,14.0,,False
116,FIS,Fidelity National Information ,Technology,Information Technology Service,Core,21.2,40.95,41.28,22.0,15.5,10.0,0.0,ok,-3.5,ok,5.82,,False,44.0,6.1,12.5,29.1,35.8,22.3,22.9,-19.4,-27.6,0.066,0.35,MSFT,,126,15.5,15.0,,False
117,INTU,Intuit Inc.,Technology,Software - Application,Core,95.9,350.41,332.89,21.0,13.0,10.0,0.0,ok,0.0,ok,0.02,,False,44.0,12.8,5.5,10.4,80.8,22.5,57.6,-21.4,-22.3,0.12,0.352,MSFT,,126,13.0,17.0,,False
118,AIG,"American International Group, ",Financial Services,Insurance - Diversified,Core,39.8,76.12,77.55,17.0,16.9,10.0,0.0,ok,0.0,financial_na,,,False,43.9,8.7,18.5,0.5,35.1,7.2,27.3,-1.4,-16.6,-0.059,0.189,NVDA,,126,16.9,14.0,,False
119,ROL,"Rollins, Inc.",Consumer Cyclical,Personal Services,Core,17.5,36.32,42.0,18.5,15.9,10.0,0.0,ok,-0.5,ok,1.16,,False,43.9,27.8,2.9,7.9,52.4,37.0,27.0,-32.1,-51.9,0.023,0.225,GOOG,,126,15.9,14.0,,False
120,UHS,"Universal Health Services, Inc",Healthcare,Medical Care Facilities,Core,10.2,173.09,164.44,19.0,15.4,10.0,0.0,ok,-0.5,ok,1.9,,False,43.9,7.2,4.9,8.3,44.6,20.9,57.0,-8.6,-38.9,-0.007,0.164,GOOG,,126,15.4,16.0,,False
121,TRMB,Trimble Inc.,Technology,Scientific & Technical Instrum,Core,13.3,56.99,54.14,17.0,17.3,10.0,0.0,ok,-0.5,ok,1.41,,False,43.8,13.8,5.2,11.0,71.8,-1.9,45.8,-13.7,-27.4,0.332,0.353,MSFT,,126,17.3,15.0,,False
122,CRDO,Credo Technology Group Holding,Technology,Semiconductors,Growth,45.9,245.97,241.48,20.0,13.8,10.0,0.0,ok,0.0,ok,-2.96,,False,43.8,27.0,0.5,157.0,68.0,34.4,66.7,43.0,79.7,0.396,0.496,AVGO,,126,13.8,15.0,,False
123,ALAB,"Astera Labs, Inc.",Technology,Semiconductors,Growth,52.6,303.44,354.01,19.0,14.8,10.0,0.0,ok,0.0,ok,-4.23,,False,43.8,47.5,0.2,104.5,75.1,25.8,62.0,39.7,121.6,0.461,0.559,AVGO,,126,14.8,15.0,,False
124,MU,"Micron Technology, Inc.",Technology,Semiconductors,Growth,1062.5,940.76,962.57,20.0,13.7,10.0,0.0,ok,0.0,ok,-0.29,,False,43.7,6.1,0.7,345.7,72.6,66.6,69.7,68.0,111.0,0.405,0.51,AVGO,,126,13.7,15.0,,False
125,BF-B,Brown Forman Inc,Consumer Defensive,Beverages - Wineries & Distill,Core,12.5,27.15,27.02,18.5,15.7,10.0,0.0,ok,-0.5,ok,1.94,,False,43.7,16.0,5.9,2.0,60.5,17.8,27.2,0.2,-19.4,-0.135,0.156,AVGO,,126,15.7,18.0,,False
126,UNH,UnitedHealth Group Incorporate,Healthcare,Healthcare Plans,Core,353.6,393.93,415.06,15.5,18.7,10.0,0.0,ok,-0.5,ok,1.57,,False,43.7,17.6,6.9,0.4,19.7,14.2,28.7,13.9,25.2,0.093,0.114,MSFT,,126,18.7,15.0,,False
127,TMUS,"T-Mobile US, Inc.",Communication Services,Telecom Services,Core,196.0,182.75,181.67,18.5,17.6,10.0,0.0,ok,-2.5,ok,3.42,,False,43.6,12.7,5.8,7.9,63.1,18.0,51.5,-6.7,-26.5,-0.145,0.206,NVDA,,126,17.6,17.0,,False
128,FTNT,"Fortinet, Inc.",Technology,Software - Infrastructure,Core,115.9,158.01,155.31,19.0,14.6,10.0,0.0,ok,0.0,ok,-1.35,,False,43.6,42.0,2.0,25.6,80.2,117.4,55.0,50.2,83.3,0.28,0.315,MSFT,,126,14.6,17.0,,False
129,CPAY,"Corpay, Inc.",Technology,Software - Infrastructure,Core,26.7,406.82,386.48,23.0,12.1,10.0,0.0,ok,-1.5,ok,2.7,,False,43.6,13.0,7.3,21.5,80.5,29.2,58.0,24.0,3.9,0.22,0.262,MSFT,,126,12.1,17.0,,False
130,CSX,CSX Corporation,Industrials,Railroads,Core,93.1,50.24,49.14,19.5,15.6,10.0,0.0,ok,-1.5,ok,2.64,,False,43.6,22.1,2.1,10.1,47.1,24.4,44.8,19.3,9.3,-0.035,0.203,MSFT,,126,15.6,15.0,,False
131,POOL,Pool Corporation,Industrials,Industrial Distribution,Speculative,6.8,187.5,199.68,17.0,18.1,10.0,0.0,ok,-1.5,ok,2.58,,False,43.6,15.9,3.1,2.2,29.6,31.3,45.3,-14.0,-38.1,0.106,0.169,GOOG,,126,18.1,14.0,,False
132,MPWR,"Monolithic Power Systems, Inc.",Technology,Semiconductors,Growth,65.5,1333.18,1392.35,19.0,14.5,10.0,0.0,ok,0.0,ok,-1.39,,False,43.5,38.3,0.7,47.6,55.2,22.0,57.1,8.4,-0.2,0.452,0.539,AVGO,,126,14.5,14.0,,False
133,STX,Seagate Technology Holdings PL,Technology,Computer Hardware,Growth,205.1,903.68,891.56,20.0,13.5,10.0,0.0,ok,0.0,ok,0.49,,False,43.5,16.3,0.9,48.5,45.6,371.5,64.2,62.3,100.9,0.363,0.45,AVGO,,126,13.5,14.0,,False
134,PAYX,"Paychex, Inc.",Technology,Software - Application,Core,42.7,119.93,113.93,18.5,16.5,10.0,0.0,ok,-1.5,ok,2.17,,False,43.5,18.8,,12.5,67.2,,45.8,17.5,16.3,-0.033,0.305,MSFT,,126,16.5,17.0,,False
135,APO,"Apollo Global Management, Inc.",Financial Services,Asset Management,Growth,79.0,133.85,127.16,20.0,13.5,10.0,0.0,ok,0.0,financial_na,,,False,43.5,12.5,,63.8,36.1,11.4,64.5,5.2,-5.4,0.327,0.284,GOOG,,126,13.5,14.0,,False
136,CTSH,Cognizant Technology Solutions,Technology,Information Technology Service,Core,27.3,57.78,54.89,18.5,15.0,10.0,0.0,ok,0.0,ok,0.26,,False,43.5,9.2,8.1,4.5,33.4,14.9,56.9,-8.2,-25.5,-0.008,0.306,MSFT,,126,15.0,15.0,,False
137,IBM,International Business Machine,Technology,Information Technology Service,Core,219.2,232.67,249.84,20.0,15.9,10.0,0.0,ok,-2.5,ok,3.47,,False,43.4,17.7,5.5,1.1,58.1,34.5,57.1,-12.2,-22.7,0.146,0.349,MSFT,,126,15.9,16.0,,False
138,AMAT,"Applied Materials, Inc.",Technology,Semiconductor Equipment & Mate,Core,408.4,514.33,560.78,19.0,14.3,10.0,0.0,ok,0.0,ok,-0.26,,False,43.3,28.0,0.8,24.8,49.4,41.1,64.2,31.4,26.9,0.405,0.535,AVGO,,126,14.3,14.0,,False
139,ETN,"Eaton Corporation, PLC",Industrials,Specialty Industrial Machinery,Core,167.5,431.33,414.73,15.5,11.7,18.6,0.0,ok,-2.5,ok,3.11,,False,43.3,26.9,1.9,21.4,36.0,19.7,74.5,14.3,1.5,0.404,0.475,AVGO,,126,11.7,19.0,,False
140,MA,Mastercard Incorporated,Financial Services,Credit Services,Core,503.1,574.31,545.59,20.5,12.8,10.0,0.0,ok,0.0,financial_na,,,False,43.3,24.9,3.4,14.1,100.0,241.2,57.6,8.9,-3.6,0.154,0.448,MSFT,,126,12.8,18.0,,False
141,CMG,"Chipotle Mexican Grill, Inc.",Consumer Cyclical,Restaurants,Core,42.2,33.36,33.37,18.5,16.3,10.0,0.0,ok,-1.5,ok,2.08,,False,43.3,24.4,2.6,9.3,39.4,49.6,47.0,-3.2,-26.4,0.206,0.365,MSFT,,126,16.3,11.0,,False
142,TT,Trane Technologies plc,Industrials,Building Products & Equipment,Core,102.0,463.37,474.46,19.5,13.8,10.0,0.0,ok,0.0,ok,0.77,,False,43.3,26.5,3.1,10.6,35.4,36.6,58.6,4.7,-11.5,0.273,0.407,NVDA,,126,13.8,14.0,,False
143,BKNG,Booking Holdings Inc. Common S,Consumer Cyclical,Travel Services,Core,161.4,208.25,197.84,18.0,15.3,10.0,0.0,ok,0.0,ok,0.36,,False,43.3,16.8,4.8,8.1,87.2,,57.6,12.4,9.6,0.163,0.196,MSFT,,126,15.3,15.0,,False
144,SYK,Stryker Corporation,Healthcare,Medical Devices,Core,127.1,331.37,325.14,17.0,16.8,10.0,0.0,ok,-0.5,ok,1.62,,False,43.3,19.8,3.2,9.4,65.6,16.5,36.3,-2.6,-24.5,-0.066,0.224,AVGO,,126,16.8,17.0,,False
145,ARM,Arm Holdings plc,Technology,Semiconductors,Core,270.5,253.32,307.07,16.5,16.8,10.0,0.0,ok,0.0,ok,-3.2,,False,43.3,82.8,0.5,22.4,97.5,13.4,60.5,29.3,86.5,0.477,0.514,AVGO,,126,16.8,15.0,,False
146,LLY,Eli Lilly and Company,Healthcare,Drug Manufacturers - General,Growth,1092.6,1225.73,1172.58,20.0,13.8,10.0,0.0,ok,-0.5,ok,1.1,,False,43.3,25.9,1.0,47.7,83.4,102.3,52.4,17.3,7.7,-0.092,0.183,MSFT,,126,13.8,17.0,,False
147,RMD,ResMed Inc.,Healthcare,Medical Instruments & Supplies,Core,31.7,219.98,208.98,18.5,14.8,10.0,0.0,ok,0.0,ok,-0.31,,False,43.3,16.6,3.0,8.6,61.6,24.3,55.2,-3.8,-27.4,0.022,0.304,GOOG,,126,14.8,17.0,,False
148,MCD,McDonald's Corporation,Consumer Cyclical,Restaurants,Core,188.9,266.99,273.23,16.5,19.2,10.0,0.0,ok,-2.5,ok,3.6,,False,43.2,19.1,3.3,3.7,57.4,,44.2,-10.2,-30.7,-0.053,0.202,NVDA,,126,19.2,12.0,,False
149,FANG,"Diamondback Energy, Inc.",Energy,Oil & Gas E&P,Growth,59.1,210.02,199.52,21.0,12.6,10.0,0.0,ok,-0.5,ok,1.03,,False,43.1,11.8,8.5,52.5,72.4,3.5,60.5,19.4,9.5,-0.232,0.271,GOOG,,126,12.6,14.0,,False
150,MAS,Masco Corporation,Industrials,Building Products & Equipment,Core,14.5,73.38,76.4,20.0,13.5,10.0,0.0,ok,-0.5,ok,1.95,,False,43.0,15.7,6.2,-2.9,37.2,5862.5,52.3,6.6,-16.5,0.264,0.278,BMNR,,126,13.5,14.0,,False
151,LHX,"L3Harris Technologies, Inc.",Industrials,Aerospace & Defense,Growth,52.1,279.54,292.16,16.5,19.0,10.0,0.0,ok,-2.5,ok,3.23,,False,43.0,20.8,,190.0,30.4,,38.4,-11.3,-32.9,-0.141,0.178,MSFT,,126,19.0,14.0,,False
152,CPRT,"Copart, Inc.",Industrials,Specialty Business Services,Core,30.4,31.51,29.93,17.0,16.0,10.0,0.0,ok,0.0,ok,-2.09,,False,43.0,18.7,3.3,2.1,47.5,17.6,55.1,-10.0,-29.1,-0.044,0.252,AVGO,,126,16.0,17.0,,False
153,MMM,3M Company,Industrials,Conglomerates,Core,93.3,180.94,171.89,21.0,12.5,10.0,0.0,ok,-0.5,ok,1.21,,False,43.0,18.5,6.8,2.5,39.4,81.9,58.1,13.1,-2.4,0.087,0.232,GOOG,,126,12.5,14.0,,False
154,DECK,Deckers Outdoor Corporation,Consumer Cyclical,Footwear & Accessories,Core,12.2,89.51,102.68,21.0,12.0,10.0,0.0,ok,0.0,ok,-0.85,,True,43.0,10.7,7.1,5.7,57.8,42.6,21.0,-12.4,-37.3,0.263,0.345,GOOG,,126,17.9,12.0,,False
155,TJX,"TJX Companies, Inc. (The)",Consumer Cyclical,Apparel Retail,Core,166.6,150.85,157.35,17.0,16.0,10.0,0.0,ok,0.0,ok,0.97,,False,43.0,26.2,2.6,9.2,31.4,61.3,26.2,-2.5,-16.3,-0.012,0.089,AVGO,,126,16.0,11.0,,False
156,CVNA,Carvana Co.,Consumer Cyclical,Auto & Truck Dealerships,Growth,96.7,65.0,67.22,16.0,17.4,10.0,0.0,ok,-0.5,ok,1.02,,False,42.9,28.8,0.4,52.4,19.4,58.8,48.2,-10.2,-22.7,0.358,0.389,GOOG,,126,17.4,11.0,,False
157,NKE,"Nike, Inc.",Consumer Cyclical,Footwear & Accessories,Core,59.4,40.06,42.69,16.5,16.4,10.0,0.0,ok,0.0,ok,0.41,,False,42.9,17.4,3.2,-1.1,43.2,22.1,35.7,-24.0,-51.1,0.192,0.214,MSFT,,126,16.4,12.0,,False
158,SNPS,"Synopsys, Inc.",Technology,Software - Infrastructure,Growth,77.4,404.41,424.13,20.0,16.4,10.0,0.0,ok,-3.5,ok,4.93,,False,42.9,23.4,4.6,41.9,82.6,3.8,68.1,-9.5,-21.1,0.439,0.371,NVDA,,126,16.4,17.0,,False
159,TER,"Teradyne, Inc.",Technology,Semiconductor Equipment & Mate,Growth,63.2,404.29,385.09,20.0,12.9,10.0,0.0,ok,0.0,ok,-0.17,,False,42.9,35.0,0.7,103.9,59.2,36.5,67.4,32.8,15.8,0.424,0.508,AVGO,,126,12.9,14.0,,False
160,CDW,CDW Corporation,Technology,Information Technology Service,Core,16.9,134.97,136.15,17.0,18.4,10.0,0.0,ok,-2.5,ok,3.02,,False,42.9,11.3,4.0,10.0,21.4,44.0,36.6,2.6,-3.4,0.125,0.206,MSFT,,126,18.4,15.0,,False
161,KR,Kroger Company (The),Consumer Defensive,Grocery Stores,Core,34.5,56.34,58.56,15.5,18.8,10.0,0.0,ok,-1.5,ok,2.64,,False,42.8,10.2,8.7,2.2,24.0,13.8,29.6,-12.1,-30.3,-0.343,0.359,AVGO,,126,18.8,16.0,,False
162,CB,Chubb Limited,Financial Services,Insurance - Property & Casualt,Core,133.2,345.29,344.37,18.5,14.3,10.0,0.0,ok,0.0,financial_na,,,False,42.8,11.9,7.9,6.1,31.1,14.8,29.5,7.1,-7.4,-0.378,0.426,AVGO,,126,14.3,14.0,,False
163,ICE,Intercontinental Exchange Inc.,Financial Services,Financial Data & Stock Exchang,Core,87.7,156.18,148.37,18.5,14.3,10.0,0.0,ok,0.0,financial_na,,,False,42.8,17.8,4.1,4.8,100.0,14.1,55.3,1.3,-11.6,0.152,0.287,MSFT,,126,14.3,16.0,,False
164,EPAM,"EPAM Systems, Inc.",Technology,Information Technology Service,Speculative,5.2,100.25,95.24,17.0,15.7,10.0,0.0,ok,0.0,ok,-0.85,,False,42.7,7.1,12.6,4.5,29.5,11.2,42.4,-29.4,-52.8,-0.01,0.199,MSFT,,126,15.7,15.0,,False
165,CCL,Carnival Corporation Ltd.,Consumer Cyclical,Travel Services,Core,37.4,27.27,27.9,19.0,16.2,10.0,0.0,ok,-2.5,ok,3.28,,False,42.7,10.3,5.1,5.3,55.7,26.7,45.7,-1.8,-28.3,0.4,0.441,GOOG,,126,16.2,14.0,,False
166,AVY,Avery Dennison Corporation,Consumer Cyclical,Packaging & Containers,Core,13.6,177.71,168.82,20.5,13.7,10.0,0.0,ok,-1.5,ok,2.28,,False,42.7,15.8,7.4,10.9,29.0,31.2,66.1,3.1,-21.2,0.134,0.147,MSFT,,126,13.7,11.0,,False
167,GS,"Goldman Sachs Group, Inc. (The",Financial Services,Capital Markets,Growth,303.0,1040.47,1053.69,21.0,13.7,10.0,-2.0,ok,0.0,financial_na,,,False,42.7,14.1,,42.5,82.1,16.9,67.9,11.8,-0.6,0.512,0.547,BMNR,,126,13.7,16.0,,False
168,AFL,AFLAC Incorporated,Financial Services,Insurance - Life,Core,61.0,121.73,121.53,17.5,15.2,10.0,0.0,ok,0.0,financial_na,,,False,42.7,16.1,8.4,-1.0,50.9,16.9,23.6,6.8,-5.4,-0.197,0.325,AVGO,,126,15.2,15.0,,False
169,CIEN,Ciena Corporation,Technology,Communication Equipment,Growth,57.4,405.54,424.61,15.5,17.2,10.0,0.0,ok,0.0,ok,0.48,,False,42.7,42.1,1.2,39.5,43.0,15.5,65.2,10.9,17.8,0.335,0.508,AVGO,,126,17.2,14.0,,False
170,ALLE,Allegion plc,Industrials,Security & Protection Services,Core,13.6,159.83,151.84,19.5,13.7,10.0,0.0,ok,-0.5,ok,1.81,,False,42.7,16.4,3.6,12.7,44.8,33.7,52.4,5.7,-13.9,0.046,0.118,NVDA,,126,13.7,17.0,,False
171,KLIC,"Kulicke and Soffa Industries, ",Technology,Semiconductor Equipment & Mate,Growth,4.8,92.06,106.39,16.5,16.1,10.0,0.0,ok,0.0,ok,-2.49,,False,42.6,15.6,1.2,122.6,52.6,13.2,60.3,21.1,21.3,0.39,0.462,NVDA,,126,16.1,14.0,,False
172,NWS,News Corporation,Communication Services,Entertainment,Core,18.1,33.49,31.82,17.0,15.6,10.0,0.0,ok,0.0,ok,0.61,,False,42.6,22.3,5.8,10.8,57.2,8.0,55.7,13.5,15.3,0.058,0.215,GOOG,,126,15.6,14.0,,False
173,SPG,"Simon Property Group, Inc.",Real Estate,REIT - Retail,Core,83.7,220.61,222.45,20.5,15.5,10.0,0.0,ok,-3.5,ok,5.54,,False,42.5,32.9,3.1,19.5,81.4,120.5,20.3,11.3,-0.8,-0.071,0.189,GOOG,,126,15.5,17.0,,False
174,ACN,Accenture plc,Technology,Information Technology Service,Core,105.8,172.93,164.28,18.5,14.0,10.0,0.0,ok,0.0,ok,-0.14,,False,42.5,11.8,11.4,5.6,32.0,24.4,49.7,-15.9,-34.6,-0.028,0.28,MSFT,,126,14.0,15.0,,False
175,ACGL,Arch Capital Group Ltd.,Financial Services,Insurance - Diversified,Core,33.7,98.91,98.2,16.5,16.0,10.0,0.0,ok,0.0,financial_na,,,False,42.5,10.1,12.8,-10.5,38.8,19.9,27.1,3.6,-11.7,-0.279,0.411,AVGO,,126,16.0,14.0,,False
176,BMY,Bristol-Myers Squibb Company,Healthcare,Drug Manufacturers - General,Core,134.9,66.05,62.75,22.0,10.9,10.0,0.0,ok,-0.5,ok,1.8,,False,42.4,10.1,6.0,5.7,71.7,46.6,62.7,17.1,-0.9,-0.027,0.219,AVGO,,126,10.9,17.0,,False
177,EXE,Expand Energy Corporation,Energy,Oil & Gas E&P,Cyclical,22.8,95.45,90.68,16.5,15.9,10.0,0.0,ok,0.0,ok,0.46,,False,42.4,10.6,6.4,-10.6,47.1,14.9,57.8,-5.8,-15.6,-0.056,0.121,AVGO,,126,15.9,13.0,,False
178,ESTC,Elastic N.V.,Technology,Software - Application,Speculative,8.9,85.01,80.76,21.0,11.4,10.0,0.0,ok,0.0,neg_ebitda_low_debt,,,False,42.4,21.9,5.2,16.0,76.2,33.4,84.2,33.0,26.7,0.343,0.495,MSFT,,126,11.4,17.0,,False
179,AMT,American Tower Corporation (RE,Real Estate,REIT - Specialty,Core,80.3,172.33,172.88,19.5,17.8,10.0,0.0,ok,-5.0,ok,6.14,,False,42.3,24.6,3.6,4.7,73.8,33.9,39.7,-2.4,-19.3,-0.122,0.334,AVGO,,126,17.8,17.0,,False
180,OTIS,Otis Worldwide Corporation,Industrials,Specialty Industrial Machinery,Core,26.8,70.35,72.42,15.5,19.3,10.0,0.0,ok,-2.5,ok,3.04,,False,42.3,15.4,5.4,7.3,30.3,,36.2,-12.8,-36.3,0.024,0.18,GOOG,,126,19.3,14.0,,False
181,GIS,"General Mills, Inc.",Consumer Defensive,Packaged Foods,Core,20.4,38.08,36.19,16.0,16.2,10.0,0.0,ok,0.0,ok,-0.12,,False,42.2,11.9,11.3,2.2,33.7,-1.0,51.1,-4.2,-27.2,-0.157,0.324,AVGO,,126,16.2,16.0,,False
182,NDAQ,"Nasdaq, Inc.",Financial Services,Financial Data & Stock Exchang,Core,54.1,96.71,91.87,18.0,14.2,10.0,0.0,ok,0.0,financial_na,,,False,42.2,20.7,3.1,14.9,100.0,16.5,57.0,8.1,5.6,0.225,0.406,MSFT,,126,14.2,16.0,,False
183,FIX,"Comfort Systems USA, Inc.",Industrials,Engineering & Construction,Core,61.2,1739.08,1791.72,17.0,15.1,10.0,0.0,ok,0.0,ok,0.12,,False,42.1,29.0,3.0,1.0,25.7,55.3,65.1,20.0,19.3,0.413,0.436,BMNR,,126,15.1,14.0,,False
184,VEEV,Veeva Systems Inc.,Healthcare,Health Information Services,Core,39.4,242.75,230.61,18.0,14.1,10.0,0.0,ok,0.0,ok,-7.03,,False,42.1,24.2,3.2,16.3,75.0,13.9,72.9,21.2,21.4,0.22,0.453,MSFT,,126,14.1,19.0,,False
185,GRMN,Garmin Ltd.,Technology,Scientific & Technical Instrum,Core,57.4,297.44,282.57,17.0,15.1,10.0,0.0,ok,0.0,ok,-1.06,,False,42.1,27.1,1.8,11.4,60.1,21.9,52.3,28.0,13.2,0.176,0.18,GOOG,,126,15.1,15.0,,False
186,L,Loews Corporation,Financial Services,Insurance - Property & Casualt,Core,23.0,112.45,113.36,16.0,16.0,10.0,0.0,ok,0.0,financial_na,,,False,42.0,38.8,5.5,3.9,36.3,9.3,10.5,3.8,-9.0,-0.151,0.215,AVGO,,126,16.0,14.0,,False
187,LII,"Lennox International, Inc.",Industrials,Building Products & Equipment,Core,14.2,411.05,508.01,16.0,16.5,10.0,0.0,ok,-0.5,ok,1.68,,False,42.0,15.6,2.0,3.0,33.3,71.8,41.5,-18.3,-38.1,0.182,0.263,NVDA,,126,16.5,14.0,,False
188,PSA,Public Storage,Real Estate,REIT - Industrial,Core,60.3,323.1,322.07,18.5,15.0,10.0,0.0,ok,-1.5,ok,2.89,,False,42.0,35.2,3.9,3.3,74.4,21.9,41.9,10.1,-3.4,-0.031,0.219,GOOG,,126,15.0,17.0,,False
189,APA,APA Corporation,Energy,Oil & Gas E&P,Cyclical,14.8,42.37,40.25,21.0,10.9,10.0,0.0,ok,0.0,ok,0.6,,False,41.9,10.1,14.5,9.2,78.3,26.7,70.5,31.9,36.5,-0.345,0.322,NVDA,,126,10.9,14.0,,False
190,DOC,"Healthpeak Properties, Inc.",Real Estate,REIT - Healthcare Facilities,Core,14.5,20.44,21.33,18.0,17.4,10.0,0.0,ok,-3.5,ok,5.53,,False,41.9,,11.4,11.1,57.6,3.0,21.7,12.7,8.9,0.031,0.16,NVDA,,126,17.4,16.0,,False
191,PFG,Principal Financial Group Inc,Financial Services,Asset Management,Core,24.2,113.14,111.44,17.5,14.4,10.0,0.0,ok,0.0,financial_na,,,False,41.9,10.9,4.4,6.4,47.3,12.9,49.8,17.2,10.9,0.206,0.251,GOOG,,126,14.4,15.0,,False
192,ALB,Albemarle Corporation,Basic Materials,Specialty Chemicals,Growth,15.7,132.71,133.5,19.0,12.9,10.0,0.0,ok,0.0,ok,0.25,,False,41.9,11.5,8.5,31.1,24.0,2.6,76.4,-13.9,-34.9,0.26,0.248,BMNR,,126,12.9,11.0,,False
193,KLAC,KLA Corporation,Technology,Semiconductor Equipment & Mate,Core,254.5,194.79,380.0,18.0,13.9,10.0,0.0,ok,0.0,ok,0.21,,False,41.9,29.6,1.0,15.2,61.3,87.5,66.6,-84.0,-99.4,0.19,0.269,AVGO,,126,13.9,15.0,,False
194,CVX,Chevron Corporation,Energy,Oil & Gas Integrated,Growth,403.6,205.74,195.45,20.5,11.3,10.0,0.0,ok,0.0,ok,0.56,,False,41.8,15.6,5.4,53.5,44.3,12.2,67.3,16.1,-0.7,-0.338,0.338,NVDA,,126,11.3,13.0,,False
195,SNA,Snap-On Incorporated,Industrials,Tools & Accessories,Core,20.5,395.71,401.96,17.5,14.3,10.0,0.0,ok,0.0,ok,-0.24,,False,41.8,18.5,5.4,4.2,51.8,17.9,28.9,6.3,-9.0,0.124,0.262,GOOG,,126,14.3,15.0,,False
196,HD,"Home Depot, Inc. (The)",Consumer Cyclical,Home Improvement Retail,Core,336.5,337.49,338.79,17.0,16.3,10.0,0.0,ok,-1.5,ok,2.49,,False,41.8,21.0,3.0,4.8,33.1,128.4,49.4,-2.3,-24.0,0.145,0.272,GOOG,,126,16.3,11.0,,False
197,COF,Capital One Financial Corporat,Financial Services,Credit Services,Growth,135.9,221.47,210.4,18.0,13.7,10.0,0.0,ok,0.0,financial_na,,,False,41.7,9.2,,1111.0,0.0,9.0,68.2,6.9,-6.6,0.353,0.327,BMNR,,126,13.7,16.0,,False
198,OMC,Omnicom Group Inc.,Communication Services,Advertising Agencies,Growth,24.6,86.31,81.99,18.5,14.7,10.0,0.0,ok,-1.5,ok,2.2,,False,41.7,7.2,17.3,63.4,19.0,6.1,59.5,12.5,11.7,0.053,0.106,BMNR,,126,14.7,13.0,,False
199,ITW,Illinois Tool Works Inc.,Industrials,Specialty Industrial Machinery,Core,81.1,284.66,275.6,18.5,13.7,10.0,0.0,ok,-0.5,ok,1.84,,False,41.7,23.0,3.0,6.1,44.2,104.6,40.0,8.0,-15.8,0.024,0.186,NVDA,,126,13.7,15.0,,False
200,GEHC,GE HealthCare Technologies Inc,Healthcare,Medical Devices,Core,33.0,72.63,69.0,17.5,15.7,10.0,0.0,ok,-1.5,ok,2.36,,False,41.7,13.4,4.8,5.8,39.5,19.4,52.9,-0.3,-25.0,0.122,0.231,GOOG,,126,15.7,15.0,,False
201,WM,"Waste Management, Inc.",Industrials,Waste Management,Core,89.4,223.58,227.63,17.5,15.7,10.0,0.0,ok,-1.5,ok,2.93,,False,41.7,24.5,2.6,4.0,40.6,29.8,22.9,0.1,-16.7,-0.395,0.375,NVDA,,126,15.7,15.0,,False
202,RJF,"Raymond James Financial, Inc.",Financial Services,Asset Management,Core,34.5,179.3,170.34,19.0,12.6,10.0,0.0,ok,0.0,financial_na,,,False,41.6,12.6,,15.1,93.2,18.4,65.2,12.9,-0.9,0.302,0.284,GOOG,,126,12.6,16.0,,False
203,STE,STERIS plc (Ireland),Healthcare,Medical Devices,Core,22.7,232.39,220.77,16.0,15.6,10.0,0.0,ok,0.0,ok,0.95,,False,41.6,19.0,3.5,7.3,44.4,11.4,46.0,-0.7,-19.4,0.055,0.163,GOOG,,126,15.6,16.0,,False
204,HCA,"HCA Healthcare, Inc.",Healthcare,Medical Care Facilities,Core,91.3,411.73,393.98,17.0,17.1,10.0,0.0,ok,-2.5,ok,3.2,,False,41.6,12.8,4.1,8.7,42.6,,52.7,-9.5,-35.5,0.006,0.19,GOOG,,126,17.1,16.0,,False
205,LYV,"Live Nation Entertainment, Inc",Communication Services,Entertainment,Core,41.9,179.84,178.79,16.0,16.1,10.0,0.0,ok,-0.5,ok,1.43,,False,41.6,95.2,4.0,9.4,25.8,17.7,44.5,13.9,2.9,0.22,0.258,GOOG,,126,16.1,13.0,,False
206,APH,Amphenol Corporation,Technology,Electronic Components,Growth,196.7,159.57,160.54,19.0,13.1,10.0,0.0,ok,-0.5,ok,1.42,,False,41.6,24.8,1.9,55.0,39.0,38.1,59.2,10.7,-4.3,0.366,0.429,AVGO,,126,13.1,13.0,,False
207,VMC,Vulcan Materials Company (Hold,Basic Materials,Building Materials,Cyclical,35.2,271.65,288.28,14.5,18.5,10.0,0.0,ok,-1.5,ok,2.03,,False,41.5,25.2,2.4,2.5,27.5,13.2,41.2,-6.1,-21.7,0.052,0.221,GOOG,,126,18.5,11.0,,False
208,TTD,"The Trade Desk, Inc.",Communication Services,Advertising Agencies,Speculative,6.3,13.42,17.87,19.5,12.0,10.0,0.0,ok,0.0,ok,-1.51,,True,41.5,13.5,9.2,3.0,76.9,15.4,23.7,-50.5,-59.9,0.194,0.289,MSFT,,126,16.0,15.0,,False
209,ARES,Ares Management Corporation,Financial Services,Asset Management,Core,46.3,140.31,133.29,17.5,14.0,10.0,0.0,ok,0.0,financial_na,,,False,41.5,19.5,4.7,5.8,37.4,14.9,66.2,5.7,-6.4,0.379,0.315,GOOG,,126,14.0,14.0,,False
210,HST,"Host Hotels & Resorts, Inc.",Real Estate,REIT - Hotel & Motel,Core,15.9,22.92,24.07,17.0,16.0,10.0,0.0,ok,-1.5,ok,2.18,,False,41.5,21.8,10.6,3.6,29.2,15.6,21.1,12.3,1.8,0.129,0.26,GOOG,,126,16.0,15.0,,False
211,PHM,"PulteGroup, Inc.",Consumer Cyclical,Residential Construction,Core,24.0,126.05,128.21,15.0,16.5,10.0,0.0,ok,0.0,ok,0.42,,False,41.5,11.2,4.5,-9.6,25.6,14.9,40.7,1.2,-23.7,0.115,0.204,GOOG,,126,16.5,11.0,,False
212,CTVA,"Corteva, Inc.",Basic Materials,Agricultural Inputs,Cyclical,52.0,77.91,81.57,15.0,16.5,10.0,0.0,ok,0.0,ok,0.59,,False,41.5,18.9,4.7,-1.2,49.5,4.3,23.7,2.5,-10.6,-0.21,0.257,MSFT,,126,16.5,12.0,,False
213,SYY,Sysco Corporation,Consumer Defensive,Food Distribution,Core,39.2,81.96,82.23,17.0,16.0,10.0,0.0,ok,-1.5,ok,2.89,,False,41.5,15.3,5.0,4.7,18.5,77.7,32.1,4.5,-20.1,-0.009,0.082,GOOG,,126,16.0,16.0,,False
214,KKR,KKR & Co. Inc.,Financial Services,Asset Management,Core,99.0,107.19,101.83,15.5,15.9,10.0,0.0,ok,0.0,financial_na,,,False,41.4,14.5,,7.8,54.8,7.3,61.3,1.0,-8.9,0.362,0.308,BMNR,,126,15.9,15.0,,False
215,CMCSA,Comcast Corporation,Communication Services,Telecom Services,Core,93.0,26.2,24.89,18.5,14.4,10.0,0.0,ok,-1.5,ok,2.43,,False,41.4,7.2,13.7,-1.2,69.4,11.5,63.9,-1.5,-28.7,-0.046,0.143,NVDA,,126,14.4,17.0,,False
216,EL,"Estee Lauder Companies, Inc. (",Consumer Defensive,Household & Personal Products,Core,30.5,84.27,84.18,16.0,16.9,10.0,0.0,ok,-1.5,ok,2.63,,False,41.4,26.5,5.9,4.6,74.7,-5.9,50.5,-7.8,-36.8,0.272,0.336,GOOG,,126,16.9,18.0,,False
217,AIZ,"Assurant, Inc.",Financial Services,Insurance - Property & Casualt,Core,13.8,280.07,274.19,15.5,15.8,10.0,0.0,ok,0.0,financial_na,,,False,41.3,12.0,15.6,9.4,13.3,18.3,49.1,16.1,14.9,0.027,0.107,BMNR,,126,15.8,14.0,,False
218,PNR,Pentair plc.,Industrials,Specialty Industrial Machinery,Core,10.3,63.55,70.11,15.5,16.3,10.0,0.0,ok,-0.5,ok,1.62,,False,41.3,12.3,5.4,-17.0,41.4,17.1,39.9,-28.1,-49.9,0.155,0.233,NVDA,,126,16.3,15.0,,False
219,DASH,"DoorDash, Inc.",Consumer Cyclical,Internet Retail,Growth,93.7,216.35,205.53,18.0,13.3,10.0,0.0,ok,0.0,ok,-1.42,,False,41.3,27.3,5.5,35.6,52.2,8.9,74.3,15.1,12.2,0.427,0.477,MSFT,,126,13.3,12.0,,False
220,PPG,"PPG Industries, Inc.",Basic Materials,Specialty Chemicals,Cyclical,25.1,112.81,117.23,17.5,15.3,10.0,0.0,ok,-1.5,ok,2.17,,False,41.3,13.0,4.4,7.2,41.2,19.3,52.1,2.9,-23.5,0.276,0.313,BMNR,,126,15.3,12.0,,False
221,SYF,Synchrony Financial,Financial Services,Credit Services,Core,26.2,80.58,76.55,19.5,11.8,10.0,0.0,ok,0.0,financial_na,,,False,41.3,7.7,,0.6,0.0,20.8,74.8,8.2,-1.5,0.357,0.36,BMNR,,126,11.8,16.0,,False
222,CI,The Cigna Group,Healthcare,Healthcare Plans,Core,73.6,278.5,285.7,15.5,16.3,10.0,0.0,ok,-0.5,ok,1.93,,False,41.3,8.3,10.8,6.7,9.1,16.8,37.5,0.3,-16.0,-0.162,0.276,AVGO,,126,16.3,15.0,,False
223,MS,Morgan Stanley,Financial Services,Capital Markets,Core,342.0,217.55,216.69,20.0,11.3,10.0,0.0,ok,0.0,financial_na,,,False,41.3,16.0,,28.0,87.6,18.0,74.6,16.4,11.3,0.479,0.481,BMNR,,126,11.3,16.0,,False
224,YUM,"Yum! Brands, Inc.",Consumer Cyclical,Restaurants,Core,39.5,144.86,153.21,16.5,18.2,10.0,0.0,ok,-3.5,ok,4.15,,False,41.2,19.4,2.1,12.2,45.3,,40.9,-6.0,-23.2,-0.029,0.088,AVGO,,126,18.2,12.0,,False
225,NEM,Newmont Corporation,Basic Materials,Gold,Cyclical,122.2,115.98,110.18,22.0,9.2,10.0,0.0,ok,0.0,ok,-0.2,,False,41.2,11.0,7.2,15.1,68.0,25.9,77.5,9.9,-19.4,0.374,0.393,NVDA,,126,9.2,13.0,,False
226,DHI,"D.R. Horton, Inc.",Consumer Cyclical,Residential Construction,Core,40.7,145.68,151.58,15.0,16.7,10.0,0.0,ok,-0.5,ok,1.24,,False,41.2,12.4,5.9,0.0,21.3,12.6,48.3,-2.4,-25.2,0.142,0.188,GOOG,,126,16.7,11.0,,False
227,SCHW,Charles Schwab Corporation (Th,Financial Services,Capital Markets,Core,193.1,111.68,106.1,21.5,9.7,10.0,0.0,ok,0.0,financial_na,,,False,41.2,14.3,,20.9,97.5,20.3,86.3,16.3,4.9,0.119,0.207,MSFT,,126,9.7,16.0,,False
228,IBKR,"Interactive Brokers Group, Inc",Financial Services,Capital Markets,Core,154.3,90.56,91.5,20.0,13.2,10.0,-2.0,ok,0.0,financial_na,,,False,41.2,28.4,,26.3,93.0,24.0,58.6,17.2,8.5,0.599,0.569,BMNR,,126,13.2,16.0,,False
229,LRCX,Lam Research Corporation,Technology,Semiconductor Equipment & Mate,Core,410.3,327.92,338.11,19.0,12.1,10.0,0.0,ok,0.0,ok,-0.17,,False,41.1,28.4,0.8,30.0,50.5,65.1,73.6,30.5,24.2,0.477,0.561,AVGO,,126,12.1,14.0,,False
230,INVH,Invitation Homes Inc.,Real Estate,REIT - Residential,Core,17.7,29.72,29.83,19.0,15.6,10.0,0.0,ok,-3.5,ok,5.65,,False,41.1,43.8,6.6,10.1,56.3,7.1,43.9,7.7,-0.5,-0.116,0.27,AVGO,,126,15.6,16.0,,False
231,NTAP,"NetApp, Inc.",Technology,Software - Infrastructure,Core,40.1,204.71,194.47,20.5,10.6,10.0,0.0,ok,0.0,ok,-0.45,,False,41.1,20.4,3.2,12.5,70.7,106.7,81.9,63.3,90.5,0.289,0.292,AVGO,,126,10.6,17.0,,False
232,ABNB,"Airbnb, Inc.",Consumer Cyclical,Travel Services,Core,109.7,183.25,174.09,20.5,10.6,10.0,0.0,ok,0.0,ok,-3.47,,False,41.1,29.9,2.9,16.5,82.9,34.5,75.4,35.5,34.9,0.347,0.287,BMNR,,126,10.6,15.0,,False
233,DDOG,"Datadog, Inc.",Technology,Software - Application,Growth,88.3,246.0,249.12,15.0,16.1,10.0,0.0,ok,0.0,ok,-44.73,,False,41.1,82.9,1.2,35.6,79.5,4.7,44.3,42.1,89.4,0.249,0.333,MSFT,,126,16.1,17.0,,False
234,MPC,Marathon Petroleum Corporation,Energy,Oil & Gas Refining & Marketing,Growth,106.9,366.21,347.9,21.0,10.5,10.0,0.0,ok,-0.5,ok,1.72,,False,41.0,11.4,8.7,53.7,12.8,42.1,76.1,59.3,70.9,-0.133,0.214,GOOG,,126,10.5,12.0,,False
235,IR,Ingersoll Rand Inc.,Industrials,Specialty Industrial Machinery,Core,31.3,80.77,81.13,14.5,17.0,10.0,0.0,ok,-0.5,ok,1.85,,False,41.0,20.6,3.5,8.5,42.8,9.5,38.8,-1.4,-29.4,0.223,0.249,GOOG,,126,17.0,15.0,,False
236,CRH,CRH PLC,Basic Materials,Building Materials,Cyclical,62.0,93.25,103.32,16.0,16.5,10.0,0.0,ok,-1.5,ok,2.17,,False,41.0,14.1,3.3,5.6,36.2,15.8,36.4,-17.0,-37.3,0.242,0.317,GOOG,,126,16.5,11.0,,False
237,ADI,"Analog Devices, Inc.",Technology,Semiconductors,Growth,183.5,376.63,390.3,17.5,13.5,10.0,0.0,ok,0.0,ok,0.86,,False,41.0,25.0,2.1,37.2,64.5,9.6,63.2,11.0,-3.5,0.347,0.506,AVGO,,126,13.5,15.0,,False
238,IQV,"IQVIA Holdings, Inc.",Healthcare,Diagnostics & Research,Core,39.5,240.03,228.03,17.5,16.9,10.0,0.0,ok,-3.5,ok,4.65,,False,40.9,16.6,5.4,8.7,33.0,22.8,43.2,20.7,27.7,0.031,0.096,GOOG,,126,16.9,15.0,,False
239,MGM,MGM Resorts International,Consumer Cyclical,Resorts & Casinos,Core,10.9,43.32,46.23,18.5,17.4,10.0,0.0,ok,-5.0,ok,12.25,,False,40.9,20.9,8.1,1.0,44.2,18.9,32.3,11.3,3.9,0.214,0.235,MSFT,,126,17.4,12.0,,False
240,EQR,Equity Residential,Real Estate,REIT - Residential,Core,24.6,63.66,67.42,17.0,17.4,10.0,0.0,ok,-3.5,ok,4.51,,False,40.9,41.1,5.8,2.1,62.3,8.0,32.1,1.2,-11.1,-0.138,0.279,AVGO,,125,17.4,17.0,,False
241,ERIE,Erie Indemnity Company,Financial Services,Insurance Brokers,Core,13.4,256.95,244.1,16.0,14.9,10.0,0.0,ok,0.0,financial_na,,,False,40.9,18.3,3.6,2.8,17.9,24.8,55.7,0.8,-19.4,-0.216,0.325,AVGO,,126,14.9,14.0,,False
242,CME,CME Group Inc.,Financial Services,Financial Data & Stock Exchang,Core,97.6,271.54,257.96,17.0,13.9,10.0,0.0,ok,0.0,financial_na,,,False,40.9,21.0,3.0,0.8,100.0,15.8,59.8,-1.4,-20.7,-0.148,0.322,AVGO,,126,13.9,16.0,,False
243,TDG,Transdigm Group Incorporated,Industrials,Aerospace & Defense,Core,69.0,1233.78,1267.68,18.5,17.4,10.0,0.0,ok,-5.0,ok,6.03,,False,40.9,25.5,2.1,22.5,59.8,,42.2,-3.4,-18.8,0.178,0.335,GOOG,,126,17.4,15.0,,False
244,FTV,Fortive Corporation,Technology,Scientific & Technical Instrum,Core,18.1,59.45,61.18,17.0,15.3,10.0,0.0,ok,-1.5,ok,2.61,,False,40.8,18.3,5.2,7.9,63.2,7.3,49.4,3.4,-10.5,0.089,0.146,NVDA,,126,15.3,15.0,,False
245,JBL,Jabil Inc.,Technology,Electronic Components,Core,35.5,338.62,343.8,16.5,14.8,10.0,0.0,ok,-0.5,ok,1.08,,False,40.8,20.1,3.4,11.8,9.2,65.9,67.5,18.2,17.4,0.471,0.533,AVGO,,126,14.8,13.0,,False
246,SHW,Sherwin-Williams Company (The),Basic Materials,Specialty Chemicals,Cyclical,83.8,345.27,336.78,18.5,14.8,10.0,0.0,ok,-2.5,ok,3.13,,False,40.8,25.4,3.0,7.5,49.0,65.1,50.9,3.5,-18.0,0.205,0.308,GOOG,,126,14.8,12.0,,False
247,COST,Costco Wholesale Corporation,Consumer Defensive,Discount Stores,Core,426.3,961.35,949.99,14.0,16.8,10.0,0.0,ok,0.0,ok,-0.07,,False,40.8,42.4,1.6,21.5,12.9,29.2,43.1,0.4,-15.9,-0.25,0.353,AVGO,,126,16.8,16.0,,False
248,FRT,Federal Realty Investment Trus,Real Estate,REIT - Retail,Core,10.2,117.48,122.51,18.5,15.8,10.0,0.0,ok,-3.5,ok,5.65,,False,40.8,38.0,4.5,7.2,68.1,12.6,20.7,7.7,0.0,-0.047,0.132,AVGO,,126,15.8,17.0,,False
249,BLK,"BlackRock, Inc.",Financial Services,Asset Management,Growth,187.6,1154.35,1096.63,20.5,10.2,10.0,0.0,ok,0.0,financial_na,,,False,40.7,18.0,4.0,30.6,47.2,12.3,70.7,9.8,-6.3,0.436,0.408,GOOG,,126,10.2,15.0,,False
250,PM,Philip Morris International In,Consumer Defensive,Tobacco,Core,292.4,187.62,185.39,17.5,14.7,10.0,0.0,ok,-1.5,ok,2.39,,False,40.7,20.5,3.3,10.4,67.5,,33.6,9.8,-8.9,-0.114,0.157,AVGO,,126,14.7,18.0,,False
251,ORLY,"O'Reilly Automotive, Inc.",Consumer Cyclical,Auto Parts,Core,73.4,90.76,88.99,15.5,16.7,10.0,0.0,ok,-1.5,ok,2.24,,False,40.7,24.9,2.1,8.1,51.6,,50.4,-2.1,-14.7,-0.109,0.176,NVDA,,126,16.7,12.0,,False
252,KVUE,Kenvue Inc.,Consumer Defensive,Household & Personal Products,Core,36.1,18.8,18.95,17.5,14.7,10.0,0.0,ok,-1.5,ok,2.16,,False,40.7,15.2,5.3,3.0,58.4,15.6,33.0,7.1,-11.8,-0.108,0.19,AVGO,,126,14.7,17.0,,False
253,APTV,Aptiv PLC,Consumer Cyclical,Auto Parts,Core,10.3,48.6,58.09,15.5,15.7,10.0,0.0,ok,-0.5,ok,1.52,,False,40.7,7.5,15.7,2.3,19.3,5.2,28.0,-29.2,-54.6,0.2,0.243,AVGO,,126,15.7,11.0,,False
254,CAT,"Caterpillar, Inc.",Industrials,Farm & Heavy Construction Mach,Core,386.5,840.87,910.09,18.0,14.1,10.0,0.0,ok,-1.5,ok,2.41,,False,40.6,26.1,1.3,24.0,29.7,57.0,63.2,11.2,-0.5,0.299,0.454,AVGO,,126,14.1,14.0,,False
255,CHRW,"C.H. Robinson Worldwide, Inc.",Industrials,Integrated Freight & Logistics,Core,16.9,144.67,178.52,16.5,14.6,10.0,0.0,ok,-0.5,ok,1.95,,False,40.6,19.3,2.8,19.3,8.4,37.1,25.8,-16.3,-34.5,-0.063,0.187,MSFT,,126,14.6,14.0,,False
256,VST,Vistra Corp.,Utilities,Utilities - Independent Power ,Core,47.2,140.52,153.63,15.0,18.1,10.0,0.0,ok,-2.5,ok,3.02,,False,40.6,13.6,0.1,-5.5,38.3,43.0,47.5,-12.4,-30.1,0.271,0.276,AVGO,,126,18.1,18.0,,False
257,TAP,Molson Coors Beverage Company,Consumer Defensive,Beverages - Brewers,Speculative,7.7,41.13,40.75,13.5,18.6,10.0,0.0,ok,-1.5,ok,2.56,,False,40.6,8.4,12.2,-3.3,37.0,-19.5,41.2,-6.6,-30.8,-0.191,0.301,BMNR,,126,18.6,16.0,,False
258,FOX,Fox Corporation,Communication Services,Entertainment,Core,25.7,61.23,58.17,18.0,12.6,10.0,0.0,ok,0.0,ok,0.87,,False,40.6,10.4,2.2,28.1,36.6,14.3,77.9,8.0,5.2,-0.021,0.173,AVGO,,126,12.6,13.0,,False
259,WYNN,"Wynn Resorts, Limited",Consumer Cyclical,Resorts & Casinos,Core,10.4,101.29,100.4,18.0,16.1,10.0,0.0,ok,-3.5,ok,5.66,,False,40.6,19.5,4.6,6.9,68.3,,57.0,-6.7,-25.1,0.277,0.201,MSFT,,126,16.1,13.0,,False
260,UNP,Union Pacific Corporation,Industrials,Railroads,Core,177.5,298.74,284.08,20.5,11.6,10.0,0.0,ok,-1.5,ok,2.26,,False,40.6,21.1,2.7,11.5,56.3,39.7,60.1,17.4,0.7,-0.17,0.2,MSFT,,126,11.6,15.0,,False
261,AVB,"AvalonBay Communities, Inc.",Real Estate,REIT - Residential,Core,26.3,184.06,188.04,17.0,17.0,10.0,0.0,ok,-3.5,ok,4.9,,False,40.5,36.8,5.4,2.3,62.7,8.5,44.5,3.1,-6.9,-0.058,0.267,AVGO,,124,17.0,17.0,,False
262,CTAS,Cintas Corporation,Industrials,Specialty Business Services,Core,79.8,199.45,189.75,16.0,14.5,10.0,0.0,ok,0.0,ok,0.81,,False,40.5,32.6,1.8,8.9,50.7,40.7,20.3,7.7,-10.7,-0.065,0.211,AVGO,,126,14.5,17.0,,False
263,RSG,"Republic Services, Inc.",Industrials,Waste Management,Core,66.4,216.97,214.2,16.0,16.0,10.0,0.0,ok,-1.5,ok,2.7,,False,40.5,26.9,2.9,4.6,43.0,18.2,46.0,1.6,-12.2,-0.424,0.401,AVGO,,126,16.0,15.0,,False
264,BXP,"BXP, Inc.",Real Estate,REIT - Office,Core,12.0,66.19,67.74,18.0,17.5,10.0,0.0,ok,-5.0,ok,9.81,,False,40.5,31.6,7.4,3.7,56.5,5.3,24.0,4.9,-3.6,0.146,0.191,BMNR,,126,17.5,16.0,,False
265,MLM,"Martin Marietta Materials, Inc",Basic Materials,Building Materials,Cyclical,31.4,522.81,569.72,12.5,19.5,10.0,0.0,ok,-1.5,ok,2.93,,False,40.5,24.3,1.9,21.0,28.2,8.9,34.1,-13.8,-33.5,0.093,0.217,GOOG,,126,19.5,11.0,,False
266,VLO,Valero Energy Corporation,Energy,Oil & Gas Refining & Marketing,Growth,100.8,350.05,332.55,20.0,10.5,10.0,0.0,ok,0.0,ok,0.26,,False,40.5,11.5,8.4,51.7,16.1,27.6,79.0,53.8,62.9,-0.168,0.295,GOOG,,126,10.5,12.0,,False
267,GPN,Global Payments Inc.,Industrials,Specialty Business Services,Growth,23.9,90.37,85.85,21.0,13.0,10.0,0.0,ok,-3.5,ok,4.05,,False,40.5,5.7,,68.6,64.0,2.4,54.3,21.3,-1.0,0.26,0.283,MSFT,,126,13.0,18.0,fcf_yield_out_of_range(32.9),False
268,CMI,Cummins Inc.,Industrials,Specialty Industrial Machinery,Core,85.7,620.81,663.25,16.0,14.4,10.0,0.0,ok,0.0,ok,0.87,,False,40.4,17.9,2.6,9.4,25.8,21.1,55.7,4.9,-7.5,0.335,0.452,AVGO,,126,14.4,14.0,,False
269,WTW,Willis Towers Watson Public Li,Financial Services,Insurance Brokers,Core,30.5,327.9,311.5,17.5,12.9,10.0,0.0,ok,0.0,financial_na,,,False,40.4,14.3,4.6,9.1,42.5,19.8,60.5,10.0,-3.6,0.025,0.458,MSFT,,126,12.9,15.0,,False
270,GLW,Corning Incorporated,Technology,Electronic Components,Core,137.5,159.9,175.63,14.5,16.3,10.0,0.0,ok,-0.5,ok,1.68,,False,40.3,37.0,0.5,16.6,36.4,16.8,67.5,14.5,8.8,0.311,0.437,NVDA,,126,16.3,13.0,,False
271,EG,"Everest Group, Ltd.",Financial Services,Insurance - Reinsurance,Core,14.1,367.38,363.57,15.0,15.3,10.0,0.0,ok,0.0,financial_na,,,False,40.3,6.2,14.7,-11.3,15.3,12.6,28.3,8.6,-5.6,-0.237,0.319,AVGO,,126,15.3,14.0,,False
272,EW,Edwards Lifesciences Corporati,Healthcare,Medical Devices,Core,52.4,90.98,88.74,16.5,13.8,10.0,0.0,ok,0.0,ok,-1.78,,False,40.3,27.0,2.4,13.6,77.8,9.2,68.8,7.6,2.6,0.257,0.293,GOOG,,126,13.8,17.0,,False
273,PLAB,"Photronics, Inc.",Technology,Semiconductor Equipment & Mate,Speculative,1.9,31.88,30.86,15.0,15.3,10.0,0.0,ok,0.0,ok,-2.31,,False,40.3,15.8,2.1,-0.5,33.8,13.2,69.2,-9.2,-27.7,0.337,0.411,AVGO,,126,15.3,13.0,,False
274,HBAN,Huntington Bancshares Incorpor,Financial Services,Banks - Regional,Growth,35.7,17.66,17.57,18.0,12.3,10.0,0.0,ok,0.0,financial_na,,,False,40.3,9.4,,47.6,0.0,9.0,69.2,5.2,-12.9,0.245,0.246,BMNR,,126,12.3,14.0,,False
275,DAL,"Delta Air Lines, Inc.",Industrials,Airlines,Core,56.4,85.7,87.4,17.0,14.8,10.0,0.0,ok,-1.5,ok,2.19,,False,40.3,9.7,5.0,18.7,18.7,20.1,48.7,18.2,8.6,0.351,0.333,GOOG,,126,14.8,14.0,,False
276,MAA,Mid-America Apartment Communit,Real Estate,REIT - Residential,Core,15.5,130.17,135.31,17.0,16.8,10.0,0.0,ok,-3.5,ok,4.57,,False,40.3,39.7,5.9,1.0,58.4,7.0,31.7,-0.5,-15.1,-0.184,0.324,AVGO,,126,16.8,16.0,,False
277,WFC,Wells Fargo & Company,Financial Services,Banks - Diversified,Core,264.3,87.4,85.86,16.5,13.8,10.0,0.0,ok,0.0,financial_na,,,False,40.3,11.1,,9.5,0.0,12.6,64.7,3.4,-13.3,0.143,0.202,BMNR,,126,13.8,14.0,,False
278,UDR,"UDR, Inc.",Real Estate,REIT - Residential,Core,13.7,37.09,39.04,17.5,16.3,10.0,0.0,ok,-3.5,ok,5.76,,False,40.3,66.2,5.7,-0.1,66.6,13.7,26.7,1.4,-14.4,-0.145,0.303,AVGO,,126,16.3,17.0,,False
279,CHTR,"Charter Communications, Inc.",Communication Services,Telecom Services,Core,20.0,148.35,140.93,19.0,14.7,10.0,0.0,ok,-3.5,ok,4.41,,False,40.2,3.4,11.0,-1.7,55.2,27.2,52.6,-20.4,-50.5,-0.012,0.225,NVDA,,126,14.7,16.0,,False
280,CSGP,"CoStar Group, Inc.",Real Estate,Real Estate Services,Core,12.7,31.38,30.13,16.5,13.7,10.0,0.0,ok,0.0,ok,-0.28,,False,40.2,18.2,3.2,18.4,78.7,0.9,57.2,-31.9,-48.5,0.031,0.343,MSFT,,126,13.7,19.0,,False
281,FICO,Fair Isaac Corporation,Technology,Software - Application,Core,23.3,1078.12,1176.56,18.5,15.2,10.0,0.0,ok,-3.5,ok,4.23,,False,40.2,20.3,3.3,25.7,85.1,,25.2,-19.7,-33.7,-0.12,0.189,AVGO,,126,15.2,17.0,,False
282,WSM,"Williams-Sonoma, Inc.",Consumer Cyclical,Specialty Retail,Core,28.4,241.39,230.18,18.5,11.7,10.0,0.0,ok,0.0,ok,0.51,,False,40.2,23.4,3.1,4.4,46.1,54.0,58.5,20.0,0.7,0.23,0.233,GOOG,,126,11.7,12.0,,False
283,LOW,"Lowe's Companies, Inc.",Consumer Cyclical,Home Improvement Retail,Core,121.0,215.64,215.68,15.0,17.7,10.0,0.0,ok,-2.5,ok,3.32,,False,40.2,16.1,4.0,10.3,33.3,,50.0,-8.9,-35.8,0.091,0.259,GOOG,,126,17.7,11.0,,False
284,FDX,FedEx Corporation,Industrials,Integrated Freight & Logistics,Core,77.7,328.38,319.75,18.0,13.6,10.0,0.0,ok,-1.5,ok,2.48,,False,40.1,15.8,7.3,12.5,27.3,14.8,68.1,-0.0,-26.5,0.192,0.241,GOOG,,126,13.6,14.0,,False
285,PRU,"Prudential Financial, Inc.",Financial Services,Insurance - Life,Core,43.0,124.54,118.31,18.0,12.1,10.0,0.0,ok,0.0,financial_na,,,False,40.1,8.4,17.5,14.1,29.0,12.0,58.2,17.1,6.8,0.149,0.241,BMNR,,126,12.1,14.0,,False
286,MKC,"McCormick & Company, Incorpora",Consumer Defensive,Packaged Foods,Core,14.9,55.28,52.52,20.0,12.6,10.0,0.0,ok,-2.5,ok,3.17,,False,40.1,16.8,4.8,16.7,38.9,24.7,70.7,-3.6,-32.9,-0.127,0.229,NVDA,,126,12.6,16.0,,False
287,EMR,Emerson Electric Company,Industrials,Specialty Industrial Machinery,Core,88.4,157.78,149.89,18.5,12.1,10.0,0.0,ok,-0.5,ok,1.92,,False,40.1,21.8,4.2,7.0,53.2,12.8,66.2,12.1,-7.8,0.344,0.36,NVDA,,126,12.1,15.0,,False
288,AMD,"Advanced Micro Devices, Inc.",Technology,Semiconductors,Growth,790.8,484.39,510.42,16.5,13.6,10.0,0.0,ok,0.0,ok,-0.92,,False,40.1,31.3,1.1,50.1,55.7,10.2,61.2,48.3,129.5,0.485,0.523,AVGO,,126,13.6,14.0,,False
289,KDP,Keurig Dr Pepper Inc.,Consumer Defensive,Beverages - Non-Alcoholic,Growth,41.9,30.79,31.11,20.0,15.0,10.0,0.0,ok,-5.0,ok,6.66,,False,40.0,12.1,11.0,75.6,51.0,5.1,45.2,7.6,-6.0,-0.137,0.172,AVGO,,126,15.0,17.0,,False
290,MNST,Monster Beverage Corporation,Consumer Defensive,Beverages - Non-Alcoholic,Core,92.8,47.38,89.05,18.0,12.0,10.0,0.0,ok,0.0,ok,-1.13,,True,40.0,36.2,1.8,20.2,55.5,25.7,9.1,-41.2,-55.6,0.084,0.192,GOOG,,126,15.8,17.0,,False
291,DPZ,Domino's Pizza Inc,Consumer Cyclical,Restaurants,Core,11.1,336.25,324.53,15.5,18.0,10.0,0.0,ok,-3.5,ok,4.84,,False,40.0,16.1,4.8,4.3,28.7,,36.0,-8.5,-24.3,-0.025,0.203,AVGO,,126,18.0,11.0,,False
292,CCI,Crown Castle Inc.,Real Estate,REIT - Specialty,Core,31.5,74.03,79.42,15.5,19.4,10.0,0.0,ok,-5.0,ok,8.31,,False,39.9,25.5,3.3,-4.9,73.7,,34.2,-13.0,-26.8,-0.098,0.322,AVGO,,126,19.4,17.0,,False
293,CPB,The Campbell's Company,Consumer Defensive,Packaged Foods,Speculative,6.8,22.86,22.33,16.0,17.4,10.0,0.0,ok,-3.5,ok,4.07,,False,39.9,11.8,8.8,-4.4,29.2,15.4,49.1,-5.6,-28.1,-0.172,0.281,AVGO,,126,17.4,16.0,,False
294,DG,Dollar General Corporation,Consumer Defensive,Discount Stores,Core,26.7,120.84,119.46,17.0,16.4,10.0,0.0,ok,-3.5,ok,4.26,,False,39.9,15.0,7.1,3.4,30.8,18.9,29.5,-2.6,-32.7,0.203,0.242,MSFT,,126,16.4,16.0,,False
295,ELV,"Elevance Health, Inc.",Healthcare,Healthcare Plans,Core,86.4,398.27,395.78,16.0,13.9,10.0,0.0,ok,0.0,ok,-0.78,,False,39.9,13.4,5.0,1.4,26.0,11.1,66.0,12.9,3.2,0.051,0.128,GOOG,,126,13.9,15.0,,False
296,DVN,Devon Energy Corporation,Energy,Oil & Gas E&P,Growth,52.6,47.83,45.44,17.5,12.9,10.0,0.0,ok,-0.5,ok,1.23,,False,39.9,8.9,1.5,64.2,50.3,11.5,63.7,12.7,-4.4,-0.268,0.274,GOOG,,126,12.9,13.0,,False
297,MSI,"Motorola Solutions, Inc.",Technology,Communication Equipment,Core,77.7,469.5,446.02,19.5,11.9,10.0,0.0,ok,-1.5,ok,2.37,,False,39.9,24.6,2.5,13.3,52.1,91.6,67.0,12.8,-8.3,0.029,0.13,GOOG,,126,11.9,14.0,,False
298,DD,"DuPont de Nemours, Inc.",Basic Materials,Specialty Chemicals,Cyclical,18.7,138.81,131.87,15.5,14.4,10.0,0.0,ok,0.0,ok,0.91,,False,39.9,17.4,9.8,4.0,35.1,1.8,51.1,120.4,159.9,-0.046,0.098,BMNR,,126,14.4,11.0,,False
299,T,AT&T Inc.,Communication Services,Telecom Services,Core,170.6,24.9,23.65,18.5,13.8,10.0,0.0,ok,-2.5,ok,3.3,,False,39.8,9.7,5.9,2.3,59.7,18.3,60.9,0.1,-22.3,-0.225,0.247,NVDA,,126,13.8,16.0,,False
300,SOLV,Solventum Corporation,Healthcare,Medical Instruments & Supplies,Core,14.9,87.45,83.08,18.5,14.8,10.0,0.0,ok,-3.5,ok,4.29,,False,39.8,12.1,3.3,2.2,54.8,34.0,47.4,14.9,4.2,0.098,0.254,GOOG,,126,14.8,16.0,,False
301,TKO,"TKO Group Holdings, Inc.",Communication Services,Entertainment,Core,36.4,192.11,193.03,16.5,14.8,10.0,0.0,ok,-1.5,ok,2.69,,False,39.8,48.2,2.4,18.2,59.5,7.1,56.2,-2.2,-22.1,0.181,0.174,MSFT,,126,14.8,14.0,,False
302,DXCM,"DexCom, Inc.",Healthcare,Medical Devices,Core,33.8,89.6,85.12,20.5,9.3,10.0,0.0,ok,0.0,ok,-0.39,,False,39.8,28.7,3.0,13.1,62.5,38.5,73.8,30.1,10.5,0.202,0.272,GOOG,,126,9.3,17.0,,False
303,MAR,Marriott International,Consumer Cyclical,Lodging,Core,93.2,357.33,373.07,17.5,14.8,10.0,0.0,ok,-2.5,ok,3.6,,False,39.8,27.2,2.2,11.1,79.2,,34.8,5.1,-12.0,0.154,0.251,BMNR,,126,14.8,13.0,,False
304,REG,Regency Centers Corporation,Real Estate,REIT - Retail,Core,14.2,76.19,79.52,17.0,16.3,10.0,0.0,ok,-3.5,ok,4.62,,False,39.8,30.2,5.2,8.9,71.5,8.2,17.2,1.5,-11.0,-0.149,0.246,AVGO,,126,16.3,17.0,,False
305,TGT,Target Corporation,Consumer Defensive,Discount Stores,Core,69.3,152.48,144.86,17.5,12.7,10.0,0.0,ok,-0.5,ok,1.89,,False,39.7,16.9,4.5,6.7,28.1,22.0,64.3,30.6,20.5,0.023,0.128,GOOG,,126,12.7,16.0,,False
306,URI,"United Rentals, Inc.",Industrials,Rental & Leasing Services,Core,69.5,1116.38,1096.7,18.5,13.7,10.0,0.0,ok,-2.5,ok,3.26,,False,39.7,19.5,2.5,11.8,38.5,28.9,62.0,22.3,14.5,0.002,0.138,MSFT,,126,13.7,16.0,,False
307,TTWO,"Take-Two Interactive Software,",Communication Services,Electronic Gaming & Multimedia,Core,45.3,242.4,238.92,13.5,16.7,10.0,0.0,ok,-0.5,ok,1.46,,False,39.7,23.5,2.8,2.0,57.1,-9.0,46.9,5.9,9.2,0.301,0.339,MSFT,,126,16.7,14.0,,False
308,COP,ConocoPhillips,Energy,Oil & Gas E&P,Growth,155.8,129.72,123.23,19.5,10.2,10.0,0.0,ok,0.0,ok,0.58,,False,39.7,13.9,4.9,35.5,47.6,14.2,70.7,19.0,5.7,-0.344,0.403,GOOG,,126,10.2,13.0,,False
309,RVTY,"Revvity, Inc.",Healthcare,Diagnostics & Research,Core,12.7,113.75,109.93,16.0,15.2,10.0,0.0,ok,-1.5,ok,2.65,,False,39.7,19.3,4.8,1.3,55.0,3.2,50.9,13.7,3.9,0.206,0.189,GOOG,,126,15.2,16.0,,False
310,ECL,Ecolab Inc.,Basic Materials,Specialty Chemicals,Cyclical,78.5,280.0,274.68,15.0,16.2,10.0,0.0,ok,-1.5,ok,2.12,,False,39.7,29.7,1.9,9.7,44.2,22.0,44.1,3.4,-19.8,0.009,0.203,GOOG,,126,16.2,12.0,,False
311,KEY,KeyCorp,Financial Services,Banks - Regional,Core,24.4,22.79,22.9,17.5,12.1,10.0,0.0,ok,0.0,financial_na,,,False,39.6,10.7,,10.1,0.0,10.3,61.4,8.4,-7.7,0.244,0.287,BMNR,,126,12.1,14.0,,False
312,KHC,The Kraft Heinz Company,Consumer Defensive,Packaged Foods,Core,29.4,24.82,24.88,13.5,17.6,10.0,0.0,ok,-1.5,ok,2.97,,False,39.6,11.9,11.0,-1.4,33.5,-8.8,30.6,4.5,-7.2,-0.072,0.188,AVGO,,126,17.6,16.0,,False
313,SBAC,SBA Communications Corporation,Real Estate,REIT - Specialty,Core,19.2,181.4,185.3,16.5,18.1,10.0,0.0,ok,-5.0,ok,8.12,,False,39.6,22.1,3.9,2.3,74.2,,44.3,-6.0,-20.1,-0.027,0.168,AVGO,,126,18.1,17.0,,False
314,A,"Agilent Technologies, Inc.",Healthcare,Diagnostics & Research,Core,41.9,148.44,141.02,17.5,12.1,10.0,0.0,ok,0.0,ok,0.86,,False,39.6,22.5,2.2,10.0,52.6,21.3,73.4,13.4,4.6,0.171,0.133,NVDA,,126,12.1,16.0,,False
315,UAL,"United Airlines Holdings, Inc.",Industrials,Airlines,Core,38.5,118.72,123.07,17.0,14.1,10.0,0.0,ok,-1.5,ok,2.4,,False,39.6,7.7,2.4,16.0,31.8,23.3,49.1,10.7,-11.0,0.371,0.321,GOOG,,126,14.1,14.0,,False
316,DOV,Dover Corporation,Industrials,Specialty Industrial Machinery,Core,27.3,203.06,213.52,16.0,13.6,10.0,0.0,ok,0.0,ok,0.79,,False,39.6,17.4,3.3,6.9,40.1,14.9,61.5,-2.7,-24.9,0.239,0.268,GOOG,,126,13.6,15.0,,False
317,ESS,"Essex Property Trust, Inc.",Real Estate,REIT - Residential,Core,19.6,283.71,288.3,17.0,16.1,10.0,0.0,ok,-3.5,ok,5.43,,False,39.6,46.0,5.3,3.1,68.8,7.7,35.5,7.8,-0.6,-0.113,0.287,AVGO,,126,16.1,17.0,,False
318,LITE,Lumentum Holdings Inc.,Technology,Communication Equipment,Growth,78.3,873.31,829.64,16.0,13.5,10.0,0.0,ok,0.0,ok,-1.3,,False,39.5,26.5,,109.3,44.6,-240.0,67.7,35.9,34.4,0.324,0.403,NVDA,,126,13.5,14.0,,False
319,MTD,"Mettler-Toledo International, ",Healthcare,Diagnostics & Research,Core,28.0,1399.67,1329.69,16.5,13.5,10.0,0.0,ok,-0.5,ok,1.64,,False,39.5,27.1,2.5,4.5,60.3,,53.6,5.9,-10.8,0.15,0.164,GOOG,,126,13.5,17.0,,False
320,GE,GE Aerospace,Industrials,Aerospace & Defense,Core,389.2,375.09,358.21,18.0,11.5,10.0,0.0,ok,0.0,ok,0.9,,False,39.5,41.3,1.7,21.1,31.1,48.2,67.9,17.7,1.4,0.26,0.39,GOOG,,126,11.5,14.0,,False
321,AZO,"AutoZone, Inc.",Consumer Cyclical,Auto Parts,Core,50.2,3073.2,3061.33,13.0,19.0,10.0,0.0,ok,-2.5,ok,3.01,,False,39.5,17.5,1.8,8.4,51.8,,42.8,-10.4,-30.5,-0.002,0.169,GOOG,,126,19.0,12.0,,False
322,COIN,"Coinbase Global, Inc.",Financial Services,Financial Data & Stock Exchang,Core,38.6,146.23,157.56,15.0,16.4,10.0,-2.0,ok,0.0,financial_na,,,False,39.4,48.4,6.9,-17.3,85.8,-7.8,38.6,-27.2,-23.4,0.563,0.736,BMNR,,126,16.4,16.0,,False
323,CVS,CVS Health Corporation,Healthcare,Healthcare Plans,Core,121.4,94.91,102.25,14.0,17.9,10.0,0.0,ok,-2.5,ok,3.74,,False,39.4,11.2,6.7,7.1,13.6,6.2,25.0,11.8,10.6,-0.085,0.168,AVGO,,126,17.9,15.0,,False
324,IONQ,"IonQ, Inc.",Technology,Computer Hardware,Growth,17.9,44.12,45.47,11.0,18.4,10.0,0.0,ok,0.0,neg_ebitda_low_debt,,,False,39.4,,-0.5,286.8,,-60.5,73.5,-2.2,19.8,0.484,0.457,BMNR,,126,18.4,13.0,,False
325,PNC,"PNC Financial Services Group, ",Financial Services,Banks - Regional,Core,101.5,254.28,247.31,18.5,10.8,10.0,0.0,ok,0.0,financial_na,,,False,39.3,11.9,,23.6,0.0,12.6,65.3,15.8,-2.5,0.128,0.198,GOOG,,126,10.8,14.0,,False
326,KEYS,Keysight Technologies Inc.,Technology,Scientific & Technical Instrum,Growth,58.3,341.0,333.57,16.5,12.8,10.0,0.0,ok,0.0,ok,0.25,,False,39.3,28.6,1.9,31.5,62.1,18.2,70.6,22.0,29.6,0.285,0.392,AVGO,,126,12.8,15.0,,False
327,SJM,The J.M. Smucker Company,Consumer Defensive,Packaged Foods,Core,12.7,118.5,115.42,16.0,15.8,10.0,0.0,ok,-2.5,ok,3.67,,False,39.3,11.0,7.9,5.8,34.3,-2.4,33.2,13.7,-1.3,-0.245,0.323,AVGO,,126,15.8,16.0,,False
328,BIIB,Biogen Inc.,Healthcare,Drug Manufacturers - General,Core,31.4,212.55,203.94,17.0,13.8,10.0,0.0,ok,-1.5,ok,2.1,,False,39.3,12.9,4.0,3.4,78.3,4.6,54.9,13.7,-3.1,-0.137,0.172,BMNR,,126,13.8,17.0,,False
329,JNJ,Johnson & Johnson,Healthcare,Drug Manufacturers - General,Core,653.3,271.11,257.55,18.5,10.8,10.0,0.0,ok,0.0,ok,0.81,,False,39.3,22.0,2.6,6.6,68.1,25.7,57.4,17.9,-1.3,-0.359,0.378,AVGO,,126,10.8,17.0,,False
330,MCHP,Microchip Technology Incorpora,Technology,Semiconductors,Growth,42.5,78.19,85.21,17.5,14.3,10.0,0.0,ok,-2.5,ok,3.4,,False,39.3,17.1,3.2,38.0,60.2,7.2,58.7,2.7,-13.2,0.396,0.498,AVGO,,126,14.3,15.0,,False
331,ZBH,"Zimmer Biomet Holdings, Inc.",Healthcare,Medical Devices,Core,18.9,99.15,94.19,17.0,13.7,10.0,0.0,ok,-1.5,ok,2.79,,False,39.2,10.9,5.8,4.8,69.9,6.4,55.0,9.3,-11.4,-0.056,0.13,AVGO,,126,13.7,17.0,,False
332,NTRS,Northern Trust Corporation,Financial Services,Asset Management,Growth,34.9,190.58,181.05,17.5,11.7,10.0,0.0,ok,0.0,financial_na,,,False,39.2,15.0,,36.4,0.0,17.1,86.5,23.5,17.3,0.29,0.271,BMNR,,126,11.7,14.0,,False
333,WST,"West Pharmaceutical Services, ",Healthcare,Medical Instruments & Supplies,Core,24.4,346.59,346.32,14.5,14.7,10.0,0.0,ok,0.0,ok,-0.13,,False,39.2,34.8,1.1,13.8,36.8,19.1,62.2,20.0,27.1,0.063,0.117,GOOG,,126,14.7,15.0,,False
334,AME,"AMETEK, Inc.",Industrials,Specialty Industrial Machinery,Core,57.3,249.99,239.58,17.0,12.2,10.0,0.0,ok,0.0,ok,0.73,,False,39.2,27.8,2.6,15.0,36.9,14.6,68.4,12.1,-5.7,0.267,0.339,AVGO,,126,12.2,14.0,,False
335,ABBV,AbbVie Inc.,Healthcare,Drug Manufacturers - General,Core,457.5,258.92,245.97,17.5,13.1,10.0,0.0,ok,-1.5,ok,2.09,,False,39.1,15.9,3.7,10.2,72.8,,45.1,15.4,1.6,-0.308,0.331,AVGO,,126,13.1,17.0,,False
336,LIN,Linde plc,Basic Materials,Specialty Chemicals,Cyclical,220.7,478.7,509.2,13.5,16.1,10.0,0.0,ok,-0.5,ok,1.67,,False,39.1,24.5,1.9,9.3,48.3,18.4,29.9,0.7,-13.6,-0.144,0.142,AVGO,,126,16.1,12.0,,False
337,GNRC,Generac Holdlings Inc.,Industrials,Specialty Industrial Machinery,Core,12.5,211.56,236.21,15.5,14.1,10.0,0.0,ok,-0.5,ok,1.79,,False,39.1,17.9,2.3,10.6,39.5,9.5,60.2,2.7,-19.9,0.232,0.424,AVGO,,126,14.1,14.0,,False
338,EME,"EMCOR Group, Inc.",Industrials,Engineering & Construction,Core,36.4,824.53,798.59,18.0,11.1,10.0,0.0,ok,0.0,ok,-0.19,,False,39.1,22.4,2.7,19.8,19.4,40.3,76.7,9.7,-7.2,0.476,0.425,NVDA,,126,11.1,14.0,,False
339,PSX,Phillips 66,Energy,Oil & Gas Refining & Marketing,Growth,97.2,243.49,231.32,19.0,10.5,10.0,0.0,ok,-0.5,ok,1.66,,False,39.0,11.6,4.7,53.1,13.1,23.5,81.5,48.3,44.5,-0.174,0.261,NVDA,,126,10.5,12.0,,False
340,KO,Coca-Cola Company (The),Consumer Defensive,Beverages - Non-Alcoholic,Core,382.2,88.82,84.38,17.0,12.5,10.0,0.0,ok,-0.5,ok,1.64,,False,39.0,25.2,1.4,6.7,61.9,42.1,48.2,15.5,-0.1,-0.238,0.296,AVGO,,126,12.5,18.0,,False
341,JPM,JP Morgan Chase & Co.,Financial Services,Banks - Diversified,Growth,965.6,363.25,345.09,19.0,10.0,10.0,0.0,ok,0.0,financial_na,,,False,39.0,14.5,,30.4,0.0,17.8,78.2,15.6,5.7,0.201,0.266,BMNR,,126,10.0,14.0,,False
342,VICI,VICI Properties Inc.,Real Estate,REIT - Diversified,Core,28.5,25.91,26.74,13.0,19.5,10.0,0.0,ok,-3.5,ok,4.82,,False,39.0,8.7,0.9,5.7,99.3,9.8,31.1,-6.9,-24.0,-0.132,0.258,AVGO,,126,19.5,17.0,,False
343,MCK,McKesson Corporation,Healthcare,Medical Distribution,Core,101.3,869.26,825.8,14.0,14.9,10.0,0.0,ok,0.0,ok,0.94,,False,38.9,17.2,6.7,7.7,3.6,,45.8,3.5,-20.7,-0.262,0.349,AVGO,,126,14.9,15.0,,False
344,FITB,Fifth Third Bancorp,Financial Services,Banks - Regional,Growth,51.9,57.29,56.35,18.0,10.8,10.0,0.0,ok,0.0,financial_na,,,False,38.8,11.6,,51.8,0.0,8.4,58.6,15.0,-4.9,0.148,0.211,BMNR,,126,10.8,14.0,,False
345,EA,Electronic Arts Inc.,Communication Services,Electronic Gaming & Multimedia,Core,52.9,209.7,205.27,18.0,10.8,10.0,0.0,ok,0.0,ok,-0.31,,False,38.8,21.7,3.2,18.9,79.9,16.5,80.9,3.4,-8.3,0.17,0.285,BMNR,,116,10.8,15.0,,False
346,PLD,"Prologis, Inc.",Real Estate,REIT - Industrial,Core,136.1,140.02,143.09,16.5,15.8,10.0,0.0,ok,-3.5,ok,5.24,,False,38.8,41.1,4.0,12.3,75.5,7.7,34.2,3.2,-11.5,0.055,0.162,BMNR,,126,15.8,17.0,,False
347,JBHT,"J.B. Hunt Transport Services, ",Industrials,Integrated Freight & Logistics,Core,25.7,274.19,279.68,14.0,14.8,10.0,0.0,ok,0.0,ok,0.84,,False,38.8,27.1,3.5,19.4,18.5,18.4,48.5,18.9,10.4,0.097,0.128,NVDA,,126,14.8,14.0,,False
348,MTB,M&T Bank Corporation,Financial Services,Banks - Regional,Core,36.5,251.5,242.09,16.5,12.2,10.0,0.0,ok,0.0,financial_na,,,False,38.7,11.9,,6.2,0.0,10.7,52.8,16.2,-3.3,0.114,0.201,GOOG,,126,12.2,14.0,,False
349,WAB,Westinghouse Air Brake Technol,Industrials,Railroads,Core,49.8,294.72,279.98,17.0,13.1,10.0,0.0,ok,-1.5,ok,2.37,,False,38.6,23.7,2.2,17.5,35.7,11.6,53.9,18.6,1.1,0.159,0.294,AVGO,,126,13.1,14.0,,False
350,FOXA,Fox Corporation,Communication Services,Entertainment,Core,29.0,69.03,65.58,15.5,13.1,10.0,0.0,ok,0.0,ok,0.87,,False,38.6,11.9,1.9,28.1,36.6,14.3,80.7,9.3,8.8,-0.015,0.142,AVGO,,126,13.1,13.0,,False
351,DHR,Danaher Corporation,Healthcare,Diagnostics & Research,Core,140.3,199.58,193.62,14.5,15.6,10.0,0.0,ok,-1.5,ok,2.93,,False,38.6,21.5,3.1,5.5,58.8,7.6,54.9,-1.5,-16.7,0.022,0.151,AVGO,,126,15.6,16.0,,False
352,TXT,Textron Inc.,Industrials,Aerospace & Defense,Core,15.2,87.13,90.21,13.0,16.1,10.0,0.0,ok,-0.5,ok,1.65,,False,38.6,12.1,3.0,3.0,17.6,12.1,54.8,-3.2,-25.6,0.154,0.212,BMNR,,126,16.1,14.0,,False
353,TMO,Thermo Fisher Scientific Inc,Healthcare,Diagnostics & Research,Core,217.8,589.04,559.59,17.0,14.1,10.0,0.0,ok,-2.5,ok,3.28,,False,38.6,21.4,2.9,10.5,41.0,13.5,58.3,10.6,2.2,0.121,0.152,MSFT,,126,14.1,16.0,,False
354,RCL,Royal Caribbean Cruises Ltd.,Consumer Cyclical,Travel Services,Core,80.2,300.0,302.46,15.0,16.1,10.0,0.0,ok,-2.5,ok,3.27,,False,38.6,14.8,-1.9,6.5,50.3,44.7,25.1,4.9,-18.0,0.362,0.405,GOOG,,126,16.1,14.0,,False
355,DLR,"Digital Realty Trust, Inc.",Real Estate,REIT - Specialty,Core,73.6,195.25,186.42,19.0,13.1,10.0,0.0,ok,-3.5,ok,5.66,,False,38.6,67.5,5.1,29.9,57.0,2.9,59.6,10.5,-0.9,0.184,0.208,BMNR,,126,13.1,16.0,,False
356,XOM,ExxonMobil Holdings Corporatio,Energy,Oil & Gas Integrated,Growth,680.8,165.56,157.28,17.5,11.1,10.0,0.0,ok,0.0,ok,0.47,,False,38.6,15.6,3.0,44.1,29.8,12.6,67.3,17.6,-2.0,-0.355,0.345,GOOG,,126,11.1,12.0,,False
357,NRG,"NRG Energy, Inc.",Utilities,Utilities - Independent Power ,Core,24.3,115.56,132.39,17.0,16.5,10.0,0.0,ok,-5.0,ok,7.16,,False,38.5,10.5,3.2,11.0,18.8,23.8,43.1,-22.9,-44.8,0.218,0.232,AVGO,,126,16.5,18.0,,False
358,RF,Regions Financial Corporation,Financial Services,Banks - Regional,Core,27.0,31.7,30.53,16.5,12.0,10.0,0.0,ok,0.0,financial_na,,,False,38.5,11.2,,3.4,0.0,11.9,65.4,13.4,-6.1,0.17,0.222,GOOG,,126,12.0,14.0,,False
359,VTR,"Ventas, Inc.",Real Estate,REIT - Healthcare Facilities,Core,46.8,91.2,90.59,16.5,15.5,10.0,0.0,ok,-3.5,ok,5.34,,False,38.5,99.7,3.2,21.7,40.0,2.0,36.7,8.9,-5.5,-0.292,0.346,AVGO,,126,15.5,15.0,,False
360,COR,"Cencora, Inc.",Healthcare,Medical Distribution,Core,60.3,316.13,300.32,14.5,15.4,10.0,0.0,ok,-1.5,ok,2.1,,False,38.4,15.9,3.4,5.1,4.0,96.9,48.5,-2.2,-24.6,-0.177,0.241,NVDA,,126,15.4,15.0,,False
361,CHD,"Church & Dwight Company, Inc.",Consumer Defensive,Household & Personal Products,Core,23.5,99.13,98.47,16.0,12.9,10.0,0.0,ok,-0.5,ok,1.6,,False,38.4,24.5,4.0,1.6,45.6,17.0,47.6,5.9,-15.7,-0.099,0.224,AVGO,,126,12.9,17.0,,False
362,DIS,Walt Disney Company (The),Communication Services,Entertainment,Core,179.5,103.95,99.36,14.5,14.4,10.0,0.0,ok,-0.5,ok,1.95,,False,38.4,14.0,2.7,6.8,37.6,8.0,63.1,-0.1,-15.5,0.236,0.342,GOOG,,126,14.4,13.0,,False
363,MDT,Medtronic plc.,Healthcare,Medical Devices,Core,117.9,92.09,87.49,15.5,13.4,10.0,0.0,ok,-0.5,ok,1.97,,False,38.4,14.4,3.9,9.9,65.3,9.8,68.8,3.2,-18.3,-0.063,0.247,AVGO,,126,13.4,17.0,,False
364,EXPD,Expeditors International of Wa,Industrials,Integrated Freight & Logistics,Growth,24.2,185.95,176.65,17.5,10.9,10.0,0.0,ok,0.0,ok,-0.37,,False,38.4,23.5,3.3,32.1,13.5,42.7,70.8,19.9,11.7,-0.011,0.074,GOOG,,126,10.9,14.0,,False
365,ARE,Alexandria Real Estate Equitie,Real Estate,REIT - Office,Speculative,7.9,45.84,50.58,15.0,18.4,10.0,0.0,ok,-5.0,ok,7.13,,False,38.4,,17.0,-11.9,68.2,-4.1,26.4,-7.7,-26.6,0.074,0.077,GOOG,,126,18.4,17.0,,False
366,VTRS,Viatris Inc.,Healthcare,Drug Manufacturers - Specialty,Core,18.6,16.17,16.59,16.0,13.8,10.0,0.0,ok,-1.5,ok,2.82,,False,38.3,6.1,14.4,4.9,40.3,-2.8,18.1,13.3,-11.0,0.144,0.199,BMNR,,126,13.8,16.0,,False
367,COHR,Coherent Corp.,Technology,Scientific & Technical Instrum,Growth,60.0,306.43,334.49,11.5,17.3,10.0,0.0,ok,-0.5,ok,1.1,,False,38.3,22.1,-1.1,33.7,37.5,8.0,62.4,14.6,24.3,0.373,0.487,NVDA,,126,17.3,13.0,,False
368,LDOS,"Leidos Holdings, Inc.",Technology,Information Technology Service,Core,18.0,143.48,136.31,17.0,12.8,10.0,0.0,ok,-1.5,ok,2.45,,False,38.3,11.2,6.4,7.2,17.8,27.8,82.6,-8.3,-28.7,0.09,0.181,MSFT,,126,12.8,15.0,,False
369,DLTR,"Dollar Tree, Inc.",Consumer Defensive,Discount Stores,Core,25.1,130.48,123.96,18.5,11.3,10.0,0.0,ok,-1.5,ok,2.74,,False,38.3,17.0,5.8,7.2,37.0,34.0,55.1,13.2,-14.1,0.178,0.2,MSFT,,126,11.3,16.0,,False
370,XYZ,"Block, Inc.",Technology,Software - Infrastructure,Core,47.7,79.43,77.7,11.0,17.2,10.0,0.0,ok,0.0,ok,0.28,,False,38.2,15.3,-0.1,9.3,46.6,1.6,43.2,17.0,35.6,0.386,0.305,BMNR,,126,17.2,16.0,,False
371,MDLZ,"Mondelez International, Inc.",Consumer Defensive,Confectioners,Core,80.4,62.66,61.25,16.0,14.7,10.0,0.0,ok,-2.5,ok,3.35,,False,38.2,18.6,2.8,4.1,31.1,13.3,37.7,7.4,-7.4,-0.287,0.296,AVGO,,126,14.7,16.0,,False
372,SWKS,"Skyworks Solutions, Inc.",Technology,Semiconductors,Core,10.1,67.43,66.05,13.5,14.7,10.0,0.0,ok,0.0,ok,-0.13,,False,38.2,13.6,4.4,-3.1,40.7,5.1,67.2,5.8,-2.5,0.272,0.353,AVGO,,126,14.7,14.0,,False
373,C,"Citigroup, Inc.",Financial Services,Banks - Diversified,Core,230.9,137.65,137.22,16.0,12.2,10.0,0.0,ok,0.0,financial_na,,,False,38.2,10.7,,15.5,0.0,8.5,74.4,14.2,6.4,0.41,0.391,BMNR,,126,12.2,14.0,,False
374,ABT,Abbott Laboratories,Healthcare,Medical Devices,Core,196.3,112.68,107.05,17.0,12.7,10.0,0.0,ok,-1.5,ok,2.32,,False,38.2,18.6,3.7,13.0,56.8,10.6,65.7,5.7,-12.5,-0.092,0.284,AVGO,,126,12.7,16.0,,False
375,STLD,"Steel Dynamics, Inc.",Basic Materials,Steel,Growth,35.8,249.81,249.43,12.5,16.2,10.0,0.0,ok,-0.5,ok,1.43,,False,38.2,13.1,0.7,33.4,14.7,17.6,47.5,22.0,17.4,0.184,0.219,AVGO,,126,16.2,11.0,,False
376,HUM,Humana Inc.,Healthcare,Healthcare Plans,Core,45.9,382.0,382.17,15.0,13.1,10.0,0.0,ok,0.0,ok,-2.54,,False,38.1,23.1,4.2,26.2,13.7,6.9,58.8,41.4,92.6,0.082,0.165,NVDA,,126,13.1,15.0,,False
377,GPC,Genuine Parts Company,Consumer Cyclical,Auto Parts,Core,18.2,131.89,125.3,14.5,15.1,10.0,0.0,ok,-1.5,ok,2.97,,False,38.1,15.9,5.0,6.0,37.6,0.7,53.6,11.2,-2.5,0.027,0.134,GOOG,,126,15.1,11.0,,False
378,PEG,Public Service Enterprise Grou,Utilities,Utilities - Regulated Electric,Core,37.7,75.6,78.92,12.5,19.1,10.0,0.0,ok,-3.5,ok,5.49,,False,38.1,16.2,0.3,-8.9,33.3,11.8,33.1,-5.6,-22.2,-0.134,0.198,MSFT,,126,19.1,18.0,,False
379,TFC,Truist Financial Corporation,Financial Services,Banks - Regional,Core,64.0,52.41,51.25,15.0,13.0,10.0,0.0,ok,0.0,financial_na,,,False,38.0,10.5,,8.2,0.0,9.1,51.1,7.5,-12.1,0.111,0.182,BMNR,,126,13.0,14.0,,False
380,VRTX,Vertex Pharmaceuticals Incorpo,Healthcare,Biotechnology,Core,133.8,528.19,501.78,17.0,11.0,10.0,0.0,ok,0.0,ok,-1.15,,False,38.0,24.2,2.0,12.5,55.0,23.5,68.8,15.3,-0.3,-0.013,0.148,AVGO,,126,11.0,16.0,,False
381,DVA,DaVita Inc.,Healthcare,Medical Care Facilities,Core,11.4,177.91,215.65,19.5,12.0,10.0,0.0,ok,-3.5,ok,4.5,,True,38.0,10.5,9.1,5.2,32.4,88.5,11.7,11.0,7.8,-0.048,0.173,GOOG,,126,18.0,15.0,,False
382,MRVL,"Marvell Technology, Inc.",Technology,Semiconductors,Core,193.9,216.0,235.51,15.5,12.5,10.0,0.0,ok,0.0,ok,0.53,,False,38.0,34.6,1.2,27.6,51.5,16.0,70.9,51.3,160.7,0.366,0.556,AVGO,,126,12.5,14.0,,False
383,EXR,Extra Space Storage Inc,Real Estate,REIT - Industrial,Core,32.4,146.92,147.42,17.0,14.5,10.0,0.0,ok,-3.5,ok,5.94,,False,38.0,30.9,4.6,3.8,74.9,7.0,31.1,5.2,-10.2,-0.033,0.186,GOOG,,126,14.5,17.0,,False
384,NSC,Norfolk Southern Corporation,Industrials,Railroads,Core,76.1,338.91,325.99,15.5,13.9,10.0,0.0,ok,-1.5,ok,2.84,,False,37.9,23.7,1.8,11.4,45.2,17.0,54.5,11.6,-5.1,-0.146,0.179,MSFT,,126,13.9,15.0,,False
385,VZ,Verizon Communications Inc.,Communication Services,Telecom Services,Core,201.7,48.54,46.11,18.5,11.8,10.0,0.0,ok,-2.5,ok,3.76,,False,37.8,9.2,8.7,-0.7,59.5,15.8,59.7,9.0,-10.0,-0.227,0.274,NVDA,,126,11.8,16.0,,False
386,NCLH,Norwegian Cruise Line Holdings,Consumer Cyclical,Travel Services,Speculative,8.1,17.61,19.61,14.5,18.3,10.0,0.0,ok,-5.0,ok,6.08,,False,37.8,10.3,-20.8,4.9,42.5,36.7,31.9,-12.1,-40.3,0.275,0.424,GOOG,,126,18.3,14.0,,False
387,ONTO,Onto Innovation Inc.,Technology,Semiconductor Equipment & Mate,Growth,19.3,315.42,303.06,14.0,13.6,10.0,0.0,ok,0.0,ok,-1.36,,False,37.6,27.3,1.0,35.3,54.9,6.8,69.2,36.2,30.8,0.405,0.523,AVGO,,126,13.6,14.0,,False
388,O,Realty Income Corporation,Real Estate,REIT - Retail,Core,58.9,62.21,63.08,15.5,15.6,10.0,0.0,ok,-3.5,ok,5.74,,False,37.6,36.4,2.7,9.6,92.7,3.2,21.0,2.1,-15.7,-0.22,0.249,NVDA,,126,15.6,17.0,,False
389,ZBRA,Zebra Technologies Corporation,Technology,Communication Equipment,Core,17.5,366.42,348.1,18.0,11.0,10.0,0.0,ok,-1.5,ok,2.37,,False,37.5,16.5,3.3,20.4,49.6,15.3,81.3,46.2,32.5,0.322,0.299,AVGO,,126,11.0,14.0,,False
390,HPQ,HP Inc.,Technology,Computer Hardware,Core,27.4,29.96,28.46,15.0,13.0,10.0,0.0,ok,-0.5,ok,1.52,,False,37.5,10.0,12.6,9.0,20.3,,56.5,34.0,53.3,0.067,0.081,AVGO,,126,13.0,13.0,,False
391,HUBB,Hubbell Inc,Industrials,Electrical Equipment & Parts,Core,25.6,483.86,495.03,16.0,13.9,10.0,0.0,ok,-2.5,ok,3.41,,False,37.4,21.2,1.9,15.3,35.3,24.4,58.5,-0.1,-19.7,0.199,0.341,NVDA,,126,13.9,14.0,,False
392,KIM,Kimco Realty Corporation (HC),Real Estate,REIT - Retail,Core,16.2,24.22,25.21,17.0,15.4,10.0,0.0,ok,-5.0,ok,6.12,,False,37.4,27.1,5.4,4.9,68.9,5.8,17.2,6.8,-4.5,-0.11,0.167,AVGO,,126,15.4,17.0,,False
393,CFG,"Citizens Financial Group, Inc.",Financial Services,Banks - Regional,Core,30.9,73.46,70.77,16.0,11.4,10.0,0.0,ok,0.0,financial_na,,,False,37.4,11.3,,14.7,0.0,8.3,64.6,17.7,1.2,0.209,0.267,BMNR,,126,11.4,14.0,,False
394,LYB,LyondellBasell Industries NV,Basic Materials,Specialty Chemicals,Cyclical,21.1,65.33,62.06,14.5,15.4,10.0,0.0,ok,-2.5,ok,3.27,,False,37.4,10.2,5.8,19.8,12.9,-2.3,62.8,11.2,5.6,-0.182,0.209,GOOG,,126,15.4,11.0,,False
395,FCX,"Freeport-McMoRan, Inc.",Basic Materials,Copper,Cyclical,92.8,66.32,64.14,15.0,12.3,10.0,0.0,ok,0.0,ok,0.66,,False,37.3,16.1,2.3,-7.3,38.3,14.8,63.6,13.2,-6.3,0.495,0.518,NVDA,,126,12.3,11.0,,False
396,SMCI,"Super Micro Computer, Inc.",Technology,Computer Hardware,Growth,24.2,37.41,35.54,13.5,13.8,10.0,0.0,ok,0.0,ok,0.63,,False,37.3,7.0,-34.0,93.2,10.8,21.5,77.6,18.1,13.3,0.436,0.509,NVDA,,126,13.8,13.0,,False
397,DGX,Quest Diagnostics Incorporated,Healthcare,Diagnostics & Research,Core,26.1,236.25,224.44,15.5,13.2,10.0,0.0,ok,-1.5,ok,2.55,,False,37.2,19.6,3.5,10.2,33.2,14.6,53.2,20.2,3.5,-0.239,0.262,AVGO,,126,13.2,15.0,,False
398,HWM,Howmet Aerospace Inc.,Industrials,Aerospace & Defense,Core,116.7,292.65,278.02,18.0,9.7,10.0,0.0,ok,-0.5,ok,1.47,,False,37.2,45.8,1.0,24.1,36.0,34.7,72.7,21.1,4.8,0.253,0.345,GOOG,,126,9.7,14.0,,False
399,ES,Eversource Energy (D/B/A),Utilities,Utilities - Regulated Electric,Core,27.2,72.22,72.43,14.5,16.1,10.0,0.0,ok,-3.5,ok,5.67,,False,37.1,14.7,3.0,2.3,52.8,9.0,34.8,4.2,-9.6,-0.169,0.178,MSFT,,126,16.1,19.0,,False
400,PCAR,PACCAR Inc.,Industrials,Farm & Heavy Construction Mach,Core,67.4,128.02,125.73,13.0,14.6,10.0,0.0,ok,-0.5,ok,1.88,,False,37.1,17.9,2.9,0.5,13.7,12.8,34.2,9.1,-10.0,0.218,0.279,NVDA,,126,14.6,14.0,,False
401,DRI,"Darden Restaurants, Inc.",Consumer Cyclical,Restaurants,Core,24.8,218.86,207.92,18.0,11.6,10.0,0.0,ok,-2.5,ok,3.7,,False,37.1,17.7,3.2,13.7,21.7,53.7,56.8,10.9,-10.7,-0.071,0.117,MSFT,,126,11.6,11.0,,False
402,WMT,Walmart Inc.,Consumer Defensive,Discount Stores,Core,916.8,115.2,114.35,12.0,15.5,10.0,0.0,ok,-0.5,ok,1.45,,False,37.0,35.1,0.7,7.3,25.0,24.1,53.9,-2.5,-21.2,-0.169,0.186,MSFT,,126,15.5,16.0,,False
403,IVZ,Invesco Ltd,Financial Services,Asset Management,Core,14.3,32.38,30.76,16.5,10.5,10.0,0.0,ok,0.0,financial_na,,,False,37.0,10.0,8.0,20.5,29.5,-0.6,84.2,22.5,9.5,0.486,0.449,BMNR,,126,10.5,14.0,,False
404,HAL,Halliburton Company,Energy,Oil & Gas Equipment & Services,Cyclical,29.0,34.66,34.46,15.5,12.0,10.0,0.0,ok,-0.5,ok,1.49,,False,37.0,11.9,7.1,3.7,15.1,14.9,70.2,1.5,-12.4,-0.059,0.106,BMNR,,126,12.0,14.0,,False
405,AMGN,Amgen Inc.,Healthcare,Drug Manufacturers - General,Core,229.5,425.28,404.02,19.5,9.0,10.0,0.0,ok,-1.5,ok,2.51,,False,37.0,17.4,3.8,9.5,71.9,91.5,76.1,22.2,0.3,-0.032,0.108,MSFT,,126,9.0,17.0,,False
406,NUE,Nucor Corporation,Basic Materials,Steel,Cyclical,59.9,264.19,250.98,14.0,12.9,10.0,0.0,ok,0.0,ok,0.78,,False,36.9,14.0,1.1,23.0,15.6,14.5,59.5,32.9,31.1,0.191,0.223,AVGO,,126,12.9,11.0,,False
407,INTC,Intel Corporation,Technology,Semiconductors,Core,511.1,96.68,109.19,13.0,14.4,10.0,0.0,ok,-0.5,ok,1.24,,False,36.9,47.4,1.0,25.4,38.9,-10.7,66.4,36.7,100.1,0.417,0.488,AVGO,,126,14.4,13.0,,False
408,CASY,"Caseys General Stores, Inc.",Consumer Cyclical,Specialty Retail,Core,31.6,855.0,839.28,11.5,15.9,10.0,0.0,ok,-0.5,ok,1.6,,False,36.9,36.2,1.7,14.5,24.6,19.2,46.3,20.5,17.5,-0.088,0.141,MSFT,,126,15.9,11.0,,False
409,CAG,"ConAgra Brands, Inc.",Consumer Defensive,Packaged Foods,Speculative,7.4,15.52,14.74,14.5,15.9,10.0,0.0,ok,-3.5,ok,4.17,,False,36.9,10.0,11.6,3.6,24.0,-25.1,50.3,-0.4,-27.9,-0.16,0.306,AVGO,,126,15.9,16.0,,False
410,BAC,Bank of America Corporation,Financial Services,Banks - Diversified,Core,449.1,64.23,61.02,16.5,10.4,10.0,0.0,ok,0.0,financial_na,,,False,36.9,12.1,,16.8,0.0,11.2,75.1,18.7,8.5,0.247,0.283,BMNR,,126,10.4,14.0,,False
411,BSX,Boston Scientific Corporation,Healthcare,Medical Devices,Core,73.1,50.47,47.95,17.0,11.4,10.0,0.0,ok,-1.5,ok,2.12,,False,36.9,14.7,3.4,7.5,69.2,15.3,72.3,-28.1,-46.4,0.088,0.172,MSFT,,126,11.4,17.0,,False
412,JCI,Johnson Controls International,Industrials,Building Products & Equipment,Core,90.7,149.68,145.2,16.0,12.3,10.0,0.0,ok,-1.5,ok,2.04,,False,36.8,24.8,3.3,9.3,36.7,14.3,65.3,12.5,-4.9,0.264,0.382,AVGO,,126,12.3,14.0,,False
413,ACMR,"ACM Research, Inc.",Technology,Semiconductor Equipment & Mate,Growth,5.9,84.37,90.79,14.5,12.3,10.0,0.0,ok,0.0,ok,-6.83,,False,36.8,31.1,-3.2,36.0,43.8,11.6,74.1,39.2,18.0,0.428,0.477,AVGO,,126,12.3,14.0,,False
414,IEX,IDEX Corporation,Industrials,Specialty Industrial Machinery,Core,17.3,234.16,226.62,16.0,11.3,10.0,0.0,ok,-0.5,ok,1.31,,False,36.8,24.4,3.2,6.4,44.7,13.0,56.2,16.1,-0.5,0.16,0.238,AVGO,,126,11.3,15.0,,False
415,PH,Parker-Hannifin Corporation,Industrials,Specialty Industrial Machinery,Core,131.4,1041.85,989.76,17.5,9.8,10.0,0.0,ok,-0.5,ok,1.44,,False,36.8,26.9,2.2,9.8,37.7,25.1,74.9,12.9,-7.9,0.141,0.324,NVDA,,126,9.8,14.0,,False
416,LEN,Lennar Corporation,Consumer Cyclical,Residential Construction,Core,20.5,84.94,86.98,12.0,15.2,10.0,0.0,ok,-0.5,ok,1.92,,False,36.7,13.1,5.3,-5.2,16.4,7.4,50.7,-15.2,-42.2,0.177,0.213,NVDA,,126,15.2,11.0,,False
417,IP,International Paper Company,Consumer Cyclical,Packaging & Containers,Core,21.2,40.05,38.62,13.5,14.7,10.0,0.0,ok,-1.5,ok,2.33,,False,36.7,13.4,7.8,-2.2,29.6,-16.5,36.5,5.1,-29.1,0.109,0.206,NVDA,,126,14.7,11.0,,False
418,WELL,Welltower Inc.,Real Estate,REIT - Healthcare Facilities,Growth,169.7,235.44,230.14,14.0,16.1,10.0,0.0,ok,-3.5,ok,5.32,,False,36.6,72.9,1.6,39.1,39.6,3.8,42.6,13.8,1.1,-0.229,0.309,AVGO,,126,16.1,15.0,,False
419,MRK,"Merck & Company, Inc.",Healthcare,Drug Manufacturers - General,Core,333.5,135.17,128.41,16.0,11.0,10.0,0.0,ok,-0.5,ok,1.62,,False,36.5,14.1,4.5,5.1,75.9,7.0,67.9,18.8,-0.6,-0.227,0.249,AVGO,,126,11.0,17.0,,False
420,RGTI,"Rigetti Computing, Inc.",Technology,Computer Hardware,Growth,5.9,17.71,17.63,12.0,16.5,10.0,-2.0,ok,0.0,neg_ebitda_low_debt,,,False,36.5,,0.4,185.3,,-43.8,74.6,-13.3,-3.1,0.516,0.526,BMNR,,126,16.5,13.0,,False
421,BWXT,"BWX Technologies, Inc.",Industrials,Aerospace & Defense,Core,15.1,165.01,182.19,14.5,13.5,10.0,0.0,ok,-1.5,ok,2.96,,False,36.5,31.4,1.0,18.0,22.1,28.3,58.5,-15.5,-30.9,0.42,0.482,BMNR,,126,13.5,14.0,,False
422,AMCR,Amcor plc,Consumer Cyclical,Packaging & Containers,Core,21.2,45.86,43.66,16.0,13.0,10.0,0.0,ok,-2.5,ok,3.97,,False,36.5,10.2,7.1,25.9,20.0,9.4,50.1,8.8,-18.9,0.182,0.305,GOOG,,126,13.0,11.0,,False
423,USB,U.S. Bancorp,Financial Services,Banks - Regional,Core,100.9,64.79,61.97,17.5,9.0,10.0,0.0,ok,0.0,financial_na,,,False,36.5,11.2,,10.4,0.0,12.6,74.2,17.1,-1.2,0.178,0.222,BMNR,,126,9.0,14.0,,False
424,AKAM,"Akamai Technologies, Inc.",Technology,Software - Infrastructure,Core,16.6,115.2,121.26,16.0,14.0,10.0,0.0,ok,-3.5,ok,5.54,,False,36.5,16.1,4.3,5.4,57.5,8.9,57.0,6.8,-7.2,0.216,0.26,AVGO,,126,14.0,16.0,,False
425,ISRG,"Intuitive Surgical, Inc.",Healthcare,Medical Instruments & Supplies,Core,140.2,391.18,390.42,15.5,10.9,10.0,0.0,ok,0.0,ok,-1.25,,False,36.4,32.4,1.9,18.5,66.7,17.4,74.6,-17.7,-34.5,0.284,0.338,GOOG,,126,10.9,17.0,,False
426,LUV,Southwest Airlines Company,Industrials,Airlines,Core,20.8,42.49,47.18,10.5,16.4,10.0,0.0,ok,-0.5,ok,1.33,,False,36.4,8.6,-4.0,16.4,22.4,11.1,43.0,0.1,-34.7,0.393,0.398,GOOG,,126,16.4,14.0,,False
427,BLDR,"Builders FirstSource, Inc.",Industrials,Building Products & Equipment,Speculative,7.3,67.62,76.04,14.5,15.4,10.0,0.0,ok,-3.5,ok,5.06,,False,36.4,15.1,6.4,-8.8,29.2,2.5,49.8,-27.1,-53.2,0.211,0.303,NVDA,,126,15.4,14.0,,False
428,FAST,Fastenal Company,Industrials,Industrial Distribution,Core,58.8,51.27,48.71,17.0,9.3,10.0,0.0,ok,0.0,ok,0.12,,False,36.3,36.6,1.6,14.7,44.7,34.3,70.7,15.1,-0.5,-0.007,0.15,GOOG,,126,9.3,15.0,,False
429,BKR,Baker Hughes Company,Energy,Oil & Gas Equipment & Services,Cyclical,64.0,64.44,61.22,16.0,10.3,10.0,0.0,ok,0.0,ok,-0.16,,False,36.3,20.1,6.9,-2.4,23.7,16.5,74.0,12.4,-7.5,0.155,0.186,BMNR,,126,10.3,14.0,,False
430,TSN,"Tyson Foods, Inc.",Consumer Defensive,Farm Products,Core,20.4,57.99,57.81,11.0,16.8,10.0,0.0,ok,-1.5,ok,2.62,,False,36.3,12.9,5.8,-0.1,6.6,3.3,37.9,-3.4,-21.2,-0.1,0.218,NVDA,,126,16.8,16.0,,False
431,FN,Fabrinet,Technology,Electronic Components,Growth,17.3,482.59,526.93,11.5,14.8,10.0,0.0,ok,0.0,ok,-1.96,,False,36.3,22.1,-0.5,39.3,12.0,20.0,58.3,-10.2,-17.2,0.365,0.472,AVGO,,126,14.8,13.0,,False
432,COO,"The Cooper Companies, Inc.",Healthcare,Medical Instruments & Supplies,Core,14.8,75.76,71.97,14.5,13.2,10.0,0.0,ok,-1.5,ok,2.92,,False,36.2,15.2,2.9,7.9,65.6,2.9,62.7,3.4,-21.7,-0.008,0.206,GOOG,,126,13.2,17.0,,False
433,CBRE,CBRE Group Inc,Real Estate,Real Estate Services,Core,42.7,147.3,140.6,14.0,15.7,10.0,0.0,ok,-3.5,ok,4.21,,False,36.2,16.2,3.8,15.5,18.6,15.8,49.2,-0.0,-15.7,0.179,0.254,MSFT,,126,15.7,17.0,,False
434,WAT,Waters Corporation,Healthcare,Diagnostics & Research,Growth,39.4,401.25,381.19,14.0,14.6,10.0,0.0,ok,-2.5,ok,3.4,,False,36.1,24.2,-0.4,113.4,56.3,1.9,67.2,12.1,9.9,0.196,0.228,AVGO,,126,14.6,16.0,,False
435,HPE,Hewlett Packard Enterprise Com,Technology,Communication Equipment,Growth,73.7,55.69,52.91,16.5,11.0,10.0,0.0,ok,-1.5,ok,2.84,,False,36.0,13.8,5.2,40.0,33.8,6.3,75.9,78.2,147.5,0.334,0.512,AVGO,,126,11.0,13.0,,False
436,PFE,"Pfizer, Inc.",Healthcare,Drug Manufacturers - General,Core,155.3,27.25,25.89,18.0,9.5,10.0,0.0,ok,-1.5,ok,2.04,,False,36.0,9.4,8.0,2.6,74.7,5.0,75.7,6.7,-11.4,-0.034,0.153,AVGO,,126,9.5,17.0,,False
437,REGN,"Regeneron Pharmaceuticals, Inc",Healthcare,Biotechnology,Core,83.4,810.24,769.73,17.0,9.0,10.0,0.0,ok,0.0,ok,-1.12,,False,36.0,13.4,3.7,16.7,44.5,14.0,88.6,12.3,-10.2,0.218,0.228,BMNR,,126,9.0,16.0,,False
438,ATO,Atmos Energy Corporation,Utilities,Utilities - Regulated Gas,Core,28.8,170.51,173.33,11.5,17.0,10.0,0.0,ok,-2.5,ok,3.74,,False,36.0,18.9,-7.7,4.8,62.2,9.8,21.8,-2.9,-16.3,-0.31,0.314,MSFT,,126,17.0,20.0,,False
439,CNC,Centene Corporation,Healthcare,Healthcare Plans,Core,32.2,65.22,65.02,13.0,12.9,10.0,0.0,ok,0.0,ok,-2.38,,False,35.9,12.3,29.9,4.6,11.4,-20.4,57.6,34.7,38.9,-0.008,0.104,AVGO,,126,12.9,15.0,,False
440,PKG,Packaging Corporation of Ameri,Consumer Cyclical,Packaging & Containers,Core,22.3,250.3,238.89,13.0,13.4,10.0,0.0,ok,-0.5,ok,1.91,,False,35.9,19.3,1.9,14.7,21.4,14.9,51.3,14.0,-7.2,0.076,0.14,NVDA,,126,13.4,11.0,,False
441,COHU,"Cohu, Inc.",Technology,Semiconductor Equipment & Mate,Growth,2.8,59.22,56.61,14.0,11.8,10.0,0.0,ok,0.0,ok,-13.22,,False,35.8,32.1,2.4,38.4,44.0,-4.8,77.8,53.4,86.1,0.408,0.494,AVGO,,126,11.8,14.0,,False
442,GILD,"Gilead Sciences, Inc.",Healthcare,Drug Manufacturers - General,Core,177.9,143.44,136.27,17.0,9.3,10.0,0.0,ok,-0.5,ok,1.46,,False,35.8,14.5,5.5,10.2,79.6,-20.7,71.6,8.5,-18.1,0.049,0.134,GOOG,,126,9.3,17.0,,False
443,NDSN,Nordson Corporation,Industrials,Specialty Industrial Machinery,Core,16.9,304.21,296.06,16.0,11.3,10.0,0.0,ok,-1.5,ok,2.05,,False,35.8,24.2,3.4,8.5,55.2,17.1,64.4,11.6,-10.6,0.25,0.33,AVGO,,126,11.3,15.0,,False
444,EQIX,"Equinix, Inc.",Real Estate,REIT - Specialty,Core,107.1,1085.09,1051.47,17.0,12.2,10.0,0.0,ok,-3.5,ok,4.93,,False,35.7,57.5,3.5,16.7,52.0,10.7,67.8,15.0,5.5,0.116,0.174,NVDA,,126,12.2,16.0,,False
445,BMNR,BitMine Immersion Technologies,Financial Services,Capital Markets,Growth,11.0,18.28,17.37,14.0,13.5,10.0,-2.0,ok,0.0,financial_na,,,False,35.5,19.4,-4.7,2167.8,84.4,-150.9,62.6,-21.7,-20.3,0.543,0.466,NVDA,,126,13.5,16.0,,True
446,HRL,Hormel Foods Corporation,Consumer Defensive,Packaged Foods,Core,13.4,24.34,24.9,10.5,15.0,10.0,0.0,ok,0.0,ok,-0.26,,False,35.5,15.6,3.5,-2.9,15.8,5.8,27.5,5.2,-11.7,-0.087,0.149,AVGO,,126,15.0,16.0,,False
447,CLX,Clorox Company (The),Consumer Defensive,Household & Personal Products,Core,12.8,105.55,100.27,15.0,14.0,10.0,0.0,ok,-3.5,ok,4.79,,False,35.5,16.6,0.9,-2.0,42.3,163.8,62.9,3.1,-25.8,-0.003,0.292,GOOG,,126,14.0,17.0,,False
448,TECH,Bio-Techne Corp,Healthcare,Biotechnology,Core,11.3,72.22,68.61,13.0,12.4,10.0,0.0,ok,0.0,ok,0.07,,False,35.4,31.2,2.0,1.3,66.2,9.0,56.4,20.2,9.4,0.083,0.135,GOOG,,126,12.4,17.0,,False
449,AWK,"American Water Works Company, ",Utilities,Utilities - Regulated Water,Core,27.1,136.27,131.99,13.0,15.9,10.0,0.0,ok,-3.5,ok,5.44,,False,35.4,20.8,-6.6,6.2,61.5,10.1,45.0,4.8,-7.9,-0.404,0.346,AVGO,,126,15.9,20.0,,False
450,SWK,"Stanley Black & Decker, Inc.",Industrials,Tools & Accessories,Core,14.9,98.4,93.48,15.5,11.4,10.0,0.0,ok,-1.5,ok,2.58,,False,35.4,15.4,9.5,0.4,32.2,6.9,60.5,23.8,-1.8,0.235,0.272,GOOG,,126,11.4,14.0,,False
451,SO,Southern Company (The),Utilities,Utilities - Regulated Electric,Core,105.9,92.07,94.55,12.5,16.4,10.0,0.0,ok,-3.5,ok,5.2,,False,35.4,18.7,-3.7,0.1,48.3,11.5,24.9,0.3,-10.6,-0.292,0.255,MSFT,,126,16.4,19.0,,False
452,EIX,Edison International,Utilities,Utilities - Regulated Electric,Core,28.4,73.69,73.99,13.5,15.3,10.0,0.0,ok,-3.5,ok,4.85,,False,35.3,11.3,0.3,-4.1,61.0,19.7,38.1,9.6,-5.6,-0.195,0.232,MSFT,,126,15.3,20.0,,False
453,TDY,Teledyne Technologies Incorpor,Technology,Scientific & Technical Instrum,Core,30.8,665.0,645.42,14.5,11.3,10.0,0.0,ok,-0.5,ok,1.06,,False,35.3,24.9,3.0,9.8,43.3,9.2,65.3,9.6,-12.2,0.403,0.412,NVDA,,126,11.3,14.0,,False
454,PWR,"Quanta Services, Inc.",Industrials,Engineering & Construction,Growth,104.7,696.15,672.91,13.5,13.1,10.0,0.0,ok,-1.5,ok,2.0,,False,35.1,35.4,1.9,41.1,15.5,15.3,75.0,20.9,21.5,0.368,0.371,BMNR,,126,13.1,14.0,,False
455,CAH,"Cardinal Health, Inc.",Healthcare,Medical Distribution,Core,54.7,234.98,230.5,14.0,11.6,10.0,0.0,ok,-0.5,ok,1.21,,False,35.1,16.8,8.7,5.8,3.8,,57.5,10.4,-7.9,-0.148,0.258,AVGO,,126,11.6,15.0,,False
456,NEE,"NextEra Energy, Inc.",Utilities,Utilities - Regulated Electric,Core,179.8,86.22,87.14,14.0,16.0,10.0,0.0,ok,-5.0,ok,7.35,,False,35.0,19.5,-9.9,12.4,61.0,11.7,33.5,-1.5,-17.4,-0.103,0.267,MSFT,,126,16.0,20.0,,False
457,HSIC,"Henry Schein, Inc.",Healthcare,Medical Distribution,Core,10.2,89.23,85.05,14.5,13.0,10.0,0.0,ok,-2.5,ok,3.39,,False,35.0,14.9,4.4,6.7,31.3,8.9,65.8,14.7,1.8,0.107,0.2,GOOG,,126,13.0,15.0,,False
458,AXON,"Axon Enterprise, Inc.",Industrials,Aerospace & Defense,Growth,50.4,619.85,588.86,14.0,15.9,10.0,0.0,ok,-5.0,ok,7.01,,False,34.9,58.7,0.4,35.3,59.5,6.2,62.0,21.9,31.5,0.29,0.347,MSFT,,126,15.9,15.0,,False
459,AEP,American Electric Power Compan,Utilities,Utilities - Regulated Electric,Core,68.8,126.35,131.03,12.0,16.4,10.0,0.0,ok,-3.5,ok,5.86,,False,34.9,18.4,-8.7,7.0,46.4,10.1,37.8,0.4,-12.6,-0.252,0.274,MSFT,,126,16.4,19.0,,False
460,BALL,Ball Corporation,Consumer Cyclical,Packaging & Containers,Core,16.4,61.67,61.38,14.0,13.4,10.0,0.0,ok,-2.5,ok,3.41,,False,34.9,13.6,2.3,19.7,18.6,17.2,19.9,6.4,-19.3,0.009,0.134,GOOG,,126,13.4,11.0,,False
461,PSKY,Paramount Skydance Corporation,Communication Services,Entertainment,Core,11.7,10.43,9.91,14.5,13.9,10.0,0.0,ok,-3.5,ok,4.4,,False,34.9,12.1,,0.9,33.3,-0.9,94.9,-7.5,-18.3,0.074,0.107,MSFT,,126,13.9,13.0,fcf_yield_out_of_range(150.7),False
462,PANW,"Palo Alto Networks, Inc.",Technology,Software - Infrastructure,Growth,304.9,374.14,355.43,14.0,10.9,10.0,0.0,ok,0.0,ok,-0.66,,False,34.9,90.9,1.2,31.1,72.0,4.8,75.0,67.1,133.0,0.394,0.395,MSFT,,126,10.9,17.0,,False
463,BEN,"Franklin Resources, Inc.",Financial Services,Asset Management,Core,17.3,33.99,33.28,11.5,13.2,10.0,0.0,ok,0.0,financial_na,,,False,34.7,10.8,-17.3,14.3,37.7,7.9,61.7,23.5,11.0,0.451,0.419,GOOG,,126,13.2,14.0,,False
464,CRWD,"CrowdStrike Holdings, Inc.",Technology,Software - Infrastructure,Core,216.8,212.92,367.53,13.0,11.7,10.0,0.0,ok,0.0,ok,-62.9,,False,34.7,135.9,0.9,25.6,75.1,-0.2,72.9,-52.9,-61.4,0.205,0.217,AVGO,,126,11.7,17.0,,False
465,WULF,TeraWulf Inc.,Financial Services,Capital Markets,Speculative,7.8,15.62,21.32,7.0,17.7,10.0,0.0,ok,0.0,financial_na,,,False,34.7,,-3.0,-6.0,,-1211.8,52.2,-11.9,-11.0,0.48,0.459,BMNR,,126,17.7,16.0,,False
466,LH,Labcorp Holdings Inc.,Healthcare,Diagnostics & Research,Core,26.1,322.18,306.07,14.5,11.6,10.0,0.0,ok,-1.5,ok,2.88,,False,34.6,16.3,3.4,5.8,28.9,11.7,67.0,19.2,3.3,0.016,0.148,MSFT,,126,11.6,15.0,,False
467,MET,"MetLife, Inc.",Financial Services,Insurance - Life,Core,61.5,96.73,91.89,10.0,14.6,10.0,0.0,ok,0.0,financial_na,,,False,34.6,8.9,-34.1,10.5,24.0,13.1,48.6,20.6,10.5,0.197,0.256,BMNR,,126,14.6,14.0,,False
468,J,Jacobs Solutions Inc.,Industrials,Engineering & Construction,Growth,16.9,142.86,135.72,13.5,12.6,10.0,0.0,ok,-1.5,ok,2.72,,False,34.6,17.3,3.8,34.5,22.1,8.0,63.6,7.5,-11.3,0.119,0.119,BMNR,,126,12.6,14.0,,False
469,ETR,Entergy Corporation,Utilities,Utilities - Regulated Electric,Core,50.4,108.08,111.6,12.0,16.0,10.0,0.0,ok,-3.5,ok,5.56,,False,34.5,21.2,-8.7,5.9,47.0,10.2,51.2,3.7,-6.4,-0.166,0.251,MSFT,,126,16.0,19.0,,False
470,SLB,SLB Limited,Energy,Oil & Gas Equipment & Services,Cyclical,79.0,53.21,50.55,13.0,12.0,10.0,0.0,ok,-0.5,ok,1.18,,False,34.5,16.5,3.7,5.0,17.0,12.9,66.0,11.6,-9.4,0.079,0.125,AVGO,,126,12.0,14.0,,False
471,LNT,Alliant Energy Corporation,Utilities,Utilities - Regulated Electric,Core,18.1,69.98,73.44,12.0,17.4,10.0,0.0,ok,-5.0,ok,6.61,,False,34.4,19.0,-6.3,1.0,44.5,11.1,37.2,0.1,-11.2,-0.277,0.262,MSFT,,126,17.4,19.0,,False
472,NI,NiSource Inc,Utilities,Utilities - Regulated Gas,Core,20.2,42.12,45.75,10.5,17.3,10.0,0.0,ok,-3.5,ok,5.74,,False,34.3,18.7,-8.8,4.6,51.0,8.5,26.9,-6.2,-19.0,-0.109,0.124,AVGO,,126,17.3,19.0,,False
473,ED,"Consolidated Edison, Inc.",Utilities,Utilities - Regulated Electric,Core,40.4,109.16,109.76,12.0,15.7,10.0,0.0,ok,-3.5,ok,4.36,,False,34.2,16.8,-2.1,13.2,53.4,9.0,35.9,3.2,-13.9,-0.45,0.388,AVGO,,126,15.7,19.0,,False
474,WEC,"WEC Energy Group, Inc.",Utilities,Utilities - Regulated Electric,Core,36.2,111.05,113.05,12.0,15.7,10.0,0.0,ok,-3.5,ok,5.79,,False,34.2,18.5,-6.5,2.6,41.9,12.0,48.8,0.0,-14.1,-0.321,0.303,AVGO,,126,15.7,19.0,,False
475,DUK,Duke Energy Corporation (Holdi,Utilities,Utilities - Regulated Electric,Core,96.7,123.99,125.66,11.0,16.6,10.0,0.0,ok,-3.5,ok,5.51,,False,34.1,17.3,-4.6,1.1,52.0,9.9,33.6,0.6,-12.7,-0.378,0.321,AVGO,,126,16.6,19.0,,False
476,SW,Smurfit WestRock plc,Consumer Cyclical,Packaging & Containers,Core,24.8,47.3,45.64,13.0,12.5,10.0,0.0,ok,-1.5,ok,2.95,,False,34.0,14.1,4.9,1.1,18.2,2.7,46.7,14.8,-20.3,0.184,0.242,NVDA,,126,12.5,11.0,,False
477,BA,Boeing Company (The),Industrials,Aerospace & Defense,Core,176.2,223.06,221.63,14.5,13.5,10.0,0.0,ok,-4.0,neg_ebitda_debt,,,False,34.0,54.1,3.2,8.0,4.7,173.5,57.4,1.7,-19.2,0.407,0.375,GOOG,,126,13.5,14.0,,False
478,CPT,Camden Property Trust,Real Estate,REIT - Residential,Core,10.8,107.28,112.68,11.0,16.4,10.0,0.0,ok,-3.5,ok,5.4,,False,33.9,98.4,1.3,-0.8,61.6,7.9,25.0,1.0,-12.7,-0.169,0.287,AVGO,,126,16.4,17.0,,False
479,FE,FirstEnergy Corp.,Utilities,Utilities - Regulated Electric,Core,27.3,47.26,47.85,11.5,15.9,10.0,0.0,ok,-3.5,ok,5.33,,False,33.9,16.0,-7.3,8.8,68.6,9.5,26.4,0.5,-15.0,-0.214,0.286,AVGO,,126,15.9,20.0,,False
480,MDB,"MongoDB, Inc.",Technology,Software - Infrastructure,Core,35.0,434.62,412.89,13.0,10.8,10.0,0.0,ok,0.0,neg_ebitda_low_debt,,,False,33.8,59.2,1.5,25.2,72.0,-1.0,76.8,28.3,7.1,0.365,0.395,MSFT,,126,10.8,17.0,,False
481,TRGP,"Targa Resources, Inc.",Energy,Oil & Gas Midstream,Cyclical,63.9,297.77,282.88,16.0,10.3,10.0,0.0,ok,-2.5,ok,3.54,,False,33.8,24.7,0.1,4.2,43.2,70.8,70.3,30.2,18.9,-0.253,0.22,AVGO,,126,10.3,13.0,,False
482,WMB,"Williams Companies, Inc. (The)",Energy,Oil & Gas Midstream,Cyclical,91.9,75.13,73.32,15.0,12.2,10.0,0.0,ok,-3.5,ok,4.35,,False,33.7,28.1,-1.7,7.8,63.6,21.5,66.8,9.0,-7.7,-0.136,0.147,MSFT,,126,12.2,14.0,,False
483,STT,State Street Corporation,Financial Services,Asset Management,Core,52.7,191.87,182.28,13.0,10.6,10.0,0.0,ok,0.0,financial_na,,,False,33.6,12.5,,-2.8,0.0,12.4,82.4,33.6,36.4,0.354,0.39,NVDA,,126,10.6,14.0,,False
484,AEE,Ameren Corporation,Utilities,Utilities - Regulated Electric,Core,30.4,109.67,110.96,11.0,15.9,10.0,0.0,ok,-3.5,ok,5.57,,False,33.4,18.9,-5.9,-6.2,52.4,11.9,48.3,2.3,-10.6,-0.26,0.257,AVGO,,126,15.9,19.0,,False
485,BAX,Baxter International Inc.,Healthcare,Medical Instruments & Supplies,Core,13.4,25.94,24.64,14.5,11.4,10.0,0.0,ok,-2.5,ok,3.99,,False,33.4,12.7,7.5,5.3,34.1,-14.4,56.5,30.8,6.1,0.277,0.297,MSFT,,126,11.4,15.0,,False
486,PPL,PPL Corporation,Utilities,Utilities - Regulated Electric,Core,26.8,35.62,35.85,10.5,16.3,10.0,0.0,ok,-3.5,ok,5.33,,False,33.3,16.8,-7.2,4.2,44.1,8.6,49.0,-1.7,-15.1,-0.205,0.249,AVGO,,126,16.3,19.0,,False
487,DELL,Dell Technologies Inc.,Technology,Computer Hardware,Growth,302.8,468.65,445.22,13.0,10.8,10.0,0.0,ok,-0.5,ok,1.45,,False,33.3,21.1,1.8,87.5,19.2,,70.3,101.6,290.0,0.291,0.359,AVGO,,126,10.8,13.0,,False
488,TSCO,Tractor Supply Company,Consumer Cyclical,Specialty Retail,Core,18.1,34.72,32.98,14.5,11.2,10.0,0.0,ok,-2.5,ok,3.27,,False,33.2,16.9,0.6,2.3,36.5,39.5,71.1,-19.3,-46.2,0.059,0.085,BMNR,,126,11.2,11.0,,False
489,SBUX,Starbucks Corporation,Consumer Cyclical,Restaurants,Core,120.9,106.01,103.95,13.0,12.7,10.0,0.0,ok,-2.5,ok,3.34,,False,33.2,34.0,2.5,-1.4,22.3,,55.9,10.9,-1.2,0.171,0.158,AVGO,,126,12.7,11.0,,False
490,ADM,Archer-Daniels-Midland Company,Consumer Defensive,Farm Products,Core,39.7,82.45,80.02,11.5,13.2,10.0,0.0,ok,-1.5,ok,2.75,,False,33.2,14.5,2.9,7.2,6.9,7.6,56.8,17.1,9.5,-0.114,0.125,GOOG,,126,13.2,16.0,,False
491,SOUN,"SoundHound AI, Inc.",Technology,Software - Application,Growth,3.1,6.99,6.71,11.5,13.6,10.0,-2.0,ok,0.0,neg_ebitda_low_debt,,,False,33.1,,-1.5,45.0,42.3,-32.2,67.2,-20.8,-19.9,0.61,0.492,BMNR,,126,13.6,16.0,,False
492,GM,General Motors Company,Consumer Cyclical,Auto Manufacturers,Core,75.7,83.71,81.9,14.0,14.1,10.0,0.0,ok,-5.0,ok,6.32,,False,33.1,5.7,29.0,1.9,10.2,3.2,31.2,6.4,-12.3,0.329,0.385,BMNR,,126,14.1,11.0,,False
493,MRNA,"Moderna, Inc.",Healthcare,Biotechnology,Core,25.1,62.96,61.37,9.0,14.1,10.0,0.0,ok,0.0,neg_ebitda_low_debt,,,False,33.1,,1.2,2.1,,-39.0,67.2,34.3,22.5,0.321,0.358,BMNR,,126,14.1,15.0,,False
494,IREN,IREN LIMITED,Financial Services,Capital Markets,Core,15.0,42.0,44.31,9.5,15.6,10.0,-2.0,ok,0.0,financial_na,,,False,33.1,,-15.4,-0.0,68.4,7.7,68.9,-10.5,-12.8,0.548,0.501,BMNR,,126,15.6,16.0,,False
495,UCTT,"Ultra Clean Holdings, Inc.",Technology,Semiconductor Equipment & Mate,Speculative,3.7,81.82,99.0,9.0,16.5,10.0,0.0,ok,-2.5,ok,3.74,,False,33.0,13.9,-2.2,24.3,15.8,-1.6,59.0,27.5,36.5,0.366,0.448,AVGO,,126,16.5,13.0,,False
496,CNP,"CenterPoint Energy, Inc (Holdi",Utilities,Utilities - Regulated Electric,Core,26.7,40.54,42.8,11.5,16.5,10.0,0.0,ok,-5.0,ok,6.28,,False,33.0,19.4,-19.4,10.7,47.0,9.8,21.2,-1.9,-15.4,-0.286,0.286,AVGO,,126,16.5,19.0,,False
497,HLT,Hilton Worldwide Holdings Inc.,Consumer Cyclical,Lodging,Core,73.8,327.74,330.49,14.0,12.4,10.0,0.0,ok,-3.5,ok,4.21,,False,32.9,31.3,1.9,2.5,79.0,,55.1,6.0,-8.8,0.229,0.321,GOOG,,126,12.4,13.0,,False
498,BDX,"Becton, Dickinson and Company",Healthcare,Medical Instruments & Supplies,Core,49.2,180.77,171.73,17.0,7.4,10.0,0.0,ok,-1.5,ok,2.63,,False,32.9,13.6,9.1,5.4,46.9,6.6,72.6,15.6,-13.0,0.015,0.21,AVGO,,126,7.4,16.0,,False
499,KMI,"Kinder Morgan, Inc.",Energy,Oil & Gas Midstream,Cyclical,73.1,32.87,32.02,14.5,11.8,10.0,0.0,ok,-3.5,ok,4.23,,False,32.8,21.4,1.5,10.8,49.4,11.0,59.5,7.8,-9.8,-0.277,0.248,AVGO,,126,11.8,13.0,,False
500,EVRG,"Evergy, Inc.",Utilities,Utilities - Regulated Electric,Core,19.2,83.42,84.67,10.5,15.6,10.0,0.0,ok,-3.5,ok,5.8,,False,32.6,18.3,-7.5,4.4,52.7,9.3,45.8,4.3,-7.9,-0.265,0.278,AVGO,,126,15.6,19.0,,False
501,EXC,Exelon Corporation,Utilities,Utilities - Regulated Electric,Core,46.7,45.31,46.25,10.5,17.1,10.0,0.0,ok,-5.0,ok,6.09,,False,32.6,14.9,-5.8,9.9,42.4,9.7,35.5,-1.3,-15.8,-0.329,0.283,AVGO,,126,17.1,19.0,,False
502,OKE,"ONEOK, Inc.",Energy,Oil & Gas Midstream,Growth,61.2,97.07,92.22,15.0,11.1,10.0,0.0,ok,-3.5,ok,4.28,,False,32.6,15.5,1.5,52.8,27.2,16.3,68.5,18.0,0.6,-0.378,0.315,AVGO,,126,11.1,12.0,,False
503,HII,"Huntington Ingalls Industries,",Industrials,Aerospace & Defense,Core,12.5,317.61,301.73,10.5,13.6,10.0,0.0,ok,-1.5,ok,2.5,,False,32.6,15.2,-2.4,10.9,12.4,13.0,71.9,-8.9,-37.6,0.217,0.297,MSFT,,126,13.6,14.0,,False
504,DOW,Dow Inc.,Basic Materials,Chemicals,Cyclical,22.5,31.19,30.35,9.0,16.1,10.0,0.0,ok,-2.5,ok,3.84,,False,32.6,17.1,1.1,19.7,9.8,-5.5,54.9,1.3,-12.6,-0.164,0.193,GOOG,,126,16.1,11.0,,False
505,PNW,Pinnacle West Capital Corporat,Utilities,Utilities - Regulated Electric,Core,12.1,100.15,104.31,10.5,16.9,10.0,0.0,ok,-5.0,ok,7.68,,False,32.4,18.0,-7.7,7.1,43.4,9.4,37.4,3.1,-9.0,-0.282,0.288,AVGO,,126,16.9,19.0,,False
506,CARR,Carrier Global Corporation,Industrials,Building Products & Equipment,Core,51.0,61.42,67.81,10.5,14.3,10.0,0.0,ok,-2.5,ok,3.57,,False,32.3,18.6,1.7,3.9,24.7,9.0,56.8,0.6,-16.8,0.206,0.295,GOOG,,126,14.3,14.0,,False
507,CRWV,"CoreWeave, Inc.",Technology,Software - Infrastructure,Growth,51.4,93.17,90.47,12.5,14.8,10.0,0.0,ok,-5.0,ok,12.16,,False,32.3,,-17.7,112.5,67.4,-43.6,69.0,0.7,-15.0,0.493,0.509,NVDA,,126,14.8,17.0,,False
508,MOS,Mosaic Company (The),Basic Materials,Agricultural Inputs,Cyclical,6.7,21.14,22.05,5.5,19.1,10.0,0.0,ok,-2.5,ok,3.37,,False,32.1,12.6,-11.1,-6.0,11.2,-5.1,37.5,-13.8,-40.2,0.162,0.207,AVGO,,126,19.1,11.0,,False
509,QBTS,D-Wave Quantum Inc.,Technology,Computer Hardware,Speculative,7.3,19.53,20.9,7.0,16.9,10.0,-2.0,ok,0.0,neg_ebitda_low_debt,,,False,31.9,,-1.0,-0.6,,-28.0,63.3,-12.2,-10.2,0.538,0.532,BMNR,,126,16.9,15.0,,False
510,AEHR,Aehr Test Systems,Technology,Semiconductor Equipment & Mate,Growth,4.0,123.25,117.09,10.5,11.4,10.0,0.0,ok,0.0,neg_ebitda_low_debt,,,False,31.9,89.1,-0.0,33.7,35.3,-4.2,71.2,110.9,312.3,0.471,0.472,AVGO,,126,11.4,13.0,,False
511,D,"Dominion Energy, Inc.",Utilities,Utilities - Regulated Electric,Core,60.3,68.61,69.06,11.5,15.2,10.0,0.0,ok,-5.0,ok,6.43,,False,31.7,18.0,-15.2,17.6,46.2,8.3,36.9,8.3,-5.4,-0.15,0.187,MSFT,,126,15.2,19.0,,False
512,CMS,CMS Energy Corporation,Utilities,Utilities - Regulated Electric,Core,22.0,71.06,73.71,9.5,17.2,10.0,0.0,ok,-5.0,ok,6.32,,False,31.7,17.1,-10.0,-0.5,40.3,9.2,29.3,-3.0,-17.2,-0.331,0.31,MSFT,,126,17.2,19.0,,False
513,DTE,DTE Energy Company,Utilities,Utilities - Regulated Electric,Core,29.2,140.21,146.41,9.5,17.0,10.0,0.0,ok,-5.0,ok,7.69,,False,31.5,16.8,-8.9,-1.5,29.3,11.0,37.3,-0.4,-13.5,-0.237,0.238,MSFT,,126,17.0,18.0,,False
514,SRE,DBA Sempra,Utilities,Utilities - Diversified,Core,57.0,87.18,90.62,9.5,16.9,10.0,0.0,ok,-5.0,ok,6.23,,False,31.4,15.7,-48.5,-0.1,44.0,6.7,42.4,-4.4,-16.9,-0.179,0.21,MSFT,,126,16.9,19.0,,False
515,AES,The AES Corporation,Utilities,Utilities - Diversified,Core,10.5,14.74,14.72,10.0,16.3,10.0,0.0,ok,-5.0,ok,7.64,,False,31.3,6.2,-29.4,19.9,20.3,9.6,40.5,2.5,-21.0,-0.027,0.112,BMNR,,126,16.3,18.0,,False
516,DE,Deere & Company,Industrials,Farm & Heavy Construction Mach,Core,159.0,588.72,602.5,10.0,14.6,10.0,0.0,ok,-3.5,ok,4.6,,False,31.1,26.1,0.7,-11.1,26.0,18.3,39.9,6.0,-13.0,-0.002,0.243,MSFT,,126,14.6,14.0,,False
517,APD,"Air Products and Chemicals, In",Basic Materials,Specialty Chemicals,Cyclical,67.5,303.23,293.71,11.0,12.5,10.0,0.0,ok,-2.5,ok,3.71,,False,31.0,21.0,-2.2,4.6,32.1,0.0,58.9,9.1,-4.5,-0.019,0.105,GOOG,,126,12.5,11.0,,False
518,IRM,Iron Mountain Incorporated (De,Real Estate,REIT - Specialty,Core,37.7,126.67,124.77,13.0,12.8,10.0,0.0,ok,-5.0,ok,7.74,,False,30.8,46.4,-1.2,18.5,54.2,,60.2,17.5,8.1,0.311,0.333,BMNR,,126,12.8,16.0,,False
519,WBD,"Warner Bros. Discovery, Inc. -",Communication Services,Entertainment,Core,71.4,28.48,27.06,14.0,8.9,10.0,0.0,ok,-2.5,ok,3.67,,False,30.4,,22.6,-11.2,47.8,-8.8,82.9,5.9,-13.6,0.098,0.281,NVDA,,126,8.9,14.0,,False
520,AI,"C3.ai, Inc.",Technology,Software - Infrastructure,Speculative,1.5,9.87,9.54,6.0,16.1,10.0,-2.0,ok,0.0,neg_ebitda_low_debt,,,False,30.1,,-1.7,-52.5,,-63.0,64.7,-10.0,-19.5,0.555,0.474,MSFT,,126,16.1,15.0,,False
521,TSLA,"Tesla, Inc.",Consumer Cyclical,Auto Manufacturers,Core,1330.5,336.87,368.42,11.0,11.0,10.0,-2.0,ok,0.0,ok,-2.55,,False,30.0,,0.4,25.5,18.9,4.7,75.5,-16.8,-30.7,0.542,0.47,BMNR,,126,11.0,11.0,,False
522,NBIS,Nebius Group N.V.,Communication Services,Internet Content & Information,Growth,63.1,248.43,236.01,13.5,11.4,10.0,0.0,ok,-5.0,ok,8.35,,False,29.9,,-15.2,454.0,74.3,0.6,70.0,68.1,131.5,0.409,0.464,NVDA,,126,11.4,15.0,,False
523,WY,Weyerhaeuser Company,Real Estate,REIT - Specialty,Core,17.0,23.61,24.34,8.0,16.8,10.0,0.0,ok,-5.0,ok,7.15,,False,29.8,34.7,0.1,-0.9,14.5,5.0,42.9,-1.9,-21.9,-0.033,0.164,GOOG,,126,16.8,15.0,,False
524,OKLO,Oklo Inc.,Utilities,Utilities - Independent Power ,Speculative,7.7,41.36,48.25,8.0,13.8,10.0,-2.0,ok,0.0,neg_ebitda_low_debt,,,False,29.8,,-3.1,,,-7.7,56.8,-40.5,-51.2,0.557,0.565,BMNR,,126,13.8,19.0,,False
525,XEL,Xcel Energy Inc.,Utilities,Utilities - Regulated Electric,Core,49.5,79.17,79.3,9.5,15.2,10.0,0.0,ok,-5.0,ok,6.47,,False,29.7,17.4,-16.0,-5.1,46.8,9.9,53.2,0.8,-12.5,-0.202,0.241,MSFT,,126,15.2,19.0,,False
526,IFF,International Flavors & Fragra,Basic Materials,Specialty Chemicals,Cyclical,20.7,81.0,78.92,8.0,13.1,10.0,0.0,ok,-1.5,ok,2.99,,False,29.6,20.5,-8.3,1.8,36.6,-5.5,53.5,11.0,-14.4,0.136,0.231,GOOG,,126,13.1,11.0,,False
527,CRL,Charles River Laboratories Int,Healthcare,Diagnostics & Research,Core,13.3,279.19,265.23,11.0,10.8,10.0,0.0,ok,-2.5,ok,3.35,,False,29.3,22.0,3.5,-2.7,34.6,-7.5,79.3,45.2,64.1,0.165,0.156,BMNR,,126,10.8,15.0,,False
528,BBAI,"BigBear.ai, Inc.",Technology,Information Technology Service,Speculative,1.5,3.12,3.34,7.5,13.6,10.0,-2.0,ok,0.0,neg_ebitda_low_debt,,,False,29.1,,-13.9,13.2,27.9,-16.6,67.1,-30.6,-36.3,0.612,0.496,BMNR,,126,13.6,15.0,,False
529,BG,Bunge Limited,Consumer Defensive,Farm Products,Growth,22.0,114.36,114.47,9.5,13.0,10.0,0.0,ok,-3.5,ok,5.21,,False,29.0,10.1,-29.5,88.3,4.9,7.2,68.0,1.6,-18.7,-0.078,0.109,GOOG,,126,13.0,16.0,,False
530,PCG,Pacific Gas & Electric Co.,Utilities,Utilities - Regulated Electric,Core,39.2,17.82,17.21,10.5,13.4,10.0,0.0,ok,-5.0,ok,6.1,,False,28.9,9.9,-15.7,0.1,39.8,9.3,51.7,6.5,-12.6,-0.091,0.129,MSFT,,126,13.4,18.0,,False
531,SATS,EchoStar Corporation,Communication Services,Telecom Services,Core,30.1,97.39,122.33,7.5,16.4,10.0,0.0,ok,-5.0,ok,17.47,,False,28.9,,-1.5,-5.2,27.1,-112.3,34.2,-5.9,-21.5,0.33,0.36,BMNR,,90,16.4,15.0,,False
532,APLD,Applied Digital Corporation,Technology,Information Technology Service,Growth,8.2,28.51,33.63,9.5,15.0,10.0,-2.0,ok,-4.0,neg_ebitda_debt,,,False,28.5,,,406.6,25.9,-8.4,64.7,-12.0,-23.2,0.519,0.461,BMNR,,126,15.0,15.0,fcf_yield_out_of_range(-60.4),False
533,CIFR,Cipher Digital Inc.,Technology,Information Technology Service,Speculative,6.7,16.09,21.89,5.5,17.6,10.0,0.0,ok,-5.0,ok,49.49,,False,28.1,70.0,-43.4,-43.0,,-167.5,46.4,-13.4,-8.2,0.442,0.437,AVGO,,126,17.6,15.0,,False
534,F,Ford Motor Company,Consumer Cyclical,Auto Manufacturers,Core,55.5,13.93,14.19,4.5,17.1,10.0,0.0,ok,-5.0,ok,18.47,,False,26.6,7.3,-14.3,-3.8,7.1,-18.3,26.3,4.9,-10.7,0.243,0.249,GOOG,,126,17.1,11.0,,False
