rank,ticker,name,sector,industry,category,mcap_B,current_price,entry_level,fundamental,technical,visibility,corr_penalty,corr_status,broken_base,composite,fwd_pe,fcf_yield_pct,rev_growth_pct,gross_margin_pct,roe_pct,rsi,ma200_dist_pct,rel_str_6m_pct,portfolio_corr,max_corr,max_corr_with,corr_null_reason,n_corr_obs,technical_precap,visibility_legacy,data_flags,in_portfolio
1,GEV,GE Vernova Inc.,Industrials,Specialty Industrial Machinery,Compounder,239.8,900.28,1025.65,20.0,19.7,23.0,0.0,ok,False,62.7,36.2,6.6,21.9,20.6,82.6,29.8,8.2,21.8,0.342,0.465,AVGO,,126,19.7,23.0,,False
2,AVGO,Broadcom Inc.,Technology,Semiconductors,Growth,1761.8,370.32,396.1,20.0,20.3,22.0,0.0,ok,False,62.3,19.0,1.5,47.9,76.3,37.3,35.5,1.6,6.7,0.411,0.526,NVDA,,126,20.3,22.0,,True
3,ANET,"Arista Networks, Inc.",Technology,Computer Hardware,Growth,198.9,157.97,165.22,21.5,16.6,20.0,0.0,ok,False,58.1,35.4,2.2,35.1,63.5,31.5,23.4,8.5,0.4,0.456,0.587,AVGO,,126,16.6,20.0,,False
4,NVDA,NVIDIA Corporation,Technology,Semiconductors,Growth,4602.2,190.01,207.06,20.0,18.9,20.0,-2.0,ok,False,56.9,14.8,1.0,85.2,74.1,114.3,40.4,-1.4,-5.5,0.562,0.526,AVGO,,126,18.9,20.0,,True
5,TLN,Talen Energy Corporation,Utilities,Utilities - Independent Power ,Growth,15.1,316.19,375.55,19.0,18.5,19.0,0.0,ok,False,56.5,11.1,9.2,96.7,40.1,-1.9,26.6,-13.9,-18.3,0.362,0.401,AVGO,,126,18.5,19.0,,False
6,POWL,"Powell Industries, Inc.",Industrials,Electrical Equipment & Parts,Speculative,6.8,186.39,266.17,16.0,22.3,18.0,0.0,ok,False,56.3,27.1,2.1,6.5,30.1,29.9,30.5,-1.6,21.4,0.248,0.402,AVGO,,126,22.3,18.0,,False
7,GOOG,Alphabet Inc.,Communication Services,Internet Content & Information,Compounder,4106.3,335.76,358.39,19.0,17.3,20.0,0.0,ok,False,56.3,22.8,0.6,24.2,60.9,48.7,40.2,3.6,-4.9,0.319,0.311,BMNR,,126,17.3,20.0,,True
8,TSM,Taiwan Semiconductor Manufactu,Technology,Semiconductors,Growth,1943.2,374.67,424.62,24.0,12.0,21.0,-2.0,ok,True,55.0,17.4,,36.0,64.2,40.0,22.9,5.6,5.2,0.549,0.662,NVDA,,126,17.3,21.0,fcf_yield_out_of_range(38.0),False
9,NOC,Northrop Grumman Corporation,Industrials,Aerospace & Defense,Compounder,76.0,535.05,535.69,16.0,17.8,21.0,0.0,ok,False,54.8,17.6,3.3,5.1,20.1,27.0,51.4,-11.4,-26.6,-0.083,0.23,AVGO,,126,17.8,21.0,,False
10,META,"Meta Platforms, Inc.",Communication Services,Internet Content & Information,Growth,1486.5,585.61,604.33,19.0,18.3,17.0,0.0,ok,False,54.3,15.9,1.7,33.1,81.9,32.9,36.5,-7.8,-17.1,0.406,0.392,NVDA,,126,18.3,15.0,,False
11,ETN,"Eaton Corporation, PLC",Industrials,Specialty Industrial Machinery,Core,140.5,361.88,402.46,15.5,19.5,19.0,0.0,ok,False,54.0,22.9,1.9,16.8,37.1,20.8,30.0,-2.9,-0.0,0.309,0.482,AVGO,,126,19.5,19.0,,False
12,MSFT,Microsoft Corporation,Technology,Software - Infrastructure,Core,2901.1,390.54,397.85,18.0,17.5,18.0,0.0,ok,False,53.5,20.2,1.3,18.3,68.3,34.0,53.9,-9.8,-23.4,0.315,0.407,BMNR,,126,17.5,18.0,,True
13,VRT,"Vertiv Holdings, LLC",Industrials,Electrical Equipment & Parts,Growth,85.9,223.04,309.58,20.5,12.0,20.0,0.0,ok,True,52.5,25.1,2.3,30.1,37.2,45.1,13.6,-9.2,10.3,0.325,0.491,AVGO,,126,21.1,20.0,,False
14,GD,General Dynamics Corporation,Industrials,Aerospace & Defense,Compounder,103.0,380.96,361.91,15.5,13.6,21.0,0.0,ok,False,50.1,20.9,5.1,10.3,15.2,18.0,55.7,10.1,2.9,0.042,0.12,BMNR,,126,13.6,21.0,,False
15,PTC,PTC Inc.,Technology,Software - Application,Core,15.3,132.46,127.28,24.0,16.0,10.0,0.0,ok,False,50.0,15.3,6.4,21.7,84.7,34.4,59.8,-14.4,-23.0,0.158,0.479,MSFT,,126,16.0,17.0,,False
16,UBER,"Uber Technologies, Inc.",Technology,Software - Application,Core,144.9,71.2,71.99,21.0,18.9,10.0,0.0,ok,False,49.9,16.1,4.5,14.5,39.6,35.3,41.2,-9.7,-15.6,0.3,0.306,MSFT,,126,18.9,15.0,,False
17,LMT,Lockheed Martin Corporation,Industrials,Aerospace & Defense,Compounder,131.4,569.2,540.74,16.5,11.2,22.0,0.0,ok,False,49.7,17.4,4.2,10.5,11.8,89.2,72.3,5.5,-8.4,-0.122,0.126,AVGO,,126,11.2,22.0,,False
18,NEM,Newmont Corporation,Basic Materials,Gold,Cyclical,96.2,91.34,99.28,22.0,17.4,10.0,0.0,ok,False,49.4,8.6,9.2,15.1,68.0,25.9,42.2,-12.0,-35.3,0.413,0.432,BMNR,,126,17.4,13.0,,False
19,LITE,Lumentum Holdings Inc.,Technology,Communication Equipment,Growth,46.9,602.35,833.51,17.5,21.9,10.0,0.0,ok,False,49.4,32.8,0.2,90.1,40.8,22.8,34.2,1.1,51.6,0.227,0.371,AVGO,,126,21.9,14.0,,False
20,TER,"Teradyne, Inc.",Technology,Semiconductor Equipment & Mate,Growth,50.0,319.41,378.63,19.0,20.2,10.0,0.0,ok,False,49.2,30.9,0.6,87.0,58.7,28.7,37.9,11.3,22.8,0.36,0.479,AVGO,,126,20.2,14.0,,False
21,NFLX,"Netflix, Inc.",Communication Services,Entertainment,Core,306.6,73.63,77.79,23.0,16.0,10.0,0.0,ok,False,49.0,19.3,8.3,13.4,49.1,49.5,44.5,-19.8,-17.9,0.137,0.258,MSFT,,126,16.0,14.0,,False
22,ORCL,Oracle Corporation,Technology,Software - Infrastructure,Core,339.1,117.74,166.67,16.0,15.9,19.0,-2.0,ok,False,48.9,10.8,-7.2,20.6,65.8,53.4,28.6,-35.9,-36.2,0.605,0.531,MSFT,,126,15.9,19.0,,False
23,KEYS,Keysight Technologies Inc.,Technology,Scientific & Technical Instrum,Growth,50.7,296.72,334.28,19.0,19.8,10.0,0.0,ok,False,48.8,24.9,2.1,31.5,62.1,18.2,31.7,11.0,29.1,0.253,0.383,AVGO,,126,19.8,15.0,,False
24,EXE,Expand Energy Corporation,Energy,Oil & Gas E&P,Growth,21.4,92.46,90.61,22.5,16.2,10.0,0.0,ok,False,48.7,10.6,7.9,41.0,48.0,17.6,59.0,-9.2,-19.6,-0.091,0.119,AVGO,,126,16.2,13.0,,False
25,CEG,Constellation Energy Corporati,Utilities,Utilities - Independent Power ,Growth,92.1,257.95,263.13,14.0,13.6,21.0,0.0,ok,False,48.6,19.3,-4.9,63.8,23.3,16.1,56.3,-16.4,-15.0,0.252,0.309,BMNR,,126,13.6,21.0,,False
26,TT,Trane Technologies plc,Industrials,Building Products & Equipment,Core,98.8,446.8,469.51,18.5,20.1,10.0,0.0,ok,False,48.6,26.1,2.7,6.0,35.9,36.6,34.0,2.0,9.0,0.196,0.373,AVGO,,126,20.1,14.0,,False
27,AXP,American Express Company,Financial Services,Credit Services,Core,223.9,331.5,331.95,21.0,17.5,10.0,0.0,ok,False,48.5,16.5,,12.8,62.3,34.4,38.4,-1.8,-11.4,0.362,0.328,BMNR,,126,17.5,18.0,,False
28,AMZN,"Amazon.com, Inc.",Consumer Cyclical,Internet Retail,Core,2438.1,226.65,246.97,16.0,17.4,17.0,-2.0,ok,False,48.4,22.8,0.4,16.6,50.6,24.3,27.4,-3.4,-11.6,0.54,0.612,GOOG,,126,17.4,17.0,,False
29,RL,Ralph Lauren Corporation,Consumer Cyclical,Apparel Manufacturing,Core,22.4,375.68,382.13,20.0,18.2,10.0,0.0,ok,False,48.2,18.4,2.9,16.6,69.9,34.7,44.2,4.8,2.1,0.299,0.298,BMNR,,126,18.2,13.0,,False
30,RMD,ResMed Inc.,Healthcare,Medical Instruments & Supplies,Core,31.1,214.29,203.58,21.0,17.1,10.0,0.0,ok,False,48.1,17.7,4.7,10.8,62.2,25.2,55.0,-7.5,-21.3,0.061,0.268,GOOG,,126,17.1,17.0,,False
31,ADBE,Adobe Inc.,Technology,Software - Application,Core,104.7,263.43,250.26,23.0,15.0,10.0,0.0,ok,False,48.0,9.6,8.8,12.7,89.4,63.0,68.4,-5.0,-16.9,0.254,0.618,MSFT,,126,15.0,17.0,,False
32,GEN,Gen Digital Inc.,Technology,Software - Infrastructure,Core,16.5,27.63,26.25,22.5,15.1,10.0,0.0,ok,False,47.6,8.4,8.6,27.0,78.5,39.9,63.9,14.7,7.8,0.416,0.543,MSFT,,126,15.1,17.0,,False
33,BX,Blackstone Inc.,Financial Services,Asset Management,Core,161.1,129.4,122.93,22.5,15.1,10.0,0.0,ok,False,47.6,17.3,,28.6,100.0,31.4,61.4,-0.9,-14.8,0.396,0.38,BMNR,,126,15.1,16.0,,False
34,GILD,"Gilead Sciences, Inc.",Healthcare,Drug Manufacturers - General,Core,164.8,132.73,129.39,21.0,16.5,10.0,0.0,ok,False,47.5,13.8,4.8,4.4,79.4,43.4,46.4,1.8,-8.7,0.036,0.088,GOOG,,126,16.5,17.0,,False
35,DECK,Deckers Outdoor Corporation,Consumer Cyclical,Footwear & Accessories,Core,14.1,103.54,105.82,19.5,18.0,10.0,0.0,ok,False,47.5,12.4,,5.7,57.8,42.6,48.7,1.3,1.2,0.233,0.262,GOOG,,126,18.0,12.0,,False
36,STZ,"Constellation Brands, Inc.",Consumer Defensive,Beverages - Brewers,Core,22.5,131.75,138.79,19.5,17.8,10.0,0.0,ok,False,47.3,10.6,9.8,-3.3,52.7,23.7,48.7,-8.7,-20.2,-0.137,0.206,BMNR,,126,17.8,17.0,,False
37,CSCO,"Cisco Systems, Inc.",Technology,Communication Equipment,Core,443.3,112.48,117.48,19.5,17.8,10.0,0.0,ok,False,47.3,23.5,2.1,12.0,64.3,25.2,38.9,27.3,38.9,0.243,0.355,AVGO,,126,17.8,15.0,,False
38,MKC,"McCormick & Company, Incorpora",Consumer Defensive,Packaged Foods,Core,14.0,51.99,49.39,20.0,17.2,10.0,0.0,ok,False,47.2,15.8,5.1,16.7,38.9,24.7,51.7,-10.0,-19.3,-0.154,0.264,NVDA,,126,17.2,16.0,,False
39,TPL,Texas Pacific Land Corporation,Energy,Oil & Gas E&P,Cyclical,26.9,389.41,395.26,18.0,19.1,10.0,0.0,ok,False,47.1,5.3,-0.2,20.8,93.2,36.5,49.4,1.6,5.2,-0.006,0.108,GOOG,,126,19.1,14.0,,False
40,MU,"Micron Technology, Inc.",Technology,Semiconductors,Growth,834.6,739.0,958.4,20.0,17.1,10.0,0.0,ok,False,47.1,4.8,0.9,345.7,72.6,66.6,30.6,44.5,65.0,0.344,0.489,AVGO,,126,17.1,15.0,,False
41,WDC,Western Digital Corporation,Technology,Computer Hardware,Growth,159.3,462.04,557.99,20.0,17.1,10.0,0.0,ok,False,47.1,24.6,1.3,45.5,45.4,85.9,32.1,41.1,60.5,0.386,0.498,AVGO,,126,17.1,14.0,,False
42,MS,Morgan Stanley,Financial Services,Capital Markets,Core,319.3,203.13,213.62,19.5,17.6,10.0,0.0,ok,False,47.1,14.9,,28.0,87.6,,30.8,11.1,7.8,0.481,0.457,BMNR,,126,17.6,16.0,,False
43,TPR,"Tapestry, Inc.",Consumer Cyclical,Luxury Goods,Core,30.3,150.11,142.78,21.5,15.5,10.0,0.0,ok,False,47.0,19.2,5.0,21.2,76.2,60.9,63.5,12.1,14.9,0.213,0.264,GOOG,,126,15.5,13.0,,False
44,FIX,"Comfort Systems USA, Inc.",Industrials,Engineering & Construction,Core,53.5,1519.96,1822.71,17.0,20.0,10.0,0.0,ok,False,47.0,25.3,3.4,1.0,25.7,55.3,30.2,9.5,25.3,0.366,0.458,AVGO,,126,20.0,14.0,,False
45,JBL,Jabil Inc.,Technology,Electronic Components,Core,30.1,287.14,348.77,16.5,20.5,10.0,0.0,ok,False,47.0,17.1,4.0,11.8,9.2,65.9,27.0,3.7,13.1,0.443,0.541,AVGO,,126,20.5,13.0,,False
46,SPGI,S&P Global Inc.,Financial Services,Financial Data & Stock Exchang,Core,123.7,419.64,409.91,19.5,17.4,10.0,0.0,ok,False,46.9,20.8,4.5,10.4,70.1,14.3,43.8,-3.3,-20.5,0.206,0.423,MSFT,,126,17.4,16.0,,False
47,INCY,Incyte Corporation,Healthcare,Biotechnology,Growth,25.8,127.1,120.74,22.5,14.3,10.0,0.0,ok,False,46.8,14.2,,37.7,55.6,30.7,64.7,26.0,20.8,0.053,0.128,BMNR,,126,14.3,16.0,,False
48,TXN,Texas Instruments Incorporated,Technology,Semiconductors,Core,247.8,271.3,299.12,19.0,17.7,10.0,0.0,ok,False,46.7,26.1,1.4,22.8,58.3,35.2,25.9,21.0,22.1,0.181,0.343,AVGO,,126,17.7,14.0,,False
49,BRO,"Brown & Brown, Inc.",Financial Services,Insurance Brokers,Growth,25.1,74.87,71.13,21.5,15.0,10.0,0.0,ok,False,46.5,15.6,6.6,32.4,56.3,10.0,67.4,5.6,-0.5,-0.13,0.363,AVGO,,126,15.0,15.0,,False
50,AMAT,"Applied Materials, Inc.",Technology,Semiconductor Equipment & Mate,Core,346.5,436.45,539.77,18.0,18.5,10.0,0.0,ok,False,46.5,25.8,0.9,11.4,49.0,39.7,25.9,17.9,25.1,0.332,0.514,AVGO,,126,18.5,14.0,,False
51,PG,Procter & Gamble Company (The),Consumer Defensive,Household & Personal Products,Core,340.2,146.1,146.23,18.5,18.0,10.0,0.0,ok,False,46.5,19.7,3.7,7.4,51.0,31.1,50.8,0.2,-4.2,-0.131,0.217,AVGO,,126,18.0,17.0,,False
52,FDS,FactSet Research Systems Inc.,Financial Services,Financial Data & Stock Exchang,Core,10.0,282.04,267.94,21.0,15.4,10.0,0.0,ok,False,46.4,14.3,6.2,6.4,51.4,27.0,69.2,14.6,0.7,0.159,0.603,MSFT,,126,15.4,15.0,,False
53,MAS,Masco Corporation,Industrials,Building Products & Equipment,Core,14.3,72.56,74.58,18.5,17.9,10.0,0.0,ok,False,46.4,15.5,5.2,6.5,35.7,8457.1,41.9,6.6,5.3,0.19,0.184,GOOG,,126,17.9,14.0,,False
54,ESTC,Elastic N.V.,Technology,Software - Application,Speculative,6.7,64.44,61.22,22.0,14.4,10.0,0.0,ok,False,46.4,16.6,6.9,16.0,76.2,33.4,56.4,-0.2,-17.0,0.423,0.667,MSFT,,126,14.4,17.0,,False
55,HBAN,Huntington Bancshares Incorpor,Financial Services,Banks - Regional,Growth,34.0,16.84,17.08,18.0,18.3,10.0,0.0,ok,False,46.3,9.0,,47.1,0.0,9.0,36.4,1.9,-4.2,0.153,0.24,GOOG,,126,18.3,14.0,,False
56,RTX,RTX Corporation,Industrials,Aerospace & Defense,Compounder,290.1,215.25,204.49,15.5,9.8,21.0,0.0,ok,False,46.3,27.6,3.4,14.5,20.3,12.3,75.7,15.5,3.9,-0.014,0.12,AVGO,,126,9.8,21.0,,False
57,HUBB,Hubbell Inc,Industrials,Electrical Equipment & Parts,Core,24.4,460.96,487.37,18.0,18.2,10.0,0.0,ok,False,46.2,20.1,2.2,15.3,35.3,24.4,39.2,-3.6,-9.4,0.143,0.321,NVDA,,126,18.2,14.0,,False
58,TMUS,"T-Mobile US, Inc.",Communication Services,Telecom Services,Core,194.7,181.52,184.17,17.0,19.2,10.0,0.0,ok,False,46.2,12.6,5.8,7.9,63.1,18.0,50.0,-8.4,-6.4,-0.187,0.218,NVDA,,126,19.2,17.0,,False
59,DXCM,"DexCom, Inc.",Healthcare,Medical Devices,Core,29.0,75.14,72.61,20.5,15.7,10.0,0.0,ok,False,46.2,24.4,3.6,15.0,61.5,35.6,54.4,11.1,-2.4,0.183,0.222,MSFT,,126,15.7,17.0,,False
60,ON,ON Semiconductor Corporation,Technology,Semiconductors,Core,30.7,78.86,106.15,16.0,20.1,10.0,0.0,ok,False,46.1,18.2,4.2,4.7,42.7,7.5,27.1,5.6,16.6,0.334,0.456,AVGO,,126,20.1,14.0,,False
61,GE,GE Aerospace,Industrials,Aerospace & Defense,Core,363.8,350.63,342.02,17.5,18.5,10.0,0.0,ok,False,46.0,38.6,1.8,21.1,31.1,48.2,44.4,11.7,15.4,0.242,0.362,GOOG,,126,18.5,14.0,,False
62,FIS,Fidelity National Information ,Technology,Information Technology Service,Growth,24.2,46.81,44.47,20.0,15.9,10.0,0.0,ok,False,45.9,6.8,10.1,30.1,36.3,17.2,68.7,-9.8,-19.9,0.148,0.467,MSFT,,126,15.9,15.0,,False
63,SYF,Synchrony Financial,Financial Services,Credit Services,Core,24.4,74.97,73.37,19.5,16.4,10.0,0.0,ok,False,45.9,7.1,,0.6,0.0,20.8,62.2,1.4,-1.9,0.323,0.308,BMNR,,126,16.4,16.0,,False
64,EQIX,"Equinix, Inc.",Real Estate,REIT - Specialty,Core,99.4,1008.02,1054.95,16.5,19.4,10.0,0.0,ok,False,45.9,52.2,2.7,12.1,51.6,10.1,43.8,9.2,20.0,0.065,0.169,NVDA,,126,19.4,16.0,,False
65,LULU,lululemon athletica inc.,Consumer Cyclical,Apparel Retail,Core,13.5,119.03,118.73,21.0,14.9,10.0,0.0,ok,False,45.9,10.6,8.4,4.3,55.7,32.0,54.5,-25.4,-38.8,0.369,0.442,MSFT,,126,14.9,12.0,,False
66,VICI,VICI Properties Inc.,Real Estate,REIT - Diversified,Core,29.9,27.13,27.05,18.5,17.3,10.0,0.0,ok,False,45.8,9.3,4.3,3.5,99.1,11.3,69.4,-2.0,-4.3,-0.111,0.252,AVGO,,126,17.3,17.0,,False
67,TTD,"The Trade Desk, Inc.",Communication Services,Advertising Agencies,Speculative,9.0,19.09,19.49,20.5,15.3,10.0,0.0,ok,False,45.8,8.9,6.3,11.8,77.8,16.7,45.1,-35.5,-44.9,0.31,0.489,MSFT,,126,15.3,15.0,,False
68,HSY,The Hershey Company,Consumer Defensive,Confectioners,Core,37.3,183.91,180.31,19.5,16.2,10.0,0.0,ok,False,45.7,18.7,4.1,10.6,35.0,23.2,69.6,-3.3,-7.7,-0.208,0.258,AVGO,,126,16.2,16.0,,False
69,MPWR,"Monolithic Power Systems, Inc.",Technology,Semiconductors,Core,61.4,1248.76,1448.65,16.5,19.2,10.0,0.0,ok,False,45.7,40.8,0.8,26.1,55.2,19.6,37.2,3.8,3.0,0.445,0.573,AVGO,,126,19.2,14.0,,False
70,LVS,Las Vegas Sands Corp.,Consumer Cyclical,Resorts & Casinos,Core,31.4,48.55,48.23,19.5,16.2,10.0,0.0,ok,False,45.7,13.7,7.0,-0.7,79.3,122.9,63.6,-12.4,-24.7,0.351,0.49,MSFT,,126,16.2,13.0,,False
71,CINF,Cincinnati Financial Corporati,Financial Services,Insurance - Property & Casualt,Growth,27.8,181.33,173.49,20.5,15.2,10.0,0.0,ok,False,45.7,19.8,,31.6,31.1,21.5,58.3,10.7,10.9,-0.15,0.309,AVGO,,126,15.2,14.0,,False
72,FFIV,"F5, Inc.",Technology,Software - Infrastructure,Core,22.0,386.95,400.45,18.0,17.6,10.0,0.0,ok,False,45.6,21.4,3.4,10.9,81.9,19.8,32.1,24.7,27.5,0.362,0.312,BMNR,,126,17.6,17.0,,False
73,EW,Edwards Lifesciences Corporati,Healthcare,Medical Devices,Core,49.4,85.76,87.42,17.0,18.6,10.0,0.0,ok,False,45.6,25.4,,13.6,77.8,,31.1,2.6,-0.1,0.229,0.288,GOOG,,126,18.6,17.0,,False
74,IDXX,"IDEXX Laboratories, Inc.",Healthcare,Diagnostics & Research,Core,44.9,569.77,556.59,18.0,17.6,10.0,0.0,ok,False,45.6,34.5,1.8,14.3,62.1,72.9,54.2,-8.3,-22.0,0.28,0.326,MSFT,,126,17.6,17.0,,False
75,PPG,"PPG Industries, Inc.",Basic Materials,Specialty Chemicals,Cyclical,24.9,111.83,115.7,17.5,18.1,10.0,0.0,ok,False,45.6,12.9,2.9,6.7,41.7,20.7,43.0,3.0,-5.5,0.2,0.264,GOOG,,126,18.1,12.0,,False
76,EBAY,eBay Inc.,Consumer Cyclical,Internet Retail,Core,51.2,115.3,111.6,20.0,15.5,10.0,0.0,ok,False,45.5,17.1,2.3,19.5,71.8,42.9,46.0,20.2,17.0,0.272,0.331,GOOG,,126,15.5,13.0,,False
77,PATH,"UiPath, Inc.",Technology,Software - Infrastructure,Speculative,6.5,12.59,11.96,20.5,15.0,10.0,0.0,ok,False,45.5,13.9,7.8,17.3,83.0,18.2,58.0,-1.9,-15.6,0.324,0.586,MSFT,,126,15.0,17.0,,False
78,VST,Vistra Corp.,Utilities,Utilities - Independent Power ,Growth,48.2,142.81,155.54,16.5,19.0,10.0,0.0,ok,False,45.5,13.6,-0.3,43.4,38.6,42.9,36.0,-12.9,-18.4,0.301,0.35,AVGO,,126,19.0,18.0,,False
79,EQT,EQT Corporation,Energy,Oil & Gas E&P,Cyclical,32.9,52.57,52.75,18.5,16.9,10.0,0.0,ok,False,45.4,13.2,7.5,-3.9,80.7,11.1,60.2,-6.4,-10.4,-0.042,0.127,GOOG,,126,16.9,14.0,,False
80,NBIS,Nebius Group N.V.,Communication Services,Internet Content & Information,Growth,37.6,148.22,224.07,14.5,20.9,10.0,0.0,ok,False,45.4,,-16.3,683.9,72.1,14.1,31.6,5.4,42.7,0.446,0.476,NVDA,,126,20.9,15.0,,False
81,POOL,Pool Corporation,Industrials,Industrial Distribution,Speculative,7.0,193.45,195.45,16.5,18.9,10.0,0.0,ok,False,45.4,16.4,2.9,2.2,29.6,31.3,35.9,-13.8,-29.0,0.088,0.153,GOOG,,126,18.9,14.0,,False
82,MCD,McDonald's Corporation,Consumer Cyclical,Restaurants,Core,192.9,271.52,274.99,16.5,18.9,10.0,0.0,ok,False,45.4,19.2,3.1,9.4,57.3,,44.1,-8.9,-17.0,-0.055,0.225,NVDA,,126,18.9,12.0,,False
83,ZBRA,Zebra Technologies Corporation,Technology,Communication Equipment,Core,13.5,282.98,268.83,18.5,16.8,10.0,0.0,ok,False,45.3,13.7,4.1,14.3,48.2,11.8,57.4,14.9,14.9,0.294,0.217,NVDA,,126,16.8,14.0,,False
84,GDDY,GoDaddy Inc.,Technology,Software - Infrastructure,Core,13.9,105.1,99.84,20.5,14.8,10.0,0.0,ok,False,45.3,9.8,9.7,6.1,63.8,398.2,74.3,4.1,-3.2,0.071,0.386,MSFT,,126,14.8,17.0,,False
85,ROP,"Roper Technologies, Inc.",Technology,Software - Application,Core,40.4,408.07,387.67,18.5,16.8,10.0,0.0,ok,False,45.3,16.8,5.6,8.5,69.5,13.1,69.3,6.5,9.0,0.048,0.367,MSFT,,126,16.8,17.0,,False
86,CRM,"Salesforce, Inc.",Technology,Software - Application,Core,154.3,188.38,178.96,20.0,15.3,10.0,0.0,ok,False,45.3,12.1,10.7,13.3,77.6,16.9,68.0,-8.0,-21.8,0.312,0.718,MSFT,,126,15.3,17.0,,False
87,NOW,"ServiceNow, Inc.",Technology,Software - Application,Core,119.7,115.76,109.97,19.5,15.7,10.0,0.0,ok,False,45.2,23.1,4.3,24.0,74.8,14.2,56.8,-7.9,-15.5,0.353,0.733,MSFT,,126,15.7,17.0,,False
88,TEL,TE Connectivity plc,Technology,Electronic Components,Core,60.0,206.95,205.45,18.5,16.7,10.0,0.0,ok,False,45.2,16.0,3.9,13.8,36.1,23.3,58.4,-5.4,-10.9,0.341,0.309,BMNR,,126,16.7,13.0,,False
89,AIG,"American International Group, ",Financial Services,Insurance - Diversified,Core,42.5,80.2,76.75,17.0,18.2,10.0,0.0,ok,False,45.2,9.1,22.4,1.4,35.5,7.7,53.9,4.4,5.8,-0.075,0.174,AVGO,,126,18.2,14.0,,False
90,BR,Broadridge Financial Solutions,Technology,Information Technology Service,Core,18.4,159.2,151.24,19.0,16.1,10.0,0.0,ok,False,45.1,15.3,6.5,7.8,31.3,42.3,64.8,-12.7,-26.2,0.043,0.482,MSFT,,126,16.1,15.0,,False
91,APH,Amphenol Corporation,Technology,Electronic Components,Growth,184.9,150.31,152.23,18.5,16.6,10.0,0.0,ok,False,45.1,25.1,1.9,58.4,37.9,36.8,36.5,6.3,-1.5,0.326,0.407,AVGO,,126,16.6,13.0,,False
92,ADI,"Analog Devices, Inc.",Technology,Semiconductors,Growth,172.1,353.37,399.34,17.5,17.6,10.0,0.0,ok,False,45.1,23.5,2.2,37.2,64.5,9.6,26.7,7.5,7.1,0.274,0.453,AVGO,,126,17.6,15.0,,False
93,MCO,Moody's Corporation,Financial Services,Financial Data & Stock Exchang,Core,83.7,483.24,466.28,19.0,16.0,10.0,0.0,ok,False,45.0,25.6,3.1,15.1,75.0,76.9,48.1,2.8,-10.9,0.231,0.393,MSFT,,126,16.0,16.0,,False
94,FDX,FedEx Corporation,Industrials,Integrated Freight & Logistics,Core,73.0,308.61,319.57,17.5,17.5,10.0,0.0,ok,False,45.0,15.1,7.7,12.5,27.3,14.8,47.9,12.9,17.8,0.101,0.24,GOOG,,126,17.5,14.0,,False
95,WDAY,"Workday, Inc.",Technology,Software - Application,Core,41.5,168.01,159.61,20.5,14.5,10.0,0.0,ok,False,45.0,13.3,7.5,13.5,75.8,10.9,68.6,1.0,-16.0,0.225,0.667,MSFT,,126,14.5,17.0,,False
96,TDG,Transdigm Group Incorporated,Industrials,Aerospace & Defense,Core,70.7,1264.6,1260.75,17.5,17.5,10.0,0.0,ok,False,45.0,26.9,2.2,18.3,59.7,,44.7,-1.3,-15.3,0.248,0.314,GOOG,,126,17.5,15.0,,False
97,ULTA,"Ulta Beauty, Inc.",Consumer Cyclical,Specialty Retail,Core,21.8,508.09,482.69,21.0,13.9,10.0,0.0,ok,False,44.9,15.9,4.5,11.1,43.2,47.4,76.5,-8.5,-25.2,0.105,0.122,MSFT,,126,13.9,12.0,,False
98,ADSK,"Autodesk, Inc.",Technology,Software - Application,Core,51.8,245.25,232.99,22.0,12.9,10.0,0.0,ok,False,44.9,17.2,5.9,18.4,92.4,50.4,73.1,-3.7,-13.4,0.239,0.551,MSFT,,126,12.9,17.0,,False
99,CF,"CF Industries Holdings, Inc.",Basic Materials,Agricultural Inputs,Cyclical,19.6,127.35,120.98,20.0,14.8,10.0,0.0,ok,False,44.8,11.3,5.5,19.4,39.1,27.3,68.6,24.6,33.1,-0.282,0.36,GOOG,,126,14.8,11.0,,False
100,MSCI,MSCI Inc.,Financial Services,Financial Data & Stock Exchang,Core,42.4,582.92,595.74,17.5,17.3,10.0,0.0,ok,False,44.8,25.9,2.8,12.2,83.0,,44.6,2.3,-9.3,0.247,0.432,MSFT,,126,17.3,16.0,,False
101,UNP,Union Pacific Corporation,Industrials,Railroads,Core,173.6,292.19,277.58,20.0,14.8,10.0,0.0,ok,False,44.8,20.7,2.7,11.5,56.3,39.7,56.2,17.7,24.8,-0.243,0.241,MSFT,,126,14.8,15.0,,False
102,SBAC,SBA Communications Corporation,Real Estate,REIT - Specialty,Core,19.8,186.29,191.17,16.5,18.3,10.0,0.0,ok,False,44.8,23.0,3.6,5.9,74.2,,54.5,-3.3,-2.4,-0.041,0.218,AVGO,,126,18.3,17.0,,False
103,SWKS,"Skyworks Solutions, Inc.",Technology,Semiconductors,Speculative,9.2,61.19,68.84,14.5,20.3,10.0,0.0,ok,False,44.8,12.3,7.5,-1.0,41.1,6.2,52.9,-4.0,8.1,0.187,0.29,AVGO,,126,20.3,14.0,,False
104,UHS,"Universal Health Services, Inc",Healthcare,Medical Care Facilities,Core,10.2,168.16,159.75,19.0,15.7,10.0,0.0,ok,False,44.7,6.9,4.9,8.3,44.6,20.9,64.7,-12.3,-21.8,-0.047,0.076,GOOG,,126,15.7,16.0,,False
105,FTNT,"Fortinet, Inc.",Technology,Software - Infrastructure,Core,112.3,153.22,148.43,19.0,15.7,10.0,0.0,ok,False,44.7,43.4,1.6,20.1,80.3,132.4,36.5,53.5,81.8,0.315,0.383,MSFT,,126,15.7,17.0,,False
106,COHU,"Cohu, Inc.",Technology,Semiconductor Equipment & Mate,Speculative,1.9,39.34,55.8,14.0,20.6,10.0,0.0,ok,False,44.6,26.6,3.7,29.3,43.5,-7.0,26.7,8.1,30.9,0.324,0.5,AVGO,,126,20.6,14.0,,False
107,PGR,Progressive Corporation (The),Financial Services,Insurance - Property & Casualt,Core,127.9,219.99,210.26,18.0,16.6,10.0,0.0,ok,False,44.6,13.5,,7.3,18.5,34.9,42.6,6.2,-1.3,-0.286,0.349,AVGO,,126,16.6,14.0,,False
108,HLT,Hilton Worldwide Holdings Inc.,Consumer Cyclical,Lodging,Growth,72.4,321.72,332.92,17.5,17.1,10.0,0.0,ok,False,44.6,30.8,,152.0,80.2,,35.6,5.5,3.8,0.273,0.408,GOOG,,126,17.1,13.0,,False
109,AON,Aon plc,Financial Services,Insurance Brokers,Core,80.6,377.16,358.3,20.5,14.1,10.0,0.0,ok,False,44.6,17.7,4.1,6.5,47.3,46.4,62.4,12.3,8.7,-0.18,0.382,AVGO,,126,14.1,15.0,,False
110,CDNS,"Cadence Design Systems, Inc.",Technology,Software - Application,Core,91.6,332.76,371.55,18.0,18.6,10.0,-2.0,ok,False,44.6,34.9,1.7,24.2,85.9,23.2,27.8,1.6,-1.0,0.548,0.476,MSFT,,126,18.6,17.0,,False
111,ALGN,"Align Technology, Inc.",Healthcare,Medical Instruments & Supplies,Core,12.9,180.08,173.18,18.5,16.1,10.0,0.0,ok,False,44.6,14.6,4.1,6.2,69.9,10.8,52.4,8.3,4.3,0.362,0.278,GOOG,,126,16.1,17.0,,False
112,AAPL,Apple Inc.,Technology,Consumer Electronics,Core,4967.1,338.19,321.28,20.5,14.1,10.0,0.0,ok,False,44.6,35.0,2.0,16.6,47.9,141.5,68.6,22.1,27.3,0.272,0.243,MSFT,,126,14.1,14.0,,False
113,GS,"Goldman Sachs Group, Inc. (The",Financial Services,Capital Markets,Growth,289.3,980.75,1045.24,19.5,17.0,10.0,-2.0,ok,False,44.5,13.3,,42.5,82.1,17.0,39.9,8.0,0.9,0.516,0.553,NVDA,,126,17.0,16.0,,False
114,FTV,Fortive Corporation,Technology,Scientific & Technical Instrum,Core,18.0,59.54,60.84,17.0,17.5,10.0,0.0,ok,False,44.5,18.5,5.3,7.7,63.3,6.8,44.8,5.1,8.2,0.022,0.117,MSFT,,126,17.5,15.0,,False
115,TKO,"TKO Group Holdings, Inc.",Communication Services,Entertainment,Core,35.8,187.35,194.84,17.5,16.9,10.0,0.0,ok,False,44.4,40.6,2.3,25.9,59.1,6.7,48.5,-4.2,-7.9,0.165,0.146,MSFT,,126,16.9,14.0,,False
116,VRTX,Vertex Pharmaceuticals Incorpo,Healthcare,Biotechnology,Core,122.7,483.33,466.54,18.5,15.9,10.0,0.0,ok,False,44.4,22.7,2.3,7.8,54.4,24.2,40.8,6.9,-3.7,0.079,0.212,BMNR,,126,15.9,16.0,,False
117,GOOGL,Alphabet Inc.,Communication Services,Internet Content & Information,Core,4117.9,336.71,360.57,19.0,17.4,10.0,-2.0,ok,False,44.4,22.9,0.6,24.2,60.9,48.7,39.7,3.6,-4.5,0.536,0.995,GOOG,,126,17.4,15.0,,False
118,WYNN,"Wynn Resorts, Limited",Consumer Cyclical,Resorts & Casinos,Core,10.3,99.01,100.19,16.5,17.9,10.0,0.0,ok,False,44.4,18.8,3.5,9.2,68.1,,50.5,-9.9,-16.7,0.308,0.262,MSFT,,126,17.9,13.0,,False
119,LLY,Eli Lilly and Company,Healthcare,Drug Manufacturers - General,Growth,1079.0,1210.02,1149.52,19.5,14.8,10.0,0.0,ok,False,44.3,26.9,0.8,55.5,82.8,107.5,48.5,18.7,13.7,0.046,0.184,GOOG,,126,14.8,17.0,,False
120,DAL,"Delta Air Lines, Inc.",Industrials,Airlines,Core,56.7,86.25,83.83,17.0,17.3,10.0,0.0,ok,False,44.3,9.7,5.0,18.7,18.7,20.1,43.4,22.8,27.2,0.33,0.328,GOOG,,126,17.3,14.0,,False
121,ARES,Ares Management Corporation,Financial Services,Asset Management,Core,41.1,124.6,123.12,19.0,15.3,10.0,0.0,ok,False,44.3,17.3,4.3,28.3,37.6,14.2,55.9,-5.6,-19.7,0.425,0.395,BMNR,,126,15.3,14.0,,False
122,TXT,Textron Inc.,Industrials,Aerospace & Defense,Core,14.7,85.65,91.04,15.5,18.8,10.0,0.0,ok,False,44.3,11.9,8.2,3.0,17.7,12.1,39.4,-4.3,-6.1,0.053,0.153,MSFT,,126,18.8,14.0,,False
123,WFC,Wells Fargo & Company,Financial Services,Banks - Diversified,Core,253.6,83.87,82.98,16.5,17.8,10.0,0.0,ok,False,44.3,10.7,,9.5,0.0,12.6,39.9,-0.4,-8.6,0.117,0.198,BMNR,,126,17.8,14.0,,False
124,AVY,Avery Dennison Corporation,Consumer Cyclical,Packaging & Containers,Core,12.8,167.14,159.55,19.0,15.3,10.0,0.0,ok,False,44.3,15.0,6.3,7.0,28.8,30.9,60.2,-2.1,-13.4,-0.01,0.165,GOOG,,126,15.3,11.0,,False
125,V,Visa Inc.,Financial Services,Credit Services,Core,677.4,368.73,350.29,20.5,13.8,10.0,0.0,ok,False,44.3,24.7,3.1,17.1,97.8,60.3,68.1,12.0,8.4,0.053,0.235,MSFT,,126,13.8,18.0,,False
126,BLK,"BlackRock, Inc.",Financial Services,Asset Management,Growth,175.5,1079.19,1030.48,19.5,14.8,10.0,0.0,ok,False,44.3,16.8,,30.6,47.2,,61.2,3.2,-7.6,0.43,0.434,GOOG,,126,14.8,15.0,,False
127,CPAY,"Corpay, Inc.",Technology,Software - Infrastructure,Core,25.7,392.85,373.21,22.5,11.8,10.0,0.0,ok,False,44.3,12.8,8.2,25.4,79.7,32.1,74.2,22.9,18.8,0.191,0.21,MSFT,,126,11.8,17.0,,False
128,OMC,Omnicom Group Inc.,Communication Services,Advertising Agencies,Growth,22.7,82.58,78.45,18.5,15.7,10.0,0.0,ok,False,44.2,6.8,22.4,69.2,18.4,2.0,53.3,9.3,5.3,0.139,0.249,MSFT,,126,15.7,13.0,,False
129,YUM,"Yum! Brands, Inc.",Consumer Cyclical,Restaurants,Core,41.9,151.92,153.53,16.5,17.7,10.0,0.0,ok,False,44.2,20.4,3.0,15.2,45.7,,29.0,-0.7,-5.2,-0.125,0.168,AVGO,,126,17.7,12.0,,False
130,STX,Seagate Technology Holdings PL,Technology,Computer Hardware,Growth,173.5,764.43,885.37,17.5,16.7,10.0,0.0,ok,False,44.2,13.8,0.9,44.1,41.6,1788.0,39.0,49.5,68.2,0.339,0.424,AVGO,,126,16.7,14.0,,False
131,ISRG,"Intuitive Surgical, Inc.",Healthcare,Medical Instruments & Supplies,Core,126.5,353.1,402.9,18.0,16.1,10.0,0.0,ok,False,44.1,29.3,2.1,18.5,66.7,17.4,33.8,-26.8,-37.2,0.334,0.367,MSFT,,126,16.1,17.0,,False
132,TROW,"T. Rowe Price Group, Inc.",Financial Services,Asset Management,Core,25.5,118.87,112.93,19.5,14.6,10.0,0.0,ok,False,44.1,11.5,7.4,5.3,52.0,18.7,53.3,18.5,11.2,0.43,0.401,BMNR,,126,14.6,15.0,,False
133,HPE,Hewlett Packard Enterprise Com,Technology,Communication Equipment,Growth,58.8,44.44,45.32,17.5,16.6,10.0,0.0,ok,False,44.1,11.1,6.5,40.0,33.8,6.3,37.7,53.0,101.8,0.288,0.475,AVGO,,126,16.6,13.0,,False
134,NTRS,Northern Trust Corporation,Financial Services,Asset Management,Growth,21.8,177.65,175.09,17.5,16.6,10.0,0.0,ok,False,44.1,14.1,,36.4,0.0,17.1,42.7,18.8,14.6,0.328,0.314,BMNR,,126,16.6,14.0,,False
135,APP,Applovin Corporation,Communication Services,Advertising Agencies,Growth,134.2,399.46,494.01,22.0,12.0,10.0,0.0,ok,True,44.0,18.4,2.4,59.0,88.4,266.4,20.0,-23.5,-31.2,0.465,0.39,BMNR,,126,15.5,15.0,,False
136,KLIC,"Kulicke and Soffa Industries, ",Technology,Semiconductor Equipment & Mate,Growth,4.3,82.86,109.34,14.0,20.0,10.0,0.0,ok,False,44.0,19.6,-0.0,49.8,49.8,6.4,27.5,14.7,37.9,0.3,0.428,AVGO,,126,20.0,14.0,,False
137,AOS,A.O. Smith Corporation,Industrials,Specialty Industrial Machinery,Speculative,8.6,62.04,59.26,18.0,16.0,10.0,0.0,ok,False,44.0,14.9,5.8,-1.9,38.8,28.3,61.2,-5.3,-14.6,0.025,0.167,NVDA,,126,16.0,14.0,,False
138,HCA,"HCA Healthcare, Inc.",Healthcare,Medical Care Facilities,Core,88.4,408.18,387.77,17.0,17.0,10.0,0.0,ok,False,44.0,12.7,4.1,8.7,42.6,,49.7,-10.5,-21.5,-0.028,0.156,GOOG,,126,17.0,16.0,,False
139,SCHW,Charles Schwab Corporation (Th,Financial Services,Capital Markets,Core,181.7,104.47,99.25,21.5,12.5,10.0,0.0,ok,False,44.0,13.3,,20.9,97.5,20.3,57.4,9.9,-3.2,0.214,0.281,MSFT,,126,12.5,16.0,,False
140,JPM,JP Morgan Chase & Co.,Financial Services,Banks - Diversified,Growth,916.3,344.71,327.47,19.0,14.9,10.0,0.0,ok,False,43.9,13.9,,30.4,0.0,17.8,58.5,11.6,10.9,0.201,0.283,BMNR,,126,14.9,14.0,,False
141,KEY,KeyCorp,Financial Services,Banks - Regional,Core,23.8,22.18,22.43,17.5,16.4,10.0,0.0,ok,False,43.9,10.4,,10.1,0.0,10.3,36.5,8.3,1.3,0.175,0.224,GOOG,,126,16.4,14.0,,False
142,AMP,"Ameriprise Financial, Inc.",Financial Services,Asset Management,Core,47.8,540.29,513.28,22.5,11.4,10.0,0.0,ok,False,43.9,10.5,,11.6,54.9,63.4,74.1,14.1,4.0,0.236,0.233,BMNR,,126,11.4,15.0,,False
143,CL,Colgate-Palmolive Company,Consumer Defensive,Household & Personal Products,Core,74.8,93.49,90.39,19.5,14.4,10.0,0.0,ok,False,43.9,23.1,4.4,8.4,60.1,363.6,59.1,10.1,6.5,-0.136,0.291,AVGO,,126,14.4,18.0,,False
144,PODD,Insulet Corporation,Healthcare,Medical Devices,Growth,11.8,170.62,162.09,20.5,13.3,10.0,0.0,ok,False,43.8,21.2,2.1,33.9,71.0,23.0,66.7,-27.0,-38.8,0.074,0.195,MSFT,,126,13.3,17.0,,False
145,VEEV,Veeva Systems Inc.,Healthcare,Health Information Services,Core,33.8,207.91,197.51,18.0,15.8,10.0,0.0,ok,False,43.8,20.7,3.7,16.3,75.0,13.9,63.9,1.6,-9.5,0.308,0.652,MSFT,,126,15.8,19.0,,False
146,CMCSA,Comcast Corporation,Communication Services,Telecom Services,Core,87.3,24.61,23.63,18.0,15.7,10.0,0.0,ok,False,43.7,6.8,14.5,-1.2,69.4,11.5,58.7,-6.8,-16.0,-0.061,0.135,NVDA,,126,15.7,17.0,,False
147,MGM,MGM Resorts International,Consumer Cyclical,Resorts & Casinos,Core,11.7,45.83,45.72,16.0,17.7,10.0,0.0,ok,False,43.7,20.8,4.5,4.2,44.2,13.5,44.7,20.4,35.1,0.217,0.287,MSFT,,126,17.7,12.0,,False
148,KVUE,Kenvue Inc.,Consumer Defensive,Household & Personal Products,Core,38.0,19.79,18.8,18.5,15.2,10.0,0.0,ok,False,43.7,15.9,4.9,4.5,58.6,15.7,61.2,14.8,12.0,-0.093,0.238,AVGO,,126,15.2,17.0,,False
149,PLTR,Palantir Technologies Inc.,Technology,Software - Infrastructure,Growth,294.9,123.0,131.22,20.0,15.7,10.0,-2.0,ok,False,43.7,58.7,0.6,84.7,84.1,32.6,43.1,-19.8,-26.7,0.549,0.574,MSFT,,126,15.7,17.0,,False
150,UPS,"United Parcel Service, Inc.",Industrials,Integrated Freight & Logistics,Core,88.9,104.56,108.39,15.5,18.1,10.0,0.0,ok,False,43.6,13.0,5.6,7.6,20.9,29.6,39.5,3.5,-0.9,0.033,0.13,GOOG,,126,18.1,14.0,,False
151,DASH,"DoorDash, Inc.",Consumer Cyclical,Internet Retail,Growth,84.3,193.53,183.85,16.5,17.1,10.0,0.0,ok,False,43.6,24.9,2.7,33.1,51.8,9.9,50.9,0.9,-11.2,0.45,0.513,MSFT,,126,17.1,12.0,,False
152,ELV,"Elevance Health, Inc.",Healthcare,Healthcare Plans,Core,81.5,375.98,396.98,16.0,17.6,10.0,0.0,ok,False,43.6,12.7,5.3,1.4,26.0,11.1,31.9,7.9,6.3,0.06,0.118,GOOG,,126,17.6,15.0,,False
153,BMY,Bristol-Myers Squibb Company,Healthcare,Drug Manufacturers - General,Core,128.9,63.1,59.94,20.5,13.1,10.0,0.0,ok,False,43.6,10.2,7.6,2.6,72.0,38.7,69.6,16.2,13.2,-0.109,0.238,AVGO,,126,13.1,17.0,,False
154,IT,"Gartner, Inc.",Technology,Information Technology Service,Core,11.1,165.65,157.37,19.5,14.1,10.0,0.0,ok,False,43.6,10.8,9.6,-1.5,69.0,94.9,72.6,-10.5,-31.5,0.117,0.515,MSFT,,126,14.1,17.0,,False
155,DOV,Dover Corporation,Industrials,Specialty Industrial Machinery,Core,26.7,197.99,214.53,16.0,17.6,10.0,0.0,ok,False,43.6,17.0,3.4,6.9,40.1,14.9,38.2,-3.7,-8.3,0.152,0.216,GOOG,,126,17.6,15.0,,False
156,HIG,"The Hartford Insurance Group, ",Financial Services,Insurance - Diversified,Core,39.9,145.68,138.4,20.0,13.6,10.0,0.0,ok,False,43.6,10.6,13.8,8.1,37.9,22.1,63.7,8.9,7.6,-0.208,0.293,AVGO,,126,13.6,14.0,,False
157,CSX,CSX Corporation,Industrials,Railroads,Core,94.0,50.74,48.2,19.0,14.6,10.0,0.0,ok,False,43.6,22.4,2.1,10.1,47.1,24.4,57.4,23.8,31.8,-0.036,0.189,MSFT,,126,14.6,15.0,,False
158,GL,Globe Life Inc.,Financial Services,Insurance - Life,Core,14.0,179.68,170.7,17.5,16.0,10.0,0.0,ok,False,43.5,10.9,,8.0,33.9,,51.4,21.8,25.4,0.035,0.246,GOOG,,126,16.0,14.0,,False
159,KMB,Kimberly-Clark Corporation,Consumer Defensive,Household & Personal Products,Core,37.6,113.21,107.55,17.0,16.5,10.0,0.0,ok,False,43.5,15.0,2.8,2.7,37.1,111.7,58.1,11.3,11.9,-0.099,0.24,AVGO,,126,16.5,16.0,,False
160,PEP,"Pepsico, Inc.",Consumer Defensive,Beverages - Non-Alcoholic,Core,196.0,143.5,141.51,17.0,16.5,10.0,0.0,ok,False,43.5,16.0,4.0,6.4,54.2,51.5,62.2,-2.8,-6.3,-0.177,0.292,AVGO,,126,16.5,17.0,,False
161,PH,Parker-Hannifin Corporation,Industrials,Specialty Industrial Machinery,Core,119.9,951.07,925.13,18.5,15.0,10.0,0.0,ok,False,43.5,27.9,2.3,10.6,37.4,24.8,50.7,5.4,-0.6,0.047,0.289,NVDA,,126,15.0,14.0,,False
162,MSI,"Motorola Solutions, Inc.",Technology,Communication Equipment,Core,72.1,434.2,412.49,17.0,16.5,10.0,0.0,ok,False,43.5,23.4,2.5,7.4,51.5,99.3,60.6,4.8,2.9,0.002,0.156,AVGO,,126,16.5,14.0,,False
163,UAL,"United Airlines Holdings, Inc.",Industrials,Airlines,Core,38.8,119.42,117.05,15.5,18.0,10.0,0.0,ok,False,43.5,7.7,2.3,16.0,31.8,23.3,35.1,13.4,9.0,0.365,0.314,GOOG,,126,18.0,14.0,,False
164,PYPL,"PayPal Holdings, Inc.",Financial Services,Credit Services,Core,49.9,58.35,55.43,20.0,13.4,10.0,0.0,ok,False,43.4,10.1,9.3,4.8,40.5,24.5,89.0,12.2,3.7,0.309,0.404,MSFT,,126,13.4,17.0,,False
165,ESS,"Essex Property Trust, Inc.",Real Estate,REIT - Residential,Core,20.5,296.8,284.61,18.0,15.4,10.0,0.0,ok,False,43.4,48.2,4.8,6.4,68.9,10.6,58.7,14.6,18.4,0.006,0.204,AVGO,,126,15.4,17.0,,False
166,CCL,Carnival Corporation Ltd.,Consumer Cyclical,Travel Services,Core,38.1,27.81,27.48,17.5,15.9,10.0,0.0,ok,False,43.4,10.5,5.0,5.3,55.7,26.7,59.1,0.1,-7.0,0.333,0.416,GOOG,,126,15.9,14.0,,False
167,URI,"United Rentals, Inc.",Industrials,Rental & Leasing Services,Core,65.7,1055.11,1055.67,18.0,15.4,10.0,0.0,ok,False,43.4,18.7,2.6,11.8,38.5,28.9,45.3,17.2,12.5,0.045,0.109,AVGO,,126,15.4,16.0,,False
168,NTAP,"NetApp, Inc.",Technology,Software - Infrastructure,Core,34.0,173.23,164.57,19.0,14.4,10.0,0.0,ok,False,43.4,17.6,3.8,12.5,70.7,106.7,51.7,44.9,71.0,0.293,0.293,AVGO,,126,14.4,17.0,,False
169,EFX,"Equifax, Inc.",Industrials,Consulting Services,Core,22.0,187.05,177.7,18.0,15.4,10.0,0.0,ok,False,43.4,18.4,4.3,10.6,55.5,14.3,65.9,-2.4,-13.2,0.132,0.391,MSFT,,126,15.4,17.0,,False
170,AFL,AFLAC Incorporated,Financial Services,Insurance - Life,Core,65.5,128.67,122.24,20.5,12.8,10.0,0.0,ok,False,43.3,17.1,7.5,27.9,50.0,16.5,71.6,14.5,14.5,-0.275,0.309,AVGO,,126,12.8,15.0,,False
171,OXY,Occidental Petroleum Corporati,Energy,Oil & Gas E&P,Cyclical,55.7,56.03,54.82,16.0,17.3,10.0,0.0,ok,False,43.3,14.3,5.4,-8.3,69.8,4.1,63.9,12.6,21.3,-0.251,0.377,GOOG,,126,17.3,14.0,,False
172,T,AT&T Inc.,Communication Services,Telecom Services,Core,164.0,23.94,22.74,19.0,14.3,10.0,0.0,ok,False,43.3,9.3,6.2,2.3,59.7,18.3,78.1,-2.9,-3.0,-0.264,0.215,GOOG,,126,14.3,16.0,,False
173,JCI,Johnson Controls International,Industrials,Building Products & Equipment,Core,85.1,139.42,141.63,16.0,17.3,10.0,0.0,ok,False,43.3,24.2,3.4,8.2,36.6,13.4,47.0,7.4,15.3,0.149,0.353,AVGO,,126,17.3,14.0,,False
174,C,"Citigroup, Inc.",Financial Services,Banks - Diversified,Core,213.2,127.13,134.7,16.0,17.3,10.0,0.0,ok,False,43.3,9.9,,14.5,0.0,8.5,28.4,7.9,7.6,0.396,0.372,BMNR,,126,17.3,14.0,,False
175,VLTO,Veralto Corp,Industrials,Pollution & Treatment Controls,Core,24.1,98.83,93.89,19.5,13.7,10.0,0.0,ok,False,43.2,20.9,3.2,6.8,59.9,36.5,68.1,5.5,-4.4,0.1,0.186,MSFT,,126,13.7,15.0,,False
176,PSA,Public Storage,Real Estate,REIT - Industrial,Core,61.5,329.44,314.81,18.0,15.2,10.0,0.0,ok,False,43.2,33.8,3.8,3.2,74.8,20.2,59.0,13.9,17.8,0.007,0.135,GOOG,,126,15.2,17.0,,False
177,HWM,Howmet Aerospace Inc.,Industrials,Aerospace & Defense,Core,109.1,272.79,268.34,17.0,16.2,10.0,0.0,ok,False,43.2,45.1,1.1,19.1,35.0,33.8,49.1,16.0,24.7,0.253,0.329,NVDA,,126,16.2,14.0,,False
178,ABNB,"Airbnb, Inc.",Consumer Cyclical,Travel Services,Core,90.8,153.01,145.36,20.5,12.7,10.0,0.0,ok,False,43.2,25.4,3.5,17.9,82.9,32.3,59.4,15.7,11.5,0.466,0.426,MSFT,,126,12.7,15.0,,False
179,CPRT,"Copart, Inc.",Industrials,Specialty Business Services,Core,28.5,30.82,30.12,17.0,16.2,10.0,0.0,ok,False,43.2,18.3,3.5,2.1,47.5,17.6,67.9,-14.4,-29.0,0.071,0.305,MSFT,,126,16.2,17.0,,False
180,BSX,Boston Scientific Corporation,Healthcare,Medical Devices,Core,68.4,46.04,47.01,19.5,13.7,10.0,0.0,ok,False,43.2,12.4,4.1,11.6,68.9,14.7,55.8,-37.5,-55.8,0.07,0.094,GOOG,,126,13.7,17.0,,False
181,ERIE,Erie Indemnity Company,Financial Services,Insurance Brokers,Core,13.0,248.55,236.12,16.0,17.2,10.0,0.0,ok,False,43.2,17.7,3.4,2.3,17.9,25.9,50.3,-3.7,-12.9,-0.219,0.335,AVGO,,126,17.2,14.0,,False
182,PFG,Principal Financial Group Inc,Financial Services,Asset Management,Core,24.3,113.18,108.27,18.0,15.2,10.0,0.0,ok,False,43.2,11.0,,6.4,47.3,12.9,54.2,21.1,17.5,0.206,0.242,GOOG,,126,15.2,15.0,,False
183,CMG,"Chipotle Mexican Grill, Inc.",Consumer Cyclical,Restaurants,Core,43.9,34.24,32.62,17.0,16.1,10.0,0.0,ok,False,43.1,25.3,2.5,7.4,39.6,49.2,48.2,-2.1,-17.4,0.19,0.255,MSFT,,126,16.1,11.0,,False
184,ZTS,Zoetis Inc.,Healthcare,Drug Manufacturers - Specialty,Core,32.7,77.93,76.8,19.5,13.6,10.0,0.0,ok,False,43.1,10.5,5.5,2.9,71.8,67.7,65.3,-29.0,-40.2,0.069,0.132,GOOG,,126,13.6,17.0,,False
185,BIIB,Biogen Inc.,Healthcare,Drug Manufacturers - General,Core,30.9,209.23,199.95,18.0,15.1,10.0,0.0,ok,False,43.1,12.6,6.2,1.9,78.7,7.7,56.7,14.5,14.8,-0.093,0.125,GOOG,,126,15.1,17.0,,False
186,NVR,"NVR, Inc.",Consumer Cyclical,Residential Construction,Core,17.1,6381.79,6366.95,16.0,17.1,10.0,0.0,ok,False,43.1,15.6,,-10.9,21.8,31.5,47.3,-8.2,-21.2,-0.018,0.205,GOOG,,126,17.1,11.0,,False
187,DHI,"D.R. Horton, Inc.",Consumer Cyclical,Residential Construction,Core,41.2,147.16,150.59,15.0,18.1,10.0,0.0,ok,False,43.1,12.5,5.9,0.0,21.3,12.6,46.6,-1.7,-6.3,0.059,0.185,GOOG,,126,18.1,11.0,,False
188,MNST,Monster Beverage Corporation,Consumer Defensive,Beverages - Non-Alcoholic,Core,95.1,97.23,93.09,18.0,15.1,10.0,0.0,ok,False,43.1,37.5,1.8,26.9,55.5,26.7,51.8,21.1,15.3,0.091,0.178,GOOG,,126,15.1,17.0,,False
189,CBOE,"Cboe Global Markets, Inc.",Financial Services,Financial Data & Stock Exchang,Core,32.2,307.81,292.42,18.5,14.5,10.0,0.0,ok,False,43.0,20.5,3.1,6.5,54.1,25.1,82.8,10.9,12.0,-0.062,0.173,AVGO,,126,14.5,15.0,,False
190,HAL,Halliburton Company,Energy,Oil & Gas Equipment & Services,Cyclical,26.1,31.19,36.61,15.5,17.5,10.0,0.0,ok,False,43.0,10.7,7.9,3.7,15.1,14.9,29.6,-6.7,-10.5,-0.048,0.148,GOOG,,126,17.5,14.0,,False
191,ALL,Allstate Corporation (The),Financial Services,Insurance - Property & Casualt,Core,70.6,274.39,260.67,21.0,12.0,10.0,0.0,ok,False,43.0,10.4,17.6,3.0,34.4,45.2,70.2,29.5,35.6,-0.344,0.385,NVDA,,126,12.0,14.0,,False
192,GWW,"W.W. Grainger, Inc.",Industrials,Industrial Distribution,Core,64.2,1358.92,1327.28,17.0,15.9,10.0,0.0,ok,False,42.9,26.9,1.8,10.1,39.2,46.1,48.6,20.6,22.7,0.042,0.149,NVDA,,126,15.9,14.0,,False
193,ACGL,Arch Capital Group Ltd.,Financial Services,Insurance - Diversified,Core,35.7,104.55,99.32,19.0,13.9,10.0,0.0,ok,False,42.9,10.7,14.8,-3.3,39.4,21.3,56.1,10.4,6.2,-0.313,0.398,AVGO,,126,13.9,14.0,,False
194,FICO,Fair Isaac Corporation,Technology,Software - Application,Growth,31.8,1373.08,1304.43,18.5,14.4,10.0,0.0,ok,False,42.9,25.2,2.3,38.7,84.2,,61.4,-0.6,-14.8,0.095,0.337,MSFT,,126,14.4,17.0,,False
195,FITB,Fifth Third Bancorp,Financial Services,Banks - Regional,Growth,51.3,56.57,53.97,18.0,14.8,10.0,0.0,ok,False,42.8,11.5,,51.8,0.0,8.4,50.2,16.9,10.8,0.121,0.17,GOOG,,126,14.8,14.0,,False
196,KR,Kroger Company (The),Consumer Defensive,Grocery Stores,Core,36.7,59.87,60.75,14.0,18.8,10.0,0.0,ok,False,42.8,10.8,8.2,2.2,24.0,13.8,50.0,-7.7,-7.0,-0.295,0.345,AVGO,,126,18.8,16.0,,False
197,REGN,"Regeneron Pharmaceuticals, Inc",Healthcare,Biotechnology,Core,72.9,695.42,660.65,18.5,14.3,10.0,0.0,ok,False,42.8,12.7,4.5,19.0,43.9,14.5,62.2,-1.6,-12.0,0.113,0.22,BMNR,,126,14.3,16.0,,False
198,ICE,Intercontinental Exchange Inc.,Financial Services,Financial Data & Stock Exchang,Core,87.2,154.28,146.57,20.5,12.3,10.0,0.0,ok,False,42.8,17.7,4.3,20.4,100.0,13.9,82.7,0.3,-14.8,0.182,0.281,MSFT,,126,12.3,16.0,,False
199,AMT,American Tower Corporation (RE,Real Estate,REIT - Specialty,Core,83.5,179.26,175.99,18.0,14.7,10.0,0.0,ok,False,42.7,25.8,3.5,4.7,73.8,33.9,72.2,1.8,-1.9,-0.113,0.363,AVGO,,126,14.7,17.0,,False
200,HAS,"Hasbro, Inc.",Consumer Cyclical,Leisure,Core,13.5,95.17,90.41,20.5,12.2,10.0,0.0,ok,False,42.7,14.6,5.4,16.2,63.8,159.6,83.2,10.3,2.6,0.109,0.19,GOOG,,126,12.2,13.0,,False
201,CCI,Crown Castle Inc.,Real Estate,REIT - Specialty,Core,34.6,79.09,83.56,15.5,17.2,10.0,0.0,ok,False,42.7,27.2,3.0,-4.9,73.7,,56.4,-7.6,-9.4,-0.011,0.29,AVGO,,126,17.2,17.0,,False
202,PNC,"PNC Financial Services Group, ",Financial Services,Banks - Regional,Core,99.1,248.49,236.29,18.5,14.2,10.0,0.0,ok,False,42.7,11.6,,23.6,0.0,12.6,49.1,16.8,9.2,0.093,0.196,GOOG,,126,14.2,14.0,,False
203,CVNA,Carvana Co.,Consumer Cyclical,Auto & Truck Dealerships,Growth,72.7,66.32,66.82,15.5,17.2,10.0,0.0,ok,False,42.7,34.5,0.3,52.0,20.1,60.2,48.5,-8.3,-24.0,0.407,0.372,GOOG,,126,17.2,11.0,,False
204,LOW,"Lowe's Companies, Inc.",Consumer Cyclical,Home Improvement Retail,Core,120.9,215.68,213.66,15.0,17.7,10.0,0.0,ok,False,42.7,16.0,4.0,10.3,33.3,,54.0,-9.0,-23.9,0.088,0.256,GOOG,,126,17.7,11.0,,False
205,MO,"Altria Group, Inc.",Consumer Defensive,Tobacco,Core,125.1,74.92,71.63,19.0,13.6,10.0,0.0,ok,False,42.6,12.8,6.8,5.3,87.4,,63.7,17.3,17.6,-0.292,0.415,NVDA,,126,13.6,18.0,,False
206,ABBV,AbbVie Inc.,Healthcare,Drug Manufacturers - General,Core,465.2,263.3,250.13,19.0,13.6,10.0,0.0,ok,False,42.6,16.2,4.5,12.4,72.0,,69.9,19.0,17.4,-0.194,0.264,AVGO,,126,13.6,17.0,,False
207,ZBH,"Zimmer Biomet Holdings, Inc.",Healthcare,Medical Devices,Core,18.8,97.15,92.29,17.0,15.6,10.0,0.0,ok,False,42.6,10.8,5.6,9.3,70.2,6.1,65.3,7.1,9.1,-0.051,0.094,AVGO,,126,15.6,17.0,,False
208,RSG,"Republic Services, Inc.",Industrials,Waste Management,Core,67.4,218.91,212.29,15.5,17.0,10.0,0.0,ok,False,42.5,27.1,2.7,2.6,43.0,18.3,50.3,2.5,-3.7,-0.304,0.345,AVGO,,126,17.0,15.0,,False
209,RF,Regions Financial Corporation,Financial Services,Banks - Regional,Core,26.4,30.94,29.43,16.5,16.0,10.0,0.0,ok,False,42.5,10.9,,3.4,0.0,11.9,53.5,13.7,8.3,0.105,0.185,GOOG,,126,16.0,14.0,,False
210,AXON,"Axon Enterprise, Inc.",Industrials,Aerospace & Defense,Growth,42.8,531.2,504.64,14.0,18.5,10.0,0.0,ok,False,42.5,50.5,0.1,33.7,59.5,6.8,37.3,2.8,-8.2,0.389,0.516,MSFT,,126,18.5,15.0,,False
211,PEG,Public Service Enterprise Grou,Utilities,Utilities - Regulated Electric,Core,38.7,77.75,79.44,13.0,19.5,10.0,0.0,ok,False,42.5,16.6,-0.4,19.4,35.4,13.4,36.0,-2.8,-7.8,-0.106,0.204,MSFT,,126,19.5,18.0,,False
212,NXPI,NXP Semiconductors N.V.,Technology,Semiconductors,Core,60.8,240.98,292.66,20.5,12.0,10.0,0.0,ok,True,42.5,13.3,4.5,12.2,55.6,25.8,22.0,0.6,-3.6,0.251,0.368,AVGO,,126,18.5,14.0,,False
213,IBKR,"Interactive Brokers Group, Inc",Financial Services,Capital Markets,Core,146.3,86.26,90.09,18.5,17.9,10.0,-4.0,ok,False,42.4,27.0,,22.3,93.0,24.0,32.4,13.9,9.7,0.67,0.608,BMNR,,126,17.9,16.0,,False
214,INTU,Intuit Inc.,Technology,Software - Application,Core,91.1,333.13,316.47,21.0,11.3,10.0,0.0,ok,False,42.3,12.2,5.7,10.4,80.8,22.5,76.7,-28.7,-42.5,0.239,0.561,MSFT,,126,11.3,17.0,,False
215,LDOS,"Leidos Holdings, Inc.",Technology,Information Technology Service,Core,14.4,114.37,114.28,19.0,13.3,10.0,0.0,ok,False,42.3,8.7,8.3,3.7,17.9,30.6,65.8,-28.4,-43.6,0.094,0.215,MSFT,,126,13.3,15.0,,False
216,VZ,Verizon Communications Inc.,Communication Services,Telecom Services,Core,197.2,47.22,44.95,18.0,14.3,10.0,0.0,ok,False,42.3,9.0,9.6,-0.7,59.4,15.8,79.2,9.2,18.8,-0.247,0.249,NVDA,,126,14.3,16.0,,False
217,APA,APA Corporation,Energy,Oil & Gas E&P,Cyclical,13.0,36.7,35.39,19.0,13.3,10.0,0.0,ok,False,42.3,8.9,13.0,-11.9,72.3,26.2,71.3,19.3,38.2,-0.305,0.392,GOOG,,126,13.3,14.0,,False
218,GEHC,GE HealthCare Technologies Inc,Healthcare,Medical Devices,Core,32.5,71.9,68.31,17.5,14.7,10.0,0.0,ok,False,42.2,13.4,4.6,7.4,39.1,19.5,64.0,-1.6,-14.0,0.104,0.238,GOOG,,126,14.7,15.0,,False
219,HD,"Home Depot, Inc. (The)",Consumer Cyclical,Home Improvement Retail,Core,337.3,338.27,329.15,15.5,16.7,10.0,0.0,ok,False,42.2,21.0,3.0,4.8,33.1,128.4,49.7,-2.2,-13.4,0.123,0.28,GOOG,,126,16.7,11.0,,False
220,AMGN,Amgen Inc.,Healthcare,Drug Manufacturers - General,Core,209.2,387.64,368.26,18.0,14.2,10.0,0.0,ok,False,42.2,16.5,3.6,5.8,71.4,101.3,68.0,14.1,10.1,-0.022,0.065,AVGO,,126,14.2,17.0,,False
221,HON,Honeywell International Inc.,Industrials,Conglomerates,Core,76.4,241.12,233.22,18.0,14.2,10.0,0.0,ok,False,42.2,24.2,3.4,4.3,36.5,46.6,68.9,7.0,2.4,0.136,0.203,NVDA,,126,14.2,14.0,,False
222,CMI,Cummins Inc.,Industrials,Specialty Industrial Machinery,Core,83.6,606.0,669.97,16.0,16.2,10.0,0.0,ok,False,42.2,17.8,2.0,2.7,25.8,22.0,27.1,5.4,0.7,0.362,0.443,AVGO,,126,16.2,14.0,,False
223,TRMB,Trimble Inc.,Technology,Scientific & Technical Instrum,Core,13.6,58.24,55.33,16.5,15.7,10.0,0.0,ok,False,42.2,14.3,2.7,11.8,71.5,8.3,66.7,-13.8,-21.7,0.403,0.497,MSFT,,126,15.7,15.0,,False
224,HOOD,"Robinhood Markets, Inc.",Financial Services,Capital Markets,Core,80.9,89.84,96.2,18.5,17.6,10.0,-4.0,ok,False,42.1,29.1,,15.1,92.2,21.5,25.8,-10.0,-18.0,0.66,0.669,BMNR,,126,17.6,16.0,,False
225,MMM,3M Company,Industrials,Conglomerates,Core,91.8,177.95,169.05,19.5,12.6,10.0,0.0,ok,False,42.1,18.4,6.9,2.5,39.4,81.9,77.2,12.8,10.4,0.073,0.171,GOOG,,126,12.6,14.0,,False
226,BAC,Bank of America Corporation,Financial Services,Banks - Diversified,Core,433.4,61.07,58.02,18.5,13.6,10.0,0.0,ok,False,42.1,11.6,,21.4,0.0,11.2,61.0,15.2,14.3,0.222,0.255,BMNR,,126,13.6,14.0,,False
227,IRM,Iron Mountain Incorporated (De,Real Estate,REIT - Specialty,Core,35.9,120.75,124.99,14.0,18.1,10.0,0.0,ok,False,42.1,45.1,-1.4,21.6,55.0,,52.9,14.3,28.0,0.325,0.379,BMNR,,126,18.1,16.0,,False
228,CDW,CDW Corporation,Technology,Information Technology Service,Core,18.9,147.92,140.52,15.5,16.6,10.0,0.0,ok,False,42.1,12.6,4.7,9.2,21.6,44.2,58.8,12.2,15.1,0.096,0.243,MSFT,,126,16.6,15.0,,False
229,DIS,Walt Disney Company (The),Communication Services,Entertainment,Core,171.0,98.48,98.98,16.0,16.1,10.0,0.0,ok,False,42.1,13.2,2.2,6.5,37.2,11.0,56.3,-5.3,-14.3,0.281,0.285,GOOG,,126,16.1,13.0,,False
230,WST,"West Pharmaceutical Services, ",Healthcare,Medical Instruments & Supplies,Core,23.7,337.46,336.52,14.5,17.5,10.0,0.0,ok,False,42.0,34.0,1.2,13.8,36.8,19.1,36.6,19.0,38.4,0.142,0.149,BMNR,,126,17.5,15.0,,False
231,SYK,Stryker Corporation,Healthcare,Medical Devices,Core,135.0,352.25,334.64,17.0,15.0,10.0,0.0,ok,False,42.0,21.1,3.2,2.6,64.7,15.2,61.4,3.1,-5.9,-0.055,0.223,AVGO,,126,15.0,17.0,,False
232,FISV,"Fiserv, Inc.",,,Core,29.7,55.63,52.85,15.5,16.5,10.0,0.0,ok,False,42.0,6.2,,,,,63.0,-13.1,-19.2,0.176,0.446,MSFT,,126,16.5,12.5,,False
233,EXPE,"Expedia Group, Inc.",Consumer Cyclical,Travel Services,Core,36.5,304.27,289.06,21.5,10.5,10.0,0.0,ok,False,42.0,13.2,9.5,14.7,90.3,71.5,74.8,23.6,10.1,0.238,0.329,MSFT,,126,10.5,15.0,,False
234,LHX,"L3Harris Technologies, Inc.",Industrials,Aerospace & Defense,Growth,55.4,297.53,299.01,16.5,15.5,10.0,0.0,ok,False,42.0,21.8,,190.0,30.4,,57.4,-5.4,-21.6,0.005,0.133,BMNR,,126,15.5,14.0,,False
235,CRDO,Credo Technology Group Holding,Technology,Semiconductors,Growth,33.1,177.45,232.19,20.0,12.0,10.0,0.0,ok,True,42.0,19.6,0.8,157.0,68.0,34.4,21.7,7.2,32.0,0.397,0.512,AVGO,,126,20.4,15.0,,False
236,MRK,"Merck & Company, Inc.",Healthcare,Drug Manufacturers - General,Core,322.0,130.36,123.84,18.0,14.0,10.0,0.0,ok,False,42.0,13.5,4.4,4.9,76.7,18.9,60.6,18.6,18.9,-0.264,0.259,AVGO,,126,14.0,17.0,,False
237,MDB,"MongoDB, Inc.",Technology,Software - Infrastructure,Core,25.8,321.1,335.3,15.5,16.5,10.0,0.0,ok,False,42.0,43.8,2.0,25.2,72.0,-1.0,33.0,-3.6,-26.7,0.411,0.499,MSFT,,126,16.5,17.0,,False
238,SNDK,Sandisk Corporation,Technology,Computer Hardware,Growth,150.4,1015.89,1713.65,20.0,12.0,10.0,0.0,ok,True,42.0,4.8,1.5,251.0,56.0,39.3,24.3,22.1,87.7,0.267,0.409,AVGO,,126,18.9,14.0,,False
239,USB,U.S. Bancorp,Financial Services,Banks - Regional,Core,97.9,62.82,59.68,17.5,14.4,10.0,0.0,ok,False,41.9,10.9,,10.4,0.0,12.6,54.8,17.1,10.0,0.161,0.202,GOOG,,126,14.4,14.0,,False
240,BKR,Baker Hughes Company,Energy,Oil & Gas Equipment & Services,Cyclical,58.3,58.72,60.01,16.0,15.9,10.0,0.0,ok,False,41.9,18.4,7.6,-2.4,23.7,16.5,56.3,4.6,-0.4,0.146,0.218,BMNR,,126,15.9,14.0,,False
241,GPN,Global Payments Inc.,Industrials,Specialty Business Services,Growth,24.1,88.27,83.86,20.0,11.9,10.0,0.0,ok,False,41.9,5.5,29.5,63.1,67.4,2.9,73.0,19.2,18.6,0.28,0.375,MSFT,,126,11.9,18.0,,False
242,A,"Agilent Technologies, Inc.",Healthcare,Diagnostics & Research,Core,39.6,140.3,133.29,17.5,14.3,10.0,0.0,ok,False,41.8,21.2,2.3,10.0,52.6,21.3,64.0,7.5,0.4,0.205,0.191,MSFT,,126,14.3,16.0,,False
243,AME,"AMETEK, Inc.",Industrials,Specialty Industrial Machinery,Core,53.9,235.25,232.23,17.0,14.8,10.0,0.0,ok,False,41.8,26.7,2.6,11.3,36.7,14.6,54.0,7.8,1.2,0.18,0.305,AVGO,,126,14.8,14.0,,False
244,DELL,Dell Technologies Inc.,Technology,Computer Hardware,Growth,238.8,369.64,391.7,15.5,16.3,10.0,0.0,ok,False,41.8,16.9,2.3,87.5,19.2,,35.3,75.2,211.7,0.251,0.323,AVGO,,126,16.3,13.0,,False
245,CB,Chubb Limited,Financial Services,Insurance - Property & Casualt,Core,139.6,361.9,343.8,17.0,14.8,10.0,0.0,ok,False,41.8,12.4,,6.0,30.7,14.8,59.2,14.3,15.1,-0.364,0.416,AVGO,,126,14.8,14.0,,False
246,CHD,"Church & Dwight Company, Inc.",Consumer Defensive,Household & Personal Products,Core,23.7,99.86,97.01,17.5,14.3,10.0,0.0,ok,False,41.8,24.7,4.8,0.2,45.5,16.8,62.7,7.9,5.0,-0.174,0.28,AVGO,,126,14.3,17.0,,False
247,INVH,Invitation Homes Inc.,Real Estate,REIT - Residential,Core,17.9,30.11,29.43,17.0,14.7,10.0,0.0,ok,False,41.7,45.3,5.7,9.2,57.2,6.2,59.7,10.8,12.6,-0.142,0.27,AVGO,,126,14.7,16.0,,False
248,NKE,"Nike, Inc.",Consumer Cyclical,Footwear & Accessories,Core,64.1,43.22,43.49,16.5,15.2,10.0,0.0,ok,False,41.7,18.7,2.9,-1.1,43.2,22.1,52.0,-20.1,-34.3,0.201,0.254,MSFT,,126,15.2,12.0,,False
249,ALLE,Allegion plc,Industrials,Security & Protection Services,Core,13.5,158.47,150.55,19.0,12.7,10.0,0.0,ok,False,41.7,16.3,3.6,12.7,44.8,33.7,79.7,4.7,-8.0,0.008,0.048,NVDA,,126,12.7,17.0,,False
250,ETR,Entergy Corporation,Utilities,Utilities - Regulated Electric,Core,50.3,107.79,112.31,12.5,19.2,10.0,0.0,ok,False,41.7,21.2,-7.8,12.0,47.0,10.8,33.7,4.3,8.2,-0.166,0.259,MSFT,,126,19.2,19.0,,False
251,ABT,Abbott Laboratories,Healthcare,Medical Devices,Core,186.9,108.0,102.6,17.5,14.2,10.0,0.0,ok,False,41.7,17.8,,13.0,56.8,,74.6,0.7,-1.6,-0.039,0.216,AVGO,,126,14.2,16.0,,False
252,OTIS,Otis Worldwide Corporation,Industrials,Specialty Industrial Machinery,Core,27.9,73.36,71.96,15.5,16.2,10.0,0.0,ok,False,41.7,15.9,5.1,7.3,30.3,,55.0,-10.5,-21.2,-0.03,0.154,NVDA,,126,16.2,14.0,,False
253,PAYX,"Paychex, Inc.",Technology,Software - Application,Core,43.4,122.13,116.02,18.5,13.1,10.0,0.0,ok,False,41.6,19.1,,12.5,67.2,,79.3,20.8,17.2,0.06,0.497,MSFT,,126,13.1,17.0,,False
254,VRSN,"VeriSign, Inc.",Technology,Software - Infrastructure,Core,26.3,290.92,276.84,16.5,15.1,10.0,0.0,ok,False,41.6,26.5,3.2,6.0,88.5,,65.8,13.8,10.6,-0.08,0.219,NVDA,,126,15.1,17.0,,False
255,WAB,Westinghouse Air Brake Technol,Industrials,Railroads,Core,49.3,291.76,277.17,17.0,14.6,10.0,0.0,ok,False,41.6,23.6,2.2,17.5,35.7,11.6,69.8,20.9,22.9,0.12,0.29,AVGO,,126,14.6,14.0,,False
256,WMB,"Williams Companies, Inc. (The)",Energy,Oil & Gas Midstream,Cyclical,85.8,70.13,73.73,13.0,18.5,10.0,0.0,ok,False,41.5,27.4,-0.2,9.0,63.5,19.7,31.5,3.7,1.5,-0.16,0.26,MSFT,,126,18.5,14.0,,False
257,JKHY,"Jack Henry & Associates, Inc.",Technology,Information Technology Service,Core,11.4,161.15,153.09,17.5,14.0,10.0,0.0,ok,False,41.5,22.7,3.3,8.7,44.1,24.9,63.7,1.8,-14.5,0.027,0.417,MSFT,,126,14.0,16.0,,False
258,PNR,Pentair plc.,Industrials,Specialty Industrial Machinery,Core,10.6,66.59,71.44,15.5,16.0,10.0,0.0,ok,False,41.5,12.9,5.6,-17.0,41.8,17.1,36.0,-26.7,-41.1,0.163,0.236,NVDA,,126,16.0,15.0,,False
259,ROK,"Rockwell Automation, Inc.",Industrials,Specialty Industrial Machinery,Core,51.1,459.39,461.79,15.5,16.0,10.0,0.0,ok,False,41.5,31.4,1.9,11.9,48.9,27.2,45.4,12.5,6.6,0.298,0.314,AVGO,,126,16.0,15.0,,False
260,PFE,"Pfizer, Inc.",Healthcare,Drug Manufacturers - General,Core,143.3,25.15,24.71,18.0,13.5,10.0,0.0,ok,False,41.5,8.9,8.6,5.4,74.8,8.3,70.5,1.0,-4.3,-0.034,0.148,AVGO,,126,13.5,17.0,,False
261,SNA,Snap-On Incorporated,Industrials,Tools & Accessories,Core,21.5,414.83,394.09,17.5,14.0,10.0,0.0,ok,False,41.5,19.5,5.2,4.2,51.8,17.9,60.5,13.6,8.7,0.125,0.241,GOOG,,126,14.0,15.0,,False
262,JNJ,Johnson & Johnson,Healthcare,Drug Manufacturers - General,Core,639.9,265.53,252.25,18.5,13.0,10.0,0.0,ok,False,41.5,20.7,2.6,6.6,68.1,25.7,57.5,18.5,13.1,-0.295,0.358,AVGO,,126,13.0,17.0,,False
263,FSLR,"First Solar, Inc.",Technology,Solar,Core,21.4,199.24,245.94,19.5,12.0,10.0,0.0,ok,True,41.5,8.5,5.4,23.6,41.7,18.4,20.1,-15.0,-25.0,0.279,0.282,AVGO,,126,15.1,14.0,,False
264,TAP,Molson Coors Beverage Company,Consumer Defensive,Beverages - Brewers,Speculative,8.0,42.76,40.62,16.0,15.5,10.0,0.0,ok,False,41.5,8.6,9.7,2.0,38.6,-18.1,67.9,-2.5,-13.3,-0.226,0.284,BMNR,,126,15.5,16.0,,False
265,IBM,International Business Machine,Technology,Information Technology Service,Core,213.3,226.44,260.43,19.5,12.0,10.0,0.0,ok,True,41.5,17.2,5.6,1.1,58.1,34.5,24.3,-15.7,-26.9,0.163,0.374,MSFT,,126,15.2,16.0,,False
266,SHW,Sherwin-Williams Company (The),Basic Materials,Specialty Chemicals,Cyclical,83.5,343.88,326.69,16.5,14.9,10.0,0.0,ok,False,41.4,25.4,,7.5,49.0,65.1,55.8,3.8,-6.0,0.135,0.318,GOOG,,126,14.9,12.0,,False
267,UNH,UnitedHealth Group Incorporate,Healthcare,Healthcare Plans,Core,381.9,420.57,408.21,14.5,16.9,10.0,0.0,ok,False,41.4,18.7,6.0,0.4,19.5,14.2,43.6,23.4,40.1,0.199,0.234,BMNR,,126,16.9,15.0,,False
268,MLM,"Martin Marietta Materials, Inc",Basic Materials,Building Materials,Cyclical,34.2,569.66,575.18,14.0,17.4,10.0,0.0,ok,False,41.4,24.8,2.5,17.2,29.7,9.5,49.1,-6.8,-17.0,0.167,0.223,GOOG,,126,17.4,11.0,,False
269,WTW,Willis Towers Watson Public Li,Financial Services,Insurance Brokers,Core,29.8,315.93,300.13,20.0,11.4,10.0,0.0,ok,False,41.4,14.3,6.9,8.5,42.4,20.6,71.0,6.5,-3.6,-0.141,0.343,AVGO,,126,11.4,15.0,,False
270,KMI,"Kinder Morgan, Inc.",Energy,Oil & Gas Midstream,Cyclical,70.9,31.85,32.21,14.5,16.8,10.0,0.0,ok,False,41.3,20.7,1.5,10.8,49.4,11.0,43.2,5.8,3.1,-0.241,0.2,GOOG,,126,16.8,13.0,,False
271,MA,Mastercard Incorporated,Financial Services,Credit Services,Core,497.7,563.32,535.15,19.0,12.3,10.0,0.0,ok,False,41.3,24.7,3.2,15.8,100.0,232.1,70.9,7.1,3.6,0.04,0.272,MSFT,,126,12.3,18.0,,False
272,AIZ,"Assurant, Inc.",Financial Services,Insurance - Property & Casualt,Core,13.9,281.0,266.95,16.5,14.8,10.0,0.0,ok,False,41.3,12.5,14.6,11.3,12.7,18.0,53.4,19.4,14.5,0.033,0.107,MSFT,,126,14.8,14.0,,False
273,RJF,"Raymond James Financial, Inc.",Financial Services,Asset Management,Core,33.5,174.16,165.45,18.5,12.8,10.0,0.0,ok,False,41.3,12.3,,15.2,93.2,,61.6,10.8,-0.6,0.335,0.312,BMNR,,126,12.8,16.0,,False
274,NWSA,News Corporation,Communication Services,Entertainment,Core,15.6,28.82,27.38,17.0,14.3,10.0,0.0,ok,False,41.3,22.3,11.2,8.8,57.2,6.5,60.2,12.1,4.0,0.094,0.289,MSFT,,126,14.3,14.0,,False
275,WSM,"Williams-Sonoma, Inc.",Consumer Cyclical,Specialty Retail,Core,27.5,233.81,222.12,18.5,12.8,10.0,0.0,ok,False,41.3,22.8,3.2,4.4,46.1,54.0,64.2,18.9,9.6,0.221,0.23,GOOG,,126,12.8,12.0,,False
276,EL,"Estee Lauder Companies, Inc. (",Consumer Defensive,Household & Personal Products,Core,30.4,84.13,83.55,16.0,15.3,10.0,0.0,ok,False,41.3,26.4,5.9,4.6,74.7,-5.9,56.5,-8.4,-30.9,0.271,0.288,GOOG,,126,15.3,18.0,,False
277,KIM,Kimco Realty Corporation (HC),Real Estate,REIT - Retail,Core,17.5,26.01,24.95,17.0,14.3,10.0,0.0,ok,False,41.3,30.0,4.8,4.0,69.0,5.9,66.8,16.9,25.0,-0.121,0.18,AVGO,,126,14.3,17.0,,False
278,EA,Electronic Arts Inc.,Communication Services,Electronic Gaming & Multimedia,Core,52.7,208.91,204.59,19.5,11.7,10.0,0.0,ok,False,41.2,21.7,4.2,11.9,79.0,13.5,80.5,3.2,-2.2,0.243,0.295,BMNR,,126,11.7,15.0,,False
279,DOC,"Healthpeak Properties, Inc.",Real Estate,REIT - Healthcare Facilities,Core,15.5,22.48,21.36,17.0,14.2,10.0,0.0,ok,False,41.2,,7.2,7.1,58.3,2.8,66.2,26.7,30.6,0.097,0.166,NVDA,,126,14.2,16.0,,False
280,CAH,"Cardinal Health, Inc.",Healthcare,Medical Distribution,Core,53.7,229.12,220.27,15.0,16.2,10.0,0.0,ok,False,41.2,19.0,9.0,11.0,3.8,,44.6,10.6,4.6,-0.165,0.148,MSFT,,126,16.2,15.0,,False
281,FAST,Fastenal Company,Industrials,Industrial Distribution,Core,54.8,47.78,45.78,17.0,14.2,10.0,0.0,ok,False,41.2,34.2,1.7,14.7,44.7,34.3,58.9,9.3,6.5,-0.047,0.105,MSFT,,126,14.2,15.0,,False
282,FRT,Federal Realty Investment Trus,Real Estate,REIT - Retail,Core,10.9,125.78,121.65,19.0,12.2,10.0,0.0,ok,False,41.2,40.9,4.1,10.3,68.0,14.8,74.9,18.1,23.7,-0.029,0.121,AVGO,,126,12.2,17.0,,False
283,AEP,American Electric Power Compan,Utilities,Utilities - Regulated Electric,Core,70.4,129.4,131.65,12.5,18.7,10.0,0.0,ok,False,41.2,18.9,-9.9,10.2,47.2,12.6,38.5,3.5,5.4,-0.253,0.252,MSFT,,126,18.7,19.0,,False
284,ADP,"Automatic Data Processing, Inc",Technology,Software - Application,Core,109.3,273.37,259.7,20.0,11.2,10.0,0.0,ok,False,41.2,20.5,4.3,7.0,48.5,71.2,73.4,17.2,5.9,0.036,0.457,MSFT,,126,11.2,16.0,,False
285,STT,State Street Corporation,Financial Services,Asset Management,Core,48.4,176.04,169.59,14.0,17.2,10.0,0.0,ok,False,41.2,11.5,,-2.8,0.0,12.4,42.9,27.7,34.3,0.343,0.395,NVDA,,126,17.2,14.0,,False
286,JBHT,"J.B. Hunt Transport Services, ",Industrials,Integrated Freight & Logistics,Core,25.9,276.14,279.12,14.0,17.2,10.0,0.0,ok,False,41.2,27.3,3.5,19.4,18.5,18.4,44.8,24.0,30.3,0.101,0.1,GOOG,,126,17.2,14.0,,False
287,CPB,The Campbell's Company,Consumer Defensive,Packaged Foods,Speculative,6.8,22.96,21.81,15.5,15.7,10.0,0.0,ok,False,41.2,11.8,8.8,-4.4,29.2,15.4,64.9,-5.7,-16.8,-0.161,0.306,AVGO,,126,15.7,16.0,,False
288,XYL,Xylem Inc.,Industrials,Specialty Industrial Machinery,Core,28.5,122.13,116.02,16.0,15.1,10.0,0.0,ok,False,41.1,19.7,4.6,1.5,39.2,9.2,55.9,-4.5,-14.1,0.148,0.221,GOOG,,126,15.1,14.0,,False
289,EMR,Emerson Electric Company,Industrials,Specialty Industrial Machinery,Core,81.6,145.73,141.18,17.5,13.6,10.0,0.0,ok,False,41.1,20.3,4.0,2.9,52.7,12.3,62.0,5.1,-5.9,0.322,0.315,NVDA,,126,13.6,15.0,,False
290,SPG,"Simon Property Group, Inc.",Real Estate,REIT - Retail,Core,89.5,235.61,223.83,19.0,12.1,10.0,0.0,ok,False,41.1,35.0,2.8,19.3,81.6,113.6,79.5,22.0,26.3,-0.067,0.159,GOOG,,126,12.1,17.0,,False
291,MDT,Medtronic plc.,Healthcare,Medical Devices,Core,112.1,87.54,83.16,17.0,14.1,10.0,0.0,ok,False,41.1,13.7,4.1,9.9,65.3,9.8,64.5,-1.5,-16.5,-0.031,0.218,AVGO,,126,14.1,17.0,,False
292,CHRW,"C.H. Robinson Worldwide, Inc.",Industrials,Integrated Freight & Logistics,Core,20.5,173.75,186.73,14.5,16.6,10.0,0.0,ok,False,41.1,23.3,3.1,-0.8,8.6,34.8,36.6,1.8,-9.9,0.077,0.136,NVDA,,126,16.6,14.0,,False
293,MRSH,Marsh,Financial Services,Insurance Brokers,Core,94.3,197.59,187.71,18.5,12.6,10.0,0.0,ok,False,41.1,17.3,5.1,6.2,44.0,25.9,72.4,12.6,7.8,-0.237,0.393,AVGO,,126,12.6,15.0,,False
294,DLTR,"Dollar Tree, Inc.",Consumer Defensive,Discount Stores,Core,24.8,128.95,122.5,17.0,14.1,10.0,0.0,ok,False,41.1,16.8,5.8,7.2,37.0,34.0,61.8,14.0,3.4,0.186,0.238,MSFT,,126,14.1,16.0,,False
295,QCOM,QUALCOMM Incorporated,Technology,Semiconductors,Core,164.1,155.68,200.31,19.0,12.0,10.0,0.0,ok,True,41.0,14.2,5.8,-3.5,54.8,36.1,17.5,-7.3,-1.9,0.33,0.378,AVGO,,126,20.0,14.0,,False
296,CI,The Cigna Group,Healthcare,Healthcare Plans,Core,78.4,296.47,286.32,15.5,15.5,10.0,0.0,ok,False,41.0,8.9,8.8,4.6,9.1,16.3,53.3,6.7,5.2,-0.083,0.182,AVGO,,126,15.5,15.0,,False
297,ALAB,"Astera Labs, Inc.",Technology,Semiconductors,Growth,42.8,249.74,352.18,19.0,12.0,10.0,0.0,ok,True,41.0,54.7,0.6,93.4,76.0,21.1,12.3,20.9,43.9,0.438,0.536,AVGO,,126,19.0,15.0,,False
298,COP,ConocoPhillips,Energy,Oil & Gas E&P,Cyclical,143.8,118.06,113.82,15.0,16.0,10.0,0.0,ok,False,41.0,13.1,3.7,-5.3,45.6,11.3,70.0,10.9,13.4,-0.314,0.464,GOOG,,126,16.0,13.0,,False
299,LIN,Linde plc,Basic Materials,Specialty Chemicals,Cyclical,236.3,511.17,514.71,13.5,17.5,10.0,0.0,ok,False,41.0,26.1,2.0,8.2,48.8,18.2,38.7,8.4,9.1,-0.145,0.213,AVGO,,126,17.5,12.0,,False
300,ROST,"Ross Stores, Inc.",Consumer Cyclical,Apparel Retail,Core,80.8,251.96,239.36,19.0,12.0,10.0,0.0,ok,False,41.0,29.4,2.5,20.6,32.7,39.0,81.5,25.4,31.1,0.168,0.17,BMNR,,126,12.0,11.0,,False
301,NWS,News Corporation,Communication Services,Entertainment,Core,17.7,32.64,31.01,17.0,14.0,10.0,0.0,ok,False,41.0,25.3,9.9,8.8,57.2,6.5,59.4,11.4,2.2,0.118,0.292,MSFT,,126,14.0,14.0,,False
302,APO,"Apollo Global Management, Inc.",Financial Services,Asset Management,Core,69.0,119.77,125.79,14.0,17.0,10.0,0.0,ok,False,41.0,11.2,,-9.2,35.2,8.5,49.8,-5.1,-14.0,0.361,0.328,BMNR,,126,17.0,14.0,,False
303,LRCX,Lam Research Corporation,Technology,Semiconductor Equipment & Mate,Core,315.6,252.35,337.04,19.0,12.0,10.0,0.0,ok,True,41.0,30.8,1.4,23.8,50.0,66.8,19.4,5.5,0.7,0.398,0.558,AVGO,,126,17.3,14.0,,False
304,BF-B,Brown Forman Inc,Consumer Defensive,Beverages - Wineries & Distill,Core,13.5,29.52,28.04,18.5,12.4,10.0,0.0,ok,False,40.9,17.3,5.5,2.0,60.5,17.8,73.7,10.0,9.4,-0.146,0.185,AVGO,,126,12.4,18.0,,False
305,IVZ,Invesco Ltd,Financial Services,Asset Management,Core,12.4,28.07,28.1,16.0,14.9,10.0,0.0,ok,False,40.9,8.6,,20.5,29.6,-0.6,46.4,8.7,-1.4,0.451,0.447,BMNR,,126,14.9,14.0,,False
306,MAR,Marriott International,Consumer Cyclical,Lodging,Core,100.5,381.12,378.27,15.0,15.9,10.0,0.0,ok,False,40.9,29.1,1.8,12.6,79.0,,57.2,14.4,17.8,0.212,0.33,GOOG,,126,15.9,13.0,,False
307,CHTR,"Charter Communications, Inc.",Communication Services,Telecom Services,Core,19.6,145.2,137.94,17.5,13.3,10.0,0.0,ok,False,40.8,3.3,11.2,-1.7,55.2,27.2,61.3,-24.9,-25.4,-0.055,0.213,NVDA,,126,13.3,16.0,,False
308,CRH,CRH PLC,Basic Materials,Building Materials,Cyclical,66.6,99.71,105.1,12.0,18.8,10.0,0.0,ok,False,40.8,14.9,1.2,9.1,36.1,15.8,39.7,-12.3,-22.8,0.303,0.314,GOOG,,126,18.8,11.0,,False
309,BRK-B,Berkshire Hathaway Inc. New,Financial Services,Insurance - Diversified,Core,1098.2,509.16,490.33,16.0,14.8,10.0,0.0,ok,False,40.8,23.6,5.6,4.4,27.8,10.5,64.1,3.9,2.7,-0.13,0.193,BMNR,,126,14.8,14.0,,False
310,TRV,"The Travelers Companies, Inc.",Financial Services,Insurance - Property & Casualt,Core,81.1,389.01,369.56,20.0,10.8,10.0,0.0,ok,False,40.8,12.9,18.2,0.3,34.7,26.5,77.5,30.8,34.2,-0.236,0.3,AVGO,,126,10.8,14.0,,False
311,EXPD,Expeditors International of Wa,Industrials,Integrated Freight & Logistics,Core,22.3,170.13,165.86,15.5,15.2,10.0,0.0,ok,False,40.7,24.2,3.5,4.4,13.6,36.6,49.1,13.3,2.0,-0.001,0.045,BMNR,,126,15.2,14.0,,False
312,MAA,Mid-America Apartment Communit,Real Estate,REIT - Residential,Core,16.4,137.38,133.55,17.0,13.7,10.0,0.0,ok,False,40.7,41.9,5.5,0.8,58.5,6.7,58.0,6.3,1.4,-0.086,0.309,AVGO,,126,13.7,16.0,,False
313,LNT,Alliant Energy Corporation,Utilities,Utilities - Regulated Electric,Core,18.6,72.0,74.05,11.5,19.2,10.0,0.0,ok,False,40.7,19.5,-6.5,5.0,45.2,11.3,34.1,3.4,5.5,-0.269,0.271,AVGO,,126,19.2,19.0,,False
314,FOX,Fox Corporation,Communication Services,Entertainment,Core,22.1,52.73,52.65,17.5,13.2,10.0,0.0,ok,False,40.7,9.7,6.4,-8.6,36.8,15.2,70.2,-6.6,-22.4,0.015,0.136,MSFT,,126,13.2,13.0,,False
315,COF,Capital One Financial Corporat,Financial Services,Credit Services,Core,128.0,208.71,198.27,15.0,15.7,10.0,0.0,ok,False,40.7,8.7,,,0.0,9.0,60.8,1.2,-8.5,0.369,0.341,BMNR,,126,15.7,16.0,,False
316,ODFL,"Old Dominion Freight Line, Inc",Industrials,Trucking,Core,46.3,222.79,225.97,14.0,16.6,10.0,0.0,ok,False,40.6,34.1,1.9,-2.9,38.9,23.3,47.0,19.1,24.5,0.073,0.107,GOOG,,126,16.6,14.0,,False
317,TYL,"Tyler Technologies, Inc.",Technology,Software - Application,Core,13.7,333.5,316.82,14.5,16.1,10.0,0.0,ok,False,40.6,22.5,4.0,8.6,46.8,8.9,59.2,-11.7,-25.3,0.105,0.522,MSFT,,126,16.1,16.0,,False
318,WBD,"Warner Bros. Discovery, Inc. -",Communication Services,Entertainment,Core,64.3,25.64,26.66,15.0,15.6,10.0,0.0,ok,False,40.6,,28.7,-1.0,45.7,-5.0,36.9,-2.8,-13.2,0.2,0.329,NVDA,,126,15.6,14.0,fwd_pe_out_of_range(1165.5),False
319,CPT,Camden Property Trust,Real Estate,REIT - Residential,Core,11.5,116.37,111.36,17.0,13.6,10.0,0.0,ok,False,40.6,148.2,6.3,-0.5,61.6,9.1,60.1,11.2,5.9,-0.103,0.282,AVGO,,126,13.6,17.0,,False
320,GIS,"General Mills, Inc.",Consumer Defensive,Packaged Foods,Core,20.2,37.92,36.02,16.0,14.6,10.0,0.0,ok,False,40.6,11.8,11.4,2.2,33.7,-1.0,64.5,-4.7,-16.4,-0.132,0.336,AVGO,,126,14.6,16.0,,False
321,DVA,DaVita Inc.,Healthcare,Medical Care Facilities,Core,15.5,240.96,228.91,18.0,12.5,10.0,0.0,ok,False,40.5,14.0,6.5,6.0,32.5,81.0,66.1,55.0,122.7,-0.204,0.191,AVGO,,126,12.5,15.0,,False
322,ROL,"Rollins, Inc.",Consumer Cyclical,Personal Services,Core,18.6,38.75,45.59,18.5,12.0,10.0,0.0,ok,True,40.5,29.5,2.7,7.9,52.4,37.0,23.5,-29.3,-42.8,0.023,0.195,GOOG,,126,16.0,14.0,,False
323,NSC,Norfolk Southern Corporation,Industrials,Railroads,Core,75.4,335.74,319.01,15.0,15.5,10.0,0.0,ok,False,40.5,23.5,1.8,11.4,45.2,17.0,59.7,11.9,14.2,-0.219,0.228,MSFT,,126,15.5,15.0,,False
324,DVN,Devon Energy Corporation,Energy,Oil & Gas E&P,Cyclical,51.3,44.46,43.97,15.0,15.5,10.0,0.0,ok,False,40.5,8.5,3.1,-0.8,46.9,15.2,63.0,7.6,8.2,-0.274,0.379,GOOG,,126,15.5,13.0,,False
325,WRB,W.R. Berkley Corporation,Financial Services,Insurance - Property & Casualt,Core,28.1,75.65,71.87,16.5,14.0,10.0,0.0,ok,False,40.5,15.7,,1.2,43.8,,63.7,9.5,8.1,-0.299,0.322,AVGO,,126,14.0,15.0,,False
326,ES,Eversource Energy (D/B/A),Utilities,Utilities - Regulated Electric,Core,28.1,74.76,71.56,15.5,14.9,10.0,0.0,ok,False,40.4,15.2,2.1,9.4,53.5,10.9,54.8,8.0,4.5,-0.124,0.184,AVGO,,126,14.9,19.0,,False
327,BKNG,Booking Holdings Inc. Common S,Consumer Cyclical,Travel Services,Core,156.0,201.3,191.24,19.0,11.4,10.0,0.0,ok,False,40.4,16.4,4.5,16.2,87.0,,72.8,8.9,-5.4,0.242,0.326,MSFT,,126,11.4,15.0,,False
328,NDAQ,"Nasdaq, Inc.",Financial Services,Financial Data & Stock Exchang,Core,53.4,95.55,90.77,18.0,12.4,10.0,0.0,ok,False,40.4,20.5,3.2,14.9,100.0,16.5,69.4,7.7,-7.4,0.316,0.525,MSFT,,126,12.4,16.0,,False
329,O,Realty Income Corporation,Real Estate,REIT - Retail,Core,61.1,65.54,62.45,16.5,13.9,10.0,0.0,ok,False,40.4,38.4,2.9,12.0,92.6,2.8,67.1,8.9,7.1,-0.242,0.271,NVDA,,126,13.9,17.0,,False
330,IFF,International Flavors & Fragra,Basic Materials,Specialty Chemicals,Cyclical,20.3,79.63,76.37,14.5,15.8,10.0,0.0,ok,False,40.3,16.6,18.2,-3.6,36.3,6.1,52.8,11.8,6.7,0.142,0.243,GOOG,,126,15.8,11.0,,False
331,PLAB,"Photronics, Inc.",Technology,Semiconductor Equipment & Mate,Speculative,1.6,27.94,33.39,15.0,15.3,10.0,0.0,ok,False,40.3,13.8,2.4,-0.5,33.8,13.2,43.8,-19.0,-27.1,0.32,0.416,AVGO,,126,15.3,13.0,,False
332,AMD,"Advanced Micro Devices, Inc.",Technology,Semiconductors,Growth,700.4,429.56,509.68,14.0,16.3,10.0,0.0,ok,False,40.3,31.2,1.0,37.8,53.1,8.1,29.1,38.9,65.1,0.489,0.548,AVGO,,126,16.3,14.0,,False
333,AEE,Ameren Corporation,Utilities,Utilities - Regulated Electric,Core,30.4,109.97,110.62,11.5,18.8,10.0,0.0,ok,False,40.3,18.9,-6.1,3.7,50.5,11.7,44.7,3.6,2.8,-0.271,0.288,AVGO,,126,18.8,19.0,,False
334,REG,Regency Centers Corporation,Real Estate,REIT - Retail,Core,15.2,81.11,79.24,15.5,14.8,10.0,0.0,ok,False,40.3,32.2,3.8,10.0,71.7,8.0,60.0,9.6,12.5,-0.199,0.243,AVGO,,126,14.8,17.0,,False
335,DHR,Danaher Corporation,Healthcare,Diagnostics & Research,Core,138.1,196.49,186.67,14.5,15.8,10.0,0.0,ok,False,40.3,21.2,3.1,5.5,58.8,7.6,50.4,-3.2,-17.0,0.057,0.197,MSFT,,126,15.8,16.0,,False
336,HII,"Huntington Ingalls Industries,",Industrials,Aerospace & Defense,Core,11.0,280.4,292.23,15.5,14.8,10.0,0.0,ok,False,40.3,13.9,5.7,13.4,12.4,12.2,45.8,-18.7,-38.4,0.152,0.299,BMNR,,126,14.8,14.0,,False
337,KKR,KKR & Co. Inc.,Financial Services,Asset Management,Core,92.6,99.28,95.69,14.5,15.8,10.0,0.0,ok,False,40.3,13.5,,-6.6,55.5,7.7,56.1,-7.3,-19.5,0.433,0.369,MSFT,,126,15.8,15.0,,False
338,KO,Coca-Cola Company (The),Consumer Defensive,Beverages - Non-Alcoholic,Core,383.3,89.08,84.63,16.5,13.8,10.0,0.0,ok,False,40.3,25.3,1.4,6.7,61.9,42.1,66.9,18.6,18.7,-0.243,0.268,AVGO,,126,13.8,18.0,,False
339,CME,CME Group Inc.,Financial Services,Financial Data & Stock Exchang,Core,95.4,265.44,253.84,17.0,13.2,10.0,0.0,ok,False,40.2,20.5,3.0,0.8,100.0,15.8,77.6,-3.0,-9.3,-0.149,0.288,AVGO,,126,13.2,16.0,,False
340,STE,STERIS plc (Ireland),Healthcare,Medical Devices,Core,22.9,234.83,223.09,16.0,14.2,10.0,0.0,ok,False,40.2,19.2,3.7,7.3,44.2,11.4,66.6,0.5,-14.3,0.135,0.211,MSFT,,126,14.2,16.0,,False
341,EOG,"EOG Resources, Inc.",Energy,Oil & Gas E&P,Cyclical,77.7,145.94,138.64,18.0,12.2,10.0,0.0,ok,False,40.2,9.9,3.7,15.6,62.0,18.2,71.5,19.8,28.6,-0.325,0.42,GOOG,,126,12.2,14.0,,False
342,CTSH,Cognizant Technology Solutions,Technology,Information Technology Service,Core,25.2,55.97,53.17,17.0,13.2,10.0,0.0,ok,False,40.2,9.0,7.6,5.8,33.5,14.9,81.4,-12.0,-36.8,0.044,0.403,MSFT,,126,13.2,15.0,,False
343,CARR,Carrier Global Corporation,Industrials,Building Products & Equipment,Core,49.4,59.92,68.02,10.5,19.5,10.0,0.0,ok,False,40.0,18.3,1.6,3.9,24.5,9.0,30.9,-0.8,-0.6,0.115,0.264,GOOG,,126,19.5,14.0,,False
344,SNPS,"Synopsys, Inc.",Technology,Software - Infrastructure,Growth,71.6,373.69,450.72,20.0,12.0,10.0,-2.0,ok,True,40.0,21.6,4.9,41.9,82.6,3.8,22.4,-17.0,-31.8,0.518,0.397,BMNR,,126,16.0,17.0,,False
345,IR,Ingersoll Rand Inc.,Industrials,Specialty Industrial Machinery,Core,33.1,84.61,80.38,14.5,15.5,10.0,0.0,ok,False,40.0,22.0,3.1,7.6,43.2,5.7,67.9,3.9,-5.5,0.124,0.187,GOOG,,126,15.5,15.0,,False
346,IP,International Paper Company,Consumer Cyclical,Packaging & Containers,Core,22.6,42.64,40.51,15.5,14.5,10.0,0.0,ok,False,40.0,14.9,7.6,13.4,29.7,-16.0,68.4,12.3,0.5,0.123,0.192,NVDA,,126,14.5,11.0,,False
347,CLX,Clorox Company (The),Consumer Defensive,Household & Personal Products,Core,12.0,99.63,95.3,14.5,15.5,10.0,0.0,ok,False,40.0,16.7,0.5,0.1,43.8,546.1,65.2,-3.4,-12.1,-0.043,0.268,GOOG,,126,15.5,17.0,,False
348,PANW,"Palo Alto Networks, Inc.",Technology,Software - Infrastructure,Growth,256.0,314.15,301.87,14.0,16.0,10.0,0.0,ok,False,40.0,76.2,1.4,31.1,72.0,4.8,37.0,47.4,66.1,0.429,0.474,MSFT,,126,16.0,17.0,,False
349,DRI,"Darden Restaurants, Inc.",Consumer Cyclical,Restaurants,Core,24.3,212.23,201.62,16.5,13.5,10.0,0.0,ok,False,40.0,17.1,3.3,13.7,21.7,53.7,63.4,9.6,4.9,-0.042,0.089,NVDA,,126,13.5,11.0,,False
350,PM,Philip Morris International In,Consumer Defensive,Tobacco,Core,309.3,198.44,188.52,17.5,12.4,10.0,0.0,ok,False,39.9,21.7,3.1,10.4,67.5,,67.9,18.6,8.2,-0.064,0.139,AVGO,,126,12.4,18.0,,False
351,EG,"Everest Group, Ltd.",Financial Services,Insurance - Reinsurance,Core,15.6,393.89,374.2,16.0,13.9,10.0,0.0,ok,False,39.9,6.5,25.6,-4.7,15.5,13.8,64.3,17.7,17.9,-0.145,0.284,AVGO,,126,13.9,14.0,,False
352,BLDR,"Builders FirstSource, Inc.",Industrials,Building Products & Equipment,Speculative,7.3,67.76,76.59,13.5,16.4,10.0,0.0,ok,False,39.9,11.4,8.8,-10.1,29.9,7.0,37.7,-29.7,-47.0,0.19,0.269,NVDA,,126,16.4,14.0,,False
353,WEC,"WEC Energy Group, Inc.",Utilities,Utilities - Regulated Electric,Core,36.3,111.29,113.71,11.5,18.4,10.0,0.0,ok,False,39.9,18.5,-5.7,9.0,41.8,11.7,39.1,-0.1,-2.0,-0.316,0.34,AVGO,,126,18.4,19.0,,False
354,BAX,Baxter International Inc.,Healthcare,Medical Instruments & Supplies,Core,12.8,24.77,23.53,14.5,15.3,10.0,0.0,ok,False,39.8,12.4,7.0,2.9,34.6,-15.0,65.2,26.9,21.6,0.103,0.207,GOOG,,126,15.3,15.0,,False
355,APTV,Aptiv PLC,Consumer Cyclical,Auto Parts,Core,12.3,57.97,61.66,14.0,15.8,10.0,0.0,ok,False,39.8,8.5,8.9,5.4,18.9,4.1,43.3,-18.4,-30.3,0.282,0.354,AVGO,,126,15.8,11.0,,False
356,LYV,"Live Nation Entertainment, Inc",Communication Services,Entertainment,Core,42.9,184.43,175.21,14.0,15.7,10.0,0.0,ok,False,39.7,85.9,4.9,12.2,25.9,14.9,53.4,18.3,20.2,0.295,0.275,GOOG,,126,15.7,13.0,,False
357,NI,NiSource Inc,Utilities,Utilities - Regulated Gas,Core,21.5,44.81,46.78,11.5,18.2,10.0,0.0,ok,False,39.7,19.9,-7.3,8.2,50.7,9.1,35.9,-0.1,-2.4,-0.135,0.161,MSFT,,126,18.2,19.0,,False
358,L,Loews Corporation,Financial Services,Insurance - Property & Casualt,Core,24.5,118.94,112.99,15.5,14.2,10.0,0.0,ok,False,39.7,41.0,8.5,1.4,36.0,9.2,64.6,10.9,11.0,-0.163,0.198,AVGO,,126,14.2,14.0,,False
359,BA,Boeing Company (The),Industrials,Aerospace & Defense,Core,169.1,214.01,218.87,13.0,16.7,10.0,0.0,ok,False,39.7,51.5,3.3,8.0,4.7,173.5,40.5,-2.0,-16.3,0.384,0.377,GOOG,,126,16.7,14.0,,False
360,DLR,"Digital Realty Trust, Inc.",Real Estate,REIT - Specialty,Core,70.8,188.18,184.58,14.0,15.6,10.0,0.0,ok,False,39.6,64.2,,29.9,57.0,2.9,58.5,8.1,12.0,0.16,0.213,BMNR,,126,15.6,16.0,,False
361,AEHR,Aehr Test Systems,Technology,Semiconductor Equipment & Mate,Growth,2.1,65.4,91.25,10.5,19.1,10.0,0.0,ok,False,39.6,47.3,-0.0,33.7,38.5,-4.2,44.4,24.4,128.9,0.442,0.484,AVGO,,126,19.1,13.0,,False
362,EQR,Equity Residential,Real Estate,REIT - Residential,Core,26.6,68.85,67.01,13.5,16.1,10.0,0.0,ok,False,39.6,43.9,,2.1,62.3,8.0,54.1,11.0,11.0,-0.054,0.225,AVGO,,126,16.1,17.0,,False
363,NDSN,Nordson Corporation,Industrials,Specialty Industrial Machinery,Core,16.4,294.98,289.35,16.0,13.6,10.0,0.0,ok,False,39.6,23.8,3.5,8.5,55.2,17.1,60.7,10.6,4.3,0.209,0.284,AVGO,,126,13.6,15.0,,False
364,MTB,M&T Bank Corporation,Financial Services,Banks - Regional,Core,36.3,250.33,237.81,16.5,13.1,10.0,0.0,ok,False,39.6,11.9,,6.2,0.0,10.7,64.9,19.0,12.2,0.088,0.186,GOOG,,126,13.1,14.0,,False
365,FOXA,Fox Corporation,Communication Services,Entertainment,Core,24.8,58.95,58.59,16.5,13.1,10.0,0.0,ok,False,39.6,10.1,5.7,-8.6,36.8,15.2,70.8,-6.2,-21.6,0.01,0.115,MSFT,,126,13.1,13.0,,False
366,KLAC,KLA Corporation,Technology,Semiconductor Equipment & Mate,Core,222.3,170.19,220.97,17.5,12.0,10.0,0.0,ok,True,39.5,25.9,1.3,11.5,61.4,95.0,22.4,5.4,0.0,0.324,0.516,NVDA,,126,17.5,15.0,,False
367,TDY,Teledyne Technologies Incorpor,Technology,Scientific & Technical Instrum,Core,29.2,631.35,628.43,14.5,14.9,10.0,0.0,ok,False,39.4,23.7,3.1,9.8,43.3,9.2,49.9,5.6,-3.1,0.327,0.378,NVDA,,126,14.9,14.0,,False
368,PHM,"PulteGroup, Inc.",Consumer Cyclical,Residential Construction,Core,25.2,132.31,125.69,15.0,14.4,10.0,0.0,ok,False,39.4,11.8,4.3,-9.6,25.6,14.9,63.7,7.0,2.9,0.053,0.195,GOOG,,126,14.4,11.0,,False
369,HUM,Humana Inc.,Healthcare,Healthcare Plans,Core,43.9,365.41,364.94,13.5,15.9,10.0,0.0,ok,False,39.4,22.7,3.3,23.5,14.0,6.3,36.3,39.0,84.9,0.077,0.118,NVDA,,126,15.9,15.0,,False
370,MTD,"Mettler-Toledo International, ",Healthcare,Diagnostics & Research,Core,28.1,1388.33,1318.91,16.5,12.9,10.0,0.0,ok,False,39.4,27.1,2.2,7.2,59.2,,69.5,5.4,-5.8,0.14,0.155,MSFT,,126,12.9,16.0,,False
371,DDOG,"Datadog, Inc.",Technology,Software - Application,Growth,94.0,264.2,250.99,15.0,14.4,10.0,0.0,ok,False,39.4,91.5,1.0,32.2,79.9,3.9,47.1,59.0,83.1,0.339,0.513,MSFT,,126,14.4,17.0,,False
372,FANG,"Diamondback Energy, Inc.",Energy,Oil & Gas E&P,Cyclical,56.0,199.13,192.0,14.5,14.8,10.0,0.0,ok,False,39.3,11.6,2.5,4.2,72.2,0.5,66.6,15.9,20.8,-0.209,0.341,GOOG,,126,14.8,14.0,,False
373,BDX,"Becton, Dickinson and Company",Healthcare,Medical Instruments & Supplies,Core,46.4,168.4,159.98,17.0,12.3,10.0,0.0,ok,False,39.3,12.5,9.8,5.2,47.1,6.7,73.2,9.8,2.7,-0.003,0.178,AVGO,,126,12.3,16.0,,False
374,CRWD,"CrowdStrike Holdings, Inc.",Technology,Software - Infrastructure,Core,182.7,179.38,180.06,13.0,16.3,10.0,0.0,ok,False,39.3,114.8,1.1,25.6,75.1,-0.2,36.3,35.9,48.1,0.46,0.487,MSFT,,126,16.3,17.0,,False
375,CSGP,"CoStar Group, Inc.",Real Estate,Real Estate Services,Core,12.2,29.83,30.88,14.0,15.3,10.0,0.0,ok,False,39.3,17.3,1.7,22.5,78.6,0.3,52.7,-39.4,-59.1,0.114,0.466,MSFT,,126,15.3,19.0,,False
376,BXP,"BXP, Inc.",Real Estate,REIT - Office,Core,13.0,72.97,69.32,18.0,11.3,10.0,0.0,ok,False,39.3,34.9,7.2,0.6,56.1,5.5,72.3,16.5,11.7,0.207,0.218,BMNR,,126,11.3,16.0,,False
377,AJG,Arthur J. Gallagher & Co.,Financial Services,Insurance Brokers,Growth,69.1,268.91,255.46,14.0,15.2,10.0,0.0,ok,False,39.2,18.1,1.6,34.6,42.9,7.0,60.7,14.8,6.8,-0.126,0.318,AVGO,,126,15.2,15.0,,False
378,PLD,"Prologis, Inc.",Real Estate,REIT - Industrial,Core,138.8,145.47,143.4,14.5,14.7,10.0,0.0,ok,False,39.2,42.8,,12.3,75.5,7.7,58.2,9.1,11.3,0.017,0.144,GOOG,,126,14.7,17.0,,False
379,AZO,"AutoZone, Inc.",Consumer Cyclical,Auto Parts,Core,51.3,3142.17,3096.1,13.0,16.2,10.0,0.0,ok,False,39.2,17.9,1.8,8.4,51.8,,59.9,-10.0,-21.8,0.095,0.16,GOOG,,126,16.2,12.0,,False
380,VMC,Vulcan Materials Company (Hold,Basic Materials,Building Materials,Cyclical,36.8,283.92,286.33,12.0,17.1,10.0,0.0,ok,False,39.1,26.3,0.7,7.4,27.7,13.5,45.7,-2.1,-9.8,0.127,0.198,GOOG,,126,17.1,11.0,,False
381,SO,Southern Company (The),Utilities,Utilities - Regulated Electric,Core,108.3,96.05,94.5,12.0,17.1,10.0,0.0,ok,False,39.1,19.5,-3.6,8.0,48.0,11.0,53.6,4.5,5.7,-0.299,0.309,AVGO,,126,17.1,19.0,,False
382,CFG,"Citizens Financial Group, Inc.",Financial Services,Banks - Regional,Core,30.1,71.31,67.78,16.0,13.1,10.0,0.0,ok,False,39.1,11.0,,14.7,0.0,8.3,55.4,17.4,10.1,0.177,0.215,BMNR,,126,13.1,14.0,,False
383,FCX,"Freeport-McMoRan, Inc.",Basic Materials,Copper,Cyclical,86.2,59.99,63.33,15.0,14.1,10.0,0.0,ok,False,39.1,14.7,2.5,-7.3,38.3,14.8,49.0,5.9,-10.1,0.45,0.485,NVDA,,126,14.1,11.0,,False
384,ORLY,"O'Reilly Automotive, Inc.",Consumer Cyclical,Auto Parts,Core,75.1,90.63,88.46,14.0,15.1,10.0,0.0,ok,False,39.1,25.0,1.8,10.2,51.6,,62.1,-2.8,-15.4,-0.017,0.174,NVDA,,126,15.1,12.0,,False
385,OKE,"ONEOK, Inc.",Energy,Oil & Gas Midstream,Cyclical,56.7,90.0,89.51,12.5,16.6,10.0,0.0,ok,False,39.1,14.5,0.8,19.6,29.6,15.9,51.6,11.8,11.6,-0.311,0.31,GOOG,,126,16.6,12.0,,False
386,WM,"Waste Management, Inc.",Industrials,Waste Management,Core,95.0,236.6,224.93,16.0,13.0,10.0,0.0,ok,False,39.0,25.8,2.2,3.5,40.6,29.9,56.5,6.7,-1.8,-0.255,0.343,NVDA,,126,13.0,15.0,,False
387,TGT,Target Corporation,Consumer Defensive,Discount Stores,Core,66.3,145.9,138.6,17.0,12.0,10.0,0.0,ok,False,39.0,16.3,4.7,6.7,28.1,22.0,74.9,29.7,41.4,0.039,0.079,GOOG,,126,12.0,16.0,,False
388,SYY,Sysco Corporation,Consumer Defensive,Food Distribution,Core,40.8,85.32,81.05,15.5,13.4,10.0,0.0,ok,False,38.9,17.3,4.6,4.7,18.5,81.9,62.5,10.0,-1.2,0.015,0.07,GOOG,,126,13.4,16.0,,False
389,DG,Dollar General Corporation,Consumer Defensive,Discount Stores,Core,28.4,128.68,122.25,16.5,12.4,10.0,0.0,ok,False,38.9,16.1,6.6,3.4,30.8,18.9,64.9,5.5,-15.2,0.223,0.316,MSFT,,126,12.4,16.0,,False
390,CTVA,"Corteva, Inc.",Basic Materials,Agricultural Inputs,Cyclical,60.5,90.51,85.98,17.0,11.9,10.0,0.0,ok,False,38.9,21.9,4.3,11.0,48.6,5.1,73.3,21.1,19.6,-0.106,0.162,MSFT,,126,11.9,12.0,,False
391,VTR,"Ventas, Inc.",Real Estate,REIT - Healthcare Facilities,Core,47.5,97.72,92.83,16.5,12.4,10.0,0.0,ok,False,38.9,115.4,3.1,21.9,40.5,2.1,70.1,19.5,25.5,-0.204,0.288,AVGO,,126,12.4,16.0,,False
392,ACN,Accenture plc,Technology,Information Technology Service,Core,106.0,173.17,164.51,18.5,10.4,10.0,0.0,ok,False,38.9,11.8,11.4,5.6,32.0,24.4,76.8,-16.8,-39.5,0.086,0.467,MSFT,,126,10.4,15.0,,False
393,IEX,IDEX Corporation,Industrials,Specialty Industrial Machinery,Core,17.0,229.52,218.97,16.0,12.9,10.0,0.0,ok,False,38.9,24.3,3.1,8.9,44.4,12.7,67.1,17.3,12.8,0.031,0.144,MSFT,,126,12.9,15.0,,False
394,PPL,PPL Corporation,Utilities,Utilities - Regulated Electric,Core,26.9,35.7,35.77,11.5,17.4,10.0,0.0,ok,False,38.9,16.9,-6.0,10.8,43.3,8.3,50.4,-1.1,-6.1,-0.183,0.256,AVGO,,126,17.4,19.0,,False
395,CNC,Centene Corporation,Healthcare,Healthcare Plans,Core,30.5,61.82,63.5,13.0,15.8,10.0,0.0,ok,False,38.8,12.2,,4.6,11.4,-20.4,34.3,33.4,42.7,-0.022,0.102,AVGO,,126,15.8,15.0,fcf_yield_out_of_range(31.6),False
396,ITW,Illinois Tool Works Inc.,Industrials,Specialty Industrial Machinery,Core,84.1,292.45,277.83,16.5,12.3,10.0,0.0,ok,False,38.8,23.7,,6.1,44.2,104.6,73.8,12.9,9.8,-0.033,0.121,MSFT,,126,12.3,15.0,,False
397,ECL,Ecolab Inc.,Basic Materials,Specialty Chemicals,Cyclical,79.8,283.7,269.52,15.0,13.8,10.0,0.0,ok,False,38.8,30.1,,9.7,44.2,22.0,60.6,5.3,-3.5,0.001,0.176,GOOG,,126,13.8,12.0,,False
398,PNW,Pinnacle West Capital Corporat,Utilities,Utilities - Regulated Electric,Core,12.4,102.28,104.37,11.5,17.3,10.0,0.0,ok,False,38.8,18.3,-6.7,11.4,43.0,9.6,36.0,6.2,6.4,-0.309,0.338,AVGO,,126,17.3,19.0,,False
399,LYB,LyondellBasell Industries NV,Basic Materials,Specialty Chemicals,Cyclical,19.5,60.49,61.43,11.0,17.7,10.0,0.0,ok,False,38.7,9.3,5.1,-6.3,9.2,-6.0,67.2,6.0,17.7,-0.17,0.271,GOOG,,126,17.7,11.0,,False
400,NEE,"NextEra Energy, Inc.",Utilities,Utilities - Regulated Electric,Core,184.5,88.46,87.29,13.5,15.2,10.0,0.0,ok,False,38.7,20.0,-9.6,12.4,61.0,11.7,57.9,1.9,-2.4,-0.117,0.27,MSFT,,126,15.2,20.0,,False
401,RVTY,"Revvity, Inc.",Healthcare,Diagnostics & Research,Core,12.6,113.37,107.7,16.0,12.7,10.0,0.0,ok,False,38.7,19.4,4.0,7.0,54.3,3.2,51.0,15.0,-2.7,0.294,0.209,GOOG,,126,12.7,16.0,,False
402,TRGP,"Targa Resources, Inc.",Energy,Oil & Gas Midstream,Cyclical,56.8,264.67,269.87,11.5,17.2,10.0,0.0,ok,False,38.7,22.1,-0.6,-10.2,41.8,74.1,41.9,20.1,28.1,-0.196,0.199,MSFT,,126,17.2,13.0,,False
403,COO,"The Cooper Companies, Inc.",Healthcare,Medical Instruments & Supplies,Core,14.2,73.06,69.41,14.5,14.1,10.0,0.0,ok,False,38.6,14.6,3.0,7.9,65.6,2.9,57.2,0.0,-14.1,0.01,0.172,AVGO,,126,14.1,17.0,,False
404,VRSK,"Verisk Analytics, Inc.",Industrials,Consulting Services,Core,27.7,213.15,202.49,16.5,12.1,10.0,0.0,ok,False,38.6,24.6,3.4,3.9,70.0,,73.2,7.2,-7.0,-0.016,0.369,MSFT,,126,12.1,18.0,,False
405,ARM,Arm Holdings plc,Technology,Semiconductors,Core,240.2,224.89,323.79,16.5,12.0,10.0,0.0,ok,True,38.5,73.1,0.3,20.1,97.5,12.0,19.9,18.9,99.7,0.456,0.498,AVGO,,126,19.2,15.0,,False
406,EME,"EMCOR Group, Inc.",Industrials,Engineering & Construction,Core,29.9,672.48,804.99,16.5,12.0,10.0,0.0,ok,True,38.5,20.4,3.0,19.7,19.3,39.2,21.0,-9.5,-12.3,0.365,0.472,NVDA,,126,18.4,14.0,,False
407,TFC,Truist Financial Corporation,Financial Services,Banks - Regional,Core,63.9,52.31,50.01,15.0,13.5,10.0,0.0,ok,False,38.5,10.5,,8.2,0.0,9.1,56.0,8.9,1.3,0.064,0.169,GOOG,,126,13.5,14.0,,False
408,TJX,"TJX Companies, Inc. (The)",Consumer Cyclical,Apparel Retail,Core,178.6,161.63,157.25,16.5,12.0,10.0,0.0,ok,False,38.5,28.1,2.4,9.2,31.4,61.3,78.9,5.2,5.2,-0.013,0.118,AVGO,,126,12.0,11.0,,False
409,MCHP,Microchip Technology Incorpora,Technology,Semiconductors,Growth,38.8,71.37,89.56,16.5,12.0,10.0,0.0,ok,True,38.5,17.0,2.9,35.1,57.7,3.4,23.9,-4.6,-15.0,0.313,0.446,AVGO,,126,16.6,14.0,,False
410,VTRS,Viatris Inc.,Healthcare,Drug Manufacturers - Specialty,Core,20.8,17.82,16.93,14.5,14.0,10.0,0.0,ok,False,38.5,6.8,10.8,8.1,39.8,-2.0,69.6,29.8,34.7,0.161,0.179,NVDA,,126,14.0,15.0,,False
411,PRU,"Prudential Financial, Inc.",Financial Services,Insurance - Life,Core,42.6,122.63,116.5,17.5,11.0,10.0,0.0,ok,False,38.5,8.4,24.4,15.3,29.0,10.7,72.2,18.3,12.1,0.206,0.285,BMNR,,126,11.0,14.0,,False
412,APD,"Air Products and Chemicals, In",Basic Materials,Specialty Chemicals,Cyclical,65.5,294.27,288.18,11.5,16.9,10.0,0.0,ok,False,38.4,20.6,-5.4,8.8,32.0,12.4,47.7,7.9,11.6,-0.081,0.08,AVGO,,126,16.9,11.0,,False
413,WAT,Waters Corporation,Healthcare,Diagnostics & Research,Growth,37.3,379.48,366.17,14.0,14.3,10.0,0.0,ok,False,38.3,23.0,-1.3,91.4,55.2,5.2,51.4,7.2,-6.3,0.13,0.131,GOOG,,126,14.3,16.0,,False
414,CRL,Charles River Laboratories Int,Healthcare,Diagnostics & Research,Core,11.3,234.8,223.06,15.0,13.3,10.0,0.0,ok,False,38.3,19.0,4.5,1.2,34.5,-5.9,51.1,25.9,3.4,0.294,0.234,BMNR,,126,13.3,15.0,,False
415,ARE,Alexandria Real Estate Equitie,Real Estate,REIT - Office,Speculative,9.4,53.77,51.08,15.0,13.3,10.0,0.0,ok,False,38.3,,15.0,-11.5,68.6,-4.1,75.2,6.1,-3.5,0.139,0.15,MSFT,,126,13.3,17.0,,False
416,BEN,"Franklin Resources, Inc.",Financial Services,Asset Management,Core,16.8,32.39,32.3,11.0,17.2,10.0,0.0,ok,False,38.2,10.5,-1.4,8.7,37.4,6.7,38.8,22.4,24.5,0.391,0.366,GOOG,,126,17.2,14.0,,False
417,TTWO,"Take-Two Interactive Software,",Communication Services,Electronic Gaming & Multimedia,Core,46.1,246.43,234.11,13.5,14.6,10.0,0.0,ok,False,38.1,24.6,3.1,6.1,57.7,-10.6,50.3,7.2,-3.5,0.415,0.434,MSFT,,126,14.6,14.0,,False
418,LUV,Southwest Airlines Company,Industrials,Airlines,Core,21.7,44.38,45.89,10.5,17.6,10.0,0.0,ok,False,38.1,9.0,-3.8,16.4,22.4,11.1,31.4,7.3,4.7,0.157,0.351,GOOG,,126,17.6,14.0,,False
419,DPZ,Domino's Pizza Inc,Consumer Cyclical,Restaurants,Core,11.9,360.0,342.0,15.5,12.6,10.0,0.0,ok,False,38.1,17.2,4.5,4.3,28.7,,81.0,-2.6,-15.0,0.005,0.207,MSFT,,126,12.6,11.0,,False
420,BBY,"Best Buy Co., Inc.",Consumer Cyclical,Specialty Retail,Core,19.0,90.17,85.66,17.5,10.5,10.0,0.0,ok,False,38.0,12.8,6.0,1.9,22.5,39.1,77.4,30.5,36.6,0.118,0.195,MSFT,,126,10.5,11.0,,False
421,COST,Costco Wholesale Corporation,Consumer Defensive,Discount Stores,Core,432.0,974.03,963.71,14.0,14.0,10.0,0.0,ok,False,38.0,43.0,1.6,21.5,12.9,29.2,75.8,2.0,-3.0,-0.2,0.318,AVGO,,126,14.0,16.0,,False
422,AKAM,"Akamai Technologies, Inc.",Technology,Software - Infrastructure,Core,15.6,107.41,129.87,16.0,12.0,10.0,0.0,ok,True,38.0,14.9,4.5,5.8,58.3,9.2,19.5,2.6,0.4,0.189,0.219,AVGO,,126,19.0,16.0,,False
423,SJM,The J.M. Smucker Company,Consumer Defensive,Packaged Foods,Core,13.5,126.35,120.03,16.0,12.0,10.0,0.0,ok,False,38.0,11.8,7.4,5.8,34.3,-2.4,76.1,22.8,20.0,-0.227,0.353,AVGO,,126,12.0,16.0,,False
424,EPAM,"EPAM Systems, Inc.",Technology,Information Technology Service,Speculative,5.6,106.89,101.55,17.0,10.9,10.0,0.0,ok,False,37.9,7.6,12.4,7.6,29.1,10.9,76.7,-26.6,-55.9,0.117,0.405,MSFT,,126,10.9,15.0,,False
425,SWK,"Stanley Black & Decker, Inc.",Industrials,Tools & Accessories,Core,14.5,93.05,88.4,14.5,13.4,10.0,0.0,ok,False,37.9,14.8,5.8,2.7,30.6,4.2,63.4,21.6,15.0,0.169,0.247,GOOG,,126,13.4,14.0,,False
426,ADM,Archer-Daniels-Midland Company,Consumer Defensive,Farm Products,Core,38.7,80.38,80.17,12.0,15.9,10.0,0.0,ok,False,37.9,14.7,4.1,1.6,6.3,4.8,54.4,16.8,16.1,-0.053,0.14,GOOG,,126,15.9,16.0,,False
427,CNP,"CenterPoint Energy, Inc (Holdi",Utilities,Utilities - Regulated Electric,Core,28.3,42.93,43.15,10.5,17.4,10.0,0.0,ok,False,37.9,20.6,-17.5,1.9,45.9,9.6,47.3,4.6,4.2,-0.255,0.295,AVGO,,126,17.4,19.0,,False
428,ATO,Atmos Energy Corporation,Utilities,Utilities - Regulated Gas,Core,29.7,177.67,173.87,11.5,16.3,10.0,0.0,ok,False,37.8,19.7,-7.5,0.6,61.0,9.6,56.1,1.5,3.4,-0.293,0.256,NVDA,,126,16.3,20.0,,False
429,KHC,The Kraft Heinz Company,Consumer Defensive,Packaged Foods,Core,32.8,27.62,26.24,16.0,11.8,10.0,0.0,ok,False,37.8,13.2,9.8,0.8,34.0,-12.6,77.6,18.3,18.5,-0.055,0.222,AVGO,,126,11.8,16.0,,False
430,NCLH,Norwegian Cruise Line Holdings,Consumer Cyclical,Travel Services,Speculative,9.5,20.75,19.71,12.0,15.8,10.0,0.0,ok,False,37.8,10.3,-15.8,9.6,43.0,29.5,60.6,2.1,-5.0,0.291,0.39,GOOG,,126,15.8,14.0,,False
431,AVB,"AvalonBay Communities, Inc.",Real Estate,REIT - Residential,Core,27.5,192.45,186.78,13.5,14.2,10.0,0.0,ok,False,37.7,39.5,,2.1,62.6,8.5,55.3,8.8,8.7,0.031,0.213,AVGO,,126,14.2,17.0,,False
432,SLB,SLB Limited,Energy,Oil & Gas Equipment & Services,Cyclical,72.7,48.96,51.09,14.0,13.7,10.0,0.0,ok,False,37.7,15.0,,5.0,17.0,12.9,56.8,5.9,-3.5,0.088,0.14,NVDA,,126,13.7,14.0,,False
433,UDR,"UDR, Inc.",Real Estate,REIT - Residential,Core,14.6,39.72,38.87,12.0,15.7,10.0,0.0,ok,False,37.7,70.9,,-0.1,66.6,13.7,51.8,9.6,5.9,-0.093,0.254,AVGO,,126,15.7,17.0,,False
434,SRE,DBA Sempra,Utilities,Utilities - Diversified,Core,58.1,88.82,91.49,9.5,18.2,10.0,0.0,ok,False,37.7,16.0,-48.6,-3.9,42.5,5.7,27.1,-2.3,-1.0,-0.186,0.277,MSFT,,126,18.2,19.0,,False
435,WMT,Walmart Inc.,Consumer Defensive,Discount Stores,Core,909.0,114.22,116.54,12.0,15.6,10.0,0.0,ok,False,37.6,34.8,0.8,7.3,25.0,24.1,55.1,-2.9,-6.5,-0.123,0.175,AVGO,,126,15.6,16.0,,False
436,TMO,Thermo Fisher Scientific Inc,Healthcare,Diagnostics & Research,Core,214.2,576.46,547.64,17.0,10.6,10.0,0.0,ok,False,37.6,21.0,2.9,10.5,40.9,13.5,72.2,8.9,-9.8,0.222,0.278,MSFT,,126,10.6,16.0,,False
437,FE,FirstEnergy Corp.,Utilities,Utilities - Regulated Electric,Core,28.4,49.13,47.35,12.5,15.1,10.0,0.0,ok,False,37.6,16.6,-6.5,11.6,68.4,9.5,61.8,4.8,0.9,-0.183,0.271,AVGO,,126,15.1,20.0,,False
438,SOLV,Solventum Corporation,Healthcare,Medical Instruments & Supplies,Core,15.3,88.55,84.12,17.0,10.6,10.0,0.0,ok,False,37.6,12.5,2.5,-3.0,53.7,34.8,76.5,17.9,10.8,0.154,0.225,GOOG,,126,10.6,16.0,,False
439,PCAR,PACCAR Inc.,Industrials,Farm & Heavy Construction Mach,Core,70.5,133.87,127.18,15.5,12.1,10.0,0.0,ok,False,37.6,19.1,,0.5,13.7,12.8,69.2,16.6,4.6,0.189,0.25,NVDA,,126,12.1,14.0,fcf_yield_out_of_range(34.0),False
440,DGX,Quest Diagnostics Incorporated,Healthcare,Diagnostics & Research,Core,26.0,235.22,223.46,15.5,12.1,10.0,0.0,ok,False,37.6,19.6,3.5,10.2,33.2,14.6,77.8,22.5,25.0,-0.266,0.271,AVGO,,126,12.1,15.0,,False
441,WELL,Welltower Inc.,Real Estate,REIT - Healthcare Facilities,Growth,173.7,241.08,229.03,13.0,14.6,10.0,0.0,ok,False,37.6,71.8,,39.1,39.6,3.8,61.2,19.0,27.1,-0.193,0.247,AVGO,,126,14.6,15.0,,False
442,MRVL,"Marvell Technology, Inc.",Technology,Semiconductors,Core,146.7,163.4,238.9,15.5,12.0,10.0,0.0,ok,True,37.5,26.2,1.5,27.6,51.5,16.0,20.4,21.9,90.7,0.344,0.546,AVGO,,126,19.0,14.0,,False
443,HST,"Host Hotels & Resorts, Inc.",Real Estate,REIT - Hotel & Motel,Core,17.7,25.54,24.26,17.0,10.5,10.0,0.0,ok,False,37.5,25.1,6.7,2.8,29.0,14.9,80.2,32.9,40.5,0.221,0.26,GOOG,,126,10.5,15.0,,False
444,DUK,Duke Energy Corporation (Holdi,Utilities,Utilities - Regulated Electric,Core,100.6,129.08,125.47,12.0,15.5,10.0,0.0,ok,False,37.5,18.0,-2.2,11.3,51.0,9.7,62.9,4.7,4.4,-0.384,0.375,AVGO,,126,15.5,19.0,,False
445,CIEN,Ciena Corporation,Technology,Communication Equipment,Growth,46.8,330.37,469.86,15.5,12.0,10.0,0.0,ok,True,37.5,34.3,1.5,39.5,43.0,15.5,20.6,-5.4,23.6,0.291,0.495,AVGO,,126,22.2,14.0,,False
446,GRMN,Garmin Ltd.,Technology,Scientific & Technical Instrum,Core,56.9,294.83,280.09,15.5,12.0,10.0,0.0,ok,False,37.5,27.7,1.4,14.2,59.1,19.9,78.5,29.7,40.5,0.178,0.161,GOOG,,126,12.0,14.0,,False
447,XEL,Xcel Energy Inc.,Utilities,Utilities - Regulated Electric,Core,49.2,78.75,79.36,10.5,17.0,10.0,0.0,ok,False,37.5,17.4,-15.2,2.9,45.9,9.6,48.7,0.8,0.3,-0.187,0.204,MSFT,,126,17.0,19.0,,False
448,EVRG,"Evergy, Inc.",Utilities,Utilities - Regulated Electric,Core,19.4,84.0,84.45,10.5,17.0,10.0,0.0,ok,False,37.5,18.4,-5.7,5.0,52.3,8.9,43.9,6.3,6.6,-0.286,0.328,AVGO,,126,17.0,19.0,,False
449,ALB,Albemarle Corporation,Basic Materials,Specialty Chemicals,Growth,13.4,113.88,145.77,15.5,12.0,10.0,0.0,ok,True,37.5,9.1,5.3,32.7,18.5,-1.8,24.1,-24.9,-42.8,0.265,0.29,BMNR,,126,14.4,11.0,,False
450,CBRE,CBRE Group Inc,Real Estate,Real Estate Services,Core,43.3,147.78,140.39,13.5,14.0,10.0,0.0,ok,False,37.5,16.5,2.5,18.6,18.5,15.6,58.6,-0.2,-17.7,0.194,0.262,MSFT,,126,14.0,17.0,,False
451,HSIC,"Henry Schein, Inc.",Healthcare,Medical Distribution,Speculative,9.8,85.83,81.54,13.0,14.4,10.0,0.0,ok,False,37.4,14.5,3.0,6.3,31.2,8.8,58.8,12.9,9.5,0.136,0.153,GOOG,,126,14.4,15.0,,False
452,EXR,Extra Space Storage Inc,Real Estate,REIT - Industrial,Core,33.7,152.85,145.4,15.5,11.9,10.0,0.0,ok,False,37.4,32.1,4.0,3.8,74.8,6.8,72.7,10.6,9.1,0.004,0.164,AVGO,,126,11.9,17.0,,False
453,SMCI,"Super Micro Computer, Inc.",Technology,Computer Hardware,Growth,16.6,25.7,32.49,11.5,15.9,10.0,0.0,ok,False,37.4,7.8,-44.8,122.7,8.4,17.9,42.7,-22.2,-22.5,0.433,0.471,NVDA,,126,15.9,13.0,,False
454,D,"Dominion Energy, Inc.",Utilities,Utilities - Regulated Electric,Core,62.1,70.55,68.56,12.5,14.9,10.0,0.0,ok,False,37.4,18.5,-16.0,23.1,47.3,9.8,56.9,13.3,13.8,-0.165,0.155,MSFT,,126,14.9,19.0,,False
455,VLO,Valero Energy Corporation,Energy,Oil & Gas Refining & Marketing,Cyclical,89.5,301.32,286.25,14.5,12.9,10.0,0.0,ok,False,37.4,12.0,5.3,6.6,14.6,15.8,63.3,39.7,60.7,-0.167,0.338,GOOG,,126,12.9,12.0,,False
456,CMS,CMS Energy Corporation,Utilities,Utilities - Regulated Electric,Core,23.3,74.36,74.14,9.5,17.8,10.0,0.0,ok,False,37.3,17.9,-8.6,-0.5,39.6,9.2,45.7,1.3,0.3,-0.274,0.273,AVGO,,126,17.8,18.0,,False
457,LEN,Lennar Corporation,Consumer Cyclical,Residential Construction,Core,20.4,84.56,87.42,12.0,15.3,10.0,0.0,ok,False,37.3,13.0,5.3,-5.2,16.4,7.4,51.9,-17.3,-27.3,0.098,0.193,GOOG,,126,15.3,11.0,,False
458,HPQ,HP Inc.,Technology,Computer Hardware,Core,26.0,28.41,26.99,15.0,12.3,10.0,0.0,ok,False,37.3,9.4,13.3,9.0,20.3,,74.5,29.1,48.6,0.1,0.202,MSFT,,126,12.3,13.0,,False
459,CTAS,Cintas Corporation,Industrials,Specialty Business Services,Core,86.6,216.53,205.7,16.0,11.2,10.0,0.0,ok,False,37.2,35.5,1.7,8.9,50.7,40.7,88.4,17.6,10.2,0.018,0.213,MSFT,,126,11.2,17.0,,False
460,CAG,"ConAgra Brands, Inc.",Consumer Defensive,Packaged Foods,Speculative,7.4,15.5,14.72,14.5,12.7,10.0,0.0,ok,False,37.2,10.0,11.6,3.6,24.0,-25.1,77.0,-1.5,-15.0,-0.186,0.337,AVGO,,126,12.7,16.0,,False
461,J,Jacobs Solutions Inc.,Industrials,Engineering & Construction,Core,16.0,135.91,129.11,13.5,13.7,10.0,0.0,ok,False,37.2,16.5,3.2,27.0,23.4,9.4,70.0,1.7,-4.9,0.143,0.189,MSFT,,126,13.7,14.0,,False
462,SBUX,Starbucks Corporation,Consumer Cyclical,Restaurants,Core,118.7,104.14,102.38,10.5,16.6,10.0,0.0,ok,False,37.1,34.5,-1.1,8.8,21.9,,42.1,10.9,5.9,0.184,0.156,MSFT,,126,16.6,11.0,,False
463,LH,Labcorp Holdings Inc.,Healthcare,Diagnostics & Research,Core,25.2,307.15,291.79,16.0,11.1,10.0,0.0,ok,False,37.1,15.8,4.5,5.8,28.8,11.0,73.5,15.1,10.3,-0.085,0.195,AVGO,,126,11.1,15.0,,False
464,BWXT,"BWX Technologies, Inc.",Industrials,Aerospace & Defense,Core,14.4,157.44,189.51,15.0,12.0,10.0,0.0,ok,True,37.0,30.3,1.1,26.1,22.7,29.0,22.2,-20.2,-31.9,0.431,0.521,BMNR,,126,15.5,14.0,,False
465,AWK,"American Water Works Company, ",Utilities,Utilities - Regulated Water,Core,27.0,138.09,131.19,12.5,14.5,10.0,0.0,ok,False,37.0,21.0,-7.0,5.7,60.8,10.2,69.2,6.0,5.4,-0.402,0.384,AVGO,,126,14.5,20.0,,False
466,CAT,"Caterpillar, Inc.",Industrials,Farm & Heavy Construction Mach,Core,360.5,782.71,920.63,15.0,12.0,10.0,0.0,ok,True,37.0,25.7,1.0,22.2,28.6,51.3,19.7,6.9,17.3,0.257,0.441,AVGO,,126,19.2,14.0,,False
467,GPC,Genuine Parts Company,Consumer Cyclical,Auto Parts,Core,17.9,129.98,123.48,14.5,12.5,10.0,0.0,ok,False,37.0,15.6,5.1,6.0,37.6,0.7,60.0,10.7,-10.1,0.025,0.105,NVDA,,126,12.5,11.0,,False
468,PKG,Packaging Corporation of Ameri,Consumer Cyclical,Packaging & Containers,Core,22.2,249.43,236.96,16.0,11.0,10.0,0.0,ok,False,37.0,19.7,,14.7,20.8,,73.0,16.0,11.2,0.049,0.117,NVDA,,126,11.0,11.0,,False
469,MPC,Marathon Petroleum Corporation,Energy,Oil & Gas Refining & Marketing,Cyclical,90.1,308.72,293.28,14.0,12.8,10.0,0.0,ok,False,36.8,11.1,3.9,8.8,10.7,27.5,68.8,40.7,76.2,-0.145,0.261,GOOG,,126,12.8,12.0,,False
470,DTE,DTE Energy Company,Utilities,Utilities - Regulated Electric,Core,29.9,143.52,146.76,8.0,18.7,10.0,0.0,ok,False,36.7,17.2,-8.9,-1.5,28.7,11.0,37.0,2.7,1.9,-0.238,0.236,AVGO,,126,18.7,18.0,,False
471,TSCO,Tractor Supply Company,Consumer Cyclical,Specialty Retail,Core,16.3,31.0,30.61,13.0,13.7,10.0,0.0,ok,False,36.7,15.1,0.6,2.3,36.5,39.5,56.4,-29.8,-47.9,0.064,0.173,MSFT,,126,13.7,11.0,,False
472,MRNA,"Moderna, Inc.",Healthcare,Biotechnology,Growth,21.6,54.49,58.03,9.0,17.6,10.0,0.0,ok,False,36.6,,-0.1,260.2,-69.9,-36.6,11.2,22.3,15.4,0.309,0.327,BMNR,,126,17.6,15.0,,False
473,BG,Bunge Limited,Consumer Defensive,Farm Products,Growth,20.9,107.78,118.49,9.5,17.1,10.0,0.0,ok,False,36.6,9.5,-32.6,87.8,4.4,4.9,40.2,-2.8,-10.3,-0.015,0.163,GOOG,,126,17.1,16.0,,False
474,KDP,Keurig Dr Pepper Inc.,Consumer Defensive,Beverages - Non-Alcoholic,Core,42.8,31.45,30.76,10.5,16.1,10.0,0.0,ok,False,36.6,12.4,-38.2,9.4,53.8,6.3,55.2,11.6,14.8,-0.158,0.181,AVGO,,126,16.1,17.0,,False
475,DOW,Dow Inc.,Basic Materials,Chemicals,Cyclical,22.0,30.45,31.7,9.0,17.6,10.0,0.0,ok,False,36.6,16.5,1.3,19.7,9.8,-5.5,60.7,1.6,7.2,-0.121,0.228,GOOG,,126,17.6,11.0,,False
476,RCL,Royal Caribbean Cruises Ltd.,Consumer Cyclical,Travel Services,Core,86.5,323.58,307.4,13.5,13.1,10.0,0.0,ok,False,36.6,15.9,-1.7,6.5,50.3,44.7,73.2,13.9,7.3,0.252,0.376,GOOG,,126,13.1,14.0,,False
477,PSKY,Paramount Skydance Corporation,Communication Services,Entertainment,Speculative,8.9,7.95,9.75,14.5,12.0,10.0,0.0,ok,True,36.5,8.9,,2.2,32.6,-0.8,24.1,-32.3,-34.0,0.104,0.148,MSFT,,126,16.0,13.0,fcf_yield_out_of_range(184.3),False
478,GLW,Corning Incorporated,Technology,Electronic Components,Core,106.6,124.05,184.05,14.5,12.0,10.0,0.0,ok,True,36.5,28.8,0.6,16.6,36.4,16.8,15.8,-7.7,14.5,0.27,0.425,AVGO,,126,22.1,13.0,,False
479,SW,Smurfit WestRock plc,Consumer Cyclical,Packaging & Containers,Core,25.3,48.26,45.85,13.0,13.5,10.0,0.0,ok,False,36.5,14.5,5.4,0.7,19.0,2.1,64.6,18.5,11.3,0.158,0.203,NVDA,,126,13.5,11.0,,False
480,FN,Fabrinet,Technology,Electronic Components,Growth,14.9,414.5,570.7,11.5,15.0,10.0,0.0,ok,False,36.5,23.9,-0.5,39.3,12.0,20.0,35.9,-21.7,-22.1,0.371,0.475,AVGO,,126,15.0,13.0,,False
481,EXC,Exelon Corporation,Utilities,Utilities - Regulated Electric,Core,48.1,47.03,46.09,10.5,16.0,10.0,0.0,ok,False,36.5,15.5,-5.8,7.9,42.6,9.8,55.0,3.1,2.1,-0.256,0.306,AVGO,,126,16.0,19.0,,False
482,CVX,Chevron Corporation,Energy,Oil & Gas Integrated,Cyclical,382.1,191.86,182.8,13.0,13.4,10.0,0.0,ok,False,36.4,15.1,3.1,2.3,42.4,6.6,76.6,11.0,10.2,-0.327,0.407,GOOG,,126,13.4,13.0,,False
483,MDLZ,"Mondelez International, Inc.",Consumer Defensive,Confectioners,Core,82.9,64.99,61.74,14.5,11.9,10.0,0.0,ok,False,36.4,19.3,3.4,8.2,28.8,10.2,74.4,12.5,9.7,-0.238,0.299,AVGO,,126,11.9,16.0,,False
484,PCG,Pacific Gas & Electric Co.,Utilities,Utilities - Regulated Electric,Core,39.0,17.71,16.91,10.5,15.9,10.0,0.0,ok,False,36.4,9.8,-15.8,0.1,39.8,9.3,59.6,6.6,14.5,-0.16,0.178,MSFT,,126,15.9,18.0,,False
485,EIX,Edison International,Utilities,Utilities - Regulated Electric,Core,30.3,78.63,74.7,12.0,14.3,10.0,0.0,ok,False,36.3,12.1,-3.7,7.7,58.7,18.9,67.2,20.2,24.5,-0.171,0.203,MSFT,,126,14.3,19.0,,False
486,TECH,Bio-Techne Corp,Healthcare,Biotechnology,Core,11.2,72.03,68.43,14.5,11.8,10.0,0.0,ok,False,36.3,35.2,2.7,-1.5,66.4,5.3,67.2,21.3,5.4,0.109,0.138,GOOG,,126,11.8,17.0,,False
487,NRG,"NRG Energy, Inc.",Utilities,Utilities - Independent Power ,Core,26.2,124.23,135.23,10.0,16.2,10.0,0.0,ok,False,36.2,11.0,1.6,19.5,16.4,6.2,31.5,-18.7,-24.3,0.261,0.371,AVGO,,126,16.2,18.0,,False
488,AMCR,Amcor plc,Consumer Cyclical,Packaging & Containers,Growth,21.2,45.84,43.55,12.0,14.1,10.0,0.0,ok,False,36.1,10.7,0.7,77.4,19.1,8.7,64.0,11.3,2.0,0.164,0.241,GOOG,,126,14.1,11.0,,False
489,CASY,"Caseys General Stores, Inc.",Consumer Cyclical,Specialty Retail,Core,32.1,867.16,823.92,11.5,14.6,10.0,0.0,ok,False,36.1,36.8,1.7,14.5,24.6,19.2,60.6,26.0,36.3,-0.089,0.128,MSFT,,126,14.6,11.0,,False
490,COIN,"Coinbase Global, Inc.",Financial Services,Financial Data & Stock Exchang,Core,42.2,160.09,165.81,15.0,15.1,10.0,-4.0,ok,False,36.1,38.0,5.7,-30.8,85.5,6.7,51.1,-25.3,-28.4,0.653,0.756,BMNR,,126,15.1,16.0,,False
491,LII,"Lennox International, Inc.",Industrials,Building Products & Equipment,Core,15.0,430.02,527.74,14.0,12.0,10.0,0.0,ok,True,36.0,16.2,1.3,5.8,33.2,76.8,24.9,-15.4,-16.2,0.156,0.22,NVDA,,126,16.1,14.0,,False
492,UCTT,"Ultra Clean Holdings, Inc.",Technology,Semiconductor Equipment & Mate,Speculative,3.1,69.57,98.95,7.0,19.0,10.0,0.0,ok,False,36.0,17.7,-1.2,2.9,15.6,-22.5,25.5,15.5,48.6,0.293,0.453,AVGO,,126,19.0,13.0,,False
493,CVS,CVS Health Corporation,Healthcare,Healthcare Plans,Core,135.1,105.92,100.62,11.5,14.4,10.0,0.0,ok,False,35.9,12.6,3.8,6.1,13.4,3.8,60.1,27.4,40.4,-0.088,0.156,MSFT,,126,14.4,15.0,,False
494,TSN,"Tyson Foods, Inc.",Consumer Defensive,Farm Products,Core,21.5,61.04,59.01,13.0,12.6,10.0,0.0,ok,False,35.6,13.6,4.8,4.4,6.4,2.6,73.3,3.2,-8.8,-0.08,0.21,NVDA,,126,12.6,16.0,,False
495,MCK,McKesson Corporation,Healthcare,Medical Distribution,Core,104.0,888.56,844.13,13.0,12.5,10.0,0.0,ok,False,35.5,17.6,5.4,6.0,3.6,,76.0,6.6,2.9,-0.212,0.209,BMNR,,126,12.5,15.0,,False
496,STLD,"Steel Dynamics, Inc.",Basic Materials,Steel,Growth,36.2,252.34,247.06,12.5,12.9,10.0,0.0,ok,False,35.4,13.4,0.6,33.4,14.7,17.6,76.2,28.3,40.6,0.141,0.194,AVGO,,126,12.9,11.0,,False
497,BMNR,BitMine Immersion Technologies,Financial Services,Capital Markets,Growth,10.0,16.59,16.44,13.5,13.7,10.0,-2.0,ok,False,35.2,17.6,-5.2,2167.8,84.4,-150.9,58.7,-35.4,-48.9,0.598,0.502,NVDA,,126,13.7,16.0,,True
498,MOS,Mosaic Company (The),Basic Materials,Agricultural Inputs,Cyclical,7.2,22.62,22.12,9.0,16.1,10.0,0.0,ok,False,35.1,12.3,-4.0,14.4,13.3,0.6,64.4,-8.7,-23.0,0.182,0.195,AVGO,,126,16.1,11.0,,False
499,COHR,Coherent Corp.,Technology,Scientific & Technical Instrum,Core,43.4,222.05,351.51,13.0,12.0,10.0,0.0,ok,True,35.0,26.8,-0.5,20.5,37.0,4.7,23.0,-12.4,-4.4,0.353,0.454,AVGO,,126,18.8,13.0,,False
500,ACMR,"ACM Research, Inc.",Technology,Semiconductor Equipment & Mate,Growth,4.5,65.3,90.73,13.0,12.0,10.0,0.0,ok,True,35.0,29.0,-3.2,34.2,44.2,7.6,23.2,13.2,12.2,0.379,0.486,AVGO,,126,19.3,14.0,,False
501,INTC,Intel Corporation,Technology,Semiconductors,Core,413.0,81.88,113.56,13.0,12.0,10.0,0.0,ok,True,35.0,40.2,1.2,25.4,38.9,-10.7,24.8,23.1,63.0,0.367,0.44,AVGO,,126,18.4,13.0,,False
502,NUE,Nucor Corporation,Basic Materials,Steel,Cyclical,58.3,256.02,243.22,14.0,10.9,10.0,0.0,ok,False,34.9,14.0,1.1,23.0,15.6,14.5,75.1,35.3,43.9,0.136,0.21,NVDA,,126,10.9,11.0,,False
503,BALL,Ball Corporation,Consumer Cyclical,Packaging & Containers,Core,17.5,65.84,62.55,13.5,11.3,10.0,0.0,ok,False,34.8,14.6,2.3,16.3,19.2,16.8,70.4,15.9,13.0,-0.066,0.124,AVGO,,126,11.3,11.0,,False
504,IQV,"IQVIA Holdings, Inc.",Healthcare,Diagnostics & Research,Core,40.7,247.56,235.18,16.0,8.8,10.0,0.0,ok,False,34.8,17.2,5.2,8.7,33.0,22.8,78.6,25.6,-1.6,0.249,0.346,MSFT,,126,8.8,15.0,,False
505,ED,"Consolidated Edison, Inc.",Utilities,Utilities - Regulated Electric,Core,41.4,112.25,109.14,11.0,13.6,10.0,0.0,ok,False,34.6,17.3,-2.0,6.2,53.2,8.7,57.4,6.8,3.6,-0.455,0.428,AVGO,,126,13.6,19.0,,False
506,DD,"DuPont de Nemours, Inc.",Basic Materials,Specialty Chemicals,Cyclical,18.6,138.1,140.04,9.5,15.0,10.0,0.0,ok,False,34.5,18.2,-0.7,4.3,35.0,0.9,58.9,4.9,-0.9,0.291,0.299,BMNR,,126,15.0,11.0,,False
507,PWR,"Quanta Services, Inc.",Industrials,Engineering & Construction,Core,84.2,561.14,683.26,12.5,12.0,10.0,0.0,ok,True,34.5,34.0,1.2,26.3,15.1,13.5,21.2,0.4,11.8,0.258,0.373,AVGO,,126,20.5,14.0,,False
508,AES,The AES Corporation,Utilities,Utilities - Diversified,Core,10.6,14.82,14.7,9.0,15.5,10.0,0.0,ok,False,34.5,6.2,-28.1,8.7,19.3,5.3,64.5,3.5,-4.9,-0.019,0.072,NVDA,,126,15.5,18.0,,False
509,RGTI,"Rigetti Computing, Inc.",Technology,Computer Hardware,Growth,4.4,13.22,19.21,10.0,16.5,10.0,-2.0,ok,False,34.5,,-0.1,198.9,30.0,-57.1,32.2,-40.7,-44.8,0.536,0.583,BMNR,,126,16.5,13.0,,False
510,IONQ,"IonQ, Inc.",Technology,Computer Hardware,Growth,11.9,31.99,51.17,14.0,12.0,10.0,-2.0,ok,True,34.0,,-0.8,754.7,36.1,11.3,21.3,-31.5,-35.0,0.511,0.528,BMNR,,126,15.5,13.0,,False
511,SOUN,"SoundHound AI, Inc.",Technology,Software - Application,Growth,2.5,5.7,7.1,11.5,16.5,10.0,-4.0,ok,False,34.0,,-0.7,51.7,40.6,-39.4,30.0,-41.0,-46.0,0.675,0.575,BMNR,,126,16.5,16.0,,False
512,ONTO,Onto Innovation Inc.,Technology,Semiconductor Equipment & Mate,Core,10.9,218.31,292.79,12.0,12.0,10.0,0.0,ok,True,34.0,22.0,1.8,9.5,54.2,5.3,22.4,-0.7,-2.7,0.383,0.55,AVGO,,126,18.4,14.0,,False
513,DE,Deere & Company,Industrials,Farm & Heavy Construction Mach,Core,164.9,610.95,586.63,8.5,15.4,10.0,0.0,ok,False,33.9,26.9,0.7,-11.1,26.0,18.3,57.2,12.4,12.2,-0.014,0.251,MSFT,,126,15.4,14.0,,False
514,COR,"Cencora, Inc.",Healthcare,Medical Distribution,Core,62.0,318.61,302.68,9.5,14.2,10.0,0.0,ok,False,33.7,16.1,-0.5,3.8,3.8,107.1,65.5,-1.6,-13.6,-0.103,0.136,NVDA,,126,14.2,15.0,,False
515,XOM,ExxonMobil Holdings Corporatio,Energy,Oil & Gas Integrated,Cyclical,649.7,156.75,148.91,10.5,13.1,10.0,0.0,ok,False,33.6,14.6,1.8,2.6,29.8,9.9,84.1,13.9,10.6,-0.332,0.39,GOOG,,126,13.1,12.0,,False
516,XYZ,"Block, Inc.",Technology,Software - Infrastructure,Core,48.9,82.18,78.07,9.5,14.1,10.0,0.0,ok,False,33.6,16.2,-1.6,4.9,45.1,3.7,62.1,21.6,23.1,0.477,0.411,MSFT,,126,14.1,16.0,,False
517,GNRC,Generac Holdlings Inc.,Industrials,Specialty Industrial Machinery,Core,11.5,195.19,252.0,11.5,12.0,10.0,0.0,ok,True,33.5,17.3,1.0,12.4,38.1,7.4,7.9,-4.5,7.2,0.221,0.392,AVGO,,126,20.2,14.0,,False
518,GM,General Motors Company,Consumer Cyclical,Auto Manufacturers,Core,80.9,89.4,84.93,14.0,9.3,10.0,0.0,ok,False,33.3,6.1,27.1,1.9,10.2,3.2,77.0,16.4,0.9,0.335,0.378,BMNR,,126,9.3,11.0,,False
519,HRL,Hormel Foods Corporation,Consumer Defensive,Packaged Foods,Core,14.2,25.8,24.51,10.5,12.1,10.0,0.0,ok,False,32.6,16.5,3.3,-2.9,15.8,5.8,70.4,13.4,2.8,-0.08,0.176,AVGO,,126,12.1,16.0,,False
520,CRWV,"CoreWeave, Inc.",Technology,Software - Infrastructure,Growth,33.2,60.82,94.91,12.5,12.0,10.0,-2.0,ok,True,32.5,,-25.8,111.6,69.4,-40.7,20.3,-36.3,-47.5,0.514,0.535,NVDA,,126,16.0,17.0,,False
521,IREN,IREN LIMITED,Financial Services,Capital Markets,Core,10.5,29.31,49.57,9.5,14.9,10.0,-2.0,ok,False,32.4,,-22.1,-0.0,68.4,7.7,27.6,-39.4,-58.3,0.523,0.526,BMNR,,126,14.9,16.0,,False
522,PSX,Phillips 66,Energy,Oil & Gas Refining & Marketing,Cyclical,82.9,206.81,196.47,9.5,12.8,10.0,0.0,ok,False,32.3,10.9,-1.4,6.9,12.5,14.5,68.7,31.0,43.0,-0.185,0.27,GOOG,,126,12.8,12.0,,False
523,MET,"MetLife, Inc.",Financial Services,Insurance - Life,Core,62.4,97.02,92.17,10.0,12.1,10.0,0.0,ok,False,32.1,8.8,-27.9,2.7,23.8,13.0,74.2,23.0,24.3,0.213,0.256,MSFT,,126,12.1,14.0,,False
524,QBTS,D-Wave Quantum Inc.,Technology,Computer Hardware,Speculative,6.0,16.18,22.54,8.0,16.0,10.0,-2.0,ok,False,32.0,,-1.1,-80.9,66.3,-55.3,32.6,-30.7,-40.0,0.569,0.594,BMNR,,126,16.0,15.0,,False
525,APLD,Applied Digital Corporation,Technology,Information Technology Service,Growth,6.7,23.22,37.81,9.5,14.3,10.0,-2.0,ok,False,31.8,,,580.7,25.8,-8.4,26.5,-29.0,-47.1,0.525,0.531,BMNR,,126,14.3,15.0,fwd_pe_out_of_range(183.3);fcf_yield_out_of_range(-72.3),False
526,CIFR,Cipher Digital Inc.,Technology,Information Technology Service,Speculative,7.2,17.69,23.04,4.5,17.1,10.0,0.0,ok,False,31.6,34.2,-40.7,-28.8,12.4,-121.7,37.4,-4.9,-11.6,0.497,0.525,AVGO,,126,17.1,15.0,,False
527,WULF,TeraWulf Inc.,Financial Services,Capital Markets,Speculative,7.5,15.09,23.3,9.0,12.0,10.0,0.0,ok,True,31.0,77.4,-3.8,-1.1,64.0,-2215.9,18.8,-13.8,-5.0,0.499,0.534,BMNR,,126,18.6,16.0,,False
528,TSLA,"Tesla, Inc.",Consumer Cyclical,Auto Manufacturers,Core,1178.2,298.32,394.64,11.0,12.0,10.0,-2.0,ok,True,31.0,134.5,0.4,25.5,18.9,4.7,9.1,-27.7,-35.7,0.541,0.462,BMNR,,126,16.0,11.0,,False
529,AI,"C3.ai, Inc.",Technology,Software - Infrastructure,Speculative,1.4,8.85,9.57,6.5,15.2,10.0,-2.0,ok,False,29.7,,-1.9,-52.5,30.9,-63.0,46.2,-23.4,-37.4,0.597,0.54,MSFT,,126,15.2,15.0,,False
530,WY,Weyerhaeuser Company,Real Estate,REIT - Specialty,Core,17.6,24.45,24.02,7.0,12.5,10.0,0.0,ok,False,29.5,36.7,-0.3,-2.0,14.7,4.2,71.5,2.7,-9.4,-0.089,0.149,MSFT,,126,12.5,15.0,,False
531,F,Ford Motor Company,Consumer Cyclical,Auto Manufacturers,Core,60.9,15.28,14.52,7.0,11.8,10.0,0.0,ok,False,28.8,8.1,-3.7,6.4,7.1,-14.8,77.9,16.5,8.3,0.294,0.267,GOOG,,126,11.8,11.0,,False
532,BBAI,"BigBear.ai, Inc.",Technology,Information Technology Service,Speculative,1.2,2.59,3.72,6.0,12.0,10.0,-2.0,ok,True,26.0,,-4.8,-0.9,25.8,-58.4,19.8,-46.0,-61.8,0.646,0.58,BMNR,,126,16.0,15.0,,False
533,OKLO,Oklo Inc.,Utilities,Utilities - Independent Power ,Speculative,6.4,36.84,54.21,6.0,12.0,10.0,-2.0,ok,True,26.0,,-1.6,,0.0,-8.9,23.2,-52.1,-65.8,0.594,0.615,BMNR,,126,16.0,18.0,,False
