rank,ticker,name,sector,industry,category,mcap_B,current_price,entry_level,fundamental,technical,visibility,corr_penalty,corr_status,leverage_penalty,lev_status,nd_ebitda,dte_pct,broken_base,composite,fwd_pe,fcf_yield_pct,rev_growth_pct,gross_margin_pct,roe_pct,rsi,ma200_dist_pct,rel_str_6m_pct,portfolio_corr,max_corr,max_corr_with,corr_null_reason,n_corr_obs,technical_precap,visibility_legacy,data_flags,in_portfolio
1,TSM,Taiwan Semiconductor Manufactu,Technology,Semiconductors,Growth,2106.3,406.11,425.15,24.0,18.0,21.0,-2.0,ok,0.0,de_fallback,,15.2,False,61.0,18.8,,36.0,64.2,40.0,44.5,13.9,10.6,0.576,0.658,NVDA,,126,18.0,21.0,fcf_yield_out_of_range(35.1),False
2,VRT,"Vertiv Holdings, LLC",Industrials,Electrical Equipment & Parts,Compounder,101.3,263.05,304.67,20.5,20.2,20.0,0.0,ok,-0.5,de_fallback,,70.2,False,60.2,29.0,2.7,24.1,38.0,43.9,37.2,6.6,29.6,0.346,0.488,AVGO,,126,20.2,20.0,,False
3,GEV,GE Vernova Inc.,Industrials,Specialty Industrial Machinery,Compounder,268.1,1006.76,1024.29,19.0,17.8,23.0,0.0,ok,0.0,de_fallback,,28.4,False,59.8,40.5,5.9,21.9,20.6,82.6,43.4,20.2,24.6,0.403,0.481,AVGO,,126,17.8,23.0,,False
4,AVGO,Broadcom Inc.,Technology,Semiconductors,Growth,1866.1,392.23,394.54,20.0,17.8,22.0,0.0,ok,-0.5,de_fallback,,74.0,False,59.3,20.1,1.5,47.9,76.3,37.3,51.5,7.4,10.0,0.429,0.53,NVDA,,126,17.8,22.0,,True
5,ANET,"Arista Networks, Inc.",Technology,Computer Hardware,Growth,232.8,184.89,175.65,19.0,15.6,20.0,0.0,ok,,unavailable,,,False,54.6,41.4,1.9,35.1,63.5,31.5,51.7,26.6,24.7,0.496,0.597,AVGO,,126,15.6,20.0,,False
6,NVDA,NVIDIA Corporation,Technology,Semiconductors,Growth,5005.0,206.64,205.79,20.0,16.4,20.0,-2.0,ok,0.0,de_fallback,,6.6,False,54.4,16.0,0.9,85.2,74.1,114.3,45.7,7.0,2.5,0.584,0.53,AVGO,,126,16.4,20.0,,True
7,META,"Meta Platforms, Inc.",Communication Services,Internet Content & Information,Core,1503.6,590.24,601.71,18.0,18.3,17.0,0.0,ok,0.0,de_fallback,,43.0,False,53.3,16.9,1.4,28.0,81.7,29.8,33.4,-6.8,-25.2,0.405,0.402,GOOG,,126,18.3,15.0,,False
8,NOC,Northrop Grumman Corporation,Industrials,Aerospace & Defense,Compounder,77.9,548.47,535.18,16.0,16.0,21.0,0.0,ok,-0.5,de_fallback,,95.3,False,52.5,18.1,3.2,5.1,20.1,27.0,60.8,-9.0,-28.3,-0.05,0.224,AVGO,,126,16.0,21.0,,False
9,TLN,Talen Energy Corporation,Utilities,Utilities - Independent Power ,Growth,16.5,344.49,376.11,19.0,19.4,19.0,0.0,ok,-5.0,de_fallback,,635.4,False,52.4,12.1,8.4,96.7,40.1,-1.9,33.8,-5.9,-7.9,0.387,0.413,AVGO,,126,19.4,19.0,,False
10,GOOG,Alphabet Inc.,Communication Services,Internet Content & Information,Compounder,4555.3,372.47,356.41,19.0,13.0,20.0,0.0,ok,0.0,de_fallback,,18.9,False,52.0,25.3,0.5,24.2,60.9,48.7,55.7,14.3,-0.8,0.314,0.279,BMNR,,126,13.0,20.0,,True
11,CEG,Constellation Energy Corporati,Utilities,Utilities - Independent Power ,Growth,97.7,273.71,263.05,14.0,17.2,21.0,0.0,ok,-0.5,de_fallback,,66.4,False,51.7,20.5,-4.6,63.8,23.3,16.1,62.9,-10.8,-7.6,0.271,0.314,AVGO,,126,17.2,21.0,,False
12,POWL,"Powell Industries, Inc.",Industrials,Electrical Equipment & Parts,Speculative,8.0,219.72,262.94,13.5,20.1,18.0,0.0,ok,0.0,de_fallback,,0.3,False,51.6,32.0,1.8,6.5,30.1,29.9,44.9,15.0,40.9,0.329,0.422,AVGO,,126,20.1,18.0,,False
13,KLAC,KLA Corporation,Technology,Semiconductor Equipment & Mate,Core,238.7,182.75,221.24,20.0,20.2,10.0,0.0,ok,-0.5,de_fallback,,92.7,False,49.7,27.9,,15.2,61.3,87.5,26.4,12.3,21.0,0.361,0.535,NVDA,,126,20.2,15.0,,False
14,SNPS,"Synopsys, Inc.",Technology,Software - Infrastructure,Growth,75.1,392.07,443.95,20.0,19.1,10.0,0.0,ok,0.0,de_fallback,,35.6,False,49.1,22.7,4.7,41.9,82.6,3.8,36.5,-12.7,-23.3,0.47,0.389,NVDA,,126,19.1,17.0,,False
15,GD,General Dynamics Corporation,Industrials,Aerospace & Defense,Compounder,103.5,382.43,363.31,14.5,13.5,21.0,0.0,ok,0.0,de_fallback,,35.3,False,49.0,20.7,4.3,8.1,15.4,17.8,62.1,10.2,2.5,0.025,0.11,BMNR,,126,13.5,21.0,,False
16,MSFT,Microsoft Corporation,Technology,Software - Infrastructure,Core,3621.1,487.65,463.27,18.0,12.9,18.0,0.0,ok,0.0,de_fallback,,29.1,False,48.9,20.8,0.5,17.7,67.9,34.0,81.3,12.8,6.8,0.348,0.379,BMNR,,126,12.9,18.0,,True
17,UBER,"Uber Technologies, Inc.",Technology,Software - Application,Core,145.8,71.61,71.76,21.0,17.7,10.0,0.0,ok,0.0,de_fallback,,48.1,False,48.7,16.1,4.5,14.5,39.6,35.3,48.7,-8.7,-20.4,0.299,0.292,MSFT,,126,17.7,15.0,,False
18,QCOM,QUALCOMM Incorporated,Technology,Semiconductors,Core,159.1,151.57,197.33,20.0,19.1,10.0,0.0,ok,-0.5,de_fallback,,55.2,False,48.6,14.7,6.4,-4.0,54.2,33.8,25.2,-9.7,-8.6,0.289,0.365,AVGO,,126,19.1,14.0,,False
19,AXP,American Express Company,Financial Services,Credit Services,Core,232.8,344.72,333.75,21.5,16.9,10.0,0.0,ok,0.0,financial_na,,,False,48.4,17.1,,12.8,62.3,34.4,42.9,2.0,-10.7,0.388,0.34,BMNR,,126,16.9,18.0,,False
20,CDNS,"Cadence Design Systems, Inc.",Technology,Software - Application,Core,92.7,336.15,371.03,18.0,20.3,10.0,0.0,ok,0.0,de_fallback,,38.7,False,48.3,35.2,1.7,24.2,85.9,23.2,33.3,2.6,7.3,0.487,0.392,NVDA,,126,20.3,17.0,,False
21,NEM,Newmont Corporation,Basic Materials,Gold,Cyclical,100.5,95.37,98.54,22.0,16.2,10.0,0.0,ok,0.0,de_fallback,,15.8,False,48.2,9.0,8.8,15.1,68.0,25.9,51.2,-8.2,-24.1,0.421,0.432,BMNR,,126,16.2,13.0,,False
22,ADSK,"Autodesk, Inc.",Technology,Software - Application,Core,49.6,234.71,222.97,23.0,15.3,10.0,0.0,ok,-0.5,de_fallback,,85.4,False,47.8,16.5,6.2,18.4,92.4,50.4,67.9,-7.4,-17.1,0.144,0.347,MSFT,,126,15.3,17.0,,False
23,ADBE,Adobe Inc.,Technology,Software - Application,Core,99.9,251.34,238.77,23.0,15.3,10.0,0.0,ok,-0.5,de_fallback,,61.4,False,47.8,9.1,9.2,12.7,89.4,63.0,63.7,-8.9,-23.3,0.166,0.411,MSFT,,126,15.3,17.0,,False
24,DECK,Deckers Outdoor Corporation,Consumer Cyclical,Footwear & Accessories,Core,13.6,99.5,106.0,21.0,16.8,10.0,0.0,ok,0.0,de_fallback,,20.5,False,47.8,11.9,6.4,5.7,57.8,42.6,39.3,-2.6,-23.4,0.276,0.298,GOOG,,126,16.8,12.0,,False
25,CINF,Cincinnati Financial Corporati,Financial Services,Insurance - Property & Casualt,Growth,27.3,178.03,174.07,22.0,15.8,10.0,0.0,ok,0.0,financial_na,,,False,47.8,19.6,10.9,31.6,31.1,21.5,47.2,8.5,1.9,-0.202,0.329,AVGO,,126,15.8,14.0,,False
26,BX,Blackstone Inc.,Financial Services,Asset Management,Core,167.6,134.68,127.95,22.5,15.2,10.0,0.0,ok,0.0,financial_na,,,False,47.7,18.0,,28.6,100.0,31.4,64.1,3.4,-11.6,0.366,0.36,BMNR,,126,15.2,16.0,,False
27,MKC,"McCormick & Company, Incorpora",Consumer Defensive,Packaged Foods,Core,13.9,51.52,49.42,20.0,18.2,10.0,0.0,ok,-0.5,de_fallback,,65.1,False,47.7,15.6,5.2,16.7,38.9,24.7,44.4,-10.5,-23.1,-0.167,0.255,NVDA,,126,18.2,16.0,,False
28,NFLX,"Netflix, Inc.",Communication Services,Entertainment,Core,305.3,73.33,76.82,23.0,15.0,10.0,0.0,ok,-0.5,de_fallback,,55.2,False,47.5,19.2,8.3,13.4,49.1,49.5,49.4,-19.5,-20.3,0.117,0.201,MSFT,,126,15.0,14.0,,False
29,SNDK,Sandisk Corporation,Technology,Computer Hardware,Growth,190.7,1288.03,1707.12,20.0,17.3,10.0,0.0,ok,0.0,de_fallback,,1.5,False,47.3,6.0,1.2,251.0,56.0,39.3,35.8,51.7,84.7,0.348,0.429,AVGO,,126,17.3,14.0,,False
30,BRO,"Brown & Brown, Inc.",Financial Services,Insurance Brokers,Growth,24.0,71.78,68.19,21.5,15.8,10.0,0.0,ok,0.0,financial_na,,,False,47.3,14.9,6.8,32.4,56.3,10.0,56.9,1.7,-7.7,-0.184,0.38,AVGO,,126,15.8,15.0,,False
31,MAS,Masco Corporation,Industrials,Building Products & Equipment,Core,14.7,74.73,75.03,20.0,17.3,10.0,0.0,ok,,unavailable,,,False,47.3,16.0,6.1,-2.9,37.2,5862.5,43.8,9.7,4.3,0.185,0.191,GOOG,,126,17.3,14.0,,False
32,TER,"Teradyne, Inc.",Technology,Semiconductor Equipment & Mate,Growth,57.3,365.8,380.87,20.0,17.1,10.0,0.0,ok,0.0,de_fallback,,2.9,False,47.1,31.7,0.8,103.9,59.2,36.5,53.2,26.0,37.8,0.403,0.495,AVGO,,126,17.1,14.0,,False
33,CF,"CF Industries Holdings, Inc.",Basic Materials,Agricultural Inputs,Cyclical,18.2,118.3,114.76,20.0,17.0,10.0,0.0,ok,0.0,de_fallback,,43.8,False,47.0,10.5,5.9,19.4,39.1,27.3,48.8,15.2,24.0,-0.302,0.37,GOOG,,126,17.0,11.0,,False
34,APP,Applovin Corporation,Communication Services,Advertising Agencies,Growth,136.4,406.16,489.1,22.5,16.0,10.0,0.0,ok,-1.5,de_fallback,,162.9,False,47.0,18.8,2.3,59.0,88.4,266.4,34.8,-21.8,-24.9,0.474,0.401,BMNR,,126,16.0,15.0,,False
35,SPGI,S&P Global Inc.,Financial Services,Financial Data & Stock Exchang,Core,122.7,416.25,411.27,19.5,17.5,10.0,0.0,ok,0.0,financial_na,,,False,47.0,20.6,4.4,10.4,70.9,14.3,39.5,-3.9,-25.2,0.186,0.356,MSFT,,126,17.5,16.0,,False
36,CRDO,Credo Technology Group Holding,Technology,Semiconductors,Growth,40.7,218.35,234.55,20.0,17.0,10.0,0.0,ok,0.0,de_fallback,,1.2,False,47.0,24.1,0.6,157.0,68.0,34.4,44.7,31.1,73.1,0.438,0.523,AVGO,,126,17.0,15.0,,False
37,ON,ON Semiconductor Corporation,Technology,Semiconductors,Core,31.3,80.4,104.55,16.0,21.0,10.0,0.0,ok,0.0,de_fallback,,44.3,False,47.0,18.5,4.1,4.7,42.7,7.5,32.8,7.0,21.7,0.32,0.464,AVGO,,126,21.0,14.0,,False
38,AAPL,Apple Inc.,Technology,Consumer Electronics,Core,4456.4,303.42,309.52,20.5,16.9,10.0,0.0,ok,-0.5,de_fallback,,78.4,False,46.9,31.9,2.4,16.4,48.7,148.8,43.5,9.2,3.6,0.162,0.163,BMNR,,126,16.9,14.0,,False
39,PATH,"UiPath, Inc.",Technology,Software - Infrastructure,Speculative,6.8,13.05,12.4,20.5,16.4,10.0,0.0,ok,0.0,de_fallback,,4.4,False,46.9,14.4,7.6,17.3,83.0,18.2,60.1,2.2,-4.9,0.277,0.458,MSFT,,126,16.4,17.0,,False
40,MCO,Moody's Corporation,Financial Services,Financial Data & Stock Exchang,Core,83.7,483.36,468.72,20.5,16.4,10.0,0.0,ok,0.0,financial_na,,,False,46.9,25.6,3.1,15.1,75.0,76.9,44.2,2.8,-15.0,0.217,0.341,MSFT,,126,16.4,16.0,,False
41,LRCX,Lam Research Corporation,Technology,Semiconductor Equipment & Mate,Core,368.6,294.61,337.89,19.0,17.9,10.0,0.0,ok,0.0,de_fallback,,29.9,False,46.9,25.6,0.9,30.0,50.5,65.1,35.4,22.0,15.3,0.478,0.572,AVGO,,126,17.9,14.0,,False
42,WRB,W.R. Berkley Corporation,Financial Services,Insurance - Property & Casualt,Core,26.7,72.09,69.6,20.0,16.9,10.0,0.0,ok,0.0,financial_na,,,False,46.9,14.9,11.4,1.2,43.8,20.2,50.4,4.4,-1.5,-0.346,0.338,AVGO,,126,16.9,15.0,,False
43,HOOD,"Robinhood Markets, Inc.",Financial Services,Capital Markets,Growth,81.2,90.34,96.93,20.0,18.8,10.0,-2.0,ok,0.0,financial_na,,,False,46.8,28.7,,32.3,91.9,23.6,27.1,-8.8,-8.5,0.601,0.651,BMNR,,126,18.8,16.0,,False
44,LMT,Lockheed Martin Corporation,Industrials,Aerospace & Defense,Compounder,135.3,586.29,556.98,18.0,9.8,22.0,0.0,ok,-3.0,de_fallback,,234.2,False,46.8,17.9,4.1,10.5,11.8,89.2,80.2,8.4,-15.7,-0.048,0.116,AVGO,,126,9.8,22.0,,False
45,PTC,PTC Inc.,Technology,Software - Application,Core,16.2,139.85,132.86,21.0,15.7,10.0,0.0,ok,0.0,de_fallback,,46.3,False,46.7,15.8,6.4,-6.8,84.5,35.1,68.5,-9.1,-19.8,0.169,0.437,MSFT,,126,15.7,17.0,,False
46,MU,"Micron Technology, Inc.",Technology,Semiconductors,Growth,936.8,829.5,966.71,20.0,16.7,10.0,0.0,ok,0.0,de_fallback,,6.3,False,46.7,5.3,0.8,345.7,72.6,66.6,39.7,59.2,80.6,0.386,0.503,AVGO,,126,16.7,15.0,,False
47,FDS,FactSet Research Systems Inc.,Financial Services,Financial Data & Stock Exchang,Speculative,9.6,269.68,256.2,21.0,15.6,10.0,0.0,ok,0.0,financial_na,,,False,46.6,13.7,6.5,6.4,51.4,27.0,58.7,9.7,0.6,0.065,0.377,MSFT,,126,15.6,15.0,,False
48,PGR,Progressive Corporation (The),Financial Services,Insurance - Property & Casualt,Core,122.4,210.46,210.78,18.0,18.6,10.0,0.0,ok,0.0,financial_na,,,False,46.6,12.9,,7.3,18.5,34.9,36.8,1.7,-5.2,-0.355,0.369,AVGO,,126,18.6,14.0,,False
49,ESTC,Elastic N.V.,Technology,Software - Application,Speculative,7.2,68.74,65.3,22.0,14.4,10.0,0.0,ok,0.0,de_fallback,,46.3,False,46.4,17.7,6.4,16.0,76.2,33.4,66.8,6.9,-4.0,0.384,0.542,MSFT,,126,14.4,17.0,,False
50,EBAY,eBay Inc.,Consumer Cyclical,Internet Retail,Core,47.6,107.13,111.36,20.5,17.3,10.0,0.0,ok,-1.5,de_fallback,,163.3,False,46.3,15.9,2.5,19.5,71.8,42.9,40.9,11.2,6.0,0.179,0.269,GOOG,,126,17.3,13.0,,False
51,MPWR,"Monolithic Power Systems, Inc.",Technology,Semiconductors,Growth,66.0,1344.37,1440.36,19.5,16.8,10.0,0.0,ok,,unavailable,,,False,46.3,38.6,,47.6,55.2,22.0,47.3,11.2,6.0,0.455,0.575,AVGO,,126,16.8,14.0,,False
52,STZ,"Constellation Brands, Inc.",Consumer Defensive,Beverages - Brewers,Core,22.4,131.36,136.71,20.0,17.8,10.0,0.0,ok,-1.5,de_fallback,,123.2,False,46.3,10.6,9.9,-3.3,52.7,23.7,52.4,-8.2,-23.3,-0.132,0.209,BMNR,,126,17.8,17.0,,False
53,TPL,Texas Pacific Land Corporation,Energy,Oil & Gas E&P,Cyclical,28.0,406.15,395.68,18.0,18.3,10.0,0.0,ok,0.0,de_fallback,,1.2,False,46.3,5.6,-0.2,20.8,93.2,36.5,45.2,5.5,12.0,0.006,0.089,AVGO,,126,18.3,14.0,,False
54,MO,"Altria Group, Inc.",Consumer Defensive,Tobacco,Core,114.0,68.26,71.37,19.0,17.2,10.0,0.0,ok,,unavailable,,,False,46.2,11.6,7.9,1.2,87.2,,44.6,6.7,4.3,-0.471,0.454,MSFT,,126,17.2,18.0,,False
55,ALGN,"Align Technology, Inc.",Healthcare,Medical Instruments & Supplies,Core,12.4,172.89,173.94,18.5,17.7,10.0,0.0,ok,0.0,de_fallback,,2.0,False,46.2,13.8,5.2,4.3,70.7,10.2,44.4,3.6,-3.3,0.294,0.254,GOOG,,126,17.7,17.0,,False
56,CBOE,"Cboe Global Markets, Inc.",Financial Services,Financial Data & Stock Exchang,Core,31.2,297.83,282.98,20.5,15.7,10.0,0.0,ok,0.0,financial_na,,,False,46.2,19.6,2.2,22.9,54.1,26.3,63.2,6.9,4.4,-0.103,0.185,AVGO,,126,15.7,15.0,,False
57,INCY,Incyte Corporation,Healthcare,Biotechnology,Growth,24.0,118.43,112.51,23.0,13.1,10.0,0.0,ok,0.0,de_fallback,,0.6,False,46.1,13.5,4.9,37.7,55.7,30.7,55.4,16.8,6.4,-0.02,0.118,AVGO,,126,13.1,16.0,,False
58,ETN,"Eaton Corporation, PLC",Industrials,Specialty Industrial Machinery,Core,170.2,438.23,416.32,15.5,13.1,19.0,0.0,ok,-1.5,de_fallback,,105.1,False,46.1,27.5,1.8,21.4,36.0,19.7,56.8,17.4,13.7,0.408,0.483,AVGO,,126,13.1,19.0,,False
59,TEL,TE Connectivity plc,Technology,Electronic Components,Core,59.4,204.97,205.88,18.5,17.6,10.0,0.0,ok,0.0,de_fallback,,43.4,False,46.1,15.9,3.9,13.8,36.1,23.3,54.6,-6.3,-18.1,0.337,0.324,BMNR,,126,17.6,13.0,,False
60,ALAB,"Astera Labs, Inc.",Technology,Semiconductors,Growth,55.0,321.05,355.88,19.0,17.1,10.0,0.0,ok,0.0,de_fallback,,2.8,False,46.1,69.4,0.4,93.4,76.0,21.1,41.4,54.1,101.7,0.481,0.55,AVGO,,126,17.1,15.0,,False
61,ARM,Arm Holdings plc,Technology,Semiconductors,Core,255.3,239.06,324.29,16.5,19.5,10.0,0.0,ok,0.0,de_fallback,,5.6,False,46.0,77.9,0.5,22.4,97.5,13.4,35.3,25.7,114.6,0.452,0.505,AVGO,,126,19.5,15.0,,False
62,GILD,"Gilead Sciences, Inc.",Healthcare,Drug Manufacturers - General,Core,162.8,131.15,129.48,21.0,15.5,10.0,0.0,ok,-0.5,de_fallback,,94.6,False,46.0,13.6,4.9,4.4,79.4,43.4,52.3,0.4,-16.0,0.02,0.084,BMNR,,126,15.5,17.0,,False
63,SBAC,SBA Communications Corporation,Real Estate,REIT - Specialty,Core,19.0,179.54,189.72,16.5,19.5,10.0,0.0,ok,,unavailable,,,False,46.0,22.2,3.7,5.9,74.2,,40.1,-6.8,-8.6,-0.061,0.226,AVGO,,126,19.5,17.0,,False
64,TTD,"The Trade Desk, Inc.",Communication Services,Advertising Agencies,Speculative,8.6,18.3,19.29,20.5,15.4,10.0,0.0,ok,0.0,de_fallback,,17.3,False,45.9,8.5,6.6,11.8,77.8,16.7,45.2,-37.2,-47.4,0.254,0.365,MSFT,,126,15.4,15.0,,False
65,ALL,Allstate Corporation (The),Financial Services,Insurance - Property & Casualt,Core,67.6,262.68,249.55,21.0,14.7,10.0,0.0,ok,0.0,financial_na,,,False,45.7,9.9,18.4,3.0,34.4,45.2,60.0,23.5,23.3,-0.394,0.402,NVDA,,126,14.7,14.0,,False
66,TROW,"T. Rowe Price Group, Inc.",Financial Services,Asset Management,Core,24.3,113.51,111.15,20.5,15.2,10.0,0.0,ok,0.0,financial_na,,,False,45.7,11.1,8.3,10.7,51.6,19.4,45.5,12.9,0.4,0.354,0.404,BMNR,,126,15.2,15.0,,False
67,TT,Trane Technologies plc,Industrials,Building Products & Equipment,Core,101.5,461.21,469.5,19.5,16.6,10.0,0.0,ok,-0.5,de_fallback,,53.4,False,45.6,26.5,3.1,10.6,35.4,36.6,38.2,5.1,0.1,0.265,0.39,AVGO,,126,16.6,14.0,,False
68,WDC,Western Digital Corporation,Technology,Computer Hardware,Growth,181.7,527.22,562.62,20.0,15.6,10.0,0.0,ok,0.0,de_fallback,,17.8,False,45.6,28.7,1.1,45.5,45.4,85.9,45.3,58.0,86.3,0.424,0.523,AVGO,,126,15.6,14.0,,False
69,GS,"Goldman Sachs Group, Inc. (The",Financial Services,Capital Markets,Growth,303.0,1027.06,1049.76,21.0,16.5,10.0,-2.0,ok,0.0,financial_na,,,False,45.5,13.9,,42.5,82.1,17.0,32.8,12.6,0.6,0.54,0.551,NVDA,,126,16.5,16.0,,False
70,AOS,A.O. Smith Corporation,Industrials,Specialty Industrial Machinery,Speculative,8.3,60.73,59.14,18.0,17.4,10.0,0.0,ok,0.0,de_fallback,,36.8,False,45.4,14.8,5.9,-0.7,38.6,27.1,50.9,-6.6,-26.7,0.039,0.166,NVDA,,126,17.4,14.0,,False
71,INTU,Intuit Inc.,Technology,Software - Application,Core,87.1,318.39,302.47,22.0,13.4,10.0,0.0,ok,0.0,de_fallback,,33.4,False,45.4,11.6,6.0,10.4,80.8,22.5,66.5,-31.1,-43.1,0.16,0.378,MSFT,,126,13.4,17.0,,False
72,LHX,"L3Harris Technologies, Inc.",Industrials,Aerospace & Defense,Growth,51.7,277.86,297.06,16.5,18.9,10.0,0.0,ok,0.0,de_fallback,,34.6,False,45.4,20.7,,190.0,30.4,,42.3,-11.6,-26.7,-0.132,0.219,MSFT,,126,18.9,14.0,,False
73,GNRC,Generac Holdlings Inc.,Industrials,Specialty Industrial Machinery,Core,11.8,201.21,248.96,15.5,20.3,10.0,0.0,ok,-0.5,de_fallback,,52.2,False,45.3,17.2,2.5,10.6,39.5,9.5,26.2,-1.7,8.7,0.192,0.382,AVGO,,126,20.3,14.0,,False
74,ADI,"Analog Devices, Inc.",Technology,Semiconductors,Growth,176.3,361.88,396.71,17.5,17.7,10.0,0.0,ok,0.0,de_fallback,,25.8,False,45.2,24.0,2.2,37.2,64.5,9.6,32.4,9.5,5.9,0.289,0.468,AVGO,,126,17.7,15.0,,False
75,NOW,"ServiceNow, Inc.",Technology,Software - Application,Core,118.1,114.19,108.48,19.5,16.2,10.0,0.0,ok,-0.5,de_fallback,,67.5,False,45.2,22.8,4.4,24.0,74.8,14.2,59.4,-8.3,-12.2,0.273,0.53,MSFT,,126,16.2,17.0,,False
76,CIEN,Ciena Corporation,Technology,Communication Equipment,Growth,55.3,390.76,460.23,15.5,20.2,10.0,0.0,ok,-0.5,de_fallback,,54.6,False,45.2,40.5,1.3,39.5,43.0,15.5,39.5,10.9,36.6,0.345,0.509,AVGO,,126,20.2,14.0,,False
77,FIS,Fidelity National Information ,Technology,Information Technology Service,Growth,23.1,44.78,42.54,20.5,16.1,10.0,0.0,ok,-1.5,de_fallback,,132.3,False,45.1,6.5,10.6,30.1,36.3,17.2,64.8,-13.2,-27.5,0.1,0.345,MSFT,,126,16.1,15.0,,False
78,RTX,RTX Corporation,Industrials,Aerospace & Defense,Compounder,292.0,216.65,205.82,15.5,9.1,21.0,0.0,ok,-0.5,de_fallback,,57.0,False,45.1,27.7,3.4,14.5,20.3,12.3,80.6,15.7,-0.4,-0.012,0.122,AVGO,,126,9.1,21.0,,False
79,WDAY,"Workday, Inc.",Technology,Software - Application,Core,40.8,165.05,156.8,20.5,15.0,10.0,0.0,ok,-0.5,de_fallback,,56.9,False,45.0,13.1,7.7,13.5,75.8,10.9,64.8,-0.1,-13.7,0.145,0.461,MSFT,,126,15.0,17.0,,False
80,TXN,Texas Instruments Incorporated,Technology,Semiconductors,Core,245.7,269.04,295.97,19.0,16.5,10.0,0.0,ok,-0.5,de_fallback,,78.0,False,45.0,25.9,1.4,22.8,58.3,35.2,25.0,19.7,11.8,0.185,0.36,AVGO,,126,16.5,14.0,,False
81,PG,Procter & Gamble Company (The),Consumer Defensive,Household & Personal Products,Core,337.6,144.97,146.44,18.5,16.9,10.0,0.0,ok,-0.5,de_fallback,,62.9,False,44.9,19.6,3.8,1.5,50.7,30.3,49.9,-0.6,-12.9,-0.123,0.225,AVGO,,126,16.9,17.0,,False
82,HBAN,Huntington Bancshares Incorpor,Financial Services,Banks - Regional,Growth,35.1,17.36,17.18,18.0,16.9,10.0,0.0,ok,0.0,financial_na,,,False,44.9,9.3,,47.6,0.0,9.0,43.4,4.9,-10.0,0.201,0.238,GOOG,,126,16.9,14.0,,False
83,CPAY,"Corpay, Inc.",Technology,Software - Infrastructure,Core,25.2,385.78,366.49,24.0,13.9,10.0,0.0,ok,-3.0,de_fallback,,271.3,False,44.9,12.6,8.3,25.4,79.7,32.1,67.7,20.1,17.6,0.171,0.177,MSFT,,126,13.9,17.0,,False
84,ORCL,Oracle Corporation,Technology,Software - Infrastructure,Core,408.6,141.85,163.57,17.5,13.4,19.0,-2.0,ok,-3.0,de_fallback,,388.9,False,44.9,13.0,-6.0,20.6,65.8,53.4,60.1,-21.7,-19.7,0.639,0.578,MSFT,,126,13.4,19.0,,False
85,GEN,Gen Digital Inc.,Technology,Software - Infrastructure,Core,16.9,28.17,26.76,24.0,13.8,10.0,0.0,ok,-3.0,de_fallback,,316.4,False,44.8,8.6,8.4,27.0,78.5,39.9,62.5,16.8,10.7,0.37,0.425,MSFT,,126,13.8,17.0,,False
86,GLW,Corning Incorporated,Technology,Electronic Components,Core,126.1,146.64,181.77,14.5,20.8,10.0,0.0,ok,-0.5,de_fallback,,71.4,False,44.8,34.0,0.6,16.6,36.4,16.8,31.2,8.4,24.4,0.314,0.437,AVGO,,126,20.8,13.0,,False
87,ROP,"Roper Technologies, Inc.",Technology,Software - Application,Core,38.8,392.57,372.94,18.5,16.8,10.0,0.0,ok,-0.5,de_fallback,,60.5,False,44.8,16.2,5.8,8.5,69.5,13.1,66.6,2.9,-3.1,-0.005,0.228,MSFT,,126,16.8,17.0,,False
88,UNP,Union Pacific Corporation,Industrials,Railroads,Core,173.0,291.23,277.72,20.5,15.8,10.0,0.0,ok,-1.5,de_fallback,,150.8,False,44.8,20.6,2.7,11.5,56.3,39.7,52.5,16.8,16.2,-0.223,0.2,MSFT,,126,15.8,15.0,,False
89,TRV,"The Travelers Companies, Inc.",Financial Services,Insurance - Property & Casualt,Core,78.0,373.82,355.13,20.0,14.8,10.0,0.0,ok,0.0,financial_na,,,False,44.8,12.4,18.9,0.3,34.7,26.5,68.5,25.0,23.0,-0.294,0.319,AVGO,,126,14.8,14.0,,False
90,MCD,McDonald's Corporation,Consumer Cyclical,Restaurants,Core,188.4,265.23,274.32,16.5,18.3,10.0,0.0,ok,,unavailable,,,False,44.8,18.8,3.2,9.4,57.3,,45.9,-10.9,-24.6,-0.074,0.233,NVDA,,126,18.3,12.0,,False
91,AMAT,"Applied Materials, Inc.",Technology,Semiconductor Equipment & Mate,Core,411.4,518.21,545.41,18.0,16.8,10.0,0.0,ok,0.0,de_fallback,,30.4,False,44.8,30.7,0.7,11.4,49.0,39.7,38.5,38.4,49.2,0.407,0.532,AVGO,,126,16.8,14.0,,False
92,OXY,Occidental Petroleum Corporati,Energy,Oil & Gas E&P,Cyclical,55.2,55.47,54.63,16.0,18.7,10.0,0.0,ok,0.0,de_fallback,,42.0,False,44.7,14.2,5.5,-8.3,69.8,4.1,53.3,11.0,18.9,-0.241,0.356,GOOG,,126,18.7,14.0,,False
93,AON,Aon plc,Financial Services,Insurance Brokers,Core,75.9,357.63,341.33,20.0,14.7,10.0,0.0,ok,0.0,financial_na,,,False,44.7,16.7,4.2,2.2,48.2,44.7,49.3,6.5,-6.4,-0.201,0.394,AVGO,,126,14.7,15.0,,False
94,AIG,"American International Group, ",Financial Services,Insurance - Diversified,Core,41.8,78.79,76.83,17.0,17.7,10.0,0.0,ok,0.0,financial_na,,,False,44.7,8.9,22.8,1.4,35.5,7.7,49.3,2.6,-1.0,-0.089,0.184,AVGO,,126,17.7,14.0,,False
95,GDDY,GoDaddy Inc.,Technology,Software - Infrastructure,Core,11.7,88.45,86.9,22.0,17.7,10.0,0.0,ok,-5.0,de_fallback,,57334.3,False,44.7,8.0,10.3,6.6,63.8,442.9,47.8,-11.9,-20.6,-0.027,0.175,MSFT,,126,17.7,17.0,,False
96,EQT,EQT Corporation,Energy,Oil & Gas E&P,Cyclical,33.5,53.56,52.44,18.5,16.2,10.0,0.0,ok,0.0,de_fallback,,19.6,False,44.7,13.4,7.3,-3.9,80.7,11.1,67.7,-4.7,-10.6,-0.016,0.11,BMNR,,126,16.2,14.0,,False
97,CCI,Crown Castle Inc.,Real Estate,REIT - Specialty,Core,33.5,76.74,82.72,15.5,19.1,10.0,0.0,ok,,unavailable,,,False,44.6,26.4,3.1,-4.9,73.7,,43.6,-10.1,-16.4,-0.03,0.302,AVGO,,126,19.1,17.0,,False
98,CRH,CRH PLC,Basic Materials,Building Materials,Cyclical,65.6,98.59,104.83,16.0,19.0,10.0,0.0,ok,-0.5,de_fallback,,77.6,False,44.5,14.8,3.1,5.6,36.2,15.8,40.2,-13.0,-29.3,0.259,0.311,GOOG,,126,19.0,11.0,,False
99,RMD,ResMed Inc.,Healthcare,Medical Instruments & Supplies,Core,31.2,215.19,204.43,21.0,13.5,10.0,0.0,ok,0.0,de_fallback,,13.0,False,44.5,17.8,4.6,10.8,62.2,25.2,70.0,-6.8,-24.0,0.039,0.285,GOOG,,126,13.5,17.0,,False
100,TMUS,"T-Mobile US, Inc.",Communication Services,Telecom Services,Core,190.0,177.09,183.21,18.5,19.0,10.0,0.0,ok,-3.0,de_fallback,,214.0,False,44.5,12.3,6.0,7.9,63.1,18.0,42.5,-10.3,-17.2,-0.204,0.22,NVDA,,126,19.0,17.0,,False
101,FICO,Fair Isaac Corporation,Technology,Software - Application,Core,22.6,1045.46,1214.27,18.5,15.9,10.0,0.0,ok,,unavailable,,,False,44.4,19.6,3.4,25.7,85.1,,36.6,-23.8,-36.9,-0.087,0.176,AVGO,,126,15.9,17.0,,False
102,FSLR,"First Solar, Inc.",Technology,Solar,Core,25.0,232.73,245.07,18.5,15.9,10.0,0.0,ok,0.0,de_fallback,,1.9,False,44.4,10.1,6.4,-3.7,44.0,18.5,58.1,-0.7,-8.0,0.285,0.306,GOOG,,126,15.9,14.0,,False
103,VRTX,Vertex Pharmaceuticals Incorpo,Healthcare,Biotechnology,Core,119.5,470.72,469.11,18.5,15.9,10.0,0.0,ok,0.0,de_fallback,,10.3,False,44.4,22.1,2.3,7.8,54.4,24.2,45.6,3.9,-9.2,0.046,0.202,BMNR,,126,15.9,16.0,,False
104,VRSK,"Verisk Analytics, Inc.",Industrials,Consulting Services,Core,25.3,193.11,185.74,18.0,16.4,10.0,0.0,ok,,unavailable,,,False,44.4,22.2,4.2,4.4,70.2,,52.0,-2.5,-18.3,-0.11,0.279,AVGO,,126,16.4,18.0,,False
105,CRM,"Salesforce, Inc.",Technology,Software - Application,Core,152.3,185.95,176.65,20.5,15.4,10.0,0.0,ok,-1.5,de_fallback,,124.3,False,44.4,12.0,10.9,13.3,77.6,16.9,62.7,-8.8,-20.3,0.23,0.512,MSFT,,126,15.4,17.0,,False
106,HSY,The Hershey Company,Consumer Defensive,Confectioners,Core,35.7,177.67,179.4,20.0,15.8,10.0,0.0,ok,-1.5,de_fallback,,129.8,False,44.3,18.0,4.9,6.6,38.4,32.8,58.8,-6.5,-17.9,-0.249,0.275,AVGO,,126,15.8,16.0,,False
107,POOL,Pool Corporation,Industrials,Industrial Distribution,Speculative,7.1,195.58,196.05,17.0,18.8,10.0,0.0,ok,-1.5,de_fallback,,134.5,False,44.3,16.5,3.0,2.2,29.6,31.3,39.0,-12.2,-30.8,0.079,0.155,GOOG,,126,18.8,14.0,,False
108,CSX,CSX Corporation,Industrials,Railroads,Core,92.3,49.83,48.2,19.5,16.3,10.0,0.0,ok,-1.5,de_fallback,,138.1,False,44.3,22.0,2.1,10.1,47.1,24.4,49.6,20.9,21.7,-0.058,0.2,MSFT,,126,16.3,15.0,,False
109,LLY,Eli Lilly and Company,Healthcare,Drug Manufacturers - General,Growth,1000.0,1121.36,1149.37,20.0,15.8,10.0,0.0,ok,-1.5,de_fallback,,139.0,False,44.3,24.9,0.9,55.5,82.8,107.5,43.9,9.5,-1.2,-0.028,0.155,GOOG,,126,15.8,17.0,,False
110,AMZN,"Amazon.com, Inc.",Consumer Cyclical,Internet Retail,Core,3055.2,284.02,269.82,17.0,12.2,17.0,-2.0,ok,0.0,de_fallback,,45.6,False,44.2,27.5,0.1,19.6,50.8,30.6,68.5,20.7,8.0,0.54,0.642,GOOG,,126,12.2,17.0,,False
111,ABNB,"Airbnb, Inc.",Consumer Cyclical,Travel Services,Core,89.4,150.64,143.11,20.5,13.7,10.0,0.0,ok,0.0,de_fallback,,33.2,False,44.2,25.1,3.6,17.9,82.9,32.3,56.7,13.5,5.8,0.421,0.347,MSFT,,126,13.7,15.0,,False
112,FTNT,"Fortinet, Inc.",Technology,Software - Infrastructure,Core,119.7,163.21,155.05,19.0,15.2,10.0,0.0,ok,0.0,de_fallback,,36.2,False,44.2,43.5,1.9,25.6,80.2,117.4,44.6,61.7,91.8,0.303,0.336,MSFT,,126,15.2,17.0,,False
113,AFL,AFLAC Incorporated,Financial Services,Insurance - Life,Core,64.5,126.71,120.37,20.5,13.7,10.0,0.0,ok,0.0,financial_na,,,False,44.2,16.8,7.6,27.9,50.0,16.5,65.6,12.5,5.4,-0.279,0.316,AVGO,,126,13.7,15.0,,False
114,LULU,lululemon athletica inc.,Consumer Cyclical,Apparel Retail,Core,14.0,123.67,118.67,21.0,13.2,10.0,0.0,ok,0.0,de_fallback,,44.3,False,44.2,11.0,8.1,4.3,55.7,32.0,61.7,-22.2,-39.9,0.355,0.38,MSFT,,126,13.2,12.0,,False
115,VEEV,Veeva Systems Inc.,Healthcare,Health Information Services,Core,33.5,206.25,195.94,18.0,16.1,10.0,0.0,ok,0.0,de_fallback,,1.4,False,44.1,20.6,3.8,16.3,75.0,13.9,60.0,1.4,-7.5,0.241,0.484,MSFT,,126,16.1,19.0,,False
116,YUM,"Yum! Brands, Inc.",Consumer Cyclical,Restaurants,Core,40.6,148.8,153.61,16.5,17.6,10.0,0.0,ok,,unavailable,,,False,44.1,20.0,2.0,12.3,45.3,,35.2,-2.9,-12.8,-0.072,0.133,AVGO,,126,17.6,12.0,,False
117,BR,Broadridge Financial Solutions,Technology,Information Technology Service,Core,18.2,157.34,149.47,19.5,16.1,10.0,0.0,ok,-1.5,de_fallback,,120.9,False,44.1,15.1,6.5,7.8,31.3,42.3,64.2,-13.2,-28.6,-0.019,0.313,MSFT,,126,16.1,15.0,,False
118,MSCI,MSCI Inc.,Financial Services,Financial Data & Stock Exchang,Core,41.8,574.43,595.31,17.5,16.6,10.0,0.0,ok,0.0,financial_na,,,False,44.1,25.6,2.9,12.2,83.0,,39.5,0.8,-16.3,0.207,0.342,MSFT,,126,16.6,16.0,,False
119,CSCO,"Cisco Systems, Inc.",Technology,Communication Equipment,Core,456.7,115.86,117.44,19.5,15.1,10.0,0.0,ok,-0.5,de_fallback,,67.5,False,44.1,24.2,2.0,12.0,64.3,25.2,47.3,30.0,36.0,0.233,0.353,AVGO,,126,15.1,15.0,,False
120,INVH,Invitation Homes Inc.,Real Estate,REIT - Residential,Core,18.1,30.49,29.51,19.0,15.5,10.0,0.0,ok,-0.5,de_fallback,,94.4,False,44.0,44.9,6.5,10.1,56.3,7.1,53.1,12.0,9.8,-0.132,0.277,AVGO,,126,15.5,16.0,,False
121,ABBV,AbbVie Inc.,Healthcare,Drug Manufacturers - General,Core,433.0,245.1,237.55,18.5,15.5,10.0,0.0,ok,,unavailable,,,False,44.0,15.0,,10.2,72.8,,52.0,10.6,1.4,-0.243,0.276,AVGO,,126,15.5,17.0,,False
122,STX,Seagate Technology Holdings PL,Technology,Computer Hardware,Growth,188.0,831.06,891.68,20.0,15.4,10.0,0.0,ok,-1.5,de_fallback,,164.5,False,43.9,15.0,1.1,48.5,45.6,371.5,46.1,59.6,83.5,0.38,0.468,AVGO,,126,15.4,14.0,,False
123,CVX,Chevron Corporation,Energy,Oil & Gas Integrated,Growth,384.7,193.18,183.52,19.5,14.4,10.0,0.0,ok,0.0,de_fallback,,24.0,False,43.9,15.1,,52.6,44.3,,67.1,11.3,4.2,-0.294,0.373,GOOG,,126,14.4,13.0,,False
124,CB,Chubb Limited,Financial Services,Insurance - Property & Casualt,Core,134.3,348.23,337.86,18.5,15.3,10.0,0.0,ok,0.0,financial_na,,,False,43.8,11.9,7.8,6.1,31.1,14.8,51.3,9.6,3.6,-0.407,0.432,AVGO,,126,15.3,14.0,,False
125,APA,APA Corporation,Energy,Oil & Gas E&P,Cyclical,13.0,36.87,35.21,19.0,15.3,10.0,0.0,ok,-0.5,de_fallback,,61.3,False,43.8,8.9,13.0,-11.9,72.3,26.2,64.6,18.9,35.4,-0.295,0.358,GOOG,,126,15.3,14.0,,False
126,AKAM,"Akamai Technologies, Inc.",Technology,Software - Infrastructure,Core,17.1,117.88,128.09,16.0,19.3,10.0,0.0,ok,-1.5,de_fallback,,119.5,False,43.8,16.4,4.1,5.8,58.3,9.2,40.1,11.9,13.0,0.211,0.231,AVGO,,126,19.3,16.0,,False
127,ODFL,"Old Dominion Freight Line, Inc",Industrials,Trucking,Core,44.0,211.52,226.34,16.5,17.3,10.0,0.0,ok,0.0,de_fallback,,0.4,False,43.8,32.0,,10.4,39.6,24.8,33.4,12.4,5.0,0.009,0.099,GOOG,,126,17.3,14.0,,False
128,OMC,Omnicom Group Inc.,Communication Services,Advertising Agencies,Growth,22.6,79.27,77.11,18.5,16.7,10.0,0.0,ok,-1.5,de_fallback,,107.7,False,43.7,6.6,18.9,63.4,19.0,6.1,47.3,4.8,-3.2,0.082,0.134,MSFT,,126,16.7,13.0,,False
129,SYF,Synchrony Financial,Financial Services,Credit Services,Core,25.3,77.84,73.95,19.5,14.2,10.0,0.0,ok,0.0,financial_na,,,False,43.7,7.4,,0.6,0.0,20.8,61.9,5.1,-2.2,0.346,0.325,BMNR,,126,14.2,16.0,,False
130,IDXX,"IDEXX Laboratories, Inc.",Healthcare,Diagnostics & Research,Core,44.8,567.84,557.39,18.0,16.1,10.0,0.0,ok,-0.5,de_fallback,,71.0,False,43.6,34.4,1.8,14.3,62.1,72.9,61.1,-8.4,-20.2,0.234,0.312,GOOG,,126,16.1,17.0,,False
131,PLTR,Palantir Technologies Inc.,Technology,Software - Infrastructure,Growth,301.2,125.65,130.49,20.0,15.6,10.0,-2.0,ok,0.0,de_fallback,,2.5,False,43.6,60.0,0.6,84.7,84.1,32.6,39.5,-17.7,-23.9,0.513,0.483,MSFT,,126,15.6,17.0,,False
132,FFIV,"F5, Inc.",Technology,Software - Infrastructure,Core,23.1,406.35,401.49,18.0,15.6,10.0,0.0,ok,0.0,de_fallback,,5.7,False,43.6,22.5,3.3,10.9,81.9,19.8,39.7,30.5,35.8,0.34,0.281,BMNR,,126,15.6,17.0,,False
133,FTV,Fortive Corporation,Technology,Scientific & Technical Instrum,Core,18.1,59.46,60.86,17.0,17.1,10.0,0.0,ok,-0.5,de_fallback,,59.3,False,43.6,18.3,5.2,7.9,63.2,7.3,45.9,4.7,2.0,0.003,0.068,MSFT,,126,17.1,15.0,,False
134,FIX,"Comfort Systems USA, Inc.",Industrials,Engineering & Construction,Core,62.3,1770.96,1816.37,17.0,16.6,10.0,0.0,ok,0.0,de_fallback,,45.5,False,43.6,29.5,3.0,1.0,25.7,55.3,49.7,26.3,41.8,0.432,0.475,AVGO,,126,16.6,14.0,,False
135,ERIE,Erie Indemnity Company,Financial Services,Insurance Brokers,Core,12.4,236.86,228.8,16.0,17.5,10.0,0.0,ok,0.0,financial_na,,,False,43.5,16.9,3.9,2.8,17.9,24.8,49.4,-7.8,-24.0,-0.243,0.348,AVGO,,126,17.5,14.0,,False
136,EQIX,"Equinix, Inc.",Real Estate,REIT - Specialty,Core,101.8,1031.44,1053.6,17.0,18.0,10.0,0.0,ok,-1.5,de_fallback,,162.2,False,43.5,55.4,3.7,16.7,52.0,10.7,51.6,11.3,19.7,0.123,0.181,BMNR,,126,18.0,16.0,,False
137,NXPI,NXP Semiconductors N.V.,Technology,Semiconductors,Core,56.5,224.17,288.77,22.0,12.0,10.0,0.0,ok,-0.5,de_fallback,,93.3,True,43.5,12.4,6.3,19.5,56.1,27.9,17.8,-6.6,-11.1,0.204,0.365,AVGO,,126,18.4,14.0,,False
138,NTRS,Northern Trust Corporation,Financial Services,Asset Management,Growth,33.3,182.2,176.15,17.5,16.0,10.0,0.0,ok,0.0,financial_na,,,False,43.5,14.4,,36.4,0.0,17.1,44.0,21.2,12.5,0.349,0.331,BMNR,,126,16.0,14.0,,False
139,KIM,Kimco Realty Corporation (HC),Real Estate,REIT - Retail,Core,17.1,25.41,25.08,17.0,17.0,10.0,0.0,ok,-0.5,de_fallback,,78.8,False,43.5,29.3,4.9,4.0,69.0,5.9,52.4,13.8,15.8,-0.153,0.201,AVGO,,126,17.0,17.0,,False
140,V,Visa Inc.,Financial Services,Credit Services,Core,682.7,365.67,347.39,20.5,12.9,10.0,0.0,ok,0.0,financial_na,,,False,43.4,24.5,3.0,14.4,97.7,61.2,59.9,11.0,1.0,0.04,0.204,MSFT,,126,12.9,18.0,,False
141,ULTA,"Ulta Beauty, Inc.",Consumer Cyclical,Specialty Retail,Core,23.0,534.41,507.69,21.0,12.9,10.0,0.0,ok,-0.5,de_fallback,,89.2,False,43.4,16.8,4.2,11.1,43.2,47.4,80.4,-3.7,-28.7,0.144,0.165,MSFT,,126,12.9,12.0,,False
142,NVR,"NVR, Inc.",Consumer Cyclical,Residential Construction,Core,16.6,6204.1,6390.13,16.0,17.4,10.0,0.0,ok,0.0,de_fallback,,31.0,False,43.4,15.1,,-10.9,21.8,31.5,45.2,-10.5,-28.6,-0.041,0.177,GOOG,,126,17.4,11.0,,False
143,OTIS,Otis Worldwide Corporation,Industrials,Specialty Industrial Machinery,Core,27.5,72.19,72.01,15.5,17.9,10.0,0.0,ok,,unavailable,,,False,43.4,15.7,5.2,7.3,30.3,,48.6,-11.6,-24.3,-0.084,0.154,NVDA,,126,17.9,14.0,,False
144,MAR,Marriott International,Consumer Cyclical,Lodging,Core,91.5,346.83,378.46,15.0,18.4,10.0,0.0,ok,,unavailable,,,False,43.4,26.4,2.0,12.6,79.0,,39.4,3.6,0.1,0.128,0.225,GOOG,,126,18.4,13.0,,False
145,LITE,Lumentum Holdings Inc.,Technology,Communication Equipment,Growth,60.7,779.89,824.38,18.0,16.9,10.0,0.0,ok,-1.5,de_fallback,,111.4,False,43.4,42.5,0.2,90.1,40.8,22.8,47.4,29.1,75.2,0.295,0.387,AVGO,,126,16.9,14.0,,False
146,TKO,"TKO Group Holdings, Inc.",Communication Services,Entertainment,Core,35.2,183.91,194.24,17.5,16.3,10.0,0.0,ok,-0.5,de_fallback,,58.2,False,43.3,48.0,2.4,25.9,59.1,6.7,48.6,-6.0,-16.5,0.164,0.157,BMNR,,126,16.3,14.0,,False
147,PODD,Insulet Corporation,Healthcare,Medical Devices,Growth,11.8,169.7,161.21,20.5,13.3,10.0,0.0,ok,-0.5,de_fallback,,77.8,False,43.3,21.1,2.2,33.9,71.0,23.0,63.3,-26.7,-42.8,0.052,0.143,GOOG,,126,13.3,17.0,,False
148,PYPL,"PayPal Holdings, Inc.",Financial Services,Credit Services,Core,49.9,57.87,54.98,20.0,13.3,10.0,0.0,ok,0.0,financial_na,,,False,43.3,10.0,8.9,4.8,40.5,24.5,83.0,11.6,2.3,0.272,0.317,MSFT,,126,13.3,17.0,,False
149,AVY,Avery Dennison Corporation,Consumer Cyclical,Packaging & Containers,Core,13.2,172.27,163.66,20.5,14.3,10.0,0.0,ok,-1.5,de_fallback,,158.4,False,43.3,15.3,7.3,10.9,29.0,31.2,65.2,0.7,-15.8,0.074,0.129,MSFT,,126,14.3,11.0,,False
150,PSA,Public Storage,Real Estate,REIT - Industrial,Core,60.9,325.9,316.39,18.5,16.3,10.0,0.0,ok,-1.5,de_fallback,,109.6,False,43.3,35.5,3.8,3.3,74.4,21.9,54.9,12.5,13.3,-0.037,0.164,GOOG,,126,16.3,17.0,,False
151,DLR,"Digital Realty Trust, Inc.",Real Estate,REIT - Specialty,Core,72.0,191.22,184.81,19.0,14.8,10.0,0.0,ok,-0.5,de_fallback,,67.9,False,43.3,65.2,5.2,29.9,57.0,2.9,66.2,9.6,8.4,0.208,0.254,BMNR,,126,14.8,16.0,,False
152,MCHP,Microchip Technology Incorpora,Technology,Semiconductors,Growth,40.8,75.22,88.5,16.5,17.3,10.0,0.0,ok,-0.5,de_fallback,,87.7,False,43.3,18.0,2.8,35.1,57.7,3.4,30.2,0.3,-11.6,0.334,0.468,AVGO,,126,17.3,14.0,,False
153,BKNG,Booking Holdings Inc. Common S,Consumer Cyclical,Travel Services,Core,149.3,192.71,183.07,19.0,14.2,10.0,0.0,ok,,unavailable,,,False,43.2,15.7,4.7,16.2,87.0,,65.2,4.3,-14.4,0.183,0.22,GOOG,,126,14.2,15.0,,False
154,PPG,"PPG Industries, Inc.",Basic Materials,Specialty Chemicals,Cyclical,25.3,114.01,116.24,17.5,16.2,10.0,0.0,ok,-0.5,de_fallback,,86.9,False,43.2,13.1,4.4,7.2,41.2,19.3,48.9,4.8,-9.8,0.216,0.253,GOOG,,126,16.2,12.0,,False
155,PEP,"Pepsico, Inc.",Consumer Defensive,Beverages - Non-Alcoholic,Core,190.7,139.63,141.01,20.0,16.2,10.0,0.0,ok,-3.0,de_fallback,,238.9,False,43.2,15.6,4.1,6.4,54.2,51.5,59.3,-5.4,-17.2,-0.208,0.311,AVGO,,126,16.2,17.0,,False
156,KEYS,Keysight Technologies Inc.,Technology,Scientific & Technical Instrum,Growth,55.0,321.89,332.82,16.5,16.7,10.0,0.0,ok,0.0,de_fallback,,43.6,False,43.2,27.0,2.0,31.5,62.1,18.2,47.8,19.4,35.2,0.285,0.395,AVGO,,126,16.7,15.0,,False
157,MNST,Monster Beverage Corporation,Consumer Defensive,Beverages - Non-Alcoholic,Core,91.5,93.55,93.61,18.0,15.2,10.0,0.0,ok,0.0,de_fallback,,1.1,False,43.2,36.0,1.8,26.9,55.5,26.7,39.4,15.9,6.4,0.05,0.124,GOOG,,126,15.2,17.0,,False
158,CTVA,"Corteva, Inc.",Basic Materials,Agricultural Inputs,Cyclical,50.9,76.04,81.92,15.0,18.2,10.0,0.0,ok,0.0,de_fallback,,19.2,False,43.2,18.4,4.8,-1.2,49.5,4.3,32.5,1.3,-4.6,-0.191,0.233,MSFT,,126,18.2,12.0,,False
159,XYL,Xylem Inc.,Industrials,Specialty Industrial Machinery,Core,27.8,119.08,115.13,16.0,17.1,10.0,0.0,ok,0.0,de_fallback,,28.6,False,43.1,19.2,4.3,1.5,39.2,9.2,46.2,-6.6,-23.2,0.103,0.233,GOOG,,126,17.1,14.0,,False
160,MA,Mastercard Incorporated,Financial Services,Credit Services,Core,500.2,570.97,542.42,20.5,12.6,10.0,0.0,ok,0.0,financial_na,,,False,43.1,24.9,3.4,14.1,100.0,241.2,66.2,8.5,-5.8,0.123,0.398,MSFT,,126,12.6,18.0,,False
161,VST,Vistra Corp.,Utilities,Utilities - Independent Power ,Growth,52.6,155.94,156.3,18.0,18.1,10.0,0.0,ok,-3.0,de_fallback,,366.6,False,43.1,15.1,-0.3,43.4,38.6,42.9,48.1,-4.4,-7.6,0.328,0.36,AVGO,,126,18.1,18.0,,False
162,EFX,"Equifax, Inc.",Industrials,Consulting Services,Core,20.5,174.11,167.79,18.5,16.0,10.0,0.0,ok,-1.5,de_fallback,,121.0,False,43.0,17.1,4.6,10.6,55.5,14.3,55.3,-8.7,-21.0,0.053,0.224,MSFT,,126,16.0,17.0,,False
163,AJG,Arthur J. Gallagher & Co.,Financial Services,Insurance Brokers,Growth,63.7,247.79,235.4,17.5,15.5,10.0,0.0,ok,0.0,financial_na,,,False,43.0,16.7,,31.0,43.2,6.7,46.0,6.1,-7.3,-0.185,0.333,AVGO,,126,15.5,15.0,,False
164,JNJ,Johnson & Johnson,Healthcare,Drug Manufacturers - General,Core,613.1,254.41,245.65,18.5,15.0,10.0,0.0,ok,-0.5,de_fallback,,57.7,False,43.0,19.9,2.8,6.6,68.1,25.7,50.6,13.0,2.5,-0.372,0.38,AVGO,,126,15.0,17.0,,False
165,SCHW,Charles Schwab Corporation (Th,Financial Services,Capital Markets,Core,184.1,105.87,100.58,21.5,11.5,10.0,0.0,ok,0.0,financial_na,,,False,43.0,13.6,,20.9,97.5,20.3,65.2,11.2,-7.6,0.209,0.251,MSFT,,126,11.5,16.0,,False
166,WYNN,"Wynn Resorts, Limited",Consumer Cyclical,Resorts & Casinos,Core,10.2,98.36,100.39,16.5,16.5,10.0,0.0,ok,,unavailable,,,False,43.0,18.7,3.5,9.2,68.1,,57.7,-10.3,-18.4,0.275,0.206,MSFT,,126,16.5,13.0,,False
167,EQR,Equity Residential,Real Estate,REIT - Residential,Core,26.1,67.57,67.13,17.0,16.4,10.0,0.0,ok,-0.5,de_fallback,,78.7,False,42.9,43.1,5.5,2.1,62.3,8.0,44.3,8.8,3.2,-0.075,0.242,AVGO,,126,16.4,17.0,,False
168,LOW,"Lowe's Companies, Inc.",Consumer Cyclical,Home Improvement Retail,Core,119.0,212.06,213.19,16.5,16.4,10.0,0.0,ok,,unavailable,,,False,42.9,15.8,4.0,10.3,33.3,,55.0,-10.4,-29.3,0.048,0.251,GOOG,,126,16.4,11.0,,False
169,MRVL,"Marvell Technology, Inc.",Technology,Semiconductors,Core,173.9,193.77,239.55,15.5,17.4,10.0,0.0,ok,0.0,de_fallback,,29.0,False,42.9,31.0,1.3,27.6,51.5,16.0,39.4,43.0,137.6,0.374,0.556,AVGO,,126,17.4,14.0,,False
170,MS,Morgan Stanley,Financial Services,Capital Markets,Core,332.1,211.23,213.53,19.5,15.4,10.0,-2.0,ok,0.0,financial_na,,,False,42.9,15.5,,28.0,87.6,,35.0,15.6,6.4,0.505,0.477,BMNR,,126,15.4,16.0,,False
171,VTR,"Ventas, Inc.",Real Estate,REIT - Healthcare Facilities,Core,46.6,90.85,88.81,16.5,16.9,10.0,0.0,ok,-0.5,de_fallback,,84.9,False,42.9,111.2,3.2,21.7,40.0,2.0,46.5,10.6,9.9,-0.297,0.311,MSFT,,126,16.9,15.0,,False
172,BF-B,Brown Forman Inc,Consumer Defensive,Beverages - Wineries & Distill,Core,12.8,27.81,26.42,18.5,14.9,10.0,0.0,ok,-0.5,de_fallback,,65.0,False,42.9,16.3,5.8,2.0,60.5,17.8,65.7,3.5,-4.6,-0.163,0.193,AVGO,,126,14.9,18.0,,False
173,DOV,Dover Corporation,Industrials,Specialty Industrial Machinery,Core,27.7,205.72,214.26,16.0,16.9,10.0,0.0,ok,0.0,de_fallback,,42.3,False,42.9,17.7,3.3,6.9,40.1,14.9,43.0,-0.3,-9.2,0.181,0.209,GOOG,,126,16.9,15.0,,False
174,JPM,JP Morgan Chase & Co.,Financial Services,Banks - Diversified,Growth,937.4,352.64,335.01,19.0,13.8,10.0,0.0,ok,0.0,financial_na,,,False,42.8,14.2,,30.4,0.0,17.8,59.6,13.9,6.6,0.246,0.315,BMNR,,126,13.8,14.0,,False
175,KMB,Kimberly-Clark Corporation,Consumer Defensive,Household & Personal Products,Core,35.7,107.56,105.28,18.5,17.3,10.0,0.0,ok,-3.0,de_fallback,,371.3,False,42.8,14.2,3.0,2.7,37.1,111.7,52.1,5.9,2.0,-0.169,0.259,AVGO,,126,17.3,16.0,,False
176,KEY,KeyCorp,Financial Services,Banks - Regional,Core,24.5,22.81,22.54,17.5,15.3,10.0,0.0,ok,0.0,financial_na,,,False,42.8,10.7,,10.1,0.0,10.3,43.4,10.9,-3.2,0.226,0.236,BMNR,,126,15.3,14.0,,False
177,BBY,"Best Buy Co., Inc.",Consumer Cyclical,Specialty Retail,Core,18.0,85.25,80.99,18.0,16.2,10.0,0.0,ok,-1.5,de_fallback,,134.1,False,42.7,12.0,6.4,1.9,22.5,39.1,53.7,23.0,24.1,0.054,0.083,MSFT,,126,16.2,11.0,,False
178,GPN,Global Payments Inc.,Industrials,Specialty Business Services,Growth,23.6,86.19,81.88,20.0,13.2,10.0,0.0,ok,-0.5,de_fallback,,95.6,False,42.7,5.3,,63.1,67.4,2.9,65.6,16.4,11.6,0.239,0.287,MSFT,,126,13.2,18.0,fcf_yield_out_of_range(30.2),False
179,CI,The Cigna Group,Healthcare,Healthcare Plans,Core,74.5,282.06,286.17,15.5,17.7,10.0,0.0,ok,-0.5,de_fallback,,74.3,False,42.7,8.4,10.7,6.7,9.1,16.8,36.3,1.6,-3.9,-0.141,0.198,AVGO,,126,17.7,15.0,,False
180,HCA,"HCA Healthcare, Inc.",Healthcare,Medical Care Facilities,Core,90.2,406.61,387.0,17.0,15.7,10.0,0.0,ok,,unavailable,,,False,42.7,12.6,4.1,8.7,42.6,,67.8,-10.8,-26.8,-0.06,0.183,GOOG,,126,15.7,16.0,,False
181,CVNA,Carvana Co.,Consumer Cyclical,Auto & Truck Dealerships,Growth,98.4,66.13,66.73,16.0,18.2,10.0,0.0,ok,-1.5,de_fallback,,110.9,False,42.7,29.4,0.4,52.4,19.4,58.8,42.8,-8.5,-27.9,0.39,0.408,GOOG,,126,18.2,11.0,,False
182,EME,"EMCOR Group, Inc.",Industrials,Engineering & Construction,Core,36.1,817.42,801.66,18.0,14.7,10.0,0.0,ok,0.0,de_fallback,,13.4,False,42.7,22.8,2.7,19.8,19.4,40.3,56.8,9.7,2.9,0.485,0.449,AVGO,,126,14.7,14.0,,False
183,VLO,Valero Energy Corporation,Energy,Oil & Gas Refining & Marketing,Growth,88.5,307.54,292.16,20.0,12.7,10.0,0.0,ok,0.0,de_fallback,,40.1,False,42.7,11.2,9.5,51.7,16.1,27.6,55.0,41.6,64.2,-0.141,0.33,GOOG,,126,12.7,12.0,,False
184,ESS,"Essex Property Trust, Inc.",Real Estate,REIT - Residential,Core,19.7,285.88,285.4,17.0,17.2,10.0,0.0,ok,-1.5,de_fallback,,122.4,False,42.7,46.3,5.3,3.1,68.8,7.7,36.3,10.1,8.4,-0.077,0.238,AVGO,,126,17.2,17.0,,False
185,CMCSA,Comcast Corporation,Communication Services,Telecom Services,Core,87.2,24.56,23.6,18.5,15.6,10.0,0.0,ok,-1.5,de_fallback,,100.5,False,42.6,6.8,14.6,-1.2,69.4,11.5,58.9,-6.8,-23.8,-0.058,0.128,NVDA,,126,15.6,17.0,,False
186,KLIC,"Kulicke and Soffa Industries, ",Technology,Semiconductor Equipment & Mate,Growth,4.7,90.16,108.74,14.0,18.6,10.0,0.0,ok,0.0,de_fallback,,4.6,False,42.6,21.3,-0.0,49.8,49.8,6.4,32.9,23.6,47.5,0.329,0.44,AVGO,,126,18.6,14.0,,False
187,RSG,"Republic Services, Inc.",Industrials,Waste Management,Core,64.5,209.62,212.13,16.0,18.1,10.0,0.0,ok,-1.5,de_fallback,,117.6,False,42.6,26.0,2.8,2.6,43.0,18.3,35.1,-1.7,-11.2,-0.381,0.368,AVGO,,126,18.1,15.0,,False
188,DHI,"D.R. Horton, Inc.",Consumer Cyclical,Residential Construction,Core,41.0,146.66,151.02,15.0,17.5,10.0,0.0,ok,0.0,de_fallback,,29.5,False,42.5,12.5,5.9,0.0,21.3,12.6,45.6,-2.0,-10.4,0.046,0.173,GOOG,,126,17.5,11.0,,False
189,ES,Eversource Energy (D/B/A),Utilities,Utilities - Regulated Electric,Core,27.1,71.95,71.79,16.5,17.5,10.0,0.0,ok,-1.5,de_fallback,,181.8,False,42.5,14.7,,2.3,52.8,,37.8,3.9,-0.6,-0.177,0.194,AVGO,,126,17.5,19.0,,False
190,ELV,"Elevance Health, Inc.",Healthcare,Healthcare Plans,Core,83.0,382.77,395.93,16.0,17.0,10.0,0.0,ok,-0.5,de_fallback,,69.0,False,42.5,12.9,5.2,1.4,26.0,11.1,31.0,9.7,4.2,0.072,0.123,BMNR,,126,17.0,15.0,,False
191,RL,Ralph Lauren Corporation,Consumer Cyclical,Apparel Manufacturing,Core,22.6,380.17,385.59,20.5,13.5,10.0,0.0,ok,-1.5,de_fallback,,105.9,False,42.5,18.6,2.9,16.6,69.9,34.7,56.6,5.8,-1.8,0.31,0.318,BMNR,,126,13.5,13.0,,False
192,LVS,Las Vegas Sands Corp.,Consumer Cyclical,Resorts & Casinos,Core,30.6,47.28,48.16,21.0,16.5,10.0,0.0,ok,-5.0,de_fallback,,1703.9,False,42.5,13.4,7.2,-0.7,79.3,122.9,63.2,-14.7,-23.0,0.268,0.303,MSFT,,126,16.5,13.0,,False
193,HIG,"The Hartford Insurance Group, ",Financial Services,Insurance - Diversified,Core,39.2,142.9,135.75,20.0,12.5,10.0,0.0,ok,0.0,financial_na,,,False,42.5,10.4,14.1,8.1,37.9,22.1,59.2,6.7,-3.8,-0.218,0.306,AVGO,,126,12.5,14.0,,False
194,VLTO,Veralto Corp,Industrials,Pollution & Treatment Controls,Core,23.1,94.82,90.08,19.5,14.4,10.0,0.0,ok,-1.5,de_fallback,,116.0,False,42.4,19.9,3.5,7.5,60.2,34.3,56.6,1.4,-15.2,0.022,0.094,GOOG,,126,14.4,16.0,,False
195,KVUE,Kenvue Inc.,Consumer Defensive,Household & Personal Products,Core,36.5,19.01,18.56,18.5,14.4,10.0,0.0,ok,-0.5,de_fallback,,83.0,False,42.4,15.3,5.1,4.5,58.6,15.7,55.0,9.9,3.0,-0.167,0.259,AVGO,,126,14.4,17.0,,False
196,EXE,Expand Energy Corporation,Energy,Oil & Gas E&P,Cyclical,22.6,94.66,90.27,16.5,15.9,10.0,0.0,ok,0.0,de_fallback,,19.2,False,42.4,10.4,6.5,-10.6,47.1,14.9,68.0,-6.9,-19.4,-0.063,0.117,AVGO,,126,15.9,13.0,,False
197,SNA,Snap-On Incorporated,Industrials,Tools & Accessories,Core,21.2,409.41,393.74,17.5,14.9,10.0,0.0,ok,0.0,de_fallback,,21.6,False,42.4,19.2,5.2,4.2,51.8,17.9,53.3,11.8,2.7,0.068,0.232,GOOG,,126,14.9,15.0,,False
198,BWXT,"BWX Technologies, Inc.",Industrials,Aerospace & Defense,Core,15.9,173.79,187.64,15.5,18.3,10.0,0.0,ok,-1.5,de_fallback,,157.6,False,42.3,33.5,1.0,26.1,22.7,29.0,44.7,-11.8,-24.4,0.456,0.518,BMNR,,126,18.3,14.0,,False
199,EOG,"EOG Resources, Inc.",Energy,Oil & Gas E&P,Cyclical,77.6,145.68,138.4,18.0,14.3,10.0,0.0,ok,0.0,de_fallback,,26.9,False,42.3,9.9,3.7,15.6,62.0,18.2,64.4,19.0,27.5,-0.315,0.39,GOOG,,126,14.3,14.0,,False
200,FDX,FedEx Corporation,Industrials,Integrated Freight & Logistics,Core,73.2,309.24,319.91,18.0,15.8,10.0,0.0,ok,-1.5,de_fallback,,135.7,False,42.3,15.1,7.7,12.5,27.3,14.8,45.7,12.3,6.4,0.106,0.223,GOOG,,126,15.8,14.0,,False
201,HAL,Halliburton Company,Energy,Oil & Gas Equipment & Services,Cyclical,26.6,31.89,35.98,15.5,17.3,10.0,0.0,ok,-0.5,de_fallback,,74.2,False,42.3,11.0,7.7,3.7,15.1,14.9,25.9,-5.0,-10.9,-0.017,0.126,GOOG,,126,17.3,14.0,,False
202,EW,Edwards Lifesciences Corporati,Healthcare,Medical Devices,Core,51.1,88.82,87.71,17.0,15.2,10.0,0.0,ok,0.0,de_fallback,,6.8,False,42.2,26.3,,13.6,77.8,,46.1,6.0,-1.5,0.25,0.283,GOOG,,126,15.2,17.0,,False
203,TRMB,Trimble Inc.,Technology,Scientific & Technical Instrum,Core,13.5,57.79,54.9,16.5,15.7,10.0,0.0,ok,0.0,de_fallback,,25.1,False,42.2,14.2,2.7,11.8,71.5,8.3,67.2,-14.0,-23.8,0.342,0.367,MSFT,,126,15.7,15.0,,False
204,JBL,Jabil Inc.,Technology,Electronic Components,Core,33.4,318.39,347.28,16.5,18.7,10.0,0.0,ok,-3.0,de_fallback,,297.1,False,42.2,19.0,3.6,11.8,9.2,65.9,46.3,14.2,22.0,0.486,0.554,AVGO,,126,18.7,13.0,,False
205,FOX,Fox Corporation,Communication Services,Entertainment,Core,22.1,52.62,52.3,17.5,15.2,10.0,0.0,ok,-0.5,de_fallback,,67.9,False,42.2,9.7,6.4,-8.6,36.8,15.2,66.2,-6.8,-27.9,0.021,0.126,MSFT,,126,15.2,13.0,,False
206,DIS,Walt Disney Company (The),Communication Services,Entertainment,Core,170.4,98.14,98.63,16.0,16.1,10.0,0.0,ok,0.0,de_fallback,,41.1,False,42.1,13.2,2.2,6.5,37.2,11.0,55.3,-5.4,-14.3,0.264,0.289,GOOG,,126,16.1,13.0,,False
207,FISV,"Fiserv, Inc.",,,Core,29.0,54.35,52.17,15.5,16.6,10.0,0.0,ok,,unavailable,,,False,42.1,6.1,,,,,67.4,-13.7,-22.6,0.126,0.319,MSFT,,126,16.6,12.5,,False
208,ADP,"Automatic Data Processing, Inc",Technology,Software - Application,Core,107.3,269.78,256.29,20.0,12.6,10.0,0.0,ok,-0.5,de_fallback,,89.7,False,42.1,20.1,5.0,6.8,48.7,72.2,66.7,15.8,1.8,-0.022,0.294,MSFT,,126,12.6,16.0,,False
209,NWSA,News Corporation,Communication Services,Entertainment,Core,15.1,27.94,26.69,17.0,15.1,10.0,0.0,ok,0.0,de_fallback,,31.6,False,42.1,21.6,11.5,8.8,57.2,6.5,52.2,8.6,-4.1,0.052,0.234,GOOG,,126,15.1,14.0,,False
210,MRSH,Marsh,Financial Services,Insurance Brokers,Core,92.0,192.84,183.2,19.0,13.1,10.0,0.0,ok,0.0,financial_na,,,False,42.1,16.9,5.2,6.2,44.0,25.9,66.6,10.0,-5.4,-0.216,0.411,AVGO,,126,13.1,15.0,,False
211,C,"Citigroup, Inc.",Financial Services,Banks - Diversified,Core,224.1,133.57,135.32,16.0,16.1,10.0,0.0,ok,0.0,financial_na,,,False,42.1,10.4,,14.5,0.0,8.5,50.6,12.9,6.5,0.439,0.402,BMNR,,126,16.1,14.0,,False
212,UDR,"UDR, Inc.",Real Estate,REIT - Residential,Core,14.3,38.69,38.93,17.5,16.1,10.0,0.0,ok,-1.5,de_fallback,,156.1,False,42.1,69.1,5.4,-0.1,66.6,13.7,40.6,6.6,-2.0,-0.136,0.275,AVGO,,126,16.1,17.0,,False
213,UHS,"Universal Health Services, Inc",Healthcare,Medical Care Facilities,Core,10.2,169.04,160.59,19.0,13.6,10.0,0.0,ok,-0.5,de_fallback,,68.7,False,42.1,7.0,4.9,8.3,44.6,20.9,78.9,-11.6,-25.0,-0.072,0.114,MSFT,,126,13.6,16.0,,False
214,TDG,Transdigm Group Incorporated,Industrials,Aerospace & Defense,Core,71.9,1285.56,1265.36,17.5,14.5,10.0,0.0,ok,,unavailable,,,False,42.0,27.3,2.1,18.3,59.7,,63.4,0.4,-19.4,0.244,0.321,GOOG,,126,14.5,15.0,,False
215,BLK,"BlackRock, Inc.",Financial Services,Asset Management,Growth,183.2,1126.63,1070.3,19.5,12.5,10.0,0.0,ok,0.0,financial_na,,,False,42.0,17.5,,30.6,47.2,,66.7,7.8,-7.2,0.45,0.419,GOOG,,126,12.5,15.0,,False
216,IBKR,"Interactive Brokers Group, Inc",Financial Services,Capital Markets,Core,148.8,87.75,90.36,20.0,16.0,10.0,-4.0,ok,0.0,financial_na,,,False,42.0,27.5,,22.3,93.0,24.0,36.3,15.5,7.9,0.663,0.628,BMNR,,126,16.0,16.0,,False
217,COHR,Coherent Corp.,Technology,Scientific & Technical Instrum,Core,56.4,288.14,346.01,13.0,19.0,10.0,0.0,ok,0.0,de_fallback,,31.1,False,42.0,34.8,-0.4,20.5,37.0,4.7,45.2,12.6,20.6,0.406,0.472,NVDA,,126,19.0,13.0,,False
218,CAT,"Caterpillar, Inc.",Industrials,Farm & Heavy Construction Mach,Core,382.3,830.03,917.87,16.5,18.5,10.0,0.0,ok,-3.0,de_fallback,,230.8,False,42.0,27.3,1.0,22.2,28.6,51.3,30.8,12.6,11.6,0.305,0.454,AVGO,,126,18.5,14.0,,False
219,UNH,UnitedHealth Group Incorporate,Healthcare,Healthcare Plans,Core,377.2,415.36,410.09,15.5,17.0,10.0,0.0,ok,-0.5,de_fallback,,69.2,False,42.0,18.5,6.0,0.4,19.5,14.2,43.9,21.5,38.5,0.161,0.224,BMNR,,126,17.0,15.0,,False
220,CPB,The Campbell's Company,Consumer Defensive,Packaged Foods,Speculative,6.7,22.37,21.7,16.0,17.4,10.0,0.0,ok,-1.5,de_fallback,,182.0,False,41.9,11.5,9.0,-4.4,29.2,15.4,52.4,-7.7,-24.8,-0.184,0.322,AVGO,,126,17.4,16.0,,False
221,NWS,News Corporation,Communication Services,Entertainment,Core,17.2,31.79,30.33,17.0,14.8,10.0,0.0,ok,0.0,de_fallback,,31.6,False,41.8,24.6,10.1,8.8,57.2,6.5,53.6,8.4,-5.6,0.074,0.252,GOOG,,126,14.8,14.0,,False
222,DOC,"Healthpeak Properties, Inc.",Real Estate,REIT - Healthcare Facilities,Core,14.9,21.64,20.91,17.0,16.3,10.0,0.0,ok,-1.5,de_fallback,,118.2,False,41.8,,7.4,7.1,58.3,2.8,51.1,21.5,23.2,0.051,0.155,NVDA,,126,16.3,16.0,,False
223,GWW,"W.W. Grainger, Inc.",Industrials,Industrial Distribution,Core,64.7,1371.25,1334.39,17.0,15.3,10.0,0.0,ok,-0.5,de_fallback,,64.0,False,41.8,27.2,1.8,10.1,39.2,46.1,50.0,21.0,16.6,0.042,0.151,GOOG,,126,15.3,14.0,,False
224,KMI,"Kinder Morgan, Inc.",Energy,Oil & Gas Midstream,Cyclical,69.9,31.4,32.08,14.5,17.8,10.0,0.0,ok,-0.5,de_fallback,,98.6,False,41.8,20.4,1.5,10.8,49.4,11.0,38.3,4.1,-1.9,-0.246,0.2,AVGO,,126,17.8,13.0,,False
225,WM,"Waste Management, Inc.",Industrials,Waste Management,Core,90.5,226.43,225.28,17.5,17.3,10.0,0.0,ok,-3.0,de_fallback,,235.3,False,41.8,24.8,2.6,4.0,40.6,29.8,40.5,2.1,-6.6,-0.383,0.358,NVDA,,126,17.3,15.0,,False
226,ZTS,Zoetis Inc.,Healthcare,Drug Manufacturers - Specialty,Core,32.3,77.1,76.71,21.0,13.7,10.0,0.0,ok,-3.0,de_fallback,,286.2,False,41.7,10.4,5.5,2.9,71.8,67.7,64.2,-29.2,-46.5,0.056,0.147,GOOG,,126,13.7,17.0,,False
227,WST,"West Pharmaceutical Services, ",Healthcare,Medical Instruments & Supplies,Core,24.5,347.94,338.83,14.5,17.2,10.0,0.0,ok,0.0,de_fallback,,10.6,False,41.7,34.9,1.1,13.8,36.8,19.1,43.5,22.1,37.8,0.135,0.14,BMNR,,126,17.2,15.0,,False
228,MAA,Mid-America Apartment Communit,Real Estate,REIT - Residential,Core,15.9,133.47,133.88,17.0,16.2,10.0,0.0,ok,-1.5,de_fallback,,102.4,False,41.7,40.7,5.8,1.0,58.4,7.0,53.1,3.2,-5.6,-0.131,0.327,AVGO,,126,16.2,16.0,,False
229,IBM,International Business Machine,Technology,Information Technology Service,Core,213.2,226.31,260.46,20.0,13.2,10.0,0.0,ok,-1.5,de_fallback,,189.0,False,41.7,17.2,5.7,1.1,58.1,34.5,57.7,-15.6,-36.1,0.171,0.355,MSFT,,126,13.2,16.0,,False
230,CTSH,Cognizant Technology Solutions,Technology,Information Technology Service,Core,26.1,55.17,52.41,18.5,13.2,10.0,0.0,ok,0.0,de_fallback,,14.5,False,41.7,8.7,8.5,4.5,33.4,14.9,80.1,-13.0,-41.6,0.014,0.297,MSFT,,126,13.2,15.0,,False
231,GEHC,GE HealthCare Technologies Inc,Healthcare,Medical Devices,Core,31.7,69.73,66.24,17.5,14.7,10.0,0.0,ok,-0.5,de_fallback,,94.0,False,41.7,12.9,5.0,5.8,39.5,19.4,64.9,-4.5,-21.8,0.066,0.217,GOOG,,126,14.7,15.0,,False
232,JKHY,"Jack Henry & Associates, Inc.",Technology,Information Technology Service,Core,11.1,156.53,148.7,17.5,14.1,10.0,0.0,ok,0.0,de_fallback,,6.4,False,41.6,22.0,3.4,8.7,44.1,24.9,62.8,-1.2,-20.9,-0.035,0.253,MSFT,,126,14.1,16.0,,False
233,HLT,Hilton Worldwide Holdings Inc.,Consumer Cyclical,Lodging,Core,70.7,314.34,332.92,14.0,17.6,10.0,0.0,ok,,unavailable,,,False,41.6,30.1,2.0,2.5,79.0,,37.1,2.8,-5.1,0.247,0.354,GOOG,,126,17.6,13.0,,False
234,PNC,"PNC Financial Services Group, ",Financial Services,Banks - Regional,Core,100.4,251.72,239.13,18.5,13.1,10.0,0.0,ok,0.0,financial_na,,,False,41.6,11.8,,23.6,0.0,12.6,53.9,17.7,3.4,0.112,0.198,GOOG,,126,13.1,14.0,,False
235,GL,Globe Life Inc.,Financial Services,Insurance - Life,Core,14.3,184.09,174.89,17.5,14.1,10.0,0.0,ok,0.0,financial_na,,,False,41.6,11.1,,8.0,33.9,,57.5,24.2,19.9,0.081,0.225,GOOG,,126,14.1,14.0,,False
236,MGM,MGM Resorts International,Consumer Cyclical,Resorts & Casinos,Core,11.4,44.5,46.22,18.5,18.0,10.0,0.0,ok,-5.0,de_fallback,,893.3,False,41.5,21.8,7.7,1.0,44.2,18.9,30.9,16.3,23.9,0.199,0.246,MSFT,,126,18.0,12.0,,False
237,AVB,"AvalonBay Communities, Inc.",Real Estate,REIT - Residential,Core,27.0,188.78,186.98,17.0,15.0,10.0,0.0,ok,-0.5,de_fallback,,75.1,False,41.5,38.7,5.2,2.3,62.7,8.5,45.1,6.7,0.9,0.0,0.229,AVGO,,126,15.0,17.0,,False
238,FITB,Fifth Third Bancorp,Financial Services,Banks - Regional,Growth,51.6,56.9,54.5,18.0,13.5,10.0,0.0,ok,0.0,financial_na,,,False,41.5,11.5,,51.8,0.0,8.4,49.1,17.1,2.4,0.122,0.166,GOOG,,126,13.5,14.0,,False
239,WELL,Welltower Inc.,Real Estate,REIT - Healthcare Facilities,Growth,168.0,233.1,224.27,14.0,17.5,10.0,0.0,ok,0.0,de_fallback,,41.4,False,41.5,71.2,1.6,39.1,39.6,3.8,46.6,14.5,16.3,-0.227,0.261,AVGO,,126,17.5,15.0,,False
240,PNR,Pentair plc.,Industrials,Specialty Industrial Machinery,Core,10.8,67.07,71.05,15.5,15.9,10.0,0.0,ok,0.0,de_fallback,,47.1,False,41.4,12.9,5.2,-17.0,41.4,17.1,34.8,-25.7,-44.9,0.17,0.242,NVDA,,126,15.9,15.0,,False
241,ZBH,"Zimmer Biomet Holdings, Inc.",Healthcare,Medical Devices,Core,18.8,96.98,92.13,17.0,14.9,10.0,0.0,ok,-0.5,de_fallback,,59.8,False,41.4,10.8,5.6,9.3,70.2,6.1,62.2,6.9,4.1,-0.063,0.103,AVGO,,126,14.9,17.0,,False
242,KKR,KKR & Co. Inc.,Financial Services,Asset Management,Core,99.4,106.56,101.23,16.5,14.9,10.0,0.0,ok,0.0,financial_na,,,False,41.4,14.4,,2.2,54.2,,65.2,-0.2,-15.4,0.439,0.366,MSFT,,126,14.9,15.0,,False
243,URI,"United Rentals, Inc.",Industrials,Rental & Leasing Services,Core,69.5,1115.92,1064.78,18.5,14.3,10.0,0.0,ok,-1.5,de_fallback,,166.8,False,41.3,19.8,2.5,11.8,38.5,28.9,56.6,23.8,34.9,-0.007,0.123,MSFT,,126,14.3,16.0,,False
244,COHU,"Cohu, Inc.",Technology,Semiconductor Equipment & Mate,Growth,2.3,48.84,56.02,14.0,17.3,10.0,0.0,ok,0.0,de_fallback,,42.8,False,41.3,26.5,2.9,38.4,44.0,-4.8,40.4,32.7,57.5,0.411,0.514,AVGO,,126,17.3,14.0,,False
245,AZO,"AutoZone, Inc.",Consumer Cyclical,Auto Parts,Core,48.8,2990.27,3073.72,13.0,18.3,10.0,0.0,ok,,unavailable,,,False,41.3,17.1,1.9,8.4,51.8,,47.1,-14.0,-28.6,0.009,0.156,GOOG,,126,18.3,12.0,,False
246,VMC,Vulcan Materials Company (Hold,Basic Materials,Building Materials,Cyclical,36.7,283.59,287.05,14.5,17.3,10.0,0.0,ok,-0.5,de_fallback,,58.2,False,41.3,26.3,2.3,2.5,27.5,13.2,44.6,-2.1,-15.9,0.08,0.214,GOOG,,126,17.3,11.0,,False
247,JCI,Johnson Controls International,Industrials,Building Products & Equipment,Core,88.7,146.39,142.18,16.0,15.8,10.0,0.0,ok,-0.5,de_fallback,,70.1,False,41.3,24.4,3.4,9.3,36.7,14.3,52.7,12.3,10.8,0.215,0.37,AVGO,,126,15.8,14.0,,False
248,SWKS,"Skyworks Solutions, Inc.",Technology,Semiconductors,Speculative,9.2,61.29,68.3,13.5,17.7,10.0,0.0,ok,0.0,de_fallback,,11.9,False,41.2,12.3,4.9,-3.1,40.7,5.1,61.8,-3.7,1.1,0.2,0.301,AVGO,,126,17.7,14.0,,False
249,FOXA,Fox Corporation,Communication Services,Entertainment,Core,24.6,58.7,58.21,16.5,15.2,10.0,0.0,ok,-0.5,de_fallback,,67.9,False,41.2,10.1,5.7,-8.6,36.8,15.2,68.2,-6.6,-27.4,0.021,0.117,MSFT,,126,15.2,13.0,,False
250,AXON,"Axon Enterprise, Inc.",Industrials,Aerospace & Defense,Growth,46.4,575.88,547.09,14.0,17.7,10.0,0.0,ok,-0.5,de_fallback,,52.1,False,41.2,54.8,0.1,33.7,59.5,6.8,56.5,12.0,16.2,0.363,0.424,MSFT,,126,17.7,15.0,,False
251,PLD,"Prologis, Inc.",Real Estate,REIT - Industrial,Core,137.6,144.15,143.57,16.5,15.2,10.0,0.0,ok,-0.5,de_fallback,,63.8,False,41.2,42.4,3.9,12.3,75.5,7.7,53.2,7.7,3.9,0.045,0.11,GOOG,,126,15.2,17.0,,False
252,NKE,"Nike, Inc.",Consumer Cyclical,Footwear & Accessories,Core,63.3,42.64,43.46,16.5,15.2,10.0,0.0,ok,-0.5,de_fallback,,74.3,False,41.2,18.6,3.0,-1.1,43.2,22.1,48.9,-20.7,-39.3,0.179,0.204,MSFT,,126,15.2,12.0,,False
253,LYB,LyondellBasell Industries NV,Basic Materials,Specialty Chemicals,Cyclical,19.6,60.62,60.77,15.5,17.2,10.0,0.0,ok,-1.5,de_fallback,,132.8,False,41.2,9.5,6.3,19.8,12.9,-2.3,57.0,5.7,14.4,-0.176,0.247,GOOG,,126,17.2,11.0,,False
254,COF,Capital One Financial Corporat,Financial Services,Credit Services,Growth,133.5,217.68,206.8,18.0,13.2,10.0,0.0,ok,0.0,financial_na,,,False,41.2,9.0,,1111.0,0.0,9.0,63.5,5.5,-10.8,0.378,0.347,BMNR,,126,13.2,16.0,,False
255,ACGL,Arch Capital Group Ltd.,Financial Services,Insurance - Diversified,Core,34.5,101.12,96.59,16.5,14.6,10.0,0.0,ok,0.0,financial_na,,,False,41.1,10.4,15.4,-10.5,38.8,19.9,49.1,6.7,-4.4,-0.34,0.412,AVGO,,126,14.6,14.0,,False
256,TYL,"Tyler Technologies, Inc.",Technology,Software - Application,Core,12.5,305.54,304.81,16.0,15.1,10.0,0.0,ok,0.0,de_fallback,,47.9,False,41.1,19.9,4.8,8.2,47.2,9.7,51.6,-18.5,-24.7,-0.004,0.302,MSFT,,126,15.1,16.0,,False
257,EXPE,"Expedia Group, Inc.",Consumer Cyclical,Travel Services,Core,35.8,298.03,283.13,23.0,11.1,10.0,0.0,ok,-3.0,de_fallback,,256.5,False,41.1,13.0,9.7,14.7,90.3,71.5,69.6,20.4,-0.8,0.205,0.258,MSFT,,126,11.1,15.0,,False
258,EG,"Everest Group, Ltd.",Financial Services,Insurance - Reinsurance,Core,14.4,372.05,355.45,15.0,16.1,10.0,0.0,ok,0.0,financial_na,,,False,41.1,6.2,14.3,-11.3,15.3,12.6,50.1,11.0,4.6,-0.226,0.309,AVGO,,126,16.1,14.0,,False
259,JBHT,"J.B. Hunt Transport Services, ",Industrials,Integrated Freight & Logistics,Core,25.1,266.91,279.66,14.0,17.1,10.0,0.0,ok,0.0,de_fallback,,38.4,False,41.1,26.4,3.6,19.4,18.5,18.4,39.8,18.8,17.6,0.043,0.089,GOOG,,126,17.1,14.0,,False
260,AMT,American Tower Corporation (RE,Real Estate,REIT - Specialty,Core,80.6,173.0,175.62,19.5,16.6,10.0,0.0,ok,-5.0,de_fallback,,438.7,False,41.1,24.7,3.6,4.7,73.8,33.9,56.3,-1.7,-7.4,-0.136,0.374,AVGO,,126,16.6,17.0,,False
261,MLM,"Martin Marietta Materials, Inc",Basic Materials,Building Materials,Cyclical,32.6,542.27,574.77,12.5,19.0,10.0,0.0,ok,-0.5,de_fallback,,54.9,False,41.0,24.1,1.8,21.0,28.2,8.9,40.2,-11.1,-25.9,0.089,0.202,GOOG,,126,19.0,11.0,,False
262,A,"Agilent Technologies, Inc.",Healthcare,Diagnostics & Research,Core,39.5,139.8,132.81,17.5,13.5,10.0,0.0,ok,0.0,de_fallback,,49.7,False,41.0,21.1,2.4,10.0,52.6,21.3,59.1,7.1,-5.3,0.18,0.149,GOOG,,126,13.5,16.0,,False
263,LDOS,"Leidos Holdings, Inc.",Technology,Information Technology Service,Core,14.9,118.72,113.74,19.5,13.0,10.0,0.0,ok,-1.5,de_fallback,,137.1,False,41.0,9.1,8.0,3.7,17.9,30.6,69.1,-25.2,-45.4,0.102,0.191,MSFT,,126,13.0,15.0,,False
264,FRT,Federal Realty Investment Trus,Real Estate,REIT - Retail,Core,10.7,123.65,122.23,18.5,14.0,10.0,0.0,ok,-1.5,de_fallback,,134.1,False,41.0,40.1,4.2,7.2,68.1,12.6,57.1,15.6,16.8,-0.065,0.137,AVGO,,126,14.0,17.0,,False
265,PAYX,"Paychex, Inc.",Technology,Software - Application,Core,41.9,117.67,111.79,18.5,14.0,10.0,0.0,ok,-1.5,de_fallback,,124.0,False,41.0,18.4,,12.5,67.2,,65.2,16.4,8.6,-0.012,0.308,MSFT,,126,14.0,17.0,,False
266,VICI,VICI Properties Inc.,Real Estate,REIT - Diversified,Core,29.2,26.54,26.95,13.0,18.4,10.0,0.0,ok,-0.5,de_fallback,,60.3,False,40.9,9.1,0.9,5.7,99.3,9.8,53.7,-4.0,-10.8,-0.151,0.273,AVGO,,126,18.4,17.0,,False
267,O,Realty Income Corporation,Real Estate,REIT - Retail,Core,59.2,63.48,62.35,16.5,14.9,10.0,0.0,ok,-0.5,de_fallback,,73.5,False,40.9,37.2,3.0,12.0,92.6,2.8,49.9,5.7,-1.3,-0.265,0.283,NVDA,,126,14.9,17.0,,False
268,BIIB,Biogen Inc.,Healthcare,Drug Manufacturers - General,Core,29.8,201.82,200.8,17.0,13.9,10.0,0.0,ok,0.0,de_fallback,,44.3,False,40.9,12.2,4.2,3.4,78.3,4.6,58.6,9.9,3.7,-0.104,0.148,GOOG,,126,13.9,17.0,,False
269,HUBB,Hubbell Inc,Industrials,Electrical Equipment & Parts,Core,25.2,476.04,487.98,16.0,16.3,10.0,0.0,ok,-1.5,de_fallback,,141.6,False,40.8,20.8,2.0,15.3,35.3,24.4,46.2,-0.7,-12.3,0.193,0.325,NVDA,,126,16.3,14.0,,False
270,TAP,Molson Coors Beverage Company,Consumer Defensive,Beverages - Brewers,Speculative,7.9,41.92,40.29,16.0,15.3,10.0,0.0,ok,-0.5,de_fallback,,62.6,False,40.8,8.4,9.8,2.0,38.6,-18.1,64.3,-4.3,-20.4,-0.249,0.299,BMNR,,126,15.3,16.0,,False
271,AMP,"Ameriprise Financial, Inc.",Financial Services,Asset Management,Core,48.8,552.07,524.47,22.5,8.3,10.0,0.0,ok,0.0,financial_na,,,False,40.8,10.7,,11.6,54.9,63.4,71.8,16.3,-4.5,0.296,0.3,MSFT,,126,8.3,15.0,,False
272,HPE,Hewlett Packard Enterprise Com,Technology,Communication Equipment,Growth,66.5,50.24,47.73,16.5,14.8,10.0,0.0,ok,-0.5,de_fallback,,84.0,False,40.8,12.5,5.8,40.0,33.8,6.3,51.7,70.9,121.5,0.327,0.485,AVGO,,126,14.8,13.0,,False
273,PEG,Public Service Enterprise Grou,Utilities,Utilities - Regulated Electric,Core,38.2,76.62,79.45,13.5,18.8,10.0,0.0,ok,-1.5,de_fallback,,141.0,False,40.8,16.4,-0.4,19.4,35.4,13.4,27.5,-4.1,-11.9,-0.106,0.18,MSFT,,126,18.8,18.0,,False
274,DXCM,"DexCom, Inc.",Healthcare,Medical Devices,Core,32.9,87.31,82.94,20.5,10.7,10.0,0.0,ok,-0.5,de_fallback,,53.3,False,40.7,28.0,3.1,13.1,62.5,38.5,70.5,28.7,11.4,0.217,0.255,GOOG,,126,10.7,17.0,,False
275,EXPD,Expeditors International of Wa,Industrials,Integrated Freight & Logistics,Core,22.3,170.59,166.56,15.5,15.2,10.0,0.0,ok,0.0,de_fallback,,24.7,False,40.7,24.3,3.5,4.4,13.6,36.6,36.2,13.0,-4.1,-0.011,0.059,GOOG,,126,15.2,14.0,,False
276,DAL,"Delta Air Lines, Inc.",Industrials,Airlines,Core,60.2,91.59,87.01,17.0,14.2,10.0,0.0,ok,-0.5,de_fallback,,96.6,False,40.7,10.3,4.7,18.7,18.7,20.1,62.2,29.5,24.7,0.354,0.315,GOOG,,126,14.2,14.0,,False
277,EA,Electronic Arts Inc.,Communication Services,Electronic Gaming & Multimedia,Core,52.6,209.91,205.11,19.5,11.2,10.0,0.0,ok,0.0,de_fallback,,27.4,False,40.7,21.8,4.2,11.9,79.0,13.5,87.6,3.6,-5.7,0.255,0.304,BMNR,,126,11.2,15.0,,False
278,ICE,Intercontinental Exchange Inc.,Financial Services,Financial Data & Stock Exchang,Core,85.2,151.8,144.21,18.5,12.2,10.0,0.0,ok,0.0,financial_na,,,False,40.7,17.3,4.3,4.8,100.0,14.1,71.4,-1.3,-20.7,0.193,0.295,MSFT,,126,12.2,16.0,,False
279,HWM,Howmet Aerospace Inc.,Industrials,Aerospace & Defense,Core,114.6,286.34,272.02,17.0,14.1,10.0,0.0,ok,-0.5,de_fallback,,87.8,False,40.6,47.3,1.0,19.1,35.0,33.8,58.0,21.0,29.4,0.264,0.347,NVDA,,126,14.1,14.0,,False
280,PM,Philip Morris International In,Consumer Defensive,Tobacco,Core,292.1,187.41,182.9,17.5,13.1,10.0,0.0,ok,,unavailable,,,False,40.6,20.4,3.3,10.4,67.5,,60.8,11.7,-3.0,-0.128,0.158,AVGO,,126,13.1,18.0,,False
281,ORLY,"O'Reilly Automotive, Inc.",Consumer Cyclical,Auto Parts,Core,73.3,89.76,88.27,15.5,15.1,10.0,0.0,ok,,unavailable,,,False,40.6,24.6,2.1,8.1,51.6,,58.1,-3.5,-17.4,-0.081,0.183,AVGO,,126,15.1,12.0,,False
282,TXT,Textron Inc.,Industrials,Aerospace & Defense,Core,15.0,86.39,90.85,13.0,18.0,10.0,0.0,ok,-0.5,de_fallback,,52.3,False,40.5,11.9,3.0,3.0,17.6,12.1,43.8,-3.5,-10.2,0.1,0.164,BMNR,,126,18.0,14.0,,False
283,ZBRA,Zebra Technologies Corporation,Technology,Communication Equipment,Core,13.9,291.64,277.06,18.5,12.5,10.0,0.0,ok,-0.5,de_fallback,,82.1,False,40.5,14.1,4.0,14.3,48.2,11.8,72.5,18.3,11.6,0.299,0.222,NVDA,,126,12.5,14.0,,False
284,ROST,"Ross Stores, Inc.",Consumer Cyclical,Apparel Retail,Core,81.1,252.91,240.26,19.0,12.0,10.0,0.0,ok,-0.5,de_fallback,,74.9,False,40.5,29.5,2.5,20.6,32.7,39.0,84.3,25.0,24.6,0.159,0.178,BMNR,,126,12.0,11.0,,False
285,CPRT,"Copart, Inc.",Industrials,Specialty Business Services,Core,28.3,29.35,29.89,17.0,13.5,10.0,0.0,ok,0.0,de_fallback,,1.1,False,40.5,17.4,3.5,2.1,47.5,17.6,61.5,-18.0,-35.0,0.005,0.174,AVGO,,126,13.5,17.0,,False
286,KR,Kroger Company (The),Consumer Defensive,Grocery Stores,Core,35.7,58.22,60.08,15.5,18.0,10.0,0.0,ok,-3.0,de_fallback,,373.4,False,40.5,10.5,8.4,2.2,24.0,13.8,48.2,-10.0,-15.7,-0.319,0.359,AVGO,,126,18.0,16.0,,False
287,LIN,Linde plc,Basic Materials,Specialty Chemicals,Cyclical,222.1,480.46,513.69,13.5,17.5,10.0,0.0,ok,-0.5,de_fallback,,68.9,False,40.5,24.5,1.9,9.3,48.3,18.4,25.8,1.8,-3.9,-0.169,0.2,AVGO,,126,17.5,12.0,,False
288,PFG,Principal Financial Group Inc,Financial Services,Asset Management,Core,24.6,115.13,109.37,17.5,13.0,10.0,0.0,ok,0.0,financial_na,,,False,40.5,11.1,4.3,6.4,47.3,12.9,56.2,22.4,13.0,0.217,0.239,MSFT,,126,13.0,15.0,,False
289,COP,ConocoPhillips,Energy,Oil & Gas E&P,Cyclical,145.2,119.16,113.55,15.0,15.4,10.0,0.0,ok,0.0,de_fallback,,36.1,False,40.4,13.2,3.6,-5.3,45.6,11.3,65.8,11.4,9.9,-0.277,0.439,GOOG,,126,15.4,13.0,,False
290,SYK,Stryker Corporation,Healthcare,Medical Devices,Core,130.8,341.2,324.14,17.0,13.9,10.0,0.0,ok,-0.5,de_fallback,,64.4,False,40.4,20.4,3.1,9.4,65.6,16.5,61.8,-0.1,-15.8,-0.069,0.218,AVGO,,126,13.9,17.0,,False
291,T,AT&T Inc.,Communication Services,Telecom Services,Core,161.6,23.59,22.62,19.5,12.4,10.0,0.0,ok,-1.5,de_fallback,,129.1,False,40.4,9.2,6.3,2.3,59.7,18.3,70.2,-4.2,-17.1,-0.255,0.232,NVDA,,126,12.4,16.0,,False
292,ONTO,Onto Innovation Inc.,Technology,Semiconductor Equipment & Mate,Core,13.4,268.49,293.03,12.0,18.4,10.0,0.0,ok,,unavailable,,,False,40.4,27.0,1.5,9.5,54.2,5.3,36.8,21.0,23.7,0.448,0.564,AVGO,,126,18.4,14.0,,False
293,ACMR,"ACM Research, Inc.",Technology,Semiconductor Equipment & Mate,Growth,5.4,78.64,91.42,13.0,17.3,10.0,0.0,ok,0.0,de_fallback,,16.2,False,40.3,34.9,-2.6,34.2,44.2,7.6,36.1,34.9,19.7,0.436,0.501,AVGO,,126,17.3,14.0,,False
294,TJX,"TJX Companies, Inc. (The)",Consumer Cyclical,Apparel Retail,Core,174.0,157.5,157.53,17.0,14.8,10.0,0.0,ok,-1.5,de_fallback,,136.3,False,40.3,27.3,2.5,9.2,31.4,61.3,66.6,2.3,-3.4,-0.053,0.131,AVGO,,126,14.8,11.0,,False
295,PH,Parker-Hannifin Corporation,Industrials,Specialty Industrial Machinery,Core,125.8,997.52,947.64,18.5,12.3,10.0,0.0,ok,-0.5,de_fallback,,65.6,False,40.3,29.2,2.2,10.6,37.4,24.8,60.9,10.1,-3.7,0.124,0.31,NVDA,,126,12.3,14.0,,False
296,PLAB,"Photronics, Inc.",Technology,Semiconductor Equipment & Mate,Speculative,1.8,31.36,32.35,15.0,15.3,10.0,0.0,ok,0.0,de_fallback,,0.2,False,40.3,15.5,2.1,-0.5,33.8,13.2,59.0,-9.4,-22.1,0.338,0.423,AVGO,,126,15.3,13.0,,False
297,IRM,Iron Mountain Incorporated (De,Real Estate,REIT - Specialty,Core,36.9,124.08,125.0,14.0,16.3,10.0,0.0,ok,,unavailable,,,False,40.3,46.4,-1.4,21.6,55.0,,52.6,17.1,31.9,0.344,0.401,BMNR,,126,16.3,16.0,,False
298,CSGP,"CoStar Group, Inc.",Real Estate,Real Estate Services,Core,12.2,30.03,30.63,16.5,13.8,10.0,0.0,ok,0.0,de_fallback,,14.5,False,40.3,17.4,3.4,18.4,78.7,0.9,59.8,-38.2,-59.9,0.09,0.369,MSFT,,126,13.8,19.0,,False
299,WFC,Wells Fargo & Company,Financial Services,Banks - Diversified,Core,265.8,87.89,83.68,16.5,13.8,10.0,0.0,ok,0.0,financial_na,,,False,40.3,11.2,,9.5,0.0,12.6,58.1,4.3,-12.7,0.192,0.234,BMNR,,126,13.8,14.0,,False
300,NDAQ,"Nasdaq, Inc.",Financial Services,Financial Data & Stock Exchang,Core,52.6,94.14,89.43,18.0,12.2,10.0,0.0,ok,0.0,financial_na,,,False,40.2,20.2,3.2,14.9,100.0,16.5,66.0,6.0,-11.0,0.28,0.434,MSFT,,126,12.2,16.0,,False
301,CL,Colgate-Palmolive Company,Consumer Defensive,Household & Personal Products,Core,71.9,89.88,90.47,21.0,14.2,10.0,0.0,ok,-5.0,de_fallback,,1388.2,False,40.2,21.9,4.8,4.9,60.4,267.4,48.0,5.6,-10.0,-0.175,0.321,AVGO,,126,14.2,18.0,,False
302,HUM,Humana Inc.,Healthcare,Healthcare Plans,Core,45.0,374.5,368.67,15.0,15.7,10.0,0.0,ok,-0.5,de_fallback,,76.5,False,40.2,22.7,4.3,26.2,13.7,6.9,35.7,41.6,92.6,0.088,0.134,NVDA,,126,15.7,15.0,,False
303,ISRG,"Intuitive Surgical, Inc.",Healthcare,Medical Instruments & Supplies,Core,134.5,375.41,397.92,15.5,14.7,10.0,0.0,ok,,unavailable,,,False,40.2,31.1,1.9,18.5,66.7,17.4,48.8,-22.0,-33.4,0.327,0.349,GOOG,,126,14.7,17.0,,False
304,GOOGL,Alphabet Inc.,Communication Services,Internet Content & Information,Core,4568.0,373.51,358.38,19.0,13.2,10.0,-2.0,ok,0.0,de_fallback,,18.9,False,40.2,25.3,0.5,24.2,60.9,48.7,55.1,14.4,-0.1,0.528,0.995,GOOG,,126,13.2,15.0,,False
305,GIS,"General Mills, Inc.",Consumer Defensive,Packaged Foods,Core,19.2,36.0,34.87,16.0,17.2,10.0,0.0,ok,-3.0,de_fallback,,217.6,False,40.2,11.2,12.0,2.2,33.7,-1.0,47.7,-9.2,-27.3,-0.176,0.356,AVGO,,126,17.2,16.0,,False
306,ECL,Ecolab Inc.,Basic Materials,Specialty Chemicals,Cyclical,78.6,279.43,268.81,17.0,14.7,10.0,0.0,ok,-1.5,de_fallback,,136.4,False,40.2,29.6,,9.7,44.2,22.0,59.3,3.6,-9.9,-0.022,0.165,GOOG,,126,14.7,12.0,,False
307,ALB,Albemarle Corporation,Basic Materials,Specialty Chemicals,Growth,14.0,118.71,142.58,15.5,14.7,10.0,0.0,ok,0.0,de_fallback,,19.8,False,40.2,9.5,5.1,32.7,18.5,-1.8,31.8,-21.9,-36.6,0.277,0.291,BMNR,,126,14.7,11.0,,False
308,INTC,Intel Corporation,Technology,Semiconductors,Core,459.0,91.0,112.25,13.0,17.1,10.0,0.0,ok,0.0,de_fallback,,49.0,False,40.1,44.7,1.1,25.4,38.9,-10.7,35.5,35.2,77.5,0.395,0.46,AVGO,,126,17.1,13.0,,False
309,DASH,"DoorDash, Inc.",Consumer Cyclical,Internet Retail,Growth,87.4,200.5,190.48,16.5,13.6,10.0,0.0,ok,0.0,de_fallback,,32.2,False,40.1,26.3,2.6,33.1,51.8,9.9,59.1,5.1,-12.4,0.451,0.493,MSFT,,126,13.6,12.0,,False
310,WMB,"Williams Companies, Inc. (The)",Energy,Oil & Gas Midstream,Cyclical,86.1,70.43,73.32,13.5,18.1,10.0,0.0,ok,-1.5,de_fallback,,199.9,False,40.1,27.5,-0.2,9.0,63.5,19.7,30.7,3.9,-1.2,-0.136,0.197,MSFT,,126,18.1,14.0,,False
311,APH,Amphenol Corporation,Technology,Electronic Components,Growth,200.9,163.34,155.17,19.0,12.6,10.0,0.0,ok,-1.5,de_fallback,,120.4,False,40.1,25.3,1.9,55.0,39.0,38.1,55.1,15.1,4.2,0.409,0.45,AVGO,,126,12.6,13.0,,False
312,ROL,"Rollins, Inc.",Consumer Cyclical,Personal Services,Core,18.4,38.19,44.65,18.5,12.0,10.0,0.0,ok,-0.5,de_fallback,,78.0,True,40.0,29.1,2.7,7.9,52.4,37.0,22.2,-30.0,-48.4,0.023,0.185,GOOG,,126,16.0,14.0,,False
313,PFE,"Pfizer, Inc.",Healthcare,Drug Manufacturers - General,Core,142.7,25.03,24.7,18.0,12.5,10.0,0.0,ok,-0.5,de_fallback,,71.6,False,40.0,8.9,8.7,5.4,74.8,8.3,70.2,0.4,-11.8,-0.03,0.155,AVGO,,126,12.5,17.0,,False
314,CCL,Carnival Corporation Ltd.,Consumer Cyclical,Travel Services,Core,39.4,28.74,27.67,19.0,14.0,10.0,0.0,ok,-3.0,de_fallback,,201.6,False,40.0,10.9,4.8,5.3,55.7,26.7,67.0,3.5,-19.4,0.374,0.414,GOOG,,126,14.0,14.0,,False
315,NTAP,"NetApp, Inc.",Technology,Software - Infrastructure,Core,35.8,182.92,173.77,20.5,12.5,10.0,0.0,ok,-3.0,de_fallback,,202.3,False,40.0,18.6,3.6,12.5,70.7,106.7,58.4,51.8,80.3,0.28,0.29,AVGO,,126,12.5,17.0,,False
316,PHM,"PulteGroup, Inc.",Consumer Cyclical,Residential Construction,Core,24.6,129.29,125.35,15.0,15.0,10.0,0.0,ok,0.0,de_fallback,,19.1,False,40.0,11.5,4.4,-9.6,25.6,14.9,56.4,4.4,-6.8,0.04,0.179,GOOG,,126,15.0,11.0,,False
317,FAST,Fastenal Company,Industrials,Industrial Distribution,Core,55.2,48.11,46.02,17.0,13.0,10.0,0.0,ok,0.0,de_fallback,,10.9,False,40.0,34.5,1.7,14.7,44.7,34.3,63.0,9.8,-0.4,-0.071,0.148,MSFT,,126,13.0,15.0,,False
318,KHC,The Kraft Heinz Company,Consumer Defensive,Packaged Foods,Core,31.3,26.42,25.1,16.0,14.5,10.0,0.0,ok,-0.5,de_fallback,,50.3,False,40.0,12.6,10.3,0.8,34.0,-12.6,59.6,13.0,7.4,-0.122,0.245,AVGO,,126,14.5,16.0,,False
319,WBD,"Warner Bros. Discovery, Inc. -",Communication Services,Entertainment,Core,65.4,26.09,26.58,15.0,15.4,10.0,0.0,ok,-0.5,de_fallback,,96.3,False,39.9,,28.2,-1.0,45.7,-5.0,32.8,-1.6,-14.1,0.164,0.332,NVDA,,126,15.4,14.0,fwd_pe_out_of_range(1185.9),False
320,MSI,"Motorola Solutions, Inc.",Technology,Communication Equipment,Core,72.6,437.19,415.33,18.5,14.4,10.0,0.0,ok,-3.0,de_fallback,,374.1,False,39.9,23.6,2.5,7.4,51.5,99.3,65.6,5.6,-0.0,-0.011,0.16,AVGO,,126,14.4,14.0,,False
321,CMG,"Chipotle Mexican Grill, Inc.",Consumer Cyclical,Restaurants,Core,47.5,37.46,35.59,18.5,14.3,10.0,0.0,ok,-3.0,de_fallback,,246.3,False,39.8,27.4,2.4,9.3,39.4,49.6,53.7,7.3,-11.7,0.297,0.434,MSFT,,126,14.3,11.0,,False
322,XOM,ExxonMobil Holdings Corporatio,Energy,Oil & Gas Integrated,Growth,642.7,155.06,147.31,17.5,12.3,10.0,0.0,ok,0.0,de_fallback,,15.9,False,39.8,14.6,3.2,44.1,29.8,12.6,71.9,12.2,4.6,-0.303,0.39,GOOG,,126,12.3,12.0,,False
323,PWR,"Quanta Services, Inc.",Industrials,Engineering & Construction,Growth,102.3,680.2,680.43,13.5,16.8,10.0,0.0,ok,-0.5,de_fallback,,67.8,False,39.8,36.4,1.9,41.1,15.5,15.3,53.6,20.9,33.5,0.384,0.391,AVGO,,126,16.8,14.0,,False
324,HPQ,HP Inc.,Technology,Computer Hardware,Core,24.8,27.12,25.76,15.0,14.8,10.0,0.0,ok,,unavailable,,,False,39.8,9.0,13.9,9.0,20.3,,62.4,23.2,31.9,0.045,0.093,MSFT,,126,14.8,13.0,,False
325,NEE,"NextEra Energy, Inc.",Utilities,Utilities - Regulated Electric,Core,180.5,86.55,87.21,14.0,17.3,10.0,0.0,ok,-1.5,de_fallback,,161.7,False,39.8,19.6,-9.8,12.4,61.0,11.7,31.6,-0.4,-7.3,-0.129,0.256,MSFT,,126,17.3,20.0,,False
326,VRSN,"VeriSign, Inc.",Technology,Software - Infrastructure,Core,27.0,298.89,283.95,16.5,13.2,10.0,0.0,ok,,unavailable,,,False,39.7,27.2,3.1,6.0,88.5,,68.5,16.7,10.9,-0.111,0.252,BMNR,,126,13.2,17.0,,False
327,BAC,Bank of America Corporation,Financial Services,Banks - Diversified,Core,438.5,62.48,59.36,17.5,12.2,10.0,0.0,ok,0.0,financial_na,,,False,39.7,11.8,,16.8,0.0,11.2,61.7,17.4,8.0,0.27,0.291,BMNR,,126,12.2,14.0,,False
328,DHR,Danaher Corporation,Healthcare,Diagnostics & Research,Core,138.8,197.5,188.02,14.5,15.7,10.0,0.0,ok,-0.5,de_fallback,,53.0,False,39.7,21.2,3.1,5.5,58.8,7.6,48.7,-2.7,-20.2,0.045,0.152,MSFT,,126,15.7,16.0,,False
329,SBUX,Starbucks Corporation,Consumer Cyclical,Restaurants,Core,117.8,103.37,102.28,13.0,16.6,10.0,0.0,ok,,unavailable,,,False,39.6,33.3,2.6,-1.4,22.3,,41.1,9.6,5.2,0.164,0.152,AVGO,,126,16.6,11.0,,False
330,GE,GE Aerospace,Industrials,Aerospace & Defense,Core,382.8,368.93,350.48,18.0,13.1,10.0,0.0,ok,-1.5,de_fallback,,113.2,False,39.6,40.7,1.7,21.1,31.1,48.2,58.8,17.2,10.9,0.284,0.371,GOOG,,126,13.1,14.0,,False
331,WSM,"Williams-Sonoma, Inc.",Consumer Cyclical,Specialty Retail,Core,28.2,239.8,227.81,18.5,11.6,10.0,0.0,ok,-0.5,de_fallback,,79.9,False,39.6,23.4,3.1,4.4,46.1,54.0,67.5,21.5,3.9,0.217,0.224,GOOG,,126,11.6,12.0,,False
332,BMY,Bristol-Myers Squibb Company,Healthcare,Drug Manufacturers - General,Core,133.7,65.47,62.2,22.0,10.6,10.0,0.0,ok,-3.0,de_fallback,,201.9,False,39.6,10.0,6.1,5.7,71.7,46.6,88.7,19.8,10.7,-0.056,0.218,AVGO,,126,10.6,17.0,,False
333,ABT,Abbott Laboratories,Healthcare,Medical Devices,Core,186.6,107.12,101.76,17.0,13.1,10.0,0.0,ok,-0.5,de_fallback,,63.2,False,39.6,17.7,3.9,13.0,56.8,10.6,84.1,0.3,-9.7,-0.055,0.229,AVGO,,126,13.1,16.0,,False
334,UPS,"United Parcel Service, Inc.",Industrials,Integrated Freight & Logistics,Core,90.8,106.87,108.89,16.0,15.0,10.0,0.0,ok,-1.5,de_fallback,,189.9,False,39.5,13.2,5.5,7.6,21.2,29.6,39.0,5.3,-9.0,0.074,0.129,GOOG,,126,15.0,14.0,,False
335,BKR,Baker Hughes Company,Energy,Oil & Gas Equipment & Services,Cyclical,60.4,60.81,59.66,16.0,14.0,10.0,0.0,ok,-0.5,de_fallback,,80.9,False,39.5,19.0,7.3,-2.4,23.7,16.5,61.2,7.9,-0.5,0.169,0.224,BMNR,,126,14.0,14.0,,False
336,FCX,"Freeport-McMoRan, Inc.",Basic Materials,Copper,Cyclical,91.5,63.64,63.53,15.0,14.5,10.0,0.0,ok,0.0,de_fallback,,32.1,False,39.5,15.6,2.4,-7.3,38.3,14.8,54.5,11.7,-3.7,0.485,0.489,NVDA,,126,14.5,11.0,,False
337,IT,"Gartner, Inc.",Technology,Information Technology Service,Core,10.1,151.53,145.43,21.0,13.4,10.0,0.0,ok,-5.0,de_fallback,,5293.4,False,39.4,9.9,10.5,-1.5,69.0,94.9,63.0,-17.5,-34.1,0.02,0.297,MSFT,,126,13.4,17.0,,False
338,CTAS,Cintas Corporation,Industrials,Specialty Business Services,Core,81.6,204.01,193.81,16.0,13.9,10.0,0.0,ok,-0.5,de_fallback,,52.6,False,39.4,33.5,1.8,8.9,50.7,40.7,67.4,10.6,-1.5,-0.068,0.191,AVGO,,126,13.9,17.0,,False
339,COIN,"Coinbase Global, Inc.",Financial Services,Financial Data & Stock Exchang,Core,38.7,146.5,163.45,15.0,16.4,10.0,-2.0,ok,0.0,financial_na,,,False,39.4,44.9,6.9,-17.3,85.8,-7.8,41.7,-30.7,-31.0,0.581,0.75,BMNR,,126,16.4,16.0,,False
340,CME,CME Group Inc.,Financial Services,Financial Data & Stock Exchang,Core,95.7,266.17,252.86,17.0,12.4,10.0,0.0,ok,0.0,financial_na,,,False,39.4,20.6,3.0,0.8,100.0,15.8,75.8,-2.8,-14.7,-0.12,0.28,AVGO,,126,12.4,16.0,,False
341,ADM,Archer-Daniels-Midland Company,Consumer Defensive,Farm Products,Core,37.6,78.06,80.2,12.0,17.4,10.0,0.0,ok,0.0,de_fallback,,46.1,False,39.4,14.3,4.2,1.6,6.3,4.8,36.1,13.0,7.3,-0.078,0.171,GOOG,,126,17.4,16.0,,False
342,ATO,Atmos Energy Corporation,Utilities,Utilities - Regulated Gas,Core,28.9,172.89,173.68,11.5,18.3,10.0,0.0,ok,-0.5,de_fallback,,64.6,False,39.3,19.2,-7.7,0.6,61.0,9.6,38.1,-1.2,-4.0,-0.338,0.315,MSFT,,126,18.3,20.0,,False
343,USB,U.S. Bancorp,Financial Services,Banks - Regional,Core,99.6,63.94,60.74,17.5,11.8,10.0,0.0,ok,0.0,financial_na,,,False,39.3,11.0,,10.4,0.0,12.6,59.0,18.6,4.6,0.177,0.206,GOOG,,126,11.8,14.0,,False
344,DVN,Devon Energy Corporation,Energy,Oil & Gas E&P,Cyclical,51.4,44.57,43.71,15.0,14.8,10.0,0.0,ok,-0.5,de_fallback,,56.4,False,39.3,8.5,3.1,-0.8,46.9,15.2,56.4,7.4,3.5,-0.265,0.344,GOOG,,126,14.8,13.0,,False
345,AME,"AMETEK, Inc.",Industrials,Specialty Industrial Machinery,Core,55.9,243.77,233.33,17.0,12.3,10.0,0.0,ok,0.0,de_fallback,,22.5,False,39.3,27.7,2.5,11.3,36.7,14.6,65.4,11.3,-1.6,0.236,0.321,AVGO,,126,12.3,14.0,,False
346,LNT,Alliant Energy Corporation,Utilities,Utilities - Regulated Electric,Core,18.4,71.27,73.42,12.0,18.8,10.0,0.0,ok,-1.5,de_fallback,,161.0,False,39.3,19.3,-6.2,1.0,44.5,11.1,31.9,3.0,2.2,-0.28,0.283,AVGO,,126,18.8,19.0,,False
347,PSKY,Paramount Skydance Corporation,Communication Services,Entertainment,Speculative,9.2,8.22,9.63,14.5,16.3,10.0,0.0,ok,-1.5,de_fallback,,130.2,False,39.3,9.2,,2.2,32.6,-0.8,32.4,-29.2,-34.7,0.102,0.132,GOOG,,126,16.3,13.0,fcf_yield_out_of_range(178.3),False
348,CDW,CDW Corporation,Technology,Information Technology Service,Core,18.9,147.7,140.31,17.0,15.3,10.0,0.0,ok,-3.0,de_fallback,,240.5,False,39.3,12.5,4.7,9.2,21.6,44.2,60.5,12.1,8.8,0.079,0.191,MSFT,,126,15.3,15.0,,False
349,DLTR,"Dollar Tree, Inc.",Consumer Defensive,Discount Stores,Core,24.9,129.35,122.88,18.5,13.8,10.0,0.0,ok,-3.0,de_fallback,,216.5,False,39.3,16.8,5.8,7.2,37.0,34.0,57.8,13.8,1.4,0.166,0.19,MSFT,,126,13.8,16.0,,False
350,DG,Dollar General Corporation,Consumer Defensive,Discount Stores,Core,28.2,127.72,121.33,17.0,13.7,10.0,0.0,ok,-1.5,de_fallback,,178.6,False,39.2,15.9,6.7,3.4,30.8,18.9,60.9,4.4,-19.1,0.189,0.234,MSFT,,126,13.7,16.0,,False
351,CMI,Cummins Inc.,Industrials,Specialty Industrial Machinery,Core,89.5,648.85,668.28,13.5,16.2,10.0,0.0,ok,-0.5,de_fallback,,61.6,False,39.2,19.0,1.9,2.7,25.8,22.0,41.9,12.2,0.8,0.401,0.455,AVGO,,126,16.2,14.0,,False
352,ACN,Accenture plc,Technology,Information Technology Service,Core,101.4,165.76,157.47,18.5,10.7,10.0,0.0,ok,0.0,de_fallback,,25.0,False,39.2,11.3,11.9,5.6,32.0,24.4,73.9,-20.0,-45.5,0.024,0.304,MSFT,,126,10.7,15.0,,False
353,EXR,Extra Space Storage Inc,Real Estate,REIT - Industrial,Core,33.0,149.73,145.97,17.0,13.7,10.0,0.0,ok,-1.5,de_fallback,,101.7,False,39.2,31.5,4.5,3.8,74.9,7.0,58.1,8.2,4.3,-0.037,0.183,AVGO,,126,13.7,17.0,,False
354,MRK,"Merck & Company, Inc.",Healthcare,Drug Manufacturers - General,Core,315.6,127.77,122.88,18.5,12.2,10.0,0.0,ok,-1.5,de_fallback,,106.9,False,39.2,13.2,4.5,4.9,76.7,18.9,65.2,15.5,5.4,-0.257,0.261,AVGO,,126,12.2,17.0,,False
355,BSX,Boston Scientific Corporation,Healthcare,Medical Devices,Core,72.0,48.43,46.45,17.5,11.6,10.0,0.0,ok,0.0,de_fallback,,42.2,False,39.1,14.1,,7.5,69.3,,81.5,-33.6,-56.2,0.092,0.128,GOOG,,126,11.6,17.0,,False
356,AWK,"American Water Works Company, ",Utilities,Utilities - Regulated Water,Core,26.1,131.3,129.38,13.0,17.6,10.0,0.0,ok,-1.5,de_fallback,,137.7,False,39.1,20.0,-6.8,6.2,61.5,10.1,49.5,0.9,-3.8,-0.41,0.389,AVGO,,126,17.6,20.0,,False
357,DDOG,"Datadog, Inc.",Technology,Software - Application,Growth,97.4,273.6,259.92,15.0,14.1,10.0,0.0,ok,0.0,de_fallback,,32.2,False,39.1,94.8,1.0,32.2,79.9,3.9,52.1,63.0,103.1,0.296,0.404,MSFT,,126,14.1,17.0,,False
358,TPR,"Tapestry, Inc.",Consumer Cyclical,Luxury Goods,Core,31.4,155.63,147.85,23.0,11.1,10.0,0.0,ok,-5.0,de_fallback,,574.9,False,39.1,19.9,4.9,21.2,76.2,60.9,76.9,15.7,11.7,0.233,0.257,GOOG,,126,11.1,13.0,,False
359,FN,Fabrinet,Technology,Electronic Components,Growth,16.3,455.94,556.51,11.5,17.6,10.0,0.0,ok,0.0,de_fallback,,0.2,False,39.1,26.3,-0.5,39.3,12.0,20.0,45.0,-14.0,-17.7,0.388,0.481,AVGO,,126,17.6,13.0,,False
360,TMO,Thermo Fisher Scientific Inc,Healthcare,Diagnostics & Research,Core,213.3,574.03,545.33,17.0,12.6,10.0,0.0,ok,-0.5,de_fallback,,80.6,False,39.1,20.9,2.9,10.5,41.0,13.5,68.1,8.3,-10.1,0.187,0.205,MSFT,,126,12.6,16.0,,False
361,OKE,"ONEOK, Inc.",Energy,Oil & Gas Midstream,Cyclical,55.6,88.24,89.25,13.0,17.5,10.0,0.0,ok,-1.5,de_fallback,,149.6,False,39.0,14.1,0.8,19.6,29.6,15.9,39.6,9.1,9.6,-0.332,0.29,GOOG,,126,17.5,12.0,,False
362,SPG,"Simon Property Group, Inc.",Real Estate,REIT - Retail,Core,87.1,229.16,218.34,20.5,13.5,10.0,0.0,ok,-5.0,de_fallback,,457.5,False,39.0,34.0,2.9,19.3,81.6,113.6,63.2,18.1,13.6,-0.082,0.159,AVGO,,126,13.5,17.0,,False
363,WMT,Walmart Inc.,Consumer Defensive,Discount Stores,Core,881.0,110.71,115.23,12.0,17.5,10.0,0.0,ok,-0.5,de_fallback,,74.8,False,39.0,33.8,0.8,7.3,25.0,24.1,42.4,-5.9,-19.4,-0.154,0.19,AVGO,,126,17.5,16.0,,False
364,FANG,"Diamondback Energy, Inc.",Energy,Oil & Gas E&P,Cyclical,55.9,198.75,191.67,14.5,14.5,10.0,0.0,ok,0.0,de_fallback,,32.6,False,39.0,11.4,2.5,4.2,72.2,0.5,58.2,15.1,17.8,-0.189,0.324,GOOG,,126,14.5,14.0,,False
365,SJM,The J.M. Smucker Company,Consumer Defensive,Packaged Foods,Core,12.6,117.5,111.72,16.0,14.5,10.0,0.0,ok,-1.5,de_fallback,,128.6,False,39.0,11.0,8.0,5.8,34.3,-2.4,62.4,13.8,5.6,-0.281,0.367,AVGO,,126,14.5,16.0,,False
366,SO,Southern Company (The),Utilities,Utilities - Regulated Electric,Core,106.9,92.94,94.51,12.5,17.9,10.0,0.0,ok,-1.5,de_fallback,,182.1,False,38.9,18.9,-3.7,0.1,48.3,11.5,39.0,1.2,-1.9,-0.327,0.32,AVGO,,126,17.9,19.0,,False
367,AIZ,"Assurant, Inc.",Financial Services,Insurance - Property & Casualt,Core,14.0,282.39,268.27,16.5,12.4,10.0,0.0,ok,0.0,financial_na,,,False,38.9,12.5,14.5,11.3,12.7,18.0,58.9,19.5,9.4,0.042,0.116,MSFT,,126,12.4,14.0,,False
368,COST,Costco Wholesale Corporation,Consumer Defensive,Discount Stores,Core,423.1,954.08,956.12,14.0,15.3,10.0,0.0,ok,-0.5,de_fallback,,60.3,False,38.8,42.1,1.6,21.5,12.9,29.2,63.3,-0.1,-10.1,-0.249,0.334,AVGO,,126,15.3,16.0,,False
369,IFF,International Flavors & Fragra,Basic Materials,Specialty Chemicals,Cyclical,20.6,80.58,76.77,14.5,14.3,10.0,0.0,ok,0.0,de_fallback,,45.7,False,38.8,16.8,18.0,-3.6,36.3,6.1,66.9,12.7,7.9,0.114,0.241,GOOG,,126,14.3,11.0,,False
370,MDLZ,"Mondelez International, Inc.",Consumer Defensive,Confectioners,Core,79.2,61.73,60.77,16.0,13.3,10.0,0.0,ok,-0.5,de_fallback,,82.6,False,38.8,18.4,2.8,4.1,31.1,13.3,60.2,6.8,-2.0,-0.299,0.32,AVGO,,126,13.3,16.0,,False
371,DVA,DaVita Inc.,Healthcare,Medical Care Facilities,Core,15.0,233.68,222.0,19.5,14.3,10.0,0.0,ok,-5.0,de_fallback,,1261.3,False,38.8,13.6,6.7,6.0,32.5,81.0,51.8,48.7,101.2,-0.215,0.195,AVGO,,126,14.3,15.0,,False
372,ETR,Entergy Corporation,Utilities,Utilities - Regulated Electric,Core,50.4,108.06,112.14,12.0,18.3,10.0,0.0,ok,-1.5,de_fallback,,186.8,False,38.8,21.2,-8.7,5.9,47.0,10.2,29.6,4.4,5.6,-0.163,0.236,MSFT,,126,18.3,19.0,,False
373,TFC,Truist Financial Corporation,Financial Services,Banks - Regional,Core,63.4,51.92,50.29,15.0,13.7,10.0,0.0,ok,0.0,financial_na,,,False,38.7,10.4,,8.2,0.0,9.1,49.8,7.8,-8.3,0.071,0.156,GOOG,,126,13.7,14.0,,False
374,EIX,Edison International,Utilities,Utilities - Regulated Electric,Core,27.5,71.46,73.72,13.5,18.2,10.0,0.0,ok,-3.0,de_fallback,,228.0,False,38.7,11.0,0.3,-4.1,61.0,19.7,35.0,8.6,11.5,-0.216,0.239,MSFT,,126,18.2,20.0,,False
375,MDT,Medtronic plc.,Healthcare,Medical Devices,Core,111.0,86.68,82.35,17.0,12.2,10.0,0.0,ok,-0.5,de_fallback,,58.2,False,38.7,13.5,4.2,9.9,65.3,9.8,74.3,-2.3,-23.1,-0.046,0.228,AVGO,,126,12.2,17.0,,False
376,HST,"Host Hotels & Resorts, Inc.",Real Estate,REIT - Hotel & Motel,Core,17.4,25.09,23.84,17.0,12.2,10.0,0.0,ok,-0.5,de_fallback,,80.5,False,38.7,24.7,6.8,2.8,29.0,14.9,71.2,29.5,32.1,0.171,0.241,GOOG,,126,12.2,15.0,,False
377,RJF,"Raymond James Financial, Inc.",Financial Services,Asset Management,Core,34.1,177.68,168.8,18.5,10.2,10.0,0.0,ok,0.0,financial_na,,,False,38.7,12.5,,15.2,93.2,,70.7,12.9,-2.0,0.327,0.307,BMNR,,126,10.2,16.0,,False
378,AEP,American Electric Power Compan,Utilities,Utilities - Regulated Electric,Core,69.9,128.32,131.62,12.0,18.2,10.0,0.0,ok,-1.5,de_fallback,,160.8,False,38.7,18.7,-8.6,7.0,46.4,10.1,32.7,2.5,1.1,-0.265,0.268,MSFT,,126,18.2,19.0,,False
379,L,Loews Corporation,Financial Services,Insurance - Property & Casualt,Core,23.9,116.25,111.64,15.5,13.2,10.0,0.0,ok,0.0,financial_na,,,False,38.7,40.1,8.7,1.4,36.0,9.2,57.1,8.2,1.1,-0.186,0.215,AVGO,,126,13.2,14.0,,False
380,WEC,"WEC Energy Group, Inc.",Utilities,Utilities - Regulated Electric,Core,35.6,109.28,113.65,12.0,18.1,10.0,0.0,ok,-1.5,de_fallback,,157.7,False,38.6,18.2,-6.6,2.6,42.0,12.0,32.7,-1.8,-7.8,-0.329,0.348,AVGO,,126,18.1,19.0,,False
381,SMCI,"Super Micro Computer, Inc.",Technology,Computer Hardware,Growth,18.5,28.64,32.29,12.0,18.1,10.0,0.0,ok,-1.5,de_fallback,,120.8,False,38.6,8.6,-40.2,122.7,8.4,17.9,52.5,-12.3,-12.5,0.435,0.476,NVDA,,126,18.1,13.0,,False
382,WAB,Westinghouse Air Brake Technol,Industrials,Railroads,Core,50.1,296.47,281.65,17.0,12.1,10.0,0.0,ok,-0.5,de_fallback,,61.7,False,38.6,24.0,2.2,17.5,35.7,11.6,70.1,22.1,18.2,0.134,0.291,AVGO,,126,12.1,14.0,,False
383,DELL,Dell Technologies Inc.,Technology,Computer Hardware,Growth,277.2,429.02,407.57,13.0,15.5,10.0,0.0,ok,,unavailable,,,False,38.5,19.6,2.0,87.5,19.2,,45.0,99.6,252.8,0.286,0.336,AVGO,,126,15.5,13.0,,False
384,NSC,Norfolk Southern Corporation,Industrials,Railroads,Core,75.6,336.65,320.13,15.5,14.5,10.0,0.0,ok,-1.5,de_fallback,,105.5,False,38.5,23.6,1.8,11.4,45.2,17.0,58.0,12.0,7.6,-0.193,0.178,MSFT,,126,14.5,15.0,,False
385,IEX,IDEX Corporation,Industrials,Specialty Industrial Machinery,Core,17.2,232.7,221.06,16.0,12.5,10.0,0.0,ok,0.0,de_fallback,,47.1,False,38.5,24.6,3.2,6.4,44.7,13.0,64.6,18.3,9.3,0.076,0.134,AVGO,,126,12.5,15.0,,False
386,VZ,Verizon Communications Inc.,Communication Services,Telecom Services,Core,197.8,47.36,44.99,18.5,11.5,10.0,0.0,ok,-1.5,de_fallback,,184.1,False,38.5,9.0,8.8,-0.7,59.5,15.8,72.7,9.2,0.7,-0.268,0.274,NVDA,,126,11.5,16.0,,False
387,ALLE,Allegion plc,Industrials,Security & Protection Services,Core,13.7,161.28,153.22,19.5,10.5,10.0,0.0,ok,-1.5,de_fallback,,104.9,False,38.5,16.6,3.5,12.7,44.8,33.7,78.8,6.7,-10.7,0.011,0.059,NVDA,,126,10.5,17.0,,False
388,DUK,Duke Energy Corporation (Holdi,Utilities,Utilities - Regulated Electric,Core,96.9,124.28,125.56,12.0,18.0,10.0,0.0,ok,-1.5,de_fallback,,161.5,False,38.5,17.3,-2.3,11.3,51.0,9.7,44.0,0.8,-3.1,-0.426,0.389,AVGO,,126,18.0,19.0,,False
389,REG,Regency Centers Corporation,Real Estate,REIT - Retail,Core,15.0,80.3,79.45,13.5,15.4,10.0,0.0,ok,-0.5,de_fallback,,72.0,False,38.4,31.8,,8.9,71.5,8.2,49.8,8.3,4.8,-0.183,0.254,AVGO,,126,15.4,17.0,,False
390,CARR,Carrier Global Corporation,Industrials,Building Products & Equipment,Core,52.5,63.17,67.97,10.5,18.4,10.0,0.0,ok,-0.5,de_fallback,,92.0,False,38.4,19.1,1.6,3.9,24.7,9.0,34.0,4.4,-3.5,0.168,0.263,GOOG,,126,18.4,14.0,,False
391,ITW,Illinois Tool Works Inc.,Industrials,Specialty Industrial Machinery,Core,83.0,288.49,274.07,18.0,13.4,10.0,0.0,ok,-3.0,de_fallback,,334.9,False,38.4,23.4,,6.1,44.2,104.6,62.8,11.1,1.6,-0.065,0.163,MSFT,,126,13.4,15.0,,False
392,NDSN,Nordson Corporation,Industrials,Specialty Industrial Machinery,Core,16.9,302.62,290.81,16.0,12.8,10.0,0.0,ok,-0.5,de_fallback,,61.6,False,38.3,24.4,3.4,8.5,55.2,17.1,66.7,13.0,1.0,0.229,0.284,AVGO,,126,12.8,15.0,,False
393,EL,"Estee Lauder Companies, Inc. (",Consumer Defensive,Household & Personal Products,Core,30.6,84.68,83.95,16.0,15.3,10.0,0.0,ok,-3.0,de_fallback,,232.9,False,38.3,26.5,5.9,4.6,74.7,-5.9,61.6,-7.7,-37.1,0.272,0.294,BMNR,,126,15.3,18.0,,False
394,PANW,"Palo Alto Networks, Inc.",Technology,Software - Infrastructure,Growth,282.9,347.13,329.77,14.0,14.3,10.0,0.0,ok,0.0,de_fallback,,7.7,False,38.3,84.2,1.3,31.1,72.0,4.8,46.7,61.4,88.9,0.429,0.442,MSFT,,126,14.3,17.0,,False
395,MMM,3M Company,Industrials,Conglomerates,Core,91.4,177.23,168.37,21.0,12.3,10.0,0.0,ok,-5.0,de_fallback,,437.9,False,38.3,18.3,6.9,2.5,39.4,81.9,75.1,12.0,7.7,0.05,0.168,GOOG,,126,12.3,14.0,,False
396,MTB,M&T Bank Corporation,Financial Services,Banks - Regional,Core,36.2,249.48,237.01,16.5,11.8,10.0,0.0,ok,0.0,financial_na,,,False,38.3,11.8,,6.2,0.0,10.7,58.8,18.0,3.2,0.085,0.182,GOOG,,126,11.8,14.0,,False
397,CRWD,"CrowdStrike Holdings, Inc.",Technology,Software - Infrastructure,Core,206.2,202.54,192.41,13.0,15.3,10.0,0.0,ok,0.0,de_fallback,,17.6,False,38.3,129.6,0.9,25.6,75.1,-0.2,42.9,52.2,75.7,0.456,0.445,MSFT,,126,15.3,17.0,,False
398,PPL,PPL Corporation,Utilities,Utilities - Regulated Electric,Core,26.5,35.2,35.8,11.5,18.3,10.0,0.0,ok,-1.5,de_fallback,,135.1,False,38.3,16.6,-6.1,10.8,43.3,8.3,40.1,-2.5,-9.1,-0.207,0.26,AVGO,,126,18.3,19.0,,False
399,RF,Regions Financial Corporation,Financial Services,Banks - Regional,Core,26.9,31.48,29.91,16.5,11.7,10.0,0.0,ok,0.0,financial_na,,,False,38.2,11.1,,3.4,0.0,11.9,55.4,15.2,1.2,0.131,0.192,GOOG,,126,11.7,14.0,,False
400,BDX,"Becton, Dickinson and Company",Healthcare,Medical Instruments & Supplies,Core,46.9,170.21,161.7,17.0,11.7,10.0,0.0,ok,-0.5,de_fallback,,71.6,False,38.2,12.6,9.7,5.2,47.1,6.7,74.8,10.8,-0.3,-0.015,0.185,AVGO,,126,11.7,16.0,,False
401,CHD,"Church & Dwight Company, Inc.",Consumer Defensive,Household & Personal Products,Core,23.7,100.01,97.16,16.0,12.7,10.0,0.0,ok,-0.5,de_fallback,,55.9,False,38.2,24.8,4.0,1.6,45.6,17.0,63.0,7.8,-5.5,-0.178,0.302,AVGO,,126,12.7,17.0,,False
402,AMD,"Advanced Micro Devices, Inc.",Technology,Semiconductors,Growth,790.3,484.64,512.95,14.0,16.1,10.0,-2.0,ok,0.0,de_fallback,,6.0,False,38.1,34.8,0.9,37.8,53.1,8.1,39.6,54.8,87.8,0.519,0.562,AVGO,,126,16.1,14.0,,False
403,VTRS,Viatris Inc.,Healthcare,Drug Manufacturers - Specialty,Core,20.5,17.63,16.75,14.5,14.1,10.0,0.0,ok,-0.5,de_fallback,,99.7,False,38.1,6.7,10.9,8.1,39.8,-2.0,67.2,27.3,22.0,0.143,0.172,NVDA,,126,14.1,15.0,,False
404,CNC,Centene Corporation,Healthcare,Healthcare Plans,Core,31.5,63.76,63.73,13.0,15.6,10.0,0.0,ok,-0.5,de_fallback,,71.1,False,38.1,12.2,,4.6,11.4,-20.4,38.0,36.4,40.0,-0.005,0.105,AVGO,,126,15.6,15.0,fcf_yield_out_of_range(30.6),False
405,KO,Coca-Cola Company (The),Consumer Defensive,Beverages - Non-Alcoholic,Core,373.7,86.86,82.52,17.0,12.6,10.0,0.0,ok,-1.5,de_fallback,,115.5,False,38.1,24.6,1.4,6.7,61.9,42.1,60.2,15.1,7.9,-0.256,0.275,AVGO,,126,12.6,18.0,,False
406,HD,"Home Depot, Inc. (The)",Consumer Cyclical,Home Improvement Retail,Core,339.0,340.02,331.13,17.0,16.1,10.0,0.0,ok,-5.0,de_fallback,,459.4,False,38.1,21.1,3.0,4.8,33.1,128.4,51.5,-1.5,-17.7,0.102,0.285,GOOG,,126,16.1,11.0,,False
407,CFG,"Citizens Financial Group, Inc.",Financial Services,Banks - Regional,Core,30.7,72.7,69.06,16.0,12.0,10.0,0.0,ok,0.0,financial_na,,,False,38.0,11.2,,14.7,0.0,8.3,59.6,19.8,5.5,0.203,0.23,BMNR,,126,12.0,14.0,,False
408,STE,STERIS plc (Ireland),Healthcare,Medical Devices,Core,22.7,232.64,221.01,16.0,12.0,10.0,0.0,ok,0.0,de_fallback,,29.0,False,38.0,19.0,3.7,7.3,44.2,11.4,70.7,-0.4,-20.4,0.115,0.174,BMNR,,126,12.0,16.0,,False
409,EPAM,"EPAM Systems, Inc.",Technology,Information Technology Service,Speculative,5.6,107.26,101.9,17.0,10.9,10.0,0.0,ok,0.0,de_fallback,,8.4,False,37.9,7.6,12.4,7.6,29.1,10.9,81.8,-26.0,-58.0,0.084,0.301,MSFT,,126,10.9,15.0,,False
410,AMGN,Amgen Inc.,Healthcare,Drug Manufacturers - General,Core,204.5,378.87,359.93,19.5,13.4,10.0,0.0,ok,-5.0,de_fallback,,623.8,False,37.9,16.2,3.6,5.8,71.4,101.3,67.6,11.1,2.6,-0.038,0.071,MSFT,,126,13.4,17.0,,False
411,AEE,Ameren Corporation,Utilities,Utilities - Regulated Electric,Core,30.3,109.5,110.72,11.0,18.4,10.0,0.0,ok,-1.5,de_fallback,,157.8,False,37.9,18.8,-5.8,-2.6,52.4,11.9,39.9,3.0,-0.5,-0.279,0.295,AVGO,,126,18.4,19.0,,False
412,WAT,Waters Corporation,Healthcare,Diagnostics & Research,Growth,36.8,374.74,368.68,14.0,13.9,10.0,0.0,ok,0.0,de_fallback,,36.6,False,37.9,22.7,-1.4,91.4,55.2,5.2,49.0,5.7,-10.2,0.101,0.125,AVGO,,126,13.9,16.0,,False
413,HAS,"Hasbro, Inc.",Consumer Cyclical,Leisure,Core,12.9,91.47,86.9,22.0,10.8,10.0,0.0,ok,-5.0,de_fallback,,531.0,False,37.8,14.0,5.3,16.2,63.8,159.6,73.9,5.6,-10.0,0.077,0.154,GOOG,,126,10.8,13.0,,False
414,HON,Honeywell International Inc.,Industrials,Conglomerates,Core,78.2,246.77,234.43,18.5,10.8,10.0,0.0,ok,-1.5,de_fallback,,185.4,False,37.8,24.6,3.3,4.3,36.5,46.6,76.9,9.1,-4.5,0.199,0.219,BMNR,,126,10.8,14.0,,False
415,MOS,Mosaic Company (The),Basic Materials,Agricultural Inputs,Cyclical,6.9,21.81,22.17,9.0,18.8,10.0,0.0,ok,0.0,de_fallback,,48.2,False,37.8,12.0,-4.2,14.4,13.3,0.6,39.6,-11.6,-27.5,0.161,0.195,AVGO,,126,18.8,11.0,,False
416,MCK,McKesson Corporation,Healthcare,Medical Distribution,Core,96.8,827.14,791.41,13.0,14.8,10.0,0.0,ok,,unavailable,,,False,37.8,16.4,5.8,6.0,3.6,,55.5,-0.9,-11.0,-0.259,0.221,BMNR,,126,14.8,15.0,,False
417,ARES,Ares Management Corporation,Financial Services,Asset Management,Core,45.7,138.57,131.64,16.5,11.3,10.0,0.0,ok,0.0,financial_na,,,False,37.8,19.3,,5.8,35.8,,74.0,5.1,-12.1,0.435,0.384,BMNR,,126,11.3,14.0,,False
418,SHW,Sherwin-Williams Company (The),Basic Materials,Specialty Chemicals,Cyclical,86.0,354.22,336.51,18.5,12.3,10.0,0.0,ok,-3.0,de_fallback,,390.0,False,37.8,26.1,2.9,7.5,49.0,65.1,61.4,6.8,-9.1,0.162,0.31,GOOG,,126,12.3,12.0,,False
419,SLB,SLB Limited,Energy,Oil & Gas Equipment & Services,Cyclical,73.2,49.31,50.64,14.5,13.3,10.0,0.0,ok,0.0,de_fallback,,47.0,False,37.8,15.1,4.0,5.0,17.0,12.9,57.0,6.0,-5.2,0.08,0.149,NVDA,,126,13.3,14.0,,False
420,PRU,"Prudential Financial, Inc.",Financial Services,Insurance - Life,Core,42.7,122.98,116.83,18.0,9.8,10.0,0.0,ok,0.0,financial_na,,,False,37.8,8.4,24.3,15.3,29.0,10.7,75.0,18.2,4.1,0.221,0.314,BMNR,,126,9.8,14.0,,False
421,NI,NiSource Inc,Utilities,Utilities - Regulated Gas,Core,21.3,44.53,46.34,11.5,17.7,10.0,0.0,ok,-1.5,de_fallback,,140.9,False,37.7,19.8,-7.3,8.2,50.7,9.1,36.0,-0.2,-5.8,-0.11,0.132,AVGO,,126,17.7,19.0,,False
422,HSIC,"Henry Schein, Inc.",Healthcare,Medical Distribution,Speculative,9.9,86.51,82.18,13.0,15.2,10.0,0.0,ok,-0.5,de_fallback,,77.7,False,37.7,14.6,2.9,6.3,31.2,8.8,48.0,13.2,5.9,0.117,0.168,GOOG,,126,15.2,15.0,,False
423,DRI,"Darden Restaurants, Inc.",Consumer Cyclical,Restaurants,Core,23.6,206.24,202.33,18.0,12.7,10.0,0.0,ok,-3.0,de_fallback,,364.5,False,37.7,16.7,3.3,13.7,21.7,53.7,62.1,6.3,-4.7,-0.071,0.113,MSFT,,126,12.7,11.0,,False
424,CAG,"ConAgra Brands, Inc.",Consumer Defensive,Packaged Foods,Speculative,7.1,14.91,14.16,14.5,14.7,10.0,0.0,ok,-1.5,de_fallback,,117.6,False,37.7,9.6,12.0,3.6,24.0,-25.1,61.5,-4.0,-24.8,-0.183,0.341,AVGO,,126,14.7,16.0,,False
425,DPZ,Domino's Pizza Inc,Consumer Cyclical,Restaurants,Core,12.1,364.41,346.19,15.5,12.2,10.0,0.0,ok,,unavailable,,,False,37.7,17.4,4.4,4.3,28.7,,74.2,-1.2,-18.9,0.007,0.2,AVGO,,126,12.2,11.0,,False
426,IONQ,"IonQ, Inc.",Technology,Computer Hardware,Growth,14.5,38.85,50.39,14.0,15.7,10.0,-2.0,ok,0.0,de_fallback,,0.6,False,37.7,,-0.6,754.7,36.1,11.3,49.0,-15.7,-8.2,0.53,0.527,BMNR,,126,15.7,13.0,,False
427,CAH,"Cardinal Health, Inc.",Healthcare,Medical Distribution,Core,55.2,235.6,223.82,15.0,12.6,10.0,0.0,ok,,unavailable,,,False,37.6,19.5,8.8,11.0,3.8,,56.0,13.1,-0.8,-0.139,0.126,AVGO,,126,12.6,15.0,,False
428,EXC,Exelon Corporation,Utilities,Utilities - Regulated Electric,Core,47.0,45.63,46.19,10.5,18.6,10.0,0.0,ok,-1.5,de_fallback,,177.4,False,37.6,15.0,-5.7,9.9,42.4,9.7,41.4,-0.0,-3.2,-0.315,0.326,AVGO,,126,18.6,19.0,,False
429,APO,"Apollo Global Management, Inc.",Financial Services,Asset Management,Core,74.6,129.42,125.35,13.0,14.5,10.0,0.0,ok,0.0,financial_na,,,False,37.5,12.1,,-9.2,35.2,8.5,66.0,2.5,-11.0,0.383,0.323,BMNR,,126,14.5,14.0,,False
430,BRK-B,Berkshire Hathaway Inc. New,Financial Services,Insurance - Diversified,Core,1106.8,513.14,492.02,16.0,11.5,10.0,0.0,ok,0.0,financial_na,,,False,37.5,23.8,5.5,4.4,27.8,10.5,76.2,4.6,-3.6,-0.1,0.189,AVGO,,126,11.5,14.0,,False
431,GRMN,Garmin Ltd.,Technology,Scientific & Technical Instrum,Core,58.8,304.76,289.52,17.0,10.5,10.0,0.0,ok,0.0,de_fallback,,2.5,False,37.5,28.0,1.8,11.4,60.1,21.9,81.2,33.6,39.6,0.181,0.157,NVDA,,126,10.5,15.0,,False
432,IP,International Paper Company,Consumer Cyclical,Packaging & Containers,Core,21.9,41.45,39.38,14.5,13.5,10.0,0.0,ok,-0.5,de_fallback,,67.0,False,37.5,14.1,8.0,,29.6,-16.5,65.4,9.2,-4.5,0.086,0.191,NVDA,,126,13.5,11.0,,False
433,MPC,Marathon Petroleum Corporation,Energy,Oil & Gas Refining & Marketing,Cyclical,89.6,307.03,291.68,14.5,14.4,10.0,0.0,ok,-1.5,de_fallback,,146.5,False,37.4,11.1,3.9,8.8,10.7,27.5,52.8,38.7,66.1,-0.125,0.268,GOOG,,126,14.4,12.0,,False
434,UAL,"United Airlines Holdings, Inc.",Industrials,Airlines,Core,41.7,128.39,121.97,17.0,13.4,10.0,0.0,ok,-3.0,de_fallback,,201.6,False,37.4,8.3,2.2,16.0,31.8,23.3,60.9,21.5,10.7,0.376,0.302,GOOG,,126,13.4,14.0,,False
435,APTV,Aptiv PLC,Consumer Cyclical,Auto Parts,Core,12.1,57.23,61.9,14.0,14.9,10.0,0.0,ok,-1.5,de_fallback,,103.8,False,37.4,8.5,9.0,5.4,18.9,4.1,46.9,-19.0,-35.6,0.274,0.355,AVGO,,126,14.9,11.0,,False
436,IR,Ingersoll Rand Inc.,Industrials,Specialty Industrial Machinery,Core,34.4,87.78,83.39,14.5,12.8,10.0,0.0,ok,0.0,de_fallback,,47.9,False,37.3,22.7,3.2,8.5,42.8,9.5,68.1,7.7,-10.2,0.165,0.196,GOOG,,126,12.8,15.0,,False
437,PCG,Pacific Gas & Electric Co.,Utilities,Utilities - Regulated Electric,Core,38.4,17.43,17.0,10.5,18.3,10.0,0.0,ok,-1.5,de_fallback,,189.4,False,37.3,9.7,-16.0,0.1,39.8,9.3,49.8,4.8,7.3,-0.139,0.137,AVGO,,126,18.3,18.0,,False
438,CHTR,"Charter Communications, Inc.",Communication Services,Telecom Services,Core,19.4,144.1,136.9,19.0,13.3,10.0,0.0,ok,-5.0,de_fallback,,441.6,False,37.3,3.3,11.3,-1.7,55.2,27.2,67.1,-24.8,-41.5,-0.033,0.212,NVDA,,126,13.3,16.0,,False
439,STT,State Street Corporation,Financial Services,Asset Management,Core,50.5,183.67,174.49,13.0,14.2,10.0,0.0,ok,0.0,financial_na,,,False,37.2,12.0,,-2.8,0.0,12.4,50.0,32.2,31.2,0.409,0.4,NVDA,,126,14.2,14.0,,False
440,ARE,Alexandria Real Estate Equitie,Real Estate,REIT - Office,Speculative,9.2,53.03,50.64,15.0,12.7,10.0,0.0,ok,-0.5,de_fallback,,66.5,False,37.2,,15.2,-11.5,68.6,-4.1,71.4,5.3,-8.2,0.112,0.09,MSFT,,126,12.7,17.0,,False
441,REGN,"Regeneron Pharmaceuticals, Inc",Healthcare,Biotechnology,Core,78.2,759.24,721.28,17.0,10.2,10.0,0.0,ok,0.0,de_fallback,,8.5,False,37.2,12.7,3.9,16.7,44.5,14.0,80.1,7.0,-8.1,0.206,0.239,BMNR,,126,10.2,16.0,,False
442,CASY,"Caseys General Stores, Inc.",Consumer Cyclical,Specialty Retail,Core,31.8,860.37,824.1,11.5,16.2,10.0,0.0,ok,-0.5,de_fallback,,73.5,False,37.2,36.4,1.7,14.5,24.6,19.2,53.9,24.3,28.7,-0.102,0.14,MSFT,,126,16.2,11.0,,False
443,LEN,Lennar Corporation,Consumer Cyclical,Residential Construction,Core,20.5,85.2,87.39,12.0,15.2,10.0,0.0,ok,0.0,de_fallback,,28.7,False,37.2,13.1,5.3,-5.2,16.4,7.4,53.5,-16.3,-29.4,0.096,0.189,GOOG,,126,15.2,11.0,,False
444,NBIS,Nebius Group N.V.,Communication Services,Internet Content & Information,Growth,54.0,212.58,224.11,15.0,15.6,10.0,-2.0,ok,-1.5,de_fallback,,132.4,False,37.1,,-11.4,683.9,72.1,14.1,54.2,50.1,132.2,0.507,0.486,NVDA,,126,15.6,15.0,,False
445,D,"Dominion Energy, Inc.",Utilities,Utilities - Regulated Electric,Core,60.5,68.75,68.69,11.5,17.1,10.0,0.0,ok,-1.5,de_fallback,,160.5,False,37.1,18.0,-15.2,17.6,46.2,8.3,33.9,10.2,8.0,-0.198,0.196,MSFT,,126,17.1,19.0,,False
446,J,Jacobs Solutions Inc.,Industrials,Engineering & Construction,Core,16.4,138.72,131.78,13.5,15.1,10.0,0.0,ok,-1.5,de_fallback,,138.8,False,37.1,16.9,3.1,27.0,23.4,9.4,65.3,4.0,-7.0,0.121,0.133,MSFT,,126,15.1,14.0,,False
447,BLDR,"Builders FirstSource, Inc.",Industrials,Building Products & Equipment,Speculative,7.8,72.48,76.54,13.5,15.1,10.0,0.0,ok,-1.5,de_fallback,,130.8,False,37.1,15.8,6.0,-8.8,29.2,2.5,45.7,-24.1,-45.0,0.186,0.279,NVDA,,126,15.1,14.0,,False
448,CMS,CMS Energy Corporation,Utilities,Utilities - Regulated Electric,Core,22.2,71.74,74.1,9.5,19.0,10.0,0.0,ok,-1.5,de_fallback,,185.6,False,37.0,17.3,-9.9,-0.5,40.3,9.2,30.8,-2.2,-5.7,-0.35,0.32,MSFT,,126,19.0,19.0,,False
449,CHRW,"C.H. Robinson Worldwide, Inc.",Industrials,Integrated Freight & Logistics,Core,17.3,147.0,185.13,16.5,12.0,10.0,0.0,ok,-1.5,de_fallback,,121.2,True,37.0,19.6,2.8,19.3,8.4,37.1,21.5,-14.1,-34.4,-0.053,0.164,MSFT,,126,17.2,14.0,,False
450,TTWO,"Take-Two Interactive Software,",Communication Services,Electronic Gaming & Multimedia,Core,45.8,245.15,234.3,13.5,13.9,10.0,0.0,ok,-0.5,de_fallback,,84.3,False,36.9,24.5,3.2,6.1,57.7,-10.6,57.9,6.7,1.6,0.385,0.372,MSFT,,126,13.9,14.0,,False
451,DGX,Quest Diagnostics Incorporated,Healthcare,Diagnostics & Research,Core,25.6,231.95,220.35,15.5,11.9,10.0,0.0,ok,-0.5,de_fallback,,81.1,False,36.9,19.2,3.6,10.2,33.2,14.6,75.9,20.3,17.5,-0.271,0.276,AVGO,,126,11.9,15.0,,False
452,SW,Smurfit WestRock plc,Consumer Cyclical,Packaging & Containers,Core,24.6,46.88,44.54,13.0,14.4,10.0,0.0,ok,-0.5,de_fallback,,78.4,False,36.9,14.0,4.9,1.1,18.2,2.7,60.6,14.9,5.1,0.123,0.192,NVDA,,126,14.4,11.0,,False
453,TSN,"Tyson Foods, Inc.",Consumer Defensive,Farm Products,Core,21.0,59.61,58.62,13.0,13.8,10.0,0.0,ok,0.0,de_fallback,,44.4,False,36.8,13.3,4.9,4.4,6.4,2.6,59.5,0.5,-16.8,-0.075,0.207,NVDA,,126,13.8,16.0,,False
454,ED,"Consolidated Edison, Inc.",Utilities,Utilities - Regulated Electric,Core,39.8,107.95,109.25,11.0,17.3,10.0,0.0,ok,-1.5,de_fallback,,106.2,False,36.8,16.6,-2.1,6.2,53.2,8.7,37.5,2.6,-4.9,-0.488,0.441,AVGO,,126,17.3,19.0,,False
455,SWK,"Stanley Black & Decker, Inc.",Industrials,Tools & Accessories,Core,14.8,98.11,93.2,15.5,11.7,10.0,0.0,ok,-0.5,de_fallback,,58.2,False,36.7,15.4,9.6,0.4,32.2,6.9,70.4,27.4,17.7,0.199,0.241,GOOG,,126,11.7,14.0,,False
456,SRE,DBA Sempra,Utilities,Utilities - Diversified,Core,57.3,87.73,91.38,9.5,17.7,10.0,0.0,ok,-0.5,de_fallback,,85.3,False,36.7,15.8,-49.2,-3.9,42.5,5.7,29.3,-3.5,-5.8,-0.169,0.22,MSFT,,126,17.7,19.0,,False
457,WTW,Willis Towers Watson Public Li,Financial Services,Insurance Brokers,Core,31.7,341.63,324.55,17.5,9.2,10.0,0.0,ok,0.0,financial_na,,,False,36.7,15.0,4.5,9.1,42.5,19.8,84.6,15.2,-0.3,-0.036,0.333,MSFT,,126,9.2,15.0,,False
458,CNP,"CenterPoint Energy, Inc (Holdi",Utilities,Utilities - Regulated Electric,Core,27.6,41.92,43.16,11.5,18.2,10.0,0.0,ok,-3.0,de_fallback,,210.3,False,36.7,20.1,-18.8,10.7,47.0,9.8,36.7,2.0,-1.3,-0.302,0.31,AVGO,,126,18.2,19.0,,False
459,LYV,"Live Nation Entertainment, Inc",Communication Services,Entertainment,Core,42.3,181.69,174.82,16.0,15.5,10.0,0.0,ok,-5.0,de_fallback,,620.2,False,36.5,94.3,4.0,9.4,25.8,17.7,50.2,16.3,17.3,0.253,0.232,BMNR,,126,15.5,13.0,,False
460,ROK,"Rockwell Automation, Inc.",Industrials,Specialty Industrial Machinery,Core,53.5,480.98,464.54,16.0,12.0,10.0,0.0,ok,-1.5,de_fallback,,113.4,False,36.5,32.9,1.8,11.9,48.9,27.2,56.7,17.2,3.9,0.345,0.328,AVGO,,126,12.0,15.0,,False
461,TGT,Target Corporation,Consumer Defensive,Discount Stores,Core,67.8,149.35,141.88,17.5,10.5,10.0,0.0,ok,-1.5,de_fallback,,117.5,False,36.5,16.7,4.6,6.7,28.1,22.0,75.9,31.7,30.1,0.05,0.096,GOOG,,126,10.5,16.0,,False
462,LII,"Lennox International, Inc.",Industrials,Building Products & Equipment,Core,15.0,435.0,523.63,16.0,12.0,10.0,0.0,ok,-1.5,de_fallback,,156.1,True,36.5,16.5,1.8,3.0,33.3,71.8,21.1,-14.1,-20.6,0.149,0.223,NVDA,,126,18.5,14.0,,False
463,PNW,Pinnacle West Capital Corporat,Utilities,Utilities - Regulated Electric,Core,12.2,100.81,104.37,11.5,17.9,10.0,0.0,ok,-3.0,de_fallback,,213.0,False,36.4,18.1,-6.8,11.4,43.0,9.6,23.0,4.5,2.0,-0.335,0.348,AVGO,,126,17.9,19.0,,False
464,CRL,Charles River Laboratories Int,Healthcare,Diagnostics & Research,Core,11.1,230.87,219.33,15.0,12.9,10.0,0.0,ok,-1.5,de_fallback,,102.6,False,36.4,18.7,4.6,1.2,34.5,-5.9,49.7,23.1,-0.7,0.256,0.224,BMNR,,126,12.9,15.0,,False
465,WULF,TeraWulf Inc.,Financial Services,Capital Markets,Speculative,9.3,18.83,23.11,9.0,19.1,10.0,-2.0,ok,0.0,financial_na,,,False,36.1,96.6,-3.0,-1.1,64.0,-2215.9,47.8,7.2,31.2,0.541,0.542,BMNR,,126,19.1,16.0,,False
466,EMR,Emerson Electric Company,Industrials,Specialty Industrial Machinery,Core,86.7,154.85,147.11,16.0,10.6,10.0,0.0,ok,-0.5,de_fallback,,69.2,False,36.1,21.6,3.8,2.9,52.7,12.3,75.5,11.4,-3.9,0.358,0.328,NVDA,,126,10.6,15.0,,False
467,CLX,Clorox Company (The),Consumer Defensive,Household & Personal Products,Core,11.9,98.26,95.52,16.0,15.0,10.0,0.0,ok,-5.0,de_fallback,,4876.1,False,36.0,16.5,0.5,0.1,43.8,546.1,57.6,-4.4,-21.1,-0.052,0.265,GOOG,,126,15.0,17.0,,False
468,CVS,CVS Health Corporation,Healthcare,Healthcare Plans,Core,134.4,105.37,100.83,11.5,16.0,10.0,0.0,ok,-1.5,de_fallback,,100.9,False,36.0,12.5,3.9,6.1,13.4,3.8,49.6,26.1,32.9,-0.102,0.161,MSFT,,126,16.0,15.0,,False
469,COO,"The Cooper Companies, Inc.",Healthcare,Medical Instruments & Supplies,Core,14.5,74.23,70.52,14.5,11.5,10.0,0.0,ok,0.0,de_fallback,,33.1,False,36.0,14.9,2.9,7.9,65.6,2.9,72.0,1.5,-16.9,0.021,0.177,GOOG,,126,11.5,17.0,,False
470,BG,Bunge Limited,Consumer Defensive,Farm Products,Growth,20.2,105.4,117.53,9.5,17.0,10.0,0.0,ok,-0.5,de_fallback,,98.0,False,36.0,9.4,-32.0,88.3,4.9,7.2,31.2,-5.2,-15.4,-0.055,0.142,GOOG,,126,17.0,16.0,,False
471,FE,FirstEnergy Corp.,Utilities,Utilities - Regulated Electric,Core,28.0,48.43,47.56,11.5,17.4,10.0,0.0,ok,-3.0,de_fallback,,200.9,False,35.9,16.3,-7.2,8.8,68.6,9.5,43.0,3.2,-3.8,-0.204,0.277,AVGO,,126,17.4,20.0,,False
472,XEL,Xcel Energy Inc.,Utilities,Utilities - Regulated Electric,Core,48.5,77.69,79.32,9.5,17.9,10.0,0.0,ok,-1.5,de_fallback,,173.1,False,35.9,17.1,-16.3,-5.1,46.8,9.9,37.5,-0.5,-3.1,-0.2,0.216,MSFT,,126,17.9,19.0,,False
473,SOLV,Solventum Corporation,Healthcare,Medical Instruments & Supplies,Core,15.3,88.07,83.67,17.5,9.9,10.0,0.0,ok,-1.5,de_fallback,,106.5,False,35.9,12.4,2.5,-3.0,53.7,34.8,71.9,16.9,5.6,0.123,0.216,GOOG,,126,9.9,16.0,,False
474,LH,Labcorp Holdings Inc.,Healthcare,Diagnostics & Research,Core,24.9,307.42,292.05,14.5,11.9,10.0,0.0,ok,-0.5,de_fallback,,78.5,False,35.9,15.6,3.6,5.8,28.9,11.7,70.5,15.0,5.4,-0.038,0.17,AVGO,,126,11.9,15.0,,False
475,IVZ,Invesco Ltd,Financial Services,Asset Management,Core,13.6,30.91,29.36,16.0,11.8,10.0,-2.0,ok,0.0,financial_na,,,False,35.8,9.5,,20.5,29.6,-0.6,62.1,19.2,5.6,0.502,0.461,BMNR,,126,11.8,14.0,,False
476,TECH,Bio-Techne Corp,Healthcare,Biotechnology,Core,11.2,72.14,68.53,14.5,11.3,10.0,0.0,ok,0.0,de_fallback,,13.9,False,35.8,35.3,2.7,-1.5,66.4,5.3,69.5,21.1,2.0,0.091,0.134,GOOG,,126,11.3,17.0,,False
477,RVTY,"Revvity, Inc.",Healthcare,Diagnostics & Research,Core,12.9,115.22,109.46,14.5,11.2,10.0,0.0,ok,0.0,de_fallback,,46.6,False,35.7,19.8,4.0,7.0,54.3,3.2,57.6,16.5,-1.2,0.274,0.208,GOOG,,126,11.2,16.0,,False
478,HRL,Hormel Foods Corporation,Consumer Defensive,Packaged Foods,Core,13.9,25.23,24.24,10.5,15.1,10.0,0.0,ok,0.0,de_fallback,,4.2,False,35.6,16.2,3.4,-2.9,15.8,5.8,54.6,10.7,-3.1,-0.108,0.186,AVGO,,126,15.1,16.0,,False
479,EVRG,"Evergy, Inc.",Utilities,Utilities - Regulated Electric,Core,19.2,83.23,84.52,10.5,16.6,10.0,0.0,ok,-1.5,de_fallback,,155.6,False,35.6,18.3,-5.7,5.0,52.3,8.9,34.6,5.2,2.5,-0.302,0.336,AVGO,,126,16.6,19.0,,False
480,BMNR,BitMine Immersion Technologies,Financial Services,Capital Markets,Growth,10.5,17.42,16.55,14.0,13.6,10.0,-2.0,ok,0.0,financial_na,,,False,35.6,18.5,-4.9,2167.8,84.4,-150.9,55.1,-30.7,-32.5,0.565,0.505,NVDA,,126,13.6,16.0,,True
481,TDY,Teledyne Technologies Incorpor,Technology,Scientific & Technical Instrum,Core,31.1,670.56,637.03,14.5,11.0,10.0,0.0,ok,0.0,de_fallback,,18.6,False,35.5,25.1,2.9,9.8,43.3,9.2,70.9,11.9,0.4,0.382,0.394,NVDA,,126,11.0,14.0,,False
482,NCLH,Norwegian Cruise Line Holdings,Consumer Cyclical,Travel Services,Speculative,9.1,19.76,19.36,14.5,16.0,10.0,0.0,ok,-5.0,de_fallback,,632.0,False,35.5,11.1,-18.1,4.9,42.5,36.7,51.9,-2.5,-25.4,0.26,0.387,GOOG,,126,16.0,14.0,,False
483,PKG,Packaging Corporation of Ameri,Consumer Cyclical,Packaging & Containers,Core,22.4,251.09,238.54,16.0,10.0,10.0,0.0,ok,-0.5,de_fallback,,95.2,False,35.5,19.8,,14.7,20.8,,72.7,16.5,4.7,0.061,0.125,NVDA,,126,10.0,11.0,,False
484,CPT,Camden Property Trust,Real Estate,REIT - Residential,Core,11.0,110.72,111.79,11.0,15.9,10.0,0.0,ok,-1.5,de_fallback,,125.6,False,35.4,,1.3,-0.8,61.6,7.9,43.8,5.6,-3.7,-0.153,0.298,AVGO,,126,15.9,17.0,fwd_pe_out_of_range(180.0),False
485,PCAR,PACCAR Inc.,Industrials,Farm & Heavy Construction Mach,Core,69.5,132.06,125.46,13.0,12.8,10.0,0.0,ok,-0.5,de_fallback,,72.9,False,35.3,18.5,2.8,0.5,13.7,12.8,64.8,14.4,-2.4,0.166,0.235,NVDA,,126,12.8,14.0,,False
486,MDB,"MongoDB, Inc.",Technology,Software - Infrastructure,Core,28.8,357.97,340.07,13.0,12.3,10.0,0.0,ok,0.0,de_fallback,,2.0,False,35.3,48.8,1.8,25.2,72.0,-1.0,55.2,7.3,-12.9,0.39,0.421,MSFT,,126,12.3,17.0,,False
487,APD,"Air Products and Chemicals, In",Basic Materials,Specialty Chemicals,Cyclical,65.2,292.94,288.57,10.5,16.3,10.0,0.0,ok,-1.5,de_fallback,,110.1,False,35.3,20.3,-5.8,4.6,32.1,0.0,41.8,7.1,0.5,-0.045,0.116,GOOG,,126,16.3,11.0,,False
488,TRGP,"Targa Resources, Inc.",Energy,Oil & Gas Midstream,Cyclical,56.8,264.6,268.3,13.0,17.2,10.0,0.0,ok,-5.0,de_fallback,,585.2,False,35.2,22.2,-0.6,-10.2,41.8,74.1,35.9,19.7,25.5,-0.182,0.161,MSFT,,126,17.2,13.0,,False
489,MRNA,"Moderna, Inc.",Healthcare,Biotechnology,Core,21.9,55.14,58.55,7.0,18.2,10.0,0.0,ok,0.0,de_fallback,,19.0,False,35.2,,1.4,2.1,-66.0,-39.0,25.7,22.5,20.6,0.329,0.353,BMNR,,126,18.2,15.0,,False
490,DOW,Dow Inc.,Basic Materials,Chemicals,Cyclical,21.6,29.89,31.27,9.0,17.7,10.0,0.0,ok,-1.5,de_fallback,,111.9,False,35.2,16.2,1.1,19.7,9.8,-5.5,47.4,-0.8,-3.2,-0.146,0.216,GOOG,,126,17.7,11.0,,False
491,IQV,"IQVIA Holdings, Inc.",Healthcare,Diagnostics & Research,Core,38.4,233.36,221.69,17.5,10.6,10.0,0.0,ok,-3.0,de_fallback,,258.0,False,35.1,16.2,5.6,8.7,33.0,22.8,66.0,18.1,-8.0,0.177,0.212,MSFT,,126,10.6,15.0,,False
492,DTE,DTE Energy Company,Utilities,Utilities - Regulated Electric,Core,29.5,141.72,146.79,9.5,18.6,10.0,0.0,ok,-3.0,de_fallback,,229.1,False,35.1,16.9,-8.8,-1.5,29.3,11.0,32.8,1.3,-0.6,-0.284,0.256,MSFT,,126,18.6,18.0,,False
493,TSCO,Tractor Supply Company,Consumer Cyclical,Specialty Retail,Core,16.8,32.11,30.6,14.5,13.5,10.0,0.0,ok,-3.0,de_fallback,,248.7,False,35.0,15.7,0.6,2.3,36.5,39.5,58.9,-26.8,-47.6,0.014,0.115,AVGO,,126,13.5,11.0,,False
494,KDP,Keurig Dr Pepper Inc.,Consumer Defensive,Beverages - Non-Alcoholic,Core,42.1,30.91,30.91,10.5,15.0,10.0,0.0,ok,-0.5,de_fallback,,86.0,False,35.0,12.2,-38.9,9.4,53.8,6.3,56.0,9.3,5.4,-0.151,0.181,AVGO,,126,15.0,17.0,,False
495,SYY,Sysco Corporation,Consumer Defensive,Food Distribution,Core,40.7,84.98,80.73,17.0,12.9,10.0,0.0,ok,-5.0,de_fallback,,670.4,False,34.9,17.2,4.6,4.7,18.5,81.9,59.0,9.4,-4.9,0.009,0.071,GOOG,,126,12.9,16.0,,False
496,BXP,"BXP, Inc.",Real Estate,REIT - Office,Core,12.6,70.41,66.89,13.5,14.3,10.0,0.0,ok,-3.0,de_fallback,,211.6,False,34.8,33.7,,3.8,56.9,5.3,58.6,12.4,5.4,0.167,0.22,BMNR,,126,14.3,16.0,,False
497,GPC,Genuine Parts Company,Consumer Cyclical,Auto Parts,Core,17.7,128.52,122.09,14.5,11.7,10.0,0.0,ok,-1.5,de_fallback,,146.4,False,34.7,15.5,5.2,6.0,37.6,0.7,59.5,9.5,-16.1,-0.013,0.114,GOOG,,126,11.7,11.0,,False
498,NUE,Nucor Corporation,Basic Materials,Steel,Cyclical,59.5,261.28,248.22,14.0,10.7,10.0,0.0,ok,0.0,de_fallback,,30.5,False,34.7,14.3,1.1,23.0,15.6,14.5,72.4,36.7,36.3,0.168,0.212,NVDA,,126,10.7,11.0,,False
499,BALL,Ball Corporation,Consumer Cyclical,Packaging & Containers,Core,17.3,65.15,61.89,14.0,12.0,10.0,0.0,ok,-1.5,de_fallback,,145.5,False,34.5,14.4,2.3,16.3,19.2,16.8,71.1,14.2,6.7,-0.074,0.129,AVGO,,126,12.0,11.0,,False
500,CBRE,CBRE Group Inc,Real Estate,Real Estate Services,Core,43.0,148.43,141.01,14.0,12.0,10.0,0.0,ok,-1.5,de_fallback,,117.8,False,34.5,16.4,3.8,15.5,18.6,15.8,70.7,0.3,-21.3,0.206,0.273,MSFT,,126,12.0,17.0,,False
501,AEHR,Aehr Test Systems,Technology,Semiconductor Equipment & Mate,Growth,3.0,91.71,91.28,10.5,13.8,10.0,0.0,ok,0.0,de_fallback,,4.5,False,34.3,66.3,-0.1,33.7,35.3,-4.2,59.0,71.7,243.0,0.474,0.493,AVGO,,126,13.8,13.0,,False
502,AMCR,Amcor plc,Consumer Cyclical,Packaging & Containers,Growth,21.3,46.02,43.72,12.0,13.6,10.0,0.0,ok,-1.5,de_fallback,,143.7,False,34.1,10.8,0.7,77.4,19.1,8.7,63.8,11.5,-0.6,0.141,0.239,GOOG,,126,13.6,11.0,,False
503,BEN,"Franklin Resources, Inc.",Financial Services,Asset Management,Core,18.3,35.24,33.48,11.5,12.5,10.0,0.0,ok,0.0,financial_na,,,False,34.0,11.3,-16.3,14.3,37.7,7.9,64.1,32.2,24.5,0.442,0.391,GOOG,,126,12.5,14.0,,False
504,SOUN,"SoundHound AI, Inc.",Technology,Software - Application,Growth,2.7,6.1,6.96,11.5,16.4,10.0,-4.0,ok,0.0,de_fallback,,1.4,False,33.9,,-0.6,51.7,40.6,-39.4,38.4,-35.5,-36.5,0.662,0.573,BMNR,,126,16.4,16.0,,False
505,QBTS,D-Wave Quantum Inc.,Technology,Computer Hardware,Speculative,7.4,19.98,22.53,8.0,17.8,10.0,-2.0,ok,0.0,de_fallback,,4.2,False,33.8,,-0.9,-80.9,66.3,-55.3,53.4,-13.2,-13.7,0.577,0.589,BMNR,,126,17.8,15.0,,False
506,MET,"MetLife, Inc.",Financial Services,Insurance - Life,Core,62.0,96.31,91.49,10.5,13.2,10.0,0.0,ok,0.0,financial_na,,,False,33.7,8.8,-28.1,2.7,23.8,13.0,67.2,21.7,13.5,0.223,0.265,MSFT,,126,13.2,14.0,,False
507,STLD,"Steel Dynamics, Inc.",Basic Materials,Steel,Growth,37.0,258.38,248.73,12.5,11.2,10.0,0.0,ok,0.0,de_fallback,,46.9,False,33.7,13.7,0.6,33.4,14.7,17.6,73.4,30.3,30.3,0.17,0.198,AVGO,,126,11.2,11.0,,False
508,XYZ,"Block, Inc.",Technology,Software - Infrastructure,Core,48.9,82.09,77.99,9.5,14.1,10.0,0.0,ok,0.0,de_fallback,,37.5,False,33.6,16.2,-1.6,4.9,45.1,3.7,55.4,21.3,27.0,0.43,0.338,BMNR,,126,14.1,16.0,,False
509,BAX,Baxter International Inc.,Healthcare,Medical Instruments & Supplies,Core,14.5,28.1,26.7,14.5,10.5,10.0,0.0,ok,-1.5,de_fallback,,156.4,False,33.5,13.7,6.9,5.3,34.1,-14.4,78.3,43.4,32.6,0.194,0.218,MSFT,,126,10.5,15.0,,False
510,LUV,Southwest Airlines Company,Industrials,Airlines,Core,23.0,47.07,46.35,10.5,13.4,10.0,0.0,ok,-0.5,de_fallback,,97.3,False,33.4,9.5,-3.6,16.4,22.4,11.1,48.4,13.2,-13.3,0.329,0.375,GOOG,,126,13.4,14.0,,False
511,PSX,Phillips 66,Energy,Oil & Gas Refining & Marketing,Cyclical,82.7,206.19,195.88,9.5,14.3,10.0,0.0,ok,-0.5,de_fallback,,91.4,False,33.3,10.9,-1.4,6.9,12.5,14.5,55.7,29.6,38.3,-0.162,0.278,GOOG,,126,14.3,12.0,,False
512,HII,"Huntington Ingalls Industries,",Industrials,Aerospace & Defense,Core,12.8,325.95,309.65,10.5,13.3,10.0,0.0,ok,-0.5,de_fallback,,55.3,False,33.3,15.9,-2.3,10.9,12.4,13.0,70.8,-5.6,-30.8,0.293,0.331,BMNR,,126,13.3,14.0,,False
513,CRWV,"CoreWeave, Inc.",Technology,Software - Infrastructure,Growth,46.8,85.76,93.44,12.5,17.7,10.0,-2.0,ok,-5.0,de_fallback,,738.5,False,33.2,,-18.3,111.6,69.4,-40.7,54.3,-9.3,-12.5,0.566,0.539,NVDA,,126,17.7,17.0,,False
514,RGTI,"Rigetti Computing, Inc.",Technology,Computer Hardware,Growth,5.3,16.02,19.14,10.0,15.1,10.0,-2.0,ok,0.0,de_fallback,,1.2,False,33.1,,-0.1,198.9,30.0,-57.1,49.6,-26.4,-18.5,0.546,0.578,BMNR,,126,15.1,13.0,,False
515,UCTT,"Ultra Clean Holdings, Inc.",Technology,Semiconductor Equipment & Mate,Speculative,4.0,89.17,99.36,7.0,17.2,10.0,0.0,ok,-1.5,de_fallback,,111.2,False,32.7,22.6,-0.9,2.9,15.6,-22.5,40.9,45.9,84.6,0.377,0.474,AVGO,,126,17.2,13.0,,False
516,DD,"DuPont de Nemours, Inc.",Basic Materials,Specialty Chemicals,Cyclical,19.1,141.28,139.84,9.5,13.1,10.0,0.0,ok,0.0,de_fallback,,22.6,False,32.6,17.9,-0.7,4.3,35.0,0.9,66.3,6.8,-2.1,0.288,0.299,BMNR,,126,13.1,11.0,,False
517,RCL,Royal Caribbean Cruises Ltd.,Consumer Cyclical,Travel Services,Core,86.7,324.0,307.8,15.0,10.4,10.0,0.0,ok,-3.0,de_fallback,,224.8,False,32.4,15.9,-1.7,6.5,50.3,44.7,76.9,14.0,-10.9,0.377,0.396,GOOG,,126,10.4,14.0,,False
518,APLD,Applied Digital Corporation,Technology,Information Technology Service,Growth,8.5,29.49,37.2,9.5,16.3,10.0,-2.0,ok,-1.5,de_fallback,,136.2,False,32.3,,-58.4,406.6,25.9,-8.4,52.2,-9.6,-24.2,0.565,0.538,BMNR,,126,16.3,15.0,fwd_pe_out_of_range(232.8),False
519,NRG,"NRG Energy, Inc.",Utilities,Utilities - Independent Power ,Core,29.2,138.47,135.7,10.0,17.2,10.0,0.0,ok,-5.0,de_fallback,,479.2,False,32.2,12.0,1.5,19.5,16.4,6.2,50.1,-9.2,-15.8,0.325,0.389,AVGO,,126,17.2,18.0,,False
520,BA,Boeing Company (The),Industrials,Aerospace & Defense,Core,184.4,233.49,221.82,14.5,12.5,10.0,0.0,ok,-5.0,de_fallback,,790.9,False,32.0,55.5,3.1,8.0,4.7,173.5,62.1,6.9,-8.7,0.4,0.37,GOOG,,126,12.5,14.0,,False
521,MTD,"Mettler-Toledo International, ",Healthcare,Diagnostics & Research,Core,29.2,1445.0,1372.75,16.5,10.4,10.0,0.0,ok,-5.0,de_fallback,,16668.4,False,31.9,28.0,2.4,4.5,60.3,,71.5,9.5,-4.7,0.14,0.166,GOOG,,126,10.4,17.0,,False
522,BBAI,"BigBear.ai, Inc.",Technology,Information Technology Service,Speculative,1.4,2.86,3.66,7.5,16.3,10.0,-2.0,ok,0.0,de_fallback,,3.0,False,31.8,,-15.2,13.2,27.9,-16.6,40.9,-39.4,-49.1,0.646,0.578,BMNR,,126,16.3,15.0,,False
523,DE,Deere & Company,Industrials,Farm & Heavy Construction Mach,Core,163.4,605.06,589.0,10.0,14.5,10.0,0.0,ok,-3.0,de_fallback,,376.0,False,31.5,26.6,0.7,-11.1,26.0,18.3,57.0,10.8,5.4,-0.03,0.245,MSFT,,126,14.5,14.0,,False
524,GM,General Motors Company,Consumer Cyclical,Auto Manufacturers,Core,79.3,87.68,83.3,14.0,10.2,10.0,0.0,ok,-3.0,de_fallback,,202.3,False,31.2,6.0,27.7,1.9,10.2,3.2,72.8,13.4,-4.4,0.306,0.374,BMNR,,126,10.2,11.0,,False
525,AES,The AES Corporation,Utilities,Utilities - Diversified,Core,10.5,14.71,14.54,9.0,15.2,10.0,0.0,ok,-3.0,de_fallback,,259.6,False,31.2,6.2,-28.3,8.7,19.3,5.3,66.2,3.8,-6.6,-0.028,0.077,MSFT,,126,15.2,18.0,,False
526,IREN,IREN LIMITED,Financial Services,Capital Markets,Core,14.2,39.75,48.85,9.5,13.6,10.0,-2.0,ok,0.0,financial_na,,,False,31.1,,-16.3,-0.0,68.4,7.7,51.5,-17.1,-34.1,0.581,0.532,BMNR,,126,13.6,16.0,,False
527,TSLA,"Tesla, Inc.",Consumer Cyclical,Auto Manufacturers,Core,1272.1,322.08,388.86,11.0,12.0,10.0,-2.0,ok,0.0,de_fallback,,18.4,True,31.0,145.1,0.4,25.5,18.9,4.7,23.6,-21.6,-32.6,0.552,0.474,BMNR,,126,15.4,11.0,,False
528,AI,"C3.ai, Inc.",Technology,Software - Infrastructure,Speculative,1.5,9.73,9.59,6.5,16.4,10.0,-2.0,ok,0.0,de_fallback,,9.0,False,30.9,,-1.8,-52.5,30.9,-63.0,60.8,-14.7,-19.8,0.58,0.502,BMNR,,126,16.4,15.0,,False
529,OKLO,Oklo Inc.,Utilities,Utilities - Independent Power ,Speculative,7.2,41.22,53.09,6.0,16.3,10.0,-2.0,ok,0.0,de_fallback,,0.1,False,30.3,,-1.4,,0.0,-8.9,41.1,-45.1,-53.0,0.597,0.62,BMNR,,126,16.3,18.0,,False
530,COR,"Cencora, Inc.",Healthcare,Medical Distribution,Core,60.0,308.37,292.95,11.0,14.2,10.0,0.0,ok,-5.0,de_fallback,,421.0,False,30.2,15.6,-0.5,3.8,3.8,107.1,55.6,-4.7,-23.8,-0.119,0.14,NVDA,,126,14.2,15.0,,False
531,WY,Weyerhaeuser Company,Real Estate,REIT - Specialty,Core,18.2,25.23,24.13,8.0,12.3,10.0,0.0,ok,-0.5,de_fallback,,57.6,False,29.8,37.6,0.1,-0.9,14.5,5.0,62.3,5.9,-9.6,-0.106,0.198,MSFT,,126,12.3,15.0,,False
532,F,Ford Motor Company,Consumer Cyclical,Auto Manufacturers,Core,57.5,14.43,14.55,4.5,14.3,10.0,0.0,ok,-5.0,de_fallback,,456.7,False,23.8,7.6,-13.8,-3.8,7.1,-18.3,57.6,9.6,-2.0,0.237,0.231,NVDA,,126,14.3,11.0,,False
533,CIFR,Cipher Digital Inc.,Technology,Information Technology Service,Speculative,9.9,24.16,23.28,4.5,15.0,10.0,-2.0,ok,-5.0,de_fallback,,641.6,False,22.5,46.7,-29.8,-28.8,12.4,-121.7,58.3,29.5,43.9,0.55,0.538,AVGO,,126,15.0,15.0,,False
