rank,ticker,name,sector,industry,category,mcap_B,current_price,entry_level,fundamental,technical,visibility,corr_penalty,corr_status,leverage_penalty,lev_status,nd_ebitda,dte_pct,broken_base,composite,fwd_pe,fcf_yield_pct,rev_growth_pct,gross_margin_pct,roe_pct,rsi,ma200_dist_pct,rel_str_6m_pct,portfolio_corr,max_corr,max_corr_with,corr_null_reason,n_corr_obs,technical_precap,visibility_legacy,data_flags,in_portfolio
1,GEV,GE Vernova Inc.,Industrials,Specialty Industrial Machinery,Compounder,266.4,1000.3,1022.14,19.0,17.9,23.0,0.0,ok,0.0,ok,-2.29,,False,59.9,40.2,5.9,21.9,20.6,82.6,43.3,18.5,22.3,0.415,0.483,AVGO,,126,17.9,23.0,,False
2,VRT,"Vertiv Holdings, LLC",Industrials,Electrical Equipment & Parts,Compounder,105.9,275.17,301.66,20.5,19.0,20.0,0.0,ok,0.0,ok,0.08,,False,59.5,30.3,2.5,24.1,38.0,43.9,45.5,10.9,41.4,0.343,0.482,NVDA,,126,19.0,20.0,,False
3,TSM,Taiwan Semiconductor Manufactu,Technology,Semiconductors,Growth,2169.0,418.2,425.71,24.0,14.2,21.0,-2.0,ok,0.0,ok,-0.8,,False,57.2,19.4,,36.0,64.2,40.0,57.9,16.7,13.7,0.584,0.663,NVDA,,126,14.2,21.0,fcf_yield_out_of_range(34.1),False
4,AVGO,Broadcom Inc.,Technology,Semiconductors,Growth,2000.9,420.57,399.54,20.0,15.1,22.0,0.0,ok,-0.5,ok,1.08,,False,56.6,21.6,1.4,47.9,76.3,37.3,73.6,14.7,22.3,0.421,0.522,NVDA,,126,15.1,22.0,,True
5,NVDA,NVIDIA Corporation,Technology,Semiconductors,Growth,5304.2,218.99,208.04,20.0,15.8,20.0,-2.0,ok,0.0,ok,-0.24,,False,53.8,17.0,0.9,85.2,74.1,114.3,63.1,13.0,14.0,0.562,0.522,AVGO,,126,15.8,20.0,,True
6,META,"Meta Platforms, Inc.",Communication Services,Internet Content & Information,Core,1502.8,589.9,600.62,18.0,18.3,17.0,0.0,ok,0.0,ok,0.2,,False,53.3,16.8,1.4,28.0,81.7,29.8,32.7,-6.6,-25.3,0.387,0.391,GOOG,,126,18.3,15.0,,False
7,GOOG,Alphabet Inc.,Communication Services,Internet Content & Information,Compounder,4361.4,356.62,355.34,19.0,14.2,20.0,0.0,ok,0.0,ok,-0.7,,False,53.2,24.2,0.5,24.2,60.9,48.7,54.4,8.8,-5.7,0.307,0.275,BMNR,,126,14.2,20.0,,True
8,TLN,Talen Energy Corporation,Utilities,Utilities - Independent Power ,Growth,16.2,338.31,373.83,19.0,19.4,19.0,0.0,ok,-5.0,ok,8.86,,False,52.4,11.9,8.6,96.7,40.1,-1.9,38.3,-7.3,-9.2,0.37,0.389,AVGO,,126,19.4,19.0,,False
9,ANET,"Arista Networks, Inc.",Technology,Computer Hardware,Growth,242.2,192.32,182.7,19.0,12.8,20.0,0.0,ok,0.0,ok,-2.92,,False,51.8,37.7,1.8,35.1,63.5,31.5,66.7,31.0,36.1,0.484,0.59,AVGO,,126,12.8,20.0,,False
10,POWL,"Powell Industries, Inc.",Industrials,Electrical Equipment & Parts,Speculative,7.6,207.36,258.65,15.5,17.6,18.0,0.0,ok,0.0,ok,-2.68,,False,51.1,30.5,,8.9,30.1,28.3,40.2,7.6,2.1,0.385,0.469,AVGO,,126,17.6,18.0,,False
11,CEG,Constellation Energy Corporati,Utilities,Utilities - Independent Power ,Growth,93.2,261.1,261.29,14.0,17.6,21.0,0.0,ok,-1.5,ok,2.71,,False,51.1,19.6,-4.8,63.8,23.3,16.1,56.1,-14.4,-7.4,0.235,0.277,AVGO,,126,17.6,21.0,,False
12,QCOM,QUALCOMM Incorporated,Technology,Semiconductors,Core,168.4,160.39,193.09,20.0,20.8,10.0,0.0,ok,0.0,ok,0.58,,False,50.8,15.6,6.1,-4.0,54.2,33.8,41.1,-4.7,5.0,0.304,0.386,AVGO,,126,20.8,14.0,,False
13,HOOD,"Robinhood Markets, Inc.",Financial Services,Capital Markets,Growth,81.6,90.71,98.0,20.0,22.2,10.0,-2.0,ok,0.0,financial_na,,,False,50.2,28.5,,32.3,91.9,23.6,38.1,-7.9,11.4,0.591,0.634,BMNR,,126,22.2,16.0,,False
14,NXPI,NXP Semiconductors N.V.,Technology,Semiconductors,Core,58.4,231.78,284.27,22.0,18.6,10.0,0.0,ok,-0.5,ok,1.53,,False,50.1,12.8,6.1,19.5,56.1,27.9,31.9,-3.8,-8.5,0.223,0.386,AVGO,,126,18.6,14.0,,False
15,CF,"CF Industries Holdings, Inc.",Basic Materials,Agricultural Inputs,Cyclical,17.9,116.73,114.54,21.0,19.0,10.0,0.0,ok,0.0,ok,0.46,,False,50.0,10.4,6.0,19.4,39.1,27.3,42.9,13.1,15.6,-0.299,0.347,GOOG,,126,19.0,11.0,,False
16,LMT,Lockheed Martin Corporation,Industrials,Aerospace & Defense,Compounder,134.5,582.85,553.71,18.0,9.8,22.0,0.0,ok,-0.5,ok,1.73,,False,49.3,17.8,4.1,10.5,11.8,89.2,78.1,7.0,-17.2,-0.069,0.139,AVGO,,126,9.8,22.0,,False
17,NOC,Northrop Grumman Corporation,Industrials,Aerospace & Defense,Compounder,80.7,567.74,539.35,16.0,13.7,21.0,0.0,ok,-1.5,ok,2.03,,False,49.2,18.7,3.1,5.1,20.1,27.0,73.5,-6.0,-31.6,-0.042,0.214,AVGO,,126,13.7,21.0,,False
18,FDS,FactSet Research Systems Inc.,Financial Services,Financial Data & Stock Exchang,Speculative,9.8,274.58,260.85,21.0,18.1,10.0,0.0,ok,0.0,financial_na,,,False,49.1,13.9,6.4,6.4,51.4,27.0,58.8,11.3,18.5,0.036,0.354,MSFT,,126,18.1,15.0,,False
19,GDDY,GoDaddy Inc.,Technology,Software - Infrastructure,Core,11.4,90.35,86.9,22.0,17.5,10.0,0.0,ok,-0.5,ok,1.91,,False,49.0,8.2,10.5,6.6,63.8,442.9,46.6,-9.5,-19.4,-0.043,0.162,AVGO,,126,17.5,17.0,,False
20,UBER,"Uber Technologies, Inc.",Technology,Software - Application,Core,143.4,70.47,71.66,21.0,17.8,10.0,0.0,ok,0.0,ok,0.9,,False,48.8,15.9,4.6,14.5,39.6,35.3,45.1,-9.8,-19.7,0.277,0.306,MSFT,,126,17.8,15.0,,False
21,BX,Blackstone Inc.,Financial Services,Asset Management,Core,166.1,133.45,126.78,22.5,16.1,10.0,0.0,ok,0.0,financial_na,,,False,48.6,17.8,,28.6,100.0,31.4,59.2,2.7,-6.0,0.358,0.368,BMNR,,126,16.1,16.0,,False
22,APP,Applovin Corporation,Communication Services,Advertising Agencies,Growth,112.8,335.67,482.93,22.5,16.0,10.0,0.0,ok,0.0,ok,0.22,,False,48.5,15.8,2.8,59.0,88.4,266.4,28.4,-35.0,-24.0,0.428,0.369,BMNR,,126,16.0,15.0,,False
23,TROW,"T. Rowe Price Group, Inc.",Financial Services,Asset Management,Core,24.2,113.62,112.26,20.5,17.9,10.0,0.0,ok,0.0,financial_na,,,False,48.4,11.1,8.4,10.7,51.6,19.4,43.4,11.7,11.9,0.321,0.388,BMNR,,126,17.9,15.0,,False
24,ESTC,Elastic N.V.,Technology,Software - Application,Speculative,7.3,69.95,66.45,22.0,16.2,10.0,0.0,ok,0.0,neg_ebitda_low_debt,,,False,48.2,18.1,6.3,16.0,76.2,33.4,68.8,9.0,9.0,0.38,0.535,MSFT,,126,16.2,17.0,,False
25,ON,ON Semiconductor Corporation,Technology,Semiconductors,Core,18.6,78.33,102.21,17.0,21.2,10.0,0.0,ok,0.0,ok,0.25,,False,48.2,17.3,10.5,9.2,42.8,8.3,38.1,3.7,10.7,0.332,0.466,AVGO,,126,21.2,14.0,,False
26,MSFT,Microsoft Corporation,Technology,Software - Infrastructure,Core,3711.7,499.86,474.87,18.0,12.1,18.0,0.0,ok,0.0,ok,0.27,,False,48.1,21.3,0.4,17.7,67.9,34.0,82.4,15.5,13.9,0.346,0.378,BMNR,,126,12.1,18.0,,True
27,ADBE,Adobe Inc.,Technology,Software - Application,Core,103.4,260.24,247.23,23.0,15.1,10.0,0.0,ok,0.0,ok,0.15,,False,48.1,9.5,8.9,12.7,89.4,63.0,61.0,-5.3,-16.8,0.164,0.4,MSFT,,126,15.1,17.0,,False
28,SPGI,S&P Global Inc.,Financial Services,Financial Data & Stock Exchang,Core,119.5,405.24,423.07,19.5,18.5,10.0,0.0,ok,0.0,financial_na,,,False,48.0,20.0,4.6,10.4,70.9,14.3,25.7,-10.9,-23.5,0.136,0.33,MSFT,,126,18.5,16.0,,False
29,GD,General Dynamics Corporation,Industrials,Aerospace & Defense,Compounder,104.7,386.92,367.57,14.5,12.4,21.0,0.0,ok,0.0,ok,0.78,,False,47.9,20.9,4.2,8.1,15.4,17.8,67.0,10.8,-3.0,0.041,0.106,NVDA,,126,12.4,21.0,,False
30,CDNS,"Cadence Design Systems, Inc.",Technology,Software - Application,Core,93.2,338.42,369.08,18.0,19.9,10.0,0.0,ok,0.0,ok,0.52,,False,47.9,35.5,1.7,24.2,85.9,23.2,54.9,3.2,11.9,0.479,0.383,BMNR,,126,19.9,17.0,,False
31,DECK,Deckers Outdoor Corporation,Consumer Cyclical,Footwear & Accessories,Core,13.3,97.87,105.53,21.0,16.9,10.0,0.0,ok,0.0,ok,-0.85,,False,47.9,11.7,6.5,5.7,57.8,42.6,35.8,-4.2,-25.4,0.26,0.302,GOOG,,126,16.9,12.0,,False
32,BRO,"Brown & Brown, Inc.",Financial Services,Insurance Brokers,Growth,23.8,71.18,67.62,21.5,16.2,10.0,0.0,ok,0.0,financial_na,,,False,47.7,14.8,6.9,32.4,56.3,10.0,54.5,1.3,-15.2,-0.174,0.369,AVGO,,126,16.2,15.0,,False
33,AXP,American Express Company,Financial Services,Credit Services,Core,231.4,342.6,336.37,21.5,16.2,10.0,0.0,ok,0.0,financial_na,,,False,47.7,17.0,,12.8,62.3,34.4,41.0,1.1,-16.5,0.393,0.359,BMNR,,126,16.2,18.0,,False
34,GILD,"Gilead Sciences, Inc.",Healthcare,Drug Manufacturers - General,Core,162.5,130.86,129.73,21.0,16.6,10.0,0.0,ok,0.0,ok,0.84,,False,47.6,13.3,4.9,4.4,79.4,43.4,43.1,-0.5,-25.3,0.057,0.112,GOOG,,126,16.6,17.0,,False
35,MCO,Moody's Corporation,Financial Services,Financial Data & Stock Exchang,Core,81.9,473.13,470.62,20.5,17.1,10.0,0.0,ok,0.0,financial_na,,,False,47.6,25.0,3.1,15.1,75.0,76.9,25.8,0.6,-9.6,0.172,0.318,MSFT,,126,17.1,16.0,,False
36,PLTR,Palantir Technologies Inc.,Technology,Software - Infrastructure,Growth,374.7,155.92,148.12,20.0,17.5,10.0,0.0,ok,0.0,ok,-3.45,,False,47.5,67.8,0.5,92.8,84.8,38.1,64.8,2.4,6.5,0.497,0.446,MSFT,,126,17.5,17.0,,False
37,FANG,"Diamondback Energy, Inc.",Energy,Oil & Gas E&P,Growth,53.1,189.63,191.09,21.0,16.9,10.0,0.0,ok,-0.5,ok,1.03,,False,47.4,10.6,9.5,59.1,71.8,3.5,44.9,9.3,3.0,-0.182,0.281,GOOG,,126,16.9,14.0,,False
38,EXPE,"Expedia Group, Inc.",Consumer Cyclical,Travel Services,Core,36.8,306.57,291.24,23.0,14.4,10.0,0.0,ok,0.0,ok,-0.42,,False,47.4,13.4,9.5,14.7,90.3,71.5,67.3,23.0,19.4,0.191,0.23,MSFT,,126,14.4,15.0,,False
39,EBAY,eBay Inc.,Consumer Cyclical,Internet Retail,Core,48.9,110.14,111.04,20.5,17.3,10.0,0.0,ok,-0.5,ok,1.12,,False,47.3,16.4,2.5,19.5,71.8,42.9,46.9,13.8,14.3,0.161,0.238,GOOG,,126,17.3,13.0,,False
40,ADSK,"Autodesk, Inc.",Technology,Software - Application,Core,51.2,242.47,230.35,22.0,15.3,10.0,0.0,ok,0.0,ok,-0.09,,False,47.3,17.0,6.0,18.4,92.4,50.4,65.9,-4.0,-11.6,0.135,0.337,MSFT,,126,15.3,17.0,,False
41,NOW,"ServiceNow, Inc.",Technology,Software - Application,Core,121.3,117.35,111.48,19.5,18.1,10.0,0.0,ok,-0.5,ok,1.31,,False,47.1,23.4,4.2,24.0,74.8,14.2,63.3,-5.1,0.9,0.273,0.524,MSFT,,126,18.1,17.0,,False
42,PODD,Insulet Corporation,Healthcare,Medical Devices,Growth,9.6,139.3,155.06,20.5,16.4,10.0,0.0,ok,0.0,ok,0.89,,False,46.9,18.0,2.6,33.9,71.0,23.0,33.8,-39.1,-56.1,0.059,0.196,GOOG,,126,16.4,17.0,,False
43,INCY,Incyte Corporation,Healthcare,Biotechnology,Growth,24.0,118.38,112.46,23.0,13.9,10.0,0.0,ok,0.0,ok,-2.32,,False,46.9,13.3,4.9,37.7,55.7,30.7,51.6,16.2,1.8,-0.007,0.139,BMNR,,126,13.9,16.0,,False
44,TTD,"The Trade Desk, Inc.",Communication Services,Advertising Agencies,Speculative,8.3,17.67,19.09,20.5,16.4,10.0,0.0,ok,0.0,ok,-1.38,,False,46.9,8.2,6.9,11.8,77.8,16.7,44.4,-38.3,-46.1,0.244,0.333,MSFT,,126,16.4,15.0,,False
45,AAPL,Apple Inc.,Technology,Consumer Electronics,Core,4559.4,312.41,309.74,20.5,16.1,10.0,0.0,ok,0.0,ok,0.13,,False,46.6,32.8,2.4,16.4,48.7,148.8,36.4,12.0,0.0,0.205,0.226,BMNR,,126,16.1,14.0,,False
46,IT,"Gartner, Inc.",Technology,Information Technology Service,Core,11.7,184.82,175.58,21.0,16.1,10.0,0.0,ok,-0.5,ok,1.33,,False,46.6,11.2,9.0,-0.6,69.6,113.6,73.5,1.1,8.2,0.012,0.249,MSFT,,126,16.1,17.0,,False
47,NFLX,"Netflix, Inc.",Communication Services,Entertainment,Core,306.8,73.69,75.93,23.0,13.5,10.0,0.0,ok,0.0,ok,0.51,,False,46.5,19.3,8.3,13.4,49.1,49.5,68.8,-18.5,-22.3,0.103,0.184,MSFT,,126,13.5,14.0,,False
48,PEP,"Pepsico, Inc.",Consumer Defensive,Beverages - Non-Alcoholic,Core,189.1,138.44,140.74,20.0,18.0,10.0,0.0,ok,-1.5,ok,2.25,,False,46.5,15.4,4.1,6.4,54.2,51.5,53.8,-6.9,-30.0,-0.147,0.266,AVGO,,126,18.0,17.0,,False
49,KLAC,KLA Corporation,Technology,Semiconductor Equipment & Mate,Core,252.4,193.22,667.28,20.0,16.4,10.0,0.0,ok,0.0,ok,0.16,,False,46.4,29.5,,15.2,61.3,87.5,40.1,-84.6,-98.9,0.193,0.277,AVGO,,126,16.4,15.0,,False
50,LRCX,Lam Research Corporation,Technology,Semiconductor Equipment & Mate,Core,382.6,305.77,337.99,19.0,17.4,10.0,0.0,ok,0.0,ok,-0.21,,False,46.4,26.5,0.9,30.0,50.5,65.1,47.9,25.2,30.1,0.476,0.571,AVGO,,126,17.4,14.0,,False
51,BR,Broadridge Financial Solutions,Technology,Information Technology Service,Core,18.8,164.75,156.51,21.0,15.9,10.0,0.0,ok,-0.5,ok,1.72,,False,46.4,14.2,6.4,7.5,31.8,40.9,65.7,-9.2,-27.8,0.006,0.3,MSFT,,126,15.9,15.0,,False
52,TPL,Texas Pacific Land Corporation,Energy,Oil & Gas E&P,Cyclical,24.5,355.64,394.4,18.0,18.4,10.0,0.0,ok,0.0,ok,-0.33,,False,46.4,4.9,-0.2,20.8,93.2,36.5,29.7,-8.0,-10.3,-0.002,0.08,MSFT,,126,18.4,14.0,,False
53,WDAY,"Workday, Inc.",Technology,Software - Application,Core,42.0,170.24,161.73,20.5,15.9,10.0,0.0,ok,0.0,ok,-0.36,,False,46.4,13.5,7.4,13.5,75.8,10.9,64.8,3.6,-6.2,0.153,0.452,MSFT,,126,15.9,17.0,,False
54,SNDK,Sandisk Corporation,Technology,Computer Hardware,Growth,186.4,1258.58,1695.65,20.0,16.3,10.0,0.0,ok,0.0,ok,-0.63,,False,46.3,4.6,1.2,251.0,56.0,39.3,46.9,45.2,105.0,0.367,0.44,AVGO,,126,16.3,14.0,,False
55,CINF,Cincinnati Financial Corporati,Financial Services,Insurance - Property & Casualt,Growth,27.5,179.04,175.1,22.0,14.2,10.0,0.0,ok,0.0,financial_na,,,False,46.2,19.7,10.9,31.6,31.1,21.5,46.3,8.3,-8.4,-0.166,0.295,AVGO,,126,14.2,14.0,,False
56,PYPL,"PayPal Holdings, Inc.",Financial Services,Credit Services,Core,51.1,59.78,56.79,20.0,16.2,10.0,0.0,ok,0.0,financial_na,,,False,46.2,10.3,8.6,4.8,40.5,24.5,66.9,15.3,36.9,0.246,0.322,MSFT,,126,16.2,17.0,,False
57,WDC,Western Digital Corporation,Technology,Computer Hardware,Growth,155.6,451.52,563.12,20.0,16.2,10.0,0.0,ok,0.0,ok,-0.39,,False,46.2,14.4,1.3,45.5,45.4,85.9,46.8,33.0,60.2,0.435,0.522,AVGO,,126,16.2,14.0,,False
58,CBOE,"Cboe Global Markets, Inc.",Financial Services,Financial Data & Stock Exchang,Core,30.2,289.17,279.0,20.5,15.6,10.0,0.0,ok,0.0,financial_na,,,False,46.1,19.0,2.2,22.9,54.1,26.3,58.1,3.4,-8.1,-0.104,0.194,AVGO,,126,15.6,15.0,,False
59,MPC,Marathon Petroleum Corporation,Energy,Oil & Gas Refining & Marketing,Growth,84.0,299.25,284.29,21.0,15.6,10.0,0.0,ok,-0.5,ok,1.72,,False,46.1,10.8,11.0,53.7,12.8,42.1,40.3,33.8,40.2,-0.067,0.211,GOOG,,126,15.6,12.0,,False
60,EOG,"EOG Resources, Inc.",Energy,Oil & Gas E&P,Cyclical,71.4,136.2,137.36,19.5,16.6,10.0,0.0,ok,0.0,ok,0.35,,False,46.1,9.3,4.0,15.6,62.0,18.2,45.3,10.1,8.6,-0.289,0.303,GOOG,,126,16.6,14.0,,False
61,PATH,"UiPath, Inc.",Technology,Software - Infrastructure,Speculative,7.3,14.0,13.3,20.5,15.5,10.0,0.0,ok,0.0,ok,-9.9,,False,46.0,15.4,7.1,17.3,83.0,18.2,63.7,9.9,2.5,0.294,0.453,MSFT,,126,15.5,17.0,,False
62,MPWR,"Monolithic Power Systems, Inc.",Technology,Semiconductors,Growth,66.8,1359.08,1426.09,19.5,16.5,10.0,0.0,ok,0.0,ok,-1.42,,False,46.0,39.1,,47.6,55.2,22.0,54.4,11.8,4.4,0.456,0.563,AVGO,,126,16.5,14.0,,False
63,VST,Vistra Corp.,Utilities,Utilities - Independent Power ,Growth,47.7,141.38,155.49,18.0,19.4,10.0,0.0,ok,-1.5,ok,2.93,,False,45.9,13.7,-0.3,43.4,38.6,42.9,39.9,-12.9,-14.5,0.27,0.284,AVGO,,126,19.4,18.0,,False
64,GS,"Goldman Sachs Group, Inc. (The",Financial Services,Capital Markets,Growth,300.7,1032.58,1053.35,21.0,16.8,10.0,-2.0,ok,0.0,financial_na,,,False,45.8,13.9,,42.5,82.1,17.0,44.4,12.3,3.2,0.537,0.554,NVDA,,126,16.8,16.0,,False
65,GEN,Gen Digital Inc.,Technology,Software - Infrastructure,Core,16.8,28.1,26.7,24.0,14.2,10.0,0.0,ok,-2.5,ok,3.29,,False,45.7,8.5,8.5,27.0,78.5,39.9,61.3,16.4,13.2,0.365,0.413,MSFT,,126,14.2,17.0,,False
66,ZTS,Zoetis Inc.,Healthcare,Drug Manufacturers - Specialty,Core,32.4,77.27,76.85,21.0,15.2,10.0,0.0,ok,-0.5,ok,1.8,,False,45.7,10.5,5.5,2.9,71.8,67.7,52.4,-28.8,-52.2,0.066,0.155,GOOG,,126,15.2,17.0,,False
67,ORCL,Oracle Corporation,Technology,Software - Infrastructure,Core,413.3,143.47,161.17,17.5,14.6,19.0,-2.0,ok,-3.5,ok,4.44,,False,45.6,13.2,-5.9,20.6,65.8,53.4,64.2,-20.0,-7.9,0.63,0.577,MSFT,,126,14.6,19.0,,False
68,WRB,W.R. Berkley Corporation,Financial Services,Insurance - Property & Casualt,Core,26.8,72.13,70.11,20.0,15.5,10.0,0.0,ok,0.0,financial_na,,,False,45.5,14.9,11.4,1.2,43.8,20.2,52.3,3.7,-12.1,-0.342,0.327,AVGO,,126,15.5,15.0,,False
69,MU,"Micron Technology, Inc.",Technology,Semiconductors,Growth,995.5,881.47,971.96,20.0,15.5,10.0,0.0,ok,0.0,ok,-0.29,,False,45.5,5.7,0.8,345.7,72.6,66.6,52.4,65.8,116.9,0.382,0.499,AVGO,,126,15.5,15.0,,False
70,VLO,Valero Energy Corporation,Energy,Oil & Gas Refining & Marketing,Growth,87.2,302.99,287.84,20.0,15.3,10.0,0.0,ok,0.0,ok,0.26,,False,45.3,10.9,9.6,51.7,16.1,27.6,43.8,37.1,42.7,-0.108,0.301,GOOG,,126,15.3,12.0,,False
71,BBY,"Best Buy Co., Inc.",Consumer Cyclical,Specialty Retail,Core,16.9,80.02,79.55,18.0,17.3,10.0,0.0,ok,0.0,ok,0.85,,False,45.3,11.3,6.8,1.9,22.5,39.1,38.3,14.0,5.7,0.07,0.095,BMNR,,126,17.3,11.0,,False
72,STZ,"Constellation Brands, Inc.",Consumer Defensive,Beverages - Brewers,Core,22.6,132.52,136.65,20.0,17.8,10.0,0.0,ok,-2.5,ok,3.02,,False,45.3,10.7,9.8,-3.3,52.7,23.7,49.1,-8.1,-32.8,-0.107,0.196,BMNR,,126,17.8,17.0,,False
73,PG,Procter & Gamble Company (The),Consumer Defensive,Household & Personal Products,Core,341.6,146.97,147.6,18.5,17.2,10.0,0.0,ok,-0.5,ok,1.01,,False,45.2,19.8,3.9,1.5,50.9,30.3,41.3,0.0,-20.0,-0.079,0.209,GOOG,,126,17.2,17.0,,False
74,ETN,"Eaton Corporation, PLC",Industrials,Specialty Industrial Machinery,Core,174.1,448.19,425.78,15.5,13.1,19.0,0.0,ok,-2.5,ok,3.11,,False,45.1,28.0,1.8,21.4,36.0,19.7,65.6,19.7,13.7,0.425,0.492,AVGO,,126,13.1,19.0,,False
75,RTX,RTX Corporation,Industrials,Aerospace & Defense,Compounder,300.9,223.25,212.09,15.5,9.1,21.0,0.0,ok,-0.5,ok,1.92,,False,45.1,28.4,3.3,14.5,20.3,12.3,87.5,18.3,0.9,-0.025,0.133,AVGO,,126,9.1,21.0,,False
76,MAS,Masco Corporation,Industrials,Building Products & Equipment,Core,14.9,75.47,75.57,20.0,15.5,10.0,0.0,ok,-0.5,ok,1.95,,False,45.0,16.2,6.0,-2.9,37.2,5862.5,43.8,10.1,-6.8,0.229,0.215,BMNR,,126,15.5,14.0,,False
77,MO,"Altria Group, Inc.",Consumer Defensive,Tobacco,Core,113.1,67.75,71.39,19.0,16.5,10.0,0.0,ok,-0.5,ok,1.41,,False,45.0,11.5,8.0,1.2,87.2,,28.1,4.5,-8.1,-0.462,0.453,MSFT,,126,16.5,18.0,,False
78,AMZN,"Amazon.com, Inc.",Consumer Cyclical,Internet Retail,Core,2936.7,272.26,258.65,17.0,13.0,17.0,-2.0,ok,0.0,ok,0.76,,False,45.0,26.4,0.1,19.6,50.8,30.6,63.1,15.2,8.9,0.521,0.632,GOOG,,126,13.0,17.0,,False
79,VRSK,"Verisk Analytics, Inc.",Industrials,Consulting Services,Core,24.7,189.75,187.04,18.0,18.5,10.0,0.0,ok,-1.5,ok,2.68,,False,45.0,21.8,4.3,4.4,70.2,,40.4,-4.1,-10.4,-0.175,0.343,AVGO,,126,18.5,18.0,,False
80,ABNB,"Airbnb, Inc.",Consumer Cyclical,Travel Services,Core,90.0,151.64,144.06,20.5,14.4,10.0,0.0,ok,0.0,ok,-3.62,,False,44.9,25.4,3.5,17.9,82.9,32.3,59.3,13.9,11.6,0.415,0.354,BMNR,,126,14.4,15.0,,False
81,EQT,EQT Corporation,Energy,Oil & Gas E&P,Cyclical,32.3,51.6,52.12,18.5,16.3,10.0,0.0,ok,0.0,ok,0.79,,False,44.8,13.0,7.6,-3.9,80.7,11.1,58.2,-8.1,-19.6,-0.03,0.066,GOOG,,126,16.3,14.0,,False
82,TMUS,"T-Mobile US, Inc.",Communication Services,Telecom Services,Core,193.0,179.97,182.42,18.5,18.8,10.0,0.0,ok,-2.5,ok,3.42,,False,44.8,12.5,5.9,7.9,63.1,18.0,41.2,-8.9,-23.8,-0.18,0.216,NVDA,,126,18.8,17.0,,False
83,CRM,"Salesforce, Inc.",Technology,Software - Application,Core,153.0,186.77,177.43,20.5,15.7,10.0,0.0,ok,-1.5,ok,2.38,,False,44.7,12.0,10.8,13.3,77.6,16.9,60.3,-8.3,-14.8,0.22,0.489,MSFT,,126,15.7,17.0,,False
84,LVS,Las Vegas Sands Corp.,Consumer Cyclical,Resorts & Casinos,Core,29.9,46.11,47.95,21.0,15.2,10.0,0.0,ok,-1.5,ok,2.57,,False,44.7,13.0,7.4,-0.7,79.3,122.9,53.8,-16.8,-31.5,0.309,0.346,MSFT,,126,15.2,13.0,,False
85,MKC,"McCormick & Company, Incorpora",Consumer Defensive,Packaged Foods,Core,14.1,52.28,49.97,20.0,17.2,10.0,0.0,ok,-2.5,ok,3.17,,False,44.7,15.8,5.1,16.7,38.9,24.7,53.6,-9.6,-34.7,-0.129,0.215,NVDA,,126,17.2,16.0,,False
86,TXN,Texas Instruments Incorporated,Technology,Semiconductors,Core,254.2,278.4,295.58,19.0,15.7,10.0,0.0,ok,0.0,ok,0.74,,False,44.7,26.8,1.4,22.8,58.3,35.2,46.1,22.4,11.5,0.209,0.38,AVGO,,126,15.7,14.0,,False
87,GWW,"W.W. Grainger, Inc.",Industrials,Industrial Distribution,Core,60.4,1282.58,1337.03,19.5,15.0,10.0,0.0,ok,0.0,ok,0.69,,False,44.5,25.2,2.1,10.3,39.4,46.1,28.0,12.7,-4.6,0.074,0.183,GOOG,,126,15.0,14.0,,False
88,ALGN,"Align Technology, Inc.",Healthcare,Medical Instruments & Supplies,Core,12.1,169.08,174.48,18.5,16.0,10.0,0.0,ok,0.0,ok,-1.1,,False,44.5,13.5,5.3,4.3,70.7,10.2,42.3,0.9,-17.1,0.291,0.262,BMNR,,126,16.0,17.0,,False
89,GNRC,Generac Holdlings Inc.,Industrials,Specialty Industrial Machinery,Core,12.5,211.18,246.05,15.5,19.5,10.0,0.0,ok,-0.5,ok,1.94,,False,44.5,17.9,2.4,10.6,39.5,9.5,47.0,3.0,9.1,0.223,0.416,AVGO,,126,19.5,14.0,,False
90,MSCI,MSCI Inc.,Financial Services,Financial Data & Stock Exchang,Core,41.2,567.23,594.33,17.5,17.0,10.0,0.0,ok,0.0,financial_na,,,False,44.5,25.2,2.9,12.2,83.0,,29.4,-0.6,-12.4,0.178,0.332,MSFT,,126,17.0,16.0,,False
91,APA,APA Corporation,Energy,Oil & Gas E&P,Cyclical,12.9,36.53,35.25,19.0,15.4,10.0,0.0,ok,0.0,ok,0.81,,False,44.4,8.9,13.1,-11.9,72.3,26.2,55.7,16.3,25.5,-0.284,0.325,GOOG,,126,15.4,14.0,,False
92,EFX,"Equifax, Inc.",Industrials,Consulting Services,Core,20.7,175.79,168.61,18.5,17.4,10.0,0.0,ok,-1.5,ok,2.75,,False,44.4,17.3,4.6,10.6,55.5,14.3,48.9,-7.7,-21.1,0.026,0.193,MSFT,,126,17.4,17.0,,False
93,INTU,Intuit Inc.,Technology,Software - Application,Core,88.1,321.91,305.81,21.0,13.4,10.0,0.0,ok,0.0,ok,0.02,,False,44.4,11.8,5.9,10.4,80.8,22.5,65.0,-29.9,-39.2,0.144,0.359,MSFT,,126,13.4,17.0,,False
94,HSY,The Hershey Company,Consumer Defensive,Confectioners,Core,36.8,183.02,178.71,20.0,14.9,10.0,0.0,ok,-0.5,ok,1.89,,False,44.4,18.5,4.7,6.6,38.4,32.8,68.2,-3.7,-30.7,-0.218,0.246,AVGO,,126,14.9,16.0,,False
95,PGR,Progressive Corporation (The),Financial Services,Insurance - Property & Casualt,Core,125.2,215.34,211.66,19.5,14.9,10.0,0.0,ok,0.0,financial_na,,,False,44.4,13.2,12.1,7.3,18.5,34.9,58.8,4.0,-9.6,-0.364,0.364,AVGO,,126,14.9,14.0,,False
96,GIS,"General Mills, Inc.",Consumer Defensive,Packaged Foods,Core,19.3,36.07,35.42,16.0,18.3,10.0,0.0,ok,0.0,ok,-0.12,,False,44.3,11.2,12.0,2.2,33.7,-1.0,37.8,-10.1,-37.6,-0.146,0.324,AVGO,,126,18.3,16.0,,False
97,VLTO,Veralto Corp,Industrials,Pollution & Treatment Controls,Core,23.9,98.02,93.12,19.5,15.3,10.0,0.0,ok,-0.5,ok,1.06,,False,44.3,20.6,3.4,7.5,60.2,34.3,60.1,4.7,-5.3,-0.026,0.083,AVGO,,126,15.3,16.0,,False
98,RL,Ralph Lauren Corporation,Consumer Cyclical,Apparel Manufacturing,Core,23.6,395.83,386.44,20.5,13.8,10.0,0.0,ok,0.0,ok,0.62,,False,44.3,19.3,2.8,16.6,69.9,34.7,59.8,9.6,3.8,0.306,0.323,BMNR,,126,13.8,13.0,,False
99,NVR,"NVR, Inc.",Consumer Cyclical,Residential Construction,Core,16.9,6304.81,6406.54,16.0,18.3,10.0,0.0,ok,0.0,ok,-0.03,,False,44.3,15.3,,-10.9,21.8,31.5,43.9,-8.8,-35.0,-0.012,0.179,GOOG,,126,18.3,11.0,,False
100,CRDO,Credo Technology Group Holding,Technology,Semiconductors,Growth,43.0,230.43,235.74,20.0,14.2,10.0,0.0,ok,0.0,ok,-2.96,,False,44.2,25.4,0.6,157.0,68.0,34.4,58.0,37.2,121.6,0.424,0.515,AVGO,,126,14.2,15.0,,False
101,KKR,KKR & Co. Inc.,Financial Services,Asset Management,Core,92.8,103.35,98.18,16.5,17.7,10.0,0.0,ok,0.0,financial_na,,,False,44.2,14.0,,2.2,54.2,,54.0,-3.1,-8.8,0.438,0.388,BMNR,,126,17.7,15.0,,False
102,AON,Aon plc,Financial Services,Insurance Brokers,Core,76.5,360.75,343.51,20.0,14.2,10.0,0.0,ok,0.0,financial_na,,,False,44.2,16.9,4.2,2.2,48.2,44.7,45.5,7.3,-8.1,-0.206,0.394,AVGO,,126,14.2,15.0,,False
103,TEL,TE Connectivity plc,Technology,Electronic Components,Core,62.3,215.08,206.61,18.5,15.7,10.0,0.0,ok,0.0,ok,0.92,,False,44.2,16.7,3.8,13.8,36.1,23.3,60.3,-1.9,-10.0,0.345,0.33,BMNR,,126,15.7,13.0,,False
104,CVX,Chevron Corporation,Energy,Oil & Gas Integrated,Growth,371.3,189.23,182.76,19.5,14.6,10.0,0.0,ok,0.0,ok,0.79,,False,44.1,14.6,,52.6,44.3,,52.5,7.9,-6.8,-0.281,0.337,GOOG,,126,14.6,13.0,,False
105,VEEV,Veeva Systems Inc.,Healthcare,Health Information Services,Core,35.4,217.8,206.91,18.0,16.1,10.0,0.0,ok,0.0,ok,-7.03,,False,44.1,21.7,3.6,16.3,75.0,13.9,65.8,7.6,5.1,0.231,0.478,MSFT,,126,16.1,19.0,,False
106,IBKR,"Interactive Brokers Group, Inc",Financial Services,Capital Markets,Core,146.3,86.02,90.67,20.0,18.1,10.0,-4.0,ok,0.0,financial_na,,,False,44.1,27.0,,22.3,93.0,24.0,40.5,12.7,10.5,0.656,0.633,BMNR,,126,18.1,16.0,,False
107,LULU,lululemon athletica inc.,Consumer Cyclical,Apparel Retail,Core,14.2,124.73,118.49,21.0,13.1,10.0,0.0,ok,0.0,ok,0.24,,False,44.1,11.1,8.0,4.3,55.7,32.0,66.4,-21.2,-40.1,0.371,0.379,MSFT,,126,13.1,12.0,,False
108,HBAN,Huntington Bancshares Incorpor,Financial Services,Banks - Regional,Growth,35.1,17.36,17.32,18.0,16.0,10.0,0.0,ok,0.0,financial_na,,,False,44.0,9.2,,47.6,0.0,9.0,36.1,3.9,-21.2,0.265,0.265,GOOG,,126,16.0,14.0,,False
109,TT,Trane Technologies plc,Industrials,Building Products & Equipment,Core,105.3,478.66,471.19,19.5,14.5,10.0,0.0,ok,0.0,ok,0.77,,False,44.0,27.4,3.0,10.6,35.4,36.6,54.0,8.7,-3.4,0.299,0.438,NVDA,,126,14.5,14.0,,False
110,ROK,"Rockwell Automation, Inc.",Industrials,Specialty Industrial Machinery,Core,49.2,441.8,464.3,18.5,15.9,10.0,0.0,ok,-0.5,ok,1.5,,False,43.9,29.8,2.7,7.9,49.1,30.6,41.0,7.2,-4.1,0.299,0.292,NVDA,,126,15.9,15.0,,False
111,TER,"Teradyne, Inc.",Technology,Semiconductor Equipment & Mate,Growth,60.2,384.89,382.41,20.0,13.8,10.0,0.0,ok,0.0,ok,-0.17,,False,43.8,33.3,0.7,103.9,59.2,36.5,64.1,30.8,28.6,0.451,0.539,AVGO,,126,13.8,14.0,,False
112,PTC,PTC Inc.,Technology,Software - Application,Core,16.0,147.66,140.28,21.0,12.8,10.0,0.0,ok,0.0,ok,0.98,,False,43.8,16.6,6.4,-6.8,84.5,35.1,72.7,-3.4,-17.5,0.168,0.438,MSFT,,126,12.8,17.0,,False
113,STX,Seagate Technology Holdings PL,Technology,Computer Hardware,Growth,193.3,852.95,893.31,20.0,13.8,10.0,0.0,ok,0.0,ok,0.41,,False,43.8,15.4,1.0,48.5,45.6,371.5,57.1,60.8,97.3,0.389,0.465,AVGO,,126,13.8,14.0,,False
114,UNP,Union Pacific Corporation,Industrials,Railroads,Core,175.5,295.38,280.61,20.5,14.8,10.0,0.0,ok,-1.5,ok,2.26,,False,43.8,20.9,2.7,11.5,56.3,39.7,43.8,17.5,4.7,-0.177,0.19,MSFT,,126,14.8,15.0,,False
115,FIX,"Comfort Systems USA, Inc.",Industrials,Engineering & Construction,Core,60.3,1713.6,1809.96,17.0,16.8,10.0,0.0,ok,0.0,ok,0.12,,False,43.8,28.5,3.1,1.0,25.7,55.3,52.5,21.0,36.0,0.433,0.464,AVGO,,126,16.8,14.0,,False
116,FSLR,"First Solar, Inc.",Technology,Solar,Core,26.2,244.14,244.03,18.5,15.3,10.0,0.0,ok,0.0,ok,-0.64,,False,43.8,10.6,6.1,-3.7,44.0,18.5,69.0,4.2,-9.2,0.318,0.319,AVGO,,126,15.3,14.0,,False
117,KMB,Kimberly-Clark Corporation,Consumer Defensive,Household & Personal Products,Core,36.1,108.66,106.26,18.5,15.8,10.0,0.0,ok,-0.5,ok,1.6,,False,43.8,14.5,2.6,0.6,37.6,104.9,50.7,5.9,-7.9,-0.114,0.182,AVGO,,126,15.8,16.0,,False
118,AMAT,"Applied Materials, Inc.",Technology,Semiconductor Equipment & Mate,Core,418.8,527.48,551.29,18.0,15.7,10.0,0.0,ok,0.0,ok,-0.1,,False,43.7,30.9,0.7,11.4,49.0,39.7,49.7,39.0,60.3,0.402,0.526,AVGO,,126,15.7,14.0,,False
119,TRV,"The Travelers Companies, Inc.",Financial Services,Insurance - Property & Casualt,Core,80.5,386.0,366.7,20.0,13.7,10.0,0.0,ok,0.0,financial_na,,,False,43.7,12.8,18.4,0.3,34.7,26.5,63.1,27.9,15.6,-0.27,0.289,AVGO,,126,13.7,14.0,,False
120,RMD,ResMed Inc.,Healthcare,Medical Instruments & Supplies,Core,32.4,223.24,212.08,21.0,12.6,10.0,0.0,ok,0.0,ok,-0.39,,False,43.6,18.5,4.5,10.8,62.2,25.2,73.5,-3.0,-29.4,0.073,0.307,GOOG,,126,12.6,17.0,,False
121,NEM,Newmont Corporation,Basic Materials,Gold,Cyclical,111.1,105.43,100.16,22.0,11.6,10.0,0.0,ok,0.0,ok,-0.2,,False,43.6,10.0,7.9,15.1,68.0,25.9,76.0,1.1,-16.1,0.435,0.45,BMNR,,126,11.6,13.0,,False
122,CRH,CRH PLC,Basic Materials,Building Materials,Cyclical,65.0,97.66,104.69,16.0,19.1,10.0,0.0,ok,-1.5,ok,2.17,,False,43.6,14.7,3.1,5.6,36.2,15.8,40.1,-13.6,-32.6,0.26,0.3,BMNR,,126,19.1,11.0,,False
123,ADI,"Analog Devices, Inc.",Technology,Semiconductors,Growth,183.8,377.31,395.46,17.5,16.1,10.0,0.0,ok,0.0,ok,0.86,,False,43.6,25.0,2.1,37.2,64.5,9.6,51.1,13.2,4.1,0.32,0.5,AVGO,,126,16.1,15.0,,False
124,AIG,"American International Group, ",Financial Services,Insurance - Diversified,Core,42.4,79.97,77.12,17.0,16.5,10.0,0.0,ok,0.0,financial_na,,,False,43.5,9.0,22.4,1.4,35.5,7.7,47.3,3.6,-7.5,-0.078,0.161,AVGO,,126,16.5,14.0,,False
125,ALAB,"Astera Labs, Inc.",Technology,Semiconductors,Growth,56.8,331.5,357.64,19.0,14.5,10.0,0.0,ok,0.0,ok,-4.9,,False,43.5,70.7,0.4,93.4,76.0,21.1,55.0,57.1,118.7,0.492,0.556,AVGO,,126,14.5,15.0,,False
126,CL,Colgate-Palmolive Company,Consumer Defensive,Household & Personal Products,Core,74.1,93.0,91.03,21.0,12.9,10.0,0.0,ok,-0.5,ok,1.29,,False,43.4,22.7,4.7,4.9,60.4,267.4,50.1,8.3,-14.8,-0.133,0.268,AVGO,,126,12.9,18.0,,False
127,FTNT,"Fortinet, Inc.",Technology,Software - Infrastructure,Core,117.5,160.11,152.24,19.0,14.4,10.0,0.0,ok,0.0,ok,-1.35,,False,43.4,42.6,1.9,25.6,80.2,117.4,48.1,56.7,89.4,0.308,0.322,MSFT,,126,14.4,17.0,,False
128,ARES,Ares Management Corporation,Financial Services,Asset Management,Core,45.6,138.17,131.26,16.5,16.9,10.0,0.0,ok,0.0,financial_na,,,False,43.4,19.2,,5.8,35.8,,65.0,3.9,1.5,0.447,0.415,BMNR,,126,16.9,14.0,,False
129,CMG,"Chipotle Mexican Grill, Inc.",Consumer Cyclical,Restaurants,Core,42.7,33.71,32.97,18.5,16.3,10.0,0.0,ok,-1.5,ok,2.08,,False,43.3,24.6,2.6,9.3,39.4,49.6,47.8,-3.1,-25.7,0.256,0.396,MSFT,,126,16.3,11.0,,False
130,ULTA,"Ulta Beauty, Inc.",Consumer Cyclical,Specialty Retail,Core,23.2,538.79,511.85,21.0,12.8,10.0,0.0,ok,-0.5,ok,1.1,,False,43.3,16.9,4.2,11.1,43.2,47.4,78.1,-2.9,-33.9,0.175,0.181,MSFT,,126,12.8,12.0,,False
131,VRTX,Vertex Pharmaceuticals Incorpo,Healthcare,Biotechnology,Core,122.6,484.03,471.98,19.0,14.2,10.0,0.0,ok,0.0,ok,-1.15,,False,43.2,22.4,,12.5,54.9,23.5,48.8,6.5,-7.9,0.052,0.222,BMNR,,126,14.2,16.0,,False
132,FIS,Fidelity National Information ,Technology,Information Technology Service,Core,22.1,42.81,41.23,22.0,14.7,10.0,0.0,ok,-3.5,ok,5.82,,False,43.2,6.4,12.0,29.1,35.8,22.3,53.4,-17.3,-28.4,0.071,0.336,MSFT,,126,14.7,15.0,,False
133,SNPS,"Synopsys, Inc.",Technology,Software - Infrastructure,Growth,77.7,405.98,436.9,20.0,16.7,10.0,0.0,ok,-3.5,ok,4.93,,False,43.2,23.5,4.6,41.9,82.6,3.8,60.4,-9.5,-14.5,0.466,0.378,AVGO,,126,16.7,17.0,,False
134,ROP,"Roper Technologies, Inc.",Technology,Software - Application,Core,39.3,397.08,377.23,18.5,17.2,10.0,0.0,ok,-2.5,ok,3.38,,False,43.2,16.4,5.8,8.5,69.5,13.1,63.6,4.3,0.0,-0.024,0.208,MSFT,,126,17.2,17.0,,False
135,CSX,CSX Corporation,Industrials,Railroads,Core,93.9,50.7,48.5,19.5,15.2,10.0,0.0,ok,-1.5,ok,2.64,,False,43.2,22.3,2.1,10.1,47.1,24.4,49.7,22.1,14.2,-0.014,0.187,MSFT,,126,15.2,15.0,,False
136,CIEN,Ciena Corporation,Technology,Communication Equipment,Growth,57.2,403.76,449.24,15.5,17.6,10.0,0.0,ok,0.0,ok,0.48,,False,43.1,41.9,1.2,39.5,43.0,15.5,56.6,13.4,46.2,0.358,0.516,AVGO,,126,17.6,14.0,,False
137,OXY,Occidental Petroleum Corporati,Energy,Oil & Gas E&P,Cyclical,55.7,56.04,54.49,16.0,17.6,10.0,0.0,ok,-0.5,ok,1.18,,False,43.1,14.3,5.4,-8.3,69.8,4.1,53.9,11.3,11.5,-0.222,0.322,GOOG,,126,17.6,14.0,,False
138,AVY,Avery Dennison Corporation,Consumer Cyclical,Packaging & Containers,Core,13.2,173.99,165.29,20.5,14.1,10.0,0.0,ok,-1.5,ok,2.27,,False,43.1,15.5,7.6,10.9,29.0,31.2,65.0,1.1,-22.8,0.105,0.127,MSFT,,126,14.1,11.0,,False
139,POOL,Pool Corporation,Industrials,Industrial Distribution,Speculative,7.3,201.08,197.3,17.0,17.6,10.0,0.0,ok,-1.5,ok,2.58,,False,43.1,17.0,2.9,2.2,29.6,31.3,49.9,-9.3,-34.3,0.104,0.16,GOOG,,126,17.6,14.0,,False
140,OMC,Omnicom Group Inc.,Communication Services,Advertising Agencies,Growth,22.6,82.51,78.38,18.5,16.0,10.0,0.0,ok,-1.5,ok,2.2,,False,43.0,6.9,18.8,63.4,19.0,6.1,51.5,8.1,7.2,0.062,0.12,GOOG,,126,16.0,13.0,,False
141,DXCM,"DexCom, Inc.",Healthcare,Medical Devices,Core,31.3,83.02,78.87,20.5,12.5,10.0,0.0,ok,0.0,ok,-0.39,,False,43.0,26.6,3.3,13.1,62.5,38.5,60.9,21.9,5.4,0.208,0.272,GOOG,,126,12.5,17.0,,False
142,KR,Kroger Company (The),Consumer Defensive,Grocery Stores,Core,35.1,57.32,59.53,15.5,19.0,10.0,0.0,ok,-1.5,ok,2.64,,False,43.0,10.3,8.5,2.2,24.0,13.8,43.7,-11.2,-26.5,-0.292,0.336,AVGO,,126,19.0,16.0,,False
143,AOS,A.O. Smith Corporation,Industrials,Specialty Industrial Machinery,Speculative,8.6,62.99,59.85,18.0,15.0,10.0,0.0,ok,0.0,ok,0.63,,False,43.0,15.4,5.7,-0.7,38.6,27.1,65.3,-3.7,-32.6,0.103,0.223,NVDA,,124,15.0,14.0,,False
144,SCHW,Charles Schwab Corporation (Th,Financial Services,Capital Markets,Core,187.2,107.66,102.28,21.5,11.5,10.0,0.0,ok,0.0,financial_na,,,False,43.0,13.8,,20.9,97.5,20.3,70.0,12.8,-7.1,0.206,0.243,MSFT,,126,11.5,16.0,,False
145,SPG,"Simon Property Group, Inc.",Real Estate,REIT - Retail,Core,71.9,221.83,220.01,20.5,16.0,10.0,0.0,ok,-3.5,ok,5.79,,False,43.0,32.9,3.5,19.3,81.6,113.6,38.5,12.9,0.3,-0.078,0.163,AVGO,,126,16.0,17.0,,False
146,ADP,"Automatic Data Processing, Inc",Technology,Software - Application,Core,108.8,273.51,259.83,20.0,13.0,10.0,0.0,ok,0.0,ok,0.18,,False,43.0,20.4,4.9,6.8,48.7,72.2,64.5,16.7,4.4,-0.048,0.283,MSFT,,126,13.0,16.0,,False
147,HAS,"Hasbro, Inc.",Consumer Cyclical,Leisure,Core,12.9,91.69,87.11,22.0,11.4,10.0,0.0,ok,-0.5,ok,1.92,,False,42.9,14.1,5.3,16.2,63.8,159.6,71.2,4.9,-16.7,0.11,0.154,GOOG,,126,11.4,13.0,,False
148,V,Visa Inc.,Financial Services,Credit Services,Core,691.7,370.47,351.95,20.5,12.4,10.0,0.0,ok,0.0,financial_na,,,False,42.9,24.8,2.9,14.4,97.7,61.2,65.6,12.3,-0.4,0.056,0.219,MSFT,,126,12.4,18.0,,False
149,APH,Amphenol Corporation,Technology,Electronic Components,Growth,210.4,170.61,162.08,19.0,14.4,10.0,0.0,ok,-0.5,ok,1.42,,False,42.9,26.5,1.8,55.0,39.0,38.1,68.7,19.5,20.5,0.412,0.459,AVGO,,126,14.4,13.0,,False
150,SYF,Synchrony Financial,Financial Services,Credit Services,Core,25.6,78.67,74.74,19.5,13.4,10.0,0.0,ok,0.0,financial_na,,,False,42.9,7.5,,0.6,0.0,20.8,63.9,6.0,-6.2,0.37,0.357,BMNR,,126,13.4,16.0,,False
151,XYL,Xylem Inc.,Industrials,Specialty Industrial Machinery,Core,28.2,120.76,115.86,16.0,16.9,10.0,0.0,ok,0.0,ok,0.9,,False,42.9,19.5,4.2,1.5,39.2,9.2,46.7,-5.4,-26.4,0.125,0.232,GOOG,,126,16.9,14.0,,False
152,ICE,Intercontinental Exchange Inc.,Financial Services,Financial Data & Stock Exchang,Core,84.1,149.75,142.26,18.5,14.4,10.0,0.0,ok,0.0,financial_na,,,False,42.9,17.0,4.3,4.8,100.0,14.1,66.7,-2.9,-24.1,0.159,0.268,MSFT,,126,14.4,16.0,,False
153,PSX,Phillips 66,Energy,Oil & Gas Refining & Marketing,Growth,82.4,205.52,195.24,17.5,15.8,10.0,0.0,ok,-0.5,de_fallback,,91.4,False,42.8,10.3,,56.2,13.9,,47.9,28.2,21.7,-0.126,0.243,GOOG,,126,15.8,12.0,,False
154,EXE,Expand Energy Corporation,Energy,Oil & Gas E&P,Cyclical,21.3,91.96,89.99,16.5,16.3,10.0,0.0,ok,0.0,ok,0.46,,False,42.8,10.0,6.9,-10.6,47.1,14.9,58.2,-9.5,-28.4,-0.071,0.121,AVGO,,126,16.3,13.0,,False
155,NKE,"Nike, Inc.",Consumer Cyclical,Footwear & Accessories,Core,62.3,42.0,43.32,16.5,16.3,10.0,0.0,ok,0.0,ok,0.41,,False,42.8,18.3,3.0,-1.1,43.2,22.1,41.1,-21.9,-46.0,0.191,0.189,MSFT,,126,16.3,12.0,,False
156,AFL,AFLAC Incorporated,Financial Services,Insurance - Life,Core,64.5,126.66,120.33,20.5,12.2,10.0,0.0,ok,0.0,financial_na,,,False,42.7,16.8,7.6,27.9,50.0,16.5,57.3,11.7,-5.0,-0.275,0.321,AVGO,,126,12.2,15.0,,False
157,CTVA,"Corteva, Inc.",Basic Materials,Agricultural Inputs,Cyclical,51.3,76.86,81.86,15.0,17.7,10.0,0.0,ok,0.0,ok,0.59,,False,42.7,18.6,4.7,-1.2,49.5,4.3,30.3,1.9,-7.1,-0.159,0.223,MSFT,,126,17.7,12.0,,False
158,CAT,"Caterpillar, Inc.",Industrials,Farm & Heavy Construction Mach,Core,394.7,856.96,918.23,18.0,16.1,10.0,0.0,ok,-1.5,ok,2.44,,False,42.6,28.1,1.2,24.0,29.7,57.0,45.7,15.3,13.2,0.337,0.48,AVGO,,126,16.1,14.0,,False
159,KLIC,"Kulicke and Soffa Industries, ",Technology,Semiconductor Equipment & Mate,Growth,4.7,90.66,108.1,14.0,18.6,10.0,0.0,ok,0.0,ok,-5.08,,False,42.6,20.0,-0.0,49.8,49.8,6.4,43.7,22.7,23.6,0.327,0.437,AVGO,,126,18.6,14.0,,False
160,AJG,Arthur J. Gallagher & Co.,Financial Services,Insurance Brokers,Growth,64.5,251.74,239.15,17.5,15.0,10.0,0.0,ok,0.0,financial_na,,,False,42.5,16.9,,31.0,43.2,6.7,48.3,7.7,-9.4,-0.182,0.322,AVGO,,126,15.0,15.0,,False
161,MNST,Monster Beverage Corporation,Consumer Defensive,Beverages - Non-Alcoholic,Core,92.1,94.16,94.06,18.0,14.5,10.0,0.0,ok,0.0,ok,-1.02,,False,42.5,36.3,1.8,26.9,55.5,26.7,40.1,16.1,1.8,0.055,0.122,GOOG,,126,14.5,17.0,,False
162,CVNA,Carvana Co.,Consumer Cyclical,Auto & Truck Dealerships,Growth,101.7,68.34,66.79,16.0,17.0,10.0,0.0,ok,-0.5,ok,1.02,,False,42.5,30.3,0.4,52.4,19.4,58.8,51.7,-5.5,-24.4,0.393,0.39,GOOG,,126,17.0,11.0,,False
163,FFIV,"F5, Inc.",Technology,Software - Infrastructure,Core,23.5,413.07,402.74,18.0,14.4,10.0,0.0,ok,0.0,ok,-1.5,,False,42.4,22.9,3.2,10.9,81.9,19.8,52.1,32.0,38.9,0.345,0.3,BMNR,,126,14.4,17.0,,False
164,LLY,Eli Lilly and Company,Healthcare,Drug Manufacturers - General,Growth,1062.9,1191.94,1155.49,19.0,13.4,10.0,0.0,ok,0.0,ok,0.91,,False,42.4,25.8,,47.7,83.4,,52.1,15.8,3.7,-0.008,0.167,BMNR,,126,13.4,17.0,,False
165,IONQ,"IonQ, Inc.",Technology,Computer Hardware,Growth,14.8,39.72,49.1,13.5,20.9,10.0,-2.0,ok,0.0,neg_ebitda_low_debt,,,False,42.4,,-0.6,754.7,,11.3,60.6,-13.1,17.1,0.53,0.517,BMNR,,126,20.9,13.0,,False
166,CMCSA,Comcast Corporation,Communication Services,Telecom Services,Core,89.3,25.17,23.91,18.5,15.4,10.0,0.0,ok,-1.5,ok,2.43,,False,42.4,6.9,14.2,-1.2,69.4,11.5,59.3,-5.6,-30.9,-0.036,0.132,GOOG,,126,15.4,17.0,,False
167,WM,"Waste Management, Inc.",Industrials,Waste Management,Core,91.5,229.01,226.02,17.5,16.4,10.0,0.0,ok,-1.5,ok,2.93,,False,42.4,25.1,2.6,4.0,40.6,29.8,35.0,2.8,-11.9,-0.364,0.348,NVDA,,126,16.4,15.0,,False
168,NTRS,Northern Trust Corporation,Financial Services,Asset Management,Growth,33.7,184.14,177.23,17.5,14.8,10.0,0.0,ok,0.0,financial_na,,,False,42.3,14.5,,36.4,0.0,17.1,49.0,21.3,12.1,0.355,0.357,BMNR,,126,14.8,14.0,,False
169,UNH,UnitedHealth Group Incorporate,Healthcare,Healthcare Plans,Core,366.9,403.97,412.33,15.5,17.3,10.0,0.0,ok,-0.5,ok,1.73,,False,42.3,18.0,6.2,0.4,19.5,14.2,37.5,17.4,38.2,0.117,0.192,BMNR,,126,17.3,15.0,,False
170,EME,"EMCOR Group, Inc.",Industrials,Engineering & Construction,Core,35.7,808.43,799.79,18.0,14.3,10.0,0.0,ok,0.0,ok,-0.19,,False,42.3,22.0,2.7,19.8,19.4,40.3,60.5,8.2,-0.7,0.485,0.439,AVGO,,126,14.3,14.0,,False
171,ALL,Allstate Corporation (The),Financial Services,Insurance - Property & Casualt,Core,70.8,275.11,261.35,21.0,11.3,10.0,0.0,ok,0.0,financial_na,,,False,42.3,10.4,17.6,3.0,34.4,45.2,73.9,28.2,15.1,-0.369,0.378,NVDA,,126,11.3,14.0,,False
172,BLK,"BlackRock, Inc.",Financial Services,Asset Management,Growth,175.0,1129.3,1072.84,19.5,12.8,10.0,0.0,ok,0.0,financial_na,,,False,42.3,17.6,,30.6,47.2,,62.7,7.6,-5.7,0.446,0.416,GOOG,,126,12.8,15.0,,False
173,ABBV,AbbVie Inc.,Healthcare,Drug Manufacturers - General,Core,430.9,243.87,240.54,17.5,16.2,10.0,0.0,ok,-1.5,ok,2.09,,False,42.2,14.9,3.9,10.2,72.8,,38.4,9.2,-1.1,-0.281,0.313,AVGO,,126,16.2,17.0,,False
174,ACGL,Arch Capital Group Ltd.,Financial Services,Insurance - Diversified,Core,33.9,99.29,96.79,16.5,15.7,10.0,0.0,ok,0.0,financial_na,,,False,42.2,10.2,15.7,-10.5,38.8,19.9,44.9,4.5,-16.0,-0.331,0.41,AVGO,,126,15.7,14.0,,False
175,BMY,Bristol-Myers Squibb Company,Healthcare,Drug Manufacturers - General,Core,131.0,64.15,60.94,22.0,10.7,10.0,0.0,ok,-0.5,ok,1.8,,False,42.2,9.8,6.2,5.7,71.7,46.6,66.3,15.5,-4.5,-0.023,0.19,AVGO,,126,10.7,17.0,,False
176,IDXX,"IDEXX Laboratories, Inc.",Healthcare,Diagnostics & Research,Core,46.5,590.0,560.5,17.0,15.2,10.0,0.0,ok,0.0,ok,0.55,,False,42.2,35.4,2.0,9.7,62.4,74.2,60.5,-4.7,-21.7,0.249,0.338,GOOG,,126,15.2,17.0,,False
177,AMT,American Tower Corporation (RE,Real Estate,REIT - Specialty,Core,79.8,171.2,175.4,19.5,17.6,10.0,0.0,ok,-5.0,ok,6.14,,False,42.1,24.5,3.7,4.7,73.8,33.9,51.3,-3.3,-12.6,-0.12,0.345,AVGO,,126,17.6,17.0,,False
178,FISV,"Fiserv, Inc.",,,Core,28.9,54.11,52.07,15.5,16.6,10.0,0.0,ok,,unavailable,,,False,42.1,6.1,,,,,62.8,-12.7,-20.8,0.123,0.304,MSFT,,126,16.6,12.5,,False
179,MS,Morgan Stanley,Financial Services,Capital Markets,Core,336.0,213.75,215.57,19.5,14.6,10.0,-2.0,ok,0.0,financial_na,,,False,42.1,15.7,,28.0,87.6,,48.2,15.8,8.8,0.502,0.49,BMNR,,126,14.6,16.0,,False
180,UHS,"Universal Health Services, Inc",Healthcare,Medical Care Facilities,Core,10.3,169.72,161.23,19.0,13.6,10.0,0.0,ok,-0.5,ok,1.9,,False,42.1,7.0,4.8,8.3,44.6,20.9,74.3,-11.1,-34.9,-0.066,0.109,MSFT,,126,13.6,16.0,,False
181,GLW,Corning Incorporated,Technology,Electronic Components,Core,135.4,157.18,179.62,14.5,18.1,10.0,0.0,ok,-0.5,ok,1.68,,False,42.1,36.4,0.5,16.6,36.4,16.8,51.4,15.1,26.2,0.338,0.456,AVGO,,126,18.1,13.0,,False
182,CMI,Cummins Inc.,Industrials,Specialty Industrial Machinery,Core,88.7,643.98,667.98,16.0,16.1,10.0,0.0,ok,0.0,ok,0.87,,False,42.1,18.6,2.5,9.4,25.8,21.1,48.7,10.4,6.1,0.407,0.463,NVDA,,126,16.1,14.0,,False
183,CB,Chubb Limited,Financial Services,Insurance - Property & Casualt,Core,136.6,354.03,339.59,18.5,13.6,10.0,0.0,ok,0.0,financial_na,,,False,42.1,12.2,7.7,6.1,31.1,14.8,51.6,10.8,-6.2,-0.387,0.409,AVGO,,126,13.6,14.0,,False
184,JPM,JP Morgan Chase & Co.,Financial Services,Banks - Diversified,Growth,947.1,356.3,338.48,19.0,13.0,10.0,0.0,ok,0.0,financial_na,,,False,42.0,14.2,,30.4,0.0,17.8,65.0,14.3,2.1,0.277,0.342,BMNR,,126,13.0,14.0,,False
185,GL,Globe Life Inc.,Financial Services,Insurance - Life,Core,14.4,186.02,176.72,17.5,14.5,10.0,0.0,ok,0.0,financial_na,,,False,42.0,11.3,,8.0,33.9,,52.1,24.6,13.5,0.095,0.216,GOOG,,126,14.5,14.0,,False
186,FDX,FedEx Corporation,Industrials,Integrated Freight & Logistics,Core,74.7,315.87,320.13,18.0,15.4,10.0,0.0,ok,-1.5,ok,2.48,,False,41.9,15.3,7.6,12.5,27.3,14.8,52.7,-2.8,-26.3,0.175,0.233,NVDA,,126,15.4,14.0,,False
187,DASH,"DoorDash, Inc.",Consumer Cyclical,Internet Retail,Growth,92.9,213.26,202.6,16.5,15.4,10.0,0.0,ok,0.0,ok,-1.66,,False,41.9,27.5,2.5,33.1,51.8,9.9,69.6,12.4,2.6,0.441,0.496,MSFT,,126,15.4,12.0,,False
188,EPAM,"EPAM Systems, Inc.",Technology,Information Technology Service,Speculative,4.9,93.07,91.95,17.0,14.9,10.0,0.0,ok,0.0,ok,-1.02,,False,41.9,6.6,14.3,7.6,29.1,10.9,54.0,-35.5,-61.0,0.059,0.238,MSFT,,126,14.9,15.0,,False
189,CSGP,"CoStar Group, Inc.",Real Estate,Real Estate Services,Core,12.0,29.58,30.41,16.5,15.3,10.0,0.0,ok,0.0,ok,-0.28,,False,41.8,17.1,3.4,18.4,78.7,0.9,49.0,-38.2,-55.4,0.044,0.348,MSFT,,126,15.3,19.0,,False
190,TTWO,"Take-Two Interactive Software,",Communication Services,Electronic Gaming & Multimedia,Core,43.5,232.47,234.73,13.5,18.6,10.0,0.0,ok,-0.5,ok,1.23,,False,41.6,23.2,3.3,6.1,57.7,-10.6,45.8,1.4,6.9,0.344,0.368,MSFT,,126,18.6,14.0,,False
191,TRMB,Trimble Inc.,Technology,Scientific & Technical Instrum,Core,13.6,58.55,55.62,16.5,15.6,10.0,0.0,ok,-0.5,ok,1.36,,False,41.6,14.4,2.7,11.8,71.5,8.3,66.0,-12.5,-21.9,0.349,0.358,MSFT,,126,15.6,15.0,,False
192,T,AT&T Inc.,Communication Services,Telecom Services,Core,162.5,23.71,22.71,19.5,14.6,10.0,0.0,ok,-2.5,ok,3.3,,False,41.6,9.2,6.2,2.3,59.7,18.3,65.8,-4.8,-25.7,-0.234,0.232,NVDA,,126,14.6,16.0,,False
193,WST,"West Pharmaceutical Services, ",Healthcare,Medical Instruments & Supplies,Core,24.5,348.6,341.03,14.5,17.1,10.0,0.0,ok,0.0,ok,-0.13,,False,41.6,35.0,1.1,13.8,36.8,19.1,43.0,21.7,37.2,0.14,0.172,BMNR,,126,17.1,15.0,,False
194,SNA,Snap-On Incorporated,Industrials,Tools & Accessories,Core,21.5,414.68,396.76,17.5,14.1,10.0,0.0,ok,0.0,ok,-0.24,,False,41.6,19.4,5.2,4.2,51.8,17.9,52.6,12.3,-0.9,0.114,0.243,GOOG,,126,14.1,15.0,,False
195,JKHY,"Jack Henry & Associates, Inc.",Technology,Information Technology Service,Core,11.2,156.94,149.09,17.5,14.1,10.0,0.0,ok,0.0,ok,0.16,,False,41.6,22.1,3.3,8.7,44.1,24.9,56.9,-1.3,-24.4,-0.046,0.254,NVDA,,126,14.1,16.0,,False
196,CTSH,Cognizant Technology Solutions,Technology,Information Technology Service,Core,25.6,56.89,54.05,18.5,13.1,10.0,0.0,ok,0.0,ok,0.26,,False,41.6,9.0,8.6,4.5,33.4,14.9,79.1,-10.1,-38.5,0.001,0.286,MSFT,,126,13.1,15.0,,False
197,HST,"Host Hotels & Resorts, Inc.",Real Estate,REIT - Hotel & Motel,Core,16.0,23.38,24.21,17.0,16.1,10.0,0.0,ok,-1.5,ok,2.36,,False,41.6,23.0,7.4,2.8,29.0,14.9,44.6,16.1,11.0,0.155,0.233,GOOG,,126,16.1,15.0,,False
198,LITE,Lumentum Holdings Inc.,Technology,Communication Equipment,Growth,65.2,838.06,818.22,18.0,13.6,10.0,0.0,ok,0.0,ok,0.28,,False,41.6,44.7,0.1,90.1,40.8,22.8,58.4,36.4,52.7,0.336,0.421,AVGO,,126,13.6,14.0,,False
199,EG,"Everest Group, Ltd.",Financial Services,Insurance - Reinsurance,Core,14.2,370.35,357.08,15.0,16.6,10.0,0.0,ok,0.0,financial_na,,,False,41.6,6.2,14.5,-11.3,15.3,12.6,41.5,9.9,0.9,-0.236,0.314,AVGO,,126,16.6,14.0,,False
200,DDOG,"Datadog, Inc.",Technology,Software - Application,Growth,81.6,229.29,248.83,15.0,16.6,10.0,0.0,ok,0.0,ok,-100.28,,False,41.6,78.7,1.1,32.2,79.9,3.9,38.6,35.3,101.4,0.257,0.34,MSFT,,126,16.6,17.0,,False
201,MRSH,Marsh,Financial Services,Insurance Brokers,Core,92.2,193.29,183.63,19.0,12.5,10.0,0.0,ok,0.0,financial_na,,,False,41.5,16.9,5.2,6.2,44.0,25.9,63.2,9.6,-9.8,-0.213,0.409,AVGO,,126,12.5,15.0,,False
202,TPR,"Tapestry, Inc.",Consumer Cyclical,Luxury Goods,Core,32.7,162.0,153.9,23.0,9.0,10.0,0.0,ok,-0.5,ok,1.45,,False,41.5,20.7,4.7,21.2,76.2,60.9,81.7,19.6,0.0,0.241,0.251,BMNR,,126,9.0,13.0,,False
203,LHX,"L3Harris Technologies, Inc.",Industrials,Aerospace & Defense,Growth,53.9,289.53,295.89,16.5,17.5,10.0,0.0,ok,-2.5,ok,3.23,,False,41.5,21.6,,190.0,30.4,,54.5,-8.2,-28.5,-0.116,0.193,MSFT,,126,17.5,14.0,,False
204,KEY,KeyCorp,Financial Services,Banks - Regional,Core,24.3,22.66,22.63,17.5,14.0,10.0,0.0,ok,0.0,financial_na,,,False,41.5,10.6,,10.1,0.0,10.3,36.6,8.9,-12.6,0.267,0.288,BMNR,,126,14.0,14.0,,False
205,KVUE,Kenvue Inc.,Consumer Defensive,Household & Personal Products,Core,36.8,19.18,18.68,18.5,14.5,10.0,0.0,ok,-1.5,ok,2.23,,False,41.5,15.4,5.0,4.5,58.6,15.7,53.1,10.5,-4.8,-0.124,0.197,AVGO,,126,14.5,17.0,,False
206,TYL,"Tyler Technologies, Inc.",Technology,Software - Application,Core,12.5,306.33,304.75,16.0,16.0,10.0,0.0,ok,-0.5,ok,1.06,,False,41.5,20.0,4.7,8.2,47.2,9.7,44.8,-17.6,-23.5,-0.015,0.285,MSFT,,126,16.0,16.0,,False
207,RSG,"Republic Services, Inc.",Industrials,Waste Management,Core,64.5,209.59,212.47,16.0,16.9,10.0,0.0,ok,-1.5,ok,2.69,,False,41.4,26.0,2.8,2.6,43.0,18.3,27.3,-1.9,-17.3,-0.38,0.366,AVGO,,126,16.9,15.0,,False
208,IBM,International Business Machine,Technology,Information Technology Service,Core,219.9,233.43,259.4,20.0,13.9,10.0,0.0,ok,-2.5,ok,3.47,,False,41.4,17.7,5.5,1.1,58.1,34.5,70.0,-12.7,-31.8,0.165,0.347,MSFT,,126,13.9,16.0,,False
209,NDAQ,"Nasdaq, Inc.",Financial Services,Financial Data & Stock Exchang,Core,52.9,94.7,89.96,18.0,13.4,10.0,0.0,ok,0.0,financial_na,,,False,41.4,20.3,3.2,14.9,100.0,16.5,62.8,6.2,-2.3,0.254,0.423,MSFT,,126,13.4,16.0,,False
210,BF-B,Brown Forman Inc,Consumer Defensive,Beverages - Wineries & Distill,Core,13.0,28.27,26.86,18.5,13.3,10.0,0.0,ok,-0.5,ok,1.94,,False,41.3,16.6,5.7,2.0,60.5,17.8,66.5,4.4,-14.9,-0.126,0.15,AVGO,,126,13.3,18.0,,False
211,HAL,Halliburton Company,Energy,Oil & Gas Equipment & Services,Cyclical,27.1,32.51,35.45,15.5,16.3,10.0,0.0,ok,-0.5,ok,1.49,,False,41.3,11.2,7.6,3.7,15.1,14.9,34.0,-3.9,-16.9,0.015,0.114,AVGO,,126,16.3,14.0,,False
212,GOOGL,Alphabet Inc.,Communication Services,Internet Content & Information,Core,4375.3,357.75,357.2,19.0,14.3,10.0,-2.0,ok,0.0,ok,-0.7,,False,41.3,24.3,0.5,24.2,60.9,48.7,54.4,8.9,-5.3,0.527,0.995,GOOG,,126,14.3,15.0,,False
213,ARM,Arm Holdings plc,Technology,Semiconductors,Core,306.2,286.68,322.61,16.5,14.8,10.0,0.0,ok,0.0,ok,-3.2,,False,41.3,93.4,0.4,22.4,97.5,13.4,55.5,49.4,145.1,0.468,0.528,AVGO,,126,14.8,15.0,,False
214,KEYS,Keysight Technologies Inc.,Technology,Scientific & Technical Instrum,Growth,57.6,336.96,332.31,16.5,14.8,10.0,0.0,ok,0.0,ok,0.25,,False,41.3,28.3,1.9,31.5,62.1,18.2,60.8,23.8,38.7,0.306,0.414,AVGO,,126,14.8,15.0,,False
215,WFC,Wells Fargo & Company,Financial Services,Banks - Diversified,Core,264.9,87.59,84.38,16.5,14.8,10.0,0.0,ok,0.0,financial_na,,,False,41.3,11.1,,9.5,0.0,12.6,50.3,3.8,-17.2,0.206,0.266,BMNR,,126,14.8,14.0,,False
216,CPAY,"Corpay, Inc.",Technology,Software - Infrastructure,Core,26.0,398.28,378.37,24.0,9.8,10.0,0.0,ok,-2.5,ok,3.11,,False,41.3,13.0,8.0,25.4,79.7,32.1,70.7,23.3,5.5,0.171,0.161,MSFT,,126,9.8,17.0,,False
217,AKAM,"Akamai Technologies, Inc.",Technology,Software - Infrastructure,Core,17.2,118.55,126.54,16.0,18.8,10.0,0.0,ok,-3.5,ok,4.3,,False,41.3,16.5,4.1,5.8,58.3,9.2,48.1,11.8,16.2,0.208,0.234,AVGO,,126,18.8,16.0,,False
218,PFG,Principal Financial Group Inc,Financial Services,Asset Management,Core,24.7,115.41,109.76,17.5,13.8,10.0,0.0,ok,0.0,financial_na,,,False,41.3,11.2,4.3,6.4,47.3,12.9,54.1,21.3,8.5,0.228,0.245,BMNR,,126,13.8,15.0,,False
219,ODFL,"Old Dominion Freight Line, Inc",Industrials,Trucking,Core,44.0,211.41,226.61,16.5,14.7,10.0,0.0,ok,0.0,ok,-0.15,,False,41.2,31.9,,10.4,39.6,24.8,26.9,11.5,-8.7,0.096,0.14,GOOG,,126,14.7,14.0,,False
220,PAYX,"Paychex, Inc.",Technology,Software - Application,Core,42.7,120.13,114.12,18.5,14.2,10.0,0.0,ok,-1.5,ok,2.17,,False,41.2,18.8,,12.5,67.2,,60.6,17.7,10.5,-0.033,0.296,MSFT,,126,14.2,17.0,,False
221,TGT,Target Corporation,Consumer Defensive,Discount Stores,Core,66.8,147.08,139.73,17.5,14.2,10.0,0.0,ok,-0.5,ok,1.89,,False,41.2,16.4,4.7,6.7,28.1,22.0,64.9,28.7,21.9,0.076,0.102,GOOG,,126,14.2,16.0,,False
222,DHI,"D.R. Horton, Inc.",Consumer Cyclical,Residential Construction,Core,40.8,146.01,151.3,15.0,16.6,10.0,0.0,ok,-0.5,ok,1.24,,False,41.1,12.4,5.9,0.0,21.3,12.6,45.6,-2.4,-20.8,0.082,0.189,GOOG,,126,16.6,11.0,,False
223,HWM,Howmet Aerospace Inc.,Industrials,Aerospace & Defense,Core,115.9,289.72,275.23,17.0,14.1,10.0,0.0,ok,0.0,ok,0.94,,False,41.1,47.8,1.0,19.1,35.0,33.8,65.9,21.7,24.9,0.268,0.355,NVDA,,126,14.1,14.0,,False
224,LYV,"Live Nation Entertainment, Inc",Communication Services,Entertainment,Core,42.3,181.77,175.84,16.0,15.6,10.0,0.0,ok,-0.5,ok,1.43,,False,41.1,94.3,4.0,9.4,25.8,17.7,52.2,16.0,18.0,0.249,0.234,BMNR,,126,15.6,13.0,,False
225,FOX,Fox Corporation,Communication Services,Entertainment,Core,23.2,55.37,52.6,17.5,14.1,10.0,0.0,ok,-0.5,ok,1.12,,False,41.1,10.9,6.0,-8.6,36.8,15.2,66.3,-2.0,-19.3,-0.001,0.142,AVGO,,126,14.1,13.0,,False
226,HON,Honeywell International Inc.,Industrials,Conglomerates,Core,76.3,240.74,234.41,18.5,15.1,10.0,0.0,ok,-2.5,ok,3.03,,False,41.1,24.0,3.4,4.3,36.5,46.6,65.7,10.0,-9.4,0.035,0.209,MSFT,,126,15.1,14.0,,False
227,MCD,McDonald's Corporation,Consumer Cyclical,Restaurants,Core,196.3,276.26,273.89,17.5,16.1,10.0,0.0,ok,-2.5,ok,3.6,,False,41.1,19.7,,3.8,57.4,,61.1,-7.5,-27.5,-0.043,0.179,NVDA,,126,16.1,12.0,,False
228,FITB,Fifth Third Bancorp,Financial Services,Banks - Regional,Growth,51.7,56.96,55.17,18.0,13.1,10.0,0.0,ok,0.0,financial_na,,,False,41.1,11.5,,51.8,0.0,8.4,41.7,15.9,-6.6,0.17,0.221,BMNR,,126,13.1,14.0,,False
229,ROST,"Ross Stores, Inc.",Consumer Cyclical,Apparel Retail,Core,81.6,254.31,241.59,19.0,12.0,10.0,0.0,ok,0.0,ok,0.17,,False,41.0,29.7,2.5,20.6,32.7,39.0,76.6,24.6,21.3,0.151,0.176,BMNR,,126,12.0,11.0,,False
230,COF,Capital One Financial Corporat,Financial Services,Credit Services,Growth,135.0,220.0,209.0,18.0,13.0,10.0,0.0,ok,0.0,financial_na,,,False,41.0,9.1,,1111.0,0.0,9.0,64.4,6.2,-11.6,0.401,0.382,BMNR,,126,13.0,16.0,,False
231,HIG,"The Hartford Insurance Group, ",Financial Services,Insurance - Diversified,Core,39.6,144.51,137.28,20.0,11.0,10.0,0.0,ok,0.0,financial_na,,,False,41.0,10.5,13.9,8.1,37.9,22.1,60.7,7.3,-11.4,-0.199,0.294,AVGO,,126,11.0,14.0,,False
232,NTAP,"NetApp, Inc.",Technology,Software - Infrastructure,Core,37.6,191.48,181.91,20.5,10.5,10.0,0.0,ok,0.0,ok,-0.45,,False,41.0,19.5,3.4,12.5,70.7,106.7,79.3,57.1,79.8,0.306,0.317,AVGO,,126,10.5,17.0,,False
233,ERIE,Erie Indemnity Company,Financial Services,Insurance Brokers,Core,13.3,254.06,241.36,16.0,15.0,10.0,0.0,ok,0.0,financial_na,,,False,41.0,18.1,3.6,2.8,17.9,24.8,63.4,-1.3,-23.9,-0.226,0.315,AVGO,,126,15.0,14.0,,False
234,MDT,Medtronic plc.,Healthcare,Medical Devices,Core,110.0,85.92,81.62,17.0,14.5,10.0,0.0,ok,-0.5,ok,1.97,,False,41.0,13.4,4.2,9.9,65.3,9.8,62.0,-3.8,-29.3,-0.055,0.231,AVGO,,126,14.5,17.0,,False
235,PRU,"Prudential Financial, Inc.",Financial Services,Insurance - Life,Core,41.9,121.5,115.42,18.0,12.9,10.0,0.0,ok,0.0,financial_na,,,False,40.9,8.3,24.7,15.3,29.0,10.7,57.0,15.3,10.0,0.184,0.288,BMNR,,126,12.9,14.0,,False
236,AVB,"AvalonBay Communities, Inc.",Real Estate,REIT - Residential,Core,26.6,186.55,188.08,17.0,17.4,10.0,0.0,ok,-3.5,ok,4.9,,False,40.9,38.3,5.3,2.3,62.7,8.5,38.0,4.5,-2.3,0.0,0.219,AVGO,,126,17.4,17.0,,False
237,HUM,Humana Inc.,Healthcare,Healthcare Plans,Core,44.1,367.24,372.66,15.0,15.9,10.0,0.0,ok,0.0,ok,-2.54,,False,40.9,22.3,4.4,26.2,13.7,6.9,32.6,37.8,77.3,0.069,0.123,GOOG,,126,15.9,15.0,,False
238,FICO,Fair Isaac Corporation,Technology,Software - Application,Core,22.3,1031.89,1203.12,18.5,15.9,10.0,0.0,ok,-3.5,ok,4.23,,False,40.9,19.4,3.5,25.7,85.1,,33.1,-24.4,-37.4,-0.108,0.184,AVGO,,126,15.9,17.0,,False
239,UDR,"UDR, Inc.",Real Estate,REIT - Residential,Core,14.0,38.14,39.07,17.5,16.9,10.0,0.0,ok,-3.5,ok,5.76,,False,40.9,68.1,5.6,-0.1,66.6,13.7,31.3,4.6,-9.4,-0.129,0.264,AVGO,,126,16.9,17.0,,False
240,EW,Edwards Lifesciences Corporati,Healthcare,Medical Devices,Core,51.5,89.32,87.94,17.0,13.9,10.0,0.0,ok,0.0,ok,-1.49,,False,40.9,26.5,,13.6,77.8,,64.1,6.3,1.0,0.246,0.271,GOOG,,126,13.9,17.0,,False
241,JNJ,Johnson & Johnson,Healthcare,Drug Manufacturers - General,Core,619.3,256.98,247.17,18.5,12.3,10.0,0.0,ok,0.0,ok,0.81,,False,40.8,20.7,2.7,6.6,68.1,25.7,55.0,13.2,-4.8,-0.359,0.368,AVGO,,126,12.3,17.0,,False
242,PM,Philip Morris International In,Consumer Defensive,Tobacco,Core,293.1,188.05,183.67,17.5,14.7,10.0,0.0,ok,-1.5,ok,2.39,,False,40.7,20.5,3.3,10.4,67.5,,43.8,10.9,-9.2,-0.129,0.158,AVGO,,126,14.7,18.0,,False
243,FRT,Federal Realty Investment Trus,Real Estate,REIT - Retail,Core,10.3,117.91,122.92,18.5,15.7,10.0,0.0,ok,-3.5,ok,5.65,,False,40.7,38.2,4.4,7.2,68.1,12.6,18.1,8.9,0.3,-0.058,0.115,AVGO,,126,15.7,17.0,,False
244,MMM,3M Company,Industrials,Conglomerates,Core,93.2,180.71,171.67,21.0,10.2,10.0,0.0,ok,-0.5,ok,1.21,,False,40.7,18.6,6.8,2.5,39.4,81.9,75.9,13.4,-3.4,0.107,0.204,GOOG,,126,10.2,14.0,,False
245,DOV,Dover Corporation,Industrials,Specialty Industrial Machinery,Core,28.4,210.84,214.25,16.0,14.6,10.0,0.0,ok,0.0,ok,0.79,,False,40.6,18.1,3.2,6.9,40.1,14.9,47.0,1.7,-16.3,0.248,0.268,BMNR,,126,14.6,15.0,,False
246,OTIS,Otis Worldwide Corporation,Industrials,Specialty Industrial Machinery,Core,28.1,73.83,72.08,15.5,17.6,10.0,0.0,ok,-2.5,ok,3.04,,False,40.6,16.0,5.1,7.3,30.3,,51.7,-9.3,-31.6,-0.028,0.175,GOOG,,126,17.6,14.0,,False
247,CPRT,"Copart, Inc.",Industrials,Specialty Business Services,Core,26.9,29.01,29.6,17.0,13.6,10.0,0.0,ok,0.0,ok,-2.09,,False,40.6,17.2,3.7,2.1,47.5,17.6,60.5,-18.4,-40.7,0.012,0.161,AVGO,,126,13.6,17.0,,False
248,COP,ConocoPhillips,Energy,Oil & Gas E&P,Cyclical,142.2,116.76,113.39,15.0,15.6,10.0,0.0,ok,0.0,ok,0.73,,False,40.6,12.8,3.7,-5.3,45.6,11.3,54.1,8.7,-0.5,-0.262,0.401,GOOG,,126,15.6,13.0,,False
249,TKO,"TKO Group Holdings, Inc.",Communication Services,Entertainment,Core,35.4,187.29,194.17,16.5,15.6,10.0,0.0,ok,-1.5,ok,2.82,,False,40.6,47.0,2.1,18.2,59.5,7.1,53.9,-4.5,-23.1,0.181,0.165,BMNR,,126,15.6,14.0,,False
250,EXPD,Expeditors International of Wa,Industrials,Integrated Freight & Logistics,Growth,23.2,178.56,169.63,17.5,13.1,10.0,0.0,ok,0.0,ok,-0.37,,False,40.6,22.7,3.4,32.1,13.3,42.7,44.1,17.1,-4.4,0.027,0.066,GOOG,,126,13.1,14.0,,False
251,GEHC,GE HealthCare Technologies Inc,Healthcare,Medical Devices,Core,31.8,70.31,66.79,17.5,14.6,10.0,0.0,ok,-1.5,ok,2.36,,False,40.6,13.0,5.0,5.8,39.5,19.4,67.1,-3.7,-27.9,0.089,0.228,GOOG,,126,14.6,15.0,,False
252,GE,GE Aerospace,Industrials,Aerospace & Defense,Core,388.6,374.55,355.82,18.0,12.6,10.0,0.0,ok,0.0,ok,0.9,,False,40.6,41.3,1.7,21.1,31.1,48.2,65.8,18.4,9.0,0.29,0.362,GOOG,,126,12.6,14.0,,False
253,SYK,Stryker Corporation,Healthcare,Medical Devices,Core,129.4,337.43,320.56,17.0,14.0,10.0,0.0,ok,-0.5,ok,1.62,,False,40.5,20.1,3.2,9.4,65.6,16.5,58.6,-1.3,-20.1,-0.089,0.237,AVGO,,126,14.0,17.0,,False
254,VRSN,"VeriSign, Inc.",Technology,Software - Infrastructure,Core,26.4,292.53,277.9,16.5,14.5,10.0,0.0,ok,-0.5,ok,1.1,,False,40.5,26.6,3.1,6.0,88.5,,59.4,13.8,7.6,-0.125,0.258,BMNR,,126,14.5,17.0,,False
255,CI,The Cigna Group,Healthcare,Healthcare Plans,Core,72.7,275.25,285.88,15.5,15.5,10.0,0.0,ok,-0.5,ok,1.93,,False,40.5,8.2,11.0,6.7,9.1,16.8,45.7,-1.2,-16.1,-0.156,0.211,AVGO,,126,15.5,15.0,,False
256,CCL,Carnival Corporation Ltd.,Consumer Cyclical,Travel Services,Core,39.4,28.79,27.85,19.0,14.0,10.0,0.0,ok,-2.5,ok,3.28,,False,40.5,10.9,4.8,5.3,55.7,26.7,65.7,3.6,-20.9,0.404,0.406,GOOG,,126,14.0,14.0,,False
257,MA,Mastercard Incorporated,Financial Services,Credit Services,Core,504.5,575.95,547.15,20.5,10.0,10.0,0.0,ok,0.0,financial_na,,,False,40.5,25.0,3.4,14.1,100.0,241.2,70.1,9.2,-8.9,0.137,0.416,MSFT,,126,10.0,18.0,,False
258,CTAS,Cintas Corporation,Industrials,Specialty Business Services,Core,80.9,202.15,192.04,16.0,14.5,10.0,0.0,ok,0.0,ok,0.81,,False,40.5,33.2,1.8,8.9,50.7,40.7,46.8,9.5,-8.7,-0.064,0.187,AVGO,,126,14.5,17.0,,False
259,AXON,"Axon Enterprise, Inc.",Industrials,Aerospace & Defense,Growth,42.1,522.46,507.55,14.0,21.4,10.0,0.0,ok,-5.0,ok,10.73,,False,40.4,49.4,0.1,33.7,59.5,6.8,52.0,1.8,17.3,0.333,0.378,MSFT,,126,21.4,15.0,,False
260,BKNG,Booking Holdings Inc. Common S,Consumer Cyclical,Travel Services,Core,155.8,207.39,197.02,18.0,12.4,10.0,0.0,ok,0.0,ok,0.36,,False,40.4,16.8,5.0,8.1,87.2,,71.2,12.0,3.5,0.15,0.182,MSFT,,126,12.4,15.0,,False
261,ELV,"Elevance Health, Inc.",Healthcare,Healthcare Plans,Core,84.9,391.4,396.12,16.0,14.4,10.0,0.0,ok,0.0,ok,-0.78,,False,40.4,13.2,5.1,1.4,26.0,11.1,61.4,11.6,5.1,0.056,0.119,BMNR,,126,14.4,15.0,,False
262,AMP,"Ameriprise Financial, Inc.",Financial Services,Asset Management,Core,49.5,559.82,531.83,22.5,7.8,10.0,0.0,ok,0.0,financial_na,,,False,40.3,10.9,,11.6,54.9,63.4,73.9,17.6,-8.1,0.318,0.327,BMNR,,126,7.8,15.0,,False
263,LIN,Linde plc,Basic Materials,Specialty Chemicals,Cyclical,225.9,490.11,512.35,13.5,17.3,10.0,0.0,ok,-0.5,ok,1.67,,False,40.3,25.0,1.8,9.3,48.3,18.4,34.8,3.4,-6.4,-0.143,0.162,AVGO,,126,17.3,12.0,,False
264,PLAB,"Photronics, Inc.",Technology,Semiconductor Equipment & Mate,Speculative,1.9,31.9,31.14,15.0,15.3,10.0,0.0,ok,0.0,ok,-2.31,,False,40.3,15.8,2.1,-0.5,33.8,13.2,63.5,-8.2,-20.6,0.343,0.423,AVGO,,126,15.3,13.0,,False
265,PNC,"PNC Financial Services Group, ",Financial Services,Banks - Regional,Core,100.9,252.76,242.06,18.5,11.7,10.0,0.0,ok,0.0,financial_na,,,False,40.2,11.8,,23.6,0.0,12.6,49.8,16.7,-6.6,0.153,0.205,GOOG,,126,11.7,14.0,,False
266,HCA,"HCA Healthcare, Inc.",Healthcare,Medical Care Facilities,Core,88.5,408.89,388.45,17.0,15.7,10.0,0.0,ok,-2.5,ok,3.2,,False,40.2,12.7,4.2,8.7,42.6,,68.9,-10.4,-33.7,-0.066,0.156,GOOG,,126,15.7,16.0,,False
267,NWS,News Corporation,Communication Services,Entertainment,Core,18.3,33.87,32.18,17.0,13.2,10.0,0.0,ok,0.0,ok,0.6,,False,40.2,26.2,9.5,8.8,57.2,6.5,57.6,15.2,10.7,0.035,0.225,GOOG,,126,13.2,14.0,,False
268,PFE,"Pfizer, Inc.",Healthcare,Drug Manufacturers - General,Core,149.3,26.2,25.06,18.0,13.7,10.0,0.0,ok,-1.5,ok,2.04,,False,40.2,9.1,8.4,2.6,74.7,5.0,65.9,3.1,-12.9,-0.005,0.121,AVGO,,126,13.7,17.0,,False
269,PSA,Public Storage,Real Estate,REIT - Industrial,Core,61.1,327.0,318.63,18.5,13.2,10.0,0.0,ok,-1.5,ok,2.89,,False,40.2,35.6,3.8,3.3,74.4,21.9,58.6,11.8,3.4,-0.013,0.192,GOOG,,126,13.2,17.0,,False
270,DVN,Devon Energy Corporation,Energy,Oil & Gas E&P,Cyclical,49.7,43.11,43.61,15.0,15.7,10.0,0.0,ok,-0.5,ok,1.03,,False,40.2,7.9,3.2,-0.8,46.9,15.2,46.8,2.9,-13.0,-0.232,0.296,GOOG,,126,15.7,13.0,,False
271,XOM,ExxonMobil Holdings Corporatio,Energy,Oil & Gas Integrated,Growth,641.8,154.84,147.1,17.5,12.7,10.0,0.0,ok,0.0,ok,0.47,,False,40.2,14.7,3.2,44.1,29.8,12.6,64.4,11.5,-6.0,-0.281,0.36,GOOG,,126,12.7,12.0,,False
272,NWSA,News Corporation,Communication Services,Entertainment,Core,16.1,29.67,28.19,17.0,13.2,10.0,0.0,ok,0.0,ok,0.6,,False,40.2,23.0,10.9,8.8,57.2,6.5,57.8,15.1,9.7,0.013,0.217,AVGO,,126,13.2,14.0,,False
273,MLM,"Martin Marietta Materials, Inc",Basic Materials,Building Materials,Cyclical,32.3,538.28,575.05,12.5,19.1,10.0,0.0,ok,-1.5,ok,2.93,,False,40.1,24.4,1.8,21.0,28.2,8.9,42.7,-11.7,-33.1,0.117,0.216,GOOG,,126,19.1,11.0,,False
274,WSM,"Williams-Sonoma, Inc.",Consumer Cyclical,Specialty Retail,Core,29.1,246.89,234.55,18.5,11.6,10.0,0.0,ok,0.0,ok,0.51,,False,40.1,24.1,3.0,4.4,46.1,54.0,65.4,24.1,3.2,0.253,0.259,BMNR,,126,11.6,12.0,,False
275,PLD,"Prologis, Inc.",Real Estate,REIT - Industrial,Core,132.9,139.14,143.56,18.0,15.6,10.0,0.0,ok,-3.5,ok,5.24,,False,40.1,40.5,4.1,12.3,75.5,7.7,29.7,3.1,-10.4,0.043,0.119,BMNR,,126,15.6,17.0,,False
276,MRVL,"Marvell Technology, Inc.",Technology,Semiconductors,Core,189.0,210.54,240.49,15.5,14.6,10.0,0.0,ok,0.0,ok,0.53,,False,40.1,33.7,1.2,27.6,51.5,16.0,58.2,53.2,170.4,0.378,0.565,AVGO,,126,14.6,14.0,,False
277,FOXA,Fox Corporation,Communication Services,Entertainment,Core,25.9,61.79,58.7,16.5,14.1,10.0,0.0,ok,-0.5,ok,1.12,,False,40.1,10.7,5.4,-8.6,36.8,15.2,67.9,-1.7,-19.2,0.002,0.125,MSFT,,126,14.1,13.0,,False
278,KHC,The Kraft Heinz Company,Consumer Defensive,Packaged Foods,Core,29.6,24.96,24.64,16.0,15.6,10.0,0.0,ok,-1.5,ok,2.96,,False,40.1,11.9,10.9,0.8,34.0,-12.6,43.7,5.2,-9.6,-0.075,0.192,AVGO,,126,15.6,16.0,,False
279,INVH,Invitation Homes Inc.,Real Estate,REIT - Residential,Core,18.0,30.37,29.72,19.0,14.6,10.0,0.0,ok,-3.5,ok,5.65,,False,40.1,44.7,6.5,10.1,56.3,7.1,54.0,10.4,3.0,-0.135,0.277,AVGO,,126,14.6,16.0,,False
280,COHU,"Cohu, Inc.",Technology,Semiconductor Equipment & Mate,Growth,2.5,51.79,56.31,14.0,16.0,10.0,0.0,ok,0.0,ok,-13.22,,False,40.0,28.1,2.7,38.4,44.0,-4.8,50.8,39.0,65.6,0.426,0.527,AVGO,,126,16.0,14.0,,False
281,ROL,"Rollins, Inc.",Consumer Cyclical,Personal Services,Core,17.7,36.83,43.7,18.5,12.0,10.0,0.0,ok,-0.5,ok,1.16,,True,40.0,28.2,2.8,7.9,52.4,37.0,7.5,-32.1,-55.9,0.025,0.189,GOOG,,126,16.0,14.0,,False
282,MGM,MGM Resorts International,Consumer Cyclical,Resorts & Casinos,Core,11.4,44.7,46.63,18.5,16.5,10.0,0.0,ok,-5.0,ok,12.25,,False,40.0,21.9,7.7,1.0,44.2,18.9,40.2,16.2,9.8,0.256,0.261,MSFT,,126,16.5,12.0,,False
283,MAR,Marriott International,Consumer Cyclical,Lodging,Core,93.8,359.67,377.53,17.5,15.0,10.0,0.0,ok,-2.5,ok,3.6,,False,40.0,27.4,2.2,11.1,79.2,,46.1,6.9,-3.0,0.128,0.188,GOOG,,126,15.0,13.0,,False
284,PHM,"PulteGroup, Inc.",Consumer Cyclical,Residential Construction,Core,24.7,129.55,126.31,15.0,15.0,10.0,0.0,ok,0.0,ok,0.42,,False,40.0,11.5,4.4,-9.6,25.6,14.9,54.7,4.4,-16.6,0.08,0.192,GOOG,,126,15.0,11.0,,False
285,CPB,The Campbell's Company,Consumer Defensive,Packaged Foods,Speculative,6.7,22.56,22.05,16.0,17.5,10.0,0.0,ok,-3.5,ok,4.07,,False,40.0,11.6,9.0,-4.4,29.2,15.4,54.5,-7.9,-33.4,-0.171,0.29,AVGO,,126,17.5,16.0,,False
286,C,"Citigroup, Inc.",Financial Services,Banks - Diversified,Core,224.5,133.82,135.95,16.0,14.0,10.0,0.0,ok,0.0,financial_na,,,False,40.0,10.4,,14.5,0.0,8.5,58.2,12.5,2.8,0.453,0.419,BMNR,,126,14.0,14.0,,False
287,URI,"United Rentals, Inc.",Industrials,Rental & Leasing Services,Core,72.4,1162.66,1104.53,18.5,14.0,10.0,0.0,ok,-2.5,ok,3.26,,False,40.0,20.4,2.4,11.8,38.5,28.9,66.5,28.6,24.3,0.029,0.158,NVDA,,126,14.0,16.0,,False
288,ABT,Abbott Laboratories,Healthcare,Medical Devices,Core,186.8,107.96,102.56,17.0,14.5,10.0,0.0,ok,-1.5,ok,2.32,,False,40.0,17.8,3.9,13.0,56.8,10.6,68.8,0.7,-13.8,-0.071,0.246,AVGO,,126,14.5,16.0,,False
289,COST,Costco Wholesale Corporation,Consumer Defensive,Discount Stores,Core,420.9,949.15,952.58,14.0,15.9,10.0,0.0,ok,0.0,ok,-0.07,,False,39.9,41.9,1.7,21.5,12.9,29.2,53.9,-0.8,-17.3,-0.234,0.337,AVGO,,126,15.9,16.0,,False
290,UPS,"United Parcel Service, Inc.",Industrials,Integrated Freight & Logistics,Core,87.7,103.2,109.26,16.0,15.4,10.0,0.0,ok,-1.5,ok,2.16,,False,39.9,12.8,5.7,7.6,21.2,29.6,28.3,1.4,-22.1,0.126,0.161,NVDA,,126,15.4,14.0,,False
291,BIIB,Biogen Inc.,Healthcare,Drug Manufacturers - General,Core,30.5,206.28,201.7,17.0,14.3,10.0,0.0,ok,-1.5,ok,2.1,,False,39.8,12.4,4.2,3.4,78.3,4.6,50.3,11.7,-2.1,-0.078,0.124,GOOG,,126,14.3,17.0,,False
292,HD,"Home Depot, Inc. (The)",Consumer Cyclical,Home Improvement Retail,Core,348.5,349.52,333.83,17.0,14.3,10.0,0.0,ok,-1.5,ok,2.49,,False,39.8,21.7,2.9,4.8,33.1,128.4,57.5,0.8,-21.4,0.135,0.275,GOOG,,126,14.3,11.0,,False
293,CCI,Crown Castle Inc.,Real Estate,REIT - Specialty,Core,32.7,74.92,82.1,15.5,19.3,10.0,0.0,ok,-5.0,ok,8.31,,False,39.8,25.8,3.2,-4.9,73.7,,40.5,-12.8,-16.6,-0.02,0.281,AVGO,,126,19.3,17.0,,False
294,DLTR,"Dollar Tree, Inc.",Consumer Defensive,Discount Stores,Core,24.9,129.68,123.2,18.5,12.8,10.0,0.0,ok,-1.5,ok,2.74,,False,39.8,16.9,5.8,7.2,37.0,34.0,56.5,13.6,-5.0,0.186,0.2,MSFT,,126,12.8,16.0,,False
295,ESS,"Essex Property Trust, Inc.",Real Estate,REIT - Residential,Core,19.7,285.12,287.33,17.0,16.3,10.0,0.0,ok,-3.5,ok,5.43,,False,39.8,46.1,5.3,3.1,68.8,7.7,39.0,8.8,1.2,-0.075,0.225,AVGO,,126,16.3,17.0,,False
296,COIN,"Coinbase Global, Inc.",Financial Services,Financial Data & Stock Exchang,Core,38.4,145.41,161.2,15.0,16.8,10.0,-2.0,ok,0.0,financial_na,,,False,39.8,47.9,7.0,-17.3,85.8,-7.8,43.1,-30.3,-13.9,0.569,0.747,BMNR,,126,16.8,16.0,,False
297,SWKS,"Skyworks Solutions, Inc.",Technology,Semiconductors,Core,10.1,66.84,67.55,13.5,16.3,10.0,0.0,ok,0.0,ok,-0.13,,False,39.8,13.4,4.5,-3.1,40.7,5.1,66.2,4.5,-2.4,0.244,0.354,AVGO,,126,16.3,14.0,,False
298,EL,"Estee Lauder Companies, Inc. (",Consumer Defensive,Household & Personal Products,Core,30.9,85.49,84.08,16.0,15.2,10.0,0.0,ok,-1.5,ok,2.63,,False,39.7,26.8,5.8,4.6,74.7,-5.9,59.6,-6.9,-24.7,0.295,0.334,BMNR,,126,15.2,18.0,,False
299,TAP,Molson Coors Beverage Company,Consumer Defensive,Beverages - Brewers,Speculative,8.0,42.41,40.33,16.0,15.2,10.0,0.0,ok,-1.5,ok,2.46,,False,39.7,8.5,9.7,2.0,38.6,-18.1,59.0,-4.0,-29.6,-0.206,0.266,BMNR,,126,15.2,16.0,,False
300,STE,STERIS plc (Ireland),Healthcare,Medical Devices,Core,22.6,231.78,220.19,16.0,14.1,10.0,0.0,ok,-0.5,ok,1.03,,False,39.6,19.0,3.7,7.3,44.2,11.4,66.0,-1.0,-18.1,0.12,0.19,BMNR,,126,14.1,16.0,,False
301,VTR,"Ventas, Inc.",Real Estate,REIT - Healthcare Facilities,Core,47.3,92.26,89.29,16.5,16.6,10.0,0.0,ok,-3.5,ok,5.34,,False,39.6,113.0,3.1,21.7,40.0,2.0,40.5,11.3,2.9,-0.305,0.318,MSFT,,126,16.6,15.0,,False
302,RF,Regions Financial Corporation,Financial Services,Banks - Regional,Core,26.8,31.39,29.93,16.5,13.1,10.0,0.0,ok,0.0,financial_na,,,False,39.6,11.0,,3.4,0.0,11.9,46.8,13.6,-9.5,0.184,0.214,GOOG,,126,13.1,14.0,,False
303,DLR,"Digital Realty Trust, Inc.",Real Estate,REIT - Specialty,Core,72.5,192.56,185.23,19.0,14.1,10.0,0.0,ok,-3.5,ok,5.66,,False,39.6,65.7,5.2,29.9,57.0,2.9,66.6,9.6,4.3,0.212,0.265,BMNR,,126,14.1,16.0,,False
304,WMB,"Williams Companies, Inc. (The)",Energy,Oil & Gas Midstream,Cyclical,87.8,71.76,73.14,16.0,17.1,10.0,0.0,ok,-3.5,ok,4.35,,False,39.6,27.5,-1.8,11.2,62.9,21.5,43.5,5.0,-6.2,-0.137,0.183,MSFT,,126,17.1,14.0,,False
305,DAL,"Delta Air Lines, Inc.",Industrials,Airlines,Core,60.5,91.98,87.38,17.0,14.1,10.0,0.0,ok,-1.5,ok,2.19,,False,39.6,10.4,4.7,18.7,18.7,20.1,66.3,28.9,19.1,0.383,0.325,BMNR,,126,14.1,14.0,,False
306,MCHP,Microchip Technology Incorpora,Technology,Semiconductors,Growth,40.4,74.36,87.52,16.5,16.6,10.0,0.0,ok,-3.5,ok,4.43,,False,39.6,17.7,2.8,35.1,57.7,3.4,40.7,-1.4,-17.6,0.36,0.491,AVGO,,126,16.6,14.0,,False
307,EQIX,"Equinix, Inc.",Real Estate,REIT - Specialty,Core,103.9,1052.86,1052.1,17.0,16.0,10.0,0.0,ok,-3.5,ok,4.93,,False,39.5,56.5,3.6,16.7,52.0,10.7,56.5,12.8,17.7,0.12,0.179,BMNR,,126,16.0,16.0,,False
308,USB,U.S. Bancorp,Financial Services,Banks - Regional,Core,99.4,63.81,60.62,17.5,12.0,10.0,0.0,ok,0.0,financial_na,,,False,39.5,11.0,,10.4,0.0,12.6,54.2,16.8,-4.3,0.214,0.249,BMNR,,126,12.0,14.0,,False
309,ONTO,Onto Innovation Inc.,Technology,Semiconductor Equipment & Mate,Core,13.4,268.7,293.72,12.0,17.4,10.0,0.0,ok,0.0,ok,-2.45,,False,39.4,27.0,1.5,9.5,54.2,5.3,47.1,20.0,28.9,0.448,0.564,AVGO,,126,17.4,14.0,,False
310,MAA,Mid-America Apartment Communit,Real Estate,REIT - Residential,Core,15.9,133.63,135.19,17.0,15.9,10.0,0.0,ok,-3.5,ok,4.57,,False,39.4,40.7,5.8,1.0,58.4,7.0,51.8,2.2,-9.9,-0.136,0.318,AVGO,,126,15.9,16.0,,False
311,ACMR,"ACM Research, Inc.",Technology,Semiconductor Equipment & Mate,Growth,5.5,78.98,91.62,13.0,16.3,10.0,0.0,ok,0.0,ok,-6.7,,False,39.3,35.1,-2.6,34.2,44.2,7.6,46.2,34.0,31.8,0.441,0.5,AVGO,,126,16.3,14.0,,False
312,VMC,Vulcan Materials Company (Hold,Basic Materials,Building Materials,Cyclical,36.5,281.63,288.3,14.5,16.3,10.0,0.0,ok,-1.5,ok,2.03,,False,39.3,26.1,2.3,2.5,27.5,13.2,45.4,-2.8,-22.6,0.097,0.212,GOOG,,126,16.3,11.0,,False
313,SBAC,SBA Communications Corporation,Real Estate,REIT - Specialty,Core,19.4,182.6,188.42,16.5,17.8,10.0,0.0,ok,-5.0,ok,8.12,,False,39.3,22.3,3.7,2.3,74.2,,47.3,-5.6,-11.6,-0.029,0.182,AVGO,,126,17.8,17.0,,False
314,GPN,Global Payments Inc.,Industrials,Specialty Business Services,Growth,24.0,87.69,83.31,20.0,12.8,10.0,0.0,ok,-3.5,ok,4.52,,False,39.3,5.5,29.7,63.1,67.4,2.9,67.1,18.0,10.1,0.252,0.274,MSFT,,126,12.8,18.0,,False
315,ZBH,"Zimmer Biomet Holdings, Inc.",Healthcare,Medical Devices,Core,18.8,97.19,92.33,17.0,13.7,10.0,0.0,ok,-1.5,ok,2.75,,False,39.2,10.8,5.6,9.3,70.2,6.1,64.0,7.0,-3.6,-0.067,0.103,AVGO,,126,13.7,17.0,,False
316,CME,CME Group Inc.,Financial Services,Financial Data & Stock Exchang,Core,95.0,264.32,251.1,17.0,12.2,10.0,0.0,ok,0.0,financial_na,,,False,39.2,20.4,3.1,0.8,100.0,15.8,71.0,-3.9,-22.4,-0.118,0.282,AVGO,,126,12.2,16.0,,False
317,EQR,Equity Residential,Real Estate,REIT - Residential,Core,25.8,66.7,67.55,17.0,15.7,10.0,0.0,ok,-3.5,ok,4.51,,False,39.2,42.6,5.5,2.1,62.3,8.0,35.8,6.2,-4.1,-0.07,0.229,AVGO,,126,15.7,17.0,,False
318,PPG,"PPG Industries, Inc.",Basic Materials,Specialty Chemicals,Cyclical,26.0,117.16,116.84,17.5,13.2,10.0,0.0,ok,-1.5,ok,2.17,,False,39.2,13.5,4.2,7.2,41.2,19.3,49.7,7.4,-18.1,0.275,0.302,BMNR,,126,13.2,12.0,,False
319,TXT,Textron Inc.,Industrials,Aerospace & Defense,Core,15.1,87.89,90.67,13.0,16.7,10.0,0.0,ok,-0.5,ok,1.65,,False,39.2,12.2,3.0,3.0,17.6,12.1,42.9,-2.0,-18.7,0.139,0.192,BMNR,,126,16.7,14.0,,False
320,JBL,Jabil Inc.,Technology,Electronic Components,Core,36.1,344.67,345.72,16.5,15.1,10.0,-2.0,ok,-0.5,ok,1.08,,False,39.1,20.6,3.4,11.8,9.2,65.9,68.6,22.8,29.2,0.502,0.569,AVGO,,126,15.1,13.0,,False
321,DIS,Walt Disney Company (The),Communication Services,Entertainment,Core,181.8,104.68,99.45,16.0,14.6,10.0,0.0,ok,-1.5,ok,2.11,,False,39.1,14.0,2.1,6.5,37.2,11.0,65.8,0.3,-13.7,0.264,0.302,GOOG,,126,14.6,13.0,,False
322,ACN,Accenture plc,Technology,Information Technology Service,Core,104.7,171.11,162.55,18.5,10.6,10.0,0.0,ok,0.0,ok,-0.14,,False,39.1,11.7,11.5,5.6,32.0,24.4,73.1,-17.9,-39.5,0.008,0.292,MSFT,,126,10.6,15.0,,False
323,DOC,"Healthpeak Properties, Inc.",Real Estate,REIT - Healthcare Facilities,Core,14.5,21.1,21.11,17.0,17.1,10.0,0.0,ok,-5.0,ok,6.18,,False,39.1,,7.6,7.1,58.3,2.8,31.7,17.1,16.1,0.028,0.144,NVDA,,126,17.1,16.0,,False
324,WYNN,"Wynn Resorts, Limited",Consumer Cyclical,Resorts & Casinos,Core,10.5,101.5,100.53,16.5,16.1,10.0,0.0,ok,-3.5,ok,5.89,,False,39.1,19.3,3.4,9.2,68.1,,64.3,-7.2,-23.3,0.3,0.236,BMNR,,126,16.1,13.0,,False
325,FN,Fabrinet,Technology,Electronic Components,Growth,19.5,543.95,546.7,11.5,17.6,10.0,0.0,ok,0.0,ok,-1.96,,False,39.1,31.4,-0.4,39.3,12.0,20.0,60.1,2.2,9.5,0.388,0.491,AVGO,,126,17.6,13.0,,False
326,AME,"AMETEK, Inc.",Industrials,Specialty Industrial Machinery,Core,57.6,251.38,238.81,17.0,12.1,10.0,0.0,ok,0.0,ok,0.73,,False,39.1,28.0,2.6,15.0,36.9,14.6,67.2,14.1,-3.8,0.262,0.352,AVGO,,126,12.1,14.0,,False
327,A,"Agilent Technologies, Inc.",Healthcare,Diagnostics & Research,Core,39.9,141.34,134.27,17.5,11.5,10.0,0.0,ok,0.0,ok,0.86,,False,39.0,21.4,2.3,10.0,52.6,21.3,73.0,8.1,-4.1,0.172,0.134,GOOG,,126,11.5,16.0,,False
328,CLX,Clorox Company (The),Consumer Defensive,Household & Personal Products,Core,12.8,105.6,100.32,18.5,14.0,10.0,0.0,ok,-3.5,ok,4.69,,False,39.0,16.6,,-2.0,42.3,163.8,68.9,2.8,-22.5,-0.001,0.266,GOOG,,126,14.0,17.0,,False
329,ORLY,"O'Reilly Automotive, Inc.",Consumer Cyclical,Auto Parts,Core,76.2,93.37,88.7,15.5,15.0,10.0,0.0,ok,-1.5,ok,2.24,,False,39.0,25.6,2.1,8.1,51.6,,66.8,0.5,-12.9,-0.079,0.167,AVGO,,126,15.0,12.0,,False
330,HPQ,HP Inc.,Technology,Computer Hardware,Core,25.8,28.18,26.77,15.0,14.5,10.0,0.0,ok,-0.5,ok,1.52,,False,39.0,9.4,13.4,9.0,20.3,,66.0,26.7,36.1,0.072,0.084,MSFT,,126,14.5,13.0,,False
331,TJX,"TJX Companies, Inc. (The)",Consumer Cyclical,Apparel Retail,Core,179.0,162.06,157.63,17.0,12.0,10.0,0.0,ok,0.0,ok,0.97,,False,39.0,28.1,2.4,9.2,31.4,61.3,67.8,5.1,-8.5,-0.036,0.113,AVGO,,126,12.0,11.0,,False
332,BAC,Bank of America Corporation,Financial Services,Banks - Diversified,Core,440.5,63.0,59.85,17.5,11.4,10.0,0.0,ok,0.0,financial_na,,,False,38.9,11.9,,16.8,0.0,11.2,61.2,17.5,1.9,0.307,0.34,BMNR,,126,11.4,14.0,,False
333,TDG,Transdigm Group Incorporated,Industrials,Aerospace & Defense,Core,69.8,1262.07,1268.22,17.5,14.9,10.0,0.0,ok,-3.5,ok,5.8,,False,38.9,26.2,2.2,18.3,59.7,,58.9,-1.5,-13.5,0.2,0.324,GOOG,,126,14.9,15.0,,False
334,O,Realty Income Corporation,Real Estate,REIT - Retail,Core,58.2,62.36,62.78,16.5,15.8,10.0,0.0,ok,-3.5,ok,5.72,,False,38.8,36.5,3.1,12.0,92.6,2.8,20.4,2.6,-13.7,-0.258,0.281,NVDA,,126,15.8,17.0,,False
335,DG,Dollar General Corporation,Consumer Defensive,Discount Stores,Core,28.1,127.45,121.08,17.0,15.3,10.0,0.0,ok,-3.5,ok,4.26,,False,38.8,15.9,6.7,3.4,30.8,18.9,53.1,3.4,-25.0,0.212,0.251,MSFT,,126,15.3,16.0,,False
336,JBHT,"J.B. Hunt Transport Services, ",Industrials,Integrated Freight & Logistics,Core,25.1,267.25,280.23,14.0,14.8,10.0,0.0,ok,0.0,ok,0.84,,False,38.8,26.4,3.6,19.4,18.5,18.4,25.7,18.1,5.7,0.106,0.112,NVDA,,126,14.8,14.0,,False
337,ITW,Illinois Tool Works Inc.,Industrials,Specialty Industrial Machinery,Core,84.8,294.7,279.97,18.0,11.2,10.0,0.0,ok,-0.5,ok,1.84,,False,38.7,23.8,,6.1,44.2,104.6,66.8,12.6,-10.5,0.018,0.188,NVDA,,126,11.2,15.0,,False
338,ISRG,"Intuitive Surgical, Inc.",Healthcare,Medical Instruments & Supplies,Core,133.9,373.71,393.97,15.5,13.2,10.0,0.0,ok,0.0,ok,-1.25,,False,38.7,31.0,2.0,18.5,66.7,17.4,63.4,-22.2,-35.0,0.303,0.332,GOOG,,126,13.2,17.0,,False
339,LDOS,"Leidos Holdings, Inc.",Technology,Information Technology Service,Core,17.0,135.26,128.5,17.0,13.2,10.0,0.0,ok,-1.5,ok,2.45,,False,38.7,10.3,6.8,7.2,17.8,27.8,77.5,-14.6,-40.5,0.146,0.214,MSFT,,126,13.2,15.0,,False
340,EA,Electronic Arts Inc.,Communication Services,Electronic Gaming & Multimedia,Core,52.9,209.7,205.27,18.0,10.6,10.0,0.0,ok,0.0,ok,-0.53,,False,38.6,21.8,3.3,18.9,79.9,16.5,80.9,3.4,-9.2,0.192,0.261,BMNR,,124,10.6,15.0,,False
341,APO,"Apollo Global Management, Inc.",Financial Services,Asset Management,Core,73.7,127.99,125.39,14.0,14.6,10.0,0.0,ok,0.0,financial_na,,,False,38.6,12.0,,-9.2,35.2,8.5,61.6,1.0,-11.5,0.406,0.357,BMNR,,126,14.6,14.0,,False
342,DHR,Danaher Corporation,Healthcare,Diagnostics & Research,Core,140.6,199.98,189.98,14.5,15.6,10.0,0.0,ok,-1.5,ok,2.93,,False,38.6,21.5,3.1,5.5,58.8,7.6,46.9,-1.6,-20.5,0.033,0.157,AVGO,,126,15.6,16.0,,False
343,FTV,Fortive Corporation,Technology,Scientific & Technical Instrum,Core,18.4,60.87,60.97,17.0,13.1,10.0,0.0,ok,-1.5,ok,2.61,,False,38.6,18.8,5.1,7.9,63.2,7.3,46.8,6.7,-12.2,0.091,0.118,NVDA,,126,13.1,15.0,,False
344,MRK,"Merck & Company, Inc.",Healthcare,Drug Manufacturers - General,Core,317.1,128.37,123.69,16.5,13.5,10.0,0.0,ok,-1.5,ok,2.86,,False,38.5,13.4,,5.1,76.0,,52.6,14.7,-5.4,-0.233,0.241,AVGO,,126,13.5,17.0,,False
345,CNC,Centene Corporation,Healthcare,Healthcare Plans,Core,31.7,64.2,64.15,13.0,15.5,10.0,0.0,ok,0.0,ok,-2.38,,False,38.5,12.2,,4.6,11.4,-20.4,44.2,36.1,47.4,-0.033,0.122,AVGO,,126,15.5,15.0,fcf_yield_out_of_range(30.4),False
346,AZO,"AutoZone, Inc.",Consumer Cyclical,Auto Parts,Core,50.1,3069.62,3058.1,13.0,18.0,10.0,0.0,ok,-2.5,ok,3.01,,False,38.5,17.5,1.8,8.4,51.8,,51.8,-11.3,-28.3,0.018,0.148,GOOG,,126,18.0,12.0,,False
347,LOW,"Lowe's Companies, Inc.",Consumer Cyclical,Home Improvement Retail,Core,122.5,218.4,214.52,15.0,16.0,10.0,0.0,ok,-2.5,ok,3.32,,False,38.5,16.2,3.9,10.3,33.3,,59.9,-8.1,-33.6,0.082,0.252,GOOG,,126,16.0,11.0,,False
348,VICI,VICI Properties Inc.,Real Estate,REIT - Diversified,Core,29.2,26.54,27.01,13.0,19.0,10.0,0.0,ok,-3.5,ok,4.82,,False,38.5,9.1,0.9,5.7,99.3,9.8,44.1,-5.2,-19.6,-0.133,0.256,AVGO,,126,19.0,17.0,,False
349,WMT,Walmart Inc.,Consumer Defensive,Discount Stores,Core,891.9,112.07,114.75,12.0,16.9,10.0,0.0,ok,-0.5,ok,1.45,,False,38.4,34.2,0.8,7.3,25.0,24.1,43.7,-4.8,-24.8,-0.118,0.168,AVGO,,126,16.9,16.0,,False
350,WAB,Westinghouse Air Brake Technol,Industrials,Railroads,Core,49.9,295.23,280.47,17.0,12.9,10.0,0.0,ok,-1.5,ok,2.37,,False,38.4,23.9,2.2,17.5,35.7,11.6,69.8,20.7,9.7,0.16,0.31,AVGO,,126,12.9,14.0,,False
351,COHR,Coherent Corp.,Technology,Scientific & Technical Instrum,Core,65.4,334.22,343.0,13.0,15.4,10.0,0.0,ok,0.0,ok,0.76,,False,38.4,39.9,-0.3,20.5,37.0,4.7,61.4,29.0,46.3,0.423,0.486,NVDA,,126,15.4,13.0,,False
352,UAL,"United Airlines Holdings, Inc.",Industrials,Airlines,Core,41.9,129.12,122.66,17.0,12.9,10.0,0.0,ok,-1.5,ok,2.4,,False,38.4,8.3,2.2,16.0,31.8,23.3,67.6,21.6,8.3,0.403,0.327,NVDA,,126,12.9,14.0,,False
353,MTB,M&T Bank Corporation,Financial Services,Banks - Regional,Core,36.1,250.14,237.63,16.5,11.9,10.0,0.0,ok,0.0,financial_na,,,False,38.4,11.9,,6.2,0.0,10.7,51.4,17.1,-5.7,0.128,0.199,GOOG,,126,11.9,14.0,,False
354,ES,Eversource Energy (D/B/A),Utilities,Utilities - Regulated Electric,Core,27.1,72.06,71.95,16.5,16.9,10.0,0.0,ok,-5.0,ok,6.12,,False,38.4,14.7,,2.3,52.8,,37.1,3.9,-4.6,-0.178,0.182,AVGO,,126,16.9,19.0,,False
355,NSC,Norfolk Southern Corporation,Industrials,Railroads,Core,76.9,342.46,325.34,15.5,14.4,10.0,0.0,ok,-1.5,ok,2.84,,False,38.4,24.0,1.8,11.4,45.2,17.0,52.1,13.6,-0.8,-0.153,0.168,MSFT,,126,14.4,15.0,,False
356,CFG,"Citizens Financial Group, Inc.",Financial Services,Banks - Regional,Core,30.5,72.43,69.0,16.0,12.3,10.0,0.0,ok,0.0,financial_na,,,False,38.3,11.1,,14.7,0.0,8.3,50.2,17.9,-3.9,0.233,0.277,BMNR,,126,12.3,14.0,,False
357,CRWD,"CrowdStrike Holdings, Inc.",Technology,Software - Infrastructure,Core,211.2,207.39,447.2,13.0,15.3,10.0,0.0,ok,0.0,ok,-62.9,,False,38.3,132.7,0.9,25.6,75.1,-0.2,53.4,-55.3,-58.4,0.222,0.212,AVGO,,126,15.3,17.0,,False
358,NRG,"NRG Energy, Inc.",Utilities,Utilities - Independent Power ,Core,25.1,119.05,134.54,17.0,16.3,10.0,0.0,ok,-5.0,ok,7.16,,False,38.3,10.6,3.1,11.0,18.8,23.8,43.2,-21.5,-30.7,0.236,0.269,AVGO,,126,16.3,18.0,,False
359,RJF,"Raymond James Financial, Inc.",Financial Services,Asset Management,Core,34.4,179.33,170.36,18.5,9.8,10.0,0.0,ok,0.0,financial_na,,,False,38.3,12.6,,15.2,93.2,,72.8,13.4,-5.9,0.343,0.341,BMNR,,126,9.8,16.0,,False
360,LYB,LyondellBasell Industries NV,Basic Materials,Specialty Chemicals,Cyclical,19.8,61.44,60.27,15.5,15.3,10.0,0.0,ok,-2.5,ok,3.27,,False,38.3,9.5,6.2,19.8,12.9,-2.3,56.4,5.9,2.0,-0.117,0.214,GOOG,,126,15.3,11.0,,False
361,SOLV,Solventum Corporation,Healthcare,Medical Instruments & Supplies,Core,14.4,82.96,79.18,17.5,14.2,10.0,0.0,ok,-3.5,ok,4.21,,False,38.2,11.5,2.6,-3.0,53.7,34.8,53.1,9.8,-5.6,0.111,0.224,GOOG,,126,14.2,16.0,,False
362,INTC,Intel Corporation,Technology,Semiconductors,Core,503.4,99.81,111.05,13.0,15.7,10.0,0.0,ok,-0.5,ok,1.24,,False,38.2,48.5,1.0,25.4,38.9,-10.7,54.2,46.2,93.5,0.415,0.48,AVGO,,126,15.7,13.0,,False
363,PANW,"Palo Alto Networks, Inc.",Technology,Software - Infrastructure,Growth,293.0,359.49,341.52,14.0,14.2,10.0,0.0,ok,0.0,ok,-0.66,,False,38.2,87.1,1.2,31.1,72.0,4.8,50.4,65.4,118.9,0.427,0.426,MSFT,,126,14.2,17.0,,False
364,CSCO,"Cisco Systems, Inc.",Technology,Communication Equipment,Core,476.4,120.88,117.84,17.0,11.2,10.0,0.0,ok,0.0,ok,0.96,,False,38.2,25.2,1.9,12.0,64.3,25.2,72.8,34.0,34.2,0.26,0.379,AVGO,,126,11.2,15.0,,False
365,MSI,"Motorola Solutions, Inc.",Technology,Communication Equipment,Core,78.7,474.07,450.37,18.5,11.1,10.0,0.0,ok,-1.5,ok,2.49,,False,38.1,25.2,2.3,7.4,51.5,99.3,78.4,14.2,0.5,0.026,0.12,AVGO,,126,11.1,14.0,,False
366,DD,"DuPont de Nemours, Inc.",Basic Materials,Specialty Chemicals,Cyclical,19.5,144.05,136.85,15.5,12.6,10.0,0.0,ok,0.0,ok,0.91,,False,38.1,18.1,9.4,4.0,35.1,1.8,65.2,145.8,204.5,-0.041,0.085,MSFT,,126,12.6,11.0,,False
367,CDW,CDW Corporation,Technology,Information Technology Service,Core,18.1,141.97,135.15,17.0,12.6,10.0,0.0,ok,-1.5,ok,2.81,,False,38.1,12.1,4.9,9.2,21.6,44.2,59.0,7.3,-12.0,0.133,0.202,MSFT,,126,12.6,15.0,,False
368,IQV,"IQVIA Holdings, Inc.",Healthcare,Diagnostics & Research,Core,38.3,232.43,220.81,17.5,14.1,10.0,0.0,ok,-3.5,ok,4.65,,False,38.1,16.1,5.6,8.7,33.0,22.8,64.9,17.4,15.0,0.131,0.175,MSFT,,126,14.1,15.0,,False
369,ARE,Alexandria Real Estate Equitie,Real Estate,REIT - Office,Speculative,8.3,48.48,51.04,15.0,18.1,10.0,0.0,ok,-5.0,ok,6.96,,False,38.1,,,-12.0,68.1,-4.1,44.9,-4.2,-24.1,0.08,0.077,GOOG,,126,18.1,17.0,fcf_yield_out_of_range(46.1),False
370,KIM,Kimco Realty Corporation (HC),Real Estate,REIT - Retail,Core,16.4,24.43,25.17,17.0,16.0,10.0,0.0,ok,-5.0,ok,6.12,,False,38.0,27.3,5.3,4.9,68.9,5.8,23.5,8.2,0.5,-0.136,0.183,AVGO,,126,16.0,17.0,,False
371,CHRW,"C.H. Robinson Worldwide, Inc.",Industrials,Integrated Freight & Logistics,Core,17.1,146.66,183.75,16.5,12.0,10.0,0.0,ok,-0.5,ok,1.95,,True,38.0,19.6,2.8,19.3,8.4,37.1,17.5,-14.7,-38.9,-0.029,0.159,MSFT,,126,17.3,14.0,,False
372,PEG,Public Service Enterprise Grou,Utilities,Utilities - Regulated Electric,Core,37.4,75.04,79.39,12.5,19.0,10.0,0.0,ok,-3.5,ok,5.49,,False,38.0,16.0,0.3,-8.9,33.3,11.8,28.5,-6.6,-18.6,-0.123,0.18,MSFT,,126,19.0,18.0,,False
373,DVA,DaVita Inc.,Healthcare,Medical Care Facilities,Core,11.5,180.67,217.69,19.5,12.0,10.0,0.0,ok,-3.5,ok,4.5,,True,38.0,10.6,8.7,6.0,32.5,81.0,16.0,14.1,7.7,-0.129,0.175,BMNR,,126,17.8,15.0,,False
374,VZ,Verizon Communications Inc.,Communication Services,Telecom Services,Core,195.2,46.99,45.36,18.5,12.0,10.0,0.0,ok,-2.5,ok,3.76,,False,38.0,8.9,8.9,-0.7,59.5,15.8,66.3,6.4,-12.1,-0.245,0.273,NVDA,,126,12.0,16.0,,False
375,ALLE,Allegion plc,Industrials,Security & Protection Services,Core,14.3,168.7,160.26,19.5,9.0,10.0,0.0,ok,-0.5,ok,1.81,,False,38.0,17.4,3.4,12.7,44.8,33.7,85.8,11.4,-17.1,0.042,0.099,NVDA,,126,9.0,17.0,,False
376,HPE,Hewlett Packard Enterprise Com,Technology,Communication Equipment,Growth,69.4,52.43,49.81,16.5,13.0,10.0,0.0,ok,-1.5,ok,2.84,,False,38.0,13.1,5.5,40.0,33.8,6.3,67.2,75.3,118.9,0.353,0.512,AVGO,,126,13.0,13.0,,False
377,BWXT,"BWX Technologies, Inc.",Industrials,Aerospace & Defense,Core,15.3,166.7,185.59,14.5,14.9,10.0,0.0,ok,-1.5,ok,2.96,,False,37.9,31.8,1.0,18.0,22.1,28.3,46.0,-15.2,-24.3,0.453,0.507,BMNR,,126,14.9,14.0,,False
378,MTD,"Mettler-Toledo International, ",Healthcare,Diagnostics & Research,Core,28.5,1421.24,1350.18,16.5,11.8,10.0,0.0,ok,-0.5,ok,1.64,,False,37.8,27.5,2.4,4.5,60.3,,69.8,7.6,-10.6,0.143,0.172,GOOG,,126,11.8,17.0,,False
379,L,Loews Corporation,Financial Services,Insurance - Property & Casualt,Core,23.7,115.98,112.06,16.0,11.8,10.0,0.0,ok,0.0,financial_na,,,False,37.8,40.0,5.3,3.9,36.3,9.3,58.2,7.7,-8.8,-0.16,0.193,AVGO,,126,11.8,14.0,,False
380,ECL,Ecolab Inc.,Basic Materials,Specialty Chemicals,Cyclical,79.8,283.46,270.94,15.5,13.8,10.0,0.0,ok,-1.5,ok,2.08,,False,37.8,30.1,,9.7,44.2,22.0,60.3,4.8,-14.4,-0.001,0.167,GOOG,,126,13.8,12.0,,False
381,KMI,"Kinder Morgan, Inc.",Energy,Oil & Gas Midstream,Cyclical,69.7,31.28,31.96,14.5,16.7,10.0,0.0,ok,-3.5,ok,4.23,,False,37.7,20.4,1.5,10.8,49.4,11.0,38.4,3.4,-9.3,-0.25,0.197,AVGO,,126,16.7,13.0,,False
382,GRMN,Garmin Ltd.,Technology,Scientific & Technical Instrum,Core,58.2,301.87,286.78,17.0,10.7,10.0,0.0,ok,0.0,ok,-1.06,,False,37.7,27.8,1.8,11.4,60.1,21.9,76.5,31.3,39.1,0.185,0.161,GOOG,,126,10.7,15.0,,False
383,WBD,"Warner Bros. Discovery, Inc. -",Communication Services,Entertainment,Core,66.2,26.4,26.52,15.0,15.2,10.0,0.0,ok,-2.5,ok,3.85,,False,37.7,,27.9,-1.0,45.7,-5.0,44.5,-0.8,-14.8,0.136,0.313,NVDA,,126,15.2,14.0,,False
384,MRNA,"Moderna, Inc.",Healthcare,Biotechnology,Core,21.5,53.86,59.06,9.0,18.6,10.0,0.0,ok,0.0,neg_ebitda_low_debt,,,False,37.6,,1.4,2.1,,-39.0,32.7,18.6,18.4,0.332,0.354,BMNR,,126,18.6,15.0,,False
385,CASY,"Caseys General Stores, Inc.",Consumer Cyclical,Specialty Retail,Core,30.8,832.42,826.22,11.5,16.6,10.0,0.0,ok,-0.5,ok,1.6,,False,37.6,35.3,1.8,14.5,24.6,19.2,38.7,19.4,14.2,-0.091,0.135,MSFT,,126,16.6,11.0,,False
386,CVS,CVS Health Corporation,Healthcare,Healthcare Plans,Core,122.8,96.22,101.8,13.0,18.0,10.0,0.0,ok,-3.5,ok,4.32,,False,37.5,11.4,4.2,6.1,13.4,3.8,28.1,14.1,13.8,-0.096,0.148,AVGO,,126,18.0,15.0,,False
387,TECH,Bio-Techne Corp,Healthcare,Biotechnology,Core,11.2,71.9,68.31,14.5,13.0,10.0,0.0,ok,0.0,ok,0.21,,False,37.5,35.2,2.7,-1.5,66.4,5.3,43.5,20.4,-3.9,0.112,0.145,GOOG,,126,13.0,17.0,,False
388,LII,"Lennox International, Inc.",Industrials,Building Products & Equipment,Core,15.1,435.73,521.51,16.0,12.0,10.0,0.0,ok,-0.5,ok,1.68,,True,37.5,16.5,1.8,3.0,33.3,71.8,23.6,-14.0,-28.9,0.188,0.263,NVDA,,126,18.5,14.0,,False
389,SYY,Sysco Corporation,Consumer Defensive,Food Distribution,Core,40.4,84.35,80.89,17.0,12.0,10.0,0.0,ok,-1.5,ok,2.89,,False,37.5,15.7,4.8,4.7,18.5,77.7,61.7,7.9,-13.0,-0.001,0.063,GOOG,,126,12.0,16.0,,False
390,ALB,Albemarle Corporation,Basic Materials,Specialty Chemicals,Growth,14.8,125.42,139.68,15.5,12.0,10.0,0.0,ok,0.0,ok,0.86,,False,37.5,10.0,4.8,32.7,18.5,-1.8,58.4,-17.9,-33.1,0.292,0.285,BMNR,,126,12.0,11.0,,False
391,VTRS,Viatris Inc.,Healthcare,Drug Manufacturers - Specialty,Core,19.0,16.29,16.54,14.5,14.5,10.0,0.0,ok,-1.5,ok,2.96,,False,37.5,6.2,11.8,8.1,39.8,-2.0,38.3,16.1,1.2,0.172,0.216,NVDA,,126,14.5,15.0,,False
392,IVZ,Invesco Ltd,Financial Services,Asset Management,Core,14.0,31.69,30.11,16.5,12.9,10.0,-2.0,ok,0.0,financial_na,,,False,37.4,9.9,8.3,20.5,29.9,-0.6,62.6,21.6,11.5,0.51,0.483,BMNR,,126,12.9,14.0,,False
393,EXR,Extra Space Storage Inc,Real Estate,REIT - Industrial,Core,33.0,149.54,146.84,17.0,13.9,10.0,0.0,ok,-3.5,ok,5.94,,False,37.4,31.4,4.5,3.8,74.9,7.0,53.8,7.1,-4.2,-0.023,0.165,GOOG,,126,13.9,17.0,,False
394,PWR,"Quanta Services, Inc.",Industrials,Engineering & Construction,Growth,100.4,667.84,677.72,13.5,15.4,10.0,0.0,ok,-1.5,ok,2.0,,False,37.4,35.2,1.9,41.1,15.5,15.3,57.1,18.0,26.4,0.385,0.387,AVGO,,126,15.4,14.0,,False
395,TFC,Truist Financial Corporation,Financial Services,Banks - Regional,Core,64.2,52.59,50.55,15.0,12.3,10.0,0.0,ok,0.0,financial_na,,,False,37.3,10.5,,8.2,0.0,9.1,50.6,8.8,-16.1,0.12,0.17,BMNR,,126,12.3,14.0,,False
396,TRGP,"Targa Resources, Inc.",Energy,Oil & Gas Midstream,Cyclical,57.6,268.23,268.99,13.0,16.8,10.0,0.0,ok,-2.5,ok,3.65,,False,37.3,22.5,-0.6,-10.2,41.8,74.1,37.6,19.8,17.7,-0.174,0.14,MSFT,,126,16.8,13.0,,False
397,SHW,Sherwin-Williams Company (The),Basic Materials,Specialty Chemicals,Cyclical,88.2,363.42,345.25,18.5,11.2,10.0,0.0,ok,-2.5,ok,3.13,,False,37.2,26.7,2.8,7.5,49.0,65.1,63.6,9.2,-12.5,0.189,0.308,GOOG,,126,11.2,12.0,,False
398,KO,Coca-Cola Company (The),Consumer Defensive,Beverages - Non-Alcoholic,Core,373.7,86.85,82.51,17.0,10.7,10.0,0.0,ok,-0.5,ok,1.64,,False,37.2,24.6,1.4,6.7,61.9,42.1,70.8,14.1,-2.0,-0.247,0.266,AVGO,,126,10.7,18.0,,False
399,EIX,Edison International,Utilities,Utilities - Regulated Electric,Core,25.9,67.23,74.1,13.5,17.2,10.0,0.0,ok,-3.5,ok,4.85,,False,37.2,10.3,0.3,-4.1,61.0,19.7,23.2,0.8,-6.6,-0.204,0.251,MSFT,,126,17.2,20.0,,False
400,BKR,Baker Hughes Company,Energy,Oil & Gas Equipment & Services,Cyclical,62.3,62.75,59.61,16.0,11.2,10.0,0.0,ok,0.0,ok,-0.16,,False,37.2,19.8,7.1,-2.4,23.7,16.5,74.6,10.8,-3.2,0.205,0.252,BMNR,,126,11.2,14.0,,False
401,STT,State Street Corporation,Financial Services,Asset Management,Core,50.8,184.92,175.67,13.0,14.1,10.0,0.0,ok,0.0,financial_na,,,False,37.1,12.1,,-2.8,0.0,12.4,54.3,31.5,31.2,0.411,0.416,NVDA,,126,14.1,14.0,,False
402,ZBRA,Zebra Technologies Corporation,Technology,Communication Equipment,Core,17.2,364.24,346.03,18.0,10.6,10.0,0.0,ok,-1.5,ok,2.37,,False,37.1,16.5,3.3,20.4,49.6,15.3,85.8,47.1,37.7,0.321,0.281,AVGO,,126,10.6,14.0,,False
403,AMD,"Advanced Micro Devices, Inc.",Technology,Semiconductors,Growth,797.8,489.28,514.33,14.0,15.1,10.0,-2.0,ok,0.0,ok,-1.14,,False,37.1,35.2,0.9,37.8,53.1,8.1,49.0,54.3,140.8,0.523,0.561,AVGO,,126,15.1,14.0,,False
404,WTW,Willis Towers Watson Public Li,Financial Services,Insurance Brokers,Core,31.6,340.01,323.01,17.5,9.5,10.0,0.0,ok,0.0,financial_na,,,False,37.0,14.9,4.5,9.1,42.5,19.8,84.1,14.2,-9.2,-0.007,0.365,MSFT,,126,9.5,15.0,,False
405,APTV,Aptiv PLC,Consumer Cyclical,Auto Parts,Speculative,9.6,46.3,61.28,15.5,12.0,10.0,0.0,ok,-0.5,ok,1.52,,True,37.0,7.1,16.8,2.3,19.3,5.2,23.8,-33.9,-55.3,0.216,0.248,AVGO,,126,16.0,11.0,,False
406,BSX,Boston Scientific Corporation,Healthcare,Medical Devices,Core,71.4,49.3,46.83,17.0,11.5,10.0,0.0,ok,-1.5,ok,2.12,,False,37.0,14.3,3.4,7.5,69.2,15.3,75.8,-31.7,-49.9,0.044,0.127,MSFT,,126,11.5,17.0,,False
407,IRM,Iron Mountain Incorporated (De,Real Estate,REIT - Specialty,Core,36.3,121.96,125.12,14.0,18.0,10.0,0.0,ok,-5.0,ok,7.95,,False,37.0,45.6,-1.4,21.6,55.0,,46.9,14.1,24.8,0.331,0.397,BMNR,,126,18.0,16.0,,False
408,ADM,Archer-Daniels-Midland Company,Consumer Defensive,Farm Products,Core,37.4,77.51,80.24,11.5,16.9,10.0,0.0,ok,-1.5,ok,2.75,,False,36.9,13.6,3.1,7.2,6.9,7.6,23.4,11.3,5.9,-0.061,0.146,GOOG,,126,16.9,16.0,,False
409,AMGN,Amgen Inc.,Healthcare,Drug Manufacturers - General,Core,219.0,404.85,384.61,19.5,8.8,10.0,0.0,ok,-1.5,ok,2.68,,False,36.8,16.9,3.4,5.8,71.4,101.3,74.8,18.1,-1.7,0.011,0.133,BMNR,,126,8.8,17.0,,False
410,BMNR,BitMine Immersion Technologies,Financial Services,Capital Markets,Growth,11.0,18.3,17.38,14.0,14.8,10.0,-2.0,ok,0.0,financial_na,,,False,36.8,19.5,-4.7,2167.8,84.4,-150.9,61.8,-25.8,-8.2,0.561,0.489,NVDA,,126,14.8,16.0,,True
411,CHD,"Church & Dwight Company, Inc.",Consumer Defensive,Household & Personal Products,Core,24.5,103.36,98.19,16.0,11.3,10.0,0.0,ok,-0.5,ok,1.6,,False,36.8,25.6,3.8,1.6,45.6,17.0,65.7,11.1,-10.0,-0.129,0.242,AVGO,,126,11.3,17.0,,False
412,AIZ,"Assurant, Inc.",Financial Services,Insurance - Property & Casualt,Core,14.7,296.4,281.58,14.0,12.7,10.0,0.0,ok,0.0,financial_na,,,False,36.7,12.9,,9.4,13.1,18.3,69.2,24.4,9.3,0.021,0.094,AVGO,,126,12.7,14.0,,False
413,LEN,Lennar Corporation,Consumer Cyclical,Residential Construction,Core,20.4,84.82,87.6,12.0,15.2,10.0,0.0,ok,-0.5,ok,1.92,,False,36.7,13.1,5.3,-5.2,16.4,7.4,52.1,-16.7,-39.5,0.133,0.208,GOOG,,126,15.2,11.0,,False
414,COO,"The Cooper Companies, Inc.",Healthcare,Medical Instruments & Supplies,Core,14.3,73.32,69.65,14.5,13.7,10.0,0.0,ok,-1.5,ok,2.92,,False,36.7,14.7,3.0,7.9,65.6,2.9,58.8,0.2,-21.9,0.021,0.187,GOOG,,126,13.7,17.0,,False
415,SJM,The J.M. Smucker Company,Consumer Defensive,Packaged Foods,Core,12.7,118.8,112.86,16.0,13.1,10.0,0.0,ok,-2.5,ok,3.67,,False,36.6,11.1,7.9,5.8,34.3,-2.4,61.3,14.8,-2.4,-0.261,0.339,AVGO,,126,13.1,16.0,,False
416,PH,Parker-Hannifin Corporation,Industrials,Specialty Industrial Machinery,Core,134.9,1069.8,1016.31,18.5,8.6,10.0,0.0,ok,-0.5,ok,1.66,,False,36.6,28.6,2.1,10.6,37.4,24.8,77.6,17.5,-2.4,0.138,0.307,NVDA,,126,8.6,14.0,,False
417,DRI,"Darden Restaurants, Inc.",Consumer Cyclical,Restaurants,Core,24.1,210.94,203.81,18.0,11.0,10.0,0.0,ok,-2.5,ok,3.7,,False,36.5,17.0,3.3,13.7,21.7,53.7,64.3,7.7,-13.9,-0.043,0.105,MSFT,,126,11.0,11.0,,False
418,WELL,Welltower Inc.,Real Estate,REIT - Healthcare Facilities,Growth,170.1,236.0,225.36,14.0,16.0,10.0,0.0,ok,-3.5,ok,5.32,,False,36.5,72.1,1.6,39.1,39.6,3.8,40.7,15.4,11.0,-0.251,0.277,AVGO,,126,16.0,15.0,,False
419,CHTR,"Charter Communications, Inc.",Communication Services,Telecom Services,Core,21.2,157.44,149.57,19.0,10.9,10.0,0.0,ok,-3.5,ok,4.41,,False,36.4,3.6,10.4,-1.7,55.2,27.2,74.5,-17.2,-43.0,0.009,0.173,NVDA,,126,10.9,16.0,,False
420,CAG,"ConAgra Brands, Inc.",Consumer Defensive,Packaged Foods,Speculative,7.1,14.85,14.11,14.5,15.4,10.0,0.0,ok,-3.5,ok,4.17,,False,36.4,9.6,12.1,3.6,24.0,-25.1,57.4,-5.2,-35.5,-0.163,0.31,AVGO,,126,15.4,16.0,,False
421,HSIC,"Henry Schein, Inc.",Healthcare,Medical Distribution,Speculative,9.8,88.23,83.82,14.5,14.4,10.0,0.0,ok,-2.5,ok,3.39,,False,36.4,14.7,4.5,6.7,31.3,8.9,51.6,14.9,1.2,0.132,0.179,GOOG,,126,14.4,15.0,,False
422,ETR,Entergy Corporation,Utilities,Utilities - Regulated Electric,Core,49.7,106.49,111.86,12.0,17.9,10.0,0.0,ok,-3.5,ok,5.56,,False,36.4,20.9,-8.9,5.9,47.0,10.2,31.0,2.7,-2.2,-0.149,0.221,MSFT,,126,17.9,19.0,,False
423,EMR,Emerson Electric Company,Industrials,Specialty Industrial Machinery,Core,87.5,156.91,149.06,16.0,11.9,10.0,0.0,ok,-1.5,ok,2.09,,False,36.4,21.9,3.7,2.9,52.7,12.3,68.6,12.5,-8.6,0.394,0.379,NVDA,,126,11.9,15.0,,False
424,WAT,Waters Corporation,Healthcare,Diagnostics & Research,Growth,39.2,399.7,379.72,17.0,11.9,10.0,0.0,ok,-2.5,ok,3.15,,False,36.4,24.2,,113.3,56.3,1.9,65.9,12.4,-7.4,0.131,0.162,AVGO,,126,11.9,16.0,,False
425,DPZ,Domino's Pizza Inc,Consumer Cyclical,Restaurants,Core,11.9,358.43,340.51,15.5,14.4,10.0,0.0,ok,-3.5,ok,4.84,,False,36.4,17.2,4.5,4.3,28.7,,68.5,-3.2,-21.8,-0.003,0.2,AVGO,,126,14.4,11.0,,False
426,ATO,Atmos Energy Corporation,Utilities,Utilities - Regulated Gas,Core,28.7,171.98,173.4,11.5,17.3,10.0,0.0,ok,-2.5,ok,3.74,,False,36.3,19.1,-7.7,0.6,61.0,9.6,33.7,-2.1,-12.6,-0.312,0.311,MSFT,,126,17.3,20.0,,False
427,MCK,McKesson Corporation,Healthcare,Medical Distribution,Core,102.0,871.38,827.81,13.0,13.3,10.0,0.0,ok,0.0,ok,0.7,,False,36.3,17.3,5.5,6.0,3.6,,56.8,4.1,-22.4,-0.274,0.224,BMNR,,126,13.3,15.0,,False
428,REGN,"Regeneron Pharmaceuticals, Inc",Healthcare,Biotechnology,Core,79.5,772.11,733.5,17.0,9.3,10.0,0.0,ok,0.0,ok,-1.12,,False,36.3,12.8,3.9,16.7,44.5,14.0,79.9,8.3,-12.6,0.228,0.274,BMNR,,126,9.3,16.0,,False
429,HUBB,Hubbell Inc,Industrials,Electrical Equipment & Parts,Core,26.8,507.73,490.26,16.0,12.8,10.0,0.0,ok,-2.5,ok,3.41,,False,36.3,22.2,1.8,15.3,35.3,24.4,57.0,5.4,-9.0,0.211,0.351,NVDA,,126,12.8,14.0,,False
430,PNR,Pentair plc.,Industrials,Specialty Industrial Machinery,Core,11.2,69.9,71.01,15.5,11.2,10.0,0.0,ok,-0.5,ok,1.62,,False,36.2,13.5,5.0,-17.0,41.4,17.1,76.7,-22.4,-39.6,0.164,0.249,NVDA,,126,11.2,15.0,,False
431,AWK,"American Water Works Company, ",Utilities,Utilities - Regulated Water,Core,26.8,134.82,129.98,13.0,16.7,10.0,0.0,ok,-3.5,ok,5.44,,False,36.2,20.5,-6.7,6.2,61.5,10.1,49.3,3.6,-4.6,-0.424,0.38,AVGO,,126,16.7,20.0,,False
432,SWK,"Stanley Black & Decker, Inc.",Industrials,Tools & Accessories,Core,15.3,101.04,95.99,15.5,12.2,10.0,0.0,ok,-1.5,ok,2.58,,False,36.2,15.8,9.3,0.4,32.2,6.9,69.0,29.2,6.0,0.242,0.261,GOOG,,126,12.2,14.0,,False
433,BDX,"Becton, Dickinson and Company",Healthcare,Medical Instruments & Supplies,Core,48.8,177.07,168.22,17.0,10.7,10.0,0.0,ok,-1.5,ok,2.67,,False,36.2,13.2,9.3,5.2,47.1,6.7,76.7,14.3,-3.6,0.004,0.167,AVGO,,126,10.7,16.0,,False
434,IEX,IDEX Corporation,Industrials,Specialty Industrial Machinery,Core,17.2,233.71,222.64,16.0,10.7,10.0,0.0,ok,-0.5,ok,1.31,,False,36.2,24.7,3.2,6.4,44.7,13.0,63.2,17.5,-3.7,0.143,0.208,AVGO,,126,10.7,15.0,,False
435,RVTY,"Revvity, Inc.",Healthcare,Diagnostics & Research,Core,12.7,114.24,108.53,16.0,11.7,10.0,0.0,ok,-1.5,ok,2.67,,False,36.2,19.4,4.7,1.3,55.0,3.2,56.2,15.1,1.5,0.243,0.197,BMNR,,126,11.7,16.0,,False
436,HLT,Hilton Worldwide Holdings Inc.,Consumer Cyclical,Lodging,Core,72.5,321.98,332.74,14.0,15.6,10.0,0.0,ok,-3.5,ok,4.21,,False,36.1,30.8,1.9,2.5,79.0,,50.6,4.9,-9.1,0.248,0.311,GOOG,,126,15.6,13.0,,False
437,REG,Regency Centers Corporation,Real Estate,REIT - Retail,Core,14.4,76.96,79.66,13.5,16.1,10.0,0.0,ok,-3.5,ok,4.63,,False,36.1,30.5,,8.9,71.5,8.2,16.7,2.8,-10.5,-0.175,0.24,AVGO,,126,16.1,17.0,,False
438,PPL,PPL Corporation,Utilities,Utilities - Regulated Electric,Core,26.0,34.62,35.79,11.5,18.0,10.0,0.0,ok,-3.5,ok,5.22,,False,36.0,16.4,-6.2,10.8,43.3,8.3,32.6,-4.6,-15.6,-0.226,0.269,AVGO,,126,18.0,19.0,,False
439,WULF,TeraWulf Inc.,Financial Services,Capital Markets,Speculative,8.7,17.61,22.78,7.0,20.9,10.0,-2.0,ok,0.0,financial_na,,,False,35.9,90.3,-3.2,-1.1,,-2215.9,47.9,-0.0,34.4,0.559,0.548,BMNR,,126,20.9,16.0,,False
440,XYZ,"Block, Inc.",Technology,Software - Infrastructure,Core,47.0,79.02,76.49,9.5,16.3,10.0,0.0,ok,0.0,ok,0.52,,False,35.8,15.4,-1.7,4.9,45.1,3.7,48.1,16.5,34.6,0.419,0.347,BMNR,,126,16.3,16.0,,False
441,CAH,"Cardinal Health, Inc.",Healthcare,Medical Distribution,Core,55.7,237.66,225.78,15.0,11.3,10.0,0.0,ok,-0.5,ok,1.25,,False,35.8,19.7,8.7,11.0,3.8,,60.0,13.2,-8.5,-0.184,0.17,AVGO,,126,11.3,15.0,,False
442,SO,Southern Company (The),Utilities,Utilities - Regulated Electric,Core,106.9,92.9,94.44,12.5,16.8,10.0,0.0,ok,-3.5,ok,5.2,,False,35.8,18.9,-3.7,0.1,48.3,11.5,38.9,1.2,-9.8,-0.32,0.312,NVDA,,126,16.8,19.0,,False
443,AEP,American Electric Power Compan,Utilities,Utilities - Regulated Electric,Core,68.2,125.26,131.38,12.0,17.2,10.0,0.0,ok,-3.5,ok,5.86,,False,35.7,18.3,-8.8,7.0,46.4,10.1,31.0,-0.1,-8.0,-0.263,0.262,MSFT,,126,17.2,19.0,,False
444,IR,Ingersoll Rand Inc.,Industrials,Specialty Industrial Machinery,Core,34.2,88.24,83.83,14.5,11.7,10.0,0.0,ok,-0.5,ok,1.85,,False,35.7,22.6,3.2,8.5,42.8,9.5,65.1,8.0,-21.4,0.233,0.265,BMNR,,126,11.7,15.0,,False
445,NCLH,Norwegian Cruise Line Holdings,Consumer Cyclical,Travel Services,Speculative,8.9,19.37,19.56,14.5,16.1,10.0,0.0,ok,-5.0,ok,6.08,,False,35.6,11.3,-18.9,4.9,42.5,36.7,49.5,-4.2,-24.1,0.264,0.371,GOOG,,126,16.1,14.0,,False
446,YUM,"Yum! Brands, Inc.",Consumer Cyclical,Restaurants,Core,41.6,152.28,153.44,14.0,14.0,10.0,0.0,ok,-2.5,ok,3.8,,False,35.5,20.4,2.0,12.3,45.3,,58.0,-1.1,-18.4,-0.065,0.125,AVGO,,126,14.0,12.0,,False
447,MDLZ,"Mondelez International, Inc.",Consumer Defensive,Confectioners,Core,80.1,62.75,61.09,16.0,12.0,10.0,0.0,ok,-2.5,ok,3.35,,False,35.5,18.7,2.8,4.1,31.1,13.3,57.2,7.7,-8.5,-0.29,0.306,AVGO,,126,12.0,16.0,,False
448,TMO,Thermo Fisher Scientific Inc,Healthcare,Diagnostics & Research,Core,214.5,580.02,551.02,17.0,11.0,10.0,0.0,ok,-2.5,ok,3.28,,False,35.5,21.1,2.9,10.5,41.0,13.5,70.6,9.2,-6.4,0.163,0.192,MSFT,,126,11.0,16.0,,False
449,WEC,"WEC Energy Group, Inc.",Utilities,Utilities - Regulated Electric,Core,35.2,107.97,113.39,12.0,16.9,10.0,0.0,ok,-3.5,ok,5.79,,False,35.4,18.0,-6.7,2.6,41.9,12.0,29.7,-2.9,-15.3,-0.309,0.325,AVGO,,126,16.9,19.0,,False
450,DELL,Dell Technologies Inc.,Technology,Computer Hardware,Growth,282.8,437.65,415.77,13.0,12.9,10.0,0.0,ok,-0.5,ok,1.45,,False,35.4,20.0,1.9,87.5,19.2,,57.5,99.1,267.0,0.303,0.354,AVGO,,126,12.9,13.0,,False
451,BEN,"Franklin Resources, Inc.",Financial Services,Asset Management,Core,17.3,34.0,32.87,11.5,13.8,10.0,0.0,ok,0.0,financial_na,,,False,35.3,10.8,-17.3,14.3,37.7,7.9,58.3,25.6,14.8,0.466,0.409,GOOG,,126,13.8,14.0,,False
452,TSCO,Tractor Supply Company,Consumer Cyclical,Specialty Retail,Core,17.9,34.09,32.39,14.5,13.2,10.0,0.0,ok,-2.5,ok,3.27,,False,35.2,16.6,0.6,2.3,36.5,39.5,69.8,-22.2,-50.6,0.069,0.125,BMNR,,126,13.2,11.0,,False
453,FAST,Fastenal Company,Industrials,Industrial Distribution,Core,58.3,50.8,48.26,17.0,8.2,10.0,0.0,ok,0.0,ok,0.12,,False,35.2,36.4,1.6,14.7,44.7,34.3,77.5,15.0,-5.5,0.009,0.15,GOOG,,126,8.2,15.0,,False
454,PKG,Packaging Corporation of Ameri,Consumer Cyclical,Packaging & Containers,Core,22.5,252.75,240.11,16.0,10.7,10.0,0.0,ok,-1.5,ok,2.0,,False,35.2,19.9,,14.7,20.8,,68.0,16.2,-3.8,0.086,0.154,NVDA,,126,10.7,11.0,,False
455,OKE,"ONEOK, Inc.",Energy,Oil & Gas Midstream,Cyclical,55.4,87.93,88.96,13.0,15.7,10.0,0.0,ok,-3.5,ok,4.46,,False,35.2,14.1,0.8,19.6,29.6,15.9,32.4,8.3,-2.8,-0.326,0.263,GOOG,,126,15.7,12.0,,False
456,IP,International Paper Company,Consumer Cyclical,Packaging & Containers,Core,21.5,40.53,38.5,14.5,12.1,10.0,0.0,ok,-1.5,ok,2.34,,False,35.1,13.8,8.2,,29.6,-16.5,58.7,5.8,-21.2,0.13,0.24,NVDA,,126,12.1,11.0,,False
457,NBIS,Nebius Group N.V.,Communication Services,Internet Content & Information,Growth,48.2,189.88,223.94,15.0,16.1,10.0,-2.0,ok,-4.0,neg_ebitda_debt,,,False,35.1,,-12.8,683.9,72.1,14.1,52.7,32.8,143.6,0.501,0.478,NVDA,,126,16.1,15.0,,False
458,NI,NiSource Inc,Utilities,Utilities - Regulated Gas,Core,20.8,43.38,46.39,11.5,17.1,10.0,0.0,ok,-3.5,ok,5.61,,False,35.1,19.3,-7.5,8.2,50.7,9.1,31.5,-3.5,-14.0,-0.098,0.119,AVGO,,126,17.1,19.0,,False
459,BRK-B,Berkshire Hathaway Inc. New,Financial Services,Insurance - Diversified,Core,1131.5,524.61,498.38,16.0,9.1,10.0,0.0,ok,0.0,financial_na,,,False,35.1,24.3,5.4,4.4,27.8,10.5,88.4,6.9,-9.3,-0.047,0.143,AVGO,,126,9.1,14.0,,False
460,BLDR,"Builders FirstSource, Inc.",Industrials,Building Products & Equipment,Speculative,7.8,72.51,76.56,13.5,15.1,10.0,0.0,ok,-3.5,ok,5.06,,False,35.1,16.2,6.0,-8.8,29.2,2.5,47.1,-23.5,-53.0,0.228,0.325,NVDA,,126,15.1,14.0,,False
461,FE,FirstEnergy Corp.,Utilities,Utilities - Regulated Electric,Core,27.4,47.37,47.66,11.5,17.0,10.0,0.0,ok,-3.5,ok,5.33,,False,35.0,16.0,-7.3,8.8,68.6,9.5,38.7,0.9,-10.6,-0.225,0.293,AVGO,,126,17.0,20.0,,False
462,MDB,"MongoDB, Inc.",Technology,Software - Infrastructure,Core,29.8,370.0,351.5,13.0,12.0,10.0,0.0,ok,0.0,neg_ebitda_low_debt,,,False,35.0,50.4,1.7,25.2,72.0,-1.0,72.5,10.6,-0.1,0.386,0.412,MSFT,,126,12.0,17.0,,False
463,AEE,Ameren Corporation,Utilities,Utilities - Regulated Electric,Core,30.0,108.27,110.8,11.0,17.4,10.0,0.0,ok,-3.5,ok,5.57,,False,34.9,18.6,-6.0,-6.2,52.4,11.9,37.8,1.2,-9.4,-0.268,0.28,AVGO,,126,17.4,19.0,,False
464,SLB,SLB Limited,Energy,Oil & Gas Equipment & Services,Cyclical,76.5,51.54,50.29,13.0,12.4,10.0,0.0,ok,-0.5,ok,1.18,,False,34.9,15.8,3.9,5.0,17.0,12.9,64.2,9.7,-8.7,0.131,0.18,NVDA,,126,12.4,14.0,,False
465,SW,Smurfit WestRock plc,Consumer Cyclical,Packaging & Containers,Core,24.6,46.93,44.58,13.0,13.3,10.0,0.0,ok,-1.5,ok,2.95,,False,34.8,14.0,4.9,1.1,18.2,2.7,56.7,14.7,-2.5,0.157,0.232,NVDA,,126,13.3,11.0,,False
466,NEE,"NextEra Energy, Inc.",Utilities,Utilities - Regulated Electric,Core,176.5,84.6,87.17,14.0,15.8,10.0,0.0,ok,-5.0,ok,7.35,,False,34.8,19.1,-10.1,12.4,61.0,11.7,29.2,-3.2,-17.9,-0.092,0.249,MSFT,,126,15.8,20.0,,False
467,DGX,Quest Diagnostics Incorporated,Healthcare,Diagnostics & Research,Core,26.3,238.5,226.58,15.5,10.7,10.0,0.0,ok,-1.5,ok,2.55,,False,34.7,19.8,3.5,10.2,33.2,14.6,81.9,22.8,11.2,-0.264,0.261,AVGO,,126,10.7,15.0,,False
468,NUE,Nucor Corporation,Basic Materials,Steel,Cyclical,61.9,272.0,258.4,14.0,10.6,10.0,0.0,ok,0.0,ok,0.78,,False,34.6,14.4,1.1,23.0,15.6,14.5,74.6,40.5,32.9,0.217,0.256,NVDA,,126,10.6,11.0,,False
469,SBUX,Starbucks Corporation,Consumer Cyclical,Restaurants,Core,119.9,105.16,102.43,13.0,14.1,10.0,0.0,ok,-2.5,ok,3.34,,False,34.6,33.8,2.6,-1.4,22.3,,48.6,11.1,-2.6,0.207,0.199,AVGO,,126,14.1,11.0,,False
470,CBRE,CBRE Group Inc,Real Estate,Real Estate Services,Core,42.7,147.45,140.08,14.0,14.1,10.0,0.0,ok,-3.5,ok,4.21,,False,34.6,16.3,3.8,15.5,18.6,15.8,60.8,-0.3,-24.7,0.205,0.253,MSFT,,126,14.1,17.0,,False
471,RGTI,"Rigetti Computing, Inc.",Technology,Computer Hardware,Growth,5.5,16.53,18.68,11.0,15.6,10.0,-2.0,ok,0.0,neg_ebitda_low_debt,,,False,34.6,,-0.1,198.9,,-57.1,60.7,-22.3,-3.0,0.555,0.578,BMNR,,126,15.6,13.0,,False
472,NDSN,Nordson Corporation,Industrials,Specialty Industrial Machinery,Core,17.2,308.98,293.53,16.0,10.0,10.0,0.0,ok,-1.5,ok,2.05,,False,34.5,24.6,3.3,8.5,55.2,17.1,71.6,14.6,-3.7,0.272,0.33,AVGO,,126,10.0,15.0,,False
473,HRL,Hormel Foods Corporation,Consumer Defensive,Packaged Foods,Core,13.8,25.09,24.68,10.5,14.0,10.0,0.0,ok,0.0,ok,-0.26,,False,34.5,16.1,3.4,-2.9,15.8,5.8,45.9,8.7,-12.0,-0.087,0.158,AVGO,,126,14.0,16.0,,False
474,PSKY,Paramount Skydance Corporation,Communication Services,Entertainment,Core,10.2,9.06,9.55,14.5,13.5,10.0,0.0,ok,-3.5,ok,4.74,,False,34.5,10.5,,2.2,32.6,-0.8,55.6,-21.5,-26.8,0.093,0.117,MSFT,,126,13.5,13.0,fcf_yield_out_of_range(161.3),False
475,TSLA,"Tesla, Inc.",Consumer Cyclical,Auto Manufacturers,Core,1262.0,319.53,382.68,11.0,15.4,10.0,-2.0,ok,0.0,ok,-2.55,,False,34.4,144.0,0.4,25.5,18.9,4.7,27.8,-21.9,-33.0,0.551,0.464,BMNR,,126,15.4,11.0,,False
476,GPC,Genuine Parts Company,Consumer Cyclical,Auto Parts,Core,18.3,132.79,126.15,14.5,11.4,10.0,0.0,ok,-1.5,ok,2.97,,False,34.4,16.0,5.0,6.0,37.6,0.7,61.8,12.2,-21.8,0.034,0.13,GOOG,,126,11.4,11.0,,False
477,LNT,Alliant Energy Corporation,Utilities,Utilities - Regulated Electric,Core,18.0,69.52,73.75,12.0,17.4,10.0,0.0,ok,-5.0,ok,6.61,,False,34.4,18.9,-6.3,1.0,44.5,11.1,23.3,-0.4,-8.6,-0.286,0.28,AVGO,,126,17.4,19.0,,False
478,SMCI,"Super Micro Computer, Inc.",Technology,Computer Hardware,Growth,19.0,29.38,32.0,12.0,15.8,10.0,0.0,ok,-3.5,ok,4.97,,False,34.3,8.9,-39.2,122.7,8.4,17.9,62.1,-9.1,-18.2,0.479,0.512,NVDA,,126,15.8,13.0,,False
479,PCAR,PACCAR Inc.,Industrials,Farm & Heavy Construction Mach,Core,69.5,132.06,125.46,13.0,11.8,10.0,0.0,ok,-0.5,ok,1.88,,False,34.3,18.5,2.8,0.5,13.7,12.8,59.6,13.8,-9.2,0.209,0.26,NVDA,,126,11.8,14.0,,False
480,CPT,Camden Property Trust,Real Estate,REIT - Residential,Core,11.0,110.74,112.56,11.0,16.8,10.0,0.0,ok,-3.5,ok,5.4,,False,34.3,,1.3,-0.8,61.6,7.9,42.6,4.6,-8.4,-0.156,0.287,AVGO,,126,16.8,17.0,,False
481,TSN,"Tyson Foods, Inc.",Consumer Defensive,Farm Products,Core,20.6,58.54,58.23,11.0,15.7,10.0,0.0,ok,-2.5,ok,3.13,,False,34.2,13.2,4.6,-0.1,5.6,3.3,53.1,-2.1,-22.9,-0.083,0.217,NVDA,,126,15.7,16.0,,False
482,EVRG,"Evergy, Inc.",Utilities,Utilities - Regulated Electric,Core,19.1,83.02,84.5,10.5,17.1,10.0,0.0,ok,-3.5,ok,5.69,,False,34.1,18.2,-5.8,5.0,52.3,8.9,35.3,4.1,-5.5,-0.29,0.32,AVGO,,126,17.1,19.0,,False
483,UCTT,"Ultra Clean Holdings, Inc.",Technology,Semiconductor Equipment & Mate,Speculative,3.8,83.14,99.28,9.0,17.5,10.0,0.0,ok,-2.5,ok,3.74,,False,34.0,14.2,-2.2,24.3,15.8,-1.6,44.3,34.3,76.1,0.365,0.444,AVGO,,126,17.5,13.0,,False
484,JCI,Johnson Controls International,Industrials,Building Products & Equipment,Core,93.6,154.55,146.82,16.0,9.5,10.0,0.0,ok,-1.5,ok,2.04,,False,34.0,25.8,3.2,9.3,36.7,14.3,78.5,17.6,3.6,0.278,0.433,AVGO,,126,9.5,14.0,,False
485,BALL,Ball Corporation,Consumer Cyclical,Packaging & Containers,Core,16.7,63.13,60.09,14.0,12.5,10.0,0.0,ok,-2.5,ok,3.41,,False,34.0,14.0,2.3,19.7,18.6,17.2,52.1,9.9,-17.7,-0.008,0.131,GOOG,,126,12.5,11.0,,False
486,IFF,International Flavors & Fragra,Basic Materials,Specialty Chemicals,Cyclical,21.6,84.55,80.32,14.5,12.0,10.0,0.0,ok,-2.5,ok,3.14,,False,34.0,17.6,17.2,-3.6,36.3,6.1,62.7,17.2,2.4,0.12,0.207,GOOG,,126,12.0,11.0,,False
487,CNP,"CenterPoint Energy, Inc (Holdi",Utilities,Utilities - Regulated Electric,Core,26.8,40.67,43.05,11.5,17.4,10.0,0.0,ok,-5.0,ok,6.28,,False,33.9,19.5,-19.4,10.7,47.0,9.8,30.7,-1.5,-11.7,-0.287,0.3,AVGO,,126,17.4,19.0,,False
488,TDY,Teledyne Technologies Incorpor,Technology,Scientific & Technical Instrum,Core,31.9,687.52,653.14,14.5,9.9,10.0,0.0,ok,-0.5,ok,1.06,,False,33.9,25.8,2.9,9.8,43.3,9.2,71.7,14.4,-4.0,0.423,0.422,NVDA,,126,9.9,14.0,,False
489,AEHR,Aehr Test Systems,Technology,Semiconductor Equipment & Mate,Growth,3.3,99.74,94.75,10.5,13.3,10.0,0.0,ok,0.0,neg_ebitda_low_debt,,,False,33.8,72.1,-0.1,33.7,35.3,-4.2,57.9,82.8,320.2,0.484,0.505,AVGO,,126,13.3,13.0,,False
490,CRWV,"CoreWeave, Inc.",Technology,Software - Infrastructure,Growth,46.6,85.33,92.4,12.5,18.2,10.0,-2.0,ok,-5.0,ok,10.87,,False,33.7,,-18.4,111.6,69.4,-40.7,58.2,-9.1,0.9,0.565,0.529,NVDA,,126,18.2,17.0,,False
491,CARR,Carrier Global Corporation,Industrials,Building Products & Equipment,Core,52.7,63.96,68.27,10.5,15.6,10.0,0.0,ok,-2.5,ok,3.57,,False,33.6,19.4,1.6,3.9,24.7,9.0,39.3,5.2,-11.7,0.207,0.281,GOOG,,126,15.6,14.0,,False
492,ED,"Consolidated Edison, Inc.",Utilities,Utilities - Regulated Electric,Core,40.2,108.95,109.29,11.0,16.1,10.0,0.0,ok,-3.5,ok,4.49,,False,33.6,16.8,-2.1,6.2,53.2,8.7,37.3,3.4,-11.7,-0.476,0.417,AVGO,,126,16.1,19.0,,False
493,EXC,Exelon Corporation,Utilities,Utilities - Regulated Electric,Core,46.7,45.32,46.25,10.5,18.0,10.0,0.0,ok,-5.0,ok,6.09,,False,33.5,14.9,-5.8,9.9,42.4,9.7,41.4,-1.4,-9.7,-0.333,0.31,AVGO,,126,18.0,19.0,,False
494,BXP,"BXP, Inc.",Real Estate,REIT - Office,Core,12.3,68.81,66.6,13.5,15.0,10.0,0.0,ok,-5.0,ok,9.65,,False,33.5,32.9,,3.8,56.9,5.3,46.3,8.8,-3.0,0.165,0.22,BMNR,,126,15.0,16.0,,False
495,DUK,Duke Energy Corporation (Holdi,Utilities,Utilities - Regulated Electric,Core,96.6,123.9,125.49,11.0,15.9,10.0,0.0,ok,-3.5,ok,5.51,,False,33.4,17.3,-4.6,1.1,52.0,9.9,46.1,0.5,-11.3,-0.422,0.375,AVGO,,126,15.9,19.0,,False
496,MOS,Mosaic Company (The),Basic Materials,Agricultural Inputs,Cyclical,7.5,23.46,22.29,9.0,15.8,10.0,0.0,ok,-1.5,ok,2.75,,False,33.3,13.9,-3.9,14.4,13.3,0.6,61.0,-5.3,-28.2,0.194,0.234,AVGO,,126,15.8,11.0,,False
497,J,Jacobs Solutions Inc.,Industrials,Engineering & Construction,Core,16.9,144.03,136.83,13.5,12.3,10.0,0.0,ok,-2.5,ok,3.11,,False,33.3,17.5,3.0,27.0,23.4,9.4,68.2,7.9,-12.9,0.166,0.146,BMNR,,126,12.3,14.0,,False
498,STLD,"Steel Dynamics, Inc.",Basic Materials,Steel,Growth,37.5,261.48,250.44,12.5,11.2,10.0,0.0,ok,-0.5,ok,1.43,,False,33.2,13.9,0.6,33.4,14.7,17.6,70.9,30.4,22.5,0.22,0.241,AVGO,,126,11.2,11.0,,False
499,LUV,Southwest Airlines Company,Industrials,Airlines,Core,23.0,46.94,46.81,10.5,13.0,10.0,0.0,ok,-0.5,ok,1.33,,False,33.0,9.5,-3.6,16.4,22.4,11.1,46.4,11.9,-23.6,0.377,0.385,GOOG,,126,13.0,14.0,,False
500,COR,"Cencora, Inc.",Healthcare,Medical Distribution,Core,63.2,325.01,308.76,11.0,13.5,10.0,0.0,ok,-1.5,ok,2.44,,False,33.0,16.4,-0.5,3.8,3.8,107.1,64.7,0.4,-20.7,-0.172,0.179,GOOG,,126,13.5,15.0,,False
501,PCG,Pacific Gas & Electric Co.,Utilities,Utilities - Regulated Electric,Core,37.4,17.0,17.07,10.5,17.4,10.0,0.0,ok,-5.0,ok,6.1,,False,32.9,9.4,-16.4,0.1,39.8,9.3,44.9,1.9,-8.7,-0.106,0.145,MSFT,,126,17.4,18.0,,False
502,FCX,"Freeport-McMoRan, Inc.",Basic Materials,Copper,Cyclical,95.5,68.18,64.77,15.0,9.8,10.0,-2.0,ok,0.0,ok,0.66,,False,32.8,16.7,2.3,-7.3,38.3,14.8,70.3,18.6,2.0,0.513,0.524,NVDA,,126,9.8,11.0,,False
503,DOW,Dow Inc.,Basic Materials,Chemicals,Cyclical,21.9,30.3,30.96,9.0,16.2,10.0,0.0,ok,-2.5,ok,3.84,,False,32.7,16.4,1.1,19.7,9.8,-5.5,52.3,-0.6,-13.2,-0.085,0.196,GOOG,,126,16.2,11.0,,False
504,RCL,Royal Caribbean Cruises Ltd.,Consumer Cyclical,Travel Services,Core,85.7,320.55,304.52,15.0,10.1,10.0,0.0,ok,-2.5,ok,3.27,,False,32.6,15.8,-1.8,6.5,50.3,44.7,74.5,12.2,-14.6,0.383,0.388,GOOG,,126,10.1,14.0,,False
505,CMS,CMS Energy Corporation,Utilities,Utilities - Regulated Electric,Core,22.3,71.2,73.94,9.5,18.0,10.0,0.0,ok,-5.0,ok,6.32,,False,32.5,17.1,-9.8,-0.5,40.3,9.2,32.6,-2.9,-14.2,-0.352,0.32,MSFT,,126,18.0,19.0,,False
506,MET,"MetLife, Inc.",Financial Services,Insurance - Life,Core,64.3,99.95,94.95,10.5,12.0,10.0,0.0,ok,0.0,financial_na,,,False,32.5,9.1,-27.1,2.7,23.8,13.0,73.2,25.8,20.3,0.217,0.275,BMNR,,126,12.0,14.0,,False
507,HII,"Huntington Ingalls Industries,",Industrials,Aerospace & Defense,Core,12.7,321.76,305.67,10.5,13.4,10.0,0.0,ok,-1.5,ok,2.5,,False,32.4,15.5,-2.4,10.9,12.4,13.0,73.6,-7.3,-26.0,0.295,0.335,MSFT,,126,13.4,14.0,,False
508,QBTS,D-Wave Quantum Inc.,Technology,Computer Hardware,Speculative,7.2,19.41,22.12,6.0,18.4,10.0,-2.0,ok,0.0,neg_ebitda_low_debt,,,False,32.4,,-0.9,-80.9,,-55.3,57.7,-14.6,-0.7,0.579,0.59,BMNR,,126,18.4,15.0,,False
509,PNW,Pinnacle West Capital Corporat,Utilities,Utilities - Regulated Electric,Core,12.2,100.82,104.29,10.5,16.8,10.0,0.0,ok,-5.0,ok,7.68,,False,32.3,18.1,-7.6,7.1,43.4,9.4,18.2,4.3,-5.9,-0.322,0.325,AVGO,,126,16.8,19.0,,False
510,SRE,DBA Sempra,Utilities,Utilities - Diversified,Core,55.1,84.35,91.27,9.5,17.7,10.0,0.0,ok,-5.0,ok,6.34,,False,32.2,15.2,-51.2,-3.9,42.5,5.7,23.9,-7.7,-15.4,-0.169,0.206,MSFT,,126,17.7,19.0,,False
511,BA,Boeing Company (The),Industrials,Aerospace & Defense,Core,183.5,232.19,220.58,14.5,11.6,10.0,0.0,ok,-4.0,neg_ebitda_debt,,,False,32.1,56.2,3.1,8.0,4.7,173.5,61.8,6.1,-15.4,0.406,0.377,BMNR,,126,11.6,14.0,,False
512,LH,Labcorp Holdings Inc.,Healthcare,Diagnostics & Research,Core,25.6,316.53,300.7,14.5,9.1,10.0,0.0,ok,-1.5,ok,2.86,,False,32.1,16.0,3.5,5.8,28.9,11.7,73.2,17.9,0.6,-0.016,0.141,AVGO,,126,9.1,15.0,,False
513,KDP,Keurig Dr Pepper Inc.,Consumer Defensive,Beverages - Non-Alcoholic,Core,41.3,30.37,31.11,10.5,16.5,10.0,0.0,ok,-5.0,ok,6.3,,False,32.0,12.0,-39.6,9.4,53.8,6.3,44.3,6.6,-4.0,-0.129,0.154,AVGO,,126,16.5,17.0,,False
514,BG,Bunge Limited,Consumer Defensive,Farm Products,Growth,20.9,109.0,116.76,9.5,16.0,10.0,0.0,ok,-3.5,ok,5.21,,False,32.0,9.7,-30.9,88.3,4.9,7.2,32.7,-2.6,-17.2,-0.027,0.135,GOOG,,126,16.0,16.0,,False
515,D,"Dominion Energy, Inc.",Utilities,Utilities - Regulated Electric,Core,58.8,66.8,68.75,11.5,15.3,10.0,0.0,ok,-5.0,ok,6.43,,False,31.8,17.5,-15.6,17.6,46.2,8.3,26.7,6.0,-5.4,-0.166,0.19,MSFT,,126,15.3,19.0,,False
516,XEL,Xcel Energy Inc.,Utilities,Utilities - Regulated Electric,Core,48.1,76.97,79.31,9.5,17.2,10.0,0.0,ok,-5.0,ok,6.47,,False,31.7,17.0,-16.4,-5.1,46.8,9.9,38.6,-2.0,-11.5,-0.203,0.219,MSFT,,126,17.2,19.0,,False
517,BAX,Baxter International Inc.,Healthcare,Medical Instruments & Supplies,Core,14.0,27.01,25.66,14.5,9.6,10.0,0.0,ok,-2.5,ok,3.99,,False,31.6,13.1,7.2,5.3,34.1,-14.4,71.1,37.3,10.7,0.217,0.233,GOOG,,126,9.6,15.0,,False
518,DTE,DTE Energy Company,Utilities,Utilities - Regulated Electric,Core,29.1,139.97,147.0,9.5,17.1,10.0,0.0,ok,-5.0,ok,7.69,,False,31.6,16.7,-8.9,-1.5,29.3,11.0,28.2,-0.6,-9.8,-0.263,0.235,MSFT,,126,17.1,18.0,,False
519,CIFR,Cipher Digital Inc.,Technology,Information Technology Service,Speculative,7.6,18.21,23.09,7.5,20.7,10.0,-2.0,ok,-5.0,ok,49.67,,False,31.2,36.2,,-43.0,,-167.5,51.1,-2.4,30.0,0.51,0.476,AVGO,,126,20.7,15.0,,False
520,SOUN,"SoundHound AI, Inc.",Technology,Software - Application,Growth,3.1,7.08,6.87,11.5,13.6,10.0,-4.0,ok,0.0,neg_ebitda_low_debt,,,False,31.1,,-0.5,51.7,40.6,-39.4,62.4,-23.5,-17.1,0.663,0.568,BMNR,,126,13.6,16.0,,False
521,AES,The AES Corporation,Utilities,Utilities - Diversified,Core,10.5,14.7,14.71,9.0,16.4,10.0,0.0,ok,-5.0,ok,8.03,,False,30.4,6.2,-28.3,8.7,19.3,5.3,41.9,2.5,-18.0,0.007,0.079,AVGO,,126,16.4,18.0,,False
522,AMCR,Amcor plc,Consumer Cyclical,Packaging & Containers,Growth,21.8,47.06,44.71,12.0,11.9,10.0,0.0,ok,-3.5,ok,4.74,,False,30.4,11.0,0.7,77.4,19.1,8.7,64.0,12.3,-11.5,0.208,0.285,GOOG,,126,11.9,11.0,,False
523,AI,"C3.ai, Inc.",Technology,Software - Infrastructure,Speculative,1.5,9.86,9.62,6.0,16.4,10.0,-2.0,ok,0.0,neg_ebitda_low_debt,,,False,30.4,,-1.7,-52.5,,-63.0,68.2,-12.6,-16.3,0.598,0.524,BMNR,,126,16.4,15.0,,False
524,IREN,IREN LIMITED,Financial Services,Capital Markets,Core,13.6,37.93,47.71,9.5,12.3,10.0,-2.0,ok,0.0,financial_na,,,False,29.8,,-17.0,-0.0,68.4,7.7,55.8,-20.3,-18.1,0.58,0.52,BMNR,,126,12.3,16.0,,False
525,DE,Deere & Company,Industrials,Farm & Heavy Construction Mach,Core,166.0,614.84,594.86,10.0,12.9,10.0,0.0,ok,-3.5,ok,4.6,,False,29.4,27.0,0.7,-11.1,26.0,18.3,55.8,11.8,-4.4,0.013,0.233,MSFT,,126,12.9,14.0,,False
526,APLD,Applied Digital Corporation,Technology,Information Technology Service,Growth,8.3,28.86,36.22,9.5,15.9,10.0,-2.0,ok,-4.0,neg_ebitda_debt,,,False,29.4,,-59.7,406.6,25.9,-8.4,56.6,-11.3,-9.8,0.577,0.54,BMNR,,126,15.9,15.0,,False
527,OKLO,Oklo Inc.,Utilities,Utilities - Independent Power ,Speculative,7.3,42.19,51.67,6.0,15.3,10.0,-2.0,ok,0.0,neg_ebitda_low_debt,,,False,29.3,,-1.4,,0.0,-8.9,52.1,-42.4,-45.5,0.607,0.611,BMNR,,126,15.3,18.0,,False
528,CRL,Charles River Laboratories Int,Healthcare,Diagnostics & Research,Core,12.8,265.51,252.23,11.0,10.5,10.0,0.0,ok,-2.5,ok,3.39,,False,29.0,21.5,3.3,-2.7,34.7,-7.5,75.2,40.7,31.1,0.227,0.232,BMNR,,126,10.5,15.0,,False
529,SATS,EchoStar Corporation,Communication Services,Telecom Services,Core,30.1,97.39,122.33,7.5,16.4,10.0,0.0,ok,-5.0,ok,17.47,,False,28.9,,-1.5,-5.2,27.1,-112.3,34.2,-5.9,-22.3,0.363,0.391,BMNR,,98,16.4,15.0,,False
530,GM,General Motors Company,Consumer Cyclical,Auto Manufacturers,Core,78.6,86.94,82.59,14.0,9.6,10.0,0.0,ok,-5.0,ok,6.32,,False,28.6,5.9,27.9,1.9,10.2,3.2,71.8,11.6,-8.8,0.321,0.395,BMNR,,126,9.6,11.0,,False
531,APD,"Air Products and Chemicals, In",Basic Materials,Specialty Chemicals,Cyclical,66.8,299.92,289.92,10.5,12.3,10.0,0.0,ok,-5.0,ok,16.79,,False,27.8,20.8,-5.6,4.6,32.1,0.0,56.1,8.8,-7.0,-0.005,0.098,GOOG,,126,12.3,11.0,,False
532,BBAI,"BigBear.ai, Inc.",Technology,Information Technology Service,Speculative,1.4,3.01,3.59,7.5,13.7,10.0,-4.0,ok,0.0,neg_ebitda_low_debt,,,False,27.2,,-14.4,13.2,27.9,-16.6,56.0,-35.2,-39.6,0.658,0.563,BMNR,,126,13.7,15.0,,False
533,F,Ford Motor Company,Consumer Cyclical,Auto Manufacturers,Core,55.0,13.79,14.52,4.5,17.6,10.0,0.0,ok,-5.0,ok,18.47,,False,27.1,7.2,-14.4,-3.8,7.1,-18.3,43.8,4.4,-10.5,0.23,0.237,GOOG,,126,17.6,11.0,,False
534,WY,Weyerhaeuser Company,Real Estate,REIT - Specialty,Core,18.3,25.45,24.29,8.0,11.2,10.0,0.0,ok,-5.0,ok,7.15,,False,24.2,37.8,0.1,-0.9,14.5,5.0,57.8,6.0,-17.3,-0.063,0.179,MSFT,,126,11.2,15.0,,False
