rank,ticker,name,sector,industry,category,mcap_B,current_price,entry_level,fundamental,technical,visibility,corr_penalty,corr_status,leverage_penalty,lev_status,nd_ebitda,dte_pct,broken_base,composite,fwd_pe,fcf_yield_pct,rev_growth_pct,gross_margin_pct,roe_pct,rsi,ma200_dist_pct,rel_str_6m_pct,portfolio_corr,max_corr,max_corr_with,corr_null_reason,n_corr_obs,technical_precap,visibility_legacy,data_flags,in_portfolio
1,VRT,"Vertiv Holdings, LLC",Industrials,Electrical Equipment & Parts,Core,110.5,287.07,297.5,20.5,16.8,19.9,0.0,ok,0.0,ok,0.08,,False,57.2,31.6,2.4,24.1,38.0,43.9,48.9,14.5,7.3,0.372,0.503,AVGO,,126,16.8,20.0,,False
2,GEV,GE Vernova Inc.,Industrials,Specialty Industrial Machinery,Compounder,279.5,1049.42,1025.46,19.0,14.2,23.0,0.0,ok,0.0,ok,-2.29,,False,56.2,42.2,5.6,21.9,20.6,82.6,55.4,22.8,14.5,0.393,0.459,AVGO,,126,14.2,23.0,,False
3,AVGO,Broadcom Inc.,Technology,Semiconductors,Growth,1987.8,417.82,396.93,20.0,14.0,22.0,0.0,ok,-0.5,ok,1.08,,False,55.5,21.4,1.4,47.9,76.3,37.3,71.1,13.4,12.3,0.413,0.491,NVDA,,126,14.0,22.0,,True
4,TSM,Taiwan Semiconductor Manufactu,Technology,Semiconductors,Growth,2232.7,430.49,425.25,24.0,12.4,21.0,-2.0,ok,0.0,ok,-0.8,,False,55.4,19.8,,36.0,64.2,40.0,64.4,19.0,3.4,0.596,0.655,NVDA,,126,12.4,21.0,fcf_yield_out_of_range(33.1),False
5,GOOG,Alphabet Inc.,Communication Services,Internet Content & Information,Compounder,4206.4,343.94,352.55,19.0,14.9,20.0,0.0,ok,0.0,ok,-0.7,,False,53.9,23.3,0.5,24.2,60.9,48.7,62.5,4.2,-2.9,0.34,0.31,BMNR,,126,14.9,20.0,,True
6,POWL,"Powell Industries, Inc.",Industrials,Electrical Equipment & Parts,Speculative,7.4,204.04,250.3,17.5,17.3,18.0,0.0,ok,0.0,ok,-2.67,,False,52.8,30.0,2.6,8.9,30.1,28.3,36.8,4.7,-10.8,0.399,0.464,AVGO,,126,17.3,18.0,,False
7,META,"Meta Platforms, Inc.",Communication Services,Internet Content & Information,Core,1515.7,594.97,597.8,18.0,17.2,17.0,0.0,ok,0.0,ok,0.2,,False,52.2,17.1,1.4,28.0,81.7,29.8,49.9,-5.3,-22.5,0.404,0.379,GOOG,,126,17.2,15.0,,False
8,ANET,"Arista Networks, Inc.",Technology,Computer Hardware,Growth,256.8,203.62,193.44,19.0,12.9,20.0,0.0,ok,0.0,ok,-2.88,,False,51.9,39.5,1.5,37.7,63.0,31.5,66.0,37.5,36.6,0.44,0.558,AVGO,,126,12.9,20.0,,False
9,LMT,Lockheed Martin Corporation,Industrials,Aerospace & Defense,Compounder,138.0,598.01,568.11,18.0,11.6,22.0,0.0,ok,-0.5,ok,1.73,,False,51.1,18.3,4.0,10.5,11.8,89.2,58.0,9.2,-19.8,-0.11,0.181,AVGO,,126,11.6,22.0,,False
10,EOG,"EOG Resources, Inc.",Energy,Oil & Gas E&P,Growth,74.2,141.41,137.91,24.0,16.8,10.0,0.0,ok,0.0,ok,0.23,,False,50.8,9.7,6.0,58.7,62.6,22.5,44.5,13.4,6.8,-0.326,0.315,NVDA,,126,16.8,14.0,,False
11,NVDA,NVIDIA Corporation,Technology,Semiconductors,Growth,5457.0,225.3,214.04,20.0,12.7,20.0,-2.0,ok,0.0,ok,-0.24,,False,50.7,17.6,0.8,85.2,74.1,114.3,63.9,15.7,6.4,0.528,0.491,AVGO,,126,12.7,20.0,,True
12,CF,"CF Industries Holdings, Inc.",Basic Materials,Agricultural Inputs,Cyclical,17.7,117.05,114.92,22.0,18.3,10.0,0.0,ok,0.0,ok,0.29,,False,50.3,11.2,7.2,17.6,42.5,29.9,40.4,12.4,11.3,-0.341,0.321,GOOG,,126,18.3,12.0,,False
13,OXY,Occidental Petroleum Corporati,Energy,Oil & Gas E&P,Growth,57.7,57.7,54.82,22.5,17.5,10.0,0.0,ok,0.0,ok,0.76,,False,50.0,14.5,6.6,53.4,73.3,10.6,51.2,13.6,13.3,-0.281,0.312,GOOG,,126,17.5,14.0,,False
14,TPR,"Tapestry, Inc.",Consumer Cyclical,Luxury Goods,Core,25.9,128.39,146.55,23.0,17.1,10.0,0.0,ok,-0.5,ok,1.45,,False,49.6,16.4,5.9,21.2,76.2,60.9,38.3,-5.9,-29.8,0.231,0.257,GOOG,,126,17.1,13.0,,False
15,EBAY,eBay Inc.,Consumer Cyclical,Internet Retail,Core,46.5,104.58,110.68,20.5,19.5,10.0,0.0,ok,-0.5,ok,1.24,,False,49.5,15.6,3.4,14.8,72.1,46.6,43.7,7.7,18.0,0.173,0.222,GOOG,,126,19.5,13.0,,False
16,MSFT,Microsoft Corporation,Technology,Software - Infrastructure,Core,3689.6,496.88,472.04,18.0,13.1,17.9,0.0,ok,0.0,ok,0.27,,False,49.0,21.1,0.4,17.7,67.9,34.0,86.3,15.0,9.8,0.316,0.335,BMNR,,126,13.1,18.0,,True
17,NXPI,NXP Semiconductors N.V.,Technology,Semiconductors,Core,58.5,231.91,275.45,22.0,17.4,10.0,0.0,ok,-0.5,ok,1.53,,False,48.9,12.8,6.1,19.5,56.1,27.9,30.5,-3.9,-17.9,0.234,0.396,AVGO,,126,17.4,14.0,,False
18,APP,Applovin Corporation,Communication Services,Advertising Agencies,Growth,105.0,312.67,455.34,22.5,16.4,10.0,0.0,ok,0.0,ok,0.09,,False,48.9,14.7,3.0,52.8,88.5,203.7,32.6,-38.7,-28.9,0.405,0.345,BMNR,,126,16.4,15.0,,False
19,CEG,Constellation Energy Corporati,Utilities,Utilities - Independent Power ,Compounder,98.7,278.64,264.71,12.5,17.8,21.0,0.0,ok,-2.5,ok,3.02,,False,48.8,20.9,-6.7,23.0,22.1,15.1,53.4,-7.9,-12.9,0.19,0.24,AVGO,,126,17.8,21.0,,False
20,CINF,Cincinnati Financial Corporati,Financial Services,Insurance - Property & Casualt,Growth,26.5,172.67,176.58,22.0,16.8,10.0,0.0,ok,0.0,financial_na,,,False,48.8,19.1,11.3,31.6,31.1,21.5,29.9,4.2,-8.9,-0.165,0.311,AVGO,,126,16.8,14.0,,False
21,GDDY,GoDaddy Inc.,Technology,Software - Infrastructure,Core,12.7,100.5,95.48,22.0,17.2,10.0,0.0,ok,-0.5,ok,1.91,,False,48.7,9.1,9.5,6.6,63.8,442.9,56.5,1.7,-0.3,-0.056,0.168,AVGO,,126,17.2,17.0,,False
22,QCOM,QUALCOMM Incorporated,Technology,Semiconductors,Core,173.0,164.79,185.56,19.0,19.7,10.0,0.0,ok,0.0,ok,0.58,,False,48.7,16.1,5.9,-4.0,54.2,33.8,48.3,-2.0,5.6,0.291,0.406,AVGO,,126,19.7,14.0,,False
23,NOC,Northrop Grumman Corporation,Industrials,Aerospace & Defense,Compounder,81.6,574.74,546.0,16.0,13.1,21.0,0.0,ok,-1.5,ok,2.03,,False,48.6,18.9,3.0,5.1,20.1,27.0,73.0,-4.8,-31.2,-0.057,0.239,AVGO,,126,13.1,21.0,,False
24,SPGI,S&P Global Inc.,Financial Services,Financial Data & Stock Exchang,Core,124.6,422.67,422.25,19.5,18.9,10.0,0.0,ok,0.0,financial_na,,,False,48.4,20.9,4.4,10.4,70.9,14.3,47.6,-6.7,-7.5,0.115,0.343,MSFT,,126,18.9,16.0,,False
25,AMZN,"Amazon.com, Inc.",Consumer Cyclical,Internet Retail,Core,2859.8,265.13,251.87,17.0,16.4,17.0,-2.0,ok,0.0,ok,0.76,,False,48.4,25.5,0.1,19.6,50.8,30.6,67.7,11.6,18.7,0.583,0.632,GOOG,,126,16.4,17.0,,False
26,GD,General Dynamics Corporation,Industrials,Aerospace & Defense,Compounder,106.3,392.96,373.31,14.5,12.9,20.9,0.0,ok,0.0,ok,0.78,,False,48.3,21.2,4.1,8.1,15.4,17.8,56.7,12.1,1.7,-0.0,0.142,NVDA,,126,12.9,21.0,,False
27,SNDK,Sandisk Corporation,Technology,Computer Hardware,Growth,223.1,1528.11,1659.43,22.5,15.8,10.0,0.0,ok,0.0,ok,-0.38,,False,48.3,5.8,3.5,371.6,71.5,91.6,53.1,70.6,128.3,0.375,0.437,AVGO,,126,15.8,15.0,,False
28,TROW,"T. Rowe Price Group, Inc.",Financial Services,Asset Management,Core,23.7,111.3,113.13,20.5,17.5,10.0,0.0,ok,0.0,financial_na,,,False,48.0,10.8,8.5,10.7,51.6,19.4,39.7,9.1,7.1,0.26,0.313,BMNR,,126,17.5,15.0,,False
29,CBOE,"Cboe Global Markets, Inc.",Financial Services,Financial Data & Stock Exchang,Core,30.6,293.08,278.43,20.5,17.4,10.0,0.0,ok,0.0,financial_na,,,False,47.9,19.2,2.2,22.9,54.1,26.3,54.2,4.3,-5.6,-0.119,0.205,AVGO,,126,17.4,15.0,,False
30,DECK,Deckers Outdoor Corporation,Consumer Cyclical,Footwear & Accessories,Core,12.7,93.3,103.71,21.0,16.9,10.0,0.0,ok,0.0,ok,-0.85,,False,47.9,11.2,6.9,5.7,57.8,42.6,45.2,-8.6,-33.7,0.256,0.339,GOOG,,126,16.9,12.0,,False
31,NFLX,"Netflix, Inc.",Communication Services,Entertainment,Core,325.8,78.24,74.91,23.0,14.9,10.0,0.0,ok,0.0,ok,0.51,,False,47.9,20.5,7.8,13.4,49.1,49.5,73.7,-12.4,-11.0,0.107,0.195,MSFT,,126,14.9,14.0,,False
32,TLN,Talen Energy Corporation,Utilities,Utilities - Independent Power ,Growth,17.2,358.4,371.06,17.5,16.1,19.0,0.0,ok,-5.0,ok,16.05,,False,47.6,12.3,7.3,111.2,42.1,-12.8,49.5,-1.5,-16.7,0.35,0.361,AVGO,,126,16.1,19.0,,False
33,FDS,FactSet Research Systems Inc.,Financial Services,Financial Data & Stock Exchang,Core,10.2,287.18,272.82,21.0,16.5,10.0,0.0,ok,0.0,financial_na,,,False,47.5,14.6,6.1,6.4,51.4,27.0,67.0,16.4,28.8,0.018,0.334,MSFT,,126,16.5,15.0,,False
34,INCY,Incyte Corporation,Healthcare,Biotechnology,Growth,24.4,120.52,114.49,23.0,14.3,10.0,0.0,ok,0.0,ok,-2.32,,False,47.3,13.6,4.8,37.7,55.7,30.7,54.4,17.3,5.5,-0.09,0.179,AVGO,,126,14.3,16.0,,False
35,PGR,Progressive Corporation (The),Financial Services,Insurance - Property & Casualt,Core,121.4,208.87,213.39,19.5,17.7,10.0,0.0,ok,0.0,financial_na,,,False,47.2,12.8,12.4,7.3,18.5,34.9,41.7,0.8,-12.4,-0.325,0.348,NVDA,,126,17.7,14.0,,False
36,ALL,Allstate Corporation (The),Financial Services,Insurance - Property & Casualt,Core,65.9,260.48,247.46,22.0,15.2,10.0,0.0,ok,0.0,financial_na,,,False,47.2,9.5,23.0,11.8,36.8,46.1,50.4,20.4,12.6,-0.271,0.344,NVDA,,126,15.2,14.0,,False
37,MCO,Moody's Corporation,Financial Services,Financial Data & Stock Exchang,Core,84.6,488.42,473.13,20.5,16.5,10.0,0.0,ok,0.0,financial_na,,,False,47.0,25.8,3.0,15.1,75.0,76.9,64.8,3.8,4.1,0.173,0.336,MSFT,,126,16.5,16.0,,False
38,UBER,"Uber Technologies, Inc.",Technology,Software - Application,Core,155.0,75.88,72.17,21.0,16.4,10.0,0.0,ok,-0.5,ok,1.25,,False,46.9,17.2,4.7,12.2,40.8,37.2,69.4,-2.3,-7.6,0.295,0.327,MSFT,,126,16.4,16.0,,False
39,AAPL,Apple Inc.,Technology,Consumer Electronics,Core,4455.0,305.26,309.28,20.5,16.4,10.0,0.0,ok,0.0,ok,0.13,,False,46.9,32.1,2.4,16.4,48.7,148.8,29.5,9.0,2.6,0.221,0.244,BMNR,,126,16.4,14.0,,False
40,BRO,"Brown & Brown, Inc.",Financial Services,Insurance Brokers,Growth,24.0,71.61,68.03,21.5,15.3,10.0,0.0,ok,0.0,financial_na,,,False,46.8,14.8,6.9,32.4,56.3,10.0,62.6,2.5,-10.8,-0.187,0.382,AVGO,,126,15.3,15.0,,False
41,ADSK,"Autodesk, Inc.",Technology,Software - Application,Core,54.5,257.96,245.06,22.0,14.7,10.0,0.0,ok,0.0,ok,-0.09,,False,46.7,18.1,5.6,18.4,92.4,50.4,78.9,2.7,1.3,0.117,0.322,MSFT,,126,14.7,17.0,,False
42,PODD,Insulet Corporation,Healthcare,Medical Devices,Core,10.2,146.44,154.98,20.5,16.2,10.0,0.0,ok,0.0,ok,0.67,,False,46.7,19.0,2.3,23.5,71.1,26.0,37.4,-34.7,-53.3,0.048,0.193,GOOG,,126,16.2,17.0,,False
43,RTX,RTX Corporation,Industrials,Aerospace & Defense,Compounder,297.2,220.48,209.46,15.5,10.6,21.0,0.0,ok,-0.5,ok,1.92,,False,46.6,28.1,3.3,14.5,20.3,12.3,66.1,16.0,-4.2,-0.037,0.145,AVGO,,126,10.6,21.0,,False
44,HOOD,"Robinhood Markets, Inc.",Financial Services,Capital Markets,Growth,89.3,99.37,98.84,18.5,20.0,10.0,-2.0,ok,0.0,financial_na,,,False,46.5,31.0,,32.3,91.9,23.6,57.8,1.9,25.6,0.547,0.581,BMNR,,126,20.0,16.0,,False
45,CSCO,"Cisco Systems, Inc.",Technology,Communication Equipment,Core,447.2,113.47,117.72,19.5,16.8,10.0,0.0,ok,0.0,ok,0.96,,False,46.3,20.9,2.1,12.0,64.3,25.2,48.9,24.1,38.0,0.227,0.347,AVGO,,126,16.8,15.0,,False
46,FANG,"Diamondback Energy, Inc.",Energy,Oil & Gas E&P,Growth,55.9,199.51,191.27,21.0,15.8,10.0,0.0,ok,-0.5,ok,1.03,,False,46.3,11.1,9.0,52.5,72.4,3.5,46.0,14.0,6.4,-0.22,0.268,GOOG,,126,15.8,14.0,,False
47,CDNS,"Cadence Design Systems, Inc.",Technology,Software - Application,Core,89.2,323.77,362.92,18.0,18.3,10.0,0.0,ok,0.0,ok,0.52,,False,46.3,33.9,1.8,24.2,85.9,23.2,48.2,-1.2,-1.8,0.476,0.38,BMNR,,126,18.3,17.0,,False
48,ULTA,"Ulta Beauty, Inc.",Consumer Cyclical,Specialty Retail,Core,22.2,515.57,489.79,21.0,15.7,10.0,0.0,ok,-0.5,ok,1.1,,False,46.2,16.2,4.4,11.1,43.2,47.4,62.8,-7.1,-36.9,0.163,0.172,MSFT,,126,15.7,12.0,,False
49,IT,"Gartner, Inc.",Technology,Information Technology Service,Core,11.6,183.3,174.14,21.0,15.7,10.0,0.0,ok,-0.5,ok,1.33,,False,46.2,11.1,9.1,-0.6,69.6,113.6,70.8,1.1,5.2,-0.013,0.245,MSFT,,126,15.7,17.0,,False
50,ADBE,Adobe Inc.,Technology,Software - Application,Core,107.5,270.49,256.97,23.0,13.1,10.0,0.0,ok,0.0,ok,0.15,,False,46.1,9.8,8.6,12.7,89.4,63.0,71.6,-0.8,-11.1,0.159,0.392,MSFT,,126,13.1,17.0,,False
51,WRB,W.R. Berkley Corporation,Financial Services,Insurance - Property & Casualt,Core,26.2,70.47,70.71,20.0,16.1,10.0,0.0,ok,0.0,financial_na,,,False,46.1,14.6,11.6,1.2,43.8,20.2,23.4,1.4,-15.7,-0.293,0.31,AVGO,,126,16.1,15.0,,False
52,TRV,"The Travelers Companies, Inc.",Financial Services,Insurance - Property & Casualt,Core,77.2,370.0,351.5,20.0,16.1,10.0,0.0,ok,0.0,financial_na,,,False,46.1,12.2,19.1,0.3,34.7,26.5,36.0,21.5,10.7,-0.232,0.274,AVGO,,126,16.1,14.0,,False
53,WDC,Western Digital Corporation,Technology,Computer Hardware,Growth,168.0,487.29,554.12,20.0,15.9,10.0,0.0,ok,0.0,ok,-0.11,,False,45.9,15.4,1.4,43.8,48.9,130.9,45.3,40.1,57.5,0.413,0.504,AVGO,,126,15.9,14.0,,False
54,TTD,"The Trade Desk, Inc.",Communication Services,Advertising Agencies,Speculative,6.8,14.56,18.28,19.5,16.4,10.0,0.0,ok,0.0,ok,-1.51,,False,45.9,14.6,8.5,3.0,76.9,15.4,38.0,-47.4,-58.4,0.193,0.283,MSFT,,126,16.4,15.0,,False
55,APA,APA Corporation,Energy,Oil & Gas E&P,Cyclical,14.0,40.0,38.0,21.0,14.8,10.0,0.0,ok,0.0,ok,0.6,,False,45.8,9.5,15.3,9.2,78.3,26.7,63.0,25.7,35.4,-0.324,0.313,NVDA,,126,14.8,14.0,,False
56,ZTS,Zoetis Inc.,Healthcare,Drug Manufacturers - Specialty,Core,31.3,75.84,76.51,21.0,15.3,10.0,0.0,ok,-0.5,ok,1.86,,False,45.8,11.3,6.4,-0.2,71.7,64.9,51.1,-29.0,-53.5,0.061,0.165,GOOG,,126,15.3,17.0,,False
57,IDXX,"IDEXX Laboratories, Inc.",Healthcare,Diagnostics & Research,Core,44.7,566.93,561.38,19.5,16.2,10.0,0.0,ok,0.0,ok,0.55,,False,45.7,33.9,2.0,9.7,62.4,74.2,59.8,-8.3,-22.3,0.271,0.355,GOOG,,126,16.2,17.0,,False
58,VRSK,"Verisk Analytics, Inc.",Industrials,Consulting Services,Core,24.2,185.94,187.8,18.0,19.2,10.0,0.0,ok,-1.5,ok,2.68,,False,45.7,21.4,4.4,4.4,70.2,,36.3,-5.4,-10.0,-0.169,0.32,AVGO,,126,19.2,18.0,,False
59,TPL,Texas Pacific Land Corporation,Energy,Oil & Gas E&P,Growth,23.9,347.04,390.56,18.0,17.6,10.0,0.0,ok,0.0,ok,-0.31,,False,45.6,4.7,-0.1,31.2,93.3,36.6,27.8,-10.4,-29.7,-0.03,0.076,MSFT,,126,17.6,14.0,,False
60,AON,Aon plc,Financial Services,Insurance Brokers,Core,75.7,357.08,347.31,20.0,15.6,10.0,0.0,ok,0.0,financial_na,,,False,45.6,16.7,4.2,2.2,48.2,44.7,46.2,6.1,-0.3,-0.19,0.396,AVGO,,126,15.6,15.0,,False
61,AXP,American Express Company,Financial Services,Credit Services,Core,232.1,343.65,339.16,21.5,14.1,10.0,0.0,ok,0.0,financial_na,,,False,45.6,17.1,,12.8,62.3,34.4,67.0,1.5,-13.6,0.393,0.379,BMNR,,126,14.1,18.0,,False
62,PG,Procter & Gamble Company (The),Consumer Defensive,Household & Personal Products,Core,335.3,144.26,147.76,18.5,17.6,10.0,0.0,ok,-0.5,ok,1.01,,False,45.6,19.5,4.0,1.5,50.9,30.3,40.3,-1.8,-24.0,-0.055,0.236,GOOG,,126,17.6,17.0,,False
63,HIG,"The Hartford Insurance Group, ",Financial Services,Insurance - Diversified,Core,37.8,137.81,136.38,20.0,15.6,10.0,0.0,ok,0.0,financial_na,,,False,45.6,10.1,14.6,8.1,37.9,22.1,43.7,2.0,-16.6,-0.158,0.28,AVGO,,126,15.6,14.0,,False
64,MPWR,"Monolithic Power Systems, Inc.",Technology,Semiconductors,Growth,67.0,1362.55,1405.8,19.0,16.5,10.0,0.0,ok,0.0,ok,-1.39,,False,45.5,39.2,0.7,47.6,55.2,22.0,52.6,11.2,4.0,0.459,0.555,AVGO,,126,16.5,14.0,,False
65,ORCL,Oracle Corporation,Technology,Software - Infrastructure,Core,450.0,156.22,153.96,17.5,14.4,19.0,-2.0,ok,-3.5,ok,4.44,,False,45.4,14.3,-5.5,20.6,65.8,53.4,83.6,-11.4,-14.0,0.604,0.537,MSFT,,126,14.4,19.0,,False
66,ODFL,"Old Dominion Freight Line, Inc",Industrials,Trucking,Core,44.9,215.73,225.48,18.5,16.7,10.0,0.0,ok,0.0,ok,-0.15,,False,45.2,32.6,2.2,10.4,39.6,24.8,34.4,12.7,2.3,0.1,0.148,NVDA,,126,16.7,14.0,,False
67,MU,"Micron Technology, Inc.",Technology,Semiconductors,Growth,1072.7,949.83,962.88,20.0,15.2,10.0,0.0,ok,0.0,ok,-0.29,,False,45.2,6.1,0.7,345.7,72.6,66.6,52.6,73.1,115.4,0.408,0.51,AVGO,,126,15.2,15.0,,False
68,ROK,"Rockwell Automation, Inc.",Industrials,Specialty Industrial Machinery,Core,49.6,445.51,463.06,18.5,17.0,10.0,0.0,ok,-0.5,ok,1.5,,False,45.0,30.0,2.6,7.9,49.1,30.6,43.1,7.5,3.3,0.26,0.286,NVDA,,126,17.0,15.0,,False
69,CVX,Chevron Corporation,Energy,Oil & Gas Integrated,Growth,387.8,197.7,187.81,20.5,14.3,10.0,0.0,ok,0.0,ok,0.56,,False,44.8,15.0,5.7,53.5,44.3,12.2,53.3,12.1,-4.7,-0.318,0.327,NVDA,,126,14.3,13.0,,False
70,KLIC,"Kulicke and Soffa Industries, ",Technology,Semiconductor Equipment & Mate,Growth,5.0,95.8,106.82,16.5,18.3,10.0,0.0,ok,0.0,ok,-2.49,,False,44.8,16.2,1.1,122.6,52.6,13.2,44.2,27.4,19.2,0.402,0.461,NVDA,,126,18.3,14.0,,False
71,LVS,Las Vegas Sands Corp.,Consumer Cyclical,Resorts & Casinos,Core,29.6,45.77,47.37,21.0,15.3,10.0,0.0,ok,-1.5,ok,2.57,,False,44.8,13.0,7.5,-0.7,79.3,122.9,48.3,-17.2,-33.1,0.305,0.349,MSFT,,126,15.3,13.0,,False
72,PEP,"Pepsico, Inc.",Consumer Defensive,Beverages - Non-Alcoholic,Core,192.1,140.62,140.19,20.0,16.2,10.0,0.0,ok,-1.5,ok,2.25,,False,44.7,15.7,4.1,6.4,54.2,51.5,61.8,-5.2,-29.3,-0.144,0.288,AVGO,,126,16.2,17.0,,False
73,MO,"Altria Group, Inc.",Consumer Defensive,Tobacco,Core,108.7,65.08,70.92,19.0,16.0,10.0,0.0,ok,-0.5,ok,1.41,,False,44.5,11.1,8.3,1.2,87.2,,25.4,0.2,-15.4,-0.44,0.435,MSFT,,126,16.0,18.0,,False
74,GWW,"W.W. Grainger, Inc.",Industrials,Industrial Distribution,Core,62.2,1321.38,1342.31,19.5,15.0,10.0,0.0,ok,0.0,ok,0.69,,False,44.5,25.9,2.0,10.3,39.4,46.1,37.0,15.2,4.4,0.058,0.195,GOOG,,126,15.0,14.0,,False
75,GS,"Goldman Sachs Group, Inc. (The",Financial Services,Capital Markets,Growth,303.6,1042.63,1054.51,21.0,15.5,10.0,-2.0,ok,0.0,financial_na,,,False,44.5,14.1,,42.5,82.1,16.9,45.8,12.5,1.7,0.515,0.532,NVDA,,126,15.5,16.0,,False
76,TXN,Texas Instruments Incorporated,Technology,Semiconductors,Core,249.7,273.43,292.72,19.0,15.5,10.0,0.0,ok,0.0,ok,0.74,,False,44.5,26.3,1.4,22.8,58.3,35.2,45.5,18.8,9.1,0.242,0.405,AVGO,,126,15.5,14.0,,False
77,FIS,Fidelity National Information ,Technology,Information Technology Service,Core,22.8,44.13,41.92,22.0,16.0,10.0,0.0,ok,-3.5,ok,5.82,,False,44.5,6.6,11.7,29.1,35.8,22.3,60.1,-13.7,-19.3,0.055,0.335,MSFT,,126,16.0,15.0,,False
78,AIG,"American International Group, ",Financial Services,Insurance - Diversified,Core,39.8,76.03,77.41,17.0,17.4,10.0,0.0,ok,0.0,financial_na,,,False,44.4,8.7,18.5,0.5,35.1,7.2,34.3,-1.5,-17.1,-0.059,0.181,NVDA,,126,17.4,14.0,,False
79,AJG,Arthur J. Gallagher & Co.,Financial Services,Insurance Brokers,Growth,65.0,253.49,240.82,16.5,17.9,10.0,0.0,ok,0.0,financial_na,,,False,44.4,17.0,3.2,30.9,43.2,6.7,54.8,8.8,10.0,-0.201,0.329,AVGO,,126,17.9,15.0,,False
80,LULU,lululemon athletica inc.,Consumer Cyclical,Apparel Retail,Core,13.6,119.56,117.88,21.0,13.4,10.0,0.0,ok,0.0,ok,0.24,,False,44.4,10.6,8.4,4.3,55.7,32.0,59.3,-23.8,-43.6,0.359,0.358,MSFT,,126,13.4,12.0,,False
81,PTC,PTC Inc.,Technology,Software - Application,Core,16.7,153.89,146.2,21.0,13.2,10.0,0.0,ok,0.0,ok,0.98,,False,44.2,17.3,6.2,-6.8,84.5,35.1,88.5,1.5,-12.1,0.167,0.451,MSFT,,126,13.2,17.0,,False
82,TYL,"Tyler Technologies, Inc.",Technology,Software - Application,Core,13.5,328.95,312.5,16.0,18.7,10.0,0.0,ok,-0.5,ok,1.06,,False,44.2,21.4,4.4,8.2,47.2,9.7,64.2,-10.4,0.5,-0.047,0.273,MSFT,,126,18.7,16.0,,False
83,HSY,The Hershey Company,Consumer Defensive,Confectioners,Core,37.4,186.12,177.87,20.0,14.7,10.0,0.0,ok,-0.5,ok,1.89,,False,44.2,18.9,4.7,6.6,38.4,32.8,68.2,-2.1,-30.7,-0.208,0.324,AVGO,,126,14.7,16.0,,False
84,PYPL,"PayPal Holdings, Inc.",Financial Services,Credit Services,Core,51.8,60.59,57.56,20.0,14.1,10.0,0.0,ok,0.0,financial_na,,,False,44.1,10.5,8.5,4.8,40.5,24.5,73.0,17.4,41.4,0.224,0.298,MSFT,,126,14.1,17.0,,False
85,ON,ON Semiconductor Corporation,Technology,Semiconductors,Core,31.8,81.56,97.98,16.0,18.1,10.0,0.0,ok,0.0,ok,0.4,,False,44.1,18.1,5.2,9.2,42.8,8.3,42.7,6.9,1.3,0.351,0.47,AVGO,,126,18.1,14.0,,False
86,CMG,"Chipotle Mexican Grill, Inc.",Consumer Cyclical,Restaurants,Core,41.3,32.61,33.08,18.5,17.1,10.0,0.0,ok,-1.5,ok,2.08,,False,44.1,23.8,2.7,9.3,39.4,49.6,52.6,-5.7,-23.2,0.213,0.363,MSFT,,126,17.1,11.0,,False
87,MS,Morgan Stanley,Financial Services,Capital Markets,Core,343.3,218.38,216.44,20.0,14.1,10.0,0.0,ok,0.0,financial_na,,,False,44.1,16.0,,28.0,87.6,18.0,55.1,17.4,16.5,0.476,0.465,BMNR,,126,14.1,16.0,,False
88,BBY,"Best Buy Co., Inc.",Consumer Cyclical,Specialty Retail,Core,18.0,85.35,81.08,18.0,16.1,10.0,0.0,ok,0.0,ok,0.85,,False,44.1,12.1,6.4,1.9,22.5,39.1,49.8,21.5,19.4,0.071,0.089,BMNR,,126,16.1,11.0,,False
89,BR,Broadridge Financial Solutions,Technology,Information Technology Service,Core,19.6,172.24,163.63,21.0,13.6,10.0,0.0,ok,-0.5,ok,1.72,,False,44.1,14.9,6.1,7.5,31.8,40.9,72.4,-4.3,-12.5,0.056,0.355,MSFT,,126,13.6,15.0,,False
90,UHS,"Universal Health Services, Inc",Healthcare,Medical Care Facilities,Core,10.1,171.21,162.65,19.0,15.5,10.0,0.0,ok,-0.5,ok,1.9,,False,44.0,7.1,4.9,8.3,44.6,20.9,67.8,-9.9,-40.9,-0.008,0.162,GOOG,,126,15.5,16.0,,False
91,WDAY,"Workday, Inc.",Technology,Software - Application,Core,51.0,206.45,196.13,20.5,13.5,10.0,0.0,ok,0.0,ok,-0.36,,False,44.0,16.3,6.1,13.5,75.8,10.9,82.1,26.8,29.2,0.136,0.423,MSFT,,126,13.5,17.0,,False
92,VLTO,Veralto Corp,Industrials,Pollution & Treatment Controls,Core,23.8,97.54,92.66,19.5,15.0,10.0,0.0,ok,-0.5,ok,1.06,,False,44.0,20.4,3.4,7.5,60.2,34.3,63.9,4.4,-7.9,-0.033,0.093,AVGO,,126,15.0,16.0,,False
93,ROL,"Rollins, Inc.",Consumer Cyclical,Personal Services,Core,17.4,36.22,42.62,18.5,16.0,10.0,0.0,ok,-0.5,ok,1.16,,False,44.0,27.8,2.9,7.9,52.4,37.0,29.2,-32.7,-52.0,0.05,0.203,GOOG,,126,16.0,14.0,,False
94,FSLR,"First Solar, Inc.",Technology,Solar,Core,24.0,223.69,237.68,18.5,15.5,10.0,0.0,ok,0.0,ok,-0.64,,False,44.0,9.6,6.7,-3.7,44.0,18.5,60.1,-4.6,-12.7,0.368,0.367,AVGO,,126,15.5,14.0,,False
95,NWSA,News Corporation,Communication Services,Entertainment,Core,15.6,28.94,27.49,18.0,16.0,10.0,0.0,ok,0.0,ok,0.61,,False,44.0,19.3,6.7,10.8,57.2,8.0,65.4,12.0,15.6,0.076,0.193,GOOG,,126,16.0,14.0,,False
96,DASH,"DoorDash, Inc.",Consumer Cyclical,Internet Retail,Growth,94.2,216.26,205.45,18.0,15.9,10.0,0.0,ok,0.0,ok,-1.42,,False,43.9,27.2,5.5,35.6,52.2,8.9,84.5,14.6,20.1,0.432,0.465,MSFT,,126,15.9,12.0,,False
97,BX,Blackstone Inc.,Financial Services,Asset Management,Core,178.5,149.32,141.85,22.5,11.4,10.0,0.0,ok,0.0,financial_na,,,False,43.9,19.9,,28.6,100.0,31.4,73.8,15.1,2.0,0.313,0.326,BMNR,,126,11.4,16.0,,False
98,NOW,"ServiceNow, Inc.",Technology,Software - Application,Core,131.6,127.25,120.89,18.0,16.3,10.0,0.0,ok,-0.5,ok,1.31,,False,43.8,25.4,3.9,24.0,74.8,14.2,80.4,4.2,9.1,0.263,0.505,MSFT,,126,16.3,17.0,,False
99,MAS,Masco Corporation,Industrials,Building Products & Equipment,Core,14.7,74.58,76.15,20.0,14.2,10.0,0.0,ok,-0.5,ok,1.95,,False,43.7,16.0,6.1,-2.9,37.2,5862.5,41.6,8.5,-17.5,0.259,0.269,BMNR,,126,14.2,14.0,,False
100,AMAT,"Applied Materials, Inc.",Technology,Semiconductor Equipment & Mate,Core,424.4,534.54,558.76,18.0,15.7,10.0,0.0,ok,0.0,ok,-0.1,,False,43.7,30.8,0.7,11.4,49.0,39.7,49.7,38.1,48.8,0.398,0.514,AVGO,,126,15.7,14.0,,False
101,TMUS,"T-Mobile US, Inc.",Communication Services,Telecom Services,Core,196.7,183.38,181.49,18.5,17.6,10.0,0.0,ok,-2.5,ok,3.42,,False,43.6,12.7,5.8,7.9,63.1,18.0,53.7,-6.6,-28.3,-0.153,0.214,NVDA,,126,17.6,17.0,,False
102,UPS,"United Parcel Service, Inc.",Industrials,Integrated Freight & Logistics,Core,89.8,105.54,109.01,18.5,15.6,10.0,0.0,ok,-0.5,ok,2.0,,False,43.6,13.1,6.2,7.6,22.4,29.6,32.7,3.1,-22.0,0.132,0.167,GOOG,,126,15.6,14.0,,False
103,ALAB,"Astera Labs, Inc.",Technology,Semiconductors,Growth,56.0,322.78,355.88,19.0,14.6,10.0,0.0,ok,0.0,ok,-4.23,,False,43.6,50.5,0.2,104.5,75.1,25.8,56.3,50.1,140.9,0.461,0.559,AVGO,,126,14.6,15.0,,False
104,MSCI,MSCI Inc.,Financial Services,Financial Data & Stock Exchang,Core,41.8,575.24,588.15,17.5,16.1,10.0,0.0,ok,0.0,financial_na,,,False,43.6,25.6,2.9,12.2,83.0,,67.0,0.7,-3.2,0.174,0.352,MSFT,,126,16.1,16.0,,False
105,EQT,EQT Corporation,Energy,Oil & Gas E&P,Cyclical,33.8,54.08,51.98,18.5,15.1,10.0,0.0,ok,0.0,ok,0.79,,False,43.6,13.6,7.3,-3.9,80.7,11.1,55.8,-3.7,-19.0,-0.056,0.101,NVDA,,126,15.1,14.0,,False
106,ETN,"Eaton Corporation, PLC",Industrials,Specialty Industrial Machinery,Core,176.1,453.33,430.66,15.5,11.6,19.0,0.0,ok,-2.5,ok,3.11,,False,43.6,28.3,1.8,21.4,36.0,19.7,66.0,20.4,2.7,0.403,0.474,AVGO,,126,11.6,19.0,,False
107,NVR,"NVR, Inc.",Consumer Cyclical,Residential Construction,Core,17.1,6375.0,6428.85,16.5,17.1,10.0,0.0,ok,0.0,ok,-0.0,,False,43.6,15.5,5.4,-10.9,21.8,31.5,48.6,-7.4,-35.4,0.013,0.171,GOOG,,126,17.1,11.0,,False
108,FIX,"Comfort Systems USA, Inc.",Industrials,Engineering & Construction,Core,60.8,1727.64,1796.01,17.0,16.6,10.0,0.0,ok,0.0,ok,0.12,,False,43.6,28.8,3.0,1.0,25.7,55.3,49.5,20.2,18.9,0.428,0.438,AVGO,,126,16.6,14.0,,False
109,EXPE,"Expedia Group, Inc.",Consumer Cyclical,Travel Services,Core,39.4,328.31,311.89,23.0,10.5,10.0,0.0,ok,0.0,ok,-0.5,,False,43.5,13.6,8.7,14.0,90.4,89.5,79.2,30.4,30.6,0.171,0.21,MSFT,,126,10.5,15.0,,False
110,SPG,"Simon Property Group, Inc.",Real Estate,REIT - Retail,Core,84.1,221.47,221.61,20.5,16.5,10.0,0.0,ok,-3.5,ok,5.54,,False,43.5,33.0,3.1,19.5,81.4,124.3,35.3,12.1,2.9,-0.075,0.17,GOOG,,126,16.5,17.0,,False
111,KLAC,KLA Corporation,Technology,Semiconductor Equipment & Mate,Core,273.6,209.37,491.62,18.0,15.4,10.0,0.0,ok,0.0,ok,0.21,,False,43.4,31.9,1.0,15.2,61.3,87.5,49.4,-83.0,-99.7,0.187,0.265,AVGO,,126,15.4,15.0,,False
112,CRDO,Credo Technology Group Holding,Technology,Semiconductors,Growth,49.6,265.99,252.69,20.0,13.4,10.0,0.0,ok,0.0,ok,-2.96,,False,43.4,29.3,0.5,157.0,68.0,34.4,65.1,55.9,104.3,0.401,0.499,AVGO,,126,13.4,15.0,,False
113,STX,Seagate Technology Holdings PL,Technology,Computer Hardware,Growth,208.8,921.37,888.4,20.0,13.4,10.0,0.0,ok,0.0,ok,0.49,,False,43.4,16.6,0.9,48.5,45.6,371.5,57.8,68.8,99.9,0.364,0.449,AVGO,,126,13.4,14.0,,False
114,PLTR,Palantir Technologies Inc.,Technology,Software - Infrastructure,Growth,430.2,179.01,170.06,20.0,13.4,10.0,0.0,ok,0.0,ok,-3.45,,False,43.4,77.4,0.5,92.8,84.8,38.1,79.1,17.6,24.5,0.462,0.412,MSFT,,126,13.4,17.0,,False
115,CHRW,"C.H. Robinson Worldwide, Inc.",Industrials,Integrated Freight & Logistics,Core,17.5,149.35,180.74,16.5,17.3,10.0,0.0,ok,-0.5,ok,1.95,,False,43.3,19.9,2.8,19.3,8.4,37.1,25.9,-13.4,-24.8,-0.04,0.17,MSFT,,126,17.3,14.0,,False
116,TEL,TE Connectivity plc,Technology,Electronic Components,Core,62.2,214.74,207.01,18.5,14.7,10.0,0.0,ok,0.0,ok,0.92,,False,43.2,16.6,3.8,13.8,36.1,23.3,61.9,-1.9,-18.6,0.302,0.286,BMNR,,126,14.7,13.0,,False
117,ICE,Intercontinental Exchange Inc.,Financial Services,Financial Data & Stock Exchang,Core,87.2,155.24,147.48,18.5,14.7,10.0,0.0,ok,0.0,financial_na,,,False,43.2,17.6,4.2,4.8,100.0,14.1,69.9,0.7,-10.2,0.156,0.284,MSFT,,126,14.7,16.0,,False
118,GL,Globe Life Inc.,Financial Services,Insurance - Life,Core,14.0,180.67,175.78,20.0,13.2,10.0,0.0,ok,0.0,financial_na,,,False,43.2,10.9,8.3,8.0,33.9,20.9,64.2,20.1,11.5,0.171,0.25,GOOG,,126,13.2,14.0,,False
119,MA,Mastercard Incorporated,Financial Services,Credit Services,Core,496.7,567.04,538.69,20.5,12.7,10.0,0.0,ok,0.0,financial_na,,,False,43.2,24.6,3.4,14.1,100.0,241.2,68.4,7.6,-6.5,0.168,0.443,MSFT,,126,12.7,18.0,,False
120,STZ,"Constellation Brands, Inc.",Consumer Defensive,Beverages - Brewers,Core,23.3,136.35,136.17,20.0,15.7,10.0,0.0,ok,-2.5,ok,3.02,,False,43.2,11.0,9.5,-3.3,52.7,23.7,68.2,-5.4,-29.6,-0.1,0.189,BMNR,,126,15.7,17.0,,False
121,ROP,"Roper Technologies, Inc.",Technology,Software - Application,Core,39.3,397.5,377.62,18.5,17.2,10.0,0.0,ok,-2.5,ok,3.38,,False,43.2,16.4,5.8,8.5,69.5,13.1,67.7,5.1,10.5,-0.07,0.239,NVDA,,126,17.2,17.0,,False
122,TER,"Teradyne, Inc.",Technology,Semiconductor Equipment & Mate,Growth,64.2,410.52,389.99,20.0,13.2,10.0,0.0,ok,0.0,ok,-0.17,,False,43.2,35.5,0.7,103.9,59.2,36.5,65.0,36.6,17.9,0.433,0.514,AVGO,,126,13.2,14.0,,False
123,V,Visa Inc.,Financial Services,Credit Services,Core,682.3,365.45,347.44,20.5,12.7,10.0,0.0,ok,0.0,financial_na,,,False,43.2,24.4,3.0,14.4,97.7,61.2,61.3,10.6,-1.2,0.066,0.238,MSFT,,126,12.7,18.0,,False
124,CSX,CSX Corporation,Industrials,Railroads,Core,92.9,50.14,48.91,19.5,15.1,10.0,0.0,ok,-1.5,ok,2.64,,False,43.1,22.1,2.1,10.1,47.1,24.4,26.2,19.7,9.5,-0.032,0.196,MSFT,,126,15.1,15.0,,False
125,GE,GE Aerospace,Industrials,Aerospace & Defense,Core,374.2,360.64,355.35,18.0,15.1,10.0,0.0,ok,0.0,ok,0.9,,False,43.1,39.7,1.8,21.1,31.1,48.2,54.5,13.4,1.3,0.267,0.381,GOOG,,126,15.1,14.0,,False
126,AOS,A.O. Smith Corporation,Industrials,Specialty Industrial Machinery,Speculative,8.5,62.5,60.42,18.0,15.1,10.0,0.0,ok,0.0,ok,0.63,,False,43.1,15.3,5.7,-0.7,38.6,27.1,55.3,-4.2,-35.8,0.098,0.221,NVDA,,124,15.1,14.0,,False
127,IBKR,"Interactive Brokers Group, Inc",Financial Services,Capital Markets,Core,155.8,91.42,91.13,20.0,15.0,10.0,-2.0,ok,0.0,financial_na,,,False,43.0,28.7,,26.3,93.0,24.0,49.4,18.8,11.1,0.606,0.562,BMNR,,126,15.0,16.0,,False
128,TT,Trane Technologies plc,Industrials,Building Products & Equipment,Core,105.1,477.69,473.81,19.5,13.5,10.0,0.0,ok,0.0,ok,0.77,,False,43.0,27.3,3.0,10.6,35.4,36.6,48.6,8.1,-10.1,0.271,0.4,NVDA,,126,13.5,14.0,,False
129,UNP,Union Pacific Corporation,Industrials,Railroads,Core,176.9,297.79,282.9,20.5,14.0,10.0,0.0,ok,-1.5,ok,2.26,,False,43.0,21.0,2.7,11.5,56.3,39.7,36.8,17.6,0.2,-0.175,0.191,MSFT,,126,14.0,15.0,,False
130,CB,Chubb Limited,Financial Services,Insurance - Property & Casualt,Core,132.9,344.5,342.84,18.5,14.5,10.0,0.0,ok,0.0,financial_na,,,False,43.0,11.8,7.9,6.1,31.1,14.8,30.7,7.2,-10.2,-0.376,0.408,AVGO,,126,14.5,14.0,,False
131,KMB,Kimberly-Clark Corporation,Consumer Defensive,Household & Personal Products,Core,36.8,110.7,107.31,18.5,15.0,10.0,0.0,ok,-0.5,ok,1.6,,False,43.0,14.8,2.6,0.6,37.6,104.9,52.2,8.1,-10.6,-0.097,0.182,AVGO,,126,15.0,16.0,,False
132,CRM,"Salesforce, Inc.",Technology,Software - Application,Core,164.9,201.37,191.3,20.5,14.0,10.0,0.0,ok,-1.5,ok,2.38,,False,43.0,13.0,10.0,13.3,77.6,16.9,75.5,-0.4,-5.3,0.193,0.469,MSFT,,126,14.0,17.0,,False
133,RL,Ralph Lauren Corporation,Consumer Cyclical,Apparel Manufacturing,Core,23.1,387.39,389.31,20.5,12.5,10.0,0.0,ok,0.0,ok,0.67,,False,43.0,18.5,3.8,14.0,70.3,37.5,58.9,6.8,-7.1,0.29,0.297,BMNR,,126,12.5,13.0,,False
134,XYL,Xylem Inc.,Industrials,Specialty Industrial Machinery,Core,28.1,120.32,117.06,16.0,17.0,10.0,0.0,ok,0.0,ok,0.9,,False,43.0,19.4,4.2,1.5,39.2,9.2,51.1,-5.2,-18.4,0.075,0.213,GOOG,,126,17.0,14.0,,False
135,CAT,"Caterpillar, Inc.",Industrials,Farm & Heavy Construction Mach,Core,392.8,854.6,913.93,18.0,16.4,10.0,0.0,ok,-1.5,ok,2.41,,False,42.9,26.7,1.3,24.0,29.7,57.0,43.4,13.7,-1.2,0.302,0.452,AVGO,,126,16.4,14.0,,False
136,LRCX,Lam Research Corporation,Technology,Semiconductor Equipment & Mate,Core,421.7,337.01,337.7,19.0,13.9,10.0,0.0,ok,0.0,ok,-0.17,,False,42.9,29.2,0.7,30.0,50.5,65.1,58.8,35.6,31.7,0.477,0.558,AVGO,,126,13.9,14.0,,False
137,ADP,"Automatic Data Processing, Inc",Technology,Software - Application,Core,109.7,276.23,262.42,20.0,12.9,10.0,0.0,ok,0.0,ok,0.2,,False,42.9,20.6,4.8,6.8,48.7,72.2,72.1,18.0,18.5,-0.038,0.298,MSFT,,126,12.9,16.0,,False
138,NWS,News Corporation,Communication Services,Entertainment,Core,17.8,32.93,31.28,17.0,15.8,10.0,0.0,ok,0.0,ok,0.61,,False,42.8,22.0,5.9,10.8,57.2,8.0,66.5,11.8,14.7,0.074,0.211,GOOG,,126,15.8,14.0,,False
139,HON,Honeywell International Inc.,Industrials,Conglomerates,Core,74.2,233.99,234.7,18.5,16.8,10.0,0.0,ok,-2.5,ok,3.03,,False,42.8,23.4,3.5,4.3,36.5,46.6,41.5,6.4,-15.6,0.036,0.209,MSFT,,126,16.8,14.0,,False
140,AFL,AFLAC Incorporated,Financial Services,Insurance - Life,Core,60.7,121.1,121.2,17.5,15.3,10.0,0.0,ok,0.0,financial_na,,,False,42.8,16.0,8.5,-1.0,50.9,16.9,36.3,6.5,-9.1,-0.192,0.31,AVGO,,126,15.3,15.0,,False
141,COP,ConocoPhillips,Energy,Oil & Gas E&P,Growth,149.6,124.52,118.29,19.5,13.3,10.0,0.0,ok,0.0,ok,0.58,,False,42.8,13.3,5.1,35.5,47.6,14.2,56.5,14.9,-0.1,-0.33,0.395,GOOG,,126,13.3,13.0,,False
142,MRSH,Marsh,Financial Services,Insurance Brokers,Core,90.0,188.69,179.26,19.0,13.7,10.0,0.0,ok,0.0,financial_na,,,False,42.7,16.5,5.3,6.2,44.0,25.9,60.8,7.0,-4.7,-0.183,0.397,AVGO,,126,13.7,15.0,,False
143,HAS,"Hasbro, Inc.",Consumer Cyclical,Leisure,Core,13.6,96.7,91.86,22.0,11.2,10.0,0.0,ok,-0.5,ok,1.92,,False,42.7,14.8,5.0,16.2,63.8,159.6,67.5,10.0,-18.3,0.139,0.164,GOOG,,126,11.2,13.0,,False
144,UNH,UnitedHealth Group Incorporate,Healthcare,Healthcare Plans,Core,358.2,399.06,414.69,15.5,17.6,10.0,0.0,ok,-0.5,ok,1.73,,False,42.6,17.8,6.4,0.4,19.5,14.2,35.4,15.6,27.3,0.082,0.13,BMNR,,126,17.6,15.0,,False
145,AMD,"Advanced Micro Devices, Inc.",Technology,Semiconductors,Growth,788.5,483.01,510.96,16.5,16.1,10.0,0.0,ok,0.0,ok,-0.92,,False,42.6,31.2,1.1,50.1,55.7,10.2,43.0,49.5,120.4,0.498,0.548,AVGO,,126,16.1,14.0,,False
146,LLY,Eli Lilly and Company,Healthcare,Drug Manufacturers - General,Growth,1078.1,1209.0,1167.51,20.0,13.1,10.0,0.0,ok,-0.5,ok,1.1,,False,42.6,25.5,1.0,47.7,83.4,102.3,52.2,16.3,2.7,-0.098,0.189,MSFT,,126,13.1,17.0,,False
147,CRH,CRH PLC,Basic Materials,Building Materials,Cyclical,65.0,97.7,103.95,16.0,18.1,10.0,0.0,ok,-1.5,ok,2.17,,False,42.6,14.7,3.1,5.6,36.2,15.8,45.9,-13.3,-34.0,0.238,0.313,GOOG,,126,18.1,11.0,,False
148,LHX,"L3Harris Technologies, Inc.",Industrials,Aerospace & Defense,Growth,53.7,288.46,293.59,16.5,18.5,10.0,0.0,ok,-2.5,ok,3.23,,False,42.5,21.5,,190.0,30.4,,41.9,-8.5,-29.0,-0.15,0.208,MSFT,,126,18.5,14.0,,False
149,ACGL,Arch Capital Group Ltd.,Financial Services,Insurance - Diversified,Core,33.5,98.03,97.64,16.5,16.0,10.0,0.0,ok,0.0,financial_na,,,False,42.5,10.1,12.9,-10.5,38.8,19.9,31.8,2.9,-16.0,-0.278,0.401,AVGO,,126,16.0,14.0,,False
150,T,AT&T Inc.,Communication Services,Telecom Services,Core,168.4,24.58,23.35,19.5,15.5,10.0,0.0,ok,-2.5,ok,3.3,,False,42.5,9.6,6.0,2.3,59.7,18.3,54.6,-1.2,-27.9,-0.223,0.245,NVDA,,126,15.5,16.0,,False
151,TJX,"TJX Companies, Inc. (The)",Consumer Cyclical,Apparel Retail,Core,169.9,153.81,157.81,17.0,15.4,10.0,0.0,ok,0.0,ok,0.97,,False,42.4,26.7,2.5,9.2,31.4,61.3,49.2,-0.5,-14.1,-0.033,0.113,AVGO,,126,15.4,11.0,,False
152,VRSN,"VeriSign, Inc.",Technology,Software - Infrastructure,Core,26.0,287.15,274.88,16.5,16.4,10.0,0.0,ok,-0.5,ok,1.1,,False,42.4,26.2,3.2,6.0,88.5,,55.7,11.3,18.0,-0.044,0.17,AVGO,,126,16.4,17.0,,False
153,SCHW,Charles Schwab Corporation (Th,Financial Services,Capital Markets,Core,190.3,110.06,104.56,21.5,10.9,10.0,0.0,ok,0.0,financial_na,,,False,42.4,14.1,,20.9,97.5,20.3,81.6,14.9,2.4,0.128,0.209,MSFT,,126,10.9,16.0,,False
154,EXE,Expand Energy Corporation,Energy,Oil & Gas E&P,Cyclical,21.9,94.68,90.32,16.5,15.9,10.0,0.0,ok,0.0,ok,0.46,,False,42.4,10.5,6.7,-10.6,47.1,14.9,56.6,-6.7,-21.6,-0.053,0.121,AVGO,,126,15.9,13.0,,False
155,HST,"Host Hotels & Resorts, Inc.",Real Estate,REIT - Hotel & Motel,Core,15.8,22.75,24.16,17.0,16.9,10.0,0.0,ok,-1.5,ok,2.18,,False,42.4,21.7,10.7,3.6,29.2,15.6,33.3,12.1,3.5,0.135,0.255,GOOG,,126,16.9,15.0,,False
156,MGM,MGM Resorts International,Consumer Cyclical,Resorts & Casinos,Core,11.3,44.07,46.48,18.5,18.9,10.0,0.0,ok,-5.0,ok,12.25,,False,42.4,21.2,7.8,1.0,44.2,18.9,40.2,13.7,14.8,0.219,0.234,MSFT,,126,18.9,12.0,,False
157,ESTC,Elastic N.V.,Technology,Software - Application,Speculative,8.9,86.03,81.73,21.0,11.3,10.0,0.0,ok,0.0,neg_ebitda_low_debt,,,False,42.3,22.2,5.2,16.0,76.2,33.4,95.0,34.5,28.3,0.348,0.491,MSFT,,126,11.3,17.0,,False
158,BRK-B,Berkshire Hathaway Inc. New,Financial Services,Insurance - Diversified,Core,1085.2,506.93,498.45,18.5,13.8,10.0,0.0,ok,0.0,financial_na,,,False,42.3,23.2,7.0,10.0,30.3,12.1,58.7,3.1,-12.8,-0.026,0.157,NVDA,,126,13.8,14.0,,False
159,AMP,"Ameriprise Financial, Inc.",Financial Services,Asset Management,Core,50.4,570.68,542.15,22.0,10.3,10.0,0.0,ok,0.0,financial_na,,,False,42.3,11.1,5.8,11.6,54.9,63.4,78.8,19.3,8.4,0.279,0.286,MSFT,,126,10.3,15.0,,False
160,FOXA,Fox Corporation,Communication Services,Entertainment,Core,27.5,65.45,62.18,18.0,14.3,10.0,0.0,ok,0.0,ok,0.87,,False,42.3,11.3,2.0,28.1,36.6,14.3,81.4,3.9,2.4,0.017,0.113,MSFT,,126,14.3,13.0,,False
161,ROST,"Ross Stores, Inc.",Consumer Cyclical,Apparel Retail,Core,78.6,244.96,233.77,19.0,13.2,10.0,0.0,ok,0.0,ok,0.17,,False,42.2,28.6,2.6,20.6,32.7,39.0,59.1,18.6,11.8,0.14,0.164,BMNR,,126,13.2,11.0,,False
162,EFX,"Equifax, Inc.",Industrials,Consulting Services,Core,21.8,185.58,176.3,18.5,15.2,10.0,0.0,ok,-1.5,ok,2.75,,False,42.2,18.3,4.3,10.6,55.5,14.3,62.8,-2.0,-15.3,0.039,0.221,MSFT,,126,15.2,17.0,,False
163,FISV,"Fiserv, Inc.",,,Core,29.5,55.5,52.72,15.5,16.6,10.0,0.0,ok,,unavailable,,,False,42.1,6.7,,,,,62.9,-7.8,-19.8,0.108,0.295,MSFT,,126,16.6,12.5,,False
164,KR,Kroger Company (The),Consumer Defensive,Grocery Stores,Core,35.1,57.23,58.92,15.5,18.1,10.0,0.0,ok,-1.5,ok,2.64,,False,42.1,10.3,8.5,2.2,24.0,13.8,51.8,-11.0,-31.7,-0.35,0.386,AVGO,,126,18.1,16.0,,False
165,GOOGL,Alphabet Inc.,Communication Services,Internet Content & Information,Core,4236.0,346.36,354.16,19.0,15.1,10.0,-2.0,ok,0.0,ok,-0.7,,False,42.1,23.5,0.5,24.2,60.9,48.7,62.4,4.7,-2.0,0.563,0.995,GOOG,,126,15.1,15.0,,False
166,VRTX,Vertex Pharmaceuticals Incorpo,Healthcare,Biotechnology,Core,130.9,516.44,490.62,19.5,12.5,10.0,0.0,ok,0.0,ok,-1.15,,False,42.0,23.7,2.0,12.5,55.0,23.5,68.4,13.1,-3.1,-0.014,0.179,AVGO,,126,12.5,16.0,,False
167,BMY,Bristol-Myers Squibb Company,Healthcare,Drug Manufacturers - General,Core,132.1,64.65,61.42,22.0,10.5,10.0,0.0,ok,-0.5,ok,1.8,,False,42.0,9.9,6.1,5.7,71.7,46.6,62.1,15.3,-5.0,-0.023,0.23,AVGO,,126,10.5,17.0,,False
168,INTU,Intuit Inc.,Technology,Software - Application,Core,98.0,358.29,340.38,21.0,10.9,10.0,0.0,ok,0.0,ok,0.02,,False,41.9,13.1,5.3,10.4,80.8,22.5,77.5,-20.5,-23.8,0.121,0.352,MSFT,,126,10.9,17.0,,False
169,NKE,"Nike, Inc.",Consumer Cyclical,Footwear & Accessories,Core,61.2,41.23,42.9,16.5,15.4,10.0,0.0,ok,0.0,ok,0.41,,False,41.9,18.0,3.1,-1.1,43.2,22.1,47.5,-22.4,-46.2,0.188,0.191,MSFT,,126,15.4,12.0,,False
170,JKHY,"Jack Henry & Associates, Inc.",Technology,Information Technology Service,Core,11.1,155.86,148.07,17.5,14.4,10.0,0.0,ok,0.0,ok,0.16,,False,41.9,22.0,3.4,8.7,44.1,24.9,57.9,-2.0,-14.8,-0.012,0.273,MSFT,,126,14.4,16.0,,False
171,FOX,Fox Corporation,Communication Services,Entertainment,Core,24.4,58.1,55.19,18.0,13.9,10.0,0.0,ok,0.0,ok,0.87,,False,41.9,9.8,2.3,28.1,36.6,14.3,79.2,2.6,-0.5,0.012,0.123,MSFT,,126,13.9,13.0,,False
172,MMM,3M Company,Industrials,Conglomerates,Core,94.2,182.65,173.52,21.0,11.3,10.0,0.0,ok,-0.5,ok,1.21,,False,41.8,18.7,6.7,2.5,39.4,81.9,67.0,14.3,-9.1,0.085,0.235,GOOG,,126,11.3,14.0,,False
173,JNJ,Johnson & Johnson,Healthcare,Drug Manufacturers - General,Core,631.6,262.08,250.57,18.5,13.3,10.0,0.0,ok,0.0,ok,0.81,,False,41.8,21.3,2.7,6.6,68.1,25.7,47.8,14.5,-6.4,-0.361,0.386,AVGO,,126,13.3,17.0,,False
174,TRMB,Trimble Inc.,Technology,Scientific & Technical Instrum,Core,13.4,57.54,54.66,16.5,15.8,10.0,0.0,ok,-0.5,ok,1.36,,False,41.8,14.1,2.8,11.8,71.5,8.3,63.6,-13.3,-27.0,0.334,0.342,MSFT,,126,15.8,15.0,,False
175,ACN,Accenture plc,Technology,Information Technology Service,Core,109.2,178.49,169.57,18.5,13.3,10.0,0.0,ok,0.0,ok,-0.14,,False,41.8,12.2,11.1,5.6,32.0,24.4,78.7,-13.7,-33.1,-0.025,0.274,MSFT,,126,13.3,15.0,,False
176,DOC,"Healthpeak Properties, Inc.",Real Estate,REIT - Healthcare Facilities,Core,14.8,20.81,21.26,18.0,17.3,10.0,0.0,ok,-3.5,ok,5.53,,False,41.8,,11.2,11.1,57.6,3.0,32.3,15.1,16.7,0.03,0.157,NVDA,,126,17.3,16.0,,False
177,VEEV,Veeva Systems Inc.,Healthcare,Health Information Services,Core,41.0,252.64,240.01,18.0,13.7,10.0,0.0,ok,0.0,ok,-7.03,,False,41.7,25.2,3.1,16.3,75.0,13.9,92.0,25.6,32.8,0.216,0.447,MSFT,,126,13.7,19.0,,False
178,AIZ,"Assurant, Inc.",Financial Services,Insurance - Property & Casualt,Core,13.9,280.92,272.47,15.5,16.2,10.0,0.0,ok,0.0,financial_na,,,False,41.7,12.1,15.5,9.4,13.3,18.3,53.4,17.0,17.4,0.023,0.105,BMNR,,126,16.2,14.0,,False
179,CTVA,"Corteva, Inc.",Basic Materials,Agricultural Inputs,Cyclical,50.6,75.79,81.6,15.0,16.7,10.0,0.0,ok,0.0,ok,0.59,,False,41.7,18.4,4.8,-1.2,49.5,4.3,23.2,0.0,-11.6,-0.198,0.265,MSFT,,126,16.7,12.0,,False
180,FTNT,"Fortinet, Inc.",Technology,Software - Infrastructure,Core,121.4,165.44,157.17,19.0,12.7,10.0,0.0,ok,0.0,ok,-1.35,,False,41.7,44.0,1.9,25.6,80.2,117.4,65.6,58.9,82.2,0.277,0.311,MSFT,,126,12.7,17.0,,False
181,CPAY,"Corpay, Inc.",Technology,Software - Infrastructure,Core,27.9,425.24,403.98,23.0,10.2,10.0,0.0,ok,-1.5,ok,2.7,,False,41.7,13.6,7.0,21.5,80.5,29.2,80.1,30.4,18.2,0.211,0.242,MSFT,,126,10.2,17.0,,False
182,CL,Colgate-Palmolive Company,Consumer Defensive,Household & Personal Products,Core,74.1,92.93,91.31,21.0,11.1,10.0,0.0,ok,-0.5,ok,1.29,,False,41.6,22.7,4.7,4.9,60.4,267.4,59.2,7.8,-16.9,-0.115,0.266,AVGO,,126,11.1,18.0,,False
183,POOL,Pool Corporation,Industrials,Industrial Distribution,Speculative,7.3,200.57,199.21,17.0,16.1,10.0,0.0,ok,-1.5,ok,2.58,,False,41.6,17.0,2.9,2.2,29.6,31.3,63.9,-8.6,-38.7,0.098,0.173,GOOG,,126,16.1,14.0,,False
184,ADI,"Analog Devices, Inc.",Technology,Semiconductors,Growth,185.7,381.17,392.53,17.5,14.1,10.0,0.0,ok,0.0,ok,0.86,,False,41.6,25.3,2.1,37.2,64.5,9.6,55.6,13.1,1.3,0.352,0.52,AVGO,,126,14.1,15.0,,False
185,WM,"Waste Management, Inc.",Industrials,Waste Management,Core,89.6,224.21,227.33,17.5,15.6,10.0,0.0,ok,-1.5,ok,2.93,,False,41.6,24.5,2.6,4.0,40.6,29.8,23.9,0.5,-16.7,-0.39,0.373,NVDA,,126,15.6,15.0,,False
186,HWM,Howmet Aerospace Inc.,Industrials,Aerospace & Defense,Core,112.8,282.82,274.24,18.0,14.1,10.0,0.0,ok,-0.5,ok,1.47,,False,41.6,44.3,1.1,24.1,36.0,34.7,43.6,17.7,1.4,0.238,0.322,GOOG,,126,14.1,14.0,,False
187,L,Loews Corporation,Financial Services,Insurance - Property & Casualt,Core,23.0,112.72,112.94,16.0,15.6,10.0,0.0,ok,0.0,financial_na,,,False,41.6,38.9,5.5,3.9,36.3,9.3,21.7,4.3,-11.6,-0.151,0.198,AVGO,,126,15.6,14.0,,False
188,ABBV,AbbVie Inc.,Healthcare,Drug Manufacturers - General,Core,443.2,250.82,243.81,17.5,15.5,10.0,0.0,ok,-1.5,ok,2.09,,False,41.5,15.4,3.8,10.2,72.8,,40.0,12.0,-3.0,-0.313,0.344,AVGO,,126,15.5,17.0,,False
189,ALGN,"Align Technology, Inc.",Healthcare,Medical Instruments & Supplies,Core,12.5,176.2,174.99,18.5,13.0,10.0,0.0,ok,0.0,ok,-1.08,,False,41.5,14.0,4.7,4.3,70.4,10.2,59.4,4.5,-18.3,0.327,0.314,BMNR,,126,13.0,17.0,,False
190,SYF,Synchrony Financial,Financial Services,Credit Services,Core,26.1,80.08,76.08,19.5,11.9,10.0,0.0,ok,0.0,financial_na,,,False,41.4,7.6,,0.6,0.0,20.8,71.9,7.7,-1.1,0.364,0.352,BMNR,,126,11.9,16.0,,False
191,ARM,Arm Holdings plc,Technology,Semiconductors,Core,297.6,278.65,313.95,16.5,14.9,10.0,0.0,ok,0.0,ok,-3.2,,False,41.4,91.1,0.4,22.4,97.5,13.4,56.0,43.2,113.9,0.474,0.515,AVGO,,126,14.9,15.0,,False
192,APO,"Apollo Global Management, Inc.",Financial Services,Asset Management,Growth,84.8,143.58,136.4,20.0,11.4,10.0,0.0,ok,0.0,financial_na,,,False,41.4,13.4,,63.8,36.1,11.4,73.0,13.0,0.9,0.322,0.285,GOOG,,126,11.4,14.0,,False
193,LITE,Lumentum Holdings Inc.,Technology,Communication Equipment,Growth,78.0,880.41,836.39,18.0,13.4,10.0,0.0,ok,0.0,ok,0.28,,False,41.4,26.7,0.1,90.1,40.8,22.8,57.9,39.3,36.8,0.326,0.4,NVDA,,126,13.4,14.0,,False
194,CMI,Cummins Inc.,Industrials,Specialty Industrial Machinery,Core,87.0,631.61,665.62,16.0,15.4,10.0,0.0,ok,0.0,ok,0.87,,False,41.4,18.3,2.6,9.4,25.8,21.1,39.5,7.3,-6.5,0.336,0.447,AVGO,,126,15.4,14.0,,False
195,VST,Vistra Corp.,Utilities,Utilities - Independent Power ,Core,49.1,146.4,154.06,15.0,18.8,10.0,0.0,ok,-2.5,ok,3.02,,False,41.3,14.1,0.1,-5.5,38.3,43.0,35.3,-9.2,-24.3,0.256,0.26,AVGO,,126,18.8,18.0,,False
196,CTSH,Cognizant Technology Solutions,Technology,Information Technology Service,Core,26.7,59.29,56.33,18.5,12.8,10.0,0.0,ok,0.0,ok,0.26,,False,41.3,9.4,8.3,4.5,33.4,14.9,84.9,-6.0,-23.0,0.003,0.298,MSFT,,126,12.8,15.0,,False
197,EXPD,Expeditors International of Wa,Industrials,Integrated Freight & Logistics,Growth,24.3,187.05,177.7,17.5,13.8,10.0,0.0,ok,0.0,ok,-0.37,,False,41.3,23.6,3.3,32.1,13.5,42.7,65.5,21.4,18.9,0.017,0.07,GOOG,,126,13.8,14.0,,False
198,NEM,Newmont Corporation,Basic Materials,Gold,Cyclical,120.3,114.19,108.48,22.0,9.3,10.0,0.0,ok,0.0,ok,-0.2,,False,41.3,10.9,7.3,15.1,68.0,25.9,78.6,8.8,-17.3,0.38,0.381,BMNR,,126,9.3,13.0,,False
199,PATH,"UiPath, Inc.",Technology,Software - Infrastructure,Speculative,8.6,16.68,15.85,19.5,11.8,10.0,0.0,ok,0.0,ok,-9.9,,False,41.3,18.4,5.9,17.3,83.0,18.2,87.6,31.0,35.1,0.257,0.435,MSFT,,126,11.8,17.0,,False
200,SNA,Snap-On Incorporated,Industrials,Tools & Accessories,Core,20.9,404.63,400.67,17.5,13.7,10.0,0.0,ok,0.0,ok,-0.24,,False,41.2,19.0,5.3,4.2,51.8,17.9,50.5,9.0,-6.6,0.118,0.258,GOOG,,126,13.7,15.0,,False
201,APTV,Aptiv PLC,Consumer Cyclical,Auto Parts,Core,10.2,49.17,59.49,15.5,16.2,10.0,0.0,ok,-0.5,ok,1.52,,False,41.2,7.5,15.8,2.3,19.3,5.2,34.1,-28.9,-54.9,0.201,0.237,AVGO,,126,16.2,11.0,,False
202,URI,"United Rentals, Inc.",Industrials,Rental & Leasing Services,Core,69.7,1120.58,1092.17,18.5,15.2,10.0,0.0,ok,-2.5,ok,3.26,,False,41.2,19.6,2.4,11.8,38.5,28.9,45.8,23.3,15.0,0.004,0.134,MSFT,,126,15.2,16.0,,False
203,CIEN,Ciena Corporation,Technology,Communication Equipment,Growth,62.7,442.79,431.9,15.5,15.7,10.0,0.0,ok,0.0,ok,0.48,,False,41.2,45.9,1.1,39.5,43.0,15.5,60.9,22.3,37.0,0.329,0.493,AVGO,,126,15.7,14.0,,False
204,CTAS,Cintas Corporation,Industrials,Specialty Business Services,Core,80.3,200.7,190.66,16.0,15.2,10.0,0.0,ok,0.0,ok,0.81,,False,41.2,32.8,1.8,8.9,50.7,40.7,42.5,8.5,-11.3,-0.06,0.197,AVGO,,126,15.2,17.0,,False
205,CI,The Cigna Group,Healthcare,Healthcare Plans,Core,73.5,277.99,285.79,15.5,16.2,10.0,0.0,ok,-0.5,ok,1.93,,False,41.2,8.3,10.9,6.7,9.1,16.8,42.0,0.0,-17.0,-0.152,0.252,AVGO,,126,16.2,15.0,,False
206,IBM,International Business Machine,Technology,Information Technology Service,Core,223.4,237.14,253.77,20.0,13.7,10.0,0.0,ok,-2.5,ok,3.47,,False,41.2,18.0,5.4,1.1,58.1,34.5,74.7,-10.9,-22.1,0.151,0.347,MSFT,,126,13.7,16.0,,False
207,XOM,ExxonMobil Holdings Corporatio,Energy,Oil & Gas Integrated,Growth,652.2,158.61,150.68,17.5,13.7,10.0,0.0,ok,0.0,ok,0.47,,False,41.2,14.8,3.2,44.1,29.8,12.6,53.2,13.2,-7.6,-0.328,0.329,GOOG,,126,13.7,12.0,,False
208,CME,CME Group Inc.,Financial Services,Financial Data & Stock Exchang,Core,96.1,267.21,253.85,17.0,14.1,10.0,0.0,ok,0.0,financial_na,,,False,41.1,20.7,3.0,0.8,100.0,15.8,68.0,-2.9,-23.4,-0.142,0.311,AVGO,,126,14.1,16.0,,False
209,PPG,"PPG Industries, Inc.",Basic Materials,Specialty Chemicals,Cyclical,25.5,114.73,117.16,17.5,15.1,10.0,0.0,ok,-1.5,ok,2.17,,False,41.1,13.2,4.3,7.2,41.2,19.3,48.0,4.9,-25.9,0.273,0.315,BMNR,,126,15.1,12.0,,False
210,BF-B,Brown Forman Inc,Consumer Defensive,Beverages - Wineries & Distill,Core,12.9,28.03,26.89,18.5,13.1,10.0,0.0,ok,-0.5,ok,1.94,,False,41.1,16.5,5.8,2.0,60.5,17.8,64.0,3.5,-21.9,-0.139,0.16,AVGO,,126,13.1,18.0,,False
211,JPM,JP Morgan Chase & Co.,Financial Services,Banks - Diversified,Growth,965.2,363.11,344.95,19.0,12.1,10.0,0.0,ok,0.0,financial_na,,,False,41.1,14.5,,30.4,0.0,17.8,61.0,15.9,6.5,0.206,0.252,BMNR,,126,12.1,14.0,,False
212,GEN,Gen Digital Inc.,Technology,Software - Infrastructure,Core,17.7,29.57,28.09,22.0,11.6,10.0,0.0,ok,-2.5,ok,3.17,,False,41.1,9.0,8.7,6.3,78.0,41.9,79.4,22.2,12.8,0.328,0.4,MSFT,,126,11.6,17.0,,False
213,ABNB,"Airbnb, Inc.",Consumer Cyclical,Travel Services,Core,110.9,185.13,175.87,20.5,10.5,10.0,0.0,ok,0.0,ok,-3.47,,False,41.0,30.2,2.9,16.5,82.9,34.5,85.6,37.7,45.5,0.343,0.299,BMNR,,126,10.5,15.0,,False
214,RMD,ResMed Inc.,Healthcare,Medical Instruments & Supplies,Core,32.9,226.74,215.4,18.5,12.5,10.0,0.0,ok,0.0,ok,-0.3,,False,41.0,17.1,2.9,8.6,61.6,24.3,73.4,-1.1,-21.6,0.024,0.29,GOOG,,126,12.5,17.0,,False
215,NTAP,"NetApp, Inc.",Technology,Software - Infrastructure,Core,40.2,204.99,194.74,20.5,10.5,10.0,0.0,ok,0.0,ok,-0.45,,False,41.0,20.6,3.2,12.5,70.7,106.7,85.8,65.4,95.6,0.292,0.301,AVGO,,126,10.5,17.0,,False
216,MAR,Marriott International,Consumer Cyclical,Lodging,Core,91.9,352.53,374.75,17.5,16.0,10.0,0.0,ok,-2.5,ok,3.6,,False,41.0,26.8,2.2,11.1,79.2,,37.1,4.1,-14.7,0.161,0.245,GOOG,,126,16.0,13.0,,False
217,DVN,Devon Energy Corporation,Energy,Oil & Gas E&P,Growth,48.8,44.39,43.56,17.5,14.0,10.0,0.0,ok,-0.5,ok,1.23,,False,41.0,8.2,1.6,64.2,50.3,11.5,47.5,5.1,-12.6,-0.248,0.269,GOOG,,126,14.0,13.0,,False
218,DXCM,"DexCom, Inc.",Healthcare,Medical Devices,Core,34.5,91.48,86.91,20.5,10.5,10.0,0.0,ok,0.0,ok,-0.39,,False,41.0,29.3,3.0,13.1,62.5,38.5,82.8,33.4,26.4,0.193,0.252,GOOG,,126,10.5,17.0,,False
219,EG,"Everest Group, Ltd.",Financial Services,Insurance - Reinsurance,Core,14.0,366.05,360.96,15.0,16.0,10.0,0.0,ok,0.0,financial_na,,,False,41.0,6.1,14.7,-11.3,15.3,12.6,36.0,8.4,-4.6,-0.242,0.306,AVGO,,126,16.0,14.0,,False
220,KEYS,Keysight Technologies Inc.,Technology,Scientific & Technical Instrum,Growth,60.5,353.85,336.16,16.5,14.5,10.0,0.0,ok,0.0,ok,0.25,,False,41.0,29.7,1.8,31.5,62.1,18.2,67.3,27.9,40.1,0.286,0.397,AVGO,,126,14.5,15.0,,False
221,MPC,Marathon Petroleum Corporation,Energy,Oil & Gas Refining & Marketing,Growth,100.1,356.37,338.55,21.0,10.5,10.0,0.0,ok,-0.5,ok,1.72,,False,41.0,11.7,9.2,53.7,12.8,42.1,71.3,56.8,66.7,-0.115,0.202,GOOG,,126,10.5,12.0,,False
222,EME,"EMCOR Group, Inc.",Industrials,Engineering & Construction,Core,36.7,831.23,798.17,18.0,12.9,10.0,0.0,ok,0.0,ok,-0.19,,False,40.9,22.6,2.7,19.8,19.4,40.3,65.0,10.8,-7.9,0.484,0.415,NVDA,,126,12.9,14.0,,False
223,FFIV,"F5, Inc.",Technology,Software - Infrastructure,Core,23.6,416.0,404.81,18.0,12.9,10.0,0.0,ok,0.0,ok,-1.47,,False,40.9,23.0,3.0,10.9,81.9,19.8,61.1,31.8,44.6,0.313,0.263,BMNR,,126,12.9,17.0,,False
224,MKC,"McCormick & Company, Incorpora",Consumer Defensive,Packaged Foods,Core,14.6,54.45,51.73,20.0,13.3,10.0,0.0,ok,-2.5,ok,3.17,,False,40.8,16.5,4.9,16.7,38.9,24.7,79.3,-5.3,-37.5,-0.121,0.227,NVDA,,126,13.3,16.0,,False
225,OMC,Omnicom Group Inc.,Communication Services,Advertising Agencies,Growth,24.2,88.36,83.94,18.5,13.8,10.0,0.0,ok,-1.5,ok,2.2,,False,40.8,7.3,17.6,63.4,19.0,6.1,66.7,15.4,18.5,0.054,0.123,BMNR,,126,13.8,13.0,,False
226,BWXT,"BWX Technologies, Inc.",Industrials,Aerospace & Defense,Core,15.6,170.35,183.22,14.5,17.7,10.0,0.0,ok,-1.5,ok,2.96,,False,40.7,32.4,0.9,18.0,22.1,28.3,46.2,-13.0,-27.5,0.42,0.485,BMNR,,126,17.7,14.0,,False
227,SNPS,"Synopsys, Inc.",Technology,Software - Infrastructure,Growth,78.8,411.75,428.5,20.0,14.2,10.0,0.0,ok,-3.5,ok,4.93,,False,40.7,23.8,4.5,41.9,82.6,3.8,71.5,-8.0,-16.9,0.443,0.36,AVGO,,126,14.2,17.0,,False
228,DHI,"D.R. Horton, Inc.",Consumer Cyclical,Residential Construction,Core,41.9,149.88,151.45,15.0,16.2,10.0,0.0,ok,-0.5,ok,1.24,,False,40.7,12.7,5.8,0.0,21.3,12.6,53.2,0.4,-22.8,0.133,0.184,GOOG,,126,16.2,11.0,,False
229,FRT,Federal Realty Investment Trus,Real Estate,REIT - Retail,Core,10.4,118.89,122.69,18.5,15.7,10.0,0.0,ok,-3.5,ok,5.65,,False,40.7,38.5,4.4,7.2,68.1,12.6,26.3,9.4,0.6,-0.046,0.119,AVGO,,126,15.7,17.0,,False
230,PFG,Principal Financial Group Inc,Financial Services,Asset Management,Core,24.6,114.93,110.84,17.5,13.2,10.0,0.0,ok,0.0,financial_na,,,False,40.7,11.1,4.3,6.4,47.3,12.9,69.4,19.7,14.0,0.203,0.245,GOOG,,126,13.2,15.0,,False
231,WSM,"Williams-Sonoma, Inc.",Consumer Cyclical,Specialty Retail,Core,28.5,242.44,230.32,18.5,12.1,10.0,0.0,ok,0.0,ok,0.51,,False,40.6,23.6,3.1,4.4,46.1,54.0,64.6,21.0,3.6,0.23,0.227,GOOG,,126,12.1,12.0,,False
232,CCL,Carnival Corporation Ltd.,Consumer Cyclical,Travel Services,Core,38.9,28.42,27.88,19.0,14.1,10.0,0.0,ok,-2.5,ok,3.28,,False,40.6,10.8,4.9,5.3,55.7,26.7,64.1,2.4,-26.0,0.395,0.437,GOOG,,126,14.1,14.0,,False
233,NDAQ,"Nasdaq, Inc.",Financial Services,Financial Data & Stock Exchang,Core,54.6,97.59,92.71,18.0,12.6,10.0,0.0,ok,0.0,financial_na,,,False,40.6,20.9,3.1,14.9,100.0,16.5,73.7,9.2,9.8,0.225,0.403,MSFT,,126,12.6,16.0,,False
234,FICO,Fair Isaac Corporation,Technology,Software - Application,Core,24.0,1110.7,1181.57,18.5,15.5,10.0,0.0,ok,-3.5,ok,4.23,,False,40.5,20.9,3.2,25.7,85.1,,40.6,-17.8,-31.1,-0.123,0.193,AVGO,,126,15.5,17.0,,False
235,CPRT,"Copart, Inc.",Industrials,Specialty Business Services,Core,27.2,29.39,29.3,17.0,13.5,10.0,0.0,ok,0.0,ok,-2.09,,False,40.5,17.5,3.7,2.1,47.5,17.6,60.1,-16.5,-34.1,-0.0,0.175,NVDA,,126,13.5,17.0,,False
236,VLO,Valero Energy Corporation,Energy,Oil & Gas Refining & Marketing,Growth,98.7,342.92,325.77,20.0,10.5,10.0,0.0,ok,0.0,ok,0.26,,False,40.5,12.1,8.5,51.7,16.1,27.6,73.7,52.4,60.0,-0.157,0.285,GOOG,,126,10.5,12.0,,False
237,GIS,"General Mills, Inc.",Consumer Defensive,Packaged Foods,Core,20.8,38.91,36.96,16.0,14.5,10.0,0.0,ok,0.0,ok,-0.12,,False,40.5,12.1,11.1,2.2,33.7,-1.0,68.6,-2.4,-32.7,-0.142,0.321,AVGO,,126,14.5,16.0,,False
238,APH,Amphenol Corporation,Technology,Electronic Components,Growth,204.4,165.75,159.25,19.0,12.0,10.0,0.0,ok,-0.5,ok,1.42,,False,40.5,25.7,1.9,55.0,39.0,38.1,63.3,15.3,1.4,0.365,0.427,AVGO,,126,12.0,13.0,,False
239,HBAN,Huntington Bancshares Incorpor,Financial Services,Banks - Regional,Growth,35.9,17.77,17.48,18.0,12.5,10.0,0.0,ok,0.0,financial_na,,,False,40.5,9.4,,47.6,0.0,9.0,58.3,6.1,-10.6,0.251,0.244,GOOG,,126,12.5,14.0,,False
240,MCHP,Microchip Technology Incorpora,Technology,Semiconductors,Growth,42.2,77.69,86.08,17.5,15.5,10.0,0.0,ok,-2.5,ok,3.4,,False,40.5,17.0,3.2,38.0,60.2,7.2,48.6,2.4,-15.1,0.404,0.515,AVGO,,126,15.5,15.0,,False
241,WYNN,"Wynn Resorts, Limited",Consumer Cyclical,Resorts & Casinos,Core,10.5,102.37,100.53,18.0,15.9,10.0,0.0,ok,-3.5,ok,5.66,,False,40.4,19.7,4.5,6.9,68.3,,65.2,-6.0,-18.8,0.269,0.195,BMNR,,126,15.9,13.0,,False
242,MCD,McDonald's Corporation,Consumer Cyclical,Restaurants,Core,192.7,272.25,273.64,16.5,16.4,10.0,0.0,ok,-2.5,ok,3.6,,False,40.4,19.4,3.3,3.7,57.4,,59.5,-8.6,-31.7,-0.068,0.203,NVDA,,126,16.4,12.0,,False
243,WFC,Wells Fargo & Company,Financial Services,Banks - Diversified,Core,266.4,88.11,85.43,16.5,13.9,10.0,0.0,ok,0.0,financial_na,,,False,40.4,11.2,,9.5,0.0,12.6,56.3,4.3,-11.4,0.15,0.203,BMNR,,126,13.9,14.0,,False
244,UDR,"UDR, Inc.",Real Estate,REIT - Residential,Core,13.9,37.94,39.11,17.5,16.4,10.0,0.0,ok,-3.5,ok,5.76,,False,40.4,67.8,5.6,-0.1,66.6,13.7,36.5,3.9,-13.5,-0.132,0.274,AVGO,,126,16.4,17.0,,False
245,AVB,"AvalonBay Communities, Inc.",Real Estate,REIT - Residential,Core,26.3,183.91,188.02,17.0,16.9,10.0,0.0,ok,-3.5,ok,4.9,,False,40.4,37.8,5.4,2.3,62.7,8.5,41.5,3.0,-8.0,-0.048,0.244,AVGO,,126,16.9,17.0,,False
246,AVY,Avery Dennison Corporation,Consumer Cyclical,Packaging & Containers,Core,13.6,180.01,171.01,20.5,11.4,10.0,0.0,ok,-1.5,ok,2.28,,False,40.4,16.0,7.4,10.9,29.0,31.2,74.8,4.5,-21.6,0.126,0.138,MSFT,,126,11.4,11.0,,False
247,EQR,Equity Residential,Real Estate,REIT - Residential,Core,25.5,65.97,67.51,17.0,16.9,10.0,0.0,ok,-3.5,ok,4.51,,False,40.4,42.9,5.6,2.1,62.3,8.0,41.8,4.9,-8.2,-0.141,0.276,AVGO,,126,16.9,17.0,,False
248,RGTI,"Rigetti Computing, Inc.",Technology,Computer Hardware,Growth,6.2,18.62,17.9,12.0,20.4,10.0,-2.0,ok,0.0,neg_ebitda_low_debt,,,False,40.4,,0.4,185.3,,-43.8,69.1,-10.2,10.1,0.515,0.527,BMNR,,126,20.4,13.0,,False
249,HAL,Halliburton Company,Energy,Oil & Gas Equipment & Services,Cyclical,27.4,32.84,34.81,15.5,15.3,10.0,0.0,ok,-0.5,ok,1.49,,False,40.3,11.3,7.5,3.7,15.1,14.9,47.0,-3.5,-17.9,-0.034,0.11,BMNR,,126,15.3,14.0,,False
250,SYK,Stryker Corporation,Healthcare,Medical Devices,Core,130.8,341.09,324.04,17.0,13.8,10.0,0.0,ok,-0.5,ok,1.62,,False,40.3,20.3,3.1,9.4,65.6,16.5,56.1,0.1,-20.7,-0.075,0.233,AVGO,,126,13.8,17.0,,False
251,ALLE,Allegion plc,Industrials,Security & Protection Services,Core,14.2,166.44,158.12,19.5,11.2,10.0,0.0,ok,-0.5,ok,1.81,,False,40.2,17.1,3.4,12.7,44.8,33.7,69.9,10.0,-20.4,0.043,0.087,NVDA,,126,11.2,17.0,,False
252,FITB,Fifth Third Bancorp,Financial Services,Banks - Regional,Growth,52.5,57.94,55.96,18.0,12.2,10.0,0.0,ok,0.0,financial_na,,,False,40.2,11.7,,51.8,0.0,8.4,54.6,16.9,-4.2,0.152,0.202,BMNR,,126,12.2,14.0,,False
253,ELV,"Elevance Health, Inc.",Healthcare,Healthcare Plans,Core,86.4,398.22,396.33,16.0,14.2,10.0,0.0,ok,0.0,ok,-0.78,,False,40.2,13.4,5.0,1.4,26.0,11.1,65.3,13.2,5.1,0.046,0.119,GOOG,,126,14.2,15.0,,False
254,HD,"Home Depot, Inc. (The)",Consumer Cyclical,Home Improvement Retail,Core,340.7,341.7,337.18,17.0,14.7,10.0,0.0,ok,-1.5,ok,2.49,,False,40.2,21.2,3.0,4.8,33.1,128.4,55.7,-1.2,-26.0,0.143,0.274,GOOG,,126,14.7,11.0,,False
255,BKNG,Booking Holdings Inc. Common S,Consumer Cyclical,Travel Services,Core,160.3,213.34,202.67,18.0,12.1,10.0,0.0,ok,0.0,ok,0.36,,False,40.1,17.2,4.8,8.1,87.2,,81.3,15.2,14.4,0.167,0.186,MSFT,,126,12.1,15.0,,False
256,HCA,"HCA Healthcare, Inc.",Healthcare,Medical Care Facilities,Core,89.1,411.74,391.5,17.0,15.6,10.0,0.0,ok,-2.5,ok,3.2,,False,40.1,12.8,4.2,8.7,42.6,,65.0,-9.7,-37.1,0.004,0.189,GOOG,,126,15.6,16.0,,False
257,EPAM,"EPAM Systems, Inc.",Technology,Information Technology Service,Speculative,5.2,101.55,96.47,17.0,13.1,10.0,0.0,ok,0.0,ok,-0.85,,False,40.1,7.2,12.4,4.5,29.5,11.2,60.4,-29.0,-51.9,0.002,0.2,MSFT,,126,13.1,15.0,,False
258,RSG,"Republic Services, Inc.",Industrials,Waste Management,Core,65.9,215.22,213.7,16.0,15.6,10.0,0.0,ok,-1.5,ok,2.7,,False,40.1,26.7,2.9,4.6,43.0,18.2,46.5,0.8,-16.4,-0.408,0.39,AVGO,,126,15.6,15.0,,False
259,PRU,"Prudential Financial, Inc.",Financial Services,Insurance - Life,Core,43.0,124.75,118.51,18.0,12.1,10.0,0.0,ok,0.0,financial_na,,,False,40.1,8.5,17.5,14.1,29.0,12.0,65.0,17.7,7.3,0.153,0.242,BMNR,,126,12.1,14.0,,False
260,DDOG,"Datadog, Inc.",Technology,Software - Application,Growth,90.6,252.24,248.71,15.0,15.0,10.0,0.0,ok,0.0,ok,-44.73,,False,40.0,85.1,1.2,35.6,79.5,4.7,51.6,46.8,85.8,0.25,0.331,MSFT,,126,15.0,17.0,,False
261,MNST,Monster Beverage Corporation,Consumer Defensive,Beverages - Non-Alcoholic,Core,91.4,46.68,91.6,18.0,12.0,10.0,0.0,ok,0.0,ok,-1.13,,True,40.0,35.7,1.8,20.2,55.5,25.7,12.5,-42.3,-56.6,0.086,0.188,GOOG,,126,15.9,17.0,,False
262,COIN,"Coinbase Global, Inc.",Financial Services,Financial Data & Stock Exchang,Core,40.6,153.9,158.25,15.0,17.0,10.0,-2.0,ok,0.0,financial_na,,,False,40.0,50.9,6.6,-17.3,85.8,-7.8,46.7,-24.6,-5.1,0.526,0.713,BMNR,,126,17.0,16.0,,False
263,GLW,Corning Incorporated,Technology,Electronic Components,Core,136.6,158.54,177.16,14.5,16.0,10.0,0.0,ok,-0.5,ok,1.68,,False,40.0,36.7,0.5,16.6,36.4,16.8,56.1,14.5,6.6,0.319,0.434,AVGO,,126,16.0,13.0,,False
264,PM,Philip Morris International In,Consumer Defensive,Tobacco,Core,294.4,188.91,184.73,17.5,14.0,10.0,0.0,ok,-1.5,ok,2.39,,False,40.0,20.6,3.3,10.4,67.5,,43.5,10.9,-13.3,-0.115,0.158,AVGO,,126,14.0,18.0,,False
265,PAYX,"Paychex, Inc.",Technology,Software - Application,Core,44.6,125.4,119.13,18.5,13.0,10.0,0.0,ok,-1.5,ok,2.17,,False,40.0,19.6,,12.5,67.2,,72.6,22.9,23.2,-0.041,0.295,MSFT,,126,13.0,17.0,,False
266,MRVL,"Marvell Technology, Inc.",Technology,Semiconductors,Core,199.4,222.18,239.69,15.5,14.4,10.0,0.0,ok,0.0,ok,0.53,,False,39.9,35.6,1.1,27.6,51.5,16.0,61.1,57.9,170.0,0.369,0.559,AVGO,,126,14.4,14.0,,False
267,ARES,Ares Management Corporation,Financial Services,Asset Management,Core,49.3,149.45,141.98,17.5,12.4,10.0,0.0,ok,0.0,financial_na,,,False,39.9,20.8,4.4,5.8,37.4,14.9,76.0,12.5,-1.0,0.374,0.319,GOOG,,126,12.4,14.0,,False
268,KVUE,Kenvue Inc.,Consumer Defensive,Household & Personal Products,Core,36.9,19.2,18.84,17.5,13.8,10.0,0.0,ok,-1.5,ok,2.16,,False,39.8,15.5,5.2,3.0,58.4,15.6,48.7,9.8,-9.4,-0.114,0.205,AVGO,,126,13.8,17.0,,False
269,PHM,"PulteGroup, Inc.",Consumer Cyclical,Residential Construction,Core,24.9,130.55,127.59,15.0,14.8,10.0,0.0,ok,0.0,ok,0.42,,False,39.8,11.6,4.3,-9.6,25.6,14.9,52.4,5.0,-19.9,0.106,0.197,GOOG,,126,14.8,11.0,,False
270,GILD,"Gilead Sciences, Inc.",Healthcare,Drug Manufacturers - General,Core,171.3,138.14,131.23,17.0,13.3,10.0,0.0,ok,-0.5,ok,1.46,,False,39.8,14.0,5.7,10.2,79.6,-20.7,66.9,4.8,-22.6,0.069,0.133,GOOG,,126,13.3,17.0,,False
271,COF,Capital One Financial Corporat,Financial Services,Credit Services,Growth,137.3,223.83,212.64,18.0,11.7,10.0,0.0,ok,0.0,financial_na,,,False,39.7,9.3,,1111.0,0.0,9.0,76.9,8.0,-5.5,0.363,0.331,BMNR,,126,11.7,16.0,,False
272,TDG,Transdigm Group Incorporated,Industrials,Aerospace & Defense,Core,68.9,1246.31,1266.68,18.5,16.2,10.0,0.0,ok,-5.0,ok,6.03,,False,39.7,25.8,2.1,22.5,59.8,,51.7,-2.5,-18.0,0.183,0.333,GOOG,,126,16.2,15.0,,False
273,RJF,"Raymond James Financial, Inc.",Financial Services,Asset Management,Core,34.8,180.99,171.94,19.0,10.7,10.0,0.0,ok,0.0,financial_na,,,False,39.7,12.8,,15.1,93.2,18.4,72.4,14.2,1.3,0.302,0.283,GOOG,,126,10.7,16.0,,False
274,A,"Agilent Technologies, Inc.",Healthcare,Diagnostics & Research,Core,42.2,149.29,141.83,17.5,12.1,10.0,0.0,ok,0.0,ok,0.86,,False,39.6,22.6,2.2,10.0,52.6,21.3,76.6,14.1,5.7,0.177,0.134,NVDA,,126,12.1,16.0,,False
275,AMT,American Tower Corporation (RE,Real Estate,REIT - Specialty,Core,81.2,174.19,173.88,19.5,15.1,10.0,0.0,ok,-5.0,ok,6.14,,False,39.6,24.8,3.6,4.7,73.8,33.9,59.1,-1.4,-20.7,-0.136,0.35,AVGO,,126,15.1,17.0,,False
276,ESS,"Essex Property Trust, Inc.",Real Estate,REIT - Residential,Core,19.8,287.39,288.17,17.0,16.1,10.0,0.0,ok,-3.5,ok,5.43,,False,39.6,46.6,5.3,3.1,68.8,7.7,43.8,9.4,1.4,-0.099,0.249,AVGO,,126,16.1,17.0,,False
277,FTV,Fortive Corporation,Technology,Scientific & Technical Instrum,Core,18.7,61.81,61.22,17.0,14.1,10.0,0.0,ok,-1.5,ok,2.61,,False,39.6,19.0,5.0,7.9,63.2,7.3,47.9,7.8,-3.6,0.089,0.139,NVDA,,126,14.1,15.0,,False
278,VMC,Vulcan Materials Company (Hold,Basic Materials,Building Materials,Cyclical,36.0,277.52,288.64,14.5,16.6,10.0,0.0,ok,-1.5,ok,2.03,,False,39.6,25.7,2.3,2.5,27.5,13.2,48.4,-4.1,-27.8,0.052,0.218,GOOG,,126,16.6,11.0,,False
279,ACMR,"ACM Research, Inc.",Technology,Semiconductor Equipment & Mate,Growth,5.7,81.19,90.89,14.5,15.1,10.0,0.0,ok,0.0,ok,-6.83,,False,39.6,30.0,-3.3,36.0,43.8,11.6,46.9,35.4,12.5,0.437,0.489,AVGO,,126,15.1,14.0,,False
280,KEY,KeyCorp,Financial Services,Banks - Regional,Core,24.6,22.99,22.8,17.5,12.0,10.0,0.0,ok,0.0,financial_na,,,False,39.5,10.8,,10.1,0.0,10.3,56.7,9.8,-7.4,0.255,0.278,BMNR,,126,12.0,14.0,,False
281,DLR,"Digital Realty Trust, Inc.",Real Estate,REIT - Specialty,Core,74.4,197.58,187.7,19.0,14.0,10.0,0.0,ok,-3.5,ok,5.66,,False,39.5,67.4,5.1,29.9,57.0,2.9,48.1,12.1,-3.8,0.172,0.215,BMNR,,126,14.0,16.0,,False
282,LEN,Lennar Corporation,Consumer Cyclical,Residential Construction,Core,21.1,87.54,87.25,12.0,18.0,10.0,0.0,ok,-0.5,ok,1.92,,False,39.5,13.5,5.1,-5.2,16.4,7.4,54.9,-13.2,-41.3,0.171,0.201,NVDA,,126,18.0,11.0,,False
283,DAL,"Delta Air Lines, Inc.",Industrials,Airlines,Core,60.0,91.31,86.9,17.0,14.0,10.0,0.0,ok,-1.5,ok,2.19,,False,39.5,10.3,4.7,18.7,18.7,20.1,63.2,26.6,17.9,0.342,0.33,GOOG,,126,14.0,14.0,,False
284,GPN,Global Payments Inc.,Industrials,Specialty Business Services,Growth,25.1,94.83,90.09,21.0,12.0,10.0,0.0,ok,-3.5,ok,4.05,,False,39.5,6.0,,68.6,64.0,2.4,75.3,27.5,23.8,0.258,0.273,MSFT,,126,12.0,18.0,fcf_yield_out_of_range(31.4),False
285,PSA,Public Storage,Real Estate,REIT - Industrial,Core,61.4,328.72,320.97,18.5,12.5,10.0,0.0,ok,-1.5,ok,2.89,,False,39.5,35.8,3.8,3.3,74.4,21.9,57.3,12.2,-0.6,-0.041,0.207,GOOG,,126,12.5,17.0,,False
286,HUM,Humana Inc.,Healthcare,Healthcare Plans,Core,46.2,384.97,379.61,15.0,14.5,10.0,0.0,ok,0.0,ok,-2.54,,False,39.5,23.2,4.2,26.2,13.7,6.9,48.2,43.2,102.2,0.073,0.15,NVDA,,126,14.5,15.0,,False
287,REG,Regency Centers Corporation,Real Estate,REIT - Retail,Core,14.4,76.86,79.55,17.0,16.0,10.0,0.0,ok,-3.5,ok,4.62,,False,39.5,30.5,5.2,8.9,71.5,8.2,19.0,2.5,-11.5,-0.151,0.238,AVGO,,126,16.0,17.0,,False
288,TXT,Textron Inc.,Industrials,Aerospace & Defense,Core,15.1,88.04,90.4,13.0,16.9,10.0,0.0,ok,-0.5,ok,1.65,,False,39.4,12.2,3.0,3.0,17.6,12.1,34.2,-2.0,-25.0,0.148,0.208,BMNR,,126,16.9,14.0,,False
289,BLK,"BlackRock, Inc.",Financial Services,Asset Management,Growth,192.2,1182.84,1123.7,19.0,10.4,10.0,0.0,ok,0.0,financial_na,,,False,39.4,18.4,3.9,30.6,47.2,12.3,82.1,12.6,-1.5,0.436,0.403,GOOG,,126,10.4,15.0,,False
290,CMCSA,Comcast Corporation,Communication Services,Telecom Services,Core,92.9,26.18,24.87,18.5,12.4,10.0,0.0,ok,-1.5,ok,2.43,,False,39.4,7.2,13.7,-1.2,69.4,11.5,78.5,-1.6,-30.9,-0.039,0.139,GOOG,,126,12.4,17.0,,False
291,NTRS,Northern Trust Corporation,Financial Services,Asset Management,Growth,34.8,190.48,180.96,17.5,11.9,10.0,0.0,ok,0.0,financial_na,,,False,39.4,15.0,,36.4,0.0,17.1,72.0,24.2,18.7,0.291,0.271,BMNR,,126,11.9,14.0,,False
292,IR,Ingersoll Rand Inc.,Industrials,Specialty Industrial Machinery,Core,32.7,84.28,80.49,14.5,15.4,10.0,0.0,ok,-0.5,ok,1.85,,False,39.4,21.5,3.4,8.5,42.8,9.5,49.7,2.9,-24.6,0.212,0.236,GOOG,,126,15.4,15.0,,False
293,IONQ,"IonQ, Inc.",Technology,Computer Hardware,Growth,18.2,44.98,46.54,11.0,18.3,10.0,0.0,ok,0.0,neg_ebitda_low_debt,,,False,39.3,,-0.5,286.8,,-60.5,71.5,-0.8,29.6,0.484,0.461,BMNR,,126,18.3,13.0,,False
294,WTW,Willis Towers Watson Public Li,Financial Services,Insurance Brokers,Core,31.0,333.99,317.29,17.5,11.8,10.0,0.0,ok,0.0,financial_na,,,False,39.3,14.6,4.6,9.1,42.5,19.8,78.4,12.1,4.3,0.012,0.44,MSFT,,126,11.8,15.0,,False
295,C,"Citigroup, Inc.",Financial Services,Banks - Diversified,Core,232.7,138.73,136.87,16.0,13.3,10.0,0.0,ok,0.0,financial_na,,,False,39.3,10.8,,15.5,0.0,8.5,62.5,15.6,11.3,0.407,0.359,BMNR,,126,13.3,14.0,,False
296,LIN,Linde plc,Basic Materials,Specialty Chemicals,Cyclical,220.4,478.2,510.94,13.5,16.3,10.0,0.0,ok,-0.5,ok,1.67,,False,39.3,24.4,1.9,9.3,48.3,18.4,26.6,0.7,-12.7,-0.149,0.141,AVGO,,126,16.3,12.0,,False
297,JBHT,"J.B. Hunt Transport Services, ",Industrials,Integrated Freight & Logistics,Core,26.5,282.32,279.9,14.0,15.3,10.0,0.0,ok,0.0,ok,0.84,,False,39.3,27.9,3.4,19.4,18.5,18.4,45.2,23.3,15.2,0.098,0.124,NVDA,,126,15.3,14.0,,False
298,DOV,Dover Corporation,Industrials,Specialty Industrial Machinery,Core,27.8,206.66,214.03,16.0,13.3,10.0,0.0,ok,0.0,ok,0.79,,False,39.3,17.8,3.3,6.9,40.1,14.9,57.7,-0.8,-24.3,0.237,0.265,GOOG,,126,13.3,15.0,,False
299,CVNA,Carvana Co.,Consumer Cyclical,Auto & Truck Dealerships,Growth,109.7,73.7,70.01,16.0,13.7,10.0,0.0,ok,-0.5,ok,1.02,,False,39.2,32.7,0.4,52.4,19.4,58.8,72.4,1.8,-7.1,0.36,0.393,GOOG,,126,13.7,11.0,,False
300,IVZ,Invesco Ltd,Financial Services,Asset Management,Core,14.3,32.36,30.74,16.5,12.7,10.0,0.0,ok,0.0,financial_na,,,False,39.2,10.0,8.0,20.5,29.5,-0.6,64.9,23.0,11.2,0.488,0.453,BMNR,,126,12.7,14.0,,False
301,OTIS,Otis Worldwide Corporation,Industrials,Specialty Industrial Machinery,Core,27.8,73.03,72.35,15.5,16.2,10.0,0.0,ok,-2.5,ok,3.04,,False,39.2,15.9,5.2,7.3,30.3,,55.4,-9.8,-33.7,0.001,0.162,GOOG,,126,16.2,14.0,,False
302,PNC,"PNC Financial Services Group, ",Financial Services,Banks - Regional,Core,101.8,255.2,245.47,18.5,10.7,10.0,0.0,ok,0.0,financial_na,,,False,39.2,11.9,,23.6,0.0,12.6,60.1,16.9,-2.2,0.136,0.197,GOOG,,126,10.7,14.0,,False
303,BXP,"BXP, Inc.",Real Estate,REIT - Office,Core,12.5,69.18,67.41,18.0,16.1,10.0,0.0,ok,-5.0,ok,9.81,,False,39.1,33.1,7.0,3.7,56.5,5.3,50.3,9.5,4.6,0.139,0.211,BMNR,,126,16.1,16.0,,False
304,MCK,McKesson Corporation,Healthcare,Medical Distribution,Core,99.9,856.69,813.86,14.0,15.1,10.0,0.0,ok,0.0,ok,0.94,,False,39.1,17.0,6.8,7.7,3.6,,53.2,2.1,-20.5,-0.243,0.31,AVGO,,126,15.1,15.0,,False
305,EMR,Emerson Electric Company,Industrials,Specialty Industrial Machinery,Core,91.6,164.21,156.0,18.5,11.0,10.0,0.0,ok,-0.5,ok,1.92,,False,39.0,22.7,4.0,7.0,53.2,12.8,70.0,17.1,0.0,0.337,0.346,NVDA,,126,11.0,15.0,,False
306,CVS,CVS Health Corporation,Healthcare,Healthcare Plans,Core,121.5,94.99,102.17,14.0,17.5,10.0,0.0,ok,-2.5,ok,3.74,,False,39.0,11.2,6.6,7.1,13.6,6.2,21.2,12.1,8.8,-0.087,0.161,AVGO,,126,17.5,15.0,,False
307,BAC,Bank of America Corporation,Financial Services,Banks - Diversified,Core,448.2,64.09,60.89,16.5,12.5,10.0,0.0,ok,0.0,financial_na,,,False,39.0,12.1,,16.8,0.0,11.2,64.4,18.8,8.6,0.257,0.278,BMNR,,126,12.5,14.0,,False
308,PSX,Phillips 66,Energy,Oil & Gas Refining & Marketing,Growth,93.3,232.61,220.98,19.0,10.5,10.0,0.0,ok,-0.5,ok,1.66,,False,39.0,11.1,4.9,53.1,13.1,23.5,75.2,43.1,37.0,-0.155,0.253,NVDA,,126,10.5,12.0,,False
309,MLM,"Martin Marietta Materials, Inc",Basic Materials,Building Materials,Cyclical,32.7,544.76,572.33,12.5,18.0,10.0,0.0,ok,-1.5,ok,2.93,,False,39.0,25.2,1.8,21.0,28.2,8.9,45.3,-10.3,-31.5,0.084,0.211,GOOG,,126,18.0,11.0,,False
310,ALB,Albemarle Corporation,Basic Materials,Specialty Chemicals,Growth,15.4,130.48,135.23,19.0,10.0,10.0,0.0,ok,0.0,ok,0.25,,False,39.0,11.3,8.7,31.1,24.0,2.6,74.7,-15.1,-31.8,0.271,0.28,AVGO,,126,10.0,11.0,,False
311,PLD,"Prologis, Inc.",Real Estate,REIT - Industrial,Core,137.3,141.21,143.26,16.5,16.0,10.0,0.0,ok,-3.5,ok,5.24,,False,39.0,41.5,3.9,12.3,75.5,7.7,32.4,4.3,-9.8,0.055,0.157,BMNR,,126,16.0,17.0,,False
312,TRGP,"Targa Resources, Inc.",Energy,Oil & Gas Midstream,Cyclical,57.2,266.88,269.41,16.0,15.5,10.0,0.0,ok,-2.5,ok,3.54,,False,39.0,22.2,0.1,4.2,43.2,70.8,40.1,17.7,8.7,-0.229,0.192,BMNR,,126,15.5,13.0,,False
313,MAA,Mid-America Apartment Communit,Real Estate,REIT - Residential,Core,16.0,134.2,135.55,17.0,15.4,10.0,0.0,ok,-3.5,ok,4.57,,False,38.9,40.9,5.8,1.0,58.4,7.0,50.8,2.6,-12.3,-0.188,0.335,AVGO,,126,15.4,16.0,,False
314,ERIE,Erie Indemnity Company,Financial Services,Insurance Brokers,Core,13.4,255.83,243.04,16.0,12.9,10.0,0.0,ok,0.0,financial_na,,,False,38.9,18.3,3.6,2.8,17.9,24.8,70.0,0.0,-23.2,-0.219,0.317,AVGO,,126,12.9,14.0,,False
315,YUM,"Yum! Brands, Inc.",Consumer Cyclical,Restaurants,Core,41.2,150.85,153.39,16.5,15.8,10.0,0.0,ok,-3.5,ok,4.15,,False,38.8,20.2,2.0,12.2,45.3,,52.5,-2.1,-21.3,-0.053,0.119,AVGO,,126,15.8,12.0,,False
316,NSC,Norfolk Southern Corporation,Industrials,Railroads,Core,75.9,337.85,324.21,15.5,14.8,10.0,0.0,ok,-1.5,ok,2.84,,False,38.8,23.6,1.8,11.4,45.2,17.0,33.0,11.6,-6.3,-0.148,0.168,MSFT,,126,14.8,15.0,,False
317,VTRS,Viatris Inc.,Healthcare,Drug Manufacturers - Specialty,Core,18.4,16.04,16.56,16.0,14.3,10.0,0.0,ok,-1.5,ok,2.82,,False,38.8,6.0,14.5,4.9,40.3,-2.8,30.0,13.1,-11.7,0.153,0.195,BMNR,,126,14.3,16.0,,False
318,WAB,Westinghouse Air Brake Technol,Industrials,Railroads,Core,50.3,297.98,283.08,17.0,13.3,10.0,0.0,ok,-1.5,ok,2.37,,False,38.8,24.1,2.2,17.5,35.7,11.6,45.4,20.6,3.4,0.155,0.295,AVGO,,126,13.3,14.0,,False
319,TTWO,"Take-Two Interactive Software,",Communication Services,Electronic Gaming & Multimedia,Core,45.2,241.91,237.24,13.5,15.8,10.0,0.0,ok,-0.5,ok,1.46,,False,38.8,23.5,2.8,2.0,57.1,-9.0,57.3,5.6,12.9,0.31,0.327,MSFT,,126,15.8,14.0,,False
320,ITW,Illinois Tool Works Inc.,Industrials,Specialty Industrial Machinery,Core,82.9,290.98,276.43,18.5,10.7,10.0,0.0,ok,-0.5,ok,1.84,,False,38.7,23.5,2.9,6.1,44.2,104.6,58.4,10.7,-16.0,0.017,0.176,NVDA,,126,10.7,15.0,,False
321,VICI,VICI Properties Inc.,Real Estate,REIT - Diversified,Core,29.0,26.34,26.82,13.0,19.2,10.0,0.0,ok,-3.5,ok,4.82,,False,38.7,8.8,0.9,5.7,99.3,9.8,43.8,-5.5,-22.0,-0.139,0.253,AVGO,,126,19.2,17.0,,False
322,KKR,KKR & Co. Inc.,Financial Services,Asset Management,Core,106.5,115.3,109.54,15.5,13.1,10.0,0.0,ok,0.0,financial_na,,,False,38.6,15.6,,7.8,54.8,7.3,73.7,8.5,0.3,0.358,0.312,BMNR,,126,13.1,15.0,,False
323,CCI,Crown Castle Inc.,Real Estate,REIT - Specialty,Core,33.1,75.73,80.46,15.5,18.1,10.0,0.0,ok,-5.0,ok,8.31,,False,38.6,26.1,3.1,-4.9,73.7,,52.1,-11.3,-26.8,-0.111,0.334,AVGO,,126,18.1,17.0,,False
324,EW,Edwards Lifesciences Corporati,Healthcare,Medical Devices,Core,53.4,92.56,88.46,16.5,12.1,10.0,0.0,ok,0.0,ok,-1.78,,False,38.6,27.4,2.3,13.6,77.8,9.2,82.9,9.7,6.9,0.251,0.281,GOOG,,126,12.1,17.0,,False
325,COR,"Cencora, Inc.",Healthcare,Medical Distribution,Core,59.2,310.01,297.47,14.5,15.6,10.0,0.0,ok,-1.5,ok,2.1,,False,38.6,15.6,3.5,5.1,4.0,96.9,50.1,-4.1,-25.5,-0.16,0.232,NVDA,,126,15.6,15.0,,False
326,SYY,Sysco Corporation,Consumer Defensive,Food Distribution,Core,40.0,83.55,81.81,17.0,13.1,10.0,0.0,ok,-1.5,ok,2.89,,False,38.6,15.6,4.9,4.7,18.5,77.7,52.2,6.6,-20.5,-0.02,0.077,GOOG,,126,13.1,16.0,,False
327,USB,U.S. Bancorp,Financial Services,Banks - Regional,Core,101.5,65.17,61.91,17.5,11.0,10.0,0.0,ok,0.0,financial_na,,,False,38.5,11.3,,10.4,0.0,12.6,59.6,18.4,-0.3,0.182,0.219,GOOG,,126,11.0,14.0,,False
328,TMO,Thermo Fisher Scientific Inc,Healthcare,Diagnostics & Research,Core,220.3,595.89,566.1,17.0,14.0,10.0,0.0,ok,-2.5,ok,3.28,,False,38.5,21.7,2.8,10.5,41.0,13.5,65.8,12.0,2.9,0.127,0.154,MSFT,,126,14.0,16.0,,False
329,PNR,Pentair plc.,Industrials,Specialty Industrial Machinery,Core,10.7,66.87,70.58,15.5,13.5,10.0,0.0,ok,-0.5,ok,1.62,,False,38.5,12.9,5.2,-17.0,41.4,17.1,62.6,-24.9,-46.9,0.148,0.223,NVDA,,126,13.5,15.0,,False
330,ORLY,"O'Reilly Automotive, Inc.",Consumer Cyclical,Auto Parts,Core,74.9,92.58,88.87,15.5,14.5,10.0,0.0,ok,-1.5,ok,2.24,,False,38.5,25.4,2.1,8.1,51.6,,65.6,-0.2,-16.9,-0.114,0.188,NVDA,,126,14.5,12.0,,False
331,COHR,Coherent Corp.,Technology,Scientific & Technical Instrum,Core,64.0,327.23,339.14,13.0,15.5,10.0,0.0,ok,0.0,ok,0.76,,False,38.5,24.1,-0.3,20.5,37.0,4.7,56.8,23.7,37.3,0.378,0.484,NVDA,,126,15.5,13.0,,False
332,LOW,"Lowe's Companies, Inc.",Consumer Cyclical,Home Improvement Retail,Core,122.4,218.22,215.2,15.0,16.0,10.0,0.0,ok,-2.5,ok,3.32,,False,38.5,16.3,3.9,10.3,33.3,,59.8,-8.0,-37.3,0.093,0.26,GOOG,,126,16.0,11.0,,False
333,EA,Electronic Arts Inc.,Communication Services,Electronic Gaming & Multimedia,Core,52.9,209.7,205.27,18.0,10.5,10.0,0.0,ok,0.0,ok,-0.31,,False,38.5,21.8,3.2,18.9,79.9,16.5,80.9,3.4,-9.9,0.183,0.274,BMNR,,119,10.5,15.0,,False
334,RF,Regions Financial Corporation,Financial Services,Banks - Regional,Core,27.0,31.66,30.32,16.5,11.9,10.0,0.0,ok,0.0,financial_na,,,False,38.4,11.1,,3.4,0.0,11.9,63.3,13.8,-6.8,0.183,0.223,GOOG,,126,11.9,14.0,,False
335,VTR,"Ventas, Inc.",Real Estate,REIT - Healthcare Facilities,Core,46.3,90.29,89.92,16.5,15.4,10.0,0.0,ok,-3.5,ok,5.34,,False,38.4,98.7,3.2,21.7,40.0,2.0,30.0,8.2,-7.5,-0.288,0.327,AVGO,,126,15.4,15.0,,False
336,LDOS,"Leidos Holdings, Inc.",Technology,Information Technology Service,Core,17.9,142.61,135.48,17.0,12.8,10.0,0.0,ok,-1.5,ok,2.45,,False,38.3,11.1,6.4,7.2,17.8,27.8,79.9,-9.2,-30.8,0.096,0.183,MSFT,,126,12.8,15.0,,False
337,IQV,"IQVIA Holdings, Inc.",Healthcare,Diagnostics & Research,Core,39.8,241.52,229.44,17.5,14.3,10.0,0.0,ok,-3.5,ok,4.65,,False,38.3,16.7,5.4,8.7,33.0,22.8,69.9,21.6,28.9,0.038,0.106,MSFT,,126,14.3,15.0,,False
338,NRG,"NRG Energy, Inc.",Utilities,Utilities - Independent Power ,Core,25.2,119.75,133.03,17.0,16.3,10.0,0.0,ok,-5.0,ok,7.16,,False,38.3,10.9,3.1,11.0,18.8,23.8,32.9,-20.5,-39.9,0.214,0.237,AVGO,,126,16.3,18.0,,False
339,COST,Costco Wholesale Corporation,Consumer Defensive,Discount Stores,Core,426.6,961.85,950.59,14.0,14.2,10.0,0.0,ok,0.0,ok,-0.07,,False,38.2,42.5,1.6,21.5,12.9,29.2,61.7,0.5,-17.7,-0.257,0.373,AVGO,,126,14.2,16.0,,False
340,INVH,Invitation Homes Inc.,Real Estate,REIT - Residential,Core,18.0,30.3,29.8,19.0,12.7,10.0,0.0,ok,-3.5,ok,5.65,,False,38.2,44.7,6.5,10.1,56.3,7.1,58.2,10.0,0.1,-0.12,0.267,AVGO,,126,12.7,16.0,,False
341,ARE,Alexandria Real Estate Equitie,Real Estate,REIT - Office,Speculative,8.3,48.42,50.87,15.0,18.1,10.0,0.0,ok,-5.0,ok,7.13,,False,38.1,,16.1,-11.9,68.2,-4.1,42.8,-3.1,-16.6,0.069,0.066,NVDA,,126,18.1,17.0,,False
342,DD,"DuPont de Nemours, Inc.",Basic Materials,Specialty Chemicals,Cyclical,19.5,144.1,136.9,15.5,12.6,10.0,0.0,ok,0.0,ok,0.91,,False,38.1,18.1,9.4,4.0,35.1,1.8,61.5,134.9,179.7,-0.046,0.098,BMNR,,126,12.6,11.0,,False
343,BKR,Baker Hughes Company,Energy,Oil & Gas Equipment & Services,Cyclical,63.0,63.44,60.27,16.0,12.1,10.0,0.0,ok,0.0,ok,-0.16,,False,38.1,20.3,7.0,-2.4,23.7,16.5,69.7,11.2,-10.1,0.163,0.189,BMNR,,126,12.1,14.0,,False
344,ZBH,"Zimmer Biomet Holdings, Inc.",Healthcare,Medical Devices,Core,19.0,99.57,94.59,17.0,12.5,10.0,0.0,ok,-1.5,ok,2.79,,False,38.0,11.0,5.7,4.8,69.9,6.4,69.3,9.7,-9.2,-0.056,0.12,AVGO,,126,12.5,17.0,,False
345,CSGP,"CoStar Group, Inc.",Real Estate,Real Estate Services,Core,13.4,33.05,31.4,16.5,11.5,10.0,0.0,ok,0.0,ok,-0.28,,False,38.0,19.2,3.1,18.4,78.7,0.9,72.1,-29.3,-40.7,0.032,0.331,MSFT,,126,11.5,19.0,,False
346,GEHC,GE HealthCare Technologies Inc,Healthcare,Medical Devices,Core,33.3,73.79,70.1,17.5,12.0,10.0,0.0,ok,-1.5,ok,2.36,,False,38.0,13.6,4.7,5.8,39.5,19.4,79.6,1.2,-20.3,0.118,0.223,GOOG,,126,12.0,15.0,,False
347,DVA,DaVita Inc.,Healthcare,Medical Care Facilities,Core,11.4,179.17,216.54,19.5,12.0,10.0,0.0,ok,-3.5,ok,4.5,,True,38.0,10.5,9.1,5.2,32.4,88.5,15.8,12.3,5.3,-0.056,0.167,GOOG,,126,17.6,15.0,,False
348,AME,"AMETEK, Inc.",Industrials,Specialty Industrial Machinery,Core,58.7,256.22,243.41,17.0,10.9,10.0,0.0,ok,0.0,ok,0.73,,False,37.9,28.5,2.5,15.0,36.9,14.6,66.6,15.4,-1.9,0.262,0.344,AVGO,,126,10.9,14.0,,False
349,SOLV,Solventum Corporation,Healthcare,Medical Instruments & Supplies,Core,14.7,86.46,82.14,18.5,12.9,10.0,0.0,ok,-3.5,ok,4.29,,False,37.9,12.0,3.3,2.2,54.8,34.0,65.6,14.0,-0.3,0.122,0.257,GOOG,,126,12.9,16.0,,False
350,GNRC,Generac Holdlings Inc.,Industrials,Specialty Industrial Machinery,Core,12.8,216.66,239.67,15.5,12.9,10.0,0.0,ok,-0.5,ok,1.79,,False,37.9,18.3,2.3,10.6,39.5,9.5,60.1,5.4,-13.7,0.224,0.422,AVGO,,126,12.9,14.0,,False
351,COHU,"Cohu, Inc.",Technology,Semiconductor Equipment & Mate,Growth,2.8,58.34,56.23,14.0,13.9,10.0,0.0,ok,0.0,ok,-13.22,,False,37.9,31.6,2.4,38.4,44.0,-4.8,59.7,53.4,63.7,0.416,0.507,AVGO,,126,13.9,14.0,,False
352,EQIX,"Equinix, Inc.",Real Estate,REIT - Specialty,Core,106.0,1073.78,1050.72,17.0,14.3,10.0,0.0,ok,-3.5,ok,4.93,,False,37.8,56.9,3.6,16.7,52.0,10.7,47.9,14.3,-1.4,0.073,0.113,BMNR,,126,14.3,16.0,,False
353,DG,Dollar General Corporation,Consumer Defensive,Discount Stores,Core,26.9,122.08,118.42,17.0,14.3,10.0,0.0,ok,-3.5,ok,4.26,,False,37.8,15.2,7.0,3.4,30.8,18.9,59.6,-1.3,-31.6,0.2,0.232,MSFT,,126,14.3,16.0,,False
354,KDP,Keurig Dr Pepper Inc.,Consumer Defensive,Beverages - Non-Alcoholic,Growth,42.3,31.12,31.08,20.0,12.8,10.0,0.0,ok,-5.0,ok,6.66,,False,37.8,12.3,10.9,75.6,51.0,5.1,60.9,8.9,-9.2,-0.136,0.165,AVGO,,126,12.8,17.0,,False
355,STE,STERIS plc (Ireland),Healthcare,Medical Devices,Core,23.0,236.07,224.27,16.0,11.8,10.0,0.0,ok,0.0,ok,0.95,,False,37.8,19.3,3.5,7.3,44.4,11.4,75.8,0.9,-17.2,0.048,0.158,GOOG,,126,11.8,16.0,,False
356,FDX,FedEx Corporation,Industrials,Integrated Freight & Logistics,Core,80.3,339.35,322.38,18.0,11.3,10.0,0.0,ok,-1.5,ok,2.48,,False,37.8,16.3,7.0,12.5,27.3,14.8,72.7,3.7,-21.9,0.182,0.235,GOOG,,126,11.3,14.0,,False
357,CPB,The Campbell's Company,Consumer Defensive,Packaged Foods,Speculative,6.9,23.28,22.24,16.0,15.2,10.0,0.0,ok,-3.5,ok,4.07,,False,37.7,12.0,8.7,-4.4,29.2,15.4,62.2,-4.3,-32.5,-0.163,0.291,AVGO,,126,15.2,16.0,,False
358,MSI,"Motorola Solutions, Inc.",Technology,Communication Equipment,Core,77.0,465.04,441.79,19.5,9.7,10.0,0.0,ok,-1.5,ok,2.37,,False,37.7,24.4,2.6,13.3,52.1,91.6,71.6,11.8,-11.3,0.009,0.138,AVGO,,126,9.7,14.0,,False
359,ABT,Abbott Laboratories,Healthcare,Medical Devices,Core,192.5,111.27,105.71,17.0,12.2,10.0,0.0,ok,-1.5,ok,2.32,,False,37.7,18.4,3.7,13.0,56.8,10.6,74.7,4.1,-13.7,-0.083,0.273,AVGO,,126,12.2,16.0,,False
360,UAL,"United Airlines Holdings, Inc.",Industrials,Airlines,Core,41.0,126.35,122.06,17.0,12.2,10.0,0.0,ok,-1.5,ok,2.4,,False,37.7,8.2,2.2,16.0,31.8,23.3,59.5,18.3,1.5,0.364,0.314,GOOG,,126,12.2,14.0,,False
361,GRMN,Garmin Ltd.,Technology,Scientific & Technical Instrum,Core,60.2,311.93,296.33,17.0,10.5,10.0,0.0,ok,0.0,ok,-1.06,,False,37.5,28.4,1.7,11.4,60.1,21.9,86.1,34.8,39.9,0.161,0.166,GOOG,,126,10.5,15.0,,False
362,CAH,"Cardinal Health, Inc.",Healthcare,Medical Distribution,Core,53.8,231.24,228.45,14.0,13.5,10.0,0.0,ok,0.0,ok,0.98,,False,37.5,16.5,8.4,5.8,3.8,,53.8,9.2,-6.4,-0.127,0.211,AVGO,,126,13.5,15.0,,False
363,LII,"Lennox International, Inc.",Industrials,Building Products & Equipment,Core,14.5,418.31,513.86,16.0,12.0,10.0,0.0,ok,-0.5,ok,1.68,,True,37.5,15.9,1.9,3.0,33.3,71.8,22.1,-17.1,-39.0,0.18,0.255,NVDA,,126,15.9,14.0,,False
364,TGT,Target Corporation,Consumer Defensive,Discount Stores,Core,70.6,155.51,147.73,17.5,10.5,10.0,0.0,ok,-0.5,ok,1.89,,False,37.5,17.3,4.4,6.7,28.1,22.0,85.9,34.3,25.2,0.019,0.12,GOOG,,126,10.5,16.0,,False
365,ECL,Ecolab Inc.,Basic Materials,Specialty Chemicals,Cyclical,77.4,276.26,273.4,15.0,14.0,10.0,0.0,ok,-1.5,ok,2.12,,False,37.5,29.3,1.9,9.7,44.2,22.0,59.0,2.1,-22.0,0.016,0.201,GOOG,,126,14.0,12.0,,False
366,PEG,Public Service Enterprise Grou,Utilities,Utilities - Regulated Electric,Core,37.8,75.93,79.08,12.5,18.4,10.0,0.0,ok,-3.5,ok,5.49,,False,37.4,16.3,0.3,-8.9,33.3,11.8,25.3,-5.3,-23.6,-0.14,0.206,MSFT,,126,18.4,18.0,,False
367,TKO,"TKO Group Holdings, Inc.",Communication Services,Entertainment,Core,37.8,199.68,193.35,16.5,12.4,10.0,0.0,ok,-1.5,ok,2.69,,False,37.4,50.1,2.3,18.2,59.5,7.1,77.6,1.7,-13.9,0.179,0.176,BMNR,,126,12.4,14.0,,False
368,KIM,Kimco Realty Corporation (HC),Real Estate,REIT - Retail,Core,16.4,24.39,25.19,17.0,15.4,10.0,0.0,ok,-5.0,ok,6.12,,False,37.4,27.3,5.3,4.9,68.9,5.8,23.0,7.8,-3.6,-0.125,0.18,AVGO,,126,15.4,17.0,,False
369,BIIB,Biogen Inc.,Healthcare,Drug Manufacturers - General,Core,31.1,210.65,203.06,17.0,11.9,10.0,0.0,ok,-1.5,ok,2.1,,False,37.4,12.7,4.1,3.4,78.3,4.6,60.6,13.2,-6.4,-0.141,0.169,NVDA,,126,11.9,17.0,,False
370,O,Realty Income Corporation,Real Estate,REIT - Retail,Core,59.6,62.95,62.94,15.5,15.3,10.0,0.0,ok,-3.5,ok,5.74,,False,37.3,36.9,2.7,9.6,92.7,3.2,26.0,3.4,-15.7,-0.231,0.257,NVDA,,126,15.3,17.0,,False
371,TSN,"Tyson Foods, Inc.",Consumer Defensive,Farm Products,Core,19.8,56.39,57.77,12.0,16.8,10.0,0.0,ok,-1.5,ok,2.62,,False,37.3,12.6,6.0,-0.1,6.6,3.3,46.1,-5.9,-24.4,-0.083,0.224,NVDA,,126,16.8,16.0,,False
372,PH,Parker-Hannifin Corporation,Industrials,Specialty Industrial Machinery,Core,133.5,1058.87,1005.93,17.5,10.3,10.0,0.0,ok,-0.5,ok,1.44,,False,37.3,27.7,2.2,9.8,37.7,25.1,67.0,15.3,-6.1,0.137,0.314,NVDA,,126,10.3,14.0,,False
373,TAP,Molson Coors Beverage Company,Consumer Defensive,Beverages - Brewers,Speculative,7.9,42.12,40.58,13.5,15.3,10.0,0.0,ok,-1.5,ok,2.56,,False,37.3,8.6,11.9,-3.3,37.0,-19.5,57.3,-4.5,-35.9,-0.191,0.273,BMNR,,126,15.3,16.0,,False
374,CDW,CDW Corporation,Technology,Information Technology Service,Core,17.8,142.05,136.15,15.5,14.2,10.0,0.0,ok,-2.5,ok,3.02,,False,37.2,11.9,3.8,10.0,21.4,44.0,57.4,7.7,-1.6,0.127,0.202,MSFT,,126,14.2,15.0,,False
375,ES,Eversource Energy (D/B/A),Utilities,Utilities - Regulated Electric,Core,27.2,72.22,72.27,14.5,16.2,10.0,0.0,ok,-3.5,ok,5.67,,False,37.2,14.7,3.0,2.3,52.8,9.0,35.1,4.2,-9.1,-0.169,0.179,MSFT,,126,16.2,19.0,,False
376,CFG,"Citizens Financial Group, Inc.",Financial Services,Banks - Regional,Core,31.2,74.11,70.4,16.0,11.2,10.0,0.0,ok,0.0,financial_na,,,False,37.2,11.4,,14.7,0.0,8.3,61.5,19.4,1.1,0.216,0.265,BMNR,,126,11.2,14.0,,False
377,FN,Fabrinet,Technology,Electronic Components,Growth,20.3,566.49,538.17,11.5,15.7,10.0,0.0,ok,0.0,ok,-1.96,,False,37.2,32.7,-0.4,39.3,12.0,20.0,64.0,5.7,8.5,0.367,0.465,AVGO,,126,15.7,13.0,,False
378,AMGN,Amgen Inc.,Healthcare,Drug Manufacturers - General,Core,226.1,417.84,396.95,19.5,9.2,10.0,0.0,ok,-1.5,ok,2.51,,False,37.2,17.2,3.8,9.5,71.9,91.5,75.5,20.8,1.6,-0.031,0.107,MSFT,,126,9.2,17.0,,False
379,ONTO,Onto Innovation Inc.,Technology,Semiconductor Equipment & Mate,Growth,20.6,337.82,320.93,14.0,13.2,10.0,0.0,ok,0.0,ok,-1.36,,False,37.2,29.2,1.0,35.3,54.9,6.8,63.3,47.8,43.2,0.408,0.523,AVGO,,126,13.2,14.0,,False
380,WST,"West Pharmaceutical Services, ",Healthcare,Medical Instruments & Supplies,Core,24.4,346.16,344.43,14.5,12.7,10.0,0.0,ok,0.0,ok,-0.13,,False,37.2,34.7,1.1,13.8,36.8,19.1,72.2,20.2,28.1,0.067,0.117,GOOG,,126,12.7,15.0,,False
381,LYB,LyondellBasell Industries NV,Basic Materials,Specialty Chemicals,Cyclical,20.2,62.4,59.79,15.5,14.2,10.0,0.0,ok,-2.5,ok,3.27,,False,37.2,9.7,6.1,19.8,12.9,-2.3,55.1,6.7,-4.8,-0.164,0.198,GOOG,,126,14.2,11.0,,False
382,EL,"Estee Lauder Companies, Inc. (",Consumer Defensive,Household & Personal Products,Core,31.6,87.32,84.06,16.0,12.6,10.0,0.0,ok,-1.5,ok,2.63,,False,37.1,27.5,5.7,4.6,74.7,-5.9,71.4,-4.6,-31.8,0.258,0.322,GOOG,,126,12.6,18.0,,False
383,VZ,Verizon Communications Inc.,Communication Services,Telecom Services,Core,200.3,48.22,45.81,18.5,11.1,10.0,0.0,ok,-2.5,ok,3.76,,False,37.1,9.1,8.7,-0.7,59.5,15.8,60.9,8.6,-15.2,-0.227,0.268,NVDA,,126,11.1,16.0,,False
384,PLAB,"Photronics, Inc.",Technology,Semiconductor Equipment & Mate,Speculative,2.0,33.48,31.81,12.5,14.6,10.0,0.0,ok,0.0,ok,-2.31,,False,37.1,16.6,2.0,-0.5,33.8,13.2,65.0,-4.3,-24.4,0.334,0.406,AVGO,,126,14.6,13.0,,False
385,ZBRA,Zebra Technologies Corporation,Technology,Communication Equipment,Core,18.0,379.63,360.65,18.0,10.6,10.0,0.0,ok,-1.5,ok,2.37,,False,37.1,17.1,3.2,20.4,49.6,15.3,91.1,52.3,24.3,0.299,0.267,AVGO,,126,10.6,14.0,,False
386,AZO,"AutoZone, Inc.",Consumer Cyclical,Auto Parts,Core,49.6,3040.37,3064.18,13.0,16.6,10.0,0.0,ok,-2.5,ok,3.01,,False,37.1,17.3,1.8,8.4,51.8,,57.1,-11.6,-33.9,-0.001,0.167,GOOG,,126,16.6,12.0,,False
387,RVTY,"Revvity, Inc.",Healthcare,Diagnostics & Research,Core,13.1,117.5,111.62,16.0,12.4,10.0,0.0,ok,-1.5,ok,2.67,,False,36.9,19.9,4.6,1.3,55.0,3.2,64.4,17.8,8.9,0.208,0.191,GOOG,,126,12.4,16.0,,False
388,KO,Coca-Cola Company (The),Consumer Defensive,Beverages - Non-Alcoholic,Core,376.1,87.42,83.19,17.0,10.4,10.0,0.0,ok,-0.5,ok,1.64,,False,36.9,24.8,1.4,6.7,61.9,42.1,72.8,14.1,-2.7,-0.237,0.282,AVGO,,126,10.4,18.0,,False
389,DHR,Danaher Corporation,Healthcare,Diagnostics & Research,Core,143.3,203.89,193.7,14.5,13.9,10.0,0.0,ok,-1.5,ok,2.93,,False,36.9,21.9,3.0,5.5,58.8,7.6,66.8,0.5,-19.1,0.026,0.158,AVGO,,126,13.9,16.0,,False
390,CHD,"Church & Dwight Company, Inc.",Consumer Defensive,Household & Personal Products,Core,24.0,101.32,98.18,16.0,11.4,10.0,0.0,ok,-0.5,ok,1.6,,False,36.9,25.1,3.9,1.6,45.6,17.0,64.0,8.5,-12.2,-0.104,0.234,AVGO,,126,11.4,17.0,,False
391,JBL,Jabil Inc.,Technology,Electronic Components,Core,38.8,370.36,351.84,16.5,10.9,10.0,0.0,ok,-0.5,ok,1.08,,False,36.9,22.0,3.1,11.8,9.2,65.9,72.7,30.2,33.4,0.472,0.529,AVGO,,126,10.9,13.0,,False
392,PWR,"Quanta Services, Inc.",Industrials,Engineering & Construction,Growth,101.1,672.78,673.42,13.5,14.8,10.0,0.0,ok,-1.5,ok,2.0,,False,36.8,34.3,1.9,41.1,15.5,15.3,59.1,17.6,16.3,0.382,0.364,BMNR,,126,14.8,14.0,,False
393,BSX,Boston Scientific Corporation,Healthcare,Medical Devices,Core,74.9,51.69,49.11,17.0,11.3,10.0,0.0,ok,-1.5,ok,2.12,,False,36.8,15.0,3.3,7.5,69.2,15.3,86.3,-27.1,-44.4,0.08,0.164,MSFT,,126,11.3,17.0,,False
394,HUBB,Hubbell Inc,Industrials,Electrical Equipment & Parts,Core,26.8,507.1,493.98,16.0,13.3,10.0,0.0,ok,-2.5,ok,3.41,,False,36.8,22.2,1.9,15.3,35.3,24.4,56.9,4.9,-15.6,0.191,0.324,NVDA,,126,13.3,14.0,,False
395,DIS,Walt Disney Company (The),Communication Services,Entertainment,Core,181.0,104.8,99.56,14.5,12.8,10.0,0.0,ok,-0.5,ok,1.95,,False,36.8,14.1,2.7,6.8,37.6,8.0,75.5,0.6,-11.8,0.246,0.327,GOOG,,126,12.8,13.0,,False
396,MDT,Medtronic plc.,Healthcare,Medical Devices,Core,115.9,90.58,86.05,15.5,11.7,10.0,0.0,ok,-0.5,ok,1.97,,False,36.7,14.1,4.0,9.9,65.3,9.8,77.2,1.5,-23.6,-0.049,0.237,AVGO,,126,11.7,17.0,,False
397,EXR,Extra Space Storage Inc,Real Estate,REIT - Industrial,Core,33.0,149.4,147.27,17.0,13.2,10.0,0.0,ok,-3.5,ok,5.94,,False,36.7,31.4,4.5,3.8,74.9,7.0,54.6,7.0,-9.4,-0.048,0.174,GOOG,,126,13.2,17.0,,False
398,TECH,Bio-Techne Corp,Healthcare,Biotechnology,Core,11.2,72.17,68.56,14.5,12.1,10.0,0.0,ok,0.0,ok,0.21,,False,36.6,31.1,2.7,-1.5,66.4,5.3,67.9,20.4,7.5,0.093,0.14,GOOG,,126,12.1,17.0,,False
399,JCI,Johnson Controls International,Industrials,Building Products & Equipment,Core,91.7,151.45,144.81,16.0,12.1,10.0,0.0,ok,-1.5,ok,2.04,,False,36.6,25.2,3.3,9.3,36.7,14.3,63.1,14.4,-4.5,0.265,0.399,AVGO,,126,12.1,14.0,,False
400,DPZ,Domino's Pizza Inc,Consumer Cyclical,Restaurants,Core,11.6,350.88,333.34,15.5,14.6,10.0,0.0,ok,-3.5,ok,4.84,,False,36.6,16.8,4.6,4.3,28.7,,59.4,-4.8,-21.8,-0.032,0.211,AVGO,,126,14.6,11.0,,False
401,MRK,"Merck & Company, Inc.",Healthcare,Drug Manufacturers - General,Core,334.4,135.55,128.77,16.0,11.1,10.0,0.0,ok,-0.5,ok,1.62,,False,36.6,14.2,4.5,5.1,75.9,7.0,64.9,19.9,0.4,-0.23,0.258,AVGO,,126,11.1,17.0,,False
402,DLTR,"Dollar Tree, Inc.",Consumer Defensive,Discount Stores,Core,24.9,129.53,123.05,18.5,9.5,10.0,0.0,ok,-1.5,ok,2.74,,False,36.5,16.9,5.8,7.2,37.0,34.0,70.5,12.7,-13.3,0.173,0.195,MSFT,,126,9.5,16.0,,False
403,TFC,Truist Financial Corporation,Financial Services,Banks - Regional,Core,64.7,52.99,51.01,15.0,11.5,10.0,0.0,ok,0.0,financial_na,,,False,36.5,10.6,,8.2,0.0,9.1,61.2,9.0,-10.3,0.117,0.178,BMNR,,126,11.5,14.0,,False
404,SWKS,"Skyworks Solutions, Inc.",Technology,Semiconductors,Core,10.5,69.76,66.64,13.5,13.0,10.0,0.0,ok,0.0,ok,-0.13,,False,36.5,14.0,4.3,-3.1,40.7,5.1,70.1,9.3,2.1,0.273,0.361,AVGO,,126,13.0,14.0,,False
405,KHC,The Kraft Heinz Company,Consumer Defensive,Packaged Foods,Core,30.1,25.38,24.74,13.5,14.5,10.0,0.0,ok,-1.5,ok,2.97,,False,36.5,12.1,10.8,-1.4,33.5,-8.8,48.2,6.9,-8.0,-0.064,0.186,AVGO,,126,14.5,16.0,,False
406,INTC,Intel Corporation,Technology,Semiconductors,Core,549.4,104.56,109.61,13.0,14.0,10.0,0.0,ok,-0.5,ok,1.24,,False,36.5,51.3,0.9,25.4,38.9,-10.7,63.4,49.7,110.8,0.416,0.482,AVGO,,126,14.0,13.0,,False
407,CHTR,"Charter Communications, Inc.",Communication Services,Telecom Services,Core,21.1,156.53,148.7,19.0,11.0,10.0,0.0,ok,-3.5,ok,4.41,,False,36.5,3.5,10.4,-1.7,55.2,27.2,75.1,-16.7,-48.4,-0.015,0.222,NVDA,,126,11.0,16.0,,False
408,CASY,"Caseys General Stores, Inc.",Consumer Cyclical,Specialty Retail,Core,31.6,853.78,833.8,11.5,15.4,10.0,0.0,ok,-0.5,ok,1.6,,False,36.4,36.2,1.7,14.5,24.6,19.2,47.2,21.2,14.6,-0.095,0.132,MSFT,,126,15.4,11.0,,False
409,WELL,Welltower Inc.,Real Estate,REIT - Healthcare Facilities,Growth,168.9,234.44,228.16,14.0,15.9,10.0,0.0,ok,-3.5,ok,5.32,,False,36.4,71.6,1.6,39.1,39.6,3.8,31.5,13.8,-0.7,-0.232,0.303,AVGO,,126,15.9,15.0,,False
410,ADM,Archer-Daniels-Midland Company,Consumer Defensive,Farm Products,Core,38.6,80.15,80.1,11.5,16.4,10.0,0.0,ok,-1.5,ok,2.75,,False,36.4,14.2,3.0,7.2,6.9,7.6,34.4,14.4,2.1,-0.107,0.121,GOOG,,126,16.4,16.0,,False
411,HRL,Hormel Foods Corporation,Consumer Defensive,Packaged Foods,Core,13.4,24.44,24.85,10.5,15.9,10.0,0.0,ok,0.0,ok,-0.26,,False,36.4,15.7,3.5,-2.9,15.8,5.8,38.5,5.8,-8.4,-0.08,0.14,AVGO,,126,15.9,16.0,,False
412,SJM,The J.M. Smucker Company,Consumer Defensive,Packaged Foods,Core,12.9,120.63,114.6,16.0,12.8,10.0,0.0,ok,-2.5,ok,3.67,,False,36.3,11.2,7.8,5.8,34.3,-2.4,54.4,16.1,-3.2,-0.243,0.332,AVGO,,126,12.8,16.0,,False
413,FAST,Fastenal Company,Industrials,Industrial Distribution,Core,58.9,51.34,48.77,17.0,9.3,10.0,0.0,ok,0.0,ok,0.12,,False,36.3,36.7,1.6,14.7,44.7,34.3,73.3,15.6,-0.8,0.002,0.151,GOOG,,126,9.3,15.0,,False
414,STLD,"Steel Dynamics, Inc.",Basic Materials,Steel,Growth,37.3,260.53,250.57,12.5,14.2,10.0,0.0,ok,-0.5,ok,1.43,,False,36.2,13.7,0.6,33.4,14.7,17.6,62.0,28.1,16.8,0.181,0.215,AVGO,,126,14.2,11.0,,False
415,SBAC,SBA Communications Corporation,Real Estate,REIT - Specialty,Core,19.8,186.19,186.58,16.5,14.7,10.0,0.0,ok,-5.0,ok,8.12,,False,36.2,22.7,3.8,2.3,74.2,,61.9,-3.6,-20.1,-0.042,0.188,AVGO,,126,14.7,17.0,,False
416,ISRG,"Intuitive Surgical, Inc.",Healthcare,Medical Instruments & Supplies,Core,143.8,401.27,391.87,15.5,10.7,10.0,0.0,ok,0.0,ok,-1.25,,False,36.2,33.2,1.8,18.5,66.7,17.4,82.3,-16.0,-30.3,0.282,0.331,GOOG,,126,10.7,17.0,,False
417,CBRE,CBRE Group Inc,Real Estate,Real Estate Services,Core,44.0,151.89,144.3,14.0,15.7,10.0,0.0,ok,-3.5,ok,4.21,,False,36.2,16.7,3.7,15.5,18.6,15.8,68.4,3.0,-2.7,0.18,0.23,MSFT,,126,15.7,17.0,,False
418,MTD,"Mettler-Toledo International, ",Healthcare,Diagnostics & Research,Core,28.7,1430.76,1359.22,16.5,10.0,10.0,0.0,ok,-0.5,ok,1.64,,False,36.0,27.7,2.4,4.5,60.3,,77.8,8.3,-8.8,0.151,0.166,GOOG,,126,10.0,17.0,,False
419,ATO,Atmos Energy Corporation,Utilities,Utilities - Regulated Gas,Core,28.7,169.96,173.25,11.5,17.0,10.0,0.0,ok,-2.5,ok,3.74,,False,36.0,18.8,-7.7,4.8,62.2,9.8,20.8,-3.2,-18.0,-0.315,0.32,MSFT,,126,17.0,20.0,,False
420,MTB,M&T Bank Corporation,Financial Services,Banks - Regional,Core,36.6,253.25,240.59,15.5,10.5,10.0,0.0,ok,0.0,financial_na,,,False,36.0,12.0,,6.2,0.0,10.7,57.2,17.6,-3.9,0.119,0.205,GOOG,,126,10.5,14.0,,False
421,REGN,"Regeneron Pharmaceuticals, Inc",Healthcare,Biotechnology,Core,83.0,805.97,765.67,17.0,8.9,10.0,0.0,ok,0.0,ok,-1.12,,False,35.9,13.4,3.7,16.7,44.5,14.0,91.9,12.2,-11.2,0.216,0.242,BMNR,,126,8.9,16.0,,False
422,SLB,SLB Limited,Energy,Oil & Gas Equipment & Services,Cyclical,77.3,52.06,49.98,13.0,13.4,10.0,0.0,ok,-0.5,ok,1.18,,False,35.9,16.0,3.8,5.0,17.0,12.9,48.7,9.8,-11.3,0.093,0.151,AVGO,,126,13.4,14.0,,False
423,PFE,"Pfizer, Inc.",Healthcare,Drug Manufacturers - General,Core,152.8,26.8,25.46,18.0,9.4,10.0,0.0,ok,-1.5,ok,2.04,,False,35.9,9.3,8.2,2.6,74.7,5.0,75.6,5.2,-15.0,-0.022,0.143,AVGO,,126,9.4,17.0,,False
424,LYV,"Live Nation Entertainment, Inc",Communication Services,Entertainment,Core,43.3,186.06,177.44,14.5,11.9,10.0,0.0,ok,-0.5,ok,1.43,,False,35.9,98.5,3.9,9.4,25.8,17.7,61.6,18.2,6.0,0.205,0.249,GOOG,,126,11.9,13.0,,False
425,PCAR,PACCAR Inc.,Industrials,Farm & Heavy Construction Mach,Core,68.8,130.72,124.92,13.0,13.4,10.0,0.0,ok,-0.5,ok,1.88,,False,35.9,18.3,2.8,0.5,13.7,12.8,47.1,11.8,-9.1,0.219,0.268,NVDA,,126,13.4,14.0,,False
426,NDSN,Nordson Corporation,Industrials,Specialty Industrial Machinery,Core,17.3,309.99,294.78,16.0,11.3,10.0,0.0,ok,-1.5,ok,2.05,,False,35.8,24.7,3.3,8.5,55.2,17.1,68.5,14.2,-8.6,0.242,0.313,AVGO,,126,11.3,15.0,,False
427,CNC,Centene Corporation,Healthcare,Healthcare Plans,Core,32.6,66.04,64.77,13.0,12.8,10.0,0.0,ok,0.0,ok,-2.38,,False,35.8,12.5,29.5,4.6,11.4,-20.4,56.5,37.7,54.4,-0.005,0.088,AVGO,,126,12.8,15.0,,False
428,J,Jacobs Solutions Inc.,Industrials,Engineering & Construction,Growth,16.8,143.91,136.71,13.5,13.6,10.0,0.0,ok,-1.5,ok,2.72,,False,35.6,17.4,3.8,34.5,22.1,8.0,63.8,8.1,-4.4,0.127,0.103,MSFT,,126,13.6,14.0,,False
429,IP,International Paper Company,Consumer Cyclical,Packaging & Containers,Core,21.8,41.12,39.06,13.5,13.5,10.0,0.0,ok,-1.5,ok,2.33,,False,35.5,13.8,7.6,-2.2,29.6,-16.5,45.6,7.7,-29.7,0.105,0.204,NVDA,,126,13.5,11.0,,False
430,NCLH,Norwegian Cruise Line Holdings,Consumer Cyclical,Travel Services,Speculative,9.0,19.55,19.64,14.5,16.0,10.0,0.0,ok,-5.0,ok,6.08,,False,35.5,11.4,-18.7,4.9,42.5,36.7,51.0,-2.8,-30.1,0.241,0.391,GOOG,,126,16.0,14.0,,False
431,BMNR,BitMine Immersion Technologies,Financial Services,Capital Markets,Growth,11.0,18.29,17.38,14.0,13.5,10.0,-2.0,ok,0.0,financial_na,,,False,35.5,19.5,-4.7,2167.8,84.4,-150.9,64.1,-23.3,-21.5,0.533,0.443,NVDA,,126,13.5,16.0,,True
432,HPE,Hewlett Packard Enterprise Com,Technology,Communication Equipment,Growth,79.2,59.82,56.83,16.5,10.5,10.0,0.0,ok,-1.5,ok,2.84,,False,35.5,14.8,4.8,40.0,33.8,6.3,77.8,94.6,157.1,0.331,0.503,AVGO,,126,10.5,13.0,,False
433,CAG,"ConAgra Brands, Inc.",Consumer Defensive,Packaged Foods,Speculative,7.4,15.39,14.62,14.5,14.5,10.0,0.0,ok,-3.5,ok,4.17,,False,35.5,9.9,11.7,3.6,24.0,-25.1,58.6,-1.4,-35.0,-0.148,0.301,AVGO,,126,14.5,16.0,,False
434,STT,State Street Corporation,Financial Services,Asset Management,Core,52.2,189.85,180.36,13.0,12.5,10.0,0.0,ok,0.0,financial_na,,,False,35.5,12.4,,-2.8,0.0,12.4,57.6,33.3,37.2,0.36,0.384,NVDA,,126,12.5,14.0,,False
435,HLT,Hilton Worldwide Holdings Inc.,Consumer Cyclical,Lodging,Core,72.2,320.82,331.12,14.0,14.9,10.0,0.0,ok,-3.5,ok,4.21,,False,35.4,30.7,1.9,2.5,79.0,,46.8,4.1,-14.5,0.243,0.325,GOOG,,126,14.9,13.0,,False
436,TDY,Teledyne Technologies Incorpor,Technology,Scientific & Technical Instrum,Core,31.2,673.66,641.76,14.5,11.4,10.0,0.0,ok,-0.5,ok,1.06,,False,35.4,25.2,2.9,9.8,43.3,9.2,58.1,11.5,-9.9,0.404,0.392,NVDA,,126,11.4,14.0,,False
437,KMI,"Kinder Morgan, Inc.",Energy,Oil & Gas Midstream,Cyclical,71.4,32.08,31.96,14.5,14.4,10.0,0.0,ok,-3.5,ok,4.23,,False,35.4,20.9,1.5,10.8,49.4,11.0,42.3,5.6,-12.0,-0.272,0.231,AVGO,,126,14.4,13.0,,False
438,OKE,"ONEOK, Inc.",Energy,Oil & Gas Midstream,Growth,58.4,92.64,89.41,15.0,13.9,10.0,0.0,ok,-3.5,ok,4.28,,False,35.4,14.7,1.5,52.8,27.2,16.3,48.7,13.2,-3.3,-0.366,0.296,AVGO,,126,13.9,12.0,,False
439,BALL,Ball Corporation,Consumer Cyclical,Packaging & Containers,Core,16.4,61.93,60.86,14.0,13.8,10.0,0.0,ok,-2.5,ok,3.41,,False,35.3,13.7,2.3,19.7,18.6,17.2,40.2,7.2,-21.0,0.012,0.134,GOOG,,126,13.8,11.0,,False
440,DGX,Quest Diagnostics Incorporated,Healthcare,Diagnostics & Research,Core,26.1,236.04,224.24,15.5,11.3,10.0,0.0,ok,-1.5,ok,2.55,,False,35.3,19.6,3.5,10.2,33.2,14.6,68.9,20.6,0.5,-0.235,0.267,AVGO,,126,11.3,15.0,,False
441,XYZ,"Block, Inc.",Technology,Software - Infrastructure,Core,49.9,83.09,78.94,11.0,14.2,10.0,0.0,ok,0.0,ok,0.28,,False,35.2,16.0,-0.1,9.3,46.6,1.6,62.7,22.4,55.1,0.382,0.292,BMNR,,126,14.2,16.0,,False
442,FCX,"Freeport-McMoRan, Inc.",Basic Materials,Copper,Cyclical,93.6,66.83,64.19,15.0,12.2,10.0,-2.0,ok,0.0,ok,0.66,,False,35.2,16.2,2.3,-7.3,38.3,14.8,59.7,14.8,-6.2,0.5,0.51,NVDA,,126,12.2,11.0,,False
443,WMB,"Williams Companies, Inc. (The)",Energy,Oil & Gas Midstream,Cyclical,89.3,73.04,73.16,15.0,13.7,10.0,0.0,ok,-3.5,ok,4.35,,False,35.2,27.9,-1.7,7.8,63.6,21.5,46.3,6.4,-10.7,-0.124,0.167,MSFT,,126,13.7,14.0,,False
444,PSKY,Paramount Skydance Corporation,Communication Services,Entertainment,Core,11.2,9.97,9.47,14.5,14.1,10.0,0.0,ok,-3.5,ok,4.4,,False,35.1,11.6,,0.9,33.3,-0.9,83.3,-12.3,-16.4,0.088,0.109,MSFT,,126,14.1,13.0,fcf_yield_out_of_range(157.3),False
445,DRI,"Darden Restaurants, Inc.",Consumer Cyclical,Restaurants,Core,25.4,223.5,212.32,18.0,9.6,10.0,0.0,ok,-2.5,ok,3.7,,False,35.1,18.0,3.1,13.7,21.7,53.7,74.2,13.6,-8.3,-0.082,0.124,MSFT,,126,9.6,11.0,,False
446,WEC,"WEC Energy Group, Inc.",Utilities,Utilities - Regulated Electric,Core,35.9,110.28,113.09,12.0,16.6,10.0,0.0,ok,-3.5,ok,5.79,,False,35.1,18.4,-6.5,2.6,41.9,12.0,30.1,-0.7,-15.8,-0.32,0.313,AVGO,,126,16.6,19.0,,False
447,HPQ,HP Inc.,Technology,Computer Hardware,Core,28.6,31.3,29.73,15.0,10.5,10.0,0.0,ok,-0.5,ok,1.52,,False,35.0,10.4,12.1,9.0,20.3,,72.8,40.2,54.4,0.067,0.068,AVGO,,126,10.5,13.0,,False
448,DELL,Dell Technologies Inc.,Technology,Computer Hardware,Growth,319.5,494.51,469.78,13.0,12.5,10.0,0.0,ok,-0.5,ok,1.45,,False,35.0,22.4,1.7,87.5,19.2,,60.0,117.1,325.5,0.29,0.36,AVGO,,126,12.5,13.0,,False
449,BEN,"Franklin Resources, Inc.",Financial Services,Asset Management,Core,17.2,33.86,33.11,11.5,13.5,10.0,0.0,ok,0.0,financial_na,,,False,35.0,10.7,-17.4,14.3,37.7,7.9,58.5,23.8,12.7,0.453,0.417,GOOG,,126,13.5,14.0,,False
450,BLDR,"Builders FirstSource, Inc.",Industrials,Building Products & Equipment,Speculative,7.9,73.56,76.29,13.5,15.0,10.0,0.0,ok,-3.5,ok,5.06,,False,35.0,16.5,5.9,-8.8,29.2,2.5,51.0,-21.3,-53.1,0.209,0.309,NVDA,,126,15.0,14.0,,False
451,AXON,"Axon Enterprise, Inc.",Industrials,Aerospace & Defense,Growth,50.0,615.59,584.81,14.0,16.0,10.0,0.0,ok,-5.0,ok,7.01,,False,35.0,58.3,0.4,35.3,59.5,6.2,64.0,20.6,27.1,0.292,0.345,MSFT,,126,16.0,15.0,,False
452,WULF,TeraWulf Inc.,Financial Services,Capital Markets,Speculative,8.1,16.31,21.83,7.0,17.9,10.0,0.0,ok,0.0,financial_na,,,False,34.9,,-2.9,-6.0,,-1211.8,41.1,-7.9,-11.6,0.491,0.463,BMNR,,126,17.9,16.0,,False
453,AKAM,"Akamai Technologies, Inc.",Technology,Software - Infrastructure,Core,18.0,125.29,123.37,14.5,13.9,10.0,0.0,ok,-3.5,ok,5.54,,False,34.9,17.5,3.9,5.4,57.5,8.9,59.3,16.9,5.6,0.189,0.211,AVGO,,126,13.9,16.0,,False
454,MDLZ,"Mondelez International, Inc.",Consumer Defensive,Confectioners,Core,81.1,63.53,61.17,16.0,11.4,10.0,0.0,ok,-2.5,ok,3.35,,False,34.9,18.9,2.8,4.1,31.1,13.3,62.6,9.0,-10.6,-0.282,0.311,AVGO,,126,11.4,16.0,,False
455,SO,Southern Company (The),Utilities,Utilities - Regulated Electric,Core,106.7,92.79,94.5,12.5,15.9,10.0,0.0,ok,-3.5,ok,5.2,,False,34.9,18.8,-3.7,0.1,48.3,11.5,25.2,1.1,-12.3,-0.292,0.285,AVGO,,126,15.9,19.0,,False
456,IEX,IDEX Corporation,Industrials,Specialty Industrial Machinery,Core,17.6,239.13,227.17,16.0,9.4,10.0,0.0,ok,-0.5,ok,1.31,,False,34.9,25.0,3.2,6.4,44.7,13.0,72.0,19.2,2.4,0.158,0.228,AVGO,,126,9.4,15.0,,False
457,ETR,Entergy Corporation,Utilities,Utilities - Regulated Electric,Core,49.9,106.91,111.68,12.0,16.3,10.0,0.0,ok,-3.5,ok,5.56,,False,34.8,21.0,-8.8,5.9,47.0,10.2,24.6,2.8,-8.7,-0.169,0.245,MSFT,,126,16.3,19.0,,False
458,RCL,Royal Caribbean Cruises Ltd.,Consumer Cyclical,Travel Services,Core,82.9,309.88,301.52,15.0,12.2,10.0,0.0,ok,-2.5,ok,3.27,,False,34.7,15.3,-1.8,6.5,50.3,44.7,62.1,8.4,-20.5,0.357,0.404,GOOG,,126,12.2,14.0,,False
459,SHW,Sherwin-Williams Company (The),Basic Materials,Specialty Chemicals,Cyclical,87.8,361.55,343.47,18.5,8.7,10.0,0.0,ok,-2.5,ok,3.13,,False,34.7,26.6,2.9,7.5,49.0,65.1,70.4,8.4,-16.9,0.192,0.305,GOOG,,126,8.7,12.0,,False
460,CRWD,"CrowdStrike Holdings, Inc.",Technology,Software - Infrastructure,Core,229.6,225.53,397.41,13.0,11.6,10.0,0.0,ok,0.0,ok,-62.9,,False,34.6,144.0,0.8,25.6,75.1,-0.2,81.1,-50.7,-59.3,0.201,0.206,AVGO,,126,11.6,17.0,,False
461,NUE,Nucor Corporation,Basic Materials,Steel,Cyclical,61.8,272.29,258.68,14.0,10.6,10.0,0.0,ok,0.0,ok,0.78,,False,34.6,14.5,1.1,23.0,15.6,14.5,72.5,38.2,30.6,0.19,0.221,AVGO,,126,10.6,11.0,,False
462,NEE,"NextEra Energy, Inc.",Utilities,Utilities - Regulated Electric,Core,179.4,86.01,87.09,14.0,15.5,10.0,0.0,ok,-5.0,ok,7.35,,False,34.5,19.5,-9.9,12.4,61.0,11.7,28.6,-1.7,-19.9,-0.104,0.265,MSFT,,126,15.5,20.0,,False
463,EIX,Edison International,Utilities,Utilities - Regulated Electric,Core,27.2,70.68,73.99,13.5,14.5,10.0,0.0,ok,-3.5,ok,4.85,,False,34.5,10.9,0.3,-4.1,61.0,19.7,28.4,5.5,-10.6,-0.192,0.238,MSFT,,126,14.5,20.0,,False
464,PANW,"Palo Alto Networks, Inc.",Technology,Software - Infrastructure,Growth,322.7,396.0,376.2,14.0,10.5,10.0,0.0,ok,0.0,ok,-0.66,,False,34.5,96.2,1.1,31.1,72.0,4.8,82.5,78.7,129.1,0.386,0.392,MSFT,,126,10.5,17.0,,False
465,CARR,Carrier Global Corporation,Industrials,Building Products & Equipment,Core,52.2,63.35,68.14,10.5,16.5,10.0,0.0,ok,-2.5,ok,3.57,,False,34.5,19.2,1.7,3.9,24.7,9.0,35.4,3.9,-16.2,0.204,0.292,GOOG,,126,16.5,14.0,,False
466,AEP,American Electric Power Compan,Utilities,Utilities - Regulated Electric,Core,68.3,125.38,131.13,12.0,15.8,10.0,0.0,ok,-3.5,ok,5.86,,False,34.3,18.3,-8.8,7.0,46.4,10.1,20.7,-0.2,-14.3,-0.258,0.267,MSFT,,126,15.8,19.0,,False
467,HII,"Huntington Ingalls Industries,",Industrials,Aerospace & Defense,Core,12.8,325.76,309.47,10.5,15.3,10.0,0.0,ok,-1.5,ok,2.5,,False,34.3,15.6,-2.3,10.9,12.4,13.0,68.2,-6.5,-33.8,0.203,0.28,MSFT,,126,15.3,14.0,,False
468,NI,NiSource Inc,Utilities,Utilities - Regulated Gas,Core,20.2,42.08,45.97,10.5,17.3,10.0,0.0,ok,-3.5,ok,5.74,,False,34.3,18.7,-8.8,4.6,51.0,8.5,16.7,-6.3,-20.4,-0.115,0.131,AVGO,,126,17.3,19.0,,False
469,IREN,IREN LIMITED,Financial Services,Capital Markets,Core,16.0,44.76,45.32,9.5,16.8,10.0,-2.0,ok,0.0,financial_na,,,False,34.3,,-14.4,-0.0,68.4,7.7,60.4,-5.2,-2.3,0.548,0.499,BMNR,,126,16.8,16.0,,False
470,NBIS,Nebius Group N.V.,Communication Services,Internet Content & Information,Growth,69.3,255.04,242.29,15.0,13.2,10.0,0.0,ok,-4.0,neg_ebitda_debt,,,False,34.2,,-8.9,683.9,72.1,14.1,64.1,75.1,170.1,0.41,0.448,NVDA,,126,13.2,15.0,,False
471,CPT,Camden Property Trust,Real Estate,REIT - Residential,Core,11.1,110.47,112.83,11.0,16.6,10.0,0.0,ok,-3.5,ok,5.4,,False,34.1,101.3,1.3,-0.8,61.6,7.9,41.6,4.1,-10.2,-0.167,0.279,AVGO,,126,16.6,17.0,,False
472,PPL,PPL Corporation,Utilities,Utilities - Regulated Electric,Core,26.8,35.68,35.81,10.5,17.1,10.0,0.0,ok,-3.5,ok,5.33,,False,34.1,16.9,-7.2,4.2,44.1,8.6,43.6,-1.6,-16.0,-0.21,0.267,AVGO,,126,17.1,19.0,,False
473,AEE,Ameren Corporation,Utilities,Utilities - Regulated Electric,Core,30.2,109.12,110.83,11.0,16.6,10.0,0.0,ok,-3.5,ok,5.57,,False,34.1,18.8,-5.9,-6.2,52.4,11.9,31.4,1.9,-13.7,-0.266,0.276,AVGO,,126,16.6,19.0,,False
474,ED,"Consolidated Edison, Inc.",Utilities,Utilities - Regulated Electric,Core,40.1,108.39,109.5,12.0,15.6,10.0,0.0,ok,-3.5,ok,4.36,,False,34.1,16.7,-2.1,13.2,53.4,9.0,31.5,2.6,-15.5,-0.451,0.401,AVGO,,126,15.6,19.0,,False
475,GPC,Genuine Parts Company,Consumer Cyclical,Auto Parts,Core,18.7,135.35,128.58,14.5,11.1,10.0,0.0,ok,-1.5,ok,2.97,,False,34.1,16.3,4.9,6.0,37.6,0.7,69.1,14.2,-21.6,0.034,0.138,GOOG,,126,11.1,11.0,,False
476,COO,"The Cooper Companies, Inc.",Healthcare,Medical Instruments & Supplies,Core,14.9,76.6,72.77,14.5,11.0,10.0,0.0,ok,-1.5,ok,2.92,,False,34.0,15.3,2.8,7.9,65.6,2.9,77.9,4.7,-20.4,-0.006,0.204,GOOG,,126,11.0,17.0,,False
477,DUK,Duke Energy Corporation (Holdi,Utilities,Utilities - Regulated Electric,Core,97.1,124.49,125.57,11.0,16.4,10.0,0.0,ok,-3.5,ok,5.51,,False,33.9,17.4,-4.6,1.1,52.0,9.9,31.7,1.0,-13.7,-0.378,0.345,AVGO,,126,16.4,19.0,,False
478,FE,FirstEnergy Corp.,Utilities,Utilities - Regulated Electric,Core,27.1,46.84,47.76,11.5,15.8,10.0,0.0,ok,-3.5,ok,5.33,,False,33.8,15.8,-7.4,8.8,68.6,9.5,17.1,-0.3,-17.2,-0.211,0.3,AVGO,,126,15.8,20.0,,False
479,PKG,Packaging Corporation of Ameri,Consumer Cyclical,Packaging & Containers,Core,22.9,257.05,244.2,13.0,11.2,10.0,0.0,ok,-0.5,ok,1.91,,False,33.7,19.9,1.9,14.7,21.4,14.9,54.0,17.5,-8.6,0.069,0.128,NVDA,,126,11.2,11.0,,False
480,LNT,Alliant Energy Corporation,Utilities,Utilities - Regulated Electric,Core,18.2,70.2,73.52,12.0,16.6,10.0,0.0,ok,-5.0,ok,6.61,,False,33.6,19.0,-6.3,1.0,44.5,11.1,25.8,0.5,-12.6,-0.286,0.274,AVGO,,126,16.6,19.0,,False
481,SOUN,"SoundHound AI, Inc.",Technology,Software - Application,Growth,3.3,7.48,7.11,11.5,13.9,10.0,-2.0,ok,0.0,neg_ebitda_low_debt,,,False,33.4,,-1.4,45.0,42.3,-32.2,65.6,-16.8,-13.9,0.612,0.493,BMNR,,126,13.9,16.0,,False
482,CLX,Clorox Company (The),Consumer Defensive,Household & Personal Products,Core,12.9,106.54,101.21,15.0,11.9,10.0,0.0,ok,-3.5,ok,4.79,,False,33.4,16.7,0.9,-2.0,42.3,163.8,70.4,4.0,-27.6,-0.002,0.293,GOOG,,126,11.9,17.0,,False
483,LUV,Southwest Airlines Company,Industrials,Airlines,Core,22.0,44.87,47.05,10.5,13.4,10.0,0.0,ok,-0.5,ok,1.33,,False,33.4,9.1,-3.8,16.4,22.4,11.1,49.3,6.2,-25.5,0.375,0.379,GOOG,,126,13.4,14.0,,False
484,WMT,Walmart Inc.,Consumer Defensive,Discount Stores,Core,920.9,115.72,114.52,12.0,11.9,10.0,0.0,ok,-0.5,ok,1.45,,False,33.4,35.3,0.7,7.3,25.0,24.1,70.8,-1.9,-27.2,-0.171,0.215,AVGO,,126,11.9,16.0,,False
485,SWK,"Stanley Black & Decker, Inc.",Industrials,Tools & Accessories,Core,15.4,102.21,97.1,15.5,9.4,10.0,0.0,ok,-1.5,ok,2.58,,False,33.4,16.1,9.2,0.4,32.2,6.9,71.3,29.3,1.1,0.231,0.269,GOOG,,126,9.4,14.0,,False
486,MET,"MetLife, Inc.",Financial Services,Insurance - Life,Core,61.9,97.47,92.6,10.0,13.3,10.0,0.0,ok,0.0,financial_na,,,False,33.3,9.0,-33.8,10.5,24.0,13.1,60.6,21.9,12.8,0.198,0.246,BMNR,,126,13.3,14.0,,False
487,HSIC,"Henry Schein, Inc.",Healthcare,Medical Distribution,Core,10.0,90.12,85.61,14.5,11.2,10.0,0.0,ok,-2.5,ok,3.39,,False,33.2,15.0,4.4,6.7,31.3,8.9,69.5,16.4,0.8,0.116,0.204,GOOG,,126,11.2,15.0,,False
488,MDB,"MongoDB, Inc.",Technology,Software - Infrastructure,Core,38.0,472.29,448.68,13.0,10.2,10.0,0.0,ok,0.0,neg_ebitda_low_debt,,,False,33.2,64.4,1.4,25.2,72.0,-1.0,94.2,40.1,18.2,0.36,0.389,MSFT,,126,10.2,17.0,,False
489,BDX,"Becton, Dickinson and Company",Healthcare,Medical Instruments & Supplies,Core,49.6,181.97,172.87,17.0,7.6,10.0,0.0,ok,-1.5,ok,2.63,,False,33.1,13.7,9.0,5.4,46.9,6.6,86.2,16.8,-11.1,0.019,0.208,GOOG,,126,7.6,16.0,,False
490,MRNA,"Moderna, Inc.",Healthcare,Biotechnology,Core,25.4,63.65,60.52,9.0,14.0,10.0,0.0,ok,0.0,neg_ebitda_low_debt,,,False,33.0,,1.2,2.1,,-39.0,69.4,37.5,44.5,0.314,0.354,BMNR,,126,14.0,15.0,,False
491,BAX,Baxter International Inc.,Healthcare,Medical Instruments & Supplies,Core,14.0,27.05,25.7,14.5,11.0,10.0,0.0,ok,-2.5,ok,3.99,,False,33.0,13.3,7.2,5.3,34.1,-14.4,72.9,36.8,30.5,0.256,0.253,MSFT,,126,11.0,15.0,,False
492,WAT,Waters Corporation,Healthcare,Diagnostics & Research,Growth,40.6,413.51,392.83,14.0,11.4,10.0,0.0,ok,-2.5,ok,3.4,,False,32.9,25.0,-0.3,113.4,56.3,1.9,77.1,15.8,15.1,0.195,0.227,AVGO,,126,11.4,16.0,,False
493,SBUX,Starbucks Corporation,Consumer Cyclical,Restaurants,Core,123.7,108.55,103.23,13.0,12.4,10.0,0.0,ok,-2.5,ok,3.34,,False,32.9,34.9,2.5,-1.4,22.3,,67.8,14.0,-0.6,0.169,0.166,AVGO,,126,12.4,11.0,,False
494,TSCO,Tractor Supply Company,Consumer Cyclical,Specialty Retail,Core,18.8,36.17,34.36,14.5,10.9,10.0,0.0,ok,-2.5,ok,3.27,,False,32.9,17.6,0.5,2.3,36.5,39.5,79.1,-16.5,-47.4,0.055,0.11,BMNR,,126,10.9,11.0,,False
495,EVRG,"Evergy, Inc.",Utilities,Utilities - Regulated Electric,Core,19.3,83.49,84.57,10.5,15.8,10.0,0.0,ok,-3.5,ok,5.8,,False,32.8,18.3,-7.5,4.4,52.7,9.3,29.5,4.5,-9.8,-0.267,0.302,AVGO,,126,15.8,19.0,,False
496,CNP,"CenterPoint Energy, Inc (Holdi",Utilities,Utilities - Regulated Electric,Core,26.7,40.48,42.88,11.5,16.3,10.0,0.0,ok,-5.0,ok,6.28,,False,32.8,19.4,-19.5,10.7,47.0,9.8,11.7,-2.0,-16.4,-0.291,0.295,AVGO,,126,16.3,19.0,,False
497,QBTS,D-Wave Quantum Inc.,Technology,Computer Hardware,Speculative,7.8,20.9,21.25,7.0,17.8,10.0,-2.0,ok,0.0,neg_ebitda_low_debt,,,False,32.8,,-0.9,-0.6,,-28.0,63.5,-6.9,-3.1,0.538,0.536,BMNR,,126,17.8,15.0,,False
498,UCTT,"Ultra Clean Holdings, Inc.",Technology,Semiconductor Equipment & Mate,Speculative,4.2,92.91,99.28,9.0,16.1,10.0,0.0,ok,-2.5,ok,3.74,,False,32.6,15.8,-1.9,24.3,15.8,-1.6,50.1,46.6,63.0,0.359,0.43,AVGO,,126,16.1,13.0,,False
499,AWK,"American Water Works Company, ",Utilities,Utilities - Regulated Water,Core,27.1,136.46,131.26,13.0,13.0,10.0,0.0,ok,-3.5,ok,5.44,,False,32.5,20.8,-6.6,6.2,61.5,10.1,55.0,5.0,-7.1,-0.406,0.368,AVGO,,126,13.0,20.0,,False
500,LH,Labcorp Holdings Inc.,Healthcare,Diagnostics & Research,Core,26.2,322.59,306.46,14.5,9.4,10.0,0.0,ok,-1.5,ok,2.88,,False,32.4,16.3,3.4,5.8,28.9,11.7,72.3,19.7,2.1,0.027,0.166,MSFT,,126,9.4,15.0,,False
501,EXC,Exelon Corporation,Utilities,Utilities - Regulated Electric,Core,47.0,45.6,46.22,10.5,16.8,10.0,0.0,ok,-5.0,ok,6.09,,False,32.3,15.0,-5.7,9.9,42.4,9.7,33.7,-0.7,-17.4,-0.324,0.31,AVGO,,126,16.8,19.0,,False
502,SMCI,"Super Micro Computer, Inc.",Technology,Computer Hardware,Growth,25.3,39.16,37.2,12.0,13.7,10.0,0.0,ok,-3.5,ok,4.97,,False,32.2,7.3,-29.4,122.7,8.4,17.9,70.2,22.9,14.5,0.439,0.508,NVDA,,126,13.7,13.0,,False
503,SW,Smurfit WestRock plc,Consumer Cyclical,Packaging & Containers,Core,26.2,50.02,47.52,13.0,10.6,10.0,0.0,ok,-1.5,ok,2.95,,False,32.1,14.9,4.6,1.1,18.2,2.7,54.4,21.7,-14.9,0.171,0.232,NVDA,,126,10.6,11.0,,False
504,DOW,Dow Inc.,Basic Materials,Chemicals,Cyclical,21.9,30.36,30.57,9.0,15.6,10.0,0.0,ok,-2.5,ok,3.84,,False,32.1,16.5,1.1,19.7,9.8,-5.5,52.8,-1.1,-20.1,-0.145,0.18,GOOG,,126,15.6,11.0,,False
505,IRM,Iron Mountain Incorporated (De,Real Estate,REIT - Specialty,Core,37.7,126.62,124.71,13.0,14.0,10.0,0.0,ok,-5.0,ok,7.74,,False,32.0,46.4,-1.2,18.5,54.2,,47.2,17.9,6.3,0.287,0.344,BMNR,,126,14.0,16.0,,False
506,BA,Boeing Company (The),Industrials,Aerospace & Defense,Core,182.0,230.33,220.88,14.5,11.5,10.0,0.0,ok,-4.0,neg_ebitda_debt,,,False,32.0,55.9,3.1,8.0,4.7,173.5,64.8,5.1,-17.9,0.399,0.381,BMNR,,126,11.5,14.0,,False
507,CMS,CMS Energy Corporation,Utilities,Utilities - Regulated Electric,Core,22.1,70.51,73.7,9.5,17.4,10.0,0.0,ok,-5.0,ok,6.32,,False,31.9,17.0,-9.9,-0.5,40.3,9.2,21.3,-3.8,-18.3,-0.328,0.303,MSFT,,126,17.4,19.0,,False
508,TSLA,"Tesla, Inc.",Consumer Cyclical,Auto Manufacturers,Core,1342.7,339.96,372.71,11.0,12.9,10.0,-2.0,ok,0.0,ok,-2.55,,False,31.9,,0.4,25.5,18.9,4.7,66.3,-16.4,-32.6,0.548,0.469,BMNR,,126,12.9,11.0,,False
509,WBD,"Warner Bros. Discovery, Inc. -",Communication Services,Entertainment,Core,69.6,27.75,26.53,14.0,10.3,10.0,0.0,ok,-2.5,ok,3.67,,False,31.8,,23.2,-11.2,47.8,-8.8,72.9,3.6,-15.4,0.106,0.303,NVDA,,126,10.3,14.0,,False
510,BG,Bunge Limited,Consumer Defensive,Farm Products,Growth,21.7,112.73,115.36,9.5,15.7,10.0,0.0,ok,-3.5,ok,5.21,,False,31.7,9.9,-29.9,88.3,4.9,7.2,35.0,0.4,-21.0,-0.074,0.108,GOOG,,126,15.7,16.0,,False
511,PNW,Pinnacle West Capital Corporat,Utilities,Utilities - Regulated Electric,Core,12.2,100.72,104.33,10.5,16.2,10.0,0.0,ok,-5.0,ok,7.68,,False,31.7,18.1,-7.6,7.1,43.4,9.4,23.6,3.9,-9.7,-0.289,0.304,AVGO,,126,16.2,19.0,,False
512,PCG,Pacific Gas & Electric Co.,Utilities,Utilities - Regulated Electric,Core,38.5,17.46,17.16,10.5,16.0,10.0,0.0,ok,-5.0,ok,6.1,,False,31.5,9.7,-16.0,0.1,39.8,9.3,43.0,4.5,-14.4,-0.092,0.144,MSFT,,126,16.0,18.0,,False
513,SRE,DBA Sempra,Utilities,Utilities - Diversified,Core,56.5,86.48,90.85,9.5,17.0,10.0,0.0,ok,-5.0,ok,6.23,,False,31.5,15.6,-48.9,-0.1,44.0,6.7,25.4,-5.2,-20.3,-0.179,0.21,MSFT,,126,17.0,19.0,,False
514,D,"Dominion Energy, Inc.",Utilities,Utilities - Regulated Electric,Core,60.3,68.54,68.91,11.5,14.9,10.0,0.0,ok,-5.0,ok,6.43,,False,31.4,18.0,-15.2,17.6,46.2,8.3,34.5,8.5,-7.8,-0.152,0.184,MSFT,,126,14.9,19.0,,False
515,AES,The AES Corporation,Utilities,Utilities - Diversified,Core,10.5,14.73,14.71,10.0,16.3,10.0,0.0,ok,-5.0,ok,7.64,,False,31.3,6.2,-29.4,19.9,20.3,9.6,35.9,2.5,-22.1,-0.024,0.113,BMNR,,126,16.3,18.0,,False
516,AEHR,Aehr Test Systems,Technology,Semiconductor Equipment & Mate,Growth,4.0,123.3,117.14,10.5,10.8,10.0,0.0,ok,0.0,neg_ebitda_low_debt,,,False,31.3,89.1,-0.0,33.7,35.3,-4.2,72.3,117.1,328.0,0.484,0.493,AVGO,,126,10.8,13.0,,False
517,GM,General Motors Company,Consumer Cyclical,Auto Manufacturers,Core,78.1,86.39,82.07,14.0,12.2,10.0,0.0,ok,-5.0,ok,6.32,,False,31.2,5.9,28.1,1.9,10.2,3.2,59.3,10.1,-5.8,0.324,0.398,BMNR,,126,12.2,11.0,,False
518,DTE,DTE Energy Company,Utilities,Utilities - Regulated Electric,Core,29.0,139.53,146.57,9.5,16.5,10.0,0.0,ok,-5.0,ok,7.69,,False,31.0,16.7,-8.9,-1.5,29.3,11.0,19.7,-0.9,-14.3,-0.238,0.235,MSFT,,126,16.5,18.0,,False
519,DE,Deere & Company,Industrials,Farm & Heavy Construction Mach,Core,165.3,612.38,601.82,10.0,14.4,10.0,0.0,ok,-3.5,ok,4.6,,False,30.9,27.1,0.7,-11.1,26.0,18.3,44.1,10.6,-11.5,-0.006,0.249,MSFT,,126,14.4,14.0,,False
520,MOS,Mosaic Company (The),Basic Materials,Agricultural Inputs,Cyclical,6.9,21.78,22.14,5.5,17.9,10.0,0.0,ok,-2.5,ok,3.37,,False,30.9,12.9,-10.8,-6.0,11.2,-5.1,46.0,-11.5,-40.4,0.166,0.214,AVGO,,126,17.9,11.0,,False
521,XEL,Xcel Energy Inc.,Utilities,Utilities - Regulated Electric,Core,49.3,78.98,79.23,9.5,16.1,10.0,0.0,ok,-5.0,ok,6.47,,False,30.6,17.4,-16.0,-5.1,46.8,9.9,35.4,0.6,-13.4,-0.204,0.237,MSFT,,126,16.1,19.0,,False
522,AMCR,Amcor plc,Consumer Cyclical,Packaging & Containers,Growth,21.4,46.38,44.06,12.0,11.3,10.0,0.0,ok,-3.5,ok,4.74,,False,29.8,10.0,0.7,77.4,19.1,8.7,58.9,10.2,-19.7,0.182,0.305,GOOG,,126,11.3,11.0,,False
523,CRWV,"CoreWeave, Inc.",Technology,Software - Infrastructure,Growth,58.6,106.29,100.98,12.5,12.3,10.0,0.0,ok,-5.0,ok,10.87,,False,29.8,,-14.6,111.6,69.4,-40.7,71.0,14.2,-3.1,0.491,0.494,NVDA,,126,12.3,17.0,,False
524,OKLO,Oklo Inc.,Utilities,Utilities - Independent Power ,Speculative,8.6,46.45,49.43,8.0,13.7,10.0,-2.0,ok,0.0,neg_ebitda_low_debt,,,False,29.7,,-2.8,,,-7.7,59.0,-34.5,-41.5,0.55,0.559,BMNR,,126,13.7,19.0,,False
525,CRL,Charles River Laboratories Int,Healthcare,Diagnostics & Research,Core,13.5,281.27,267.21,11.0,10.6,10.0,0.0,ok,-2.5,ok,3.35,,False,29.1,22.2,3.5,-2.7,34.6,-7.5,82.3,47.3,63.0,0.169,0.151,BMNR,,126,10.6,15.0,,False
526,BBAI,"BigBear.ai, Inc.",Technology,Information Technology Service,Speculative,1.6,3.34,3.42,7.5,13.4,10.0,-2.0,ok,0.0,neg_ebitda_low_debt,,,False,28.9,,-13.0,13.2,27.9,-16.6,67.7,-26.6,-32.7,0.611,0.487,BMNR,,126,13.4,15.0,,False
527,SATS,EchoStar Corporation,Communication Services,Telecom Services,Core,30.1,97.39,122.33,7.5,16.4,10.0,0.0,ok,-5.0,ok,17.47,,False,28.9,,-1.5,-5.2,27.1,-112.3,34.2,-5.9,-23.1,0.326,0.365,BMNR,,93,16.4,15.0,,False
528,CIFR,Cipher Digital Inc.,Technology,Information Technology Service,Speculative,6.9,16.62,22.32,5.5,17.9,10.0,0.0,ok,-5.0,ok,49.49,,False,28.4,72.3,-42.0,-43.0,,-167.5,35.9,-10.7,-10.9,0.452,0.446,AVGO,,126,17.9,15.0,,False
529,APLD,Applied Digital Corporation,Technology,Information Technology Service,Growth,8.8,30.62,34.38,9.5,14.7,10.0,-2.0,ok,-4.0,neg_ebitda_debt,,,False,28.2,,-56.3,406.6,25.9,-8.4,58.9,-5.6,-29.5,0.521,0.456,BMNR,,126,14.7,15.0,,False
530,AI,"C3.ai, Inc.",Technology,Software - Infrastructure,Speculative,1.6,10.18,9.67,6.0,14.1,10.0,-2.0,ok,0.0,neg_ebitda_low_debt,,,False,28.1,,-1.7,-52.5,,-63.0,78.1,-8.2,-16.1,0.555,0.471,MSFT,,126,14.1,15.0,,False
531,APD,"Air Products and Chemicals, In",Basic Materials,Specialty Chemicals,Cyclical,68.0,305.52,292.4,10.5,11.7,10.0,0.0,ok,-5.0,ok,16.79,,False,27.2,21.2,-5.5,4.6,32.1,0.0,58.8,10.3,-8.7,-0.01,0.092,GOOG,,126,11.7,11.0,,False
532,F,Ford Motor Company,Consumer Cyclical,Auto Manufacturers,Core,55.4,13.89,14.26,4.5,17.3,10.0,0.0,ok,-5.0,ok,18.47,,False,26.8,7.3,-14.3,-3.8,7.1,-18.3,41.5,4.8,-12.6,0.246,0.245,GOOG,,126,17.3,11.0,,False
533,WY,Weyerhaeuser Company,Real Estate,REIT - Specialty,Core,17.9,24.82,24.36,8.0,13.2,10.0,0.0,ok,-5.0,ok,7.15,,False,26.2,36.5,0.1,-0.9,14.5,5.0,57.9,3.1,-21.6,-0.048,0.174,MSFT,,126,13.2,15.0,,False
534,IFF,International Flavors & Fragra,Basic Materials,Specialty Chemicals,Cyclical,21.4,84.06,79.86,8.0,8.1,10.0,0.0,ok,-1.5,ok,2.99,,False,24.6,21.3,-8.0,1.8,36.6,-5.5,70.2,15.7,-10.4,0.115,0.216,GOOG,,126,8.1,11.0,,False
