rank,ticker,name,sector,industry,category,mcap_B,current_price,entry_level,fundamental,technical,visibility,corr_penalty,corr_status,leverage_penalty,lev_status,nd_ebitda,dte_pct,broken_base,composite,fwd_pe,fcf_yield_pct,rev_growth_pct,gross_margin_pct,roe_pct,rsi,ma200_dist_pct,rel_str_6m_pct,portfolio_corr,max_corr,max_corr_with,corr_null_reason,n_corr_obs,technical_precap,visibility_legacy,data_flags,in_portfolio
1,AVGO,Broadcom Inc.,Technology,Semiconductors,Growth,1724.5,362.48,389.14,20.0,19.0,22.0,0.0,ok,-0.5,ok,1.08,,False,60.5,18.6,1.6,47.9,76.3,37.3,38.3,-1.7,-4.0,0.402,0.484,NVDA,,126,19.0,22.0,,True
2,GEV,GE Vernova Inc.,Industrials,Specialty Industrial Machinery,Compounder,263.0,987.46,1032.34,19.0,16.3,23.0,0.0,ok,0.0,ok,-2.29,,False,58.3,39.3,6.0,21.9,20.6,82.6,51.1,14.3,5.6,0.391,0.453,AVGO,,126,16.3,23.0,,False
3,TSM,Taiwan Semiconductor Manufactu,Technology,Semiconductors,Growth,2137.3,412.09,424.51,24.0,14.1,21.0,-2.0,ok,0.0,ok,-0.77,,False,57.1,18.9,,36.0,64.2,40.0,56.8,13.2,2.2,0.595,0.662,NVDA,,126,14.1,21.0,fcf_yield_out_of_range(34.2),False
4,GOOG,Alphabet Inc.,Communication Services,Internet Content & Information,Compounder,4179.0,341.7,350.87,19.0,16.9,20.0,0.0,ok,0.0,ok,-0.7,,False,55.9,23.2,0.5,24.2,60.9,48.7,54.8,3.1,-0.1,0.339,0.308,BMNR,,126,16.9,20.0,,True
5,VRT,"Vertiv Holdings, LLC",Industrials,Electrical Equipment & Parts,Core,100.5,261.0,294.77,20.5,15.5,19.2,0.0,ok,0.0,ok,0.08,,False,55.2,28.7,2.7,24.1,38.0,43.9,64.3,3.4,-5.3,0.369,0.496,NVDA,,126,15.5,20.0,,False
6,POWL,"Powell Industries, Inc.",Industrials,Electrical Equipment & Parts,Speculative,7.2,198.21,243.41,17.5,18.8,18.0,0.0,ok,0.0,ok,-2.67,,False,54.3,27.9,2.6,8.9,30.1,28.3,42.4,0.8,-1.9,0.39,0.457,AVGO,,126,18.8,18.0,,False
7,ANET,"Arista Networks, Inc.",Technology,Computer Hardware,Growth,235.2,186.45,177.13,19.0,15.3,19.9,0.0,ok,0.0,ok,-2.88,,False,54.2,36.1,1.7,37.7,63.0,31.5,58.9,25.3,23.1,0.446,0.575,AVGO,,126,15.3,20.0,,False
8,META,"Meta Platforms, Inc.",Communication Services,Internet Content & Information,Core,1391.0,546.03,594.19,18.0,18.1,17.0,0.0,ok,0.0,ok,0.2,,False,53.1,15.7,1.5,28.0,81.7,29.8,52.3,-12.6,-28.0,0.407,0.375,GOOG,,126,18.1,15.0,,False
9,LMT,Lockheed Martin Corporation,Industrials,Aerospace & Defense,Compounder,136.0,589.15,559.69,18.0,11.8,22.0,0.0,ok,-0.5,ok,1.73,,False,51.3,18.0,4.1,10.5,11.8,89.2,55.7,7.1,-23.9,-0.111,0.165,AVGO,,126,11.8,22.0,,False
10,MSFT,Microsoft Corporation,Technology,Software - Infrastructure,Core,3596.3,484.31,460.09,18.0,15.3,17.4,0.0,ok,0.0,ok,0.27,,False,50.7,20.5,0.5,17.7,67.9,34.0,65.9,12.3,8.8,0.31,0.323,BMNR,,126,15.3,18.0,,True
11,NVDA,NVIDIA Corporation,Technology,Semiconductors,Growth,5269.5,217.56,207.12,20.0,12.2,20.0,-2.0,ok,0.0,ok,-0.24,,False,50.2,16.9,0.9,85.2,74.1,114.3,71.9,11.5,3.0,0.529,0.484,AVGO,,126,12.2,20.0,,True
12,NFLX,"Netflix, Inc.",Communication Services,Entertainment,Core,334.0,80.22,76.21,23.0,17.1,10.0,0.0,ok,0.0,ok,0.51,,False,50.1,21.0,7.6,13.4,49.1,49.5,68.0,-9.6,-8.6,0.097,0.202,MSFT,,126,17.1,14.0,,False
13,GDDY,GoDaddy Inc.,Technology,Software - Infrastructure,Core,12.3,96.84,92.0,22.0,18.5,10.0,0.0,ok,-0.5,ok,1.91,,False,50.0,8.8,9.8,6.6,63.8,442.9,47.6,-1.3,-3.5,-0.048,0.158,AVGO,,126,18.5,17.0,,False
14,CINF,Cincinnati Financial Corporati,Financial Services,Insurance - Property & Casualt,Growth,25.9,168.49,177.34,22.0,18.0,10.0,0.0,ok,0.0,financial_na,,,False,50.0,18.7,11.5,31.6,31.1,21.5,34.5,1.4,-8.4,-0.158,0.302,AVGO,,126,18.0,14.0,,False
15,NXPI,NXP Semiconductors N.V.,Technology,Semiconductors,Core,57.0,226.02,269.07,22.0,18.3,10.0,0.0,ok,-0.5,ok,1.53,,False,49.8,12.5,6.2,19.5,56.1,27.9,37.2,-6.5,-14.9,0.232,0.386,AVGO,,126,18.3,14.0,,False
16,CF,"CF Industries Holdings, Inc.",Basic Materials,Agricultural Inputs,Cyclical,18.0,119.02,115.27,22.0,17.6,10.0,0.0,ok,0.0,ok,0.29,,False,49.6,11.4,7.1,17.6,42.5,29.9,39.4,13.6,7.4,-0.351,0.327,GOOG,,126,17.6,12.0,,False
17,TLN,Talen Energy Corporation,Utilities,Utilities - Independent Power ,Growth,15.4,322.35,368.51,17.5,17.8,19.0,0.0,ok,-5.0,ok,16.05,,False,49.3,11.1,8.2,111.2,42.1,-12.8,46.1,-11.1,-27.9,0.365,0.368,AVGO,,126,17.8,19.0,,False
18,DECK,Deckers Outdoor Corporation,Consumer Cyclical,Footwear & Accessories,Core,12.5,91.57,102.31,21.0,18.1,10.0,0.0,ok,0.0,ok,-0.85,,False,49.1,10.9,7.0,5.7,57.8,42.6,31.9,-10.4,-35.2,0.262,0.344,GOOG,,126,18.1,12.0,,False
19,ALL,Allstate Corporation (The),Financial Services,Insurance - Property & Casualt,Core,65.7,259.74,248.41,22.0,16.7,10.0,0.0,ok,0.0,financial_na,,,False,48.7,9.4,23.1,11.8,36.8,46.1,44.7,19.2,15.7,-0.265,0.345,NVDA,,126,16.7,14.0,,False
20,ADBE,Adobe Inc.,Technology,Software - Application,Core,108.3,272.47,258.85,23.0,15.6,10.0,0.0,ok,0.0,ok,0.15,,False,48.6,9.9,8.5,12.7,89.4,63.0,64.3,0.5,-7.6,0.164,0.4,MSFT,,126,15.6,17.0,,False
21,BRO,"Brown & Brown, Inc.",Financial Services,Insurance Brokers,Growth,23.9,71.49,67.92,21.5,17.0,10.0,0.0,ok,0.0,financial_na,,,False,48.5,14.8,6.9,32.4,56.3,10.0,53.2,2.7,-9.5,-0.169,0.371,AVGO,,126,17.0,15.0,,False
22,APP,Applovin Corporation,Communication Services,Advertising Agencies,Growth,104.4,310.79,435.24,22.5,15.9,10.0,0.0,ok,0.0,ok,0.09,,False,48.4,14.8,3.0,52.8,88.5,203.7,25.9,-38.3,-37.3,0.416,0.37,BMNR,,126,15.9,15.0,,False
23,NOC,Northrop Grumman Corporation,Industrials,Aerospace & Defense,Compounder,82.8,582.84,553.7,16.0,12.9,21.0,0.0,ok,-1.5,ok,2.03,,False,48.4,19.1,3.0,5.1,20.1,27.0,73.6,-3.4,-33.4,-0.063,0.244,AVGO,,126,12.9,21.0,,False
24,EBAY,eBay Inc.,Consumer Cyclical,Internet Retail,Core,45.7,102.64,110.15,20.5,18.4,10.0,0.0,ok,-0.5,ok,1.24,,False,48.4,15.3,3.5,14.8,72.1,46.6,32.7,5.6,8.8,0.172,0.228,GOOG,,126,18.4,13.0,,False
25,ADSK,"Autodesk, Inc.",Technology,Software - Application,Core,53.1,251.29,238.73,22.0,16.3,10.0,0.0,ok,0.0,ok,-0.09,,False,48.3,17.7,5.8,18.4,92.4,50.4,62.8,0.5,-3.1,0.117,0.332,MSFT,,126,16.3,17.0,,False
26,AON,Aon plc,Financial Services,Insurance Brokers,Core,73.9,348.43,349.36,20.0,18.0,10.0,0.0,ok,0.0,financial_na,,,False,48.0,16.3,4.3,2.2,48.2,44.7,30.4,3.4,-5.0,-0.167,0.375,AVGO,,126,18.0,15.0,,False
27,CBOE,"Cboe Global Markets, Inc.",Financial Services,Financial Data & Stock Exchang,Core,29.3,280.75,276.35,20.5,17.5,10.0,0.0,ok,0.0,financial_na,,,False,48.0,18.5,2.3,22.9,54.1,26.3,40.0,-0.5,-14.4,-0.113,0.186,AVGO,,126,17.5,15.0,,False
28,TROW,"T. Rowe Price Group, Inc.",Financial Services,Asset Management,Core,23.9,112.23,113.55,20.5,17.5,10.0,0.0,ok,0.0,financial_na,,,False,48.0,10.9,8.5,10.7,51.6,19.4,32.2,9.8,8.0,0.261,0.327,BMNR,,126,17.5,15.0,,False
29,QCOM,QUALCOMM Incorporated,Technology,Semiconductors,Core,170.0,161.91,180.03,20.0,17.9,10.0,0.0,ok,0.0,ok,0.58,,False,47.9,15.9,6.0,-4.0,54.2,33.8,60.1,-3.6,2.6,0.292,0.392,AVGO,,126,17.9,14.0,,False
30,BX,Blackstone Inc.,Financial Services,Asset Management,Core,173.4,145.09,137.84,22.5,15.4,10.0,0.0,ok,0.0,financial_na,,,False,47.9,19.4,,28.6,100.0,31.4,69.3,11.9,3.7,0.318,0.343,BMNR,,126,15.4,16.0,,False
31,AAPL,Apple Inc.,Technology,Consumer Electronics,Core,4623.9,316.83,309.44,20.5,17.3,10.0,0.0,ok,0.0,ok,0.13,,False,47.8,33.2,2.3,16.4,48.7,148.8,37.5,12.8,8.9,0.211,0.301,BMNR,,126,17.3,14.0,,False
32,AMZN,"Amazon.com, Inc.",Consumer Cyclical,Internet Retail,Core,2867.4,265.84,252.55,17.0,16.1,16.5,-2.0,ok,0.0,ok,0.76,,False,47.6,25.6,0.1,19.6,50.8,30.6,66.6,11.6,17.0,0.583,0.633,GOOG,,126,16.1,17.0,,False
33,AXP,American Express Company,Financial Services,Credit Services,Core,229.5,339.9,341.58,21.5,15.9,10.0,0.0,ok,0.0,financial_na,,,False,47.4,16.9,,12.8,62.3,34.4,52.9,0.5,-13.2,0.392,0.398,BMNR,,126,15.9,18.0,,False
34,HOOD,"Robinhood Markets, Inc.",Financial Services,Capital Markets,Growth,86.1,95.77,99.65,20.0,19.3,10.0,-2.0,ok,0.0,financial_na,,,False,47.3,29.5,,32.3,91.9,23.6,64.2,-0.8,13.8,0.556,0.594,BMNR,,126,19.3,16.0,,False
35,IDXX,"IDEXX Laboratories, Inc.",Healthcare,Diagnostics & Research,Core,44.3,562.2,560.66,19.5,17.8,10.0,0.0,ok,0.0,ok,0.55,,False,47.3,33.6,2.1,9.7,62.4,74.2,51.5,-8.8,-23.6,0.269,0.36,GOOG,,126,17.8,17.0,,False
36,EXPE,"Expedia Group, Inc.",Consumer Cyclical,Travel Services,Core,39.2,326.27,309.96,23.0,14.2,10.0,0.0,ok,0.0,ok,-0.5,,False,47.2,13.5,8.8,14.0,90.4,89.5,69.0,28.5,50.9,0.164,0.216,MSFT,,126,14.2,15.0,,False
37,WDC,Western Digital Corporation,Technology,Computer Hardware,Growth,166.6,462.09,550.01,20.0,17.1,10.0,0.0,ok,0.0,ok,-0.08,,False,47.1,14.6,1.4,43.8,48.9,130.9,39.6,30.1,49.6,0.405,0.506,AVGO,,126,17.1,14.0,,False
38,GD,General Dynamics Corporation,Industrials,Aerospace & Defense,Compounder,106.2,392.34,372.72,14.5,12.5,20.1,0.0,ok,0.0,ok,0.78,,False,47.1,21.2,4.1,8.1,15.4,17.8,63.4,11.6,-1.5,-0.009,0.146,NVDA,,126,12.5,21.0,,False
39,ULTA,"Ulta Beauty, Inc.",Consumer Cyclical,Specialty Retail,Core,22.7,527.85,501.46,21.0,16.5,10.0,0.0,ok,-0.5,ok,1.1,,False,47.0,16.6,4.3,11.1,43.2,47.4,53.2,-4.9,-36.6,0.159,0.194,MSFT,,126,16.5,12.0,,False
40,CDNS,"Cadence Design Systems, Inc.",Technology,Software - Application,Core,86.7,314.98,356.72,18.0,18.9,10.0,0.0,ok,0.0,ok,0.52,,False,46.9,33.0,1.9,24.2,85.9,23.2,31.8,-3.8,-6.6,0.495,0.379,BMNR,,126,18.9,17.0,,False
41,CEG,Constellation Energy Corporati,Utilities,Utilities - Independent Power ,Compounder,97.1,274.17,262.08,12.5,15.9,21.0,0.0,ok,-2.5,ok,3.02,,False,46.9,20.7,-6.8,23.0,22.1,15.1,57.7,-8.7,-18.5,0.206,0.24,BMNR,,126,15.9,21.0,,False
42,UBER,"Uber Technologies, Inc.",Technology,Software - Application,Core,159.4,78.04,74.14,21.0,16.4,10.0,0.0,ok,-0.5,ok,1.25,,False,46.9,17.8,4.5,12.2,40.8,37.2,65.8,1.0,-5.8,0.295,0.33,MSFT,,126,16.4,16.0,,False
43,TPR,"Tapestry, Inc.",Consumer Cyclical,Luxury Goods,Core,26.3,131.72,145.77,21.0,16.4,10.0,0.0,ok,-0.5,ok,1.39,,False,46.9,14.8,5.3,8.9,76.6,197.1,30.5,-3.7,-26.0,0.22,0.257,GOOG,,126,16.4,13.0,,False
44,EOG,"EOG Resources, Inc.",Energy,Oil & Gas E&P,Growth,78.4,149.48,142.01,23.0,13.8,10.0,0.0,ok,0.0,ok,0.23,,False,46.8,10.3,5.7,58.7,62.6,22.5,55.0,19.1,8.9,-0.339,0.321,NVDA,,126,13.8,14.0,,False
45,GL,Globe Life Inc.,Financial Services,Insurance - Life,Core,13.3,171.46,177.54,20.0,16.8,10.0,0.0,ok,0.0,financial_na,,,False,46.8,10.4,8.7,8.0,33.9,20.9,27.6,13.3,6.6,0.174,0.249,GOOG,,126,16.8,14.0,,False
46,WRB,W.R. Berkley Corporation,Financial Services,Insurance - Property & Casualt,Core,25.8,69.61,70.98,20.0,16.7,10.0,0.0,ok,0.0,financial_na,,,False,46.7,14.4,11.8,1.2,43.8,20.2,25.4,0.2,-13.7,-0.297,0.323,AVGO,,126,16.7,15.0,,False
47,SNDK,Sandisk Corporation,Technology,Computer Hardware,Growth,229.7,1568.87,1656.04,22.5,14.2,10.0,0.0,ok,0.0,ok,-0.38,,False,46.7,5.9,3.4,371.6,71.5,91.6,61.2,69.6,139.8,0.366,0.437,AVGO,,126,14.2,15.0,,False
48,PODD,Insulet Corporation,Healthcare,Medical Devices,Core,10.5,151.51,154.75,20.5,16.1,10.0,0.0,ok,0.0,ok,0.67,,False,46.6,19.6,2.3,23.5,71.1,26.0,40.3,-31.4,-51.9,0.038,0.193,GOOG,,126,16.1,17.0,,False
49,RTX,RTX Corporation,Industrials,Aerospace & Defense,Compounder,297.0,220.35,209.33,15.5,10.6,21.0,0.0,ok,-0.5,ok,1.92,,False,46.6,28.0,3.3,14.5,20.3,12.3,61.2,15.4,-5.1,-0.037,0.137,AVGO,,126,10.6,21.0,,False
50,RL,Ralph Lauren Corporation,Consumer Cyclical,Apparel Manufacturing,Core,22.5,377.96,390.49,20.5,16.1,10.0,0.0,ok,0.0,ok,0.67,,False,46.6,18.1,3.9,14.0,70.3,37.5,44.3,3.9,-12.2,0.295,0.283,BMNR,,126,16.1,13.0,,False
51,AMAT,"Applied Materials, Inc.",Technology,Semiconductor Equipment & Mate,Core,393.9,496.17,560.86,19.0,17.5,10.0,0.0,ok,0.0,ok,-0.26,,False,46.5,27.1,0.8,24.8,49.4,41.1,48.8,26.3,21.4,0.403,0.54,AVGO,,126,17.5,14.0,,False
52,CSCO,"Cisco Systems, Inc.",Technology,Communication Equipment,Core,435.7,110.55,116.61,19.5,17.0,10.0,0.0,ok,0.0,ok,0.73,,False,46.5,19.9,2.7,17.6,64.6,27.3,45.3,19.8,28.7,0.229,0.354,AVGO,,126,17.0,15.0,,False
53,GEN,Gen Digital Inc.,Technology,Software - Infrastructure,Core,16.5,27.54,26.29,22.0,17.0,10.0,0.0,ok,-2.5,ok,3.17,,False,46.5,8.3,9.4,6.3,78.0,41.9,51.9,13.6,11.2,0.332,0.407,MSFT,,126,17.0,17.0,,False
54,SPGI,S&P Global Inc.,Financial Services,Financial Data & Stock Exchang,Core,125.8,426.66,422.25,19.5,16.9,10.0,0.0,ok,0.0,financial_na,,,False,46.4,21.1,4.3,10.4,70.9,14.3,58.5,-5.6,-10.1,0.126,0.36,MSFT,,126,16.9,16.0,,False
55,TEL,TE Connectivity plc,Technology,Electronic Components,Core,58.9,203.57,206.71,18.5,17.8,10.0,0.0,ok,0.0,ok,0.92,,False,46.3,15.8,4.0,13.8,36.1,23.3,46.8,-6.7,-24.9,0.31,0.29,AVGO,,126,17.8,13.0,,False
56,FTNT,"Fortinet, Inc.",Technology,Software - Infrastructure,Core,112.1,152.85,155.5,21.5,14.8,10.0,0.0,ok,0.0,ok,-1.35,,False,46.3,40.7,2.0,25.6,80.2,117.4,48.7,44.8,74.4,0.279,0.312,MSFT,,126,14.8,17.0,,False
57,INCY,Incyte Corporation,Healthcare,Biotechnology,Growth,26.0,128.47,122.05,23.0,13.2,10.0,0.0,ok,0.0,ok,-2.32,,False,46.2,14.4,4.5,37.7,55.7,30.7,62.5,24.3,13.5,-0.087,0.184,AVGO,,126,13.2,16.0,,False
58,HIG,"The Hartford Insurance Group, ",Financial Services,Insurance - Diversified,Core,37.7,137.53,137.14,20.0,16.0,10.0,0.0,ok,0.0,financial_na,,,False,46.0,10.0,14.6,8.1,37.9,22.1,34.7,1.6,-14.3,-0.16,0.286,AVGO,,126,16.0,14.0,,False
59,GWW,"W.W. Grainger, Inc.",Industrials,Industrial Distribution,Core,61.6,1306.95,1343.97,19.5,16.5,10.0,0.0,ok,0.0,ok,0.69,,False,46.0,25.6,2.0,10.3,39.4,46.1,37.4,13.3,3.4,0.039,0.205,GOOG,,126,16.5,14.0,,False
60,PTC,PTC Inc.,Technology,Software - Application,Core,16.5,152.44,144.82,21.0,15.0,10.0,0.0,ok,0.0,ok,0.98,,False,46.0,17.2,6.2,-6.8,84.5,35.1,69.0,1.3,-14.0,0.172,0.457,MSFT,,126,15.0,17.0,,False
61,PYPL,"PayPal Holdings, Inc.",Financial Services,Credit Services,Core,52.4,61.25,58.19,20.0,16.0,10.0,0.0,ok,0.0,financial_na,,,False,46.0,10.6,8.4,4.8,40.5,24.5,68.5,19.1,34.5,0.22,0.306,MSFT,,126,16.0,17.0,,False
62,TRV,"The Travelers Companies, Inc.",Financial Services,Insurance - Property & Casualt,Core,75.6,362.22,348.9,20.0,16.0,10.0,0.0,ok,0.0,financial_na,,,False,46.0,12.0,19.6,0.3,34.7,26.5,34.9,18.2,8.5,-0.23,0.27,AVGO,,126,16.0,14.0,,False
63,ROK,"Rockwell Automation, Inc.",Industrials,Specialty Industrial Machinery,Core,48.2,433.27,461.83,18.5,18.0,10.0,0.0,ok,-0.5,ok,1.5,,False,46.0,29.2,2.7,7.9,49.1,30.6,32.4,4.2,-2.4,0.259,0.3,NVDA,,126,18.0,15.0,,False
64,LRCX,Lam Research Corporation,Technology,Semiconductor Equipment & Mate,Core,384.4,307.17,337.77,19.0,16.9,10.0,0.0,ok,0.0,ok,-0.17,,False,45.9,26.6,0.8,30.0,50.5,65.1,53.5,21.9,16.8,0.472,0.569,AVGO,,126,16.9,14.0,,False
65,LULU,lululemon athletica inc.,Consumer Cyclical,Apparel Retail,Core,13.6,119.45,117.7,21.0,14.9,10.0,0.0,ok,0.0,ok,0.24,,False,45.9,10.6,8.4,4.3,55.7,32.0,50.0,-23.3,-47.4,0.355,0.37,MSFT,,126,14.9,12.0,,False
66,TXN,Texas Instruments Incorporated,Technology,Semiconductors,Core,244.2,267.45,290.97,19.0,16.9,10.0,0.0,ok,0.0,ok,0.74,,False,45.9,25.7,1.5,22.8,58.3,35.2,42.7,15.1,10.5,0.238,0.399,AVGO,,126,16.9,14.0,,False
67,APO,"Apollo Global Management, Inc.",Financial Services,Asset Management,Growth,78.9,133.63,126.95,20.0,15.8,10.0,0.0,ok,0.0,financial_na,,,False,45.8,12.4,,63.8,36.1,11.4,63.9,5.0,0.2,0.327,0.284,GOOG,,126,15.8,14.0,,False
68,ON,ON Semiconductor Corporation,Technology,Semiconductors,Core,29.8,76.58,94.34,16.0,19.7,10.0,0.0,ok,0.0,ok,0.4,,False,45.7,16.9,5.6,9.2,42.8,8.3,36.8,-0.4,-0.3,0.351,0.473,AVGO,,126,19.7,14.0,,False
69,MSCI,MSCI Inc.,Financial Services,Financial Data & Stock Exchang,Core,41.1,565.27,584.09,17.5,18.2,10.0,0.0,ok,0.0,financial_na,,,False,45.7,25.1,2.9,12.2,83.0,,42.7,-1.1,-7.9,0.184,0.37,MSFT,,126,18.2,16.0,,False
70,ZTS,Zoetis Inc.,Healthcare,Drug Manufacturers - Specialty,Core,31.7,76.68,76.15,21.0,15.2,10.0,0.0,ok,-0.5,ok,1.86,,False,45.7,11.5,6.4,-0.2,71.7,64.9,51.3,-27.3,-52.2,0.06,0.164,GOOG,,126,15.2,17.0,,False
71,BRK-B,Berkshire Hathaway Inc. New,Financial Services,Insurance - Diversified,Core,1069.5,499.62,499.97,18.5,17.0,10.0,0.0,ok,0.0,financial_na,,,False,45.5,22.7,6.7,10.0,30.3,12.1,42.2,1.6,-12.2,-0.019,0.164,NVDA,,126,17.0,14.0,,False
72,ALAB,"Astera Labs, Inc.",Technology,Semiconductors,Growth,50.1,289.02,352.86,19.0,16.5,10.0,0.0,ok,0.0,ok,-4.23,,False,45.5,45.2,0.2,104.5,75.1,25.8,47.2,32.7,105.2,0.46,0.563,AVGO,,126,16.5,15.0,,False
73,TTD,"The Trade Desk, Inc.",Communication Services,Advertising Agencies,Speculative,6.4,13.54,17.75,19.5,16.0,10.0,0.0,ok,0.0,ok,-1.51,,False,45.5,13.6,9.2,3.0,76.9,15.4,26.5,-49.7,-59.1,0.193,0.289,MSFT,,126,16.0,15.0,,False
74,CRM,"Salesforce, Inc.",Technology,Software - Application,Core,168.8,206.09,195.79,20.5,16.4,10.0,0.0,ok,-1.5,ok,2.38,,False,45.4,13.3,9.8,13.3,77.6,16.9,68.9,2.5,-1.2,0.195,0.469,MSFT,,126,16.4,17.0,,False
75,STX,Seagate Technology Holdings PL,Technology,Computer Hardware,Growth,188.7,832.56,890.67,20.0,15.4,10.0,0.0,ok,0.0,ok,0.49,,False,45.4,15.0,1.0,48.5,45.6,371.5,48.0,48.8,91.2,0.358,0.462,AVGO,,126,15.4,14.0,,False
76,OXY,Occidental Petroleum Corporati,Energy,Oil & Gas E&P,Growth,60.1,60.09,57.09,22.5,12.8,10.0,0.0,ok,0.0,ok,0.76,,False,45.3,15.1,6.3,53.4,73.3,10.6,65.2,17.5,4.4,-0.299,0.322,GOOG,,126,12.8,14.0,,False
77,ETN,"Eaton Corporation, PLC",Industrials,Specialty Industrial Machinery,Core,164.9,424.67,415.16,15.5,13.8,18.5,0.0,ok,-2.5,ok,3.11,,False,45.3,26.5,1.9,21.4,36.0,19.7,65.3,12.4,0.5,0.406,0.479,AVGO,,126,13.8,19.0,,False
78,LVS,Las Vegas Sands Corp.,Consumer Cyclical,Resorts & Casinos,Core,30.2,46.58,46.99,21.0,15.6,10.0,0.0,ok,-1.5,ok,2.57,,False,45.1,13.2,7.3,-0.7,79.3,122.9,28.7,-15.3,-32.1,0.297,0.355,MSFT,,126,15.6,13.0,,False
79,MA,Mastercard Incorporated,Financial Services,Credit Services,Core,502.6,573.72,545.03,20.5,14.6,10.0,0.0,ok,0.0,financial_na,,,False,45.1,24.9,3.4,14.1,100.0,241.2,46.9,8.8,-2.3,0.153,0.448,MSFT,,126,14.6,18.0,,False
80,TPL,Texas Pacific Land Corporation,Energy,Oil & Gas E&P,Growth,25.7,373.18,387.73,18.0,17.1,10.0,0.0,ok,0.0,ok,-0.31,,False,45.1,5.1,-0.1,31.2,93.3,36.6,43.2,-4.0,-36.0,-0.041,0.081,MSFT,,126,17.1,14.0,,False
81,IT,"Gartner, Inc.",Technology,Information Technology Service,Core,12.2,192.82,183.18,21.0,14.6,10.0,0.0,ok,-0.5,ok,1.33,,False,45.1,11.7,8.6,-0.6,69.6,113.6,74.2,7.2,10.1,-0.018,0.244,MSFT,,126,14.6,17.0,,False
82,V,Visa Inc.,Financial Services,Credit Services,Core,682.5,365.54,350.97,20.5,14.6,10.0,0.0,ok,0.0,financial_na,,,False,45.1,24.4,3.0,14.4,97.7,61.2,49.1,10.5,2.1,0.061,0.253,MSFT,,126,14.6,18.0,,False
83,ROST,"Ross Stores, Inc.",Consumer Cyclical,Apparel Retail,Core,75.3,234.69,234.34,19.0,16.1,10.0,0.0,ok,0.0,ok,0.17,,False,45.1,27.4,2.7,20.6,32.7,39.0,22.8,12.8,4.6,0.15,0.136,BMNR,,126,16.1,11.0,,False
84,VRSK,"Verisk Analytics, Inc.",Industrials,Consulting Services,Core,24.3,186.45,187.87,18.0,18.5,10.0,0.0,ok,-1.5,ok,2.68,,False,45.0,21.4,4.3,4.4,70.2,,36.8,-4.8,-11.1,-0.154,0.304,AVGO,,126,18.5,18.0,,False
85,TER,"Teradyne, Inc.",Technology,Semiconductor Equipment & Mate,Growth,59.4,379.65,385.19,20.0,15.0,10.0,0.0,ok,0.0,ok,-0.17,,False,45.0,32.9,0.7,103.9,59.2,36.5,53.2,24.3,7.4,0.422,0.515,AVGO,,126,15.0,14.0,,False
86,MO,"Altria Group, Inc.",Consumer Defensive,Tobacco,Core,110.3,66.03,70.45,19.0,16.5,10.0,0.0,ok,-0.5,ok,1.41,,False,45.0,11.3,8.2,1.2,87.2,,41.6,1.5,-14.0,-0.433,0.412,MSFT,,126,16.5,18.0,,False
87,ALGN,"Align Technology, Inc.",Healthcare,Medical Instruments & Supplies,Core,11.6,163.04,175.26,18.5,16.4,10.0,0.0,ok,0.0,ok,-1.08,,False,44.9,13.0,5.0,4.3,70.4,10.2,40.1,-3.7,-26.7,0.317,0.315,GOOG,,126,16.4,17.0,,False
88,MPWR,"Monolithic Power Systems, Inc.",Technology,Semiconductors,Growth,63.9,1300.14,1387.17,19.0,15.9,10.0,0.0,ok,0.0,ok,-1.39,,False,44.9,37.4,0.7,47.6,55.2,22.0,48.6,5.7,-1.9,0.45,0.541,AVGO,,126,15.9,14.0,,False
89,PGR,Progressive Corporation (The),Financial Services,Insurance - Property & Casualt,Core,126.3,217.27,214.29,19.5,15.4,10.0,0.0,ok,0.0,financial_na,,,False,44.9,13.3,12.0,7.3,18.5,34.9,55.4,4.7,-5.0,-0.315,0.382,AVGO,,126,15.4,14.0,,False
90,MS,Morgan Stanley,Financial Services,Capital Markets,Core,336.8,214.23,216.73,20.0,14.9,10.0,0.0,ok,0.0,financial_na,,,False,44.9,15.7,,28.0,87.6,18.0,58.1,14.5,10.8,0.479,0.463,BMNR,,126,14.9,16.0,,False
91,VRSN,"VeriSign, Inc.",Technology,Software - Infrastructure,Core,24.7,273.03,273.63,16.5,18.9,10.0,0.0,ok,-0.5,ok,1.1,,False,44.9,24.9,3.4,6.0,88.5,,38.6,5.5,13.3,-0.032,0.195,BMNR,,126,18.9,17.0,,False
92,KEYS,Keysight Technologies Inc.,Technology,Scientific & Technical Instrum,Growth,54.6,319.45,333.33,16.5,18.3,10.0,0.0,ok,0.0,ok,0.25,,False,44.8,23.4,2.0,31.5,62.1,18.2,53.0,14.0,20.6,0.279,0.407,AVGO,,126,18.3,15.0,,False
93,ARM,Arm Holdings plc,Technology,Semiconductors,Core,266.3,249.34,305.13,16.5,18.3,10.0,0.0,ok,0.0,ok,-3.2,,False,44.8,81.5,0.5,22.4,97.5,13.4,53.2,27.0,83.7,0.477,0.514,AVGO,,126,18.3,15.0,,False
94,HAS,"Hasbro, Inc.",Consumer Cyclical,Leisure,Core,13.2,93.33,88.66,22.0,13.2,10.0,0.0,ok,-0.5,ok,1.92,,False,44.7,14.3,5.2,16.2,63.8,159.6,46.4,5.7,-20.3,0.136,0.165,GOOG,,126,13.2,13.0,,False
95,KLIC,"Kulicke and Soffa Industries, ",Technology,Semiconductor Equipment & Mate,Growth,4.5,86.29,106.07,16.5,18.2,10.0,0.0,ok,0.0,ok,-2.49,,False,44.7,14.6,1.3,122.6,52.6,13.2,47.7,13.1,11.9,0.388,0.471,NVDA,,126,18.2,14.0,,False
96,AFL,AFLAC Incorporated,Financial Services,Insurance - Life,Core,58.4,116.51,121.55,17.5,17.2,10.0,0.0,ok,0.0,financial_na,,,False,44.7,15.4,8.8,-1.0,50.9,16.9,18.2,2.2,-9.4,-0.186,0.254,AVGO,,126,17.2,15.0,,False
97,FISV,"Fiserv, Inc.",,,Core,27.7,52.08,51.53,15.5,19.2,10.0,0.0,ok,,unavailable,,,False,44.7,6.4,,,,,43.5,-11.7,-28.1,0.121,0.328,MSFT,,126,19.2,12.5,,False
98,FFIV,"F5, Inc.",Technology,Software - Infrastructure,Core,21.7,382.63,404.23,18.0,16.7,10.0,0.0,ok,0.0,ok,-1.47,,False,44.7,21.2,3.3,10.9,81.9,19.8,47.0,20.2,24.3,0.326,0.272,AVGO,,126,16.7,17.0,,False
99,PG,Procter & Gamble Company (The),Consumer Defensive,Household & Personal Products,Core,335.6,144.38,147.82,18.5,16.6,10.0,0.0,ok,-0.5,ok,1.01,,False,44.6,19.5,4.0,1.5,50.9,30.3,51.6,-1.6,-21.0,-0.052,0.239,GOOG,,126,16.6,17.0,,False
100,AIG,"American International Group, ",Financial Services,Insurance - Diversified,Core,39.6,75.7,77.59,17.0,17.6,10.0,0.0,ok,0.0,financial_na,,,False,44.6,8.6,18.6,0.5,35.1,7.2,30.3,-1.9,-17.0,-0.059,0.189,NVDA,,126,17.6,14.0,,False
101,ADP,"Automatic Data Processing, Inc",Technology,Software - Application,Core,110.1,277.22,263.36,20.0,14.6,10.0,0.0,ok,0.0,ok,0.2,,False,44.6,20.7,4.8,6.8,48.7,72.2,64.0,18.3,16.7,-0.04,0.308,MSFT,,126,14.6,16.0,,False
102,GS,"Goldman Sachs Group, Inc. (The",Financial Services,Capital Markets,Growth,297.5,1021.65,1053.22,21.0,15.4,10.0,-2.0,ok,0.0,financial_na,,,False,44.4,13.8,,42.5,82.1,16.9,48.9,9.7,-0.7,0.511,0.531,NVDA,,126,15.4,16.0,,False
103,ICE,Intercontinental Exchange Inc.,Financial Services,Financial Data & Stock Exchang,Core,88.3,157.24,149.38,18.5,15.9,10.0,0.0,ok,0.0,financial_na,,,False,44.4,17.9,4.1,4.8,100.0,14.1,52.8,2.0,-10.4,0.152,0.287,MSFT,,126,15.9,16.0,,False
104,TJX,"TJX Companies, Inc. (The)",Consumer Cyclical,Apparel Retail,Core,159.6,144.5,157.04,17.0,17.4,10.0,0.0,ok,0.0,ok,0.97,,False,44.4,25.1,2.7,9.2,31.4,61.3,22.3,-6.6,-20.1,-0.012,0.067,GOOG,,126,17.4,11.0,,False
105,HON,Honeywell International Inc.,Industrials,Conglomerates,Core,70.3,221.73,235.62,18.5,18.4,10.0,0.0,ok,-2.5,ok,3.03,,False,44.4,22.1,3.7,4.3,36.5,46.6,31.8,0.5,-19.7,0.037,0.21,MSFT,,126,18.4,14.0,,False
106,AMP,"Ameriprise Financial, Inc.",Financial Services,Asset Management,Core,49.4,559.78,531.79,22.0,12.3,10.0,0.0,ok,0.0,financial_na,,,False,44.3,10.9,5.9,11.6,54.9,63.4,63.6,16.6,6.2,0.276,0.293,MSFT,,126,12.3,15.0,,False
107,MCO,Moody's Corporation,Financial Services,Financial Data & Stock Exchang,Core,86.1,497.03,476.18,20.5,13.8,10.0,0.0,ok,0.0,financial_na,,,False,44.3,26.3,3.0,15.1,75.0,76.9,60.5,5.6,-1.6,0.183,0.358,MSFT,,126,13.8,16.0,,False
108,PATH,"UiPath, Inc.",Technology,Software - Infrastructure,Speculative,8.2,15.78,14.99,20.5,13.8,10.0,0.0,ok,0.0,ok,-9.9,,False,44.3,17.4,6.3,17.3,83.0,18.2,74.0,24.0,28.0,0.261,0.429,MSFT,,126,13.8,17.0,,False
109,WDAY,"Workday, Inc.",Technology,Software - Application,Core,49.0,198.42,188.5,20.5,13.8,10.0,0.0,ok,0.0,ok,-0.36,,False,44.3,15.7,6.4,13.5,75.8,10.9,72.0,22.4,29.0,0.145,0.428,MSFT,,126,13.8,17.0,,False
110,ORCL,Oracle Corporation,Technology,Software - Infrastructure,Core,414.2,143.81,147.8,17.5,13.3,19.0,-2.0,ok,-3.5,ok,4.44,,False,44.3,13.2,-5.9,20.6,65.8,53.4,63.8,-17.2,-20.6,0.612,0.537,MSFT,,126,13.3,19.0,,False
111,FDS,FactSet Research Systems Inc.,Financial Services,Financial Data & Stock Exchang,Core,10.6,298.1,283.2,20.0,14.2,10.0,0.0,ok,0.0,financial_na,,,False,44.2,15.1,5.9,6.4,51.4,27.0,72.5,20.8,37.9,0.022,0.343,MSFT,,126,14.2,15.0,,False
112,ODFL,"Old Dominion Freight Line, Inc",Industrials,Trucking,Core,42.7,205.08,222.78,18.5,15.6,10.0,0.0,ok,0.0,ok,-0.15,,False,44.1,31.0,2.3,10.4,39.6,24.8,42.2,6.3,-7.5,0.105,0.162,NVDA,,126,15.6,14.0,,False
113,CRDO,Credo Technology Group Holding,Technology,Semiconductors,Growth,43.8,234.82,241.73,20.0,14.1,10.0,0.0,ok,0.0,ok,-2.96,,False,44.1,25.7,0.6,157.0,68.0,34.4,58.8,36.2,67.0,0.394,0.5,AVGO,,126,14.1,15.0,,False
114,ROL,"Rollins, Inc.",Consumer Cyclical,Personal Services,Core,17.4,36.26,41.79,18.5,16.0,10.0,0.0,ok,-0.5,ok,1.16,,False,44.0,27.8,2.9,7.9,52.4,37.0,28.9,-32.1,-52.8,0.023,0.225,GOOG,,126,16.0,14.0,,False
115,UHS,"Universal Health Services, Inc",Healthcare,Medical Care Facilities,Core,10.2,172.33,163.71,19.0,15.5,10.0,0.0,ok,-0.5,ok,1.9,,False,44.0,7.2,4.9,8.3,44.6,20.9,64.5,-8.8,-37.8,-0.007,0.164,GOOG,,126,15.5,16.0,,False
116,CCL,Carnival Corporation Ltd.,Consumer Cyclical,Travel Services,Core,36.6,26.69,27.89,19.0,17.5,10.0,0.0,ok,-2.5,ok,3.28,,False,44.0,10.1,5.2,5.3,55.7,26.7,42.0,-3.8,-27.6,0.4,0.44,GOOG,,126,17.5,14.0,,False
117,HSY,The Hershey Company,Consumer Defensive,Confectioners,Core,37.9,188.79,179.35,20.0,14.5,10.0,0.0,ok,-0.5,ok,1.89,,False,44.0,19.1,4.6,6.6,38.4,32.8,70.0,-0.8,-26.2,-0.211,0.347,AVGO,,126,14.5,16.0,,False
118,FIS,Fidelity National Information ,Technology,Information Technology Service,Core,21.0,40.66,41.31,22.0,15.5,10.0,0.0,ok,-3.5,ok,5.82,,False,44.0,6.1,12.7,29.1,35.8,22.3,24.0,-19.8,-29.1,0.065,0.349,MSFT,,126,15.5,15.0,,False
119,MRSH,Marsh,Financial Services,Insurance Brokers,Core,90.3,189.2,179.74,19.0,14.9,10.0,0.0,ok,0.0,financial_na,,,False,43.9,16.6,5.3,6.2,44.0,25.9,45.0,7.2,-6.4,-0.176,0.398,AVGO,,126,14.9,15.0,,False
120,PEP,"Pepsico, Inc.",Consumer Defensive,Beverages - Non-Alcoholic,Core,194.8,142.58,140.08,20.0,15.4,10.0,0.0,ok,-1.5,ok,2.25,,False,43.9,15.9,4.0,6.4,54.2,51.5,58.7,-3.8,-25.4,-0.155,0.311,AVGO,,126,15.4,17.0,,False
121,CMG,"Chipotle Mexican Grill, Inc.",Consumer Cyclical,Restaurants,Core,43.9,34.66,33.47,18.5,16.9,10.0,0.0,ok,-1.5,ok,2.08,,False,43.9,25.3,2.5,9.3,39.4,49.6,33.8,0.5,-21.5,0.204,0.363,MSFT,,126,16.9,11.0,,False
122,UPS,"United Parcel Service, Inc.",Industrials,Integrated Freight & Logistics,Core,87.5,102.86,108.53,18.5,15.9,10.0,0.0,ok,-0.5,ok,2.0,,False,43.9,12.7,6.4,7.6,22.4,29.6,44.1,0.2,-22.2,0.134,0.167,GOOG,,126,15.9,14.0,,False
123,UNH,UnitedHealth Group Incorporate,Healthcare,Healthcare Plans,Core,348.8,388.61,414.7,15.5,18.8,10.0,0.0,ok,-0.5,ok,1.57,,False,43.8,17.3,7.0,0.4,19.7,14.2,25.4,12.3,22.3,0.093,0.113,MSFT,,126,18.8,15.0,,False
124,NOW,"ServiceNow, Inc.",Technology,Software - Application,Core,131.5,127.2,120.84,18.0,16.3,10.0,0.0,ok,-0.5,ok,1.31,,False,43.8,25.4,3.9,24.0,74.8,14.2,69.8,5.3,5.7,0.272,0.512,MSFT,,126,16.3,17.0,,False
125,MU,"Micron Technology, Inc.",Technology,Semiconductors,Growth,1058.4,937.1,962.32,20.0,13.8,10.0,0.0,ok,0.0,ok,-0.29,,False,43.8,6.1,0.7,345.7,72.6,66.6,58.2,66.3,111.9,0.405,0.508,AVGO,,126,13.8,15.0,,False
126,CPAY,"Corpay, Inc.",Technology,Software - Infrastructure,Core,26.7,407.08,386.73,23.0,12.2,10.0,0.0,ok,-1.5,ok,2.7,,False,43.7,13.0,7.3,21.5,80.5,29.2,60.0,23.8,4.5,0.22,0.262,MSFT,,126,12.2,17.0,,False
127,CL,Colgate-Palmolive Company,Consumer Defensive,Household & Personal Products,Core,72.4,90.87,91.71,21.0,13.2,10.0,0.0,ok,-0.5,ok,1.29,,False,43.7,22.1,4.8,4.9,60.4,267.4,46.9,5.0,-15.5,-0.106,0.238,AVGO,,126,13.2,18.0,,False
128,EQT,EQT Corporation,Energy,Oil & Gas E&P,Cyclical,33.6,53.64,51.93,18.5,15.2,10.0,0.0,ok,0.0,ok,0.79,,False,43.7,13.6,7.3,-3.9,80.7,11.1,55.1,-4.5,-22.8,-0.052,0.096,AVGO,,126,15.2,14.0,,False
129,KEY,KeyCorp,Financial Services,Banks - Regional,Core,23.7,22.1,22.9,17.5,16.2,10.0,0.0,ok,0.0,financial_na,,,False,43.7,10.3,,10.1,0.0,10.3,41.3,4.9,-10.3,0.239,0.244,BMNR,,126,16.2,14.0,,False
130,BBY,"Best Buy Co., Inc.",Consumer Cyclical,Specialty Retail,Core,18.8,89.21,84.75,18.0,15.6,10.0,0.0,ok,0.0,ok,0.85,,False,43.6,12.6,6.1,1.9,22.5,39.1,53.2,26.7,23.9,0.059,0.095,BMNR,,126,15.6,11.0,,False
131,DAL,"Delta Air Lines, Inc.",Industrials,Airlines,Core,54.8,83.29,87.5,17.0,18.1,10.0,0.0,ok,-1.5,ok,2.19,,False,43.6,9.4,5.1,18.7,18.7,20.1,37.9,14.6,11.4,0.349,0.331,GOOG,,126,18.1,14.0,,False
132,FSLR,"First Solar, Inc.",Technology,Solar,Core,23.9,222.4,231.65,18.5,15.1,10.0,0.0,ok,0.0,ok,-0.64,,False,43.6,9.6,6.7,-3.7,44.0,18.5,58.1,-5.0,-17.4,0.366,0.348,AVGO,,126,15.1,14.0,,False
133,NTAP,"NetApp, Inc.",Technology,Software - Infrastructure,Core,38.2,194.48,184.76,20.5,13.1,10.0,0.0,ok,0.0,ok,-0.45,,False,43.6,19.4,3.4,12.5,70.7,106.7,67.4,54.7,79.6,0.285,0.307,AVGO,,126,13.1,17.0,,False
134,KLAC,KLA Corporation,Technology,Semiconductor Equipment & Mate,Core,244.7,187.27,341.58,18.0,15.5,10.0,0.0,ok,0.0,ok,0.21,,False,43.5,28.4,1.1,15.2,61.3,87.5,54.9,-84.5,-100.0,0.189,0.271,AVGO,,126,15.5,15.0,,False
135,AJG,Arthur J. Gallagher & Co.,Financial Services,Insurance Brokers,Growth,66.0,257.45,244.58,16.5,17.0,10.0,0.0,ok,0.0,financial_na,,,False,43.5,17.3,3.2,30.9,43.2,6.7,51.2,10.6,5.5,-0.188,0.337,AVGO,,126,17.0,15.0,,False
136,STZ,"Constellation Brands, Inc.",Consumer Defensive,Beverages - Brewers,Core,22.8,133.52,135.76,20.0,16.0,10.0,0.0,ok,-2.5,ok,3.02,,False,43.5,10.8,9.7,-3.3,52.7,23.7,55.8,-7.4,-25.8,-0.106,0.192,AVGO,,126,16.0,17.0,,False
137,XYL,Xylem Inc.,Industrials,Specialty Industrial Machinery,Core,27.1,116.21,117.62,16.0,17.4,10.0,0.0,ok,0.0,ok,0.9,,False,43.4,18.7,4.4,1.5,39.2,9.2,48.6,-8.0,-22.5,0.09,0.217,GOOG,,126,17.4,14.0,,False
138,SYF,Synchrony Financial,Financial Services,Credit Services,Core,25.9,79.62,75.75,19.5,13.9,10.0,0.0,ok,0.0,financial_na,,,False,43.4,7.6,,0.6,0.0,20.8,62.1,6.9,-2.1,0.356,0.343,BMNR,,126,13.9,16.0,,False
139,PRU,"Prudential Financial, Inc.",Financial Services,Insurance - Life,Core,42.2,122.22,116.11,18.0,15.4,10.0,0.0,ok,0.0,financial_na,,,False,43.4,8.3,17.9,14.1,29.0,12.0,48.0,14.8,6.2,0.147,0.212,BMNR,,126,15.4,14.0,,False
140,NWSA,News Corporation,Communication Services,Entertainment,Core,15.9,29.45,27.98,18.0,15.4,10.0,0.0,ok,0.0,ok,0.61,,False,43.4,19.6,6.6,10.8,57.2,8.0,61.9,13.7,13.8,0.062,0.201,AVGO,,126,15.4,14.0,,False
141,HBAN,Huntington Bancshares Incorpor,Financial Services,Banks - Regional,Growth,34.7,17.17,17.59,18.0,15.4,10.0,0.0,ok,0.0,financial_na,,,False,43.4,9.1,,47.6,0.0,9.0,51.9,2.2,-15.6,0.242,0.242,GOOG,,126,15.4,14.0,,False
142,CB,Chubb Limited,Financial Services,Insurance - Property & Casualt,Core,131.5,340.92,344.75,18.5,14.8,10.0,0.0,ok,0.0,financial_na,,,False,43.3,11.7,8.0,6.1,31.1,14.8,36.1,5.6,-8.9,-0.377,0.408,AVGO,,126,14.8,14.0,,False
143,POOL,Pool Corporation,Industrials,Industrial Distribution,Speculative,7.1,195.99,199.98,17.0,17.8,10.0,0.0,ok,-1.5,ok,2.58,,False,43.3,16.6,3.0,2.2,29.6,31.3,53.8,-9.9,-21.8,0.106,0.167,GOOG,,126,17.8,14.0,,False
144,KR,Kroger Company (The),Consumer Defensive,Grocery Stores,Core,34.5,56.27,58.42,15.5,19.3,10.0,0.0,ok,-1.5,ok,2.64,,False,43.3,10.2,8.7,2.2,24.0,13.8,38.2,-12.2,-29.1,-0.343,0.355,AVGO,,126,19.3,16.0,,False
145,PLTR,Palantir Technologies Inc.,Technology,Software - Infrastructure,Growth,421.0,175.19,166.43,20.0,13.2,10.0,0.0,ok,0.0,ok,-3.45,,False,43.2,75.7,0.5,92.8,84.8,38.1,79.5,15.4,17.1,0.464,0.413,MSFT,,126,13.2,17.0,,False
146,IBM,International Business Machine,Technology,Information Technology Service,Core,223.4,237.16,248.97,20.0,15.7,10.0,0.0,ok,-2.5,ok,3.47,,False,43.2,18.0,5.4,1.1,58.1,34.5,67.6,-10.4,-19.5,0.146,0.349,MSFT,,126,15.7,16.0,,False
147,TT,Trane Technologies plc,Industrials,Building Products & Equipment,Core,100.2,455.48,474.39,19.5,13.7,10.0,0.0,ok,0.0,ok,0.77,,False,43.2,26.1,3.1,10.6,35.4,36.6,57.8,2.9,-14.3,0.275,0.417,NVDA,,126,13.7,14.0,,False
148,KMB,Kimberly-Clark Corporation,Consumer Defensive,Household & Personal Products,Core,36.5,109.88,108.31,18.5,15.1,10.0,0.0,ok,-0.5,ok,1.6,,False,43.1,14.7,2.6,0.6,37.6,104.9,49.3,7.4,-10.4,-0.089,0.176,AVGO,,126,15.1,16.0,,False
149,BR,Broadridge Financial Solutions,Technology,Information Technology Service,Core,20.1,176.03,167.23,20.0,13.5,10.0,0.0,ok,-0.5,ok,1.72,,False,43.0,15.2,6.0,7.5,31.8,40.9,71.3,-1.6,-12.3,0.065,0.366,MSFT,,126,13.5,15.0,,False
150,ROP,"Roper Technologies, Inc.",Technology,Software - Application,Core,40.3,407.32,386.95,18.5,17.0,10.0,0.0,ok,-2.5,ok,3.38,,False,43.0,16.8,5.6,8.5,69.5,13.1,66.5,8.0,10.2,-0.087,0.273,NVDA,,126,17.0,17.0,,False
151,SPG,"Simon Property Group, Inc.",Real Estate,REIT - Retail,Core,84.7,223.18,222.77,20.5,16.0,10.0,0.0,ok,-3.5,ok,5.54,,False,43.0,33.3,3.1,19.5,81.4,120.5,34.0,12.4,0.3,-0.07,0.19,GOOG,,126,16.0,17.0,,False
152,FITB,Fifth Third Bancorp,Financial Services,Banks - Regional,Growth,49.8,54.96,56.41,18.0,14.9,10.0,0.0,ok,0.0,financial_na,,,False,42.9,11.1,,51.8,0.0,8.4,37.5,10.2,-7.9,0.144,0.179,GOOG,,126,14.9,14.0,,False
153,PFG,Principal Financial Group Inc,Financial Services,Asset Management,Core,23.9,111.64,111.57,17.5,15.4,10.0,0.0,ok,0.0,financial_na,,,False,42.9,10.8,4.4,6.4,47.3,12.9,39.9,15.5,9.5,0.204,0.249,GOOG,,126,15.4,15.0,,False
154,MMM,3M Company,Industrials,Conglomerates,Core,93.2,180.66,171.63,21.0,12.4,10.0,0.0,ok,-0.5,ok,1.21,,False,42.9,18.5,6.8,2.5,39.4,81.9,63.7,12.9,-3.3,0.089,0.234,GOOG,,126,12.4,14.0,,False
155,ACGL,Arch Capital Group Ltd.,Financial Services,Insurance - Diversified,Core,33.6,98.53,98.38,16.5,16.4,10.0,0.0,ok,0.0,financial_na,,,False,42.9,10.1,12.8,-10.5,38.8,19.9,35.9,3.2,-12.6,-0.279,0.404,AVGO,,126,16.4,14.0,,False
156,IBKR,"Interactive Brokers Group, Inc",Financial Services,Capital Markets,Core,154.3,90.54,91.56,20.0,14.9,10.0,-2.0,ok,0.0,financial_na,,,False,42.9,28.4,,26.3,93.0,24.0,50.1,17.0,9.7,0.6,0.561,BMNR,,126,14.9,16.0,,False
157,FANG,"Diamondback Energy, Inc.",Energy,Oil & Gas E&P,Growth,58.4,208.55,198.12,21.0,12.4,10.0,0.0,ok,-0.5,ok,1.03,,False,42.9,11.5,8.6,52.5,72.4,3.5,58.3,18.3,8.0,-0.236,0.274,GOOG,,126,12.4,14.0,,False
158,SNPS,"Synopsys, Inc.",Technology,Software - Infrastructure,Growth,76.8,401.24,422.69,20.0,16.4,10.0,0.0,ok,-3.5,ok,4.93,,False,42.9,23.2,4.6,41.9,82.6,3.8,66.7,-10.2,-22.1,0.443,0.368,NVDA,,126,16.4,17.0,,False
159,RMD,ResMed Inc.,Healthcare,Medical Instruments & Supplies,Core,33.3,230.65,219.12,18.5,14.3,10.0,0.0,ok,0.0,ok,-0.31,,False,42.8,17.4,2.8,8.6,61.6,24.3,68.5,0.9,-22.5,0.022,0.297,GOOG,,126,14.3,17.0,,False
160,AOS,A.O. Smith Corporation,Industrials,Specialty Industrial Machinery,Speculative,8.7,63.8,60.82,18.0,14.8,10.0,0.0,ok,0.0,ok,0.63,,False,42.8,15.6,5.6,-0.7,38.6,27.1,64.8,-2.1,-31.5,0.1,0.216,NVDA,,124,14.8,14.0,,False
161,BLK,"BlackRock, Inc.",Financial Services,Asset Management,Growth,188.3,1158.92,1100.97,20.5,12.3,10.0,0.0,ok,0.0,financial_na,,,False,42.8,18.1,4.0,30.6,47.2,12.3,68.2,10.2,-5.0,0.436,0.408,GOOG,,126,12.3,15.0,,False
162,CMI,Cummins Inc.,Industrials,Specialty Industrial Machinery,Core,83.8,608.37,661.97,16.0,16.7,10.0,0.0,ok,0.0,ok,0.87,,False,42.7,17.6,2.7,9.4,25.8,21.1,39.3,2.6,-10.5,0.334,0.456,AVGO,,126,16.7,14.0,,False
163,NKE,"Nike, Inc.",Consumer Cyclical,Footwear & Accessories,Core,60.9,41.05,42.65,16.5,16.2,10.0,0.0,ok,0.0,ok,0.41,,False,42.7,17.9,3.1,-1.1,43.2,22.1,44.4,-22.0,-49.8,0.191,0.213,MSFT,,126,16.2,12.0,,False
164,TYL,"Tyler Technologies, Inc.",Technology,Software - Application,Core,14.2,346.88,329.54,16.0,17.2,10.0,0.0,ok,-0.5,ok,1.06,,False,42.7,22.6,4.2,8.2,47.2,9.7,61.7,-4.6,-4.2,-0.084,0.312,MSFT,,126,17.2,16.0,,False
165,GOOGL,Alphabet Inc.,Communication Services,Internet Content & Information,Core,4215.9,344.72,352.47,19.0,15.6,10.0,-2.0,ok,0.0,ok,-0.7,,False,42.6,23.4,0.5,24.2,60.9,48.7,56.1,3.7,1.2,0.56,0.995,GOOG,,126,15.6,15.0,,False
166,NWS,News Corporation,Communication Services,Entertainment,Core,18.1,33.53,31.85,17.0,15.6,10.0,0.0,ok,0.0,ok,0.61,,False,42.6,22.1,5.8,10.8,57.2,8.0,63.1,13.6,15.7,0.058,0.216,GOOG,,126,15.6,14.0,,False
167,APH,Amphenol Corporation,Technology,Electronic Components,Growth,192.4,156.04,160.79,19.0,14.1,10.0,0.0,ok,-0.5,ok,1.42,,False,42.6,24.3,2.0,55.0,39.0,38.1,45.7,8.1,-9.3,0.365,0.434,AVGO,,126,14.1,13.0,,False
168,BF-B,Brown Forman Inc,Consumer Defensive,Beverages - Wineries & Distill,Core,13.0,28.43,27.06,18.5,14.6,10.0,0.0,ok,-0.5,ok,1.94,,False,42.6,16.7,5.7,2.0,60.5,17.8,46.5,4.9,-15.2,-0.134,0.173,AVGO,,126,14.6,18.0,,False
169,CME,CME Group Inc.,Financial Services,Financial Data & Stock Exchang,Core,96.0,266.94,253.59,17.0,15.6,10.0,0.0,ok,0.0,financial_na,,,False,42.6,20.6,3.0,0.8,100.0,15.8,49.6,-3.1,-22.8,-0.148,0.306,AVGO,,126,15.6,16.0,,False
170,ADI,"Analog Devices, Inc.",Technology,Semiconductors,Growth,181.8,373.26,389.69,17.5,15.0,10.0,0.0,ok,0.0,ok,0.86,,False,42.5,24.8,2.1,37.2,64.5,9.6,54.2,9.8,-4.3,0.347,0.507,AVGO,,126,15.0,15.0,,False
171,BKNG,Booking Holdings Inc. Common S,Consumer Cyclical,Travel Services,Core,160.0,213.0,202.35,18.0,14.5,10.0,0.0,ok,0.0,ok,0.36,,False,42.5,17.2,4.8,8.1,87.2,,73.4,14.9,20.4,0.162,0.196,MSFT,,126,14.5,15.0,,False
172,DOC,"Healthpeak Properties, Inc.",Real Estate,REIT - Healthcare Facilities,Core,14.7,20.76,21.35,18.0,18.0,10.0,0.0,ok,-3.5,ok,5.53,,False,42.5,,11.2,11.1,57.6,3.0,31.4,14.4,11.0,0.031,0.16,NVDA,,126,18.0,16.0,,False
173,JPM,JP Morgan Chase & Co.,Financial Services,Banks - Diversified,Growth,949.7,357.26,342.32,19.0,13.5,10.0,0.0,ok,0.0,financial_na,,,False,42.5,14.3,,30.4,0.0,17.8,59.8,13.6,3.8,0.199,0.238,BMNR,,126,13.5,14.0,,False
174,FIX,"Comfort Systems USA, Inc.",Industrials,Engineering & Construction,Core,59.7,1696.06,1788.6,17.0,15.5,10.0,0.0,ok,0.0,ok,0.12,,False,42.5,28.2,3.1,1.0,25.7,55.3,49.8,16.7,10.8,0.412,0.43,AVGO,,126,15.5,14.0,,False
175,LLY,Eli Lilly and Company,Healthcare,Drug Manufacturers - General,Growth,1141.7,1280.34,1216.32,20.0,12.9,10.0,0.0,ok,-0.5,ok,1.1,,False,42.4,27.1,1.0,47.7,83.4,102.3,69.0,22.2,12.6,-0.09,0.177,MSFT,,126,12.9,17.0,,False
176,PNC,"PNC Financial Services Group, ",Financial Services,Banks - Regional,Core,98.3,246.46,247.7,18.5,13.9,10.0,0.0,ok,0.0,financial_na,,,False,42.4,11.5,,23.6,0.0,12.6,45.8,12.1,-4.9,0.124,0.194,GOOG,,126,13.9,14.0,,False
177,NDAQ,"Nasdaq, Inc.",Financial Services,Financial Data & Stock Exchang,Core,53.9,96.35,91.53,18.0,14.3,10.0,0.0,ok,0.0,financial_na,,,False,42.3,20.6,3.1,14.9,100.0,16.5,57.2,7.6,6.0,0.225,0.406,MSFT,,126,14.3,16.0,,False
178,SNA,Snap-On Incorporated,Industrials,Tools & Accessories,Core,20.4,393.93,402.23,17.5,14.8,10.0,0.0,ok,0.0,ok,-0.24,,False,42.3,18.5,5.4,4.2,51.8,17.9,31.7,5.8,-9.5,0.123,0.261,GOOG,,126,14.8,15.0,,False
179,FICO,Fair Isaac Corporation,Technology,Software - Application,Core,25.1,1161.59,1175.65,18.5,17.3,10.0,0.0,ok,-3.5,ok,4.23,,False,42.3,21.9,3.1,25.7,85.1,,52.5,-13.3,-26.9,-0.118,0.209,AVGO,,126,17.3,17.0,,False
180,PAYX,"Paychex, Inc.",Technology,Software - Application,Core,43.6,122.5,116.38,18.5,15.3,10.0,0.0,ok,-1.5,ok,2.17,,False,42.3,19.2,,12.5,67.2,,63.6,20.0,21.6,-0.033,0.305,MSFT,,126,15.3,17.0,,False
181,TMUS,"T-Mobile US, Inc.",Communication Services,Telecom Services,Core,195.6,182.36,181.75,18.5,16.2,10.0,0.0,ok,-2.5,ok,3.42,,False,42.2,12.6,5.8,7.9,63.1,18.0,63.4,-6.8,-27.6,-0.144,0.201,NVDA,,126,16.2,17.0,,False
182,WYNN,"Wynn Resorts, Limited",Consumer Cyclical,Resorts & Casinos,Core,10.3,100.1,100.3,18.0,17.7,10.0,0.0,ok,-3.5,ok,5.66,,False,42.2,19.4,4.6,6.9,68.3,,48.1,-7.8,-25.6,0.276,0.199,MSFT,,126,17.7,13.0,,False
183,MCD,McDonald's Corporation,Consumer Cyclical,Restaurants,Core,189.3,267.45,273.02,16.5,18.2,10.0,0.0,ok,-2.5,ok,3.6,,False,42.2,19.1,3.3,3.7,57.4,,48.6,-10.0,-30.5,-0.053,0.204,NVDA,,126,18.2,12.0,,False
184,ESTC,Elastic N.V.,Technology,Software - Application,Speculative,9.1,87.34,82.97,21.0,11.2,10.0,0.0,ok,0.0,neg_ebitda_low_debt,,,False,42.2,22.5,5.1,16.0,76.2,33.4,85.8,36.6,28.0,0.343,0.495,MSFT,,126,11.2,17.0,,False
185,EXE,Expand Energy Corporation,Energy,Oil & Gas E&P,Cyclical,22.2,96.03,91.23,16.5,15.7,10.0,0.0,ok,0.0,ok,0.46,,False,42.2,10.7,6.6,-10.6,47.1,14.9,59.2,-5.2,-19.2,-0.055,0.125,AVGO,,126,15.7,13.0,,False
186,L,Loews Corporation,Financial Services,Insurance - Property & Casualt,Core,22.7,111.19,113.46,16.0,16.2,10.0,0.0,ok,0.0,financial_na,,,False,42.2,38.3,5.6,3.9,36.3,9.3,12.5,2.6,-10.1,-0.151,0.201,AVGO,,126,16.2,14.0,,False
187,VLTO,Veralto Corp,Industrials,Pollution & Treatment Controls,Core,24.4,100.1,95.09,19.5,13.2,10.0,0.0,ok,-0.5,ok,1.06,,False,42.2,20.9,3.3,7.5,60.2,34.3,68.3,7.2,-6.1,-0.041,0.136,AVGO,,126,13.2,16.0,,False
188,GE,GE Aerospace,Industrials,Aerospace & Defense,Core,369.6,356.23,358.89,18.0,14.1,10.0,0.0,ok,0.0,ok,0.9,,False,42.1,39.3,1.8,21.1,31.1,48.2,50.7,11.7,-6.2,0.254,0.382,GOOG,,126,14.1,14.0,,False
189,LHX,"L3Harris Technologies, Inc.",Industrials,Aerospace & Defense,Growth,51.6,277.11,291.66,16.5,18.1,10.0,0.0,ok,-2.5,ok,3.23,,False,42.1,20.6,,190.0,30.4,,54.8,-12.1,-35.2,-0.142,0.18,MSFT,,126,18.1,14.0,,False
190,NVR,"NVR, Inc.",Consumer Cyclical,Residential Construction,Core,17.2,6418.86,6440.93,16.5,15.6,10.0,0.0,ok,0.0,ok,-0.0,,False,42.1,15.6,5.3,-10.9,21.8,31.5,55.2,-6.4,-27.5,0.011,0.162,GOOG,,126,15.6,11.0,,False
191,DOV,Dover Corporation,Industrials,Specialty Industrial Machinery,Core,27.3,202.38,213.25,16.0,16.1,10.0,0.0,ok,0.0,ok,0.79,,False,42.1,17.4,3.3,6.9,40.1,14.9,45.0,-3.1,-25.5,0.239,0.268,GOOG,,126,16.1,15.0,,False
192,COF,Capital One Financial Corporat,Financial Services,Credit Services,Growth,135.4,220.73,209.69,18.0,14.0,10.0,0.0,ok,0.0,financial_na,,,False,42.0,9.2,,1111.0,0.0,9.0,65.4,6.5,-5.1,0.353,0.32,BMNR,,126,14.0,16.0,,False
193,TRMB,Trimble Inc.,Technology,Scientific & Technical Instrum,Core,13.8,59.25,56.29,17.0,15.5,10.0,0.0,ok,-0.5,ok,1.41,,False,42.0,14.4,5.0,11.0,71.8,-1.9,56.9,-10.2,-24.8,0.328,0.349,MSFT,,126,15.5,15.0,,False
194,TTWO,"Take-Two Interactive Software,",Communication Services,Electronic Gaming & Multimedia,Core,44.3,237.04,239.41,13.5,19.0,10.0,0.0,ok,-0.5,ok,1.46,,False,42.0,23.0,2.8,2.0,57.1,-9.0,42.4,3.6,5.0,0.299,0.336,MSFT,,126,19.0,14.0,,False
195,CIEN,Ciena Corporation,Technology,Communication Equipment,Growth,56.5,399.47,423.26,15.5,16.5,10.0,0.0,ok,0.0,ok,0.48,,False,42.0,41.4,1.2,39.5,43.0,15.5,56.5,9.0,12.7,0.334,0.508,AVGO,,126,16.5,14.0,,False
196,EFX,"Equifax, Inc.",Industrials,Consulting Services,Core,22.6,192.1,182.5,18.5,15.0,10.0,0.0,ok,-1.5,ok,2.75,,False,42.0,18.9,4.2,10.6,55.5,14.3,66.1,1.8,-14.1,0.035,0.226,MSFT,,126,15.0,17.0,,False
197,EME,"EMCOR Group, Inc.",Industrials,Engineering & Construction,Core,35.5,805.78,798.23,18.0,14.0,10.0,0.0,ok,0.0,ok,-0.19,,False,42.0,21.9,2.8,19.8,19.4,40.3,51.0,7.1,-12.4,0.476,0.431,NVDA,,126,14.0,14.0,,False
198,ARES,Ares Management Corporation,Financial Services,Asset Management,Core,47.2,143.1,135.95,17.5,14.5,10.0,0.0,ok,0.0,financial_na,,,False,42.0,19.9,4.6,5.8,37.4,14.9,68.6,7.8,-1.0,0.379,0.32,BMNR,,126,14.5,14.0,,False
199,WFC,Wells Fargo & Company,Financial Services,Banks - Diversified,Core,259.9,85.94,85.96,16.5,15.5,10.0,0.0,ok,0.0,financial_na,,,False,42.0,10.9,,9.5,0.0,12.6,52.1,1.7,-14.1,0.142,0.183,BMNR,,126,15.5,14.0,,False
200,KKR,KKR & Co. Inc.,Financial Services,Asset Management,Core,102.0,110.46,104.94,15.5,16.4,10.0,0.0,ok,0.0,financial_na,,,False,41.9,14.9,,7.8,54.8,7.3,62.9,4.1,-3.9,0.36,0.322,BMNR,,126,16.4,15.0,,False
201,RJF,"Raymond James Financial, Inc.",Financial Services,Asset Management,Core,34.2,177.93,169.03,19.0,12.9,10.0,0.0,ok,0.0,financial_na,,,False,41.9,12.5,,15.1,93.2,18.4,58.5,11.9,0.3,0.302,0.284,GOOG,,126,12.9,16.0,,False
202,SYK,Stryker Corporation,Healthcare,Medical Devices,Core,130.4,339.98,325.91,17.0,15.4,10.0,0.0,ok,-0.5,ok,1.62,,False,41.9,20.3,3.1,9.4,65.6,16.5,45.0,-0.0,-21.3,-0.066,0.237,AVGO,,126,15.4,17.0,,False
203,JKHY,"Jack Henry & Associates, Inc.",Technology,Information Technology Service,Core,11.6,163.06,154.91,17.5,14.4,10.0,0.0,ok,0.0,ok,0.16,,False,41.9,21.1,3.2,8.7,44.1,24.9,62.6,2.5,-11.2,-0.019,0.277,MSFT,,126,14.4,16.0,,False
204,WTW,Willis Towers Watson Public Li,Financial Services,Insurance Brokers,Core,31.2,335.46,318.69,17.5,14.4,10.0,0.0,ok,0.0,financial_na,,,False,41.9,14.7,4.5,9.1,42.5,19.8,49.3,12.5,-0.9,0.024,0.457,MSFT,,126,14.4,15.0,,False
205,ALB,Albemarle Corporation,Basic Materials,Specialty Chemicals,Growth,15.8,134.28,133.19,19.0,12.8,10.0,0.0,ok,0.0,ok,0.25,,False,41.8,11.7,8.4,31.1,24.0,2.6,74.8,-13.0,-32.8,0.26,0.251,BMNR,,126,12.8,11.0,,False
206,GRMN,Garmin Ltd.,Technology,Scientific & Technical Instrum,Core,57.0,295.67,280.89,17.0,14.8,10.0,0.0,ok,0.0,ok,-1.06,,False,41.8,26.9,1.8,11.4,60.1,21.9,48.3,27.0,11.0,0.182,0.187,GOOG,,126,14.8,15.0,,False
207,AMD,"Advanced Micro Devices, Inc.",Technology,Semiconductors,Growth,761.4,466.42,509.94,16.5,15.3,10.0,0.0,ok,0.0,ok,-0.92,,False,41.8,30.2,1.2,50.1,55.7,10.2,45.4,42.3,116.6,0.484,0.528,AVGO,,126,15.3,14.0,,False
208,INTU,Intuit Inc.,Technology,Software - Application,Core,99.1,362.47,344.35,21.0,10.8,10.0,0.0,ok,0.0,ok,0.02,,False,41.8,13.3,5.3,10.4,80.8,22.5,71.8,-18.4,-17.5,0.12,0.352,MSFT,,126,10.8,17.0,,False
209,VEEV,Veeva Systems Inc.,Healthcare,Health Information Services,Core,40.8,251.0,238.45,18.0,13.8,10.0,0.0,ok,0.0,ok,-7.03,,False,41.8,25.0,3.1,16.3,75.0,13.9,81.7,25.4,24.7,0.219,0.452,MSFT,,126,13.8,19.0,,False
210,ACN,Accenture plc,Technology,Information Technology Service,Core,112.1,183.17,174.01,18.5,13.2,10.0,0.0,ok,0.0,ok,-0.14,,False,41.7,12.5,10.8,5.6,32.0,24.4,74.5,-10.8,-26.8,-0.028,0.278,MSFT,,126,13.2,15.0,,False
211,CVX,Chevron Corporation,Energy,Oil & Gas Integrated,Growth,403.6,205.76,195.47,20.5,11.2,10.0,0.0,ok,0.0,ok,0.56,,False,41.7,15.6,5.4,53.5,44.3,12.2,66.9,16.0,-1.4,-0.34,0.345,NVDA,,126,11.2,13.0,,False
212,JBL,Jabil Inc.,Technology,Electronic Components,Core,33.8,322.77,342.97,16.5,15.7,10.0,0.0,ok,-0.5,ok,1.08,,False,41.7,19.2,3.6,11.8,9.2,65.9,55.0,12.4,10.3,0.466,0.542,AVGO,,126,15.7,13.0,,False
213,MAS,Masco Corporation,Industrials,Building Products & Equipment,Core,14.8,75.25,76.53,20.0,12.2,10.0,0.0,ok,-0.5,ok,1.95,,False,41.7,16.1,6.0,-2.9,37.2,5862.5,58.2,9.3,-12.1,0.263,0.29,BMNR,,126,12.2,14.0,,False
214,CVNA,Carvana Co.,Consumer Cyclical,Auto & Truck Dealerships,Growth,104.8,70.44,67.24,16.0,16.2,10.0,0.0,ok,-0.5,ok,1.02,,False,41.7,31.2,0.4,52.4,19.4,58.8,62.2,-2.7,-6.9,0.352,0.382,GOOG,,126,16.2,11.0,,False
215,HST,"Host Hotels & Resorts, Inc.",Real Estate,REIT - Hotel & Motel,Core,16.1,23.15,24.05,17.0,16.2,10.0,0.0,ok,-1.5,ok,2.18,,False,41.7,22.0,10.5,3.6,29.2,15.6,27.5,13.2,3.8,0.128,0.26,GOOG,,126,16.2,15.0,,False
216,USB,U.S. Bancorp,Financial Services,Banks - Regional,Core,97.9,62.82,62.12,17.5,14.2,10.0,0.0,ok,0.0,financial_na,,,False,41.7,10.8,,10.4,0.0,12.6,49.3,13.3,-3.1,0.174,0.216,GOOG,,126,14.2,14.0,,False
217,CAT,"Caterpillar, Inc.",Industrials,Farm & Heavy Construction Mach,Core,375.2,816.15,908.1,18.0,15.1,10.0,0.0,ok,-1.5,ok,2.41,,False,41.6,25.3,1.3,24.0,29.7,57.0,51.6,7.7,-5.2,0.298,0.463,AVGO,,126,15.1,14.0,,False
218,BMY,Bristol-Myers Squibb Company,Healthcare,Drug Manufacturers - General,Core,138.1,67.61,64.23,21.0,11.1,10.0,0.0,ok,-0.5,ok,1.8,,False,41.6,10.3,5.9,5.7,71.7,46.6,62.1,19.6,0.5,-0.025,0.232,AVGO,,126,11.1,17.0,,False
219,C,"Citigroup, Inc.",Financial Services,Banks - Diversified,Core,222.9,132.89,137.22,16.0,15.6,10.0,0.0,ok,0.0,financial_na,,,False,41.6,10.3,,15.5,0.0,8.5,51.4,10.1,2.8,0.404,0.35,BMNR,,126,15.6,14.0,,False
220,APA,APA Corporation,Energy,Oil & Gas E&P,Cyclical,15.2,43.45,41.28,21.0,10.6,10.0,0.0,ok,0.0,ok,0.6,,False,41.6,10.2,14.1,9.2,78.3,26.7,74.5,34.8,37.7,-0.348,0.333,NVDA,,126,10.6,14.0,,False
221,VST,Vistra Corp.,Utilities,Utilities - Independent Power ,Core,47.9,142.7,153.54,15.0,19.0,10.0,0.0,ok,-2.5,ok,3.02,,False,41.5,13.8,0.1,-5.5,38.3,43.0,43.1,-10.9,-29.9,0.271,0.267,AVGO,,126,19.0,18.0,,False
222,DDOG,"Datadog, Inc.",Technology,Software - Application,Growth,83.9,233.52,249.16,15.0,16.5,10.0,0.0,ok,0.0,ok,-44.73,,False,41.5,78.7,1.3,35.6,79.5,4.7,39.5,34.6,80.9,0.247,0.331,MSFT,,126,16.5,17.0,,False
223,SCHW,Charles Schwab Corporation (Th,Financial Services,Capital Markets,Core,191.7,110.88,105.34,21.5,10.0,10.0,0.0,ok,0.0,financial_na,,,False,41.5,14.2,,20.9,97.5,20.3,80.9,15.3,5.8,0.118,0.206,MSFT,,126,10.0,16.0,,False
224,CI,The Cigna Group,Healthcare,Healthcare Plans,Core,73.3,277.45,285.46,15.5,16.5,10.0,0.0,ok,-0.5,ok,1.93,,False,41.5,8.3,10.9,6.7,9.1,16.8,42.0,-0.1,-15.2,-0.162,0.271,AVGO,,126,16.5,15.0,,False
225,CDW,CDW Corporation,Technology,Information Technology Service,Core,17.2,137.2,136.19,15.5,18.5,10.0,0.0,ok,-2.5,ok,3.02,,False,41.5,11.5,3.9,10.0,21.4,44.0,41.3,4.3,-1.7,0.126,0.207,MSFT,,126,18.5,15.0,,False
226,CFG,"Citizens Financial Group, Inc.",Financial Services,Banks - Regional,Core,29.8,70.76,70.9,16.0,15.4,10.0,0.0,ok,0.0,financial_na,,,False,41.4,10.8,,14.7,0.0,8.3,45.0,13.2,-2.4,0.204,0.219,BMNR,,126,15.4,14.0,,False
227,UAL,"United Airlines Holdings, Inc.",Industrials,Airlines,Core,37.6,115.78,123.28,17.0,15.9,10.0,0.0,ok,-1.5,ok,2.4,,False,41.4,7.5,2.4,16.0,31.8,23.3,40.0,7.9,-7.5,0.37,0.32,GOOG,,126,15.9,14.0,,False
228,CTVA,"Corteva, Inc.",Basic Materials,Agricultural Inputs,Cyclical,52.4,78.57,81.62,15.0,16.4,10.0,0.0,ok,0.0,ok,0.59,,False,41.4,19.1,4.6,-1.2,49.5,4.3,27.0,3.3,-10.5,-0.211,0.258,MSFT,,126,16.4,12.0,,False
229,EPAM,"EPAM Systems, Inc.",Technology,Information Technology Service,Speculative,5.5,107.37,102.0,17.0,14.4,10.0,0.0,ok,0.0,ok,-0.85,,False,41.4,7.6,11.7,4.5,29.5,11.2,53.9,-24.3,-35.6,-0.01,0.207,NVDA,,126,14.4,15.0,,False
230,NUE,Nucor Corporation,Basic Materials,Steel,Cyclical,56.4,248.74,248.56,14.0,17.4,10.0,0.0,ok,0.0,ok,0.78,,False,41.4,13.0,1.2,23.0,15.6,14.5,42.8,24.8,25.9,0.183,0.25,AVGO,,126,17.4,11.0,,False
231,ALLE,Allegion plc,Industrials,Security & Protection Services,Core,13.8,162.76,154.62,19.5,12.3,10.0,0.0,ok,-0.5,ok,1.81,,False,41.3,16.7,3.5,12.7,44.8,33.7,59.4,7.6,-11.4,0.046,0.115,NVDA,,126,12.3,17.0,,False
232,MTB,M&T Bank Corporation,Financial Services,Banks - Regional,Core,35.3,244.55,242.53,16.5,14.8,10.0,0.0,ok,0.0,financial_na,,,False,41.3,11.6,,6.2,0.0,10.7,45.0,12.8,-5.3,0.111,0.198,GOOG,,126,14.8,14.0,,False
233,NTRS,Northern Trust Corporation,Financial Services,Asset Management,Growth,33.9,185.4,180.85,17.5,13.8,10.0,0.0,ok,0.0,financial_na,,,False,41.3,14.6,,36.4,0.0,17.1,58.0,19.9,15.8,0.285,0.254,NVDA,,126,13.8,14.0,,False
234,MGM,MGM Resorts International,Consumer Cyclical,Resorts & Casinos,Core,11.1,43.22,46.15,18.5,17.7,10.0,0.0,ok,-5.0,ok,12.25,,False,41.2,20.9,7.9,1.0,44.2,18.9,32.7,10.9,5.8,0.219,0.239,MSFT,,126,17.7,12.0,,False
235,PPG,"PPG Industries, Inc.",Basic Materials,Specialty Chemicals,Cyclical,25.3,113.92,117.25,17.5,15.2,10.0,0.0,ok,-1.5,ok,2.17,,False,41.2,13.1,4.4,7.2,41.2,19.3,53.9,3.9,-19.9,0.276,0.314,BMNR,,126,15.2,12.0,,False
236,YUM,"Yum! Brands, Inc.",Consumer Cyclical,Restaurants,Core,39.8,145.93,153.18,16.5,18.1,10.0,0.0,ok,-3.5,ok,4.15,,False,41.1,19.6,2.1,12.2,45.3,,34.1,-5.3,-23.1,-0.03,0.094,AVGO,,126,18.1,12.0,,False
237,MPC,Marathon Petroleum Corporation,Energy,Oil & Gas Refining & Marketing,Growth,101.3,360.75,342.71,21.0,10.6,10.0,0.0,ok,-0.5,ok,1.72,,False,41.1,11.2,9.1,53.7,12.8,42.1,71.2,56.4,70.9,-0.133,0.213,GOOG,,126,10.6,12.0,,False
238,DASH,"DoorDash, Inc.",Consumer Cyclical,Internet Retail,Growth,96.0,220.22,209.21,18.0,13.1,10.0,0.0,ok,0.0,ok,-1.42,,False,41.1,27.7,5.4,35.6,52.2,8.9,74.2,17.3,12.2,0.432,0.482,MSFT,,126,13.1,12.0,,False
239,AMT,American Tower Corporation (RE,Real Estate,REIT - Specialty,Core,81.3,174.49,172.58,19.5,16.6,10.0,0.0,ok,-5.0,ok,6.14,,False,41.1,24.9,3.6,4.7,73.8,33.9,50.0,-1.2,-17.4,-0.121,0.342,AVGO,,126,16.6,17.0,,False
240,TDG,Transdigm Group Incorporated,Industrials,Aerospace & Defense,Core,67.6,1222.91,1268.01,18.5,17.6,10.0,0.0,ok,-5.0,ok,6.03,,False,41.1,25.3,2.2,22.5,59.8,,43.0,-4.2,-20.8,0.177,0.335,GOOG,,126,17.6,15.0,,False
241,WM,"Waste Management, Inc.",Industrials,Waste Management,Core,90.0,225.08,227.81,17.5,15.1,10.0,0.0,ok,-1.5,ok,2.93,,False,41.1,24.7,2.6,4.0,40.6,29.8,45.9,0.7,-15.9,-0.394,0.375,NVDA,,126,15.1,15.0,,False
242,IONQ,"IonQ, Inc.",Technology,Computer Hardware,Growth,17.6,43.36,45.08,11.0,20.0,10.0,0.0,ok,0.0,neg_ebitda_low_debt,,,False,41.0,,-0.5,286.8,,-60.5,66.7,-3.7,17.0,0.484,0.442,BMNR,,126,20.0,13.0,,False
243,AIZ,"Assurant, Inc.",Financial Services,Insurance - Property & Casualt,Core,13.7,278.31,274.72,15.5,15.5,10.0,0.0,ok,0.0,financial_na,,,False,41.0,11.9,15.7,9.4,13.3,18.3,46.2,15.2,12.1,0.028,0.093,BMNR,,126,15.5,14.0,,False
244,ABNB,"Airbnb, Inc.",Consumer Cyclical,Travel Services,Core,111.6,186.39,177.07,20.5,10.5,10.0,0.0,ok,0.0,ok,-3.47,,False,41.0,30.4,2.9,16.5,82.9,34.5,77.8,37.5,35.4,0.347,0.29,BMNR,,126,10.5,15.0,,False
245,CSX,CSX Corporation,Industrials,Railroads,Core,93.9,50.68,49.21,19.5,13.0,10.0,0.0,ok,-1.5,ok,2.64,,False,41.0,22.3,2.1,10.1,47.1,24.4,55.2,20.2,9.2,-0.036,0.203,MSFT,,126,13.0,15.0,,False
246,MCHP,Microchip Technology Incorpora,Technology,Semiconductors,Growth,41.9,77.08,84.92,17.5,16.0,10.0,0.0,ok,-2.5,ok,3.4,,False,41.0,16.9,3.3,38.0,60.2,7.2,52.8,1.2,-12.3,0.396,0.498,AVGO,,126,16.0,15.0,,False
247,UDR,"UDR, Inc.",Real Estate,REIT - Residential,Core,13.8,37.51,39.02,17.5,16.9,10.0,0.0,ok,-3.5,ok,5.76,,False,40.9,67.0,5.7,-0.1,66.6,13.7,41.5,2.5,-12.1,-0.145,0.31,AVGO,,126,16.9,17.0,,False
248,OTIS,Otis Worldwide Corporation,Industrials,Specialty Industrial Machinery,Core,27.4,71.95,72.47,15.5,17.9,10.0,0.0,ok,-2.5,ok,3.04,,False,40.9,15.7,5.2,7.3,30.3,,51.2,-10.7,-35.0,0.024,0.178,GOOG,,126,17.9,14.0,,False
249,FTV,Fortive Corporation,Technology,Scientific & Technical Instrum,Core,17.8,58.9,61.14,17.0,15.4,10.0,0.0,ok,-1.5,ok,2.61,,False,40.9,18.1,5.3,7.9,63.2,7.3,52.8,2.3,-10.8,0.088,0.141,NVDA,,126,15.4,15.0,,False
250,IR,Ingersoll Rand Inc.,Industrials,Specialty Industrial Machinery,Core,31.5,81.14,81.31,14.5,16.9,10.0,0.0,ok,-0.5,ok,1.85,,False,40.9,20.7,3.5,8.5,42.8,9.5,40.7,-1.0,-28.4,0.225,0.25,GOOG,,126,16.9,15.0,,False
251,EG,"Everest Group, Ltd.",Financial Services,Insurance - Reinsurance,Core,14.0,363.93,364.23,15.0,15.9,10.0,0.0,ok,0.0,financial_na,,,False,40.9,6.1,14.8,-11.3,15.3,12.6,37.6,7.5,-6.0,-0.237,0.306,AVGO,,126,15.9,14.0,,False
252,TFC,Truist Financial Corporation,Financial Services,Banks - Regional,Core,62.3,50.97,51.3,15.0,15.8,10.0,0.0,ok,0.0,financial_na,,,False,40.8,10.2,,8.2,0.0,9.1,40.6,4.5,-13.3,0.109,0.161,GOOG,,126,15.8,14.0,,False
253,ITW,Illinois Tool Works Inc.,Industrials,Specialty Industrial Machinery,Core,81.0,284.25,276.23,18.5,12.8,10.0,0.0,ok,-0.5,ok,1.84,,False,40.8,22.9,3.0,6.1,44.2,104.6,50.9,7.8,-15.4,0.024,0.188,NVDA,,126,12.8,15.0,,False
254,EQR,Equity Residential,Real Estate,REIT - Residential,Core,24.6,63.66,67.42,17.0,17.3,10.0,0.0,ok,-3.5,ok,4.51,,False,40.8,41.1,5.8,2.1,62.3,8.0,32.1,1.2,-11.3,-0.138,0.279,AVGO,,124,17.3,17.0,,False
255,CTAS,Cintas Corporation,Industrials,Specialty Business Services,Core,81.3,203.08,192.93,16.0,14.8,10.0,0.0,ok,0.0,ok,0.81,,False,40.8,33.2,1.8,8.9,50.7,40.7,41.8,9.6,-9.9,-0.065,0.221,AVGO,,126,14.8,17.0,,False
256,FOX,Fox Corporation,Communication Services,Entertainment,Core,25.3,60.39,57.37,18.0,12.8,10.0,0.0,ok,0.0,ok,0.87,,False,40.8,10.2,2.2,28.1,36.6,14.3,75.7,6.5,5.2,-0.021,0.164,AVGO,,126,12.8,13.0,,False
257,FRT,Federal Realty Investment Trus,Real Estate,REIT - Retail,Core,10.3,117.56,122.42,18.5,15.8,10.0,0.0,ok,-3.5,ok,5.65,,False,40.8,38.1,4.4,7.2,68.1,12.6,24.0,7.7,-0.5,-0.047,0.131,AVGO,,126,15.8,17.0,,False
258,LITE,Lumentum Holdings Inc.,Technology,Communication Equipment,Growth,74.2,827.6,812.99,16.0,14.8,10.0,0.0,ok,0.0,ok,-1.3,,False,40.8,25.1,,109.3,44.6,-240.0,59.3,28.1,17.4,0.324,0.406,NVDA,,126,14.8,14.0,,False
259,LII,"Lennox International, Inc.",Industrials,Building Products & Equipment,Core,14.5,419.34,506.13,16.0,15.3,10.0,0.0,ok,-0.5,ok,1.68,,False,40.8,15.9,1.9,3.0,33.3,71.8,50.9,-16.6,-36.3,0.183,0.263,NVDA,,126,15.3,14.0,,False
260,APTV,Aptiv PLC,Consumer Cyclical,Auto Parts,Core,10.2,48.92,57.68,15.5,15.7,10.0,0.0,ok,-0.5,ok,1.52,,False,40.7,7.5,15.9,2.3,19.3,5.2,28.6,-28.6,-52.0,0.2,0.236,AVGO,,126,15.7,11.0,,False
261,UNP,Union Pacific Corporation,Industrials,Railroads,Core,179.3,301.8,286.71,20.5,11.7,10.0,0.0,ok,-1.5,ok,2.26,,False,40.7,21.3,2.6,11.5,56.3,39.7,68.8,18.4,2.6,-0.171,0.2,MSFT,,126,11.7,15.0,,False
262,AME,"AMETEK, Inc.",Industrials,Specialty Industrial Machinery,Core,55.8,243.22,239.93,17.0,13.7,10.0,0.0,ok,0.0,ok,0.73,,False,40.7,27.0,2.7,15.0,36.9,14.6,53.8,8.9,-8.1,0.263,0.353,AVGO,,126,13.7,14.0,,False
263,VLO,Valero Energy Corporation,Energy,Oil & Gas Refining & Marketing,Growth,99.7,346.26,328.95,20.0,10.6,10.0,0.0,ok,0.0,ok,0.26,,False,40.6,11.3,8.4,51.7,16.1,27.6,72.3,51.5,61.0,-0.168,0.295,GOOG,,126,10.6,12.0,,False
264,CTSH,Cognizant Technology Solutions,Technology,Information Technology Service,Core,27.4,60.93,57.88,18.5,12.1,10.0,0.0,ok,0.0,ok,0.26,,False,40.6,9.6,8.1,4.5,33.4,14.9,74.7,-3.1,-18.3,-0.009,0.304,MSFT,,126,12.1,15.0,,False
265,AVY,Avery Dennison Corporation,Consumer Cyclical,Packaging & Containers,Core,13.9,183.16,174.0,20.5,11.5,10.0,0.0,ok,-1.5,ok,2.28,,False,40.5,16.4,7.2,10.9,29.0,31.2,63.7,6.3,-17.7,0.132,0.147,MSFT,,126,11.5,11.0,,False
266,PLAB,"Photronics, Inc.",Technology,Semiconductor Equipment & Mate,Speculative,1.8,30.7,30.87,15.0,15.5,10.0,0.0,ok,0.0,ok,-2.31,,False,40.5,15.2,2.2,-0.5,33.8,13.2,55.7,-12.6,-30.3,0.337,0.415,AVGO,,126,15.5,13.0,,False
267,AVB,"AvalonBay Communities, Inc.",Real Estate,REIT - Residential,Core,26.3,184.06,188.04,17.0,17.0,10.0,0.0,ok,-3.5,ok,4.9,,False,40.5,36.8,5.4,2.3,62.7,8.5,44.5,3.1,-7.1,-0.058,0.267,AVGO,,123,17.0,17.0,,False
268,WSM,"Williams-Sonoma, Inc.",Consumer Cyclical,Specialty Retail,Core,28.5,242.31,230.97,18.5,12.0,10.0,0.0,ok,0.0,ok,0.51,,False,40.5,23.5,3.1,4.4,46.1,54.0,60.0,20.3,2.6,0.23,0.233,GOOG,,126,12.0,12.0,,False
269,EW,Edwards Lifesciences Corporati,Healthcare,Medical Devices,Core,53.2,92.28,88.87,16.5,13.8,10.0,0.0,ok,0.0,ok,-1.78,,False,40.3,27.3,2.3,13.6,77.8,9.2,69.1,9.1,4.2,0.256,0.292,GOOG,,126,13.8,17.0,,False
270,HCA,"HCA Healthcare, Inc.",Healthcare,Medical Care Facilities,Core,88.1,407.05,394.9,17.0,15.8,10.0,0.0,ok,-2.5,ok,3.2,,False,40.3,12.7,4.2,8.7,42.6,,59.6,-10.5,-35.6,0.006,0.19,GOOG,,126,15.8,16.0,,False
271,ACMR,"ACM Research, Inc.",Technology,Semiconductor Equipment & Mate,Growth,5.4,77.59,90.73,14.5,15.8,10.0,0.0,ok,0.0,ok,-6.83,,False,40.3,28.6,-3.5,36.0,43.8,11.6,48.4,27.7,6.0,0.425,0.486,AVGO,,126,15.8,14.0,,False
272,DG,Dollar General Corporation,Consumer Defensive,Discount Stores,Core,27.0,122.31,119.77,17.0,16.7,10.0,0.0,ok,-3.5,ok,4.26,,False,40.2,15.2,7.0,3.4,30.8,18.9,36.6,-1.5,-31.8,0.203,0.242,MSFT,,126,16.7,16.0,,False
273,MAA,Mid-America Apartment Communit,Real Estate,REIT - Residential,Core,15.6,131.47,135.2,17.0,16.7,10.0,0.0,ok,-3.5,ok,4.57,,False,40.2,40.1,5.9,1.0,58.4,7.0,44.6,0.4,-14.2,-0.184,0.331,AVGO,,126,16.7,16.0,,False
274,PNR,Pentair plc.,Industrials,Specialty Industrial Machinery,Core,10.5,65.59,69.97,15.5,15.1,10.0,0.0,ok,-0.5,ok,1.62,,False,40.1,12.7,5.3,-17.0,41.4,17.1,48.3,-25.6,-47.3,0.153,0.222,NVDA,,126,15.1,15.0,,False
275,BAC,Bank of America Corporation,Financial Services,Banks - Diversified,Core,441.7,63.17,60.23,17.5,12.6,10.0,0.0,ok,0.0,financial_na,,,False,40.1,11.9,,16.8,0.0,11.2,60.7,16.6,7.6,0.245,0.255,BMNR,,126,12.6,14.0,,False
276,EMR,Emerson Electric Company,Industrials,Specialty Industrial Machinery,Core,87.9,157.6,149.72,18.5,12.1,10.0,0.0,ok,-0.5,ok,1.92,,False,40.1,21.8,4.2,7.0,53.2,12.8,63.0,11.9,-8.2,0.344,0.358,NVDA,,126,12.1,15.0,,False
277,CHRW,"C.H. Robinson Worldwide, Inc.",Industrials,Integrated Freight & Logistics,Core,16.9,144.52,177.64,16.5,14.1,10.0,0.0,ok,-0.5,ok,1.95,,False,40.1,19.3,2.8,19.3,8.4,37.1,46.4,-16.3,-34.4,-0.066,0.192,MSFT,,126,14.1,14.0,,False
278,HD,"Home Depot, Inc. (The)",Consumer Cyclical,Home Improvement Retail,Core,343.3,344.3,339.48,17.0,14.6,10.0,0.0,ok,-1.5,ok,2.49,,False,40.1,21.5,3.0,4.8,33.1,128.4,58.5,-0.2,-21.2,0.144,0.271,GOOG,,126,14.6,11.0,,False
279,RF,Regions Financial Corporation,Financial Services,Banks - Regional,Core,26.1,30.59,30.57,16.5,13.6,10.0,0.0,ok,0.0,financial_na,,,False,40.1,10.8,,3.4,0.0,11.9,46.3,9.3,-8.8,0.166,0.217,GOOG,,126,13.6,14.0,,False
280,FDX,FedEx Corporation,Industrials,Integrated Freight & Logistics,Core,77.7,328.38,319.71,18.0,13.6,10.0,0.0,ok,-1.5,ok,2.48,,False,40.1,15.8,7.3,12.5,27.3,14.8,68.2,-0.1,-26.7,0.191,0.241,GOOG,,126,13.6,14.0,,False
281,CSGP,"CoStar Group, Inc.",Real Estate,Real Estate Services,Core,13.7,33.73,32.04,16.5,13.5,10.0,0.0,ok,0.0,ok,-0.28,,False,40.0,19.6,3.0,18.4,78.7,0.9,66.8,-26.5,-44.0,0.029,0.34,MSFT,,126,13.5,19.0,,False
282,MNST,Monster Beverage Corporation,Consumer Defensive,Beverages - Non-Alcoholic,Core,92.9,47.43,88.23,18.0,12.0,10.0,0.0,ok,0.0,ok,-1.13,,True,40.0,36.3,1.8,20.2,55.5,25.7,8.6,-41.1,-54.9,0.084,0.191,GOOG,,126,15.8,17.0,,False
283,DPZ,Domino's Pizza Inc,Consumer Cyclical,Restaurants,Core,11.1,336.52,324.99,15.5,18.0,10.0,0.0,ok,-3.5,ok,4.84,,False,40.0,16.1,4.8,4.3,28.7,,39.8,-8.4,-24.9,-0.027,0.208,NVDA,,126,18.0,11.0,,False
284,DLR,"Digital Realty Trust, Inc.",Real Estate,REIT - Specialty,Core,72.5,192.35,186.63,19.0,14.5,10.0,0.0,ok,-3.5,ok,5.66,,False,40.0,66.5,5.2,29.9,57.0,2.9,48.8,8.8,-3.3,0.186,0.204,NVDA,,126,14.5,16.0,,False
285,MAR,Marriott International,Consumer Cyclical,Lodging,Core,93.9,359.95,372.44,17.5,15.0,10.0,0.0,ok,-2.5,ok,3.6,,False,40.0,27.4,2.2,11.1,79.2,,39.7,5.7,-9.7,0.155,0.252,BMNR,,126,15.0,13.0,,False
286,CPRT,"Copart, Inc.",Industrials,Specialty Business Services,Core,31.3,33.85,32.16,17.0,13.0,10.0,0.0,ok,0.0,ok,-2.09,,False,40.0,20.1,3.2,2.1,47.5,17.6,77.2,-3.2,-22.8,-0.042,0.28,AVGO,,126,13.0,17.0,,False
287,DXCM,"DexCom, Inc.",Healthcare,Medical Devices,Core,33.9,89.88,85.39,20.5,9.5,10.0,0.0,ok,0.0,ok,-0.39,,False,40.0,28.8,3.0,13.1,62.5,38.5,75.5,30.3,11.6,0.202,0.272,GOOG,,126,9.5,17.0,,False
288,STLD,"Steel Dynamics, Inc.",Basic Materials,Steel,Growth,33.1,231.01,248.71,12.5,18.0,10.0,0.0,ok,-0.5,ok,1.43,,False,40.0,12.1,0.7,33.4,14.7,17.6,34.6,12.6,8.8,0.175,0.247,AVGO,,126,18.0,11.0,,False
289,KDP,Keurig Dr Pepper Inc.,Consumer Defensive,Beverages - Non-Alcoholic,Growth,42.3,31.06,31.11,20.0,15.0,10.0,0.0,ok,-5.0,ok,6.66,,False,40.0,12.3,10.9,75.6,51.0,5.1,46.3,8.5,-5.1,-0.137,0.175,AVGO,,126,15.0,17.0,,False
290,MKC,"McCormick & Company, Incorpora",Consumer Defensive,Packaged Foods,Core,15.2,56.48,53.66,20.0,12.4,10.0,0.0,ok,-2.5,ok,3.17,,False,39.9,17.1,4.7,16.7,38.9,24.7,84.1,-1.5,-29.6,-0.127,0.236,NVDA,,126,12.4,16.0,,False
291,COST,Costco Wholesale Corporation,Consumer Defensive,Discount Stores,Core,424.4,956.99,949.64,14.0,15.9,10.0,0.0,ok,0.0,ok,-0.07,,False,39.9,42.2,1.6,21.5,12.9,29.2,51.8,-0.1,-15.7,-0.25,0.347,AVGO,,126,15.9,16.0,,False
292,GLW,Corning Incorporated,Technology,Electronic Components,Core,131.3,152.46,174.92,14.5,15.9,10.0,0.0,ok,-0.5,ok,1.68,,False,39.9,35.3,0.6,16.6,36.4,16.8,58.7,9.0,4.8,0.31,0.439,NVDA,,126,15.9,13.0,,False
293,GEHC,GE HealthCare Technologies Inc,Healthcare,Medical Devices,Core,33.7,74.62,70.89,17.5,13.9,10.0,0.0,ok,-1.5,ok,2.36,,False,39.9,13.8,4.7,5.8,39.5,19.4,68.4,2.5,-22.8,0.121,0.23,GOOG,,126,13.9,15.0,,False
294,SYY,Sysco Corporation,Consumer Defensive,Food Distribution,Core,39.5,82.46,82.34,17.0,14.3,10.0,0.0,ok,-1.5,ok,2.89,,False,39.8,15.4,4.9,4.7,18.5,77.7,37.9,5.0,-20.1,-0.009,0.082,GOOG,,126,14.3,16.0,,False
295,DVN,Devon Energy Corporation,Energy,Oil & Gas E&P,Growth,53.0,48.19,45.78,17.5,12.8,10.0,0.0,ok,-0.5,ok,1.23,,False,39.8,8.9,1.5,64.2,50.3,11.5,66.2,13.3,-4.3,-0.268,0.275,GOOG,,126,12.8,13.0,,False
296,ELV,"Elevance Health, Inc.",Healthcare,Healthcare Plans,Core,86.4,398.45,395.39,16.0,13.8,10.0,0.0,ok,0.0,ok,-0.78,,False,39.8,13.4,5.0,1.4,26.0,11.1,65.9,12.8,2.4,0.051,0.128,GOOG,,126,13.8,15.0,,False
297,KVUE,Kenvue Inc.,Consumer Defensive,Household & Personal Products,Core,36.7,19.13,18.98,17.5,13.8,10.0,0.0,ok,-1.5,ok,2.16,,False,39.8,15.5,5.2,3.0,58.4,15.6,46.7,8.8,-9.0,-0.11,0.206,AVGO,,126,13.8,17.0,,False
298,PHM,"PulteGroup, Inc.",Consumer Cyclical,Residential Construction,Core,24.9,130.68,128.47,15.0,14.8,10.0,0.0,ok,0.0,ok,0.42,,False,39.8,11.6,4.3,-9.6,25.6,14.9,52.8,4.9,-18.9,0.114,0.201,GOOG,,126,14.8,11.0,,False
299,CCI,Crown Castle Inc.,Real Estate,REIT - Specialty,Core,32.6,74.65,79.07,15.5,19.3,10.0,0.0,ok,-5.0,ok,8.31,,False,39.8,25.7,3.2,-4.9,73.7,,43.4,-12.2,-25.3,-0.098,0.33,AVGO,,126,19.3,17.0,,False
300,STE,STERIS plc (Ireland),Healthcare,Medical Devices,Core,23.1,236.91,225.06,16.0,13.8,10.0,0.0,ok,0.0,ok,0.95,,False,39.8,19.3,3.5,7.3,44.4,11.4,59.0,1.3,-18.4,0.054,0.162,GOOG,,126,13.8,16.0,,False
301,CRH,CRH PLC,Basic Materials,Building Materials,Cyclical,63.0,94.74,103.19,16.0,15.3,10.0,0.0,ok,-1.5,ok,2.17,,False,39.8,14.3,3.2,5.6,36.2,15.8,47.1,-15.6,-36.7,0.241,0.316,GOOG,,126,15.3,11.0,,False
302,DD,"DuPont de Nemours, Inc.",Basic Materials,Specialty Chemicals,Cyclical,18.9,139.68,132.7,15.5,14.3,10.0,0.0,ok,0.0,ok,0.91,,False,39.8,17.5,9.7,4.0,35.1,1.8,51.3,119.9,167.5,-0.046,0.097,BMNR,,126,14.3,11.0,,False
303,VMC,Vulcan Materials Company (Hold,Basic Materials,Building Materials,Cyclical,35.8,276.3,288.4,14.5,16.7,10.0,0.0,ok,-1.5,ok,2.03,,False,39.7,25.6,2.4,2.5,27.5,13.2,54.1,-4.5,-21.3,0.053,0.221,GOOG,,126,16.7,11.0,,False
304,REG,Regency Centers Corporation,Real Estate,REIT - Retail,Core,14.3,76.4,79.5,17.0,16.2,10.0,0.0,ok,-3.5,ok,4.62,,False,39.7,30.3,5.2,8.9,71.5,8.2,21.6,1.7,-11.0,-0.149,0.249,AVGO,,126,16.2,17.0,,False
305,PM,Philip Morris International In,Consumer Defensive,Tobacco,Core,296.0,189.93,185.67,17.5,13.6,10.0,0.0,ok,-1.5,ok,2.39,,False,39.6,20.7,3.3,10.4,67.5,,46.4,11.0,-8.3,-0.114,0.162,AVGO,,126,13.6,18.0,,False
306,NEM,Newmont Corporation,Basic Materials,Gold,Cyclical,131.8,125.08,118.83,22.0,7.6,10.0,0.0,ok,0.0,ok,-0.2,,False,39.6,11.8,6.7,15.1,68.0,25.9,79.6,18.3,-12.8,0.366,0.404,BMNR,,126,7.6,13.0,,False
307,URI,"United Rentals, Inc.",Industrials,Rental & Leasing Services,Core,69.5,1117.04,1097.36,18.5,13.5,10.0,0.0,ok,-2.5,ok,3.26,,False,39.5,19.5,2.5,11.8,38.5,28.9,60.0,22.2,13.2,0.001,0.139,MSFT,,126,13.5,16.0,,False
308,COP,ConocoPhillips,Energy,Oil & Gas E&P,Growth,156.9,130.58,124.05,19.5,10.0,10.0,0.0,ok,0.0,ok,0.58,,False,39.5,13.8,4.9,35.5,47.6,14.2,70.6,19.6,5.1,-0.347,0.406,GOOG,,126,10.0,13.0,,False
309,LIN,Linde plc,Basic Materials,Specialty Chemicals,Cyclical,221.8,481.13,508.78,13.5,16.4,10.0,0.0,ok,-0.5,ok,1.67,,False,39.4,24.6,1.9,9.3,48.3,18.4,32.9,1.1,-14.3,-0.144,0.145,AVGO,,126,16.4,12.0,,False
310,PSA,Public Storage,Real Estate,REIT - Industrial,Core,60.7,325.13,322.35,18.5,12.4,10.0,0.0,ok,-1.5,ok,2.89,,False,39.4,31.9,3.8,3.3,74.4,21.9,63.1,10.7,-2.7,-0.03,0.22,GOOG,,126,12.4,17.0,,False
311,CVS,CVS Health Corporation,Healthcare,Healthcare Plans,Core,119.8,93.65,102.18,14.0,17.9,10.0,0.0,ok,-2.5,ok,3.74,,False,39.4,11.0,6.7,7.1,13.6,6.2,24.4,10.2,9.4,-0.085,0.156,AVGO,,126,17.9,15.0,,False
312,ONTO,Onto Innovation Inc.,Technology,Semiconductor Equipment & Mate,Growth,18.3,299.5,303.67,14.0,15.4,10.0,0.0,ok,0.0,ok,-1.36,,False,39.4,25.7,1.1,35.3,54.9,6.8,60.4,28.9,20.2,0.404,0.529,AVGO,,126,15.4,14.0,,False
313,BXP,"BXP, Inc.",Real Estate,REIT - Office,Core,12.2,67.22,67.79,18.0,16.3,10.0,0.0,ok,-5.0,ok,9.81,,False,39.3,32.1,7.2,3.7,56.5,5.3,32.6,6.5,-3.2,0.145,0.204,BMNR,,126,16.3,16.0,,False
314,GPN,Global Payments Inc.,Industrials,Specialty Business Services,Growth,24.3,91.74,87.15,21.0,11.8,10.0,0.0,ok,-3.5,ok,4.05,,False,39.3,5.8,,68.6,64.0,2.4,60.0,23.0,1.9,0.291,0.315,MSFT,,126,11.8,18.0,fcf_yield_out_of_range(32.4),False
315,AKAM,"Akamai Technologies, Inc.",Technology,Software - Infrastructure,Core,16.2,112.84,120.68,16.0,16.7,10.0,0.0,ok,-3.5,ok,5.54,,False,39.2,15.7,4.4,5.4,57.5,8.9,49.1,4.4,-9.8,0.216,0.263,AVGO,,126,16.7,16.0,,False
316,INVH,Invitation Homes Inc.,Real Estate,REIT - Residential,Core,17.9,30.2,29.84,19.0,13.7,10.0,0.0,ok,-3.5,ok,5.65,,False,39.2,44.5,6.5,10.1,56.3,7.1,58.2,9.4,6.3,-0.114,0.281,AVGO,,126,13.7,16.0,,False
317,MLM,"Martin Marietta Materials, Inc",Basic Materials,Building Materials,Cyclical,32.2,535.53,569.35,12.5,18.2,10.0,0.0,ok,-1.5,ok,2.93,,False,39.2,24.9,1.8,21.0,28.2,8.9,48.3,-11.6,-33.4,0.093,0.215,GOOG,,126,18.2,11.0,,False
318,CMCSA,Comcast Corporation,Communication Services,Telecom Services,Core,94.4,26.59,25.26,18.5,12.2,10.0,0.0,ok,-1.5,ok,2.43,,False,39.2,7.3,13.5,-1.2,69.4,11.5,78.2,-0.1,-27.0,-0.046,0.146,NVDA,,126,12.2,17.0,,False
319,HUBB,Hubbell Inc,Industrials,Electrical Equipment & Parts,Core,25.1,475.64,494.84,16.0,15.7,10.0,0.0,ok,-2.5,ok,3.41,,False,39.2,20.8,2.0,15.3,35.3,24.4,50.7,-1.8,-22.2,0.199,0.344,NVDA,,126,15.7,14.0,,False
320,GNRC,Generac Holdlings Inc.,Industrials,Specialty Industrial Machinery,Core,12.4,210.81,235.11,15.5,14.2,10.0,0.0,ok,-0.5,ok,1.79,,False,39.2,17.8,2.3,10.6,39.5,9.5,62.2,2.2,-20.1,0.233,0.422,AVGO,,126,14.2,14.0,,False
321,MCK,McKesson Corporation,Healthcare,Medical Distribution,Core,99.5,853.71,818.79,14.0,15.2,10.0,0.0,ok,0.0,ok,0.94,,False,39.2,16.9,6.8,7.7,3.6,,47.3,1.6,-21.6,-0.262,0.332,AVGO,,126,15.2,15.0,,False
322,SWKS,"Skyworks Solutions, Inc.",Technology,Semiconductors,Core,10.3,68.48,65.92,13.5,15.6,10.0,0.0,ok,0.0,ok,-0.13,,False,39.1,13.8,4.4,-3.1,40.7,5.1,66.7,7.5,4.3,0.272,0.344,AVGO,,126,15.6,14.0,,False
323,BMNR,BitMine Immersion Technologies,Financial Services,Capital Markets,Growth,12.2,20.24,19.23,14.0,17.1,10.0,-2.0,ok,0.0,financial_na,,,False,39.1,21.5,-4.2,2167.8,84.4,-150.9,65.0,-12.8,-11.4,0.52,0.45,NVDA,,126,17.1,16.0,,True
324,WST,"West Pharmaceutical Services, ",Healthcare,Medical Instruments & Supplies,Core,24.8,352.79,346.98,14.5,14.5,10.0,0.0,ok,0.0,ok,-0.13,,False,39.0,35.4,1.1,13.8,36.8,19.1,66.0,22.0,32.0,0.062,0.117,GOOG,,126,14.5,15.0,,False
325,PSX,Phillips 66,Energy,Oil & Gas Refining & Marketing,Growth,97.1,242.29,230.18,19.0,10.5,10.0,0.0,ok,-0.5,ok,1.66,,False,39.0,11.4,4.7,53.1,13.1,23.5,78.5,47.1,45.6,-0.173,0.258,NVDA,,126,10.5,12.0,,False
326,DHI,"D.R. Horton, Inc.",Consumer Cyclical,Residential Construction,Core,42.5,151.86,151.73,15.0,14.5,10.0,0.0,ok,-0.5,ok,1.24,,False,39.0,12.9,5.7,0.0,21.3,12.6,56.4,1.7,-19.8,0.14,0.186,GOOG,,126,14.5,11.0,,False
327,TXT,Textron Inc.,Industrials,Aerospace & Defense,Core,14.8,86.29,90.1,13.0,16.4,10.0,0.0,ok,-0.5,ok,1.65,,False,38.9,11.9,3.1,3.0,17.6,12.1,47.3,-4.1,-25.6,0.154,0.201,BMNR,,126,16.4,14.0,,False
328,HWM,Howmet Aerospace Inc.,Industrials,Aerospace & Defense,Core,113.1,283.48,277.4,18.0,11.4,10.0,0.0,ok,-0.5,ok,1.47,,False,38.9,44.2,1.1,24.1,36.0,34.7,56.4,17.1,0.1,0.251,0.343,GOOG,,126,11.4,14.0,,False
329,PLD,"Prologis, Inc.",Real Estate,REIT - Industrial,Core,137.4,141.3,143.07,16.5,15.9,10.0,0.0,ok,-3.5,ok,5.24,,False,38.9,41.5,3.9,12.3,75.5,7.7,36.3,4.1,-10.3,0.057,0.168,BMNR,,126,15.9,17.0,,False
330,ORLY,"O'Reilly Automotive, Inc.",Consumer Cyclical,Auto Parts,Core,73.8,91.2,89.03,15.5,14.9,10.0,0.0,ok,-1.5,ok,2.24,,False,38.9,25.0,2.1,8.1,51.6,,65.6,-1.6,-15.9,-0.109,0.178,NVDA,,126,14.9,12.0,,False
331,HAL,Halliburton Company,Energy,Oil & Gas Equipment & Services,Cyclical,29.2,35.02,34.35,15.5,13.8,10.0,0.0,ok,-0.5,ok,1.49,,False,38.8,12.0,7.0,3.7,15.1,14.9,69.9,2.4,-13.3,-0.061,0.092,BMNR,,126,13.8,14.0,,False
332,FOXA,Fox Corporation,Communication Services,Entertainment,Core,28.5,67.96,64.56,15.5,13.3,10.0,0.0,ok,0.0,ok,0.87,,False,38.8,11.7,1.9,28.1,36.6,14.3,76.3,7.6,8.9,-0.016,0.132,AVGO,,126,13.3,13.0,,False
333,ERIE,Erie Indemnity Company,Financial Services,Insurance Brokers,Core,14.0,267.38,254.01,16.0,12.8,10.0,0.0,ok,0.0,financial_na,,,False,38.8,19.1,3.4,2.8,17.9,24.8,74.6,5.0,-14.8,-0.214,0.338,AVGO,,126,12.8,14.0,,False
334,EA,Electronic Arts Inc.,Communication Services,Electronic Gaming & Multimedia,Core,52.9,209.7,205.27,18.0,10.7,10.0,0.0,ok,0.0,ok,-0.31,,False,38.7,21.7,3.2,18.9,79.9,16.5,80.9,3.4,-8.5,0.17,0.289,BMNR,,115,10.7,15.0,,False
335,TAP,Molson Coors Beverage Company,Consumer Defensive,Beverages - Brewers,Speculative,7.9,42.49,40.81,13.5,16.7,10.0,0.0,ok,-1.5,ok,2.56,,False,38.7,8.6,11.8,-3.3,37.0,-19.5,55.0,-3.5,-24.0,-0.188,0.259,BMNR,,126,16.7,16.0,,False
336,CHTR,"Charter Communications, Inc.",Communication Services,Telecom Services,Core,20.5,152.47,144.85,19.0,13.1,10.0,0.0,ok,-3.5,ok,4.41,,False,38.6,3.5,10.7,-1.7,55.2,27.2,58.5,-18.0,-46.9,-0.012,0.229,NVDA,,126,13.1,16.0,,False
337,SOLV,Solventum Corporation,Healthcare,Medical Instruments & Supplies,Core,14.9,87.81,83.42,18.5,13.6,10.0,0.0,ok,-3.5,ok,4.29,,False,38.6,12.2,3.3,2.2,54.8,34.0,52.5,15.2,6.5,0.097,0.254,GOOG,,126,13.6,16.0,,False
338,XOM,ExxonMobil Holdings Corporatio,Energy,Oil & Gas Integrated,Growth,677.5,164.77,156.53,17.5,11.0,10.0,0.0,ok,0.0,ok,0.47,,False,38.5,15.4,3.1,44.1,29.8,12.6,65.0,16.8,-2.9,-0.36,0.351,GOOG,,126,11.0,12.0,,False
339,PH,Parker-Hannifin Corporation,Industrials,Specialty Industrial Machinery,Core,129.0,1023.25,977.58,17.5,11.5,10.0,0.0,ok,-0.5,ok,1.44,,False,38.5,25.9,2.3,9.8,37.7,25.1,66.0,10.8,-11.5,0.141,0.331,NVDA,,126,11.5,14.0,,False
340,SBAC,SBA Communications Corporation,Real Estate,REIT - Specialty,Core,19.4,182.43,184.95,16.5,17.0,10.0,0.0,ok,-5.0,ok,8.12,,False,38.5,22.2,3.9,2.3,74.2,,50.7,-5.4,-20.1,-0.026,0.17,AVGO,,126,17.0,17.0,,False
341,JBHT,"J.B. Hunt Transport Services, ",Industrials,Integrated Freight & Logistics,Core,25.6,272.42,279.37,14.0,14.5,10.0,0.0,ok,0.0,ok,0.84,,False,38.5,26.9,3.5,19.4,18.5,18.4,52.6,17.8,8.2,0.097,0.13,NVDA,,126,14.5,14.0,,False
342,INTC,Intel Corporation,Technology,Semiconductors,Core,490.6,92.8,108.84,13.0,16.0,10.0,0.0,ok,-0.5,ok,1.24,,False,38.5,45.5,1.0,25.4,38.9,-10.7,52.1,30.7,95.2,0.417,0.493,AVGO,,126,16.0,13.0,,False
343,PSKY,Paramount Skydance Corporation,Communication Services,Entertainment,Core,11.9,10.6,10.07,14.5,17.5,10.0,0.0,ok,-3.5,ok,4.4,,False,38.5,12.3,,0.9,33.3,-0.9,50.0,-5.8,-15.4,0.074,0.106,MSFT,,126,17.5,13.0,fcf_yield_out_of_range(147.9),False
344,WAB,Westinghouse Air Brake Technol,Industrials,Railroads,Core,49.4,292.23,278.51,17.0,12.9,10.0,0.0,ok,-1.5,ok,2.37,,False,38.4,23.5,2.2,17.5,35.7,11.6,49.7,17.3,-1.2,0.159,0.297,AVGO,,126,12.9,14.0,,False
345,VTRS,Viatris Inc.,Healthcare,Drug Manufacturers - Specialty,Core,18.7,16.25,16.59,16.0,13.9,10.0,0.0,ok,-1.5,ok,2.82,,False,38.4,6.1,14.3,4.9,40.3,-2.8,20.9,13.6,-10.2,0.143,0.202,BMNR,,126,13.9,16.0,,False
346,LOW,"Lowe's Companies, Inc.",Consumer Cyclical,Home Improvement Retail,Core,123.4,220.0,215.92,15.0,15.9,10.0,0.0,ok,-2.5,ok,3.32,,False,38.4,16.5,3.9,10.3,33.3,,61.6,-7.1,-33.3,0.091,0.258,GOOG,,126,15.9,11.0,,False
347,IEX,IDEX Corporation,Industrials,Specialty Industrial Machinery,Core,17.3,234.45,226.94,16.0,12.9,10.0,0.0,ok,-0.5,ok,1.31,,False,38.4,24.5,3.2,6.4,44.7,13.0,51.0,16.0,0.0,0.16,0.236,AVGO,,126,12.9,15.0,,False
348,COR,"Cencora, Inc.",Healthcare,Medical Distribution,Core,60.5,317.1,301.25,14.5,15.3,10.0,0.0,ok,-1.5,ok,2.1,,False,38.3,16.0,3.4,5.1,4.0,96.9,53.2,-1.8,-24.2,-0.177,0.242,NVDA,,126,15.3,15.0,,False
349,HPE,Hewlett Packard Enterprise Com,Technology,Communication Equipment,Growth,70.4,53.13,50.47,16.5,13.3,10.0,0.0,ok,-1.5,ok,2.84,,False,38.3,13.2,5.5,40.0,33.8,6.3,63.9,69.3,137.2,0.333,0.522,AVGO,,126,13.3,13.0,,False
350,EXPD,Expeditors International of Wa,Industrials,Integrated Freight & Logistics,Growth,24.2,186.44,177.12,17.5,10.8,10.0,0.0,ok,0.0,ok,-0.37,,False,38.3,23.5,3.3,32.1,13.5,42.7,77.5,19.9,11.0,-0.012,0.073,GOOG,,126,10.8,14.0,,False
351,PEG,Public Service Enterprise Grou,Utilities,Utilities - Regulated Electric,Core,37.5,75.33,78.87,12.5,19.2,10.0,0.0,ok,-3.5,ok,5.49,,False,38.2,16.1,0.3,-8.9,33.3,11.8,32.7,-6.0,-24.1,-0.135,0.199,MSFT,,126,19.2,18.0,,False
352,LDOS,"Leidos Holdings, Inc.",Technology,Information Technology Service,Core,18.4,146.31,138.99,17.0,12.7,10.0,0.0,ok,-1.5,ok,2.45,,False,38.2,11.4,6.2,7.2,17.8,27.8,87.2,-6.4,-29.5,0.089,0.183,MSFT,,126,12.7,15.0,,False
353,COHU,"Cohu, Inc.",Technology,Semiconductor Equipment & Mate,Growth,2.6,55.19,56.67,14.0,14.2,10.0,0.0,ok,0.0,ok,-13.22,,False,38.2,29.9,2.5,38.4,44.0,-4.8,63.4,42.4,69.3,0.405,0.504,AVGO,,126,14.2,14.0,,False
354,GIS,"General Mills, Inc.",Consumer Defensive,Packaged Foods,Core,21.4,39.99,37.99,16.0,12.2,10.0,0.0,ok,0.0,ok,-0.12,,False,38.2,12.5,10.8,2.2,33.7,-1.0,72.7,0.6,-22.0,-0.152,0.345,AVGO,,126,12.2,16.0,,False
355,DLTR,"Dollar Tree, Inc.",Consumer Defensive,Discount Stores,Core,25.3,131.84,125.25,18.5,11.2,10.0,0.0,ok,-1.5,ok,2.74,,False,38.2,17.1,5.7,7.2,37.0,34.0,60.3,14.2,-14.0,0.178,0.2,MSFT,,126,11.2,16.0,,False
356,COIN,"Coinbase Global, Inc.",Financial Services,Financial Data & Stock Exchang,Core,42.3,160.2,157.52,15.0,15.2,10.0,-2.0,ok,0.0,financial_na,,,False,38.2,53.1,6.3,-17.3,85.8,-7.8,47.6,-19.9,-16.2,0.554,0.746,BMNR,,126,15.2,16.0,,False
357,BWXT,"BWX Technologies, Inc.",Industrials,Aerospace & Defense,Core,14.9,162.26,181.69,14.5,15.2,10.0,0.0,ok,-1.5,ok,2.96,,False,38.2,30.9,1.0,18.0,22.1,28.3,45.8,-16.8,-35.0,0.419,0.464,BMNR,,126,15.2,14.0,,False
358,A,"Agilent Technologies, Inc.",Healthcare,Diagnostics & Research,Core,43.9,155.41,147.64,17.5,10.7,10.0,0.0,ok,0.0,ok,0.86,,False,38.2,23.5,2.1,10.0,52.6,21.3,86.7,18.7,10.5,0.169,0.123,GOOG,,126,10.7,16.0,,False
359,HUM,Humana Inc.,Healthcare,Healthcare Plans,Core,45.4,378.02,382.61,15.0,13.1,10.0,0.0,ok,0.0,ok,-2.54,,False,38.1,22.8,4.3,26.2,13.7,6.9,55.8,39.6,86.7,0.081,0.166,NVDA,,126,13.1,15.0,,False
360,NRG,"NRG Energy, Inc.",Utilities,Utilities - Independent Power ,Core,25.3,120.58,132.25,17.0,16.1,10.0,0.0,ok,-5.0,ok,7.16,,False,38.1,10.8,3.0,11.0,18.8,23.8,38.4,-19.4,-43.6,0.217,0.211,AVGO,,126,16.1,18.0,,False
361,LEN,Lennar Corporation,Consumer Cyclical,Residential Construction,Core,21.0,87.3,86.91,12.0,16.5,10.0,0.0,ok,-0.5,ok,1.92,,False,38.0,13.5,5.1,-5.2,16.4,7.4,56.4,-12.7,-37.2,0.177,0.207,NVDA,,126,16.5,11.0,,False
362,IQV,"IQVIA Holdings, Inc.",Healthcare,Diagnostics & Research,Core,41.0,249.28,236.82,17.5,14.0,10.0,0.0,ok,-3.5,ok,4.65,,False,38.0,17.3,5.2,8.7,33.0,22.8,60.5,25.2,34.4,0.03,0.095,GOOG,,126,14.0,15.0,,False
363,ABBV,AbbVie Inc.,Healthcare,Drug Manufacturers - General,Core,470.0,265.97,252.67,17.5,12.0,10.0,0.0,ok,-1.5,ok,2.09,,False,38.0,16.3,3.6,10.2,72.8,,59.3,18.4,6.8,-0.305,0.345,AVGO,,126,12.0,17.0,,False
364,DVA,DaVita Inc.,Healthcare,Medical Care Facilities,Core,11.3,177.27,215.35,19.5,12.0,10.0,0.0,ok,-3.5,ok,4.5,,True,38.0,10.4,9.2,5.2,32.4,88.5,11.9,10.4,7.6,-0.047,0.174,GOOG,,126,18.0,15.0,,False
365,MTD,"Mettler-Toledo International, ",Healthcare,Diagnostics & Research,Core,28.6,1425.09,1353.84,16.5,12.0,10.0,0.0,ok,-0.5,ok,1.64,,False,38.0,27.6,2.4,4.5,60.3,,62.8,7.8,-9.2,0.15,0.163,GOOG,,126,12.0,17.0,,False
366,NCLH,Norwegian Cruise Line Holdings,Consumer Cyclical,Travel Services,Speculative,8.0,17.34,19.59,14.5,18.5,10.0,0.0,ok,-5.0,ok,6.08,,False,38.0,10.2,-21.1,4.9,42.5,36.7,40.0,-13.4,-39.7,0.274,0.423,GOOG,,126,18.5,14.0,,False
367,AMGN,Amgen Inc.,Healthcare,Drug Manufacturers - General,Core,239.3,442.36,420.24,19.5,9.9,10.0,0.0,ok,-1.5,ok,2.51,,False,37.9,18.1,3.6,9.5,71.9,91.5,80.6,26.8,5.9,-0.032,0.104,MSFT,,126,9.9,17.0,,False
368,KO,Coca-Cola Company (The),Consumer Defensive,Beverages - Non-Alcoholic,Core,388.7,90.35,85.83,17.0,11.4,10.0,0.0,ok,-0.5,ok,1.64,,False,37.9,25.6,1.3,6.7,61.9,42.1,61.2,17.3,2.5,-0.237,0.306,AVGO,,126,11.4,18.0,,False
369,KHC,The Kraft Heinz Company,Consumer Defensive,Packaged Foods,Core,30.5,25.68,24.93,13.5,15.9,10.0,0.0,ok,-1.5,ok,2.97,,False,37.9,12.3,10.7,-1.4,33.5,-8.8,44.9,8.1,-3.9,-0.071,0.207,AVGO,,126,15.9,16.0,,False
370,O,Realty Income Corporation,Real Estate,REIT - Retail,Core,59.6,62.95,63.14,15.5,15.8,10.0,0.0,ok,-3.5,ok,5.74,,False,37.8,39.7,2.7,9.6,92.7,3.2,36.2,3.2,-15.4,-0.22,0.255,AVGO,,126,15.8,17.0,,False
371,JCI,Johnson Controls International,Industrials,Building Products & Equipment,Core,87.8,144.94,145.22,16.0,13.3,10.0,0.0,ok,-1.5,ok,2.04,,False,37.8,24.0,3.4,9.3,36.7,14.3,51.6,8.8,-10.9,0.263,0.396,AVGO,,126,13.3,14.0,,False
372,ZBRA,Zebra Technologies Corporation,Technology,Communication Equipment,Core,16.8,354.65,336.92,18.0,11.3,10.0,0.0,ok,-1.5,ok,2.37,,False,37.8,15.9,3.4,20.4,49.6,15.3,73.7,41.2,28.1,0.323,0.309,AVGO,,126,11.3,14.0,,False
373,LYB,LyondellBasell Industries NV,Basic Materials,Specialty Chemicals,Cyclical,21.3,66.06,62.76,14.5,15.7,10.0,0.0,ok,-2.5,ok,3.27,,False,37.7,10.3,5.8,19.8,12.9,-2.3,64.4,12.2,8.1,-0.182,0.209,GOOG,,126,15.7,11.0,,False
374,SHW,Sherwin-Williams Company (The),Basic Materials,Specialty Chemicals,Cyclical,85.8,353.59,337.86,18.5,11.7,10.0,0.0,ok,-2.5,ok,3.13,,False,37.7,26.0,2.9,7.5,49.0,65.1,55.2,6.0,-13.7,0.204,0.306,GOOG,,126,11.7,12.0,,False
375,T,AT&T Inc.,Communication Services,Telecom Services,Core,172.1,25.12,23.86,18.5,11.7,10.0,0.0,ok,-2.5,ok,3.3,,False,37.7,9.8,5.9,2.3,59.7,18.3,74.6,0.9,-21.7,-0.225,0.244,NVDA,,126,11.7,16.0,,False
376,VICI,VICI Properties Inc.,Real Estate,REIT - Diversified,Core,29.0,26.37,26.72,13.0,18.1,10.0,0.0,ok,-3.5,ok,4.82,,False,37.6,8.8,0.9,5.7,99.3,9.8,51.0,-5.2,-23.0,-0.13,0.271,AVGO,,126,18.1,17.0,,False
377,FN,Fabrinet,Technology,Electronic Components,Growth,16.3,454.55,523.54,14.0,13.6,10.0,0.0,ok,0.0,ok,-1.64,,False,37.6,20.9,-0.6,44.6,12.0,21.3,51.8,-15.5,-24.3,0.363,0.479,AVGO,,126,13.6,13.0,,False
378,MRVL,"Marvell Technology, Inc.",Technology,Semiconductors,Core,213.0,237.27,234.48,15.5,12.1,10.0,0.0,ok,0.0,ok,0.53,,False,37.6,38.0,1.1,27.6,51.5,16.0,71.2,65.3,185.4,0.364,0.528,AVGO,,126,12.1,14.0,,False
379,VTR,"Ventas, Inc.",Real Estate,REIT - Healthcare Facilities,Core,47.1,91.85,90.84,16.5,14.6,10.0,0.0,ok,-3.5,ok,5.34,,False,37.6,100.4,3.2,21.7,40.0,2.0,49.8,9.6,-4.6,-0.291,0.348,AVGO,,126,14.6,15.0,,False
380,CPB,The Campbell's Company,Consumer Defensive,Packaged Foods,Speculative,7.1,23.81,22.62,16.0,15.0,10.0,0.0,ok,-3.5,ok,4.07,,False,37.5,12.4,8.5,-4.4,29.2,15.4,65.4,-1.6,-22.9,-0.168,0.299,AVGO,,126,15.0,16.0,,False
381,LYV,"Live Nation Entertainment, Inc",Communication Services,Entertainment,Core,42.9,184.19,179.28,14.5,13.5,10.0,0.0,ok,-0.5,ok,1.43,,False,37.5,97.6,4.0,9.4,25.8,17.7,50.7,16.5,4.2,0.22,0.257,GOOG,,126,13.5,13.0,,False
382,ZBH,"Zimmer Biomet Holdings, Inc.",Healthcare,Medical Devices,Core,19.2,100.74,95.7,17.0,12.0,10.0,0.0,ok,-1.5,ok,2.79,,False,37.5,11.1,5.7,4.8,69.9,6.4,64.9,11.0,-11.0,-0.057,0.139,AVGO,,126,12.0,17.0,,False
383,TGT,Target Corporation,Consumer Defensive,Discount Stores,Core,72.2,159.0,151.05,17.5,10.5,10.0,0.0,ok,-0.5,ok,1.89,,False,37.5,17.4,4.3,6.7,28.1,22.0,75.8,35.8,26.0,0.024,0.127,GOOG,,126,10.5,16.0,,False
384,TRGP,"Targa Resources, Inc.",Energy,Oil & Gas Midstream,Cyclical,63.7,297.09,282.24,16.0,14.0,10.0,0.0,ok,-2.5,ok,3.54,,False,37.5,24.7,0.1,4.2,43.2,70.8,68.3,29.5,20.4,-0.254,0.215,AVGO,,126,14.0,13.0,,False
385,CASY,"Caseys General Stores, Inc.",Consumer Cyclical,Specialty Retail,Core,30.9,836.15,840.97,11.5,16.5,10.0,0.0,ok,-0.5,ok,1.6,,False,37.5,35.4,1.8,14.5,24.6,19.2,41.4,17.6,13.4,-0.087,0.141,MSFT,,126,16.5,11.0,,False
386,HPQ,HP Inc.,Technology,Computer Hardware,Core,27.4,29.94,28.44,15.0,13.0,10.0,0.0,ok,-0.5,ok,1.52,,False,37.5,10.0,12.6,9.0,20.3,,64.7,33.8,53.1,0.068,0.083,AVGO,,126,13.0,13.0,,False
387,KIM,Kimco Realty Corporation (HC),Real Estate,REIT - Retail,Core,16.3,24.32,25.21,17.0,15.4,10.0,0.0,ok,-5.0,ok,6.12,,False,37.4,27.2,5.3,4.9,68.9,5.8,24.5,7.1,-3.8,-0.109,0.171,AVGO,,126,15.4,17.0,,False
388,STT,State Street Corporation,Financial Services,Asset Management,Core,51.0,185.81,179.06,13.0,14.4,10.0,0.0,ok,0.0,financial_na,,,False,37.4,12.1,,-2.8,0.0,12.4,56.3,29.1,33.5,0.346,0.388,NVDA,,126,14.4,14.0,,False
389,EQIX,"Equinix, Inc.",Real Estate,REIT - Specialty,Core,106.3,1077.08,1051.76,17.0,13.8,10.0,0.0,ok,-3.5,ok,4.93,,False,37.3,57.6,3.6,16.7,52.0,10.7,58.0,14.0,5.2,0.12,0.19,NVDA,,126,13.8,16.0,,False
390,DRI,"Darden Restaurants, Inc.",Consumer Cyclical,Restaurants,Core,25.2,221.89,210.8,18.0,11.8,10.0,0.0,ok,-2.5,ok,3.7,,False,37.3,17.9,3.1,13.7,21.7,53.7,66.0,12.3,-7.8,-0.07,0.115,MSFT,,126,11.8,11.0,,False
391,RCL,Royal Caribbean Cruises Ltd.,Consumer Cyclical,Travel Services,Core,80.4,300.56,303.03,15.0,14.8,10.0,0.0,ok,-2.5,ok,3.27,,False,37.3,14.8,-1.9,6.5,50.3,44.7,26.9,5.1,-15.4,0.363,0.406,GOOG,,126,14.8,14.0,,False
392,JNJ,Johnson & Johnson,Healthcare,Drug Manufacturers - General,Core,658.9,273.41,259.74,18.5,8.8,10.0,0.0,ok,0.0,ok,0.81,,False,37.3,22.2,2.6,6.6,68.1,25.7,79.2,18.6,-1.4,-0.359,0.381,AVGO,,126,8.8,17.0,,False
393,COHR,Coherent Corp.,Technology,Scientific & Technical Instrum,Growth,56.3,287.47,332.2,11.5,16.2,10.0,0.0,ok,-0.5,ok,1.1,,False,37.2,20.6,-1.2,33.7,37.5,8.0,55.8,7.2,10.9,0.37,0.488,NVDA,,126,16.2,13.0,,False
394,OMC,Omnicom Group Inc.,Communication Services,Advertising Agencies,Growth,24.0,87.43,83.06,18.5,10.2,10.0,0.0,ok,-1.5,ok,2.2,,False,37.2,7.3,17.8,63.4,19.0,6.1,72.1,13.9,-3.7,0.052,0.116,BMNR,,126,10.2,13.0,,False
395,PANW,"Palo Alto Networks, Inc.",Technology,Software - Infrastructure,Growth,293.2,359.76,341.77,14.0,13.2,10.0,0.0,ok,0.0,ok,-0.66,,False,37.2,87.4,1.2,31.1,72.0,4.8,63.9,60.1,125.5,0.402,0.403,MSFT,,126,13.2,17.0,,False
396,HII,"Huntington Ingalls Industries,",Industrials,Aerospace & Defense,Core,12.3,311.76,296.59,10.5,18.2,10.0,0.0,ok,-1.5,ok,2.5,,False,37.2,15.0,-2.4,10.9,12.4,13.0,42.1,-10.6,-42.2,0.217,0.295,MSFT,,126,18.2,14.0,,False
397,IVZ,Invesco Ltd,Financial Services,Asset Management,Core,14.2,32.21,30.6,16.5,10.7,10.0,0.0,ok,0.0,financial_na,,,False,37.2,9.9,8.0,20.5,29.5,-0.6,77.2,21.6,10.4,0.486,0.436,BMNR,,126,10.7,14.0,,False
398,PCAR,PACCAR Inc.,Industrials,Farm & Heavy Construction Mach,Core,67.1,127.47,125.91,13.0,14.6,10.0,0.0,ok,-0.5,ok,1.88,,False,37.1,17.9,2.9,0.5,13.7,12.8,33.5,8.5,-10.4,0.218,0.283,NVDA,,126,14.6,14.0,,False
399,ESS,"Essex Property Trust, Inc.",Real Estate,REIT - Residential,Core,19.8,287.36,288.4,17.0,13.6,10.0,0.0,ok,-3.5,ok,5.43,,False,37.1,46.6,5.3,3.1,68.8,7.7,58.1,9.1,1.4,-0.114,0.296,AVGO,,126,13.6,17.0,,False
400,TMO,Thermo Fisher Scientific Inc,Healthcare,Diagnostics & Research,Core,226.9,613.54,582.86,17.0,12.6,10.0,0.0,ok,-2.5,ok,3.28,,False,37.1,22.3,2.7,10.5,41.0,13.5,68.4,15.1,6.5,0.119,0.151,MSFT,,126,12.6,16.0,,False
401,AZO,"AutoZone, Inc.",Consumer Cyclical,Auto Parts,Core,50.2,3076.89,3061.38,13.0,16.5,10.0,0.0,ok,-2.5,ok,3.01,,False,37.0,17.6,1.8,8.4,51.8,,60.2,-10.2,-30.6,-0.002,0.169,GOOG,,126,16.5,12.0,,False
402,DHR,Danaher Corporation,Healthcare,Diagnostics & Research,Core,148.7,211.5,200.92,14.5,14.0,10.0,0.0,ok,-1.5,ok,2.93,,False,37.0,22.7,2.9,5.5,58.8,7.6,67.8,4.4,-12.4,0.022,0.179,AVGO,,126,14.0,16.0,,False
403,XYZ,"Block, Inc.",Technology,Software - Infrastructure,Core,48.6,80.93,77.92,11.0,16.0,10.0,0.0,ok,0.0,ok,0.28,,False,37.0,15.6,-0.1,9.3,46.6,1.6,46.1,19.2,40.3,0.388,0.316,BMNR,,126,16.0,16.0,,False
404,TKO,"TKO Group Holdings, Inc.",Communication Services,Entertainment,Core,38.2,201.69,193.01,16.5,11.9,10.0,0.0,ok,-1.5,ok,2.69,,False,36.9,50.6,2.2,18.2,59.5,7.1,70.1,2.6,-15.7,0.178,0.204,BMNR,,126,11.9,14.0,,False
405,GPC,Genuine Parts Company,Consumer Cyclical,Auto Parts,Core,18.5,134.54,127.81,14.5,13.9,10.0,0.0,ok,-1.5,ok,2.97,,False,36.9,16.2,4.9,6.0,37.6,0.7,69.9,13.4,1.0,0.029,0.136,GOOG,,126,13.9,11.0,,False
406,EXR,Extra Space Storage Inc,Real Estate,REIT - Industrial,Core,32.6,147.91,147.48,17.0,13.3,10.0,0.0,ok,-3.5,ok,5.94,,False,36.8,31.1,4.6,3.8,74.9,7.0,48.8,5.8,-10.3,-0.031,0.188,GOOG,,126,13.3,17.0,,False
407,BSX,Boston Scientific Corporation,Healthcare,Medical Devices,Core,75.4,52.01,49.41,17.0,11.3,10.0,0.0,ok,-1.5,ok,2.12,,False,36.8,15.1,3.3,7.5,69.2,15.3,76.3,-25.6,-44.1,0.088,0.172,MSFT,,126,11.3,17.0,,False
408,ARE,Alexandria Real Estate Equitie,Real Estate,REIT - Office,Speculative,8.7,50.55,50.58,15.0,16.8,10.0,0.0,ok,-5.0,ok,7.13,,False,36.8,,15.5,-11.9,68.2,-4.1,45.2,1.8,-16.6,0.072,0.097,BMNR,,126,16.8,17.0,,False
409,CHD,"Church & Dwight Company, Inc.",Consumer Defensive,Household & Personal Products,Core,23.5,99.01,98.54,16.0,11.3,10.0,0.0,ok,-0.5,ok,1.6,,False,36.8,24.5,4.0,1.6,45.6,17.0,55.0,5.6,-16.5,-0.103,0.225,AVGO,,126,11.3,17.0,,False
410,CRWD,"CrowdStrike Holdings, Inc.",Technology,Software - Infrastructure,Core,205.3,201.63,358.39,13.0,13.8,10.0,0.0,ok,0.0,ok,-62.9,,False,36.8,128.6,0.9,25.6,75.1,-0.2,60.4,-55.3,-65.0,0.204,0.223,AVGO,,126,13.8,17.0,,False
411,VRTX,Vertex Pharmaceuticals Incorpo,Healthcare,Biotechnology,Core,139.9,552.06,524.46,17.0,9.7,10.0,0.0,ok,0.0,ok,-1.15,,False,36.7,25.3,1.9,12.5,55.0,23.5,74.8,20.3,4.9,-0.011,0.172,AVGO,,126,9.7,16.0,,False
412,ES,Eversource Energy (D/B/A),Utilities,Utilities - Regulated Electric,Core,27.1,71.99,72.51,14.5,15.7,10.0,0.0,ok,-3.5,ok,5.67,,False,36.7,14.7,3.0,2.3,52.8,9.0,38.0,3.8,-12.8,-0.169,0.177,MSFT,,126,15.7,19.0,,False
413,TDY,Teledyne Technologies Incorpor,Technology,Scientific & Technical Instrum,Core,30.1,648.63,646.15,14.5,12.7,10.0,0.0,ok,-0.5,ok,1.06,,False,36.7,24.3,3.0,9.8,43.3,9.2,49.7,6.8,-15.4,0.4,0.411,NVDA,,126,12.7,14.0,,False
414,SJM,The J.M. Smucker Company,Consumer Defensive,Packaged Foods,Core,13.1,122.84,116.7,16.0,13.1,10.0,0.0,ok,-2.5,ok,3.67,,False,36.6,11.4,7.7,5.8,34.3,-2.4,51.3,17.7,0.6,-0.243,0.338,AVGO,,126,13.1,16.0,,False
415,LUV,Southwest Airlines Company,Industrials,Airlines,Core,20.3,41.42,47.19,10.5,16.6,10.0,0.0,ok,-0.5,ok,1.33,,False,36.6,8.4,-4.1,16.4,22.4,11.1,34.3,-2.5,-32.9,0.391,0.396,GOOG,,126,16.6,14.0,,False
416,NSC,Norfolk Southern Corporation,Industrials,Railroads,Core,77.6,345.71,328.42,15.5,12.5,10.0,0.0,ok,-1.5,ok,2.84,,False,36.5,24.2,1.8,11.4,45.2,17.0,64.7,13.7,-2.2,-0.145,0.176,MSFT,,126,12.5,15.0,,False
417,RVTY,"Revvity, Inc.",Healthcare,Diagnostics & Research,Core,13.3,119.45,113.48,16.0,12.0,10.0,0.0,ok,-1.5,ok,2.65,,False,36.5,20.3,4.5,1.3,55.0,3.2,61.4,19.2,6.9,0.203,0.191,BMNR,,126,12.0,16.0,,False
418,IP,International Paper Company,Consumer Cyclical,Packaging & Containers,Core,21.7,41.06,39.01,13.5,14.5,10.0,0.0,ok,-1.5,ok,2.33,,False,36.5,13.7,7.6,-2.2,29.6,-16.5,39.6,7.7,-24.3,0.109,0.204,NVDA,,126,14.5,11.0,,False
419,RSG,"Republic Services, Inc.",Industrials,Waste Management,Core,67.7,221.04,214.52,16.0,11.9,10.0,0.0,ok,-1.5,ok,2.7,,False,36.4,27.4,2.9,4.6,43.0,18.2,73.1,3.5,-12.7,-0.422,0.414,AVGO,,126,11.9,15.0,,False
420,ABT,Abbott Laboratories,Healthcare,Medical Devices,Core,198.0,114.43,108.71,17.0,10.9,10.0,0.0,ok,-1.5,ok,2.32,,False,36.4,18.9,3.6,13.0,56.8,10.6,81.0,7.3,-10.1,-0.092,0.291,AVGO,,126,10.9,16.0,,False
421,DIS,Walt Disney Company (The),Communication Services,Entertainment,Core,184.6,106.93,101.58,14.5,12.4,10.0,0.0,ok,-0.5,ok,1.95,,False,36.4,14.4,2.6,6.8,37.6,8.0,75.0,2.8,-11.9,0.234,0.339,GOOG,,126,12.4,13.0,,False
422,ATO,Atmos Energy Corporation,Utilities,Utilities - Regulated Gas,Core,28.9,171.31,173.4,11.5,17.3,10.0,0.0,ok,-2.5,ok,3.74,,False,36.3,19.0,-7.7,4.8,62.2,9.8,35.4,-2.4,-16.5,-0.31,0.313,MSFT,,126,17.3,20.0,,False
423,FAST,Fastenal Company,Industrials,Industrial Distribution,Core,59.0,51.44,48.87,17.0,9.2,10.0,0.0,ok,0.0,ok,0.12,,False,36.2,36.7,1.6,14.7,44.7,34.3,81.9,15.3,-0.8,-0.007,0.15,GOOG,,126,9.2,15.0,,False
424,ISRG,"Intuitive Surgical, Inc.",Healthcare,Medical Instruments & Supplies,Core,142.5,397.72,390.0,15.5,10.7,10.0,0.0,ok,0.0,ok,-1.25,,False,36.2,32.9,1.8,18.5,66.7,17.4,76.7,-16.2,-33.1,0.283,0.337,GOOG,,126,10.7,17.0,,False
425,TSN,"Tyson Foods, Inc.",Consumer Defensive,Farm Products,Core,20.6,58.55,57.84,11.0,16.7,10.0,0.0,ok,-1.5,ok,2.62,,False,36.2,13.1,5.8,-0.1,6.6,3.3,41.8,-2.5,-21.0,-0.101,0.225,NVDA,,126,16.7,16.0,,False
426,MSI,"Motorola Solutions, Inc.",Technology,Communication Equipment,Core,79.6,480.84,456.8,19.5,8.2,10.0,0.0,ok,-1.5,ok,2.37,,False,36.2,25.2,2.5,13.3,52.1,91.6,72.4,15.4,-6.5,0.03,0.13,GOOG,,126,8.2,14.0,,False
427,DGX,Quest Diagnostics Incorporated,Healthcare,Diagnostics & Research,Core,26.7,241.76,229.67,15.5,12.1,10.0,0.0,ok,-1.5,ok,2.55,,False,36.1,20.1,3.4,10.2,33.2,14.6,67.8,22.8,7.2,-0.236,0.275,AVGO,,126,12.1,15.0,,False
428,PFE,"Pfizer, Inc.",Healthcare,Drug Manufacturers - General,Core,161.0,28.24,26.83,18.0,9.6,10.0,0.0,ok,-1.5,ok,2.04,,False,36.1,9.8,7.8,2.6,74.7,5.0,84.5,10.5,-5.9,-0.032,0.181,AVGO,,126,9.6,17.0,,False
429,COO,"The Cooper Companies, Inc.",Healthcare,Medical Instruments & Supplies,Core,15.0,76.73,72.89,14.5,13.0,10.0,0.0,ok,-1.5,ok,2.92,,False,36.0,15.4,2.8,7.9,65.6,2.9,68.2,4.7,-21.1,-0.009,0.205,GOOG,,126,13.0,17.0,,False
430,CNC,Centene Corporation,Healthcare,Healthcare Plans,Core,32.0,64.7,65.01,13.0,13.0,10.0,0.0,ok,0.0,ok,-2.38,,False,36.0,12.2,,4.6,11.4,-20.4,58.8,33.2,35.4,-0.009,0.1,AVGO,,126,13.0,15.0,fcf_yield_out_of_range(30.2),False
431,FCX,"Freeport-McMoRan, Inc.",Basic Materials,Copper,Cyclical,96.7,69.09,65.64,15.0,11.0,10.0,0.0,ok,0.0,ok,0.66,,False,36.0,16.8,2.2,-7.3,38.3,14.8,62.5,17.6,-2.1,0.492,0.509,NVDA,,126,11.0,11.0,,False
432,NDSN,Nordson Corporation,Industrials,Specialty Industrial Machinery,Core,17.3,309.92,296.62,16.0,11.5,10.0,0.0,ok,-1.5,ok,2.05,,False,36.0,24.7,3.3,8.5,55.2,17.1,69.6,13.5,-7.0,0.248,0.309,AVGO,,126,11.5,15.0,,False
433,BKR,Baker Hughes Company,Energy,Oil & Gas Equipment & Services,Cyclical,64.0,64.48,61.26,16.0,10.0,10.0,0.0,ok,0.0,ok,-0.16,,False,36.0,20.4,6.9,-2.4,23.7,16.5,71.3,12.3,-9.3,0.155,0.187,BMNR,,126,10.0,14.0,,False
434,HRL,Hormel Foods Corporation,Consumer Defensive,Packaged Foods,Core,13.4,24.41,24.92,10.5,15.4,10.0,0.0,ok,0.0,ok,-0.26,,False,35.9,15.6,3.5,-2.9,15.8,5.8,33.3,5.4,-11.9,-0.091,0.154,AVGO,,126,15.4,16.0,,False
435,MDLZ,"Mondelez International, Inc.",Consumer Defensive,Confectioners,Core,81.9,64.16,61.3,16.0,12.4,10.0,0.0,ok,-2.5,ok,3.35,,False,35.9,19.1,2.8,4.1,31.1,13.3,55.9,9.9,-2.4,-0.284,0.308,AVGO,,126,12.4,16.0,,False
436,TECH,Bio-Techne Corp,Healthcare,Biotechnology,Core,11.3,72.48,68.86,13.0,12.8,10.0,0.0,ok,0.0,ok,0.07,,False,35.8,31.3,2.0,1.3,66.2,9.0,62.9,20.5,11.9,0.083,0.135,GOOG,,126,12.8,17.0,,False
437,DELL,Dell Technologies Inc.,Technology,Computer Hardware,Growth,282.7,437.55,425.51,13.0,13.2,10.0,0.0,ok,-0.5,ok,1.45,,False,35.7,19.6,1.9,87.5,19.2,,56.8,87.1,255.9,0.289,0.371,AVGO,,126,13.2,13.0,,False
438,PWR,"Quanta Services, Inc.",Industrials,Engineering & Construction,Growth,101.8,677.41,672.58,13.5,13.7,10.0,0.0,ok,-1.5,ok,2.0,,False,35.7,34.5,1.9,41.1,15.5,15.3,55.1,17.4,9.5,0.368,0.358,AVGO,,126,13.7,14.0,,False
439,ADM,Archer-Daniels-Midland Company,Consumer Defensive,Farm Products,Core,38.9,80.76,80.03,11.5,15.7,10.0,0.0,ok,-1.5,ok,2.75,,False,35.7,14.2,3.0,7.2,6.9,7.6,50.4,14.5,4.5,-0.113,0.124,GOOG,,126,15.7,16.0,,False
440,MET,"MetLife, Inc.",Financial Services,Insurance - Life,Core,60.4,95.11,92.08,10.0,15.7,10.0,0.0,ok,0.0,financial_na,,,False,35.7,8.7,-34.7,10.5,24.0,13.1,41.9,18.4,10.0,0.195,0.247,MSFT,,126,15.7,14.0,,False
441,WELL,Welltower Inc.,Real Estate,REIT - Healthcare Facilities,Growth,169.9,235.73,230.85,14.0,15.1,10.0,0.0,ok,-3.5,ok,5.32,,False,35.6,73.0,1.6,39.1,39.6,3.8,50.2,13.8,1.4,-0.231,0.311,AVGO,,126,15.1,15.0,,False
442,WMT,Walmart Inc.,Consumer Defensive,Discount Stores,Core,909.6,114.3,114.24,12.0,14.1,10.0,0.0,ok,-0.5,ok,1.45,,False,35.6,34.8,0.8,7.3,25.0,24.1,65.5,-3.3,-20.9,-0.168,0.185,MSFT,,126,14.1,16.0,,False
443,BA,Boeing Company (The),Industrials,Aerospace & Defense,Core,175.6,222.2,221.75,14.5,15.1,10.0,0.0,ok,-4.0,neg_ebitda_debt,,,False,35.6,53.9,3.2,8.0,4.7,173.5,51.2,1.3,-17.7,0.409,0.377,GOOG,,126,15.1,14.0,,False
444,GILD,"Gilead Sciences, Inc.",Healthcare,Drug Manufacturers - General,Core,183.0,147.6,140.22,17.0,9.1,10.0,0.0,ok,-0.5,ok,1.46,,False,35.6,14.9,5.3,10.2,79.6,-20.7,79.6,11.5,-14.5,0.05,0.137,BMNR,,126,9.1,17.0,,False
445,WULF,TeraWulf Inc.,Financial Services,Capital Markets,Speculative,7.7,15.5,21.11,7.0,18.5,10.0,0.0,ok,0.0,financial_na,,,False,35.5,,-3.0,-6.0,,-1211.8,37.6,-12.6,-12.6,0.483,0.446,BMNR,,126,18.5,16.0,,False
446,VZ,Verizon Communications Inc.,Communication Services,Telecom Services,Core,205.1,49.36,46.89,18.5,9.5,10.0,0.0,ok,-2.5,ok,3.76,,False,35.5,9.3,8.5,-0.7,59.5,15.8,75.0,10.6,-9.7,-0.226,0.273,NVDA,,126,9.5,16.0,,False
447,SWK,"Stanley Black & Decker, Inc.",Industrials,Tools & Accessories,Core,15.1,99.8,94.81,15.5,11.5,10.0,0.0,ok,-1.5,ok,2.58,,False,35.5,15.6,9.4,0.4,32.2,6.9,58.7,25.3,-0.1,0.236,0.273,GOOG,,126,11.5,14.0,,False
448,BAX,Baxter International Inc.,Healthcare,Medical Instruments & Supplies,Core,13.8,26.64,25.31,14.5,13.5,10.0,0.0,ok,-2.5,ok,3.99,,False,35.5,13.1,7.3,5.3,34.1,-14.4,49.3,34.1,12.1,0.279,0.298,MSFT,,126,13.5,15.0,,False
449,SMCI,"Super Micro Computer, Inc.",Technology,Computer Hardware,Growth,23.7,36.58,34.75,13.5,12.0,10.0,0.0,ok,0.0,ok,0.63,,False,35.5,6.9,-34.8,93.2,10.8,21.5,72.1,15.8,1.0,0.436,0.511,NVDA,,126,12.0,13.0,,False
450,UCTT,"Ultra Clean Holdings, Inc.",Technology,Semiconductor Equipment & Mate,Speculative,3.4,75.01,98.82,9.0,19.0,10.0,0.0,ok,-2.5,ok,3.74,,False,35.5,12.8,-2.4,24.3,15.8,-1.6,43.3,16.4,17.7,0.363,0.457,AVGO,,126,19.0,13.0,,False
451,BIIB,Biogen Inc.,Healthcare,Drug Manufacturers - General,Core,32.7,221.56,210.48,15.5,11.4,10.0,0.0,ok,-1.5,ok,2.1,,False,35.4,13.4,3.9,3.4,78.3,4.6,66.5,18.3,2.6,-0.134,0.17,NVDA,,126,11.4,17.0,,False
452,ECL,Ecolab Inc.,Basic Materials,Specialty Chemicals,Cyclical,80.1,285.62,275.25,15.0,11.8,10.0,0.0,ok,-1.5,ok,2.12,,False,35.3,30.3,1.8,9.7,44.2,22.0,59.6,5.4,-17.6,0.01,0.202,GOOG,,126,11.8,12.0,,False
453,SO,Southern Company (The),Utilities,Utilities - Regulated Electric,Core,106.1,92.19,94.57,12.5,16.2,10.0,0.0,ok,-3.5,ok,5.2,,False,35.2,18.7,-3.7,0.1,48.3,11.5,33.0,0.5,-15.0,-0.292,0.254,MSFT,,126,16.2,19.0,,False
454,CAH,"Cardinal Health, Inc.",Healthcare,Medical Distribution,Core,54.6,234.85,231.1,14.0,11.7,10.0,0.0,ok,-0.5,ok,1.21,,False,35.2,16.8,8.7,5.8,3.8,,60.5,10.2,-7.1,-0.148,0.254,AVGO,,126,11.7,15.0,,False
455,REGN,"Regeneron Pharmaceuticals, Inc",Healthcare,Biotechnology,Core,86.6,840.84,798.8,17.0,8.2,10.0,0.0,ok,0.0,ok,-1.12,,False,35.2,13.9,3.5,16.7,44.5,14.0,87.6,16.4,-5.2,0.216,0.252,BMNR,,126,8.2,16.0,,False
456,BEN,"Franklin Resources, Inc.",Financial Services,Asset Management,Core,17.3,33.98,33.33,11.5,13.7,10.0,0.0,ok,0.0,financial_na,,,False,35.2,10.8,-17.3,14.3,37.7,7.9,56.7,23.2,13.8,0.451,0.419,GOOG,,126,13.7,14.0,,False
457,NEE,"NextEra Energy, Inc.",Utilities,Utilities - Regulated Electric,Core,179.2,85.91,87.17,14.0,16.1,10.0,0.0,ok,-5.0,ok,7.35,,False,35.1,19.5,-9.9,12.4,61.0,11.7,34.6,-1.9,-18.4,-0.102,0.267,MSFT,,126,16.1,20.0,,False
458,BALL,Ball Corporation,Consumer Cyclical,Packaging & Containers,Core,16.6,62.62,61.58,14.0,13.6,10.0,0.0,ok,-2.5,ok,3.41,,False,35.1,13.8,2.3,19.7,18.6,17.2,31.7,7.8,-17.6,0.01,0.134,GOOG,,126,13.6,11.0,,False
459,MRK,"Merck & Company, Inc.",Healthcare,Drug Manufacturers - General,Core,375.5,152.2,144.59,16.0,9.5,10.0,0.0,ok,-0.5,ok,1.62,,False,35.0,15.9,4.0,5.1,75.9,7.0,87.5,33.3,13.1,-0.188,0.282,AVGO,,126,9.5,17.0,,False
460,CAG,"ConAgra Brands, Inc.",Consumer Defensive,Packaged Foods,Speculative,7.8,16.22,15.41,14.5,13.9,10.0,0.0,ok,-3.5,ok,4.17,,False,34.9,10.5,11.1,3.6,24.0,-25.1,67.3,4.1,-23.8,-0.157,0.324,AVGO,,126,13.9,16.0,,False
461,MDT,Medtronic plc.,Healthcare,Medical Devices,Core,120.5,94.13,89.42,15.5,9.8,10.0,0.0,ok,-0.5,ok,1.97,,False,34.8,14.7,3.8,9.9,65.3,9.8,84.3,5.5,-15.5,-0.064,0.262,AVGO,,126,9.8,17.0,,False
462,SBUX,Starbucks Corporation,Consumer Cyclical,Restaurants,Core,119.7,104.98,104.16,13.0,14.2,10.0,0.0,ok,-2.5,ok,3.34,,False,34.7,33.7,2.6,-1.4,22.3,,47.1,9.7,-2.5,0.171,0.164,AVGO,,126,14.2,11.0,,False
463,LH,Labcorp Holdings Inc.,Healthcare,Diagnostics & Research,Core,26.8,330.44,313.92,14.5,11.7,10.0,0.0,ok,-1.5,ok,2.88,,False,34.7,16.7,3.3,5.8,28.9,11.7,66.9,22.1,4.5,0.016,0.148,MSFT,,126,11.7,15.0,,False
464,AEP,American Electric Power Compan,Utilities,Utilities - Regulated Electric,Core,68.7,126.27,131.02,12.0,16.2,10.0,0.0,ok,-3.5,ok,5.86,,False,34.7,18.4,-8.7,7.0,46.4,10.1,43.1,0.3,-13.7,-0.253,0.274,MSFT,,126,16.2,19.0,,False
465,AMCR,Amcor plc,Consumer Cyclical,Packaging & Containers,Core,21.9,47.45,45.08,16.0,11.1,10.0,0.0,ok,-2.5,ok,3.97,,False,34.6,10.5,6.9,25.9,20.0,9.4,62.2,12.5,-15.7,0.181,0.302,GOOG,,126,11.1,11.0,,False
466,EIX,Edison International,Utilities,Utilities - Regulated Electric,Core,28.3,73.44,74.05,13.5,14.6,10.0,0.0,ok,-3.5,ok,4.85,,False,34.6,11.3,0.3,-4.1,61.0,19.7,37.4,9.0,-10.5,-0.195,0.232,MSFT,,126,14.6,20.0,,False
467,NI,NiSource Inc,Utilities,Utilities - Regulated Gas,Core,20.0,41.63,45.67,10.5,17.6,10.0,0.0,ok,-3.5,ok,5.74,,False,34.6,18.5,-8.9,4.6,51.0,8.5,21.6,-7.3,-21.3,-0.109,0.113,AVGO,,126,17.6,19.0,,False
468,AXON,"Axon Enterprise, Inc.",Industrials,Aerospace & Defense,Growth,52.5,645.72,613.43,14.0,15.6,10.0,0.0,ok,-5.0,ok,7.01,,False,34.6,61.2,0.4,35.3,59.5,6.2,65.4,27.2,33.6,0.29,0.347,MSFT,,126,15.6,15.0,,False
469,EL,"Estee Lauder Companies, Inc. (",Consumer Defensive,Household & Personal Products,Core,35.5,98.01,93.11,16.0,10.0,10.0,0.0,ok,-1.5,ok,2.63,,False,34.5,25.6,5.1,4.6,74.7,-5.9,74.0,7.3,-24.8,0.243,0.319,BMNR,,126,10.0,18.0,,False
470,AEHR,Aehr Test Systems,Technology,Semiconductor Equipment & Mate,Growth,3.5,107.96,102.56,10.5,14.0,10.0,0.0,ok,0.0,neg_ebitda_low_debt,,,False,34.5,78.0,-0.1,33.7,35.3,-4.2,61.1,83.5,243.9,0.466,0.482,AVGO,,126,14.0,13.0,,False
471,RGTI,"Rigetti Computing, Inc.",Technology,Computer Hardware,Growth,5.7,17.0,17.53,12.0,14.5,10.0,-2.0,ok,0.0,neg_ebitda_low_debt,,,False,34.5,,0.5,185.3,,-43.8,63.0,-16.2,-10.3,0.515,0.506,BMNR,,126,14.5,13.0,,False
472,SLB,SLB Limited,Energy,Oil & Gas Equipment & Services,Cyclical,79.5,53.55,50.87,13.0,12.0,10.0,0.0,ok,-0.5,ok,1.18,,False,34.5,16.6,3.7,5.0,17.0,12.9,67.1,12.1,-8.9,0.078,0.121,AVGO,,126,12.0,14.0,,False
473,CPT,Camden Property Trust,Real Estate,REIT - Residential,Core,10.9,108.4,112.58,11.0,16.8,10.0,0.0,ok,-3.5,ok,5.4,,False,34.3,99.4,1.3,-0.8,61.6,7.9,35.0,2.0,-11.8,-0.168,0.293,AVGO,,126,16.8,17.0,,False
474,ETR,Entergy Corporation,Utilities,Utilities - Regulated Electric,Core,50.4,107.96,111.6,12.0,15.8,10.0,0.0,ok,-3.5,ok,5.56,,False,34.3,21.2,-8.7,5.9,47.0,10.2,49.7,3.5,-7.7,-0.166,0.251,MSFT,,126,15.8,19.0,,False
475,WEC,"WEC Energy Group, Inc.",Utilities,Utilities - Regulated Electric,Core,35.6,109.34,113.01,12.0,15.8,10.0,0.0,ok,-3.5,ok,5.79,,False,34.3,18.2,-6.6,2.6,41.9,12.0,46.7,-1.5,-16.2,-0.32,0.283,AVGO,,126,15.8,19.0,,False
476,MDB,"MongoDB, Inc.",Technology,Software - Infrastructure,Core,35.4,440.53,418.5,13.0,11.3,10.0,0.0,ok,0.0,neg_ebitda_low_debt,,,False,34.3,60.0,1.5,25.2,72.0,-1.0,76.9,29.9,11.0,0.365,0.395,MSFT,,126,11.3,17.0,,False
477,ED,"Consolidated Edison, Inc.",Utilities,Utilities - Regulated Electric,Core,39.9,108.0,109.84,12.0,15.7,10.0,0.0,ok,-3.5,ok,4.36,,False,34.2,16.6,-2.1,13.2,53.4,9.0,41.3,2.0,-15.4,-0.449,0.373,AVGO,,126,15.7,19.0,,False
478,KMI,"Kinder Morgan, Inc.",Energy,Oil & Gas Midstream,Cyclical,71.4,32.08,32.04,14.5,13.2,10.0,0.0,ok,-3.5,ok,4.23,,False,34.2,20.9,1.5,10.8,49.4,11.0,53.5,5.1,-13.3,-0.275,0.22,AVGO,,126,13.2,13.0,,False
479,LNT,Alliant Energy Corporation,Utilities,Utilities - Regulated Electric,Core,18.2,70.15,73.41,12.0,17.2,10.0,0.0,ok,-5.0,ok,6.61,,False,34.2,19.0,-6.3,1.0,44.5,11.1,44.7,0.4,-11.8,-0.279,0.263,MSFT,,126,17.2,19.0,,False
480,CARR,Carrier Global Corporation,Industrials,Building Products & Equipment,Core,50.4,61.2,67.69,10.5,16.1,10.0,0.0,ok,-2.5,ok,3.57,,False,34.1,18.5,1.7,3.9,24.7,9.0,49.0,0.2,-15.1,0.209,0.298,GOOG,,126,16.1,14.0,,False
481,DUK,Duke Energy Corporation (Holdi,Utilities,Utilities - Regulated Electric,Core,96.4,123.6,125.69,11.0,16.5,10.0,0.0,ok,-3.5,ok,5.51,,False,34.0,17.2,-4.6,1.1,52.0,9.9,39.8,0.2,-14.1,-0.379,0.315,AVGO,,126,16.5,19.0,,False
482,FE,FirstEnergy Corp.,Utilities,Utilities - Regulated Electric,Core,27.3,47.25,47.88,11.5,15.7,10.0,0.0,ok,-3.5,ok,5.33,,False,33.7,16.0,-7.3,8.8,68.6,9.5,29.5,0.4,-16.5,-0.213,0.284,AVGO,,126,15.7,20.0,,False
483,WMB,"Williams Companies, Inc. (The)",Energy,Oil & Gas Midstream,Cyclical,89.6,73.24,73.35,15.0,12.2,10.0,0.0,ok,-3.5,ok,4.35,,False,33.7,27.4,-1.7,7.8,63.6,21.5,57.3,6.1,-10.5,-0.135,0.148,MSFT,,126,12.2,14.0,,False
484,BLDR,"Builders FirstSource, Inc.",Industrials,Building Products & Equipment,Speculative,7.8,72.55,76.03,13.5,13.6,10.0,0.0,ok,-3.5,ok,5.06,,False,33.6,16.2,6.0,-8.8,29.2,2.5,59.1,-21.6,-47.6,0.208,0.289,NVDA,,126,13.6,14.0,,False
485,AWK,"American Water Works Company, ",Utilities,Utilities - Regulated Water,Core,27.6,138.71,132.31,13.0,14.1,10.0,0.0,ok,-3.5,ok,5.44,,False,33.6,21.1,-6.5,6.2,61.5,10.1,54.9,6.6,-6.4,-0.402,0.358,AVGO,,126,14.1,20.0,,False
486,GM,General Motors Company,Consumer Cyclical,Auto Manufacturers,Core,76.8,84.96,81.92,14.0,14.5,10.0,0.0,ok,-5.0,ok,6.32,,False,33.5,5.8,28.5,1.9,10.2,3.2,38.8,7.9,-8.2,0.33,0.396,BMNR,,126,14.5,11.0,,False
487,CBRE,CBRE Group Inc,Real Estate,Real Estate Services,Core,44.9,155.07,147.32,14.0,12.9,10.0,0.0,ok,-3.5,ok,4.21,,False,33.4,17.1,3.6,15.5,18.6,15.8,57.4,5.2,-8.8,0.181,0.259,MSFT,,126,12.9,17.0,,False
488,HSIC,"Henry Schein, Inc.",Healthcare,Medical Distribution,Speculative,10.0,89.29,85.28,14.5,11.3,10.0,0.0,ok,-2.5,ok,3.39,,False,33.3,14.9,4.5,6.7,31.3,8.9,70.3,14.6,3.5,0.106,0.2,GOOG,,126,11.3,15.0,,False
489,PPL,PPL Corporation,Utilities,Utilities - Regulated Electric,Core,26.7,35.49,35.85,10.5,16.3,10.0,0.0,ok,-3.5,ok,5.33,,False,33.3,16.8,-7.3,4.2,44.1,8.6,49.1,-2.1,-16.0,-0.206,0.245,AVGO,,126,16.3,19.0,,False
490,IRM,Iron Mountain Incorporated (De,Real Estate,REIT - Specialty,Core,36.3,122.08,124.74,13.0,15.2,10.0,0.0,ok,-5.0,ok,7.74,,False,33.2,44.7,-1.2,18.5,54.2,,45.7,13.1,1.0,0.31,0.293,AVGO,,126,15.2,16.0,,False
491,AEE,Ameren Corporation,Utilities,Utilities - Regulated Electric,Core,30.3,109.28,111.0,11.0,15.7,10.0,0.0,ok,-3.5,ok,5.57,,False,33.2,18.8,-5.9,-6.2,52.4,11.9,53.2,1.9,-12.6,-0.261,0.253,AVGO,,126,15.7,19.0,,False
492,BDX,"Becton, Dickinson and Company",Healthcare,Medical Instruments & Supplies,Core,51.1,187.6,178.22,17.0,7.6,10.0,0.0,ok,-1.5,ok,2.63,,False,33.1,14.1,8.8,5.4,46.9,6.6,85.5,19.8,-9.3,0.014,0.234,AVGO,,126,7.6,16.0,,False
493,HLT,Hilton Worldwide Holdings Inc.,Consumer Cyclical,Lodging,Core,75.3,334.73,330.37,14.0,12.5,10.0,0.0,ok,-3.5,ok,4.21,,False,33.0,32.0,1.9,2.5,79.0,,59.7,8.2,-5.7,0.228,0.32,GOOG,,126,12.5,13.0,,False
494,SOUN,"SoundHound AI, Inc.",Technology,Software - Application,Growth,3.2,7.16,6.8,11.5,13.5,10.0,-2.0,ok,0.0,neg_ebitda_low_debt,,,False,33.0,,-1.4,45.0,42.3,-32.2,64.7,-18.4,-21.3,0.61,0.494,BMNR,,126,13.5,16.0,,False
495,TSCO,Tractor Supply Company,Consumer Cyclical,Specialty Retail,Core,18.5,35.44,33.67,14.5,11.0,10.0,0.0,ok,-2.5,ok,3.27,,False,33.0,17.3,0.6,2.3,36.5,39.5,80.0,-17.5,-44.2,0.059,0.101,BMNR,,126,11.0,11.0,,False
496,J,Jacobs Solutions Inc.,Industrials,Engineering & Construction,Growth,17.2,147.37,140.0,13.5,10.9,10.0,0.0,ok,-1.5,ok,2.72,,False,32.9,17.8,3.7,34.5,22.1,8.0,77.2,10.9,-6.7,0.117,0.149,BMNR,,126,10.9,14.0,,False
497,CNP,"CenterPoint Energy, Inc (Holdi",Utilities,Utilities - Regulated Electric,Core,26.6,40.4,42.77,11.5,16.4,10.0,0.0,ok,-5.0,ok,6.28,,False,32.9,19.4,-19.5,10.7,47.0,9.8,25.1,-2.3,-18.0,-0.287,0.282,AVGO,,126,16.4,19.0,,False
498,PKG,Packaging Corporation of Ameri,Consumer Cyclical,Packaging & Containers,Core,22.5,252.91,240.26,13.0,10.4,10.0,0.0,ok,-0.5,ok,1.91,,False,32.9,19.6,1.9,14.7,21.4,14.9,56.2,15.0,-6.3,0.076,0.14,NVDA,,126,10.4,11.0,,False
499,IREN,IREN LIMITED,Financial Services,Capital Markets,Core,15.3,42.84,43.98,9.5,15.3,10.0,-2.0,ok,0.0,financial_na,,,False,32.8,,-15.1,-0.0,68.4,7.7,59.0,-8.5,-13.8,0.548,0.497,BMNR,,126,15.3,16.0,,False
500,EVRG,"Evergy, Inc.",Utilities,Utilities - Regulated Electric,Core,19.3,83.58,84.71,10.5,15.7,10.0,0.0,ok,-3.5,ok,5.8,,False,32.7,18.3,-7.5,4.4,52.7,9.3,52.6,4.4,-6.8,-0.265,0.278,AVGO,,126,15.7,19.0,,False
501,TSLA,"Tesla, Inc.",Consumer Cyclical,Auto Manufacturers,Core,1386.8,351.12,367.26,11.0,13.6,10.0,-2.0,ok,0.0,ok,-2.55,,False,32.6,,0.3,25.5,18.9,4.7,76.6,-13.2,-27.5,0.538,0.482,BMNR,,126,13.6,11.0,,False
502,WAT,Waters Corporation,Healthcare,Diagnostics & Research,Growth,40.8,415.84,395.05,14.0,11.1,10.0,0.0,ok,-2.5,ok,3.4,,False,32.6,25.1,-0.3,113.4,56.3,1.9,73.1,16.0,13.8,0.195,0.206,AVGO,,126,11.1,16.0,,False
503,SW,Smurfit WestRock plc,Consumer Cyclical,Packaging & Containers,Core,25.5,48.71,46.27,13.0,11.1,10.0,0.0,ok,-1.5,ok,2.95,,False,32.6,14.5,4.8,1.1,18.2,2.7,54.0,18.0,-13.8,0.183,0.235,NVDA,,126,11.1,11.0,,False
504,OKE,"ONEOK, Inc.",Energy,Oil & Gas Midstream,Growth,60.5,96.01,91.21,15.0,11.0,10.0,0.0,ok,-3.5,ok,4.28,,False,32.5,15.3,1.5,52.8,27.2,16.3,68.1,16.5,-0.9,-0.379,0.304,AVGO,,126,11.0,12.0,,False
505,APD,"Air Products and Chemicals, In",Basic Materials,Specialty Chemicals,Cyclical,67.5,303.22,294.24,11.0,14.0,10.0,0.0,ok,-2.5,ok,3.71,,False,32.5,21.0,-2.2,4.6,32.1,0.0,53.4,9.0,-4.1,-0.021,0.107,GOOG,,126,14.0,11.0,,False
506,NBIS,Nebius Group N.V.,Communication Services,Internet Content & Information,Growth,60.9,223.9,222.95,13.5,13.9,10.0,0.0,ok,-5.0,ok,8.35,,False,32.4,,-15.8,454.0,74.3,0.6,57.6,51.0,95.3,0.405,0.464,NVDA,,126,13.9,15.0,,False
507,CMS,CMS Energy Corporation,Utilities,Utilities - Regulated Electric,Core,22.1,70.61,73.71,9.5,17.9,10.0,0.0,ok,-5.0,ok,6.32,,False,32.4,17.0,-9.9,-0.5,40.3,9.2,37.0,-3.6,-18.9,-0.331,0.31,MSFT,,126,17.9,19.0,,False
508,DE,Deere & Company,Industrials,Farm & Heavy Construction Mach,Core,156.7,580.63,602.64,10.0,15.8,10.0,0.0,ok,-3.5,ok,4.6,,False,32.3,25.8,0.7,-11.1,26.0,18.3,41.2,4.4,-24.8,-0.001,0.243,MSFT,,126,15.8,14.0,,False
509,PNW,Pinnacle West Capital Corporat,Utilities,Utilities - Regulated Electric,Core,12.1,99.43,104.27,10.5,16.8,10.0,0.0,ok,-5.0,ok,7.68,,False,32.3,17.9,-7.7,7.1,43.4,9.4,38.5,2.3,-10.8,-0.282,0.278,AVGO,,126,16.8,19.0,,False
510,SRE,DBA Sempra,Utilities,Utilities - Diversified,Core,56.0,85.59,90.55,9.5,17.7,10.0,0.0,ok,-5.0,ok,6.23,,False,32.2,15.5,-49.4,-0.1,44.0,6.7,32.9,-6.1,-20.0,-0.178,0.209,MSFT,,126,17.7,19.0,,False
511,CRWV,"CoreWeave, Inc.",Technology,Software - Infrastructure,Growth,50.1,90.87,90.24,12.5,14.7,10.0,0.0,ok,-5.0,ok,12.16,,False,32.2,,-18.1,112.5,67.4,-43.6,61.4,-1.6,-19.2,0.493,0.508,NVDA,,126,14.7,17.0,,False
512,CLX,Clorox Company (The),Consumer Defensive,Household & Personal Products,Core,13.0,107.9,102.51,15.0,10.2,10.0,0.0,ok,-3.5,ok,4.79,,False,31.7,17.0,0.8,-2.0,42.3,163.8,74.9,5.4,-23.4,-0.003,0.291,GOOG,,126,10.2,17.0,,False
513,EXC,Exelon Corporation,Utilities,Utilities - Regulated Electric,Core,46.7,45.3,46.26,10.5,16.1,10.0,0.0,ok,-5.0,ok,6.09,,False,31.6,14.9,-5.8,9.9,42.4,9.7,46.9,-1.3,-16.3,-0.33,0.281,AVGO,,126,16.1,19.0,,False
514,QBTS,D-Wave Quantum Inc.,Technology,Computer Hardware,Speculative,7.2,19.32,20.77,7.0,16.5,10.0,-2.0,ok,0.0,neg_ebitda_low_debt,,,False,31.5,,-1.0,-0.6,,-28.0,56.1,-12.8,-13.1,0.538,0.52,BMNR,,126,16.5,15.0,,False
515,D,"Dominion Energy, Inc.",Utilities,Utilities - Regulated Electric,Core,60.1,68.29,69.11,11.5,15.0,10.0,0.0,ok,-5.0,ok,6.43,,False,31.5,17.9,-15.3,17.6,46.2,8.3,39.6,7.7,-7.3,-0.15,0.186,MSFT,,126,15.0,19.0,,False
516,AES,The AES Corporation,Utilities,Utilities - Diversified,Core,10.5,14.7,14.72,10.0,16.4,10.0,0.0,ok,-5.0,ok,7.64,,False,31.4,6.2,-29.5,19.9,20.3,9.6,32.6,2.2,-21.8,-0.027,0.113,BMNR,,126,16.4,18.0,,False
517,OKLO,Oklo Inc.,Utilities,Utilities - Independent Power ,Speculative,8.0,42.94,47.93,8.0,15.3,10.0,-2.0,ok,0.0,neg_ebitda_low_debt,,,False,31.3,,-3.0,,,-7.7,53.0,-37.8,-49.3,0.556,0.566,BMNR,,126,15.3,19.0,,False
518,DOW,Dow Inc.,Basic Materials,Chemicals,Cyclical,22.9,31.75,30.31,9.0,14.8,10.0,0.0,ok,-2.5,ok,3.84,,False,31.3,17.5,1.0,19.7,9.8,-5.5,60.6,3.0,-10.4,-0.164,0.193,GOOG,,126,14.8,11.0,,False
519,DTE,DTE Energy Company,Utilities,Utilities - Regulated Electric,Core,29.0,139.18,146.33,9.5,16.8,10.0,0.0,ok,-5.0,ok,7.69,,False,31.3,16.6,-9.0,-1.5,29.3,11.0,39.7,-1.2,-16.0,-0.237,0.238,MSFT,,126,16.8,18.0,,False
520,MOS,Mosaic Company (The),Basic Materials,Agricultural Inputs,Cyclical,7.1,22.23,22.06,5.5,17.7,10.0,0.0,ok,-2.5,ok,3.37,,False,30.7,13.2,-10.6,-6.0,11.2,-5.1,46.1,-9.2,-38.4,0.16,0.181,AVGO,,126,17.7,11.0,,False
521,WBD,"Warner Bros. Discovery, Inc. -",Communication Services,Entertainment,Core,71.5,28.53,27.1,14.0,9.0,10.0,0.0,ok,-2.5,ok,3.67,,False,30.5,,22.6,-11.2,47.8,-8.8,86.4,5.9,-12.8,0.098,0.28,NVDA,,126,9.0,14.0,,False
522,APLD,Applied Digital Corporation,Technology,Information Technology Service,Growth,8.1,28.23,33.38,9.5,16.5,10.0,-2.0,ok,-4.0,neg_ebitda_debt,,,False,30.0,,,406.6,25.9,-8.4,51.0,-12.8,-23.2,0.521,0.467,NVDA,,126,16.5,15.0,fcf_yield_out_of_range(-61.0),False
523,AI,"C3.ai, Inc.",Technology,Software - Infrastructure,Speculative,1.6,10.38,9.86,6.0,16.0,10.0,-2.0,ok,0.0,neg_ebitda_low_debt,,,False,30.0,,-1.6,-52.5,,-63.0,67.5,-5.0,-15.7,0.552,0.472,MSFT,,126,16.0,15.0,,False
524,MRNA,"Moderna, Inc.",Healthcare,Biotechnology,Core,69.6,174.38,165.66,9.0,10.5,10.0,0.0,ok,0.0,neg_ebitda_low_debt,,,False,29.5,,0.4,2.1,,-39.0,93.9,266.4,238.1,0.089,0.285,BMNR,,126,10.5,15.0,,False
525,BBAI,"BigBear.ai, Inc.",Technology,Information Technology Service,Speculative,1.5,3.17,3.31,7.5,13.5,10.0,-2.0,ok,0.0,neg_ebitda_low_debt,,,False,29.0,,-13.7,13.2,27.9,-16.6,62.5,-29.2,-37.1,0.613,0.497,BMNR,,126,13.5,15.0,,False
526,CRL,Charles River Laboratories Int,Healthcare,Diagnostics & Research,Core,14.0,290.0,275.5,11.0,10.5,10.0,0.0,ok,-2.5,ok,3.35,,False,29.0,22.9,3.4,-2.7,34.6,-7.5,82.0,50.3,63.8,0.165,0.171,BMNR,,126,10.5,15.0,,False
527,SATS,EchoStar Corporation,Communication Services,Telecom Services,Core,30.1,97.39,122.33,7.5,16.4,10.0,0.0,ok,-5.0,ok,17.47,,False,28.9,,-1.5,-5.2,27.1,-112.3,34.2,-5.9,-21.7,0.329,0.362,BMNR,,89,16.4,15.0,,False
528,PCG,Pacific Gas & Electric Co.,Utilities,Utilities - Regulated Electric,Core,38.9,17.65,17.23,10.5,13.2,10.0,0.0,ok,-5.0,ok,6.1,,False,28.7,9.8,-15.8,0.1,39.8,9.3,48.1,5.4,-15.0,-0.091,0.129,MSFT,,126,13.2,18.0,,False
529,CIFR,Cipher Digital Inc.,Technology,Information Technology Service,Speculative,6.6,15.89,21.72,5.5,18.0,10.0,0.0,ok,-5.0,ok,49.49,,False,28.5,69.1,-43.9,-43.0,,-167.5,30.4,-14.4,-12.2,0.442,0.435,AVGO,,126,18.0,15.0,,False
530,IFF,International Flavors & Fragra,Basic Materials,Specialty Chemicals,Cyclical,21.3,83.33,79.16,8.0,11.8,10.0,0.0,ok,-1.5,ok,2.99,,False,28.3,21.1,-8.1,1.8,36.6,-5.5,58.8,14.1,-10.1,0.136,0.23,GOOG,,126,11.8,11.0,,False
531,XEL,Xcel Energy Inc.,Utilities,Utilities - Regulated Electric,Core,49.6,79.41,79.33,9.5,13.4,10.0,0.0,ok,-5.0,ok,6.47,,False,27.9,17.5,-15.9,-5.1,46.8,9.9,59.4,1.1,-13.8,-0.201,0.24,MSFT,,126,13.4,19.0,,False
532,BG,Bunge Limited,Consumer Defensive,Farm Products,Growth,21.9,114.0,114.24,9.5,11.1,10.0,0.0,ok,-3.5,ok,5.21,,False,27.1,10.1,-29.6,88.3,4.9,7.2,78.0,1.1,-20.4,-0.078,0.109,GOOG,,126,11.1,16.0,,False
533,WY,Weyerhaeuser Company,Real Estate,REIT - Specialty,Core,17.7,24.62,24.35,8.0,13.6,10.0,0.0,ok,-5.0,ok,7.15,,False,26.6,36.2,0.1,-0.9,14.5,5.0,59.4,2.2,-15.6,-0.03,0.162,GOOG,,126,13.6,15.0,,False
534,F,Ford Motor Company,Consumer Cyclical,Auto Manufacturers,Core,57.8,14.5,14.18,4.5,16.3,10.0,0.0,ok,-5.0,ok,18.47,,False,25.8,7.6,-13.7,-3.8,7.1,-18.3,44.0,9.2,-6.2,0.243,0.248,GOOG,,126,16.3,11.0,,False
