rank,ticker,name,sector,industry,category,mcap_B,current_price,entry_level,fundamental,technical,visibility,corr_penalty,corr_status,leverage_penalty,lev_status,nd_ebitda,dte_pct,broken_base,composite,fwd_pe,fcf_yield_pct,rev_growth_pct,gross_margin_pct,roe_pct,rsi,ma200_dist_pct,rel_str_6m_pct,portfolio_corr,max_corr,max_corr_with,corr_null_reason,n_corr_obs,technical_precap,visibility_legacy,data_flags,in_portfolio
1,AVGO,Broadcom Inc.,Technology,Semiconductors,Growth,1695.1,355.1,376.01,20.0,20.4,20.3,-2.0,ok,0.0,ok,0.68,,False,58.7,18.3,1.8,85.5,75.5,44.2,41.7,-3.4,3.5,0.616,0.528,ANET,,124,20.4,22.0,,True
2,LMT,Lockheed Martin Corporation,Industrials,Aerospace & Defense,Compounder,118.2,512.21,557.26,18.0,17.9,22.0,0.0,ok,-0.5,ok,1.73,,False,57.4,15.6,4.7,10.5,11.8,89.2,30.5,-8.7,-31.9,-0.154,0.168,AVGO,,124,17.9,22.0,,False
3,GOOG,Alphabet Inc.,Communication Services,Internet Content & Information,Compounder,4125.4,337.32,341.9,19.0,18.3,20.0,0.0,ok,0.0,ok,-0.7,,False,57.3,22.4,0.5,24.2,60.9,48.7,51.4,0.1,6.0,0.117,0.283,BMNR,,124,18.3,20.0,,True
4,GEV,GE Vernova Inc.,Industrials,Specialty Industrial Machinery,Compounder,256.3,962.49,970.85,20.0,15.7,23.0,-2.0,ok,0.0,ok,-2.29,,False,56.7,38.3,6.1,21.9,20.6,82.6,47.8,5.6,0.3,0.598,0.531,MU,,124,15.7,23.0,,True
5,NVDA,NVIDIA Corporation,Technology,Semiconductors,Growth,5486.4,227.21,216.68,20.0,17.6,17.7,0.0,ok,0.0,ok,-0.12,,False,55.3,14.5,0.8,105.9,74.7,117.2,51.7,13.8,20.1,0.494,0.446,AVGO,,124,17.6,20.0,,True
6,TSM,Taiwan Semiconductor Manufactu,Technology,Semiconductors,Growth,2369.9,456.94,434.09,24.0,14.5,21.0,-7.0,ok,0.0,ok,-0.77,,False,52.5,20.8,,36.0,64.2,40.0,60.9,19.2,27.2,0.759,0.643,GEV,,124,14.5,21.0,fcf_yield_out_of_range(30.8),False
7,RTX,RTX Corporation,Industrials,Aerospace & Defense,Compounder,251.9,186.94,207.31,15.5,16.3,21.0,0.0,ok,-0.5,ok,1.92,,False,52.3,23.8,3.9,14.5,20.3,12.3,22.5,-3.9,-17.6,-0.116,0.15,AVGO,,124,16.3,21.0,,False
8,EXPE,"Expedia Group, Inc.",Consumer Cyclical,Travel Services,Core,32.0,266.33,297.56,23.0,18.9,10.0,0.0,ok,0.0,ok,-0.5,,False,51.9,10.9,10.7,14.0,90.4,89.5,43.9,2.4,0.1,-0.144,0.231,GOOG,,124,18.9,15.0,,False
9,NOC,Northrop Grumman Corporation,Industrials,Aerospace & Defense,Compounder,71.7,504.61,540.77,16.0,16.3,21.0,0.0,ok,-1.5,ok,2.03,,False,51.8,16.6,3.5,5.1,20.1,27.0,39.1,-15.8,-42.4,-0.253,0.287,MU,,124,16.3,21.0,,False
10,PATH,"UiPath, Inc.",Technology,Software - Infrastructure,Speculative,6.4,12.32,14.43,22.0,19.4,10.0,0.0,ok,0.0,ok,-6.52,,False,51.4,13.4,7.4,13.4,82.6,20.0,32.4,-3.5,-4.2,-0.077,0.24,BMNR,,124,19.4,17.0,,False
11,ADBE,Adobe Inc.,Technology,Software - Application,Core,92.7,233.17,256.91,23.0,18.3,10.0,0.0,ok,0.0,ok,0.12,,False,51.3,8.4,10.1,12.9,89.3,61.9,33.4,-11.0,-20.8,-0.316,0.356,GEV,,124,18.3,17.0,,False
12,FDS,FactSet Research Systems Inc.,Financial Services,Financial Data & Stock Exchang,Speculative,9.2,259.97,280.98,21.0,20.1,10.0,0.0,ok,0.0,financial_na,,,False,51.1,13.2,6.7,6.4,51.4,27.0,32.4,4.3,9.6,-0.364,0.38,MU,,124,20.1,15.0,,False
13,AMP,"Ameriprise Financial, Inc.",Financial Services,Asset Management,Core,43.9,497.32,544.79,23.0,18.0,10.0,0.0,ok,0.0,financial_na,,,False,51.0,9.6,6.6,11.6,54.9,63.4,22.6,1.1,-3.7,0.009,0.243,GOOG,,124,18.0,15.0,,False
14,AXP,American Express Company,Financial Services,Credit Services,Core,206.2,305.4,330.63,21.5,19.1,10.0,0.0,ok,0.0,financial_na,,,False,50.6,15.1,,12.8,62.3,34.4,30.7,-8.3,-14.5,0.138,0.39,GOOG,,124,19.1,18.0,,False
15,DASH,"DoorDash, Inc.",Consumer Cyclical,Internet Retail,Growth,81.1,187.1,205.18,19.0,21.3,10.0,0.0,ok,0.0,ok,-1.42,,False,50.3,23.0,6.3,35.6,52.2,8.9,38.3,-0.2,8.9,-0.03,0.264,GOOG,,124,21.3,12.0,,False
16,GDDY,GoDaddy Inc.,Technology,Software - Infrastructure,Core,11.9,94.06,96.19,22.0,18.7,10.0,0.0,ok,-0.5,ok,1.91,,False,50.2,8.5,10.1,6.6,63.8,442.9,51.3,0.1,-2.4,-0.278,0.293,GEV,,124,18.7,17.0,,False
17,CPAY,"Corpay, Inc.",Technology,Software - Infrastructure,Core,25.8,392.7,399.25,23.0,18.6,10.0,0.0,ok,-1.5,ok,2.7,,False,50.1,12.5,7.5,21.5,80.5,29.2,34.4,13.8,17.7,-0.016,0.112,GEV,,124,18.6,17.0,,False
18,AMZN,"Amazon.com, Inc.",Consumer Cyclical,Internet Retail,Core,2660.7,246.67,255.95,17.0,19.5,13.3,0.0,ok,0.0,ok,0.76,,False,49.8,23.5,0.1,19.6,50.8,30.6,37.3,2.4,5.3,0.186,0.645,GOOG,,124,19.5,17.0,,False
19,UBER,"Uber Technologies, Inc.",Technology,Software - Application,Core,141.7,69.36,73.17,21.0,19.0,10.0,0.0,ok,-0.5,ok,1.25,,False,49.5,15.7,5.1,12.2,40.8,37.2,32.5,-7.6,-18.3,-0.073,0.248,ANET,,124,19.0,16.0,,False
20,CINF,Cincinnati Financial Corporati,Financial Services,Insurance - Property & Casualt,Growth,24.7,161.13,172.46,22.0,17.5,10.0,0.0,ok,0.0,financial_na,,,False,49.5,17.8,12.1,31.6,31.1,21.5,21.8,-3.6,-14.5,-0.318,0.365,AVGO,,124,17.5,14.0,,False
21,TROW,"T. Rowe Price Group, Inc.",Financial Services,Asset Management,Core,22.3,104.51,110.98,20.5,18.9,10.0,0.0,ok,0.0,financial_na,,,False,49.4,10.1,9.1,10.7,51.6,19.4,32.5,1.1,-0.1,0.174,0.373,BMNR,,124,18.9,15.0,,False
22,APO,"Apollo Global Management, Inc.",Financial Services,Asset Management,Growth,70.3,119.0,128.71,21.0,18.3,10.0,0.0,ok,0.0,financial_na,,,False,49.3,11.1,,63.8,36.1,11.4,22.1,-6.4,-9.3,0.215,0.344,GOOG,,124,18.3,14.0,,False
23,NFLX,"Netflix, Inc.",Communication Services,Entertainment,Core,292.7,70.3,75.4,23.0,16.3,10.0,0.0,ok,0.0,ok,0.51,,False,49.3,18.4,8.7,13.4,49.1,49.5,34.7,-16.8,-41.9,-0.173,0.223,GEV,,124,16.3,14.0,,False
24,CSCO,"Cisco Systems, Inc.",Technology,Communication Equipment,Core,421.6,106.94,112.24,19.5,19.8,10.0,0.0,ok,0.0,ok,0.82,,False,49.3,19.0,2.7,17.6,64.5,27.3,44.0,10.4,22.1,0.329,0.502,ANET,,124,19.8,15.0,,False
25,CEG,Constellation Energy Corporati,Utilities,Utilities - Independent Power ,Compounder,93.7,264.58,271.7,12.5,18.2,21.0,0.0,ok,-2.5,ok,3.02,,False,49.2,19.9,-7.1,23.0,22.1,15.1,25.7,-8.6,-28.8,0.313,0.288,GEV,,124,18.2,21.0,,False
26,MS,Morgan Stanley,Financial Services,Capital Markets,Core,302.7,192.76,211.05,20.0,19.0,10.0,0.0,ok,0.0,financial_na,,,False,49.0,14.2,,28.0,87.6,18.0,14.2,-0.1,4.9,0.472,0.414,BMNR,,124,19.0,16.0,,False
27,NXPI,NXP Semiconductors N.V.,Technology,Semiconductors,Core,59.6,236.47,235.41,21.0,18.5,10.0,0.0,ok,-0.5,ok,1.53,,False,49.0,13.1,6.0,19.5,56.1,27.9,62.8,-3.5,8.7,0.482,0.469,MU,,124,18.5,14.0,,False
28,INCY,Incyte Corporation,Healthcare,Biotechnology,Growth,25.0,123.2,123.43,23.0,16.0,10.0,0.0,ok,0.0,ok,-2.32,,False,49.0,13.9,4.7,37.7,55.7,30.7,47.3,15.8,18.9,-0.121,0.223,AVGO,,124,16.0,16.0,,False
29,MAS,Masco Corporation,Industrials,Building Products & Equipment,Core,13.5,68.37,72.93,20.0,19.4,10.0,0.0,ok,-0.5,ok,1.95,,False,48.9,14.7,6.7,-2.9,37.2,5862.5,40.6,-2.3,-0.8,0.306,0.343,GEV,,124,19.4,14.0,,False
30,ADSK,"Autodesk, Inc.",Technology,Software - Application,Core,42.5,203.18,233.27,23.0,15.9,10.0,0.0,ok,0.0,ok,-0.2,,False,48.9,14.3,7.4,16.1,92.5,53.9,42.3,-15.6,-31.3,-0.288,0.349,MU,,124,15.9,17.0,,False
31,BLK,"BlackRock, Inc.",Financial Services,Asset Management,Growth,173.5,1067.94,1108.13,20.5,18.3,10.0,0.0,ok,0.0,financial_na,,,False,48.8,16.6,4.4,30.6,47.2,12.3,42.8,0.8,-3.2,0.173,0.429,GOOG,,124,18.3,15.0,,False
32,ORCL,Oracle Corporation,Technology,Software - Infrastructure,Core,417.7,137.79,142.12,17.5,15.4,18.3,0.0,ok,-2.5,ok,3.84,,False,48.7,12.5,-11.0,29.6,64.0,41.2,29.0,-15.9,-17.9,0.419,0.4,NVDA,,124,15.4,19.0,,False
33,BR,Broadridge Financial Solutions,Technology,Information Technology Service,Core,18.2,160.95,167.19,21.0,18.2,10.0,0.0,ok,-0.5,ok,1.72,,False,48.7,13.9,6.6,7.5,31.8,40.9,35.4,-6.5,-19.0,-0.346,0.376,GEV,,124,18.2,15.0,,False
34,ABNB,"Airbnb, Inc.",Consumer Cyclical,Travel Services,Core,94.0,156.96,167.93,20.5,18.1,10.0,0.0,ok,0.0,ok,-3.47,,False,48.6,25.4,3.4,16.5,82.9,34.5,29.5,9.9,10.0,0.001,0.267,GOOG,,124,18.1,15.0,,False
35,OXY,Occidental Petroleum Corporati,Energy,Oil & Gas E&P,Growth,54.9,54.94,58.27,22.5,16.1,10.0,0.0,ok,0.0,ok,0.76,,False,48.6,13.7,6.9,53.4,73.3,10.6,31.2,2.5,-34.6,-0.247,0.325,GOOG,,124,16.1,14.0,,False
36,VRT,"Vertiv Holdings, LLC",Industrials,Electrical Equipment & Parts,Core,95.6,248.34,264.86,20.5,17.5,14.6,-4.0,ok,0.0,ok,0.08,,False,48.6,27.1,2.8,24.1,38.0,43.9,29.7,-5.6,-11.5,0.653,0.619,GEV,,124,17.5,20.0,,False
37,SCHW,Charles Schwab Corporation (Th,Financial Services,Capital Markets,Core,171.4,99.1,106.42,21.5,17.0,10.0,0.0,ok,0.0,financial_na,,,False,48.5,12.7,,20.9,97.5,20.3,26.3,1.1,-10.6,-0.167,0.241,MU,,124,17.0,16.0,,False
38,MCO,Moody's Corporation,Financial Services,Financial Data & Stock Exchang,Core,78.8,454.82,483.78,20.5,18.0,10.0,0.0,ok,0.0,financial_na,,,False,48.5,24.0,3.3,15.1,75.0,76.9,32.8,-3.4,-12.0,-0.191,0.253,MU,,124,18.0,16.0,,False
39,CBOE,"Cboe Global Markets, Inc.",Financial Services,Financial Data & Stock Exchang,Core,27.3,261.75,287.98,20.5,17.9,10.0,0.0,ok,0.0,financial_na,,,False,48.4,17.2,2.5,22.9,54.1,26.3,25.7,-8.6,-24.8,-0.183,0.23,GEV,,124,17.9,15.0,,False
40,SPGI,S&P Global Inc.,Financial Services,Financial Data & Stock Exchang,Core,115.7,392.45,420.13,19.5,18.9,10.0,0.0,ok,0.0,financial_na,,,False,48.4,19.4,4.7,10.4,70.9,14.3,21.1,-11.2,-23.5,-0.249,0.299,MU,,124,18.9,16.0,,False
41,WDAY,"Workday, Inc.",Technology,Software - Application,Core,45.6,189.17,181.88,20.5,17.7,10.0,0.0,ok,0.0,ok,0.23,,False,48.2,14.3,6.7,12.8,75.8,16.0,53.0,19.8,29.4,-0.345,0.396,GEV,,124,17.7,17.0,,False
42,POWL,"Powell Industries, Inc.",Industrials,Electrical Equipment & Parts,Speculative,6.9,188.46,198.03,17.5,16.7,18.0,-4.0,ok,0.0,ok,-2.67,,False,48.2,27.0,2.8,8.9,30.1,28.3,57.1,-8.6,-5.0,0.707,0.652,MU,,124,16.7,18.0,,False
43,HIG,"The Hartford Insurance Group, ",Financial Services,Insurance - Diversified,Core,34.1,125.85,137.41,20.0,18.1,10.0,0.0,ok,0.0,financial_na,,,False,48.1,9.2,16.2,8.1,37.9,22.1,21.6,-7.4,-23.9,-0.393,0.39,MU,,124,18.1,14.0,,False
44,RJF,"Raymond James Financial, Inc.",Financial Services,Asset Management,Core,30.7,159.85,172.92,20.0,18.1,10.0,0.0,ok,0.0,financial_na,,,False,48.1,11.3,,15.1,93.2,18.4,17.1,-0.5,-3.6,-0.006,0.341,GOOG,,124,18.1,16.0,,False
45,AOS,A.O. Smith Corporation,Industrials,Specialty Industrial Machinery,Speculative,7.9,58.02,60.34,19.0,19.0,10.0,0.0,ok,0.0,ok,0.63,,False,48.0,14.2,6.1,-0.7,38.6,27.1,43.9,-9.9,-26.9,0.156,0.238,NVDA,,122,19.0,14.0,,False
46,TLN,Talen Energy Corporation,Utilities,Utilities - Independent Power ,Growth,15.1,314.84,323.31,17.5,18.5,19.0,-2.0,ok,-5.0,ok,16.05,,False,48.0,10.2,8.4,111.2,42.1,-12.8,44.0,-10.7,-16.9,0.53,0.488,GEV,,124,18.5,19.0,,False
47,NEM,Newmont Corporation,Basic Materials,Gold,Cyclical,123.4,117.09,115.83,22.0,16.0,10.0,0.0,ok,0.0,ok,-0.2,,False,48.0,11.4,7.1,15.1,68.0,25.9,34.1,5.5,-4.0,0.471,0.471,BMNR,,124,16.0,13.0,,False
48,INTU,Intuit Inc.,Technology,Software - Application,Core,71.6,268.03,323.15,22.0,15.9,10.0,0.0,ok,0.0,ok,0.18,,False,47.9,9.9,8.9,13.7,81.0,23.6,25.9,-33.1,-54.8,-0.31,0.363,GEV,,124,15.9,17.0,,False
49,HAS,"Hasbro, Inc.",Consumer Cyclical,Leisure,Core,12.4,88.26,91.76,22.0,16.4,10.0,0.0,ok,-0.5,ok,1.92,,False,47.9,13.5,5.5,16.2,63.8,159.6,41.3,-2.0,-18.8,0.042,0.15,GOOG,,124,16.4,13.0,,False
50,MMM,3M Company,Industrials,Conglomerates,Core,86.9,168.49,173.7,21.0,17.4,10.0,0.0,ok,-0.5,ok,1.21,,False,47.9,17.2,7.3,2.5,39.4,81.9,51.9,4.9,0.7,0.1,0.179,GOOG,,124,17.4,14.0,,False
51,APP,Applovin Corporation,Communication Services,Advertising Agencies,Growth,102.7,305.66,340.73,22.5,15.4,10.0,0.0,ok,0.0,ok,0.09,,False,47.9,14.6,3.1,52.8,88.5,203.7,47.1,-34.2,-35.3,0.153,0.271,BMNR,,124,15.4,15.0,,False
52,EOG,"EOG Resources, Inc.",Energy,Oil & Gas E&P,Growth,73.3,139.66,144.47,24.0,13.8,10.0,0.0,ok,0.0,ok,0.23,,False,47.8,9.4,6.1,58.7,62.6,22.5,40.7,6.8,-23.6,-0.336,0.331,BMNR,,124,13.8,14.0,,False
53,META,"Meta Platforms, Inc.",Communication Services,Internet Content & Information,Core,1882.1,738.79,701.85,18.0,12.8,17.0,0.0,ok,0.0,ok,0.2,,False,47.8,21.1,1.1,28.0,81.7,29.8,70.2,17.8,20.2,0.092,0.295,GOOG,,124,12.8,15.0,,False
54,MDB,"MongoDB, Inc.",Technology,Software - Infrastructure,Growth,27.1,337.19,385.97,16.5,21.2,10.0,0.0,ok,0.0,ok,-170.08,,False,47.7,43.3,2.1,30.5,72.7,2.0,45.3,-2.0,25.9,0.046,0.224,NVDA,,124,21.2,17.0,,False
55,GWW,"W.W. Grainger, Inc.",Industrials,Industrial Distribution,Core,58.8,1248.67,1309.86,19.5,18.2,10.0,0.0,ok,0.0,ok,0.69,,False,47.7,24.5,2.1,10.3,39.4,46.1,35.4,4.1,0.9,0.076,0.172,GOOG,,124,18.2,14.0,,False
56,WRB,W.R. Berkley Corporation,Financial Services,Insurance - Property & Casualt,Core,25.3,68.22,70.39,20.0,17.6,10.0,0.0,ok,0.0,financial_na,,,False,47.6,14.1,12.0,1.2,43.8,20.2,39.6,-0.9,-14.5,-0.429,0.431,MU,,124,17.6,15.0,,False
57,DECK,Deckers Outdoor Corporation,Consumer Cyclical,Footwear & Accessories,Core,10.6,77.68,89.55,21.0,16.5,10.0,0.0,ok,0.0,ok,-0.85,,False,47.5,9.3,8.2,5.7,57.8,42.6,32.9,-23.6,-35.7,0.01,0.339,GOOG,,124,16.5,12.0,,False
58,EQT,EQT Corporation,Energy,Oil & Gas E&P,Cyclical,30.6,48.88,52.88,18.5,19.0,10.0,0.0,ok,0.0,ok,0.79,,False,47.5,13.0,8.0,-3.9,80.7,11.1,20.7,-11.9,-41.4,-0.172,0.167,MU,,124,19.0,14.0,,False
59,EBAY,eBay Inc.,Consumer Cyclical,Internet Retail,Core,46.8,105.21,107.75,20.5,17.5,10.0,0.0,ok,-0.5,ok,1.24,,False,47.5,15.7,3.4,14.8,72.1,46.6,51.4,4.7,2.0,-0.045,0.197,GOOG,,124,17.5,13.0,,False
60,SYF,Synchrony Financial,Financial Services,Credit Services,Core,23.3,71.72,76.71,19.5,18.0,10.0,0.0,ok,0.0,financial_na,,,False,47.5,6.9,,0.6,0.0,20.8,25.9,-4.0,-8.4,0.22,0.333,GOOG,,124,18.0,16.0,,False
61,BKNG,Booking Holdings Inc. Common S,Consumer Cyclical,Travel Services,Core,122.0,162.34,190.66,19.0,18.4,10.0,0.0,ok,0.0,ok,0.36,,False,47.4,13.1,6.3,8.1,87.2,,27.2,-11.5,-18.9,-0.18,0.247,GEV,,124,18.4,15.0,,False
62,RL,Ralph Lauren Corporation,Consumer Cyclical,Apparel Manufacturing,Core,21.2,355.92,364.82,22.0,15.4,10.0,0.0,ok,0.0,ok,0.67,,False,47.4,17.0,4.2,14.0,70.3,37.5,55.7,-2.5,-8.5,0.229,0.214,GOOG,,124,15.4,13.0,,False
63,PEP,"Pepsico, Inc.",Consumer Defensive,Beverages - Non-Alcoholic,Core,175.8,128.69,137.52,20.0,18.9,10.0,0.0,ok,-1.5,ok,2.25,,False,47.4,14.4,4.5,6.4,54.2,51.5,15.9,-12.6,-35.4,-0.472,0.464,MU,,124,18.9,17.0,,False
64,PYPL,"PayPal Holdings, Inc.",Financial Services,Credit Services,Core,46.1,53.89,56.75,20.0,17.4,10.0,0.0,ok,0.0,financial_na,,,False,47.4,9.3,9.6,4.8,40.5,24.5,53.7,7.0,3.1,-0.094,0.167,MU,,124,17.4,17.0,,False
65,GL,Globe Life Inc.,Financial Services,Insurance - Life,Core,12.8,166.08,175.68,20.0,17.4,10.0,0.0,ok,0.0,financial_na,,,False,47.4,10.1,9.1,8.0,33.9,20.9,33.4,6.0,4.5,-0.099,0.245,GOOG,,124,17.4,14.0,,False
66,GOOGL,Alphabet Inc.,Communication Services,Internet Content & Information,Core,4169.4,340.92,344.26,19.0,18.4,10.0,0.0,ok,0.0,ok,-0.7,,False,47.4,22.6,0.5,24.2,60.9,48.7,51.8,0.8,7.2,0.205,0.995,GOOG,,124,18.4,15.0,,False
67,EL,"Estee Lauder Companies, Inc. (",Consumer Defensive,Household & Personal Products,Core,34.1,94.37,92.89,17.0,21.9,10.0,0.0,ok,-1.5,ok,2.34,,False,47.4,24.1,5.3,6.3,75.5,4.7,36.3,2.3,21.3,0.057,0.347,BMNR,,124,21.9,18.0,,False
68,GE,GE Aerospace,Industrials,Aerospace & Defense,Core,329.8,317.89,344.01,18.0,19.3,10.0,0.0,ok,0.0,ok,0.9,,False,47.3,35.0,2.0,21.1,31.1,48.2,35.1,-1.7,-1.2,0.247,0.362,GOOG,,124,19.3,14.0,,False
69,IBKR,"Interactive Brokers Group, Inc",Financial Services,Capital Markets,Core,146.8,86.18,91.05,20.0,19.3,10.0,-2.0,ok,0.0,financial_na,,,False,47.3,27.0,,26.3,93.0,24.0,38.3,6.7,17.8,0.509,0.566,BMNR,,124,19.3,16.0,,False
70,CF,"CF Industries Holdings, Inc.",Basic Materials,Agricultural Inputs,Cyclical,17.5,115.71,124.88,22.0,15.3,10.0,0.0,ok,0.0,ok,0.29,,False,47.3,10.5,7.3,17.6,42.5,29.9,27.1,3.9,-33.1,-0.24,0.296,GOOG,,124,15.3,12.0,,False
71,GS,"Goldman Sachs Group, Inc. (The",Financial Services,Capital Markets,Growth,266.8,916.24,1015.48,21.0,18.2,10.0,-2.0,ok,0.0,financial_na,,,False,47.2,12.5,,42.5,82.1,16.9,20.9,-4.3,-4.0,0.521,0.492,BMNR,,124,18.2,16.0,,False
72,CL,Colgate-Palmolive Company,Consumer Defensive,Household & Personal Products,Core,68.9,86.46,90.1,21.0,16.6,10.0,0.0,ok,-0.5,ok,1.29,,False,47.1,21.1,5.0,4.9,60.4,267.4,36.8,-1.8,-16.0,-0.378,0.375,MU,,124,16.6,18.0,,False
73,QCOM,QUALCOMM Incorporated,Technology,Semiconductors,Core,196.6,184.1,174.9,19.0,18.1,10.0,0.0,ok,0.0,ok,0.58,,False,47.1,18.0,5.2,-4.0,54.2,33.8,56.1,9.0,27.4,0.439,0.419,MU,,124,18.1,14.0,,False
74,JPM,JP Morgan Chase & Co.,Financial Services,Banks - Diversified,Growth,890.4,334.98,352.83,19.0,18.0,10.0,0.0,ok,0.0,financial_na,,,False,47.0,13.4,,30.4,0.0,17.8,28.4,4.5,1.2,0.105,0.215,GOOG,,124,18.0,14.0,,False
75,MNST,Monster Beverage Corporation,Consumer Defensive,Beverages - Non-Alcoholic,Core,81.8,41.74,61.02,20.5,16.5,10.0,0.0,ok,0.0,ok,-1.13,,False,47.0,31.9,2.1,20.2,55.5,25.7,39.6,-45.7,-59.0,0.025,0.181,GOOG,,124,16.5,17.0,,False
76,PODD,Insulet Corporation,Healthcare,Medical Devices,Speculative,9.2,132.84,147.71,20.5,16.5,10.0,0.0,ok,0.0,ok,0.67,,False,47.0,17.2,2.6,23.5,71.1,26.0,30.2,-32.4,-53.6,-0.223,0.261,MU,,124,16.5,17.0,,False
77,ZTS,Zoetis Inc.,Healthcare,Drug Manufacturers - Specialty,Core,29.0,70.3,74.77,21.0,16.5,10.0,0.0,ok,-0.5,ok,1.86,,False,47.0,10.8,6.9,-0.2,71.7,64.9,34.2,-29.0,-56.8,-0.096,0.169,NVDA,,124,16.5,17.0,,False
78,PGR,Progressive Corporation (The),Financial Services,Insurance - Property & Casualt,Core,122.2,210.52,214.03,19.5,17.3,10.0,0.0,ok,0.0,financial_na,,,False,46.8,12.9,12.4,7.3,18.5,34.9,43.5,1.0,-12.9,-0.467,0.427,MU,,124,17.3,14.0,,False
79,TPR,"Tapestry, Inc.",Consumer Cyclical,Luxury Goods,Core,22.8,114.12,132.44,22.0,15.3,10.0,0.0,ok,-0.5,ok,1.39,,False,46.8,12.8,6.2,8.9,76.6,197.1,42.0,-17.7,-34.1,0.065,0.248,GOOG,,124,15.3,13.0,,False
80,COF,Capital One Financial Corporat,Financial Services,Credit Services,Growth,120.5,196.46,211.57,18.0,18.7,10.0,0.0,ok,0.0,financial_na,,,False,46.7,8.2,,1111.0,0.0,9.0,22.5,-4.8,-7.2,0.172,0.362,GOOG,,124,18.7,16.0,,False
81,PTC,PTC Inc.,Technology,Software - Application,Core,14.9,137.56,140.47,21.0,15.7,10.0,0.0,ok,0.0,ok,0.98,,False,46.7,15.4,6.9,-6.8,84.5,35.1,56.0,-5.7,-19.0,-0.215,0.239,MU,,124,15.7,17.0,,False
82,HBAN,Huntington Bancshares Incorpor,Financial Services,Banks - Regional,Growth,30.9,15.27,16.93,18.0,18.7,10.0,0.0,ok,0.0,financial_na,,,False,46.7,8.6,,47.6,0.0,9.0,26.6,-9.6,-15.8,0.093,0.299,GOOG,,124,18.7,14.0,,False
83,ANET,"Arista Networks, Inc.",Technology,Computer Hardware,Growth,255.9,202.86,192.72,19.0,14.4,15.2,-2.0,ok,0.0,ok,-2.88,,False,46.6,39.1,1.5,37.7,63.0,31.5,61.7,28.9,57.2,0.522,0.528,AVGO,,124,14.4,20.0,,True
84,UNP,Union Pacific Corporation,Industrials,Railroads,Core,162.9,274.15,292.14,20.5,17.5,10.0,0.0,ok,-1.5,ok,2.26,,False,46.5,19.3,2.9,11.5,56.3,39.7,27.7,4.0,-2.9,-0.076,0.199,BMNR,,124,17.5,15.0,,False
85,LULU,lululemon athletica inc.,Consumer Cyclical,Apparel Retail,Core,10.7,96.87,113.37,20.0,16.5,10.0,0.0,ok,0.0,ok,0.32,,False,46.5,11.2,10.7,-4.3,54.9,30.9,39.9,-34.1,-51.1,0.008,0.234,BMNR,,124,16.5,12.0,,False
86,PSA,Public Storage,Real Estate,REIT - Industrial,Core,53.4,285.58,311.62,20.0,18.0,10.0,0.0,ok,-1.5,ok,2.89,,False,46.5,27.9,4.4,3.3,74.4,21.9,30.7,-4.3,-9.8,-0.128,0.256,GOOG,,124,18.0,17.0,,False
87,ERIE,Erie Indemnity Company,Financial Services,Insurance Brokers,Core,11.6,222.43,244.6,17.5,18.9,10.0,0.0,ok,0.0,financial_na,,,False,46.4,15.9,4.1,2.8,17.9,24.8,31.9,-10.8,-27.3,-0.395,0.4,MU,,124,18.9,14.0,,False
88,MSFT,Microsoft Corporation,Technology,Software - Infrastructure,Core,3779.3,508.96,483.51,18.0,14.8,13.6,0.0,ok,0.0,ok,0.27,,False,46.4,21.5,0.4,17.7,67.9,34.0,58.9,17.8,24.3,0.08,0.285,BMNR,,124,14.8,18.0,,False
89,CRM,"Salesforce, Inc.",Technology,Software - Application,Core,185.4,225.31,214.35,20.5,17.4,10.0,0.0,ok,-1.5,ok,2.4,,False,46.4,14.1,9.6,10.8,77.3,19.4,32.1,12.2,4.6,-0.216,0.293,GEV,,124,17.4,17.0,,False
90,MA,Mastercard Incorporated,Financial Services,Credit Services,Core,493.7,563.58,569.2,20.5,15.9,10.0,0.0,ok,0.0,financial_na,,,False,46.4,24.5,3.4,14.1,100.0,241.2,43.4,6.0,-3.2,-0.314,0.344,AVGO,,124,15.9,18.0,,False
91,IBM,International Business Machine,Technology,Information Technology Service,Core,207.3,219.99,230.35,20.0,18.9,10.0,0.0,ok,-2.5,ok,3.47,,False,46.4,16.7,5.8,1.1,58.1,34.5,40.8,-14.0,-24.1,-0.107,0.213,GEV,,124,18.9,16.0,,False
92,FANG,"Diamondback Energy, Inc.",Energy,Oil & Gas E&P,Growth,51.5,183.95,198.53,21.0,15.8,10.0,0.0,ok,-0.5,ok,1.03,,False,46.3,9.8,9.8,52.5,72.4,3.5,35.3,0.4,-24.4,-0.116,0.256,GOOG,,124,15.8,14.0,,False
93,TRV,"The Travelers Companies, Inc.",Financial Services,Insurance - Property & Casualt,Core,75.8,363.21,372.27,20.0,16.3,10.0,0.0,ok,0.0,financial_na,,,False,46.3,12.0,19.5,0.3,34.7,26.5,46.6,14.1,7.0,-0.344,0.353,MU,,124,16.3,14.0,,False
94,V,Visa Inc.,Financial Services,Credit Services,Core,686.9,365.88,368.09,20.5,15.8,10.0,0.0,ok,0.0,financial_na,,,False,46.3,24.4,3.0,14.4,97.7,61.2,46.2,8.7,4.9,-0.302,0.324,MU,,124,15.8,18.0,,False
95,KMB,Kimberly-Clark Corporation,Consumer Defensive,Household & Personal Products,Core,32.9,98.99,106.18,18.5,18.2,10.0,0.0,ok,-0.5,ok,1.6,,False,46.2,13.2,2.9,0.6,37.6,104.9,32.4,-3.3,-14.8,-0.226,0.237,ANET,,124,18.2,16.0,,False
96,NOW,"ServiceNow, Inc.",Technology,Software - Application,Core,134.3,129.94,126.3,18.0,18.7,10.0,0.0,ok,-0.5,ok,1.31,,False,46.2,26.0,3.8,24.0,74.8,14.2,44.5,11.6,6.3,-0.187,0.32,GEV,,124,18.7,17.0,,False
97,CRDO,Credo Technology Group Holding,Technology,Semiconductors,Growth,36.2,192.35,210.35,20.0,18.1,10.0,-2.0,ok,0.0,ok,-1.36,,False,46.1,19.8,0.7,114.7,67.1,30.7,62.6,9.0,101.6,0.596,0.527,MU,,124,18.1,15.0,,False
98,HOOD,"Robinhood Markets, Inc.",Financial Services,Capital Markets,Growth,104.5,116.22,110.41,18.5,17.6,10.0,0.0,ok,0.0,financial_na,,,False,46.1,33.7,,32.3,91.9,23.6,48.7,22.9,60.9,0.31,0.598,BMNR,,124,17.6,16.0,,False
99,CTSH,Cognizant Technology Solutions,Technology,Information Technology Service,Core,25.6,56.84,57.63,18.5,17.6,10.0,0.0,ok,0.0,ok,0.26,,False,46.1,9.0,8.7,4.5,33.4,14.9,40.6,-7.0,-23.8,-0.456,0.475,GEV,,124,17.6,15.0,,False
100,IDXX,"IDEXX Laboratories, Inc.",Healthcare,Diagnostics & Research,Core,42.0,533.44,546.55,19.5,16.5,10.0,0.0,ok,0.0,ok,0.55,,False,46.0,31.9,2.2,9.7,62.4,74.2,59.2,-9.8,-21.7,-0.086,0.313,GOOG,,124,16.5,17.0,,False
101,AAPL,Apple Inc.,Technology,Consumer Electronics,Core,4807.3,329.4,321.87,20.5,15.5,10.0,0.0,ok,0.0,ok,0.13,,False,46.0,34.4,2.2,16.4,48.7,148.8,62.9,14.4,16.2,-0.064,0.201,BMNR,,124,15.5,14.0,,False
102,MSCI,MSCI Inc.,Financial Services,Financial Data & Stock Exchang,Core,39.2,539.76,563.27,17.5,18.5,10.0,0.0,ok,0.0,financial_na,,,False,46.0,24.0,3.0,12.2,83.0,,42.8,-5.5,-15.6,-0.268,0.345,MU,,124,18.5,16.0,,False
103,TMUS,"T-Mobile US, Inc.",Communication Services,Telecom Services,Core,174.8,162.98,177.91,19.5,19.0,10.0,0.0,ok,-2.5,ok,3.42,,False,46.0,11.3,6.5,7.9,63.1,18.0,27.9,-14.9,-41.3,-0.357,0.376,GEV,,124,19.0,17.0,,False
104,ESTC,Elastic N.V.,Technology,Software - Application,Speculative,9.3,88.8,84.36,21.0,15.0,10.0,0.0,ok,0.0,neg_ebitda_low_debt,,,False,46.0,22.5,5.4,15.1,75.6,33.1,50.9,37.0,62.2,-0.071,0.223,GEV,,124,15.0,17.0,,False
105,ODFL,"Old Dominion Freight Line, Inc",Industrials,Trucking,Core,36.9,177.46,200.93,18.5,17.4,10.0,0.0,ok,0.0,ok,-0.15,,False,45.9,26.6,2.6,10.4,39.6,24.8,34.8,-11.0,-24.0,0.125,0.186,NVDA,,124,17.4,14.0,,False
106,MDT,Medtronic plc.,Healthcare,Medical Devices,Core,111.4,87.09,89.39,19.5,16.9,10.0,0.0,ok,-0.5,ok,1.86,,False,45.9,13.6,4.9,13.7,65.3,10.6,30.2,-1.6,-15.9,-0.301,0.336,MU,,124,16.9,17.0,,False
107,MKC,"McCormick & Company, Incorpora",Consumer Defensive,Packaged Foods,Core,13.0,48.4,52.09,20.0,18.4,10.0,0.0,ok,-2.5,ok,3.17,,False,45.9,14.7,5.5,16.7,38.9,24.7,23.4,-13.0,-26.6,-0.393,0.359,MU,,124,18.4,16.0,,False
108,ADP,"Automatic Data Processing, Inc",Technology,Software - Application,Core,103.7,261.8,270.14,20.0,17.9,10.0,-2.0,ok,0.0,ok,0.2,,False,45.9,19.5,5.1,6.8,48.7,72.2,39.8,10.3,9.9,-0.534,0.524,GEV,,124,17.9,16.0,,False
109,BMY,Bristol-Myers Squibb Company,Healthcare,Drug Manufacturers - General,Core,128.4,62.86,64.4,22.0,14.3,10.0,0.0,ok,-0.5,ok,1.8,,False,45.8,9.6,6.3,5.7,71.7,46.6,39.1,6.7,-11.2,-0.208,0.247,AVGO,,124,14.3,17.0,,False
110,VLTO,Veralto Corp,Industrials,Pollution & Treatment Controls,Core,23.6,96.65,96.32,19.5,16.8,10.0,0.0,ok,-0.5,ok,1.06,,False,45.8,20.3,3.4,7.5,60.2,34.3,54.9,3.9,-5.0,-0.269,0.292,MU,,124,16.8,16.0,,False
111,FITB,Fifth Third Bancorp,Financial Services,Banks - Regional,Growth,46.2,50.97,55.32,18.0,17.8,10.0,0.0,ok,0.0,financial_na,,,False,45.8,10.3,,51.8,0.0,8.4,28.9,-0.9,-2.4,0.037,0.228,GOOG,,124,17.8,14.0,,False
112,WSM,"Williams-Sonoma, Inc.",Consumer Cyclical,Specialty Retail,Core,27.1,229.96,232.97,18.5,17.3,10.0,0.0,ok,0.0,ok,0.3,,False,45.8,21.9,3.9,6.7,45.7,55.0,52.3,10.8,13.1,0.204,0.213,GOOG,,124,17.3,12.0,,False
113,IT,"Gartner, Inc.",Technology,Information Technology Service,Core,11.7,185.85,178.21,21.0,15.2,10.0,0.0,ok,-0.5,ok,1.33,,False,45.7,11.4,9.0,-0.6,69.6,113.6,61.0,6.8,-0.7,-0.335,0.392,GEV,,124,15.2,17.0,,False
114,PNC,"PNC Financial Services Group, ",Financial Services,Banks - Regional,Core,88.4,221.65,243.93,18.5,17.2,10.0,0.0,ok,0.0,financial_na,,,False,45.7,10.3,,23.6,0.0,12.6,18.7,-2.3,-6.7,-0.034,0.243,GOOG,,124,17.2,14.0,,False
115,UPS,"United Parcel Service, Inc.",Industrials,Integrated Freight & Logistics,Core,79.9,93.93,103.52,18.5,17.6,10.0,0.0,ok,-0.5,ok,1.99,,False,45.6,11.6,7.0,7.6,22.4,29.6,35.4,-9.5,-16.9,0.193,0.202,MU,,124,17.6,14.0,,False
116,VRSK,"Verisk Analytics, Inc.",Industrials,Consulting Services,Core,21.6,165.94,186.25,18.0,19.0,10.0,0.0,ok,-1.5,ok,2.68,,False,45.5,19.1,4.9,4.4,70.2,,38.5,-13.0,-28.9,-0.457,0.463,GEV,,124,19.0,18.0,,False
117,NWS,News Corporation,Communication Services,Entertainment,Core,17.0,31.5,32.92,18.0,17.5,10.0,0.0,ok,0.0,ok,0.61,,False,45.5,20.8,6.1,10.8,57.2,8.0,35.6,4.7,-6.3,-0.301,0.32,GEV,,124,17.5,14.0,,False
118,TTD,"The Trade Desk, Inc.",Communication Services,Advertising Agencies,Speculative,5.7,12.05,14.94,19.5,16.0,10.0,0.0,ok,0.0,ok,-1.51,,False,45.5,11.9,10.2,3.0,76.9,15.4,26.6,-47.8,-62.7,-0.084,0.186,GOOG,,124,16.0,15.0,,False
119,EXE,Expand Energy Corporation,Energy,Oil & Gas E&P,Cyclical,19.5,84.18,93.23,16.5,19.0,10.0,0.0,ok,0.0,ok,0.46,,False,45.5,9.8,7.5,-10.6,47.1,14.9,14.4,-14.5,-41.5,-0.265,0.277,MU,,124,19.0,13.0,,False
120,GPN,Global Payments Inc.,Industrials,Specialty Business Services,Growth,22.1,83.33,87.84,21.0,18.0,10.0,0.0,ok,-3.5,ok,4.05,,False,45.5,5.2,,68.6,64.0,2.4,33.0,9.1,8.2,-0.044,0.222,GOOG,,124,18.0,18.0,fcf_yield_out_of_range(35.7),False
121,ALLE,Allegion plc,Industrials,Security & Protection Services,Core,13.2,155.43,157.37,19.5,16.4,10.0,0.0,ok,-0.5,ok,1.81,,False,45.4,15.9,3.7,12.7,44.8,33.7,48.6,3.4,-8.7,0.132,0.188,GEV,,124,16.4,17.0,,False
122,ACN,Accenture plc,Technology,Information Technology Service,Core,108.4,177.12,175.81,18.5,16.9,10.0,0.0,ok,0.0,ok,-0.14,,False,45.4,12.1,11.2,5.6,32.0,24.4,48.3,-9.9,-27.1,-0.445,0.482,GEV,,124,16.9,15.0,,False
123,HSY,The Hershey Company,Consumer Defensive,Confectioners,Core,32.4,161.41,176.95,20.0,15.8,10.0,0.0,ok,-0.5,ok,1.89,,False,45.3,16.4,5.4,6.6,38.4,32.8,21.7,-15.2,-41.3,-0.431,0.378,MU,,124,15.8,16.0,,False
124,CTAS,Cintas Corporation,Industrials,Specialty Business Services,Core,79.0,197.74,202.12,19.5,15.8,10.0,0.0,ok,0.0,ok,0.79,,False,45.3,32.1,2.1,10.9,51.0,41.4,45.3,5.4,0.1,-0.429,0.446,MU,,124,15.8,17.0,,False
125,JKHY,"Jack Henry & Associates, Inc.",Technology,Information Technology Service,Core,10.3,146.22,157.49,17.5,17.8,10.0,0.0,ok,0.0,ok,0.09,,False,45.3,18.6,3.4,4.7,43.9,24.0,30.9,-7.6,-24.0,-0.352,0.363,MU,,124,17.8,16.0,,False
126,DXCM,"DexCom, Inc.",Healthcare,Medical Devices,Core,32.7,86.64,85.4,20.5,14.8,10.0,0.0,ok,0.0,ok,-0.39,,False,45.3,27.7,3.1,13.1,62.5,38.5,60.9,19.2,22.5,-0.113,0.257,GOOG,,124,14.8,17.0,,False
127,AFL,AFLAC Incorporated,Financial Services,Insurance - Life,Core,57.0,113.66,119.71,17.5,17.8,10.0,0.0,ok,0.0,financial_na,,,False,45.3,15.0,9.0,-1.0,50.9,16.9,41.8,-1.0,-12.4,-0.359,0.337,MU,,124,17.8,15.0,,False
128,NDAQ,"Nasdaq, Inc.",Financial Services,Financial Data & Stock Exchang,Core,51.3,91.85,94.89,18.0,17.2,10.0,0.0,ok,0.0,financial_na,,,False,45.2,19.6,3.3,14.9,100.0,16.5,40.6,1.4,-7.5,-0.169,0.241,BMNR,,124,17.2,16.0,,False
129,ELV,"Elevance Health, Inc.",Healthcare,Healthcare Plans,Core,85.2,392.73,396.59,16.0,19.2,10.0,0.0,ok,0.0,ok,-0.78,,False,45.2,13.3,5.1,1.4,26.0,11.1,43.2,7.8,20.4,-0.048,0.145,AVGO,,124,19.2,15.0,,False
130,FOXA,Fox Corporation,Communication Services,Entertainment,Core,26.3,62.48,63.81,18.0,17.2,10.0,0.0,ok,0.0,ok,0.87,,False,45.2,10.7,2.1,28.1,36.6,14.3,39.2,-1.2,-11.8,-0.152,0.231,ANET,,124,17.2,13.0,,False
131,PRU,"Prudential Financial, Inc.",Financial Services,Insurance - Life,Core,39.7,115.06,120.4,18.0,17.2,10.0,0.0,ok,0.0,financial_na,,,False,45.2,7.7,19.0,14.1,29.0,12.0,35.4,6.1,4.3,-0.057,0.22,GOOG,,124,17.2,14.0,,False
132,ULTA,"Ulta Beauty, Inc.",Consumer Cyclical,Specialty Retail,Core,23.4,547.89,529.85,18.5,17.1,10.0,0.0,ok,-0.5,ok,1.19,,False,45.1,17.1,3.9,8.9,43.1,46.1,49.4,-1.6,-10.1,0.005,0.203,BMNR,,124,17.1,12.0,,False
133,MPC,Marathon Petroleum Corporation,Energy,Oil & Gas Refining & Marketing,Growth,110.1,392.03,372.43,21.0,14.6,10.0,0.0,ok,-0.5,ok,1.72,,False,45.1,8.3,8.4,53.7,12.8,42.1,46.8,52.5,42.4,-0.086,0.233,NVDA,,124,14.6,12.0,,False
134,AVY,Avery Dennison Corporation,Consumer Cyclical,Packaging & Containers,Core,12.9,170.78,172.73,20.5,16.1,10.0,0.0,ok,-1.5,ok,2.28,,False,45.1,15.3,7.8,10.9,29.0,31.2,50.2,-1.1,-15.9,-0.019,0.075,ANET,,124,16.1,11.0,,False
135,FOX,Fox Corporation,Communication Services,Entertainment,Core,23.5,55.83,56.97,18.0,17.0,10.0,0.0,ok,0.0,ok,0.87,,False,45.0,9.7,2.4,28.1,36.6,14.3,39.3,-1.6,-13.7,-0.18,0.262,ANET,,124,17.0,13.0,,False
136,IVZ,Invesco Ltd,Financial Services,Asset Management,Core,13.4,30.42,31.33,16.5,18.4,10.0,0.0,ok,0.0,financial_na,,,False,44.9,9.3,8.5,20.5,29.5,-0.6,30.8,10.3,14.1,0.409,0.438,BMNR,,124,18.4,14.0,,False
137,USB,U.S. Bancorp,Financial Services,Banks - Regional,Core,90.6,58.14,62.51,17.5,17.4,10.0,0.0,ok,0.0,financial_na,,,False,44.9,10.0,,10.4,0.0,12.6,26.2,1.4,-2.0,-0.006,0.271,GOOG,,124,17.4,14.0,,False
138,CMG,"Chipotle Mexican Grill, Inc.",Consumer Cyclical,Restaurants,Core,40.3,31.88,34.64,18.5,17.9,10.0,0.0,ok,-1.5,ok,2.08,,False,44.9,23.2,2.8,9.3,39.4,49.6,19.5,-8.7,-15.2,-0.039,0.13,NVDA,,124,17.9,11.0,,False
139,CVNA,Carvana Co.,Consumer Cyclical,Auto & Truck Dealerships,Growth,70.5,63.62,68.63,16.0,19.3,10.0,0.0,ok,-0.5,ok,1.02,,False,44.8,28.1,0.6,52.4,19.4,58.8,28.5,-12.2,-8.1,0.178,0.399,GOOG,,124,19.3,11.0,,False
140,FSLR,"First Solar, Inc.",Technology,Solar,Core,19.0,176.93,209.42,18.5,16.3,10.0,0.0,ok,0.0,ok,-0.64,,False,44.8,7.6,8.4,-3.7,44.0,18.5,30.5,-21.6,-21.7,0.445,0.402,AVGO,,124,16.3,14.0,,False
141,TRMB,Trimble Inc.,Technology,Scientific & Technical Instrum,Core,13.4,57.34,57.76,17.0,18.3,10.0,0.0,ok,-0.5,ok,1.41,,False,44.8,13.9,5.1,11.0,71.8,-1.9,42.6,-9.2,-25.8,-0.02,0.259,BMNR,,124,18.3,15.0,,False
142,CSX,CSX Corporation,Industrials,Railroads,Core,86.9,46.93,49.71,19.5,16.7,10.0,0.0,ok,-1.5,ok,2.64,,False,44.7,20.6,2.2,10.1,47.1,24.4,33.2,6.5,0.5,0.132,0.169,GEV,,124,16.7,15.0,,False
143,STE,STERIS plc (Ireland),Healthcare,Medical Devices,Core,20.5,210.65,224.16,16.0,18.7,10.0,0.0,ok,0.0,ok,0.95,,False,44.7,17.2,3.9,7.3,44.4,11.4,34.1,-8.0,-21.5,-0.246,0.28,MU,,124,18.7,16.0,,False
144,NTRS,Northern Trust Corporation,Financial Services,Asset Management,Growth,31.6,172.94,182.91,17.5,17.2,10.0,0.0,ok,0.0,financial_na,,,False,44.7,13.6,,36.4,0.0,17.1,27.2,6.9,9.4,0.22,0.289,ANET,,124,17.2,14.0,,False
145,ICE,Intercontinental Exchange Inc.,Financial Services,Financial Data & Stock Exchang,Core,85.4,152.19,154.4,18.5,16.2,10.0,0.0,ok,0.0,financial_na,,,False,44.7,17.3,4.3,4.8,100.0,14.1,37.2,-1.8,-20.5,-0.301,0.373,MU,,124,16.2,16.0,,False
146,SPG,"Simon Property Group, Inc.",Real Estate,REIT - Retail,Core,77.5,204.28,216.96,20.5,17.6,10.0,0.0,ok,-3.5,ok,5.54,,False,44.6,30.1,3.3,19.5,81.4,120.5,27.0,0.7,-5.5,-0.144,0.197,AVGO,,124,17.6,17.0,,False
147,ON,ON Semiconductor Corporation,Technology,Semiconductors,Core,29.6,75.95,77.49,16.0,20.6,10.0,-2.0,ok,0.0,ok,0.4,,False,44.6,16.8,5.6,9.2,42.8,8.3,59.8,-5.0,19.0,0.648,0.588,MU,,124,20.6,14.0,,False
148,C,"Citigroup, Inc.",Financial Services,Banks - Diversified,Core,219.4,130.8,133.97,16.0,18.6,10.0,0.0,ok,0.0,financial_na,,,False,44.6,10.1,,15.5,0.0,8.5,35.7,4.5,5.0,0.381,0.348,ANET,,124,18.6,14.0,,False
149,RMD,ResMed Inc.,Healthcare,Medical Instruments & Supplies,Core,32.1,222.83,221.26,18.5,16.1,10.0,0.0,ok,0.0,ok,-0.31,,False,44.6,16.8,2.9,8.6,61.6,24.3,54.3,-1.3,-15.9,-0.208,0.28,GOOG,,124,16.1,17.0,,False
150,URI,"United Rentals, Inc.",Industrials,Rental & Leasing Services,Core,63.1,1014.54,1066.8,18.5,18.6,10.0,0.0,ok,-2.5,ok,3.26,,False,44.6,17.7,2.7,11.8,38.5,28.9,49.8,7.7,24.9,0.239,0.305,GEV,,124,18.6,16.0,,False
151,DVA,DaVita Inc.,Healthcare,Medical Care Facilities,Core,11.2,175.19,193.99,19.5,18.5,10.0,0.0,ok,-3.5,ok,4.5,,False,44.5,10.2,9.3,5.2,32.4,88.5,44.9,3.7,-2.5,-0.077,0.342,ANET,,124,18.5,15.0,,False
152,KEY,KeyCorp,Financial Services,Banks - Regional,Core,21.5,20.12,22.02,17.5,17.0,10.0,0.0,ok,0.0,financial_na,,,False,44.5,9.4,,10.1,0.0,10.3,25.4,-6.6,-13.8,0.152,0.274,GOOG,,124,17.0,14.0,,False
153,BX,Blackstone Inc.,Financial Services,Asset Management,Core,136.3,114.0,133.05,22.5,12.0,10.0,0.0,ok,0.0,financial_na,,,True,44.5,15.2,,28.6,100.0,31.4,21.4,-11.1,-14.4,0.161,0.356,BMNR,,124,18.4,16.0,,False
154,STT,State Street Corporation,Financial Services,Asset Management,Core,48.8,177.78,186.53,17.5,17.0,10.0,0.0,ok,0.0,financial_na,,,False,44.5,11.6,,18.4,0.0,12.4,15.3,15.8,27.5,0.317,0.311,ANET,,124,17.0,14.0,,False
155,VLO,Valero Energy Corporation,Energy,Oil & Gas Refining & Marketing,Growth,111.6,387.72,368.33,20.0,14.5,10.0,0.0,ok,0.0,ok,0.26,,False,44.5,10.2,7.5,51.7,16.1,27.6,52.6,51.7,37.4,-0.076,0.259,GOOG,,124,14.5,12.0,,False
156,LII,"Lennox International, Inc.",Industrials,Building Products & Equipment,Core,12.4,360.16,416.01,18.5,16.5,10.0,0.0,ok,-0.5,ok,1.68,,False,44.5,13.8,2.2,3.0,33.3,71.8,30.3,-26.3,-36.1,0.358,0.313,MU,,124,16.5,14.0,,False
157,DLTR,"Dollar Tree, Inc.",Consumer Defensive,Discount Stores,Core,21.3,113.3,124.72,18.5,17.4,10.0,0.0,ok,-1.5,ok,2.64,,False,44.4,14.3,4.9,7.0,37.2,46.0,30.9,-3.6,-10.3,-0.119,0.144,MU,,124,17.4,16.0,,False
158,BRK-B,Berkshire Hathaway Inc. New,Financial Services,Insurance - Diversified,Core,1075.4,502.35,506.37,18.5,15.9,10.0,0.0,ok,0.0,financial_na,,,False,44.4,22.6,6.7,10.0,30.3,12.1,46.0,2.0,-11.7,-0.341,0.341,MU,,124,15.9,14.0,,False
159,ROK,"Rockwell Automation, Inc.",Industrials,Specialty Industrial Machinery,Core,48.0,431.53,439.44,18.5,18.4,10.0,-2.0,ok,-0.5,ok,1.5,,False,44.4,28.9,2.7,7.9,49.1,30.6,52.6,2.2,6.7,0.516,0.465,GEV,,124,18.4,15.0,,False
160,AZO,"AutoZone, Inc.",Consumer Cyclical,Auto Parts,Core,46.5,2875.97,2975.36,16.5,19.3,10.0,0.0,ok,-1.5,ok,2.89,,False,44.3,15.0,,5.6,52.3,,43.6,-13.1,-31.5,-0.292,0.345,MU,,124,19.3,12.0,,False
161,SYY,Sysco Corporation,Consumer Defensive,Food Distribution,Core,37.6,78.49,81.99,17.0,18.8,10.0,0.0,ok,-1.5,ok,2.95,,False,44.3,14.6,5.1,4.7,18.5,77.7,44.8,-1.2,-3.4,-0.11,0.141,NVDA,,124,18.8,16.0,,False
162,MSI,"Motorola Solutions, Inc.",Technology,Communication Equipment,Core,73.8,446.12,457.62,19.5,16.3,10.0,0.0,ok,-1.5,ok,2.37,,False,44.3,23.0,2.7,13.3,52.1,91.6,36.4,4.0,-13.0,-0.201,0.274,MU,,124,16.3,14.0,,False
163,BBY,"Best Buy Co., Inc.",Consumer Cyclical,Specialty Retail,Core,18.6,88.75,87.32,18.0,16.3,10.0,0.0,ok,0.0,ok,0.66,,False,44.3,12.3,7.5,3.6,22.6,43.1,48.8,22.8,21.4,-0.056,0.187,GEV,,124,16.3,11.0,,False
164,TEL,TE Connectivity plc,Technology,Electronic Components,Core,61.5,212.59,208.27,18.5,15.8,10.0,0.0,ok,0.0,ok,0.92,,False,44.3,16.5,3.8,13.8,36.1,23.3,62.4,-1.0,-10.5,0.328,0.282,ANET,,124,15.8,13.0,,False
165,OMC,Omnicom Group Inc.,Communication Services,Advertising Agencies,Growth,20.3,74.14,82.13,18.5,17.3,10.0,0.0,ok,-1.5,ok,2.2,,False,44.3,6.4,20.9,63.4,19.0,6.1,27.8,-5.1,-19.1,-0.201,0.236,MU,,124,17.3,13.0,,False
166,HWM,Howmet Aerospace Inc.,Industrials,Aerospace & Defense,Core,92.1,230.94,262.25,18.0,16.8,10.0,0.0,ok,-0.5,ok,1.47,,False,44.3,35.7,1.3,24.1,36.0,34.7,49.2,-6.8,-13.9,0.235,0.259,GOOG,,124,16.8,14.0,,False
167,ITW,Illinois Tool Works Inc.,Industrials,Specialty Industrial Machinery,Core,76.1,267.07,279.67,18.5,16.2,10.0,0.0,ok,-0.5,ok,1.84,,False,44.2,21.5,3.2,6.1,44.2,104.6,47.5,-0.3,-12.6,0.031,0.109,GEV,,124,16.2,15.0,,False
168,PSX,Phillips 66,Energy,Oil & Gas Refining & Marketing,Growth,101.1,252.25,239.64,19.0,15.7,10.0,0.0,ok,-0.5,ok,1.66,,False,44.2,10.1,4.5,53.1,13.1,23.5,42.4,39.6,20.0,-0.164,0.299,NVDA,,124,15.7,12.0,,False
169,SNPS,"Synopsys, Inc.",Technology,Software - Infrastructure,Growth,79.5,415.09,401.73,20.0,16.7,10.0,0.0,ok,-2.5,ok,3.49,,False,44.2,23.5,4.3,42.4,82.9,3.7,61.2,-6.8,-9.2,0.312,0.404,NVDA,,124,16.7,17.0,,False
170,AJG,Arthur J. Gallagher & Co.,Financial Services,Insurance Brokers,Growth,58.4,227.75,250.92,16.5,17.7,10.0,0.0,ok,0.0,financial_na,,,False,44.2,15.3,3.6,30.9,43.2,6.7,27.0,-2.3,-12.0,-0.488,0.489,MU,,124,17.7,15.0,,False
171,UNH,UnitedHealth Group Incorporate,Healthcare,Healthcare Plans,Core,336.5,374.94,398.33,15.5,19.2,10.0,0.0,ok,-0.5,ok,1.57,,False,44.2,16.6,7.2,0.4,19.7,14.2,20.4,5.6,25.7,-0.036,0.085,AVGO,,124,19.2,15.0,,False
172,TYL,"Tyler Technologies, Inc.",Technology,Software - Application,Core,13.0,316.26,333.77,16.0,18.7,10.0,0.0,ok,-0.5,ok,1.06,,False,44.2,20.6,4.6,8.2,47.2,9.7,30.9,-9.1,-24.8,-0.448,0.452,MU,,124,18.7,16.0,,False
173,MRSH,Marsh,Financial Services,Insurance Brokers,Core,81.3,170.42,184.39,19.0,17.1,10.0,-2.0,ok,0.0,financial_na,,,False,44.1,14.9,5.9,6.2,44.0,25.9,29.0,-3.6,-19.5,-0.548,0.526,MU,,124,17.1,15.0,,False
174,NWSA,News Corporation,Communication Services,Entertainment,Core,15.4,28.52,29.22,18.0,16.1,10.0,0.0,ok,0.0,ok,0.61,,False,44.1,18.9,6.8,10.8,57.2,8.0,38.4,7.7,-2.4,-0.321,0.337,GEV,,124,16.1,14.0,,False
175,KKR,KKR & Co. Inc.,Financial Services,Asset Management,Core,86.1,93.18,103.56,15.5,18.6,10.0,0.0,ok,0.0,financial_na,,,False,44.1,12.6,,7.8,54.8,7.3,25.3,-10.2,-14.2,0.225,0.342,BMNR,,124,18.6,15.0,,False
176,WFC,Wells Fargo & Company,Financial Services,Banks - Diversified,Core,243.4,80.48,86.49,16.5,17.6,10.0,0.0,ok,0.0,financial_na,,,False,44.1,10.1,,9.5,0.0,12.6,26.5,-4.9,-12.1,-0.04,0.156,ANET,,124,17.6,14.0,,False
177,HON,Honeywell International Inc.,Industrials,Conglomerates,Core,66.6,210.13,223.42,18.5,18.1,10.0,0.0,ok,-2.5,ok,3.03,,False,44.1,21.3,3.9,4.3,36.5,46.6,53.9,-5.8,-23.0,-0.096,0.152,GOOG,,124,18.1,14.0,,False
178,ALL,Allstate Corporation (The),Financial Services,Insurance - Property & Casualt,Core,57.0,225.42,255.42,22.0,12.0,10.0,0.0,ok,0.0,financial_na,,,True,44.0,8.1,26.6,11.8,36.8,46.1,19.2,0.7,-8.7,-0.474,0.467,MU,,124,17.5,14.0,,False
179,ALB,Albemarle Corporation,Basic Materials,Specialty Chemicals,Growth,12.7,107.62,123.6,19.0,15.0,10.0,0.0,ok,0.0,ok,0.25,,False,44.0,9.5,10.5,31.1,24.0,2.6,27.3,-30.9,-56.8,0.262,0.237,MU,,124,15.0,11.0,,False
180,SNA,Snap-On Incorporated,Industrials,Tools & Accessories,Core,19.0,367.08,392.92,17.5,16.5,10.0,0.0,ok,0.0,ok,-0.24,,False,44.0,17.2,5.8,4.2,51.8,17.9,26.2,-3.0,-14.6,0.172,0.251,GOOG,,124,16.5,15.0,,False
181,UAL,"United Airlines Holdings, Inc.",Industrials,Airlines,Core,36.6,112.65,116.31,17.0,18.5,10.0,0.0,ok,-1.5,ok,2.4,,False,44.0,7.8,2.5,16.0,31.8,23.3,58.1,3.3,14.7,0.365,0.34,GOOG,,124,18.5,14.0,,False
182,CVX,Chevron Corporation,Energy,Oil & Gas Integrated,Growth,400.9,204.38,201.27,20.5,13.4,10.0,0.0,ok,0.0,ok,0.56,,False,43.9,14.5,5.5,53.5,44.3,12.2,42.3,10.4,-20.5,-0.391,0.333,NVDA,,124,13.4,13.0,,False
183,DHI,"D.R. Horton, Inc.",Consumer Cyclical,Residential Construction,Core,39.0,139.4,144.68,16.0,18.3,10.0,0.0,ok,-0.5,ok,1.24,,False,43.8,12.0,6.2,0.0,21.3,12.6,51.6,-6.2,-12.0,0.165,0.184,GOOG,,124,18.3,11.0,,False
184,CME,CME Group Inc.,Financial Services,Financial Data & Stock Exchang,Core,94.6,263.22,268.92,17.0,16.8,10.0,0.0,ok,0.0,financial_na,,,False,43.8,20.4,3.1,0.8,100.0,15.8,33.2,-4.8,-29.0,-0.391,0.408,MU,,124,16.8,16.0,,False
185,PFG,Principal Financial Group Inc,Financial Services,Asset Management,Core,24.4,113.97,113.43,17.5,16.3,10.0,0.0,ok,0.0,financial_na,,,False,43.8,10.9,4.3,6.4,47.3,12.9,46.6,13.0,11.7,-0.06,0.262,GOOG,,124,16.3,15.0,,False
186,AIG,"American International Group, ",Financial Services,Insurance - Diversified,Core,39.4,75.27,76.9,17.0,16.8,10.0,0.0,ok,0.0,financial_na,,,False,43.8,8.6,18.7,0.5,35.1,7.2,52.7,-2.4,-15.8,-0.233,0.292,NVDA,,124,16.8,14.0,,False
187,ALGN,"Align Technology, Inc.",Healthcare,Medical Instruments & Supplies,Core,10.2,144.01,162.33,18.5,15.2,10.0,0.0,ok,0.0,ok,-1.06,,False,43.7,11.5,5.8,4.3,70.7,10.2,36.9,-15.6,-30.9,0.095,0.272,GOOG,,124,15.2,17.0,,False
188,TKO,"TKO Group Holdings, Inc.",Communication Services,Entertainment,Core,33.6,177.58,188.24,16.5,18.7,10.0,0.0,ok,-1.5,ok,2.69,,False,43.7,37.9,2.5,18.2,59.5,7.1,24.4,-9.8,-26.6,-0.073,0.15,ANET,,124,18.7,14.0,,False
189,ABT,Abbott Laboratories,Healthcare,Medical Devices,Core,174.7,100.95,106.99,18.5,16.7,10.0,0.0,ok,-1.5,ok,2.32,,False,43.7,16.6,4.1,13.0,56.8,10.6,23.4,-3.1,-17.8,-0.34,0.336,AVGO,,124,16.7,16.0,,False
190,FDX,FedEx Corporation,Industrials,Integrated Freight & Logistics,Core,68.0,287.47,315.02,18.0,17.2,10.0,0.0,ok,-1.5,ok,2.48,,False,43.7,13.8,8.3,12.5,27.3,14.8,28.6,-14.3,-33.4,0.189,0.23,GOOG,,124,17.2,14.0,,False
191,TGT,Target Corporation,Consumer Defensive,Discount Stores,Core,71.1,156.43,154.19,17.5,16.6,10.0,0.0,ok,-0.5,ok,1.6,,False,43.6,16.4,4.8,5.3,28.4,26.4,39.6,23.3,15.4,-0.128,0.181,GOOG,,124,16.6,16.0,,False
192,T,AT&T Inc.,Communication Services,Telecom Services,Core,167.7,24.48,24.79,19.5,16.6,10.0,0.0,ok,-2.5,ok,3.3,,False,43.6,9.5,6.0,2.3,59.7,18.3,39.0,-2.1,-31.5,-0.336,0.356,GEV,,124,16.6,16.0,,False
193,FIX,"Comfort Systems USA, Inc.",Industrials,Engineering & Construction,Growth,58.6,1665.05,1663.87,20.0,17.6,10.0,-4.0,ok,0.0,ok,-0.77,,False,43.6,27.7,3.1,50.3,25.7,55.3,53.4,8.0,13.3,0.748,0.717,GEV,,124,17.6,14.0,,False
194,UDR,"UDR, Inc.",Real Estate,REIT - Residential,Core,12.5,33.95,36.97,18.5,18.5,10.0,0.0,ok,-3.5,ok,5.76,,False,43.5,60.6,6.3,-0.1,66.6,13.7,22.0,-7.7,-15.4,-0.302,0.393,AVGO,,124,18.5,17.0,,False
195,DOV,Dover Corporation,Industrials,Specialty Industrial Machinery,Core,25.5,189.7,199.21,16.0,17.5,10.0,0.0,ok,0.0,ok,0.79,,False,43.5,16.3,3.5,6.9,40.1,14.9,39.6,-9.7,-24.0,0.337,0.295,MU,,124,17.5,15.0,,False
196,PPG,"PPG Industries, Inc.",Basic Materials,Specialty Chemicals,Cyclical,23.6,106.02,111.98,17.5,17.5,10.0,0.0,ok,-1.5,ok,2.17,,False,43.5,12.2,4.7,7.2,41.2,19.3,36.9,-4.8,-14.7,0.277,0.258,GOOG,,124,17.5,12.0,,False
197,CDNS,"Cadence Design Systems, Inc.",Technology,Software - Application,Core,89.3,324.17,319.0,18.0,15.4,10.0,0.0,ok,0.0,ok,0.52,,False,43.4,33.9,1.8,24.2,85.9,23.2,79.9,-0.5,2.2,0.388,0.385,NVDA,,124,15.4,17.0,,False
198,ZBH,"Zimmer Biomet Holdings, Inc.",Healthcare,Medical Devices,Core,17.4,91.34,96.05,18.0,16.9,10.0,0.0,ok,-1.5,ok,2.83,,False,43.4,10.1,6.2,4.8,69.5,6.4,43.4,0.1,-14.1,-0.163,0.174,MU,,124,16.9,17.0,,False
199,MTB,M&T Bank Corporation,Financial Services,Banks - Regional,Core,31.4,217.5,240.66,16.5,16.9,10.0,0.0,ok,0.0,financial_na,,,False,43.4,10.3,,6.2,0.0,10.7,15.8,-2.5,-9.4,-0.033,0.264,GOOG,,124,16.9,14.0,,False
200,COP,ConocoPhillips,Energy,Oil & Gas E&P,Growth,150.7,125.44,127.12,19.5,13.9,10.0,0.0,ok,0.0,ok,0.58,,False,43.4,13.0,5.1,35.5,47.6,14.2,35.1,8.8,-22.4,-0.332,0.38,GOOG,,124,13.9,13.0,,False
201,WDC,Western Digital Corporation,Technology,Computer Hardware,Growth,163.5,453.48,473.58,20.0,20.3,10.0,-7.0,ok,0.0,ok,-0.08,,False,43.3,14.3,1.4,43.8,48.9,130.9,43.0,14.9,62.7,0.759,0.717,MU,,124,20.3,14.0,,False
202,MAA,Mid-America Apartment Communit,Real Estate,REIT - Residential,Core,14.1,118.43,128.9,18.0,18.8,10.0,0.0,ok,-3.5,ok,4.57,,False,43.3,36.1,6.5,1.0,58.4,7.0,17.7,-9.2,-19.0,-0.314,0.399,AVGO,,124,18.8,16.0,,False
203,NUE,Nucor Corporation,Basic Materials,Steel,Cyclical,53.6,236.24,255.23,14.0,19.3,10.0,0.0,ok,0.0,ok,0.78,,False,43.3,11.9,1.3,23.0,15.6,14.5,31.8,11.0,26.4,0.235,0.232,ANET,,124,19.3,11.0,,False
204,LLY,Eli Lilly and Company,Healthcare,Drug Manufacturers - General,Growth,1056.4,1184.63,1178.9,20.0,13.8,10.0,0.0,ok,-0.5,ok,1.1,,False,43.3,25.0,1.0,47.7,83.4,102.3,78.6,10.7,16.3,-0.107,0.2,NVDA,,124,13.8,17.0,,False
205,UHS,"Universal Health Services, Inc",Healthcare,Medical Care Facilities,Core,10.4,175.73,170.63,19.0,14.8,10.0,0.0,ok,-0.5,ok,1.9,,False,43.3,7.3,4.8,8.3,44.6,20.9,55.1,-3.3,-21.0,-0.205,0.212,MU,,124,14.8,16.0,,False
206,GEHC,GE HealthCare Technologies Inc,Healthcare,Medical Devices,Core,30.0,66.46,68.53,17.5,17.3,10.0,0.0,ok,-1.5,ok,2.36,,False,43.3,12.3,5.2,5.8,39.5,19.4,48.0,-7.3,-20.8,-0.131,0.186,ANET,,124,17.3,15.0,,False
207,AMT,American Tower Corporation (RE,Real Estate,REIT - Specialty,Core,78.0,167.35,172.82,19.5,18.7,10.0,0.0,ok,-5.0,ok,6.14,,False,43.2,23.9,3.7,4.7,73.8,33.9,32.5,-5.1,-18.3,-0.401,0.393,MU,,124,18.7,17.0,,False
208,CHD,"Church & Dwight Company, Inc.",Consumer Defensive,Household & Personal Products,Core,22.5,94.95,98.64,17.5,16.2,10.0,0.0,ok,-0.5,ok,1.6,,False,43.2,23.5,4.2,1.6,45.6,17.0,41.8,-0.7,-16.1,-0.386,0.399,MU,,124,16.2,17.0,,False
209,CFG,"Citizens Financial Group, Inc.",Financial Services,Banks - Regional,Core,26.9,63.89,70.33,16.0,17.2,10.0,0.0,ok,0.0,financial_na,,,False,43.2,9.8,,14.7,0.0,8.3,24.6,-1.3,-5.5,0.086,0.237,GOOG,,124,17.2,14.0,,False
210,L,Loews Corporation,Financial Services,Insurance - Property & Casualt,Core,21.7,105.93,111.49,16.0,17.1,10.0,0.0,ok,0.0,financial_na,,,False,43.1,36.5,5.8,3.9,36.3,9.3,32.2,-2.8,-17.4,-0.36,0.376,MU,,124,17.1,14.0,,False
211,INVH,Invitation Homes Inc.,Real Estate,REIT - Residential,Core,15.7,26.57,28.98,19.0,17.6,10.0,0.0,ok,-3.5,ok,5.65,,False,43.1,37.4,7.4,10.1,56.3,7.1,16.5,-4.1,-10.2,-0.288,0.325,AVGO,,124,17.6,16.0,,False
212,TPL,Texas Pacific Land Corporation,Energy,Oil & Gas E&P,Growth,22.7,328.7,371.46,18.0,15.0,10.0,0.0,ok,0.0,ok,-0.31,,False,43.0,4.5,-0.1,31.2,93.3,36.6,27.0,-17.0,-47.2,0.039,0.089,ANET,,124,15.0,14.0,,False
213,CHRW,"C.H. Robinson Worldwide, Inc.",Industrials,Integrated Freight & Logistics,Core,17.5,149.71,155.68,16.5,17.0,10.0,0.0,ok,-0.5,ok,1.95,,False,43.0,20.0,2.7,19.3,8.4,37.1,49.2,-13.1,-25.0,-0.003,0.075,BMNR,,124,17.0,14.0,,False
214,NKE,"Nike, Inc.",Consumer Cyclical,Footwear & Accessories,Core,53.2,35.84,39.52,16.5,16.5,10.0,0.0,ok,0.0,ok,0.41,,False,43.0,16.6,3.6,-1.1,43.2,22.1,33.2,-27.2,-47.6,-0.132,0.205,GOOG,,124,16.5,12.0,,False
215,JNJ,Johnson & Johnson,Healthcare,Drug Manufacturers - General,Core,644.8,267.57,265.39,18.5,14.5,10.0,0.0,ok,0.0,ok,0.81,,False,43.0,22.0,2.6,6.6,68.1,25.7,44.8,11.3,-7.2,-0.402,0.432,AVGO,,124,14.5,17.0,,False
216,SWK,"Stanley Black & Decker, Inc.",Industrials,Tools & Accessories,Core,13.4,88.79,95.23,15.5,18.9,10.0,0.0,ok,-1.5,ok,2.58,,False,42.9,13.9,10.6,0.4,32.2,6.9,34.8,6.6,14.2,0.356,0.317,MU,,124,18.9,14.0,,False
217,PLTR,Palantir Technologies Inc.,Technology,Software - Infrastructure,Growth,449.3,186.97,177.62,20.0,12.8,10.0,0.0,ok,0.0,ok,-3.45,,False,42.8,80.5,0.5,92.8,84.8,38.1,71.8,22.9,18.4,0.117,0.389,BMNR,,124,12.8,17.0,,False
218,CCL,Carnival Corporation Ltd.,Consumer Cyclical,Travel Services,Core,33.8,25.11,25.38,19.0,16.3,10.0,0.0,ok,-2.5,ok,3.28,,False,42.8,9.7,5.6,5.3,55.7,26.7,64.6,-8.4,-12.1,0.254,0.41,GOOG,,124,16.3,14.0,,False
219,BF-B,Brown Forman Inc,Consumer Defensive,Beverages - Wineries & Distill,Core,12.1,26.29,27.27,17.5,15.8,10.0,0.0,ok,-0.5,ok,1.8,,False,42.8,15.3,5.7,-1.4,60.7,18.1,48.9,-2.5,-19.1,-0.135,0.212,ANET,,124,15.8,18.0,,False
220,TJX,"TJX Companies, Inc. (The)",Consumer Cyclical,Apparel Retail,Core,147.2,133.8,142.9,17.0,15.8,10.0,0.0,ok,0.0,ok,0.93,,False,42.8,23.2,3.0,5.4,31.5,62.2,61.6,-12.4,-31.3,-0.183,0.201,MU,,124,15.8,11.0,,False
221,PG,Procter & Gamble Company (The),Consumer Defensive,Household & Personal Products,Core,344.5,148.32,146.01,18.5,14.8,10.0,0.0,ok,-0.5,ok,1.01,,False,42.8,20.0,3.9,1.5,50.9,30.3,57.6,0.9,-14.2,-0.317,0.337,ANET,,124,14.8,17.0,,False
222,AIZ,"Assurant, Inc.",Financial Services,Insurance - Property & Casualt,Core,13.0,263.65,280.62,15.5,17.2,10.0,0.0,ok,0.0,financial_na,,,False,42.7,11.3,16.5,9.4,13.3,18.3,25.7,5.7,4.5,-0.104,0.14,MU,,124,17.2,14.0,,False
223,TT,Trane Technologies plc,Industrials,Building Products & Equipment,Core,100.2,455.59,455.9,19.5,15.2,10.0,-2.0,ok,0.0,ok,0.77,,False,42.7,25.9,3.1,10.6,35.4,36.6,57.4,2.1,-4.7,0.535,0.531,GEV,,124,15.2,14.0,,False
224,PHM,"PulteGroup, Inc.",Consumer Cyclical,Residential Construction,Core,22.6,118.5,125.64,15.0,17.7,10.0,0.0,ok,0.0,ok,0.42,,False,42.7,10.7,4.8,-9.6,25.6,14.9,46.7,-5.0,-13.3,0.112,0.206,GOOG,,124,17.7,11.0,,False
225,TDG,Transdigm Group Incorporated,Industrials,Aerospace & Defense,Core,60.8,1099.79,1187.34,18.5,19.2,10.0,0.0,ok,-5.0,ok,6.03,,False,42.7,22.7,2.4,22.5,59.8,,34.1,-12.1,-20.4,0.136,0.374,GOOG,,124,19.2,15.0,,False
226,DRI,"Darden Restaurants, Inc.",Consumer Cyclical,Restaurants,Core,22.2,195.11,211.31,18.5,16.7,10.0,0.0,ok,-2.5,ok,3.9,,False,42.7,15.7,4.6,5.1,21.7,55.4,33.4,-3.9,-16.7,-0.056,0.145,NVDA,,124,16.7,11.0,,False
227,BKR,Baker Hughes Company,Energy,Oil & Gas Equipment & Services,Cyclical,55.5,55.92,60.59,16.0,16.7,10.0,0.0,ok,0.0,ok,-0.16,,False,42.7,18.2,8.0,-2.4,23.7,16.5,20.7,-5.3,-25.0,0.244,0.276,ANET,,124,16.7,14.0,,False
228,BXP,"BXP, Inc.",Real Estate,REIT - Office,Core,11.2,61.71,67.28,18.0,19.7,10.0,0.0,ok,-5.0,ok,9.81,,False,42.7,27.8,7.9,3.7,56.5,5.3,30.9,-1.6,3.2,-0.032,0.195,BMNR,,124,19.7,16.0,,False
229,EXPD,Expeditors International of Wa,Industrials,Integrated Freight & Logistics,Growth,24.5,188.16,183.92,17.5,15.2,10.0,0.0,ok,0.0,ok,-0.37,,False,42.7,23.6,3.3,32.1,13.5,42.7,53.6,16.2,15.5,0.12,0.172,MU,,124,15.2,14.0,,False
230,FTV,Fortive Corporation,Technology,Scientific & Technical Instrum,Core,16.7,55.41,58.8,17.0,17.0,10.0,0.0,ok,-1.5,ok,2.61,,False,42.5,17.0,5.6,7.9,63.2,7.3,43.8,-4.9,-14.2,0.172,0.226,ANET,,124,17.0,15.0,,False
231,PAYX,"Paychex, Inc.",Technology,Software - Application,Core,35.4,99.31,117.74,21.0,12.0,10.0,0.0,ok,-0.5,ok,1.2,,True,42.5,15.5,5.3,5.9,74.4,47.1,15.0,-3.8,-9.5,-0.419,0.458,GEV,,124,17.8,17.0,,False
232,SOLV,Solventum Corporation,Healthcare,Medical Instruments & Supplies,Core,15.2,89.32,87.36,18.5,17.5,10.0,0.0,ok,-3.5,ok,4.29,,False,42.5,12.4,3.2,2.2,54.8,34.0,46.3,14.8,23.3,-0.125,0.241,GOOG,,124,17.5,16.0,,False
233,CSGP,"CoStar Group, Inc.",Real Estate,Real Estate Services,Core,10.9,26.95,30.28,16.5,16.0,10.0,0.0,ok,0.0,ok,-0.28,,False,42.5,15.2,3.8,18.4,78.7,0.9,28.8,-34.0,-51.6,-0.443,0.433,MU,,124,16.0,19.0,,False
234,STLD,"Steel Dynamics, Inc.",Basic Materials,Steel,Growth,31.8,221.9,243.35,12.5,20.4,10.0,0.0,ok,-0.5,ok,1.43,,False,42.4,11.3,0.7,33.4,14.7,17.6,32.7,3.0,12.1,0.243,0.255,ANET,,124,20.4,11.0,,False
235,FFIV,"F5, Inc.",Technology,Software - Infrastructure,Core,24.8,438.07,416.17,18.0,14.4,10.0,0.0,ok,0.0,ok,-1.47,,False,42.4,24.2,2.9,10.9,81.9,19.8,70.0,28.3,39.1,0.273,0.387,ANET,,124,14.4,17.0,,False
236,SJM,The J.M. Smucker Company,Consumer Defensive,Packaged Foods,Core,12.9,120.7,122.29,17.0,17.9,10.0,0.0,ok,-2.5,ok,3.05,,False,42.4,11.1,11.4,5.0,38.0,3.9,36.4,12.3,10.7,-0.432,0.41,GEV,,124,17.9,16.0,,False
237,CDW,CDW Corporation,Technology,Information Technology Service,Core,16.2,129.71,141.79,17.0,17.9,10.0,0.0,ok,-2.5,ok,3.02,,False,42.4,10.8,4.2,10.0,21.4,44.0,31.5,-1.5,-8.0,-0.001,0.31,ANET,,124,17.9,15.0,,False
238,VMC,Vulcan Materials Company (Hold,Basic Materials,Building Materials,Cyclical,31.5,242.75,267.69,14.5,19.4,10.0,0.0,ok,-1.5,ok,2.03,,False,42.4,22.8,2.7,2.5,27.5,13.2,30.7,-14.8,-26.6,0.126,0.263,GOOG,,124,19.4,11.0,,False
239,TFC,Truist Financial Corporation,Financial Services,Banks - Regional,Core,56.7,46.44,50.71,15.0,17.4,10.0,0.0,ok,0.0,financial_na,,,False,42.4,9.3,,8.2,0.0,9.1,23.1,-6.1,-12.4,-0.049,0.204,GOOG,,124,17.4,14.0,,False
240,EPAM,"EPAM Systems, Inc.",Technology,Information Technology Service,Speculative,5.5,107.14,106.95,17.0,15.4,10.0,0.0,ok,0.0,ok,-0.85,,False,42.4,7.6,11.8,4.5,29.5,11.2,35.8,-19.1,-38.8,-0.342,0.358,MU,,124,15.4,15.0,,False
241,CB,Chubb Limited,Financial Services,Insurance - Property & Casualt,Core,128.1,332.08,344.36,18.5,15.8,10.0,-2.0,ok,0.0,financial_na,,,False,42.3,11.4,8.2,6.1,31.1,14.8,36.7,0.9,-15.4,-0.515,0.498,MU,,124,15.8,14.0,,False
242,MPWR,"Monolithic Power Systems, Inc.",Technology,Semiconductors,Growth,66.6,1355.99,1307.04,19.0,17.2,10.0,-4.0,ok,0.0,ok,-1.39,,False,42.2,38.9,0.7,47.6,55.2,22.0,66.7,6.4,18.1,0.684,0.574,MU,,124,17.2,14.0,,False
243,TTWO,"Take-Two Interactive Software,",Communication Services,Electronic Gaming & Multimedia,Core,37.9,202.78,228.4,13.5,19.2,10.0,0.0,ok,-0.5,ok,1.46,,False,42.2,19.7,3.3,2.0,57.1,-9.0,38.9,-10.0,-12.5,-0.008,0.236,GOOG,,124,19.2,14.0,,False
244,KVUE,Kenvue Inc.,Consumer Defensive,Household & Personal Products,Core,34.4,17.91,18.75,17.5,16.2,10.0,0.0,ok,-1.5,ok,2.16,,False,42.2,14.4,5.5,3.0,58.4,15.6,38.0,0.2,-12.4,-0.258,0.259,ANET,,124,16.2,17.0,,False
245,SHW,Sherwin-Williams Company (The),Basic Materials,Specialty Chemicals,Cyclical,80.2,330.44,338.72,18.5,16.2,10.0,0.0,ok,-2.5,ok,3.13,,False,42.2,24.3,3.1,7.5,49.0,65.1,54.4,-0.8,-12.9,0.058,0.296,GOOG,,124,16.2,12.0,,False
246,NVR,"NVR, Inc.",Consumer Cyclical,Residential Construction,Core,16.7,6234.63,6300.66,16.5,15.7,10.0,0.0,ok,0.0,ok,-0.0,,False,42.2,15.6,5.5,-10.9,21.8,31.5,55.6,-7.2,-21.6,-0.038,0.166,GOOG,,124,15.7,11.0,,False
247,REGN,"Regeneron Pharmaceuticals, Inc",Healthcare,Biotechnology,Core,77.3,750.51,777.68,17.0,15.2,10.0,0.0,ok,0.0,ok,-1.12,,False,42.2,12.3,4.0,16.7,44.5,14.0,26.9,2.0,-17.3,0.049,0.195,GOOG,,124,15.2,16.0,,False
248,DOC,"Healthpeak Properties, Inc.",Real Estate,REIT - Healthcare Facilities,Core,14.3,20.13,21.11,18.0,17.6,10.0,0.0,ok,-3.5,ok,5.53,,False,42.1,143.8,11.5,11.1,57.6,3.0,40.4,7.9,5.5,-0.069,0.39,ANET,,124,17.6,16.0,,False
249,ACGL,Arch Capital Group Ltd.,Financial Services,Insurance - Diversified,Core,32.5,95.12,98.7,16.5,15.6,10.0,0.0,ok,0.0,financial_na,,,False,42.1,9.8,13.3,-10.5,38.8,19.9,45.7,-1.3,-18.0,-0.462,0.455,MU,,124,15.6,14.0,,False
250,COIN,"Coinbase Global, Inc.",Financial Services,Financial Data & Stock Exchang,Core,50.1,190.02,180.52,14.0,18.1,10.0,0.0,ok,0.0,financial_na,,,False,42.1,67.0,5.3,-17.3,85.8,-7.8,55.4,1.6,0.7,0.343,0.782,BMNR,,124,18.1,16.0,,False
251,VRTX,Vertex Pharmaceuticals Incorpo,Healthcare,Biotechnology,Core,133.5,526.73,515.37,17.0,15.1,10.0,0.0,ok,0.0,ok,-1.15,,False,42.1,26.2,2.0,12.5,55.0,23.5,48.1,11.5,1.4,-0.056,0.239,AVGO,,124,15.1,16.0,,False
252,APH,Amphenol Corporation,Technology,Electronic Components,Growth,208.0,84.34,133.53,19.0,13.6,10.0,0.0,ok,-0.5,ok,1.42,,False,42.1,25.7,1.8,55.0,39.0,38.1,58.4,-40.0,-46.7,0.223,0.282,AVGO,,124,13.6,13.0,,False
253,LYV,"Live Nation Entertainment, Inc",Communication Services,Entertainment,Core,39.9,171.09,177.99,16.0,16.5,10.0,0.0,ok,-0.5,ok,1.43,,False,42.0,91.9,4.3,9.4,25.8,17.7,52.0,4.8,-2.4,0.094,0.201,GOOG,,124,16.5,13.0,,False
254,APA,APA Corporation,Energy,Oil & Gas E&P,Cyclical,14.8,42.19,40.98,21.0,11.0,10.0,0.0,ok,0.0,ok,0.6,,False,42.0,9.4,14.5,9.2,78.3,26.7,45.1,21.0,-20.4,-0.272,0.281,GOOG,,124,11.0,14.0,,False
255,NTAP,"NetApp, Inc.",Technology,Software - Infrastructure,Core,41.1,209.18,198.72,21.5,10.5,10.0,0.0,ok,0.0,ok,-0.5,,False,42.0,18.8,2.9,29.9,70.6,114.8,74.1,53.1,90.3,0.223,0.354,ANET,,124,10.5,17.0,,False
256,AON,Aon plc,Financial Services,Insurance Brokers,Core,58.5,275.9,335.23,20.0,12.0,10.0,0.0,ok,0.0,financial_na,,,True,42.0,13.6,5.5,2.2,48.2,44.7,19.3,-17.1,-32.1,-0.437,0.42,MU,,124,15.8,15.0,,False
257,TXN,Texas Instruments Incorporated,Technology,Semiconductors,Core,257.3,281.69,271.15,19.0,14.9,10.0,-2.0,ok,0.0,ok,0.74,,False,41.9,26.5,1.4,22.8,58.3,35.2,76.6,14.5,34.4,0.534,0.466,MU,,124,14.9,14.0,,False
258,KO,Coca-Cola Company (The),Consumer Defensive,Beverages - Non-Alcoholic,Core,373.6,86.84,87.56,17.0,15.4,10.0,0.0,ok,-0.5,ok,1.64,,False,41.9,24.6,1.4,6.7,61.9,42.1,41.4,9.2,-3.6,-0.429,0.376,ANET,,124,15.4,18.0,,False
259,AMCR,Amcor plc,Consumer Cyclical,Packaging & Containers,Core,19.6,42.46,45.08,16.0,18.4,10.0,0.0,ok,-2.5,ok,3.97,,False,41.9,9.7,7.7,25.9,20.0,9.4,36.9,-0.4,-6.1,0.119,0.279,GOOG,,124,18.4,11.0,,False
260,BSX,Boston Scientific Corporation,Healthcare,Medical Devices,Core,63.6,43.88,46.9,17.0,16.4,10.0,0.0,ok,-1.5,ok,2.12,,False,41.9,12.9,3.9,7.5,69.2,15.3,43.7,-30.0,-47.8,-0.101,0.16,MU,,124,16.4,17.0,,False
261,KLAC,KLA Corporation,Technology,Semiconductor Equipment & Mate,Core,256.5,196.53,188.73,18.0,13.9,10.0,0.0,ok,0.0,ok,0.21,,False,41.9,29.3,1.0,15.2,61.3,87.5,57.1,-81.7,-103.3,0.362,0.371,MU,,124,13.9,15.0,,False
262,DG,Dollar General Corporation,Consumer Defensive,Discount Stores,Core,27.1,122.64,124.31,17.0,17.3,10.0,0.0,ok,-2.5,ok,3.96,,False,41.8,14.8,6.4,5.2,31.2,19.7,41.7,-3.2,-12.9,-0.131,0.191,GEV,,124,17.3,16.0,,False
263,WM,"Waste Management, Inc.",Industrials,Waste Management,Core,82.8,207.09,222.27,17.5,17.8,10.0,-2.0,ok,-1.5,ok,2.93,,False,41.8,22.7,2.8,4.0,40.6,29.8,23.9,-7.8,-27.4,-0.574,0.553,MU,,124,17.8,15.0,,False
264,EXR,Extra Space Storage Inc,Real Estate,REIT - Industrial,Core,29.5,133.49,143.24,17.0,18.3,10.0,0.0,ok,-3.5,ok,5.94,,False,41.8,27.7,5.1,3.8,74.9,7.0,39.0,-5.5,-13.4,-0.181,0.232,ANET,,124,18.3,17.0,,False
265,FRT,Federal Realty Investment Trus,Real Estate,REIT - Retail,Speculative,9.6,109.39,117.76,18.5,16.8,10.0,0.0,ok,-3.5,ok,5.65,,False,41.8,34.3,4.8,7.2,68.1,12.6,11.2,-2.1,-11.7,-0.108,0.189,ANET,,124,16.8,17.0,,False
266,ORLY,"O'Reilly Automotive, Inc.",Consumer Cyclical,Auto Parts,Core,69.6,86.07,88.46,15.5,17.8,10.0,0.0,ok,-1.5,ok,2.24,,False,41.8,23.6,2.3,8.1,51.6,,50.7,-5.6,-24.1,-0.25,0.264,MU,,124,17.8,12.0,,False
267,PH,Parker-Hannifin Corporation,Industrials,Specialty Industrial Machinery,Core,122.4,970.37,988.66,17.5,14.7,10.0,0.0,ok,-0.5,ok,1.45,,False,41.7,24.6,2.4,9.8,37.5,25.1,56.8,3.0,-4.6,0.285,0.355,GEV,,124,14.7,14.0,,False
268,HAL,Halliburton Company,Energy,Oil & Gas Equipment & Services,Cyclical,26.3,31.54,34.03,15.5,16.7,10.0,0.0,ok,-0.5,ok,1.49,,False,41.7,10.9,7.8,3.7,15.1,14.9,15.2,-10.7,-37.2,0.006,0.161,ANET,,124,16.7,14.0,,False
269,YUM,"Yum! Brands, Inc.",Consumer Cyclical,Restaurants,Core,37.6,137.73,147.45,16.5,18.7,10.0,0.0,ok,-3.5,ok,4.15,,False,41.7,19.9,2.2,12.2,45.3,,29.7,-10.6,-28.4,-0.145,0.18,MU,,124,18.7,12.0,,False
270,BMNR,BitMine Immersion Technologies,Financial Services,Capital Markets,Growth,16.1,26.73,25.39,14.0,17.7,10.0,0.0,ok,0.0,financial_na,,,False,41.7,28.4,-3.2,2167.8,84.4,-150.9,56.9,22.2,28.6,0.402,0.352,NVDA,,124,17.7,16.0,,True
271,DAL,"Delta Air Lines, Inc.",Industrials,Airlines,Core,55.8,84.87,84.15,17.0,16.2,10.0,0.0,ok,-1.5,ok,2.19,,False,41.7,10.3,5.0,18.7,18.7,20.1,67.0,12.6,17.2,0.353,0.36,GOOG,,124,16.2,14.0,,False
272,NSC,Norfolk Southern Corporation,Industrials,Railroads,Core,70.3,313.0,333.03,15.5,17.7,10.0,0.0,ok,-1.5,ok,2.84,,False,41.7,21.9,2.0,11.4,45.2,17.0,26.1,0.9,-6.2,-0.017,0.157,BMNR,,124,17.7,15.0,,False
273,TXT,Textron Inc.,Industrials,Aerospace & Defense,Core,13.4,77.63,84.25,13.0,19.2,10.0,0.0,ok,-0.5,ok,1.65,,False,41.7,10.7,3.4,3.0,17.6,12.1,39.7,-13.5,-27.2,0.232,0.235,GEV,,124,19.2,14.0,,False
274,EME,"EMCOR Group, Inc.",Industrials,Engineering & Construction,Core,33.6,762.03,770.67,18.0,17.7,10.0,-4.0,ok,0.0,ok,-0.19,,False,41.7,20.7,2.9,19.8,19.4,40.3,44.8,-1.0,-8.8,0.689,0.665,GEV,,124,17.7,14.0,,False
275,CPB,The Campbell's Company,Consumer Defensive,Packaged Foods,Speculative,6.0,20.23,22.19,16.0,19.1,10.0,0.0,ok,-3.5,ok,4.36,,False,41.6,11.0,10.5,-7.9,28.5,10.1,35.3,-12.7,-24.7,-0.36,0.342,ANET,,124,19.1,16.0,,False
276,SYK,Stryker Corporation,Healthcare,Medical Devices,Core,106.9,278.77,314.47,17.0,15.1,10.0,0.0,ok,-0.5,ok,1.62,,False,41.6,16.7,3.8,9.4,65.6,16.5,52.5,-15.9,-31.8,-0.285,0.272,AVGO,,124,15.1,17.0,,False
277,GD,General Dynamics Corporation,Industrials,Aerospace & Defense,Core,89.9,332.34,372.36,14.5,12.0,15.0,0.0,ok,0.0,ok,0.78,,True,41.5,17.9,4.9,8.1,15.4,17.8,20.8,-6.2,-19.5,-0.113,0.169,NVDA,,124,17.8,21.0,,False
278,ESS,"Essex Property Trust, Inc.",Real Estate,REIT - Residential,Core,18.9,273.93,282.69,17.0,18.0,10.0,0.0,ok,-3.5,ok,5.43,,False,41.5,43.5,5.5,3.1,68.8,7.7,43.5,2.6,-3.4,-0.289,0.384,AVGO,,124,18.0,17.0,,False
279,FISV,"Fiserv, Inc.",,,Core,24.1,45.36,51.3,15.5,16.0,10.0,0.0,ok,,unavailable,,,False,41.5,5.7,,,,,25.5,-20.7,-34.3,-0.334,0.389,MU,,124,16.0,12.5,,False
280,APTV,Aptiv PLC,Consumer Cyclical,Auto Parts,Speculative,9.0,43.37,48.74,15.5,16.5,10.0,0.0,ok,-0.5,ok,1.52,,False,41.5,6.6,17.9,2.3,19.3,5.2,39.2,-32.2,-52.4,0.171,0.203,AVGO,,124,16.5,11.0,,False
281,BRO,"Brown & Brown, Inc.",Financial Services,Insurance Brokers,Growth,20.3,60.6,69.0,21.5,12.0,10.0,-2.0,ok,0.0,financial_na,,,True,41.5,12.6,8.1,32.4,56.3,10.0,21.5,-11.1,-24.4,-0.528,0.545,MU,,124,18.2,15.0,,False
282,CVS,CVS Health Corporation,Healthcare,Healthcare Plans,Core,111.4,87.1,96.53,14.0,20.0,10.0,0.0,ok,-2.5,ok,3.74,,False,41.5,10.2,7.2,7.1,13.6,6.2,24.6,-0.0,7.8,-0.08,0.191,AVGO,,124,20.0,15.0,,False
283,LVS,Las Vegas Sands Corp.,Consumer Cyclical,Resorts & Casinos,Core,24.8,38.32,44.45,21.0,12.0,10.0,0.0,ok,-1.5,ok,2.57,,True,41.5,10.9,8.9,-0.7,79.3,122.9,9.0,-26.4,-42.8,0.021,0.163,GOOG,,124,16.0,13.0,,False
284,GEN,Gen Digital Inc.,Technology,Software - Infrastructure,Core,12.5,20.85,28.13,22.0,12.0,10.0,0.0,ok,-2.5,ok,3.17,,True,41.5,6.3,12.4,6.3,78.0,41.9,14.3,-15.2,-3.1,-0.042,0.201,GOOG,,124,16.9,17.0,,False
285,HD,"Home Depot, Inc. (The)",Consumer Cyclical,Home Improvement Retail,Core,287.4,288.04,325.83,17.0,16.0,10.0,0.0,ok,-1.5,ok,2.48,,False,41.5,18.0,3.7,5.7,32.8,104.3,26.4,-15.2,-28.5,0.023,0.257,GOOG,,124,16.0,11.0,,False
286,KDP,Keurig Dr Pepper Inc.,Consumer Defensive,Beverages - Non-Alcoholic,Growth,42.2,31.03,31.16,20.0,16.4,10.0,0.0,ok,-5.0,ok,6.66,,False,41.4,12.2,10.9,75.6,51.0,5.1,38.8,6.0,-0.2,-0.148,0.202,NVDA,,124,16.4,17.0,,False
287,VEEV,Veeva Systems Inc.,Healthcare,Health Information Services,Core,45.1,278.57,264.64,18.0,13.4,10.0,0.0,ok,0.0,ok,-6.59,,False,41.4,27.2,2.8,17.6,75.0,14.4,67.3,39.1,40.8,-0.246,0.333,GEV,,124,13.4,19.0,,False
288,DLR,"Digital Realty Trust, Inc.",Real Estate,REIT - Specialty,Core,66.7,176.56,188.04,19.0,15.9,10.0,0.0,ok,-3.5,ok,5.66,,False,41.4,63.9,5.7,29.9,57.0,2.9,29.5,-2.0,-16.7,0.219,0.229,GEV,,124,15.9,16.0,,False
289,BAX,Baxter International Inc.,Healthcare,Medical Instruments & Supplies,Core,12.1,23.48,25.11,14.5,19.4,10.0,0.0,ok,-2.5,ok,3.99,,False,41.4,11.5,8.2,5.3,34.1,-14.4,29.6,13.3,31.1,-0.021,0.229,GOOG,,124,19.4,15.0,,False
290,PKG,Packaging Corporation of Ameri,Consumer Cyclical,Packaging & Containers,Core,20.8,233.28,242.89,15.5,16.4,10.0,0.0,ok,-0.5,ok,1.91,,False,41.4,17.8,2.1,14.7,21.4,14.9,51.8,3.4,-5.9,0.111,0.14,GEV,,124,16.4,11.0,,False
291,VZ,Verizon Communications Inc.,Communication Services,Telecom Services,Core,191.0,45.98,48.06,18.5,15.4,10.0,0.0,ok,-2.5,ok,3.76,,False,41.4,8.7,9.1,-0.7,59.5,15.8,26.9,0.1,-24.7,-0.329,0.37,GEV,,124,15.4,16.0,,False
292,SMCI,"Super Micro Computer, Inc.",Technology,Computer Hardware,Growth,26.9,41.02,38.97,13.5,17.8,10.0,0.0,ok,0.0,ok,0.61,,False,41.3,7.7,-30.6,93.2,10.8,21.5,52.2,28.9,77.3,0.494,0.499,NVDA,,124,17.8,13.0,,False
293,MCHP,Microchip Technology Incorpora,Technology,Semiconductors,Growth,42.8,78.78,76.16,17.5,18.3,10.0,-2.0,ok,-2.5,ok,3.4,,False,41.3,17.2,3.2,38.0,60.2,7.2,66.2,0.3,13.7,0.631,0.542,MU,,124,18.3,15.0,,False
294,CI,The Cigna Group,Healthcare,Healthcare Plans,Core,72.7,275.26,280.06,15.5,16.3,10.0,0.0,ok,-0.5,ok,1.93,,False,41.3,8.2,11.0,6.7,9.1,16.8,49.4,-1.5,-10.8,-0.236,0.323,AVGO,,124,16.3,15.0,,False
295,J,Jacobs Solutions Inc.,Industrials,Engineering & Construction,Growth,16.0,136.48,142.55,15.0,17.7,10.0,0.0,ok,-1.5,ok,2.72,,False,41.2,16.5,4.0,34.5,22.1,8.0,34.2,2.6,-8.1,-0.028,0.193,ANET,,124,17.7,14.0,,False
296,PSKY,Paramount Skydance Corporation,Communication Services,Entertainment,Core,11.2,9.99,9.79,14.5,20.2,10.0,0.0,ok,-3.5,ok,4.4,,False,41.2,11.8,,0.9,33.3,-0.9,40.2,-5.9,-5.5,0.042,0.202,NVDA,,124,20.2,13.0,fcf_yield_out_of_range(157.0),False
297,MO,"Altria Group, Inc.",Consumer Defensive,Tobacco,Core,114.7,68.72,68.86,19.0,14.7,10.0,-2.0,ok,-0.5,ok,1.41,,False,41.2,11.7,7.9,1.2,87.0,,54.0,2.9,-15.0,-0.509,0.494,MU,,124,14.7,18.0,,False
298,MU,"Micron Technology, Inc.",Technology,Semiconductors,Growth,1202.9,1065.08,1011.83,20.0,13.2,10.0,-2.0,ok,0.0,ok,-0.29,,False,41.2,6.6,0.6,345.7,72.6,66.6,58.5,60.0,213.5,0.6,0.531,GEV,,124,13.2,15.0,,True
299,VST,Vistra Corp.,Utilities,Utilities - Independent Power ,Core,47.3,140.83,145.08,15.0,18.6,10.0,0.0,ok,-2.5,ok,3.02,,False,41.1,13.6,0.1,-5.5,38.3,43.0,28.8,-9.4,-22.0,0.48,0.446,GEV,,124,18.6,18.0,,False
300,EW,Edwards Lifesciences Corporati,Healthcare,Medical Devices,Core,50.8,88.08,88.42,16.5,14.6,10.0,0.0,ok,0.0,ok,-1.78,,False,41.1,26.1,2.4,13.6,77.8,9.2,55.2,3.5,-6.7,0.001,0.255,GOOG,,124,14.6,17.0,,False
301,ALAB,"Astera Labs, Inc.",Technology,Semiconductors,Growth,62.1,357.84,339.95,19.0,14.1,10.0,-2.0,ok,0.0,ok,-4.23,,False,41.1,56.0,0.1,104.5,75.1,25.8,67.5,50.7,239.4,0.637,0.558,MU,,124,14.1,15.0,,False
302,CAT,"Caterpillar, Inc.",Industrials,Farm & Heavy Construction Mach,Core,380.0,826.64,828.19,18.0,18.5,10.0,-4.0,ok,-1.5,ok,2.41,,False,41.0,25.5,1.3,24.0,29.7,57.0,51.8,4.6,6.6,0.704,0.656,GEV,,124,18.5,14.0,,False
303,COO,"The Cooper Companies, Inc.",Healthcare,Medical Instruments & Supplies,Core,10.8,56.63,68.14,17.0,15.5,10.0,0.0,ok,-1.5,ok,2.84,,False,41.0,12.1,5.0,0.6,65.9,6.8,26.2,-21.2,-35.8,-0.133,0.171,AVGO,,124,15.5,17.0,,False
304,TECH,Bio-Techne Corp,Healthcare,Biotechnology,Core,11.4,72.38,72.22,15.5,15.5,10.0,0.0,ok,0.0,ok,0.07,,False,41.0,31.3,2.0,1.3,66.2,9.0,53.0,17.3,21.8,0.132,0.248,ANET,,124,15.5,17.0,,False
305,STX,Seagate Technology Holdings PL,Technology,Computer Hardware,Growth,207.7,913.45,867.78,20.0,15.0,10.0,-4.0,ok,0.0,ok,0.49,,False,41.0,16.5,0.9,48.5,45.6,371.5,51.4,43.0,134.5,0.716,0.674,MU,,124,15.0,14.0,,False
306,FCX,"Freeport-McMoRan, Inc.",Basic Materials,Copper,Cyclical,101.7,70.79,69.88,15.0,17.9,10.0,-2.0,ok,0.0,ok,0.66,,False,40.9,17.0,2.1,-7.3,38.3,14.8,32.4,12.2,12.3,0.619,0.55,MU,,124,17.9,11.0,,False
307,EMR,Emerson Electric Company,Industrials,Specialty Industrial Machinery,Core,87.7,157.24,153.3,18.5,14.9,10.0,-2.0,ok,-0.5,ok,1.92,,False,40.9,21.6,4.2,7.0,53.2,12.8,61.6,9.3,10.5,0.515,0.475,GEV,,124,14.9,15.0,,False
308,DIS,Walt Disney Company (The),Communication Services,Entertainment,Core,182.0,105.41,103.62,14.5,16.9,10.0,0.0,ok,-0.5,ok,1.95,,False,40.9,14.1,2.7,6.8,37.6,8.0,51.0,1.4,-5.7,-0.105,0.332,GOOG,,124,16.9,13.0,,False
309,SNDK,Sandisk Corporation,Technology,Computer Hardware,Growth,253.3,1729.76,1643.27,22.5,15.4,10.0,-7.0,ok,0.0,ok,-0.36,,False,40.9,6.6,3.0,371.6,71.5,91.6,49.6,55.0,184.6,0.803,0.827,MU,,124,15.4,15.0,,False
310,CRH,CRH PLC,Basic Materials,Building Materials,Cyclical,56.2,84.53,94.07,16.0,16.4,10.0,0.0,ok,-1.5,ok,2.17,,False,40.9,13.0,3.6,5.6,36.2,15.8,31.3,-22.3,-34.2,0.227,0.332,GOOG,,124,16.4,11.0,,False
311,LDOS,"Leidos Holdings, Inc.",Technology,Information Technology Service,Core,15.4,123.1,129.26,17.0,15.3,10.0,0.0,ok,-1.5,ok,2.45,,False,40.8,9.7,7.4,7.2,17.8,27.8,37.6,-17.1,-37.7,-0.185,0.256,MU,,124,15.3,15.0,,False
312,DVN,Devon Energy Corporation,Energy,Oil & Gas E&P,Growth,51.3,46.6,46.67,17.5,13.8,10.0,0.0,ok,-0.5,ok,1.23,,False,40.8,8.6,1.5,64.2,50.3,11.5,42.9,5.1,-27.0,-0.251,0.269,GOOG,,124,13.8,13.0,,False
313,ROST,"Ross Stores, Inc.",Consumer Cyclical,Apparel Retail,Core,75.2,234.4,238.08,18.0,12.7,10.0,0.0,ok,0.0,ok,0.12,,False,40.7,26.2,2.7,13.3,33.4,42.6,57.3,8.1,-5.2,-0.02,0.154,GOOG,,124,12.7,11.0,,False
314,VRSN,"VeriSign, Inc.",Technology,Software - Infrastructure,Core,25.3,279.84,287.64,16.5,14.7,10.0,0.0,ok,-0.5,ok,1.1,,False,40.7,25.3,3.3,6.0,88.5,,47.9,5.7,-5.4,-0.282,0.299,MU,,124,14.7,17.0,,False
315,HUBB,Hubbell Inc,Industrials,Electrical Equipment & Parts,Core,24.3,459.09,473.47,18.5,16.7,10.0,-2.0,ok,-2.5,ok,3.41,,False,40.7,20.0,2.0,15.3,35.3,24.4,53.0,-5.8,-23.9,0.529,0.542,GEV,,124,16.7,14.0,,False
316,HPQ,HP Inc.,Technology,Computer Hardware,Core,27.7,30.73,29.93,16.0,15.2,10.0,0.0,ok,-0.5,ok,1.33,,False,40.7,9.8,12.2,12.5,19.7,,47.9,31.5,43.8,-0.052,0.272,GEV,,124,15.2,13.0,,False
317,CTVA,"Corteva, Inc.",Basic Materials,Agricultural Inputs,Cyclical,52.0,77.87,82.16,15.0,15.6,10.0,0.0,ok,0.0,ok,0.59,,False,40.6,18.9,4.7,-1.2,49.5,4.3,20.6,-0.8,-23.6,-0.034,0.194,GOOG,,124,15.6,12.0,,False
318,CNC,Centene Corporation,Healthcare,Healthcare Plans,Core,30.7,62.21,64.92,13.0,17.5,10.0,0.0,ok,0.0,ok,-2.38,,False,40.5,11.6,,4.6,11.4,-20.4,42.9,18.9,78.1,-0.039,0.144,AVGO,,124,17.5,15.0,fcf_yield_out_of_range(31.4),False
319,PLD,"Prologis, Inc.",Real Estate,REIT - Industrial,Core,128.9,132.61,139.96,18.0,16.0,10.0,0.0,ok,-3.5,ok,5.24,,False,40.5,39.8,4.2,12.3,75.5,7.7,26.9,-3.6,-14.5,-0.015,0.17,BMNR,,124,16.0,17.0,,False
320,GRMN,Garmin Ltd.,Technology,Scientific & Technical Instrum,Core,56.0,290.23,284.47,17.0,13.5,10.0,0.0,ok,0.0,ok,-1.06,,False,40.5,26.1,1.9,11.4,60.1,21.9,66.6,18.7,10.9,0.007,0.159,GOOG,,124,13.5,15.0,,False
321,ARES,Ares Management Corporation,Financial Services,Asset Management,Core,39.5,118.97,133.22,18.5,12.0,10.0,0.0,ok,0.0,financial_na,,,True,40.5,16.5,5.5,9.6,100.0,14.9,21.5,-8.7,-7.0,0.23,0.406,GOOG,,124,19.0,16.0,,False
322,FIS,Fidelity National Information ,Technology,Information Technology Service,Core,17.2,33.35,40.47,22.0,12.0,10.0,0.0,ok,-3.5,ok,5.82,,True,40.5,5.0,15.4,29.1,35.8,22.3,14.1,-29.5,-47.2,-0.363,0.4,MU,,124,16.0,15.0,,False
323,HUM,Humana Inc.,Healthcare,Healthcare Plans,Core,46.5,386.87,386.07,15.0,15.5,10.0,0.0,ok,0.0,ok,-2.54,,False,40.5,23.3,4.2,26.2,13.7,6.9,40.5,33.3,115.6,0.107,0.191,NVDA,,124,15.5,15.0,,False
324,IP,International Paper Company,Consumer Cyclical,Packaging & Containers,Core,17.6,33.32,38.6,13.5,18.5,10.0,0.0,ok,-1.5,ok,2.33,,False,40.5,11.0,9.3,-2.2,29.6,-16.5,32.3,-12.4,-22.3,0.119,0.16,NVDA,,124,18.5,11.0,,False
325,GPC,Genuine Parts Company,Consumer Cyclical,Auto Parts,Core,17.5,126.95,131.4,14.5,17.5,10.0,0.0,ok,-1.5,ok,2.97,,False,40.5,15.3,5.2,6.0,37.6,0.7,30.4,6.1,4.2,-0.116,0.161,GOOG,,124,17.5,11.0,,False
326,NDSN,Nordson Corporation,Industrials,Specialty Industrial Machinery,Core,18.4,329.53,313.05,18.0,12.9,10.0,0.0,ok,-0.5,ok,1.78,,False,40.4,25.4,3.3,10.3,55.4,17.8,67.8,15.6,11.1,0.353,0.284,MU,,124,12.9,15.0,,False
327,RGTI,"Rigetti Computing, Inc.",Technology,Computer Hardware,Growth,5.3,15.74,16.1,12.0,18.4,10.0,0.0,ok,0.0,neg_ebitda_low_debt,,,False,40.4,,0.5,185.3,,-43.8,49.4,-15.1,4.5,0.492,0.475,BMNR,,124,18.4,13.0,,False
328,MCK,McKesson Corporation,Healthcare,Medical Distribution,Core,100.8,864.82,873.33,14.0,16.4,10.0,0.0,ok,0.0,ok,0.94,,False,40.4,17.1,6.7,7.7,3.6,,41.3,2.2,-17.0,-0.445,0.448,MU,,124,16.4,15.0,,False
329,BDX,"Becton, Dickinson and Company",Healthcare,Medical Instruments & Supplies,Core,49.6,181.97,178.15,17.0,14.9,10.0,0.0,ok,-1.5,ok,2.63,,False,40.4,13.7,9.0,5.4,46.9,6.6,54.6,12.5,0.1,-0.332,0.333,MU,,124,14.9,16.0,,False
330,CBRE,CBRE Group Inc,Real Estate,Real Estate Services,Core,37.9,130.84,144.41,15.5,18.3,10.0,0.0,ok,-3.5,ok,4.21,,False,40.3,14.4,4.3,15.5,18.6,15.8,29.4,-10.2,-19.2,-0.084,0.242,GOOG,,124,18.3,17.0,,False
331,KEYS,Keysight Technologies Inc.,Technology,Scientific & Technical Instrum,Growth,61.4,360.65,342.62,20.5,13.8,10.0,-4.0,ok,0.0,ok,0.09,,False,40.3,26.0,3.0,36.5,63.3,20.9,68.9,20.4,16.4,0.722,0.625,GEV,,124,13.8,15.0,,False
332,DD,"DuPont de Nemours, Inc.",Basic Materials,Specialty Chemicals,Cyclical,17.6,130.12,136.19,15.5,14.7,10.0,0.0,ok,0.0,ok,0.91,,False,40.2,16.3,10.4,4.0,35.1,1.8,47.0,70.9,177.9,0.022,0.116,BMNR,,124,14.7,11.0,,False
333,ACMR,"ACM Research, Inc.",Technology,Semiconductor Equipment & Mate,Growth,5.3,75.61,77.26,14.5,19.6,10.0,-4.0,ok,0.0,ok,-6.83,,False,40.1,26.1,-3.5,36.0,43.8,11.6,48.2,14.2,81.8,0.687,0.638,MU,,124,19.6,14.0,,False
334,EQR,Equity Residential,Real Estate,REIT - Residential,Core,24.6,63.66,67.42,17.0,16.6,10.0,0.0,ok,-3.5,ok,4.51,,False,40.1,41.4,5.8,2.1,62.3,8.0,32.1,1.2,-16.0,-0.303,0.346,AVGO,,96,16.6,17.0,,False
335,EG,"Everest Group, Ltd.",Financial Services,Insurance - Reinsurance,Core,14.1,368.81,374.63,15.0,15.0,10.0,0.0,ok,0.0,financial_na,,,False,40.0,6.2,14.6,-11.3,15.3,12.6,48.5,6.4,-3.4,-0.387,0.39,MU,,124,15.0,14.0,,False
336,BEN,"Franklin Templeton, Inc.",Financial Services,Asset Management,Core,16.6,32.67,33.63,11.5,18.5,10.0,0.0,ok,0.0,financial_na,,,False,40.0,10.2,-18.0,14.3,37.7,7.9,29.7,11.9,27.2,0.312,0.441,GOOG,,124,18.5,14.0,,False
337,ROL,"Rollins, Inc.",Consumer Cyclical,Personal Services,Core,14.7,30.5,36.2,18.5,12.0,10.0,0.0,ok,-0.5,ok,1.16,,True,40.0,23.6,3.4,7.9,52.4,37.0,22.6,-39.1,-59.8,-0.248,0.289,MU,,124,15.9,14.0,,False
338,REG,Regency Centers Corporation,Real Estate,REIT - Retail,Core,13.6,72.66,76.7,17.0,16.5,10.0,0.0,ok,-3.5,ok,4.62,,False,40.0,28.9,5.5,8.9,71.5,8.2,21.3,-4.4,-20.5,-0.245,0.284,AVGO,,124,16.5,17.0,,False
339,LYB,LyondellBasell Industries NV,Basic Materials,Specialty Chemicals,Cyclical,18.8,58.18,62.49,15.5,16.9,10.0,0.0,ok,-2.5,ok,3.27,,False,39.9,9.2,6.5,19.8,12.9,-2.3,27.0,-5.5,-46.9,-0.186,0.201,GEV,,124,16.9,11.0,,False
340,MDLZ,"Mondelez International, Inc.",Consumer Defensive,Confectioners,Core,75.7,59.32,62.02,16.0,16.3,10.0,0.0,ok,-2.5,ok,3.35,,False,39.8,17.6,3.0,4.1,31.1,13.3,33.6,0.1,-14.8,-0.483,0.451,GEV,,124,16.3,16.0,,False
341,CIEN,Ciena Corporation,Technology,Communication Equipment,Growth,50.3,354.92,376.37,17.0,14.8,10.0,-2.0,ok,0.0,ok,0.64,,False,39.8,30.1,1.3,37.0,44.1,22.4,56.2,-8.6,-20.3,0.633,0.565,MU,,124,14.8,14.0,,False
342,HST,"Host Hotels & Resorts, Inc.",Real Estate,REIT - Hotel & Motel,Core,15.6,22.44,23.08,17.0,14.3,10.0,0.0,ok,-1.5,ok,2.18,,False,39.8,21.3,10.9,3.6,29.2,15.6,57.3,5.9,2.1,0.134,0.285,GOOG,,124,14.3,15.0,,False
343,IEX,IDEX Corporation,Industrials,Specialty Industrial Machinery,Core,17.0,230.43,229.28,16.0,14.3,10.0,0.0,ok,-0.5,ok,1.31,,False,39.8,23.9,3.3,6.4,44.7,13.0,60.8,9.8,8.1,0.34,0.312,MU,,124,14.3,15.0,,False
344,MRK,"Merck & Company, Inc.",Healthcare,Drug Manufacturers - General,Core,368.3,149.28,141.82,16.0,14.3,10.0,0.0,ok,-0.5,ok,1.62,,False,39.8,15.7,4.1,5.1,75.9,7.0,52.4,22.7,8.9,-0.139,0.295,AVGO,,124,14.3,17.0,,False
345,AVB,"AvalonBay Communities, Inc.",Real Estate,REIT - Residential,Core,26.3,184.06,188.04,17.0,16.3,10.0,0.0,ok,-3.5,ok,4.9,,False,39.8,36.6,5.4,2.3,62.7,8.5,44.5,3.1,-11.9,-0.29,0.384,AVGO,,95,16.3,17.0,,False
346,XOM,ExxonMobil Holdings Corporatio,Energy,Oil & Gas Integrated,Growth,663.5,161.35,159.64,17.5,12.2,10.0,0.0,ok,0.0,ok,0.47,,False,39.7,14.5,3.1,44.1,29.8,12.6,51.2,9.4,-22.8,-0.357,0.337,GOOG,,124,12.2,12.0,,False
347,ECL,Ecolab Inc.,Basic Materials,Specialty Chemicals,Cyclical,77.9,277.87,278.24,15.0,16.2,10.0,0.0,ok,-1.5,ok,2.12,,False,39.7,29.5,1.9,9.7,44.2,22.0,49.6,1.7,-11.6,-0.093,0.182,GOOG,,124,16.2,12.0,,False
348,RCL,Royal Caribbean Cruises Ltd.,Consumer Cyclical,Travel Services,Core,69.7,260.67,283.42,15.0,17.2,10.0,0.0,ok,-2.5,ok,3.27,,False,39.7,12.8,-2.2,6.5,50.3,44.7,47.7,-9.0,-17.8,0.235,0.394,GOOG,,124,17.2,14.0,,False
349,COR,"Cencora, Inc.",Healthcare,Medical Distribution,Core,58.7,307.6,317.13,14.5,16.7,10.0,0.0,ok,-1.5,ok,2.1,,False,39.7,15.5,3.5,5.1,4.0,96.9,33.1,-3.4,-18.0,-0.257,0.277,NVDA,,124,16.7,15.0,,False
350,IR,Ingersoll Rand Inc.,Industrials,Specialty Industrial Machinery,Core,29.7,76.48,79.79,14.5,15.7,10.0,0.0,ok,-0.5,ok,1.85,,False,39.7,19.5,3.7,8.5,42.8,9.5,55.2,-6.4,-18.1,0.234,0.25,GEV,,124,15.7,15.0,,False
351,FTNT,"Fortinet, Inc.",Technology,Software - Infrastructure,Core,129.1,175.96,167.16,19.0,10.6,10.0,0.0,ok,0.0,ok,-1.35,,False,39.6,46.6,1.8,25.6,80.2,117.4,73.8,50.7,105.1,0.115,0.241,NVDA,,124,10.6,17.0,,False
352,LH,Labcorp Holdings Inc.,Healthcare,Diagnostics & Research,Core,25.0,308.81,317.36,14.5,16.6,10.0,0.0,ok,-1.5,ok,2.88,,False,39.6,15.6,3.6,5.8,28.9,11.7,37.3,10.6,-0.4,-0.082,0.155,AVGO,,124,16.6,15.0,,False
353,WTW,Willis Towers Watson Public Li,Financial Services,Insurance Brokers,Core,26.8,288.57,322.96,17.5,12.0,10.0,0.0,ok,0.0,financial_na,,,True,39.5,12.6,5.3,9.1,42.5,19.8,18.0,-3.5,-17.6,-0.31,0.305,MU,,124,16.4,15.0,,False
354,VTR,"Ventas, Inc.",Real Estate,REIT - Healthcare Facilities,Core,44.6,86.91,91.63,16.5,16.5,10.0,0.0,ok,-3.5,ok,5.34,,False,39.5,110.0,3.3,21.7,40.0,2.0,29.0,1.6,-10.3,-0.37,0.395,AVGO,,124,16.5,15.0,,False
355,OTIS,Otis Worldwide Corporation,Industrials,Specialty Industrial Machinery,Core,25.0,65.63,70.9,15.5,16.5,10.0,0.0,ok,-2.5,ok,3.04,,False,39.5,14.5,5.7,7.3,30.3,,34.9,-16.0,-31.0,-0.094,0.136,MU,,124,16.5,14.0,,False
356,STZ,"Constellation Brands, Inc.",Consumer Defensive,Beverages - Brewers,Core,19.3,112.77,128.33,20.0,12.0,10.0,0.0,ok,-2.5,ok,3.02,,True,39.5,9.2,11.5,-3.3,52.7,23.7,24.7,-21.3,-42.3,-0.23,0.246,ANET,,124,16.0,17.0,,False
357,CAH,"Cardinal Health, Inc.",Healthcare,Medical Distribution,Core,51.8,223.91,232.35,14.0,16.0,10.0,0.0,ok,-0.5,ok,1.21,,False,39.5,15.9,9.2,5.8,3.8,,19.7,3.1,-8.7,-0.192,0.321,AVGO,,124,16.0,15.0,,False
358,TDY,Teledyne Technologies Incorpor,Technology,Scientific & Technical Instrum,Core,28.1,605.59,636.52,14.5,15.5,10.0,0.0,ok,-0.5,ok,1.06,,False,39.5,22.6,3.3,9.8,43.3,9.2,50.5,-2.6,-13.8,0.476,0.48,GEV,,124,15.5,14.0,,False
359,BAC,Bank of America Corporation,Financial Services,Banks - Diversified,Core,384.3,54.96,61.27,17.5,12.0,10.0,0.0,ok,0.0,financial_na,,,True,39.5,10.4,,16.8,0.0,11.2,14.7,-0.4,-1.1,0.04,0.248,GOOG,,124,18.6,14.0,,False
360,EQIX,"Equinix, Inc.",Real Estate,REIT - Specialty,Core,100.2,1015.27,1044.23,17.0,16.0,10.0,0.0,ok,-3.5,ok,4.93,,False,39.5,54.5,3.8,16.7,52.0,10.7,42.6,3.5,-12.2,0.297,0.287,GEV,,124,16.0,16.0,,False
361,GIS,"General Mills, Inc.",Consumer Defensive,Packaged Foods,Core,18.1,33.82,37.5,13.5,18.5,10.0,0.0,ok,-2.5,ok,3.86,,False,39.5,10.7,7.2,-2.8,33.7,-10.5,21.7,-12.6,-24.8,-0.435,0.404,MU,,124,18.5,16.0,,False
362,FAST,Fastenal Company,Industrials,Industrial Distribution,Core,57.3,49.96,49.51,17.0,12.5,10.0,0.0,ok,0.0,ok,0.12,,False,39.5,35.6,1.6,14.7,44.7,34.3,55.7,8.8,-6.2,0.013,0.135,GOOG,,124,12.5,15.0,,False
363,KHC,The Kraft Heinz Company,Consumer Defensive,Packaged Foods,Core,27.8,23.45,25.21,13.5,17.4,10.0,0.0,ok,-1.5,ok,2.97,,False,39.4,11.2,11.7,-1.4,33.5,-8.8,21.1,-1.7,-12.5,-0.325,0.386,ANET,,124,17.4,16.0,,False
364,IONQ,"IonQ, Inc.",Technology,Computer Hardware,Growth,17.8,43.91,41.71,11.0,20.4,10.0,-2.0,ok,0.0,neg_ebitda_low_debt,,,False,39.4,,-0.5,286.8,,-60.5,59.8,0.7,47.6,0.511,0.455,BMNR,,124,20.4,13.0,,False
365,WAB,Westinghouse Air Brake Technol,Industrials,Railroads,Core,49.2,291.23,289.86,17.0,13.9,10.0,0.0,ok,-1.5,ok,2.37,,False,39.4,23.4,2.2,17.5,35.7,11.6,60.1,12.0,5.2,0.371,0.316,MU,,124,13.9,14.0,,False
366,XYZ,"Block, Inc.",Technology,Software - Infrastructure,Core,44.5,74.05,79.91,11.0,18.4,10.0,0.0,ok,0.0,ok,0.28,,False,39.4,14.2,-0.1,9.3,46.6,1.6,30.8,5.9,12.3,0.295,0.451,BMNR,,124,18.4,16.0,,False
367,LRCX,Lam Research Corporation,Technology,Semiconductor Equipment & Mate,Core,405.3,323.86,307.67,19.0,17.3,10.0,-7.0,ok,0.0,ok,-0.17,,False,39.3,27.6,0.8,30.0,50.5,65.1,51.5,19.2,44.5,0.839,0.78,MU,,124,17.3,14.0,,False
368,ARM,Arm Holdings plc,Technology,Semiconductors,Core,313.6,293.67,278.99,16.5,14.7,10.0,-2.0,ok,0.0,ok,-3.2,,False,39.2,96.1,0.4,22.4,97.5,13.4,58.4,38.1,96.9,0.623,0.529,AVGO,,124,14.7,15.0,,False
369,HPE,Hewlett Packard Enterprise Com,Technology,Communication Equipment,Growth,81.6,61.49,58.42,18.0,12.7,10.0,0.0,ok,-1.5,ok,2.05,,False,39.2,13.4,5.8,33.7,36.6,10.9,64.5,70.6,154.5,0.449,0.494,AVGO,,124,12.7,13.0,,False
370,GNRC,Generac Holdlings Inc.,Industrials,Specialty Industrial Machinery,Core,12.5,212.22,201.61,15.5,16.2,10.0,-2.0,ok,-0.5,ok,1.79,,False,39.2,17.0,2.3,10.6,39.5,9.5,63.9,0.2,-3.1,0.522,0.46,MU,,124,16.2,14.0,,False
371,ZBRA,Zebra Technologies Corporation,Technology,Communication Equipment,Core,17.8,375.97,357.17,18.0,12.7,10.0,0.0,ok,-1.5,ok,2.37,,False,39.2,16.9,3.2,20.4,49.6,15.3,65.4,41.8,71.1,0.209,0.305,AVGO,,124,12.7,14.0,,False
372,DGX,Quest Diagnostics Incorporated,Healthcare,Diagnostics & Research,Core,25.6,231.97,236.18,15.5,15.1,10.0,0.0,ok,-1.5,ok,2.55,,False,39.1,19.2,3.6,10.2,33.2,14.6,46.2,13.4,0.7,-0.21,0.282,AVGO,,124,15.1,15.0,,False
373,ES,Eversource Energy (D/B/A),Utilities,Utilities - Regulated Electric,Core,24.1,63.9,70.6,14.5,18.1,10.0,0.0,ok,-3.5,ok,5.67,,False,39.1,13.0,3.4,2.3,52.8,9.0,19.3,-8.1,-23.0,-0.156,0.174,MU,,124,18.1,19.0,,False
374,HCA,"HCA Healthcare, Inc.",Healthcare,Medical Care Facilities,Core,93.4,431.63,412.29,17.0,14.6,10.0,0.0,ok,-2.5,ok,3.2,,False,39.1,13.5,4.0,8.7,42.6,,68.1,-3.4,-25.2,-0.198,0.224,MU,,124,14.6,16.0,,False
375,TSLA,"Tesla, Inc.",Consumer Cyclical,Auto Manufacturers,Core,1393.6,352.84,347.53,11.0,18.1,10.0,0.0,ok,0.0,ok,-2.55,,False,39.1,,0.3,25.5,18.9,4.7,38.4,-10.7,-18.2,0.45,0.479,BMNR,,124,18.1,11.0,,False
376,PM,Philip Morris International In,Consumer Defensive,Tobacco,Core,302.2,193.9,190.16,17.5,13.1,10.0,0.0,ok,-1.5,ok,2.39,,False,39.1,21.1,3.2,10.4,67.5,,67.7,9.8,0.1,-0.343,0.366,MU,,124,13.1,18.0,,False
377,ISRG,"Intuitive Surgical, Inc.",Healthcare,Medical Instruments & Supplies,Core,147.7,412.18,391.57,15.5,13.5,10.0,0.0,ok,0.0,ok,-1.25,,False,39.0,34.1,1.8,18.5,66.7,17.4,90.6,-8.5,-26.5,-0.04,0.308,GOOG,,124,13.5,17.0,,False
378,CPRT,"Copart, Inc.",Industrials,Specialty Business Services,Core,25.1,27.14,30.44,17.0,12.0,10.0,0.0,ok,0.0,ok,-2.34,,True,39.0,15.5,3.5,2.4,49.0,16.2,13.9,-19.5,-34.3,-0.27,0.325,AVGO,,124,16.0,17.0,,False
379,LOW,"Lowe's Companies, Inc.",Consumer Cyclical,Home Improvement Retail,Core,105.1,187.26,206.47,15.5,16.0,10.0,0.0,ok,-2.5,ok,3.05,,False,39.0,14.4,4.4,8.3,33.0,,26.4,-19.3,-36.6,-0.076,0.274,GOOG,,124,16.0,11.0,,False
380,WMT,Walmart Inc.,Consumer Defensive,Discount Stores,Core,849.9,106.8,109.27,12.0,17.5,10.0,0.0,ok,-0.5,ok,1.44,,False,39.0,33.1,0.8,5.9,24.8,22.3,52.4,-9.7,-30.9,-0.223,0.249,MU,,124,17.5,16.0,,False
381,CMCSA,Comcast Corporation,Communication Services,Telecom Services,Core,76.7,21.6,24.75,18.5,12.0,10.0,0.0,ok,-1.5,ok,2.43,,True,39.0,6.0,16.6,-1.2,69.4,11.5,13.8,-18.8,-41.9,-0.253,0.292,MU,,124,16.0,17.0,,False
382,ROP,"Roper Technologies, Inc.",Technology,Software - Application,Core,34.6,349.45,389.87,19.5,12.0,10.0,0.0,ok,-2.5,ok,3.38,,True,39.0,14.3,6.6,8.5,69.5,13.1,13.5,-5.6,-18.0,-0.407,0.431,MU,,124,18.1,17.0,,False
383,EFX,"Equifax, Inc.",Industrials,Consulting Services,Core,16.5,140.83,175.45,18.5,12.0,10.0,0.0,ok,-1.5,ok,2.75,,True,39.0,13.9,5.7,10.6,55.5,14.3,13.0,-23.4,-38.1,-0.38,0.401,GEV,,124,16.0,17.0,,False
384,CAG,"ConAgra Brands, Inc.",Consumer Defensive,Packaged Foods,Speculative,6.8,14.13,15.25,14.5,17.9,10.0,0.0,ok,-3.5,ok,4.17,,False,38.9,9.2,12.7,3.6,24.0,-25.1,23.0,-8.4,-25.4,-0.384,0.353,AVGO,,124,17.9,16.0,,False
385,RSG,"Republic Services, Inc.",Industrials,Waste Management,Core,64.9,211.92,217.19,16.0,16.4,10.0,-2.0,ok,-1.5,ok,2.7,,False,38.9,26.3,3.0,4.6,43.0,18.2,28.5,-1.4,-21.6,-0.602,0.557,MU,,124,16.4,15.0,,False
386,ARE,Alexandria Real Estate Equitie,Real Estate,REIT - Office,Speculative,8.3,48.47,51.11,15.0,18.8,10.0,0.0,ok,-5.0,ok,7.13,,False,38.8,,16.1,-11.9,68.2,-4.1,43.2,-2.9,-11.1,-0.008,0.111,ANET,,124,18.8,17.0,,False
387,SW,Smurfit WestRock plc,Consumer Cyclical,Packaging & Containers,Core,23.3,44.38,46.72,13.0,17.3,10.0,0.0,ok,-1.5,ok,2.95,,False,38.8,12.9,5.2,1.1,18.2,2.7,50.5,3.7,-0.1,0.216,0.212,MU,,124,17.3,11.0,,False
388,ADI,"Analog Devices, Inc.",Technology,Semiconductors,Growth,193.0,398.22,378.31,19.0,13.6,10.0,-4.0,ok,0.0,ok,0.99,,False,38.6,24.4,2.1,39.6,65.8,12.2,79.9,11.6,13.9,0.668,0.586,MU,,124,13.6,15.0,,False
389,GLW,Corning Incorporated,Technology,Electronic Components,Core,136.7,158.71,152.56,14.5,18.6,10.0,-4.0,ok,-0.5,ok,1.68,,False,38.6,36.4,0.5,16.6,36.4,16.8,44.3,6.5,6.0,0.687,0.632,MU,,124,18.6,13.0,,False
390,DELL,Dell Technologies Inc.,Technology,Computer Hardware,Growth,343.1,539.59,512.61,14.5,14.5,10.0,0.0,ok,-0.5,ok,1.34,,False,38.5,18.5,1.8,57.7,19.9,,51.2,89.6,211.2,0.403,0.375,MU,,124,14.5,13.0,,False
391,RF,Regions Financial Corporation,Financial Services,Banks - Regional,Core,22.9,26.89,30.21,16.5,12.0,10.0,0.0,ok,0.0,financial_na,,,True,38.5,9.5,,3.4,0.0,11.9,13.4,-6.0,-11.0,-0.022,0.277,GOOG,,124,17.8,14.0,,False
392,AKAM,"Akamai Technologies, Inc.",Technology,Software - Infrastructure,Core,15.6,108.45,113.08,16.0,16.0,10.0,0.0,ok,-3.5,ok,5.54,,False,38.5,15.8,4.6,5.4,57.5,8.9,53.0,-2.5,-19.1,0.362,0.354,MU,,124,16.0,16.0,,False
393,FICO,Fair Isaac Corporation,Technology,Software - Application,Core,13.3,617.87,1068.79,20.0,12.0,10.0,0.0,ok,-3.5,ok,4.23,,True,38.5,11.8,5.8,25.7,85.1,,19.7,-50.2,-58.5,-0.231,0.307,GEV,,124,16.0,17.0,,False
394,GILD,"Gilead Sciences, Inc.",Healthcare,Drug Manufacturers - General,Core,187.6,151.28,143.72,17.0,11.9,10.0,0.0,ok,-0.5,ok,1.46,,False,38.4,15.3,5.2,10.2,79.6,-20.7,63.0,11.3,-6.5,-0.149,0.209,ANET,,124,11.9,17.0,,False
395,KIM,Kimco Realty Corporation (HC),Real Estate,REIT - Retail,Core,15.0,22.42,24.14,17.0,16.3,10.0,0.0,ok,-5.0,ok,6.12,,False,38.3,25.5,5.8,4.9,68.9,5.8,15.5,-3.2,-17.0,-0.169,0.218,AVGO,,124,16.3,17.0,,False
396,AMGN,Amgen Inc.,Healthcare,Drug Manufacturers - General,Core,229.0,423.64,406.66,19.5,10.3,10.0,0.0,ok,-1.5,ok,2.51,,False,38.3,17.3,3.8,9.5,71.9,91.5,70.6,17.4,4.8,-0.028,0.122,AVGO,,124,10.3,17.0,,False
397,IREN,IREN LIMITED,Financial Services,Capital Markets,Core,16.3,41.38,41.32,7.5,22.7,10.0,-2.0,ok,0.0,financial_na,,,False,38.2,,-25.9,-26.7,68.9,-23.4,35.8,-9.2,13.4,0.644,0.547,MU,,124,22.7,16.0,,False
398,TER,"Teradyne, Inc.",Technology,Semiconductor Equipment & Mate,Growth,63.0,403.02,382.87,20.0,15.1,10.0,-7.0,ok,0.0,ok,-0.17,,False,38.1,34.6,0.7,103.9,59.2,36.5,59.6,21.8,28.3,0.754,0.684,MU,,124,15.1,14.0,,False
399,ETN,"Eaton Corporation, PLC",Industrials,Specialty Industrial Machinery,Core,168.3,433.27,419.89,15.5,14.8,14.3,-4.0,ok,-2.5,ok,3.11,,False,38.1,26.8,1.8,21.4,36.0,19.7,55.8,12.1,9.0,0.718,0.681,GEV,,124,14.8,19.0,,False
400,SOUN,"SoundHound AI, Inc.",Technology,Software - Application,Growth,2.6,5.84,6.61,11.5,16.5,10.0,0.0,ok,0.0,neg_ebitda_low_debt,,,False,38.0,,-1.8,45.0,42.3,-32.2,31.1,-26.1,-20.6,0.362,0.491,BMNR,,124,16.5,16.0,,False
401,CASY,"Caseys General Stores, Inc.",Consumer Cyclical,Specialty Retail,Core,22.2,599.9,765.39,16.5,12.0,10.0,0.0,ok,-0.5,ok,1.51,,True,38.0,25.6,2.3,24.3,23.8,20.0,19.3,-17.9,-32.3,-0.053,0.149,NVDA,,124,14.9,11.0,,False
402,PNR,Pentair plc.,Industrials,Specialty Industrial Machinery,Speculative,8.5,53.47,61.68,16.5,12.0,10.0,0.0,ok,-0.5,ok,1.62,,True,38.0,10.3,6.5,-17.0,41.4,17.1,19.7,-34.7,-53.6,0.121,0.165,NVDA,,124,16.0,15.0,,False
403,KLIC,"Kulicke and Soffa Industries, ",Technology,Semiconductor Equipment & Mate,Growth,4.9,93.72,89.03,16.5,15.5,10.0,-4.0,ok,0.0,ok,-2.49,,False,38.0,15.9,1.2,122.6,52.6,13.2,70.6,14.2,34.2,0.694,0.653,MU,,124,15.5,14.0,,False
404,EA,Electronic Arts Inc.,Communication Services,Electronic Gaming & Multimedia,Core,52.9,209.7,205.27,18.0,10.0,10.0,0.0,ok,0.0,ok,-0.31,,False,38.0,21.7,3.2,18.9,79.9,16.5,80.9,3.4,-13.3,-0.105,0.118,MU,,87,10.0,15.0,,False
405,XYL,Xylem Inc.,Industrials,Specialty Industrial Machinery,Core,23.6,100.93,113.4,16.0,12.0,10.0,0.0,ok,0.0,ok,0.9,,True,38.0,16.2,5.0,1.5,39.2,9.2,20.3,-17.0,-30.6,0.148,0.25,GEV,,124,16.0,14.0,,False
406,AMAT,"Applied Materials, Inc.",Technology,Semiconductor Equipment & Mate,Core,406.3,512.01,490.5,19.0,16.0,10.0,-7.0,ok,0.0,ok,-0.19,,False,38.0,27.7,0.8,24.8,49.4,41.1,62.7,21.1,41.0,0.806,0.76,MU,,124,16.0,14.0,,False
407,BALL,Ball Corporation,Consumer Cyclical,Packaging & Containers,Core,15.0,56.65,62.16,14.0,16.5,10.0,0.0,ok,-2.5,ok,3.41,,False,38.0,12.5,2.5,19.7,18.6,17.2,25.4,-5.4,-19.9,-0.14,0.159,MU,,124,16.5,11.0,,False
408,HSIC,"Henry Schein, Inc.",Healthcare,Medical Distribution,Speculative,9.5,84.97,87.7,14.5,15.9,10.0,0.0,ok,-2.5,ok,3.39,,False,37.9,14.2,4.7,6.7,31.3,8.9,37.0,6.1,-0.6,-0.029,0.165,GOOG,,124,15.9,15.0,,False
409,JBL,Jabil Inc.,Technology,Electronic Components,Core,33.4,318.84,317.98,16.5,15.9,10.0,-4.0,ok,-0.5,ok,1.08,,False,37.9,18.8,3.6,11.8,9.2,65.9,57.7,6.2,11.4,0.687,0.599,MU,,124,15.9,13.0,,False
410,TRGP,"Targa Resources, Inc.",Energy,Oil & Gas Midstream,Cyclical,58.6,273.49,281.48,16.0,14.4,10.0,0.0,ok,-2.5,ok,3.54,,False,37.9,22.6,0.1,4.2,43.2,70.8,23.1,11.4,-6.7,-0.16,0.188,NVDA,,124,14.4,13.0,,False
411,COST,Costco Wholesale Corporation,Consumer Defensive,Discount Stores,Core,409.8,924.59,934.48,13.0,14.9,10.0,0.0,ok,0.0,ok,-0.89,,False,37.9,37.0,1.7,11.1,12.8,28.4,57.4,-3.7,-24.6,-0.392,0.411,MU,,124,14.9,16.0,,False
412,SLB,SLB Limited,Energy,Oil & Gas Equipment & Services,Cyclical,74.0,49.87,52.63,13.0,15.3,10.0,0.0,ok,-0.5,ok,1.18,,False,37.8,15.4,4.0,5.0,17.0,12.9,17.8,-0.7,-20.7,0.102,0.167,ANET,,124,15.3,14.0,,False
413,MAR,Marriott International,Consumer Cyclical,Lodging,Core,94.3,361.62,353.19,17.5,12.8,10.0,0.0,ok,-2.5,ok,3.6,,False,37.8,27.5,2.2,11.1,79.2,,82.2,3.9,-4.2,0.045,0.207,GOOG,,124,12.8,13.0,,False
414,ATO,Atmos Energy Corporation,Utilities,Utilities - Regulated Gas,Core,26.6,157.6,168.25,11.5,18.8,10.0,0.0,ok,-2.5,ok,3.74,,False,37.8,17.5,-8.3,4.8,62.2,9.8,11.6,-9.7,-32.3,-0.24,0.247,AVGO,,124,18.8,20.0,,False
415,ABBV,AbbVie Inc.,Healthcare,Drug Manufacturers - General,Core,465.3,263.29,257.41,17.5,11.8,10.0,0.0,ok,-1.5,ok,2.09,,False,37.8,16.2,3.6,10.2,72.8,,80.9,14.6,7.1,-0.307,0.417,AVGO,,124,11.8,17.0,,False
416,PEG,Public Service Enterprise Grou,Utilities,Utilities - Regulated Electric,Core,33.7,67.68,73.91,12.5,18.7,10.0,0.0,ok,-3.5,ok,5.49,,False,37.7,14.5,0.3,-8.9,33.3,11.8,18.9,-14.2,-34.3,-0.067,0.125,AVGO,,124,18.7,18.0,,False
417,NEE,"NextEra Energy, Inc.",Utilities,Utilities - Regulated Electric,Core,158.3,75.89,83.94,14.0,18.7,10.0,0.0,ok,-5.0,ok,7.35,,False,37.7,17.3,-11.2,12.4,61.0,11.7,15.4,-13.1,-35.1,-0.017,0.133,GEV,,124,18.7,20.0,,False
418,MET,"MetLife, Inc.",Financial Services,Insurance - Life,Core,60.5,95.2,96.28,10.0,17.7,10.0,0.0,ok,0.0,financial_na,,,False,37.7,8.7,-34.6,10.5,24.0,13.1,48.4,14.6,23.0,-0.141,0.19,MU,,124,17.7,14.0,,False
419,SO,Southern Company (The),Utilities,Utilities - Regulated Electric,Core,96.0,83.45,90.2,12.5,18.7,10.0,0.0,ok,-3.5,ok,5.2,,False,37.7,17.0,-4.1,0.1,48.3,11.5,20.4,-8.9,-30.7,-0.273,0.272,AVGO,,124,18.7,19.0,,False
420,AI,"C3.ai, Inc.",Technology,Software - Infrastructure,Speculative,1.7,10.34,10.03,6.0,21.7,10.0,0.0,ok,0.0,neg_ebitda_low_debt,,,False,37.7,,1.0,-25.5,29.1,-59.8,47.1,-0.1,15.2,0.184,0.443,BMNR,,124,21.7,15.0,,False
421,SBUX,Starbucks Corporation,Consumer Cyclical,Restaurants,Core,108.8,95.43,102.98,13.0,17.1,10.0,0.0,ok,-2.5,ok,3.34,,False,37.6,30.6,2.8,-1.4,22.3,,22.8,-2.7,-6.8,0.013,0.089,NVDA,,124,17.1,11.0,,False
422,TSCO,Tractor Supply Company,Consumer Cyclical,Specialty Retail,Core,16.4,31.51,33.37,14.5,15.6,10.0,0.0,ok,-2.5,ok,3.27,,False,37.6,15.4,0.6,2.3,36.5,39.5,24.5,-21.7,-48.1,-0.129,0.168,MU,,124,15.6,11.0,,False
423,POOL,Pool Corporation,Industrials,Industrial Distribution,Speculative,5.9,162.52,185.12,17.0,12.0,10.0,0.0,ok,-1.5,ok,2.58,,True,37.5,13.8,3.6,2.2,29.6,31.3,21.7,-22.2,-35.8,-0.099,0.176,MU,,124,16.0,14.0,,False
424,BLDR,"Builders FirstSource, Inc.",Industrials,Building Products & Equipment,Speculative,6.2,57.53,66.93,14.5,16.5,10.0,0.0,ok,-3.5,ok,5.06,,False,37.5,13.0,7.5,-8.8,29.2,2.5,34.0,-33.6,-44.5,0.205,0.278,NVDA,,124,16.5,14.0,,False
425,JBHT,"J.B. Hunt Transport Services, ",Industrials,Integrated Freight & Logistics,Core,21.5,229.28,264.91,15.5,12.0,10.0,0.0,ok,0.0,ok,0.84,,True,37.5,22.9,4.2,19.4,18.5,18.4,19.2,-5.4,-5.3,0.154,0.154,MU,,124,17.8,14.0,,False
426,A,"Agilent Technologies, Inc.",Healthcare,Diagnostics & Research,Core,49.4,175.03,166.28,17.5,10.5,10.0,0.0,ok,-0.5,ok,1.15,,False,37.5,25.9,2.1,8.1,53.6,21.0,85.2,32.3,39.1,0.094,0.164,NVDA,,124,10.5,16.0,,False
427,MLM,"Martin Marietta Materials, Inc",Basic Materials,Building Materials,Cyclical,34.0,479.09,526.71,12.5,16.5,10.0,0.0,ok,-1.5,ok,2.93,,False,37.5,22.4,1.7,21.0,28.2,8.9,30.4,-19.1,-34.0,0.131,0.212,GOOG,,124,16.5,11.0,,False
428,CLX,Clorox Company (The),Consumer Defensive,Household & Personal Products,Speculative,9.9,81.6,96.66,15.0,16.0,10.0,0.0,ok,-3.5,ok,4.79,,False,37.5,13.0,1.1,-2.0,42.3,163.8,29.0,-19.2,-36.8,-0.162,0.317,GOOG,,124,16.0,17.0,,False
429,CHTR,"Charter Communications, Inc.",Communication Services,Telecom Services,Core,14.4,110.67,140.96,19.0,12.0,10.0,0.0,ok,-3.5,ok,4.41,,True,37.5,,15.3,-1.7,55.2,27.2,18.6,-37.4,-67.4,-0.226,0.255,MU,,124,16.0,16.0,,False
430,DPZ,Domino's Pizza Inc,Consumer Cyclical,Restaurants,Speculative,10.0,301.81,332.94,15.5,15.4,10.0,0.0,ok,-3.5,ok,4.84,,False,37.4,14.5,5.3,4.3,28.7,,26.6,-15.2,-32.0,-0.29,0.319,MU,,124,15.4,11.0,,False
431,WMB,"Williams Companies, Inc. (The)",Energy,Oil & Gas Midstream,Cyclical,83.9,68.63,72.44,15.0,15.8,10.0,0.0,ok,-3.5,ok,4.35,,False,37.3,26.6,-1.8,7.8,63.6,21.5,13.1,-3.1,-22.8,-0.008,0.139,BMNR,,124,15.8,14.0,,False
432,KR,Kroger Company (The),Consumer Defensive,Grocery Stores,Core,35.9,60.79,58.05,15.5,15.2,10.0,-2.0,ok,-1.5,ok,2.8,,False,37.2,11.0,7.1,2.0,23.9,14.4,62.2,-4.0,-34.6,-0.516,0.495,MU,,124,15.2,16.0,,False
433,KMI,"Kinder Morgan, Inc.",Energy,Oil & Gas Midstream,Cyclical,67.8,30.45,31.63,14.5,16.1,10.0,0.0,ok,-3.5,ok,4.23,,False,37.1,19.7,1.6,10.8,49.4,11.0,30.7,-2.4,-26.2,-0.22,0.22,MU,,124,16.1,13.0,,False
434,WEC,"WEC Energy Group, Inc.",Utilities,Utilities - Regulated Electric,Core,33.4,102.58,107.49,12.0,18.5,10.0,0.0,ok,-3.5,ok,5.79,,False,37.0,17.1,-7.0,2.6,41.9,12.0,29.9,-7.3,-27.8,-0.159,0.259,AVGO,,124,18.5,19.0,,False
435,CRWV,"CoreWeave, Inc.",Technology,Software - Infrastructure,Growth,47.4,85.93,85.94,12.5,21.5,10.0,-2.0,ok,-5.0,ok,12.16,,False,37.0,,-19.2,112.5,67.4,-43.6,33.0,-6.7,6.8,0.554,0.483,ANET,,124,21.5,17.0,,False
436,PLAB,"Photronics, Inc.",Technology,Semiconductor Equipment & Mate,Speculative,1.8,31.07,30.18,13.5,15.4,10.0,-2.0,ok,0.0,ok,-2.44,,False,36.9,15.0,1.6,2.7,33.7,13.8,61.7,-13.8,-33.5,0.592,0.54,GEV,,124,15.4,13.0,,False
437,COHR,Coherent Corp.,Technology,Scientific & Technical Instrum,Growth,57.2,292.21,296.6,11.5,19.9,10.0,-4.0,ok,-0.5,ok,1.1,,False,36.9,20.9,-1.1,33.7,37.5,8.0,46.8,2.0,15.5,0.671,0.591,MU,,124,19.9,13.0,,False
438,WELL,Welltower Inc.,Real Estate,REIT - Healthcare Facilities,Growth,167.8,232.9,236.92,14.0,16.4,10.0,0.0,ok,-3.5,ok,5.32,,False,36.9,73.2,1.6,39.1,39.6,3.8,41.7,9.5,2.2,-0.269,0.381,AVGO,,124,16.4,15.0,,False
439,QBTS,D-Wave Quantum Inc.,Technology,Computer Hardware,Speculative,6.2,16.43,18.2,7.0,19.8,10.0,0.0,ok,0.0,neg_ebitda_low_debt,,,False,36.8,,-1.2,-0.6,,-28.0,41.1,-21.8,9.1,0.449,0.484,BMNR,,124,19.8,15.0,,False
440,LIN,Linde plc,Basic Materials,Specialty Chemicals,Cyclical,218.2,473.37,483.4,13.5,13.8,10.0,0.0,ok,-0.5,ok,1.67,,False,36.8,24.2,1.9,9.3,48.3,18.4,56.3,-2.3,-22.7,-0.086,0.179,GOOG,,124,13.8,12.0,,False
441,IQV,"IQVIA Holdings, Inc.",Healthcare,Diagnostics & Research,Core,44.3,268.99,255.54,17.5,12.8,10.0,0.0,ok,-3.5,ok,4.65,,False,36.8,18.6,4.9,8.7,33.0,22.8,62.3,31.2,44.4,-0.169,0.221,GEV,,124,12.8,15.0,,False
442,FN,Fabrinet,Technology,Electronic Components,Growth,15.2,424.12,453.95,14.0,14.7,10.0,-2.0,ok,0.0,ok,-1.64,,False,36.7,19.5,-0.4,44.6,12.0,21.3,52.7,-20.4,-31.3,0.541,0.488,GEV,,124,14.7,13.0,,False
443,CARR,Carrier Global Corporation,Industrials,Building Products & Equipment,Core,45.7,55.38,60.46,10.5,18.7,10.0,0.0,ok,-2.5,ok,3.57,,False,36.7,16.7,1.9,3.9,24.7,9.0,33.0,-9.9,-15.3,0.398,0.345,MU,,124,18.7,14.0,,False
444,TSN,"Tyson Foods, Inc.",Consumer Defensive,Farm Products,Core,17.9,50.98,55.74,12.0,16.2,10.0,0.0,ok,-1.5,ok,2.62,,False,36.7,12.3,6.6,-0.1,6.6,3.3,38.3,-15.1,-37.5,-0.161,0.238,NVDA,,124,16.2,16.0,,False
445,FE,FirstEnergy Corp.,Utilities,Utilities - Regulated Electric,Core,25.3,43.64,46.74,11.5,18.6,10.0,0.0,ok,-3.5,ok,5.33,,False,36.6,14.8,-8.0,8.8,68.6,9.5,22.7,-7.4,-30.1,-0.195,0.295,AVGO,,124,18.6,20.0,,False
446,VTRS,Viatris Inc.,Healthcare,Drug Manufacturers - Specialty,Core,20.8,18.12,17.21,16.0,12.1,10.0,0.0,ok,-1.5,ok,2.82,,False,36.6,6.8,12.9,4.9,40.3,-2.8,77.3,19.4,22.3,-0.065,0.147,AVGO,,124,12.1,16.0,,False
447,TMO,Thermo Fisher Scientific Inc,Healthcare,Diagnostics & Research,Core,251.3,679.61,645.63,17.0,12.0,10.0,0.0,ok,-2.5,ok,3.28,,False,36.5,24.7,2.5,10.5,41.0,13.5,87.3,25.6,24.1,-0.034,0.088,NVDA,,124,12.0,16.0,,False
448,WYNN,"Wynn Resorts, Limited",Consumer Cyclical,Resorts & Casinos,Speculative,8.1,78.23,93.97,18.0,12.0,10.0,0.0,ok,-3.5,ok,5.66,,True,36.5,15.2,5.9,6.9,68.3,,13.4,-24.6,-36.4,0.115,0.182,GOOG,,124,16.0,13.0,,False
449,WST,"West Pharmaceutical Services, ",Healthcare,Medical Instruments & Supplies,Core,26.5,376.63,357.8,14.5,12.0,10.0,0.0,ok,0.0,ok,-0.13,,False,36.5,37.7,1.0,13.8,36.8,19.1,79.0,25.4,36.3,0.048,0.08,GOOG,,124,12.0,15.0,,False
450,OKE,"ONEOK, Inc.",Energy,Oil & Gas Midstream,Growth,54.8,86.86,92.47,15.0,15.0,10.0,0.0,ok,-3.5,ok,4.28,,False,36.5,13.9,1.6,52.8,27.2,16.3,18.4,1.3,-22.9,-0.327,0.312,AVGO,,124,15.0,12.0,,False
451,AME,"AMETEK, Inc.",Industrials,Specialty Industrial Machinery,Core,57.5,250.78,243.05,17.0,11.4,10.0,-2.0,ok,0.0,ok,0.73,,False,36.4,26.1,2.6,15.0,36.9,14.6,73.6,9.4,2.9,0.553,0.553,GEV,,124,11.4,14.0,,False
452,LEN,Lennar Corporation,Consumer Cyclical,Residential Construction,Core,20.0,83.01,83.84,11.5,16.4,10.0,0.0,ok,-1.5,ok,2.44,,False,36.4,15.7,,-8.7,16.0,6.0,56.1,-12.3,-19.2,0.17,0.189,GOOG,,124,16.4,11.0,,False
453,LITE,Lumentum Holdings Inc.,Technology,Communication Equipment,Growth,87.3,973.49,924.82,14.0,14.4,10.0,-2.0,ok,0.0,ok,-1.33,,False,36.4,28.0,0.3,109.3,44.2,-240.0,49.4,32.9,31.2,0.603,0.535,MU,,124,14.4,14.0,,False
454,AWK,"American Water Works Company, ",Utilities,Utilities - Regulated Water,Core,25.8,129.8,135.97,13.0,16.5,10.0,0.0,ok,-3.5,ok,5.44,,False,36.0,19.8,-6.9,6.2,61.5,10.1,10.2,-1.1,-23.3,-0.398,0.382,AVGO,,124,16.5,20.0,,False
455,DDOG,"Datadog, Inc.",Technology,Software - Application,Growth,96.4,268.56,255.13,15.0,11.0,10.0,0.0,ok,0.0,ok,-44.73,,False,36.0,90.3,1.1,35.6,79.5,4.7,87.5,47.1,114.4,0.057,0.143,NVDA,,124,11.0,17.0,,False
456,IRM,Iron Mountain Incorporated (De,Real Estate,REIT - Specialty,Core,33.2,111.5,119.98,13.0,18.0,10.0,0.0,ok,-5.0,ok,7.74,,False,36.0,40.8,-1.3,18.5,54.2,,37.0,0.0,-3.3,0.417,0.349,MU,,124,18.0,16.0,,False
457,MCD,McDonald's Corporation,Consumer Cyclical,Restaurants,Core,165.6,233.98,261.46,16.5,12.0,10.0,0.0,ok,-2.5,ok,3.6,,True,36.0,16.9,3.8,3.7,57.4,,20.0,-19.5,-41.7,-0.312,0.354,MU,,124,16.0,12.0,,False
458,CPT,Camden Property Trust,Real Estate,REIT - Residential,Core,11.4,98.46,106.95,11.0,18.5,10.0,0.0,ok,-3.5,ok,5.4,,False,36.0,90.3,1.2,-0.8,61.6,7.9,23.9,-7.6,-15.8,-0.27,0.357,AVGO,,124,18.5,17.0,,False
459,GM,General Motors Company,Consumer Cyclical,Auto Manufacturers,Core,72.8,80.47,85.38,14.0,16.9,10.0,0.0,ok,-5.0,ok,6.32,,False,35.9,5.4,,1.9,10.2,3.2,39.4,-0.2,-6.9,0.22,0.338,BMNR,,124,16.9,11.0,fcf_yield_out_of_range(30.1),False
460,MTD,"Mettler-Toledo International, ",Healthcare,Diagnostics & Research,Core,30.8,1537.33,1460.46,16.5,9.9,10.0,0.0,ok,-0.5,ok,1.64,,False,35.9,29.7,2.3,4.5,60.3,,78.7,16.6,5.7,-0.005,0.13,GOOG,,124,9.9,17.0,,False
461,BA,Boeing Company (The),Industrials,Aerospace & Defense,Core,148.3,187.68,213.32,14.5,15.4,10.0,0.0,ok,-4.0,neg_ebitda_debt,,,False,35.9,45.5,3.8,8.0,4.7,173.5,29.4,-15.0,-18.3,0.317,0.378,GOOG,,124,15.4,14.0,,False
462,NI,NiSource Inc,Utilities,Utilities - Regulated Gas,Core,18.9,39.32,42.18,10.5,18.9,10.0,0.0,ok,-3.5,ok,5.74,,False,35.9,17.5,-9.4,4.6,51.0,8.5,19.7,-12.0,-32.4,-0.013,0.128,AVGO,,124,18.9,19.0,,False
463,AEE,Ameren Corporation,Utilities,Utilities - Regulated Electric,Core,27.8,100.25,106.88,11.0,18.2,10.0,0.0,ok,-3.5,ok,5.57,,False,35.7,17.3,-6.4,-6.2,52.4,11.9,18.7,-6.8,-26.1,-0.178,0.251,AVGO,,124,18.2,19.0,,False
464,NCLH,Norwegian Cruise Line Holdings,Consumer Cyclical,Travel Services,Speculative,6.8,14.8,17.14,14.5,16.2,10.0,0.0,ok,-5.0,ok,6.08,,False,35.7,8.9,-24.7,4.9,42.5,36.7,41.5,-24.3,-33.6,0.168,0.407,GOOG,,124,16.2,14.0,,False
465,ETR,Entergy Corporation,Utilities,Utilities - Regulated Electric,Core,47.7,99.76,106.56,12.0,17.2,10.0,0.0,ok,-3.5,ok,5.56,,False,35.7,19.5,-9.2,5.9,47.0,10.2,20.6,-5.6,-27.2,0.045,0.107,GEV,,124,17.2,19.0,,False
466,JCI,Johnson Controls International,Industrials,Building Products & Equipment,Core,90.5,149.42,145.24,16.0,13.1,10.0,-2.0,ok,-1.5,ok,2.04,,False,35.6,24.6,3.3,9.3,36.7,14.3,56.1,9.2,0.5,0.558,0.555,GEV,,124,13.1,14.0,,False
467,PPL,PPL Corporation,Utilities,Utilities - Regulated Electric,Core,24.5,32.58,34.66,10.5,18.6,10.0,0.0,ok,-3.5,ok,5.33,,False,35.6,15.4,-7.9,4.2,44.1,8.6,22.0,-9.6,-31.8,-0.149,0.239,AVGO,,124,18.6,19.0,,False
468,LNT,Alliant Energy Corporation,Utilities,Utilities - Regulated Electric,Core,16.7,64.34,68.85,12.0,18.6,10.0,0.0,ok,-5.0,ok,6.61,,False,35.6,17.5,-6.8,1.0,44.5,11.1,24.6,-8.0,-26.8,-0.169,0.242,AVGO,,124,18.6,19.0,,False
469,MGM,MGM Resorts International,Consumer Cyclical,Resorts & Casinos,Speculative,8.1,31.52,42.0,18.5,12.0,10.0,0.0,ok,-5.0,ok,12.25,,True,35.5,15.3,10.9,1.0,44.2,18.9,10.1,-20.9,-29.0,0.08,0.162,NVDA,,124,15.8,12.0,,False
470,AEP,American Electric Power Compan,Utilities,Utilities - Regulated Electric,Core,64.9,119.3,124.82,12.0,17.0,10.0,0.0,ok,-3.5,ok,5.86,,False,35.5,17.4,-9.2,7.0,46.4,10.1,25.4,-5.5,-25.9,-0.092,0.165,AVGO,,124,17.0,19.0,,False
471,DUK,Duke Energy Corporation (Holdi,Utilities,Utilities - Regulated Electric,Core,89.0,114.21,121.82,10.5,18.5,10.0,0.0,ok,-3.5,ok,5.51,,False,35.5,15.9,-5.0,1.1,52.0,9.9,16.7,-7.3,-30.0,-0.322,0.301,AVGO,,124,18.5,19.0,,False
472,EIX,Edison International,Utilities,Utilities - Regulated Electric,Core,20.6,53.56,66.33,13.5,15.5,10.0,0.0,ok,-3.5,ok,4.85,,False,35.5,8.2,0.4,-4.1,61.0,19.7,26.4,-21.1,-42.0,-0.052,0.131,NVDA,,124,15.5,20.0,,False
473,VICI,VICI Properties Inc.,Real Estate,REIT - Diversified,Core,25.5,23.2,25.63,13.0,16.0,10.0,0.0,ok,-3.5,ok,4.82,,False,35.5,7.8,1.0,5.7,99.3,9.8,23.7,-15.2,-31.9,-0.399,0.402,ANET,,124,16.0,17.0,,False
474,PFE,"Pfizer, Inc.",Healthcare,Drug Manufacturers - General,Core,163.7,28.72,27.28,18.0,8.9,10.0,0.0,ok,-1.5,ok,2.04,,False,35.4,9.9,7.6,2.6,74.7,5.0,76.9,10.1,-12.4,-0.185,0.236,ANET,,124,8.9,17.0,,False
475,CRWD,"CrowdStrike Holdings, Inc.",Technology,Software - Infrastructure,Core,269.0,262.74,249.6,14.0,11.3,10.0,0.0,ok,0.0,ok,-39.24,,False,35.3,,0.7,25.8,75.2,1.5,77.4,-36.0,-48.4,0.207,0.231,ANET,,124,11.3,17.0,,False
476,CNP,"CenterPoint Energy, Inc (Holdi",Utilities,Utilities - Regulated Electric,Core,24.3,36.94,40.14,11.5,18.8,10.0,0.0,ok,-5.0,ok,6.28,,False,35.3,17.7,-21.3,10.7,47.0,9.8,18.3,-10.6,-31.6,-0.15,0.26,AVGO,,124,18.8,19.0,,False
477,DHR,Danaher Corporation,Healthcare,Diagnostics & Research,Core,159.0,226.11,214.8,14.5,12.3,10.0,0.0,ok,-1.5,ok,2.93,,False,35.3,24.3,2.7,5.5,58.8,7.6,78.9,12.1,5.5,-0.134,0.22,AVGO,,124,12.3,16.0,,False
478,ADM,Archer-Daniels-Midland Company,Consumer Defensive,Farm Products,Core,38.3,79.4,82.27,11.5,15.3,10.0,0.0,ok,-1.5,ok,2.75,,False,35.3,14.0,3.0,7.2,6.9,7.6,34.5,7.5,-6.8,0.023,0.187,BMNR,,124,15.3,16.0,,False
479,MRVL,"Marvell Technology, Inc.",Technology,Semiconductors,Growth,236.6,263.27,250.11,15.5,13.6,10.0,-4.0,ok,0.0,ok,0.47,,False,35.1,38.9,1.0,36.5,52.2,16.5,69.5,61.1,182.5,0.693,0.625,MU,,124,13.6,14.0,,False
480,SBAC,SBA Communications Corporation,Real Estate,REIT - Specialty,Core,17.3,162.81,180.95,18.0,12.0,10.0,0.0,ok,-5.0,ok,8.12,,True,35.0,19.9,4.4,2.3,74.2,,9.1,-14.9,-21.6,-0.217,0.234,MU,,124,19.0,17.0,,False
481,BWXT,"BWX Technologies, Inc.",Industrials,Aerospace & Defense,Core,12.6,138.01,159.22,14.5,12.0,10.0,0.0,ok,-1.5,ok,2.96,,True,35.0,26.3,1.2,18.0,22.1,28.3,16.5,-27.5,-45.5,0.461,0.519,GEV,,124,15.8,14.0,,False
482,PWR,"Quanta Services, Inc.",Industrials,Engineering & Construction,Growth,98.0,651.79,641.77,13.5,15.0,10.0,-2.0,ok,-1.5,ok,2.0,,False,35.0,33.0,2.0,41.1,15.5,15.3,56.3,8.4,4.6,0.621,0.608,GEV,,124,15.0,14.0,,False
483,SWKS,"Skyworks Solutions, Inc.",Technology,Semiconductors,Core,13.2,88.04,83.64,12.0,12.9,10.0,0.0,ok,0.0,ok,-0.13,,False,34.9,17.7,3.4,-3.1,40.7,5.1,63.5,34.9,50.2,0.316,0.279,AVGO,,124,12.9,14.0,,False
484,ED,"Consolidated Edison, Inc.",Utilities,Utilities - Regulated Electric,Core,38.2,103.33,107.67,12.0,16.2,10.0,0.0,ok,-3.5,ok,4.36,,False,34.7,15.9,-2.2,13.2,53.4,9.0,26.7,-3.5,-25.6,-0.376,0.363,AVGO,,124,16.2,19.0,,False
485,PANW,"Palo Alto Networks, Inc.",Technology,Software - Infrastructure,Growth,317.7,388.41,368.99,14.0,10.6,10.0,0.0,ok,0.0,ok,-0.32,,False,34.6,79.6,1.3,34.5,70.4,1.7,70.8,57.6,134.1,0.218,0.278,NVDA,,124,10.6,17.0,,False
486,PCAR,PACCAR Inc.,Industrials,Farm & Heavy Construction Mach,Core,58.8,111.8,125.88,13.0,12.0,10.0,0.0,ok,-0.5,ok,1.88,,True,34.5,15.5,3.3,0.5,13.7,12.8,14.1,-7.2,-17.8,0.31,0.252,MU,,124,16.8,14.0,,False
487,LUV,Southwest Airlines Company,Industrials,Airlines,Core,20.6,42.08,42.71,10.5,14.3,10.0,0.0,ok,-0.5,ok,1.33,,False,34.3,8.9,-4.1,16.4,22.4,11.1,72.9,-3.1,-1.5,0.324,0.398,GOOG,,124,14.3,14.0,,False
488,EXC,Exelon Corporation,Utilities,Utilities - Regulated Electric,Core,41.9,40.65,44.3,10.5,18.8,10.0,0.0,ok,-5.0,ok,6.09,,False,34.3,13.4,-6.4,9.9,42.4,9.7,17.8,-10.8,-34.7,-0.274,0.285,AVGO,,124,18.8,19.0,,False
489,DOW,Dow Inc.,Basic Materials,Chemicals,Cyclical,19.9,27.61,30.04,9.0,17.8,10.0,0.0,ok,-2.5,ok,3.84,,False,34.3,15.7,1.2,19.7,9.8,-5.5,32.8,-13.3,-51.6,-0.166,0.189,GOOG,,124,17.8,11.0,,False
490,D,"Dominion Energy, Inc.",Utilities,Utilities - Regulated Electric,Core,53.3,60.64,66.66,11.5,17.6,10.0,0.0,ok,-5.0,ok,6.43,,False,34.1,15.9,-17.2,17.6,46.2,8.3,16.9,-5.4,-19.4,-0.142,0.16,MU,,124,17.6,19.0,,False
491,AXON,"Axon Enterprise, Inc.",Industrials,Aerospace & Defense,Growth,34.1,419.58,535.48,14.0,15.1,10.0,0.0,ok,-5.0,ok,7.01,,False,34.1,39.8,0.7,35.3,59.5,6.2,26.7,-16.0,-16.4,-0.044,0.228,GOOG,,124,15.1,15.0,,False
492,NRG,"NRG Energy, Inc.",Utilities,Utilities - Independent Power ,Core,20.4,97.17,117.09,17.0,12.0,10.0,0.0,ok,-5.0,ok,7.16,,True,34.0,8.7,3.8,11.0,18.8,23.8,13.3,-31.5,-48.5,0.371,0.404,GEV,,124,16.0,18.0,,False
493,O,Realty Income Corporation,Real Estate,REIT - Retail,Core,52.2,55.14,61.38,15.5,12.0,10.0,0.0,ok,-3.5,ok,5.74,,True,34.0,35.5,3.0,9.6,92.7,3.2,4.6,-10.3,-26.5,-0.273,0.267,NVDA,,124,18.8,17.0,,False
494,BBAI,"BigBear.ai, Inc.",Technology,Information Technology Service,Speculative,1.3,2.65,2.96,7.5,16.5,10.0,0.0,ok,0.0,neg_ebitda_low_debt,,,False,34.0,,-16.4,13.2,27.9,-16.6,33.3,-34.4,-30.3,0.463,0.539,BMNR,,124,16.5,15.0,,False
495,TAP,Molson Coors Beverage Company,Consumer Defensive,Beverages - Brewers,Speculative,6.7,36.01,40.47,13.5,12.0,10.0,0.0,ok,-1.5,ok,2.56,,True,34.0,7.4,13.9,-3.3,37.0,-19.5,22.7,-16.8,-33.6,-0.398,0.368,ANET,,124,16.0,16.0,,False
496,CMI,Cummins Inc.,Industrials,Specialty Industrial Machinery,Core,71.8,521.37,590.88,16.0,12.0,10.0,-4.0,ok,0.0,ok,0.87,,True,34.0,15.1,3.1,9.4,25.8,21.1,23.9,-13.5,-15.6,0.66,0.601,GEV,,124,17.4,14.0,,False
497,APD,"Air Products and Chemicals, In",Basic Materials,Specialty Chemicals,Cyclical,62.2,279.19,297.04,11.0,15.5,10.0,0.0,ok,-2.5,ok,3.71,,False,34.0,19.3,-2.4,4.6,32.1,0.0,28.5,-1.7,-21.1,0.014,0.124,GEV,,124,15.5,11.0,,False
498,BIIB,Biogen Inc.,Healthcare,Drug Manufacturers - General,Core,33.6,227.07,215.72,15.5,9.6,10.0,0.0,ok,-1.5,ok,2.1,,False,33.6,13.7,3.8,3.4,78.3,4.6,71.8,16.9,3.6,-0.126,0.215,AVGO,,124,9.6,17.0,,False
499,WAT,Waters Corporation,Healthcare,Diagnostics & Research,Growth,43.5,443.26,421.1,14.0,12.0,10.0,0.0,ok,-2.5,ok,3.4,,False,33.5,26.8,-0.3,113.4,56.3,1.9,77.6,22.2,33.6,0.193,0.194,AVGO,,124,12.0,16.0,,False
500,HRL,Hormel Foods Corporation,Consumer Defensive,Packaged Foods,Core,10.9,19.85,23.07,12.0,12.0,10.0,0.0,ok,-0.5,ok,1.57,,True,33.5,12.8,5.7,-2.4,15.7,4.3,19.9,-14.0,-30.0,-0.232,0.274,NVDA,,124,18.9,16.0,,False
501,RVTY,"Revvity, Inc.",Healthcare,Diagnostics & Research,Core,17.0,152.77,145.13,14.5,10.5,10.0,0.0,ok,-1.5,ok,2.65,,False,33.5,25.9,3.5,1.3,55.0,3.2,76.9,45.0,62.8,0.18,0.184,MU,,124,10.5,16.0,,False
502,LHX,"L3Harris Technologies, Inc.",Industrials,Aerospace & Defense,Core,44.0,236.47,268.86,13.0,12.0,10.0,0.0,ok,-1.5,ok,2.29,,True,33.5,17.5,3.7,8.4,25.5,9.3,9.9,-24.0,-47.9,-0.238,0.266,MU,,124,16.0,14.0,,False
503,EVRG,"Evergy, Inc.",Utilities,Utilities - Regulated Electric,Core,18.2,78.73,82.18,10.5,16.4,10.0,0.0,ok,-3.5,ok,5.8,,False,33.4,17.2,-8.0,4.4,52.7,9.3,26.6,-2.5,-21.0,-0.198,0.277,AVGO,,124,16.4,19.0,,False
504,DE,Deere & Company,Industrials,Farm & Heavy Construction Mach,Core,183.5,680.5,646.48,14.5,13.8,10.0,0.0,ok,-5.0,ok,6.7,,False,33.3,29.8,2.5,4.9,25.2,18.2,49.9,16.7,5.4,0.172,0.153,MU,,124,13.8,14.0,,False
505,AMD,"Advanced Micro Devices, Inc.",Technology,Semiconductors,Growth,991.8,607.57,577.19,16.5,10.7,10.0,-4.0,ok,0.0,ok,-0.92,,False,33.2,39.0,0.9,50.1,55.7,10.2,73.0,65.5,192.4,0.718,0.674,MU,,124,10.7,14.0,,False
506,CMS,CMS Energy Corporation,Utilities,Utilities - Regulated Electric,Core,19.9,63.45,69.14,9.5,18.7,10.0,0.0,ok,-5.0,ok,6.32,,False,33.2,15.3,-11.1,-0.5,40.3,9.2,16.5,-12.5,-34.7,-0.272,0.276,AVGO,,124,18.7,19.0,,False
507,SRE,DBA Sempra,Utilities,Utilities - Diversified,Core,51.1,78.18,84.93,9.5,18.7,10.0,0.0,ok,-5.0,ok,6.23,,False,33.2,14.1,-54.1,-0.1,44.0,6.7,20.1,-13.1,-36.5,-0.059,0.151,NVDA,,124,18.7,19.0,,False
508,XEL,Xcel Energy Inc.,Utilities,Utilities - Regulated Electric,Core,44.2,70.69,76.41,9.5,18.5,10.0,0.0,ok,-5.0,ok,6.47,,False,33.0,15.6,-17.9,-5.1,46.8,9.9,24.1,-9.3,-28.2,-0.093,0.161,NVDA,,124,18.5,19.0,,False
509,AEHR,Aehr Test Systems,Technology,Semiconductor Equipment & Mate,Growth,3.3,100.78,95.74,10.5,14.3,10.0,-2.0,ok,0.0,neg_ebitda_low_debt,,,False,32.8,72.9,-0.1,33.7,35.3,-4.2,58.9,48.0,217.1,0.628,0.551,MU,,124,14.3,13.0,,False
510,PNW,Pinnacle West Capital Corporat,Utilities,Utilities - Regulated Electric,Core,11.3,93.4,98.8,10.5,17.2,10.0,0.0,ok,-5.0,ok,7.68,,False,32.7,16.8,-8.2,7.1,43.4,9.4,29.8,-5.0,-23.8,-0.18,0.245,AVGO,,124,17.2,19.0,,False
511,HLT,Hilton Worldwide Holdings Inc.,Consumer Cyclical,Lodging,Core,72.8,323.44,318.26,14.0,12.2,10.0,0.0,ok,-3.5,ok,4.21,,False,32.7,30.9,1.9,2.5,79.0,,74.3,2.6,-8.2,0.105,0.288,GOOG,,124,12.2,13.0,,False
512,APLD,Applied Digital Corporation,Technology,Information Technology Service,Growth,7.6,25.41,27.57,9.5,19.1,10.0,-2.0,ok,-4.0,neg_ebitda_debt,,,False,32.6,,,406.6,25.9,-8.4,40.3,-21.0,6.2,0.613,0.527,MU,,124,19.1,15.0,fcf_yield_out_of_range(-65.3),False
513,CCI,Crown Castle Inc.,Real Estate,REIT - Specialty,Core,29.3,67.07,74.53,15.5,12.0,10.0,0.0,ok,-5.0,ok,8.31,,True,32.5,23.1,3.5,-4.9,73.7,,10.5,-19.3,-33.3,-0.37,0.366,MU,,124,16.0,17.0,,False
514,OKLO,Oklo Inc.,Utilities,Utilities - Independent Power ,Speculative,6.9,37.11,41.19,8.0,16.4,10.0,-2.0,ok,0.0,neg_ebitda_low_debt,,,False,32.4,,-3.5,,,-7.7,33.8,-38.8,-36.1,0.547,0.489,BMNR,,124,16.4,19.0,,False
515,ONTO,Onto Innovation Inc.,Technology,Semiconductor Equipment & Mate,Growth,18.6,304.69,289.46,14.0,15.4,10.0,-7.0,ok,0.0,ok,-1.33,,False,32.4,26.1,1.1,35.3,55.5,6.8,61.1,21.6,43.5,0.753,0.659,MU,,124,15.4,14.0,,False
516,BG,Bunge Limited,Consumer Defensive,Farm Products,Growth,20.8,108.14,114.68,9.5,16.3,10.0,0.0,ok,-3.5,ok,5.21,,False,32.3,9.6,-31.2,88.3,4.9,7.2,20.2,-6.5,-31.9,-0.012,0.168,GEV,,124,16.3,16.0,,False
517,INTC,Intel Corporation,Technology,Semiconductors,Core,612.8,115.93,110.13,13.0,13.7,10.0,-4.0,ok,-0.5,ok,1.24,,False,32.2,56.2,0.8,25.4,38.9,-10.7,60.3,45.6,164.0,0.676,0.643,MU,,124,13.7,13.0,,False
518,CIFR,Cipher Digital Inc.,Technology,Information Technology Service,Speculative,6.9,16.51,18.18,5.5,23.6,10.0,-2.0,ok,-5.0,ok,49.49,,False,32.1,125.3,-42.3,-43.0,,-167.5,40.0,-10.0,19.9,0.623,0.531,MU,,124,23.6,15.0,,False
519,NBIS,Nebius Group N.V.,Communication Services,Internet Content & Information,Growth,64.5,237.35,225.49,13.5,15.2,10.0,-2.0,ok,-5.0,ok,8.35,,False,31.7,,-14.9,454.0,74.3,0.6,47.0,44.0,139.8,0.552,0.48,MU,,124,15.2,15.0,,False
520,WBD,"Warner Bros. Discovery, Inc. -",Communication Services,Entertainment,Core,77.3,30.85,29.31,14.0,10.0,10.0,0.0,ok,-2.5,ok,3.67,,False,31.5,,20.9,-11.2,47.8,-8.8,79.6,11.5,-3.6,0.106,0.211,NVDA,,124,10.0,14.0,,False
521,IFF,International Flavors & Fragra,Basic Materials,Specialty Chemicals,Cyclical,21.8,85.25,83.35,8.0,14.9,10.0,0.0,ok,-1.5,ok,2.99,,False,31.4,21.5,-7.9,1.8,36.6,-5.5,47.8,12.5,2.6,0.057,0.247,GOOG,,124,14.9,11.0,,False
522,COHU,"Cohu, Inc.",Technology,Semiconductor Equipment & Mate,Growth,3.1,65.97,62.67,14.0,11.2,10.0,-4.0,ok,0.0,ok,-13.22,,False,31.2,35.7,2.1,38.4,44.0,-4.8,71.4,53.6,113.3,0.749,0.69,MU,,124,11.2,14.0,,False
523,CRL,Charles River Laboratories Int,Healthcare,Diagnostics & Research,Core,14.3,295.96,281.16,11.0,12.6,10.0,0.0,ok,-2.5,ok,3.35,,False,31.1,23.2,3.3,-2.7,34.6,-7.5,63.3,42.2,67.8,0.167,0.188,BMNR,,124,12.6,15.0,,False
524,MOS,Mosaic Company (The),Basic Materials,Agricultural Inputs,Cyclical,7.1,22.42,23.55,5.5,18.1,10.0,0.0,ok,-2.5,ok,3.37,,False,31.1,14.3,-10.5,-6.0,11.2,-5.1,23.6,-8.4,-27.8,0.182,0.206,BMNR,,124,18.1,11.0,,False
525,HII,"Huntington Ingalls Industries,",Industrials,Aerospace & Defense,Core,10.2,259.64,294.58,10.5,12.0,10.0,0.0,ok,-1.5,ok,2.5,,True,31.0,12.5,-2.9,10.9,12.4,13.0,16.1,-24.7,-47.1,0.111,0.187,ANET,,124,15.9,14.0,,False
526,UCTT,"Ultra Clean Holdings, Inc.",Technology,Semiconductor Equipment & Mate,Speculative,3.6,80.46,78.94,9.0,18.1,10.0,-4.0,ok,-2.5,ok,3.74,,False,30.6,13.7,-2.2,24.3,15.8,-1.6,59.2,13.7,26.5,0.712,0.639,MU,,124,18.1,13.0,,False
527,AES,The AES Corporation,Utilities,Utilities - Diversified,Core,10.6,14.86,14.78,10.0,15.0,10.0,0.0,ok,-5.0,ok,7.64,,False,30.0,6.3,-29.1,19.9,20.3,9.6,57.9,2.1,-10.2,0.212,0.235,AVGO,,124,15.0,18.0,,False
528,WULF,TeraWulf Inc.,Financial Services,Capital Markets,Speculative,7.5,15.09,16.76,7.0,16.7,10.0,-4.0,ok,0.0,financial_na,,,False,29.7,,-3.1,-6.0,,-1211.8,34.1,-16.4,-7.4,0.652,0.56,MU,,124,16.7,16.0,,False
529,MRNA,"Moderna, Inc.",Healthcare,Biotechnology,Core,81.2,203.46,193.29,9.0,10.5,10.0,0.0,ok,0.0,neg_ebitda_low_debt,,,False,29.5,,0.4,2.1,,-39.0,84.9,211.1,304.4,0.018,0.247,BMNR,,124,10.5,15.0,,False
530,PCG,Pacific Gas & Electric Co.,Utilities,Utilities - Regulated Electric,Core,36.6,12.18,15.87,10.5,12.0,10.0,0.0,ok,-5.0,ok,6.1,,True,27.5,6.8,-16.8,0.1,39.8,9.3,13.3,-26.4,-47.6,-0.058,0.079,MU,,124,15.8,18.0,,False
531,DTE,DTE Energy Company,Utilities,Utilities - Regulated Electric,Core,25.5,122.39,136.49,9.5,12.0,10.0,0.0,ok,-5.0,ok,7.69,,True,26.5,14.6,-10.2,-1.5,29.3,11.0,11.1,-13.0,-33.7,-0.174,0.184,AVGO,,124,18.8,18.0,,False
532,WY,Weyerhaeuser Company,Real Estate,REIT - Specialty,Core,14.1,19.55,23.4,8.0,12.0,10.0,0.0,ok,-5.0,ok,7.15,,True,25.0,29.1,0.1,-0.9,14.5,5.0,17.3,-19.1,-37.0,-0.051,0.177,GOOG,,124,16.0,15.0,,False
533,F,Ford Motor Company,Consumer Cyclical,Auto Manufacturers,Core,49.0,12.3,13.92,4.5,12.0,10.0,0.0,ok,-5.0,ok,18.47,,True,21.5,6.3,-16.2,-3.8,7.1,-18.3,24.2,-8.2,-6.4,0.209,0.236,GOOG,,124,19.5,11.0,,False
