rank,ticker,name,sector,industry,category,mcap_B,current_price,entry_level,fundamental,technical,visibility,corr_penalty,corr_status,leverage_penalty,lev_status,nd_ebitda,dte_pct,broken_base,composite,fwd_pe,fcf_yield_pct,rev_growth_pct,gross_margin_pct,roe_pct,rsi,ma200_dist_pct,rel_str_6m_pct,portfolio_corr,max_corr,max_corr_with,corr_null_reason,n_corr_obs,technical_precap,visibility_legacy,data_flags,in_portfolio
1,AVGO,Broadcom Inc.,Technology,Semiconductors,Growth,1731.9,364.03,388.58,20.0,19.4,22.0,0.0,ok,-0.5,ok,1.08,,False,60.9,18.6,1.6,47.9,76.3,37.3,38.4,-1.3,-0.9,0.402,0.484,NVDA,,126,19.4,22.0,,True
2,GEV,GE Vernova Inc.,Industrials,Specialty Industrial Machinery,Compounder,257.3,966.01,1033.26,20.0,16.5,23.0,0.0,ok,0.0,ok,-2.29,,False,59.5,38.5,6.1,21.9,20.6,82.6,45.3,11.6,5.8,0.39,0.452,AVGO,,126,16.5,23.0,,False
3,TSM,Taiwan Semiconductor Manufactu,Technology,Semiconductors,Growth,2157.6,416.0,424.3,24.0,14.1,21.0,-2.0,ok,0.0,ok,-0.77,,False,57.1,19.1,,36.0,64.2,40.0,58.7,14.1,2.3,0.595,0.661,NVDA,,126,14.1,21.0,fcf_yield_out_of_range(33.9),False
4,GOOG,Alphabet Inc.,Communication Services,Internet Content & Information,Compounder,4136.2,338.2,350.39,19.0,17.6,20.0,0.0,ok,0.0,ok,-0.7,,False,56.6,22.8,0.5,24.2,60.9,48.7,35.7,2.0,-3.1,0.337,0.3,BMNR,,126,17.6,20.0,,True
5,ANET,"Arista Networks, Inc.",Technology,Computer Hardware,Growth,231.8,183.75,176.62,19.0,16.9,19.8,0.0,ok,0.0,ok,-2.88,,False,55.7,35.6,1.7,37.7,63.0,31.5,52.1,23.4,27.8,0.446,0.575,AVGO,,126,16.9,20.0,,False
6,VRT,"Vertiv Holdings, LLC",Industrials,Electrical Equipment & Parts,Core,101.9,264.63,294.27,20.5,15.9,19.1,0.0,ok,0.0,ok,0.08,,False,55.5,29.1,2.6,24.1,38.0,43.9,60.8,4.7,-2.0,0.369,0.495,NVDA,,126,15.9,20.0,,False
7,LMT,Lockheed Martin Corporation,Industrials,Aerospace & Defense,Compounder,131.9,571.48,547.78,18.0,15.2,22.0,0.0,ok,-0.5,ok,1.73,,False,54.7,17.5,4.2,10.5,11.8,89.2,46.0,3.8,-23.3,-0.111,0.166,AVGO,,126,15.2,22.0,,False
8,POWL,"Powell Industries, Inc.",Industrials,Electrical Equipment & Parts,Speculative,7.2,197.4,241.69,17.5,18.8,18.0,0.0,ok,0.0,ok,-2.67,,False,54.3,27.7,2.6,8.9,30.1,28.3,42.3,0.3,-2.3,0.39,0.457,AVGO,,126,18.8,18.0,,False
9,META,"Meta Platforms, Inc.",Communication Services,Internet Content & Information,Core,1390.5,545.83,593.41,18.0,18.1,17.0,0.0,ok,0.0,ok,0.2,,False,53.1,15.7,1.6,28.0,81.7,29.8,46.0,-12.6,-27.3,0.407,0.375,GOOG,,126,18.1,15.0,,False
10,NVDA,NVIDIA Corporation,Technology,Semiconductors,Growth,5252.3,216.85,207.29,20.0,14.4,20.0,-2.0,ok,0.0,ok,-0.24,,False,52.4,16.7,0.9,85.2,74.1,114.3,67.4,11.1,3.7,0.529,0.484,AVGO,,126,14.4,20.0,,True
11,NOC,Northrop Grumman Corporation,Industrials,Aerospace & Defense,Compounder,80.1,563.86,542.01,16.0,15.8,21.0,0.0,ok,-1.5,ok,2.03,,False,51.3,18.5,3.1,5.1,20.1,27.0,59.5,-6.6,-32.4,-0.063,0.244,AVGO,,126,15.8,21.0,,False
12,MSFT,Microsoft Corporation,Technology,Software - Infrastructure,Core,3572.8,481.15,457.09,18.0,15.6,17.3,0.0,ok,0.0,ok,0.27,,False,50.9,20.4,0.5,17.7,67.9,34.0,58.8,11.6,10.5,0.309,0.317,BMNR,,126,15.6,18.0,,True
13,TLN,Talen Energy Corporation,Utilities,Utilities - Independent Power ,Growth,15.2,316.99,367.68,17.5,19.0,19.0,0.0,ok,-5.0,ok,16.05,,False,50.5,10.3,8.3,111.2,42.1,-12.8,43.7,-12.5,-27.7,0.364,0.367,AVGO,,126,19.0,19.0,,False
14,NXPI,NXP Semiconductors N.V.,Technology,Semiconductors,Core,56.2,222.97,267.58,22.0,18.5,10.0,0.0,ok,-0.5,ok,1.53,,False,50.0,12.3,6.3,19.5,56.1,27.9,45.0,-7.8,-14.1,0.232,0.386,AVGO,,126,18.5,14.0,,False
15,AMZN,"Amazon.com, Inc.",Consumer Cyclical,Internet Retail,Core,2805.6,260.11,249.32,17.0,18.4,16.5,-2.0,ok,0.0,ok,0.76,,False,49.9,25.0,0.1,19.6,50.8,30.6,40.6,9.2,13.2,0.579,0.634,GOOG,,126,18.4,17.0,,False
16,RTX,RTX Corporation,Industrials,Aerospace & Defense,Compounder,286.1,212.29,202.71,15.5,13.8,21.0,0.0,ok,-0.5,ok,1.92,,False,49.8,27.0,3.5,14.5,20.3,12.3,45.7,11.1,-7.0,-0.038,0.137,AVGO,,126,13.8,21.0,,False
17,CINF,Cincinnati Financial Corporati,Financial Services,Insurance - Property & Casualt,Growth,25.8,168.19,177.42,22.0,17.8,10.0,0.0,ok,0.0,financial_na,,,False,49.8,18.6,11.6,31.6,31.1,21.5,22.8,1.2,-6.8,-0.158,0.302,AVGO,,126,17.8,14.0,,False
18,DECK,Deckers Outdoor Corporation,Consumer Cyclical,Footwear & Accessories,Core,12.1,88.86,101.84,21.0,18.4,10.0,0.0,ok,0.0,ok,-0.85,,False,49.4,10.6,7.2,5.7,57.8,42.6,32.0,-13.1,-35.7,0.26,0.346,GOOG,,126,18.4,12.0,,False
19,GD,General Dynamics Corporation,Industrials,Aerospace & Defense,Compounder,104.5,386.07,373.19,14.5,14.6,20.0,0.0,ok,0.0,ok,0.78,,False,49.1,20.8,4.2,8.1,15.4,17.8,53.1,9.8,-0.2,-0.01,0.144,NVDA,,126,14.6,21.0,,False
20,TEL,TE Connectivity plc,Technology,Electronic Components,Core,58.1,200.54,206.5,20.0,19.1,10.0,0.0,ok,0.0,ok,0.92,,False,49.1,15.5,4.0,13.8,36.1,23.3,44.7,-8.0,-25.2,0.309,0.289,AVGO,,126,19.1,13.0,,False
21,ADBE,Adobe Inc.,Technology,Software - Application,Core,108.2,272.22,258.61,23.0,15.9,10.0,0.0,ok,0.0,ok,0.15,,False,48.9,9.9,8.5,12.7,89.4,63.0,63.0,0.5,-5.3,0.164,0.4,MSFT,,126,15.9,17.0,,False
22,AMP,"Ameriprise Financial, Inc.",Financial Services,Asset Management,Core,48.4,547.09,519.74,23.0,15.7,10.0,0.0,ok,0.0,financial_na,,,False,48.7,10.6,6.0,11.6,54.9,63.4,50.9,13.8,5.8,0.273,0.294,MSFT,,126,15.7,15.0,,False
23,ADSK,"Autodesk, Inc.",Technology,Software - Application,Core,53.0,251.02,238.47,22.0,16.7,10.0,0.0,ok,0.0,ok,-0.09,,False,48.7,17.6,5.8,18.4,92.4,50.4,63.3,0.5,0.0,0.117,0.332,MSFT,,126,16.7,17.0,,False
24,ALL,Allstate Corporation (The),Financial Services,Insurance - Property & Casualt,Core,64.4,254.54,249.15,22.0,16.7,10.0,0.0,ok,0.0,financial_na,,,False,48.7,9.2,23.6,11.8,36.8,46.1,41.7,16.7,13.4,-0.269,0.347,NVDA,,126,16.7,14.0,,False
25,KEYS,Keysight Technologies Inc.,Technology,Scientific & Technical Instrum,Growth,53.9,316.51,333.03,20.5,18.2,10.0,0.0,ok,0.0,ok,0.08,,False,48.7,23.2,3.6,36.5,64.7,20.9,48.8,12.7,19.4,0.279,0.406,AVGO,,126,18.2,15.0,,False
26,IDXX,"IDEXX Laboratories, Inc.",Healthcare,Diagnostics & Research,Core,43.1,545.86,560.0,19.5,19.1,10.0,0.0,ok,0.0,ok,0.55,,False,48.6,32.6,2.1,9.7,62.4,74.2,45.0,-11.4,-24.7,0.266,0.362,GOOG,,126,19.1,17.0,,False
27,AXP,American Express Company,Financial Services,Credit Services,Core,223.6,331.15,341.83,21.5,17.1,10.0,0.0,ok,0.0,financial_na,,,False,48.6,16.5,,12.8,62.3,34.4,44.7,-2.1,-14.6,0.388,0.378,BMNR,,126,17.1,18.0,,False
28,BX,Blackstone Inc.,Financial Services,Asset Management,Core,169.0,141.35,134.28,22.5,16.1,10.0,0.0,ok,0.0,financial_na,,,False,48.6,18.9,,28.6,100.0,31.4,64.3,9.1,7.0,0.32,0.336,BMNR,,126,16.1,16.0,,False
29,CBOE,"Cboe Global Markets, Inc.",Financial Services,Financial Data & Stock Exchang,Core,30.7,294.11,279.4,20.5,17.9,10.0,0.0,ok,0.0,financial_na,,,False,48.4,19.4,2.2,22.9,54.1,26.3,39.7,4.2,-8.5,-0.11,0.182,AVGO,,126,17.9,15.0,,False
30,APP,Applovin Corporation,Communication Services,Advertising Agencies,Growth,103.3,308.77,431.0,22.5,15.9,10.0,0.0,ok,0.0,ok,0.09,,False,48.4,14.7,3.1,52.8,88.5,203.7,26.8,-38.5,-36.8,0.416,0.366,BMNR,,126,15.9,15.0,,False
31,CF,"CF Industries Holdings, Inc.",Basic Materials,Agricultural Inputs,Cyclical,19.0,125.7,119.41,22.0,16.3,10.0,0.0,ok,0.0,ok,0.29,,False,48.3,12.0,6.7,17.6,42.5,29.9,50.7,19.7,19.3,-0.347,0.33,GOOG,,126,16.3,12.0,,False
32,AON,Aon plc,Financial Services,Insurance Brokers,Core,74.7,351.93,349.77,20.0,18.2,10.0,0.0,ok,0.0,financial_na,,,False,48.2,16.5,4.3,2.2,48.2,44.7,40.1,4.4,-2.0,-0.167,0.374,AVGO,,126,18.2,15.0,,False
33,NFLX,"Netflix, Inc.",Communication Services,Entertainment,Core,333.7,80.14,76.13,23.0,15.1,10.0,0.0,ok,0.0,ok,0.51,,False,48.1,21.0,7.6,13.4,49.1,49.5,73.1,-9.5,-8.7,0.097,0.202,MSFT,,126,15.1,14.0,,False
34,EBAY,eBay Inc.,Consumer Cyclical,Internet Retail,Core,46.6,104.61,110.07,20.5,18.1,10.0,0.0,ok,-0.5,ok,1.24,,False,48.1,15.5,3.4,14.8,72.1,46.6,35.8,7.5,8.6,0.174,0.227,GOOG,,126,18.1,13.0,,False
35,QCOM,QUALCOMM Incorporated,Technology,Semiconductors,Core,168.8,160.74,179.14,20.0,18.0,10.0,0.0,ok,0.0,ok,0.58,,False,48.0,15.8,6.1,-4.0,54.2,33.8,63.6,-4.2,2.6,0.292,0.392,AVGO,,126,18.0,14.0,,False
36,ULTA,"Ulta Beauty, Inc.",Consumer Cyclical,Specialty Retail,Core,22.1,515.14,489.51,21.0,17.2,10.0,0.0,ok,-0.5,ok,1.1,,False,47.7,16.2,4.4,11.1,43.2,47.4,50.6,-7.2,-35.2,0.158,0.196,MSFT,,126,17.2,12.0,,False
37,EOG,"EOG Resources, Inc.",Energy,Oil & Gas E&P,Growth,81.1,152.19,144.58,23.0,14.6,10.0,0.0,ok,0.0,ok,0.23,,False,47.6,10.4,5.5,58.7,62.6,22.5,54.5,21.0,14.0,-0.337,0.321,NVDA,,126,14.6,14.0,,False
38,CSCO,"Cisco Systems, Inc.",Technology,Communication Equipment,Core,431.9,109.59,116.39,19.5,18.1,10.0,0.0,ok,0.0,ok,0.73,,False,47.6,19.8,2.7,17.6,64.6,27.3,39.6,18.5,28.5,0.228,0.353,AVGO,,126,18.1,15.0,,False
39,TXN,Texas Instruments Incorporated,Technology,Semiconductors,Core,242.6,265.6,290.51,19.0,18.5,10.0,0.0,ok,0.0,ok,0.74,,False,47.5,25.3,1.5,22.8,58.3,35.2,43.4,14.0,10.9,0.238,0.4,AVGO,,126,18.5,14.0,,False
40,BRO,"Brown & Brown, Inc.",Financial Services,Insurance Brokers,Growth,24.1,72.08,68.48,21.5,15.9,10.0,0.0,ok,0.0,financial_na,,,False,47.4,14.9,6.8,32.4,56.3,10.0,58.5,3.6,-6.7,-0.169,0.371,AVGO,,126,15.9,15.0,,False
41,FTNT,"Fortinet, Inc.",Technology,Software - Infrastructure,Core,110.6,150.79,155.75,21.5,15.9,10.0,0.0,ok,0.0,ok,-1.35,,False,47.4,40.1,2.0,25.6,80.2,117.4,38.0,42.5,77.9,0.278,0.314,MSFT,,126,15.9,17.0,,False
42,HOOD,"Robinhood Markets, Inc.",Financial Services,Capital Markets,Growth,85.5,95.1,99.87,20.0,19.4,10.0,-2.0,ok,0.0,financial_na,,,False,47.4,29.3,,32.3,91.9,23.6,63.0,-1.2,14.4,0.556,0.587,BMNR,,126,19.4,16.0,,False
43,APO,"Apollo Global Management, Inc.",Financial Services,Asset Management,Growth,76.8,129.98,126.79,20.0,17.3,10.0,0.0,ok,0.0,financial_na,,,False,47.3,12.1,,63.8,36.1,11.4,54.7,2.1,-2.0,0.33,0.291,GOOG,,126,17.3,14.0,,False
44,EXPE,"Expedia Group, Inc.",Consumer Cyclical,Travel Services,Core,38.9,324.17,307.96,23.0,14.3,10.0,0.0,ok,0.0,ok,-0.5,,False,47.3,13.4,8.8,14.0,90.4,89.5,66.7,27.4,49.1,0.163,0.217,MSFT,,126,14.3,15.0,,False
45,TROW,"T. Rowe Price Group, Inc.",Financial Services,Asset Management,Core,23.9,112.19,113.68,20.5,16.7,10.0,0.0,ok,0.0,financial_na,,,False,47.2,10.9,8.5,10.7,51.6,19.4,51.8,9.7,8.8,0.261,0.324,BMNR,,126,16.7,15.0,,False
46,WDC,Western Digital Corporation,Technology,Computer Hardware,Growth,169.1,469.05,549.04,20.0,17.1,10.0,0.0,ok,0.0,ok,-0.08,,False,47.1,14.8,1.3,43.8,48.9,130.9,38.7,31.5,53.8,0.406,0.507,AVGO,,126,17.1,14.0,,False
47,ETN,"Eaton Corporation, PLC",Industrials,Specialty Industrial Machinery,Core,161.3,415.29,415.43,15.5,15.7,18.4,0.0,ok,-2.5,ok,3.11,,False,47.1,25.9,1.9,21.4,36.0,19.7,50.0,9.9,1.3,0.404,0.478,AVGO,,126,15.7,19.0,,False
48,TPR,"Tapestry, Inc.",Consumer Cyclical,Luxury Goods,Core,25.9,129.82,145.45,21.0,16.6,10.0,0.0,ok,-0.5,ok,1.39,,False,47.1,14.6,5.4,8.9,76.6,197.1,29.5,-5.2,-27.7,0.22,0.258,GOOG,,126,16.6,13.0,,False
49,LULU,lululemon athletica inc.,Consumer Cyclical,Apparel Retail,Core,13.1,115.69,117.59,21.0,16.0,10.0,0.0,ok,0.0,ok,0.24,,False,47.0,10.3,8.6,4.3,55.7,32.0,44.9,-25.6,-48.8,0.353,0.372,MSFT,,126,16.0,12.0,,False
50,UBER,"Uber Technologies, Inc.",Technology,Software - Application,Core,160.4,78.55,74.62,21.0,16.5,10.0,0.0,ok,-0.5,ok,1.25,,False,47.0,17.9,4.5,12.2,40.8,37.2,66.5,1.7,-4.2,0.295,0.329,MSFT,,126,16.5,16.0,,False
51,GL,Globe Life Inc.,Financial Services,Insurance - Life,Core,13.1,170.49,177.76,20.0,17.0,10.0,0.0,ok,0.0,financial_na,,,False,47.0,10.3,8.9,8.0,33.9,20.9,27.3,12.5,7.8,0.174,0.251,GOOG,,126,17.0,14.0,,False
52,WRB,W.R. Berkley Corporation,Financial Services,Insurance - Property & Casualt,Core,25.7,69.18,71.02,20.0,17.0,10.0,0.0,ok,0.0,financial_na,,,False,47.0,14.3,11.9,1.2,43.8,20.2,26.8,-0.4,-13.1,-0.297,0.323,AVGO,,126,17.0,15.0,,False
53,CEG,Constellation Energy Corporati,Utilities,Utilities - Independent Power ,Compounder,96.7,272.92,262.5,12.5,15.9,21.0,0.0,ok,-2.5,ok,3.02,,False,46.9,20.5,-6.9,23.0,22.1,15.1,57.3,-9.0,-17.8,0.206,0.237,BMNR,,126,15.9,21.0,,False
54,AAPL,Apple Inc.,Technology,Consumer Electronics,Core,4543.2,311.3,309.85,20.5,16.3,10.0,0.0,ok,0.0,ok,0.13,,False,46.8,32.6,2.4,16.4,48.7,148.8,52.5,10.8,7.2,0.209,0.288,BMNR,,126,16.3,14.0,,False
55,PODD,Insulet Corporation,Healthcare,Medical Devices,Core,10.2,146.87,154.49,20.5,16.2,10.0,0.0,ok,0.0,ok,0.67,,False,46.7,19.0,2.3,23.5,71.1,26.0,38.0,-33.2,-49.9,0.037,0.195,GOOG,,126,16.2,17.0,,False
56,RL,Ralph Lauren Corporation,Consumer Cyclical,Apparel Manufacturing,Core,22.2,372.52,390.11,20.5,16.1,10.0,0.0,ok,0.0,ok,0.67,,False,46.6,17.8,4.0,14.0,70.3,37.5,44.4,2.3,-13.6,0.294,0.275,BMNR,,126,16.1,13.0,,False
57,SNDK,Sandisk Corporation,Technology,Computer Hardware,Growth,234.4,1600.62,1655.12,22.5,14.1,10.0,0.0,ok,0.0,ok,-0.36,,False,46.6,6.0,3.3,371.6,71.5,91.6,65.4,71.7,135.7,0.367,0.437,AVGO,,126,14.1,15.0,,False
58,GDDY,GoDaddy Inc.,Technology,Software - Infrastructure,Core,12.4,98.19,93.28,22.0,15.1,10.0,0.0,ok,-0.5,ok,1.91,,False,46.6,8.9,9.7,6.6,63.8,442.9,71.4,0.2,-2.3,-0.048,0.158,AVGO,,126,15.1,17.0,,False
59,ALAB,"Astera Labs, Inc.",Technology,Semiconductors,Growth,50.4,290.52,351.84,19.0,17.5,10.0,0.0,ok,0.0,ok,-4.23,,False,46.5,45.4,0.2,104.5,75.1,25.8,44.2,33.1,113.4,0.46,0.563,AVGO,,126,17.5,15.0,,False
60,AMAT,"Applied Materials, Inc.",Technology,Semiconductor Equipment & Mate,Core,394.0,496.21,560.8,19.0,17.5,10.0,0.0,ok,0.0,ok,-0.26,,False,46.5,27.1,0.8,24.8,49.4,41.1,47.4,25.9,21.6,0.403,0.54,AVGO,,126,17.5,14.0,,False
61,INCY,Incyte Corporation,Healthcare,Biotechnology,Growth,25.8,127.22,120.86,23.0,13.5,10.0,0.0,ok,0.0,ok,-2.32,,False,46.5,14.2,4.6,37.7,55.7,30.7,69.6,22.9,15.0,-0.088,0.184,AVGO,,126,13.5,16.0,,False
62,MS,Morgan Stanley,Financial Services,Capital Markets,Core,325.8,207.45,216.68,20.0,16.5,10.0,0.0,ok,0.0,financial_na,,,False,46.5,15.2,,28.0,87.6,18.0,45.4,10.7,8.3,0.473,0.437,BMNR,,126,16.5,16.0,,False
63,CL,Colgate-Palmolive Company,Consumer Defensive,Household & Personal Products,Core,71.5,89.7,91.75,21.0,16.0,10.0,0.0,ok,-0.5,ok,1.29,,False,46.5,21.8,4.8,4.9,60.4,267.4,43.7,3.6,-15.7,-0.107,0.239,AVGO,,126,16.0,18.0,,False
64,SYF,Synchrony Financial,Financial Services,Credit Services,Core,25.0,76.71,75.83,19.5,16.9,10.0,0.0,ok,0.0,financial_na,,,False,46.4,7.3,,0.6,0.0,20.8,54.0,3.0,-5.6,0.35,0.318,BMNR,,126,16.9,16.0,,False
65,APH,Amphenol Corporation,Technology,Electronic Components,Growth,188.8,153.11,160.77,21.5,15.3,10.0,0.0,ok,-0.5,ok,1.42,,False,46.3,23.8,2.0,55.0,39.0,38.1,41.8,6.1,-9.0,0.365,0.433,AVGO,,126,15.3,13.0,,False
66,PTC,PTC Inc.,Technology,Software - Application,Core,16.7,153.52,145.84,21.0,15.3,10.0,0.0,ok,0.0,ok,0.98,,False,46.3,17.3,6.2,-6.8,84.5,35.1,69.1,2.2,-11.6,0.172,0.456,MSFT,,126,15.3,17.0,,False
67,HIG,"The Hartford Insurance Group, ",Financial Services,Insurance - Diversified,Core,37.1,137.12,137.3,20.0,16.2,10.0,0.0,ok,0.0,financial_na,,,False,46.2,10.0,14.8,8.1,37.9,22.1,36.2,1.2,-13.7,-0.16,0.286,AVGO,,126,16.2,14.0,,False
68,SPGI,S&P Global Inc.,Financial Services,Financial Data & Stock Exchang,Core,127.4,432.16,422.4,19.5,16.7,10.0,0.0,ok,0.0,financial_na,,,False,46.2,21.4,4.3,10.4,70.9,14.3,64.2,-4.3,-6.8,0.127,0.357,MSFT,,126,16.7,16.0,,False
69,TRV,"The Travelers Companies, Inc.",Financial Services,Insurance - Property & Casualt,Core,76.0,364.49,350.19,20.0,16.1,10.0,0.0,ok,0.0,financial_na,,,False,46.1,12.1,19.4,0.3,34.7,26.5,39.3,18.7,9.4,-0.23,0.27,AVGO,,126,16.1,14.0,,False
70,FSLR,"First Solar, Inc.",Technology,Solar,Core,23.0,214.06,230.69,18.5,17.4,10.0,0.0,ok,0.0,ok,-0.64,,False,45.9,9.3,6.9,-3.7,44.0,18.5,51.4,-8.5,-22.1,0.364,0.346,AVGO,,126,17.4,14.0,,False
71,IT,"Gartner, Inc.",Technology,Information Technology Service,Core,12.2,193.68,184.0,21.0,15.4,10.0,0.0,ok,-0.5,ok,1.33,,False,45.9,11.8,8.6,-0.6,69.6,113.6,76.2,7.8,15.4,-0.018,0.244,MSFT,,126,15.4,17.0,,False
72,BRK-B,Berkshire Hathaway Inc. New,Financial Services,Insurance - Diversified,Core,1063.6,496.86,500.15,18.5,17.4,10.0,0.0,ok,0.0,financial_na,,,False,45.9,22.4,6.8,10.0,30.3,12.1,38.8,1.0,-10.9,-0.02,0.167,BMNR,,126,17.4,14.0,,False
73,MPWR,"Monolithic Power Systems, Inc.",Technology,Semiconductors,Growth,64.4,1310.6,1382.74,19.0,16.9,10.0,0.0,ok,0.0,ok,-1.39,,False,45.9,37.7,0.7,47.6,55.2,22.0,37.6,6.4,-1.5,0.451,0.542,AVGO,,126,16.9,14.0,,False
74,PG,Procter & Gamble Company (The),Consumer Defensive,Household & Personal Products,Core,332.9,142.97,147.7,18.5,17.8,10.0,0.0,ok,-0.5,ok,1.01,,False,45.8,19.3,4.0,1.5,50.9,30.3,44.4,-2.6,-21.0,-0.052,0.243,GOOG,,126,17.8,17.0,,False
75,ZTS,Zoetis Inc.,Healthcare,Drug Manufacturers - Specialty,Core,31.0,75.02,76.01,21.0,15.3,10.0,0.0,ok,-0.5,ok,1.86,,False,45.8,11.3,6.5,-0.2,71.7,64.9,45.5,-28.6,-52.1,0.059,0.166,GOOG,,126,15.3,17.0,,False
76,FFIV,"F5, Inc.",Technology,Software - Infrastructure,Core,21.4,377.79,403.88,18.0,17.8,10.0,0.0,ok,0.0,ok,-1.47,,False,45.8,20.9,3.4,10.9,81.9,19.8,36.7,18.5,25.1,0.325,0.271,AVGO,,126,17.8,17.0,,False
77,GWW,"W.W. Grainger, Inc.",Industrials,Industrial Distribution,Core,61.4,1300.34,1343.38,19.5,16.3,10.0,0.0,ok,0.0,ok,0.69,,False,45.8,25.5,2.0,10.3,39.4,46.1,26.2,12.5,5.0,0.039,0.207,GOOG,,126,16.3,14.0,,False
78,LVS,Las Vegas Sands Corp.,Consumer Cyclical,Resorts & Casinos,Core,29.8,45.97,46.88,21.0,16.3,10.0,0.0,ok,-1.5,ok,2.57,,False,45.8,13.0,7.4,-0.7,79.3,122.9,30.2,-16.3,-30.9,0.297,0.356,MSFT,,126,16.3,13.0,,False
79,ROK,"Rockwell Automation, Inc.",Industrials,Specialty Industrial Machinery,Core,47.9,431.45,461.25,18.5,17.7,10.0,0.0,ok,-0.5,ok,1.5,,False,45.7,29.1,2.7,7.9,49.1,30.6,25.7,3.7,-1.7,0.259,0.301,NVDA,,126,17.7,15.0,,False
80,CRM,"Salesforce, Inc.",Technology,Software - Application,Core,168.2,205.43,195.16,20.5,16.7,10.0,0.0,ok,-1.5,ok,2.38,,False,45.7,13.2,9.8,13.3,77.6,16.9,66.6,2.3,0.6,0.194,0.47,MSFT,,126,16.7,17.0,,False
81,ALGN,"Align Technology, Inc.",Healthcare,Medical Instruments & Supplies,Core,11.3,158.94,174.88,18.5,17.2,10.0,0.0,ok,0.0,ok,-1.08,,False,45.7,12.7,5.2,4.3,70.4,10.2,40.2,-6.2,-26.9,0.315,0.318,GOOG,,126,17.2,17.0,,False
82,OXY,Occidental Petroleum Corporati,Energy,Oil & Gas E&P,Growth,61.5,61.52,58.44,22.5,13.2,10.0,0.0,ok,0.0,ok,0.76,,False,45.7,16.1,6.2,53.4,73.3,10.6,65.9,20.0,8.6,-0.314,0.34,GOOG,,126,13.2,14.0,,False
83,ON,ON Semiconductor Corporation,Technology,Semiconductors,Core,29.1,74.71,93.49,16.0,19.5,10.0,0.0,ok,0.0,ok,0.4,,False,45.5,16.5,5.7,9.2,42.8,8.3,37.2,-3.0,-2.5,0.351,0.474,AVGO,,126,19.5,14.0,,False
84,GS,"Goldman Sachs Group, Inc. (The",Financial Services,Capital Markets,Growth,291.7,1001.95,1052.62,21.0,16.5,10.0,-2.0,ok,0.0,financial_na,,,False,45.5,13.5,,42.5,82.1,16.9,44.7,7.4,-1.4,0.51,0.531,NVDA,,126,16.5,16.0,,False
85,VRSK,"Verisk Analytics, Inc.",Industrials,Consulting Services,Core,24.6,187.68,187.97,18.0,19.0,10.0,0.0,ok,-1.5,ok,2.68,,False,45.5,21.6,4.3,4.4,70.2,,42.6,-4.1,-7.5,-0.154,0.304,AVGO,,126,19.0,18.0,,False
86,TTD,"The Trade Desk, Inc.",Communication Services,Advertising Agencies,Speculative,6.3,13.32,17.62,19.5,16.0,10.0,0.0,ok,0.0,ok,-1.51,,False,45.5,13.4,9.3,3.0,76.9,15.4,26.6,-50.2,-57.5,0.193,0.29,MSFT,,126,16.0,15.0,,False
87,V,Visa Inc.,Financial Services,Credit Services,Core,682.8,365.73,351.79,20.5,14.9,10.0,0.0,ok,0.0,financial_na,,,False,45.4,24.4,3.0,14.4,97.7,61.2,49.5,10.5,3.6,0.06,0.253,MSFT,,126,14.9,18.0,,False
88,MO,"Altria Group, Inc.",Consumer Defensive,Tobacco,Core,111.8,66.94,70.36,19.0,16.9,10.0,0.0,ok,-0.5,ok,1.41,,False,45.4,11.4,8.1,1.2,87.2,,44.2,2.8,-9.9,-0.433,0.414,MSFT,,126,16.9,18.0,,False
89,STX,Seagate Technology Holdings PL,Technology,Computer Hardware,Growth,193.0,850.24,890.76,20.0,15.3,10.0,0.0,ok,0.0,ok,0.49,,False,45.3,15.4,1.0,48.5,45.6,371.5,49.4,51.1,96.6,0.359,0.464,AVGO,,126,15.3,14.0,,False
90,VRSN,"VeriSign, Inc.",Technology,Software - Infrastructure,Core,25.0,276.9,273.49,16.5,19.3,10.0,0.0,ok,-0.5,ok,1.1,,False,45.3,25.2,3.3,6.0,88.5,,39.0,6.9,17.7,-0.032,0.186,BMNR,,126,19.3,17.0,,False
91,CCL,Carnival Corporation Ltd.,Consumer Cyclical,Travel Services,Core,34.7,25.37,27.84,19.0,18.7,10.0,0.0,ok,-2.5,ok,3.28,,False,45.2,9.6,5.5,5.3,55.7,26.7,34.9,-8.5,-30.8,0.396,0.442,GOOG,,126,18.7,14.0,,False
92,TPL,Texas Pacific Land Corporation,Energy,Oil & Gas E&P,Growth,25.5,369.56,387.48,18.0,17.2,10.0,0.0,ok,0.0,ok,-0.31,,False,45.2,5.1,-0.1,31.2,93.3,36.6,39.0,-5.0,-36.6,-0.042,0.082,MSFT,,126,17.2,14.0,,False
93,EQT,EQT Corporation,Energy,Oil & Gas E&P,Cyclical,33.7,53.89,51.95,18.5,16.7,10.0,0.0,ok,0.0,ok,0.79,,False,45.2,13.6,7.3,-3.9,80.7,11.1,53.4,-4.1,-21.3,-0.051,0.097,AVGO,,126,16.7,14.0,,False
94,ROST,"Ross Stores, Inc.",Consumer Cyclical,Apparel Retail,Core,73.5,228.99,234.33,19.0,16.2,10.0,0.0,ok,0.0,ok,0.17,,False,45.2,26.6,2.8,20.6,32.7,39.0,20.2,9.9,3.3,0.148,0.133,GOOG,,126,16.2,11.0,,False
95,MA,Mastercard Incorporated,Financial Services,Credit Services,Core,502.7,573.85,545.16,20.5,14.7,10.0,0.0,ok,0.0,financial_na,,,False,45.2,24.9,3.4,14.1,100.0,241.2,50.7,8.8,-1.4,0.153,0.448,MSFT,,126,14.7,18.0,,False
96,ADP,"Automatic Data Processing, Inc",Technology,Software - Application,Core,110.9,279.21,265.25,20.0,15.0,10.0,0.0,ok,0.0,ok,0.2,,False,45.0,20.8,4.7,6.8,48.7,72.2,63.5,19.1,20.7,-0.04,0.307,MSFT,,126,15.0,16.0,,False
97,COF,Capital One Financial Corporat,Financial Services,Credit Services,Growth,130.4,212.48,207.08,18.0,17.0,10.0,0.0,ok,0.0,financial_na,,,False,45.0,8.8,,1111.0,0.0,9.0,54.2,2.5,-8.6,0.348,0.305,GOOG,,126,17.0,16.0,,False
98,TT,Trane Technologies plc,Industrials,Building Products & Equipment,Core,99.3,451.1,474.0,19.5,15.5,10.0,0.0,ok,0.0,ok,0.77,,False,45.0,25.8,3.1,10.6,35.4,36.6,47.8,1.9,-13.8,0.274,0.418,NVDA,,126,15.5,14.0,,False
99,TER,"Teradyne, Inc.",Technology,Semiconductor Equipment & Mate,Growth,59.9,383.15,385.47,20.0,14.9,10.0,0.0,ok,0.0,ok,-0.17,,False,44.9,33.2,0.7,103.9,59.2,36.5,53.5,25.0,7.4,0.422,0.515,AVGO,,126,14.9,14.0,,False
100,PLTR,Palantir Technologies Inc.,Technology,Software - Infrastructure,Growth,418.0,173.96,165.26,20.0,14.9,10.0,0.0,ok,0.0,ok,-3.45,,False,44.9,75.2,0.5,92.8,84.8,38.1,78.2,14.7,18.0,0.464,0.413,MSFT,,126,14.9,17.0,,False
101,RJF,"Raymond James Financial, Inc.",Financial Services,Asset Management,Core,33.2,172.35,167.46,19.0,15.9,10.0,0.0,ok,0.0,financial_na,,,False,44.9,12.2,,15.1,93.2,18.4,41.8,8.4,-1.3,0.297,0.288,GOOG,,126,15.9,16.0,,False
102,MSCI,MSCI Inc.,Financial Services,Financial Data & Stock Exchang,Core,41.3,568.75,583.31,17.5,17.4,10.0,0.0,ok,0.0,financial_na,,,False,44.9,25.3,2.9,12.2,83.0,,47.6,-0.4,-5.7,0.184,0.369,MSFT,,126,17.4,16.0,,False
103,AFL,AFLAC Incorporated,Financial Services,Insurance - Life,Core,58.2,116.17,121.56,17.5,17.4,10.0,0.0,ok,0.0,financial_na,,,False,44.9,15.4,8.8,-1.0,50.9,16.9,17.3,1.8,-8.7,-0.187,0.255,AVGO,,126,17.4,15.0,,False
104,ARM,Arm Holdings plc,Technology,Semiconductors,Core,267.8,250.72,303.65,16.5,18.3,10.0,0.0,ok,0.0,ok,-3.2,,False,44.8,81.9,0.5,22.4,97.5,13.4,54.5,27.4,89.1,0.477,0.514,AVGO,,126,18.3,15.0,,False
105,FISV,"Fiserv, Inc.",,,Core,27.3,51.38,51.48,15.5,19.3,10.0,0.0,ok,,unavailable,,,False,44.8,6.3,,,,,41.9,-12.8,-27.0,0.12,0.329,MSFT,,126,19.3,12.5,,False
106,XYL,Xylem Inc.,Industrials,Specialty Industrial Machinery,Core,26.5,113.44,117.67,16.0,18.7,10.0,0.0,ok,0.0,ok,0.9,,False,44.7,18.3,4.5,1.5,39.2,9.2,42.8,-10.1,-22.1,0.089,0.221,GOOG,,126,18.7,14.0,,False
107,ORCL,Oracle Corporation,Technology,Software - Infrastructure,Core,409.2,142.07,146.52,17.5,13.7,19.0,-2.0,ok,-3.5,ok,4.44,,False,44.7,13.0,-6.0,20.6,65.8,53.4,60.5,-18.0,-14.3,0.612,0.538,MSFT,,126,13.7,19.0,,False
108,MCO,Moody's Corporation,Financial Services,Financial Data & Stock Exchang,Core,86.4,498.77,477.16,20.5,14.2,10.0,0.0,ok,0.0,financial_na,,,False,44.7,26.4,3.0,15.1,75.0,76.9,65.0,5.9,1.3,0.183,0.357,MSFT,,126,14.2,16.0,,False
109,GOOGL,Alphabet Inc.,Communication Services,Internet Content & Information,Core,4166.4,340.67,352.0,19.0,17.7,10.0,-2.0,ok,0.0,ok,-0.7,,False,44.7,23.0,0.5,24.2,60.9,48.7,39.3,2.4,-2.4,0.559,0.995,GOOG,,126,17.7,15.0,,False
110,AIG,"American International Group, ",Financial Services,Insurance - Diversified,Core,39.6,75.75,77.62,17.0,17.7,10.0,0.0,ok,0.0,financial_na,,,False,44.7,8.6,18.6,0.5,35.1,7.2,32.0,-1.8,-15.9,-0.059,0.189,NVDA,,126,17.7,14.0,,False
111,MMM,3M Company,Industrials,Conglomerates,Core,91.8,178.09,169.19,21.0,14.1,10.0,0.0,ok,-0.5,ok,1.21,,False,44.6,18.2,6.9,2.5,39.4,81.9,54.7,11.2,-4.0,0.088,0.238,GOOG,,126,14.1,14.0,,False
112,HAS,"Hasbro, Inc.",Consumer Cyclical,Leisure,Core,13.2,93.56,88.88,22.0,13.1,10.0,0.0,ok,-0.5,ok,1.92,,False,44.6,14.3,5.2,16.2,63.8,159.6,48.8,5.8,-18.4,0.136,0.165,GOOG,,126,13.1,13.0,,False
113,PRU,"Prudential Financial, Inc.",Financial Services,Insurance - Life,Core,41.6,120.59,116.24,18.0,16.6,10.0,0.0,ok,0.0,financial_na,,,False,44.6,8.2,18.1,14.1,29.0,12.0,45.0,13.1,6.0,0.146,0.201,BMNR,,126,16.6,14.0,,False
114,KLIC,"Kulicke and Soffa Industries, ",Technology,Semiconductor Equipment & Mate,Growth,4.5,85.13,105.72,16.5,18.0,10.0,0.0,ok,0.0,ok,-2.49,,False,44.5,14.4,1.3,122.6,52.6,13.2,45.5,11.3,9.9,0.388,0.471,NVDA,,126,18.0,14.0,,False
115,BKNG,Booking Holdings Inc. Common S,Consumer Cyclical,Travel Services,Core,162.6,209.87,199.38,18.0,16.5,10.0,0.0,ok,0.0,ok,0.36,,False,44.5,17.0,4.8,8.1,87.2,,68.8,13.2,18.4,0.164,0.2,MSFT,,126,16.5,15.0,,False
116,ROL,"Rollins, Inc.",Consumer Cyclical,Personal Services,Core,17.5,36.38,41.57,18.5,16.4,10.0,0.0,ok,-0.5,ok,1.16,,False,44.4,28.0,2.9,7.9,52.4,37.0,33.0,-31.7,-50.9,0.023,0.224,GOOG,,126,16.4,14.0,,False
117,WDAY,"Workday, Inc.",Technology,Software - Application,Core,48.7,197.32,187.45,20.5,13.9,10.0,0.0,ok,0.0,ok,-0.36,,False,44.4,15.6,6.4,13.5,75.8,10.9,70.4,21.9,32.6,0.145,0.429,MSFT,,126,13.9,17.0,,False
118,JPM,JP Morgan Chase & Co.,Financial Services,Banks - Diversified,Growth,934.5,351.55,343.09,19.0,15.3,10.0,0.0,ok,0.0,financial_na,,,False,44.3,14.1,,30.4,0.0,17.8,49.7,11.7,3.1,0.197,0.222,BMNR,,126,15.3,14.0,,False
119,LRCX,Lam Research Corporation,Technology,Semiconductor Equipment & Mate,Core,388.6,310.53,337.44,19.0,15.3,10.0,0.0,ok,0.0,ok,-0.17,,False,44.3,26.9,0.8,30.0,50.5,65.1,56.5,22.9,16.4,0.472,0.569,AVGO,,126,15.3,14.0,,False
120,PATH,"UiPath, Inc.",Technology,Software - Infrastructure,Speculative,8.2,15.92,15.12,20.5,13.7,10.0,0.0,ok,0.0,ok,-9.9,,False,44.2,17.6,6.2,17.3,83.0,18.2,73.1,25.1,36.8,0.261,0.428,MSFT,,126,13.7,17.0,,False
121,MRSH,Marsh,Financial Services,Insurance Brokers,Core,90.8,190.21,180.7,19.0,15.2,10.0,0.0,ok,0.0,financial_na,,,False,44.2,16.7,5.3,6.2,44.0,25.9,51.2,7.7,-4.0,-0.176,0.397,AVGO,,126,15.2,15.0,,False
122,BMY,Bristol-Myers Squibb Company,Healthcare,Drug Manufacturers - General,Core,133.7,65.47,62.2,22.0,12.7,10.0,0.0,ok,-0.5,ok,1.8,,False,44.2,10.0,6.1,5.7,71.7,46.6,50.6,15.6,-1.5,-0.026,0.23,AVGO,,126,12.7,17.0,,False
123,CRDO,Credo Technology Group Holding,Technology,Semiconductors,Growth,43.1,231.35,241.67,20.0,14.2,10.0,0.0,ok,0.0,ok,-2.96,,False,44.2,25.4,0.6,157.0,68.0,34.4,56.4,34.0,75.9,0.394,0.5,AVGO,,126,14.2,15.0,,False
124,BBY,"Best Buy Co., Inc.",Consumer Cyclical,Specialty Retail,Core,18.1,85.73,81.98,18.0,16.1,10.0,0.0,ok,0.0,ok,0.85,,False,44.1,12.1,6.3,1.9,22.5,39.1,48.9,21.7,24.4,0.057,0.083,NVDA,,126,16.1,11.0,,False
125,FIS,Fidelity National Information ,Technology,Information Technology Service,Core,21.0,40.58,41.32,22.0,15.6,10.0,0.0,ok,-3.5,ok,5.82,,False,44.1,6.1,12.6,29.1,35.8,22.3,27.1,-19.8,-27.3,0.065,0.35,MSFT,,126,15.6,15.0,,False
126,FDS,FactSet Research Systems Inc.,Financial Services,Financial Data & Stock Exchang,Core,10.7,300.06,285.06,20.0,14.1,10.0,0.0,ok,0.0,financial_na,,,False,44.1,15.2,5.8,6.4,51.4,27.0,73.1,21.5,44.0,0.022,0.342,MSFT,,126,14.1,15.0,,False
127,UNH,UnitedHealth Group Incorporate,Healthcare,Healthcare Plans,Core,345.4,384.85,414.14,15.5,19.0,10.0,0.0,ok,-0.5,ok,1.57,,False,44.0,17.2,7.0,0.4,19.7,14.2,26.8,11.1,23.1,0.093,0.115,MSFT,,126,19.0,15.0,,False
128,PEP,"Pepsico, Inc.",Consumer Defensive,Beverages - Non-Alcoholic,Core,194.1,142.08,140.07,20.0,15.5,10.0,0.0,ok,-1.5,ok,2.25,,False,44.0,15.8,4.0,6.4,54.2,51.5,59.3,-4.1,-23.7,-0.155,0.312,AVGO,,126,15.5,17.0,,False
129,GEN,Gen Digital Inc.,Technology,Software - Infrastructure,Core,16.9,28.17,26.77,22.0,14.5,10.0,0.0,ok,-2.5,ok,3.17,,False,44.0,8.5,9.2,6.3,78.0,41.9,55.0,16.2,16.1,0.333,0.405,MSFT,,126,14.5,17.0,,False
130,PFG,Principal Financial Group Inc,Financial Services,Asset Management,Core,23.7,110.54,111.65,17.5,16.5,10.0,0.0,ok,0.0,financial_na,,,False,44.0,10.7,4.5,6.4,47.3,12.9,37.2,14.2,5.9,0.203,0.251,GOOG,,126,16.5,15.0,,False
131,ODFL,"Old Dominion Freight Line, Inc",Industrials,Trucking,Core,42.4,204.52,221.89,18.5,15.5,10.0,0.0,ok,0.0,ok,-0.15,,False,44.0,30.8,2.3,10.4,39.6,24.8,42.0,5.8,-8.9,0.105,0.163,NVDA,,126,15.5,14.0,,False
132,UHS,"Universal Health Services, Inc",Healthcare,Medical Care Facilities,Core,10.2,172.87,164.23,19.0,15.5,10.0,0.0,ok,-0.5,ok,1.9,,False,44.0,7.2,4.9,8.3,44.6,20.9,58.3,-8.5,-35.5,-0.008,0.163,GOOG,,126,15.5,16.0,,False
133,HON,Honeywell International Inc.,Industrials,Conglomerates,Core,69.2,218.32,235.68,18.5,17.9,10.0,0.0,ok,-2.5,ok,3.03,,False,43.9,21.8,3.8,4.3,36.5,46.6,28.5,-1.1,-20.2,0.037,0.21,MSFT,,126,17.9,14.0,,False
134,ADI,"Analog Devices, Inc.",Technology,Semiconductors,Growth,180.3,370.24,389.0,19.0,14.8,10.0,0.0,ok,0.0,ok,0.98,,False,43.8,22.7,2.3,39.6,65.8,12.2,51.8,8.7,-6.0,0.347,0.507,AVGO,,126,14.8,15.0,,False
135,CPAY,"Corpay, Inc.",Technology,Software - Infrastructure,Core,27.1,412.0,391.4,23.0,12.3,10.0,0.0,ok,-1.5,ok,2.7,,False,43.8,13.2,7.2,21.5,80.5,29.2,68.4,25.0,6.2,0.22,0.26,MSFT,,126,12.3,17.0,,False
136,PYPL,"PayPal Holdings, Inc.",Financial Services,Credit Services,Core,53.7,62.3,59.18,20.0,13.8,10.0,0.0,ok,0.0,financial_na,,,False,43.8,10.8,8.2,4.8,40.5,24.5,74.6,21.2,39.4,0.221,0.304,MSFT,,126,13.8,17.0,,False
137,HBAN,Huntington Bancshares Incorpor,Financial Services,Banks - Regional,Growth,34.4,17.01,17.59,18.0,15.7,10.0,0.0,ok,0.0,financial_na,,,False,43.7,9.1,,47.6,0.0,9.0,49.4,1.2,-15.2,0.241,0.244,GOOG,,126,15.7,14.0,,False
138,ACN,Accenture plc,Technology,Information Technology Service,Core,111.0,181.35,172.28,18.5,15.2,10.0,0.0,ok,0.0,ok,-0.14,,False,43.7,12.4,10.9,5.6,32.0,24.4,69.4,-11.5,-25.7,-0.029,0.28,MSFT,,126,15.2,15.0,,False
139,KEY,KeyCorp,Financial Services,Banks - Regional,Core,23.3,21.85,22.9,17.5,16.2,10.0,0.0,ok,0.0,financial_na,,,False,43.7,10.2,,10.1,0.0,10.3,38.3,3.6,-11.2,0.238,0.234,BMNR,,126,16.2,14.0,,False
140,CMG,"Chipotle Mexican Grill, Inc.",Consumer Cyclical,Restaurants,Core,44.7,35.29,33.58,18.5,16.7,10.0,0.0,ok,-1.5,ok,2.08,,False,43.7,25.8,2.5,9.3,39.4,49.6,41.4,2.3,-16.6,0.204,0.36,MSFT,,126,16.7,11.0,,False
141,SNA,Snap-On Incorporated,Industrials,Tools & Accessories,Core,20.2,391.27,402.31,17.5,16.1,10.0,0.0,ok,0.0,ok,-0.24,,False,43.6,18.3,5.5,4.2,51.8,17.9,27.6,5.0,-8.5,0.123,0.263,GOOG,,126,16.1,15.0,,False
142,EME,"EMCOR Group, Inc.",Industrials,Engineering & Construction,Core,34.7,787.39,797.42,18.0,15.6,10.0,0.0,ok,0.0,ok,-0.19,,False,43.6,21.4,2.8,19.8,19.4,40.3,47.3,4.6,-13.7,0.476,0.433,NVDA,,126,15.6,14.0,,False
143,NTAP,"NetApp, Inc.",Technology,Software - Infrastructure,Core,37.8,192.81,183.17,20.5,13.1,10.0,0.0,ok,0.0,ok,-0.45,,False,43.6,19.2,3.4,12.5,70.7,106.7,62.8,52.9,78.5,0.284,0.306,AVGO,,126,13.1,17.0,,False
144,MAS,Masco Corporation,Industrials,Building Products & Equipment,Core,14.5,73.33,76.55,20.0,14.0,10.0,0.0,ok,-0.5,ok,1.95,,False,43.5,15.7,6.2,-2.9,37.2,5862.5,54.5,6.4,-13.0,0.262,0.278,BMNR,,126,14.0,14.0,,False
145,CB,Chubb Limited,Financial Services,Insurance - Property & Casualt,Core,132.3,342.87,345.1,18.5,15.0,10.0,0.0,ok,0.0,financial_na,,,False,43.5,11.8,7.9,6.1,31.1,14.8,38.7,6.1,-6.9,-0.376,0.408,AVGO,,126,15.0,14.0,,False
146,STZ,"Constellation Brands, Inc.",Consumer Defensive,Beverages - Brewers,Core,22.9,134.14,135.64,20.0,16.0,10.0,0.0,ok,-2.5,ok,3.02,,False,43.5,10.8,9.6,-3.3,52.7,23.7,57.1,-6.9,-24.3,-0.106,0.192,AVGO,,126,16.0,17.0,,False
147,PNC,"PNC Financial Services Group, ",Financial Services,Banks - Regional,Core,96.4,241.62,247.89,18.5,15.0,10.0,0.0,ok,0.0,financial_na,,,False,43.5,11.3,,23.6,0.0,12.6,36.3,9.7,-6.1,0.122,0.197,GOOG,,126,15.0,14.0,,False
148,NWSA,News Corporation,Communication Services,Entertainment,Core,16.0,29.65,28.17,18.0,15.5,10.0,0.0,ok,0.0,ok,0.61,,False,43.5,19.6,6.5,10.8,57.2,8.0,69.5,14.4,15.3,0.062,0.201,AVGO,,126,15.5,14.0,,False
149,KLAC,KLA Corporation,Technology,Semiconductor Equipment & Mate,Core,242.8,185.86,302.51,18.0,15.5,10.0,0.0,ok,0.0,ok,0.21,,False,43.5,28.1,1.1,15.2,61.3,87.5,52.2,-84.6,-98.1,0.189,0.271,AVGO,,126,15.5,15.0,,False
150,POOL,Pool Corporation,Industrials,Industrial Distribution,Speculative,6.9,190.33,199.94,17.0,18.0,10.0,0.0,ok,-1.5,ok,2.58,,False,43.5,16.1,3.1,2.2,29.6,31.3,53.3,-12.4,-23.6,0.117,0.189,GOOG,,126,18.0,14.0,,False
151,LHX,"L3Harris Technologies, Inc.",Industrials,Aerospace & Defense,Growth,50.4,270.44,290.91,16.5,19.4,10.0,0.0,ok,-2.5,ok,3.23,,False,43.4,20.1,,190.0,30.4,,44.1,-14.2,-34.4,-0.143,0.176,MSFT,,126,19.4,14.0,,False
152,IBM,International Business Machine,Technology,Information Technology Service,Core,220.2,233.69,248.09,20.0,15.9,10.0,0.0,ok,-2.5,ok,3.47,,False,43.4,17.8,5.5,1.1,58.1,34.5,61.1,-11.6,-19.0,0.145,0.349,MSFT,,126,15.9,16.0,,False
153,PGR,Progressive Corporation (The),Financial Services,Insurance - Property & Casualt,Core,128.1,220.34,214.69,19.5,13.9,10.0,0.0,ok,0.0,financial_na,,,False,43.4,13.5,11.8,7.3,18.5,34.9,61.6,6.2,-2.6,-0.315,0.381,AVGO,,126,13.9,14.0,,False
154,KMB,Kimberly-Clark Corporation,Consumer Defensive,Household & Personal Products,Core,36.1,108.69,108.47,18.5,15.4,10.0,0.0,ok,-0.5,ok,1.6,,False,43.4,14.5,2.6,0.6,37.6,104.9,48.6,6.3,-9.7,-0.09,0.176,AVGO,,126,15.4,16.0,,False
155,BR,Broadridge Financial Solutions,Technology,Information Technology Service,Core,20.6,178.5,169.58,20.0,13.9,10.0,0.0,ok,-0.5,ok,1.72,,False,43.4,15.4,5.8,7.5,31.8,40.9,73.8,-0.1,-9.2,0.065,0.363,MSFT,,126,13.9,15.0,,False
156,WFC,Wells Fargo & Company,Financial Services,Banks - Diversified,Core,253.1,83.7,85.99,16.5,16.8,10.0,0.0,ok,0.0,financial_na,,,False,43.3,10.6,,9.5,0.0,12.6,39.5,-0.9,-15.7,0.14,0.165,BMNR,,126,16.8,14.0,,False
157,BAC,Bank of America Corporation,Financial Services,Banks - Diversified,Core,432.6,61.86,60.38,17.5,15.8,10.0,0.0,ok,0.0,financial_na,,,False,43.3,11.7,,16.8,0.0,11.2,49.4,14.1,6.7,0.242,0.236,BMNR,,126,15.8,14.0,,False
158,SCHW,Charles Schwab Corporation (Th,Financial Services,Capital Markets,Core,189.9,109.79,104.3,21.5,11.8,10.0,0.0,ok,0.0,financial_na,,,False,43.3,14.1,,20.9,97.5,20.3,71.1,14.1,6.6,0.117,0.207,MSFT,,126,11.8,16.0,,False
159,KR,Kroger Company (The),Consumer Defensive,Grocery Stores,Core,34.5,56.32,58.29,15.5,19.3,10.0,0.0,ok,-1.5,ok,2.64,,False,43.3,10.2,8.7,2.2,24.0,13.8,39.3,-12.1,-25.3,-0.344,0.356,AVGO,,126,19.3,16.0,,False
160,ACGL,Arch Capital Group Ltd.,Financial Services,Insurance - Diversified,Core,33.9,99.31,98.55,16.5,16.7,10.0,0.0,ok,0.0,financial_na,,,False,43.2,10.2,12.7,-10.5,38.8,19.9,43.5,3.9,-9.8,-0.278,0.403,AVGO,,126,16.7,14.0,,False
161,DAL,"Delta Air Lines, Inc.",Industrials,Airlines,Core,53.3,81.06,87.5,17.0,17.7,10.0,0.0,ok,-1.5,ok,2.19,,False,43.2,9.2,5.3,18.7,18.7,20.1,36.1,11.4,6.8,0.352,0.338,GOOG,,126,17.7,14.0,,False
162,SPG,"Simon Property Group, Inc.",Real Estate,REIT - Retail,Core,83.5,219.9,222.93,20.5,16.2,10.0,0.0,ok,-3.5,ok,5.54,,False,43.2,32.9,3.1,19.5,81.4,120.5,30.9,10.6,-0.3,-0.071,0.194,GOOG,,126,16.2,17.0,,False
163,MPC,Marathon Petroleum Corporation,Energy,Oil & Gas Refining & Marketing,Growth,104.6,358.23,340.32,21.0,12.7,10.0,0.0,ok,-0.5,ok,1.72,,False,43.2,11.1,8.8,53.7,12.8,42.1,68.9,54.7,71.5,-0.134,0.212,GOOG,,126,12.7,12.0,,False
164,FANG,"Diamondback Energy, Inc.",Energy,Oil & Gas E&P,Growth,59.4,211.02,200.47,21.0,12.7,10.0,0.0,ok,-0.5,ok,1.03,,False,43.2,11.7,8.5,52.5,72.4,3.5,57.7,19.5,10.7,-0.235,0.275,GOOG,,126,12.7,14.0,,False
165,CDW,CDW Corporation,Technology,Information Technology Service,Core,16.7,133.54,136.2,17.0,18.6,10.0,0.0,ok,-2.5,ok,3.02,,False,43.1,11.2,4.1,10.0,21.4,44.0,35.6,1.6,-2.9,0.125,0.209,MSFT,,126,18.6,15.0,,False
166,AOS,A.O. Smith Corporation,Industrials,Specialty Industrial Machinery,Speculative,8.5,62.43,60.89,18.0,15.1,10.0,0.0,ok,0.0,ok,0.63,,False,43.1,15.2,5.7,-0.7,38.6,27.1,57.9,-4.2,-29.8,0.099,0.217,NVDA,,124,15.1,14.0,,False
167,ARES,Ares Management Corporation,Financial Services,Asset Management,Core,46.3,140.23,133.22,17.5,15.6,10.0,0.0,ok,0.0,financial_na,,,False,43.1,19.5,4.7,5.8,37.4,14.9,62.2,5.6,4.8,0.379,0.317,GOOG,,126,15.6,14.0,,False
168,NTRS,Northern Trust Corporation,Financial Services,Asset Management,Growth,33.4,182.51,181.09,17.5,15.6,10.0,0.0,ok,0.0,financial_na,,,False,43.1,14.4,,36.4,0.0,17.1,50.8,17.8,16.2,0.284,0.255,NVDA,,126,15.6,14.0,,False
169,ROP,"Roper Technologies, Inc.",Technology,Software - Application,Core,40.6,410.45,389.93,18.5,17.1,10.0,0.0,ok,-2.5,ok,3.38,,False,43.1,16.9,5.6,8.5,69.5,13.1,66.8,8.9,12.0,-0.086,0.274,NVDA,,126,17.1,17.0,,False
170,IBKR,"Interactive Brokers Group, Inc",Financial Services,Capital Markets,Core,153.1,89.85,91.63,20.0,15.1,10.0,-2.0,ok,0.0,financial_na,,,False,43.1,28.2,,26.3,93.0,24.0,54.9,15.9,10.3,0.6,0.554,BMNR,,126,15.1,16.0,,False
171,GE,GE Aerospace,Industrials,Aerospace & Defense,Core,357.6,344.64,359.17,18.0,15.1,10.0,0.0,ok,0.0,ok,0.9,,False,43.1,38.0,1.8,21.1,31.1,48.2,41.4,8.0,-10.0,0.251,0.386,GOOG,,126,15.1,14.0,,False
172,BLK,"BlackRock, Inc.",Financial Services,Asset Management,Growth,185.2,1139.82,1082.83,20.5,12.6,10.0,0.0,ok,0.0,financial_na,,,False,43.1,17.8,4.1,30.6,47.2,12.3,63.9,8.4,-5.8,0.435,0.41,GOOG,,126,12.6,15.0,,False
173,SNPS,"Synopsys, Inc.",Technology,Software - Infrastructure,Growth,76.2,397.92,421.34,20.0,16.5,10.0,0.0,ok,-3.5,ok,4.93,,False,43.0,23.0,4.6,41.9,82.6,3.8,56.2,-10.8,-20.1,0.443,0.369,NVDA,,126,16.5,17.0,,False
174,FIX,"Comfort Systems USA, Inc.",Industrials,Engineering & Construction,Core,58.9,1672.94,1785.43,17.0,16.0,10.0,0.0,ok,0.0,ok,0.12,,False,43.0,27.9,3.1,1.0,25.7,55.3,45.1,14.9,3.9,0.414,0.431,AVGO,,126,16.0,14.0,,False
175,FITB,Fifth Third Bancorp,Financial Services,Banks - Regional,Growth,49.4,54.5,56.44,18.0,15.0,10.0,0.0,ok,0.0,financial_na,,,False,43.0,11.0,,51.8,0.0,8.4,35.5,9.1,-8.0,0.143,0.18,GOOG,,126,15.0,14.0,,False
176,NOW,"ServiceNow, Inc.",Technology,Software - Application,Core,134.1,129.75,123.26,18.0,15.4,10.0,0.0,ok,-0.5,ok,1.31,,False,42.9,25.9,3.8,24.0,74.8,14.2,70.7,7.6,13.8,0.272,0.511,MSFT,,126,15.4,17.0,,False
177,NKE,"Nike, Inc.",Consumer Cyclical,Footwear & Accessories,Core,59.7,40.21,42.56,16.5,16.4,10.0,0.0,ok,0.0,ok,0.41,,False,42.9,17.5,3.2,-1.1,43.2,22.1,43.4,-23.4,-48.7,0.19,0.215,MSFT,,126,16.4,12.0,,False
178,RMD,ResMed Inc.,Healthcare,Medical Instruments & Supplies,Core,33.0,228.44,217.02,18.5,14.4,10.0,0.0,ok,0.0,ok,-0.31,,False,42.9,17.3,2.9,8.6,61.6,24.3,64.7,-0.0,-22.2,0.021,0.298,GOOG,,126,14.4,17.0,,False
179,UPS,"United Parcel Service, Inc.",Industrials,Integrated Freight & Logistics,Core,87.3,102.58,108.43,18.5,14.9,10.0,0.0,ok,-0.5,ok,2.0,,False,42.9,12.7,6.4,7.6,22.4,29.6,45.8,-0.1,-21.2,0.134,0.167,GOOG,,126,14.9,14.0,,False
180,CMI,Cummins Inc.,Industrials,Specialty Industrial Machinery,Core,81.9,593.24,660.45,16.0,16.9,10.0,0.0,ok,0.0,ok,0.87,,False,42.9,17.1,2.7,9.4,25.8,21.1,34.1,-0.0,-10.6,0.333,0.454,AVGO,,126,16.9,14.0,,False
181,WM,"Waste Management, Inc.",Industrials,Waste Management,Core,89.9,224.92,227.88,17.5,16.7,10.0,0.0,ok,-1.5,ok,2.93,,False,42.7,24.7,2.6,4.0,40.6,29.8,44.6,0.5,-12.5,-0.394,0.376,NVDA,,126,16.7,15.0,,False
182,VLTO,Veralto Corp,Industrials,Pollution & Treatment Controls,Core,24.2,99.46,94.49,19.5,13.7,10.0,0.0,ok,-0.5,ok,1.06,,False,42.7,20.8,3.3,7.5,60.2,34.3,67.8,6.5,-3.6,-0.041,0.137,AVGO,,126,13.7,16.0,,False
183,JBL,Jabil Inc.,Technology,Electronic Components,Core,33.2,316.65,342.06,16.5,16.7,10.0,0.0,ok,-0.5,ok,1.08,,False,42.7,18.8,3.7,11.8,9.2,65.9,50.6,10.1,6.2,0.465,0.54,AVGO,,126,16.7,13.0,,False
184,CIEN,Ciena Corporation,Technology,Communication Equipment,Growth,55.6,392.48,422.33,15.5,17.2,10.0,0.0,ok,0.0,ok,0.48,,False,42.7,40.6,1.3,39.5,43.0,15.5,53.6,6.8,6.6,0.334,0.507,AVGO,,126,17.2,14.0,,False
185,LLY,Eli Lilly and Company,Healthcare,Drug Manufacturers - General,Growth,1109.2,1244.4,1182.18,20.0,13.2,10.0,0.0,ok,-0.5,ok,1.1,,False,42.7,26.3,1.0,47.7,83.4,102.3,63.3,18.6,12.9,-0.09,0.175,GOOG,,126,13.2,17.0,,False
186,CHD,"Church & Dwight Company, Inc.",Consumer Defensive,Household & Personal Products,Core,23.1,97.41,98.55,17.5,15.7,10.0,0.0,ok,-0.5,ok,1.6,,False,42.7,24.1,4.1,1.6,45.6,17.0,44.9,3.9,-15.8,-0.103,0.225,AVGO,,126,15.7,17.0,,False
187,NWS,News Corporation,Communication Services,Entertainment,Core,18.2,33.78,32.09,17.0,15.7,10.0,0.0,ok,0.0,ok,0.61,,False,42.7,22.3,5.7,10.8,57.2,8.0,69.8,14.4,17.1,0.058,0.214,GOOG,,126,15.7,14.0,,False
188,VLO,Valero Energy Corporation,Energy,Oil & Gas Refining & Marketing,Growth,98.3,341.51,324.43,20.0,12.7,10.0,0.0,ok,0.0,ok,0.26,,False,42.7,11.2,8.6,51.7,16.1,27.6,67.7,48.9,59.5,-0.169,0.291,GOOG,,126,12.7,12.0,,False
189,BF-B,Brown Forman Inc,Consumer Defensive,Beverages - Wineries & Distill,Core,13.0,28.41,27.1,18.5,14.7,10.0,0.0,ok,-0.5,ok,1.94,,False,42.7,16.7,5.7,2.0,60.5,17.8,47.2,4.8,-15.0,-0.134,0.173,AVGO,,126,14.7,18.0,,False
190,USB,U.S. Bancorp,Financial Services,Banks - Regional,Core,96.3,61.78,62.24,17.5,15.2,10.0,0.0,ok,0.0,financial_na,,,False,42.7,10.7,,10.4,0.0,12.6,41.1,11.3,-4.2,0.172,0.219,GOOG,,126,15.2,14.0,,False
191,C,"Citigroup, Inc.",Financial Services,Banks - Diversified,Core,217.5,129.67,137.12,16.0,16.7,10.0,0.0,ok,0.0,financial_na,,,False,42.7,10.1,,15.5,0.0,8.5,44.3,7.3,1.7,0.401,0.343,NVDA,,126,16.7,14.0,,False
192,UAL,"United Airlines Holdings, Inc.",Industrials,Airlines,Core,36.3,111.71,123.32,17.0,17.1,10.0,0.0,ok,-1.5,ok,2.4,,False,42.6,7.2,2.5,16.0,31.8,23.3,38.2,4.0,-11.8,0.371,0.325,GOOG,,126,17.1,14.0,,False
193,HWM,Howmet Aerospace Inc.,Industrials,Aerospace & Defense,Core,109.1,273.64,277.73,18.0,15.1,10.0,0.0,ok,-0.5,ok,1.47,,False,42.6,42.7,1.1,24.1,36.0,34.7,41.9,12.9,-4.5,0.247,0.346,GOOG,,126,15.1,14.0,,False
194,AJG,Arthur J. Gallagher & Co.,Financial Services,Insurance Brokers,Growth,66.5,259.61,246.63,16.5,16.1,10.0,0.0,ok,0.0,financial_na,,,False,42.6,17.4,3.1,30.9,43.2,6.7,64.3,11.5,9.7,-0.188,0.337,AVGO,,126,16.1,15.0,,False
195,NDAQ,"Nasdaq, Inc.",Financial Services,Financial Data & Stock Exchang,Core,54.5,97.55,92.67,18.0,14.5,10.0,0.0,ok,0.0,financial_na,,,False,42.5,20.9,3.1,14.9,100.0,16.5,69.9,8.9,8.9,0.225,0.403,MSFT,,126,14.5,16.0,,False
196,L,Loews Corporation,Financial Services,Insurance - Property & Casualt,Core,22.6,110.7,113.54,16.0,16.4,10.0,0.0,ok,0.0,financial_na,,,False,42.4,38.2,5.6,3.9,36.3,9.3,12.2,2.1,-9.7,-0.151,0.201,AVGO,,126,16.4,14.0,,False
197,SYK,Stryker Corporation,Healthcare,Medical Devices,Core,125.7,327.7,326.18,17.0,15.9,10.0,0.0,ok,-0.5,ok,1.62,,False,42.4,19.6,3.3,9.4,65.6,16.5,51.4,-3.6,-24.2,-0.067,0.236,AVGO,,126,15.9,17.0,,False
198,CME,CME Group Inc.,Financial Services,Financial Data & Stock Exchang,Core,97.4,270.87,257.33,17.0,15.4,10.0,0.0,ok,0.0,financial_na,,,False,42.4,20.9,3.0,0.8,100.0,15.8,54.1,-1.7,-20.6,-0.147,0.305,AVGO,,126,15.4,16.0,,False
199,TDG,Transdigm Group Incorporated,Industrials,Aerospace & Defense,Core,66.0,1180.4,1266.48,18.5,18.8,10.0,0.0,ok,-5.0,ok,6.03,,False,42.3,24.4,2.2,22.5,59.8,,34.0,-7.5,-22.4,0.174,0.339,GOOG,,126,18.8,15.0,,False
200,WYNN,"Wynn Resorts, Limited",Consumer Cyclical,Resorts & Casinos,Core,10.3,99.6,100.15,18.0,17.8,10.0,0.0,ok,-3.5,ok,5.66,,False,42.3,19.3,4.6,6.9,68.3,,51.0,-8.1,-23.5,0.276,0.199,MSFT,,126,17.8,13.0,,False
201,NVR,"NVR, Inc.",Consumer Cyclical,Residential Construction,Core,16.8,6300.0,6438.79,16.5,15.8,10.0,0.0,ok,0.0,ok,-0.0,,False,42.3,15.3,5.5,-10.9,21.8,31.5,56.2,-8.1,-27.5,0.01,0.165,GOOG,,126,15.8,11.0,,False
202,DOV,Dover Corporation,Industrials,Specialty Industrial Machinery,Core,26.9,199.88,212.83,16.0,16.3,10.0,0.0,ok,0.0,ok,0.79,,False,42.3,17.2,3.4,6.9,40.1,14.9,37.2,-4.3,-24.7,0.238,0.27,GOOG,,126,16.3,15.0,,False
203,ESTC,Elastic N.V.,Technology,Software - Application,Speculative,9.0,85.9,81.61,21.0,11.3,10.0,0.0,ok,0.0,neg_ebitda_low_debt,,,False,42.3,22.2,5.1,16.0,76.2,33.4,81.3,34.4,37.2,0.342,0.496,MSFT,,126,11.3,17.0,,False
204,PAYX,"Paychex, Inc.",Technology,Software - Application,Core,43.7,122.91,116.76,18.5,15.3,10.0,0.0,ok,-1.5,ok,2.17,,False,42.3,19.3,,12.5,67.2,,63.4,20.3,25.9,-0.034,0.305,MSFT,,126,15.3,17.0,,False
205,FICO,Fair Isaac Corporation,Technology,Software - Application,Core,24.8,1149.75,1174.14,18.5,17.3,10.0,0.0,ok,-3.5,ok,4.23,,False,42.3,21.7,3.1,25.7,85.1,,53.0,-14.0,-25.5,-0.118,0.209,AVGO,,126,17.3,17.0,,False
206,TMUS,"T-Mobile US, Inc.",Communication Services,Telecom Services,Core,194.4,181.22,181.78,18.5,16.2,10.0,0.0,ok,-2.5,ok,3.42,,False,42.2,12.6,5.8,7.9,63.1,18.0,62.5,-7.3,-26.1,-0.144,0.2,NVDA,,126,16.2,17.0,,False
207,EXE,Expand Energy Corporation,Energy,Oil & Gas E&P,Cyclical,23.0,96.07,91.27,16.5,15.7,10.0,0.0,ok,0.0,ok,0.46,,False,42.2,10.8,6.4,-10.6,47.1,14.9,55.7,-5.2,-20.7,-0.055,0.128,AVGO,,126,15.7,13.0,,False
208,IONQ,"IonQ, Inc.",Technology,Computer Hardware,Growth,16.8,41.53,44.78,11.0,21.1,10.0,0.0,ok,0.0,neg_ebitda_low_debt,,,False,42.1,,-0.5,286.8,,-60.5,60.6,-7.6,19.6,0.482,0.43,BMNR,,126,21.1,13.0,,False
209,HSY,The Hershey Company,Consumer Defensive,Confectioners,Core,37.8,188.31,178.89,20.0,12.6,10.0,0.0,ok,-0.5,ok,1.89,,False,42.1,19.1,4.6,6.6,38.4,32.8,74.4,-1.1,-25.0,-0.211,0.347,AVGO,,126,12.6,16.0,,False
210,CVX,Chevron Corporation,Energy,Oil & Gas Integrated,Growth,403.6,205.77,195.48,20.5,11.6,10.0,0.0,ok,0.0,ok,0.56,,False,42.1,15.6,5.4,53.5,44.3,12.2,62.7,15.8,1.3,-0.34,0.345,NVDA,,126,11.6,13.0,,False
211,ITW,Illinois Tool Works Inc.,Industrials,Specialty Industrial Machinery,Core,80.5,282.74,276.76,18.5,14.1,10.0,0.0,ok,-0.5,ok,1.84,,False,42.1,22.8,3.0,6.1,44.2,104.6,42.7,7.1,-14.1,0.024,0.189,NVDA,,126,14.1,15.0,,False
212,DXCM,"DexCom, Inc.",Healthcare,Medical Devices,Core,34.0,90.22,85.71,20.5,11.6,10.0,0.0,ok,0.0,ok,-0.39,,False,42.1,28.9,3.0,13.1,62.5,38.5,65.7,30.4,12.9,0.202,0.271,GOOG,,126,11.6,17.0,,False
213,MCD,McDonald's Corporation,Consumer Cyclical,Restaurants,Core,190.4,269.13,272.76,16.5,18.1,10.0,0.0,ok,-2.5,ok,3.6,,False,42.1,19.2,3.3,3.7,57.4,,47.9,-9.4,-28.4,-0.053,0.205,NVDA,,126,18.1,12.0,,False
214,CAT,"Caterpillar, Inc.",Industrials,Farm & Heavy Construction Mach,Core,374.8,815.39,906.11,18.0,15.5,10.0,0.0,ok,-1.5,ok,2.41,,False,42.0,25.3,1.3,24.0,29.7,57.0,50.1,7.5,-3.1,0.298,0.463,AVGO,,126,15.5,14.0,,False
215,HD,"Home Depot, Inc. (The)",Consumer Cyclical,Home Improvement Retail,Core,333.5,334.49,339.74,17.0,16.5,10.0,0.0,ok,-1.5,ok,2.39,,False,42.0,20.8,3.4,5.7,33.2,104.3,51.7,-3.0,-22.5,0.142,0.274,GOOG,,126,16.5,11.0,,False
216,KKR,KKR & Co. Inc.,Financial Services,Asset Management,Core,98.8,107.02,101.67,15.5,16.5,10.0,0.0,ok,0.0,financial_na,,,False,42.0,14.5,,7.8,54.8,7.3,57.1,0.9,-4.6,0.357,0.306,BMNR,,126,16.5,15.0,,False
217,INTU,Intuit Inc.,Technology,Software - Application,Core,99.0,361.87,343.78,21.0,11.0,10.0,0.0,ok,0.0,ok,0.02,,False,42.0,13.3,5.3,10.4,80.8,22.5,71.2,-18.3,-15.2,0.12,0.352,MSFT,,126,11.0,17.0,,False
218,PLAB,"Photronics, Inc.",Technology,Semiconductor Equipment & Mate,Speculative,1.8,30.52,30.89,15.0,17.0,10.0,0.0,ok,0.0,ok,-2.31,,False,42.0,15.1,2.2,-0.5,33.8,13.2,51.2,-13.2,-30.3,0.337,0.415,AVGO,,126,17.0,13.0,,False
219,JKHY,"Jack Henry & Associates, Inc.",Technology,Information Technology Service,Core,11.7,165.08,156.83,17.0,15.0,10.0,0.0,ok,0.0,ok,0.14,,False,42.0,21.1,,4.7,43.9,23.6,65.0,3.7,-6.5,-0.018,0.275,MSFT,,126,15.0,16.0,,False
220,CVNA,Carvana Co.,Consumer Cyclical,Auto & Truck Dealerships,Growth,106.4,71.52,67.94,16.0,16.4,10.0,0.0,ok,-0.5,ok,1.02,,False,41.9,31.7,0.4,52.4,19.4,58.8,62.4,-1.3,-4.4,0.358,0.385,GOOG,,126,16.4,11.0,,False
221,MAR,Marriott International,Consumer Cyclical,Lodging,Core,93.0,356.6,371.7,17.5,16.9,10.0,0.0,ok,-2.5,ok,3.6,,False,41.9,27.1,2.2,11.1,79.2,,39.3,4.6,-7.9,0.155,0.25,GOOG,,126,16.9,13.0,,False
222,TRMB,Trimble Inc.,Technology,Scientific & Technical Instrum,Core,13.9,59.68,56.7,17.0,15.4,10.0,0.0,ok,-0.5,ok,1.41,,False,41.9,14.5,4.9,11.0,71.8,-1.9,59.8,-9.4,-22.3,0.328,0.349,MSFT,,126,15.4,15.0,,False
223,ALB,Albemarle Corporation,Basic Materials,Specialty Chemicals,Growth,15.8,134.19,132.81,19.0,12.8,10.0,0.0,ok,0.0,ok,0.25,,False,41.8,11.7,8.4,31.1,24.0,2.6,74.8,-13.2,-30.7,0.26,0.25,BMNR,,126,12.8,11.0,,False
224,VEEV,Veeva Systems Inc.,Healthcare,Health Information Services,Core,40.7,250.53,238.0,18.0,13.8,10.0,0.0,ok,0.0,ok,-7.03,,False,41.8,25.0,3.1,16.3,75.0,13.9,80.6,25.3,28.4,0.219,0.453,MSFT,,126,13.8,19.0,,False
225,HST,"Host Hotels & Resorts, Inc.",Real Estate,REIT - Hotel & Motel,Core,16.0,23.09,24.02,17.0,16.3,10.0,0.0,ok,-1.5,ok,2.18,,False,41.8,22.0,10.6,3.6,29.2,15.6,26.5,12.7,3.8,0.128,0.26,GOOG,,126,16.3,15.0,,False
226,HCA,"HCA Healthcare, Inc.",Healthcare,Medical Care Facilities,Core,90.1,406.27,395.52,17.0,17.3,10.0,0.0,ok,-2.5,ok,3.2,,False,41.8,12.7,4.1,8.7,42.6,,53.5,-10.6,-34.2,0.006,0.19,GOOG,,126,17.3,16.0,,False
227,AMD,"Advanced Micro Devices, Inc.",Technology,Semiconductors,Growth,766.4,469.45,509.82,16.5,15.3,10.0,0.0,ok,0.0,ok,-0.92,,False,41.8,30.3,1.2,50.1,55.7,10.2,48.3,42.8,124.0,0.484,0.528,AVGO,,126,15.3,14.0,,False
228,AKAM,"Akamai Technologies, Inc.",Technology,Software - Infrastructure,Core,15.8,110.09,120.12,16.0,19.3,10.0,0.0,ok,-3.5,ok,5.54,,False,41.8,15.4,4.5,5.4,57.5,8.9,45.2,1.7,6.3,0.215,0.262,AVGO,,126,19.3,16.0,,False
229,VST,Vistra Corp.,Utilities,Utilities - Independent Power ,Core,46.6,138.94,153.4,15.0,19.2,10.0,0.0,ok,-2.5,ok,3.02,,False,41.7,13.6,0.1,-5.5,38.3,43.0,40.0,-13.1,-29.4,0.27,0.265,AVGO,,126,19.2,18.0,,False
230,NUE,Nucor Corporation,Basic Materials,Steel,Cyclical,54.6,240.48,248.28,14.0,17.7,10.0,0.0,ok,0.0,ok,0.78,,False,41.7,12.6,1.3,23.0,15.6,14.5,37.2,20.4,23.5,0.18,0.247,AVGO,,126,17.7,11.0,,False
231,ALLE,Allegion plc,Industrials,Security & Protection Services,Core,13.8,161.72,153.63,19.5,12.6,10.0,0.0,ok,-0.5,ok,1.81,,False,41.6,16.6,3.5,12.7,44.8,33.7,56.9,6.9,-10.5,0.045,0.115,NVDA,,126,12.6,17.0,,False
232,MU,"Micron Technology, Inc.",Technology,Semiconductors,Growth,1100.4,974.33,963.09,20.0,11.6,10.0,0.0,ok,0.0,ok,-0.29,,False,41.6,6.3,0.7,345.7,72.6,66.6,70.7,71.7,117.1,0.405,0.508,AVGO,,126,11.6,15.0,,False
233,DDOG,"Datadog, Inc.",Technology,Software - Application,Growth,83.5,232.55,249.26,15.0,16.5,10.0,0.0,ok,0.0,ok,-44.73,,False,41.5,78.3,1.3,35.6,79.5,4.7,39.4,33.7,90.5,0.247,0.331,MSFT,,126,16.5,17.0,,False
234,APA,APA Corporation,Energy,Oil & Gas E&P,Cyclical,15.6,44.39,42.17,21.0,10.5,10.0,0.0,ok,0.0,ok,0.6,,False,41.5,10.6,13.8,9.2,78.3,26.7,74.4,37.3,43.2,-0.348,0.334,NVDA,,126,10.5,14.0,,False
235,TTWO,"Take-Two Interactive Software,",Communication Services,Electronic Gaming & Multimedia,Core,44.9,240.15,239.97,13.5,18.5,10.0,0.0,ok,-0.5,ok,1.46,,False,41.5,23.3,2.8,2.0,57.1,-9.0,47.9,5.0,9.7,0.3,0.335,MSFT,,126,18.5,14.0,,False
236,CFG,"Citizens Financial Group, Inc.",Financial Services,Banks - Regional,Core,29.4,69.71,70.98,16.0,15.5,10.0,0.0,ok,0.0,financial_na,,,False,41.5,10.7,,14.7,0.0,8.3,40.8,11.3,-3.1,0.202,0.208,BMNR,,126,15.5,14.0,,False
237,DASH,"DoorDash, Inc.",Consumer Cyclical,Internet Retail,Growth,96.3,222.36,211.24,18.0,13.5,10.0,0.0,ok,0.0,ok,-1.42,,False,41.5,28.0,5.3,35.6,52.2,8.9,77.5,18.5,15.5,0.433,0.482,MSFT,,126,13.5,12.0,,False
238,DOC,"Healthpeak Properties, Inc.",Real Estate,REIT - Healthcare Facilities,Core,15.0,21.2,21.36,18.0,17.0,10.0,0.0,ok,-3.5,ok,5.53,,False,41.5,,10.9,11.1,57.6,3.0,41.5,16.7,16.3,0.032,0.158,NVDA,,126,17.0,16.0,,False
239,EPAM,"EPAM Systems, Inc.",Technology,Information Technology Service,Speculative,5.5,106.76,101.42,17.0,14.4,10.0,0.0,ok,0.0,ok,-0.85,,False,41.4,7.6,11.8,4.5,29.5,11.2,51.3,-24.6,-33.7,-0.013,0.23,NVDA,,126,14.4,15.0,,False
240,MTB,M&T Bank Corporation,Financial Services,Banks - Regional,Core,34.5,238.25,242.79,16.5,14.9,10.0,0.0,ok,0.0,financial_na,,,False,41.4,11.3,,6.2,0.0,10.7,36.6,9.8,-7.4,0.108,0.202,GOOG,,126,14.9,14.0,,False
241,PPG,"PPG Industries, Inc.",Basic Materials,Specialty Chemicals,Cyclical,25.0,112.44,117.17,17.5,15.4,10.0,0.0,ok,-1.5,ok,2.17,,False,41.4,13.0,4.4,7.2,41.2,19.3,54.0,2.4,-21.1,0.277,0.309,BMNR,,126,15.4,12.0,,False
242,COST,Costco Wholesale Corporation,Consumer Defensive,Discount Stores,Core,414.0,933.51,948.93,14.0,17.4,10.0,0.0,ok,0.0,ok,-0.07,,False,41.4,41.2,1.7,21.5,12.9,29.2,40.6,-2.6,-15.7,-0.249,0.344,AVGO,,126,17.4,16.0,,False
243,MGM,MGM Resorts International,Consumer Cyclical,Resorts & Casinos,Core,10.9,43.17,46.07,18.5,17.9,10.0,0.0,ok,-5.0,ok,12.25,,False,41.4,20.9,8.1,1.0,44.2,18.9,38.3,10.6,6.8,0.219,0.239,MSFT,,126,17.9,12.0,,False
244,CTVA,"Corteva, Inc.",Basic Materials,Agricultural Inputs,Cyclical,53.0,79.46,81.71,15.0,16.4,10.0,0.0,ok,0.0,ok,0.59,,False,41.4,19.3,4.6,-1.2,49.5,4.3,52.7,4.3,-6.2,-0.21,0.26,MSFT,,126,16.4,12.0,,False
245,UDR,"UDR, Inc.",Real Estate,REIT - Residential,Core,14.0,37.69,38.99,17.5,17.4,10.0,0.0,ok,-3.5,ok,5.76,,False,41.4,67.3,5.6,-0.1,66.6,13.7,45.0,3.0,-7.9,-0.146,0.311,AVGO,,126,17.4,17.0,,False
246,GRMN,Garmin Ltd.,Technology,Scientific & Technical Instrum,Core,56.5,293.09,278.44,17.0,14.4,10.0,0.0,ok,0.0,ok,-1.06,,False,41.4,26.7,1.8,11.4,60.1,21.9,49.4,25.6,7.6,0.182,0.189,GOOG,,126,14.4,15.0,,False
247,ICE,Intercontinental Exchange Inc.,Financial Services,Financial Data & Stock Exchang,Core,89.0,158.61,150.68,18.5,12.8,10.0,0.0,ok,0.0,financial_na,,,False,41.3,18.0,4.1,4.8,100.0,14.1,70.8,2.8,-7.3,0.152,0.285,MSFT,,126,12.8,16.0,,False
248,AIZ,"Assurant, Inc.",Financial Services,Insurance - Property & Casualt,Core,13.9,282.0,275.34,15.5,15.8,10.0,0.0,ok,0.0,financial_na,,,False,41.3,12.1,15.5,9.4,13.3,18.3,52.6,16.6,15.1,0.028,0.1,BMNR,,126,15.8,14.0,,False
249,RF,Regions Financial Corporation,Financial Services,Banks - Regional,Core,25.7,30.22,30.61,16.5,14.8,10.0,0.0,ok,0.0,financial_na,,,False,41.3,10.6,,3.4,0.0,11.9,40.3,7.9,-9.1,0.165,0.22,GOOG,,126,14.8,14.0,,False
250,IR,Ingersoll Rand Inc.,Industrials,Specialty Industrial Machinery,Core,30.8,79.33,81.42,14.5,17.2,10.0,0.0,ok,-0.5,ok,1.85,,False,41.2,20.3,3.6,8.5,42.8,9.5,38.8,-3.2,-27.6,0.223,0.253,GOOG,,126,17.2,15.0,,False
251,CI,The Cigna Group,Healthcare,Healthcare Plans,Core,72.5,274.41,285.05,15.5,16.2,10.0,0.0,ok,-0.5,ok,1.93,,False,41.2,8.2,11.0,6.7,9.1,16.8,46.0,-1.3,-12.2,-0.163,0.271,AVGO,,126,16.2,15.0,,False
252,EG,"Everest Group, Ltd.",Financial Services,Insurance - Reinsurance,Core,14.1,368.36,364.96,15.0,16.2,10.0,0.0,ok,0.0,financial_na,,,False,41.2,6.2,14.6,-11.3,15.3,12.6,44.1,8.7,-2.4,-0.236,0.305,AVGO,,126,16.2,14.0,,False
253,CHRW,"C.H. Robinson Worldwide, Inc.",Industrials,Integrated Freight & Logistics,Core,16.8,143.83,176.69,16.5,15.2,10.0,0.0,ok,-0.5,ok,1.95,,False,41.2,19.2,2.9,19.3,8.4,37.1,44.1,-16.7,-34.7,-0.066,0.192,MSFT,,126,15.2,14.0,,False
254,EQR,Equity Residential,Real Estate,REIT - Residential,Core,24.6,63.66,67.42,17.0,17.7,10.0,0.0,ok,-3.5,ok,4.51,,False,41.2,41.1,5.8,2.1,62.3,8.0,32.1,1.2,-9.1,-0.139,0.28,AVGO,,123,17.7,17.0,,False
255,MCHP,Microchip Technology Incorpora,Technology,Semiconductors,Growth,41.2,75.81,84.61,17.5,16.1,10.0,0.0,ok,-2.5,ok,3.4,,False,41.1,16.6,3.3,38.0,60.2,7.2,52.1,-0.6,-12.5,0.395,0.498,AVGO,,126,16.1,15.0,,False
256,CSX,CSX Corporation,Industrials,Railroads,Core,94.4,50.97,49.29,19.5,13.1,10.0,0.0,ok,-1.5,ok,2.64,,False,41.1,22.4,2.1,10.1,47.1,24.4,56.0,20.6,10.3,-0.035,0.203,MSFT,,126,13.1,15.0,,False
257,FTV,Fortive Corporation,Technology,Scientific & Technical Instrum,Core,18.1,59.4,61.07,17.0,15.6,10.0,0.0,ok,-1.5,ok,2.61,,False,41.1,18.3,5.2,7.9,63.2,7.3,51.3,3.1,-8.6,0.088,0.14,NVDA,,126,15.6,15.0,,False
258,KVUE,Kenvue Inc.,Consumer Defensive,Household & Personal Products,Core,36.4,18.93,19.0,17.5,15.1,10.0,0.0,ok,-1.5,ok,2.16,,False,41.1,15.3,5.2,3.0,58.4,15.6,44.6,7.5,-8.2,-0.111,0.207,AVGO,,126,15.1,17.0,,False
259,ABNB,"Airbnb, Inc.",Consumer Cyclical,Travel Services,Core,110.8,185.0,175.75,20.5,10.6,10.0,0.0,ok,0.0,ok,-3.47,,False,41.1,30.1,2.9,16.5,82.9,34.5,76.7,36.2,34.1,0.347,0.283,BMNR,,126,10.6,15.0,,False
260,ERIE,Erie Indemnity Company,Financial Services,Insurance Brokers,Core,13.7,262.29,249.18,16.0,15.1,10.0,0.0,ok,0.0,financial_na,,,False,41.1,18.7,3.5,2.8,17.9,24.8,65.5,3.0,-14.0,-0.214,0.338,AVGO,,126,15.1,14.0,,False
261,AMT,American Tower Corporation (RE,Real Estate,REIT - Specialty,Core,81.9,175.72,172.28,19.5,16.6,10.0,0.0,ok,-5.0,ok,6.14,,False,41.1,25.1,3.6,4.7,73.8,33.9,53.8,-0.5,-15.8,-0.121,0.342,AVGO,,126,16.6,17.0,,False
262,TYL,"Tyler Technologies, Inc.",Technology,Software - Application,Core,14.3,348.14,330.73,16.0,15.6,10.0,0.0,ok,-0.5,ok,1.06,,False,41.1,22.7,4.2,8.2,47.2,9.7,71.9,-4.1,-0.8,-0.084,0.312,MSFT,,126,15.6,16.0,,False
263,OTIS,Otis Worldwide Corporation,Industrials,Specialty Industrial Machinery,Core,27.3,71.77,72.48,15.5,18.0,10.0,0.0,ok,-2.5,ok,3.04,,False,41.0,15.7,5.3,7.3,30.3,,49.2,-10.9,-32.7,0.024,0.178,GOOG,,126,18.0,14.0,,False
264,AME,"AMETEK, Inc.",Industrials,Specialty Industrial Machinery,Core,54.8,239.08,240.11,17.0,14.0,10.0,0.0,ok,0.0,ok,0.73,,False,41.0,26.6,2.7,15.0,36.9,14.6,47.0,7.0,-8.0,0.261,0.35,AVGO,,126,14.0,14.0,,False
265,PSA,Public Storage,Real Estate,REIT - Industrial,Core,60.3,322.74,322.34,18.5,14.0,10.0,0.0,ok,-1.5,ok,2.89,,False,41.0,31.7,3.9,3.3,74.4,21.9,47.1,9.8,-3.7,-0.031,0.222,GOOG,,126,14.0,17.0,,False
266,LII,"Lennox International, Inc.",Industrials,Building Products & Equipment,Core,14.0,406.05,503.67,16.0,15.5,10.0,0.0,ok,-0.5,ok,1.68,,False,41.0,15.4,2.0,3.0,33.3,71.8,45.9,-19.2,-38.0,0.181,0.264,NVDA,,126,15.5,14.0,,False
267,TFC,Truist Financial Corporation,Financial Services,Banks - Regional,Core,61.4,50.23,51.31,15.0,16.0,10.0,0.0,ok,0.0,financial_na,,,False,41.0,10.1,,8.2,0.0,9.1,36.8,2.9,-13.6,0.108,0.164,GOOG,,126,16.0,14.0,,False
268,DHI,"D.R. Horton, Inc.",Consumer Cyclical,Residential Construction,Core,41.2,147.33,151.66,15.0,16.5,10.0,0.0,ok,-0.5,ok,1.24,,False,41.0,12.5,5.9,0.0,21.3,12.6,54.2,-1.3,-20.5,0.138,0.189,GOOG,,126,16.5,11.0,,False
269,SHW,Sherwin-Williams Company (The),Basic Materials,Specialty Chemicals,Cyclical,84.2,346.91,338.59,18.5,15.0,10.0,0.0,ok,-2.5,ok,3.13,,False,41.0,25.5,3.0,7.5,49.0,65.1,53.5,4.0,-14.2,0.204,0.309,GOOG,,126,15.0,12.0,,False
270,APTV,Aptiv PLC,Consumer Cyclical,Auto Parts,Speculative,10.0,47.03,57.25,15.5,15.9,10.0,0.0,ok,-0.5,ok,1.52,,False,40.9,7.2,16.2,2.3,19.3,5.2,28.3,-31.2,-51.5,0.198,0.235,AVGO,,126,15.9,11.0,,False
271,ORLY,"O'Reilly Automotive, Inc.",Consumer Cyclical,Auto Parts,Core,72.1,89.08,89.02,15.5,16.9,10.0,0.0,ok,-1.5,ok,2.24,,False,40.9,24.4,2.2,8.1,51.6,,48.9,-3.8,-15.3,-0.109,0.175,NVDA,,126,16.9,12.0,,False
272,FRT,Federal Realty Investment Trus,Real Estate,REIT - Retail,Core,10.2,117.25,122.28,18.5,15.9,10.0,0.0,ok,-3.5,ok,5.65,,False,40.9,38.0,4.5,7.2,68.1,12.6,23.4,7.3,-0.3,-0.047,0.131,AVGO,,126,15.9,17.0,,False
273,FOX,Fox Corporation,Communication Services,Entertainment,Core,25.4,60.45,57.43,18.0,12.9,10.0,0.0,ok,0.0,ok,0.87,,False,40.9,10.2,2.2,28.1,36.6,14.3,77.8,6.6,5.7,-0.022,0.164,AVGO,,126,12.9,13.0,,False
274,UNP,Union Pacific Corporation,Industrials,Railroads,Core,180.6,303.97,288.77,20.5,11.8,10.0,0.0,ok,-1.5,ok,2.26,,False,40.8,21.5,2.6,11.5,56.3,39.7,68.3,19.1,4.2,-0.171,0.201,MSFT,,126,11.8,15.0,,False
275,URI,"United Rentals, Inc.",Industrials,Rental & Leasing Services,Core,68.2,1095.26,1097.38,18.5,14.8,10.0,0.0,ok,-2.5,ok,3.26,,False,40.8,19.2,2.5,11.8,38.5,28.9,53.2,19.7,10.1,0.001,0.137,MSFT,,126,14.8,16.0,,False
276,MTD,"Mettler-Toledo International, ",Healthcare,Diagnostics & Research,Core,27.9,1393.23,1323.57,16.5,14.8,10.0,0.0,ok,-0.5,ok,1.64,,False,40.8,27.0,2.5,4.5,60.3,,43.2,5.4,-9.5,0.148,0.166,GOOG,,126,14.8,17.0,,False
277,AVB,"AvalonBay Communities, Inc.",Real Estate,REIT - Residential,Core,26.3,184.06,188.04,17.0,17.3,10.0,0.0,ok,-3.5,ok,4.9,,False,40.8,36.8,5.4,2.3,62.7,8.5,44.5,3.1,-5.0,-0.058,0.267,AVGO,,122,17.3,17.0,,False
278,EMR,Emerson Electric Company,Industrials,Specialty Industrial Machinery,Core,86.7,154.72,147.52,18.5,12.8,10.0,0.0,ok,-0.5,ok,1.92,,False,40.8,21.4,4.3,7.0,53.2,12.8,56.8,9.8,-6.1,0.342,0.358,NVDA,,126,12.8,15.0,,False
279,CTSH,Cognizant Technology Solutions,Technology,Information Technology Service,Core,28.8,60.92,57.87,18.5,12.2,10.0,0.0,ok,0.0,ok,0.26,,False,40.7,9.6,7.7,4.5,33.4,14.9,71.7,-3.0,-16.2,-0.009,0.304,MSFT,,126,12.2,15.0,,False
280,WTW,Willis Towers Watson Public Li,Financial Services,Insurance Brokers,Core,31.7,341.15,324.09,17.5,13.2,10.0,0.0,ok,0.0,financial_na,,,False,40.7,14.9,4.5,9.1,42.5,19.8,55.2,14.3,2.8,0.025,0.454,MSFT,,126,13.2,15.0,,False
281,VMC,Vulcan Materials Company (Hold,Basic Materials,Building Materials,Cyclical,35.1,270.67,288.24,14.5,17.6,10.0,0.0,ok,-1.5,ok,2.03,,False,40.6,25.1,2.4,2.5,27.5,13.2,51.6,-6.4,-21.8,0.052,0.224,GOOG,,126,17.6,11.0,,False
282,EW,Edwards Lifesciences Corporati,Healthcare,Medical Devices,Core,51.7,89.83,88.91,16.5,14.0,10.0,0.0,ok,0.0,ok,-1.78,,False,40.5,26.6,2.4,13.6,77.8,9.2,62.0,6.2,2.0,0.252,0.295,GOOG,,126,14.0,17.0,,False
283,ACMR,"ACM Research, Inc.",Technology,Semiconductor Equipment & Mate,Growth,5.5,78.52,90.68,14.5,16.0,10.0,0.0,ok,0.0,ok,-6.83,,False,40.5,29.0,-3.4,36.0,43.8,11.6,50.1,28.8,7.3,0.425,0.486,AVGO,,126,16.0,14.0,,False
284,WSM,"Williams-Sonoma, Inc.",Consumer Cyclical,Specialty Retail,Core,27.8,235.7,231.42,18.5,11.9,10.0,0.0,ok,0.0,ok,0.51,,False,40.4,22.8,3.2,4.4,46.1,54.0,57.5,16.9,-0.5,0.227,0.236,GOOG,,126,11.9,12.0,,False
285,DG,Dollar General Corporation,Consumer Defensive,Discount Stores,Core,26.6,120.58,120.0,17.0,16.9,10.0,0.0,ok,-3.5,ok,4.26,,False,40.4,15.0,7.1,3.4,30.8,18.9,34.3,-3.0,-30.2,0.202,0.243,MSFT,,126,16.9,16.0,,False
286,NEM,Newmont Corporation,Basic Materials,Gold,Cyclical,134.5,127.64,121.26,22.0,8.4,10.0,0.0,ok,0.0,ok,-0.2,,False,40.4,12.1,6.6,15.1,68.0,25.9,83.9,20.4,-5.9,0.366,0.407,BMNR,,126,8.4,13.0,,False
287,ELV,"Elevance Health, Inc.",Healthcare,Healthcare Plans,Core,85.9,396.28,394.82,16.0,14.4,10.0,0.0,ok,0.0,ok,-0.78,,False,40.4,13.4,5.0,1.4,26.0,11.1,64.4,12.1,5.7,0.051,0.129,GOOG,,126,14.4,15.0,,False
288,COP,ConocoPhillips,Energy,Oil & Gas E&P,Growth,162.0,134.89,128.15,19.5,10.9,10.0,0.0,ok,0.0,ok,0.58,,False,40.4,14.3,4.7,35.5,47.6,14.2,73.4,23.2,12.4,-0.343,0.408,GOOG,,126,10.9,13.0,,False
289,PHM,"PulteGroup, Inc.",Consumer Cyclical,Residential Construction,Core,24.3,127.67,128.57,15.0,15.3,10.0,0.0,ok,0.0,ok,0.42,,False,40.3,11.3,4.4,-9.6,25.6,14.9,51.7,2.4,-19.2,0.112,0.204,GOOG,,126,15.3,11.0,,False
290,PNR,Pentair plc.,Industrials,Specialty Industrial Machinery,Core,10.3,63.78,69.75,15.5,15.3,10.0,0.0,ok,-0.5,ok,1.62,,False,40.3,12.3,5.4,-17.0,41.4,17.1,45.3,-27.5,-47.9,0.152,0.222,NVDA,,126,15.3,15.0,,False
291,CHTR,"Charter Communications, Inc.",Communication Services,Telecom Services,Core,19.9,147.76,140.37,19.0,14.7,10.0,0.0,ok,-3.5,ok,4.41,,False,40.2,3.4,11.0,-1.7,55.2,27.2,52.2,-20.4,-46.4,-0.013,0.228,NVDA,,126,14.7,16.0,,False
292,EFX,"Equifax, Inc.",Industrials,Consulting Services,Core,22.6,192.41,182.79,18.5,13.2,10.0,0.0,ok,-1.5,ok,2.75,,False,40.2,18.9,4.2,10.6,55.5,14.3,71.3,2.1,-12.9,0.036,0.227,MSFT,,126,13.2,17.0,,False
293,CSGP,"CoStar Group, Inc.",Real Estate,Real Estate Services,Core,13.1,32.26,30.65,16.5,13.6,10.0,0.0,ok,0.0,ok,-0.28,,False,40.1,18.7,3.2,18.4,78.7,0.9,63.0,-29.5,-45.9,0.028,0.342,MSFT,,126,13.6,19.0,,False
294,FDX,FedEx Corporation,Industrials,Integrated Freight & Logistics,Core,77.2,326.04,319.6,18.0,13.6,10.0,0.0,ok,-1.5,ok,2.48,,False,40.1,15.6,7.3,12.5,27.3,14.8,66.7,-1.0,-26.3,0.191,0.241,GOOG,,126,13.6,14.0,,False
295,INTC,Intel Corporation,Technology,Semiconductors,Core,487.0,92.13,108.52,13.0,17.6,10.0,0.0,ok,-0.5,ok,1.24,,False,40.1,45.2,1.0,25.4,38.9,-10.7,52.4,29.3,98.3,0.417,0.493,AVGO,,126,17.6,13.0,,False
296,DPZ,Domino's Pizza Inc,Consumer Cyclical,Restaurants,Core,11.1,334.37,325.32,15.5,18.1,10.0,0.0,ok,-3.5,ok,4.84,,False,40.1,16.0,4.8,4.3,28.7,,41.2,-8.9,-23.2,-0.027,0.207,NVDA,,126,18.1,11.0,,False
297,STT,State Street Corporation,Financial Services,Asset Management,Core,50.3,183.07,179.45,14.0,16.1,10.0,0.0,ok,0.0,financial_na,,,False,40.1,12.0,,-2.8,0.0,12.4,47.8,26.9,33.5,0.345,0.389,NVDA,,126,16.1,14.0,,False
298,MKC,"McCormick & Company, Incorpora",Consumer Defensive,Packaged Foods,Core,14.8,55.22,52.46,20.0,12.6,10.0,0.0,ok,-2.5,ok,3.17,,False,40.1,16.7,4.8,16.7,38.9,24.7,73.2,-3.6,-29.3,-0.128,0.235,NVDA,,126,12.6,16.0,,False
299,BXP,"BXP, Inc.",Real Estate,REIT - Office,Core,12.3,67.78,67.81,18.0,17.0,10.0,0.0,ok,-5.0,ok,9.81,,False,40.0,32.4,7.2,3.7,56.5,5.3,40.1,7.4,2.3,0.146,0.206,BMNR,,126,17.0,16.0,,False
300,PM,Philip Morris International In,Consumer Defensive,Tobacco,Core,298.5,191.52,185.93,17.5,14.0,10.0,0.0,ok,-1.5,ok,2.39,,False,40.0,20.9,3.3,10.4,67.5,,51.2,11.7,-5.2,-0.113,0.162,AVGO,,126,14.0,18.0,,False
301,CRH,CRH PLC,Basic Materials,Building Materials,Cyclical,61.9,93.09,102.98,16.0,15.5,10.0,0.0,ok,-1.5,ok,2.17,,False,40.0,14.1,3.3,5.6,36.2,15.8,45.7,-16.9,-35.0,0.241,0.319,GOOG,,126,15.5,11.0,,False
302,CDNS,"Cadence Design Systems, Inc.",Technology,Software - Application,Core,86.5,313.59,355.17,18.0,12.0,10.0,0.0,ok,0.0,ok,0.52,,True,40.0,32.9,1.9,24.2,85.9,23.2,19.3,-4.1,-4.7,0.496,0.377,BMNR,,126,18.7,17.0,,False
303,KDP,Keurig Dr Pepper Inc.,Consumer Defensive,Beverages - Non-Alcoholic,Growth,43.1,31.66,31.12,20.0,15.0,10.0,0.0,ok,-5.0,ok,6.66,,False,40.0,12.5,10.7,75.6,51.0,5.1,53.8,10.5,-2.5,-0.136,0.174,AVGO,,126,15.0,17.0,,False
304,CPRT,"Copart, Inc.",Industrials,Specialty Business Services,Core,33.1,34.33,32.61,17.0,13.0,10.0,0.0,ok,0.0,ok,-2.09,,False,40.0,20.4,3.0,2.1,47.5,17.6,82.9,-1.7,-16.5,-0.041,0.279,AVGO,,126,13.0,17.0,,False
305,MNST,Monster Beverage Corporation,Consumer Defensive,Beverages - Non-Alcoholic,Core,93.0,47.49,87.38,18.0,12.0,10.0,0.0,ok,0.0,ok,-1.13,,True,40.0,36.3,1.8,20.2,55.5,25.7,8.8,-41.0,-53.9,0.084,0.191,GOOG,,126,15.8,17.0,,False
306,WMT,Walmart Inc.,Consumer Defensive,Discount Stores,Core,826.4,103.84,113.93,12.0,18.4,10.0,0.0,ok,-0.5,ok,1.45,,False,39.9,31.7,0.8,7.3,25.0,24.1,32.2,-12.2,-25.8,-0.154,0.163,AVGO,,126,18.4,16.0,,False
307,DD,"DuPont de Nemours, Inc.",Basic Materials,Specialty Chemicals,Cyclical,18.7,138.46,131.54,15.5,14.4,10.0,0.0,ok,0.0,ok,0.91,,False,39.9,17.4,9.8,4.0,35.1,1.8,52.3,116.2,166.3,-0.046,0.097,BMNR,,126,14.4,11.0,,False
308,CTAS,Cintas Corporation,Industrials,Specialty Business Services,Core,81.4,203.52,193.34,16.0,13.9,10.0,0.0,ok,0.0,ok,0.81,,False,39.9,33.3,1.8,8.9,50.7,40.7,47.4,9.8,-8.6,-0.065,0.221,AVGO,,126,13.9,17.0,,False
309,CVS,CVS Health Corporation,Healthcare,Healthcare Plans,Core,119.8,93.65,102.11,14.0,18.4,10.0,0.0,ok,-2.5,ok,3.74,,False,39.9,11.0,6.7,7.1,13.6,6.2,25.3,10.0,12.6,-0.085,0.156,AVGO,,126,18.4,15.0,,False
310,STE,STERIS plc (Ireland),Healthcare,Medical Devices,Core,23.0,235.74,223.95,16.0,13.9,10.0,0.0,ok,0.0,ok,0.95,,False,39.9,19.2,3.5,7.3,44.4,11.4,62.2,0.8,-16.5,0.054,0.164,GOOG,,126,13.9,16.0,,False
311,DLTR,"Dollar Tree, Inc.",Consumer Defensive,Discount Stores,Core,24.7,128.45,123.37,18.5,12.9,10.0,0.0,ok,-1.5,ok,2.74,,False,39.9,16.6,5.8,7.2,37.0,34.0,53.5,11.1,-15.1,0.177,0.202,MSFT,,126,12.9,16.0,,False
312,AZO,"AutoZone, Inc.",Consumer Cyclical,Auto Parts,Core,48.4,2961.99,3057.87,13.0,19.4,10.0,0.0,ok,-2.5,ok,3.01,,False,39.9,16.9,1.9,8.4,51.8,,44.0,-13.5,-31.6,-0.003,0.174,GOOG,,126,19.4,12.0,,False
313,JNJ,Johnson & Johnson,Healthcare,Drug Manufacturers - General,Core,644.3,267.37,254.19,18.5,11.3,10.0,0.0,ok,0.0,ok,0.81,,False,39.8,21.7,2.6,6.6,68.1,25.7,65.4,15.8,0.3,-0.356,0.379,AVGO,,126,11.3,17.0,,False
314,MSI,"Motorola Solutions, Inc.",Technology,Communication Equipment,Core,78.4,473.63,449.95,19.5,11.8,10.0,0.0,ok,-1.5,ok,2.37,,False,39.8,24.8,2.5,13.3,52.1,91.6,66.6,13.6,-8.0,0.03,0.133,GOOG,,126,11.8,14.0,,False
315,INVH,Invitation Homes Inc.,Real Estate,REIT - Residential,Core,18.0,30.27,29.85,19.0,14.3,10.0,0.0,ok,-3.5,ok,5.65,,False,39.8,44.3,6.5,10.1,56.3,7.1,58.5,9.6,10.5,-0.121,0.294,AVGO,,126,14.3,16.0,,False
316,REG,Regency Centers Corporation,Real Estate,REIT - Retail,Core,14.3,76.51,79.44,17.0,16.3,10.0,0.0,ok,-3.5,ok,4.62,,False,39.8,30.4,5.2,8.9,71.5,8.2,23.0,1.8,-10.1,-0.149,0.249,AVGO,,126,16.3,17.0,,False
317,TXT,Textron Inc.,Industrials,Aerospace & Defense,Core,14.7,84.37,89.93,13.0,17.3,10.0,0.0,ok,-0.5,ok,1.65,,False,39.8,11.7,3.1,3.0,17.6,12.1,47.0,-6.3,-26.8,0.152,0.187,BMNR,,126,17.3,14.0,,False
318,SYY,Sysco Corporation,Consumer Defensive,Food Distribution,Core,39.8,83.06,82.46,17.0,14.2,10.0,0.0,ok,-1.5,ok,2.89,,False,39.7,15.5,4.9,4.7,18.5,77.7,38.4,5.7,-17.7,-0.008,0.081,GOOG,,126,14.2,16.0,,False
319,MAA,Mid-America Apartment Communit,Real Estate,REIT - Residential,Core,15.8,132.06,135.06,17.0,16.1,10.0,0.0,ok,-3.5,ok,4.57,,False,39.6,40.3,5.8,1.0,58.4,7.0,49.2,0.9,-10.4,-0.183,0.33,AVGO,,126,16.1,16.0,,False
320,STLD,"Steel Dynamics, Inc.",Basic Materials,Steel,Growth,31.4,219.0,247.69,12.5,17.5,10.0,0.0,ok,-0.5,ok,1.43,,False,39.5,11.5,0.7,33.4,14.7,17.6,30.0,6.6,3.0,0.17,0.241,AVGO,,126,17.5,11.0,,False
321,BWXT,"BWX Technologies, Inc.",Industrials,Aerospace & Defense,Core,14.3,156.44,181.03,14.5,16.5,10.0,0.0,ok,-1.5,ok,2.96,,False,39.5,29.8,1.0,18.0,22.1,28.3,35.4,-19.7,-34.7,0.419,0.448,BMNR,,126,16.5,14.0,,False
322,TDY,Teledyne Technologies Incorpor,Technology,Scientific & Technical Instrum,Core,29.4,633.95,646.44,14.5,15.5,10.0,0.0,ok,-0.5,ok,1.06,,False,39.5,23.7,3.1,9.8,43.3,9.2,40.7,4.3,-15.8,0.396,0.411,NVDA,,126,15.5,14.0,,False
323,MCK,McKesson Corporation,Healthcare,Medical Distribution,Core,97.8,838.75,819.88,14.0,15.5,10.0,0.0,ok,0.0,ok,0.94,,False,39.5,16.6,7.0,7.7,3.6,,46.1,-0.2,-22.0,-0.262,0.332,AVGO,,126,15.5,15.0,,False
324,ONTO,Onto Innovation Inc.,Technology,Semiconductor Equipment & Mate,Growth,18.3,298.84,304.17,14.0,15.4,10.0,0.0,ok,0.0,ok,-1.33,,False,39.4,25.6,1.1,35.3,55.5,6.8,58.8,28.1,27.5,0.404,0.529,AVGO,,126,15.4,14.0,,False
325,HUBB,Hubbell Inc,Industrials,Electrical Equipment & Parts,Core,24.8,469.76,494.51,16.0,15.9,10.0,0.0,ok,-2.5,ok,3.41,,False,39.4,20.5,2.0,15.3,35.3,24.4,49.0,-3.0,-21.2,0.199,0.345,NVDA,,126,15.9,14.0,,False
326,MLM,"Martin Marietta Materials, Inc",Basic Materials,Building Materials,Cyclical,31.6,525.27,568.41,12.5,18.4,10.0,0.0,ok,-1.5,ok,2.93,,False,39.4,24.4,1.9,21.0,28.2,8.9,50.1,-13.2,-33.9,0.093,0.22,GOOG,,126,18.4,11.0,,False
327,TKO,"TKO Group Holdings, Inc.",Communication Services,Entertainment,Core,37.0,195.45,192.83,16.5,14.4,10.0,0.0,ok,-1.5,ok,2.69,,False,39.4,49.0,2.3,18.2,59.5,7.1,64.0,-0.6,-17.6,0.176,0.188,BMNR,,126,14.4,14.0,,False
328,COIN,"Coinbase Global, Inc.",Financial Services,Financial Data & Stock Exchang,Core,45.5,172.35,163.73,14.0,17.4,10.0,-2.0,ok,0.0,financial_na,,,False,39.4,57.1,5.9,-17.3,85.8,-7.8,69.7,-13.5,-10.0,0.549,0.75,BMNR,,126,17.4,16.0,,False
329,GNRC,Generac Holdlings Inc.,Industrials,Specialty Industrial Machinery,Core,12.2,206.75,234.03,15.5,14.3,10.0,0.0,ok,-0.5,ok,1.79,,False,39.3,17.5,2.4,10.6,39.5,9.5,56.3,0.1,-20.4,0.233,0.421,AVGO,,126,14.3,14.0,,False
330,IVZ,Invesco Ltd,Financial Services,Asset Management,Core,13.8,31.36,29.79,16.5,12.8,10.0,0.0,ok,0.0,financial_na,,,False,39.3,9.6,8.2,20.5,29.5,-0.6,65.2,18.2,8.8,0.483,0.42,BMNR,,126,12.8,14.0,,False
331,CMCSA,Comcast Corporation,Communication Services,Telecom Services,Core,93.8,26.42,25.1,18.5,12.3,10.0,0.0,ok,-1.5,ok,2.43,,False,39.3,7.3,13.5,-1.2,69.4,11.5,74.3,-0.7,-25.3,-0.046,0.145,NVDA,,126,12.3,17.0,,False
332,RCL,Royal Caribbean Cruises Ltd.,Consumer Cyclical,Travel Services,Core,76.9,287.62,303.14,15.0,16.7,10.0,0.0,ok,-2.5,ok,3.27,,False,39.2,14.2,-2.0,6.5,50.3,44.7,22.4,0.6,-18.8,0.36,0.408,GOOG,,126,16.7,14.0,,False
333,SWKS,"Skyworks Solutions, Inc.",Technology,Semiconductors,Core,10.2,67.94,65.8,13.5,15.6,10.0,0.0,ok,0.0,ok,-0.13,,False,39.1,13.7,4.4,-3.1,40.7,5.1,65.5,6.8,3.9,0.273,0.346,AVGO,,126,15.6,14.0,,False
334,A,"Agilent Technologies, Inc.",Healthcare,Diagnostics & Research,Core,44.1,156.3,148.49,17.5,11.6,10.0,0.0,ok,0.0,ok,0.86,,False,39.1,23.7,2.1,10.0,52.6,21.3,88.4,19.3,16.9,0.169,0.122,GOOG,,126,11.6,16.0,,False
335,GPN,Global Payments Inc.,Industrials,Specialty Business Services,Growth,24.4,92.28,87.67,21.0,11.6,10.0,0.0,ok,-3.5,ok,4.05,,False,39.1,5.8,,68.6,64.0,2.4,68.4,23.6,1.7,0.291,0.314,MSFT,,126,11.6,18.0,fcf_yield_out_of_range(32.2),False
336,PSX,Phillips 66,Energy,Oil & Gas Refining & Marketing,Growth,95.8,240.0,228.0,19.0,10.6,10.0,0.0,ok,-0.5,ok,1.66,,False,39.1,11.3,4.7,53.1,13.1,23.5,74.9,45.3,45.9,-0.174,0.258,NVDA,,126,10.6,12.0,,False
337,EA,Electronic Arts Inc.,Communication Services,Electronic Gaming & Multimedia,Core,52.9,209.7,205.27,18.0,11.1,10.0,0.0,ok,0.0,ok,-0.31,,False,39.1,21.7,3.2,18.9,79.9,16.5,80.9,3.4,-6.4,0.17,0.291,BMNR,,114,11.1,15.0,,False
338,PLD,"Prologis, Inc.",Real Estate,REIT - Industrial,Core,136.8,140.68,142.93,16.5,16.0,10.0,0.0,ok,-3.5,ok,5.24,,False,39.0,41.3,4.0,12.3,75.5,7.7,38.3,3.6,-10.4,0.056,0.163,BMNR,,126,16.0,17.0,,False
339,DLR,"Digital Realty Trust, Inc.",Real Estate,REIT - Specialty,Core,73.2,194.3,186.81,19.0,13.5,10.0,0.0,ok,-3.5,ok,5.66,,False,39.0,67.2,5.1,29.9,57.0,2.9,59.0,9.8,0.8,0.186,0.204,NVDA,,126,13.5,16.0,,False
340,JCI,Johnson Controls International,Industrials,Building Products & Equipment,Core,86.7,143.16,145.12,16.0,14.5,10.0,0.0,ok,-1.5,ok,2.04,,False,39.0,23.7,3.4,9.3,36.7,14.3,44.7,7.4,-10.7,0.264,0.397,AVGO,,126,14.5,14.0,,False
341,BSX,Boston Scientific Corporation,Healthcare,Medical Devices,Core,71.5,49.37,46.9,17.0,13.5,10.0,0.0,ok,-1.5,ok,2.12,,False,39.0,14.4,3.4,7.5,69.2,15.3,59.9,-29.1,-44.4,0.085,0.174,MSFT,,126,13.5,17.0,,False
342,TJX,"TJX Companies, Inc. (The)",Consumer Cyclical,Apparel Retail,Core,155.4,140.69,156.56,17.0,12.0,10.0,0.0,ok,0.0,ok,0.9,,True,39.0,24.3,3.0,5.4,32.0,62.2,20.8,-9.1,-21.4,-0.013,0.073,GOOG,,126,18.1,11.0,,False
343,WST,"West Pharmaceutical Services, ",Healthcare,Medical Instruments & Supplies,Core,24.9,353.77,347.36,14.5,14.4,10.0,0.0,ok,0.0,ok,-0.13,,False,38.9,35.5,1.1,13.8,36.8,19.1,65.6,22.1,36.2,0.062,0.116,GOOG,,126,14.4,15.0,,False
344,PWR,"Quanta Services, Inc.",Industrials,Engineering & Construction,Growth,99.6,662.47,671.99,13.5,16.9,10.0,0.0,ok,-1.5,ok,2.0,,False,38.9,33.7,2.0,41.1,15.5,15.3,48.8,14.6,9.3,0.373,0.362,AVGO,,126,16.9,14.0,,False
345,GLW,Corning Incorporated,Technology,Electronic Components,Core,130.2,151.45,174.47,14.5,14.9,10.0,0.0,ok,-0.5,ok,1.68,,False,38.9,35.1,0.6,16.6,36.4,16.8,56.8,8.0,-1.8,0.31,0.439,NVDA,,126,14.9,13.0,,False
346,FOXA,Fox Corporation,Communication Services,Entertainment,Core,28.5,67.96,64.56,15.5,13.3,10.0,0.0,ok,0.0,ok,0.87,,False,38.8,11.7,1.9,28.1,36.6,14.3,79.0,7.6,9.2,-0.016,0.132,AVGO,,126,13.3,13.0,,False
347,DVN,Devon Energy Corporation,Energy,Oil & Gas E&P,Growth,54.2,49.3,46.83,17.5,11.8,10.0,0.0,ok,-0.5,ok,1.23,,False,38.8,9.1,1.4,64.2,50.3,11.5,66.6,15.7,1.1,-0.267,0.277,GOOG,,126,11.8,13.0,,False
348,ISRG,"Intuitive Surgical, Inc.",Healthcare,Medical Instruments & Supplies,Core,134.2,374.48,388.96,15.5,13.2,10.0,0.0,ok,0.0,ok,-1.25,,False,38.7,31.0,1.9,18.5,66.7,17.4,59.9,-21.0,-36.3,0.276,0.339,GOOG,,126,13.2,17.0,,False
349,VTRS,Viatris Inc.,Healthcare,Drug Manufacturers - Specialty,Core,18.5,16.12,16.59,16.0,14.2,10.0,0.0,ok,-1.5,ok,2.82,,False,38.7,6.0,14.5,4.9,40.3,-2.8,21.5,12.5,-8.5,0.143,0.196,BMNR,,126,14.2,16.0,,False
350,CCI,Crown Castle Inc.,Real Estate,REIT - Specialty,Core,32.1,75.39,78.73,15.5,18.2,10.0,0.0,ok,-5.0,ok,8.31,,False,38.7,26.1,3.2,-4.9,73.7,,46.9,-11.3,-23.9,-0.097,0.33,AVGO,,126,18.2,17.0,,False
351,SBAC,SBA Communications Corporation,Real Estate,REIT - Specialty,Core,19.2,180.54,184.46,16.5,17.2,10.0,0.0,ok,-5.0,ok,8.12,,False,38.7,22.0,3.9,2.3,74.2,,49.5,-6.4,-19.5,-0.026,0.17,AVGO,,126,17.2,17.0,,False
352,BIIB,Biogen Inc.,Healthcare,Drug Manufacturers - General,Core,31.7,214.35,204.82,17.0,13.1,10.0,0.0,ok,-1.5,ok,2.1,,False,38.6,13.0,4.0,3.4,78.3,4.6,63.1,14.2,1.0,-0.134,0.167,NVDA,,126,13.1,17.0,,False
353,LOW,"Lowe's Companies, Inc.",Consumer Cyclical,Home Improvement Retail,Core,121.9,217.34,215.92,15.0,16.1,10.0,0.0,ok,-2.5,ok,3.32,,False,38.6,16.5,3.9,10.3,33.3,,61.1,-8.2,-32.7,0.09,0.259,GOOG,,126,16.1,11.0,,False
354,LIN,Linde plc,Basic Materials,Specialty Chemicals,Cyclical,221.9,481.29,508.1,13.5,15.6,10.0,0.0,ok,-0.5,ok,1.67,,False,38.6,24.6,1.9,9.3,48.3,18.4,52.9,1.1,-13.3,-0.144,0.146,AVGO,,126,15.6,12.0,,False
355,PH,Parker-Hannifin Corporation,Industrials,Specialty Industrial Machinery,Core,126.1,1000.13,979.47,17.5,11.6,10.0,0.0,ok,-0.5,ok,1.46,,False,38.6,25.3,2.3,9.8,37.3,25.1,55.9,8.1,-12.5,0.14,0.332,NVDA,,126,11.6,14.0,,False
356,AVY,Avery Dennison Corporation,Consumer Cyclical,Packaging & Containers,Core,14.0,182.68,173.55,20.5,9.6,10.0,0.0,ok,-1.5,ok,2.28,,False,38.6,16.3,7.2,10.9,29.0,31.2,75.0,6.0,-17.4,0.132,0.147,MSFT,,126,9.6,11.0,,False
357,WAB,Westinghouse Air Brake Technol,Industrials,Railroads,Core,49.4,292.31,279.05,17.0,13.0,10.0,0.0,ok,-1.5,ok,2.37,,False,38.5,23.5,2.2,17.5,35.7,11.6,51.9,17.2,-0.2,0.16,0.297,AVGO,,126,13.0,14.0,,False
358,YUM,"Yum! Brands, Inc.",Consumer Cyclical,Restaurants,Core,41.6,152.33,153.19,16.5,15.5,10.0,0.0,ok,-3.5,ok,4.15,,False,38.5,20.4,2.0,12.2,45.3,,48.7,-1.2,-17.3,-0.027,0.089,AVGO,,126,15.5,12.0,,False
359,NRG,"NRG Energy, Inc.",Utilities,Utilities - Independent Power ,Core,24.2,115.36,131.96,17.0,16.5,10.0,0.0,ok,-5.0,ok,7.16,,False,38.5,10.3,3.2,11.0,18.8,23.8,34.9,-22.7,-46.0,0.216,0.212,NVDA,,126,16.5,18.0,,False
360,JBHT,"J.B. Hunt Transport Services, ",Industrials,Integrated Freight & Logistics,Core,25.8,274.47,279.11,14.0,14.5,10.0,0.0,ok,0.0,ok,0.84,,False,38.5,27.1,3.5,19.4,18.5,18.4,52.3,18.4,8.9,0.098,0.13,NVDA,,126,14.5,14.0,,False
361,PEG,Public Service Enterprise Grou,Utilities,Utilities - Regulated Electric,Core,37.2,74.62,78.79,12.5,19.5,10.0,0.0,ok,-3.5,ok,5.49,,False,38.5,16.0,0.3,-8.9,33.3,11.8,33.5,-6.8,-22.7,-0.135,0.197,MSFT,,126,19.5,18.0,,False
362,COR,"Cencora, Inc.",Healthcare,Medical Distribution,Core,60.1,314.69,301.7,14.5,15.4,10.0,0.0,ok,-1.5,ok,2.1,,False,38.4,15.9,3.4,5.1,4.0,96.9,52.2,-2.5,-23.2,-0.177,0.241,NVDA,,126,15.4,15.0,,False
363,HPE,Hewlett Packard Enterprise Com,Technology,Communication Equipment,Growth,70.0,52.89,50.25,16.5,13.4,10.0,0.0,ok,-1.5,ok,2.84,,False,38.4,13.1,5.5,40.0,33.8,6.3,61.9,67.7,138.5,0.333,0.522,AVGO,,126,13.4,13.0,,False
364,LDOS,"Leidos Holdings, Inc.",Technology,Information Technology Service,Core,17.8,141.37,134.3,17.0,12.9,10.0,0.0,ok,-1.5,ok,2.45,,False,38.4,11.1,6.4,7.2,17.8,27.8,77.2,-9.4,-28.9,0.089,0.187,MSFT,,126,12.9,15.0,,False
365,CRWD,"CrowdStrike Holdings, Inc.",Technology,Software - Infrastructure,Core,193.8,190.34,349.3,13.0,15.4,10.0,0.0,ok,0.0,ok,-62.9,,False,38.4,121.4,1.0,25.6,75.1,-0.2,49.7,-57.6,-61.6,0.203,0.222,AVGO,,126,15.4,17.0,,False
366,COHU,"Cohu, Inc.",Technology,Semiconductor Equipment & Mate,Growth,2.6,54.11,56.65,14.0,14.3,10.0,0.0,ok,0.0,ok,-13.22,,False,38.3,29.3,2.6,38.4,44.0,-4.8,59.5,39.1,60.9,0.404,0.503,AVGO,,126,14.3,14.0,,False
367,BKR,Baker Hughes Company,Energy,Oil & Gas Equipment & Services,Cyclical,62.3,62.78,59.64,16.0,12.3,10.0,0.0,ok,0.0,ok,-0.16,,False,38.3,19.9,7.1,-2.4,23.7,16.5,59.6,9.2,-9.3,0.153,0.172,BMNR,,126,12.3,14.0,,False
368,GIS,"General Mills, Inc.",Consumer Defensive,Packaged Foods,Core,21.2,39.61,37.63,16.0,12.3,10.0,0.0,ok,0.0,ok,-0.12,,False,38.3,12.3,10.9,2.2,33.7,-1.0,75.5,-0.3,-20.3,-0.153,0.346,AVGO,,126,12.3,16.0,,False
369,ABBV,AbbVie Inc.,Healthcare,Drug Manufacturers - General,Core,462.7,261.83,248.74,17.5,12.3,10.0,0.0,ok,-1.5,ok,2.09,,False,38.3,16.1,3.6,10.2,72.8,,62.5,16.5,6.8,-0.307,0.346,AVGO,,126,12.3,17.0,,False
370,LEN,Lennar Corporation,Consumer Cyclical,Residential Construction,Core,20.6,85.42,86.77,12.0,16.7,10.0,0.0,ok,-0.5,ok,1.92,,False,38.2,13.2,5.2,-5.2,16.4,7.4,55.5,-14.4,-36.9,0.177,0.209,NVDA,,126,16.7,11.0,,False
371,BMNR,BitMine Immersion Technologies,Financial Services,Capital Markets,Growth,13.0,21.57,20.49,14.0,16.2,10.0,-2.0,ok,0.0,financial_na,,,False,38.2,22.9,-4.0,2167.8,84.4,-150.9,77.7,-6.6,-3.4,0.513,0.445,NVDA,,126,16.2,16.0,,True
372,HUM,Humana Inc.,Healthcare,Healthcare Plans,Core,45.7,380.73,382.96,15.0,13.1,10.0,0.0,ok,0.0,ok,-2.54,,False,38.1,23.0,4.2,26.2,13.7,6.9,58.7,40.4,91.0,0.081,0.166,NVDA,,126,13.1,15.0,,False
373,AMGN,Amgen Inc.,Healthcare,Drug Manufacturers - General,Core,234.1,433.73,412.04,19.5,10.1,10.0,0.0,ok,-1.5,ok,2.51,,False,38.1,17.8,3.7,9.5,71.9,91.5,75.4,24.1,6.0,-0.033,0.101,MSFT,,126,10.1,17.0,,False
374,FAST,Fastenal Company,Industrials,Industrial Distribution,Core,58.1,50.66,48.13,17.0,11.1,10.0,0.0,ok,0.0,ok,0.12,,False,38.1,36.2,1.6,14.7,44.7,34.3,70.4,13.4,-0.4,-0.008,0.154,GOOG,,126,11.1,15.0,,False
375,IQV,"IQVIA Holdings, Inc.",Healthcare,Diagnostics & Research,Core,42.1,256.05,243.25,17.5,14.0,10.0,0.0,ok,-3.5,ok,4.65,,False,38.0,17.7,5.1,8.7,33.0,22.8,67.9,28.5,44.0,0.03,0.091,GOOG,,126,14.0,15.0,,False
376,O,Realty Income Corporation,Real Estate,REIT - Retail,Core,59.8,63.17,63.17,15.5,16.0,10.0,0.0,ok,-3.5,ok,5.74,,False,38.0,39.8,2.6,9.6,92.7,3.2,43.1,3.5,-13.8,-0.22,0.255,AVGO,,126,16.0,17.0,,False
377,GEHC,GE HealthCare Technologies Inc,Healthcare,Medical Devices,Core,33.7,74.06,70.36,17.5,12.0,10.0,0.0,ok,-1.5,ok,2.36,,False,38.0,13.7,4.7,5.8,39.5,19.4,76.6,1.7,-22.6,0.121,0.231,GOOG,,126,12.0,15.0,,False
378,KO,Coca-Cola Company (The),Consumer Defensive,Beverages - Non-Alcoholic,Core,389.4,90.5,85.98,17.0,11.5,10.0,0.0,ok,-0.5,ok,1.64,,False,38.0,25.7,1.3,6.7,61.9,42.1,69.2,17.4,3.5,-0.237,0.307,AVGO,,126,11.5,18.0,,False
379,DVA,DaVita Inc.,Healthcare,Medical Care Facilities,Core,11.2,175.24,214.89,19.5,12.0,10.0,0.0,ok,-3.5,ok,4.5,,True,38.0,10.3,9.3,5.2,32.4,88.5,10.2,8.9,5.7,-0.047,0.175,GOOG,,126,17.7,15.0,,False
380,COHR,Coherent Corp.,Technology,Scientific & Technical Instrum,Growth,56.8,290.03,330.88,11.5,17.0,10.0,0.0,ok,-0.5,ok,1.1,,False,38.0,20.8,-1.1,33.7,37.5,8.0,54.2,7.8,6.3,0.371,0.489,NVDA,,126,17.0,13.0,,False
381,EXPD,Expeditors International of Wa,Industrials,Integrated Freight & Logistics,Growth,24.2,186.4,177.08,17.5,10.4,10.0,0.0,ok,0.0,ok,-0.37,,False,37.9,23.5,3.3,32.1,13.5,42.7,76.8,19.6,8.7,-0.012,0.074,GOOG,,126,10.4,14.0,,False
382,ZBH,"Zimmer Biomet Holdings, Inc.",Healthcare,Medical Devices,Core,18.9,98.97,94.02,17.0,12.4,10.0,0.0,ok,-1.5,ok,2.79,,False,37.9,10.9,5.8,4.8,69.9,6.4,62.5,9.1,-10.1,-0.057,0.139,AVGO,,126,12.4,17.0,,False
383,VTR,"Ventas, Inc.",Real Estate,REIT - Healthcare Facilities,Core,47.5,92.68,91.04,16.5,14.8,10.0,0.0,ok,-3.5,ok,5.34,,False,37.8,101.3,3.1,21.7,40.0,2.0,47.8,10.4,-2.1,-0.291,0.348,AVGO,,126,14.8,15.0,,False
384,FN,Fabrinet,Technology,Electronic Components,Growth,15.9,444.87,520.72,14.0,13.7,10.0,0.0,ok,0.0,ok,-1.64,,False,37.7,20.4,-0.4,44.6,12.0,21.3,51.1,-17.3,-29.1,0.363,0.478,AVGO,,126,13.7,13.0,,False
385,HPQ,HP Inc.,Technology,Computer Hardware,Core,27.0,29.47,28.0,15.0,13.2,10.0,0.0,ok,-0.5,ok,1.52,,False,37.7,9.8,12.8,9.0,20.3,,60.5,31.6,50.5,0.067,0.082,AVGO,,126,13.2,13.0,,False
386,VZ,Verizon Communications Inc.,Communication Services,Telecom Services,Core,204.4,49.19,46.73,18.5,11.7,10.0,0.0,ok,-2.5,ok,3.76,,False,37.7,9.3,8.5,-0.7,59.5,15.8,69.9,10.1,-9.2,-0.226,0.273,NVDA,,126,11.7,16.0,,False
387,T,AT&T Inc.,Communication Services,Telecom Services,Core,172.3,25.15,23.89,18.5,11.7,10.0,0.0,ok,-2.5,ok,3.3,,False,37.7,9.8,5.9,2.3,59.7,18.3,74.5,1.0,-19.8,-0.225,0.244,NVDA,,126,11.7,16.0,,False
388,ZBRA,Zebra Technologies Corporation,Technology,Communication Equipment,Core,17.2,360.52,342.49,18.0,11.1,10.0,0.0,ok,-1.5,ok,2.37,,False,37.6,16.2,3.4,20.4,49.6,15.3,73.8,43.3,30.6,0.323,0.309,AVGO,,126,11.1,14.0,,False
389,SOLV,Solventum Corporation,Healthcare,Medical Instruments & Supplies,Core,15.1,88.61,84.18,18.5,12.6,10.0,0.0,ok,-3.5,ok,4.29,,False,37.6,12.3,3.2,2.2,54.8,34.0,58.3,16.1,10.9,0.098,0.252,GOOG,,126,12.6,16.0,,False
390,CNC,Centene Corporation,Healthcare,Healthcare Plans,Core,31.7,64.14,64.97,13.0,14.6,10.0,0.0,ok,0.0,ok,-2.38,,False,37.6,12.1,,4.6,11.4,-20.4,54.5,31.7,37.7,-0.009,0.1,AVGO,,126,14.6,15.0,fcf_yield_out_of_range(30.4),False
391,CASY,"Caseys General Stores, Inc.",Consumer Cyclical,Specialty Retail,Core,30.7,828.38,842.31,11.5,16.6,10.0,0.0,ok,-0.5,ok,1.6,,False,37.6,35.1,1.8,14.5,24.6,19.2,38.5,16.2,13.7,-0.087,0.139,MSFT,,126,16.6,11.0,,False
392,CPB,The Campbell's Company,Consumer Defensive,Packaged Foods,Speculative,7.1,23.77,22.58,16.0,15.0,10.0,0.0,ok,-3.5,ok,4.07,,False,37.5,12.4,8.5,-4.4,29.2,15.4,66.1,-1.6,-20.4,-0.169,0.3,AVGO,,126,15.0,16.0,,False
393,TGT,Target Corporation,Consumer Defensive,Discount Stores,Core,71.9,158.25,150.34,17.5,10.5,10.0,0.0,ok,-0.5,ok,1.47,,False,37.5,16.7,5.7,5.3,29.3,26.4,73.9,34.8,26.3,0.024,0.128,GOOG,,126,10.5,16.0,,False
394,HRL,Hormel Foods Corporation,Consumer Defensive,Packaged Foods,Core,13.3,24.08,24.92,10.5,17.0,10.0,0.0,ok,0.0,ok,-0.26,,False,37.5,15.4,3.6,-2.9,15.8,5.8,33.7,3.9,-12.9,-0.091,0.154,AVGO,,126,17.0,16.0,,False
395,RVTY,"Revvity, Inc.",Healthcare,Diagnostics & Research,Core,13.9,124.13,117.92,16.0,13.0,10.0,0.0,ok,-1.5,ok,2.65,,False,37.5,21.1,4.4,1.3,55.0,3.2,69.6,23.7,13.2,0.203,0.203,BMNR,,126,13.0,16.0,,False
396,LUV,Southwest Airlines Company,Industrials,Airlines,Core,19.5,39.89,47.12,10.5,17.4,10.0,0.0,ok,-0.5,ok,1.33,,False,37.4,8.1,-4.3,16.4,22.4,11.1,32.1,-6.2,-33.7,0.392,0.402,GOOG,,126,17.4,14.0,,False
397,PANW,"Palo Alto Networks, Inc.",Technology,Software - Infrastructure,Growth,284.9,349.56,333.95,14.0,13.4,10.0,0.0,ok,0.0,ok,-0.66,,False,37.4,84.9,1.3,31.1,72.0,4.8,57.0,55.1,124.5,0.399,0.404,MSFT,,126,13.4,17.0,,False
398,LITE,Lumentum Holdings Inc.,Technology,Communication Equipment,Growth,78.9,879.28,835.32,14.0,13.4,10.0,0.0,ok,0.0,ok,-1.33,,False,37.4,26.6,0.3,109.3,44.2,-240.0,61.0,35.4,21.1,0.325,0.406,NVDA,,126,13.4,14.0,,False
399,DRI,"Darden Restaurants, Inc.",Consumer Cyclical,Restaurants,Core,24.7,217.95,208.01,18.0,11.9,10.0,0.0,ok,-2.5,ok,3.7,,False,37.4,17.6,3.2,13.7,21.7,53.7,65.2,10.2,-9.5,-0.071,0.113,MSFT,,126,11.9,11.0,,False
400,ESS,"Essex Property Trust, Inc.",Real Estate,REIT - Residential,Core,19.8,287.71,288.46,17.0,13.9,10.0,0.0,ok,-3.5,ok,5.43,,False,37.4,46.7,5.3,3.1,68.8,7.7,55.6,9.1,3.7,-0.114,0.297,AVGO,,126,13.9,17.0,,False
401,EQIX,"Equinix, Inc.",Real Estate,REIT - Specialty,Core,106.8,1082.61,1052.22,17.0,13.9,10.0,0.0,ok,-3.5,ok,4.93,,False,37.4,57.9,3.5,16.7,52.0,10.7,69.5,14.4,6.7,0.12,0.189,NVDA,,126,13.9,16.0,,False
402,HAL,Halliburton Company,Energy,Oil & Gas Equipment & Services,Cyclical,29.8,35.69,34.27,15.5,12.4,10.0,0.0,ok,-0.5,ok,1.49,,False,37.4,12.3,6.9,3.7,15.1,14.9,70.1,4.2,-8.4,-0.06,0.087,GOOG,,126,12.4,14.0,,False
403,GPC,Genuine Parts Company,Consumer Cyclical,Auto Parts,Core,18.3,132.92,126.27,14.5,14.3,10.0,0.0,ok,-1.5,ok,2.97,,False,37.3,16.0,5.0,6.0,37.6,0.7,66.8,12.0,3.0,0.029,0.138,GOOG,,126,14.3,11.0,,False
404,KIM,Kimco Realty Corporation (HC),Real Estate,REIT - Retail,Core,16.2,24.16,25.19,17.0,15.3,10.0,0.0,ok,-5.0,ok,6.12,,False,37.3,27.0,5.4,4.9,68.9,5.8,23.2,6.3,-5.2,-0.11,0.171,AVGO,,126,15.3,17.0,,False
405,MRVL,"Marvell Technology, Inc.",Technology,Semiconductors,Core,225.3,251.01,238.46,15.5,11.8,10.0,0.0,ok,0.0,ok,0.53,,False,37.3,40.2,1.0,27.6,51.5,16.0,73.2,74.0,205.4,0.363,0.527,AVGO,,126,11.8,14.0,,False
406,XOM,ExxonMobil Holdings Corporatio,Energy,Oil & Gas Integrated,Growth,683.2,166.15,157.84,17.5,9.8,10.0,0.0,ok,0.0,ok,0.47,,False,37.3,15.6,3.0,44.1,29.8,12.6,70.7,17.5,3.0,-0.36,0.352,GOOG,,126,9.8,12.0,,False
407,IEX,IDEX Corporation,Industrials,Specialty Industrial Machinery,Core,17.2,233.75,227.17,16.0,11.7,10.0,0.0,ok,-0.5,ok,1.31,,False,37.2,24.4,3.2,6.4,44.7,13.0,55.3,15.5,2.1,0.16,0.236,AVGO,,126,11.7,15.0,,False
408,XYZ,"Block, Inc.",Technology,Software - Infrastructure,Core,48.1,80.08,78.15,11.0,16.1,10.0,0.0,ok,0.0,ok,0.28,,False,37.1,15.4,-0.1,9.3,46.6,1.6,47.2,17.9,39.9,0.387,0.309,BMNR,,126,16.1,16.0,,False
409,OMC,Omnicom Group Inc.,Communication Services,Advertising Agencies,Growth,24.8,87.07,82.72,18.5,10.1,10.0,0.0,ok,-1.5,ok,2.2,,False,37.1,7.2,17.2,63.4,19.0,6.1,74.4,13.3,-5.0,0.066,0.135,GOOG,,126,10.1,13.0,,False
410,ECL,Ecolab Inc.,Basic Materials,Specialty Chemicals,Cyclical,78.9,281.48,275.59,15.0,13.6,10.0,0.0,ok,-1.5,ok,2.12,,False,37.1,29.9,1.9,9.7,44.2,22.0,55.5,3.9,-17.8,0.009,0.205,GOOG,,126,13.6,12.0,,False
411,REGN,"Regeneron Pharmaceuticals, Inc",Healthcare,Biotechnology,Core,85.1,826.64,785.31,17.0,10.1,10.0,0.0,ok,0.0,ok,-1.12,,False,37.1,13.6,3.6,16.7,44.5,14.0,75.3,14.3,-4.6,0.215,0.242,BMNR,,126,10.1,16.0,,False
412,TAP,Molson Coors Beverage Company,Consumer Defensive,Beverages - Brewers,Speculative,7.9,42.61,40.85,13.5,15.1,10.0,0.0,ok,-1.5,ok,2.56,,False,37.1,8.7,11.8,-3.3,37.0,-19.5,55.5,-3.3,-24.2,-0.193,0.26,BMNR,,126,15.1,16.0,,False
413,KHC,The Kraft Heinz Company,Consumer Defensive,Packaged Foods,Core,30.3,25.57,24.97,13.5,15.0,10.0,0.0,ok,-1.5,ok,2.97,,False,37.0,12.2,10.7,-1.4,33.5,-8.8,47.8,7.6,-4.0,-0.071,0.207,AVGO,,126,15.0,16.0,,False
414,HII,"Huntington Ingalls Industries,",Industrials,Aerospace & Defense,Core,11.9,301.4,296.66,10.5,18.0,10.0,0.0,ok,-1.5,ok,2.5,,False,37.0,14.5,-2.5,10.9,12.4,13.0,27.3,-13.5,-41.5,0.218,0.302,MSFT,,126,18.0,14.0,,False
415,VICI,VICI Properties Inc.,Real Estate,REIT - Diversified,Core,29.3,26.57,26.69,13.0,17.5,10.0,0.0,ok,-3.5,ok,4.82,,False,37.0,8.9,0.9,5.7,99.3,9.8,53.6,-4.5,-20.9,-0.13,0.27,AVGO,,126,17.5,17.0,,False
416,RSG,"Republic Services, Inc.",Industrials,Waste Management,Core,67.2,219.5,214.7,16.0,12.5,10.0,0.0,ok,-1.5,ok,2.7,,False,37.0,27.2,2.9,4.6,43.0,18.2,70.6,2.7,-10.3,-0.426,0.418,AVGO,,126,12.5,15.0,,False
417,PCAR,PACCAR Inc.,Industrials,Farm & Heavy Construction Mach,Core,67.9,128.94,126.09,13.0,14.5,10.0,0.0,ok,-0.5,ok,1.88,,False,37.0,18.1,2.9,0.5,13.7,12.8,40.4,9.6,-9.9,0.218,0.282,NVDA,,126,14.5,14.0,,False
418,WULF,TeraWulf Inc.,Financial Services,Capital Markets,Speculative,8.2,16.45,20.93,7.0,20.0,10.0,0.0,ok,0.0,financial_na,,,False,37.0,,-2.9,-6.0,,-1211.8,44.0,-7.3,-1.0,0.481,0.452,BMNR,,126,20.0,16.0,,False
419,WMB,"Williams Companies, Inc. (The)",Energy,Oil & Gas Midstream,Cyclical,87.7,71.68,73.35,15.0,15.4,10.0,0.0,ok,-3.5,ok,4.35,,False,36.9,27.3,-1.7,7.8,63.6,21.5,50.4,3.7,-11.7,-0.135,0.143,MSFT,,126,15.4,14.0,,False
420,DIS,Walt Disney Company (The),Communication Services,Entertainment,Core,185.3,107.32,101.95,14.5,12.8,10.0,0.0,ok,-0.5,ok,1.95,,False,36.8,14.4,2.6,6.8,37.6,8.0,75.4,3.2,-8.9,0.234,0.337,GOOG,,126,12.8,13.0,,False
421,CAH,"Cardinal Health, Inc.",Healthcare,Medical Distribution,Core,53.1,228.46,231.42,14.0,13.3,10.0,0.0,ok,-0.5,ok,1.21,,False,36.8,16.2,8.9,5.8,3.8,,48.1,7.1,-8.6,-0.148,0.253,AVGO,,126,13.3,15.0,,False
422,ABT,Abbott Laboratories,Healthcare,Medical Devices,Core,198.8,114.14,108.43,17.0,11.2,10.0,0.0,ok,-1.5,ok,2.32,,False,36.7,18.8,3.6,13.0,56.8,10.6,79.2,7.1,-8.2,-0.092,0.291,AVGO,,126,11.2,16.0,,False
423,MDB,"MongoDB, Inc.",Technology,Software - Infrastructure,Core,33.8,420.37,399.35,13.0,13.7,10.0,0.0,ok,0.0,neg_ebitda_low_debt,,,False,36.7,57.3,1.5,25.2,72.0,-1.0,68.7,23.8,11.4,0.363,0.396,MSFT,,126,13.7,17.0,,False
424,MDT,Medtronic plc.,Healthcare,Medical Devices,Core,118.1,92.3,87.69,15.5,11.7,10.0,0.0,ok,-0.5,ok,1.97,,False,36.7,14.4,3.9,9.9,65.3,9.8,75.1,3.4,-14.5,-0.065,0.261,AVGO,,126,11.7,17.0,,False
425,NSC,Norfolk Southern Corporation,Industrials,Railroads,Core,77.9,346.62,329.29,15.5,12.7,10.0,0.0,ok,-1.5,ok,2.84,,False,36.7,24.2,1.8,11.4,45.2,17.0,64.1,13.8,-0.5,-0.145,0.177,MSFT,,126,12.7,15.0,,False
426,PFE,"Pfizer, Inc.",Healthcare,Drug Manufacturers - General,Core,158.4,27.79,26.4,18.0,10.2,10.0,0.0,ok,-1.5,ok,2.04,,False,36.7,9.6,7.9,2.6,74.7,5.0,76.8,8.6,-4.6,-0.034,0.182,AVGO,,126,10.2,17.0,,False
427,BEN,"Franklin Templeton, Inc.",Financial Services,Asset Management,Core,17.3,33.97,33.38,11.5,15.2,10.0,0.0,ok,0.0,financial_na,,,False,36.7,10.7,-17.3,14.3,37.7,7.9,51.0,22.9,14.0,0.454,0.421,GOOG,,126,15.2,14.0,,False
428,VRTX,Vertex Pharmaceuticals Incorpo,Healthcare,Biotechnology,Core,136.8,540.26,513.25,17.0,9.7,10.0,0.0,ok,0.0,ok,-1.15,,False,36.7,24.7,1.9,12.5,55.0,23.5,71.2,17.6,2.7,-0.012,0.172,AVGO,,126,9.7,16.0,,False
429,ATO,Atmos Energy Corporation,Utilities,Utilities - Regulated Gas,Core,28.8,170.52,173.46,11.5,17.6,10.0,0.0,ok,-2.5,ok,3.74,,False,36.6,18.9,-7.7,4.8,62.2,9.8,38.0,-2.9,-15.8,-0.31,0.312,MSFT,,126,17.6,20.0,,False
430,EXR,Extra Space Storage Inc,Real Estate,REIT - Industrial,Core,32.5,147.26,147.46,17.0,13.0,10.0,0.0,ok,-3.5,ok,5.94,,False,36.5,31.0,4.6,3.8,74.9,7.0,46.9,5.3,-13.1,-0.031,0.19,GOOG,,126,13.0,17.0,,False
431,LYB,LyondellBasell Industries NV,Basic Materials,Specialty Chemicals,Cyclical,22.0,68.1,64.69,14.5,14.4,10.0,0.0,ok,-2.5,ok,3.27,,False,36.4,10.6,5.6,19.8,12.9,-2.3,65.1,15.4,11.0,-0.181,0.213,GOOG,,126,14.4,11.0,,False
432,TECH,Bio-Techne Corp,Healthcare,Biotechnology,Core,11.3,72.28,68.67,13.0,13.3,10.0,0.0,ok,0.0,ok,0.07,,False,36.3,31.2,2.0,1.3,66.2,9.0,55.0,20.1,15.3,0.083,0.135,GOOG,,126,13.3,17.0,,False
433,UCTT,"Ultra Clean Holdings, Inc.",Technology,Semiconductor Equipment & Mate,Speculative,3.3,73.01,98.45,9.0,19.8,10.0,0.0,ok,-2.5,ok,3.74,,False,36.3,12.4,-2.5,24.3,15.8,-1.6,41.9,12.9,12.8,0.364,0.457,AVGO,,126,19.8,13.0,,False
434,MDLZ,"Mondelez International, Inc.",Consumer Defensive,Confectioners,Core,82.3,64.14,61.32,16.0,12.7,10.0,0.0,ok,-2.5,ok,3.35,,False,36.2,19.1,2.7,4.1,31.1,13.3,61.0,9.8,-0.6,-0.288,0.311,AVGO,,126,12.7,16.0,,False
435,FCX,"Freeport-McMoRan, Inc.",Basic Materials,Copper,Cyclical,99.7,71.22,67.66,15.0,11.1,10.0,0.0,ok,0.0,ok,0.66,,False,36.1,17.3,2.2,-7.3,38.3,14.8,68.0,21.0,0.3,0.491,0.506,NVDA,,126,11.1,11.0,,False
436,WAT,Waters Corporation,Healthcare,Diagnostics & Research,Growth,39.7,404.69,384.46,14.0,14.6,10.0,0.0,ok,-2.5,ok,3.4,,False,36.1,24.4,-0.4,113.4,56.3,1.9,66.1,12.8,10.8,0.193,0.204,AVGO,,126,14.6,16.0,,False
437,COO,"The Cooper Companies, Inc.",Healthcare,Medical Instruments & Supplies,Core,14.9,76.16,72.35,14.5,13.1,10.0,0.0,ok,-1.5,ok,2.92,,False,36.1,15.2,2.9,7.9,65.6,2.9,66.8,3.9,-20.0,-0.009,0.207,GOOG,,126,13.1,17.0,,False
438,TRGP,"Targa Resources, Inc.",Energy,Oil & Gas Midstream,Cyclical,64.8,302.25,287.14,16.0,12.5,10.0,0.0,ok,-2.5,ok,3.54,,False,36.0,25.0,0.1,4.2,43.2,70.8,69.5,31.3,20.7,-0.254,0.215,AVGO,,126,12.5,13.0,,False
439,ARE,Alexandria Real Estate Equitie,Real Estate,REIT - Office,Speculative,9.1,52.94,50.58,15.0,16.0,10.0,0.0,ok,-5.0,ok,7.13,,False,36.0,,14.8,-11.9,68.2,-4.1,53.5,6.6,-10.4,0.072,0.113,BMNR,,126,16.0,17.0,,False
440,WELL,Welltower Inc.,Real Estate,REIT - Healthcare Facilities,Growth,171.1,237.4,231.46,14.0,15.5,10.0,0.0,ok,-3.5,ok,5.32,,False,36.0,73.5,1.6,39.1,39.6,3.8,54.4,14.4,4.2,-0.231,0.31,AVGO,,126,15.5,15.0,,False
441,KMI,"Kinder Morgan, Inc.",Energy,Oil & Gas Midstream,Cyclical,70.3,31.61,32.04,14.5,15.0,10.0,0.0,ok,-3.5,ok,4.23,,False,36.0,20.6,1.5,10.8,49.4,11.0,45.2,3.4,-13.1,-0.274,0.22,AVGO,,126,15.0,13.0,,False
442,GILD,"Gilead Sciences, Inc.",Healthcare,Drug Manufacturers - General,Core,177.9,143.44,136.27,17.0,9.5,10.0,0.0,ok,-0.5,ok,1.46,,False,36.0,14.5,5.5,10.2,79.6,-20.7,71.6,8.3,-15.3,0.048,0.138,GOOG,,126,9.5,17.0,,False
443,BA,Boeing Company (The),Industrials,Aerospace & Defense,Core,169.9,215.1,221.77,14.5,15.5,10.0,0.0,ok,-4.0,neg_ebitda_debt,,,False,36.0,52.2,3.3,8.0,4.7,173.5,49.1,-2.0,-17.9,0.406,0.379,GOOG,,126,15.5,14.0,,False
444,MET,"MetLife, Inc.",Financial Services,Insurance - Life,Core,59.4,93.46,92.24,10.0,15.8,10.0,0.0,ok,0.0,financial_na,,,False,35.8,8.6,-35.3,10.5,24.0,13.1,39.5,16.2,8.5,0.193,0.249,MSFT,,126,15.8,14.0,,False
445,DELL,Dell Technologies Inc.,Technology,Computer Hardware,Growth,280.9,434.78,426.57,13.0,13.3,10.0,0.0,ok,-0.5,ok,1.45,,False,35.8,19.4,1.9,87.5,19.2,,56.1,84.8,246.1,0.288,0.37,AVGO,,126,13.3,13.0,,False
446,SMCI,"Super Micro Computer, Inc.",Technology,Computer Hardware,Growth,23.6,36.5,34.67,13.5,12.2,10.0,0.0,ok,0.0,ok,0.63,,False,35.7,6.9,-34.9,93.2,10.8,21.5,70.9,15.8,2.0,0.439,0.515,NVDA,,126,12.2,13.0,,False
447,IP,International Paper Company,Consumer Cyclical,Packaging & Containers,Core,21.4,40.36,38.91,13.5,13.7,10.0,0.0,ok,-1.5,ok,2.33,,False,35.7,13.5,7.7,-2.2,29.6,-16.5,47.2,5.9,-23.6,0.109,0.205,NVDA,,126,13.7,11.0,,False
448,LYV,"Live Nation Entertainment, Inc",Communication Services,Entertainment,Core,42.4,182.02,179.67,14.5,11.7,10.0,0.0,ok,-0.5,ok,1.43,,False,35.7,96.4,4.0,9.4,25.8,17.7,60.3,15.0,1.3,0.22,0.26,GOOG,,126,11.7,13.0,,False
449,TMO,Thermo Fisher Scientific Inc,Healthcare,Diagnostics & Research,Core,232.0,627.55,596.17,17.0,11.1,10.0,0.0,ok,-2.5,ok,3.28,,False,35.6,22.8,2.7,10.5,41.0,13.5,73.9,17.7,12.4,0.12,0.148,MSFT,,126,11.1,16.0,,False
450,BAX,Baxter International Inc.,Healthcare,Medical Instruments & Supplies,Core,13.7,26.41,25.09,14.5,13.6,10.0,0.0,ok,-2.5,ok,3.99,,False,35.6,13.0,7.3,5.3,34.1,-14.4,51.7,32.7,11.9,0.279,0.299,MSFT,,126,13.6,15.0,,False
451,CBRE,CBRE Group Inc,Real Estate,Real Estate Services,Core,44.0,151.79,144.2,14.0,15.0,10.0,0.0,ok,-3.5,ok,4.21,,False,35.5,16.7,3.7,15.5,18.6,15.8,56.4,3.0,-7.3,0.18,0.261,MSFT,,126,15.0,17.0,,False
452,PSKY,Paramount Skydance Corporation,Communication Services,Entertainment,Core,11.5,10.29,9.78,14.5,14.3,10.0,0.0,ok,-3.5,ok,4.4,,False,35.3,12.0,,0.9,33.3,-0.9,89.5,-8.4,-14.0,0.073,0.108,GOOG,,126,14.3,13.0,fcf_yield_out_of_range(152.8),False
453,SJM,The J.M. Smucker Company,Consumer Defensive,Packaged Foods,Core,13.2,123.05,116.9,16.0,11.8,10.0,0.0,ok,-2.5,ok,3.67,,False,35.3,11.4,7.6,5.8,34.3,-2.4,59.1,17.8,2.1,-0.243,0.339,AVGO,,126,11.8,16.0,,False
454,SO,Southern Company (The),Utilities,Utilities - Regulated Electric,Core,105.2,91.43,94.54,12.5,16.3,10.0,0.0,ok,-3.5,ok,5.2,,False,35.3,18.6,-3.7,0.1,48.3,11.5,27.4,-0.4,-12.8,-0.308,0.269,AVGO,,126,16.3,19.0,,False
455,SWK,"Stanley Black & Decker, Inc.",Industrials,Tools & Accessories,Core,14.9,98.85,93.91,15.5,11.3,10.0,0.0,ok,-1.5,ok,2.58,,False,35.3,15.5,9.5,0.4,32.2,6.9,58.8,23.8,-1.9,0.235,0.274,GOOG,,126,11.3,14.0,,False
456,NEE,"NextEra Energy, Inc.",Utilities,Utilities - Regulated Electric,Core,177.3,85.03,87.18,14.0,16.2,10.0,0.0,ok,-5.0,ok,7.35,,False,35.2,19.3,-10.0,12.4,61.0,11.7,35.3,-2.9,-17.7,-0.102,0.264,MSFT,,126,16.2,20.0,,False
457,BALL,Ball Corporation,Consumer Cyclical,Packaging & Containers,Core,16.7,62.61,61.75,14.0,13.7,10.0,0.0,ok,-2.5,ok,3.41,,False,35.2,13.8,2.3,19.7,18.6,17.2,33.5,7.7,-16.2,0.009,0.134,GOOG,,126,13.7,11.0,,False
458,TSN,"Tyson Foods, Inc.",Consumer Defensive,Farm Products,Core,20.5,58.4,57.88,11.0,15.7,10.0,0.0,ok,-1.5,ok,2.62,,False,35.2,13.0,5.8,-0.1,6.6,3.3,52.1,-2.8,-18.4,-0.101,0.225,NVDA,,126,15.7,16.0,,False
459,NCLH,Norwegian Cruise Line Holdings,Consumer Cyclical,Travel Services,Speculative,7.7,16.75,19.54,14.5,15.7,10.0,0.0,ok,-5.0,ok,6.08,,False,35.2,9.9,-21.8,4.9,42.5,36.7,37.8,-16.2,-41.7,0.273,0.425,GOOG,,126,15.7,14.0,,False
460,CARR,Carrier Global Corporation,Industrials,Building Products & Equipment,Core,50.0,60.15,67.47,10.5,17.1,10.0,0.0,ok,-2.5,ok,3.57,,False,35.1,18.2,1.7,3.9,24.7,9.0,42.0,-1.5,-16.5,0.208,0.3,GOOG,,126,17.1,14.0,,False
461,SLB,SLB Limited,Energy,Oil & Gas Equipment & Services,Cyclical,79.5,53.55,50.87,13.0,12.5,10.0,0.0,ok,-0.5,ok,1.18,,False,35.0,16.6,3.7,5.0,17.0,12.9,65.4,11.9,-5.3,0.078,0.121,AVGO,,126,12.5,14.0,,False
462,HSIC,"Henry Schein, Inc.",Healthcare,Medical Distribution,Core,10.1,88.46,85.45,14.5,13.0,10.0,0.0,ok,-2.5,ok,3.39,,False,35.0,14.7,4.4,6.7,31.3,8.9,63.0,13.3,0.6,0.106,0.202,GOOG,,126,13.0,15.0,,False
463,AEP,American Electric Power Compan,Utilities,Utilities - Regulated Electric,Core,68.4,125.7,130.98,12.0,16.5,10.0,0.0,ok,-3.5,ok,5.86,,False,35.0,18.3,-8.8,7.0,46.4,10.1,40.6,-0.2,-12.7,-0.254,0.273,MSFT,,126,16.5,19.0,,False
464,MRK,"Merck & Company, Inc.",Healthcare,Drug Manufacturers - General,Core,367.6,148.99,141.54,16.0,9.5,10.0,0.0,ok,-0.5,ok,1.62,,False,35.0,15.6,4.1,5.1,75.9,7.0,78.8,30.2,12.2,-0.188,0.282,AVGO,,126,9.5,17.0,,False
465,AXON,"Axon Enterprise, Inc.",Industrials,Aerospace & Defense,Growth,49.9,614.26,583.55,14.0,15.9,10.0,0.0,ok,-5.0,ok,7.01,,False,34.9,58.2,0.4,35.3,59.5,6.2,60.3,21.1,31.0,0.288,0.349,MSFT,,126,15.9,15.0,,False
466,PKG,Packaging Corporation of Ameri,Consumer Cyclical,Packaging & Containers,Core,22.2,249.56,240.01,13.0,12.4,10.0,0.0,ok,-0.5,ok,1.91,,False,34.9,19.3,1.9,14.7,21.4,14.9,55.3,13.4,-4.8,0.075,0.141,NVDA,,126,12.4,11.0,,False
467,CPT,Camden Property Trust,Real Estate,REIT - Residential,Core,10.9,107.92,112.43,11.0,17.4,10.0,0.0,ok,-3.5,ok,5.4,,False,34.9,99.0,1.3,-0.8,61.6,7.9,39.9,1.5,-8.8,-0.169,0.293,AVGO,,126,17.4,17.0,,False
468,WEC,"WEC Energy Group, Inc.",Utilities,Utilities - Regulated Electric,Core,35.4,108.51,112.92,12.0,16.3,10.0,0.0,ok,-3.5,ok,5.79,,False,34.8,18.1,-6.7,2.6,41.9,12.0,45.8,-2.3,-14.9,-0.32,0.283,AVGO,,126,16.3,19.0,,False
469,SBUX,Starbucks Corporation,Consumer Cyclical,Restaurants,Core,118.5,103.99,104.29,13.0,14.2,10.0,0.0,ok,-2.5,ok,3.34,,False,34.7,33.4,2.6,-1.4,22.3,,46.0,8.5,-3.3,0.17,0.163,AVGO,,126,14.2,11.0,,False
470,RGTI,"Rigetti Computing, Inc.",Technology,Computer Hardware,Growth,5.4,16.07,17.46,12.0,14.7,10.0,-2.0,ok,0.0,neg_ebitda_low_debt,,,False,34.7,,0.5,185.3,,-43.8,56.2,-20.3,-9.7,0.513,0.491,BMNR,,126,14.7,13.0,,False
471,BLDR,"Builders FirstSource, Inc.",Industrials,Building Products & Equipment,Speculative,7.6,70.32,75.88,14.5,13.7,10.0,0.0,ok,-3.5,ok,5.06,,False,34.7,15.7,6.1,-8.8,29.2,2.5,55.1,-23.8,-47.0,0.207,0.289,NVDA,,126,13.7,14.0,,False
472,AMCR,Amcor plc,Consumer Cyclical,Packaging & Containers,Core,22.1,47.81,45.42,16.0,11.1,10.0,0.0,ok,-2.5,ok,3.97,,False,34.6,10.6,6.8,25.9,20.0,9.4,65.3,13.2,-14.7,0.181,0.301,GOOG,,126,11.1,11.0,,False
473,ETR,Entergy Corporation,Utilities,Utilities - Regulated Electric,Core,50.1,107.34,111.55,12.0,16.0,10.0,0.0,ok,-3.5,ok,5.56,,False,34.5,21.1,-8.8,5.9,47.0,10.2,48.8,2.8,-6.8,-0.166,0.249,MSFT,,126,16.0,19.0,,False
474,ES,Eversource Energy (D/B/A),Utilities,Utilities - Regulated Electric,Core,27.2,72.15,72.56,14.5,13.5,10.0,0.0,ok,-3.5,ok,5.67,,False,34.5,14.7,3.0,2.3,52.8,9.0,55.0,4.0,-10.3,-0.171,0.179,MSFT,,126,13.5,19.0,,False
475,AEHR,Aehr Test Systems,Technology,Semiconductor Equipment & Mate,Growth,3.5,105.97,100.67,10.5,14.0,10.0,0.0,ok,0.0,neg_ebitda_low_debt,,,False,34.5,76.6,-0.1,33.7,35.3,-4.2,59.3,78.9,204.8,0.466,0.482,AVGO,,126,14.0,13.0,,False
476,AEE,Ameren Corporation,Utilities,Utilities - Regulated Electric,Core,30.1,108.79,111.02,11.0,17.0,10.0,0.0,ok,-3.5,ok,5.57,,False,34.5,18.7,-5.9,-6.2,52.4,11.9,44.8,1.4,-11.1,-0.262,0.254,AVGO,,126,17.0,19.0,,False
477,NI,NiSource Inc,Utilities,Utilities - Regulated Gas,Core,20.0,41.64,45.58,10.5,17.5,10.0,0.0,ok,-3.5,ok,5.74,,False,34.5,18.5,-8.9,4.6,51.0,8.5,24.3,-7.3,-20.2,-0.109,0.114,AVGO,,126,17.5,19.0,,False
478,IREN,IREN LIMITED,Financial Services,Capital Markets,Core,15.2,42.6,43.75,9.5,16.9,10.0,-2.0,ok,0.0,financial_na,,,False,34.4,,-15.2,-0.0,68.4,7.7,61.9,-8.9,-4.0,0.549,0.492,BMNR,,126,16.9,16.0,,False
479,DUK,Duke Energy Corporation (Holdi,Utilities,Utilities - Regulated Electric,Core,95.7,122.69,125.67,11.0,16.9,10.0,0.0,ok,-3.5,ok,5.51,,False,34.4,17.1,-4.7,1.1,52.0,9.9,39.6,-0.5,-13.0,-0.379,0.316,AVGO,,126,16.9,19.0,,False
480,DGX,Quest Diagnostics Incorporated,Healthcare,Diagnostics & Research,Core,26.6,241.3,229.24,15.5,10.4,10.0,0.0,ok,-1.5,ok,2.55,,False,34.4,20.0,3.4,10.2,33.2,14.6,70.7,22.3,9.1,-0.237,0.276,AVGO,,126,10.4,15.0,,False
481,LNT,Alliant Energy Corporation,Utilities,Utilities - Regulated Electric,Core,18.0,69.46,73.35,12.0,17.4,10.0,0.0,ok,-5.0,ok,6.61,,False,34.4,18.8,-6.3,1.0,44.5,11.1,41.2,-0.7,-12.0,-0.279,0.259,MSFT,,126,17.4,19.0,,False
482,NDSN,Nordson Corporation,Industrials,Specialty Industrial Machinery,Core,18.6,334.7,317.97,16.0,9.8,10.0,0.0,ok,-1.5,ok,2.05,,False,34.3,26.6,3.1,8.5,55.2,17.1,80.9,22.3,5.1,0.227,0.284,AVGO,,126,9.8,15.0,,False
483,FE,FirstEnergy Corp.,Utilities,Utilities - Regulated Electric,Core,27.3,47.18,47.91,11.5,16.3,10.0,0.0,ok,-3.5,ok,5.33,,False,34.3,16.0,-7.4,8.8,68.6,9.5,32.5,0.3,-15.6,-0.214,0.286,AVGO,,126,16.3,20.0,,False
484,OKE,"ONEOK, Inc.",Energy,Oil & Gas Midstream,Growth,59.6,94.6,90.18,15.0,12.7,10.0,0.0,ok,-3.5,ok,4.28,,False,34.2,15.0,1.5,52.8,27.2,16.3,60.0,14.6,-1.0,-0.379,0.304,AVGO,,126,12.7,12.0,,False
485,QBTS,D-Wave Quantum Inc.,Technology,Computer Hardware,Speculative,7.0,18.8,20.68,7.0,19.1,10.0,-2.0,ok,0.0,neg_ebitda_low_debt,,,False,34.1,,-1.0,-0.6,,-28.0,53.1,-14.8,-6.5,0.538,0.511,BMNR,,126,19.1,15.0,,False
486,DHR,Danaher Corporation,Healthcare,Diagnostics & Research,Core,151.8,215.91,205.11,14.5,11.0,10.0,0.0,ok,-1.5,ok,2.93,,False,34.0,23.2,2.8,5.5,58.8,7.6,72.6,6.5,-7.3,0.023,0.178,AVGO,,126,11.0,16.0,,False
487,GM,General Motors Company,Consumer Cyclical,Auto Manufacturers,Core,77.9,86.15,81.97,14.0,14.9,10.0,0.0,ok,-5.0,ok,6.32,,False,33.9,5.8,28.1,1.9,10.2,3.2,41.6,9.3,-4.6,0.331,0.403,BMNR,,126,14.9,11.0,,False
488,ED,"Consolidated Edison, Inc.",Utilities,Utilities - Regulated Electric,Core,40.1,108.31,109.88,12.0,15.3,10.0,0.0,ok,-3.5,ok,4.36,,False,33.8,16.7,-2.1,13.2,53.4,9.0,47.0,2.3,-11.1,-0.449,0.373,AVGO,,126,15.3,19.0,,False
489,EIX,Edison International,Utilities,Utilities - Regulated Electric,Core,28.7,74.66,74.11,13.5,13.7,10.0,0.0,ok,-3.5,ok,4.85,,False,33.7,11.5,0.3,-4.1,61.0,19.7,53.8,10.7,-8.1,-0.198,0.238,MSFT,,126,13.7,20.0,,False
490,PPL,PPL Corporation,Utilities,Utilities - Regulated Electric,Core,26.5,35.2,35.84,10.5,16.5,10.0,0.0,ok,-3.5,ok,5.33,,False,33.5,16.6,-7.3,4.2,44.1,8.6,49.9,-2.9,-15.9,-0.206,0.245,AVGO,,126,16.5,19.0,,False
491,CLX,Clorox Company (The),Consumer Defensive,Household & Personal Products,Core,12.8,106.04,100.74,15.0,12.0,10.0,0.0,ok,-3.5,ok,4.79,,False,33.5,16.9,0.9,-2.0,42.3,163.8,72.8,3.6,-23.7,-0.003,0.293,GOOG,,126,12.0,17.0,,False
492,J,Jacobs Solutions Inc.,Industrials,Engineering & Construction,Growth,17.5,147.94,140.54,13.5,11.4,10.0,0.0,ok,-1.5,ok,2.72,,False,33.4,17.9,3.7,34.5,22.1,8.0,75.7,11.4,-3.3,0.118,0.151,BMNR,,126,11.4,14.0,,False
493,ADM,Archer-Daniels-Midland Company,Consumer Defensive,Farm Products,Core,39.4,81.7,80.06,11.5,13.3,10.0,0.0,ok,-1.5,ok,2.75,,False,33.3,14.4,3.0,7.2,6.9,7.6,57.4,15.7,9.8,-0.113,0.125,GOOG,,126,13.3,16.0,,False
494,BDX,"Becton, Dickinson and Company",Healthcare,Medical Instruments & Supplies,Core,51.1,187.62,178.24,17.0,7.7,10.0,0.0,ok,-1.5,ok,2.63,,False,33.2,14.1,8.8,5.4,46.9,6.6,85.4,19.6,-8.7,0.014,0.234,AVGO,,126,7.7,16.0,,False
495,IRM,Iron Mountain Incorporated (De,Real Estate,REIT - Specialty,Core,36.6,122.94,124.68,13.0,15.2,10.0,0.0,ok,-5.0,ok,7.74,,False,33.2,45.0,-1.2,18.5,54.2,,51.1,13.8,1.8,0.312,0.294,AVGO,,126,15.2,16.0,,False
496,CRWV,"CoreWeave, Inc.",Technology,Software - Infrastructure,Growth,49.5,89.76,90.07,12.5,15.7,10.0,0.0,ok,-5.0,ok,12.16,,False,33.2,,-18.4,112.5,67.4,-43.6,62.2,-2.6,-10.0,0.493,0.508,NVDA,,126,15.7,17.0,,False
497,HLT,Hilton Worldwide Holdings Inc.,Consumer Cyclical,Lodging,Core,74.2,329.61,330.11,14.0,12.7,10.0,0.0,ok,-3.5,ok,4.21,,False,33.2,31.5,1.9,2.5,79.0,,56.6,6.4,-6.2,0.227,0.322,GOOG,,126,12.7,13.0,,False
498,LH,Labcorp Holdings Inc.,Healthcare,Diagnostics & Research,Core,27.0,332.81,316.17,14.5,10.1,10.0,0.0,ok,-1.5,ok,2.88,,False,33.1,16.8,3.3,5.8,28.9,11.7,79.4,22.7,7.4,0.016,0.148,MSFT,,126,10.1,15.0,,False
499,SOUN,"SoundHound AI, Inc.",Technology,Software - Application,Growth,3.1,6.97,6.71,11.5,13.6,10.0,-2.0,ok,0.0,neg_ebitda_low_debt,,,False,33.1,,-1.5,45.0,42.3,-32.2,61.5,-20.1,-21.5,0.61,0.484,BMNR,,126,13.6,16.0,,False
500,TSCO,Tractor Supply Company,Consumer Cyclical,Specialty Retail,Core,18.3,35.05,33.3,14.5,11.1,10.0,0.0,ok,-2.5,ok,3.27,,False,33.1,17.1,0.6,2.3,36.5,39.5,75.0,-18.2,-44.1,0.058,0.097,BMNR,,126,11.1,11.0,,False
501,CNP,"CenterPoint Energy, Inc (Holdi",Utilities,Utilities - Regulated Electric,Core,26.5,40.2,42.72,11.5,16.5,10.0,0.0,ok,-5.0,ok,6.28,,False,33.0,19.3,-19.6,10.7,47.0,9.8,24.4,-2.8,-17.1,-0.291,0.287,AVGO,,126,16.5,19.0,,False
502,EVRG,"Evergy, Inc.",Utilities,Utilities - Regulated Electric,Core,19.2,83.16,84.73,10.5,15.9,10.0,0.0,ok,-3.5,ok,5.8,,False,32.9,18.2,-7.5,4.4,52.7,9.3,51.1,3.9,-6.1,-0.267,0.28,AVGO,,126,15.9,19.0,,False
503,AWK,"American Water Works Company, ",Utilities,Utilities - Regulated Water,Core,27.3,137.21,132.55,13.0,13.3,10.0,0.0,ok,-3.5,ok,5.44,,False,32.8,20.9,-6.5,6.2,61.5,10.1,58.3,5.4,-3.8,-0.402,0.358,AVGO,,126,13.3,20.0,,False
504,TSLA,"Tesla, Inc.",Consumer Cyclical,Auto Manufacturers,Core,1363.1,345.13,366.23,11.0,13.8,10.0,-2.0,ok,0.0,ok,-2.55,,False,32.8,,0.4,25.5,18.9,4.7,70.4,-14.5,-26.8,0.537,0.473,BMNR,,126,13.8,11.0,,False
505,EXC,Exelon Corporation,Utilities,Utilities - Regulated Electric,Core,46.4,45.06,46.25,10.5,17.3,10.0,0.0,ok,-5.0,ok,6.09,,False,32.8,14.9,-5.8,9.9,42.4,9.7,41.5,-1.8,-15.5,-0.33,0.282,AVGO,,126,17.3,19.0,,False
506,CAG,"ConAgra Brands, Inc.",Consumer Defensive,Packaged Foods,Speculative,7.8,16.27,15.46,14.5,11.8,10.0,0.0,ok,-3.5,ok,4.17,,False,32.8,10.5,11.0,3.6,24.0,-25.1,79.7,4.4,-20.3,-0.157,0.324,AVGO,,126,11.8,16.0,,False
507,CMS,CMS Energy Corporation,Utilities,Utilities - Regulated Electric,Core,21.6,69.83,73.65,9.5,18.2,10.0,0.0,ok,-5.0,ok,6.32,,False,32.7,16.8,-10.2,-0.5,40.3,9.2,34.2,-4.7,-17.8,-0.332,0.306,MSFT,,126,18.2,19.0,,False
508,PNW,Pinnacle West Capital Corporat,Utilities,Utilities - Regulated Electric,Core,12.0,99.38,104.21,10.5,17.1,10.0,0.0,ok,-5.0,ok,7.68,,False,32.6,17.8,-7.7,7.1,43.4,9.4,39.8,2.2,-8.6,-0.283,0.279,AVGO,,126,17.1,19.0,,False
509,NBIS,Nebius Group N.V.,Communication Services,Internet Content & Information,Growth,55.9,220.11,222.95,13.5,14.0,10.0,0.0,ok,-5.0,ok,8.35,,False,32.5,,-17.2,454.0,74.3,0.6,56.3,48.0,114.2,0.406,0.466,NVDA,,126,14.0,15.0,,False
510,WBD,"Warner Bros. Discovery, Inc. -",Communication Services,Entertainment,Core,70.8,28.23,26.82,14.0,10.6,10.0,0.0,ok,-2.5,ok,3.67,,False,32.1,,22.8,-11.2,47.8,-8.8,76.3,4.7,-12.4,0.097,0.281,NVDA,,126,10.6,14.0,,False
511,D,"Dominion Energy, Inc.",Utilities,Utilities - Regulated Electric,Core,59.3,67.47,69.14,11.5,15.3,10.0,0.0,ok,-5.0,ok,6.43,,False,31.8,17.7,-15.5,17.6,46.2,8.3,38.2,6.3,-7.2,-0.15,0.183,MSFT,,126,15.3,19.0,,False
512,SW,Smurfit WestRock plc,Consumer Cyclical,Packaging & Containers,Core,25.3,48.19,45.94,13.0,10.2,10.0,0.0,ok,-1.5,ok,2.95,,False,31.7,14.3,4.8,1.1,18.2,2.7,57.9,16.6,-10.6,0.183,0.236,NVDA,,126,10.2,11.0,,False
513,EL,"Estee Lauder Companies, Inc. (",Consumer Defensive,Household & Personal Products,Core,34.8,96.15,91.34,14.0,10.2,10.0,0.0,ok,-2.5,ok,3.5,,False,31.7,24.7,,6.3,75.5,4.7,71.7,5.2,-26.2,0.242,0.31,BMNR,,126,10.2,18.0,,False
514,DTE,DTE Energy Company,Utilities,Utilities - Regulated Electric,Core,28.7,138.15,146.18,9.5,17.2,10.0,0.0,ok,-5.0,ok,7.69,,False,31.7,16.5,-9.0,-1.5,29.3,11.0,35.8,-1.9,-14.6,-0.238,0.236,MSFT,,126,17.2,18.0,,False
515,OKLO,Oklo Inc.,Utilities,Utilities - Independent Power ,Speculative,7.7,41.66,47.64,8.0,15.3,10.0,-2.0,ok,0.0,neg_ebitda_low_debt,,,False,31.3,,-3.1,,,-7.7,54.8,-39.3,-45.3,0.555,0.556,BMNR,,126,15.3,19.0,,False
516,APD,"Air Products and Chemicals, In",Basic Materials,Specialty Chemicals,Cyclical,66.9,300.33,294.59,11.0,12.8,10.0,0.0,ok,-2.5,ok,3.71,,False,31.3,20.8,-2.2,4.6,32.1,0.0,56.5,7.9,-3.1,-0.021,0.104,GOOG,,126,12.8,11.0,,False
517,CIFR,Cipher Digital Inc.,Technology,Information Technology Service,Speculative,7.1,17.21,21.6,5.5,20.6,10.0,0.0,ok,-5.0,ok,49.49,,False,31.1,74.8,-40.6,-43.0,,-167.5,36.0,-7.3,6.9,0.441,0.434,AVGO,,126,20.6,15.0,,False
518,MRNA,"Moderna, Inc.",Healthcare,Biotechnology,Core,53.2,133.32,126.65,9.0,11.9,10.0,0.0,ok,0.0,neg_ebitda_low_debt,,,False,30.9,,0.6,2.1,,-39.0,73.0,177.0,156.7,0.087,0.264,BMNR,,126,11.9,15.0,,False
519,DOW,Dow Inc.,Basic Materials,Chemicals,Cyclical,23.8,32.9,31.26,9.0,14.3,10.0,0.0,ok,-2.5,ok,3.84,,False,30.8,18.1,1.0,19.7,9.8,-5.5,64.9,6.6,-1.5,-0.162,0.197,GOOG,,126,14.3,11.0,,False
520,AI,"C3.ai, Inc.",Technology,Software - Infrastructure,Speculative,1.6,10.31,9.79,6.0,16.7,10.0,-2.0,ok,0.0,neg_ebitda_low_debt,,,False,30.7,,-1.7,-52.5,,-63.0,65.2,-5.4,-11.3,0.552,0.473,MSFT,,126,16.7,15.0,,False
521,APLD,Applied Digital Corporation,Technology,Information Technology Service,Growth,8.1,28.65,33.11,9.5,17.1,10.0,-2.0,ok,-4.0,neg_ebitda_debt,,,False,30.6,,,406.6,25.9,-8.4,54.7,-11.4,-11.9,0.521,0.466,NVDA,,126,17.1,15.0,fcf_yield_out_of_range(-60.9),False
522,SRE,DBA Sempra,Utilities,Utilities - Diversified,Core,57.1,87.38,90.48,9.5,15.8,10.0,0.0,ok,-5.0,ok,6.23,,False,30.3,15.8,-48.4,-0.1,44.0,6.7,45.3,-4.1,-16.5,-0.175,0.212,MSFT,,126,15.8,19.0,,False
523,XEL,Xcel Energy Inc.,Utilities,Utilities - Regulated Electric,Core,49.2,78.71,79.35,9.5,15.2,10.0,0.0,ok,-5.0,ok,6.47,,False,29.7,17.3,-16.1,-5.1,46.8,9.9,53.7,0.3,-13.4,-0.202,0.238,MSFT,,126,15.2,19.0,,False
524,BBAI,"BigBear.ai, Inc.",Technology,Information Technology Service,Speculative,1.5,3.07,3.3,7.5,13.6,10.0,-2.0,ok,0.0,neg_ebitda_low_debt,,,False,29.1,,-14.2,13.2,27.9,-16.6,59.9,-31.1,-31.1,0.613,0.486,BMNR,,126,13.6,15.0,,False
525,CRL,Charles River Laboratories Int,Healthcare,Diagnostics & Research,Core,13.9,291.45,276.88,11.0,10.5,10.0,0.0,ok,-2.5,ok,3.35,,False,29.0,23.0,3.4,-2.7,34.6,-7.5,84.4,50.7,61.9,0.166,0.169,BMNR,,126,10.5,15.0,,False
526,SATS,EchoStar Corporation,Communication Services,Telecom Services,Core,30.1,97.39,122.33,7.5,16.4,10.0,0.0,ok,-5.0,ok,17.47,,False,28.9,,-1.5,-5.2,27.1,-112.3,34.2,-5.9,-19.5,0.329,0.362,BMNR,,88,16.4,15.0,,False
527,AES,The AES Corporation,Utilities,Utilities - Diversified,Core,10.5,14.77,14.72,10.0,13.8,10.0,0.0,ok,-5.0,ok,7.64,,False,28.8,6.2,-29.3,19.9,20.3,9.6,63.6,2.6,-20.0,-0.027,0.109,BMNR,,126,13.8,18.0,,False
528,IFF,International Flavors & Fragra,Basic Materials,Specialty Chemicals,Cyclical,21.3,83.39,79.28,8.0,12.2,10.0,0.0,ok,-1.5,ok,2.99,,False,28.7,21.1,-8.1,1.8,36.6,-5.5,59.6,14.0,-7.5,0.136,0.229,GOOG,,126,12.2,11.0,,False
529,WY,Weyerhaeuser Company,Real Estate,REIT - Specialty,Core,17.7,24.62,24.35,8.0,15.6,10.0,0.0,ok,-5.0,ok,7.15,,False,28.6,36.2,0.1,-0.9,14.5,5.0,45.4,2.2,-12.4,-0.031,0.162,GOOG,,126,15.6,15.0,,False
530,MOS,Mosaic Company (The),Basic Materials,Agricultural Inputs,Cyclical,7.4,23.35,22.18,5.5,15.4,10.0,0.0,ok,-2.5,ok,3.37,,False,28.4,13.9,-10.1,-6.0,11.2,-5.1,58.4,-4.6,-30.6,0.16,0.181,AVGO,,126,15.4,11.0,,False
531,DE,Deere & Company,Industrials,Farm & Heavy Construction Mach,Core,167.7,620.94,603.51,10.0,10.9,10.0,0.0,ok,-3.5,ok,4.6,,False,27.4,27.8,0.7,-11.1,26.0,18.3,60.1,11.5,-16.6,0.003,0.266,MSFT,,126,10.9,14.0,,False
532,PCG,Pacific Gas & Electric Co.,Utilities,Utilities - Regulated Electric,Core,39.6,17.96,17.26,10.5,11.8,10.0,0.0,ok,-5.0,ok,6.1,,False,27.3,10.0,-15.5,0.1,39.8,9.3,58.7,7.2,-12.5,-0.09,0.131,MSFT,,126,11.8,18.0,,False
533,BG,Bunge Limited,Consumer Defensive,Farm Products,Growth,22.4,116.57,114.04,9.5,11.1,10.0,0.0,ok,-3.5,ok,5.21,,False,27.1,10.3,-28.9,88.3,4.9,7.2,79.7,3.3,-15.0,-0.076,0.112,GOOG,,126,11.1,16.0,,False
534,F,Ford Motor Company,Consumer Cyclical,Auto Manufacturers,Core,55.8,13.99,14.16,4.5,16.2,10.0,0.0,ok,-5.0,ok,18.47,,False,25.7,7.3,-14.2,-3.8,7.1,-18.3,39.6,5.3,-9.5,0.24,0.252,GOOG,,126,16.2,11.0,,False
